Index,Wavelength,LHC reference intensity,RHC reference intensity,LHC intensity,RHC intensity,Reference delta absorbance,Delta absorbance,Ellipticity,g-factor,Average absorbace,Weak signal flag
1,171.0036843215852,87.23025079297872,87.23025079297872,60.23025079297872,58.23025079297872,0.0,-0.014666010951602927,-483.71586839934025,-0.0872014226656422,0.1681854550451206,True
2,171.23380252856805,88.262639833099,88.262639833099,55.262639833099,54.262639833099,0.0,-0.007930708815410087,-261.57144668224277,-0.038255194284420015,0.20731064013024716,True
3,171.46397004958132,93.29501786862215,92.29501786862215,56.29501786862215,56.29501786862215,-0.004680193989904907,0.004680193989904907,154.36263531882835,0.021562905422999674,0.21704839390116998,True
4,171.69418686025367,100.32738489063036,99.32738489063036,63.327384890630356,62.327384890630356,-0.004350490740402907,-0.002562158125238698,-84.50536049755277,-0.012740145432467731,0.2011090170689217,True
5,171.92445293621375,92.35974089021852,91.35974089021852,54.35974089021852,54.35974089021852,-0.004727846679480841,0.004727846679480841,155.93432118459322,0.02075060364373908,0.22784140455149304,True
6,172.15476825309023,102.39208585849406,102.39208585849406,65.39208585849406,65.39208585849406,0.0,0.0,0.0,0.0,0.19474119963782188,True
7,172.3851327865117,91.42441978657826,91.42441978657826,54.424419786578255,54.424419786578255,0.0,0.0,0.0,0.0,0.22526840505750637,True
8,172.61554651210685,96.456742665604,96.456742665604,61.456742665604,59.456742665604,0.0,-0.014368425303904996,-473.90086822823696,-0.07079881173177806,0.20294726637983565,True
9,172.8460094055043,87.48905448671826,87.48905448671826,51.48905448671826,49.48905448671826,0.0,-0.0172057603082312,-567.4821406060196,-0.07203834710251891,0.23884168641106399,True
10,173.07652144233273,96.5213552410803,94.5213552410803,57.5213552410803,60.5213552410803,-0.009093471248502858,0.03117300600718681,1028.1512622037258,0.14900499048860863,0.2092077983761891,True
11,173.30708259822075,100.55364491986234,99.55364491986234,62.553644919862336,63.553644919862336,-0.0043406524324639114,0.011228495090243141,370.3393698066933,0.05599382593771141,0.2005309496574485,True
12,173.537692848797,102.58592351424977,100.58592351424977,62.58592351424977,63.58592351424977,-0.008550564796815024,0.015434883067844504,509.07488692340485,0.07460297540010516,0.2068936659036088,True
13,173.76835216969016,99.61819101544029,99.61819101544029,61.61819101544029,60.61819101544029,0.0,-0.007105972276014692,-234.3699020583648,-0.033489876932372604,0.21218269300792164,True
14,173.99906053652884,99.65044741464544,99.65044741464544,61.65044741464544,62.65044741464544,0.0,0.006987944090398394,230.47708440744475,0.034079378338114454,0.20504904816831887,True
15,174.22981792494173,96.68269270308883,97.68269270308883,59.68269270308883,58.68269270308883,0.0044688853733288484,-0.011807260753103163,-389.42827790405534,-0.054814502099354435,0.21540395882282803,True
16,174.46062431055742,107.71492687200725,106.71492687200725,68.71492687200725,70.71492687200725,-0.00405071983010386,0.0165107277802417,544.5585069095996,0.0883070940430822,0.18696943840306474,True
17,174.6914796690046,89.74714991265068,88.74714991265068,51.747149912650684,50.747149912650684,-0.004866250924125917,-0.003608527944317994,-119.01683654738366,-0.014976967259420205,0.24093849454390065,True
18,174.92238397591188,102.77936181628161,102.77936181628161,63.77936181628161,64.77936181628161,0.0,0.006756495849663022,222.84343493546112,0.03314485518647815,0.20384749945805816,True
19,175.15333720690793,95.81156257417592,95.81156257417592,56.81156257417592,57.81156257417592,0.0,0.0075779734716736515,249.93749361390945,0.033952680289812916,0.22319220182293914,True
20,175.38433933762138,103.84375217762181,104.84375217762181,64.84375217762181,64.84375217762181,0.004162183139435057,-0.004162183139435057,-137.27754863764608,-0.02014674536452097,0.20659332632281083,True
21,175.6153903436809,91.87593061792086,91.87593061792086,53.87593061792086,51.87593061792086,0.0,-0.0164288842257371,-541.8591344510133,-0.06844757867219776,0.24002140827240442,True
22,175.8464902007151,90.90809788638762,89.90809788638762,49.90809788638762,48.90809788638762,-0.004803761166775231,-0.003986484295128616,-131.48263144230867,-0.015190958984853285,0.262424794846954,True
23,176.07763888435264,81.94025397434916,80.94025397434916,41.94025397434916,39.94025397434916,-0.005332742930756004,-0.01588749097019102,-524.0028469017806,-0.05316920862247302,0.29880999514211043,True
24,176.3088363702222,92.97239887314595,91.97239887314595,51.97239887314595,50.97239887314595,-0.004696522633703845,-0.0037411673185099017,-123.39156190950891,-0.014702849311141318,0.25445185755083355,True
25,176.54008263395235,90.00453257413074,87.00453257413074,48.004532574130735,46.004532574130735,-0.01472250265553638,-0.003759120174318127,-123.98368483006175,-0.013676406113667836,0.27486169561470997,True
26,176.7713776511718,98.03665506867014,96.03665506867014,57.03665506867014,56.03665506867014,-0.008951459770259096,0.0012696150551704212,41.8745731863452,0.005411837431909313,0.2345996292653782,True
27,177.00272139750916,99.06876634814284,97.06876634814284,58.068766348142844,57.068766348142844,-0.008857244794083435,0.0013131296407974972,43.309775685790896,0.00567624845622239,0.23133759047457209,True
28,177.2341138485931,91.1008664039407,91.1008664039407,50.1008664039407,50.1008664039407,0.0,0.0,0.0,0.0,0.2596772710282085,True
29,177.46555498005225,90.13295522746898,93.13295522746898,50.13295522746898,51.13295522746898,0.014219773193981372,-0.005642185779098918,-186.0911465846786,-0.021904476928607114,0.2575813975146906,True
30,177.69704476751525,107.16503281014525,106.16503281014525,67.16503281014525,68.16503281014525,-0.004071602956176253,0.010490019804979534,345.982902660888,0.053069725183011056,0.19766486012137202,True
31,177.92858318661078,118.19709914340046,117.19709914340046,76.19709914340046,78.19709914340046,-0.0036899558076119547,0.014942160386456993,492.8238572130144,0.08156321295682135,0.18319729991959982,True
32,178.16017021296744,115.22915421867833,114.22915421867833,73.22915421867833,74.22915421867833,-0.0037854129964029937,0.009675906986121845,319.1317506708684,0.050384746432108586,0.19204040252856566,True
33,178.39180582221388,100.26119802743528,100.26119802743528,58.261198027435285,59.261198027435285,0.0,0.007391016153480305,243.77124828503756,0.031849869782860016,0.23205797084475915,True
34,178.62348998997876,94.29323056114094,94.29323056114094,52.293230561140945,54.293230561140945,0.0,0.016300211438051753,537.6152354494392,0.06575716792993685,0.24788493712836523,True
35,178.85522269189076,93.32525181127835,93.32525181127835,52.32525181127835,51.32525181127835,0.0,-0.008380238247024384,-276.3978722250796,-0.03280219618341628,0.25547796251706945,True
36,179.08700390357845,101.35726176934236,98.35726176934236,57.35726176934236,57.35726176934236,-0.013048439659828125,0.013048439659828125,430.36496714331923,0.054200873463301345,0.24074223948924073,True
37,179.31883360067053,101.3892604268417,99.3892604268417,55.3892604268417,55.3892604268417,-0.008652496200227736,0.008652496200227736,285.3775117942151,0.03350562068751528,0.25824014068934387,True
38,179.55071175879564,112.42124777529784,112.42124777529784,69.42124777529784,69.42124777529784,0.0,0.0,0.0,0.0,0.20935598586323398,True
39,179.7826383535824,107.4532238062452,109.4532238062452,64.4532238062452,65.4532238062452,0.008009107982657554,-0.0013227106790852233,-43.62577846737946,-0.005941131381705053,0.22263616037146394,True
40,180.01461336065947,104.48518851123094,107.48518851123094,62.485188511230945,62.485188511230945,0.012293891872063981,-0.012293891872063981,-405.4783950814565,-0.05358576321948829,0.22942459215721106,True
41,180.2466367556555,96.51714188181518,96.51714188181518,54.51714188181518,54.51714188181518,0.0,0.0,0.0,0.0,0.2480713734453914,True
42,180.47870851419913,93.54908390957144,93.54908390957144,49.549083909571436,50.549083909571436,0.0,0.008677659947887207,286.207465084953,0.031942493165834474,0.27166507958022473,True
43,180.710828611919,97.58101458608553,97.58101458608553,53.58101458608553,54.58101458608553,0.0,0.008030671390981315,264.86842254087503,0.03132831715152069,0.2563390606696377,True
44,180.94299702444374,103.61293390295714,103.61293390295714,60.61293390295714,59.61293390295714,0.0,-0.007224809529262724,-238.28940446039874,-0.03055390693995953,0.2364610700510399,True
45,181.17521372740205,110.64484185179776,112.64484185179776,66.64484185179776,66.64484185179776,0.007780137252438478,-0.007780137252438478,-256.60528004160636,-0.03472427615795419,0.2240546992843882,True
46,181.40747869642252,108.67673842423301,110.67673842423301,62.67673842423301,62.67673842423301,0.007919756247465746,-0.007919756247465746,-261.2102079696929,-0.032592919287106975,0.2429900855980895,True
47,181.63979190713383,111.7086236119003,111.7086236119003,66.7086236119003,65.7086236119003,0.0,-0.006559609829870151,-216.34972015820674,-0.028873488674952166,0.22718452569815822,True
48,181.8721533351646,106.74049740645114,105.74049740645114,60.74049740645114,59.74049740645114,-0.004087873259125937,-0.0031216365227834594,-102.95813404395855,-0.012668378033280504,0.2464116964762777,True
49,182.10456295614347,106.77235979954935,105.77235979954935,60.77235979954935,60.77235979954935,-0.004086647622023088,0.004086647622023088,134.78622850155068,0.016837614590523662,0.24270941706452198,True
50,182.33702074569914,107.80421078287168,106.80421078287168,60.80421078287168,59.80421078287168,-0.0040473493254150885,-0.0031545430236683833,-104.04345961094884,-0.01260408878108325,0.25027934017751885,True
51,182.56952667946018,111.8360503481083,109.8360503481083,63.8360503481083,64.8360503481083,-0.007836913447175095,0.014587455694493573,481.12495090068455,0.061753141013303744,0.23622208449851861,True
52,182.80208073305528,119.86787848696167,117.86787848696167,71.86787848696167,69.86787848696167,-0.00730735221974433,-0.004949916356095796,-163.2586458986166,-0.02203459448062236,0.22464295226530473,True
53,183.0346828821131,122.89969519114811,122.89969519114811,72.89969519114811,75.89969519114811,0.0,0.017514319351252278,577.6590664204039,0.08031588623689197,0.21806793365379468,True
54,183.26733310226223,126.931500452396,125.931500452396,76.931500452396,77.931500452396,-0.00343503592422946,0.009043871033632802,298.28587645007855,0.042470798922249656,0.21294327545354666,True
55,183.50003136913136,109.96329426244756,110.96329426244756,60.96329426244756,61.96329426244756,0.003931599639606283,0.003134472357106055,103.38148684019424,0.012310776343449728,0.25461207885348625,True
56,183.7327776583491,121.99507661305711,122.99507661305711,71.99507661305711,72.99507661305711,0.0035454232600330457,0.002445347268005406,80.65269289546718,0.010733830523925732,0.22781683226269706,True
57,183.96557194554416,119.0268474959928,119.0268474959928,70.0268474959928,69.0268474959928,0.0,-0.0062465361886415395,-206.02389340548024,-0.02675134581535464,0.23350362377118894,True
58,184.1984142063451,129.05860690303507,130.05860690303507,79.05860690303507,79.05860690303507,0.003352124944934285,-0.003352124944934285,-110.56012668153357,-0.015626611088443064,0.21451387802268965,True
59,184.4313044163806,118.09035482597778,118.09035482597778,67.09035482597778,68.09035482597778,0.0,0.006425508569369043,211.92677871279278,0.026514263258880573,0.2423415844759296,True
60,184.66424255127936,123.12209125662753,122.12209125662753,72.12209125662753,72.12209125662753,-0.0035417507923622984,0.0035417507923622984,116.81438571367873,0.0153657267180772,0.23049679701745324,True
61,184.89722858666994,115.15381618680385,115.15381618680385,65.15381618680385,64.15381618680385,0.0,-0.006717362806588427,-221.55274491917777,-0.02679473056742775,0.25069715814773663,True
62,185.13026249818105,127.18552960833972,127.18552960833972,74.18552960833972,74.18552960833972,0.0,0.0,0.0,0.0,0.2341185013031996,True
63,185.36334426144128,115.21723151308038,115.21723151308038,62.21723151308038,62.21723151308038,0.0,0.0,0.0,0.0,0.2676067532560386,True
64,185.59647385207933,120.24892189288494,120.24892189288494,68.24892189288494,67.24892189288494,0.0,-0.006410469051975479,-211.43074381684588,-0.025725160848636654,0.2491906305151523,True
65,185.8296512457238,119.28060073962456,120.28060073962456,65.28060073962456,65.28060073962456,0.0036257707987906464,-0.0036257707987906464,-119.58554213150238,-0.01375489603574871,0.2635985607864529,True
66,186.06287641800333,112.31226804518406,112.31226804518406,61.312268045184055,60.312268045184055,0.0,-0.007141721277780713,-235.54897927920717,-0.026803164372268817,0.26645067644213327,True
67,186.29614934454662,126.34392380146096,126.34392380146096,74.34392380146096,75.34392380146096,0.0,0.005802754864683031,191.38705253536367,0.025516989381561227,0.2274075039932472,True
68,186.52947000098226,126.375568000366,125.375568000366,72.375568000366,73.375568000366,-0.0034502070016498233,0.009409698071065288,310.3516210945875,0.03964210002950959,0.2373662864495248,True
69,186.76283836293894,129.40720063382264,128.40720063382264,74.40720063382264,76.40720063382264,-0.0033690643947084397,0.01488838721028679,491.05030483441624,0.06392629038395667,0.2328992832348562,True
70,186.99625440604527,133.4388216937673,130.4388216937673,77.4388216937673,79.4388216937673,-0.009875331360193227,0.020949388916954928,690.9548810402885,0.09275848225868957,0.22584876775506316,True
71,187.22971810592992,128.47043117215003,126.47043117215003,75.47043117215003,75.47043117215003,-0.006814182513547608,0.006814182513547608,224.74606236483336,0.02993675726503468,0.22761925926781618,True
72,187.4632294382215,122.50202906093273,122.50202906093273,68.50202906093273,68.50202906093273,0.0,0.0,0.0,0.0,0.25243984651075024,True
73,187.6967883785487,129.5336153520916,130.5336153520916,74.5336153520916,74.5336153520916,0.003339879623670822,-0.003339879623670822,-110.15625024721675,-0.013818271904776067,0.2417002391244339,True
74,187.93039490254014,129.56519003761468,125.56519003761468,72.56519003761468,72.56519003761468,-0.013619078099458495,0.013619078099458495,449.18582233555406,0.055599316200469276,0.2449504603681357,True
75,188.16404898582445,140.59675310950388,138.59675310950388,81.59675310950388,83.59675310950388,-0.006222235132997705,0.016738767248723738,552.0797279076008,0.07343721638535418,0.22793303004417803,True
76,188.3977506040303,130.6283045597736,131.6283045597736,74.6283045597736,75.6283045597736,0.0033119972699749076,0.00246879196323869,81.42594822382807,0.010205865706102692,0.24189931891446043,True
77,188.63149973278635,130.65984438045166,131.65984438045166,74.65984438045166,74.65984438045166,0.003311200830998866,-0.003311200830998866,-109.21036338351958,-0.013531085553198636,0.24471065665652564,True
78,188.86529634772123,124.69137256357817,124.69137256357817,65.69137256357817,67.69137256357817,0.0,0.013024984118852959,429.59135409959384,0.04791846091882749,0.2718155773182472,True
79,189.09914042446354,126.7228891012071,125.7228891012071,66.7228891012071,68.7228891012071,-0.003440713143161496,0.016267279044359362,536.5290558832332,0.06014969335288532,0.2704465831425396,True
80,189.333031938642,124.75439398540493,122.75439398540493,63.75439398540493,65.75439398540493,-0.0070188042732200785,0.020433461855138526,673.9385220889155,0.07263190783214853,0.28132899802604683,True
81,189.5669708658852,120.78588720825132,117.78588720825132,58.785887208251324,60.785887208251324,-0.01092293611711904,0.02545261895634631,839.4808733018803,0.08483731027484381,0.30001680715582035,True
82,189.8009571818218,126.81736876183868,124.81736876183868,66.81736876183868,66.81736876183868,-0.006903714987602814,0.006903714987602814,227.69903155191977,0.02511926030518509,0.2748375112852251,True
83,190.03499086208046,126.84883863827281,124.84883863827281,65.84883863827281,66.84883863827281,-0.00690198856559775,0.01344773544406087,443.53458140691885,0.04837062478123149,0.27801450787294335,True
84,190.2690718822898,129.88029682967226,128.88029682967226,69.88029682967226,68.88029682967226,-0.003356744841523875,-0.002902986241726392,-95.74658818283129,-0.010726374439640883,0.27064002455461394,True
85,190.5032002180785,133.91174332816854,132.91174332816854,71.91174332816854,70.91174332816854,-0.003255309498619171,-0.00282634540422036,-93.21881226670655,-0.010412719218769257,0.2714320193255363,True
86,190.73737584507518,144.94317812590657,144.94317812590657,84.94317812590657,83.94317812590657,0.0,-0.005143098200367635,-169.6301891811972,-0.02191902558808884,0.2346408228640638,True
87,190.97159873890848,143.97460121504378,142.97460121504378,81.97460121504378,81.97460121504378,-0.0030269903967416185,0.0030269903967416185,99.83650586571429,0.012451981112514405,0.24309307646631856,True
88,191.20586887520705,144.00601258775077,144.00601258775077,80.00601258775077,81.00601258775077,0.0,0.005394628948642169,177.9262019642406,0.02135973362873767,0.252560684623153,True
89,191.44018622959956,137.0374122362116,136.0374122362116,70.0374122362116,73.0374122362116,-0.003180786980927701,0.021396073177095642,705.6874668475195,0.07619385126394311,0.2808110211279058,True
90,191.67455077771461,136.06880015262277,134.06880015262277,68.06880015262277,69.06880015262277,-0.006430832535476349,0.012764648770949277,421.00494711395675,0.043354038672106375,0.29442813546139,True
91,191.9089624951809,137.10017632919403,136.10017632919403,69.10017632919403,70.10017632919403,-0.0031793254821303133,0.009419280265336932,310.66766200295547,0.03216426645113422,0.29284921761381494,True
92,192.14342135762703,153.13154075814782,153.13154075814782,84.13154075814782,85.13154075814782,0.0,0.005131651048695358,169.25263805770993,0.019925647911051742,0.2575399842255113,True
93,192.37792734068165,141.16289343172048,139.16289343172048,72.16289343172048,73.16289343172048,-0.006197101676456377,0.012174035928823256,401.5252941422285,0.0426680681200947,0.28531959531324186,True
94,192.61248041997345,157.19423434216037,156.19423434216037,87.19423434216037,88.19423434216037,-0.0027716141422433516,0.00772403993569643,254.75507262172266,0.030640395260943254,0.25208682426959816,True
95,192.84708057113102,155.22556348172952,155.22556348172952,84.22556348172952,84.22556348172952,0.0,0.0,0.0,0.0,0.265519319887542,True
96,193.08172776978301,167.25688084270269,166.25688084270269,95.25688084270269,95.25688084270269,-0.002604364996452909,0.002604364996452909,85.89743182691244,0.010709378171917827,0.24318545434151206,True
97,193.31642199155812,157.28818641736757,155.28818641736757,80.28818641736757,83.28818641736757,-0.00555768697141494,0.021489444485110896,708.7670488476437,0.0763934047461894,0.2812997346630609,True
98,193.55116321208493,155.31948019802553,153.31948019802553,79.31948019802553,81.31948019802553,-0.005628590251222634,0.016443324680239776,542.3354109936187,0.05797570412589697,0.28362440660543464,True
99,193.7859514069921,167.35076217698997,166.35076217698997,93.35076217698997,93.35076217698997,-0.002602899598741528,0.002602899598741528,85.84909993019899,0.010320432783008591,0.2522083766706861,True
100,194.0207865519083,178.38203234658795,177.38203234658795,102.38203234658795,102.38203234658795,-0.0024414811319054984,0.0024414811319054984,80.52517960046909,0.010176797640070866,0.23990662075191832,True
101,194.25566862246217,171.41329069915946,168.41329069915946,94.41329069915946,94.41329069915946,-0.007668130540604558,0.007668130540604558,252.9110632528635,0.030050207346713424,0.25517729219406593,True
102,194.49059759428232,173.4445372270577,174.4445372270577,95.44453722705771,96.44453722705771,0.0024967480150342065,0.002029808952750959,66.94736581779067,0.007855460602055555,0.25839464489451003,True
103,194.72557344299744,170.4757719226484,170.4757719226484,91.47577192264839,90.47577192264839,0.0,-0.00477378587203122,-157.44949231677094,-0.01750284167922007,0.27274347557510104,True
104,194.96059614423615,173.50699477831085,173.50699477831085,92.50699477831085,92.50699477831085,0.0,0.0,0.0,0.0,0.27314241516139515,True
105,195.19566567362713,169.53820578643717,168.53820578643717,86.53820578643717,87.53820578643717,-0.0025692165062412282,0.0075589707800261165,249.31074490067414,0.0262209145807894,0.28828021069730925,True
106,195.43078200679898,167.56940493943216,167.56940493943216,85.56940493943216,84.56940493943216,0.0,-0.005105237109739463,-168.38145083017673,-0.017339460399556732,0.2944288341216185,True
107,195.66594511938035,163.60059222971404,164.60059222971404,81.60059222971404,80.60059222971404,0.0026465219897058023,-0.008001599832229856,-263.9095814263013,-0.02614112882460213,0.30609236065962586,True
108,195.9011549869999,175.63176764971445,175.63176764971445,95.63176764971445,92.63176764971445,0.0,-0.013842231740138967,-456.545898462896,-0.051093050734706554,0.2709220048732811,True
109,196.13641158528628,167.66293119187708,165.66293119187708,85.66293119187708,83.66293119187708,-0.005211713134736975,-0.005048141420159007,-166.49831497555294,-0.017160731573053173,0.29416819432604535,True
110,196.37171488986812,178.69408284865926,178.69408284865926,96.69408284865926,93.69408284865926,0.0,-0.0136877340965081,-451.4502414296937,-0.05003665481016187,0.27355414042843407,True
111,196.6070648763741,172.72522261253175,170.72522261253175,88.72522261253175,88.72522261253175,-0.005058073408400229,0.005058073408400229,166.82589282428688,0.01763749212734902,0.2867796267110496,True
112,196.8424615204328,185.75635047597734,184.75635047597734,100.75635047597734,99.75635047597734,-0.0023442950015855096,-0.00198758103949954,-65.5546004778146,-0.00745347458573985,0.2666650320780892,True
113,197.07790479767291,181.78746643149248,179.78746643149248,95.78746643149248,96.78746643149248,-0.004804524558793397,0.009314959838130247,307.22695503740147,0.0340461832571096,0.2735977706454093,True
114,197.3133946837231,171.818570471587,169.818570471587,86.81857047158701,85.81857047158701,-0.00508492070945912,5.3566078300309496e-05,1.7667218555396573,0.00018070355234371544,0.2964306877510725,True
115,197.54893115421194,166.84966258878285,164.84966258878285,80.84966258878285,80.84966258878285,-0.005237270166789189,0.005237270166789189,172.73617857850476,0.016784589882426544,0.3120284858596758,True
116,197.78451418476814,168.880742775616,167.880742775616,82.880742775616,82.880742775616,-0.002579248382228115,0.002579248382228115,85.06903309592215,0.008378620690069248,0.3078368716804625,True
117,198.02014375102033,179.91181102463452,178.91181102463452,94.91181102463452,94.91181102463452,-0.002420663409933015,0.002420663409933015,79.83856737201475,0.008753738960971752,0.27652908325521935,True
118,198.25581982859714,194.94286732840033,192.94286732840033,107.94286732840033,107.94286732840033,-0.0044786213245101725,0.0044786213245101725,147.71434511853178,0.017599518075231455,0.25447408874298244,True
119,198.49154239312722,183.97391167948786,182.97391167948786,95.97391167948786,95.97391167948786,-0.0023670698087065807,0.0023670698087065807,78.07093775251967,0.00841117872616604,0.28141951155346945,True
120,198.72731142023923,185.00494407048473,185.00494407048473,98.00494407048473,97.00494407048473,0.0,-0.004454115561148783,-146.90609353299428,-0.016012643854735824,0.27816240725490526,True
121,198.9631268855618,183.03596449399197,183.03596449399197,97.03596449399197,96.03596449399197,0.0,-0.004498824534000355,-148.38068943364559,-0.01619137685332102,0.27785311741895496,True
122,199.19898876472357,182.0669729426229,181.0669729426229,96.0669729426229,95.0669729426229,-0.002391930496417942,-0.002152510237249581,-70.99431209246795,-0.00772247190962766,0.2787333204237404,True
123,199.4348970333532,181.0979694090047,178.0979694090047,92.09796940900469,91.09796940900469,-0.007254612876631496,0.0025132545441478053,82.89241760031368,0.008595058996542296,0.29240689856333296,True
124,199.67085166707932,179.12895388577704,177.12895388577704,88.12895388577704,88.12895388577704,-0.004876231908654056,0.004876231908654056,160.8283779409951,0.015955783278232615,0.30560905871079147,True
125,199.9068526415306,187.1599263655928,185.1599263655928,98.15992636559281,95.15992636559281,-0.004665866254958819,-0.008814260369405138,-290.7128341138123,-0.030961365966387384,0.2846857719059996,True
126,200.14289993233567,191.19088684111807,189.19088684111807,99.19088684111807,99.19088684111807,-0.004566974698350704,0.004566974698350704,150.62842510212903,0.016154163514097507,0.2827119271366277,True
127,200.37899351512317,188.22183530503185,189.22183530503185,97.22183530503185,99.22183530503185,0.0023012466859374716,0.006542194018803895,215.77531010208497,0.023065531074811074,0.28363509158253714,True
128,200.61513336552173,196.2527717500259,194.2527717500259,104.25277175002589,105.25277175002589,-0.004448574791698481,0.008594505948030873,283.4648713841766,0.03178077951826132,0.2704309358772162,True
129,200.85131945916004,192.2836961688056,190.2836961688056,101.28369616880559,103.28369616880559,-0.004540882962113116,0.013033112637587527,429.8594497331964,0.04793588196897228,0.2718863636643536,True
130,201.0875517716667,189.3146085540891,188.3146085540891,98.31460855408909,99.31460855408909,-0.0023001159729491593,0.006695196769071973,220.82166240999194,0.02380781265621658,0.2812184750338144,True
131,201.32383027867039,184.34550889860748,181.34550889860748,91.34550889860748,89.34550889860748,-0.00712575705402946,-0.002488715746367578,-82.08307647020627,-0.008128018627623601,0.30618971983030585,True
132,201.56015495579976,191.3763971951048,190.3763971951048,99.3763971951048,96.3763971951048,-0.002275270707278637,-0.011037289827660089,-364.0330183428839,-0.03804338323320721,0.29012377158995384,True
133,201.7965257786834,193.40727343633898,193.40727343633898,100.40727343633898,99.40727343633898,0.0,-0.004347011912764066,-143.37359008279822,-0.015152658679813873,0.2868811345005141,True
134,202.03294272295,193.43813761507977,194.43813761507977,100.43813761507977,99.43813761507977,0.002239350390143631,-0.006585019780471896,-217.18779373948718,-0.022869737279463814,0.287935960960295,True
135,202.2694057642282,193.46898972411077,191.46898972411077,96.46898972411077,97.46898972411077,-0.004512918059909981,0.008991652262529293,296.5635916178611,0.03020091520433486,0.2977278073095839,True
136,202.50591487814663,197.49982975622856,195.49982975622856,102.49982975622856,101.49982975622856,-0.004420342060357769,0.00016251181114291992,5.359981123125721,0.0005706928077016864,0.28476232563258164,True
137,202.74247004033396,197.53065770424269,197.53065770424269,102.53065770424269,101.53065770424269,0.0,-0.004256543750878461,-140.3897599442966,-0.014835864964894276,0.28690903839786963,True
138,202.97907122641882,207.56147356097563,206.56147356097563,109.56147356097563,108.56147356097563,-0.0020974221739943474,-0.0018847129509934639,-62.161794695349386,-0.006769042766832141,0.27843123701750444,True
139,203.21571841202984,200.59227731926285,199.59227731926285,103.59227731926285,103.59227731926285,-0.0021704755009586147,0.0021704755009586147,71.58684425167029,0.007591687390158914,0.2859015907019824,True
140,203.4524115727957,197.62306897195344,198.62306897195344,102.62306897195344,102.62306897195344,0.0021920486400935674,-0.0021920486400935674,-72.29837172599164,-0.007672858272357503,0.28568866546000404,True
141,203.689150684345,202.65384851190902,202.65384851190902,107.65384851190902,105.65384851190902,0.0,-0.008144238865524898,-268.61411656442715,-0.029212031478803396,0.2787974150799631,True
142,203.92593572230646,203.68461593200436,202.68461593200436,106.68461593200436,105.68461593200436,-0.0021374421314065088,-0.0019525824728924557,-64.40027418589078,-0.006928161008501789,0.28183272162647105,True
143,204.16276666230863,215.71537122512723,213.71537122512723,119.71537122512723,117.71537122512723,-0.004045333312819594,-0.0032714067136810927,-107.89786974915143,-0.012711063365952107,0.2573668795046599,True
144,204.39964347998023,208.74611438417855,207.74611438417855,111.74611438417855,109.74611438417855,-0.0020854906115989258,-0.005757787471191429,-189.90393337881704,-0.02099352941422774,0.2742648631196458,True
145,204.63656615094988,216.7768454020727,213.7768454020727,117.7768454020727,115.7768454020727,-0.006052227905986466,-0.0013859777862124875,-45.712460644705516,-0.005217386967882068,0.26564596315061284,True
146,204.87353465084618,222.80756427173628,221.80756427173628,125.80756427173628,123.80756427173628,-0.001953578213308029,-0.005005996365955943,-165.10828250115713,-0.019965990253739692,0.2507261749773871,True
147,205.11054895529784,214.83827098610982,213.83827098610982,115.83827098610982,115.83827098610982,-0.0020262142998790666,0.0020262142998790666,66.8288066102966,0.007581818624237849,0.26724647479716634,True
148,205.3476090399335,211.86896553814609,212.86896553814609,113.86896553814609,112.86896553814609,0.0020450035308168402,-0.005875834091527747,-193.79735904555216,-0.021554792763167237,0.27259988792693723,True
149,205.58471488038177,210.8996479208115,210.8996479208115,109.8996479208115,109.8996479208115,0.0,0.0,0.0,0.0,0.2830795536206175,True
150,205.8218664522713,200.93031812708546,200.93031812708546,100.93031812708546,98.93031812708546,0.0,-0.008692236502255639,-286.6882304872062,-0.02865226618643745,0.3033699479718679,True
151,206.05906373123076,200.9609761499603,197.9609761499603,99.96097614996029,96.96097614996029,-0.006532144948699123,-0.006701364463830866,-221.0250859473236,-0.021854751282949166,0.3066319253451855,True
152,206.2963066928888,207.99162198244153,204.99162198244153,105.99162198244153,104.99162198244153,-0.006309729911305728,0.0021928367788483184,72.32436619875122,0.007518008360304106,0.29167788512004494,True
153,206.53359531287404,217.02225561754744,214.02225561754744,115.02225561754744,113.02225561754744,-0.006045336151148612,-0.0015725734385242914,-51.866777472600745,-0.0056872480096544125,0.27650867974365856,True
154,206.7709295668151,227.05287704830948,225.05287704830948,125.05287704830948,123.05287704830948,-0.0038424400572459583,-0.0031594755704356194,-104.20614537129684,-0.012123243475296253,0.2606130592752458,True
155,207.00830943034072,220.08348626777274,219.08348626777274,117.08348626777274,117.08348626777274,-0.0019778137230575124,0.0019778137230575124,65.2324538511499,0.0072420091094712235,0.27310290461674425,True
156,207.24573487907944,224.1140832689946,221.1140832689946,121.11408326899459,121.11408326899459,-0.00585274365869002,0.00585274365869002,193.03578803563843,0.022140287709400536,0.26434813022800085,True
157,207.48320588865994,221.14466804504582,219.14466804504582,118.14466804504582,118.14466804504582,-0.003945564277127151,0.003945564277127151,130.1330032368059,0.014597545744609617,0.27028956416075045,True
158,207.7207224347109,229.1752405890104,225.1752405890104,123.1752405890104,123.1752405890104,-0.007647060507312411,0.007647060507312411,252.21612926674092,0.028767733929223636,0.2658207464698553,True
159,207.9582844928609,223.20580089398504,220.20580089398504,116.20580089398504,116.20580089398504,-0.005876721857679728,0.005876721857679728,193.82663943928418,0.020947944501293572,0.28053930815583505,True
160,208.19589203873866,221.23634895307987,217.23634895307987,114.23634895307987,115.23634895307987,-0.007923987643587222,0.011709163266340313,386.19281659464605,0.0416403405307038,0.28119758669376105,True
161,208.43354504797279,219.26688475941796,216.26688475941796,112.26688475941796,112.26688475941796,-0.005983021951365754,0.005983021951365754,197.33263996648597,0.020793885888981886,0.2877298636391957,True
162,208.67124349619192,217.29740830613514,216.29740830613514,111.29740830613514,109.29740830613514,-0.0020032308287553056,-0.005871956607868283,-193.6694714841879,-0.020006293370022205,0.2935054734660109,True
163,208.9089873590247,212.32791958638063,209.32791958638063,105.32791958638063,103.32791958638063,-0.006179947291276303,-0.0021458735374036714,-70.77541978154142,-0.00702329604135529,0.3055365350923725,True
164,209.1467766120998,231.35841859331708,228.35841859331708,124.35841859331708,124.35841859331708,-0.005668280277924337,0.005668280277924337,186.95179800526154,0.021247341523946545,0.2667759762573578,True
165,209.38461123104585,229.3889053201192,226.3889053201192,120.38890532011919,122.38890532011919,-0.005717269386468613,0.012872854248792712,424.57379121569136,0.0470585889698185,0.27354951626468965,True
166,209.6224911914915,222.41937975997575,222.41937975997575,116.41937975997575,116.41937975997575,0.0,0.0,0.0,0.0,0.2811473441463716,True
167,209.86041646906537,219.44984190608807,220.44984190608807,112.44984190608807,111.44984190608807,0.00197451940058351,-0.005853911834463735,-193.07431692810212,-0.019958555723966164,0.2933033790333024,True
168,210.09838703939613,224.48029175167085,223.48029175167085,116.48029175167085,115.48029175167085,-0.0019389884704635644,-0.001805588870086004,-59.55211619219317,-0.0063170344222810955,0.2858285628011509,True
169,210.3364028781124,228.5107292899513,226.5107292899513,120.51072928995131,120.51072928995131,-0.0038178179998582,0.0038178179998582,125.91966249624281,0.01383407873813927,0.27597197270049,True
170,210.57446396084288,243.54115451417033,240.54115451417033,134.54115451417033,133.54115451417033,-0.0053829693897122005,0.002142945847642639,70.67885841936632,0.008349820529884706,0.25664573747098596,True
171,210.81257026321617,232.57156741758172,228.57156741758172,121.57156741758172,120.57156741758172,-0.007534413359935742,0.003947304014789333,130.19038344174552,0.014110064649856606,0.27975095173142583,True
172,211.0507217608609,245.60196799345226,241.60196799345226,133.60196799345226,131.60196799345226,-0.007131374904560361,0.000580903266002587,19.159410742137993,0.0021993203619826546,0.26412853536212944,True
173,211.28891842940578,227.6323562350617,225.6323562350617,116.6323562350617,114.6323562350617,-0.003832615145151169,-0.003679214993650928,-121.34824401499715,-0.012589076782499369,0.2922545518798938,True
174,211.52716024447938,229.66273213570298,228.66273213570298,117.66273213570298,117.66273213570298,-0.0018951387383535994,0.0018951387383535994,62.50565907696594,0.0065461566943528894,0.28950402913337847,True
175,211.7654471817104,231.69309568868198,229.69309568868198,120.69309568868198,118.69309568868198,-0.003765151278530879,-0.00349181846664853,-115.16751265640782,-0.012253001741656295,0.28497657474229043,True
176,212.00377921672748,236.72344688731823,233.72344688731823,124.72344688731823,123.72344688731823,-0.005538993344363125,0.002042899506244538,67.37911978769226,0.007367861010426378,0.27727172151505003,True
177,212.24215632515921,224.75378572494355,222.75378572494355,113.75378572494355,110.75378572494355,-0.003881922015528523,-0.007725356906735051,-254.79850909478301,-0.0257852403679395,0.29960383523670775,True
178,212.48057848263431,239.7841121949034,237.7841121949034,126.7841121949034,124.7841121949034,-0.003637570497270841,-0.003267969868188379,-107.78451536072588,-0.011738837933089259,0.2783895549811345,True
179,212.71904566478136,237.81442629055596,233.81442629055596,123.81442629055596,120.81442629055596,-0.007366892727283169,-0.0032855610011785323,-108.36470790241557,-0.011523847448453297,0.2851097271006926,True
180,212.95755784722905,245.8447280052726,243.8447280052726,131.8447280052726,130.8447280052726,-0.003547529083167786,0.00024098921374721962,7.948330816558553,0.0008909764852408139,0.27047763632289895,True
181,213.19611500560603,233.87501733243766,231.87501733243766,118.87501733243766,118.87501733243766,-0.0037298732713345224,0.0037298732713345224,123.01906049414725,0.012772300615016271,0.29202830279059877,True
182,213.4347171155409,242.9052942654489,238.9052942654489,127.9052942654489,126.9052942654489,-0.0072112065670991805,0.0038024258407272347,125.41199673456127,0.013744672643267144,0.2766472464944344,True
183,213.67336415266234,243.93555879771702,240.93555879771702,127.93555879771702,126.93555879771702,-0.005374211926801744,0.001966240756366727,64.85075308389538,0.007039869941990962,0.279300721827064,True
184,213.91205609259902,244.96581092266524,243.96581092266524,130.96581092266524,128.96581092266524,-0.001776506440058289,-0.004906836657605994,-161.83778689106907,-0.017881995393094364,0.27440095748491844,True
185,214.1507929109795,244.99605063373087,242.99605063373087,127.99605063373087,126.99605063373087,-0.003559868386636506,0.00015351418038516036,5.063220348168699,0.000544597151927504,0.2818857569155925,True
186,214.38957458343248,249.02627792436328,248.02627792436328,133.02627792436328,133.02627792436328,-0.0017474814795399051,0.0017474814795399051,57.63561231317801,0.006437960973211509,0.2714339970079366,True
187,214.62840108558663,248.0564927880257,246.0564927880257,131.0564927880257,131.0564927880257,-0.003515769602201481,0.003515769602201481,115.95747145102337,0.012769100067154182,0.27533417262858306,True
188,214.86727239307055,253.08669521819388,252.08669521819388,134.08669521819388,134.08669521819388,-0.001719390044631494,0.001719390044631494,56.709097743118946,0.006251783351941771,0.2750239328266966,True
189,215.1061884815129,253.1168852083572,252.1168852083572,135.1168852083572,134.1168852083572,-0.0017191845615179599,-0.0015069818912773257,-49.703430374270965,-0.0055127100497794936,0.27336498340550386,True
190,215.34514932654236,246.1470627520173,243.1470627520173,129.1470627520173,127.14706275201729,-0.005325630145262684,-0.0014525712176717545,-47.90885199026707,-0.005172303752348948,0.2808364100836275,True
191,215.5841549037875,242.17722784268994,240.17722784268994,125.17722784268994,123.17722784268994,-0.003601475766317685,-0.0033934278556191984,-111.92238349255754,-0.011770283302801419,0.28830468802832776,True
192,215.823205188877,259.20738047390296,259.20738047390296,142.20738047390296,140.20738047390296,0.0,-0.0061512612281144005,-202.88152494413248,-0.023317821231189896,0.2638008571695575,True
193,216.06230015743955,250.23752063919778,249.23752063919778,132.23752063919778,129.23752063919778,-0.0017390060615250478,-0.008227074170160008,-271.3461990269264,-0.029266255463700677,0.28111126756083155,True
194,216.30143978510375,245.26764833212928,243.26764833212928,124.26764833212928,124.26764833212928,-0.00355591017573141,0.00355591017573141,117.28139193950184,0.012115362525386508,0.29350423219118393,True
195,216.54062404749823,239.29776354626438,234.29776354626438,115.29776354626438,114.29776354626438,-0.00917049663351677,0.005387346032459257,177.68599608020557,0.017134012042383667,0.31442408346234446,True
196,216.77985292025167,258.32786627518385,255.32786627518385,135.32786627518385,134.32786627518385,-0.0050730408629604505,0.0018519228196983099,61.080307242032674,0.006617364576169739,0.2798580610727419,True
197,217.01912637899272,244.35795651248168,242.35795651248168,123.35795651248168,121.35795651248168,-0.0035692026063175054,-0.0035297088833727607,-116.41721824371827,-0.011819903434842693,0.2986241725941593,True
198,217.25844439934997,258.38803425176434,256.38803425176434,137.38803425176434,135.38803425176434,-0.0033746453549109,-0.0029939817300465316,-98.74781065555739,-0.010854820278570767,0.2758204791245741,True
199,217.49780695695213,244.4180994866515,243.4180994866515,122.4180994866515,121.4180994866515,-0.0017804955479518148,-0.0017817066072290803,-58.76442896385958,-0.005915781221714166,0.3011785832595091,True
200,217.73721402742783,249.44815221077624,249.44815221077624,126.44815221077624,122.44815221077624,0.0,-0.013960251532224363,-460.4384392775242,-0.04621866320641878,0.3020479296399379,True
201,217.97666558640566,251.4781924177846,249.4781924177846,126.47819241778461,123.47819241778461,-0.003467741324184203,-0.00695764558646918,-229.47777606193188,-0.023041346139732802,0.3019635026649473,True
202,218.21616160951436,257.5082201013356,253.5082201013356,131.5082201013356,129.5082201013356,-0.00679905095571818,0.00014348579289628037,4.7324630496206055,0.0004917830367165458,0.29176645427683345,True
203,218.45570207238248,250.5382352551012,248.5382352551012,124.5382352551012,123.5382352551012,-0.0034808037036819827,-2.0510494546152353e-05,-0.676479222157397,-6.756172679578783e-05,0.30358156191222585,True
204,218.69528695063875,265.56823787276676,262.56823787276676,139.56823787276676,138.56823787276676,-0.004933942338486159,0.0018110412370050386,59.73194671378326,0.00650321430726114,0.27848401597082956,True
205,218.93491621991174,264.5982279480304,259.5982279480304,137.5982279480304,134.5982279480304,-0.008285207742644154,-0.0012882909280462727,-42.490542729533786,-0.004526382239642638,0.2846182358978115,True
206,219.17458985583013,255.62820547460365,251.62820547460365,128.62820547460365,125.62820547460365,-0.0068494508833858575,-0.003399603667210054,-112.12607474006856,-0.0113330562867043,0.2999723623713399,True
207,219.41430783402257,249.658170446211,245.658170446211,121.65817044621099,119.65817044621099,-0.007014570486155532,-0.00018435229616341718,-6.080326226699924,-0.0005903114210010435,0.3122966786764766,True
208,219.6540701301177,258.68812285658964,254.68812285658964,130.68812285658964,127.68812285658964,-0.0067677969019254505,-0.0033178206527577705,-109.42869901965977,-0.01112618600432782,0.29819927974125343,True
209,219.89387671974418,251.71806269949025,249.71806269949025,125.71806269949025,121.71806269949025,-0.0034644235859025273,-0.010578225002146856,-348.892095466343,-0.034478567708402914,0.3068058131535665,True
210,220.13372757853062,257.74798996867685,255.74798996867685,128.74798996867685,127.74798996867685,-0.0033830580567368717,-3.3239242274111375e-06,-0.10963000774114562,-1.1026215456954536e-05,0.3014564916119653,True
211,220.3736226821057,253.77790465792555,251.77790465792555,124.77790465792555,122.77790465792555,-0.003436192321639819,-0.0035812787250182956,-118.11810001839471,-0.011548534917001795,0.3101067581954421,True
212,220.61356200609805,268.80780676102677,266.80780676102677,140.80780676102677,138.80780676102677,-0.0032433445881668767,-0.0029694971475509946,-97.94025765949682,-0.010518945387346332,0.2822998920712264,True
213,220.8535455261363,266.837696271783,264.837696271783,137.837696271783,135.837696271783,-0.0032673810861507044,-0.003080317322495485,-101.59533996758564,-0.010679995917181676,0.28841933521153856,True
214,221.0935732178491,275.8675731840103,275.8675731840103,146.86757318401033,146.86757318401033,0.0,0.0,0.0,0.0,0.2737747356752491,True
215,221.33364505686512,269.89743749153786,264.89743749153786,137.89743749153786,134.89743749153786,-0.008121004087836298,-0.00143149189063662,-47.21361147696581,-0.004896361195787904,0.29235831128391043,True
216,221.573761018813,282.9272891882074,278.9272891882074,150.9272891882074,147.9272891882074,-0.006183832416751648,-0.002535640568571379,-83.63075574009767,-0.009248259736565654,0.274174887038044,True
217,221.81392107932135,282.9571282678746,279.9571282678746,151.95712826787462,149.95712826787462,-0.004629109196943197,-0.001124853397823213,-37.10002944533022,-0.004157470177963898,0.27056198834217615,True
218,222.05412521401888,278.9869547244075,273.9869547244075,145.9869547244075,143.9869547244075,-0.007854011025805761,0.00186310833348055,61.44922899795682,0.006645928796371989,0.28033829289558754,True
219,222.29437339853416,270.0167685516874,265.0167685516874,135.0167685516874,134.0167685516874,-0.008117381344964616,0.004888813734480711,161.24335300312163,0.016374719808098626,0.29855861912597714,True
220,222.53466560849589,280.04656974360887,275.04656974360887,145.04656974360887,144.04656974360887,-0.007824024421772628,0.004819482599410818,158.95666643796676,0.01701115616642564,0.2833130536372873,True
221,222.7750018195327,278.0763582940792,272.0763582940792,141.07635829407923,142.07635829407923,-0.00947326126766508,0.012540837611272082,413.623184628031,0.04347823931288068,0.2884394080685964,True
222,223.0153820072732,286.10613419701895,284.10613419701895,151.10613419701895,151.10613419701895,-0.0030465585321915833,0.0030465585321915833,100.48190410408809,0.011049393218480419,0.2757217950299867,True
223,223.25580614734608,284.13589744636215,284.13589744636215,151.13589744636215,152.13589744636215,0.0,0.002864071524003272,94.46309899554842,0.01050162763162904,0.27272644055452855,True
224,223.49627421537997,281.165648036055,277.165648036055,144.16564803605502,145.16564803605502,-0.006222856076502459,0.009224924757762099,304.25740883766116,0.032312827514550106,0.2854880079314699,True
225,223.73678618700353,272.1953859600576,268.1953859600576,133.1953859600576,133.1953859600576,-0.006429457147648831,0.006429457147648831,212.05701112417262,0.02093079979727012,0.3071768499017121,True
226,223.97734203784537,277.22511121234265,274.22511121234265,140.22511121234265,138.22511121234265,-0.004725345085530185,-0.0015135000015157165,-49.91841135067216,-0.005100020329120844,0.29676352324984123,True
227,224.21794174353417,275.2548237868964,271.2548237868964,138.2548237868964,136.2548237868964,-0.006357468552367943,2.9061950288260772e-05,0.9585242072608935,9.718411967108256e-05,0.299040114646511,True
228,224.45858527969855,275.2845236777173,270.2845236777173,136.2845236777173,134.2845236777173,-0.007960617336753038,0.0015400397247677848,50.793747208685375,0.005056518419025567,0.3045652358297081,True
229,224.69927262196717,280.31421087881813,275.31421087881813,141.31421087881813,139.31421087881813,-0.007816486492442138,0.0016260681117875753,53.63114423992954,0.005481505821997495,0.2966462436767104,True
230,224.94000374596868,284.34388538422354,279.34388538422354,147.34388538422354,142.34388538422354,-0.007704724051479652,-0.007288577695954628,-240.39261263536852,-0.025206380186136346,0.2891560645412858,True
231,225.18077862733173,273.3735471879718,270.3735471879718,136.37354718797178,133.37354718797178,-0.004792289207508145,-0.0048681460227504815,-160.5616884277708,-0.01598942140972176,0.3044604240520292,True
232,225.42159724168494,279.40319628411453,274.40319628411453,139.40319628411453,137.40319628411453,-0.007842204215189715,0.0015663081206987763,51.66013412133316,0.005200649461131615,0.3011754844092033,True
233,225.66245956465696,278.43283266671597,276.43283266671597,140.43283266671597,138.43283266671597,-0.003130821673584068,-0.003098728712748734,-102.2025863179517,-0.010370537967809517,0.29880115403533425,True
234,225.90336557187644,285.46245632985324,283.46245632985324,147.46245632985324,145.46245632985324,-0.0030534523010971354,-0.0028770945642823324,-94.89262623772579,-0.009979305830045034,0.2883060819340927,True
235,226.144315238972,285.49206726761736,282.49206726761736,146.49206726761736,143.49206726761736,-0.004587788575620289,-0.004398426701926438,-145.06935790066743,-0.015064180736829743,0.29197915099179084,True
236,226.38530854157236,302.52166547411184,301.52166547411184,164.52166547411184,161.52166547411184,-0.0014379593529531055,-0.0065543538914909615,-216.1763682627436,-0.024473843879330784,0.2678105623214503,True
237,226.6263454553061,291.55125094345294,288.55125094345294,151.55125094345294,149.55125094345294,-0.004491947738919134,-0.001277527656503124,-42.135547410186746,-0.00448579322200921,0.28479414749548193,True
238,226.86742595580188,298.580823669771,294.580823669771,156.580823669771,155.580823669771,-0.005857439599863023,0.00307493270818762,101.41774406952453,0.011029729321428513,0.27878587212595085,True
239,227.10855001868836,295.61038364720844,291.61038364720844,153.61038364720844,151.61038364720844,-0.005916700816515493,0.00022507371417252418,7.42340418700752,0.0007919927767622998,0.28418657439356343,True
240,227.34971761959417,300.63993086992105,296.63993086992105,158.63993086992105,155.63993086992105,-0.005817051638636085,-0.0024744310747713653,-81.6119379753037,-0.008873019507027681,0.27887136648483035,True
241,227.59092873414795,300.66946533207806,296.66946533207806,158.66946533207806,154.66946533207806,-0.005816476391924223,-0.005272297664280209,-173.89145907179213,-0.018814037957688424,0.28023211583485014,True
242,227.83218333797836,295.69898702786145,294.69898702786145,153.69898702786145,151.69898702786145,-0.0014711937245702324,-0.004217130724390297,-139.08983548652273,-0.014730409966038745,0.28628739689614724,True
243,228.07348140671402,294.72849595146613,292.72849595146613,152.72849595146613,150.72849595146613,-0.0029571265016472862,-0.0027675828560581274,-91.28069991240305,-0.00964698297448785,0.28688584434918174,True
244,228.31482291598363,290.75799209710044,287.75799209710044,147.75799209710044,146.75799209710044,-0.004504266641675536,0.0015550470802266872,51.28872133642436,0.005303650538856007,0.29320315673779473,True
245,228.55620784141576,292.7874754589857,291.7874754589857,150.78747545898568,148.78747545898568,-0.0014858484950409,-0.004313046679711143,-142.25334530350565,-0.01485496659185766,0.2903437482030569,True
246,228.7976361586391,292.8169460313559,289.8169460313559,149.81694603135588,148.81694603135588,-0.004472431068236392,0.0015638790471487105,51.580018169861816,0.005387979738883459,0.29025332739517506,True
247,229.0391078432823,291.8464038084587,288.8464038084587,148.84640380845872,146.84640380845872,-0.004487381349150206,-0.0013876496789424842,-45.76760318117499,-0.004734231206539232,0.2931098246798278,True
248,229.280622870974,288.87584878455436,287.87584878455436,145.87584878455436,143.87584878455436,-0.0015060030821960203,-0.004489494206223506,-148.0729556116866,-0.01501640759726586,0.2989725856296641,True
249,229.52218121734282,291.9052809539164,288.9052809539164,147.90528095391642,144.90528095391642,-0.004486471555418774,-0.004412995925442191,-145.5498815159901,-0.014835356592740986,0.2974647692392842,True
250,229.76378285801744,293.93470031083166,290.93470031083166,148.93470031083166,146.93470031083166,-0.004455336083216779,-0.0014161882591710454,-46.70886554376952,-0.004785016987489585,0.29596305778509585,True
251,230.00542776862648,297.9641068495994,291.9641068495994,150.96410684959937,149.96410684959937,-0.008834487609051426,0.005948110986761615,196.1812029727543,0.020348208913677335,0.2923161941178768,True
252,230.2471159247986,314.9935005645325,309.9935005645325,168.9935005645325,166.9935005645325,-0.006949004488234645,0.001778570988259419,58.66100965932716,0.006598485483295789,0.2695423052398782,True
253,230.48884730216244,306.0228814499567,304.0228814499567,163.02288144995669,162.02288144995669,-0.00284762923888241,0.0001754156514470395,5.785576899577251,0.0006415667243921448,0.2734176271583253,True
254,230.73062187634665,300.0522495002108,297.0522495002108,155.0522495002108,153.0522495002108,-0.004364041506885638,-0.0012743127972702512,-42.02951459521458,-0.004434613932427816,0.28735597206149666,True
255,230.97243962297986,288.08160470964685,285.08160470964685,141.08160470964685,139.08160470964685,-0.004546332780579161,-0.0016543651681160138,-54.5644406366269,-0.005321686961174591,0.31087231928254305,True
256,231.21430051769073,303.11094707262964,300.11094707262964,157.11094707262964,154.11094707262964,-0.004319784146448027,-0.004053173068102719,-133.68216735143255,-0.014101830868312432,0.2874217614686059,True
257,231.4562045361079,309.14027658353734,306.14027658353734,162.14027658353734,159.14027658353734,-0.004235120918163021,-0.003875680072368882,-127.82807527080377,-0.013733683347135768,0.2822025216692633,True
258,231.69815165386,309.1695932367611,306.1695932367611,162.1695932367611,159.1695932367611,-0.004234717363370405,-0.0038746036000191974,-127.7925709500206,-0.013731711658057198,0.2821646489893881,True
259,231.9401418465757,293.1988970267048,291.1988970267048,146.1988970267048,144.1988970267048,-0.002972606548936875,-0.003009551132805967,-99.2613222846631,-0.009908867677938306,0.30372301161177184,True
260,232.18217508988363,300.22818794778595,298.22818794778595,154.22818794778595,150.22818794778595,-0.0029027753147132266,-0.008509551887677151,-280.6629079045598,-0.028989166214547522,0.29354248496484303,True
261,232.42425135941244,300.2574659944348,296.2574659944348,153.25746599443482,151.25746599443482,-0.005824511249332463,0.0001196911428618247,3.9476654763297176,0.00040988386784732237,0.2920123289809699,True
262,232.6663706307908,307.2867311610944,304.2867311610944,161.2867311610944,159.2867311610944,-0.004260792779440352,-0.0011582473812939897,-38.20143321266576,-0.004128866617486275,0.2805242911913562,True
263,232.9085328796473,311.3159834422215,307.3159834422215,164.31598344222152,162.31598344222152,-0.005616270190662276,0.00029774716009771125,9.820327189538915,0.0010734550407312702,0.2773727345812982,True
264,233.15073808161063,304.34522283228534,299.34522283228534,155.34522283228534,153.34522283228534,-0.007194157469402629,0.0015665060149429545,51.666661089469784,0.00537790898846918,0.2912853338168633,True
265,233.3929862123094,301.37444932576864,298.37444932576864,153.37444932576864,150.37444932576864,-0.0043447993493867364,-0.00423416714574331,-139.65173247244365,-0.014330253576209451,0.29547049696124816,True
266,233.6352772473723,310.4036629171669,307.4036629171669,161.4036629171669,157.4036629171669,-0.004217799407232764,-0.006680752487246762,-220.34525963424448,-0.023249220480953417,0.2873538273130435,True
267,233.87761116242797,309.43286360098887,304.43286360098887,158.43286360098887,154.43286360098887,-0.007074903633351468,-0.004030643809221653,-132.9391050381688,-0.01376884671487171,0.2927364864094362,True
268,234.119987933105,310.46205137175593,306.46205137175593,157.46205137175593,155.46205137175593,-0.00563181844835484,8.030750054108856e-05,2.648710170161678,0.00027242046643294397,0.29479246399005843,True
269,234.36240753503208,304.4912262240032,300.4912262240032,151.49122622400319,149.49122622400319,-0.0057429872058441436,-2.8789462172016354e-05,-0.9495369764308919,-9.495152059559583e-05,0.3032016969441952,True
270,234.60486994383785,313.5203881522782,310.5203881522782,162.5203881522782,159.5203881522782,-0.0041756677840642025,-0.003915985395988929,-129.15742956355075,-0.013629544998308079,0.2873159299503428,True
271,234.84737513515094,315.5495371511422,312.5495371511422,164.5495371511422,161.5495371511422,-0.0041486873864268504,-0.003842259575426131,-126.7257970334326,-0.013496197330027208,0.28469201223648566,True
272,235.08992308460003,308.5786732151687,304.5786732151687,156.5786732151687,154.5786732151687,-0.00566641688849553,8.338350832096456e-05,2.7501633723552743,0.0002830478070669933,0.2945916069267723,True
273,235.33251376781374,305.60779633894504,303.60779633894504,154.60779633894504,149.60779633894504,-0.002851509694340156,-0.011425654409080683,-376.8420985609016,-0.03787770920126033,0.3016458663952283,True
274,235.57514716042067,306.6369065170711,305.6369065170711,154.6369065170711,152.6369065170711,-0.0014186295700468192,-0.004234967926678952,-139.67814391090226,-0.014143491048286723,0.29942875575913463,True
275,235.81782323804956,301.66600374416,300.66600374416,150.66600374415998,147.66600374415998,-0.0014420448374699024,-0.007292702572190394,-240.52865972390595,-0.023898163129578466,0.3051574521710543,True
276,236.06054197632898,306.69508801483767,306.69508801483767,155.69508801483767,152.69508801483767,0.0,-0.008449844695424012,-278.6936392025439,-0.02829282241561246,0.29865683144998795,True
277,236.30330335088763,308.72415932374383,306.72415932374383,156.72415932374383,155.72415932374383,-0.0028226318767386525,4.2677952361058584e-05,1.4076085757715049,0.00014495930785159565,0.29441332877189785,True
278,236.5461073373541,319.7532176655304,314.7532176655304,164.75321766553043,162.75321766553043,-0.006844744946010597,0.0015404231519957562,50.806393444608545,0.0053633885501516545,0.28721080667411264,True
279,236.7889539113571,315.7822630348626,312.7822630348626,160.78226303486258,158.78226303486258,-0.004145615238488401,-0.0012905344828388118,-42.56453988243081,-0.00439263801360334,0.2937948628687865,True
280,237.03184304852522,323.81129542641906,319.81129542641906,166.81129542641906,163.81129542641906,-0.005398195521463132,-0.0024834147530964626,-81.90823856970425,-0.008583974995083489,0.28930824641484276,True
281,237.2747747244871,314.84031483489093,310.84031483489093,157.84031483489093,157.84031483489093,-0.005552997847496326,0.005552997847496326,183.14954113189026,0.018690927194356964,0.2970959005807293,True
282,237.51774891487142,324.8693212549829,320.8693212549829,168.86932125498288,168.86932125498288,-0.005380505464645404,0.005380505464645404,177.46037977517608,0.019115890191237783,0.28146769053484544,True
283,237.76076559530682,319.89831468141233,317.89831468141233,162.89831468141233,163.89831468141233,-0.002723726563743355,0.005381623239629207,177.49724634364856,0.018531470160779096,0.29040454928498527,True
284,238.00382474142194,315.9272951089099,312.9272951089099,158.9272951089099,158.9272951089099,-0.004143703011686952,0.004143703011686952,136.66803518021692,0.013984029697140746,0.29631680577267344,True
285,238.2469263288454,309.95626253221917,306.95626253221917,150.95626253221917,151.95626253221917,-0.0042239172107487585,0.007091385695495759,233.88880597259362,0.02295663104370437,0.30890358789995453,True
286,238.4900703332059,310.9852169460969,307.9852169460969,152.9852169460969,151.9852169460969,-0.004209873611249799,0.001361754645322235,44.91353054232428,0.004429775543181307,0.3074094007806706,True
287,238.73325673013204,320.01415834531235,317.01415834531235,163.01415834531235,162.01415834531235,-0.004090534262113748,0.0014181772401241932,46.774466316342,0.004852869488133773,0.2922347785350332,True
288,238.97648549525246,314.0430867246489,310.0430867246489,154.0430867246489,151.0430867246489,-0.005567185398060179,-0.002974174748720632,-98.09453477815322,-0.00956836663362318,0.31083411229973157,True
289,239.21975660419585,314.07200207890196,309.07200207890196,155.07200207890196,152.07200207890196,-0.0069695575916126126,-0.0015145727387625499,-49.95379247991235,-0.004929397499386196,0.3072531154063236,True
290,239.46307003259082,321.10090440288036,318.10090440288036,164.10090440288036,159.10090440288036,-0.004076624922951834,-0.009361701263259933,-308.7685854862972,-0.03160479681053181,0.2962114048504273,True
291,239.70642575606604,314.1297936914061,311.1297936914061,156.12979369140612,152.12979369140612,-0.004167528079464044,-0.0071039814517612045,-234.30424048987254,-0.023126796542905417,0.30717533397164276,True
292,239.94982375025012,320.158669939314,317.158669939314,160.158669939314,158.158669939314,-0.004088679178864441,-0.0013687702585161686,-45.14492021192535,-0.004539880252966135,0.301499198711658,True
293,240.1932639907717,325.18753314145215,321.18753314145215,166.18753314145215,164.18753314145215,-0.005375207659645788,0.00011694416913649898,3.8570645088682625,0.0004012123752976155,0.29147697413309076,True
294,240.4367464532595,324.2163832926815,320.2163832926815,164.21638329268148,164.21638329268148,-0.005391408778697113,0.005391408778697113,177.81999399081784,0.018418139418417544,0.29272276945117914,True
295,240.6802711133421,334.2452203878761,330.2452203878761,174.2452203878761,172.2452203878761,-0.005228664866700851,0.0002149703556976728,7.0901741877568725,0.0007601582493000856,0.2827968464403384,True
296,240.92383794664812,344.274044421923,339.274044421923,184.274044421923,181.274044421923,-0.006353645559337916,-0.000774897783975494,-25.557757711578944,-0.0028506961416288877,0.2718275626292171,True
297,241.16744692880627,340.30285538972225,335.30285538972225,177.30285538972225,176.30285538972225,-0.006428341326876745,0.003971957697056815,131.00351370372402,0.01412684173093665,0.2811638845191099,True
298,241.4110980354452,331.33165328618725,326.33165328618725,167.33165328618725,165.33165328618725,-0.006603726334669517,0.0013816329329065635,45.56915825001357,0.0046677733016430665,0.29599400905357287,True
299,241.65479124219348,337.3604381062439,333.3604381062439,174.36043810624392,171.36043810624392,-0.00518009379027495,-0.0023572939634464787,-77.74850982750766,-0.00819002940411208,0.2878248474007822,True
300,241.89852652467982,351.3892098448316,348.3892098448316,187.3892098448316,185.3892098448316,-0.0037237256566597828,-0.0009364008530001727,-30.884468399320014,-0.0034236183768749993,0.2735120419159854,True
301,242.14230385853284,338.41796849690263,334.41796849690263,175.41796849690263,171.41796849690263,-0.005163809773353229,-0.004853923494318561,-160.09259954504853,-0.016865244147469566,0.2878062986741189,True
302,242.3861232193812,337.44671405742247,334.44671405742247,175.44671405742247,172.44671405742247,-0.0038782701228002904,-0.0036120452254527384,-119.13284387235512,-0.012635449423832637,0.2858659873735712,True
303,242.62998458285352,324.4754465213691,319.4754465213691,160.47544652136912,157.47544652136912,-0.006744352940047085,-0.0014513913731775902,-47.86993823887582,-0.004735387878714308,0.30649894166043556,True
304,242.87388792457847,327.504165883734,322.504165883734,162.504165883734,157.504165883734,-0.00668149970897989,-0.006890954039863901,-227.27814867262177,-0.02238792443389053,0.30779780681376917,True
305,243.1178332201847,335.5328721395217,331.5328721395217,171.53287213952171,166.53287213952171,-0.005208478367119911,-0.007638908863282151,-251.94727091227824,-0.025876434099563143,0.2952071693452969,True
306,243.3618204453008,335.5615652837496,332.5615652837496,171.5615652837496,168.5615652837496,-0.003900155951407864,-0.0037612884936709307,-124.05520056001518,-0.012826968120272543,0.29323285583959274,True
307,243.6058495755555,341.5902453114479,339.5902453114479,177.59024531144792,176.59024531144792,-0.002550253484017246,9.785620394023829e-05,3.227503294755266,0.00034451869841701935,0.2840374249347395,True
308,243.84992058657738,351.61891221766064,350.61891221766064,186.61891221766064,184.61891221766064,-0.0012368880181334852,-0.0034425778663011997,-113.54345415569396,-0.012435357828849527,0.2768378613371751,True
309,244.0940334539951,341.64756599744373,339.64756599744373,175.64756599744373,174.64756599744373,-0.0025498243509963023,7.022573825522099e-05,2.3161924586178344,0.00024307883423641365,0.28890108213585075,True
310,244.33818815343733,358.67620664586707,357.67620664586707,193.67620664586707,191.67620664586707,-0.0012125170682741868,-0.0032955474095173807,-108.6940806403576,-0.01223863624631038,0.26927407132562664,True
311,244.58238466053268,349.7048341580132,345.7048341580132,182.70483415801323,180.70483415801323,-0.004996183302149113,0.0002159156929075496,7.1213533959897575,0.0007660832554051502,0.281843639557636,True
312,244.8266229509098,344.73344852897776,339.73344852897776,176.73344852897776,174.73344852897776,-0.006345116308935377,0.001402412762523269,46.25452070892652,0.004844869659470478,0.2894634657058135,True
313,245.07090300019738,342.7620497538692,340.7620497538692,174.76204975386918,172.76204975386918,-0.0025415093433194423,-0.0024572723494919535,-81.04600714881346,-0.008364492302866813,0.2937742376366056,True
314,245.315224784024,348.7906378278094,345.7906378278094,180.7906378278094,178.7906378278094,-0.00375158845551937,-0.0010795747874131618,-35.60664570065083,-0.0037756786994912563,0.2859286696080962,True
315,245.55958827801834,347.81921274593265,344.81921274593265,179.81921274593265,176.81921274593265,-0.0037621117892074705,-0.003544527565669326,-116.9059695339819,-0.012295018098339829,0.2882897395773607,True
316,245.80399345780904,342.847774503387,339.847774503387,174.84777450338697,171.84777450338697,-0.003816904428471959,-0.003699292242568319,-122.01043388565748,-0.012570190227721918,0.29429087194002934,True
317,246.04844029902478,340.8763230953332,337.8763230953332,172.8763230953332,169.8763230953332,-0.003839077275592868,-0.0037635874020902848,-124.13102339187505,-0.012682981448962006,0.2967431133787791,True
318,246.29292877729415,336.9048585169446,331.9048585169446,166.9048585169446,163.9048585169446,-0.006493664222177526,-0.0013834874876970452,-45.63032536518432,-0.004525193184097916,0.3057300387879107,True
319,246.53745886824584,330.9333807634084,328.9333807634084,161.93338076340842,157.93338076340842,-0.0026326272945153004,-0.008229823566129155,-271.43687988508054,-0.02616637094335603,0.31451910484433493,True
320,246.78203054750844,337.9618898299241,335.9618898299241,170.96188982992408,165.96188982992408,-0.002577714394370579,-0.010313223969431008,-340.1518043885664,-0.03424897591620607,0.30112503202032836,True
321,247.02664379071064,347.99038571170445,343.99038571170445,176.99038571170445,172.99038571170445,-0.005020940894844427,-0.004906767801971358,-161.83551588750774,-0.016572945580182012,0.296070953605187,True
322,247.27129857348106,344.0188684039754,340.0188684039754,173.01886840397538,170.01886840397538,-0.005079245297002615,-0.0025171006620662278,-83.01927065360914,-0.008397407668060226,0.29974734603395403,True
323,247.51599487144836,349.04733790197565,347.04733790197565,180.04733790197565,177.04733790197565,-0.0024956126921013336,-0.004801690725615641,-158.36985304258025,-0.01656335305692476,0.2898984709867163,True
324,247.7607326602412,349.07579420095726,345.07579420095726,178.07579420095726,174.07579420095726,-0.00500523858198643,-0.00486126607948297,-160.33477343751443,-0.016493098093771565,0.29474547788682426,True
325,248.00551191548817,341.1042372961847,336.1042372961847,168.1042372961847,165.1042372961847,-0.006413126680079133,-0.0014073145811307535,-46.416192989976906,-0.00456902352343171,0.30801211110284354,True
326,248.250332612818,349.1326671829361,345.1326671829361,175.13266718293607,171.13266718293607,-0.005004418523343653,-0.005029824202620402,-165.89417463926213,-0.01664742688962484,0.3021382364955833,True
327,248.49519472785926,362.16108385650205,359.16108385650205,187.16108385650205,184.16108385650205,-0.003612507742935448,-0.0034051815214424133,-112.31004409702001,-0.01180760584350536,0.2883888204411392,True
328,248.7400982362406,366.1894873121869,363.1894873121869,190.18948731218688,187.18948731218688,-0.003572603100136192,-0.0033324498035906132,-109.9111991638643,-0.011644366195718453,0.2861855894583537,True
329,248.98504311359073,353.21787754530715,350.21787754530715,179.21787754530715,176.21787754530715,-0.0037043648562735784,-0.0036269987854090197,-119.62604371134225,-0.012233748769772602,0.2964748462360681,True
330,249.23002933553826,359.2462545511928,356.2462545511928,186.2462545511928,182.2462545511928,-0.003641941919303606,-0.005786994198243562,-190.86723262806385,-0.020079911091839292,0.2881981982776539,True
331,249.47505687771184,359.27461832518657,356.27461832518657,184.27461832518657,181.27461832518657,-0.003641653188849328,-0.0034868677701853936,-115.00422828093934,-0.011953426721976823,0.2917044502205093,True
332,249.72012571574004,365.30296886264455,362.30296886264455,191.30296886264455,189.30296886264455,-0.003581308951060779,-0.0009829759039030172,-32.420611476504234,-0.003492877179707763,0.2814229797754467,True
333,249.96523582525163,359.33130615893583,357.33130615893583,189.33130615893583,183.33130615893583,-0.0024239892071064657,-0.011561809191527399,-381.33276947648136,-0.04070292386892387,0.2840535296373311,True
334,250.21038718187515,359.359630209442,356.359630209442,187.359630209442,182.359630209442,-0.003640788080298726,-0.008106529620049308,-267.3703863857098,-0.02825494967165919,0.2869065319263503,True
335,250.4555797612393,354.38794100955784,351.38794100955784,180.38794100955784,176.38794100955784,-0.0036920822198641557,-0.006046528529132091,-199.42722038884386,-0.02040714384953248,0.2962946982544358,True
336,250.70081353897274,355.41623855469174,351.41623855469174,181.41623855469174,177.41623855469174,-0.004915440443133941,-0.004767350265975556,-157.23723250173575,-0.01619098226841983,0.29444478333313795,True
337,250.94608849070406,360.4445228402642,355.4445228402642,186.4445228402642,184.4445228402642,-0.0060666041262803835,0.0013827376537762373,45.60559426636297,0.004841561927823844,0.2855974320662551,True
338,251.19140459206193,350.4727938617093,347.4727938617093,178.4727938617093,174.4727938617093,-0.0037335044237901418,-0.0061108022844648426,-201.5471039399107,-0.020635003582826796,0.2961376895301572,True
339,251.43676181867502,357.5010516144739,354.5010516144739,184.5010516144739,180.5010516144739,-0.003659795806947255,-0.005859313590374184,-193.2524781922473,-0.02019003912236531,0.2902081345589662,True
340,251.68216014617195,358.5292960940178,355.5292960940178,183.5292960940178,180.5292960940178,-0.003649255469715724,-0.003508454665481165,-115.71620946235923,-0.011991704453177812,0.29257347687145685,True
341,251.92759955018136,352.557527295814,349.557527295814,177.557527295814,178.557527295814,-0.003711332967800557,0.0061504077433597645,202.85337522294265,0.02086187322104525,0.2948156993474246,True
342,252.17308000633193,354.5857452153484,352.5857452153484,180.58574521534842,177.58574521534842,-0.002456522332657892,-0.004818841284278242,-158.9355145168823,-0.016310328334784636,0.2954472273866626,True
343,252.41860149025226,354.61394984812,351.61394984812,179.61394984812,175.61394984812,-0.003689719092447706,-0.006091333336928646,-200.90497712742095,-0.020409114699073302,0.2984614191621565,True
344,252.664163977571,349.64214118964037,347.64214118964037,174.64214118964037,172.64214118964037,-0.002491355011783778,-0.002510878665553591,-82.8140561302995,-0.008294114599056856,0.3027301631254419,True
345,252.90976744391685,347.67031923543436,343.67031923543436,170.67031923543436,169.67031923543436,-0.005025590037740733,0.0024734661794417853,81.58011369917288,0.008036660539471241,0.3077728824421049,True
346,253.1554118649184,354.6984839810402,350.6984839810402,178.69848398104023,176.69848398104023,-0.004925443762048384,3.739906072084808e-05,1.2334996335133894,0.00012561833363417595,0.2977197646146233,True
347,253.40109721620428,358.72663542200826,353.72663542200826,180.72663542200826,178.72663542200826,-0.006095861018534409,0.0012629773158029543,41.65564658981265,0.004250874875811888,0.2971099721117372,True
348,253.64682347340317,358.75477355390285,355.75477355390285,181.75477355390285,178.75477355390285,-0.003646952254788308,-0.003581225370777404,-118.11634028338217,-0.012053838889773051,0.2971024752799588,True
349,253.89259061214375,346.7828983723002,344.7828983723002,170.78289837230022,168.78289837230022,-0.0025119558816125665,-0.002603983452131947,-85.88484769322018,-0.008429441942633474,0.3089152840547861,True
350,254.13839860805462,361.8110098727907,358.8110098727907,185.8110098727907,182.8110098727907,-0.0036160176539486158,-0.003453078287444967,-113.88978011637117,-0.011860669668887963,0.2911368737047646,True
351,254.38424743676438,355.8391080509766,355.8391080509766,179.83910805097662,178.83910805097662,0.0,-0.002421644737106104,-79.87093360488346,-0.008137784166670279,0.2975803594084462,True
352,254.63013707390178,357.867192902474,355.867192902474,181.86719290247402,178.86719290247402,-0.0024339341203472352,-0.004789738115476426,-157.97563083640517,-0.016161760875528144,0.2963623922148832,True
353,254.87606749509538,351.8952644229114,348.8952644229114,173.8952644229114,171.8952644229114,-0.003718347640325766,-0.00130549527698837,-43.057978320318085,-0.0042554991296251165,0.3067784147575131,True
354,255.12203867597387,359.92332260793046,358.92332260793046,185.92332260793046,180.92332260793046,-0.001208309908501055,-0.010631007234987413,-350.63296445101633,-0.03638368273522852,0.2921916209623809,True
355,255.3680505921659,357.9513674531863,354.9513674531863,183.95136745318632,179.95136745318632,-0.003655172221129058,-0.0058926971938757094,-194.35353960637877,-0.020175816011773897,0.29206735382781734,True
356,255.61410321930006,353.9793989543459,349.9793989543459,178.97939895434592,174.97939895434592,-0.004935506535693659,-0.004880618354813104,-160.9730521554091,-0.016344169738026847,0.2986152513735652,True
357,255.86019653300502,354.00741710709053,351.00741710709053,180.00741710709053,176.00741710709053,-0.0036960677884416183,-0.006063362799395825,-199.98245000692896,-0.020432311291311494,0.29675364245131536,True
358,256.1063305089095,365.03542190711346,365.03542190711346,192.03542190711346,190.03542190711346,0.0,-0.004546784511340471,-149.96251029577655,-0.016167663783039916,0.28122705743733395,True
359,256.352505122642,354.06341335012144,353.06341335012144,181.06341335012144,174.06341335012144,-0.0012283362899508418,-0.015894871302487155,-524.2462657739935,-0.053124963288087704,0.2991977842185406,True
360,256.5987203498313,362.0913914318337,361.0913914318337,188.0913914318337,184.0913914318337,-0.0012010649838326186,-0.00813437393223014,-268.28875032877374,-0.028193794281241365,0.28851646752783167,True
361,256.844976166106,359.1193561479831,357.1193561479831,186.11935614798313,183.11935614798313,-0.002425423832741919,-0.004631864974988092,-152.76864282171945,-0.016096098800362394,0.2877632047638654,True
362,257.0912725470947,350.1473074943151,347.1473074943151,176.1473074943151,173.1473074943151,-0.0037369899513000865,-0.0037232766979349006,-122.80149163776304,-0.012401149380186192,0.300236420334048,True
363,257.33760946842614,357.17524546658774,352.17524546658774,179.17524546658774,179.17524546658774,-0.006122525890837186,0.006122525890837186,201.9337731205,0.020646398225126275,0.2965420808064328,True
364,257.58398690572886,362.20317006057303,358.20317006057303,185.20317006057303,184.20317006057303,-0.004822822019296276,0.0024715058907401975,81.5154592573665,0.008520433919974065,0.2900680779820801,True
365,257.83040483463157,358.2310812720548,354.2310812720548,179.23108127205478,178.23108127205478,-0.004876599128103916,0.0024467161343505986,80.69784098481965,0.008168611032584207,0.2995265810295976,True
366,258.0768632307629,372.2589790968309,368.2589790968309,194.2589790968309,193.2589790968309,-0.004691837123510486,0.0024504161171823267,80.8198741957874,0.008712935380111036,0.2812388718933778,True
367,258.32336206975145,351.2868635307111,347.2868635307111,173.28686353071112,170.28686353071112,-0.004973553530679932,-0.002610941188889702,-86.11432847630277,-0.008471532955286326,0.30820173900881154,True
368,258.569901327226,348.31473456951903,345.31473456951903,170.31473456951903,167.31473456951903,-0.0037567364934839166,-0.003961296763331235,-130.6518937007093,-0.012668031039551483,0.3127002729124577,True
369,258.81648097881504,357.342592209091,350.342592209091,179.34259220909098,175.34259220909098,-0.00859184448816011,-0.0012041755142042972,-39.716239574667156,-0.004013872508440866,0.30000342852744044,True
370,259.06310100014724,356.3704364452758,351.3704364452758,180.3704364452758,175.3704364452758,-0.006136450840022953,-0.006072522499358424,-200.28455616492298,-0.020324899362257568,0.2987725740298044,True
371,259.3097613668514,353.39826727393574,351.39826727393574,175.39826727393574,173.39826727393574,-0.002464800130783405,-0.0025157452436222233,-82.9745661043047,-0.008234926459110602,0.30549698969551353,True
372,259.55646205455594,359.4260846909458,354.4260846909458,182.4260846909458,178.4260846909458,-0.0060839148893208975,-0.0035446767158718185,-116.91088882116637,-0.011963336530631216,0.2962949931898967,True
373,259.8032030388896,359.45388869219414,355.45388869219414,182.45388869219414,178.45388869219414,-0.004859916511248751,-0.004767191416854545,-157.2319933238319,-0.01605798052028402,0.2968736579816344,True
374,260.0499842954811,359.4816792735819,356.4816792735819,184.4816792735819,179.4816792735819,-0.0036395467877807525,-0.008293572171610353,-273.53944289020455,-0.028221878972228713,0.2938703046587192,True
375,260.29680579995903,363.5094564310227,359.5094564310227,187.50945643102273,182.50945643102273,-0.004805394769899429,-0.006932408440580118,-228.64540194330246,-0.023826087435888023,0.2909587425645968,True
376,260.543667527952,374.53722016044367,370.53722016044367,194.53722016044367,192.53722016044367,-0.004663143770353558,0.00017513524705529797,5.776328573341743,0.0006157958755207765,0.2844047094456206,True
377,260.7905694550887,368.5649704577843,365.5649704577843,188.56497045778428,184.56497045778428,-0.0035494825249713195,-0.005762257369572657,-190.0513600229309,-0.019603904573605276,0.2939341674479975,True
378,261.03751155699774,363.5927073189978,363.5927073189978,184.59270731899778,183.59270731899778,0.0,-0.0023591132757569224,-77.8085145716089,-0.007981297213483932,0.29558018109779693,True
379,261.28449380930783,356.62043074004964,353.62043074004964,177.62043074004964,175.62043074004964,-0.0036688714066369916,-0.0012490095072303256,-41.194958903458144,-0.0041175530456567895,0.3033378060661017,True
380,261.5315161876475,357.6481407169183,355.6481407169183,180.6481407169183,177.6481407169183,-0.002435429042992922,-0.004837400519268137,-159.54763709742508,-0.016176369375522217,0.2990411758640973,True
381,261.7785786676455,369.67583724559563,364.67583724559563,191.67583724559563,186.67583724559563,-0.005914076433597238,-0.005565184683862335,-183.55148861135677,-0.019321123432246512,0.2880362885407672,True
382,262.02568122493045,364.7035203220862,359.7035203220862,187.7035203220862,184.7035203220862,-0.00599526722375729,-0.0010019776607768744,-33.04732935893884,-0.0034674283495624045,0.2889685264594799,True
383,262.27282383513096,363.7311899424071,361.7311899424071,186.73118994240713,184.73118994240713,-0.002394586372525503,-0.0022820506389566336,-75.26682682815874,-0.007850064370720113,0.29070470395993625,True
384,262.5200064738757,367.75884610258936,364.75884610258936,190.75884610258936,190.75884610258936,-0.003557294913129319,0.003557294913129319,117.32706348953307,0.012556644903290781,0.2832997938961419,True
385,262.7672291167934,365.7864887986757,362.7864887986757,187.7864887986757,186.7864887986757,-0.003576555401547878,0.0012576720881776727,41.48066903140993,0.004352793336836373,0.2889344820334966,True
386,263.0144917395125,357.8141180267228,354.8141180267228,179.81411802672278,177.81411802672278,-0.003656580181666308,-0.0012009670220014174,-39.61041675772732,-0.004010788173449284,0.29943416856357785,True
387,263.2617943176618,355.84173378279957,353.84173378279957,177.84173378279957,175.84173378279957,-0.002447827244011624,-0.0024638992107079193,-81.26457496104412,-0.008146329234810215,0.30245514755030894,True
388,263.5091368268699,371.8693360629884,369.8693360629884,193.8693360629884,191.8693360629884,-0.0023420406713371106,-0.002161509581983334,-71.29112939795596,-0.007611967730073359,0.2839620001860548,True
389,263.7565192427655,374.89692486338413,372.89692486338413,193.89692486338413,191.89692486338413,-0.0023230761664500936,-0.0021798299616443495,-71.8953740276905,-0.007583840764356291,0.28743087168832077,True
390,264.00394154097717,384.92450018009504,381.92450018009504,205.92450018009504,202.92450018009504,-0.0033980355764293034,-0.0029755000240275203,-98.13824514343632,-0.010893071444625407,0.2731552839943613,True
391,264.2514036971336,371.9520620092417,366.9520620092417,191.95206200924167,188.95206200924167,-0.005877638202922244,-0.0009635079250610162,-31.778516613585225,-0.003348118385413751,0.28777594282764546,True
392,264.4989056868634,368.979610346958,364.979610346958,189.979610346958,186.979610346958,-0.004733764704577426,-0.0021789774802699413,-71.86725740008964,-0.007529687108682582,0.28938486404798064,True
393,264.7464474857953,358.0071451893907,356.0071451893907,180.0071451893907,177.0071451893907,-0.0024329799757788822,-0.004865966581906434,-160.48980588765937,-0.01616412595621491,0.30103493347473753,True
394,264.99402906955777,362.0346665326997,360.0346665326997,182.0346665326997,180.0346665326997,-0.002405838733984329,-0.00239212518558791,-78.89731674720468,-0.007979279772172781,0.2997921183225447,True
395,265.24165041377967,369.06217437305736,366.06217437305736,189.06217437305736,186.06217437305736,-0.0035446810618734357,-0.0034018753403086996,-112.20099929380413,-0.011642450179144963,0.2921958254459576,True
396,265.48931149408946,377.08966870664926,372.08966870664926,195.08966870664926,192.08966870664926,-0.005797022268005074,-0.0009332414337839962,-30.78026411263062,-0.003255376216087471,0.2866769834995072,True
397,265.73701228611594,373.1171495296737,370.1171495296737,191.11714952967372,187.11714952967372,-0.0035060021401713596,-0.005680064265878035,-187.34045869732296,-0.019360406857573027,0.2933855836638174,True
398,265.98475276548766,371.14461683834224,369.14461683834224,191.14461683834224,189.14461683834224,-0.0023466262578166856,-0.002221459793732194,-73.26841339375542,-0.007678958091367981,0.2892918241381427,True
399,266.2325329078332,365.1720706288788,361.1720706288788,184.17207062887883,181.17207062887883,-0.004783395061973668,-0.002349127856709164,-77.47917446256648,-0.007871137096522663,0.2984483471577403,True
400,266.4803526887814,359.19951089752067,356.19951089752067,178.19951089752067,175.19951089752067,-0.003642417848574582,-0.003731200431245228,-123.0628330176255,-0.012181728439585243,0.3062948291574513,True
401,266.7282120839608,355.22693764051814,352.22693764051814,174.22693764051814,172.22693764051814,-0.0036833249514911016,-0.0013308987274794942,-43.89583751428731,-0.0042924457649686784,0.31005603806136983,True
402,266.97611106899996,363.2543508541339,360.2543508541339,184.25435085413392,181.25435085413392,-0.003601590166345738,-0.0035277213816964953,-116.35166626080677,-0.011895595689988768,0.2965569336443904,True
403,267.22404961952765,360.28175053464383,355.28175053464383,179.28175053464383,176.28175053464383,-0.006069364209140735,-0.0012593653132383096,-41.536515152983384,-0.004146251619969222,0.3037358628147266,True
404,267.4720277111725,361.3091366783367,358.3091366783367,179.3091366783367,178.3091366783367,-0.003621061448445698,0.0011922391750600683,39.32255402010749,0.0039259667595503075,0.3036804048734817,True
405,267.72004531956304,349.3365092815145,346.3365092815145,168.3365092815145,166.3365092815145,-0.003745700889382154,-0.001445033084606636,-47.66022851700383,-0.004547158123862302,0.31778817565711615,True
406,267.9681024203281,356.3638683404913,351.3638683404913,173.3638683404913,172.3638683404913,-0.006136564743127782,0.0036242080706817524,119.5340000736954,0.011648796143172645,0.31112297151889806,True
407,268.21619898909614,352.3912138515948,349.3912138515948,170.39121385159478,168.39121385159478,-0.0037130920659547567,-0.0014146771656069592,-46.65902650178347,-0.004472789449505108,0.31628521341720794,True
408,268.46433500149595,365.41854581116536,362.41854581116536,184.41854581116536,182.41854581116536,-0.003580171549700125,-0.001155432291351205,-38.10858562917561,-0.0038829745039910234,0.2975637079675958,True
409,268.7125104331561,365.4458642155562,360.4458642155562,182.44586421555618,181.44586421555618,-0.005983004538395791,0.0035960551178710358,118.60545651391075,0.01199120716798911,0.2998910007551878,True
410,268.96072525970527,371.4731690611336,365.4731690611336,186.4731690611336,184.4731690611336,-0.007071951742985317,0.0023888087048987566,78.7879322430012,0.008012998755810371,0.29811669484743,True
411,269.2089794567721,363.50046034427646,362.50046034427646,182.50046034427646,180.50046034427646,-0.0011964027708048514,-0.0035892476417675127,-118.38093164304506,-0.011922999627724657,0.3010356247450854,True
412,269.4572729999852,365.52773806137657,365.52773806137657,184.52773806137657,181.52773806137657,0.0,-0.0071186620697808855,-234.7884381300804,-0.023695856407065546,0.30041801180303696,True
413,269.7056058649732,366.55500220883914,361.55500220883914,183.55500220883914,181.55500220883914,-0.005964776010958,0.0012067708006461408,39.801837576680384,0.004025661838414692,0.29976954078223517,True
414,269.9539780273649,368.58225278308146,363.58225278308146,184.58225278308146,183.58225278308146,-0.005931743891766086,0.003572496634838236,117.82844822474564,0.0119658287056209,0.29855822966612167,True
415,270.2023894627887,384.6094897805342,381.6094897805342,199.6094897805342,199.6094897805342,-0.003400829627499213,0.003400829627499213,112.16650948731169,0.012011191951169582,0.28313839636607085,True
416,270.4508401468734,378.63671319764103,376.63671319764103,196.63671319764103,193.63671319764103,-0.002300070315429379,-0.0043768337236527585,-144.35717608985,-0.015263772127049071,0.28674653206441225,True
417,270.6993300552477,374.6639230308581,369.6639230308581,193.6639230308581,190.6639230308581,-0.0058348080997443885,-0.0009453923049669551,-31.18102538476313,-0.003293294252319569,0.28706584730504603,True
418,270.9478591635401,380.6911192766547,377.6911192766547,199.69111927665472,197.69111927665472,-0.0034359724568820745,-0.0009356184878952017,-30.85866435366603,-0.003333377779806483,0.280681803773684,True
419,271.1964274473793,384.71830193151277,378.71830193151277,200.71830193151277,198.71830193151277,-0.0068265538496873664,0.0024774470618274414,81.71141156786581,0.008806598057518746,0.2813171494425466,True
420,271.445034882394,374.7454709919275,370.7454709919275,190.7454709919275,189.7454709919275,-0.004660538447721393,0.0023777220443447775,78.42227087432957,0.008140282813467015,0.2920932968583294,True
421,271.69368144421276,368.77262645440646,365.77262645440646,185.77262645440646,183.77262645440646,-0.003547475624709856,-0.0011534233182306998,-38.04232547290118,-0.0038659599202346554,0.2983536668845469,True
422,271.9423671084643,371.7997683154706,366.7997683154706,189.7997683154706,187.7997683154706,-0.00588006212693244,0.001279436320021047,42.198499144922295,0.004391049150796256,0.29137371869067763,True
423,272.1910918507771,373.8268965716536,369.8268965716536,190.8268965716536,187.8268965716536,-0.004672052229848196,-0.002209752370320876,-72.8822779612365,-0.00753832221477117,0.2931358341237944,True
424,272.4398556467801,378.85401121950144,376.85401121950144,193.85401121950144,192.85401121950144,-0.0022987475742402056,5.2632030965210803e-05,1.7359150111077355,0.00018088424758621685,0.29097078196443954,True
425,272.6886584721017,368.8811122555737,367.8811122555737,187.88111225557373,185.88111225557373,-0.0011789278389855256,-0.0034689322021515734,-114.41267554752434,-0.01176955465597206,0.2947377622645545,True
426,272.9375003023706,367.90819967644256,364.90819967644256,186.90819967644256,182.90819967644256,-0.0035558448892316122,-0.005839334336930617,-192.5935204182952,-0.01965902098229581,0.2970307800265998,True
427,273.18638111321553,367.93527347869303,363.93527347869303,186.93527347869303,182.93527347869303,-0.004747274589181552,-0.00464652911215011,-153.25229688859972,-0.015676367447745816,0.29640343195822816,True
428,273.43530088026506,368.96233365892317,364.96233365892317,184.96233365892317,182.96233365892317,-0.004733987575940725,1.2382332182534102e-05,0.40839534241783326,4.128922970943702e-05,0.2998925450940057,True
429,273.68425957914786,372.9893802137433,367.9893802137433,189.9893802137433,187.9893802137433,-0.0058611811415947394,0.0012651712008362407,41.7280055296462,0.0043278195432224715,0.29233455512662176,True
430,273.93325718549255,368.01641313977734,363.01641313977734,186.01641313977734,182.01641313977734,-0.005940926845875494,-0.0034997871915064017,-115.43033795207836,-0.011741659071339372,0.2980658159330444,True
431,274.1822936749278,371.04343243366156,380.04343243366156,201.04343243366156,199.04343243366156,0.01040848298303624,-0.014750521051702532,-486.5031891365941,-0.05393043996320063,0.27351011899342065,True
432,274.4313690230822,383.0704380920454,385.0704380920454,206.07043809204538,202.07043809204538,0.002261540697867587,-0.010774452053468487,-355.3640760782972,-0.039229730144068484,0.27465017000881864,True
433,274.6804832055845,376.0974301115907,372.0974301115907,196.0974301115907,191.0974301115907,-0.004643695301442781,-0.00657336022551253,-216.80323710913066,-0.02297452745240907,0.2861151437882244,True
434,274.92963619806324,368.1244084889729,362.1244084889729,186.1244084889729,181.1244084889729,-0.00713681548168676,-0.004689534900233802,-154.67071817559784,-0.015708437495348,0.29853605119048865,True
435,275.17882797614715,371.1513732208798,367.1513732208798,187.1513732208798,183.1513732208798,-0.004705914838742618,-0.004676924015062966,-154.2547846752189,-0.015605533500824678,0.2996965156504142,True
436,275.42805851546484,372.17832430401177,367.17832430401177,186.17832430401177,184.17832430401177,-0.005874040673987083,0.0011834408938606244,39.0323682126064,0.003941777814644888,0.3002302386156283,True
437,275.67732779164487,378.20526173508233,372.20526173508233,195.20526173508233,190.20526173508233,-0.00694505831391406,-0.004323934677377421,-142.61245435256163,-0.014941134584559057,0.289398014113734,True
438,275.9266357803161,379.2321855108182,375.2321855108182,196.23218551081823,193.23218551081823,-0.0046051060097249946,-0.00208566887086709,-68.78974333199179,-0.00726264007044931,0.2871777825467892,True
439,276.1759824571069,370.25909562795823,367.25909562795823,187.25909562795823,185.25909562795823,-0.0035331755802940922,-0.0011302063964742045,-37.27658259257316,-0.0038101821488270202,0.29662791759762536,True
440,276.4253677976461,366.28599208325477,363.28599208325477,182.28599208325477,181.28599208325477,-0.0035716579510932864,0.0011826093115199863,39.004940879068016,0.003909766222654341,0.3024757093320819,True
441,276.67479177756235,374.3128748734723,370.3128748734723,190.3128748734723,189.3128748734723,-0.004665953703928184,0.0023779345866735296,78.42928096708506,0.008127533880350717,0.2925776283040136,True
442,276.92425437248426,381.33974399538874,378.33974399538874,195.33974399538874,194.33974399538874,-0.0034301050354387445,0.0012011171177702365,39.6153672316767,0.004142913209952942,0.28992089790456405,True
443,277.1737555580404,376.3665994457947,374.3665994457947,193.3665994457947,189.3665994457947,-0.0023139805724739417,-0.0067640988069300936,-223.09419644716192,-0.023116299251989283,0.29261166474767825,True
444,277.4232953098595,393.3934412214935,388.3934412214935,210.3934412214935,207.3934412214935,-0.00555522755917133,-0.0006819517033207993,-22.492200603612417,-0.0025059233970302604,0.2721358937503724,True
445,277.67287360357017,383.42026931930104,380.42026931930104,202.42026931930104,198.42026931930104,-0.0034114192139377657,-0.005256544362270479,-173.37188205886468,-0.018770065052178708,0.2800493417395127,True
446,277.9224904148011,373.4470837360466,370.4470837360466,191.44708373604658,188.44708373604658,-0.003502892120945447,-0.003356442091487175,-110.70251524927222,-0.011500236081892132,0.2918585381714129,True
447,278.17214571918083,376.4738844685719,374.4738844685719,194.4738844685719,190.4738844685719,-0.0023133193903177272,-0.00671253084076179,-221.39337652966674,-0.023128328350041315,0.290229831536865,True
448,278.4218394923381,382.50067151373173,381.50067151373173,199.50067151373173,196.50067151373173,-0.001136895200198875,-0.0054434277932119204,-179.53569043086156,-0.019072339090573723,0.28540955398083656,True
449,278.6715717099016,378.52744486839333,374.52744486839333,192.52744486839333,191.52744486839333,-0.004613725477975299,0.002352093221848584,77.5769784379126,0.00804330555450603,0.2924286794663534,True
450,278.9213423474999,373.5542045294369,368.5542045294369,188.5542045294369,187.5542045294369,-0.005852258892891892,0.003542842273495271,116.85038505568247,0.012003694553520407,0.29514598673757797,True
451,279.17115138076156,363.5809504937556,361.5809504937556,179.5809504937556,177.5809504937556,-0.002395578601046807,-0.0024683110817972204,-81.41008774309982,-0.008025070304613987,0.30757501032459156,True
452,279.4209987853154,365.6076827582556,362.6076827582556,180.60768275825558,180.60768275825558,-0.003578311796630892,0.003578311796630892,118.02024448384428,0.011751822848212497,0.3044899368250066,True
453,279.67088453678997,376.6344013198552,372.6344013198552,191.63440131985521,190.63440131985521,-0.004637039270709116,0.002364839867723671,77.99738961167981,0.008091448586716505,0.2922640912043808,True
454,279.9208086108139,375.66110617548634,371.66110617548634,190.66110617548634,187.66110617548634,-0.004649117846242445,-0.0022387185695811242,-73.83764409832966,-0.007572102787398313,0.2956534839050068,True
455,280.17077098301587,369.6877973220928,366.6877973220928,186.68779732209282,183.68779732209282,-0.0035386578900169475,-0.00349696734517308,-115.33733349283057,-0.011716402559487594,0.2984676676495158,True
456,280.42077162902456,370.71447475663194,366.71447475663194,185.71447475663194,183.71447475663194,-0.004711491097372047,9.11219139342924e-06,0.3005392255221295,3.035482417947577e-05,0.3001892331694147,True
457,280.6708105244685,368.74113847607373,364.74113847607373,183.74113847607373,182.74113847607373,-0.004736842876023176,0.0023667661379781573,78.06092205359568,0.007854352210598802,0.30133180617803224,True
458,280.92088764497646,378.7677884774007,374.7677884774007,192.7677884774007,190.7677884774007,-0.0046107822851010685,8.136238690909132e-05,2.6835025398963523,0.000277405290353145,0.29329789206800866,True
459,281.171002966177,372.79442475760857,369.79442475760857,187.79442475760857,185.79442475760857,-0.0035090495493757326,-0.0011409675103930096,-37.63150674893417,-0.003824166197937416,0.2983571977097639,True
460,281.4211564636988,381.82104731370555,375.82104731370555,196.82104731370555,194.82104731370555,-0.0068787660713842584,0.0024431013340342443,80.57861727225833,0.008525417261285634,0.28656677546194664,True
461,281.67134811317055,371.8476561427126,366.8476561427126,185.8476561427126,186.8476561427126,-0.005879299723283616,0.00820986579053299,270.77863049568106,0.02763306004704081,0.2971030271912348,True
462,281.9215778902209,376.8742512416636,371.8742512416636,190.87425124166361,189.87425124166361,-0.005800358012791807,0.003519085846710988,116.06684816552563,0.011982331409511894,0.29368957729857514,True
463,282.1718457704783,374.90083260760525,371.90083260760525,189.90083260760525,188.90083260760525,-0.003489254282152525,0.0011962575470920865,39.455088376138804,0.004057979702005523,0.2947914072859644,True
464,282.4221517295716,375.9274002375971,374.9274002375971,192.9274002375971,189.9274002375971,-0.0011568008579094862,-0.00564948764165335,-186.33197735987056,-0.019312189146551032,0.29253481305418416,True
465,282.6724957431294,373.9539541287111,368.9539541287111,186.95395412871108,183.95395412871108,-0.005845960645670229,-0.0011795668739618724,-38.90459489335109,-0.003910080996984755,0.30167325814260404,True
466,282.9228777867803,366.98049427803267,362.98049427803267,181.98049427803267,178.98049427803267,-0.004759693580683858,-0.002459443596057185,-81.11761942438562,-0.008041395397166409,0.3058478627880719,True
467,283.173297836153,367.00702068265923,362.00702068265923,182.00702068265923,180.00702068265923,-0.005957378969461504,0.0011586822247789666,38.2157752648194,0.0038113682987028948,0.3040068904317894,True
468,283.42375586687615,371.0335333397013,366.0335333397013,184.0335333397013,182.0335333397013,-0.005892288008536976,0.0011467225896761761,37.82132136057945,0.0037728232161243053,0.30394283643487696,True
469,283.6742518545783,371.0600322462824,366.0600322462824,186.0600322462824,182.0600322462824,-0.005891864348981895,-0.003546612223116999,-116.97472591845101,-0.011760712852036727,0.3015643922045758,True
470,283.92478577488816,377.0865173995385,373.0865173995385,191.08651739953848,190.08651739953848,-0.004631449840854273,0.0023527184583897708,77.5976000532566,0.008001502061836384,0.2940346000298112,True
471,284.17535760343446,371.11298879661854,367.11298879661854,186.11298879661854,184.11298879661854,-0.0047064042210525955,1.4148864621153605e-05,0.4666592954056057,4.720656438611603e-05,0.29972239677147405,True
472,284.4259673158457,375.13944643468426,372.13944643468426,191.13944643468426,188.13944643468426,-0.0034870259487296477,-0.003383436091030255,-111.59283409422886,-0.011487416148623086,0.2945341273664751,True
473,284.6766148877506,376.1658903109096,373.1658903109096,192.16589031090962,187.16589031090962,-0.0034774727045630755,-0.00797212520033533,-262.93744611222985,-0.026961167126152794,0.2956891726175397,True
474,284.92730029477775,376.1923204224822,373.1923204224822,194.19232042248223,187.19232042248223,-0.003477227407372329,-0.01246679597998255,-411.18113599632693,-0.042489151411451744,0.2934112724271184,True
475,285.17802351255585,367.21873676660175,364.21873676660175,182.21873676660175,178.21873676660175,-0.0035625485398437296,-0.00607712200399077,-200.4362574956246,-0.01977133374092774,0.30737036173795373,True
476,285.42878451671356,376.24513934048105,371.24513934048105,189.24513934048105,186.24513934048105,-0.005810121840153247,-0.0011296645833946328,-37.25871245834509,-0.003778003471698034,0.29901099664339426,True
477,285.67958328287943,366.27152814134524,362.27152814134524,181.27152814134524,178.27152814134524,-0.004768957355257078,-0.002478651298296026,-81.75112981784409,-0.008081340491567106,0.30671289013035685,True
478,285.93041978668225,362.29790316643266,357.29790316643266,177.29790316643266,174.29790316643266,-0.006035353005910422,-0.0013760838883360152,-45.38613909626497,-0.00442399204157433,0.31105026306654915,True
479,286.18129400375057,356.32426441299435,353.32426441299435,171.32426441299435,169.32426441299435,-0.0036719337933411706,-0.001427744442311338,-47.090012754250566,-0.004479333246573195,0.3187403936520238,True
480,286.43220590971305,371.35061187829365,367.35061187829365,185.35061187829365,183.35061187829365,-0.004703376279288878,-8.28415083667898e-06,-0.27322870746095873,-2.744966317648177e-05,0.3017942618609851,True
481,286.6831554801983,367.3769455596073,364.3769455596073,181.3769455596073,180.3769455596073,-0.0035610080415194494,0.0011599525240665993,38.25767240543058,0.003791316016564478,0.3059498387891434,True
482,286.934142690835,368.4032654542243,365.4032654542243,183.4032654542243,180.4032654542243,-0.003551046903194713,-0.003611622635385521,-119.11890596367532,-0.011852180172021505,0.30472221844139613,True
483,287.18516751725184,374.42957155944646,369.42957155944646,189.42957155944646,185.42957155944646,-0.005838484701832312,-0.0034302974400009833,-113.13841988347593,-0.011525084351974264,0.297637512684527,True
484,287.4362299350774,382.4558638725887,380.4558638725887,201.45586387258868,193.45586387258868,-0.002277041817561552,-0.01532097308046435,-505.3178961065579,-0.053558244631901175,0.28606189739345267,True
485,287.68732991994034,377.48214239097797,374.48214239097797,192.48214239097797,189.48214239097797,-0.0034652985111115328,-0.003356858895439148,-110.7162623197092,-0.011410730589499846,0.2941843967929739,True
486,287.93846744746935,370.50840711195474,367.50840711195474,183.50840711195474,183.50840711195474,-0.0035307884505240456,0.0035307884505240456,116.45282463756337,0.011638297755935645,0.3033767071927086,True
487,288.189642493293,378.5346580328717,376.5346580328717,195.53465803287168,190.53465803287168,-0.0023006920733204877,-0.008949069241676107,-295.15911408276054,-0.030715193118780838,0.29135643741742223,True
488,288.44085503303995,377.5608951510944,374.5608951510944,193.56089515109443,190.56089515109443,-0.0034645728182229746,-0.0033192648603406847,-109.47633202139579,-0.011374005530861302,0.29182901760812946,True
489,288.6921050423389,372.58711846400115,368.58711846400115,187.58711846400115,183.58711846400115,-0.004687682617602851,-0.0046731242957097595,-154.12946194413163,-0.015558339110690718,0.300361385779198,True
490,288.9433924968185,386.61332796898296,384.61332796898296,202.61332796898296,198.61332796898296,-0.0022524919340637345,-0.0064071295429230755,-211.320599788818,-0.022575229534598864,0.28381237644133317,True
491,289.1947173721073,384.63952366344347,383.63952366344347,201.63952366344347,196.63952366344347,-0.0011305650692248616,-0.009774284241303494,-322.37643933078886,-0.03425182124769013,0.2853653874525768,True
492,289.446079643834,381.66570554479904,377.66570554479904,196.66570554479904,192.66570554479904,-0.004575588395774059,-0.004348628890211041,-143.42692139780448,-0.01498861407962759,0.2901288182555627,True
493,289.6974792876273,376.6918736104792,371.6918736104792,191.6918736104792,187.6918736104792,-0.005803185137328594,-0.0033550474698416047,-110.65651769597702,-0.011370726776140325,0.2950600727546846,True
494,289.94891627911574,376.71802785792534,371.71802785792534,190.71802785792534,187.71802785792534,-0.005802779538332739,-0.0010829847511148625,-35.71911347110472,-0.003656679720482644,0.2961661490473439,True
495,290.20039059392803,375.74416828459243,372.74416828459243,190.74416828459243,187.74416828459243,-0.00348139138294821,-0.0034034217313167296,-112.2520025196849,-0.011492506271476003,0.29614269080399835,True
496,290.4519022076928,379.7702948879478,376.7702948879478,192.77029488794778,190.77029488794778,-0.0034443367413836837,-0.0010850239568596194,-35.78637076287443,-0.003677755683252015,0.29502339206507566,True
497,290.7034510960387,371.79640766547095,367.79640766547095,186.79640766547095,182.79640766547095,-0.0046977061694651635,-0.004703157084821465,-155.120006456444,-0.01561015777455476,0.30128824786689967,True
498,290.9550372345944,375.82250661465514,373.82250661465514,190.82250661465514,188.82250661465514,-0.0023173395655672496,-0.0022584982244226227,-74.49001869083938,-0.007643426265993619,0.2954824375648014,True
499,291.2066605989885,364.8485917330054,360.8485917330054,179.84859173300538,177.84859173300538,-0.004787659536785985,-6.895133775274617e-05,-2.2741600513205924,-0.00022442166846585004,0.30724010842668875,True
500,291.4583211648496,371.8746630180399,365.8746630180399,182.87466301803988,181.87466301803988,-0.00706425408453761,0.004682916881033863,154.45244199164114,0.015308573083829768,0.3059015922248405,True
501,291.7100189078065,384.9007204672896,379.9007204672896,196.9007204672896,194.9007204672896,-0.0056786068406889335,0.0012447461270176088,41.05434366263245,0.004285149463900088,0.290479045714479,True
502,291.96175380348774,386.926764078298,382.926764078298,199.926764078298,197.926764078298,-0.004513049552342121,0.00014663719703866904,4.836402982329162,0.0005114932578479544,0.2866845159516417,True
503,292.21352582752195,386.952793848621,380.952793848621,199.952793848621,195.952793848621,-0.006786823699710692,-0.0019891930833610743,-65.60776907280291,-0.006913519322494057,0.2877251065009639,True
504,292.4653349555378,383.9788097758276,378.9788097758276,196.97880977582759,192.97880977582759,-0.005692330586128541,-0.0032175548533948687,-106.12172220301707,-0.011038055551527828,0.2914965265734246,True
505,292.71718116316396,379.0048118574996,376.0048118574996,194.0048118574996,188.0048118574996,-0.003451321047193078,-0.010192215841578237,-336.1607019789992,-0.034441500895305385,0.2959283299691363,True
506,292.96906442602904,376.03080009123073,372.03080009123073,190.03080009123073,185.03080009123073,-0.004644522547246567,-0.0069354475683800106,-228.7456387662364,-0.02312840092199921,0.2998671456695119,True
507,293.2209847197617,385.05677447462836,380.05677447462836,197.05677447462836,192.05677447462836,-0.005676290335927838,-0.0054854486559784334,-180.9216268106358,-0.018678565346415738,0.29367612309855723,True
508,293.4729420199906,383.08273500531186,379.08273500531186,196.08273500531186,193.08273500531186,-0.004558574077772399,-0.0021373398984832637,-70.4939624326677,-0.007321615633107005,0.2919218934163389,True
509,293.72493630234436,376.1086816809136,373.1086816809136,190.1086816809136,187.1086816809136,-0.0034780037749449553,-0.0034300075858246415,-113.1288598834814,-0.011509072514883345,0.29802641189279255,True
510,293.97696754245163,375.1346144990787,371.1346144990787,189.13461449907868,184.13461449907868,-0.004655677861322831,-0.0069799038085869985,-230.211899013038,-0.023196287624374447,0.30090607262743974,True
511,294.22903571594105,370.1605334574642,368.1605334574642,184.16053345746423,181.16053345746423,-0.00235288176720617,-0.0047800916748468834,-157.65747094811104,-0.015642501005178725,0.3055835939063932,True
512,294.4811407984413,377.186438553741,374.186438553741,191.18643855374103,188.18643855374103,-0.0034680260861524883,-0.003400733823320575,-112.16334966412465,-0.011458023020826965,0.29679935335608465,True
513,294.733282765581,376.2123297855917,371.2123297855917,191.2123297855917,187.2123297855917,-0.005810631946947787,-0.003370813210053613,-111.17650494695991,-0.011403194402340567,0.2956025382994203,True
514,294.98546159298877,382.2382071507118,377.2382071507118,195.2382071507118,190.2382071507118,-0.0057184232231734375,-0.00554864330364009,-183.00591912247992,-0.018838104743555753,0.29454360612036634,True
515,295.2376772562933,386.26407064681007,383.26407064681007,200.26407064681007,195.26407064681007,-0.0033862050687178172,-0.007594495737323851,-250.48243266402233,-0.02627139402483314,0.2890785213051551,True
516,295.4899297311232,384.2899202716069,378.2899202716069,196.2899202716069,192.2899202716069,-0.0068342238428954205,-0.002107255409774831,-69.50171275898535,-0.007196551158063321,0.29281462237835587,True
517,295.74221899310714,389.315756022836,383.315756022836,201.315756022836,197.315756022836,-0.006745309331733237,-0.0019706911992430414,-64.99753804456276,-0.006856735042424012,0.2874095596592219,True
518,295.99454501787375,381.34157789824394,375.34157789824394,194.34157789824394,189.34157789824394,-0.00688748384470521,-0.004432248651574142,-146.18487689208132,-0.015026376952183573,0.29496455903364416,True
519,296.2469077810517,375.3673858955892,373.3673858955892,189.36738589558922,186.36738589558922,-0.002320156782832832,-0.0046151136836284625,-152.2161500223091,-0.015411509057259375,0.2994589086949002,True
520,296.4993072582696,377.3931800126436,375.3931800126436,191.3931800126436,187.3931800126436,-0.0023076693564168752,-0.006865007850459888,-226.4223888084956,-0.023013763677593068,0.29830009322394657,True
521,296.75174342515606,380.4189602471911,377.4189602471911,192.41896024719108,190.41896024719108,-0.003438440374282181,-0.0010992337650073958,-36.25504010388829,-0.0037065662309020884,0.2965639075441177,True
522,297.00421625733986,384.4447265970284,381.4447265970284,196.44472659702842,195.44472659702842,-0.003402292860199316,0.0011858748321782147,39.11264461433612,0.004075162902940025,0.29100059566273184,True
523,297.25672573044955,378.4704790599653,375.4704790599653,191.47047905996533,188.47047905996533,-0.0034562131371182717,-0.0034022762966023925,-112.21422367516004,-0.01143117682980469,0.297631324163544,True
524,297.5092718201137,381.49621763382356,379.49621763382356,194.49621763382356,192.49621763382356,-0.00228278475156199,-0.002206174813402937,-72.76428261423861,-0.0075121171283221546,0.29368216385833834,True
525,297.7618545019611,374.5219423164383,373.5219423164383,190.5219423164383,187.5219423164383,-0.0011611477602657216,-0.0057317599087332105,-189.04548966032115,-0.019338042340455712,0.296398146607747,True
526,298.01447375162036,373.5476531056563,370.5476531056563,187.5476531056563,184.5476531056563,-0.0035019452329120913,-0.003501162065422387,-115.4756841837431,-0.011632348917287729,0.3009849592990665,True
527,298.2671295447201,371.573349999338,368.573349999338,184.573349999338,181.573349999338,-0.0035206279531797887,-0.003596260453164534,-118.61222890349478,-0.011765030914142993,0.3056736934572261,True
528,298.51982185688894,373.59903299535586,370.59903299535586,187.59903299535586,185.59903299535586,-0.00350146167479101,-0.0011534246085777538,-38.04236803125923,-0.0038479314432706357,0.2997518603391163,True
529,298.77255066375557,375.6247020915948,373.6247020915948,190.62470209159483,186.62470209159483,-0.0023185631432487,-0.006891487361685593,-227.29573874731676,-0.023124189414619377,0.2980207106126157,True
530,299.02531594094864,396.6503572859533,391.6503572859533,208.6503572859533,206.6503572859533,-0.005509322749389739,0.001326350516790138,43.74582796564283,0.004765464599582184,0.27832554183833974,True
531,299.2781176640967,382.67599857634127,376.67599857634127,193.67599857634127,189.67599857634127,-0.006863275877560625,-0.0022001488036095217,-72.56553214488306,-0.007411514500318812,0.2968554947190457,True
532,299.5309558088285,374.7016259606819,369.7016259606819,187.7016259606819,183.7016259606819,-0.005834217033069337,-0.003520817364889353,-116.12395727461197,-0.011659186857377667,0.30197795163231816,True
533,299.78383035077263,382.7272394369111,378.7272394369111,191.72723943691108,192.72723943691108,-0.004562830622917317,0.006822112203451733,225.00760020567975,0.02298597938303684,0.296794497626945,True
534,300.0367412655578,384.75283900297677,381.75283900297677,196.75283900297677,195.75283900297677,-0.003399557591880278,0.0011866193038321204,39.13719885432383,0.004082393935965955,0.2906675157872408,True
535,300.28968852881263,378.7784246568401,375.7784246568401,190.77842465684012,189.77842465684012,-0.0034533920459327845,0.001170970997485562,38.621084819063455,0.003939075818619266,0.29727048967948355,True
536,300.5426721161657,384.80399639647476,381.80399639647476,196.80399639647476,194.80399639647476,-0.0033991038677271316,-0.0010369471409391053,-34.20069631877311,-0.003554546982922152,0.29172413416424814,True
537,300.79569200324573,376.82955421986617,374.82955421986617,188.82955421986617,185.82955421986617,-0.0023111301489229753,-0.004644052644610642,-153.17061778373807,-0.015357468539627436,0.3023970150176394,True
538,301.04874816568133,384.8550981250137,379.8550981250137,196.85509812501368,191.85509812501368,-0.005679284427387163,-0.005494038037285385,-181.2049226605854,-0.018693715444051146,0.2938975964263829,True
539,301.30184057910117,384.88062810992847,381.88062810992847,197.88062810992847,193.88062810992847,-0.0033984244337831927,-0.005470437766717785,-180.42653613068723,-0.01875634451934389,0.2916579913040084,True
540,301.5549692191338,384.90614417263396,380.90614417263396,194.90614417263396,191.90614417263396,-0.004536865631887929,-0.0021997847233605683,-72.55352401299425,-0.007415941107153608,0.29662920613522664,True
541,301.80813406140805,373.93164631116724,370.93164631116724,184.93164631116724,181.93164631116724,-0.003498334536187591,-0.0036046518597102864,-118.8889951296871,-0.011719269944826843,0.3075833116465982,True
542,302.0613350815524,380.957134523577,376.957134523577,193.957134523577,187.957134523577,-0.004584143953105745,-0.009062799954253641,-298.91019203979056,-0.03044254826087699,0.29770175205406935,True
543,302.31457225519557,380.98260880792486,376.98260880792486,192.98260880792486,188.98260880792486,-0.004583835812436157,-0.0045124973343567435,-148.8316471289362,-0.015160759344402171,0.2976432269550469,True
544,302.56784555796617,382.008069162285,378.008069162285,193.00806916228498,191.00806916228498,-0.004571465999266945,4.771436185737037e-05,1.5737199472386862,0.0001609398748739205,0.2964732133335481,True
545,302.82115496549284,387.03351558474446,382.03351558474446,197.03351558474446,194.03351558474446,-0.005647109853566749,-0.0010162439994618059,-33.517863195892346,-0.003459947555962807,0.2937165905045094,True
546,303.0745004534043,380.05894807340246,377.05894807340246,193.05894807340246,189.05894807340246,-0.0034417103890338366,-0.00565098797309707,-186.38146144450548,-0.01902775911970204,0.2969865204592499,True
547,303.3278819973291,396.0843666263711,395.0843666263711,210.0843666263711,207.0843666263711,-0.0010978561081171664,-0.005148565554000368,-169.81051399610638,-0.01852213547926695,0.2779682483028751,True
548,303.581299572896,387.1097712417745,387.1097712417745,202.10977124177452,199.10977124177452,0.0,-0.006494737116945874,-214.2100817267928,-0.022749104200686734,0.2854941917559029,True
549,303.8347531557335,389.1351619177501,387.1351619177501,202.1351619177501,200.1351619177501,-0.002237856733737016,-0.0020806130574262606,-68.62299197764834,-0.007287639108176532,0.28549891488066,True
550,304.08824272147035,383.16053865244726,380.16053865244726,195.16053865244726,193.16053865244726,-0.003413740803986632,-0.0010598594967343652,-34.95639397351728,-0.003610875587968033,0.2935186967576431,True
551,304.3417682457351,374.18590144402833,371.18590144402833,185.18590144402833,184.18590144402833,-0.003495947863876875,0.0011444118800168616,37.74510929902007,0.0037533109293148388,0.30490729427145336,True
552,304.5953297041566,385.2112502906682,380.2112502906682,195.2112502906682,193.2112502906682,-0.005673999118903707,0.0012015669668357038,39.630204199415886,0.004078730983926326,0.2945933359103361,True
553,304.84892707236327,385.2365851905538,381.2365851905538,196.2365851905538,194.2365851905538,-0.0045329537044058515,8.40100864459856e-05,2.770829235954068,0.0002868163094028635,0.292905541602185,True
554,305.10256032598386,385.2619061418852,383.2619061418852,196.26190614188522,195.26190614188522,-0.0022604138238899955,4.192589206533561e-05,1.3828040464257612,0.00014314107821338288,0.29289909359796745,True
555,305.3562294406469,382.28721314287486,379.28721314287486,191.28721314287486,189.28721314287486,-0.0034215702100978884,-0.0011430925731352641,-37.701595784948466,-0.003794178535756661,0.3012753781517297,True
556,305.60993439198126,384.3125061917476,381.3125061917476,195.31250619174762,192.31250619174762,-0.0034034679972113364,-0.003319057220650498,-109.46948362796529,-0.011227672900991538,0.2956139932040045,True
557,305.8636751556154,373.3377852867409,370.3377852867409,184.33778528674088,181.33778528674088,-0.0035039217764702537,-0.0036221363042384554,-119.46566886164682,-0.011748790690471302,0.3082986495943059,True
558,306.117451707178,372.363050426105,367.363050426105,181.36305042610502,181.36305042610502,-0.005871106826410042,0.005871106826410042,193.64144390549734,0.018970740664209243,0.30948221423355626,True
559,306.37126402229774,373.3883016081022,369.3883016081022,184.3883016081022,181.3883016081022,-0.004677569846217335,-0.0024465198287286815,-80.69136641278436,-0.007952267293966102,0.30765060306574626,True
560,306.6251120766033,387.4135388310076,385.4135388310076,197.4135388310076,195.4135388310076,-0.002247827303073292,-0.002174456792434867,-71.71815561303102,-0.00739900348025335,0.2938850884768622,True
561,306.87899584572324,386.43876209310906,382.43876209310906,196.43876209310906,194.43876209310906,-0.004518778466987876,7.443725920657732e-05,2.455097271998227,0.0002533462764092439,0.2938162749482641,True
562,307.13291530528625,384.4639713927065,381.4639713927065,196.46397139270653,194.46397139270653,-0.003402121885628562,-0.0010416461183884607,-34.35567847206649,-0.0035661386947400844,0.2920935520328607,True
563,307.3868704309209,378.48916672811265,376.48916672811265,190.48916672811265,188.48916672811265,-0.002300969331539029,-0.0022829181932837407,-75.29544059342217,-0.007626897223030364,0.29932463051818575,True
564,307.64086119825595,385.5143480976528,382.5143480976528,197.51434809765283,194.51434809765283,-0.003392816124026159,-0.003254191566321193,-107.3300780038503,-0.011141859120048265,0.2920689923700181,True
565,307.89488758292,385.5395154996645,382.5395154996645,195.5395154996645,191.5395154996645,-0.0033925937791049582,-0.005583556457838132,-184.15742833362094,-0.018760302587555545,0.2976261407181101,True
566,308.1489495605417,387.5646689324981,385.5646689324981,199.56466893249808,194.56466893249808,-0.0022469484956921804,-0.008772728062160198,-289.3430113220586,-0.029977178795996734,0.292646887215809,True
567,308.4030471067497,384.58980839451647,381.58980839451647,194.58980839451647,192.58980839451647,-0.0034010043482130574,-0.0010857849960189724,-35.811471434015814,-0.0036629879760882713,0.2964205733425555,True
568,308.6571801971726,392.6149338840946,391.6149338840946,203.61493388409463,203.61493388409463,-0.001107569948905614,0.001107569948905614,36.5299849710897,0.0038916258211484545,0.28460340223016606,True
569,308.911348807439,384.64004539962025,382.64004539962025,196.64004539962025,195.64004539962025,-0.0022640778547887825,4.986697417004799e-05,1.6447176259933087,0.0001711538484703205,0.29135759794904836,True
570,309.16555291317775,383.66514293949376,379.66514293949376,194.66514293949376,191.66514293949376,-0.004551617722439642,-0.0021934379084625763,-72.3441927169736,-0.007416254584171115,0.2957608700683147,True
571,309.41979249001736,369.6902265021281,367.6902265021281,182.6902265021281,178.6902265021281,-0.0023558831542902993,-0.007258631754120464,-239.40493252881814,-0.023433690292623044,0.30975197092220214,True
572,309.6740675135864,382.71529608594824,380.71529608594824,195.71529608594824,191.71529608594824,-0.0022754942225123305,-0.006692510322431967,-220.7330577530292,-0.02271748649196302,0.2945973061236171,True
573,309.9283779595137,377.7403516893919,374.7403516893919,189.7403516893919,187.7403516893919,-0.0034629202925655013,-0.0011391538468082355,-37.5716883116789,-0.003802207832835848,0.29960325602680327,True
574,310.18272380342773,378.76539331090953,375.76539331090953,187.76539331090953,185.76539331090953,-0.0034535113328365264,-0.0011972285551821323,-39.48711426395856,-0.0039207971223040846,0.3053533549011004,True
575,310.4371050209572,367.79042094896363,365.79042094896363,178.79042094896363,176.79042094896363,-0.0023680856049683127,-0.002517431392744797,-83.03017884656758,-0.008004172556338314,0.31451488270968153,True
576,310.6915215877308,376.81543460202965,374.81543460202965,187.81543460202965,185.81543460202965,-0.002311216979918986,-0.0023382771144879596,-77.12129417639818,-0.007702683884306072,0.30356654246867265,True
577,310.9459734793771,387.8404342685951,385.8404342685951,198.84043426859512,196.84043426859512,-0.00224534671569801,-0.002145041751936156,-70.74798574845165,-0.007365686098410458,0.29122090234052517,True
578,311.20046067152475,384.86541994716004,381.86541994716004,196.86541994716004,192.86541994716004,-0.003398559251157812,-0.005516511106851418,-181.9461317321322,-0.01877017386430078,0.29389770956481853,True
579,311.4549831398025,375.8903916362374,374.8903916362374,187.89039163623738,184.89039163623738,-0.001156914903536086,-0.0058333143788335175,-192.39496954660444,-0.019183907908744805,0.3040733101191784,True
580,311.7095408598389,379.9153493343522,378.9153493343522,191.9153493343522,189.9153493343522,-0.0011446419710485411,-0.00340500220610032,-112.30412990012601,-0.011415470109037656,0.2982796304993669,True
581,311.9641338072626,370.94029304004175,368.94029304004175,182.94029304004175,181.94029304004175,-0.0023479223424396223,-3.255820822067141e-05,-1.0738381428296435,-0.00010604902354475537,0.30701091940682534,True
582,312.2187619577023,385.9652227518566,382.9652227518566,195.96522275185657,194.96522275185657,-0.0033888372197219204,0.001166981981017284,38.48951867122818,0.003972222161922429,0.29378567800258737,True
583,312.47342528678655,394.99013846835874,391.99013846835874,205.99013846835874,204.99013846835874,-0.003311111586811153,0.0011976508522822992,39.50104250996928,0.004244866435167801,0.28214099797346287,True
584,312.7281237701441,394.0150401881233,393.0150401881233,206.0150401881233,205.0150401881233,-0.00110362926765778,-0.0010095753833524108,-33.297918219509704,-0.00357854876570704,0.28211866023095583,True
585,312.9828573834036,386.039927909738,384.039927909738,196.03992790973803,195.03992790973803,-0.002255846351926443,3.483996681312397e-05,1.1490953373502322,0.00011839444945797491,0.2942702717283271,True
586,313.23762610219353,390.0648016318023,389.0648016318023,202.0648016318023,199.0648016318023,-0.001114820226467444,-0.0053813731613834865,-177.48899823745288,-0.018663498829544337,0.28833678028606124,True
587,313.4924299021427,387.0896613529287,382.0896613529287,196.08966135292872,194.08966135292872,-0.00564628541576889,0.0011939911983425032,39.380339430626776,0.004050724944390682,0.29475987995578545,True
588,313.7472687588797,385.1145070717421,381.1145070717421,194.11450707174208,193.11450707174208,-0.004534398140737874,0.002291304614741865,75.57204240094615,0.007730806497662234,0.2963862328509641,True
589,314.0021426480332,373.1393387868793,368.1393387868793,181.1393387868793,180.1393387868793,-0.005858809669022251,0.0034545958696107185,113.93983316607881,0.011067776974618007,0.312130961577309,True
590,314.2570515452318,376.1641564969905,372.1641564969905,185.16415649699047,184.16415649699047,-0.004642867154492473,0.0022910542664606078,75.56378538841079,0.007470627039802781,0.30667496238991604,True
591,314.5119954261042,394.18896020073726,390.18896020073726,203.18896020073726,202.18896020073726,-0.00442947956981313,0.0022868105146788657,75.4238175344967,0.00797740523342232,0.286660943974363,True
592,314.76697426627896,389.2137498967945,386.2137498967945,197.21374989679452,197.21374989679452,-0.003360442972631069,0.003360442972631069,110.83447271904826,0.011446790380134126,0.2935707618498115,True
593,315.0219880413848,387.23852558384897,386.23852558384897,197.23852558384897,197.23852558384897,-0.0011229673155048702,0.0011229673155048702,37.03782248602135,0.003840184869438065,0.29242532682266265,True
594,315.27703672705036,387.2632872606,383.2632872606,197.2632872606,194.2632872606,-0.004509107383062188,-0.0021464252386838604,-70.79361604941033,-0.007299939929549773,0.2940332741637015,True
595,315.53212029890426,378.2880349257596,376.2880349257596,189.28803492575958,186.28803492575958,-0.002302195981294352,-0.004636005150278163,-152.90519450522564,-0.015299466181112479,0.3030174448832346,True
596,315.7872387325752,376.3127685780519,375.3127685780519,189.31276857805187,184.31276857805187,-0.001155614642350943,-0.010468869424332214,-345.2853186501058,-0.03448204658635391,0.3036034824126481,True
597,316.0423920036917,375.3374882162134,373.3374882162134,187.3374882162134,183.3374882162134,-0.002320342090571936,-0.00705307383063471,-232.62520013986818,-0.02310030899966508,0.30532378725916476,True
598,316.2975800878826,375.36219383899333,373.36219383899333,187.36219383899333,185.36219383899333,-0.0023201889614096975,-0.002340613116716849,-77.19834044006586,-0.007726354491014386,0.30293887232833294,True
599,316.55280296077626,371.386885445153,368.386885445153,181.38688544515298,180.38688544515298,-0.0035224027647321253,0.0011214791879589144,36.98874091158666,0.0036099897091620803,0.31065994041828515,True
600,316.8080605980016,386.4115630334661,381.4115630334661,195.4115630334661,191.4115630334661,-0.00565625866265014,-0.0033258302182687964,-109.69287132591626,-0.011169395736477067,0.29776277040729104,True
601,317.0633529751872,385.43622660271944,381.43622660271944,194.43622660271944,191.43622660271944,-0.0045305935161014995,-0.002222465358356203,-73.30157902870138,-0.007450772215352364,0.298286579447,True
602,317.3186800679616,380.4608761517113,374.4608761517113,190.46087615171132,185.46087615171132,-0.006903554581027304,-0.004649916104736258,-153.36400702337855,-0.015354914095509571,0.3028291839220443,True
603,317.5740418519535,384.4855116792528,377.4855116792528,193.4855116792528,190.4855116792528,-0.00797969163375652,0.001193190160197118,39.353919508850225,0.0040089049525869076,0.2976349338058424,True
604,317.8294383027916,383.51013318416744,377.51013318416744,192.51013318416744,190.51013318416744,-0.006848229935427069,0.00231271610271517,76.27823828017378,0.007756448395260098,0.29816689093534765,True
605,318.08486939610447,382.5347406652911,377.5347406652911,191.5347406652911,189.5347406652911,-0.005713961123011653,0.0011552284941861645,38.10186397030125,0.0038527431083335475,0.29984571036864255,True
606,318.3403351075208,384.5593341214719,384.5593341214719,194.55933412147192,192.55933412147192,0.0,-0.004487495763672333,-148.00704277572345,-0.015050880432056988,0.2981550337822351,True
607,318.5958354126692,373.58391355157073,373.58391355157073,181.58391355157073,182.58391355157073,0.0,0.0023851397140367625,78.66692121233888,0.007641782884519435,0.31211822556075614,True
608,318.8513702871784,385.6084789544602,383.6084789544602,195.60847895446022,193.60847895446022,-0.0022583769433955703,-0.0022049260609450757,-72.72309613336365,-0.007452565104698545,0.295861361822248,True
609,319.1069397066769,381.63303032902604,379.63303032902604,191.63303032902604,188.63303032902604,-0.0022819642358764946,-0.004570661395849792,-150.7500201349012,-0.01516170456347261,0.3014609192993625,True
610,319.3625436467934,378.65756767416565,374.65756767416565,188.65756767416565,184.65756767416565,-0.00461213155754871,-0.0046949886088916955,-154.85059295055567,-0.015397448781604706,0.30491990429614463,True
611,319.6181820831566,371.68209098878947,367.68209098878947,180.68209098878947,178.68209098878947,-0.004699158868007365,-0.00013492296476034626,-4.450042979064534,-0.00043061804834153815,0.31332398927537325,True
612,319.8738549913952,389.70660027181975,385.70660027181975,200.70660027181975,197.70660027181975,-0.004480690645243013,-0.0020597958085885907,-67.9363953541746,-0.0071222442676545416,0.2892060046217583,True
613,320.1295623471377,392.7310955221915,387.7310955221915,201.73109552219148,199.73109552219148,-0.005564656796667431,0.001237493896143433,40.81514984457857,0.00428638052512637,0.28870369508478244,True
614,320.38530412601284,391.7555767388519,387.7555767388519,201.75557673885191,197.75557673885191,-0.004457134878940024,-0.004239673526575367,-139.8333444864197,-0.014603979106575425,0.2903094763170716,True
615,320.6410803036492,386.78004392076036,381.78004392076036,193.78004392076036,189.78004392076036,-0.005650834800333469,-0.0034076723955755667,-112.39219836162329,-0.01128895991224135,0.30185884457614265,True
616,320.89689085567545,392.8044970668891,389.8044970668891,200.8044970668891,197.8044970668891,-0.0033296060669974425,-0.0032076676301857955,-105.79562079913713,-0.010947415143233712,0.2930068503128215,True
617,321.1527357577203,383.828936176222,379.828936176222,192.828936176222,188.828936176222,-0.004549665178334404,-0.004553993690715885,-150.20028418490926,-0.015117367675942274,0.30124250387606133,True
618,321.4086149854122,376.8533612477561,374.8533612477561,186.85336124775608,184.85336124775608,-0.0023109837583216394,-0.0023625789914105875,-77.92282115862629,-0.0077245630518329705,0.30585276805397665,True
619,321.6645285143801,378.87777228050004,376.87777228050004,188.87777228050004,186.87777228050004,-0.002298603027668881,-0.002324600429703144,-76.67020836449322,-0.007659799726646733,0.3034805755581805,True
620,321.92047632025236,385.90216927347524,383.90216927347524,194.90216927347524,192.90216927347524,-0.002256653735568421,-0.0022229076217892348,-73.31616580633819,-0.0074651331074133825,0.29777200082095484,True
621,322.1764583786578,382.92655222571534,379.92655222571534,191.92655222571534,187.92655222571534,-0.0034158349876268687,-0.005731080611365609,-189.0230850052888,-0.01892407813391575,0.3028459600943182,True
622,322.43247466522496,383.9509211362663,380.9509211362663,192.9509211362663,190.9509211362663,-0.0034066858108212964,-0.0011184126716662622,-36.887600758592384,-0.0037356621932060565,0.2993880639690301,True
623,322.6885251555826,385.9752760041865,380.9752760041865,193.97527600418653,189.97527600418653,-0.005662694076686779,-0.003386600269994767,-111.69719536742309,-0.011269644103855494,0.3005064080804616,True
624,322.9446098253593,379.9996168285463,376.9996168285463,189.99961682854632,186.99961682854632,-0.0034422498957880124,-0.003469758571449912,-114.43993094397007,-0.011460224880338703,0.3027653128694421,True
625,323.2007286501836,380.0239436084287,376.0239436084287,187.02394360842868,185.02394360842868,-0.00459546059401013,-7.381645616520282e-05,-2.434621882797046,-0.00023970221907700304,0.3079506583186436,True
626,323.4568816056843,391.0482563429291,387.0482563429291,200.0482563429291,197.0482563429291,-0.0044652384441155445,-0.0020969357001863545,-69.16134704524825,-0.007177745674539779,0.2921440512477903,True
627,323.71306866749,387.07255503115516,382.07255503115516,195.07255503115516,193.07255503115516,-0.005646536577467945,0.0011709081150623173,38.61901082456919,0.003942308835280574,0.29701075283184497,True
628,323.9692898112294,385.09683967222645,379.09683967222645,193.09683967222645,192.09683967222645,-0.006819790604722164,0.004564844685981477,150.55817281701334,0.015343377967766931,0.2975123662840877,True
629,324.22554501253103,391.12111026527555,389.12111026527555,202.12111026527555,199.12111026527555,-0.0022264646627035904,-0.004267905360662296,-140.7644897164983,-0.014776349868550896,0.28883353457580563,True
630,324.4818342470236,393.1453668094466,390.1453668094466,202.1453668094466,202.1453668094466,-0.003326708105823598,0.003326708105823598,109.72182590274896,0.01158219631557794,0.28722601613557597,True
631,324.73815749033565,394.16960930389655,392.16960930389655,204.16960930389655,203.16960930389655,-0.002209201363075165,7.684908989631211e-05,2.534644517692172,0.0002690289426173484,0.28565361462100347,True
632,324.994514718096,404.19383774779453,400.19383774779453,211.19383774779453,209.19383774779453,-0.004319291057609835,0.00018693624455995948,6.1655502761471155,0.0006633296995188919,0.2818149778240639,True
633,325.2509059059332,402.2180521403218,396.2180521403218,208.2180521403218,205.2180521403218,-0.006527299877408704,0.00022448161850089493,7.4038756272019555,0.0007853650127745263,0.28583093828925416,True
634,325.50733102947595,398.24225248067205,392.24225248067205,204.24225248067205,201.24225248067205,-0.006592961451533681,0.0001665397104463999,5.492829708595764,0.0005744363507760818,0.28991847438171253,True
635,325.76379006435286,379.26643876805133,373.26643876805133,185.26643876805133,183.26643876805133,-0.00692547046761065,0.002211657703610481,72.9451198580422,0.007133417105647955,0.3100418314049488,True
636,326.0202829861925,374.2906110016779,368.2906110016779,180.29061100167792,176.29061100167792,-0.0070182857374002155,-0.0027256418286666353,-89.89739667110697,-0.008555095524811785,0.31859864343555655,True
637,326.27680977062363,377.3147691807824,374.3147691807824,186.31476918078238,181.31476918078238,-0.0034668418360210844,-0.008347259529881178,-275.31016481409625,-0.026872019588294955,0.3106301520231519,True
638,326.5333703932748,391.3389133046071,388.3389133046071,198.3389133046071,196.3389133046071,-0.0033421237108104823,-0.0010594227664986553,-34.941989692358646,-0.003583067298185206,0.29567481666762,True
639,326.78996482977476,389.3630433724079,386.3630433724079,197.3630433724079,194.3630433724079,-0.0033591494819958717,-0.0032929932402924285,-108.60983877058375,-0.011097406443836512,0.29673539100853186,True
640,327.04659305575206,404.38715938345126,401.38715938345126,213.38715938345126,209.38715938345126,-0.0032338818338166916,-0.004984355124332207,-164.3945088636077,-0.017793562905922645,0.2801212523138437,True
641,327.30325504683543,395.41126133701755,393.41126133701755,204.41126133701755,200.41126133701755,-0.0022022465131325375,-0.006380450190440878,-210.44065866530156,-0.022021718131600792,0.28973444089655476,True
642,327.55995077865344,393.43534923239827,390.43534923239827,202.43534923239827,199.43534923239827,-0.0033242467399314346,-0.0031599664841570753,-104.22233673770637,-0.01089016455624013,0.290167009675386,True
643,327.8166802268348,378.4594230688974,375.4594230688974,186.45942306889742,185.45942306889742,-0.003456314506821739,0.0011208828233568902,36.96907155348357,0.0036525767287061426,0.30687454545381776,True
644,328.07344336700805,375.48348284583153,371.48348284583153,186.48348284583153,182.48348284583153,-0.0046513289415472435,-0.0047654815060392585,-157.1755968709974,-0.015556529303422608,0.3063332066613856,True
645,328.330240174802,381.5075285625294,377.5075285625294,191.5075285625294,189.5075285625294,-0.004577495515153836,1.811170482227554e-05,0.5973620949288829,6.051188879414154e-05,0.29930820510149114,True
646,328.5870706258451,390.5315602183316,386.5315602183316,199.5315602183316,196.5315602183316,-0.004471176731673098,-0.002108119832271987,-69.53022322991407,-0.007202357125509634,0.2926985979083643,True
647,328.84393469576617,381.55557781259154,379.55557781259154,192.55557781259154,189.55557781259154,-0.0022824286744403378,-0.0045371064134973865,-149.643306286038,-0.01516056579523023,0.29927025645209343,True
648,329.10083236019375,398.57958134467435,397.57958134467435,208.57958134467435,206.57958134467435,-0.001090974595630339,-0.003093423877329563,-102.02762169533094,-0.01093894492869258,0.28278996717641286,True
649,329.35776359475653,395.60357081395773,393.60357081395773,203.60357081395773,202.60357081395773,-0.0022011732468976597,6.287820114343886e-05,2.073855240518739,0.00021799149131722777,0.28844337347064897,True
650,329.61472837508313,385.6275462198314,383.6275462198314,195.6275462198314,192.6275462198314,-0.002258264987642628,-0.004453350140718057,-146.8808483583138,-0.01499622646680821,0.29696471646216116,True
651,329.87172667680215,381.6515075616976,381.6515075616976,190.6515075616976,188.6515075616976,0.0,-0.0045799636650516815,-151.0568285260803,-0.015079721856315027,0.303716720287762,True
652,330.1287584755424,381.6754548389704,379.6754548389704,190.67545483897038,188.67545483897038,-0.002281709920399662,-0.002297675495387053,-75.78216743589432,-0.007594409416522382,0.30254827852554733,True
653,330.3858237469324,390.69938805107654,388.69938805107654,199.69938805107654,197.69938805107654,-0.0022288740935516357,-0.0021425349266100523,-70.66530537997632,-0.007323972660014722,0.2925372644148764,True
654,330.6429224666007,386.72330719745446,384.72330719745446,196.72330719745446,193.72330719745446,-0.002251849690179039,-0.004422092599113238,-145.84990893441062,-0.014951848588758532,0.29575557650028406,True
655,330.90005461017614,388.74721227755526,383.74721227755526,197.74721227755526,194.74721227755526,-0.0056220541274224515,-0.0010170660097665448,-33.54497482356686,-0.0034586382269225055,0.2940654509192566,True
656,331.1572201532873,383.7711032908421,379.7711032908421,191.77110329084212,189.77110329084212,-0.004550354400426854,-2.729921366738039e-06,-0.09003854483208329,-9.060762451253461e-06,0.301290468812631,True
657,331.41441907156275,389.79498023679025,384.79498023679025,198.79498023679025,195.79498023679025,-0.005606844087687593,-0.0009970165302792102,-32.88370084707972,-0.003403607649905536,0.29292933640776175,True
658,331.67165134063123,395.8188431148874,389.8188431148874,202.8188431148874,199.8188431148874,-0.006633636852414533,0.00016177591582096883,5.335709748592961,0.00055725753086312,0.2903072760100681,True
659,331.92891693612137,384.8426919246331,381.8426919246331,192.84269192463307,189.84269192463307,-0.0033987607505506045,-0.0034105410484901702,-112.48681256451064,-0.011301215531822938,0.3017853290990225,True
660,332.1862158336617,384.86652666553914,384.86652666553914,192.86652666553914,190.86652666553914,0.0,-0.004527088929766983,-149.31290861636361,-0.01497465091788203,0.3023168255869621,True
661,332.44354800888107,392.89034733713015,388.89034733713015,199.89034733713015,196.89034733713015,-0.00444419540870216,-0.0021232021040084393,-70.0276682539569,-0.007208507858272399,0.2945411374660399,True
662,332.70091343740796,385.91415393894204,384.91415393894204,193.91415393894204,190.91415393894204,-0.001126826093708604,-0.005644556433229618,-186.16933574090447,-0.0187089539480665,0.3017034757206702,True
663,332.958312094871,390.9379464705237,388.9379464705237,200.93794647052368,197.93794647052368,-0.002227510494502743,-0.004305388768407415,-142.00077129216533,-0.01478506190549326,0.2911985621654912,True
664,333.215743956899,390.96172493143536,388.96172493143536,199.96172493143536,196.96172493143536,-0.0022273746683432716,-0.004337660762248886,-143.06516948316073,-0.014786327307304547,0.29335619806725444,True
665,333.4732089991205,382.98548932125004,379.98548932125004,191.98548932125004,187.98548932125004,-0.003415307257283669,-0.005728770585632311,-188.9468955010471,-0.018920677566285477,0.3027782998554099,True
666,333.73070719716407,395.0092396395528,392.0092396395528,205.0092396395528,201.0092396395528,-0.0033109508619397167,-0.005246463253430335,-173.03938589933435,-0.0182512943560234,0.2874570510501282,True
667,333.9882385266585,388.0329758859409,385.0329758859409,196.0329758859409,194.0329758859409,-0.003370708496534488,-0.0010828797830806803,-35.71565140469984,-0.0036450664839472,0.2970809415547456,True
668,334.2458029632324,389.0566980600238,386.0566980600238,197.0566980600238,196.0566980600238,-0.0033618047579219625,0.0011522874891073628,38.00486344095796,0.003908105390204406,0.2948455515031785,True
669,334.5034004825144,383.0804061614226,381.0804061614226,190.08040616142262,189.08040616142262,-0.0022733197857975123,-1.7504976476798075e-05,-0.577350918782642,-5.75137974282802e-05,0.30436134040056756,True
670,334.76103106013306,380.10410018977154,374.10410018977154,187.10410018977154,184.10410018977154,-0.006910086268700013,-0.0001097576413814777,-3.6200377177887333,-0.00035650167139212994,0.30787412847989437,True
671,335.01869467171707,389.1277801447161,383.1277801447161,198.1277801447161,194.1277801447161,-0.00674859323547307,-0.0021090920200549654,-69.56228802648633,-0.0071688712436474185,0.29420140889319274,True
672,335.2763912928952,398.1514460259141,393.1514460259141,207.15144602591408,204.15144602591408,-0.005488420000321016,-0.0008470888253286962,-27.938769997336152,-0.002980777261613876,0.28418387252124255,True
673,335.534120899296,388.17509783303626,383.17509783303626,194.17509783303626,193.17509783303626,-0.005630394174338947,0.0033880023975605598,111.74344048174437,0.011325803445223935,0.2991401372932419,True
674,335.79188346654803,400.1987355657643,397.1987355657643,207.1987355657643,206.1987355657643,-0.003267854840597533,0.0011667518618911623,38.481928858749896,0.004089486336178637,0.28530523542020614,True
675,336.04967897028007,392.22235922379264,390.22235922379264,200.22235922379264,198.22235922379264,-0.0022201973762663806,-0.0021397362283745616,-70.57299842944727,-0.00730062044573465,0.2930896413913274,True
676,336.30750738612073,395.24596880682816,393.24596880682816,203.24596880682816,201.24596880682816,-0.002203169836357297,-0.0020915809930680085,-68.98473754916083,-0.007215052674164065,0.28989129913876044,True
677,336.5653686896986,381.2695643145894,378.2695643145894,189.2695643145894,185.2695643145894,-0.003430738909773431,-0.0058459632858760095,-192.81215708823066,-0.019037615894231454,0.30707433737264245,True
678,336.8232628566424,394.2931457468071,393.2931457468071,204.2931457468071,199.2931457468071,-0.0011028498590587238,-0.00965858362859013,-318.56038992664844,-0.033260189828041395,0.29039472349755074,True
679,337.0811898625807,391.3167131032242,389.3167131032242,200.31671310322417,197.31671310322417,-0.002225348890054772,-0.004327964193809989,-142.745356274348,-0.014772459540146042,0.29297519360592555,True
680,337.3391496831422,396.3402663835957,393.3402663835957,202.3402663835957,200.3402663835957,-0.0032997893695716567,-0.0010142811425509764,-33.453124049146936,-0.003467710587492588,0.29249302009496037,True
681,337.5971422939555,386.3638055876886,383.3638055876886,193.3638055876886,190.3638055876886,-0.0033853275469087805,-0.003405479023249686,-112.31985633195767,-0.011264336070405995,0.30232398979968855,True
682,337.85516767064934,394.3873307152826,390.3873307152826,202.3873307152826,199.3873307152826,-0.004427240217787152,-0.0020585229989012674,-67.89441541530493,-0.007079584645961682,0.29076889419995633,True
683,338.1132257888523,395.4108417661687,391.4108417661687,203.4108417661687,198.4108417661687,-0.004415721960069047,-0.006392975446282594,-210.85376793041755,-0.021903430763296056,0.29187096374853794,True
684,338.37131662419296,391.43433874015045,388.43433874015045,200.43433874015045,196.43433874015045,-0.003341305812190739,-0.00541341257741821,-178.54572552351488,-0.01845103102585397,0.29339350033246503,True
685,338.62944015230005,381.4578216370435,377.4578216370435,187.45782163704348,185.45782163704348,-0.004578095153451558,-8.031651388419082e-05,-2.649007449162781,-0.0002602751400038138,0.3085831166319378,True
686,338.88759634880216,394.4812904566752,391.4812904566752,200.4812904566752,198.4812904566752,-0.003315398989144778,-0.0010388752280568085,-34.26428868465686,-0.0035279253463732325,0.2944719987130085,True
687,339.1457851893281,390.50474519888576,387.50474519888576,196.50474519888576,193.50474519888576,-0.0033492905144163706,-0.003332132247583185,-109.90072549925263,-0.011110094644924087,0.29991933949055505,True
688,339.4040066495063,385.5281858635267,382.5281858635267,193.5281858635267,189.5281858635267,-0.0033926938687479247,-0.0056777260582841545,-187.26333969608237,-0.018791036068767173,0.3021507721823374,True
689,339.66226070496543,386.55161245046224,382.55161245046224,195.55161245046224,191.55161245046224,-0.0045174523642086085,-0.004458136824564086,-147.03872325292394,-0.014951402659250304,0.29817515628246927,True
690,339.9205473313343,387.57502495956805,383.57502495956805,194.57502495956805,193.57502495956805,-0.004505461700916945,0.002267690803473409,74.79320927027193,0.007606258890443645,0.29813484344090513,True
691,340.1788665042414,383.59842339073225,380.59842339073225,191.59842339073225,187.59842339073225,-0.0034098286172988632,-0.005752918280194827,-189.74333722495516,-0.018901606393147224,0.30436134159901596,True
692,340.43721819931545,384.621807743855,381.621807743855,191.62180774385502,188.62180774385502,-0.003400720284408169,-0.0034523098635972404,-113.86443588268496,-0.01134452270149524,0.30431512673003125,True
693,340.69560239218504,389.6451780188488,386.6451780188488,196.6451780188488,191.6451780188488,-0.0033567077618749286,-0.007828697229084716,-258.2068901420215,-0.026017574072355,0.3009003532501943,True
694,340.9540190584788,387.66853421563746,384.66853421563746,195.66853421563746,191.66853421563746,-0.003373889592031236,-0.0055962804594656326,-184.57709265250577,-0.018670592472454513,0.2997377007570624,True
695,341.2124681738255,385.69187633415777,381.69187633415777,191.69187633415777,188.69187633415777,-0.004527574776132003,-0.0023229305422765604,-76.61513196714535,-0.007621206991653215,0.30479824846912645,True
696,341.4709497138537,397.71520437435765,391.71520437435765,201.71520437435765,198.71520437435765,-0.006601765119456573,9.422825591494984e-05,3.107845943117411,0.0003196492152122576,0.2947864453612976,True
697,341.72946365419205,383.738518336198,379.738518336198,189.738518336198,187.738518336198,-0.004550742822862338,-5.1376020609444385e-05,-1.694489149504136,-0.0001679473157335963,0.3059055775022851,True
698,341.9880099704692,388.7618182196509,386.7618182196509,194.76181821965088,193.76181821965088,-0.002240011389951699,4.392239938818578e-06,0.1448653054491018,1.4632138144991103e-05,0.3001775882168073,True
699,342.2465886383138,394.78510402470124,390.78510402470124,199.78510402470124,198.78510402470124,-0.004422756675947367,0.0022434899649938136,73.99501474827275,0.007613414943056574,0.2946759084817614,True
700,342.50519963335444,390.80837575134524,385.80837575134524,194.80837575134524,193.80837575134524,-0.005592211109809385,0.003357127630832578,110.7251257778528,0.011165204218116002,0.3006776737129,True
701,342.76384293121987,396.8316333995915,393.8316333995915,198.8316333995915,198.8316333995915,-0.00329568794410842,0.00329568794410842,108.69871576656668,0.011041830857498863,0.2984729603850264,True
702,343.0225185075386,391.854876969461,389.854876969461,195.85487696946097,195.85487696946097,-0.0022222848177792303,0.0022222848177792303,73.29562442098562,0.007405648044376721,0.3000797235383961,True
703,343.2812263379394,396.87810646098615,394.87810646098615,200.87810646098615,200.87810646098615,-0.0021940865056099728,0.0021940865056099728,72.36558481421325,0.007446984953106949,0.29462749279419187,True
704,343.53996639805086,396.9013218742118,393.9013218742118,200.90132187421182,197.90132187421182,-0.00329510708193952,-0.003238992142044129,-106.82876904276935,-0.010893987434880232,0.29731924709896074,True
705,343.79873866350164,385.9245232091944,382.9245232091944,189.92452320919438,186.92452320919438,-0.0033891960041296403,-0.0035255672513387977,-116.2806185137365,-0.011384398099651603,0.3096841150913978,True
706,344.0575431099204,393.9477104660027,388.9477104660027,195.94771046600272,192.94771046600272,-0.005547361436854115,-0.0011532023681664234,-38.0350380753554,-0.003794989424459584,0.3038749886188793,True
707,344.3163797129357,393.97088364471756,390.97088364471756,196.97088364471756,194.97088364471756,-0.0033197106942096876,-0.0011125625430389676,-36.69465121978884,-0.003688643122509192,0.3016183745859776,True
708,344.5752484481763,396.99404274543144,391.99404274543144,198.99404274543144,195.99404274543144,-0.005504522867428329,-0.0010926811869943634,-36.03892230782992,-0.0036363281936218185,0.300490255228047,True
709,344.83414929127076,401.0171877682494,396.0171877682494,205.0171877682494,201.0171877682494,-0.005448951668883685,-0.0031081274018013097,-102.51257483847616,-0.010610594957197393,0.29292677878472784,True
710,345.0930822178478,405.0403187132881,401.0403187132881,211.04031871328812,207.04031871328812,-0.004310219365324609,-0.00400028717695402,-131.93787949787207,-0.014029549926588577,0.2851329656251296,True
711,345.35204720353596,391.063435580676,388.063435580676,193.063435580676,192.063435580676,-0.003344487099275137,0.0010891500119918698,35.922456733895885,0.0035592834515359,0.30600260609249325,True
712,345.611044223964,393.0865383705541,389.0865383705541,195.08653837055408,195.08653837055408,-0.004441965911109191,0.004441965911109191,146.50537253673681,0.014706554075450561,0.30203988564011064,True
713,345.8700732547605,403.1096270830749,399.1096270830749,205.10962708307488,204.10962708307488,-0.004330966416735234,0.002208410637861586,72.83802480447515,0.007554437042151777,0.2923329197846556,True
714,346.1291342715541,406.13270171840304,405.13270171840304,210.13270171840304,208.13270171840304,-0.0010706599838235659,-0.0030826626511617355,-101.67269383676121,-0.010714268346619992,0.287715647157019,True
715,346.3882272499735,400.15576227671545,399.15576227671545,205.15576227671545,203.15576227671545,-0.001086671954920125,-0.003167902595313814,-104.48408636496109,-0.010859048170402695,0.2917293068050122,True
716,346.64735216564725,405.1788087582004,402.1788087582004,208.17880875820038,207.17880875820038,-0.0032275398508709897,0.001136352388786528,37.47929033759951,0.003936891646470546,0.28864202798298416,True
717,346.9065089942041,413.2018411630586,409.2018411630586,216.2018411630586,215.2018411630586,-0.004224668891052421,0.002211263454116133,72.93211668102602,0.007891810594359568,0.28019722821231496,True
718,347.1656977112726,412.2248594915027,408.2248594915027,214.22485949150268,214.22485949150268,-0.0042347304202529044,0.0042347304202529044,139.6703104497447,0.015008953555961402,0.28214694678503505,True
719,347.42491829248155,399.2478637437571,396.2478637437571,203.24786374375708,200.24786374375708,-0.0032756671780019195,-0.0031824307167623643,-104.96325434771296,-0.010794932927390807,0.2948078267987511,True
720,347.68417071345937,400.27085392005824,399.27085392005824,203.27085392005824,200.27085392005824,-0.001086359108222375,-0.005371002910783429,-177.14696557491914,-0.01808635539527159,0.2969643575724271,True
721,347.9434549498349,397.2938300206547,394.2938300206547,198.2938300206547,196.2938300206547,-0.003291839297892459,-0.0011107129866837124,-36.63364896351827,-0.0036735031835286986,0.3023579758046602,True
722,348.2027709772367,391.31679204580655,386.31679204580655,192.31679204580655,190.31679204580655,-0.005584898540692297,0.001044801119879259,34.45973705288708,0.0033923339274815447,0.3079888779271548,True
723,348.4621187712934,387.33973999578643,383.33973999578643,188.33973999578643,187.33973999578643,-0.0045082127445167566,0.0021961593545596265,72.43395172959679,0.0070377990873310165,0.312052010480522,True
724,348.72149830763374,402.36267387087855,399.36267387087855,203.36267387087855,201.36267387087855,-0.003250214129911122,-0.0010420598231056693,-34.369323323226496,-0.0035101852557664717,0.29686747199276486,True
725,348.98090956188616,406.38559367137896,402.38559367137896,206.38559367137896,203.38559367137896,-0.004295880266745609,-0.002063311226523275,-68.05234122689174,-0.006987392632126381,0.2952905805001793,True
726,349.24035250967955,407.40849939759573,405.40849939759573,210.40849939759573,206.40849939759573,-0.002137235609102936,-0.006198466932777246,-204.43846830792393,-0.02136915767217125,0.2900660394700265,True
727,349.4998271266424,399.4313910498488,396.4313910498488,200.4313910498488,196.4313910498488,-0.003274156414884177,-0.005480692034521343,-180.7647434368025,-0.018134968231868328,0.3022167982015099,True
728,349.75933338840343,398.4542686284706,395.4542686284706,199.45426862847057,195.45426862847057,-0.0032822159882782273,-0.005515959670463159,-181.9279442009559,-0.018186892995499367,0.303293128289047,True
729,350.01887127059126,406.4771321338046,403.4771321338046,207.47713213380462,203.47713213380462,-0.0032171925287905966,-0.005237435841393806,-172.74164287520472,-0.01777302190872431,0.2946845994052866,True
730,350.27844074883444,416.49998156620654,414.49998156620654,217.49998156620654,214.49998156620654,-0.0020904709492588357,-0.0039414943354485945,-129.99876800543495,-0.013872321686768661,0.2841265092063118,True
731,350.5380417987618,399.52281692604447,397.52281692604447,200.52281692604447,198.52281692604447,-0.0021795258638216764,-0.0021738420877901576,-71.69788136177033,-0.007234933110158326,0.30046471124079077,True
732,350.79767439600187,415.54563821369766,412.54563821369766,215.54563821369766,214.54563821369766,-0.003146728344530288,0.001127179061332436,37.17673471629182,0.003961743658761447,0.28451589966949653,True
733,351.0573385161833,407.56844542955787,403.56844542955787,207.56844542955787,205.56844542955787,-0.0042833510079086584,7.846992196281627e-05,2.5881029661527464,0.00026781544683061886,0.2929999852190936,True
734,351.3170341349347,423.59123857402847,420.59123857402847,222.59123857402847,219.59123857402847,-0.0030867471565367,-0.0028063105926990324,-92.55802207056965,-0.009992486926575927,0.28084205797011297,True
735,351.57676122788484,415.6140176475244,411.6140176475244,212.6140176475244,209.6140176475244,-0.004200030445943309,-0.0019715416057058555,-65.02558623721788,-0.0067499115919125805,0.29208406345174387,True
736,351.83651977066233,409.6367826504734,406.6367826504734,207.63678265047338,205.63678265047338,-0.003192285937758005,-0.0010112045227081185,-33.35165065982976,-0.0034208512871330846,0.29560025789825534,True
737,352.0963097388957,413.659533583314,408.659533583314,210.659533583314,207.659533583314,-0.005281402942476966,-0.0009478411201358974,-31.26179245632079,-0.003229047326792641,0.2935358402062729,True
738,352.3561311082137,415.68227044649757,410.68227044649757,211.68227044649757,208.68227044649757,-0.005255547162675316,-0.0009433846648551911,-31.114809193918887,-0.0032137244567270037,0.2935487088448071,True
739,352.6159838542449,410.7049932404866,407.7049932404866,206.7049932404866,206.7049932404866,-0.0031839525491418087,0.0031839525491418087,105.01344757840197,0.010735305766423089,0.2965870389179119,True
740,352.875867952618,414.72770196575607,411.72770196575607,211.72770196575607,209.72770196575607,-0.003152956982519994,-0.0009689286349138901,-31.957303018591716,-0.0033129182895749285,0.2924698257614469,True
741,353.1357833789617,404.7503966227923,400.7503966227923,200.75039662279232,199.75039662279232,-0.004313322151457333,0.0021445604823177797,70.73211246483312,0.007067061363704784,0.30345859077039783,True
742,353.39573010890456,411.77307721209377,408.77307721209377,207.77307721209377,205.77307721209377,-0.003175663535755174,-0.001025056148971264,-33.808506409408224,-0.0034446266597660765,0.29758120406606714,True
743,353.6557081180752,405.79574373417086,402.79574373417086,201.79574373417086,198.79574373417086,-0.003222614742115517,-0.0032823053286560573,-108.25732897936491,-0.010760364219440887,0.30503663832548294,True
744,353.91571738210234,419.8183961895454,416.8183961895454,213.8183961895454,212.8183961895454,-0.0031145869790024853,0.00107868531748663,35.57730911285289,0.0036881023640948436,0.292477054863787,True
745,354.1757578766146,410.84103457875176,403.84103457875176,204.84103457875176,200.84103457875176,-0.00746336836266417,-0.0011011424115478482,-36.31799127867117,-0.0036364445568707617,0.3028074247598057,True
746,354.4358295772406,411.8636589023354,406.8636589023354,206.86365890233537,203.86365890233537,-0.005304572984415972,-0.0010398144455435474,-34.29526605155729,-0.003470801083369502,0.29958917856913914,True
747,354.6959324596091,414.8862691608542,411.8862691608542,210.88626916085423,206.88626916085423,-0.0031517475569255325,-0.005164888196417648,-170.34886905239958,-0.01742168389156161,0.2964632023268038,True
748,354.9560664993486,418.90886535487766,412.90886535487766,210.90886535487766,207.90886535487766,-0.006265343929354242,4.351694345343729e-05,1.4352802655151322,0.00014602856224760772,0.29800295766556584,True
749,355.21623167208776,423.9314474849871,419.9314474849871,217.93144748498707,213.93144748498707,-0.004117235036167405,-0.003928038715912634,-129.5549733901052,-0.01350121018841431,0.29093974992577865,True
750,355.4764279534553,422.95401555177546,418.95401555177546,217.95401555177546,213.95401555177546,-0.004126795171821326,-0.003917637768578415,-129.21192828475586,-0.013514357190511073,0.28988709661523027,True
751,355.7366553190798,422.9765695558481,419.9765695558481,216.97656955584807,211.97656955584807,-0.0030912488156810978,-0.007033730184481079,-231.9872060303527,-0.023971515586604642,0.29342033711091464,True
752,355.9969137445899,419.99910949782134,415.99910949782134,211.99910949782134,208.99910949782134,-0.004155968625118508,-0.002033632378041054,-67.07347042050515,-0.006825846791123926,0.29793114909720986,True
753,356.25720320561436,416.02163537832394,409.02163537832394,207.02163537832394,204.02163537832394,-0.0073696360678439056,0.0010301254946419132,33.97570408513516,0.0034044155825651897,0.3025851191368725,True
754,356.5175236777817,430.0441471979964,427.0441471979964,222.04414719799638,218.04414719799638,-0.0030402673214708306,-0.004854629175647317,-160.11587439857743,-0.01676895327981381,0.28950102577310177,True
755,356.7778751367206,421.066644957491,418.066644957491,213.066644957491,208.066644957491,-0.003105320721583342,-0.007207682318396172,-237.72451304548628,-0.02407060260759065,0.2994392137122165,True
756,357.03825755805974,432.08912865747175,429.08912865747175,223.08912865747175,218.08912865747175,-0.0030258281721500337,-0.006818561713852922,-224.89049759576082,-0.023471472711062744,0.29050421325455,True
757,357.29867091742767,428.1115982986141,423.1115982986141,215.11159829861413,210.11159829861413,-0.0051020634602121214,-0.005111737260562735,-168.59583946731746,-0.01695721883969686,0.30144903529794376,True
758,357.5591151904532,436.1340538816062,431.1340538816062,223.13405388160618,218.13405388160618,-0.005007670520649259,-0.004834714691653839,-159.45905285723137,-0.016474222178544124,0.29347149985329973,True
759,357.81959035276486,437.1564954071471,432.1564954071471,223.15649540714708,219.15649540714708,-0.004995890728107436,-0.002859294730857426,-94.30555031702008,-0.009743486225162749,0.2934570506676799,True
760,358.08009637999123,439.1789228759478,434.1789228759478,223.17892287594782,219.17892287594782,-0.004972752336475946,-0.002881636565887022,-95.04243099770684,-0.009754070504289168,0.29542913029179735,True
761,358.3406332477611,428.2013362887317,424.2013362887317,212.20133628873168,208.20133628873168,-0.004075985998021668,-0.004188615849676693,-138.14935498163928,-0.013643957082615035,0.3069942117462226,True
762,358.60120093170303,446.2237356462333,442.2237356462333,227.2237356462333,226.2237356462333,-0.003910618739978797,0.0019950928479653815,65.80235571046069,0.0068301373166193445,0.2921014257079206,True
763,358.86179940744574,443.24612094919894,440.24612094919894,222.24612094919894,222.24612094919894,-0.0029494055328640567,0.0029494055328640567,97.27759397556068,0.00988618546384051,0.29833605121527773,True
764,359.12242865061785,445.2684921983871,442.2684921983871,224.2684921983871,221.2684921983871,-0.0029359642034447408,-0.00291272258346826,-96.06771319877747,-0.009731455581502721,0.2993100630294898,True
765,359.3830886368479,449.29084939456766,445.29084939456766,226.29084939456766,223.29084939456766,-0.0038838029154616145,-0.001912263906863366,-63.07048313065869,-0.006399454329304392,0.2988167128729592,True
766,359.6437793417646,478.31319253852234,473.31319253852234,251.31319253852234,247.31319253852234,-0.004563749862242491,-0.0024042536181390186,-79.2973379460939,-0.00856523148681715,0.28069919906302987,True
767,359.9045007409967,472.3355216310449,468.3355216310449,243.3355216310449,241.3355216310449,-0.0036935088215403014,0.00010924726489045184,3.603204428329036,0.0003793433295458411,0.2879904729608539,True
768,360.16525281017266,479.35783667294027,474.35783667294027,248.35783667294027,244.35783667294027,-0.004553751951725897,-0.0024978446861807094,-82.38416809381442,-0.00870842301057376,0.28683088581570143,True
769,360.4260355249213,471.3801376650258,468.3801376650258,238.3801376650258,234.3801376650258,-0.0027728089934171865,-0.00457645224334215,-150.94101445726864,-0.015337179030516852,0.29838943877725127,True
770,360.6868488608711,471.4024246081299,468.4024246081299,238.40242460812988,234.40242460812988,-0.002772677481314131,-0.0045758908675287615,-150.92249910295942,-0.015336343575665379,0.29836908940860324,True
771,360.94769279365084,488.4246975030933,485.4246975030933,251.42469750309328,249.42469750309328,-0.00267574755152011,-0.0007927345482345921,-26.146051688822993,-0.002745058343192093,0.28878604718935047,True
772,361.20856729888914,485.446956350768,482.446956350768,245.446956350768,244.446956350768,-0.0026922116171939994,0.0009191947503113564,30.316974966282594,0.003108280322855636,0.29572453409442645,True
773,361.46947235221455,500.46920115201806,498.46920115201806,259.46920115201806,256.46920115201806,-0.0017390263951958306,-0.0033115692718093262,-109.22251533589255,-0.011540686986141045,0.28694732608085777,False
774,361.7304079292559,505.49143190771883,501.49143190771883,259.49143190771883,255.49143190771883,-0.00345028128486181,-0.0032964009279930727,-108.72223147373873,-0.011318543164785113,0.29123897660690296,False
775,361.9913740056416,503.5136486187582,496.5136486187582,252.51364861875822,249.51364861875822,-0.006080056084080005,0.0008895058419086848,29.3377723625741,0.0029721363794684504,0.29928163729410284,False
776,362.2523705570005,525.5358512860348,520.5358512860348,272.5358512860348,268.5358512860348,-0.004151701917093703,-0.002269663559806904,-74.85827492078496,-0.007927196049764952,0.28631353956159583,False
777,362.5133975589611,537.5580399104595,531.5580399104595,281.55803991045946,277.55803991045946,-0.0048746703899275,-0.0013394508938276992,-44.17790593667354,-0.0047578035540982435,0.2815271539897717,False
778,362.7744549871521,536.5802144929548,529.5802144929548,275.58021449295484,273.58021449295484,-0.005702903568282186,0.0025395554528782026,83.75987685342608,0.008814324857864363,0.2881168431876376,False
779,363.0355428172022,536.602375034455,530.602375034455,272.602375034455,269.602375034455,-0.004883400953309364,7.747942218686455e-05,2.5554342015612974,0.0002634599821675815,0.29408421555870856,False
780,363.29666102474,542.6245215359056,536.6245215359056,274.6245215359056,271.6245215359056,-0.004828901640944977,5.856268404640704e-05,1.9315204156592927,0.00019802698884295827,0.2957308212813816,False
781,363.5578095853941,550.6466539982644,546.6466539982644,281.64665399826436,275.64665399826436,-0.0031663104291600667,-0.006185560631946177,-204.0127913781218,-0.021020647193555692,0.2942611887726505,False
782,363.81898847479323,561.6687724225008,558.6687724225008,286.66877242250075,281.66877242250075,-0.0023258821696959513,-0.005315803494192805,-175.3263727893702,-0.018034479856642454,0.2947577937622021,False
783,364.0801976685659,567.690876809595,562.690876809595,285.690876809595,281.690876809595,-0.0038420410886346157,-0.0022815492365394273,-75.2502895225167,-0.007621516910866067,0.299356317544425,False
784,364.34143714234096,584.7129671605403,579.7129671605403,299.7129671605403,294.7129671605403,-0.0037297103948049502,-0.0035765779045393606,-117.96305707811186,-0.012247485706127315,0.29202548101362785,False
785,364.60270687174693,597.7350434763407,591.7350434763407,304.7350434763407,301.7350434763407,-0.004381428370884855,8.478093243308952e-05,2.796253356888144,0.0002898058181831906,0.29254392808462604,False
786,364.86400683241243,611.7571057580119,603.7571057580119,312.7571057580119,310.7571057580119,-0.005716767422400454,0.0029306498753979265,96.6589929688815,0.010108948069584981,0.28990651205494256,False
787,365.1253369999661,639.7791540065818,630.7791540065818,336.77915400658185,332.77915400658185,-0.006152752987238501,0.0009636646771350949,31.78368662647327,0.0034638896753559994,0.2782030513243915,False
788,365.3866973500367,651.8011882230894,644.8011882230894,344.8011882230894,340.8011882230894,-0.0046893187372044455,-0.00037833475476527125,-12.478275452735375,-0.0013671345771420818,0.27673556143694267,False
789,365.6480878582528,642.8232084085853,635.8232084085853,328.8232084085853,325.8232084085853,-0.0047551718828372485,0.0007747252394554559,25.552066830628178,0.002664651057504572,0.29074172292599576,False
790,365.90950850024296,667.8452145641327,661.8452145641327,348.8452145641327,344.8452145641327,-0.003919385324564462,-0.0010891807695822733,-35.923471183878235,-0.0038543114386737046,0.28258763904067596,False
791,366.17095925163596,679.867206690805,673.867206690805,352.867206690805,349.867206690805,-0.0038497713120765878,0.00014170938749409265,4.673873465541888,0.0004976765553303927,0.2847419392702073,False
792,366.43244008806045,691.8891847896884,683.8891847896884,358.88918478968844,354.88918478968844,-0.005050806281371972,0.00018319978860782769,6.042314105003811,0.0006428410768437577,0.2849845711591861,False
793,366.69395098514497,702.9111488618803,695.9111488618803,362.9111488618803,358.9111488618803,-0.0043466375324044,-0.00046672363832711474,-15.393526621581117,-0.0016243273597493205,0.28733348331899267,False
794,366.9554919185182,725.9330989084895,719.9330989084895,382.93309890848946,377.93309890848946,-0.003604457802614141,-0.0021035199580442593,-69.37850970917992,-0.007544217866958738,0.2788254521727168,False
795,367.21706286380885,730.9550349306369,721.9550349306369,378.9550349306369,373.9550349306369,-0.005380512411349152,-0.00038778427917931374,-12.789940630334257,-0.0013582785543676023,0.2854968724437097,False
796,367.4786637966455,740.9769569294547,731.9769569294547,381.9769569294547,375.9769569294547,-0.005307292975750013,-0.0015686430803252497,-51.737145997781596,-0.005436260516747673,0.28855185940642053,False
797,367.74029469265685,758.9988649060865,751.9988649060865,391.9988649060865,386.9988649060865,-0.004023941349657704,-0.001551176899530245,-51.16107464213101,-0.005391049342925882,0.28773190539717364,False
798,368.0019555274714,774.0207588616884,768.0207588616884,398.02075886168836,396.02075886168836,-0.003379649654768572,0.0011918779041831334,39.310638547212974,0.00413486207228988,0.2882509460643443,False
799,368.263646276718,796.0426387974267,790.0426387974267,414.04263879742666,411.04263879742666,-0.0032857997714551574,0.0001276069817275757,4.208746480816345,0.0004495935030375434,0.2838274593948477,False
800,368.5253669160252,806.0645047144808,797.0645047144808,413.0645047144808,409.0645047144808,-0.004876327953891046,0.000650247580771029,21.446532001454074,0.0022420258698505817,0.29002679653039165,False
801,368.7871174210216,831.0863566140406,821.0863566140406,431.0863566140406,425.0863566140406,-0.00525731700948128,-0.0008297948776014516,-27.368379250285585,-0.002906494778891947,0.2854967721351962,False
802,369.0488977673359,855.108194497308,848.108194497308,448.108194497308,443.108194497308,-0.0035698088742459246,-0.001303295389865464,-42.98542141895284,-0.0046332830067883374,0.2812898301174294,False
803,369.3107079305968,864.1300183654962,855.1300183654962,447.1300183654962,441.1300183654962,-0.004546939913026101,-0.0013202755776856217,-43.54546370476021,-0.004603384618891079,0.28680540232670504,False
804,369.57254788643274,877.1518282198308,867.1518282198308,452.1518282198308,446.1518282198308,-0.004979628843094744,-0.0008219853965144791,-27.110806148901787,-0.0028521207194441836,0.28820147440135924,False
805,369.83441761047266,898.173624061548,888.173624061548,463.173624061548,457.173624061548,-0.004862425478060902,-0.0008002280770346175,-26.393204019667536,-0.002778409651048857,0.2880165913376126,False
806,370.0963170783449,930.1954058918961,921.1954058918961,486.19540589189614,481.19540589189614,-0.00422242683889558,-0.00026695164079898036,-8.804626232438096,-0.0009469835285915672,0.2818968152445197,False
807,370.35824626567836,951.2171737121348,942.2171737121348,497.2171737121348,493.2171737121348,-0.004128666810772319,0.0006207364224557,20.473191969247907,0.0022057045620582183,0.2814231938099949,False
808,370.62020514810155,978.2389275235353,967.2389275235353,514.2389275235353,508.23892752353527,-0.004911174082820875,-0.0001858493659774984,-6.1297027359335345,-0.0006652375916211559,0.27937291626077737,False
809,370.8821937012431,1003.2606673273804,994.2606673273804,532.2606673273804,525.2606673273804,-0.003913526948170586,-0.0018359660870058908,-60.554020657589206,-0.006647056233559347,0.2762073950475326,False
810,371.14421190073176,1017.2823931249648,1008.2823931249648,536.2823931249648,528.2823931249648,-0.003859344401706147,-0.002668057789285416,-87.99815401356729,-0.00954985509697335,0.2793820180717723,False
811,371.40625972219607,1027.304104917594,1017.304104917594,533.304104917594,527.304104917594,-0.004248226557900092,-0.0006655477564220759,-21.951163954623297,-0.002334789385971685,0.28505687083423603,False
812,371.6683371412648,1058.3258027065858,1049.3258027065858,556.3258027065858,547.3258027065858,-0.003709032445802379,-0.003374248116721755,-111.2897953888758,-0.012008970300944046,0.28097730547776434,False
813,371.9304441335664,1083.347486493269,1073.347486493269,571.3474864932689,561.3474864932689,-0.00402743642205227,-0.003641102348119335,-120.09120885450608,-0.01301844275410554,0.2796880100710252,False
814,372.1925806747297,1111.3691562789843,1100.3691562789843,586.3691562789843,578.3691562789843,-0.004319931217246987,-0.0016460620964182954,-54.290587879398146,-0.005910238776585953,0.2785102529087907,False
815,372.45474674038326,1135.3908120650835,1124.3908120650835,599.3908120650835,591.3908120650835,-0.004228087335799029,-0.001607421137281002,-53.01612782570257,-0.005777123662952246,0.27823900457404643,False
816,372.7169423061558,1152.4124538529304,1140.4124538529304,606.4124538529304,597.4124538529304,-0.004545991584923195,-0.0019478484025612286,-64.2441345955898,-0.006961231766629454,0.27981375536133796,False
817,372.9791673476758,1184.4340816439,1171.4340816439,629.4340816439001,619.4340816439001,-0.004793040339514774,-0.0021621175670971417,-71.31118202496336,-0.007843942227117696,0.2756416996064012,False
818,373.2414218405721,1206.4556954393793,1190.4556954393793,635.4556954393793,627.4556954393793,-0.0057981408482644155,0.0002959300787695107,9.760396027921558,0.0010634327316772054,0.2782781364109238,False
819,373.50370576047317,1221.4772952407657,1204.4772952407657,639.4772952407657,630.4772952407657,-0.0060867809103113115,-6.889710213777312e-05,-2.2723712467382597,-0.0002451027989796358,0.2810947179085352,False
820,373.7660190830078,1245.498881049469,1228.498881049469,651.498881049469,644.498881049469,-0.005968576455578389,0.0012770699950606723,42.12045277383339,0.004548113693693337,0.280791132559313,False
821,374.0283617838046,1272.5204528669108,1258.5204528669108,668.5204528669108,659.5204528669108,-0.004804493473154484,-0.0010819369200791686,-35.684553801059536,-0.0038628044502141204,0.2800910411137161,False
822,374.2907338384921,1303.542010694523,1290.542010694523,689.542010694523,677.542010694523,-0.004352885629232276,-0.0032716166791435554,-107.90479485144027,-0.011759940294337424,0.27820010963141406,False
823,374.5531352226991,1320.5635545337502,1306.5635545337502,693.5635545337502,682.5635545337502,-0.004628767509494897,-0.002314400779131906,-76.3338024495026,-0.008241280378564909,0.2808302439450462,False
824,374.8155659120542,1354.5850843860476,1340.5850843860476,715.5850843860476,706.5850843860476,-0.004511906152573374,-0.0009849079449422513,-32.484334251031015,-0.0035474605344397144,0.2776374635828916,False
825,375.078025882186,1375.6066002528826,1363.6066002528826,726.6066002528826,715.6066002528826,-0.0038051562554215997,-0.0028198447347271218,-93.0044065227401,-0.010121305816910188,0.2786048347650816,False
826,375.34051510872314,1398.6281021357333,1384.6281021357333,735.6281021357333,725.6281021357333,-0.004369108397020538,-0.0015751094687006485,-51.95042107842451,-0.005628778413899789,0.27983149324390705,False
827,375.60303356729435,1428.6495900360899,1411.6495900360899,750.6495900360899,739.6495900360899,-0.005198814553124176,-0.0012124163226453783,-39.988038758817794,-0.004328594653310056,0.2800946773147837,False
828,375.86558123352813,1462.6710639554537,1445.6710639554537,771.6710639554537,759.6710639554537,-0.005077181400553611,-0.0017294496803811604,-57.04088567499005,-0.00620810817631157,0.27857917923857445,False
829,376.12815808305334,1492.692523895338,1473.692523895338,786.6925238953379,774.6925238953379,-0.005563477341942104,-0.0011121807901232524,-36.68206020620315,-0.0039902952915793315,0.27872142507104003,False
830,376.39076409149845,1532.7139698572664,1515.7139698572664,813.7139698572664,800.7139698572664,-0.004843862393610648,-0.0021505040411598803,-70.92814352850658,-0.007789858149723855,0.27606459576367437,False
831,376.6533992344921,1547.7354018427752,1531.7354018427752,818.7354018427752,805.7354018427752,-0.004512966468533209,-0.002438157281289213,-80.41555202057762,-0.008777541658000007,0.27777222556010694,False
832,376.9160634876631,1583.7568198534116,1565.7568198534116,839.7568198534116,826.7568198534116,-0.004964186019020313,-0.0018115674495710419,-59.7493023102823,-0.0065531854496314774,0.27644074221536286,False
833,377.17875682663987,1609.778223890734,1591.778223890734,851.7782238907339,837.7782238907339,-0.00488348912241451,-0.002313976125110275,-76.3197964672679,-0.008335753862953972,0.2775965033461608,False
834,377.4414792270512,1632.7996139563127,1616.7996139563127,861.7996139563127,848.7996139563127,-0.00427669221690186,-0.002324429621725039,-76.66457475834554,-0.008340591906664929,0.2786888086285097,False
835,377.70423066452577,1664.820990051729,1648.820990051729,879.820990051729,867.820990051729,-0.004194035297221994,-0.0017701332772062537,-58.382716213150644,-0.0063706332931869215,0.2778582906505267,False
836,377.9670111146922,1705.842352178576,1688.842352178576,908.842352178576,897.842352178576,-0.004349781233985162,-0.0009386881057018787,-30.959906801112083,-0.0034268735508475806,0.27391967978208875,False
837,378.229820553179,1723.863700338458,1708.863700338458,913.8637003384581,901.8637003384581,-0.003795500155647944,-0.0019450197693935754,-64.1508403280763,-0.0070320387131171044,0.27659400761907965,False
838,378.49265895561496,1758.885034532991,1738.885034532991,933.8850345329911,920.8850345329911,-0.004966583925923804,-0.0011214167518058442,-36.98668163602076,-0.004070408104733905,0.2755047461952601,False
839,378.75552629762865,1782.9063547638018,1766.9063547638018,945.9063547638018,931.9063547638018,-0.003915000218497703,-0.002560869683239571,-84.46286497218148,-0.009259697886473092,0.2765608246226461,False
840,379.01842255484877,1817.927661032529,1797.927661032529,964.9276610325289,951.9276610325289,-0.0048043837184100595,-0.0010864258399136016,-35.832607812682255,-0.003941680273122785,0.27562505445244645,False
841,379.2813477029039,1848.9489533408228,1825.9489533408228,980.9489533408228,966.9489533408228,-0.005436288987634606,-0.000806571504533918,-26.60242359215917,-0.002925733611134537,0.27568179873394105,False
842,379.54430171742274,1876.9702316903442,1855.9702316903442,995.9702316903442,980.9702316903442,-0.004886378671694785,-0.0017041508510168722,-56.20647710569219,-0.00617304825404767,0.2760631021958171,False
843,379.80728457403393,1905.9914960827662,1882.9914960827662,1009.9914960827662,994.9914960827662,-0.005272599953552567,-0.001225748209027427,-40.42775239465064,-0.004434431061897136,0.27641611560041435,False
844,380.07029624836605,1939.012746519773,1918.012746519773,1030.012746519773,1016.0127465197729,-0.004729174985717946,-0.0012142677142960292,-40.04910154698811,-0.0044099832503165905,0.27534519869408974,False
845,380.3333367160479,1976.0339830030598,1958.0339830030598,1053.0339830030598,1041.0339830030598,-0.0039741841232823,-0.0010032959915674804,-33.09081067947781,-0.0036636207584928725,0.2738536703728616,False
846,380.596405952708,2008.0552055343335,1988.0552055343335,1070.0552055343335,1055.0552055343335,-0.004347208294587819,-0.001783791190937696,-58.833182916259574,-0.006503982887950921,0.27426135979574806,False
847,380.85950393397496,2034.0764141153124,2015.0764141153124,1082.0764141153124,1064.0764141153124,-0.004075744269654577,-0.0032093697052871222,-105.85175881365498,-0.011640212306055052,0.2757140180009998,False
848,381.12263063547755,2065.0976087477266,2046.0976087477263,1096.0976087477263,1081.0976087477263,-0.00401423599106429,-0.0019700875564654845,-64.97762863693222,-0.007136023129005729,0.27607639729441,False
849,381.3857860328443,2093.118789433316,2069.118789433316,1110.118789433316,1094.118789433316,-0.005008451769858959,-0.0012965253542563566,-42.76213141429102,-0.004696318839809016,0.2760726855396134,False
850,381.64897010170387,2126.1399561738335,2106.1399561738335,1131.1399561738335,1115.1399561738335,-0.004104621846448231,-0.002082344605382273,-68.6801020688641,-0.007568950822527415,0.2751166778867958,False
851,381.912182817685,2155.1611089710427,2132.1611089710427,1141.1611089710427,1126.1611089710427,-0.004659723903013995,-0.0010867132115264027,-35.84208593251307,-0.003927744650545882,0.27667613559740195,False
852,382.1754241564163,2197.1822478267186,2176.1822478267186,1168.1822478267186,1154.1822478267186,-0.0041708182455014176,-0.0010653937375403807,-35.1389248679948,-0.003875735044843456,0.2748881761042602,False
853,382.4386940935263,2233.203372742647,2210.203372742647,1187.2033727426472,1172.2033727426472,-0.004496037778013429,-0.0010261173231635176,-33.84350616480339,-0.0037324729438482167,0.27491621201293437,False
854,382.7019926046438,2258.2244837206263,2235.2244837206263,1196.2244837206265,1180.2244837206265,-0.0044459658457254875,-0.0014021014200836087,-46.24425198084043,-0.005068041463242898,0.2766554753453898,False
855,382.9653196653974,2289.2455807624656,2268.2455807624656,1211.2455807624654,1195.2455807624654,-0.004002311071396392,-0.0017727478305763046,-58.46894967895426,-0.006391814905498888,0.277346552862663,False
856,383.22867525141567,2336.266663869984,2312.266663869984,1241.266663869984,1225.266663869984,-0.004484494116220266,-0.0011499800665036577,-37.92875979340184,-0.00417821608800174,0.2752323102210933,False
857,383.4920593383273,2364.287733045014,2339.287733045014,1257.2877330450142,1240.2877330450142,-0.004616685484906009,-0.0012955444465189451,-42.72977901529262,-0.004712554349354337,0.2749134228439077,False
858,383.755471901761,2400.3087882893988,2378.3087882893988,1279.3087882893985,1262.3087882893985,-0.003998874550287924,-0.0018109029425001089,-59.72738547032256,-0.006604382000405378,0.2741971833835407,False
859,384.01891291734535,2429.3298296049916,2406.3298296049916,1292.3298296049913,1273.3298296049913,-0.004131328138477877,-0.002301127526259131,-75.89602267005029,-0.008359720921573997,0.2752636778006061,False
860,384.282382360709,2477.3508569936585,2453.3508569936585,1322.3508569936582,1303.3508569936582,-0.004227856595885389,-0.0020575025826818933,-67.86075994352655,-0.00751820011837885,0.2736695685516752,False
861,384.54588020748054,2511.3718704572757,2486.3718704572757,1337.371870457276,1318.371870457276,-0.004344941706308128,-0.0018693144485938543,-61.65391971933468,-0.006807569950445281,0.27459349844382913,False
862,384.8094064332887,2550.3928699977323,2522.3928699977323,1360.3928699977325,1341.3928699977325,-0.004794355453720788,-0.001313998043067012,-43.33841741797724,-0.0048026290336082595,0.2735997375337135,False
863,385.07296101376215,2576.4138556169273,2549.4138556169273,1369.4138556169273,1351.4138556169273,-0.004575284275236566,-0.0011710661390615046,-38.624222788220806,-0.004257393715412216,0.2750664414292061,False
864,385.33654392452945,2613.4348273167707,2584.4348273167707,1389.434827316771,1368.434827316771,-0.004846089453417415,-0.0017679725119651851,-58.31144963368067,-0.006422977178374712,0.27525747996080496,False
865,385.6001551412193,2652.455785099185,2624.455785099185,1414.4557850991853,1392.4557850991853,-0.004608892704602169,-0.0021990697248007703,-72.52994185760122,-0.00802116744298008,0.27415831179603906,False
866,385.86379463946037,2691.476728966104,2665.476728966104,1435.4767289661038,1415.4767289661038,-0.0042157339179509255,-0.0018776886907557848,-61.930119828069905,-0.0068545466115629075,0.2739333171341076,False
867,386.1274623948812,2726.4976589194707,2702.4976589194707,1453.4976589194707,1433.4976589194707,-0.003839802709116544,-0.002177545874125891,-71.82004002029494,-0.007939147309674014,0.2742795654481063,False
868,386.3911583831105,2767.518574961242,2740.518574961242,1476.5185749612417,1456.5185749612417,-0.004257794424446487,-0.001665092890248793,-54.91826346169691,-0.006083994019747218,0.27368417602717754,False
869,386.65488257977694,2795.539477093384,2770.539477093384,1491.539477093384,1471.539477093384,-0.0039012867579378985,-0.0019615482745332343,-64.69598516966659,-0.0071638597777950366,0.27381165117346545,False
870,386.91863496050905,2831.560365317875,2808.560365317875,1513.5603653178753,1494.5603653178753,-0.003542061927668875,-0.0019442237833800276,-64.12458703622703,-0.007121746058569506,0.27299818996502523,False
871,387.1824155009357,2864.5812396367055,2835.5812396367055,1523.5812396367055,1503.5812396367055,-0.0044190489958488705,-0.0013196690820783865,-43.52546020481046,-0.004801321956657519,0.2748553615007075,False
872,387.4462241766853,2905.602100051875,2875.602100051875,1550.602100051875,1529.602100051875,-0.004507348626797819,-0.0014145479994270077,-46.654766329667865,-0.005173099171470539,0.2734430469124177,False
873,387.7100609633866,2946.622946565396,2914.622946565396,1573.6229465653958,1550.6229465653958,-0.0047421868174485,-0.0016522865249340764,-54.495882615283506,-0.006046793572322011,0.27325002998235093,False
874,387.9739258366683,2968.6437791792914,2935.6437791792914,1580.6437791792912,1560.6437791792912,-0.004854732090422969,-0.0006754887787560051,-22.27903976672397,-0.002464731368397279,0.27406182572961274,False
875,388.2378187721589,2996.664597895595,2965.664597895595,1599.664597895595,1575.664597895595,-0.004516104298956371,-0.002049051885446673,-67.58203818576953,-0.007488301565059289,0.27363372957729565,False
876,388.50173974548716,3033.6854027163536,3001.6854027163536,1623.6854027163536,1600.6854027163536,-0.004605368617551145,-0.0015905332241151508,-52.4591289519509,-0.0058418802293340125,0.2722639221750144,False
877,388.7656887322817,3042.706193643623,3013.706193643623,1620.706193643623,1597.706193643623,-0.004159107876667137,-0.0020482651580465997,-67.55609026245375,-0.007459633650049766,0.27457985929817547,False
878,389.02966570817114,3094.726970679472,3065.726970679472,1650.7269706794718,1628.7269706794718,-0.004088865245373491,-0.0017380938176881017,-57.325987492913725,-0.006347667526855474,0.2738161396031912,False
879,389.2936706487842,3141.7477338259787,3111.7477338259787,1672.7477338259787,1648.7477338259787,-0.004166928552356825,-0.00210931000922037,-69.56947776736365,-0.007675925885614113,0.27479551531021773,False
880,389.5577035297494,3190.768483085234,3157.768483085234,1700.7684830852343,1676.7684830852343,-0.0045150078075809645,-0.0016570892574946728,-54.654286830233644,-0.006046035780129367,0.2740786389225133,False
881,389.8217643266955,3228.78921845934,3192.78921845934,1721.78921845934,1698.78921845934,-0.004869446132298369,-0.0009710418497943969,-32.027001287221935,-0.0035498401681486676,0.27354523127750285,False
882,390.085853015251,3260.809939950409,3226.809939950409,1736.8099399504088,1714.8099399504088,-0.004552100106186555,-0.000984203613718486,-32.46110392680251,-0.003591128254242911,0.2740652920306178,False
883,390.34996957104477,3290.830647560564,3261.830647560564,1754.8306475605643,1730.8306475605643,-0.003844124283943918,-0.002136509748053234,-70.46658232655096,-0.007793539192856036,0.27413857750425763,False
884,390.6141139697053,3336.851341291942,3305.851341291942,1783.851341291942,1759.851341291942,-0.004053538844201159,-0.0018291369131962793,-60.32878015076926,-0.006702767996543301,0.2728927682025676,False
885,390.8782861868612,3380.872021146688,3350.872021146688,1808.8720211466878,1784.8720211466878,-0.0038708901077512616,-0.00192986943497237,-63.651150453625945,-0.007079859844673495,0.272585824763791,False
886,391.1424861981412,3423.892687126959,3387.892687126959,1826.8926871269591,1804.8926871269591,-0.004590498982032677,-0.0006711530631952015,-22.136038754073212,-0.002457151897336942,0.2731426835771107,False
887,391.406713979174,3470.913339234925,3432.913339234925,1848.913339234925,1826.913339234925,-0.004780930270993005,-0.00041767865326187287,-13.775919924043961,-0.0015258445026625793,0.273736054055986,False
888,391.6709695055881,3524.933977472764,3486.933977472764,1881.9339774727644,1855.9339774727644,-0.004707262597036572,-0.0013345980473002958,-44.01784885776104,-0.004884810158154003,0.27321390270868745,False
889,391.9352527530122,3581.954601842669,3542.954601842669,1912.9546018426688,1885.9546018426688,-0.004754489769136808,-0.0014189394071243708,-46.79960418604438,-0.005195203707449191,0.27312488345544783,False
890,392.19956369707495,3627.97521234684,3586.97521234684,1935.9752123468402,1910.9752123468402,-0.004935935628347318,-0.0007088030333680254,-23.377813908711687,-0.0025952176172240487,0.27311892022611584,False
891,392.4639023134051,3661.9958089874913,3621.9958089874913,1954.9958089874913,1926.9958089874913,-0.004769899476685363,-0.001495161127752452,-49.313556746571805,-0.005470376684462593,0.27331959278035267,False
892,392.72826857763107,3699.016391766847,3662.016391766847,1978.0163917668467,1952.0163917668467,-0.004365971904749949,-0.0013804540884228113,-45.53027748106777,-0.005065020460734715,0.2725465966276802,False
893,392.9926624653817,3728.036960687142,3692.036960687142,1995.0369606871418,1968.0369606871418,-0.0042141693439617465,-0.001703526197985715,-56.18587473573547,-0.006254202870438062,0.2723810265314267,False
894,393.2570839522856,3766.057515750623,3733.057515750623,2017.0575157506232,1989.0575157506232,-0.003822267121616879,-0.0022486736351667344,-74.165983086389,-0.00825828651644003,0.27229300299647263,False
895,393.52153301397135,3810.078056959548,3773.078056959548,2038.0780569595481,2010.0780569595481,-0.004238083222311648,-0.001769807321763372,-58.37196551750253,-0.006492371762831586,0.27259796364333383,False
896,393.78600962606765,3865.098584316186,3824.098584316186,2065.098584316186,2039.098584316186,-0.004631495882818751,-0.0008710699644014878,-28.729718371101853,-0.003194766048002148,0.2726553216459192,False
897,394.0505137642031,3913.119097822816,3870.119097822816,2093.119097822816,2065.119097822816,-0.004798736015356821,-0.0010501012636444313,-34.63454693489737,-0.003857062092981193,0.2722541764508616,False
898,394.31504540400636,3956.139597481729,3918.139597481729,2120.139597481729,2091.139597481729,-0.004191702635431686,-0.0017897288861543964,-59.02902058524231,-0.006584678508158829,0.271802014925529,False
899,394.57960452110615,4001.1600832952277,3958.1600832952277,2144.1600832952277,2114.1600832952277,-0.004692572736883361,-0.0014267651733172182,-47.05771440445045,-0.005252371247217286,0.2716421033781876,False
900,394.844191091131,4046.180555265625,4007.180555265625,2168.180555265625,2140.180555265625,-0.004206347379201821,-0.0014386839397980723,-47.450820375635175,-0.005295720589897669,0.2716691553822843,False
901,395.10880508970956,4078.2010133952444,4041.2010133952444,2185.2010133952444,2157.2010133952444,-0.003958175000652656,-0.0016426026115638412,-54.176486797235526,-0.006043456429295241,0.2717985362815619,False
902,395.3734464924706,4139.221457686423,4103.221457686423,2225.2214576864226,2198.2214576864226,-0.003793705561985544,-0.0015080907370339275,-49.740002438061566,-0.005579332962961123,0.27029946895901646,False
903,395.63811527504265,4188.241888141504,4146.241888141504,2244.241888141504,2219.241888141504,-0.004377121159298892,-0.00048790182737409264,-16.09202781183592,-0.0017990079508007064,0.27120604283985306,False
904,395.9028114130544,4231.262304762848,4189.262304762848,2263.2623047628476,2236.2623047628476,-0.004332395034991509,-0.0008797519241565289,-29.01606765286479,-0.0032323032425957045,0.2721749347533504,False
905,396.1675348821345,4281.282707552822,4244.282707552822,2292.2827075528216,2266.2827075528216,-0.0037696025854157406,-0.0011844906191765736,-39.06699035999608,-0.0043563789848160405,0.27189797382299874,False
906,396.4322856579115,4326.303096513805,4288.303096513805,2318.303096513805,2290.303096513805,-0.003831468782905807,-0.0014457862526243144,-47.685069581348074,-0.005321854726819512,0.27166962024315844,False
907,396.6970637160142,4379.323471648188,4337.323471648188,2345.3234716481884,2318.3234716481884,-0.004185212392031123,-0.0008435053330304275,-27.820578889019174,-0.003105392147370163,0.2716260275678096,False
908,396.96186903207115,4433.343832958374,4390.343832958374,2375.343832958374,2343.343832958374,-0.0042328811406108936,-0.0016575856397037124,-54.670658558858065,-0.006097792472078104,0.27183372462966315,False
909,397.22670158171104,4495.364180446773,4450.364180446773,2411.364180446774,2376.364180446774,-0.004369329302705111,-0.001980478582896527,-65.3203465300416,-0.007294786909673348,0.2714923146377706,False
910,397.4915613405625,4554.384514115812,4508.384514115812,2443.3845141158117,2409.3845141158117,-0.004408744759455135,-0.0016769576175058257,-55.309587105692316,-0.0061817315854083565,0.271276355878051,False
911,397.75644828425413,4604.404833967923,4559.404833967923,2465.404833967923,2433.404833967923,-0.004265345852015879,-0.0014085308788465613,-46.45630904524066,-0.0051786218121402305,0.2719895234567131,False
912,398.0213623884146,4651.425140005552,4606.425140005552,2490.425140005552,2456.425140005552,-0.004222018073632695,-0.0017479402092404912,-57.65074218293003,-0.006421847219647053,0.2721865141688249,False
913,398.2863036286726,4712.445432231157,4667.445432231157,2526.4454322311567,2493.4454322311567,-0.004167085077173488,-0.0015429690836869705,-50.89036362320482,-0.005682962095599929,0.2715078963629943,False
914,398.55127198065674,4771.465710647204,4723.465710647204,2557.4657106472046,2529.4657106472046,-0.004391040186141517,-0.00038998290855122523,-12.862456048428015,-0.001438854985490309,0.27103697904506574,False
915,398.81626741999565,4824.485975256174,4778.485975256174,2582.4859752561742,2552.4859752561742,-0.004160732546812799,-0.0009138746061253308,-30.1415054283527,-0.0033614395095308857,0.2718700138836855,False
916,399.081289922318,4882.5062260605555,4839.5062260605555,2613.506226060555,2583.506226060555,-0.0038417528448272988,-0.0011722736932818188,-38.66405046462488,-0.004309744137044053,0.2720054035703967,False
917,399.34633946325243,4943.526463062848,4901.526463062848,2650.526463062848,2617.526463062848,-0.003705511597342924,-0.0017355519479455312,-57.242151285921736,-0.006390750101781232,0.27157249466878663,False
918,399.6114160184276,5013.546686265566,4968.546686265566,2687.5466862655658,2654.5466862655658,-0.003915688493096819,-0.001449960965104368,-47.82276037397534,-0.00534028014262351,0.2715140266765197,False
919,399.87651956347213,5083.56689567123,5034.56689567123,2729.5668956712298,2695.5668956712298,-0.00420642707737319,-0.0012372011456846061,-40.80549431909975,-0.004570488754682582,0.2706934010978721,False
920,400.1416500740146,5139.587091282374,5093.587091282374,2763.587091282374,2727.587091282374,-0.003904493439224266,-0.0017900355742105317,-59.03913580197647,-0.006621176123262195,0.2703500920209017,False
921,400.4068075256838,5199.607273101543,5155.607273101543,2788.6072731015433,2753.6072731015433,-0.0036907148801336893,-0.0017946407711551945,-59.191024877103175,-0.006610569538071079,0.2714805072119185,False
922,400.6719918941083,5273.627441131293,5227.627441131293,2833.6274411312934,2795.6274411312934,-0.0038048165043961762,-0.0020586383719335285,-67.8982206604172,-0.007602173803189288,0.2707960150910891,False
923,400.9372031549168,5339.647595374191,5292.647595374191,2864.647595374191,2828.647595374191,-0.003839617549958858,-0.001652741164461337,-54.51087758252193,-0.006092656007450829,0.2712677627688429,False
924,401.2024412837378,5420.6677358328125,5372.6677358328125,2915.6677358328125,2875.6677358328125,-0.0038628045270662596,-0.0021365217452269285,-70.46697801855684,-0.007901834091250944,0.2703830174810332,False
925,401.4677062562,5468.687862509748,5419.687862509748,2934.687862509748,2896.687862509748,-0.00390886093736572,-0.0017513553463861685,-57.76338058444051,-0.006457873825768677,0.2711968975605846,False
926,401.7329980479322,5531.707975407596,5483.707975407596,2969.7079754075958,2928.7079754075958,-0.003784925992539561,-0.0022527494415127097,-74.30041174681865,-0.00830439736830332,0.2712718745987671,False
927,401.9983166345629,5608.728074528967,5560.728074528967,3016.728074528967,2979.728074528967,-0.0037327266758492824,-0.0016268054760079425,-53.65546406181964,-0.00602204673430466,0.27014162257174557,False
928,402.2636619917207,5685.7481598764825,5636.7481598764825,3057.7481598764825,3018.7481598764825,-0.0037589877471219473,-0.0018158423776496366,-59.89029842399762,-0.006718031249989587,0.2702938271762953,False
929,402.5290340950344,5772.768231452774,5723.768231452774,3102.768231452774,3059.768231452774,-0.003702081673566378,-0.00235872329452435,-77.79565217083776,-0.008709749178131299,0.2708141470303994,False
930,402.7944329201325,5852.788289260486,5806.788289260486,3147.7882892604857,3105.7882892604857,-0.003426822523850934,-0.0024068447457398644,-79.38279878078934,-0.008895765538882223,0.27056072186478636,False
931,403.05985844264376,5939.8083333022705,5889.8083333022705,3191.8083333022705,3150.8083333022705,-0.0036712691574758566,-0.0019435496831025625,-64.10235379215145,-0.007179521762190307,0.2707074018965896,False
932,403.3253106381968,6035.828363580795,5983.828363580795,3246.8283635807948,3205.8283635807948,-0.0037577535641877763,-0.001761310642916833,-58.09172718955317,-0.0065195526396128085,0.27015820567428317,False
933,403.5907894824202,6125.848380098733,6069.848380098733,3291.8483800987333,3246.8483800987333,-0.00398840056377772,-0.0019894145746032323,-65.61507431953271,-0.007348575254192604,0.2707211269923657,False
934,403.8562949509426,6230.868382858773,6170.868382858773,3345.8683828587727,3303.8683828587727,-0.004202294036078741,-0.0012838211106726213,-42.343118757220054,-0.004742919149969496,0.2706816351024829,False
935,404.12182701939275,6316.888371863612,6255.888371863612,3391.8883718636116,3351.8883718636116,-0.004214211674673393,-0.0009377925099235589,-30.930368169845963,-0.003466493962674562,0.2705305475853211,False
936,404.3873856633992,6395.908347115957,6333.908347115957,3439.9083471159574,3396.9083471159574,-0.004230456955776476,-0.0012325852183818964,-40.653251334209955,-0.004565609777881624,0.2699716529330279,False
937,404.65297085859066,6457.9283086185305,6393.9283086185305,3472.9283086185305,3428.9283086185305,-0.0043254570030389836,-0.0012119562306118804,-39.97286395646273,-0.0044886706002737935,0.27000337929407325,False
938,404.91858258059574,6489.94825637406,6424.94825637406,3484.9482563740603,3440.9482563740603,-0.004371599827040371,-0.001146592440276463,-37.8170287598094,-0.004236937708177546,0.27061819626554107,False
939,405.1842208050431,6541.968190385289,6481.968190385289,3519.968190385289,3474.968190385289,-0.004001532639610209,-0.0015863727355536344,-52.32190729405497,-0.005876262548437837,0.26996287563348587,False
940,405.44988550756136,6599.988110654967,6541.988110654967,3547.988110654968,3500.988110654968,-0.0038334026890250224,-0.0019581172429895518,-64.58282253750066,-0.007237808966551197,0.27054005598086284,False
941,405.71557666377913,6674.00801718586,6612.00801718586,3584.00801718586,3537.00801718586,-0.004053352527454947,-0.0016795757386586932,-55.395938244472546,-0.006200956201291433,0.2708575394080189,False
942,405.9812942493252,6761.027909980739,6699.027909980739,3634.027909980739,3593.027909980739,-0.004000941552479401,-0.0009267261537099893,-30.565376480999674,-0.003431202887397294,0.2700878333699901,False
943,406.24703823982804,6833.04778904239,6771.04778904239,3673.04778904239,3629.04778904239,-0.003958579112953894,-0.0012753125221355993,-42.062487622644966,-0.00471943748688707,0.2702255354963484,False
944,406.5128086109164,6927.067654373607,6871.067654373607,3735.067654373607,3693.067654373607,-0.0035252045259748415,-0.001386004509775528,-45.71334204398619,-0.005153506760201608,0.2689439587969623,False
945,406.7786053382189,7017.087505977198,6963.087505977198,3787.087505977198,3744.087505977198,-0.003355039351959602,-0.0016043104505927474,-52.913530840217405,-0.0059716668946376275,0.26865370739840977,False
946,407.0444283973642,7098.10734385598,7038.10734385598,3825.1073438559793,3778.1073438559793,-0.003686676521056088,-0.0016826577637388306,-55.497589909876694,-0.006247330925471369,0.2693402644765247,False
947,407.3102777639809,7170.127168012778,7102.127168012778,3855.1271680127784,3804.1271680127784,-0.004138413951945147,-0.001645268102518819,-54.26440029165832,-0.006086579601198392,0.27031078377663553,False
948,407.5761534136977,7266.146978450435,7196.146978450435,3911.146978450435,3862.146978450435,-0.0042041533975600695,-0.0012711860410218939,-41.92638760185983,-0.004714458615337041,0.2696356347018258,False
949,407.8420553221432,7343.166775171798,7273.166775171798,3961.166775171798,3908.166775171798,-0.004159845703486287,-0.0016901936757183498,-55.74614012706826,-0.006285459201883496,0.26890536099762885,False
950,408.1079834649461,7389.186558179727,7321.186558179727,3980.1865581797274,3928.1865581797274,-0.004015157860167049,-0.0016961656183795536,-55.94310734875711,-0.006292785961272477,0.2695412856592009,False
951,408.37393781773494,7458.206327477095,7383.206327477095,4012.206327477095,3960.206327477095,-0.004389388553516034,-0.001276056600370128,-42.0870288868347,-0.004728076457948287,0.26988916353604464,False
952,408.63991835613854,7525.226083066782,7448.226083066782,4048.2260830667824,3998.2260830667824,-0.004466701401343078,-0.0009307093188001669,-30.696749638085947,-0.003450648109002384,0.26972014804176714,False
953,408.90592505578536,7594.245824951682,7516.245824951682,4081.2458249516826,4028.2458249516826,-0.004483675482651106,-0.0011931132146751578,-39.35138168380033,-0.00441422191673528,0.27028845336293694,False
954,409.1719578923042,7671.265553134699,7602.265553134699,4131.265553134699,4078.265553134699,-0.003923981023777702,-0.001683629699141963,-55.529646382431224,-0.006244321573952864,0.26962571981637534,False
955,409.4380168413236,7739.285267618745,7672.285267618745,4163.285267618745,4111.285267618745,-0.003776112698733263,-0.0016824450019027413,-55.490572577307844,-0.006228834519384044,0.27010590772109877,False
956,409.70410187847216,7816.304968406747,7750.304968406747,4210.304968406747,4159.304968406747,-0.0036827038999220573,-0.0016100858201591292,-53.10401466805229,-0.005974499947763934,0.2694929842223421,False
957,409.97021297937874,7886.324655501641,7815.324655501641,4250.324655501641,4197.324655501641,-0.003927627953693926,-0.0015219139742237257,-50.195921856328624,-0.005653185853754922,0.269213504313298,False
958,410.2363501196717,7960.3443289063725,7898.3443289063725,4288.3443289063725,4239.3443289063725,-0.003395790868248324,-0.0015951661595595386,-52.611932901103515,-0.0059203066276961565,0.26943978747605607,False
959,410.50251327497995,8023.363988623899,7957.363988623899,4318.363988623899,4271.363988623899,-0.0035872707195654724,-0.001165393022606355,-38.43711148292532,-0.0043223546355411315,0.26961994581003534,False
960,410.76870242093196,8103.383634657189,8040.383634657189,4367.383634657189,4318.383634657189,-0.00338962904952722,-0.001510491967178825,-49.81920005550498,-0.005611033669205887,0.2692003035855246,False
961,411.03491753315643,8189.403267009221,8120.403267009221,4418.403267009221,4360.403267009221,-0.003674660146112645,-0.002064034826638062,-68.07620707964838,-0.007672452182709666,0.269018923479183,False
962,411.3011585872821,8260.422885682985,8190.422885682985,4455.422885682985,4397.422885682985,-0.003695955531325851,-0.001994743483945683,-65.79083295074548,-0.007412352326747226,0.26911072167302647,False
963,411.5674255589374,8301.44249068148,8234.44249068148,4473.44249068148,4416.44249068148,-0.0035193628347921853,-0.0020499161287939522,-67.61054274795872,-0.00760533318528459,0.2695366631353239,False
964,411.8337184237512,8381.46208200772,8314.46208200772,4517.462082007719,4460.462082007719,-0.00348562753375814,-0.0020290365767052683,-66.92189123230828,-0.007530575197112231,0.2694397869479277,False
965,412.10003715735184,8455.481659664723,8394.481659664723,4559.481659664722,4504.481659664722,-0.00314446727595346,-0.0021261828439685464,-70.12597932320634,-0.007895631705436721,0.2692859701782333,False
966,412.36638173536835,8526.501223655523,8462.501223655523,4602.501223655523,4546.501223655523,-0.0032721142293560715,-0.0020444861011936276,-67.4314490240558,-0.007605998023318988,0.2687991891301447,False
967,412.63275213342916,8602.520773983164,8526.520773983164,4644.520773983164,4582.520773983164,-0.0038538755509969994,-0.00198259174782488,-65.39004315114481,-0.0073791142131627695,0.26867611620489057,False
968,412.89914832716295,8666.5403106507,8584.5403106507,4681.5403106507,4618.5403106507,-0.004128717094267081,-0.0017553116579138639,-57.89386805459125,-0.006541502031615047,0.26833464996730894,False
969,413.16557029219837,8732.559833661195,8657.559833661195,4718.559833661194,4657.559833661194,-0.003746068309719967,-0.0019049553796435,-62.829432540791856,-0.007100502649104133,0.26828458121677445,False
970,413.4320180041641,8787.579343017722,8724.579343017722,4750.579343017722,4689.579343017722,-0.003124762730268474,-0.002487925150119292,-82.0570009441443,-0.009270619833630088,0.2683666458950348,False
971,413.6984914386887,8853.59883872337,8787.59883872337,4781.59883872337,4721.59883872337,-0.003249617181766122,-0.002234434828296086,-73.69635730654095,-0.008316839968633435,0.2686639200373159,False
972,413.9649905714008,8936.618320781236,8868.618320781236,4833.618320781235,4774.618320781235,-0.0033172452515295844,-0.0020164486304406924,-66.50671430527433,-0.007526615484034657,0.2679090800796125,False
973,414.2315153779291,8989.637789194423,8925.637789194423,4851.637789194423,4797.637789194423,-0.003102934694897791,-0.0017579787822597755,-57.98183542168029,-0.006541734759219394,0.2687328127729761,False
974,414.4980658339024,9052.657243966054,8990.657243966054,4888.657243966053,4835.657243966053,-0.0029846360957976933,-0.0017494426895761708,-57.70029714253866,-0.0065165566805249825,0.26846120970672405,False
975,414.76464191494904,9131.676685099254,9069.676685099254,4931.6766850992535,4878.6766850992535,-0.0029587208680840896,-0.0017338382296136637,-57.185629253187216,-0.006459354107107933,0.26842284861047205,False
976,415.0312435966979,9211.696112597165,9145.696112597165,4983.696112597165,4925.696112597165,-0.003122835635545235,-0.0019611023146999585,-64.68127647698009,-0.007323869597134107,0.26776860083190923,False
977,415.2978708547775,9251.715526462935,9184.715526462935,4998.715526462935,4938.715526462935,-0.003156560865871168,-0.0020878499731798923,-68.86168067083509,-0.007778649426514229,0.2684077734707091,False
978,415.56452366481653,9334.734926699724,9268.734926699724,5049.734926699724,4988.734926699724,-0.003081527939513935,-0.002196624979253218,-72.44930901071106,-0.008198450600999746,0.2679317210236474,False
979,415.83120200244366,9392.754313310706,9320.754313310706,5076.754313310706,5014.754313310706,-0.003341902111109129,-0.0019945837738685273,-65.78556537669833,-0.007436812912600803,0.26820410803785855,False
980,416.09790584328744,9450.77368629906,9374.77368629906,5111.7736862990605,5049.7736862990605,-0.0035065710743833046,-0.0017931320181506327,-59.14126303169,-0.006695980212633978,0.2677923113881595,False
981,416.3646351629767,9500.79304566798,9424.79304566798,5129.793045667981,5071.793045667981,-0.0034880354973555426,-0.00145028509931473,-47.833451001546834,-0.005403745573425239,0.2683851561122717,False
982,416.6313899371399,9574.81239142067,9504.81239142067,5180.812391420669,5119.812391420669,-0.0031867241081865874,-0.0019570945726945137,-64.54909272156891,-0.007310476238506585,0.2677109546414882,False
983,416.8981701414058,9616.83172356034,9556.83172356034,5202.83172356034,5145.83172356034,-0.0027180777468931295,-0.0020661218617050495,-68.14504188300006,-0.0077144387649262245,0.26782529807595257,False
984,417.16497575140295,9683.851042090218,9618.851042090218,5239.851042090218,5182.851042090218,-0.0029249011772486387,-0.0018253127428356328,-60.20265097406184,-0.006819983408488269,0.2676418157504338,False
985,417.43180674276005,9757.870347013537,9676.870347013537,5282.870347013537,5216.870347013537,-0.003620121027169803,-0.0018397877778002438,-60.680068052988304,-0.006880155126132269,0.26740498492720677,False
986,417.6986630911058,9818.889638333543,9738.889638333543,5321.889638333543,5255.889638333543,-0.003552934291364673,-0.001866692462574778,-61.567441109143175,-0.006993194607431852,0.26692986072359476,False
987,417.9655447720687,9873.908916053493,9799.908916053493,5347.908916053492,5285.908916053492,-0.0032670774422235245,-0.0017972491094705991,-59.27705335734086,-0.006726137568104841,0.26720373933371583,False
988,418.2324517612775,9914.928180176652,9850.928180176652,5371.928180176651,5314.928180176651,-0.0028124199093410482,-0.0018203774967591592,-60.03987618482137,-0.006816117387466152,0.26706956369421814,False
989,418.4993840343609,9982.947430706297,9923.947430706297,5410.9474307062965,5351.9474307062965,-0.002574329109297654,-0.002187146577022621,-72.13669138202245,-0.008189135897303626,0.26707904282584516,False
990,418.7663415669474,10045.966667645716,9981.966667645716,5443.966667645717,5380.966667645717,-0.002775617532342119,-0.002279538084847752,-75.1839575123858,-0.008530693168358626,0.2672160444479277,False
991,419.0333243346657,10097.98589099821,10032.98589099821,5468.98589099821,5407.98589099821,-0.0028045580442985574,-0.002066695034429045,-68.16394632421766,-0.0077299706528853205,0.2673613041024447,False
992,419.3003323131445,10176.005100767086,10104.005100767086,5507.005100767086,5445.005100767086,-0.003083759205814855,-0.0018334286033296109,-60.47032911228277,-0.006851926631069249,0.2675785515589362,False
993,419.5673654780124,10231.024296955664,10157.024296955664,5536.024296955663,5477.024296955663,-0.0031526246996987474,-0.001500695287452029,-49.49608496598847,-0.005610674113584031,0.2674714761669526,False
994,419.83442380489805,10298.043479567272,10226.043479567272,5579.043479567272,5520.043479567272,-0.003047086190244012,-0.0015701613147472249,-51.78722056027054,-0.005881193298571905,0.2669800557530557,False
995,420.1015072694301,10361.062648605252,10286.062648605252,5621.0626486052515,5556.0626486052515,-0.003155134570639118,-0.0018961570290909847,-62.53924444588067,-0.007114129404882553,0.2665339525296825,False
996,420.3686158472372,10412.081804072955,10333.081804072955,5645.0818040729555,5581.0818040729555,-0.0033077039610780816,-0.0016441476132134235,-54.22744419915432,-0.006165027851532496,0.2666894055968819,False
997,420.6357495139479,10455.100945973743,10380.100945973743,5668.100945973743,5606.100945973743,-0.003126653343599298,-0.0016500092665626604,-54.420773847511924,-0.006186398181537176,0.26671565879593473,False
998,420.9029082451911,10516.12007431099,10445.12007431099,5702.1200743109885,5639.1200743109885,-0.0029420994103252266,-0.0018829168016887628,-62.10255391586507,-0.007058450705770386,0.2667606363177476,False
999,421.17009201659516,10539.139189088073,10462.139189088073,5706.139189088073,5648.139189088073,-0.003184646605897226,-0.001252323883563734,-41.304274001585824,-0.004688789729554788,0.26708894102671676,False
1000,421.43730080378884,10617.15829030839,10544.15829030839,5754.158290308391,5694.158290308391,-0.002996375279405633,-0.0015558935741615517,-51.31664048568376,-0.005831588135794663,0.266804434389215,False
1001,421.7045345824008,10656.177377975346,10584.177377975346,5773.177377975345,5714.177377975345,-0.00294433146942199,-0.001516852204188531,-50.02897404098256,-0.0056822656280619875,0.26694496587725935,False
1002,421.9717933280597,10744.19645209235,10666.19645209235,5821.19645209235,5760.19645209235,-0.003164362242704954,-0.0014105984031419906,-46.5245003423358,-0.0052857733955129285,0.26686698380589713,False
1003,422.23907701639416,10799.21551266283,10717.21551266283,5849.2155126628295,5783.2155126628295,-0.003310244146561595,-0.0016180022924113897,-53.36511656295731,-0.006057583559029373,0.2671035862146073,False
1004,422.50638562303277,10869.23455969022,10779.23455969022,5894.23455969022,5827.23455969022,-0.0036110385765752854,-0.0013538761279208895,-44.6536804781816,-0.005081192824917378,0.2664484845530152,False
1005,422.7737191236043,10925.253593177966,10834.253593177966,5924.253593177966,5855.253593177966,-0.0036325297186805988,-0.001455401638281333,-48.00220521137234,-0.005460645098289078,0.26652558664494375,False
1006,423.04107749373725,10992.272613129524,10904.272613129524,5965.272613129525,5899.272613129525,-0.0034907899647236046,-0.001341039814597662,-44.23031188349822,-0.005039083644557836,0.266127714717729,False
1007,423.30846070906034,11016.291619548363,10941.291619548363,5977.291619548362,5915.291619548362,-0.002966830407528712,-0.0015614543699919805,-51.50004722068371,-0.005863258476397398,0.26631170641335866,False
1008,423.57586874520223,11084.310612437956,11018.310612437956,6018.310612437956,5956.310612437956,-0.00259367617153708,-0.0019035848251487625,-62.78422877271896,-0.0071513365604748535,0.2661858813455653,False
1009,423.84330157779164,11155.329591801792,11084.329591801792,6061.329591801792,5994.329591801792,-0.0027729753156661777,-0.002054306117044895,-67.75533378800876,-0.007724649538104864,0.26594165947739434,False
1010,424.11075918245695,11228.34855764337,11154.34855764337,6101.3485576433695,6033.3485576433695,-0.002871674364330226,-0.0019957456657032887,-65.82388701164678,-0.007505965845490673,0.2658879225919026,False
1011,424.37824153482717,11277.367509966196,11206.367509966196,6126.367509966197,6059.367509966197,-0.0027428726306421678,-0.002032879256095702,-67.0486308757231,-0.007641796258977282,0.2660211273897227,False
1012,424.64574861053063,11305.386448773792,11235.386448773792,6141.386448773793,6075.386448773793,-0.0026973974317647444,-0.0019951207820184938,-65.8032770342483,-0.007499987536834956,0.26601654632354865,False
1013,424.9132803851961,11360.405374069687,11287.405374069687,6173.405374069686,6106.405374069686,-0.002799706101957068,-0.0019394579825056158,-63.967400905915824,-0.007295617721087672,0.265838761932344,False
1014,425.1808368344523,11430.424285857418,11342.424285857418,6212.424285857417,6145.424285857417,-0.0033564623694462255,-0.0013527740686999886,-44.617332248603404,-0.005095623579285691,0.2654776295092075,False
1015,425.4484179339277,11472.443184140535,11383.443184140535,6232.443184140536,6163.443184140536,-0.003382271300174973,-0.0014526598798719737,-47.91177625599373,-0.005466801385349072,0.26572391741998813,False
1016,425.7160236592511,11535.462068922603,11447.462068922603,6271.462068922602,6201.462068922602,-0.003325782302292236,-0.001548925917242643,-51.08683251483467,-0.005835300160440501,0.2654406585188783,False
1017,425.9836539860511,11610.480940207188,11525.480940207188,6310.480940207188,6239.480940207188,-0.0031911529976059953,-0.001722843950431539,-56.823014816340276,-0.0064854105674122175,0.2656491724808382,False
1018,426.2513088899563,11684.499797997874,11596.499797997874,6358.499797997873,6282.499797997873,-0.0032832006432310613,-0.0019389778829616237,-63.95156621380994,-0.007310691790293157,0.2652249525190107,False
1019,426.5189883465954,11738.518642298252,11654.518642298252,6383.5186422982515,6310.5186422982515,-0.0031189531167443198,-0.0018761238572623283,-61.878508330254604,-0.0070666134365654654,0.26549122491326865,False
1020,426.786692331597,11806.537473111923,11736.537473111923,6422.537473111923,6359.537473111923,-0.002582560127529358,-0.0016985560501592781,-56.02194881341947,-0.0064032378607404815,0.26526518100685614,False
1021,427.0544208205897,11858.556290442502,11797.556290442502,6448.556290442501,6390.556290442501,-0.0022397612475857586,-0.001684069335096902,-55.54414650031772,-0.006345129093490547,0.26541135889962975,False
1022,427.32217378920234,11923.57509429361,11865.57509429361,6488.57509429361,6429.57509429361,-0.0021176990065694653,-0.0018493631848168768,-60.99588510341957,-0.006973943621600032,0.2651818375888415,False
1023,427.5899512130635,11976.59388466888,11919.59388466888,6516.5938846688805,6460.5938846688805,-0.002071864571623875,-0.0016763499694570456,-55.28954559579796,-0.0063222502274156355,0.2651508417347619,False
1024,427.8577530678016,12031.612661571957,11971.612661571957,6550.612661571957,6490.612661571957,-0.0021711851499803233,-0.0018250425246107774,-60.193738609021025,-0.006888137084531747,0.2649544430103111,False
1025,428.12557932904554,12102.631425006495,12038.631425006495,6584.631425006494,6526.631425006494,-0.0023026891451423887,-0.0015396934763028886,-50.78232720651626,-0.005807574018435501,0.26511818384325403,False
1026,428.39342997242386,12157.650174976156,12088.650174976156,6613.650174976156,6556.650174976156,-0.002471832792118786,-0.0012873738124613192,-42.46029432981129,-0.004857059282135115,0.26505211027512976,False
1027,428.66130497356517,12207.668911484618,12148.668911484618,6650.668911484617,6593.668911484617,-0.002104045750791309,-0.001634146167534193,-53.8975754981188,-0.006176273540639029,0.2645844871963226,False
1028,428.9292043080982,12274.687634535563,12212.687634535563,6688.687634535562,6627.687634535562,-0.0021991998015471604,-0.0017796830648939515,-58.69768828426308,-0.0067269703013663465,0.26455937593963685,False
1029,429.1971279516516,12331.706344132686,12268.706344132686,6712.706344132686,6651.706344132686,-0.0022244026976660104,-0.0017401781617854854,-57.39473354243158,-0.006566818718282017,0.26499561453414744,False
1030,429.4650758798539,12374.725040279696,12311.725040279696,6736.725040279696,6671.725040279696,-0.0022166501597636625,-0.0019940322511577424,-65.7673749984237,-0.007522272623246405,0.26508375208251533,False
1031,429.7330480683338,12434.743722980307,12377.743722980307,6776.743722980307,6711.743722980307,-0.001995352466649011,-0.00219034440299949,-72.24216240440855,-0.008274476031763447,0.2647109490185672,False
1032,430.0010444927201,12514.762392238246,12457.762392238246,6824.762392238245,6761.762392238245,-0.0019825651328247156,-0.0020450650216257828,-67.45054303676983,-0.0077359795283922575,0.2643576051513675,False
1033,430.26906512864116,12575.781048057248,12517.781048057248,6857.781048057248,6793.781048057248,-0.0020076165121750847,-0.0020644523510317874,-68.08997791176866,-0.007808549843869195,0.2643835785530231,False
1034,430.5371099517258,12650.799690441061,12588.799690441061,6895.799690441061,6833.799690441061,-0.002133656056198294,-0.0017887367483264212,-58.99629779425196,-0.006764558630769088,0.26442771006377586,False
1035,430.8051789376028,12734.818319393442,12666.818319393442,6948.818319393442,6878.818319393442,-0.00232521201170605,-0.002071905764089875,-68.3358071411228,-0.007844629028602694,0.2641177494226172,False
1036,431.0732720619005,12792.83693491816,12721.83693491816,6980.836934918159,6906.836934918159,-0.002417039540675628,-0.0022112511471972843,-72.93171077297384,-0.008370719733807666,0.26416499626268486,False
1037,431.3413893002478,12843.85553701899,12770.85553701899,6999.855537018989,6932.855537018989,-0.002475419919467872,-0.0017015065134788274,-56.119261295423314,-0.00643396070308827,0.26445708825391373,False
1038,431.6095306282731,12921.87412569972,12844.87412569972,7042.87412569972,6980.87412569972,-0.002595653461975149,-0.001244465859878059,-41.04509986326278,-0.004710356408966902,0.26419781261329256,False
1039,431.8776960216053,13007.892700964152,12932.892700964152,7093.892700964151,7031.892700964151,-0.0025112714511625043,-0.001301108536354565,-42.91329439350761,-0.004928947671489709,0.26397288489802984,False
1040,432.1458854558729,13063.911262816091,12978.911262816091,7122.911262816091,7058.911262816091,-0.002834958615448394,-0.0010848528868508556,-35.78072851440484,-0.004109943313619343,0.26395811427761534,False
1041,432.41409890670445,13139.929811259357,13042.929811259357,7164.929811259357,7086.929811259357,-0.003217888197181979,-0.0015359205990424633,-50.65788978406967,-0.005814597893915258,0.26414906534633154,False
1042,432.68233634972887,13216.948346297779,13117.948346297779,7205.948346297779,7122.948346297779,-0.0032652762415967935,-0.0017660734755812935,-58.24881542206113,-0.006681495402214795,0.2643230847686989,False
1043,432.9505977605746,13260.966867935196,13171.966867935196,7233.966867935196,7148.966867935196,-0.002924560348868537,-0.0022086706605481494,-72.84660089923253,-0.008356585347447829,0.26430300998752987,False
1044,433.2188831148703,13339.985376175458,13247.985376175458,7271.985376175459,7192.985376175459,-0.003005513445912388,-0.0017383060592156751,-57.33298766461405,-0.006575239750433157,0.2643715096626189,False
1045,433.4871923882447,13428.003871022425,13344.003871022425,7330.003871022426,7251.003871022426,-0.0027252984941923794,-0.001980768520802732,-65.32990929162308,-0.0075058213310112915,0.2638976380398139,False
1046,433.75552555632635,13467.022352479968,13395.022352479968,7350.0223524799685,7277.0223524799685,-0.002328138302475631,-0.0020068126110007996,-66.18889812971965,-0.007601956626130408,0.2639863274282215,False
1047,434.0238825947439,13529.040820551965,13465.040820551965,7385.040820551965,7316.040820551965,-0.0020593328041986336,-0.002017447398908483,-66.53965578870299,-0.007644080634829226,0.2639228306562146,False
1048,434.2922634791262,13628.059275242307,13554.059275242307,7442.059275242307,7376.059275242307,-0.002364633278765461,-0.001504093409260999,-49.60816216592896,-0.0057082874155043265,0.26349293575788046,False
1049,434.5606681851016,13722.077716554897,13656.077716554897,7501.077716554896,7437.077716554896,-0.0020938949959995496,-0.0016274502572114396,-53.676730301208536,-0.006185438261701724,0.26310993471361543,False
1050,434.82909668829893,13787.096144493642,13729.096144493642,7538.096144493642,7479.096144493642,-0.0018308577721238618,-0.0015816984206349829,-52.1677385628636,-0.00601401713593121,0.2630019810194759,False
1051,435.09754896434674,13868.114559062466,13820.114559062466,7580.114559062465,7530.114559062465,-0.0015057774858499115,-0.0013684083629167296,-45.13298413436958,-0.005202562160009327,0.2630258554977604,False
1052,435.36602498887373,13942.132960265297,13893.132960265297,7621.132960265297,7572.132960265297,-0.0015290280793953258,-0.0012722792243523044,-41.962443085912945,-0.004838560348670963,0.26294582120935395,False
1053,435.6345247375086,14027.151348106081,13969.151348106081,7675.15134810608,7607.15134810608,-0.0017994601830508316,-0.002065431156814866,-68.122260983895,-0.00785588190307925,0.26291525029230445,False
1054,435.9030481858799,14089.169722588766,14010.169722588766,7704.169722588766,7628.169722588766,-0.0024420043420826237,-0.001863490076708595,-61.4618196920228,-0.007083054618064642,0.2630913041325341,False
1055,436.17159530961624,14185.188083717316,14099.188083717316,7756.188083717315,7678.188083717315,-0.002640994471332052,-0.0017485911663064728,-57.67221211524502,-0.006647092320904904,0.26306106217408876,False
1056,436.4401660843464,14255.2064314957,14165.2064314957,7795.2064314957,7716.2064314957,-0.0027506028302013794,-0.001673179971036969,-55.184992384726996,-0.006362324859311407,0.2629824801523978,False
1057,436.7087604856989,14318.224765927902,14230.224765927902,7832.224765927903,7749.224765927903,-0.0026774158372627243,-0.0019494685707576028,-64.29757114821807,-0.007413026486601731,0.26297876775174933,False
1058,436.9773784893025,14409.243087017916,14322.243087017916,7879.243087017916,7801.243087017916,-0.002630127462031033,-0.0016905611464132536,-55.75826008299106,-0.006427941507763861,0.2630019492821058,False
1059,437.2460200707857,14489.261394769741,14399.261394769741,7926.261394769742,7851.261394769742,-0.002706031742289079,-0.0014229220765129597,-46.930960993850334,-0.005416748909941959,0.2626893179230282,False
1060,437.51468520577725,14563.279689187391,14490.279689187391,7970.279689187392,7899.279689187392,-0.002182422021533139,-0.0017036485639813984,-56.18991062348026,-0.006486693141597754,0.2626374528272765,False
1061,437.78337386990586,14623.29797027489,14566.29797027489,8007.297970274891,7938.297970274891,-0.0016961397467950437,-0.0020624537109479417,-68.0240585607628,-0.00785425668322674,0.2625905663807043,False
1062,438.0520860388001,14704.31623803627,14643.31623803627,8052.316238036269,7985.316238036269,-0.0018053927565598146,-0.0018233098731095469,-60.13659212056439,-0.0069476450984891575,0.2624356666557487,False
1063,438.3208216880885,14793.334492475571,14723.334492475571,8101.334492475571,8030.334492475571,-0.0020598984758101757,-0.0017630298709079965,-58.148430942432284,-0.006719093571838924,0.2623910282031508,False
1064,438.5895807933998,14877.35273359685,14798.35273359685,8148.352733596849,8072.352733596849,-0.0023122850546293695,-0.0017574050363280526,-57.962912074867106,-0.006699098888503488,0.26233454164171016,False
1065,438.85836333036275,14995.370961404167,14904.370961404167,8218.370961404167,8138.370961404167,-0.0026435626087943326,-0.001604696091898904,-52.92625010109302,-0.00612540628327152,0.2619738214396207,False
1066,439.12716927460576,15035.389175901597,14954.389175901597,8247.389175901597,8168.389175901597,-0.0023459952362660202,-0.0018340720382553862,-60.49155094860261,-0.007007892120881567,0.2617152214416033,False
1067,439.3959986017577,15120.407377093223,15049.407377093223,8298.407377093223,8224.407377093223,-0.002044093766581773,-0.0018460432371500768,-60.886386251005916,-0.007059661142659806,0.261491762826248,False
1068,439.66485128744716,15216.425564983138,15151.425564983138,8350.425564983138,8278.425564983138,-0.0018591492899986278,-0.0019017116209581015,-62.722446561130205,-0.007270793530970086,0.26155489257915576,False
1069,439.9337273073028,15306.443739575445,15244.443739575445,8392.443739575445,8326.443739575445,-0.0017627176861194497,-0.0016661689234412859,-54.95375329815288,-0.006363821077145343,0.26181894544852435,False
1070,440.202626636953,15395.46190087426,15340.46190087426,8444.46190087426,8383.46190087426,-0.0015542869089608113,-0.001594298709179865,-52.58332256424494,-0.00609399722888549,0.26161789205004954,False
1071,440.4715492520269,15502.480048883703,15439.480048883703,8494.480048883703,8432.480048883703,-0.0017685104681160373,-0.0014129678526616776,-46.602649767958475,-0.005393606865518245,0.26197086437554296,False
1072,440.7404951281527,15578.49818360791,15506.49818360791,8548.49818360791,8475.49818360791,-0.002011855381725527,-0.001712733229930011,-56.48954200197524,-0.0065498461628429525,0.26149213086045997,False
1073,441.00946424095923,15679.516305051022,15610.516305051022,8612.516305051022,8534.516305051022,-0.001915393837919376,-0.002035750831051745,-67.14334145367917,-0.007793228294864839,0.26122047937350357,False
1074,441.2784565660752,15728.534413217196,15666.534413217196,8644.534413217196,8569.534413217196,-0.0017153198822877484,-0.00206906050730609,-68.24196459180729,-0.007928006572553247,0.26098117961571526,False
1075,441.5474720791291,15805.552508110595,15746.552508110595,8682.552508110595,8604.552508110595,-0.001624196184956551,-0.002294933066595548,-75.69171636990343,-0.008782424850460902,0.2613097300200764,False
1076,441.8165107557496,15888.570589735393,15826.570589735393,8730.570589735393,8651.570589735393,-0.0016980086594320677,-0.0022496638339076364,-74.19864192221176,-0.008613889050646042,0.26116703160216714,False
1077,442.08557257156554,15960.588658095772,15892.588658095772,8767.588658095772,8689.588658095772,-0.0018542620937921418,-0.0020266854844904468,-66.8443472691862,-0.007759665106825904,0.26118208151891026,False
1078,442.3546575022053,16028.606713195926,15956.606713195926,8808.606713195926,8726.606713195926,-0.001955231943956474,-0.002106584270109245,-69.47957716211259,-0.008069910284867551,0.26104184504497496,False
1079,442.6237655232977,16118.624755040062,16049.624755040062,8862.624755040062,8780.624755040062,-0.0018631020130245785,-0.0021738418522679694,-71.6978735937535,-0.008333604176060265,0.26085254427042626,False
1080,442.8928966104713,16205.642783632391,16148.642783632391,8920.642783632391,8844.642783632391,-0.0015302338250008864,-0.002185617727793801,-72.08626672089196,-0.00839450454171588,0.26036292159144503,False
1081,443.16205073935487,16284.660798977136,16239.660798977136,8963.660798977136,8898.660798977136,-0.0012017630619786204,-0.001958998071176156,-64.6118741025513,-0.007526710645641526,0.26027280221148774,False
1082,443.43122788557696,16373.678801078535,16331.678801078535,9015.678801078535,8947.678801078535,-0.0011154367115553275,-0.0021726084844745095,-71.65719453144831,-0.008348668179200519,0.26023414008563,False
1083,443.7004280247661,16451.696789940826,16394.696789940826,9050.696789940826,8980.696789940826,-0.001507307659668454,-0.0018646742474281621,-61.500876131421286,-0.007159129841261746,0.2604610181367414,False
1084,443.9696511325511,16553.71476556827,16480.71476556827,9103.71476556827,9033.71476556827,-0.0019194246266578817,-0.001432843634162489,-47.25819481974569,-0.005502614405527895,0.26039324738492714,False
1085,444.2388971845605,16617.732727965125,16535.732727965125,9138.732727965125,9061.732727965125,-0.00214832565133101,-0.0015264017562977386,-50.34393834222119,-0.005860655209728968,0.26044899446803127,False
1086,444.50816615642316,16717.750677135668,16625.750677135668,9212.750677135666,9125.750677135666,-0.0023965805692177217,-0.0017241382027652617,-56.865701978759574,-0.00664022434677923,0.2596505950286961,False
1087,444.7774580237674,16789.76861308418,16681.76861308418,9241.76861308418,9149.76861308418,-0.0028026180275423688,-0.001542361417552015,-50.870321516790426,-0.005930772390816703,0.2600608008394034,False
1088,445.0467727622221,16889.786535814954,16772.786535814954,9293.786535814954,9204.786535814954,-0.003018940880463774,-0.001160030868059075,-38.26025635497753,-0.004461460143255131,0.26001148296994614,False
1089,445.3161103474158,16955.8044453323,16845.8044453323,9337.804445332298,9248.804445332298,-0.002826644246858062,-0.0013325334208887135,-43.9497531389665,-0.005130260948739373,0.2597398912459119,False
1090,445.5854707549772,17011.822341640524,16914.822341640524,9376.822341640524,9289.822341640524,-0.0024833979266994616,-0.0015648811457014554,-51.61306948649192,-0.006030891286945702,0.2594775914944369,False
1091,445.854853960535,17065.840224743955,16986.840224743955,9408.840224743955,9324.840224743955,-0.002015073419749451,-0.0018796210656810346,-61.99385361485925,-0.007242364978686008,0.2595313921920097,False
1092,446.1242599397177,17135.858094646923,17067.858094646923,9447.858094646923,9371.858094646923,-0.0017268336290980051,-0.0017808239484382554,-58.735317021633904,-0.006863501093132993,0.25946290738118905,False
1093,446.393688668154,17191.875951353773,17139.875951353773,9475.875951353773,9414.875951353773,-0.0013155944032537086,-0.0014891701302844802,-49.1159610573035,-0.005739752606159103,0.2594484871502145,False
1094,446.6631401214727,17266.893794868858,17226.893794868858,9518.893794868858,9461.893794868858,-0.0010072414934302549,-0.0016011708041759765,-52.809978702013844,-0.0061719198299168615,0.25942832186748366,False
1095,446.93261427530217,17335.911625196542,17281.911625196542,9558.911625196542,9491.911625196542,-0.00135490443028013,-0.00169985597271742,-56.064822991758646,-0.0065533289336832294,0.25938816591067004,False
1096,447.20211110527123,17401.929442341196,17349.929442341196,9598.929442341196,9532.929442341196,-0.001299690470571601,-0.001696730283360241,-55.96173118671747,-0.0065454472979173655,0.2592229692079421,False
1097,447.4716305870086,17478.947246307205,17445.947246307205,9645.947246307205,9579.947246307205,-0.0008207167051567772,-0.0021610481654564875,-71.27591091102627,-0.00833573983710702,0.25925091325864785,False
1098,447.7411726961426,17523.965037098962,17489.965037098962,9673.96503709896,9612.96503709896,-0.0008434367118739207,-0.0019037139884601605,-62.788488850223644,-0.007350822593396695,0.2589797215580039,False
1099,448.01073740830225,17599.982814720865,17564.982814720865,9714.982814720866,9653.982814720866,-0.0008645145310895936,-0.0018710007762803675,-61.709538351011645,-0.007223782034436216,0.2590057074481471,False
1100,448.2803246991159,17652.000579177333,17613.000579177333,9747.000579177333,9693.000579177333,-0.0009605836462764365,-0.0014521695372949196,-47.895603727127124,-0.005614440387377022,0.25864902592248384,False
1101,448.5499345442124,17736.018330472787,17684.018330472787,9786.018330472787,9724.018330472787,-0.001275172552745034,-0.0014850835130859768,-48.981175832233575,-0.005734075994708835,0.2589926457996632,False
1102,448.8195669192204,17828.03606861166,17763.03606861166,9839.036068611656,9765.036068611656,-0.0015863063972814512,-0.0016923944844772732,-55.81872742592659,-0.00653441357659591,0.2589971486559813,False
1103,449.0892217997683,17879.05379359839,17805.05379359839,9873.053793598387,9790.053793598387,-0.001801240939059575,-0.0018651842105514183,-61.51769578714307,-0.007206335336429515,0.2588256198851206,False
1104,449.35889916148506,18004.071505437427,17915.071505437427,9947.071505437429,9851.071505437429,-0.0021521831953967866,-0.0020595852521423747,-67.92945075999938,-0.007961125639005627,0.25870528183243496,False
1105,449.6285989799992,18093.089204133244,17989.089204133244,10002.089204133243,9900.089204133243,-0.0025035490199365783,-0.00194806668767321,-64.25133409740724,-0.0075390734748505776,0.2583960342304291,False
1106,449.89832123093925,18096.1068896903,18010.1068896903,10003.106889690303,9917.106889690303,-0.0020688625123087404,-0.0016810528153045103,-55.44465533699217,-0.006508373555377585,0.25829076972933274,False
1107,450.1680658899339,18170.12456211309,18094.12456211309,10049.12456211309,9970.12456211309,-0.0018203288221344744,-0.0016073164359772156,-53.012674556626855,-0.006229103873876081,0.25803333328860634,False
1108,450.43783293261197,18215.142221406095,18147.142221406095,10082.142221406095,10013.142221406095,-0.001624323644572503,-0.0013581110757722933,-44.793357959967736,-0.005273013626182341,0.2575588026226219,False
1109,450.70762233460187,18274.15986757382,18202.15986757382,10110.159867573819,10045.159867573819,-0.0017144955157038738,-0.0010866745534834448,-35.84081090899904,-0.004218084854447667,0.257622734245762,False
1110,450.97743407153246,18336.177500620775,18268.177500620775,10147.177500620774,10075.177500620774,-0.0016135817030917465,-0.0014789695674992712,-48.7795250555787,-0.005739046052359127,0.2577030318290123,False
1111,451.24726811903224,18382.19512055148,18317.19512055148,10181.19512055148,10102.19512055148,-0.0015383999928177986,-0.00184460818773107,-60.83905530476555,-0.007162945142434737,0.2575209150776875,False
1112,451.51712445272995,18459.21272737047,18354.21272737047,10222.212727370468,10129.212727370468,-0.0024774138072778513,-0.0014918086975618471,-49.20298655224639,-0.005795363670475909,0.25741416456084826,False
1113,451.78700304825406,18513.23032108228,18382.23032108228,10254.23032108228,10151.23032108228,-0.003084000861580958,-0.0013003854884589753,-42.88944675410082,-0.005055354665768404,0.2572293289854312,False
1114,452.0569038812333,18553.247901691462,18416.247901691462,10271.24790169146,10169.24790169146,-0.0032187951221135723,-0.001115581624399981,-36.7942268690318,-0.004334804742634904,0.2573545270511715,False
1115,452.32682692729657,18584.265469202575,18459.265469202575,10292.265469202575,10194.265469202575,-0.0029309849742753832,-0.0012240556229579226,-40.37192734834781,-0.00475829939795913,0.2572464489062898,False
1116,452.59677216207206,18689.28302362019,18576.28302362019,10352.283023620193,10260.283023620193,-0.0026338216253494855,-0.001242974457396824,-40.99591027457879,-0.004833129191833838,0.25717799133054026,False
1117,452.86673956118875,18730.30056494889,18644.30056494889,10377.300564948891,10299.300564948891,-0.001998650967927092,-0.001278012354724841,-42.15153377635016,-0.004970888956865185,0.25709935703951026,False
1118,453.13672910027526,18797.318093193262,18729.318093193262,10423.31809319326,10353.31809319326,-0.001573925088607505,-0.0013525090550255722,-44.60859154057576,-0.005267474063079917,0.256766153725445,False
1119,453.4067407549601,18851.3356083579,18783.3356083579,10450.3356083579,10385.3356083579,-0.0015694069299574409,-0.0011402953501363454,-37.6093374908224,-0.00444071311343461,0.25678203500392294,False
1120,453.67677450087194,18938.353110447417,18857.353110447417,10499.353110447417,10423.353110447417,-0.0018614763637225856,-0.0012936150899734275,-42.66614478101125,-0.005036922646413101,0.2568264753667873,False
1121,453.94683031363945,19016.370599466434,18921.370599466434,10548.370599466432,10462.370599466432,-0.0021750405118350197,-0.0013802394921958918,-45.5231996464335,-0.005378275070468158,0.25663237266809175,False
1122,454.21690816889134,19079.38807541957,18982.38807541957,10586.388075419572,10501.388075419572,-0.0022135938049311975,-0.0012875085038761423,-42.46473673578676,-0.005020301676567902,0.2564603856149815,False
1123,454.4870080422562,19110.405538311476,19043.405538311476,10607.405538311476,10526.405538311476,-0.0015252872190831426,-0.001803788181413736,-59.49272569482499,-0.00703059608085167,0.25656262437355515,False
1124,454.7571299093627,19163.42298814679,19093.42298814679,10642.422988146789,10554.422988146789,-0.0015892918971217738,-0.002016728925057775,-66.51595901091082,-0.007864301900973545,0.2564409340399455,False
1125,455.02727374583947,19201.44042493017,19117.44042493017,10669.440424930172,10571.440424930172,-0.0019040636942545207,-0.002103412410316878,-69.37496255907098,-0.008208634957718758,0.25624387259893844,False
1126,455.2974395273151,19236.457848666287,19148.457848666287,10686.457848666289,10586.457848666289,-0.001991302086742001,-0.0020918023366131994,-68.99203792453417,-0.00816035322829315,0.2563372292954932,False
1127,455.56762722941824,19308.475259359817,19194.475259359817,10725.475259359817,10615.475259359817,-0.002571736188755753,-0.001905366744923408,-62.84300023239227,-0.007434587675730124,0.2562841179670786,False
1128,455.83783682777766,19334.492657015446,19219.492657015446,10741.492657015444,10630.492657015444,-0.002590861262945075,-0.0019203828019545275,-63.33826135627328,-0.007494810416338089,0.256228336045465,False
1129,456.10806829802186,19395.510041637866,19290.510041637866,10783.510041637866,10679.510041637866,-0.002357494127213584,-0.0018513245237641437,-61.06057418453598,-0.00723550340888545,0.25586671985955434,False
1130,456.37832161577956,19436.527413231786,19340.527413231786,10813.527413231788,10708.527413231788,-0.002150362147282456,-0.0020872706223087514,-68.84257246133855,-0.008163128864077888,0.25569492495626933,False
1131,456.64859675667935,19516.544771801924,19403.544771801924,10856.544771801924,10748.544771801924,-0.002521855161534715,-0.0018201027495998805,-60.03081444600366,-0.007120307860575442,0.25562135587951745,False
1132,456.91889369635,19590.562117353,19461.562117353,10896.562117353002,10786.562117353002,-0.0028692007431591737,-0.001537249390371749,-50.70171611516187,-0.006016018919881434,0.25552602324629087,False
1133,457.18921241042005,19648.579449889756,19505.579449889756,10925.579449889756,10808.579449889756,-0.003172300914672728,-0.0015035593714228545,-49.59054847550635,-0.0058815852139637425,0.2556384574439532,False
1134,457.4595528745182,19699.59676941693,19557.59676941693,10960.596769416929,10844.596769416929,-0.003141848911463443,-0.0014789433840658025,-48.77866147090664,-0.0057915424568574505,0.2553626076443014,False
1135,457.729915064273,19734.614075939277,19612.614075939277,10984.614075939277,10877.614075939277,-0.0026931552270722425,-0.0015580016349149143,-51.386168760367056,-0.006104475851562186,0.2552228353096374,False
1136,458.00029895531316,19821.63136946156,19715.63136946156,11043.63136946156,10946.63136946156,-0.002328705741930561,-0.0015027025928452797,-49.56229011711258,-0.0058980665933179134,0.25477884474002616,False
1137,458.27070452326734,19872.648649988554,19771.648649988554,11070.648649988556,10980.648649988556,-0.002212869974240549,-0.0013322022156631464,-43.9388292944506,-0.005229474213343424,0.25474878760543945,False
1138,458.54113174376414,19955.665917525046,19852.665917525046,11117.665917525044,11020.665917525044,-0.0022473904027883016,-0.0015583917710540567,-51.39903627028248,-0.006115374000768403,0.2548318011062354,False
1139,458.8115805924323,20005.68317207582,19895.68317207582,11147.68317207582,11042.68317207582,-0.0023945302333868595,-0.001715475002991153,-56.57997144060042,-0.006731933122588428,0.25482650700064485,False
1140,459.08205104490037,20060.70041364568,19953.70041364568,11180.700413645684,11078.700413645684,-0.002322644816019558,-0.0016575474232271604,-54.66939809913231,-0.006507692655608119,0.2547058552002667,False
1141,459.352543076797,20143.717642239448,20039.717642239448,11233.717642239448,11131.717642239448,-0.0022480271607925708,-0.0017132947374890904,-56.50806170153423,-0.006732723290022615,0.2544727688464582,False
1142,459.62305666375096,20193.73485786193,20085.73485786193,11266.734857861933,11163.734857861933,-0.002328924227513418,-0.0016596365666321539,-54.738302439903066,-0.006527618685260476,0.2542483938866794,False
1143,459.89359178139057,20224.75206051797,20116.75206051797,11288.75206051797,11186.75206051797,-0.0023253429500311425,-0.0016165789787609703,-53.318172687032956,-0.006363342746443968,0.25404556114227295,False
1144,460.1641484053449,20289.7692502124,20192.7692502124,11326.769250212401,11226.769250212401,-0.0020812254826583837,-0.0017700311875147637,-58.37934908053791,-0.006967088739685368,0.254056070426153,False
1145,460.4347265112424,20325.786426950075,20207.786426950075,11341.786426950073,11233.786426950073,-0.002528614678024022,-0.0016266873528519156,-53.65156811184495,-0.006399764884571046,0.2541792366112754,False
1146,460.7053260747116,20360.80359073585,20221.80359073585,11358.80359073585,11243.80359073585,-0.00297502665509291,-0.0014443127589044277,-47.63647066125671,-0.005682143748751396,0.25418448085228457,False
1147,460.97594707138126,20426.820741574596,20286.820741574596,11400.820741574596,11279.820741574596,-0.0029867859959277153,-0.0016471332790272916,-54.32591773341467,-0.006482524977542903,0.2540882271542918,False
1148,461.24658947688,20494.837879471197,20381.837879471197,11439.837879471195,11339.837879471195,-0.002401144445099424,-0.001411879728717703,-46.56676115310454,-0.005560101722047885,0.2539305572628413,False
1149,461.51725326683663,20566.85500443053,20472.85500443053,11483.855004430532,11397.855004430532,-0.0019894756897856055,-0.0012750968702662834,-42.055374970705614,-0.005025651335472802,0.2537177343096216,False
1150,461.78793841687957,20621.872116457504,20540.872116457504,11513.872116457505,11435.872116457505,-0.0017092105541275091,-0.0012429007791987224,-40.99348021273755,-0.0048985531832461335,0.25372813822857937,False
1151,462.0586449026375,20682.88921555702,20625.88921555702,11554.889215557023,11481.889215557023,-0.0011985249682825293,-0.0015539087882131262,-51.251178073184725,-0.0061268600348621475,0.25362237416414046,False
1152,462.3293726997391,20768.906301734,20710.906301734,11610.906301734,11541.906301734,-0.0012145231516563363,-0.001374052887134286,-45.31915240756986,-0.005426009124292514,0.25323453309036703,False
1153,462.60012178381305,20804.923374993363,20743.923374993363,11629.923374993365,11557.923374993365,-0.001275221071224127,-0.001421821351788603,-46.89465677877318,-0.005613187338824663,0.2533001779495776,False
1154,462.87089213048796,20874.940435340053,20826.940435340053,11673.940435340051,11601.940435340051,-0.0009997699816995838,-0.0016870716125239682,-55.64316792049815,-0.0066616501525370575,0.2532513076931029,False
1155,463.14168371539256,20951.95748277901,20916.95748277901,11727.957482779007,11654.957482779007,-0.0007260904859739533,-0.001985598815856271,-65.48922257552545,-0.007848371128498639,0.2529950206669327,False
1156,463.41249651415535,21046.974517315186,20984.974517315186,11781.974517315188,11698.974517315188,-0.0012812290662419766,-0.00178905502452746,-59.006795212362746,-0.007075107565241705,0.25286612366385147,False
1157,463.68333050240506,21125.991538953553,21033.991538953553,11828.991538953554,11735.991538953554,-0.0018954066315143641,-0.001532526787779186,-50.545954754986646,-0.006066154264568971,0.2526356437603849,False
1158,463.9541856557704,21216.008547699083,21103.008547699083,11883.008547699083,11781.008547699083,-0.0023193068487150524,-0.0014246315804220065,-46.987344026061706,-0.005643231949393521,0.2524495879661852,False
1159,464.2250619498798,21303.025543556756,21187.025543556756,11927.025543556756,11822.025543556756,-0.0023712979284103985,-0.0014689580515472372,-48.44932421577893,-0.005814348545517367,0.25264361777550226,False
1160,464.4959593603621,21375.042526531564,21275.042526531564,11970.042526531566,11864.042526531566,-0.0020365505822600408,-0.0018264480183002897,-60.24009474517801,-0.00722703136190645,0.252724518109533,False
1161,464.76687786284594,21453.059496628517,21337.059496628517,12024.059496628517,11909.059496628517,-0.0023546689981941878,-0.0018189825693919245,-59.993868548182974,-0.00720824166016035,0.2523476119627572,False
1162,465.03781743295986,21507.076453852616,21381.076453852616,12054.076453852618,11932.076453852618,-0.0025518124911053986,-0.0018661017866338247,-61.54795937503947,-0.007394001811554271,0.2523804881570021,False
1163,465.30877804633246,21621.093398208894,21507.093398208894,12119.093398208892,12008.093398208892,-0.0022959317291977362,-0.0017001435705653947,-56.07430857330104,-0.006739712196649292,0.2522575921581097,False
1164,465.5797596785926,21641.11032970237,21539.11032970237,12136.11032970237,12036.11032970237,-0.0020517782851316056,-0.00154157762238757,-50.84447030476913,-0.006118080147215426,0.25197081196937265,False
1165,465.8507623053688,21780.127248338093,21685.127248338093,12233.12724833809,12139.12724833809,-0.0018984378191890987,-0.0014515915124932274,-47.876539254188316,-0.005777508199767064,0.25124871524228254,False
1166,466.1217859022896,21805.144154121106,21723.144154121106,12246.144154121104,12158.144154121104,-0.001636277971284267,-0.0014958010773837244,-49.33466363055301,-0.0059520750686868846,0.25130749530578755,False
1167,466.39283044498393,21878.16104705647,21793.16104705647,12291.16104705647,12196.16104705647,-0.0016905866736750842,-0.00167917198062156,-55.3826214557288,-0.006683072289411767,0.2512574917500044,False
1168,466.6638959090802,21938.177927149256,21850.177927149256,12325.177927149256,12218.177927149256,-0.001745576654477466,-0.0020411755931587167,-67.32226151054351,-0.008118332252827185,0.25142794475403285,False
1169,466.934982270207,21999.19479440454,21924.19479440454,12358.194794404539,12254.194794404539,-0.0014831331599705865,-0.00218712362465314,-72.13593436463225,-0.008694750139919806,0.2515453106135276,False
1170,467.2060895039932,22091.211648827404,22017.211648827404,12410.211648827404,12312.211648827404,-0.0014572192524747386,-0.001985896468133408,-65.49903977327548,-0.007898303428339295,0.2514332965492267,False
1171,467.47721758606735,22182.228490422953,22108.228490422953,12464.228490422953,12376.228490422953,-0.0014512300733036717,-0.0016258529543828736,-53.62404789647245,-0.006473563531545788,0.251152699198836,False
1172,467.74836649205804,22312.24531919629,22234.24531919629,12542.245319196289,12466.245319196289,-0.0015208831817044774,-0.0011187389139021636,-36.89836091327712,-0.00446197390561968,0.25072735465645735,False
1173,468.019536197594,22398.262135152527,22316.262135152527,12590.262135152527,12512.262135152527,-0.001592868895234856,-0.001106069127554961,-36.48048472829437,-0.004411349752127009,0.2507325851960957,False
1174,468.2907266783038,22518.27893829679,22426.27893829679,12664.27893829679,12571.27893829679,-0.0017779749107709087,-0.0014230297876205345,-46.93451353258146,-0.005676990156572128,0.2506662418593634,False
1175,468.56193790981615,22667.295728634213,22562.295728634213,12753.295728634215,12645.295728634215,-0.002016423365768119,-0.001677016628377501,-55.311533408278024,-0.006691584108905269,0.2506157885911798,False
1176,468.8331698677596,22760.312506169943,22651.312506169943,12801.312506169943,12696.312506169943,-0.002084848953290546,-0.0014920471968312204,-49.210852759463805,-0.005952242856388751,0.25066974463747793,False
1177,469.10442252776295,22851.32927090913,22743.32927090913,12865.32927090913,12755.32927090913,-0.002057429236996948,-0.0016718025054318162,-55.13956067370583,-0.006678488887611747,0.2503264636006094,False
1178,469.37569586545465,22969.346022856935,22845.346022856935,12929.346022856933,12822.346022856933,-0.0023508898499491064,-0.0012581760638126918,-41.49729120718425,-0.005028657999341587,0.25020115982781643,False
1179,469.6469898564635,23059.36276201853,22938.36276201853,12977.362762018527,12873.362762018527,-0.0022848848687341858,-0.0012095524349325978,-39.89358172230274,-0.0048330744449497755,0.2502656329236756,False
1180,469.91830447641803,23168.379488399092,23060.379488399092,13051.379488399092,12950.379488399092,-0.0020292082424693413,-0.001344714523417547,-44.351511504430704,-0.005380760778380818,0.2499115977837988,False
1181,470.18963970094705,23197.396202003816,23093.396202003816,13065.396202003818,12958.396202003818,-0.001951433525570937,-0.0016198961797484464,-53.4275809481891,-0.006476305009960083,0.25012660417586335,False
1182,470.4609955056791,23341.412902837903,23205.412902837903,13145.412902837903,13034.412902837903,-0.002537840834085619,-0.0011449167762645216,-37.761761838534355,-0.0045810346797016295,0.24992536758946604,False
1183,470.73237186624283,23433.42959090656,23273.42959090656,13200.429590906557,13075.429590906557,-0.0029754682773078488,-0.001156630269249637,-38.14809745835505,-0.004629741443602571,0.2498261044032776,False
1184,471.0037687582668,23518.446266214996,23357.446266214996,13259.446266214998,13130.446266214998,-0.0029832684884799187,-0.0012626324246215103,-41.64427135370482,-0.005060355787035636,0.2495145554500946,False
1185,471.2751861573797,23617.46292876845,23455.46292876845,13325.462928768453,13191.462928768453,-0.002989233515701881,-0.001400110578472859,-46.17858983986919,-0.0056172718354806075,0.24925099220395253,False
1186,471.5466240392104,23712.479578572158,23553.479578572158,13381.479578572156,13248.479578572156,-0.0029218949250418296,-0.0014162000769135648,-46.70925531775809,-0.005683420688200069,0.2491809342662039,False
1187,471.8180823793872,23792.496215631356,23639.496215631356,13429.496215631356,13308.496215631356,-0.0028017919039951223,-0.001128943821563826,-37.23494021816008,-0.004534916995844594,0.24894475965013085,False
1188,472.08956115353897,23876.51283995131,23737.51283995131,13479.512839951309,13364.512839951309,-0.002535685803204697,-0.0011853783585581102,-39.09626987078258,-0.0047626712985695645,0.24888939090004603,False
1189,472.36106033729425,23972.529451537273,23855.529451537273,13535.529451537273,13430.529451537273,-0.002124801085628056,-0.0012573135367627995,-41.46884325209041,-0.005052145022959556,0.24886726945662038,False
1190,472.63257990628176,24052.54605039453,23967.54605039453,13592.546050394529,13499.546050394529,-0.0015374843279666911,-0.0014441639931021284,-47.63156405239865,-0.0058096005023856034,0.2485823237775316,False
1191,472.9041198361301,24153.562636528357,24077.562636528357,13657.562636528355,13556.562636528355,-0.001368676669094213,-0.0018549392747597407,-61.17979627039508,-0.007463479154799201,0.2485354666753466,False
1192,473.17568010246794,24297.579209944044,24202.579209944044,13739.579209944046,13634.579209944046,-0.0017013564446093812,-0.0016303364273543147,-53.77192225910468,-0.006563225846766448,0.24840474264001508,False
1193,473.4472606809238,24385.5957706469,24275.5957706469,13787.595770646902,13689.595770646902,-0.001963473267652644,-0.001134444482087995,-37.41636356435821,-0.004570464970127851,0.24821205052497336,False
1194,473.7188615471266,24516.61231864223,24396.61231864223,13867.61231864223,13756.61231864223,-0.0021309346407844343,-0.0013592590262326283,-44.83121977908357,-0.0054778262549242465,0.24813839705316204,False
1195,473.9904826767047,24683.628853935355,24559.628853935355,13970.628853935355,13843.628853935355,-0.0021872082428054354,-0.0017787996288552263,-58.66855070676792,-0.00717019528317636,0.24808245223514014,False
1196,474.2621240452869,24802.645376531607,24670.645376531607,14044.645376531606,13906.645376531606,-0.0023174932078251064,-0.0019709044910821106,-65.00457285774394,-0.007948071154617998,0.24797267824369856,False
1197,474.53378562850185,24916.661886436315,24765.661886436315,14105.661886436317,13965.661886436317,-0.002639919541336738,-0.00169202661634088,-55.80659436154808,-0.006824272887297585,0.24794240269763348,False
1198,474.80546740197815,25022.67838365484,24864.67838365484,14163.678383654838,14023.678383654838,-0.0027509478160490674,-0.001563165631300017,-51.55648821560776,-0.006304629819458316,0.24793932016048514,False
1199,475.0771693413444,25138.694868192524,24984.694868192524,14236.694868192524,14092.694868192524,-0.0026686766802415467,-0.001746451537941149,-57.601642674365735,-0.007047634333792924,0.24780677532701056,False
1200,475.34889142222926,25246.711340054742,25083.711340054742,14306.711340054742,14154.711340054742,-0.002813020208303822,-0.0018257773387217618,-60.217974322943505,-0.0073745573548203176,0.2475778885261985,False
1201,475.6206336202615,25320.727799246866,25157.727799246866,14342.727799246868,14199.727799246868,-0.002804770698984393,-0.0015469663356125801,-51.022201393733425,-0.006247392714395743,0.24761791139653128,False
1202,475.8923959110697,25394.744245774284,25244.744245774284,14395.744245774284,14260.744245774284,-0.002572868121489909,-0.0015190630171744548,-50.101891300275724,-0.006143355884561421,0.24726925246052253,False
1203,476.1641782702824,25433.760679642382,25284.760679642382,14408.760679642382,14278.760679642382,-0.0025517330644221725,-0.0013843803702190982,-45.65977450755565,-0.005593995266825723,0.24747614257540407,False
1204,476.4359806735283,25540.77710085657,25404.77710085657,14466.777100856569,14343.777100856569,-0.002318718120472804,-0.0013895441676337527,-45.83008740033273,-0.005613025155142688,0.24755708895418788,False
1205,476.7078030964361,25665.793509422252,25526.793509422252,14548.793509422252,14424.793509422252,-0.002358430579605253,-0.0013589444570694764,-44.820844626874305,-0.005497188279140108,0.2472071881230977,False
1206,476.9796455146345,25741.809905344853,25595.809905344853,14603.809905344853,14467.809905344853,-0.0024702027688492953,-0.001593174558882895,-52.54624572454364,-0.0064508961287717236,0.24696949494771075,False
1207,477.251507903752,25880.826288629803,25732.826288629803,14692.826288629803,14553.826288629803,-0.002490649519178607,-0.001637507530826921,-54.008440324929126,-0.006637874492062301,0.24669154754056952,False
1208,477.52339023941727,25894.84265928254,25772.84265928254,14700.84265928254,14584.84265928254,-0.0020509540900073534,-0.0013895270066279527,-45.82952139428987,-0.005635521823683792,0.24656581060308191,False
1209,477.7952924972591,26023.859017308514,25928.859017308514,14771.859017308512,14676.859017308512,-0.0015882911742377173,-0.0012137404017006882,-40.03170966920932,-0.004923029108126327,0.2465434136266218,False
1210,478.0672146529058,26092.875362713177,26021.875362713177,14812.875362713177,14728.875362713177,-0.0011833473963985353,-0.0012864341095373758,-42.42930095217151,-0.005218253712712861,0.24652578819679233,False
1211,478.33915668198654,26252.891695502,26180.891695502,14912.891695502,14821.891695502,-0.0011927128018704644,-0.0014655154904205932,-48.33578131373233,-0.005948963447894172,0.2463480408405198,False
1212,478.6111185601295,26354.908015680456,26253.908015680456,14973.908015680458,14865.908015680458,-0.0016675454751325454,-0.001476174231689141,-48.68732900490569,-0.00599426488840185,0.246264430947213,False
1213,478.88310026296347,26502.924323254032,26382.924323254032,15049.924323254032,14944.924323254032,-0.001970864743655526,-0.001069731153749837,-35.28198197161281,-0.004343303739914699,0.24629434591899996,False
1214,479.15510176611724,26606.940618228222,26477.940618228222,15117.94061822822,15009.94061822822,-0.002110736508753573,-0.0010029245274764116,-33.078559012955594,-0.004076866536534469,0.24600376747406238,False
1215,479.4271230452191,26736.956900608522,26598.956900608522,15197.956900608522,15090.956900608522,-0.0022473702228635625,-0.0008210595780074035,-27.08027070851459,-0.0033412086295968382,0.24573729719669596,False
1216,479.6991640758981,26829.97317040045,26707.97317040045,15256.973170400452,15152.973170400452,-0.001979307094288694,-0.0009912211468208372,-32.69255691901877,-0.004035136861758218,0.2456474664378386,False
1217,479.9712248337827,26906.989427609526,26785.989427609526,15301.989427609526,15194.989427609526,-0.0019574150061627267,-0.0010900803187832916,-35.953140207334926,-0.004437313082311556,0.2456622506824399,False
1218,480.2433052945016,27032.005672241277,26885.005672241277,15383.005672241277,15256.005672241277,-0.0023681374554281377,-0.0012322212158571077,-40.64124576582748,-0.00502018842956295,0.2454531803230308,False
1219,480.5154054336833,27107.021904301244,26950.021904301244,15425.021904301246,15293.021904301246,-0.0025226842080668856,-0.0012097946456336322,-39.901570340337514,-0.00492866510966353,0.24546091461187197,False
1220,480.78752522695663,27200.038123794977,27034.038123794977,15474.038123794977,15340.038123794977,-0.0026585908388293343,-0.0011186327231347392,-36.89485851855983,-0.004556081719115827,0.24552516660123164,False
1221,481.05966464995015,27295.054330728028,27133.054330728028,15526.054330728028,15395.054330728028,-0.002585278656912076,-0.0010945969994288754,-36.10210982886126,-0.004457369736073295,0.24557016003638882,False
1222,481.3318236782925,27351.070525105966,27158.070525105966,15562.070525105966,15407.070525105966,-0.0030754175780315254,-0.0012718910332410465,-41.94963972710552,-0.0051799137966411475,0.24554289572652518,False
1223,481.6040022876123,27433.086706934366,27221.086706934366,15615.086706934366,15447.086706934366,-0.0033692172503865347,-0.0013285985413148192,-43.819972539700984,-0.005414131667718858,0.24539457531785502,False
1224,481.8762004535382,27506.10287621881,27284.10287621881,15656.10287621881,15491.10287621881,-0.00351938457895621,-0.0010819437332163823,-35.68477851264569,-0.004410941138450268,0.24528636843168355,False
1225,482.14841815169893,27578.119032964893,27359.119032964893,15700.119032964893,15541.119032964893,-0.003462532835438287,-0.0009581254428523154,-31.60099103663606,-0.003908470566875803,0.2451407593989337,False
1226,482.42065535772304,27651.135177178217,27419.135177178217,15755.135177178217,15586.135177178217,-0.0036592126831104677,-0.0010244825203763195,-33.78958693260853,-0.004184925084250399,0.24480307287503666,False
1227,482.69291204723925,27715.15130886439,27500.15130886439,15793.151308864391,15628.151308864391,-0.0033821705613140502,-0.0011790183279353616,-38.88650269238063,-0.004815504486388218,0.24483796687720727,False
1228,482.9651881958762,27823.167428029035,27614.167428029035,15857.167428029037,15695.167428029037,-0.00327461545493171,-0.0011850433704441027,-39.085221258654485,-0.004841387942356869,0.24477347912491468,False
1229,483.23748377926245,27940.183534677784,27720.183534677784,15931.183534677783,15763.183534677783,-0.0034331531970275093,-0.0011709555479555399,-38.620575261089186,-0.004787878271722425,0.24456669144478732,False
1230,483.50979877302666,28022.199628816266,27820.199628816266,15990.199628816266,15826.199628816266,-0.003141980615178821,-0.0013352655537981978,-44.03986462512687,-0.005465322448561368,0.2443159697100175,False
1231,483.78213315279754,28087.215710450135,27905.215710450135,16029.215710450135,15868.215710450135,-0.002823305652919976,-0.0015608721486027,-51.48084433546522,-0.006387152193759053,0.24437685235179507,False
1232,484.0544868942037,28162.231779585043,27974.231779585043,16068.231779585045,15905.231779585045,-0.002908899587426315,-0.0015191858273063525,-50.105941836566444,-0.006214491904332215,0.24445857371659063,False
1233,484.3268599728739,28279.24783622666,28070.24783622666,16128.24783622666,15964.24783622666,-0.003221606932128639,-0.0012171201623909474,-40.14318128086059,-0.004978215948204656,0.24448922566926606,False
1234,484.59925236443655,28344.263880380655,28096.263880380655,16165.263880380653,15989.263880380653,-0.003816609410192807,-0.0009377189839443112,-30.92794312850245,-0.0038375862955385364,0.24435124365397992,False
1235,484.87166404452046,28423.27991205271,28171.27991205271,16214.279912052709,16039.279912052709,-0.0038676131798924935,-0.0008451863101412746,-27.876021047464008,-0.0034610538866121946,0.2441991190632902,False
1236,485.1440949887542,28512.295931248518,28268.295931248518,16260.295931248518,16093.295931248518,-0.0037325608062065037,-0.0007508871471084491,-24.765836438555823,-0.003073889153768452,0.24427918820296257,False
1237,485.4165451727665,28631.31193797378,28384.31193797378,16329.31193797378,16157.31193797378,-0.0037628776399422576,-0.000835898099779412,-27.569676346379964,-0.0034217266756381513,0.24429131225787262,False
1238,485.689014572186,28718.327932234206,28465.327932234206,16380.327932234206,16206.327932234206,-0.00384295894361912,-0.0007950105586388076,-26.22111929601313,-0.0032551174347891978,0.24423406361383476,False
1239,485.9615031626413,28757.34391403551,28487.34391403551,16406.34391403551,16220.343914035513,-0.004096812616271225,-0.0008549403274034362,-28.197729039222565,-0.003501494162379547,0.24416443031349666,False
1240,486.2340109197611,28774.35988338343,28517.35988338343,16426.35988338343,16239.359883383428,-0.003896354690079034,-0.0010760724216578761,-35.491130316245346,-0.004410089971900249,0.2440023737643182,False
1241,486.5065378191739,28840.37584028369,28596.37584028369,16472.37584028369,16292.375840283688,-0.003689919361750323,-0.001081903355611747,-35.683446774373124,-0.004437929255735836,0.24378562461612757,False
1242,486.77908383650845,28906.391784742038,28695.391784742038,16518.391784742038,16342.391784742038,-0.003181725976842375,-0.001470418701600842,-48.49749952475955,-0.006032206556026229,0.24376133143714718,False
1243,487.05164894739335,28927.40771676423,28748.40771676423,16519.40771676423,16375.40771676423,-0.0026957212922639304,-0.0011066289598950243,-36.49894917560901,-0.004537812793587975,0.24386835910434962,False
1244,487.3242331274573,28985.42363635603,28803.42363635603,16546.42363635603,16412.42363635603,-0.0027355401870147486,-0.0007958807239348822,-26.24981917652123,-0.003263498808270856,0.24387345321464188,False
1245,487.596836352329,29041.439543523204,28846.439543523204,16585.439543523204,16440.439543523204,-0.0029259232030782894,-0.0008876379345295793,-29.27616485096408,-0.0036418160366858843,0.24373497331769267,False
1246,487.86945859763694,29091.45543827154,28883.45543827154,16617.45543827154,16466.45543827154,-0.0031163011193417306,-0.0008480985178954338,-27.972071780510035,-0.0034811640920696593,0.24362497586007592,False
1247,488.1420998390098,29164.47132060682,28953.47132060682,16659.47132060682,16505.47132060682,-0.0031534680732071972,-0.0008798168104525157,-29.0182077392941,-0.003611241201855401,0.24363280137601417,False
1248,488.4147600520764,29186.487190534845,28988.487190534845,16679.487190534845,16526.487190534845,-0.002956275971612238,-0.0010458668475532762,-34.494886991681966,-0.004294751851826183,0.24352206684736868,False
1249,488.6874392124653,29248.503048061422,29069.503048061422,16715.503048061422,16569.503048061422,-0.002666036155676894,-0.001143931661832004,-37.72927069388908,-0.004696788082227219,0.24355615833736982,False
1250,488.9601372958049,29314.51889319237,29160.51889319237,16755.51889319237,16627.51889319237,-0.0022875232705164227,-0.0010429085771277813,-34.397317014913895,-0.004283936091881986,0.24344634344664529,False
1251,489.2328542777242,29351.534725933507,29200.534725933507,16771.534725933507,16645.534725933507,-0.0022400100547586947,-0.0010350445769473772,-34.13794575923234,-0.004249378304512439,0.24357553100138374,False
1252,489.5055901338517,29433.55054629067,29304.55054629067,16815.55054629067,16704.55054629067,-0.001907589016199592,-0.0009687068258411283,-31.94998728914055,-0.0039763691958994325,0.24361591645969188,False
1253,489.7783448398159,29459.5663542697,29334.5663542697,16825.5663542697,16721.5663542697,-0.0018466771948805294,-0.0008460579014846034,-27.904767962008044,-0.0034720083228135237,0.24367968703456472,False
1254,490.0511183712457,29542.58214987645,29433.58214987645,16871.58214987645,16766.58214987645,-0.0016053316789832353,-0.0011059380739207561,-36.47616230397016,-0.0045354028476633675,0.24384560998600902,False
1255,490.32391070376957,29580.597933116776,29419.597933116776,16881.597933116776,16757.597933116776,-0.002370215356551956,-0.0008315710289630157,-27.42696045557055,-0.0034079497503261167,0.24400918143920408,False
1256,490.5967218130162,29710.61370399655,29502.61370399655,16953.61370399655,16806.61370399655,-0.003051129882341292,-0.0007309354181329062,-24.107786479414173,-0.0029954551810569647,0.24401480708350679,False
1257,490.8695516746143,29809.629462521647,29572.629462521647,17008.629462521647,16844.629462521647,-0.003466636015038765,-0.0007412219271029788,-24.447057166970325,-0.003037074490402822,0.24405786866448145,False
1258,491.1424002641925,29852.645208697955,29607.645208697955,17043.645208697955,16872.645208697955,-0.003578951581940463,-0.0008003590542007052,-26.397523921912523,-0.0032825747153128145,0.243820513960315,False
1259,491.41526755737925,29962.660942531365,29731.660942531365,17111.660942531365,16946.660942531365,-0.0033612083333869275,-0.0008468175572319374,-27.929823005313196,-0.003474670388743061,0.24371162225210893,False
1260,491.68815352980346,29945.676664027786,29715.676664027786,17099.676664027786,16941.676664027786,-0.0033485068676823385,-0.0006830027041641248,-22.526864820576066,-0.0028027783473466975,0.24368773392683804,False
1261,491.9610581570937,29977.692373193127,29752.692373193127,17113.692373193127,16953.692373193127,-0.0032719267098805897,-0.0008074957958250787,-26.632908661755337,-0.003311333027002709,0.24385822544583885,False
1262,492.2339814148785,30090.708070033306,29846.708070033306,17174.708070033306,17000.708070033306,-0.00353596954265499,-0.0008863843802057905,-29.23481999445758,-0.0036329278068303475,0.24398623571304656,False
1263,492.50692327878664,30071.72375455426,29819.72375455426,17160.72375455426,16983.72375455426,-0.0036547073030714704,-0.0008479757085002458,-27.968021268517575,-0.003474645103235122,0.24404671075924414,False
1264,492.77988372444656,30065.73942676192,29844.73942676192,17152.73942676192,16995.73942676192,-0.0032040977700936685,-0.0007893283719839187,-26.033708836465095,-0.003233189153036207,0.24413306324582962,False
1265,493.0528627274873,30117.75508666224,29897.75508666224,17176.75508666224,17007.75508666224,-0.0031840173884095557,-0.001110112615366882,-36.613847455539,-0.004541516826273869,0.24443653031176468,False
1266,493.32586026353715,30208.77073426117,29963.77073426117,17229.77073426117,17043.77073426117,-0.003536587734476085,-0.0011772272497043643,-38.82742916756625,-0.004815974503916518,0.24444216819399733,False
1267,493.5988763082248,30247.786369564674,29990.786369564674,17245.786369564674,17052.786369564674,-0.0037057438108255908,-0.001181906782386566,-38.98176999156698,-0.004831967703613514,0.24460154845461712,False
1268,493.87191083717903,30310.80199257873,30058.80199257873,17280.80199257873,17095.80199257873,-0.0036257599151311823,-0.001048654976238753,-34.5868453362349,-0.004287962660041743,0.24455786101191107,False
1269,494.1449638260285,30306.81760330932,30046.81760330932,17265.81760330932,17095.81760330932,-0.0037418546018596487,-0.0005554184386602598,-18.318867568566063,-0.0022704345536919725,0.2446308957715118,False
1270,494.41803525040166,30413.83320176243,30167.83320176243,17326.83320176243,17161.83320176243,-0.0035270416314483756,-0.0006284763233195983,-20.728470168620618,-0.0025687091831628085,0.24466620333632552,False
1271,494.6911250859274,30543.84878794406,30310.84878794406,17400.84878794406,17233.84878794406,-0.003325663023290557,-0.0008624919560226789,-28.4467976242277,-0.0035234734858194568,0.24478457394212194,False
1272,494.96423330823404,30580.864361860222,30342.864361860222,17405.864361860222,17243.864361860222,-0.00339318077417746,-0.000667816024454624,-22.025976202121768,-0.0027248002136116495,0.2450880696201399,False
1273,495.2373598929506,30644.879923516928,30390.879923516928,17447.879923516928,17262.879923516928,-0.003614649362125357,-0.0010147647033242088,-33.46907289986849,-0.004139824426909785,0.2451226425758569,False
1274,495.5105048157054,30667.895472920205,30421.895472920205,17452.895472920205,17272.895472920205,-0.003497704554947972,-0.0010046382139705483,-33.1350799956148,-0.004095235221309753,0.24531880580213444,False
1275,495.78366805212727,30706.911010076088,30456.911010076088,17472.911010076088,17285.911010076088,-0.0035502760138793102,-0.0011227161615346916,-37.02953890017187,-0.0045744448136269275,0.24543222342309268,False
1276,496.0568495778449,30796.926534990616,30544.926534990616,17515.926534990616,17326.926534990616,-0.00356829210865585,-0.001143288884767483,-37.70807055521618,-0.0046542150904032645,0.24564590646549225,False
1277,496.3300493684868,30892.942047669843,30613.942047669843,17566.942047669843,17373.942047669843,-0.003940013977150126,-0.000857786057952851,-28.291587214324352,-0.003492728095138517,0.2455919941626124,False
1278,496.6032673996816,30946.95754811983,30634.95754811983,17588.95754811983,17385.95754811983,-0.0044006763195213175,-0.0006408095345423592,-21.135245398535318,-0.0026081158496154278,0.24569826322586397,False
1279,496.87650364705803,30936.97303634664,30648.97303634664,17578.97303634664,17373.97303634664,-0.004061891731131012,-0.0010324650915890321,-34.052868910165955,-0.0041970031607684215,0.24600055135531515,False
1280,497.1497580862448,31059.988512356354,30757.988512356354,17651.988512356354,17429.988512356354,-0.004243360370904461,-0.0012531748940477275,-41.33234211612907,-0.005093497894837371,0.24603424207123184,False
1281,497.4230306928704,31104.003976155058,30783.003976155058,17668.003976155058,17438.003976155058,-0.0045053003375975335,-0.001185415632131954,-39.097499231595094,-0.004814427433178093,0.24622151825631303,False
1282,497.69632144256354,31176.01942774884,30837.01942774884,17699.01942774884,17473.01942774884,-0.004748269030389913,-0.0008329771494973394,-27.473337266386977,-0.0033821271521504333,0.24628794602465304,False
1283,497.9696303109529,31187.034867143808,30835.034867143808,17698.034867143808,17462.034867143808,-0.004929641969593661,-0.0009005533492153607,-29.702142374851576,-0.0036533705789135998,0.24649931611458853,False
1284,498.2429572736671,31213.050294346074,30857.050294346074,17710.050294346074,17478.050294346074,-0.004981803780913884,-0.0007450060266721813,-24.571864724749133,-0.0030224726724421614,0.24648892063272668,False
1285,498.51630230633475,31256.065709361752,30913.065709361752,17728.065709361752,17506.065709361752,-0.0047922341965559246,-0.0006805643068657557,-22.44644135228768,-0.0027596422040098794,0.24661324061389783,False
1286,498.7896653845845,31280.08111219698,30933.08111219698,17727.08111219698,17510.08111219698,-0.004844690178157366,-0.0005043838109913892,-16.635638275832804,-0.0020430088628468723,0.24688283059552923,False
1287,499.0630464840451,31356.096502857883,31002.096502857883,17765.096502857883,17544.096502857883,-0.004930928583483914,-0.0005056348543295,-16.67690031475368,-0.0020470446807496576,0.24700723881822118,False
1288,499.33644558034507,31430.11188135061,31090.11188135061,17804.11188135061,17583.11188135061,-0.004723642067866306,-0.0007009331392160926,-23.118248257460266,-0.002835764458249275,0.24717607880903827,False
1289,499.6098626491131,31457.12724768132,31137.12724768132,17809.12724768132,17600.12724768132,-0.004440517618410158,-0.0006863116300858613,-22.63600015267039,-0.0027738776203442405,0.24741957794110955,False
1290,499.8832976659779,31537.142601856176,31209.142601856176,17844.142601856176,17625.142601856176,-0.004540504258589822,-0.0008225415225862594,-27.12914835569802,-0.0033202082996613854,0.24773792736743266,False
1291,500.1567506065679,31534.15794388134,31206.15794388134,17838.15794388134,17612.15794388134,-0.004540936264676186,-0.0009964971921331972,-32.86657198340157,-0.004019276705100007,0.24792948215502436,False
1292,500.43022144651206,31597.173273762997,31301.173273762997,17868.173273762997,17660.173273762997,-0.0040876151027174545,-0.0009975798523475252,-32.9022803929673,-0.0040214151405641215,0.24806686638365452,False
1293,500.70371016143883,31601.188591507333,31341.188591507333,17854.188591507333,17666.188591507333,-0.0035879549706967218,-0.0010093005475906676,-33.28885355839648,-0.004062095522046947,0.24846795012887013,False
1294,500.97721672697685,31657.203897120547,31437.203897120547,17877.203897120547,17704.203897120547,-0.0030286415729780538,-0.0011945492494692934,-39.39874512978365,-0.004801817434235725,0.24877023456836656,False
1295,501.2507411187547,31744.219190608845,31530.219190608845,17915.219190608845,17766.219190608845,-0.0029376593730410456,-0.0006894507924994726,-22.739536327432376,-0.002771246502709387,0.24878724856320494,False
1296,501.5242833124013,31853.234471978434,31623.234471978434,17962.234471978434,17814.234471978434,-0.0031472503005761958,-0.0004459466735272947,-14.708258650350743,-0.0017908343392861762,0.24901615059774226,False
1297,501.79784328354503,31922.24974123554,31637.24974123554,17986.24974123554,17809.24974123554,-0.0038947681432060623,-0.0004002270894106546,-13.200330665923559,-0.0016050623544419202,0.24935298513671356,False
1298,502.0714210078146,31993.264998386396,31640.264998386396,18017.264998386396,17803.264998386396,-0.00481845105048625,-0.00037075887282418674,-12.228406942196585,-0.0014856795463287782,0.24955507649032307,False
1299,502.3450164608388,32076.280243437235,31689.280243437235,18058.280243437235,17830.280243437235,-0.005271623956558492,-0.0002465953712827776,-8.13323367594171,-0.0009878398989282217,0.24963090835906365,False
1300,502.618629618246,32152.295476394305,31776.295476394305,18096.295476394305,17877.295476394305,-0.005108719142414065,-0.00017914142511031138,-5.908460746380285,-0.0007173924917400779,0.2497118762363867,False
1301,502.8922604556651,32205.310697263867,31868.310697263867,18120.310697263867,17914.310697263867,-0.0045684506917092905,-0.00039708713970191146,-13.096768524513294,-0.0015886002126555205,0.24996039691958527,False
1302,503.1659089487247,32229.325906052178,31896.325906052178,18121.325906052178,17905.325906052178,-0.004510561947506037,-0.0006971788456704587,-22.99442376498959,-0.002784151151693744,0.25040984044502346,False
1303,503.4395750730532,32266.341102765517,31929.341102765517,18134.341102765517,17912.341102765517,-0.004559764140962085,-0.0007896654362701799,-26.04482592511809,-0.003150561363288405,0.25064277289491194,False
1304,503.7132588042796,32370.35628741016,32046.35628741016,18200.35628741016,17971.35628741016,-0.00436882272071908,-0.0011302127421786686,-37.27679188724474,-0.004509438551030792,0.25063269615245526,False
1305,503.98696011803236,32344.371459992395,32059.371459992395,18170.371459992395,17963.371459992395,-0.003843712482326824,-0.001132242619426549,-37.34374150557946,-0.004510908231357737,0.2510010315784579,False
1306,504.2606789899402,32364.386620518526,32096.386620518526,18171.386620518526,17976.386620518526,-0.0036112378404669653,-0.0010744308956748918,-35.43698933892165,-0.004276911663076926,0.25121652732521416,False
1307,504.53441539563164,32423.401768994852,32148.401768994852,18173.401768994852,17984.401768994852,-0.0036991906079978593,-0.0008410411880435502,-27.739306207843427,-0.003339547338547082,0.25184287053989096,False
1308,504.80816931073537,32530.416905427694,32235.416905427694,18204.416905427694,18013.416905427694,-0.003956337798528421,-0.0006243345561558295,-20.591865981773765,-0.002473346529958417,0.2524250235838672,False
1309,505.0819407108801,32607.43202982337,32325.43202982337,18232.43202982337,18058.43202982337,-0.003772259722785464,-0.00039230460310711026,-12.93903041496597,-0.001552647645224484,0.25266814677092453,False
1310,505.3557295716944,32667.44714218821,32454.44714218821,18272.44714218821,18129.44714218821,-0.0028409816863542467,-0.0005711720820674206,-18.838455841498245,-0.0022611357159128824,0.25260406885255127,False
1311,505.629535868807,32687.462242528563,32495.462242528563,18262.462242528563,18138.462242528563,-0.0025584854420683313,-0.00040038029148098137,-13.205383592225957,-0.0015823927988441813,0.2530220636579167,False
1312,505.90335957784646,32831.477330850765,32599.477330850765,18329.477330850765,18195.477330850765,-0.003079788230716686,-0.00010683977256900103,-3.5238002711401037,-0.00042196842001278805,0.2531937640398852,False
1313,506.17720067444145,32911.49240716118,32677.492407161182,18353.492407161182,18227.492407161182,-0.0030988538769618434,0.00010706339333121364,3.5311757539174806,0.000422215339824619,0.25357532811499917,False
1314,506.4510591342207,32992.50747146617,32788.50747146617,18388.507471466168,18276.507471466168,-0.002693675626897788,4.040338136221183e-05,1.3325884431959878,0.0001591632759126586,0.25384864146917485,False
1315,506.72493493281274,33118.5225237721,32926.5225237721,18442.522523772106,18327.522523772106,-0.0025250880022367524,-0.00019147262193089203,-6.315169537076983,-0.0007528026591543009,0.25434636767355806,False
1316,506.99882804584627,33243.537564085374,33033.537564085374,18506.53756408537,18380.53756408537,-0.0027521475934776975,-0.00021481670813359478,-7.085106568134165,-0.0008441084422464416,0.25448946768249237,False
1317,507.27273844895,33372.55259241236,33128.55259241236,18567.552592412358,18425.552592412358,-0.0031869644518030976,-0.0001471768167346948,-4.854200774157505,-0.0005778248560660283,0.2547083518294977,False
1318,507.54666611775235,33526.567608759455,33232.567608759455,18644.567608759455,18470.567608759455,-0.003825196438197867,-0.0002468778264752419,-8.142549641895712,-0.0009682994077345267,0.25496021633726645,False
1319,507.82061102788225,33687.58261313308,33356.58261313308,18712.58261313308,18524.58261313308,-0.004288296856082612,-9.70023916428836e-05,-3.1993427705181148,-0.00037982863798952576,0.25538461806441926,False
1320,508.0945731549681,33883.59760553964,33532.59760553964,18821.59760553964,18617.59760553964,-0.004522318118962332,-0.00021052673116852584,-6.943614110510907,-0.000824178424212666,0.25543829465038603,False
1321,508.3685524746387,33983.61258598556,33643.61258598556,18860.61258598556,18654.61258598556,-0.00436692079541749,-0.0004026394065731187,-13.279893956510705,-0.0015733321504251582,0.2559150694685253,False
1322,508.6425489625226,34131.627554477265,33804.627554477265,18933.62755447727,18727.62755447727,-0.004180842529762489,-0.0005702235330017199,-18.807170699509157,-0.002225624922073432,0.2562082799066113,False
1323,508.9165625942486,34212.64251102121,33876.64251102121,18959.642511021208,18764.642511021208,-0.004286258266850175,-0.00020359108087404914,-6.714861785411898,-0.0007938565613741804,0.2564582706498378,False
1324,509.1905933454452,34331.65745562383,33983.65745562383,19003.657455623827,18808.657455623827,-0.004424653159750788,-5.4743298284989916e-05,-1.8055490450914817,-0.00021310434320071826,0.25688494876628776,False
1325,509.46464119174107,34421.672388291576,34069.672388291576,19035.672388291576,18840.672388291576,-0.004464009403559673,-7.814512136623993e-06,-0.25773903597635694,-3.03750279792414e-05,0.2572676522953167,False
1326,509.73870610876486,34513.687309030924,34179.687309030924,19075.68730903092,18881.68730903092,-0.004223274831036347,-0.00021611877700648905,-7.1280515364453265,-0.0008389077999353153,0.2576192246909053,False
1327,510.0127880721452,34624.70221784834,34318.70221784834,19123.70221784834,18952.70221784834,-0.0038551906513483317,-4.56427801053959e-05,-1.505394826698165,-0.0001770219112553396,0.2578368959058403,False
1328,510.28688705751085,34672.7171147503,34361.7171147503,19141.717114750303,18971.717114750303,-0.003913018165777303,3.8764741190542695e-05,1.2785426459953442,0.0001502581564328422,0.25798760021302786,False
1329,510.5610030404903,34797.73199974331,34464.73199974331,19199.731999743308,19026.731999743308,-0.004176033263400521,0.00024506762010663343,8.082845230896538,0.0009493842074384111,0.2581332385629888,False
1330,510.8351359967122,34924.74687283384,34597.74687283384,19263.746872833846,19083.746872833846,-0.004085450196262649,8.334680248216729e-06,0.2748952736637875,3.2256410449510274e-05,0.25838833683192014,False
1331,511.10928590180526,34980.76173402843,34669.76173402843,19285.761734028423,19103.761734028423,-0.003878405352420846,-0.00023949873969315904,-7.8991718493543175,-0.0009257341788721158,0.25871221475797346,False
1332,511.3834527313983,35102.77658333356,34791.77658333356,19341.776583333558,19149.776583333558,-0.003864864116936049,-0.000467786828285978,-15.428592861196137,-0.0018055760082693964,0.25907900090804875,False
1333,511.65763646111964,35252.79142075576,34909.79142075576,19403.791420755762,19204.791420755762,-0.004246257419802253,-0.00023074540653778355,-7.61046852282513,-0.0008894586876394113,0.2594222865484319,False
1334,511.93183706659806,35405.806246301574,35025.806246301574,19470.806246301574,19254.806246301574,-0.004686347469049239,-0.0001584348277571708,-5.225513641450249,-0.0006099047912330874,0.25976977068314544,False
1335,512.2060545234623,35558.82105997753,35187.82105997753,19531.82105997753,19337.82105997753,-0.004554978864218193,0.00021977923282348252,7.248781063383319,0.0008449968794188133,0.26009472718366267,False
1336,512.4802888073409,35633.835861790176,35309.835861790176,19565.835861790172,19394.835861790172,-0.003966876453596956,0.0001545790781187855,5.098342913784975,0.0005938796387335238,0.26028687975973147,False
1337,512.7545398938624,35738.850651746056,35471.850651746056,19614.85065174606,19461.85065174606,-0.003256734393385353,-0.00014413584724989057,-4.753903208584163,-0.0005530336119938548,0.2606276438248245,False
1338,513.0288077586557,35845.86542985175,35581.86542985175,19661.865429851747,19507.865429851747,-0.0032103572080943357,-0.00020461110316674722,-6.748504264660497,-0.0007842010016327507,0.2609166562408558,False
1339,513.3030923773493,35964.880196113816,35707.880196113816,19707.880196113812,19564.880196113812,-0.00311454894722226,-4.817171513727542e-05,-1.588804419743468,-0.00018438031335841573,0.2612627902613156,False
1340,513.5773937255719,36059.89495053883,35801.89495053883,19746.894950538834,19603.894950538834,-0.0031184432759385748,-3.800590583856456e-05,-1.2535146610534582,-0.00014531326357121474,0.261544644339632,False
1341,513.8517117789521,36163.90969313339,35904.90969313339,19792.90969313339,19638.90969313339,-0.0031215373311857843,-0.0002707327338745667,-8.929334629737895,-0.0010337212582122968,0.2619010992796724,False
1342,514.1260465131185,36330.924423904085,36040.924423904085,19877.924423904085,19705.924423904085,-0.0034805266371743136,-0.00029369558683519205,-9.686697787138343,-0.0011207519658480037,0.26205226114680136,False
1343,514.4003979036997,36406.93914285752,36094.93914285752,19898.93914285752,19717.93914285752,-0.0037378539148094025,-0.00023054801745035552,-7.603958215819873,-0.000878380160800805,0.26246951802755725,False
1344,514.6747659263247,36494.953850000304,36173.953850000304,19933.953850000304,19749.953850000304,-0.0038368386108994005,-0.00019052471881990515,-6.2839057000320935,-0.0007251602762581211,0.26273463268427544,False
1345,514.9491505566216,36596.968545339056,36260.968545339056,19973.968545339052,19792.968545339052,-0.004005712658131013,5.2285524916737686e-05,1.7244865132908558,0.00019883859514905976,0.2629546083723924,False
1346,515.2235517702196,36689.9832288804,36314.9832288804,20013.9832288804,19812.9832288804,-0.004461665308487615,7.800570435878996e-05,2.572792093809994,0.0002964024342122487,0.2631749788631338,False
1347,515.4979695427469,36732.99790063098,36330.99790063098,20022.997900630977,19806.997900630977,-0.00477904723256093,6.860095555797849e-05,2.2626037100514793,0.0002603521267330053,0.26349297168726304,False
1348,515.7724038498324,36755.01256059743,36340.01256059743,20022.01256059743,19795.01256059743,-0.004931502418716299,-2.0445407164286673e-05,-0.6743325034931047,-7.749783692215135e-05,0.26381906871574534,False
1349,516.0468546671046,36813.02720878641,36410.02720878641,20036.027208786407,19822.027208786407,-0.004780528340924989,0.00011698349191272255,3.8583614566825872,0.00044289879896157626,0.26413142728542705,False
1350,516.3213219701922,36819.04184520457,36444.04184520457,20027.04184520457,19830.04184520457,-0.0044459458929893905,0.00015277129358531177,5.038718379999096,0.0005778489406219483,0.26437929162054274,False
1351,516.595805734724,36832.05646985859,36442.05646985859,20018.056469858584,19818.056469858584,-0.0046230910363614566,0.00026224256125100074,8.64931089069799,0.0009908174395846286,0.2646729364805471,False
1352,516.8703059363284,36843.07108275513,36442.07108275513,20005.07108275513,19793.07108275513,-0.004752773077502454,0.00012585855225682833,4.151079601760557,0.0004746642472963885,0.26515279584189977,False
1353,517.1448225506341,36790.085683900885,36396.085683900885,19958.085683900885,19750.085683900885,-0.004676120523313123,0.00012622183227798452,4.163061340454561,0.000475324421065948,0.2655488055819293,False
1354,517.4193555532698,36795.100273302545,36366.100273302545,19948.100273302545,19726.100273302545,-0.005093258906613974,0.000232952716574154,7.683270247479015,0.0008765134825373911,0.2657719718124433,False
1355,517.6939049198643,36841.114850966806,36366.114850966806,19958.114850966806,19703.114850966806,-0.005635857953727411,5.122935073520896e-05,1.6896516687591259,0.0001924557891542627,0.2661876317690092,False
1356,517.9684706260459,36805.12941690038,36336.12941690038,19926.12941690038,19670.12941690038,-0.005569685481269895,-4.60438711212428e-05,-1.518623651473888,-0.00017276703810614272,0.2665084244423689,False
1357,518.2430526474436,36803.14397110998,36370.14397110998,19903.14397110998,19676.14397110998,-0.0051399003907935305,0.00015820751622860375,5.218016429440723,0.0005927947639772738,0.2668841323211637,False
1358,518.5176509596857,36785.15851360233,36379.15851360233,19885.158513602328,19670.158513602328,-0.004819982655487687,9.878509323850513e-05,3.258140016290554,0.0003698511607468146,0.2670941819921162,False
1359,518.7922655384011,36785.17304438416,36402.17304438416,19862.173044384162,19656.173044384162,-0.004545493555574268,1.7699126922298553e-05,0.5837544085696891,6.613104386802955e-05,0.26763719256600205,False
1360,519.0668963592184,36883.18756346221,36487.18756346221,19888.187563462216,19696.187563462216,-0.004688057939719203,0.0004750221558242687,15.667229171702587,0.0017724989785995828,0.267995728945116,False
1361,519.3415433977661,36900.20207084324,36481.20207084324,19879.202070843236,19669.202070843236,-0.004959604348272553,0.0003473980984503907,11.457919500179031,0.0012940592605254079,0.2684560970641652,False
1362,519.6162066296731,36954.216566533985,36526.216566533985,19904.21656653398,19680.21656653398,-0.005059309872303993,0.00014409474094758453,4.75254743633073,0.000536372317379563,0.26864686390147186,False
1363,519.8908860305678,36980.23105054122,36539.23105054122,19900.231050541217,19669.231050541217,-0.005210216673657062,0.00013947981321703242,4.600337419431725,0.0005184318315357854,0.2690417615828913,False
1364,520.1655815760789,37019.24552287171,36584.24552287171,19918.24552287171,19692.24552287171,-0.0051334602894696725,0.00017762079419555207,5.858307142522023,0.000660085217639419,0.2690876714839264,False
1365,520.4402932418352,37049.25998353224,36604.25998353224,19913.259983532243,19679.259983532243,-0.005247906580566277,0.00011430598398769806,3.7700516173286758,0.00042401504217423716,0.2695800210331387,False
1366,520.7150210034653,37071.2744325296,36606.2744325296,19909.2744325296,19664.2744325296,-0.005481985179964481,0.00010447871103241163,3.4459274988311392,0.0003870587611515577,0.26992984404117826,False
1367,520.9897648365976,37058.28886987058,36599.28886987058,19891.288869870583,19647.288869870583,-0.0054127152601886885,5.242134553210161e-05,1.7289661626736859,0.00019401212990566102,0.2701962272028643,False
1368,521.264524716861,37076.303295561986,36646.303295561986,19898.303295561986,19664.303295561986,-0.005066254534654453,-7.122767939083188e-05,-2.349238583300007,-0.0002634978359724298,0.2703159937840421,False
1369,521.5393006198841,37035.31770961062,36632.31770961062,19867.317709610626,19642.317709610626,-0.004751677481269658,-0.00019482803587786597,-6.425838141959076,-0.0007200538654862523,0.2705742517558719,False
1370,521.8140925212955,37110.33211202332,36681.33211202332,19892.33211202332,19649.33211202332,-0.00504974196682923,-0.00028816627428744895,-9.504329436977628,-0.001063527760792001,0.2709532227657637,False
1371,522.0889003967238,37168.3465028069,36688.3465028069,19908.346502806897,19654.346502806897,-0.0056451020996833605,6.851943111281424e-05,2.259914862489694,0.00025274243118844213,0.27110379048987965,False
1372,522.3637242217977,37166.36088196819,36662.36088196819,19883.360881968187,19629.360881968187,-0.0059296115100114675,0.0003459760133836861,11.41101614552798,0.0012743729404162784,0.271487256525293,False
1373,522.638563972146,37128.375249514036,36629.375249514036,19848.375249514036,19594.375249514036,-0.005876433363230483,0.00028289224831466904,9.33038097465871,0.0010406589557914628,0.27183953661314353,False
1374,522.913419623397,37132.389605451295,36629.389605451295,19837.389605451295,19591.389605451295,-0.005923216955003564,0.000503935355661656,16.620847276427725,0.001852591758874633,0.2720164079579919,False
1375,523.1882911511797,37225.40394978682,36709.40394978682,19865.40394978682,19611.40394978682,-0.0060620862504930356,0.0004733709241971189,15.612768081833536,0.0017371070090116709,0.272505333143779,False
1376,523.4631785311225,37238.418282527484,36733.418282527484,19859.418282527484,19614.418282527484,-0.005929881719688943,0.0005387911317898519,17.770464038219387,0.0019753644294475854,0.27275530720198593,False
1377,523.7380817388541,37255.43260368015,36793.43260368015,19844.43260368015,19633.43260368015,-0.005419303958427558,0.00077685392771344,25.622275443771827,0.0028439259929393377,0.2731624977732009,False
1378,524.0130007500034,37251.446913251704,36846.446913251704,19828.446913251708,19650.446913251708,-0.00474753080402767,0.0008312639522658708,27.41683242063897,0.0030400364020031507,0.27343881531093894,False
1379,524.2879355401985,37349.46121124904,36942.46121124904,19867.461211249043,19686.461211249043,-0.004758515239121842,0.0007837969256051947,25.85127010807338,0.0028631843948185628,0.27375006898738813,False
1380,524.5628860850686,37367.47549767906,36923.47549767906,19877.475497679057,19671.475497679057,-0.005191185286036695,0.0006668947488784951,21.99559059714622,0.0024357084710074487,0.2737990842568514,False
1381,524.837852360242,37436.48977254865,36976.48977254865,19895.48977254865,19672.48977254865,-0.005369439785107568,0.0004741332271612367,15.637910435912602,0.0017284991518469223,0.274303419041091,False
1382,525.1128343413475,37554.50403586474,37086.50403586474,19941.50403586474,19711.50403586474,-0.0054461344052271566,0.0004079869397755412,13.456266841771708,0.0014852084153787373,0.2747001266293674,False
1383,525.3878320040136,37616.518287634244,37123.518287634244,19957.518287634244,19718.518287634244,-0.005729466955726349,0.0004972086147230605,16.39898522100256,0.0018078771280980164,0.27502345540825035,False
1384,525.6628453238692,37747.532527864096,37239.532527864096,20008.532527864092,19760.532527864092,-0.005884347435006378,0.0004677540336576521,15.427511225421284,0.001698209998351674,0.2754394533724723,False
1385,525.9378742765426,37799.54675656123,37282.54675656123,20023.546756561223,19768.546756561223,-0.005981021183050964,0.0004147591891140853,13.679629859883448,0.0015041774381235704,0.275738206545292,False
1386,526.2129188376629,37884.56097373258,37357.56097373258,20052.56097373258,19798.56097373258,-0.006083744815915158,0.0005475246636652744,18.058514276914394,0.001983650966787159,0.27601865087792055,False
1387,526.4879789828583,38009.57517938511,37477.57517938511,20109.575179385112,19848.575179385112,-0.006121531639982368,0.00044797213670799,14.775062683471532,0.001621523894501833,0.276266133497599,False
1388,526.7630546877576,38113.58937352578,37574.58937352578,20144.58937352578,19893.58937352578,-0.006185607496623943,0.0007403376853090836,24.417893013976027,0.00267703599751727,0.27655126266351504,False
1389,527.0381459279896,38218.60355616156,37688.60355616156,20180.603556161554,19935.603556161554,-0.00606476841215636,0.0007600061408170686,25.06660001873101,0.0027440941935139803,0.27696066068484126,False
1390,527.3132526791828,38298.61772729941,37757.61772729941,20205.617727299406,19956.617727299406,-0.006178514518129894,0.0007933206731245146,26.16538331969761,0.0028607275310985275,0.27731430711259564,False
1391,527.5883749169658,38373.63188694632,37802.63188694632,20233.631886946325,19967.631886946325,-0.006510867859977755,0.000763584950282975,25.184636677393684,0.002750891510553575,0.2775772680796543,False
1392,527.8635126169673,38476.64603510929,37923.64603510929,20276.646035109294,20026.646035109294,-0.0062871236826326895,0.000899225699474775,29.658353695754272,0.003237519074488467,0.27775147536910005,False
1393,528.138665754816,38448.660171795316,37928.660171795316,20243.660171795313,20010.660171795313,-0.005913708913026431,0.0008860873552063398,29.22502348564413,0.003185655694394868,0.27814912853432416,False
1394,528.4138343061405,38490.67429701139,38007.67429701139,20267.674297011392,20031.674297011392,-0.005484223544375064,0.00039755723372990846,13.112273213670562,0.0014282493267343784,0.2783528241801475,False
1395,528.6890182465694,38554.68841076454,38079.68841076454,20287.688410764542,20052.688410764542,-0.005383811529523642,0.00032385097421339104,10.681285847975033,0.001162077758090808,0.27868270600536216,False
1396,528.9642175517314,38656.702513061784,38148.702513061784,20322.702513061784,20088.702513061784,-0.00574503354187607,0.0007154610969301398,23.597410839904114,0.0025654284741310645,0.2788856146817632,False
1397,529.2394321972552,38751.71660391015,38193.71660391015,20357.71660391015,20111.71660391015,-0.006299024102772409,0.0010191004674590352,33.612075514592675,0.0036520048563433234,0.279052330855726,False
1398,529.5146621587693,38807.73068331667,38208.73068331667,20371.730683316673,20096.730683316673,-0.006755637317204967,0.0008531237602693292,28.137814836807166,0.003052716964454203,0.2794637597271844,False
1399,529.7899074119024,38877.7447512884,38284.7447512884,20396.7447512884,20112.7447512884,-0.00667530816299281,0.0005857891319120331,19.320556869675272,0.0020932455456948618,0.2798473084616444,False
1400,530.0651679322832,38925.75880783238,38347.75880783238,20411.758807832382,20130.758807832382,-0.00649710016949674,0.00047681771983965754,15.726450647115144,0.0017022015484291888,0.28011825055597583,False
1401,530.3404436955403,39011.772852955684,38429.772852955684,20426.77285295568,20154.77285295568,-0.006527869374954758,0.0007060177915090855,23.285950777765947,0.0025157156841053223,0.2806429184227034,False
1402,530.6157346773024,39084.78688666536,38491.78688666536,20434.786886665363,20166.786886665363,-0.00663967565245256,0.0009062717103408635,29.890745944477402,0.0032230500319228635,0.28118449957793057,False
1403,530.8910408531981,39130.8009089685,38558.8009089685,20448.8009089685,20182.8009089685,-0.006395217036280938,0.000708806586029476,23.377931082953836,0.002517994429059798,0.281496486985533,False
1404,531.1663621988561,39288.81491987218,38735.81491987218,20508.81491987218,20268.81491987218,-0.006156232217598253,0.0010440234104620045,34.434086561600054,0.003704754715953636,0.2818063517042487,False
1405,531.4416986899049,39297.82891938349,38755.82891938349,20500.828919383493,20267.828919383493,-0.006031527519664911,0.0010673358387717222,35.20297944880329,0.0037840272094018562,0.2820634682857993,False
1406,531.7170503019732,39368.842907509534,38820.842907509534,20520.842907509534,20289.842907509534,-0.006087689712427407,0.001171178522494841,38.62792943007656,0.004147645942156315,0.28237186559033006,False
1407,531.9924170106899,39442.85688425741,38865.85688425741,20547.856884257406,20296.856884257406,-0.00640011664279969,0.001062373903746327,35.03932440192855,0.003758345353355972,0.28267064462229163,False
1408,532.2677987916832,39531.87084963423,38944.87084963423,20585.87084963423,20329.87084963423,-0.006497099902813467,0.001062475791620181,35.04268487817143,0.003756363755779058,0.2828468861636716,False
1409,532.5431956205821,39694.88480364712,39123.88480364712,20658.88480364712,20408.88480364712,-0.0062925744404283305,0.0010049748115874236,33.14618169253055,0.003549577594629462,0.283125184559413,False
1410,532.8186074730152,39807.89874630321,39298.89874630321,20699.898746303206,20490.898746303206,-0.005588873497501972,0.0011816596929314247,38.973620461966846,0.004169432434458229,0.2834102030687945,False
1411,533.0940343246108,39871.912677609624,39400.912677609624,20717.912677609627,20528.912677609627,-0.005160787624672829,0.0011807367552963228,38.9431800387928,0.004161469814014166,0.283730702868509,False
1412,533.3694761509979,39976.926597573525,39507.926597573525,20758.92659757352,20579.92659757352,-0.005125164548605879,0.001364092718546755,44.99064511178095,0.004804455073570598,0.28392246314273095,False
1413,533.6449329278051,40088.940506202045,39606.940506202045,20806.940506202045,20617.940506202045,-0.005253282603273077,0.0012903393371486759,42.55810356738368,0.004540711415463723,0.28417118356263105,False
1414,533.9204046306611,40205.95440350235,39719.95440350235,20864.954403502354,20656.954403502354,-0.005281634522538468,0.00093048543262434,30.689365401409646,0.003271660560484757,0.2844076931032452,False
1415,534.1958912351944,40302.968289481614,39777.968289481614,20908.968289481614,20678.968289481614,-0.005694435637843614,0.0008906989075363851,29.37712217473947,0.003130101873167383,0.28455907942544933,False
1416,534.4713927170337,40349.982164147,39746.982164147,20917.982164146997,20649.982164146997,-0.006539187156936954,0.0009390796819853673,30.972821810015148,0.0032967050478997445,0.28485401888883977,False
1417,534.7469090518075,40440.99602750569,39780.99602750569,20939.996027505687,20647.996027505687,-0.007146190665483638,0.0010475036933385948,34.54887360624909,0.0036713101045045358,0.2853214965560534,False
1418,535.0224402151447,40551.009879564874,39847.009879564874,20982.009879564874,20687.009879564874,-0.00760593683376585,0.0014565715065343885,48.04078992536216,0.0051031439621037405,0.2854263013842011,False
1419,535.2979861826739,40592.02372033175,39914.02372033175,20993.023720331752,20715.023720331752,-0.007315192579048957,0.0015256310250953255,50.31851800712752,0.005341791241087839,0.2856028916593595,False
1420,535.5735469300234,40604.03754981352,39918.03754981352,20978.03754981352,20708.03754981352,-0.007400038371507734,0.0017741237415081186,58.514330113580854,0.006205024106399147,0.2859173004144322,False
1421,535.8491224328224,40578.0513680174,39913.0513680174,20946.051368017397,20677.051368017397,-0.007176256553313408,0.0015626989623707122,51.541096493404694,0.005456204931251257,0.2864076738430612,False
1422,536.124712666699,40637.0651749506,39992.0651749506,20970.0651749506,20696.0651749506,-0.006948503974214491,0.0012365070875562769,40.7826028231523,0.004312830607247889,0.2867043016895391,False
1423,536.4003176072823,40580.07897062035,39982.07897062035,20926.07897062035,20671.07897062035,-0.0064475152309606005,0.0011228014450819276,37.03235173082143,0.003911333023960943,0.28706362720934586,False
1424,536.6759372302007,40680.09275503388,40063.09275503388,20963.092755033886,20710.092755033886,-0.006637461959283663,0.0013641499944593528,44.99253419176952,0.004749089983083619,0.28724450354036046,False
1425,536.9515715110829,40701.10652819845,40038.10652819845,20964.106528198445,20690.106528198445,-0.007132685663027138,0.0014190545237492865,46.80340097430354,0.00493720996526241,0.28742033126676325,False
1426,537.2272204255576,40760.120290121275,40068.120290121275,20989.12029012128,20704.12029012128,-0.00743648809700029,0.0014990338001773093,49.44128562330576,0.005214181075392527,0.2874917035873099,False
1427,537.5028839492533,40760.13404080964,40076.13404080964,20965.13404080964,20678.13404080964,-0.007349783025099818,0.0013634858143999704,44.97062813733811,0.004733401790925514,0.288056217203858,False
1428,537.7785620577987,40824.147780270796,40151.147780270796,20992.147780270792,20708.147780270792,-0.007219162693809691,0.001303543237984049,42.99359597086806,0.004522917696547385,0.2882084807731792,False
1429,538.0542547268226,40894.161508512014,40220.161508512014,21024.16150851201,20718.16150851201,-0.0072174976477906,0.0008500277771075265,28.035702804530388,0.0029461902780867,0.288517609819671,False
1430,538.3299619319534,40944.175225540566,40304.175225540566,21040.17522554057,20744.17522554057,-0.006842088875525816,0.0006889087648448795,22.721659116069077,0.002385432033842098,0.2887983204179949,False
1431,538.6056836488199,40957.18893136375,40393.18893136375,21027.188931363755,20784.188931363755,-0.006022000605622435,0.0009738652544136568,32.120123106219296,0.003369053287885809,0.28906199195940563,False
1432,538.8814198530507,41022.20262598886,40481.20262598886,21045.20262598886,20827.20262598886,-0.005765569297229122,0.0012434000110942475,41.009945930012236,0.004298790317270616,0.2892441638985792,False
1433,539.1571705202746,41030.21630942318,40490.21630942318,21019.216309423184,20814.216309423184,-0.0057537096632188965,0.0014972537197716195,49.38257482988686,0.005167600757962287,0.2897386601440982,False
1434,539.43293562612,41107.229981674034,40552.229981674034,21039.229981674034,20825.229981674034,-0.0059034715388139635,0.0014634367830855975,48.26722117648612,0.005043609256974497,0.2901566534048808,False
1435,539.7087151462156,41167.24364274873,40606.24364274873,21064.24364274873,20841.24364274873,-0.0059589736199253856,0.0013367348658999837,44.08832562666373,0.004604071546393512,0.2903375528443042,False
1436,539.9845090561901,41195.25729265459,40643.25729265459,21069.25729265459,20856.25729265459,-0.0058587131213262604,0.0014458623096870703,47.68757810314588,0.0049775781111528325,0.29047506184733707,False
1437,540.2603173316722,41276.27093139895,40741.27093139895,21096.270931398944,20887.270931398944,-0.005665881664974966,0.001341887428248729,44.258267963351585,0.004614090567818845,0.29082381642176147,False
1438,540.5361399482904,41330.28455898913,40791.28455898913,21092.28455898913,20900.28455898913,-0.005701013502439312,0.0017295907795471764,57.0455394220686,0.00593789792995909,0.29127997819239926,False
1439,540.8119768816736,41352.298175432494,40772.298175432494,21087.298175432494,20884.298175432494,-0.006134459072259162,0.001933405266845152,63.767769620930636,0.006632334884585098,0.29151200904206165,False
1440,541.08782810745,41462.31178073639,40832.31178073639,21137.311780736385,20905.311780736385,-0.006649544207699778,0.0018564397825734805,61.22928617208402,0.006364742769317735,0.2916755397441585,False
1441,541.3636936012488,41533.32537490816,40858.32537490816,21157.325374908163,20903.325374908163,-0.007116141779729725,0.001870757439966099,61.70151260788646,0.006406691261175943,0.2920005606174197,False
1442,541.6395733386981,41678.338957955195,40929.338957955195,21220.3389579552,20935.3389579552,-0.007875671838029431,0.0020033519385857434,66.07475787931219,0.0068571212968751155,0.29215640964360634,False
1443,541.915467295427,41693.352529884854,40921.352529884854,21213.352529884858,20912.352529884858,-0.008116838259824392,0.0019104204150065442,63.00968089429372,0.006531300525952621,0.292502298342473,False
1444,542.1913754470639,41730.36609070453,40905.36609070453,21208.366090704527,20890.366090704527,-0.008671910872455836,0.002110750245799097,69.61697979703473,0.007206640956304854,0.29288960815405557,False
1445,542.4672977692376,41721.37964042159,40887.37964042159,21185.379640421594,20852.379640421594,-0.008769382510748852,0.0018887547132199027,62.29510050915769,0.006437955474539299,0.2933780329313418,False
1446,542.7432342375765,41765.39317904345,40937.39317904345,21191.39317904345,20868.39317904345,-0.008696390104804224,0.0020258913917949126,66.81815642294467,0.006899138308919257,0.2936441191758433,False
1447,543.0191848277094,41689.4067065775,40917.4067065775,21142.406706577505,20837.406706577505,-0.00811761372792761,0.0018068592505391529,59.594016009813714,0.0061464516484661825,0.29396786208999887,False
1448,543.295149515265,41634.420223031164,40928.420223031164,21098.420223031164,20836.420223031164,-0.007427539462485321,0.0020007089982674283,65.98758815228689,0.006800454934329746,0.29420222876083485,False
1449,543.5711282758718,41590.433728411845,40942.433728411845,21064.43372841185,20833.43372841185,-0.006819794729211722,0.0020308616428308373,66.98208574932653,0.006897645793973917,0.2944282300788896,False
1450,543.8471210851586,41524.44722272698,40906.44722272698,21013.44722272698,20800.44722272698,-0.006512097688791371,0.0020874667848863196,68.8490423154706,0.007081852334195956,0.29476282282908145,False
1451,544.1231279187539,41519.46070598399,40918.46070598399,20998.460705983987,20782.460705983987,-0.00633241603999684,0.0018419241758302098,60.7505309506175,0.006240779611330605,0.29514328185633376,False
1452,544.3991487522865,41520.47417819032,40913.47417819032,20986.474178190318,20762.474178190318,-0.006395945370131731,0.0017355694183500232,57.24272749658371,0.005874225148441709,0.2954550386633424,False
1453,544.6751835613849,41478.487639353414,40845.487639353414,20942.487639353414,20707.487639353414,-0.0066788277433920545,0.0017779707509606012,58.64121257154363,0.006008572974273295,0.2959056598918377,False
1454,544.9512323216778,41542.50108948073,40875.50108948073,20961.501089480727,20734.501089480727,-0.007029550245951586,0.002300760134604166,75.88390532103074,0.007774942784316622,0.29591987985367424,False
1455,545.2272950087939,41546.51452857972,40907.51452857972,20943.51452857972,20736.51452857972,-0.006731501978718721,0.002417699952960925,79.74082633203813,0.00816029128279078,0.29627618294209757,False
1456,545.5033715983617,41507.52795665786,40861.52795665786,20908.527956657857,20705.527956657857,-0.006812266684144286,0.002575117614505496,84.9327916937647,0.008684586652991945,0.29651585244052314,False
1457,545.7794620660101,41527.54137372262,40922.54137372262,20910.541373722623,20724.541373722623,-0.006373623134316725,0.002493274846680165,82.2334451815143,0.008402664702394345,0.29672430532301314,False
1458,546.0555663873674,41579.55477978149,41013.55477978149,20933.55477978149,20758.55477978149,-0.005952422086656345,0.0023065532887265,76.0749757209032,0.007769218252956156,0.29688357484987193,False
1459,546.3316845380625,41567.56817484195,41033.56817484195,20911.568174841952,20742.568174841952,-0.005615333989367775,0.0020912580343218955,68.97408569087098,0.007033637992095919,0.2973223866044792,False
1460,546.6078164937242,41625.58155891151,41109.58155891151,20921.58155891151,20763.58155891151,-0.005417257907246147,0.0021250142591917385,70.08743694096094,0.0071380273342682285,0.2977032952773904,False
1461,546.8839622299806,41728.59493199766,41210.59493199766,20954.594931997657,20795.594931997657,-0.005424877361585928,0.0021169567657844074,69.82168387194228,0.007101593688631499,0.29809601317705803,False
1462,547.1601217224608,41774.608294107915,41183.608294107915,20973.608294107915,20779.608294107915,-0.006187991778553663,0.002152195608445747,70.98393497318364,0.007218181426188198,0.29816313575014775,False
1463,547.4362949467933,41745.62164524979,41068.62164524979,20941.621645249794,20714.621645249794,-0.007100805428922002,0.00236750182465887,78.08518654670195,0.007933538750977366,0.29841687284469465,False
1464,547.7124818786068,41777.63498543082,41083.63498543082,20941.634985430825,20706.634985430825,-0.007274989108798962,0.002373931444232164,78.29724891496531,0.00794631245762541,0.29874629985813117,False
1465,547.9886824935298,41773.64831465854,41084.64831465854,20918.648314658538,20698.648314658538,-0.007222832409250666,0.0026311994220793904,86.78248758868332,0.008798432951017263,0.2990531878492266,False
1466,548.2648967671911,41799.66163294047,41080.66163294047,20936.66163294047,20685.66163294047,-0.0075353365883532725,0.00229731872558586,75.77040041793887,0.0076803432785963145,0.29911667255655866,False
1467,548.5411246752193,41857.674940284174,41125.674940284174,20945.67494028417,20680.67494028417,-0.007662062499186475,0.0021324115528634554,70.33141523499245,0.007117183238938219,0.299614535873827,False
1468,548.8173661932431,41948.6882366972,41193.6882366972,20981.688236697195,20704.688236697195,-0.007887706870479195,0.002115972683659569,69.78922677497414,0.007057477501106951,0.29981996872504135,False
1469,549.093621296891,41941.701522187104,41181.701522187104,20966.701522187104,20684.701522187104,-0.007941758682928741,0.0020609044341123282,67.97296015422242,0.006867724595493801,0.3000854803444758,False
1470,549.3698899617916,41886.71479676146,41131.71479676146,20928.714796761462,20637.714796761462,-0.007899483900359877,0.0018185305816046547,59.97896104090333,0.006053203833228557,0.3004244746595155,False
1471,549.6461721635739,41864.72806042784,41096.72806042784,20884.728060427846,20583.728060427846,-0.008041027870470379,0.0017362387793989397,57.26480443094013,0.005765336573217042,0.3011513304296341,False
1472,549.9224678778662,41825.74131319384,41095.74131319384,20853.741313193837,20570.741313193837,-0.007646828117040253,0.0017127889822605305,56.49138083102429,0.005682715314797939,0.3014032706865296,False
1473,550.1987770802973,41796.754555067026,41092.754555067026,20830.754555067026,20562.754555067026,-0.007377306741492345,0.0017535966477258084,57.83730341372427,0.005815069052684725,0.3015607608161077,False
1474,550.4750997464959,41822.767786055,41111.767786055,20836.767786055007,20564.767786055007,-0.00744661894345804,0.0017400770458806183,57.39139852734854,0.005767337238041908,0.301712380265004,False
1475,550.7514358520903,41728.78100616539,41041.78100616539,20774.781006165384,20518.781006165384,-0.007209499453199325,0.0018246013559159837,60.17918793815238,0.0060419875692637685,0.30198694303806983,False
1476,551.0277853727096,41710.79421540577,41055.79421540577,20771.79421540577,20537.79421540577,-0.006874001448272419,0.0019537880259183887,64.44003585869771,0.006473836519602189,0.3017975538928881,False
1477,551.3041482839822,41605.807413783776,40971.807413783776,20696.80741378378,20483.80741378378,-0.006668831799121158,0.0021761572737748446,71.77424106194948,0.007201943156883377,0.30216251730547833,False
1478,551.5805245615368,41678.82060130704,41048.82060130704,20724.820601307034,20499.820601307034,-0.006614737442664282,0.001874018014942632,61.809053224176694,0.006195354174646726,0.30248763220215624,False
1479,551.8569141810019,41767.83377798317,41135.83377798317,20758.83377798317,20523.83377798317,-0.006621647457628504,0.0016771847234864946,55.31707753830008,0.005538911700871518,0.3028004081059098,False
1480,552.1333171180064,41795.84694381982,41163.84694381982,20769.846943819823,20522.846943819823,-0.006617175394646213,0.001421485486266117,46.883579227869234,0.00469154014937078,0.30298909121704176,False
1481,552.4097333481789,41768.86009882464,41163.86009882464,20749.86009882464,20516.86009882464,-0.006336529708790138,0.0014322538602371043,47.2387428360114,0.004725018498548622,0.30312132337197156,False
1482,552.6861628471478,41836.87324300527,41205.87324300527,20770.873243005273,20530.873243005273,-0.006600097033210012,0.0015527633141310029,51.21339793022753,0.005119088555376118,0.3033280822032811,False
1483,552.962605590542,41914.88637636938,41241.88637636938,20792.88637636938,20535.88637636938,-0.00702977179735237,0.0016284441940496736,53.70951242733858,0.0053630878599636046,0.3036392907538018,False
1484,553.23906155399,42029.89949892463,41342.89949892463,20838.899498924628,20577.899498924628,-0.0071574198236990525,0.0016836814837126908,55.53135434642243,0.0055413108669031775,0.3038417306216994,False
1485,553.5155307131206,42100.912610678686,41421.912610678686,20853.912610678686,20605.912610678686,-0.007061361943345733,0.0018656663247330072,61.53359692623155,0.006133607550210363,0.30417112758853,False
1486,553.7920130435623,42161.92571163924,41469.92571163924,20868.925711639244,20608.925711639244,-0.007187181325839402,0.001742442006170371,57.46939988873183,0.0057213824151010305,0.30454912462613326,False
1487,554.0685085209439,42146.93880181398,41464.93880181398,20849.93880181398,20587.93880181398,-0.007085007874993788,0.001593091921318797,52.54352016397971,0.005225570194165927,0.30486470607502314,False
1488,554.3450171208938,42225.95188121059,41556.95188121059,20877.95188121059,20619.95188121059,-0.00693576303735802,0.0015355182113826957,50.644618193251944,0.0050324433105595175,0.30512379705514725,False
1489,554.6215388190408,42285.96494983678,41593.96494983678,20896.964949836776,20632.964949836776,-0.007165923964030225,0.0016443501058156507,54.234122830805006,0.005386175421650546,0.3052908561436631,False
1490,554.8980735910135,42322.97800770025,41616.97800770025,20904.97800770025,20630.97800770025,-0.007305677751306812,0.0015757788586985766,51.972498967580236,0.0051573803929848075,0.30553861430155294,False
1491,555.1746214124406,42393.99105480872,41667.99105480872,20925.991054808717,20636.991054808717,-0.00750174158482584,0.0014620821709641022,48.22254322139284,0.0047798078504306405,0.3058872274190635,False
1492,555.4511822589508,42439.00409116991,41690.00409116991,20934.004091169907,20627.004091169907,-0.007733246089794339,0.00131709610580654,43.440598039098546,0.004300661156962866,0.3062543310751492,False
1493,555.7277561061726,42451.01711679155,41687.01711679155,20927.017116791547,20614.017116791547,-0.007887279679939714,0.001342582473967153,44.2811920320963,0.0043802314891134815,0.3065094795341237,False
1494,556.0043429297347,42486.03013168137,41694.03013168137,20939.030131681367,20620.030131681367,-0.00817227685647835,0.001505010571363377,49.638412099893856,0.004909717753261383,0.3065370856325992,False
1495,556.2809427052657,42463.04313584712,41673.04313584712,20920.043135847118,20604.043135847118,-0.00815589931045041,0.0015457740577095262,50.98287756238261,0.005040419892402218,0.30667565216929266,False
1496,556.5575554083945,42514.05612929654,41744.05612929654,20934.056129296543,20632.056129296543,-0.007937895871515784,0.0016270222142156015,53.662612543481,0.005302066993809266,0.30686564619332896,False
1497,556.8341810147493,42551.069112037396,41794.069112037396,20932.0691120374,20635.0691120374,-0.007795819830394351,0.0015895876146864501,52.4279407653691,0.005172695715860763,0.3073035225738065,False
1498,557.1108194999591,42578.08208407745,41816.08208407745,20935.082084077447,20639.082084077447,-0.007842755287217531,0.001658465527544067,54.69967910931288,0.005393696153801083,0.30748219407489275,False
1499,557.3874708396526,42586.09504542446,41838.09504542446,20935.095045424463,20646.095045424463,-0.007695916841140887,0.0016589022180467199,54.7140820799917,0.005393691352283701,0.3075634309969066,False
1500,557.6641350094579,42504.10799608622,41811.10799608622,20880.10799608622,20604.10799608622,-0.00713922985075681,0.0013603068187220324,44.86577817779113,0.0044163223061067115,0.3080180123722074,False
1501,557.9408119850043,42550.120936070496,41924.120936070496,20894.120936070496,20653.120936070496,-0.006436833677677945,0.0013984176797673213,46.122754482172894,0.004537702278737325,0.30817748584344085,False
1502,558.2175017419202,42581.13386538509,42001.13386538509,20904.13386538509,20687.13386538509,-0.005956207003559776,0.001424353906970083,46.97818577196168,0.004620432284064706,0.30827286699612544,False
1503,558.4942042558341,42608.146784037795,41989.146784037795,20900.146784037795,20661.146784037795,-0.006355595331525107,0.001360682208035007,44.87815930638237,0.0044083105182944225,0.30866296790759096,False
1504,558.7709195023748,42692.15969203641,42072.15969203641,20928.159692036414,20684.159692036414,-0.00635331900917972,0.0012601605573912362,41.56274397671007,0.004078361029015838,0.30898700444264726,False
1505,559.0476474571709,42775.172589388756,42119.172589388756,20961.172589388756,20690.172589388756,-0.006711939415411048,0.001060478944413446,34.97682466002118,0.0034292410937907724,0.3092459571692479,False
1506,559.3243880958511,42795.18547610265,42148.18547610265,20955.185476102644,20681.185476102644,-0.0066160304399656795,0.0008999508129241933,29.682269461467968,0.002906316321389889,0.3096534283968819,False
1507,559.6011413940439,42864.1983521859,42211.1983521859,20968.1983521859,20700.1983521859,-0.006667024241767965,0.0010804149494824623,35.6343560116747,0.00348528391702807,0.3099933822331872,False
1508,559.8779073273781,42966.21121764635,42274.21121764635,21006.21121764635,20724.21121764635,-0.007051546094547642,0.0011818279822725462,38.97917099817275,0.003810032603558526,0.31018841706727984,False
1509,560.1546858714822,43053.22407249184,42358.22407249184,21046.224072491837,20755.224072491837,-0.007067936054158983,0.0010211725352586593,33.680416666006295,0.0032906985134859273,0.31032090331997725,False
1510,560.4314770019851,43113.2369167302,42453.2369167302,21071.236916730202,20788.236916730202,-0.0066998213168333485,0.000827448841486559,27.2910020479668,0.0026648325858846886,0.3105068760677351,False
1511,560.7082806945151,43181.2497503693,42539.2497503693,21100.2497503693,20826.2497503693,-0.00650538138050252,0.0008288577691318594,27.33747144320367,0.002668628337454446,0.31059318283432874,False
1512,560.9850969247011,43271.262573416985,42599.262573416985,21141.26257341699,20854.26257341699,-0.006797486083003208,0.0008614033038998846,28.41089158892609,0.002773013781806947,0.3106379454553516,False
1513,561.2619256681718,43375.27538588113,42686.27538588113,21181.275385881127,20870.275385881127,-0.006953983249422857,0.0005300562362086075,17.48236882163991,0.0017042232882569606,0.31102511030155944,False
1514,561.5387669005554,43532.28818776959,42806.28818776959,21258.28818776959,20920.28818776959,-0.007303924588181537,0.000343297189816503,11.32266291353028,0.0011034536724931644,0.3111115567188705,False
1515,561.8156205974811,43632.30097909026,42926.30097909026,21290.300979090258,20964.300979090258,-0.00708465009233063,0.0003832351579303459,12.639901049519835,0.001230547401055278,0.31143469776271576,False
1516,562.0924867345773,43681.313759851015,43028.313759851015,21304.313759851015,21009.313759851015,-0.006541364926848087,0.00048568237486323364,16.018825602850512,0.0015587461068214078,0.3115853009914721,False
1517,562.3693652874725,43790.32653005975,43158.32653005975,21341.326530059745,21056.326530059745,-0.006313587085130783,0.00047478315370803447,15.659346379538789,0.0015221341865062665,0.3119193812983057,False
1518,562.6462562317956,43861.339289724354,43247.339289724354,21364.339289724354,21079.339289724354,-0.006122495083938454,0.00029002288611508584,9.565564397557523,0.0009288239908171018,0.31224741068536344,False
1519,562.9231595431752,43925.35203885275,43282.35203885275,21384.352038852747,21089.352038852747,-0.006404397762762005,0.00037153883954669543,12.25413188415564,0.0011891777772141624,0.3124333860468568,False
1520,563.2000751972397,44043.36477745283,43342.36477745283,21438.36477745283,21115.36477745283,-0.006967887410479766,0.0003748196252895608,12.362339094001499,0.0011994173343790994,0.31250142427163863,False
1521,563.4770031696181,44137.377505532524,43396.377505532524,21474.377505532524,21123.377505532524,-0.007353046800095053,0.0001958239283943973,6.458684770470143,0.0006260595345797914,0.3127880298569904,False
1522,563.7539434359388,44210.390223099756,43431.390223099756,21503.390223099756,21138.390223099756,-0.007720617029837982,0.0002855917643643279,9.419416688223038,0.000912799407774326,0.3128746161883308,False
1523,564.0308959718305,44331.402930162454,43487.402930162454,21558.40293016245,21167.40293016245,-0.008348003030076427,0.0003989951825166295,13.159699787152476,0.001275171163679711,0.31289539309002634,False
1524,564.3078607529219,44374.41562672855,43532.41562672855,21578.41562672855,21176.41562672855,-0.00831987985585536,0.000152778187715287,5.038945762896844,0.0004880519946856051,0.31303670383255816,False
1525,564.5848377548416,44378.428312806005,43573.428312806005,21567.428312806,21174.428312806,-0.007950186257072396,-3.648325069893939e-05,-1.2032942940043085,-0.00011641418564293593,0.313391795831827,False
1526,564.8618269532183,44432.440988402755,43603.440988402755,21586.440988402755,21170.440988402755,-0.008179409567696286,-0.00027173079517787795,-8.962252789395734,-0.000866336583502656,0.31365499316588064,False
1527,565.1388283236805,44502.45365352676,43639.45365352676,21609.453653526765,21176.453653526765,-0.008504651794822132,-0.00028590298128985947,-9.42968127658935,-0.0009108580932804733,0.31388312120077266,False
1528,565.415841841857,44580.466308186,43721.466308186,21635.466308185994,21211.466308185994,-0.00844988818601718,-0.00014568027508805523,-4.8048416849962905,-0.00046387430172401244,0.31405118702766477,False
1529,565.6928674833764,44713.478952388425,43912.478952388425,21694.47895238842,21309.47895238842,-0.007850507021380392,7.41138230727122e-05,2.4444296684568485,0.00023599206627231088,0.31405218083557257,False
1530,565.9699052238673,44761.491586142016,43971.491586142016,21689.49158614202,21323.49158614202,-0.007733352221490035,0.00034229933129293483,11.28975144197463,0.0010884474262356759,0.3144840283896436,False
1531,566.2469550389583,44795.50420945477,44016.50420945477,21697.50420945477,21333.50420945477,-0.007618881366968788,0.0002712979415021126,8.947976365332352,0.0008621144760233364,0.3146889990219453,False
1532,566.5240169042783,44822.51682233467,44039.51682233467,21706.51682233467,21337.51682233467,-0.007653693404593327,0.0002074307698960165,6.8415028001890335,0.0006589237572777127,0.31480238435020014,False
1533,566.8010907954557,44851.52942478971,44086.52942478971,21713.52942478971,21336.52942478971,-0.007471345268079582,-0.0001352973090024247,-4.462389639021012,-0.00042935921976330454,0.31511448403742415,False
1534,567.0781766881191,44949.5420168279,44222.5420168279,21751.542016827898,21389.542016827898,-0.0070815679004989935,-0.00020699686133178984,-6.827191583687039,-0.0006564270380521035,0.315338719054043,False
1535,567.3552745578974,45116.554598457245,44372.554598457245,21819.554598457245,21457.554598457245,-0.007221494153795094,-4.416070135761837e-05,-1.456512754341702,-0.00013996514789432797,0.3155121258540674,False
1536,567.6323843804191,45260.56716968576,44480.56716968576,21888.567169685764,21503.567169685764,-0.0075496756098343025,-0.00015714802754657631,-5.183072265715708,-0.0004979637931715792,0.3155812324138778,False
1537,567.9095061313128,45472.57973052148,44632.57973052148,21992.57973052148,21567.57973052148,-0.008097603638812532,-0.00037715926837055165,-12.439505440624316,-0.0011948200011353092,0.315661997633265,False
1538,568.1866397862073,45564.59228097242,44722.59228097242,22037.592280972425,21603.592280972425,-0.008100519627380502,-0.0005376519047615037,-17.73288993622674,-0.0017028733683293743,0.3157321705541581,False
1539,568.4637853207308,45623.60482104663,44805.60482104663,22062.604821046632,21631.604821046632,-0.007857252710066471,-0.0007107930060276171,-23.443447389847222,-0.002250140998297625,0.3158882072569574,False
1540,568.7409427105126,45660.617350752145,44884.617350752145,22079.617350752145,21657.617350752145,-0.007444251939483654,-0.0009366143920104654,-30.891511364727705,-0.002963795672485862,0.31601854362142545,False
1541,569.018111931181,45794.629870097015,45056.629870097015,22121.629870097015,21722.629870097015,-0.007055848835421467,-0.0008488704213025422,-27.9975307773785,-0.0026827173160129435,0.3164218668272265,False
1542,569.2952929583647,45962.642379089295,45258.642379089295,22193.642379089295,21805.642379089295,-0.006703465891474138,-0.0009562325764081664,-31.538560322598244,-0.003019797645618641,0.3166545208072281,False
1543,569.5724857676922,46005.65487773705,45291.65487773705,22210.65487773705,21822.65487773705,-0.006793027811130693,-0.0008607516214246208,-28.389397731088167,-0.0027180466044259767,0.31668022911123067,False
1544,569.8496903347924,46102.66736604835,45366.66736604835,22250.66736604835,21852.66736604835,-0.006989175951453115,-0.0008494102779132299,-28.015336383150327,-0.0026811540013934277,0.31680771692777854,False
1545,570.1269066352936,46194.67984403126,45402.67984403126,22289.679844031263,21857.679844031263,-0.007510474167298306,-0.0009892959738648224,-32.62906066831286,-0.0031209770357842072,0.31698277895730886,False
1546,570.4041346448248,46276.69231169388,45451.69231169388,22326.692311693878,21865.692311693878,-0.007812251581804033,-0.001248903211444885,-41.19145304502587,-0.00393774077335761,0.31716237389084845,False
1547,570.6813743390145,46419.70476904428,45559.70476904428,22389.70476904428,21905.70476904428,-0.008121472851343228,-0.0013696639204324925,-45.17439506035805,-0.004316092933768797,0.3173388389569515,False
1548,570.9586256934914,46523.71721609056,45643.71721609056,22434.717216090565,21934.717216090565,-0.008293401251238092,-0.0014951586585725592,-49.31347530782875,-0.004709140558958469,0.31750138689919394,False
1549,571.235888683884,46577.72965284083,45696.72965284083,22448.72965284083,21945.72965284083,-0.008293195495337245,-0.0015485494582138243,-51.07441610476633,-0.004873317782504862,0.3177608207232234,False
1550,571.5131632858211,46575.742079303185,45684.742079303185,22445.742079303185,21933.742079303185,-0.008388605751480378,-0.0016326301865255011,-53.84757525793651,-0.005136607240875819,0.31784213002182526,False
1551,571.7904494749312,46577.754495485744,45719.754495485744,22436.754495485748,21940.754495485748,-0.008074657782041918,-0.0016338201557159898,-53.88682294309399,-0.005137227002242772,0.3180354216394776,False
1552,572.067747226843,46578.76690139663,45762.76690139663,22431.76690139663,21949.76690139663,-0.007675712271542097,-0.001757858536747297,-57.97786947192873,-0.00552432297837725,0.3182034330048642,False
1553,572.3450565171853,46589.77929704396,45741.77929704396,22442.779297043962,21947.779297043962,-0.007977599030931126,-0.0017084552301817723,-56.34844457813858,-0.005371348043883169,0.31806824212915075,False
1554,572.6223773215866,46645.791682435876,45735.791682435876,22457.79168243588,21949.79168243588,-0.008556267329468466,-0.0013803788240421798,-45.52779510359261,-0.00433896359234215,0.31813560880723096,False
1555,572.8997096156754,46657.80405758052,45757.80405758052,22454.804057580517,21936.804057580517,-0.008459120683509251,-0.0016767929540618363,-55.304156159195315,-0.005265426087077314,0.31845342168549473,False
1556,573.1770533750807,46620.81642248602,45755.81642248602,22433.816422486023,21921.816422486023,-0.008133565718285465,-0.0018930594082962604,-62.43707840102792,-0.005941372615308627,0.31862324261881436,False
1557,573.4544085754309,46631.82877716055,45779.82877716055,22436.82877716055,21917.82877716055,-0.00800828365036894,-0.002155660175725717,-71.0982036844228,-0.006761820145988935,0.3187988040475226,False
1558,573.7317751923547,46705.841121612255,45854.841121612255,22456.841121612255,21945.841121612255,-0.007986004623490618,-0.002010431048421366,-66.30824180162296,-0.006301743559805795,0.31902774674051043,False
1559,574.0091532014807,46751.8534558493,45934.8534558493,22475.853455849297,21972.853455849297,-0.007656497755024244,-0.0021732347744704466,-71.67785089194427,-0.006809035382666897,0.3191692585417665,False
1560,574.2865425784375,46786.86577987986,45954.86577987986,22492.86577987986,21980.86577987986,-0.0077924510763286645,-0.0022075462797161074,-72.80951645599998,-0.006916241569177938,0.3191829344934948,False
1561,574.563943298854,46857.878093712105,46010.878093712105,22512.87809371211,22011.87809371211,-0.007922096540730332,-0.0018518241955511536,-61.07705441035648,-0.005800045835017048,0.31927751059672627,False
1562,574.8413553383587,47000.89039735423,46161.89039735423,22576.89039735423,22080.89039735423,-0.007822499893604378,-0.0018250427025665213,-60.193744478375606,-0.005714786561033164,0.3193544821097528,False
1563,575.1187786725801,46972.902690814415,46196.902690814415,22562.90269081442,22072.90269081442,-0.007234539339826651,-0.0023009823484473457,-75.89123440066115,-0.007199503544487846,0.3196029190386393,False
1564,575.3962132771469,46995.914974100866,46229.914974100866,22575.914974100862,22087.914974100862,-0.007137014711306331,-0.002353624204887176,-77.62747347657444,-0.007364475455703605,0.31959156073557854,False
1565,575.673659127688,47063.92724722177,46248.92724722177,22608.92724722177,22101.92724722177,-0.007586500387258055,-0.0022633109451589365,-74.64875233681931,-0.007083031590361504,0.319539863162381,False
1566,575.9511161998317,47049.93951018535,46249.93951018535,22606.93951018535,22095.93951018535,-0.007447900346192059,-0.002481399602784525,-81.84177467667226,-0.007765099376162739,0.31955799695260984,False
1567,576.2285844692069,47040.951762999815,46300.951762999815,22600.951762999815,22103.951762999815,-0.0068861816111422764,-0.002770622613899254,-91.38095751542104,-0.008665380270382824,0.31973468300853364,False
1568,576.5060639114422,47090.964005673384,46326.964005673384,22612.964005673384,22104.964005673384,-0.007103740984095511,-0.002763938396047048,-91.16049796076649,-0.0086383317025249,0.3199620587895665,False
1569,576.7835545021661,47119.97623821429,46315.97623821429,22616.97623821429,22089.97623821429,-0.007474240322113265,-0.0027650527237365156,-91.19725083022576,-0.00863665908031701,0.3201530473789437,False
1570,577.0610562170074,47252.98846063076,46430.98846063076,22672.988460630764,22128.988460630764,-0.00762135078772228,-0.002925853880717419,-96.50081098337938,-0.009132350534918818,0.3203834401154454,False
1571,577.3385690315946,47164.00067293104,46368.00067293104,22631.00067293104,22092.00067293104,-0.0073922667974390096,-0.0030764429616659686,-101.46755540371717,-0.009600530492342975,0.32044510083267014,False
1572,577.6160929215565,47296.01287512337,46481.01287512337,22695.012875123375,22147.012875123375,-0.00754894733891186,-0.0030663279912780178,-101.13394241916487,-0.009569497864691327,0.32042726114103426,False
1573,577.8936278625216,47378.02506721601,46538.02506721601,22714.025067216015,22158.025067216015,-0.007769004183891913,-0.002994047203115323,-98.74997009498719,-0.009333650346540998,0.32077987624904986,False
1574,578.1711738301187,47388.03724921722,46492.03724921722,22728.037249217214,22127.037249217214,-0.008290144073429656,-0.0033485214549602137,-110.4412760078344,-0.010438651102359768,0.3207810494023739,False
1575,578.4487307999764,47478.04942113525,46551.04942113525,22784.049421135245,22152.049421135245,-0.008563392257259491,-0.003653610085637955,-120.50374032850374,-0.011393009516110364,0.3206887592318379,False
1576,578.7262987477233,47436.06158297838,46559.06158297838,22780.061582978375,22173.061582978375,-0.008104405859366903,-0.003624824744890006,-119.5543392853017,-0.011314631170148573,0.32036614277391495,False
1577,579.0038776489879,47384.073734754886,46552.073734754886,22738.073734754882,22166.073734754882,-0.007693363369140368,-0.0033715335373402525,-111.2002628549649,-0.010517489067725695,0.3205644917365542,False
1578,579.2814674793991,47361.08587647305,46539.08587647305,22713.085876473047,22150.085876473047,-0.007603802567091825,-0.003296926041133774,-108.7395508088803,-0.010277394018254078,0.3207939712419292,False
1579,579.5590682145854,47294.09800814116,46454.09800814116,22677.09800814116,22098.09800814116,-0.007782915161824408,-0.003449666481199697,-113.77725157495746,-0.010748489524541183,0.3209443032272901,False
1580,579.8366798301756,47221.11012976752,46372.11012976752,22647.110129767523,22051.110129767523,-0.007879334165797466,-0.0037029995918830255,-122.1327100587178,-0.011536726346685025,0.3209749005572148,False
1581,580.114302301798,47100.12224136043,46256.12224136043,22590.122241360426,21992.122241360426,-0.007852812236077618,-0.003798627946008267,-125.28673418374649,-0.011833629905155907,0.3210027672365524,False
1582,580.3919356050817,47017.134342928184,46174.134342928184,22552.134342928184,21964.134342928184,-0.00785739350873371,-0.0036161650582958137,-119.26872461920061,-0.01126964443841744,0.32087658825939147,False
1583,580.6695797156551,46973.14643447911,46114.14643447911,22525.14643447911,21934.14643447911,-0.008015477476327604,-0.0035314069680694744,-116.47322464630435,-0.011003059416206343,0.3209477323068969,False
1584,580.9472346091468,46904.158516021525,46039.158516021525,22497.15851602152,21892.15851602152,-0.008083971726906067,-0.0037551125555684364,-123.85150513988441,-0.011699582769054697,0.3209612367973223,False
1585,581.2249002611856,46816.17058756375,45962.17058756375,22445.17058756375,21833.17058756375,-0.007995356634429853,-0.004010745809475483,-132.2828271819481,-0.012483710208145427,0.32127834935310606,False
1586,581.5025766474,46839.18264911412,45971.18264911412,22458.18264911412,21815.18264911412,-0.008123631459839088,-0.004492124607657898,-148.15971177996403,-0.01397322999325209,0.3214807606993674,False
1587,581.7802637434188,46851.19470068097,45976.19470068097,22474.194700680975,21803.194700680975,-0.008187646543600964,-0.004976359405182998,-164.13079323946835,-0.015477377761839795,0.321524710565148,False
1588,582.0579615248704,46915.206742272654,45977.206742272654,22490.206742272658,21809.206742272658,-0.00877105148135157,-0.004582526801845933,-151.14136616513906,-0.0142486431985776,0.3216114501557168,False
1589,582.3356699673836,46875.21877389752,45859.21877389752,22453.21877389752,21755.21877389752,-0.009516655545124566,-0.0041984974175591355,-138.47526986095966,-0.013048377352872271,0.32176394842190414,False
1590,582.6133890465871,46839.23079556391,45816.23079556391,22445.23079556391,21733.23079556391,-0.009590396542558263,-0.004409386891033373,-145.430847975179,-0.01370692836842421,0.32169037238065684,False
1591,582.8911187381095,46791.24280728021,45792.24280728021,22419.242807280207,21715.242807280207,-0.009372665628081254,-0.004483585160745264,-147.8780628712987,-0.013933462199844844,0.32178543253917113,False
1592,583.1688590175795,46718.254809054764,45758.254809054764,22399.254809054764,21698.254809054764,-0.009017158669597677,-0.004791606611237217,-158.03725775407992,-0.014897011752386231,0.3216488441361194,False
1593,583.4466098606256,46721.266800895966,45748.266800895966,22407.266800895963,21686.266800895963,-0.009139964508206713,-0.005064124287975171,-167.0254635513121,-0.015743826200254128,0.32165778658642896,False
1594,583.7243712428766,46645.27878281218,45700.27878281218,22366.278782812184,21648.278782812184,-0.008888843668678809,-0.005281518099439926,-174.19556840424917,-0.01640963391126767,0.32185471827091605,False
1595,584.0021431399608,46611.29075481181,45757.29075481181,22340.29075481181,21667.29075481181,-0.008030827147319229,-0.005253382741641322,-173.267605164948,-0.01631338402592226,0.32202899982576283,False
1596,584.2799255275073,46550.302716903236,45763.302716903236,22310.302716903236,21668.302716903236,-0.007405149793441026,-0.005275418980299268,-173.9944066349495,-0.01638050325938328,0.3220547559964214,False
1597,584.5577183811447,46517.31466909486,45741.31466909486,22294.31466909486,21665.31466909486,-0.007305993342397829,-0.005123132113867817,-168.97166568072615,-0.015911233898271846,0.32198207547085655,False
1598,584.8355216765013,46486.32661139509,45721.32661139509,22289.32661139509,21667.32661139509,-0.007206406195996172,-0.005085212007715866,-167.72098087368377,-0.01580382878338965,0.3217708871321482,False
1599,585.1133353892061,46360.33854381233,45600.33854381233,22214.33854381233,21609.33854381233,-0.007178531770268717,-0.004813380960246234,-158.755421552981,-0.01495210738796935,0.3219199030177605,False
1600,585.3911594948875,46322.350466355,45504.350466355,22204.350466355,21557.350466355,-0.007737668454696281,-0.0051050227465898245,-168.37438068292113,-0.015858785465616962,0.3219050259339151,False
1601,585.6689939691742,46324.362379031525,45416.362379031525,22226.362379031525,21517.362379031525,-0.008597103801363012,-0.005482253032071921,-180.8162284171587,-0.01704245143462262,0.321682185987307,False
1602,585.9468387876949,46322.37428185033,45357.37428185033,22229.37428185033,21483.37428185033,-0.00914290582243861,-0.005681837655522411,-187.39894881537015,-0.01766166714606066,0.32170449191087347,False
1603,586.2246939260782,46269.386174819854,45342.386174819854,22206.38617481985,21470.38617481985,-0.00878936659890923,-0.005848665541233285,-192.90128314991796,-0.018178225333246496,0.3217401827744181,False
1604,586.5025593599528,46259.39805794853,45384.39805794853,22194.39805794853,21497.39805794853,-0.008293397605071596,-0.005564075089743711,-183.51489186501357,-0.017293773048501934,0.32173864396963947,False
1605,586.7804350649474,46189.40993124481,45318.40993124481,22163.40993124481,21462.40993124481,-0.00826775063546826,-0.0056903429228921335,-187.6794704108667,-0.017685548168045667,0.3217510064615058,False
1606,587.0583210166905,46054.42179471714,45215.42179471714,22099.42179471714,21391.42179471714,-0.007984747644554924,-0.006156512191625963,-203.05471275800437,-0.019121463013202274,0.3219686792467315,False
1607,587.3362171908108,45977.43364837398,45134.43364837398,22054.433648373986,21349.433648373986,-0.008036729061689726,-0.006072821961382769,-200.29443305194002,-0.018854705031357652,0.322085227601436,False
1608,587.6141235629369,45882.44549222381,45046.44549222381,22014.445492223807,21317.445492223807,-0.007986029819943582,-0.005986559762899742,-197.4493244271784,-0.0185957225599387,0.32193208645717053,False
1609,587.8920401086975,45783.45732627507,44932.45732627507,21970.457326275075,21262.457326275075,-0.008148414695982978,-0.006077227386739128,-200.4397332401747,-0.018878764939842953,0.3219081018331532,False
1610,588.1699668037213,45704.469150536264,44808.469150536264,21941.469150536264,21193.469150536264,-0.008598562248188585,-0.0064650893074698085,-213.2322346520716,-0.020082562903628715,0.32192551013006576,False
1611,588.447903623637,45661.48096501586,44734.48096501586,21924.480965015857,21138.480965015857,-0.008907590328744218,-0.006947955242587752,-229.15816815210815,-0.021571160041428616,0.3220946499513154,False
1612,588.725850544073,45579.49276972234,44670.49276972234,21888.49276972234,21098.49276972234,-0.00874874454244583,-0.007215681406088494,-237.98833977125798,-0.022397716829521765,0.32216147123432326,False
1613,589.003807540658,45421.50456466421,44572.50456466421,21808.50456466421,21048.50456466421,-0.00819447778394371,-0.007210162820190713,-237.80632520856005,-0.022375083526758897,0.32224071081423705,False
1614,589.2817745890209,45332.51634984996,44496.51634984996,21770.51634984996,21017.51634984996,-0.008083815635266648,-0.007203520125830873,-237.5872351859639,-0.02236125980836057,0.3221428572256727,False
1615,589.55975166479,45287.5281252881,44390.5281252881,21737.528125288103,20966.528125288103,-0.008688304789285922,-0.006995331107685722,-230.72072376471868,-0.021706690702807264,0.32226612538322275,False
1616,589.8377387435943,45263.539890987144,44343.539890987144,21730.539890987144,20957.539890987144,-0.008918156118823883,-0.006812058820611143,-224.67601850789328,-0.021149942928903667,0.32208402847753,False
1617,590.1157358010622,45130.551646955595,44196.551646955595,21658.5516469556,20883.5516469556,-0.009082256431585646,-0.006742793954629702,-222.3915176365698,-0.020926535364482943,0.3222126279954467,False
1618,590.3937428128223,45112.56339320199,44205.56339320199,21663.563393201992,20892.563393201992,-0.008820575390301578,-0.006917590347137516,-228.1566700746804,-0.021481438212023966,0.322026406186597,False
1619,590.6717597545035,45005.575129734854,44116.575129734854,21618.575129734854,20846.575129734854,-0.008664526149039418,-0.007127825051258613,-235.09065251934095,-0.022135885267305894,0.32200316206852675,False
1620,590.9497866017341,44998.58685656272,44068.58685656272,21625.58685656272,20816.58685656272,-0.009069751079297925,-0.0074886278042800725,-246.99068570318173,-0.023258393102634185,0.32197528742567905,False
1621,591.2278233301431,44985.59857369412,44052.59857369412,21615.598573694122,20807.598573694122,-0.009101971874033084,-0.007443333803340458,-245.49679434648732,-0.02311394047021067,0.32202790402326487,False
1622,591.5058699153589,44909.61028113762,44022.61028113762,21576.610281137615,20791.610281137615,-0.008663496254643932,-0.0074315949816725815,-245.10962333346947,-0.023074337611125505,0.3220718664569322,False
1623,591.7839263330103,44892.62197890174,44096.62197890174,21568.621978901745,20807.621978901745,-0.007769649737064974,-0.007830299897161327,-258.2597495039156,-0.024297499725302228,0.32226772242772106,False
1624,592.0619925587258,44740.63366699507,44009.63366699507,21506.63366699507,20755.63366699507,-0.007154377227178223,-0.008282063516158986,-273.15986324280516,-0.025699087369785933,0.3222707249089357,False
1625,592.3400685681341,44736.64534542615,44013.64534542615,21510.645345426154,20755.645345426154,-0.007076075003382688,-0.008441123703655093,-278.4060025629201,-0.026195914867503212,0.3222305365683773,False
1626,592.618154336864,44638.65701420356,43928.65701420356,21473.657014203563,20722.657014203563,-0.0069631938388902,-0.00849737932455507,-280.2614311866798,-0.026384968558750676,0.32205379762474196,False
1627,592.896249840544,44630.66867333587,43935.66867333587,21468.668673335877,20725.668673335877,-0.006816153173943293,-0.008480409279606266,-279.70172343408944,-0.02633107454424041,0.3220684847235469,False
1628,593.1743550548026,44585.68032283167,43899.68032283167,21456.680322831668,20717.680322831668,-0.006734040105682565,-0.008487363161177826,-279.9310770650278,-0.026368380045934562,0.32187654859314707,False
1629,593.4524699552688,44587.69196269953,43908.69196269953,21458.69196269953,20718.69196269953,-0.006664492421224038,-0.008576419596549348,-282.868345495717,-0.026643121340257342,0.32189995635348145,False
1630,593.7305945175709,44598.70359294805,43909.70359294805,21483.703592948048,20718.703592948048,-0.006761729244576945,-0.008984845286225002,-296.33908323142464,-0.027928789320638713,0.32170550549376714,False
1631,594.0087287173377,44614.71521358583,43842.71521358583,21498.715213585827,20682.715213585827,-0.0075806826195924035,-0.009224272099136874,-304.23588278434556,-0.02867550513904112,0.32167775439039137,False
1632,594.2868725301978,44617.726824621466,43769.726824621466,21510.726824621463,20654.726824621463,-0.008333604054337265,-0.00930202547381452,-306.80035251488727,-0.028932902116194446,0.3215033679116466,False
1633,594.56502593178,44553.738426063566,43712.738426063566,21489.738426063566,20623.738426063566,-0.008276136657579024,-0.009587600793755086,-316.21922683144925,-0.029826397836816898,0.32144682191291674,False
1634,594.8431888977128,44528.75001792076,43699.75001792076,21479.750017920753,20624.750017920753,-0.008161551451184818,-0.009478977879552618,-312.63661480116355,-0.029497293163699492,0.3213507702875535,False
1635,595.1213614036249,44436.761600201644,43606.761600201644,21428.761600201644,20587.761600201644,-0.008188565967270509,-0.009199376666037175,-303.41477907177267,-0.028627724690462132,0.32134501660560266,False
1636,595.3995434251448,44349.77317291486,43558.77317291486,21397.773172914858,20570.773172914858,-0.007815763563283343,-0.009302200515342841,-306.8061257524197,-0.028963125045783494,0.3211739237612784,False
1637,595.6777349379013,44270.784736069036,43437.784736069036,21358.784736069036,20511.784736069036,-0.008249551516198907,-0.009323537127081973,-307.5098520560583,-0.029026980099991,0.3212024500986537,False
1638,595.9559359175231,44189.796289672806,43314.796289672806,21316.79628967281,20435.79628967281,-0.00868572327043232,-0.009644646836740869,-318.1007252370261,-0.030006145177005974,0.32142238797576916,False
1639,596.2341463396386,44168.80783373482,43320.80783373482,21309.80783373482,20433.80783373482,-0.008419130690416603,-0.009811097871844525,-323.59063024642717,-0.030522169616956165,0.3214416928734354,False
1640,596.5123661798767,44158.81936826372,43330.81936826372,21307.819368263717,20434.819368263717,-0.008220552118959756,-0.009947651228226767,-328.0944469681828,-0.03094596639652556,0.3214522726730432,False
1641,596.790595413866,44208.83089326816,43380.83089326816,21339.830893268158,20464.830893268158,-0.00821116409649324,-0.009971649157398281,-328.88594911469636,-0.031034947733686653,0.3213038811267154,False
1642,597.068834017235,44124.8424087568,43274.8424087568,21306.8424087568,20411.8424087568,-0.008447672314423109,-0.010189214745582091,-336.06171952489376,-0.03171654292709885,0.3212586809666558,False
1643,597.3470819656123,44065.853914738305,43227.853914738305,21293.8539147383,20375.8539147383,-0.008338515230454794,-0.01079993677852086,-356.2046158781315,-0.033618701215980096,0.3212478884635581,False
1644,597.625339234627,43901.86541122134,43099.86541122134,21240.86541122134,20319.86541122134,-0.00800706003094209,-0.011244320020781835,-370.8613092790654,-0.035036355195004185,0.32093292690402786,False
1645,597.9036057999072,43880.87689821459,43065.87689821459,21228.876898214596,20310.876898214596,-0.008142003105820226,-0.01105634159987668,-364.66138583645153,-0.0344566938571758,0.3208764498911475,False
1646,598.1818816370817,43866.88837572674,42983.88837572674,21229.88837572674,20277.88837572674,-0.00883112979692857,-0.011093852853444495,-365.89858582588147,-0.034588731192048514,0.3207360452699931,False
1647,598.4601667217793,43812.89984376647,42930.89984376647,21217.899843766467,20250.899843766467,-0.008832007262408341,-0.011426062040042942,-376.85554308685664,-0.035638215097974414,0.32061263474141755,False
1648,598.7384610296285,43758.911302342465,42872.911302342465,21191.91130234247,20212.91130234247,-0.008883532997799853,-0.011657724334056534,-384.4962524858852,-0.036348009977151714,0.320725243043142,False
1649,599.0167645362582,43785.92275146344,42905.92275146344,21206.92275146344,20223.92275146344,-0.008817260016545323,-0.011794996654525181,-389.0237821544367,-0.03677267865071565,0.3207543504393481,False
1650,599.2950772172967,43811.93419113809,42935.93419113809,21226.934191138087,20242.934191138087,-0.008771510027782982,-0.011842300219105354,-390.58395314399843,-0.03693489928325823,0.32062630327716113,False
1651,599.5733990483727,43790.945621375125,42935.945621375125,21225.945621375122,20235.945621375122,-0.008563291202564174,-0.01218025238680609,-401.7303259931836,-0.03799117642680857,0.3206074023601718,False
1652,599.8517300051152,43724.957042183254,42914.957042183254,21199.957042183254,20230.957042183254,-0.008120709343054474,-0.012197843651617503,-402.3105228826156,-0.038059586327898555,0.3204933323901159,False
1653,600.1300700631524,43753.96845357121,42954.96845357121,21223.96845357121,20245.96845357121,-0.00800404492017022,-0.01248399072386272,-411.7482547919795,-0.03895977143835996,0.3204328532474636,False
1654,600.4084191981132,43749.97985554771,42952.97985554771,21235.97985554771,20247.97985554771,-0.00798455907275636,-0.012706045548305149,-419.07208965013444,-0.03967433355938447,0.32025857546634684,False
1655,600.6867773856261,43759.99124812149,42984.99124812149,21249.99124812149,20252.99124812149,-0.007760383817104949,-0.013109196665809134,-432.36886090873577,-0.040931311194185464,0.3202730692798176,False
1656,600.9651446013198,43753.002631301286,43001.002631301286,21253.002631301282,20246.002631301282,-0.0075292807398100224,-0.01355172629427302,-446.9644182304387,-0.04230110253999383,0.32036342980565247,False
1657,601.243520820823,43778.014005095836,42998.014005095836,21271.014005095833,20254.014005095833,-0.007807659034356069,-0.01346942855736509,-444.2500658815222,-0.04206533470305048,0.3202025765977875,False
1658,601.5219060197644,43802.02536951389,42959.02536951389,21293.02536951389,20265.02536951389,-0.00843977261542117,-0.013050447153217466,-430.43117849494956,-0.040810443802448394,0.31978204442938485,False
1659,601.8003001737725,43780.036724564205,42912.036724564205,21281.036724564205,20240.036724564205,-0.00869699369145467,-0.013084491312757377,-431.55402643568243,-0.040911333817345706,0.3198255860142545,False
1660,602.078703258476,43864.048070255536,42994.048070255536,21340.048070255536,20277.048070255536,-0.008700371123293964,-0.013490291516466857,-444.9381701255865,-0.04220220377040739,0.3196584611992795,False
1661,602.3571152495035,43834.05940659664,42996.05940659664,21349.059406596647,20280.059406596647,-0.00838303760983751,-0.013926485250046229,-459.32475631626687,-0.04360254047652874,0.31939618879645004,False
1662,602.6355361224837,43766.07073359631,42935.07073359631,21330.07073359631,20255.07073359631,-0.008325375199056073,-0.014133156295472835,-466.1412018065524,-0.044275163090873655,0.3192118404276657,False
1663,602.9139658530453,43742.0820512633,42884.0820512633,21336.082051263296,20235.082051263296,-0.008603332609381823,-0.014406370470992491,-475.1523795976104,-0.04516274006687237,0.31898796330030044,False
1664,603.1924044168169,43712.09335960639,42897.09335960639,21326.09335960639,20241.09335960639,-0.008173739163433426,-0.01450359891976212,-478.35917820732936,-0.04547408129499129,0.31894209859187655,False
1665,603.470851789427,43726.10465863438,42958.10465863438,21336.104658634376,20270.104658634376,-0.007695678190412601,-0.014563463764965971,-480.3336466350381,-0.04566674926956352,0.31890738880931013,False
1666,603.7493079465045,43741.11594835605,42922.11594835605,21353.115948356044,20270.115948356044,-0.008208735405288778,-0.014396289963818589,-474.81990328229733,-0.04518230238861466,0.318626745489762,False
1667,604.0277728636778,43735.12722878019,42851.12722878019,21345.12722878019,20229.12722878019,-0.008868143429951863,-0.0144534585030481,-476.7054418714733,-0.04534299207069593,0.31875837572679766,False
1668,604.3062465165756,43642.13849991562,42740.13849991562,21312.13849991562,20195.13849991562,-0.00907009805025376,-0.014310095829228658,-471.97703954779683,-0.04493896371888931,0.3184340413086486,False
1669,604.5847288808268,43556.14976177114,42647.14976177114,21265.14976177114,20144.14976177114,-0.009159471141299369,-0.014360032938256771,-473.6240703688292,-0.045077804684014296,0.3185610532482118,False
1670,604.8632199320598,43471.16101435556,42546.16101435556,21222.16101435556,20089.16101435556,-0.009340860016234914,-0.014486945581126119,-477.8099160946359,-0.04546277548195826,0.3186551068989444,False
1671,605.1417196459032,43432.172257677696,42527.172257677696,21212.172257677696,20081.172257677696,-0.009145044815693922,-0.014651038850521799,-483.22205703508314,-0.04599262376550202,0.3185519253091883,False
1672,605.4202279979858,43429.18349174638,42558.18349174638,21222.18349174638,20096.18349174638,-0.008798581587991934,-0.014877896156349409,-490.7042878238952,-0.04672257824791779,0.3184305471629757,False
1673,605.6987449639362,43419.194716570426,42584.194716570426,21233.19471657043,20108.19471657043,-0.008433325472891065,-0.015208934902841864,-501.62264150996856,-0.04778613252126283,0.31827088949026217,False
1674,605.977270519383,43315.205932158686,42556.205932158686,21211.205932158686,20110.205932158686,-0.007677481691272002,-0.015471360832357357,-510.2780002714602,-0.048681056557906485,0.31781070351162277,False
1675,606.2558046399548,43252.21713851998,42517.21713851998,21188.217138519984,20080.217138519984,-0.007443543518559022,-0.015882466686532093,-523.8371354659183,-0.04996761744762839,0.31785519297930664,False
1676,606.5343473012804,43161.228335663174,42383.228335663174,21154.228335663174,20012.228335663174,-0.007899761978435657,-0.016201976319719064,-534.3752347615621,-0.050982060623624724,0.3177975962825477,False
1677,606.8128984789884,43120.239523597105,42279.239523597105,21144.2395235971,19966.2395235971,-0.008553997543569917,-0.01634179553803365,-538.9867664745234,-0.05144429869744661,0.317659992492905,False
1678,607.0914581487074,43087.250702330624,42192.250702330624,21128.250702330624,19926.250702330624,-0.009116090654015875,-0.016321860703907447,-538.3292737430253,-0.05138377891715196,0.3176461725445264,False
1679,607.370026286066,43100.2618718726,42173.2618718726,21135.2618718726,19901.2618718726,-0.009442716264129573,-0.016684302535072408,-550.2833671692983,-0.052496995483942606,0.3178144269261215,False
1680,607.648602866693,43074.2730322319,42130.2730322319,21138.273032231897,19882.273032231897,-0.009623682907564527,-0.016979786824913273,-560.0290601413271,-0.05345635058003032,0.3176383468133047,False
1681,607.9271878662169,43077.28418341738,42136.28418341738,21151.28418341738,19888.28418341738,-0.009592080891162147,-0.017147342495117728,-565.5553983382397,-0.05400988770589747,0.3174852461921591,False
1682,608.2057812602663,43080.29532543793,42139.29532543793,21185.295325437935,19900.295325437935,-0.009591402984457756,-0.017583598011492216,-579.9440222553674,-0.05546247390459384,0.31703594833759846,False
1683,608.48438302447,43140.30645830243,42197.30645830243,21208.306458302435,19929.306458302435,-0.009598495972657564,-0.01741530884209543,-574.3934917133133,-0.05492317480149427,0.31708489003118623,False
1684,608.7629931344566,43212.31758201977,42305.31758201977,21258.31758201977,19974.31758201977,-0.009212599602209192,-0.01784434050224113,-588.543857667834,-0.056291146030233594,0.31700083868708334,False
1685,609.0416115658547,43151.32869659883,42314.32869659883,21232.328696598834,19972.328696598834,-0.008506717538906585,-0.018062206437445973,-595.7295341540994,-0.0569736002397918,0.3170276472159973,False
1686,609.3202382942931,43089.33980204852,42305.33980204852,21220.33980204852,19986.33980204852,-0.00797465233896086,-0.018044414766379337,-595.1427274451262,-0.05698721291272663,0.31663971343911046,False
1687,609.5988732954002,43121.35089837773,42296.35089837773,21249.35089837773,19980.35089837773,-0.008389457496144894,-0.018353099634531356,-605.3238032368073,-0.05798341905392433,0.316523239470633,False
1688,609.8775165448047,43200.36198559537,42381.36198559537,21318.361985595373,20030.361985595373,-0.008312476609299393,-0.018752557775670115,-618.4987723724331,-0.05932291832341375,0.31610983251760894,False
1689,610.1561680181354,43246.373063710365,42445.373063710365,21353.373063710365,20060.373063710365,-0.008119335361082747,-0.019008146947441622,-626.9286404930082,-0.06015478589465909,0.3159872762364745,False
1690,610.4348276910209,43328.38413273162,42487.38413273162,21405.38413273162,20089.38413273162,-0.00851249974432932,-0.019043903109450918,-628.1079538737245,-0.060309141319514495,0.3157714186072949,False
1691,610.7134955390896,43386.39519266806,42534.39519266806,21454.39519266806,20110.39519266806,-0.008613305942122607,-0.019482365104574708,-642.5693520979108,-0.0617354056005414,0.3155784742168091,False
1692,610.9921715379706,43432.40624352862,42533.40624352862,21477.406243528614,20102.406243528614,-0.009083726697323812,-0.019650059897166512,-648.1002788435865,-0.062251286562117855,0.31565708891106325,False
1693,611.2708556632922,43483.41728532222,42555.41728532222,21505.41728532222,20123.41728532222,-0.009368813764897082,-0.01947732718866616,-642.4031910418016,-0.061731964300404486,0.3155144568846733,False
1694,611.549547890683,43581.428318057806,42686.428318057806,21576.428318057806,20193.428318057806,-0.009011641713680215,-0.01975785599243699,-651.6556206475635,-0.06268338767507962,0.3152008327126824,False
1695,611.828248195772,43594.43934174433,42691.43934174433,21603.439341744328,20212.439341744328,-0.009090299384159383,-0.019813868861207007,-653.5030427958245,-0.06293810801004225,0.314815133274193,False
1696,612.1069565541875,43638.45035639073,42647.45035639073,21625.450356390724,20194.450356390724,-0.009976247640323097,-0.019756875669630216,-651.6232875408068,-0.06276355758306588,0.3147825972656588,False
1697,612.3856729415583,43735.46136200595,42705.46136200595,21678.461362005954,20219.461362005954,-0.010350294161658816,-0.019908578577657605,-656.6267683194129,-0.0632501183230098,0.314759546788311,False
1698,612.6643973335129,43744.47235859897,42751.47235859897,21692.472358598974,20244.472358598974,-0.009972106080021421,-0.020030484622690952,-660.6474859249724,-0.06366374662115379,0.3146293720645613,False
1699,612.9431297056801,43802.48334617875,42857.48334617875,21725.48334617875,20270.48334617875,-0.009472068124373128,-0.020633274746494894,-680.5287712424704,-0.06553451459007044,0.31484592318352467,False
1700,613.2218700336886,43899.49432475425,42972.49432475425,21801.494324754247,20322.494324754247,-0.009268954762265922,-0.021240296464673653,-700.549623437048,-0.067516661866564,0.3145934037238354,False
1701,613.5006182931669,44048.50529433445,43089.50529433445,21885.505294334445,20385.505294334445,-0.009559667975295644,-0.021275429362411762,-701.7083802520303,-0.06766729071987992,0.3144123125970118,False
1702,613.7793744597436,44129.51625492832,43217.51625492832,21926.51625492832,20449.51625492832,-0.009069362748882667,-0.021217233531571247,-699.7889594262083,-0.06749167703006687,0.3143681482698849,False
1703,614.0581385090476,44167.52720654486,43313.52720654486,21956.527206544855,20496.527206544855,-0.008479533595615513,-0.021403833291233743,-705.9434117231627,-0.06811272030287328,0.31424135163092054,False
1704,614.3369104167073,44326.53814919304,43432.53814919304,22053.538149193042,20554.538149193042,-0.008848604942408553,-0.021721947452383664,-716.4354854178129,-0.06916793066392482,0.31404651323063143,False
1705,614.6156901583514,44455.54908288187,43503.54908288187,22127.549082881873,20584.549082881873,-0.009401289930752094,-0.021990664882099074,-725.2983510803141,-0.07003664151282779,0.3139879983832649,False
1706,614.8944777096086,44627.56000762035,43652.56000762035,22216.56000762035,20645.56000762035,-0.009593424607686994,-0.02225672189058356,-734.073470458548,-0.07086893662883224,0.3140546895341542,False
1707,615.1732730461076,44800.57092341747,43814.57092341747,22314.570923417472,20711.570923417472,-0.00966498553696853,-0.022710514525020705,-749.0405053915197,-0.07231490314715028,0.3140502653900832,False
1708,615.4520761434768,44935.58183028225,43932.58183028225,22388.58183028225,20757.58183028225,-0.009803642713723894,-0.0230461833624951,-760.1115692103955,-0.07337518725707541,0.3140868762862722,False
1709,615.7308869773451,45156.5927282237,44173.5927282237,22521.592728223706,20868.592728223706,-0.009558442231869692,-0.023547494920725914,-776.6458781324641,-0.0750169133577711,0.31389581184743054,False
1710,616.0097055233412,45428.60361725085,44454.60361725085,22693.60361725085,21021.60361725085,-0.009412645511877843,-0.023824976597915958,-785.7978070986849,-0.07603592714512666,0.3133384110966675,False
1711,616.2885317570934,45548.61449737271,44623.61449737271,22771.61449737271,21107.61449737271,-0.008910426018204992,-0.024044243210853855,-793.0296808807407,-0.07679328253181444,0.31310346970638536,False
1712,616.5673656542307,45837.62536859832,44928.62536859832,22911.625368598317,21255.625368598317,-0.008698979622287157,-0.023883032840812633,-787.7126240207122,-0.07627736630210165,0.31310772773960593,False
1713,616.8462071903814,46070.6362309367,45153.6362309367,23043.6362309367,21361.6362309367,-0.008731479982725703,-0.024185015654643854,-797.6726519735129,-0.07727688728223855,0.3129657068912839,False
1714,617.1250563411744,46253.64708439691,45336.64708439691,23163.647084396904,21444.647084396904,-0.008696584088408742,-0.02479145199149412,-817.6741970614348,-0.07927309163563377,0.3127347688853124,False
1715,617.4039130822383,46402.65792898797,45459.65792898797,23266.65792898797,21499.65792898797,-0.008916694053835234,-0.025385760638553943,-837.2757454482755,-0.08123398354559669,0.3125017330253772,False
1716,617.6827773892018,46643.66876471895,45664.66876471895,23398.668764718946,21599.668764718946,-0.009212390814143845,-0.025531667499402423,-842.0880604079221,-0.08173602167427095,0.312367386819358,False
1717,617.9616492376933,46934.67959159889,45886.67959159889,23555.67959159889,21723.67959159889,-0.009807224593093977,-0.025355025105004068,-836.262022947259,-0.08124638520402239,0.31207573163204283,False
1718,618.2405286033418,47129.69040963686,46065.69040963686,23659.69040963686,21810.69040963686,-0.009917002393660149,-0.025422641897864688,-838.492166902891,-0.08148364917455173,0.3119968503546656,False
1719,618.5194154617757,47244.70121884192,46232.70121884192,23728.701218841918,21890.701218841918,-0.00940383828098052,-0.0256104562216371,-844.6866780771429,-0.08211522901651325,0.3118843669849216,False
1720,618.7983097886237,47517.71201922313,46513.71201922313,23901.71201922313,22028.71201922313,-0.009274521475299776,-0.026165382558904635,-862.9893151074048,-0.08399553627731435,0.31150920297143725,False
1721,619.0772115595145,47688.72281078958,46667.72281078958,24013.722810789575,22106.722810789575,-0.009399081755049563,-0.026536045736615874,-875.2145658236298,-0.0852634337145073,0.31122422098866104,False
1722,619.3561207500766,47883.73359355033,46880.73359355033,24121.733593550332,22233.733593550332,-0.009193606953098933,-0.026202512139508027,-864.2139267202108,-0.08428477008804505,0.3108807452655624,False
1723,619.6350373359388,47979.74436751448,47031.74436751448,24167.74436751448,22304.74436751448,-0.008666843090657215,-0.02617202528213775,-863.2084060823022,-0.08417937175313962,0.31090782381803195,False
1724,619.9139612927296,48143.75513269111,47239.75513269111,24270.75513269111,22404.75513269111,-0.0082323237246715,-0.02651076320305402,-874.3806947241492,-0.08532260923215902,0.310712054420645,False
1725,620.1928925960779,48306.765889089314,47441.765889089314,24372.765889089314,22493.765889089314,-0.00784711661435338,-0.026995529536797958,-890.3693073654131,-0.08691387765274632,0.3106009105318631,False
1726,620.471831221612,48454.77663671819,47627.77663671819,24478.77663671819,22586.77663671819,-0.007476287713337367,-0.027459164697129196,-905.6609694908653,-0.08849902412939215,0.310276468777575,False
1727,620.7507771449608,48561.78737558684,47747.78737558684,24555.78737558684,22636.78737558684,-0.00734141184443936,-0.027997660802537756,-923.4217029388992,-0.0902743737381713,0.3101396292567059,False
1728,621.0297303417528,48584.79810570437,47759.79810570437,24577.798105704373,22646.798105704373,-0.007437920118909608,-0.028098243863282867,-926.7391437027948,-0.09063758069412342,0.31000655189712767,False
1729,621.3086907876168,48700.808827079905,47838.808827079905,24651.808827079905,22686.808827079905,-0.007755816769163405,-0.028319562950459405,-934.0387123994378,-0.09139848997970029,0.30984716439789334,False
1730,621.5876584581814,48859.81953972254,47945.81953972254,24742.819539722546,22728.819539722546,-0.008201112165160389,-0.02867119499834555,-945.6362764515561,-0.09253600318939936,0.3098382684592761,False
1731,621.8666333290751,48978.83024364142,48058.83024364142,24809.830243641423,22779.830243641423,-0.008235212873367792,-0.028838096462490623,-951.1410375575224,-0.09308507223313732,0.3098036642251706,False
1732,622.1456153759267,49114.840938845664,48169.840938845664,24873.84093884566,22832.84093884566,-0.008437529660845041,-0.028745371918257327,-948.0827871863919,-0.09277411896661264,0.3098425750461953,False
1733,622.4246045743648,49159.85162534439,48251.85162534439,24917.851625344392,22869.851625344392,-0.008096579730180763,-0.029150668734616227,-961.450328103379,-0.09413301130623215,0.3096753023207097,False
1734,622.7036009000179,49154.86230314675,48272.86230314675,24958.862303146754,22876.862303146754,-0.007863433108898364,-0.02996489380800161,-988.3051824836755,-0.09687214601660657,0.3093241456926617,False
1735,622.982604328515,49237.87297226188,48299.87297226188,25032.872972261885,22893.872972261885,-0.008353295002687462,-0.03043813177991485,-1003.9135655197274,-0.09850284093836684,0.3090076538905103,False
1736,623.2616148354844,49301.88363269893,48308.88363269893,25082.883632698933,22899.883632698933,-0.008836510777150329,-0.03070767710409715,-1012.8037368819392,-0.0994291163334432,0.3088398875146048,False
1737,623.540632396555,49285.894284467046,48291.894284467046,25072.89428446705,22883.89428446705,-0.008848399914601719,-0.030826136822115116,-1016.7107873785255,-0.0997831647564873,0.30893124002775213,False
1738,623.8196569873552,49258.904927575386,48256.904927575386,25064.904927575386,22869.904927575386,-0.008925288882981582,-0.030876413562760358,-1018.3690199641792,-0.09996996591864322,0.3088568979596128,False
1739,624.0986885835138,49252.91556203311,48276.91556203311,25090.91556203311,22895.91556203311,-0.008692428966346623,-0.031066065166508616,-1024.6241284939044,-0.10071719728166811,0.30844846763982636,False
1740,624.3777271606593,49225.92618784938,48254.92618784938,25094.926187849378,22880.926187849378,-0.008652240507195087,-0.03146008200547966,-1037.6196320466963,-0.10203114933058156,0.3083380145366078,False
1741,624.6567726944206,49337.936805033365,48392.936805033365,25166.93680503337,22947.93680503337,-0.008399005588992784,-0.03168770776740483,-1045.127208132862,-0.10281724644041833,0.3081944796660896,False
1742,624.9358251604261,49320.947413594244,48447.947413594244,25170.947413594247,22964.947413594247,-0.007756028340711542,-0.03207807871599233,-1058.002462557327,-0.10409185300202464,0.30817088745041743,False
1743,625.2148845343046,49317.958013541196,48454.958013541196,25188.958013541196,22966.958013541196,-0.007666864952525623,-0.032439861089777276,-1069.934805693061,-0.1053191585388963,0.30801481458662283,False
1744,625.4939507916847,49309.968604883405,48429.968604883405,25200.9686048834,22962.9686048834,-0.007820538508948429,-0.032568662755352515,-1074.1829553583384,-0.10581049300673577,0.3078018240901612,False
1745,625.773023908195,49372.97918763005,48500.97918763005,25241.979187630048,22998.979187630048,-0.007738826859065744,-0.03267601722555337,-1077.7237314392457,-0.10619304210495889,0.30770393782727407,False
1746,626.0521038594642,49370.98976179033,48508.98976179033,25232.989761790333,22993.989761790333,-0.007649603604933544,-0.03270477422391514,-1078.6721976909776,-0.10623416902509417,0.30785550942832496,False
1747,626.3311906211209,49348.00032737345,48486.00032737345,25221.00032737345,22969.00032737345,-0.007653198861370897,-0.03296701496941864,-1087.321448694506,-0.10703897452478539,0.30799075865384873,False
1748,626.6102841687938,49419.010884388605,48487.010884388605,25284.010884388605,22978.010884388605,-0.008268637142020712,-0.033264900648931436,-1097.1463445455151,-0.10811506530347027,0.30768053051218663,False
1749,626.8893844781114,49466.021432845,48478.021432845,25331.021432845,22989.021432845,-0.008762094973872703,-0.033370122226074876,-1100.616773330155,-0.10857745128972567,0.3073393400719159,False
1750,627.1684915247026,49465.03197275185,48453.03197275185,25369.03197275185,22978.03197275185,-0.008977335696888123,-0.0340137307041061,-1121.8443337681913,-0.11079345503838911,0.30700126367862246,False
1751,627.4476052841959,49441.04250411837,48390.04250411837,25379.04250411837,22949.04250411837,-0.009331616047660312,-0.03437904672175479,-1133.893223906093,-0.11205616918352164,0.3068019099015423,False
1752,627.7267257322198,49461.053026953785,48377.053026953785,25403.053026953785,22943.053026953785,-0.009623949241747176,-0.03461075665025886,-1141.535504390743,-0.11285521779587816,0.30668282181564277,False
1753,628.0058528444033,49463.063541267315,48336.063541267315,25422.063541267315,22929.063541267315,-0.01000973245344582,-0.03481474960359468,-1148.2636207746596,-0.11359639715890511,0.3064775862115928,False
1754,628.2849865963747,49490.07404706819,48435.07404706819,25460.074047068192,22976.074047068192,-0.009358135584703359,-0.03522570461509468,-1161.8177808606413,-0.11501471199536635,0.30627129350646753,False
1755,628.5641269637629,49458.08454436565,48471.08454436565,25453.084544365647,22979.084544365647,-0.00875455541226167,-0.03565314164430075,-1175.9155525349383,-0.11639050948789639,0.3063234433904456,False
1756,628.8432739221963,49452.095033168924,48445.095033168924,25470.095033168927,22978.095033168927,-0.008934882981966758,-0.03578166114172484,-1180.1543957014878,-0.116916354712557,0.30604496034532824,False
1757,629.1224274473037,49552.10551348727,48533.10551348727,25541.10551348727,23053.10551348727,-0.009024031141037048,-0.03548622202948504,-1170.4101927817037,-0.1161329346579443,0.3055655325856138,False
1758,629.4015875147138,49501.115985329925,48498.115985329925,25513.115985329925,23030.115985329925,-0.008890122243623393,-0.03557725597256745,-1173.4126835733193,-0.1164024428324819,0.30564011464748814,False
1759,629.6807541000552,49434.12644870615,48452.12644870615,25498.12644870615,22992.12644870615,-0.008714022176787408,-0.036215109074794895,-1194.4504196198368,-0.11849479926179508,0.3056261481551057,False
1760,629.9599271789564,49330.13690362519,48371.13690362519,25466.136903625193,22963.136903625193,-0.00852602567902875,-0.03640582876044722,-1200.7407557358126,-0.11922571003697863,0.3053521656457799,False
1761,630.2391067270462,49326.14735009632,48394.14735009632,25482.147350096322,22987.147350096322,-0.00828435345549746,-0.036466589518175975,-1202.7447732417559,-0.11953340361455539,0.30507446801870786,False
1762,630.5182927199531,49167.1577881288,48316.1577881288,25408.157788128803,22944.157788128803,-0.007582712810594137,-0.036718344309805535,-1211.048175445576,-0.12036390264674227,0.30506109807332127,False
1763,630.797485133306,49081.1682177319,48256.1682177319,25390.168217731905,22918.168217731905,-0.0073620573695631335,-0.03712361805658153,-1224.4149554792275,-0.12179220304788473,0.30481112195651583,False
1764,631.0766839427333,49021.178638914906,48182.178638914906,25385.178638914906,22889.178638914906,-0.007497315517290253,-0.03745269980180525,-1235.2687631499402,-0.12298530582082703,0.30452987494594497,False
1765,631.3558891238638,48844.189051687084,47992.189051687084,25319.189051687084,22793.189051687084,-0.007642343798979899,-0.03800235509994606,-1253.397550230344,-0.12485812695319905,0.3043642895122926,False
1766,631.6351006523261,48729.19945605772,47829.19945605772,25285.199456057722,22714.199456057722,-0.008096164761837927,-0.0384727839892628,-1268.9132838178139,-0.12648893492684443,0.3041592848537601,False
1767,631.9143185037487,48659.20985203612,47688.20985203612,25261.209852036114,22652.209852036114,-0.008754032463186871,-0.03858953789575755,-1272.7640730648345,-0.12693689990108664,0.3040056746763768,False
1768,632.1935426537605,48673.22023963155,47683.22023963155,25267.22023963155,22636.22023963155,-0.008924502914318191,-0.03882905218518246,-1280.663757777027,-0.12766535341639393,0.3041471405208698,False
1769,632.4727730779899,48556.230618853326,47574.230618853326,25202.230618853326,22578.230618853326,-0.008873191936331922,-0.038875884721609306,-1282.208393268014,-0.12777867146241936,0.3042439264446648,False
1770,632.7520097520658,48527.24098971075,47517.24098971075,25186.24098971075,22553.24098971075,-0.009134384146267835,-0.03882000983158712,-1280.3655219488812,-0.12759991666398615,0.3042322506668509,False
1771,633.0312526516166,48433.25135221312,47448.25135221312,25145.251352213123,22517.251352213123,-0.00892341280369515,-0.03901719266201502,-1286.8690261647598,-0.1282632313688782,0.3041962396051262,False
1772,633.3105017522711,48282.261706369754,47321.261706369754,25093.261706369754,22462.261706369754,-0.008731290225061139,-0.039372342937235655,-1298.582628749506,-0.1295498008742942,0.3039166611721753,False
1773,633.5897570296578,48236.27205218997,47256.27205218997,25075.27205218997,22425.27205218997,-0.008914277841940264,-0.03959365532823024,-1305.8819765919939,-0.13027446590781688,0.30392491001457633,False
1774,633.8690184594055,48162.28238968308,47183.28238968308,25053.282389683078,22389.282389683078,-0.008918909689421448,-0.03990554991259488,-1316.168915571028,-0.13135674877899642,0.3037952011109434,False
1775,634.1482860171428,48142.29271885841,47156.29271885841,25042.29271885841,22370.29271885841,-0.008987114301531212,-0.04001530645189319,-1319.7889169397977,-0.13168979916388934,0.3038603347104639,False
1776,634.4275596784984,48049.303039725295,47071.303039725295,25001.30303972529,22334.30303972529,-0.008930871839607247,-0.04005936785781452,-1321.2421547219365,-0.13188089839542555,0.30375413229065495,False
1777,634.7068394191008,47898.31335229306,47013.31335229306,24943.31335229306,22315.31335229306,-0.008099360839377498,-0.04025179217368991,-1327.5887131257157,-0.1326288520976773,0.30349197431073016,False
1778,634.9861252145787,47784.32365657105,46952.32365657105,24903.323656571047,22300.323656571047,-0.007628353107726511,-0.04031779358371578,-1329.7655783600046,-0.13297994295958251,0.30318702720431934,False
1779,635.2654170405609,47730.333952568595,46922.333952568595,24885.333952568595,22294.333952568595,-0.007414866866009206,-0.04033410408489235,-1330.303532972659,-0.13310792489692447,0.30301805182618613,False
1780,635.5447148726759,47641.34424029505,46812.34424029505,24858.344240295057,22246.344240295057,-0.007623616956230307,-0.04058992769376097,-1338.7411333214718,-0.1340456400598012,0.30280677294429537,False
1781,635.8240186865522,47527.35451975978,46687.35451975978,24823.354519759774,22191.354519759774,-0.007744375275382854,-0.04093228293022086,-1350.0327286333625,-0.13529127713923875,0.3025493128288993,False
1782,636.1033284578186,47418.36479097211,46553.36479097211,24782.36479097211,22131.36479097211,-0.007995496924340963,-0.04113905177725251,-1356.8523998261562,-0.13605382634576718,0.3023733538570369,False
1783,636.3826441621039,47366.37505394142,46509.37505394142,24774.375053941418,22105.375053941418,-0.007929645527413157,-0.04157517464900984,-1371.2366488449975,-0.13754998490873763,0.3022550287925829,False
1784,636.6619657750366,47282.38530867706,46498.38530867706,24766.385308677065,22105.385308677065,-0.00726150582727305,-0.04210303015577355,-1388.6464329837227,-0.13946560591229643,0.30188826757939324,False
1785,636.9412932722452,47189.395555188414,46372.395555188414,24726.395555188414,22051.395555188414,-0.007584882811073775,-0.04213985004283656,-1389.8608302526063,-0.13964990054251675,0.3017535270639665,False
1786,637.2206266293585,47139.405793484846,46244.405793484846,24703.405793484842,21987.405793484842,-0.008324900354886,-0.04225794036313775,-1393.755697236038,-0.14003998771890008,0.30175624156695446,False
1787,637.4999658220052,47134.41602357573,46234.41602357573,24712.416023575726,21971.416023575726,-0.008372754192790016,-0.042684404908822804,-1407.8213943597013,-0.14144909779188758,0.3017651266438184,False
1788,637.7793108258138,47006.426245470444,46162.426245470444,24675.426245470444,21936.426245470444,-0.007868607585248343,-0.04323017958288248,-1425.822190301033,-0.14338003711492797,0.30150766070893686,False
1789,638.0586616164131,46870.43645917838,46084.43645917838,24630.43645917838,21899.43645917838,-0.007344716590911073,-0.04369445192092835,-1441.1348678868294,-0.14503221356170817,0.3012741159214072,False
1790,638.3380181694317,46723.44666470893,45947.44666470893,24574.446664708925,21847.446664708925,-0.007273489726759939,-0.04380957021658849,-1444.9317112505532,-0.1455680677704695,0.3009559094077353,False
1791,638.6173804604981,46671.45686207147,45845.45686207147,24562.456862071474,21799.456862071474,-0.007755052769495421,-0.04407107901546821,-1453.5568211159152,-0.14650554494466644,0.30081509223499614,False
1792,638.8967484652411,46603.467051275424,45772.467051275424,24538.467051275424,21759.467051275424,-0.00781390637551884,-0.04438526784401234,-1463.9194290903747,-0.14757534665943134,0.30076343270561945,False
1793,639.1761221592893,46482.47723233017,45676.47723233017,24485.477232330173,21714.477232330173,-0.00759666338547964,-0.04456253128294619,-1469.765949905223,-0.14821473125274334,0.30066195786541544,False
1794,639.4555015182714,46398.487405245134,45607.487405245134,24459.48740524513,21685.48740524513,-0.0074676758758769135,-0.044810487616724,-1477.9440709849257,-0.1491387599372351,0.30046171522133114,False
1795,639.734886517816,46254.49757002971,45447.49757002971,24389.497570029707,21609.497570029707,-0.00764399278835661,-0.04491419156865824,-1481.3644453001943,-0.14951053299273667,0.3004082098405749,False
1796,640.0142771335516,46192.50772669332,45278.50772669332,24381.50772669332,21544.50772669332,-0.00867943503746101,-0.04504454810181381,-1485.6638777665246,-0.15013185118016895,0.300033255753019,False
1797,640.293673341107,46075.51787524538,45107.51787524538,24318.51787524538,21461.51787524538,-0.009221295363970908,-0.04505537299891565,-1486.020905626331,-0.15015414091237722,0.3000608090136376,False
1798,640.5730751161109,45982.528015695316,45021.528015695316,24279.52801569532,21434.52801569532,-0.009172613395871143,-0.044953701710004415,-1482.6675728101163,-0.14993090558693373,0.2998294550014515,False
1799,640.8524824341919,45852.53814805256,44868.53814805256,24209.538148052558,21362.538148052558,-0.009421460749831767,-0.0449121923480874,-1481.2985068035073,-0.14979070496634342,0.2998329726679553,False
1800,641.1318952709786,45664.54827232653,44707.54827232653,24129.548272326534,21293.548272326534,-0.009198311686780355,-0.0451028433234002,-1487.5865767080595,-0.1505528845906488,0.29958139590639,False
1801,641.4113136020995,45583.558388526675,44599.558388526675,24106.558388526675,21266.558388526675,-0.009477666010774061,-0.044960333236093136,-1482.8862944796558,-0.1502920122003284,0.2991531790536164,False
1802,641.6907374031836,45474.568496662425,44440.568496662425,24081.56849666243,21194.56849666243,-0.009988980855442777,-0.04547121027829139,-1499.7360931691353,-0.15216952775722273,0.2988194216573896,False
1803,641.9701666498593,45392.57859674323,44323.57859674323,24048.57859674323,21125.57859674323,-0.010350037023524146,-0.045930762817425856,-1514.8931018660544,-0.15368612821698285,0.2988608233566674,False
1804,642.2496013177553,45388.58868877854,44258.58868877854,24061.58868877854,21083.58868877854,-0.010949117920152776,-0.046430645577744296,-1531.3802860297114,-0.15537077513098682,0.2988377031562113,False
1805,642.5290413825002,45241.5987727778,44130.5987727778,23980.598772777797,21008.598772777797,-0.010798123783092166,-0.04666481214847899,-1539.1035917388654,-0.15606421556733172,0.2990103271197754,False
1806,642.8084868197227,45087.60884875046,44037.60884875046,23898.608848750464,20955.608848750464,-0.010233474138434373,-0.04683886358516606,-1544.8441739681482,-0.1565972415205315,0.2991040144153817,False
1807,643.0879376050514,44861.618916706,43877.618916706,23779.618916706,20878.618916706,-0.009631889955207844,-0.04687123306481057,-1545.9117874458382,-0.1567045967164519,0.29910566790597354,False
1808,643.367393714115,44691.62897665387,43768.62897665387,23709.62897665387,20839.62897665387,-0.009063241821027858,-0.04697153346414106,-1549.2199054421392,-0.15720731841808752,0.29878719347671756,False
1809,643.6468551225421,44543.639028603546,43694.639028603546,23642.639028603542,20801.639028603542,-0.008357538293980738,-0.047240857473295296,-1558.1027773695323,-0.1581494773211734,0.29871017137386763,False
1810,643.9263218059615,44380.64907256449,43612.64907256449,23570.64907256449,20775.64907256449,-0.007581182631405476,-0.04723575847399232,-1557.9346016546804,-0.1582755681681071,0.29843998679456607,False
1811,644.2057937400016,44262.659108546184,43507.659108546184,23530.659108546188,20722.659108546188,-0.0074717838159895035,-0.04771682555831089,-1573.8012052742602,-0.15998301533314083,0.29826182147490904,False
1812,644.4852709002911,44164.66913655812,43325.66913655812,23485.669136558117,20636.669136558117,-0.008329702399080142,-0.047833634626523805,-1577.6538138706933,-0.16041388865763945,0.2981888602464585,False
1813,644.7647532624587,44010.67915660977,43132.67915660977,23420.679156609764,20558.679156609764,-0.008751635601412535,-0.047852640166389,-1578.2806565241337,-0.1606413726137508,0.2978849059105515,False
1814,645.0442408021332,43820.68916871062,42975.68916871062,23345.689168710618,20499.689168710618,-0.008456353567018007,-0.04800306932101704,-1583.2421262382645,-0.16136893643330413,0.2974740391925266,False
1815,645.323733494943,43600.69917287017,42815.69917287017,23241.69917287017,20432.69917287017,-0.007890413223083207,-0.048051721400735894,-1584.8467740916103,-0.16165345277052812,0.2972514386621036,False
1816,645.6032313165168,43522.709169097914,42735.709169097914,23213.709169097914,20408.709169097914,-0.00792500600306961,-0.048003996232567084,-1583.2726977295058,-0.16164410495479908,0.2969733801674398,False
1817,645.8827342424834,43448.71915740336,42654.71915740336,23174.719157403357,20378.719157403357,-0.008009891361645862,-0.04782770422808061,-1577.4582168646384,-0.16110311296128962,0.2968763504872361,False
1818,646.1622422484712,43323.729137796,42483.729137796,23118.729137796,20290.729137796,-0.008503200680957926,-0.04816310259248802,-1588.5203599132442,-0.16225086458388446,0.29684342648040235,False
1819,646.441755310109,43293.73911028535,42413.73911028535,23107.73911028535,20261.73911028535,-0.008918535063356282,-0.04816220149752428,-1588.4906399072836,-0.16229959851196196,0.2967487408416145,False
1820,646.7212734030254,43118.74907488093,42240.74907488093,23027.74907488093,20198.74907488093,-0.00893454183241316,-0.04799247255982721,-1582.8926227803659,-0.16191196892930879,0.2964109007949922,False
1821,647.0007965028492,42977.75903159224,42126.75903159224,22963.759031592243,20147.759031592243,-0.008685718018945235,-0.04813051493674349,-1587.4455505291799,-0.16245707555792918,0.29626604302366033,False
1822,647.2803245852087,42880.76898042882,42027.76898042882,22916.768980428817,20102.768980428817,-0.008726228605034544,-0.04817127632125665,-1588.789946668799,-0.1626337587851128,0.2961948163843715,False
1823,647.5598576257329,42740.778921400175,41883.778921400175,22849.778921400175,20028.778921400175,-0.008796574066462035,-0.0484309556126446,-1597.3547155315493,-0.16352091549541622,0.2961759079314976,False
1824,647.8393956000502,42644.78885451585,41803.78885451585,22819.78885451585,19987.78885451585,-0.008650322938062328,-0.0488965457227387,-1612.710856009387,-0.16518957090884742,0.29600261961888685,False
1825,648.1189384837895,42513.79877978537,41654.79877978537,22759.798779785368,19916.798779785368,-0.008864871787017205,-0.0490840106453408,-1618.893843198618,-0.1658784389768628,0.295903499864664,False
1826,648.3984862525792,42474.80869721827,41571.80869721827,22762.808697218272,19888.808697218272,-0.009332511414345487,-0.04928456663263041,-1625.5086012180016,-0.16675663149241873,0.29554786632201213,False
1827,648.6780388820481,42336.8186068241,41390.8186068241,22698.818606824094,19800.818606824094,-0.009814204179208946,-0.04950590484587404,-1632.8088007325398,-0.16755086363244068,0.29546791805547495,False
1828,648.9575963478247,42264.82850861239,41282.82850861239,22666.828508612387,19756.828508612387,-0.010209665657128959,-0.049463863075679945,-1631.422174781857,-0.1674922644585172,0.295320283808872,False
1829,649.2371586255376,42223.83840259269,41234.83840259269,22667.838402592697,19753.838402592697,-0.010293413841781942,-0.04946519740803242,-1631.4661838675415,-0.16774675664657043,0.29488020154244654,False
1830,649.5167256908159,42107.84828877457,41124.84828877457,22611.848288774574,19721.848288774574,-0.010258740706292197,-0.049129708601961294,-1620.4010578627626,-0.1667721293801573,0.29459184088229784,False
1831,649.7962975192877,41959.85816716757,41017.85816716757,22531.858167167575,19680.858167167575,-0.009861032486393409,-0.04889194475066274,-1612.5591062793103,-0.16602638822452023,0.2944829751072182,False
1832,650.0758740865818,41903.868037781256,41013.868037781256,22513.86803778126,19692.86803778126,-0.009323383675895795,-0.04881776182424543,-1610.112397437297,-0.1659266655291255,0.2942128781324563,False
1833,650.3554553683271,41677.87790062519,40831.87790062519,22395.877900625193,19610.877900625193,-0.008906243980913062,-0.04876481140102932,-1608.3659811805098,-0.16579908163602214,0.2941199126065273,False
1834,650.6350413401518,41525.88775570894,40662.88775570894,22322.88775570894,19550.88775570894,-0.00912070804777508,-0.04846318510961333,-1598.4177120863556,-0.16495289844407837,0.2938001427482835,False
1835,650.914631977685,41419.897603042074,40481.897603042074,22277.897603042074,19468.897603042074,-0.009948158895795086,-0.04858468360393589,-1602.424987812822,-0.16546386146788583,0.293627159265623,False
1836,651.1942272565551,41247.907442634176,40253.907442634176,22201.907442634172,19360.907442634172,-0.01059387747795741,-0.048870701553832864,-1611.8584609957325,-0.1665401390935993,0.29344698413135367,False
1837,651.4738271523906,41146.917274494816,40175.917274494816,22154.917274494812,19320.917274494812,-0.010371502318865135,-0.04907088940197552,-1618.4610770122395,-0.16724762093124196,0.2934026154079005,False
1838,651.7534316408206,40989.927098633576,40072.927098633576,22098.927098633576,19286.927098633576,-0.009826079591397427,-0.04928207071520844,-1625.4262806151326,-0.16822862857002405,0.2929469920435992,False
1839,652.0330406974733,40903.936915060054,40004.936915060054,22067.93691506005,19255.93691506005,-0.00965152002478835,-0.04954555929385567,-1634.1166877786238,-0.16922675673948948,0.29277615578325444,False
1840,652.3126542979776,40790.946723783825,39892.946723783825,22011.94672378383,19200.94672378383,-0.009667668048986746,-0.04966814235635186,-1638.1597348431644,-0.16966674731833956,0.29273940322060477,False
1841,652.592272417962,40654.9565248145,39763.9565248145,21933.9565248145,19133.9565248145,-0.009623910681483308,-0.04968828479402741,-1638.8240747760924,-0.16967686091263612,0.29284066505456574,False
1842,652.8718950330552,40581.96631816167,39700.96631816167,21897.966318161667,19117.966318161667,-0.009532008496538388,-0.04943008280070581,-1630.3080303087756,-0.16890838250018328,0.2926443440464074,False
1843,653.151522118886,40521.97610383493,39641.97610383493,21873.97610383493,19107.97610383493,-0.009535320707892802,-0.049177723137957124,-1621.9846781840388,-0.16821422854423812,0.2923517443414368,False
1844,653.4311536510828,40465.985881843895,39615.985881843895,21858.9858818439,19095.9858818439,-0.009219657438601866,-0.04946826722226849,-1631.5674327936413,-0.1692992496320555,0.2921942497074249,False
1845,653.7107896052743,40441.99565219817,39599.99565219817,21854.995652198177,19095.995652198177,-0.009137439916119896,-0.04947097739367105,-1631.6568199431417,-0.16941109381484673,0.29201734242822974,False
1846,653.9904299570893,40420.00541490738,39576.00541490738,21848.00541490738,19095.00541490738,-0.009164410582395402,-0.04932759832143236,-1626.9278767651297,-0.1690178979769254,0.2918483717515328,False
1847,654.2700746821563,40361.015169981125,39500.015169981125,21822.015169981125,19066.015169981125,-0.009364818764438784,-0.04927010034683976,-1625.0314727052228,-0.16890543564886953,0.2917022780087748,False
1848,654.549723756104,40368.02491742903,39519.02491742903,21832.02491742903,19079.02491742903,-0.00923128087072439,-0.04930656226211025,-1626.2340633119509,-0.16909159614302977,0.29159676404262713,False
1849,654.8293771545609,40405.03465726072,39601.03465726072,21862.034657260723,19133.034657260723,-0.00872895071948166,-0.04917776954125097,-1621.9862086622068,-0.16880214804631372,0.29133378994536385,False
1850,655.1090348531559,40380.04438948583,39611.04438948583,21862.044389485833,19149.044389485833,-0.008350498809637678,-0.04919316707433806,-1622.4940516682575,-0.16900651739215447,0.29107260378718197,False
1851,655.3886968275175,40394.054114113984,39639.054114113984,21864.054114113987,19158.054114113987,-0.008194160349224282,-0.04918513758784123,-1622.229222326016,-0.16891700240981508,0.2911793181630796,False
1852,655.6683630532743,40383.063831154825,39615.063831154825,21863.063831154825,19154.063831154825,-0.0083389054015944,-0.04911118696323445,-1619.7901752860005,-0.16874154632022037,0.2910438361755693,False
1853,655.948033506055,40391.07354061798,39645.07354061798,21882.07354061798,19188.07354061798,-0.008096168495322171,-0.048960930485155006,-1614.8344008074002,-0.1684373551618469,0.2906773882676427,False
1854,656.2277081614884,40456.08324251311,39760.08324251311,21935.083242513105,19265.083242513105,-0.00753654925662767,-0.04883184771625581,-1610.5769797636335,-0.16823457741633735,0.290260471219359,False
1855,656.5073869952029,40448.09293684984,39772.09293684984,21952.092936849836,19280.092936849836,-0.00731960456289695,-0.04904720508157707,-1617.679918342251,-0.1691599554562036,0.2899457200098143,False
1856,656.7870699828272,40445.10262363783,39774.10262363783,21969.10262363783,19286.10262363783,-0.007265551760715743,-0.04930229244389665,-1626.093235732324,-0.17018115504778702,0.28970477036692177,False
1857,657.06675709999,40489.11230288674,39806.11230288674,22011.11230288674,19313.11230288674,-0.00738849132944377,-0.04940123242548244,-1629.3564842918747,-0.1707040936635196,0.28939688185134455,False
1858,657.3464483223199,40476.12197460622,39787.12197460622,22020.12197460622,19314.12197460622,-0.007456370653174871,-0.04948837986711857,-1632.2307900965627,-0.17116700257600728,0.28912336561565416,False
1859,657.6261436254457,40526.131638805935,39808.131638805935,22061.131638805935,19339.131638805935,-0.007763355974811812,-0.04942746049837717,-1630.22154126603,-0.17113521608656224,0.28882109497192077,False
1860,657.9058429849958,40560.141295495545,39770.141295495545,22090.141295495545,19337.141295495545,-0.008542325286519081,-0.04926389787045511,-1624.8269019967647,-0.17073926547124782,0.2885329144089065,False
1861,658.1855463765991,40552.15094468472,39751.15094468472,22091.150944684723,19334.150944684723,-0.008664187138820698,-0.04922905110663199,-1623.6775824797373,-0.17069116164291848,0.28841007719906375,False
1862,658.465253775884,40563.160586383136,39815.160586383136,22112.160586383136,19373.160586383136,-0.008083315147018688,-0.04934738616103289,-1627.5805213081962,-0.1712414539479425,0.2881743002254263,False
1863,658.7449651584792,40641.17022060046,39903.17022060046,22164.170220600463,19432.170220600463,-0.007958803702747624,-0.04917136705815941,-1621.7750413121505,-0.1707929726758527,0.287900411169033,False
1864,659.0246805000136,40758.179847346386,39997.179847346386,22237.179847346386,19498.179847346386,-0.008185410492879793,-0.04890022610979812,-1612.8322429105942,-0.17003736115339224,0.28758518585621184,False
1865,659.3043997761156,40743.18946663058,39997.18946663058,22234.189466630578,19508.189466630578,-0.008025548246198212,-0.04877878901867887,-1608.8269923908395,-0.16971073766081288,0.28742311589128255,False
1866,659.5841229624137,40653.199078462734,39942.199078462734,22187.199078462734,19489.199078462734,-0.007662754807755941,-0.04864573349758897,-1604.4385416292987,-0.16931143278611135,0.28731511332162907,False
1867,659.863850034537,40691.20868285254,39985.20868285254,22208.208682852543,19508.208682852543,-0.007601223291517978,-0.04869491374603625,-1606.0606095974924,-0.16947115921524997,0.28733451739825244,False
1868,660.1435809681136,40676.21827980969,39932.21827980969,22221.21827980969,19505.21827980969,-0.008017132799210177,-0.04859991788719564,-1602.927446496424,-0.1694128587722791,0.2868726626738679,False
1869,660.4233157387727,40695.227869343886,39944.227869343886,22249.227869343882,19525.227869343882,-0.00808945404929043,-0.04862937888479446,-1603.8991321227643,-0.16971044427116116,0.28654323010960403,False
1870,660.7030543221425,40708.23745146481,39968.23745146481,22265.237451464815,19550.237451464815,-0.007967302248807743,-0.04850799227388832,-1599.8955465465447,-0.16942533539204926,0.2863089641324369,False
1871,660.9827966938518,40712.24702618219,39955.24702618219,22279.24702618219,19565.24702618219,-0.00815125293666839,-0.04826392035065165,-1591.8455414913242,-0.16878062308651626,0.28595652432158497,False
1872,661.2625428295295,40688.25659350572,39897.25659350572,22280.256593505717,19557.256593505717,-0.008526047793314874,-0.04808620655481525,-1585.9841669592022,-0.16837378882029946,0.2855919967812584,False
1873,661.5422927048038,40732.26615344511,39912.26615344511,22318.26615344511,19585.26615344511,-0.008832185861790185,-0.04789878877747357,-1579.8027347197565,-0.16793186589687487,0.2852275148713449,False
1874,661.8220462953036,40757.27570601008,39929.27570601008,22336.275706010078,19602.275706010078,-0.008913714818783605,-0.04779055358215379,-1576.2329104731875,-0.16763341464191045,0.2850896623697693,False
1875,662.1018035766575,40792.28525121034,39930.28525121034,22346.28525121034,19608.28525121034,-0.009275623204664605,-0.04749009886498558,-1566.3232823603148,-0.16656311068798907,0.285117747073933,False
1876,662.3815645244941,40760.29478905562,39903.29478905562,22337.29478905562,19603.29478905562,-0.009228559696698474,-0.047472945239374766,-1565.7575197316146,-0.16660493404083843,0.28494321319282256,False
1877,662.6613291144423,40692.30431955564,39883.30431955564,22310.30431955564,19607.30431955564,-0.00872115143705397,-0.0473664533454191,-1562.245193228365,-0.1663790461747078,0.2846900161675499,False
1878,662.9410973221303,40693.31384272013,39898.31384272013,22327.313842720127,19629.313842720127,-0.008568515683848608,-0.04736284259685017,-1562.1261031509507,-0.16655475385369095,0.2843680021193258,False
1879,663.2208691231871,40745.32335855882,39937.32335855882,22365.323358558817,19654.323358558817,-0.00869881411708337,-0.047418270568438614,-1563.9542341607387,-0.16684136094476482,0.284211722440559,False
1880,663.5006444932411,40678.33286708144,39859.33286708144,22331.33286708144,19646.33286708144,-0.008833120228582925,-0.046800026892111886,-1543.5632581984505,-0.164876772526554,0.28384851410513007,False
1881,663.7804234079211,40724.34236829774,39882.34236829774,22371.342368297737,19667.342368297737,-0.009073422533105151,-0.046872943687857854,-1545.968207389581,-0.1652792326163168,0.28359850748260573,False
1882,664.0602058428558,40710.35186221745,39871.35186221745,22375.35186221745,19685.35186221745,-0.00904389510284726,-0.0465827964971022,-1536.3985431636952,-0.16447195480512414,0.28322638076683765,False
1883,664.3399917736738,40741.361348850325,39952.361348850325,22397.361348850325,19742.361348850325,-0.008493083605245848,-0.04630467652677671,-1527.225561948207,-0.1636259582987543,0.2829910181013695,False
1884,664.6197811760036,40758.370828206105,40002.370828206105,22425.37082820611,19778.37082820611,-0.008131084789290175,-0.04641803322725574,-1530.9643042000741,-0.16420339335182552,0.28268619959515406,False
1885,664.899574025474,40785.38030029455,40077.38030029455,22450.38030029455,19821.38030029455,-0.007605190533368491,-0.04648461749822856,-1533.1603934135376,-0.16453385138883003,0.2825231227850802,False
1886,665.1793702977136,40852.389765125416,40116.389765125416,22482.389765125412,19840.389765125412,-0.007895624575108035,-0.04639664846625872,-1530.2589898327028,-0.1641933100370478,0.28257331833915766,False
1887,665.4591699683509,41014.39922270845,40233.39922270845,22574.39922270845,19902.39922270845,-0.008349627792222722,-0.04636113986158798,-1529.0878414133654,-0.16410980949590506,0.2825007231681955,False
1888,665.7389730130149,41104.408673053425,40301.408673053425,22633.40867305342,19950.40867305342,-0.008568178342558807,-0.04622999045926189,-1524.7622584552205,-0.16378893840792913,0.28225343486946897,False
1889,666.0187794073339,41087.4181161701,40286.4181161701,22633.418116170098,19950.418116170098,-0.008550195793369006,-0.04624794864053592,-1525.3545570208296,-0.16395174890508288,0.2820826795041412,False
1890,666.2985891269367,41140.42755206825,40340.42755206825,22687.42755206825,19994.42755206825,-0.008528303974635117,-0.04634797693771519,-1528.6537005162388,-0.16455436617278787,0.28165753371167424,False
1891,666.5784021474519,41142.43698075764,40331.43698075764,22708.43698075764,20010.43698075764,-0.008646316697924674,-0.04628435340150058,-1526.555262558416,-0.164569546867815,0.28124494648257703,False
1892,666.8582184445082,41135.44640224805,40231.44640224805,22727.44640224805,19990.44640224805,-0.009650568014506661,-0.04607758187363878,-1519.7355029462092,-0.16414985976019422,0.28070436332357096,False
1893,667.1380379937343,41194.455816549256,40266.455816549256,22752.45581654926,20027.45581654926,-0.009895364707856813,-0.04550713267377072,-1500.9208892791075,-0.16219872634633603,0.28056405681386964,False
1894,667.4178607707587,41230.465223671046,40318.465223671046,22783.465223671046,20068.465223671046,-0.009714243436274339,-0.04539137461446708,-1497.1029451656696,-0.16194192974926422,0.28029414423273113,False
1895,667.69768675121,41231.4746236232,40345.4746236232,22798.474623623202,20079.474623623202,-0.009434038542813983,-0.0457194067378886,-1507.9221341030936,-0.16317707575561588,0.280182780125076,False
1896,667.977515910717,41237.48401641551,40343.48401641551,22805.484016415507,20092.484016415507,-0.009518759558309609,-0.04548690292737104,-1500.2536697209391,-0.1624553612136481,0.2799963176810789,False
1897,668.2573482249082,41286.49340205776,40383.49340205776,22848.49340205776,20136.49340205776,-0.009604113201961752,-0.04526961123689964,-1493.086933033016,-0.1619170310204462,0.2795852354233397,False
1898,668.5371836694126,41347.50278055975,40421.50278055975,22902.502780559753,20179.502780559753,-0.009836829505167488,-0.0451356539431323,-1488.6687399130928,-0.16169877856992987,0.2791341675077186,False
1899,668.8170222198584,41369.51215193128,40432.51215193128,22950.51215193128,20213.51215193128,-0.009949673781096763,-0.045200927792253494,-1490.8216086594493,-0.162308069174023,0.27848848194842424,False
1900,669.0968638518744,41342.521516182154,40416.521516182154,22937.521516182154,20217.521516182154,-0.009838028248136566,-0.04498054675731047,-1483.5529788972055,-0.1616024512593879,0.2783407454947094,False
1901,669.3767085410893,41466.53087332217,40542.53087332217,23001.530873322172,20305.530873322172,-0.00978684732426116,-0.044355545958447415,-1462.939138830539,-0.15948420729457852,0.2781187348319675,False
1902,669.6565562631317,41479.54022336114,40589.54022336114,23006.54022336114,20346.54022336114,-0.009419801952160273,-0.04394094010157928,-1449.2645661904235,-0.15808761118414846,0.27795309052013345,False
1903,669.9364069936304,41511.54956630887,40629.54956630887,23032.549566308873,20383.549566308873,-0.009326937658672128,-0.0437352630196018,-1442.4809037039513,-0.15749412826733208,0.2776945623354614,False
1904,670.2162607082138,41441.55890217519,40584.55890217519,22993.558902175188,20374.558902175188,-0.009075253697599237,-0.043442726821469976,-1432.8324449932265,-0.15652145898493375,0.27755125145908355,False
1905,670.4961173825106,41432.5682309699,40589.5682309699,23000.568230969897,20385.568230969897,-0.008927422663340939,-0.043488321209585956,-1434.3362437503963,-0.1568008694656089,0.2773474493974298,False
1906,670.7759769921496,41354.57755270282,40515.57755270282,22978.577552702824,20381.577552702824,-0.008901554569137668,-0.04318379063990475,-1424.2921854544088,-0.15601512005344115,0.2767923431082362,False
1907,671.0558395127592,41376.58686738379,40523.58686738379,22990.58686738379,20390.58686738379,-0.009046783955961148,-0.0430735479250671,-1420.6561489944356,-0.15564549103127365,0.2767413796549518,False
1908,671.3357049199684,41331.59617502263,40486.59617502263,22965.596175022627,20383.596175022627,-0.008970911607457959,-0.042826005539225775,-1412.491680787776,-0.15482032879475946,0.27661745632899987,False
1909,671.6155731894055,41298.60547562916,40485.60547562916,22950.605475629163,20392.605475629163,-0.008634748463050691,-0.04268668171717754,-1407.896488284977,-0.15439082219837358,0.2764845805557684,False
1910,671.8954442966993,41267.61476921323,40491.61476921323,22964.61476921323,20418.61476921323,-0.008244271387334998,-0.04278861761679875,-1411.2585485186053,-0.15506239750703055,0.27594451204624715,False
1911,672.1753182174784,41263.62405578466,40446.62405578466,22957.624055784665,20414.624055784665,-0.008685089690576154,-0.04230046348552611,-1395.158199193865,-0.15337888340792455,0.2757906600025528,False
1912,672.4551949273715,41259.63333535331,40400.63333535331,22951.63333535331,20399.63333535331,-0.009137190855694425,-0.042054044898316933,-1387.030796228262,-0.15251406951520036,0.2757387894244446,False
1913,672.7350744020073,41266.642607929,40402.642607929,22954.642607929003,20400.642607929003,-0.009189364911978859,-0.042037322843834594,-1386.4792677225191,-0.1524487402712651,0.27574726277851813,False
1914,673.0149566170143,41243.651873521594,40384.651873521594,22940.651873521598,20407.651873521598,-0.00914076893926901,-0.04167194836281165,-1374.4284493396476,-0.15121140744142483,0.27558733211946473,False
1915,673.294841548021,41170.66113214094,40274.66113214094,22898.661132140936,20369.661132140936,-0.009555946111700483,-0.04127033991573055,-1361.1825585942088,-0.1498489605642055,0.2754129208527111,False
1916,673.5747291706565,41107.670383796874,40234.670383796874,22878.670383796874,20377.670383796874,-0.009322417750681801,-0.04095383056622697,-1350.743414960888,-0.14893981013656635,0.274968999414431,False
1917,673.8546194605491,41123.67962849927,40231.67962849927,22907.679628499263,20403.679628499263,-0.009523802878131375,-0.04074880208183633,-1343.9811445861496,-0.14845533408601805,0.27448526745576984,False
1918,674.1345123933276,40980.688866257966,40042.688866257966,22848.68886625797,20333.68886625797,-0.010056021756449336,-0.04058908814117029,-1338.713443112334,-0.14812859258152594,0.27401251462529874,False
1919,674.4144079446205,40856.698097082844,39938.698097082844,22797.698097082844,20292.698097082844,-0.009869361636161264,-0.040681842258196425,-1341.7726688563325,-0.14862945583807646,0.2737131884713151,False
1920,674.6943060900566,40748.70732098376,39895.70732098376,22752.707320983758,20280.707320983758,-0.00918766689485425,-0.040762315805656806,-1344.4268556029147,-0.14906030334536843,0.27346191367403627,False
1921,674.9742068052644,40642.71653797058,39827.71653797058,22692.71653797058,20264.71653797058,-0.008797320758315777,-0.04034863426804686,-1330.782768954807,-0.14765086546387032,0.27327055714360193,False
1922,675.2541100658726,40554.72574805318,39783.72574805318,22644.725748053173,20255.725748053173,-0.008336016429298642,-0.0400832405923464,-1322.029527686082,-0.14676268359695765,0.27311602384175343,False
1923,675.53401584751,40587.73495124142,39799.73495124142,22648.73495124142,20269.73495124142,-0.008514635779948154,-0.039681243798739434,-1308.770828455935,-0.1452506594280096,0.2731914881144247,False
1924,675.813924125805,40650.74414754519,39825.74414754519,22664.74414754519,20301.74414754519,-0.008904600764749951,-0.03891286981235771,-1283.428239301692,-0.14244713459665626,0.2731741141900873,False
1925,676.0938348763865,40589.75333697437,39774.75333697437,22642.753336974365,20299.753336974365,-0.008808917076514312,-0.03862955762349643,-1274.0840078051128,-0.14160293522748474,0.272801955421603,False
1926,676.3737480748828,40607.76251953883,39757.76251953883,22678.76251953883,20323.76251953883,-0.009187125337399533,-0.03842811639294569,-1267.4400526022403,-0.1411740808444036,0.2722037654723576,False
1927,676.6536636969229,40662.77169524847,39766.77169524847,22715.771695248466,20334.771695248466,-0.0096766421388229,-0.03841155221005581,-1266.8937310334547,-0.14117987921052907,0.27207525905852387,False
1928,676.9335817181353,40559.78086411316,39667.78086411316,22656.780864113167,20296.780864113167,-0.009657694526580541,-0.03811334681662136,-1257.0582903452869,-0.14014626416922993,0.27195406914734876,False
1929,677.2135021141485,40472.790026142815,39578.790026142815,22603.79002614282,20267.79002614282,-0.009700630742704863,-0.037674237240427434,-1242.5755335362244,-0.13860045653771502,0.27181899815875266,False
1930,677.4934248605913,40367.79918134732,39469.79918134732,22554.799181347316,20239.799181347316,-0.009770155932398028,-0.03726260960624056,-1228.999188940211,-0.13728388455587598,0.2714274128153351,False
1931,677.7733499330924,40338.80832973656,39445.80832973656,22546.808329736563,20233.808329736563,-0.009722204222489563,-0.037285236988099796,-1229.7454875555443,-0.13744158492968256,0.27128060992002934,False
1932,678.0532773072804,40276.81747132045,39382.81747132045,22526.817471320453,20221.817471320453,-0.00974836424395682,-0.03713128986008345,-1224.6679876844648,-0.13705580771040754,0.2709209516939268,False
1933,678.3332069587839,40220.826606108894,39322.826606108894,22499.826606108894,20203.826606108894,-0.009806263571829857,-0.03693927504066098,-1218.334935334444,-0.13643745327746742,0.27074145810636796,False
1934,678.6131388632315,40143.83573411179,39255.83573411179,22469.835734111788,20197.835734111788,-0.009714639197094798,-0.03658042249249885,-1206.499224006096,-0.1353280802801476,0.2703091805985305,False
1935,678.8930729962518,40062.84485533905,39167.84485533905,22419.844855339044,20168.844855339044,-0.009812109341619853,-0.036139468355908755,-1191.9556297179954,-0.13376124544548113,0.27017891643838354,False
1936,679.1730093334737,40092.85396980058,39137.85396980058,22429.853969800577,20166.853969800577,-0.010469963689948776,-0.03571832887927038,-1178.065564564518,-0.13224128029393994,0.27009969050418514,False
1937,679.4529478505257,40002.86307750631,39048.86307750631,22381.863077506303,20126.863077506303,-0.010482681936124129,-0.0356374605391427,-1175.3983567259338,-0.13198396050526437,0.2700135713666605,False
1938,679.7328885230364,39872.87217846614,38952.87217846614,22307.872178466136,20083.872178466136,-0.010138034732472292,-0.03547266394393006,-1169.9630186216882,-0.1314017939755098,0.26995570509898315,False
1939,680.0128313266345,39796.88127269,38912.88127269,22270.88127269,20072.88127269,-0.009755650455687017,-0.03537203638576275,-1166.6441102392769,-0.13110579627801736,0.2697976549469584,False
1940,680.2927762369486,39750.89036018781,38952.89036018781,22262.890360187816,20105.890360187816,-0.008807172168915987,-0.03545106537474885,-1169.2506524109886,-0.13154831017177343,0.2694908458227816,False
1941,680.5727232296074,39711.89944096951,38928.89944096951,22253.899440969508,20106.899440969508,-0.008648534142291405,-0.03541248119367882,-1167.9780650172956,-0.13153695368203916,0.2692207794265974,False
1942,680.8526722802396,39726.90851504501,38899.90851504501,22273.908515045012,20103.908515045012,-0.009136190311656231,-0.03537974196595958,-1166.8982564709095,-0.13153385922134153,0.2689782096822958,False
1943,681.1326233644737,39634.917582424256,38814.917582424256,22218.917582424256,20063.917582424256,-0.00907929110831703,-0.0352278717257685,-1161.889256725821,-0.13097372589255302,0.2689689972984995,False
1944,681.4125764579384,39550.92664311717,38775.92664311717,22180.926643117175,20054.926643117175,-0.008594477976620737,-0.035164129792137344,-1159.7869137723353,-0.1308388713951009,0.26875904245574245,False
1945,681.6925315362623,39421.935697133704,38665.935697133704,22108.935697133704,20012.935697133704,-0.008409420848583392,-0.03484761575731198,-1149.3476156072538,-0.12974089736806516,0.26859391652311393,False
1946,681.9724885750742,39369.944744483786,38611.944744483786,22068.94474448379,20000.94474448379,-0.00844312923796942,-0.03428792801505289,-1130.8879374321377,-0.12768884404831474,0.2685272019698062,False
1947,682.2524475500026,39298.95378517737,38535.95378517737,22008.95378517737,19977.95378517737,-0.008514876290403428,-0.03353351804196772,-1106.0059107880668,-0.12486957424426347,0.2685483493070231,False
1948,682.5324084366763,39186.9628192244,38396.9628192244,21930.962819224394,19928.962819224394,-0.008844731594282422,-0.03272827010502468,-1079.4471412371272,-0.12191659119154745,0.26844804128097827,False
1949,682.8123712107238,39109.97184663481,38300.97184663481,21909.97184663481,19895.97184663481,-0.00907770945339442,-0.03279895233477483,-1081.7783897447703,-0.12236353134350528,0.26804515998071277,False
1950,683.0923358477737,38995.98086741857,38189.98086741857,21869.98086741857,19862.98086741857,-0.009070407841988072,-0.03273357098413125,-1079.6219753722426,-0.12235100328690704,0.26753823103005253,False
1951,683.3723023234547,38815.98988158563,38034.98988158563,21794.989881585625,19799.989881585625,-0.008827360920070308,-0.032864342487147855,-1083.935094416835,-0.12304771543287907,0.2670861654889881,False
1952,683.6522706133954,38741.998889145936,37991.998889145936,21767.998889145936,19793.998889145936,-0.008489880461347566,-0.03279508459159075,-1081.6508234447579,-0.12293805021121311,0.2667610600237056,False
1953,683.9322406932248,38685.00789010946,37931.00789010946,21744.00789010946,19773.00789010946,-0.008548306986928371,-0.03271855033289958,-1079.1265627219705,-0.1227425708412247,0.2665623679597122,False
1954,684.2122125385711,38628.01688448616,37838.01688448616,21708.016884486166,19738.016884486166,-0.008974045900511492,-0.032342588655403584,-1066.7265563456644,-0.12138171138597932,0.26645355619149264,False
1955,684.4921861250632,38596.02587228601,37752.02587228601,21670.025872286013,19698.025872286013,-0.00960232688686081,-0.031834399410761355,-1049.9654068691973,-0.11940868933163898,0.26660035872553867,False
1956,684.7721614283295,38479.03485351897,37633.03485351897,21596.03485351897,19656.03485351897,-0.009654927666716075,-0.03122317848318518,-1029.8060559221667,-0.11717696692747501,0.2664617398956086,False
1957,685.0521384239989,38336.043828195005,37498.043828195005,21518.043828195005,19594.043828195005,-0.009598680539531479,-0.031080032066142183,-1025.0847862015385,-0.11669108840770614,0.2663445211647344,False
1958,685.3321170876999,38342.0527963241,37477.0527963241,21532.0527963241,19603.0527963241,-0.009909930324922388,-0.030851796115656565,-1017.5570848140637,-0.11597729706277755,0.2660158228981379,False
1959,685.6120973950613,38195.06175791622,37359.06175791622,21457.06175791622,19556.06175791622,-0.009611255832071145,-0.03067759527003039,-1011.8115747639191,-0.11542660971647821,0.26577576301845485,False
1960,685.8920793217114,38075.07071298136,37308.07071298136,21401.070712981356,19550.070712981356,-0.008837927335293438,-0.030449242077547508,-1004.2800064889382,-0.1147167264637445,0.2654298376198069,False
1961,686.1720628432794,37921.07966152948,37202.07966152948,21314.079661529482,19503.079661529482,-0.008313475376082558,-0.030249914581983926,-997.7057667089066,-0.11400475244461533,0.2653390664277758,False
1962,686.4520479353932,37890.088603570584,37220.088603570584,21305.088603570584,19525.088603570584,-0.007748218198891801,-0.03014211313091273,-994.1502482593644,-0.11369519903325724,0.2651133327282869,False
1963,686.7320345736822,37828.09753911465,37146.09753911465,21279.097539114646,19502.097539114646,-0.007901305407804449,-0.029970575666199553,-988.492582110023,-0.11316202519006129,0.2648465827282825,False
1964,687.0120227337748,37782.10646817166,37013.10646817166,21253.10646817166,19447.10646817166,-0.008930631038977312,-0.02963679493789152,-977.483792100164,-0.11197126537762706,0.2646821471378427,False
1965,687.2920123912992,37722.11539075162,36875.11539075162,21209.11539075162,19372.11539075162,-0.009862651232803768,-0.02948285643468128,-972.4065766933192,-0.11133382238870959,0.264814912504712,False
1966,687.5720035218847,37728.12430686452,36894.12430686452,21251.12430686452,19435.12430686452,-0.009708007640411359,-0.029086581313588322,-959.3365902493515,-0.11024886061673111,0.2638265933169581,False
1967,687.8519961011594,37644.13321652035,36869.13321652035,21188.133216520353,19425.133216520353,-0.009034374067465949,-0.028694314900568542,-946.3988194237392,-0.10871044934726377,0.263951764277118,False
1968,688.1319901047524,37540.14211972912,36826.14211972912,21114.14211972912,19399.14211972912,-0.008339687584506716,-0.028451228160443934,-938.3813077783598,-0.10770938599598182,0.2641480860498576,False
1969,688.4119855082921,37455.15101650083,36805.15101650083,21055.15101650083,19397.15101650083,-0.007602948414799987,-0.028017465288518503,-924.0748965145751,-0.10606170951220815,0.26416192438698693,False
1970,688.6919822874072,37332.15990684548,36716.15990684548,20978.159906845478,19370.159906845478,-0.0072258647611458,-0.027408320780348886,-903.9840302441015,-0.10381157710239519,0.26401988627255435,False
1971,688.9719804177263,37281.16879077308,36625.16879077308,20967.16879077308,19338.16879077308,-0.007709884475226025,-0.02741456031054832,-904.1898230652567,-0.10397812107361633,0.2636570081040305,False
1972,689.2519798748781,37268.17766829365,36557.17766829365,20967.177668293643,19315.177668293643,-0.008365497805499658,-0.0272757701544653,-899.6122319877293,-0.10353848074229237,0.263436067044047,False
1973,689.5319806344912,37267.186539417184,36509.186539417184,20954.18653941718,19295.18653941718,-0.008924450679218616,-0.026897373569369613,-887.1319172407325,-0.102075580384832,0.26350448822298783,False
1974,689.8119826721942,37217.19540415371,36394.19540415371,20928.195404153706,19241.195404153706,-0.009711520145638848,-0.026788211377236373,-883.5315186907549,-0.10169933395614203,0.2634059667370961,False
1975,690.0919859636159,37116.20426251324,36321.20426251324,20885.20426251324,19210.20426251324,-0.009403316605079964,-0.026903427776548392,-887.3315977191269,-0.1022257815315632,0.2631765428786837,False
1976,690.3719904843848,37067.2131145058,36319.2131145058,20856.2131145058,19220.2131145058,-0.008853504372396823,-0.02662375271655131,-878.1073263775497,-0.10120546458613382,0.26306635541297674,False
1977,690.6519962101296,37014.22196014141,36298.22196014141,20823.221960141414,19220.221960141414,-0.008483272949988328,-0.02630625674704572,-867.6356419427374,-0.10003374577987466,0.2629738249023777,False
1978,690.932003116479,36870.2307994301,36207.2307994301,20752.2307994301,19187.2307994301,-0.00788054581446927,-0.02617194340343914,-863.2057055507171,-0.09962785837782319,0.26269703905694836,False
1979,691.2120111790616,36797.23963238189,36091.23963238189,20720.23963238189,19150.23963238189,-0.008413441919729998,-0.02580711906838672,-851.1730321383325,-0.0983787851411391,0.2623240267844591,False
1980,691.492020373506,36734.24845900681,36000.24845900681,20685.248459006816,19112.248459006816,-0.008765660998833516,-0.025583298151534754,-843.7909478402739,-0.09757092497600588,0.26220206642323074,False
1981,691.7720306754409,36658.25727931491,35916.25727931491,20642.25727931491,19081.25727931491,-0.008880741024367497,-0.02526945832732111,-833.4398507622229,-0.09643014803799906,0.2620493573997572,False
1982,692.052042060495,36583.266093316204,35826.266093316204,20596.2660933162,19044.2660933162,-0.009080928738683124,-0.02494332435416024,-822.6832668102115,-0.09521601369307968,0.26196564408338724,False
1983,692.3320545042967,36478.27490102073,35675.27490102073,20525.274901020734,18962.274901020734,-0.009666963544659705,-0.02473158055335708,-815.6995111849311,-0.09435533475643065,0.26211109967655044,False
1984,692.6120679824749,36415.28370243855,35618.28370243855,20492.283702438548,18942.283702438548,-0.009610709004850417,-0.02454731392638185,-809.6220105081298,-0.09370384207662368,0.2619669949745388,False
1985,692.8920824706581,36267.292497579685,35507.292497579685,20403.292497579685,18899.292497579685,-0.00919757718586398,-0.024057131891256738,-793.454776651784,-0.09187601340902841,0.2618434452979074,False
1986,693.1720979444751,36181.30128645419,35490.30128645419,20360.301286454192,18906.301286454192,-0.008374496314518065,-0.02380312954535352,-785.0772453837725,-0.09099001828645827,0.26160154700063465,False
1987,693.4521143795545,36103.31006907211,35467.31006907211,20319.31006907211,18894.31006907211,-0.007718769540106213,-0.02385914993321221,-786.9249155273828,-0.09121598551405688,0.26156763859702403,False
1988,693.7321317515248,36012.3188454435,35343.3188454435,20271.3188454435,18831.3188454435,-0.008143757978702355,-0.02385750993381071,-786.8708248999254,-0.0912340622517095,0.26149783693714324,False
1989,694.0121500360148,35918.327615578404,35197.327615578404,20213.327615578404,18768.327615578404,-0.008806416803209578,-0.02340582247055284,-771.9732229374097,-0.08954669330120107,0.26138120356744543,False
1990,694.292169208653,35871.33637948688,35159.33637948688,20173.33637948688,18767.33637948688,-0.008706887213224431,-0.022668204779746997,-747.645041059442,-0.08675034046168235,0.2613039287120671,False
1991,694.5721892450682,35743.345137178985,35068.345137178985,20091.345137178985,18726.345137178985,-0.008279922528076494,-0.022276068259757066,-734.7115543789826,-0.08524303150612561,0.2613242146152005,False
1992,694.852210120889,35673.35388866478,35029.35388866478,20046.35388866478,18709.35388866478,-0.007911815270280523,-0.02206478786940708,-727.7430830045134,-0.08442912771588866,0.2613409431832223,False
1993,695.132231811744,35594.362633954326,34934.362633954326,19998.36263395433,18661.36263395433,-0.008128396600748959,-0.021922690340676086,-723.0564078251255,-0.08388309732512936,0.26134812661607065,False
1994,695.4122542932618,35518.37137305769,34852.37137305769,19969.371373057693,18624.371373057693,-0.008220710764226388,-0.022062059964021018,-727.6531109509616,-0.08449022285244442,0.26111968011435693,False
1995,695.6922775410711,35530.380105984936,34823.380105984936,19979.380105984936,18611.380105984936,-0.008728930316389698,-0.02207450011841542,-728.0634133914665,-0.08455877935474826,0.2610550943008127,False
1996,695.9723015308007,35535.38883274613,34760.38883274613,19984.38883274613,18585.38883274613,-0.009576446050111528,-0.021942773469136548,-723.7187916154749,-0.08409074872250011,0.2609415875407152,False
1997,696.2523262380789,35488.397553351344,34706.397553351344,19962.397553351348,18573.397553351348,-0.009676852401573227,-0.0216444932931822,-713.8808844426114,-0.08302581786905881,0.2606959358993372,False
1998,696.5323516385348,35373.40626781066,34612.40626781066,19897.40626781066,18532.40626781066,-0.009445089376148248,-0.021419565890940608,-706.4623059306264,-0.08219636079543481,0.2605901974693051,False
1999,696.8123777077966,35245.41497613415,34533.41497613415,19832.414976134143,18503.414976134143,-0.008863100839595357,-0.021260611393477166,-701.2196524899439,-0.08165935315982777,0.2603573328809602,False
2000,697.0924044214933,35179.42367833188,34507.42367833188,19786.423678331877,18484.423678331877,-0.00837618430673597,-0.02118520554778161,-698.7326091996192,-0.08132078891733574,0.26051401898371657,False
2001,697.3724317552532,35086.43237441394,34415.43237441394,19738.43237441394,18436.43237441394,-0.008385980803781716,-0.02124979252583312,-700.8628234943288,-0.08158830597882041,0.26045144914945745,False
2002,697.6524596847053,34984.44106439042,34319.44106439042,19681.44106439042,18407.44106439042,-0.008334733516779071,-0.020728741889670752,-683.6774782915312,-0.07967003366701365,0.2601824165947757,False
2003,697.932488185478,34879.44974827139,34213.44974827139,19614.449748271392,18368.449748271392,-0.008372758582041609,-0.020130866151390987,-663.958279738411,-0.07740886360466474,0.26005892883535214,False
2004,698.2125172332,34882.45842606695,34158.45842606695,19610.45842606695,18354.45842606695,-0.009108822583801145,-0.019637348972253273,-647.6810458222245,-0.07554627618860627,0.25993801366499303,False
2005,698.4925468035,34852.46709778719,34099.46709778719,19590.467097787187,18331.467097787187,-0.00948593393266972,-0.01936163345687808,-638.5873685850405,-0.0745052020948521,0.25986955155465397,False
2006,698.7725768720065,34789.475763442184,34051.475763442184,19556.475763442188,18307.475763442188,-0.009311945860336707,-0.019350180368151598,-638.2096216450263,-0.07447178186527004,0.25983238058085956,False
2007,699.0526074143484,34720.48442304205,33968.48442304205,19529.48442304205,18282.48442304205,-0.009509605538570132,-0.01914596048725599,-631.4740207131974,-0.07378930006856202,0.25946797800584015,False
2008,699.3326384061542,34683.49307659687,33957.49307659687,19507.493076596864,18287.493076596864,-0.00918720926301907,-0.01886007747390545,-622.0449980212186,-0.0727201663003601,0.2593514073662405,False
2009,699.6126698230524,34597.50172411674,33850.50172411674,19455.501724116737,18233.501724116737,-0.009479629563622341,-0.018692722986000554,-616.5252952394203,-0.07207564729082608,0.25934866613927443,False
2010,699.8927016406719,34536.510365611764,33795.510365611764,19410.510365611764,18202.510365611764,-0.009419444149631593,-0.018486223369657967,-609.7145038406612,-0.07124207992169881,0.25948461063989037,False
2011,700.1727338346412,34520.51900109205,33825.51900109205,19391.519001092052,18221.519001092052,-0.008832847613774245,-0.018194404252927787,-600.0896959818316,-0.07009637770331789,0.2595626885305742,False
2012,700.4527663805891,34466.5276305677,33793.5276305677,19349.5276305677,18204.5276305677,-0.008564002953125089,-0.0179269499552967,-591.2684910705113,-0.06903194496546292,0.25969063980836204,False
2013,700.7327992541439,34391.53625404882,33774.53625404882,19293.53625404882,18194.53625404882,-0.007862181394914956,-0.017608663390624106,-580.7707311453001,-0.06776626936377693,0.25984407221974737,False
2014,701.0128324309346,34294.54487154552,33747.54487154552,19239.54487154552,18181.54487154552,-0.006982860177772535,-0.017581151911552233,-579.8633447377679,-0.06766644623253805,0.2598208253930464,False
2015,701.2928658865898,34266.55348306791,33732.55348306791,19229.553483067913,18188.553483067913,-0.006821207843663631,-0.017349830598876948,-572.2338816200024,-0.06683908059125858,0.2595761408654986,False
2016,701.5728995967379,34264.56208862611,33694.56208862611,19236.56208862611,18194.56208862611,-0.007285369339033323,-0.016900481911585174,-557.4134174048377,-0.0652105352088041,0.2591679681430284,False
2017,701.8529335370077,34247.570688230226,33631.570688230226,19225.570688230226,18171.570688230226,-0.007882620191936028,-0.016604152133117486,-547.6398384407216,-0.06409567673946358,0.2590526066307112,False
2018,702.132967683028,34268.57928189039,33606.57928189039,19229.579281890383,18160.579281890383,-0.008471790559454817,-0.016368294556901752,-539.860759816395,-0.06317110578334217,0.25911046441137287,False
2019,702.4130020104271,34218.5878696167,33559.5878696167,19202.5878696167,18137.5878696167,-0.008445464327507824,-0.01633476731919902,-538.7549610443959,-0.06305163034904208,0.2590697057121726,False
2020,702.6930364948341,34171.5964514193,33574.5964514193,19180.596451419296,18152.596451419296,-0.00765446754563222,-0.016268887581051113,-536.58210880439,-0.06282937392024855,0.2589376045940194,False
2021,702.9730711118773,34042.605027308295,33527.605027308295,19099.6050273083,18119.6050273083,-0.0066202543698161516,-0.016255405267332275,-536.1374337587995,-0.06273163961436101,0.2591261023506065,False
2022,703.2531058371853,33972.61359729383,33472.61359729383,19061.613597293832,18085.613597293832,-0.00643933538869568,-0.016387078403034612,-540.4802905445541,-0.06323081884162547,0.2591628370981468,False
2023,703.533140646387,34038.622161386025,33466.622161386025,19094.622161386025,18098.622161386025,-0.007360091552266369,-0.01590546403762296,-524.5956364441673,-0.06140782525558031,0.2590136350118926,False
2024,703.8131755151109,34039.63071959501,33404.63071959501,19088.630719595007,18087.630719595007,-0.00817816488364412,-0.015214928688479687,-501.82032915893916,-0.05878631485520775,0.25881752795619967,False
2025,704.0932104189857,33993.639271930915,33331.639271930915,19066.639271930915,18058.639271930915,-0.008540988452738235,-0.015048138741338101,-496.3192461181511,-0.058180086950897096,0.25864758081297556,False
2026,704.3732453336398,33902.64781840388,33256.64781840388,19015.64781840388,18022.64781840388,-0.008355146841961203,-0.014937382336639448,-492.66626708681196,-0.05776446863619569,0.25859118398051983,False
2027,704.6532802347023,33859.65635902404,33210.65635902404,18980.65635902404,17990.65635902404,-0.008405087284226892,-0.014859131008489948,-490.0853738040955,-0.05741530209981155,0.25880088521799693,False
2028,704.9333150978015,33826.664893801535,33156.664893801535,18962.66489380153,17977.66489380153,-0.008688341067910344,-0.014477748384556963,-477.5065732197416,-0.05598539059575037,0.2585986849514972,False
2029,705.2133498985661,33772.6734227465,33155.6734227465,18935.6734227465,17972.6734227465,-0.008007587198556154,-0.01466048473669224,-483.5336022157608,-0.0566884705816936,0.25861492797843355,False
2030,705.4933846126249,33778.68194586908,33188.68194586908,18938.68194586908,17996.68194586908,-0.007652694071331238,-0.014504615075188871,-478.392693149211,-0.0561008749065829,0.2585452561897015,False
2031,705.7734192156064,33754.690463179424,33154.690463179424,18930.690463179424,17981.690463179424,-0.007789152148509233,-0.01454678477260479,-479.7835384085655,-0.05628666100372589,0.25844106779831666,False
2032,706.0534536831393,33742.69897468768,33138.69897468768,18922.69897468768,17976.69897468768,-0.007844363505275072,-0.014428771001612401,-475.89119618224083,-0.05583649367016092,0.2584111224255321,False
2033,706.3334879908522,33729.70748040399,33121.70748040399,18899.707480403988,17962.707480403988,-0.00789985749348242,-0.014183427411653996,-467.7992488855582,-0.05483653952619643,0.25864920606228825,False
2034,706.6135221143738,33712.7159803385,33087.7159803385,18883.715980338504,17961.715980338504,-0.008126952595722126,-0.013612682401141435,-448.974878761622,-0.05265770868393354,0.2585126231535938,False
2035,706.8935560293327,33704.72447450138,33112.72447450138,18867.724474501378,17979.724474501378,-0.007695865827429862,-0.013240627569408412,-436.70372837057187,-0.05120285861659711,0.2585915694385965,False
2036,707.1735897113575,33630.73296290277,33033.73296290277,18820.73296290277,17935.73296290277,-0.007778678894383323,-0.013138724598581031,-433.3427541977787,-0.050793548367447296,0.25866916214503755,False
2037,707.453623136077,33640.741445552834,33022.741445552834,18823.741445552834,17926.741445552834,-0.008052434924333262,-0.013152159241022211,-433.78585694442967,-0.05083241222150525,0.258735689813635,False
2038,707.7336562791197,33690.74992246173,33037.74992246173,18854.749922461724,17949.749922461724,-0.008500216567091132,-0.01286215767751546,-424.2209958113141,-0.04975285820785133,0.25852098031798554,False
2039,708.0136891161144,33702.75839363961,33035.75839363961,18857.758393639608,17949.758393639608,-0.008681165798237203,-0.01275029415348337,-420.5315016572491,-0.04931451622665695,0.2585505268850473,False
2040,708.2937216226894,33839.76685909664,33163.76685909664,18925.766859096642,18014.766859096642,-0.00876350888356559,-0.012661330954237727,-417.59730834996896,-0.04894127818736587,0.25870454191583075,False
2041,708.5737537744739,33917.77531884299,33202.77531884299,18962.775318842996,18042.775318842996,-0.009252972386962396,-0.012345585917045742,-407.1833733432309,-0.04772195325308155,0.25869825259611623,False
2042,708.853785547096,34000.78377288883,33278.78377288883,19003.78377288883,18093.78377288883,-0.009321482433000851,-0.01198920185346696,-395.4290778250719,-0.0463541678797019,0.25864344894684066,False
2043,709.1338169161846,34175.792221244315,33435.792221244315,19099.792221244315,18184.792221244315,-0.009506972889935511,-0.011813326686511519,-389.6283451381491,-0.0456824497075405,0.25859661121810573,False
2044,709.4138478573684,34374.800663919625,33608.800663919625,19221.800663919625,18281.800663919625,-0.009787173545229927,-0.0119879263324465,-395.38700846073624,-0.04638570851919942,0.2584400824121206,False
2045,709.693878346276,34223.809100924926,33460.809100924926,19137.809100924926,18215.809100924926,-0.009791906521671797,-0.011651845384633193,-384.3023523766481,-0.04511636695447744,0.2582620492556491,False
2046,709.9739083585359,32899.81753227039,32204.81753227039,18400.81753227039,17535.81753227039,-0.00927264643830076,-0.011638454518082743,-383.8606934508881,-0.04507960712763424,0.2581755977848409,False
2047,710.253937869777,31544.8259579662,30903.8259579662,17634.8259579662,16824.8259579662,-0.008915886304928943,-0.011504711149172125,-379.4495560223986,-0.04453850696048487,0.25830931331800705,False
2048,710.5339668556278,30561.83437802253,29992.83437802253,17084.83437802253,16327.83437802253,-0.00816190852048605,-0.011520278094899536,-379.96298661342354,-0.04459541025233593,0.2583287838303068,False
2049,710.8139952917168,29376.84279244956,28877.84279244956,16415.84279244956,15718.842792449557,-0.007440371357526288,-0.011402242542650928,-376.06992599548573,-0.0441189742796326,0.25844305605071016,False
2050,711.0940231536729,28346.851201257465,27883.851201257465,15825.851201257465,15187.851201257465,-0.007152067498041977,-0.010718676954339229,-353.52449607256847,-0.041465368857758846,0.25849708442503316,False
2051,711.3740504171246,27100.859604456437,26641.859604456437,15123.859604456435,14515.859604456435,-0.007418531001605946,-0.010401347022284617,-343.05828790189184,-0.040234034716055696,0.25852110273528894,False
2052,711.6540770577005,25705.868002056653,25226.868002056653,14340.868002056652,13751.868002056652,-0.008168938349486534,-0.010044804984682534,-331.29878206839095,-0.03886116770457155,0.258479237192373,False
2053,711.9341030510295,24387.876394068302,23915.876394068302,13596.876394068304,13040.876394068304,-0.00848768504310011,-0.009644685920433311,-318.1020142993549,-0.037301946015272903,0.2585571786652737,False
2054,712.21412837274,23600.884780501576,23166.884780501576,13157.884780501578,12627.884780501578,-0.008060645941164964,-0.009794822511839874,-323.05383466348763,-0.037870542154191215,0.2586396168282967,False
2055,712.4941529984609,24095.89316136666,23688.89316136666,13434.893161366663,12903.893161366663,-0.00739825966559337,-0.010115198840547675,-333.62051939915875,-0.03909007662062344,0.2587664111973375,False
2056,712.7741769038204,23623.90153667375,23244.90153667375,13169.901536673751,12650.901536673751,-0.007023912951154457,-0.010437139480590624,-344.23879841076644,-0.040299755040074124,0.2589876655630269,False
2057,713.0542000644475,23117.909906433037,22775.909906433037,12884.909906433038,12377.909906433038,-0.006472830672048125,-0.010961238239139155,-361.52467709685936,-0.04226462784081776,0.25934779978242606,False
2058,713.3342224559708,22469.918270654718,22146.918270654718,12523.918270654718,12040.918270654718,-0.006288189805011231,-0.010792426431618783,-355.9569088509305,-0.041628216021138933,0.2592574811790723,False
2059,713.6142440540189,21726.92662934899,21417.92662934899,12105.926629348987,11647.926629348987,-0.006220871288360579,-0.010528539815031736,-347.2533735595283,-0.04060925652068625,0.2592645302350839,False
2060,713.8942648342203,21814.934982526047,21515.934982526047,12150.934982526045,11700.934982526045,-0.005993699700503728,-0.010395431188818369,-342.8631712793913,-0.04008387971707122,0.25934194150350887,False
2061,714.1742847722039,20791.943330196093,20518.943330196093,11581.943330196093,11168.943330196093,-0.0057400907661306405,-0.010029257469254618,-330.7859923294849,-0.038703832818470854,0.25912827590729715,False
2062,714.4543038435983,19815.95167236933,19530.95167236933,11049.951672369332,10644.951672369332,-0.006291529014136015,-0.009925155497789051,-327.35249049345583,-0.03837779563029888,0.2586171335477445,False
2063,714.734322024032,18970.960009055965,18658.960009055965,10576.960009055965,10171.960009055965,-0.0072018746469286144,-0.00975434358101034,-321.7187544400583,-0.037718993329068376,0.25860561802144105,False
2064,715.0143392891338,18662.9683402662,18314.9683402662,10398.9683402662,9991.9683402662,-0.008174547060322364,-0.009164659636948186,-302.2697384789732,-0.03544324801245917,0.2585727931516486,False
2065,715.2943556145322,18355.976666010243,18009.976666010243,10224.976666010243,9832.976666010243,-0.008264346809249245,-0.008712970218366768,-287.372072025777,-0.03370957704817469,0.2584716564647185,False
2066,715.5743709758559,17896.984986298303,17578.984986298303,9967.984986298303,9605.984986298303,-0.0077860785460182585,-0.008279393116915794,-273.07178786272004,-0.03205188633229173,0.2583121951413651,False
2067,715.8543853487336,17361.993301140592,17076.993301140592,9658.993301140592,9323.993301140592,-0.0071881762607226,-0.008141735779859528,-268.53155953782345,-0.03146703343922298,0.2587385873404586,False
2068,716.1343987087938,16654.00161054732,16397.00161054732,9261.001610547319,8954.001610547319,-0.006754162995964593,-0.007886628568835851,-260.117587495769,-0.030473369356453277,0.2588039568773749,False
2069,716.4144110316654,16018.0099145287,15772.0099145287,8911.0099145287,8613.0099145287,-0.006721516733127103,-0.008050463000349261,-265.52119141879473,-0.031118088303576978,0.2587068627677836,False
2070,716.6944222929768,15357.018213094952,15116.018213094952,8542.018213094952,8257.018213094952,-0.0068694928130750635,-0.007867757720099124,-259.49518723885916,-0.030414987816957475,0.25868028510971686,False
2071,716.9744324683568,14541.02650625629,14304.02650625629,8089.026506256291,7812.026506256291,-0.007136759873761736,-0.00799579046592489,-263.71797631456855,-0.030907972073110752,0.25869670281218643,False
2072,717.254441533434,14563.034794022935,14325.034794022935,8101.034794022935,7820.034794022935,-0.007156201633912619,-0.008175610451474878,-269.64881741054916,-0.03159055597222695,0.2587991948816134,False
2073,717.5344494638371,15803.043076405105,15550.043076405105,8790.043076405105,8485.043076405105,-0.007009127480811477,-0.00832782443586966,-274.6691545620088,-0.0321644880076537,0.258913632758215,False
2074,717.8144562351945,18443.051353413022,18138.051353413022,10256.051353413022,9892.051353413022,-0.007242148359404243,-0.008451676107529022,-278.7540430233031,-0.03262207591404679,0.25907842682353033,False
2075,718.0944618231351,22080.059625056914,21695.059625056914,12264.059625056912,11829.059625056912,-0.007639393779924659,-0.008044638627336237,-265.3290913542869,-0.031013882984942478,0.25938830785045464,False
2076,718.3744662032875,26740.067891347,26231.067891347,14836.067891347,14295.067891347,-0.008346534088219884,-0.007786055661330974,-256.800481607078,-0.029976722661047006,0.2597367213677597,False
2077,718.6544693512803,31376.07615229351,30745.07615229351,17382.07615229351,16758.07615229351,-0.008823057309704485,-0.007054431344983082,-232.66997381650424,-0.027129903312151,0.26002419779445096,False
2078,718.9344712427421,33103.084407906674,32415.08440790667,18328.08440790667,17673.08440790667,-0.009121304586782137,-0.00668342001106241,-220.43324017668516,-0.025696260823049915,0.2600930951427488,False
2079,719.2144718533017,33482.092658196714,32764.092658196714,18528.092658196714,17860.092658196714,-0.009414448465192083,-0.006532557796638137,-215.45748724020524,-0.025101264210903144,0.26024815888757563,False
2080,719.4944711585877,33398.10090317387,32713.100903173872,18481.100903173872,17823.100903173872,-0.009000059252196737,-0.006744513143413903,-222.44822009632082,-0.025903951359460657,0.2603661908495156,False
2081,719.7744691342285,33222.10914284838,32577.109142848374,18385.109142848374,17746.109142848374,-0.008514657799292375,-0.006848406387244231,-225.87483765620482,-0.026301059398834616,0.26038519146295985,False
2082,720.054465755853,33026.11737723046,32379.11737723046,18272.11737723046,17650.11737723046,-0.008592513940910772,-0.006448764584839402,-212.69381098597694,-0.024775018697065103,0.2602930259585772,False
2083,720.3344609990899,32826.12560633036,32154.12560633036,18164.12560633036,17527.12560633036,-0.008982923003403424,-0.0065208744164007935,-215.07214480210143,-0.02505469499071428,0.26026556774359244,False
2084,720.6144548395675,32705.133830158316,32022.133830158316,18093.133830158316,17455.133830158316,-0.009165662375918595,-0.006424950249041635,-211.90836413483362,-0.024681481553173127,0.2603146101744295,False
2085,720.8944472529149,32591.142048724563,31887.142048724563,18023.142048724563,17385.142048724563,-0.009483982701716288,-0.00616827936852439,-203.442818986127,-0.023691965587233577,0.26035321323648086,False
2086,721.1744382147605,32477.150262039344,31813.150262039344,17961.150262039344,17344.150262039344,-0.008971237897148451,-0.006209880858499226,-204.81492356973115,-0.023852166903568173,0.2603487089288419,False
2087,721.4544277007328,32345.1584701129,31742.1584701129,17878.1584701129,17303.1584701129,-0.00817282774712766,-0.0060245694880598725,-198.70296505748502,-0.02312705403534271,0.26049878548530825,False
2088,721.7344156864607,32265.166672955474,31698.166672955474,17827.166672955474,17281.166672955474,-0.007699768242786944,-0.005809497753599513,-191.60944718504177,-0.022296513003950018,0.26055633688417157,False
2089,722.0144021475728,32223.174870577313,31677.174870577313,17795.174870577313,17266.174870577313,-0.007421886080827224,-0.005684238927585955,-187.47814781537852,-0.02180307025140176,0.2607081875187053,False
2090,722.2943870596977,32115.183062988664,31584.183062988664,17716.183062988664,17224.183062988664,-0.007240753740600705,-0.004990772869176487,-164.60617957834813,-0.019133785081797482,0.2608356291157651,False
2091,722.574370398464,32011.191250199772,31524.191250199772,17651.191250199772,17197.191250199772,-0.006657882477156726,-0.004658616979298315,-153.65098015523463,-0.017858883465592036,0.26085712403431477,False
2092,722.8543521395004,31944.199432220885,31454.199432220885,17612.199432220885,17157.199432220885,-0.006713372496778655,-0.004653822606829177,-153.49285167367339,-0.01783720819601822,0.2609053253001804,False
2093,723.1343322584355,31898.207609062254,31361.207609062254,17588.207609062254,17106.207609062254,-0.0073735028413677095,-0.004694341966527723,-154.82926532618225,-0.017993439209703494,0.26089186796463903,False
2094,723.414310730898,31922.215780734135,31320.215780734135,17593.215780734135,17082.215780734135,-0.008268283448115074,-0.0045327423732943045,-149.49937106714793,-0.01736588615157305,0.2610141707559056,False
2095,723.6942875325166,31891.22394724678,31258.22394724678,17565.22394724678,17047.22394724678,-0.008706888947566514,-0.004293135775720235,-141.59664183816932,-0.01643846289747202,0.2611640639697798,False
2096,723.9742626389199,31819.232108610442,31193.232108610442,17517.232108610442,16998.232108610442,-0.008629317821675227,-0.004432411542053446,-146.19024936247638,-0.01695381154961256,0.2614404158665276,False
2097,724.2542360257363,31767.240264835375,31118.240264835375,17479.240264835375,16955.240264835375,-0.008964458054462195,-0.004254145701709287,-140.31066724211877,-0.01626301900628778,0.2615840084835727,False
2098,724.5342076685947,31813.24841593184,31150.24841593184,17505.24841593184,16968.24841593184,-0.009146502299425529,-0.0043847622462388925,-144.61867543009538,-0.01675926584369979,0.26163211963650723,False
2099,724.8141775431238,31771.2565619101,31135.2565619101,17471.2565619101,16950.2565619101,-0.008781942870826363,-0.004365922276291031,-143.99729362054813,-0.016670620256245716,0.26189321148115774,False
2100,725.0941456249523,31717.264702780405,31070.264702780405,17437.264702780405,16916.264702780405,-0.008950773462259353,-0.004223114562984038,-139.28719506107126,-0.01612313181727915,0.26192892366346154,False
2101,725.3741118897084,31709.272838553028,31011.272838553028,17417.272838553028,16889.272838553028,-0.009666690887820156,-0.003702512569169371,-122.11664702592424,-0.014128632864578938,0.2620573840836166,False
2102,725.6540763130213,31665.28096923822,30894.28096923822,17381.28096923822,16836.28096923822,-0.01070525398239039,-0.003130361252657121,-103.24589397413416,-0.011944900656486977,0.262066746528955,False
2103,725.9340388705192,31712.289094846255,30895.289094846255,17394.289094846255,16845.289094846255,-0.011335328558395214,-0.002592886618763895,-85.51885080375769,-0.009892083086852665,0.2621173514211622,False
2104,726.213999537831,31740.297215387392,30928.297215387392,17410.297215387392,16858.297215387392,-0.011254978964472454,-0.002737499889227883,-90.28850043346222,-0.01044155616643976,0.2621735539790985,False
2105,726.4939582905853,31719.305330871903,30954.305330871903,17393.305330871903,16869.305330871903,-0.010602605351584622,-0.0026823165595671675,-88.4684382286755,-0.010226814461601586,0.26228270490663613,False
2106,726.7739151044107,31611.313441310052,30950.313441310052,17337.313441310052,16866.313441310052,-0.009177489446127493,-0.0027841444847765285,-91.82693723924433,-0.01061626168751998,0.2622528124047139,False
2107,727.0538699549359,31502.32154671211,30925.32154671211,17273.32154671211,16860.32154671211,-0.008028336157093413,-0.0024816685395961553,-81.85064477801143,-0.009464520243502224,0.262207536752845,False
2108,727.3338228177894,31433.32964708835,30900.32964708835,17227.32964708835,16846.32964708835,-0.007427274550733948,-0.0022853948602235405,-75.37712627492576,-0.008712402305948509,0.2623151204419425,False
2109,727.6137736686001,31379.337742449043,30839.337742449043,17189.337742449043,16797.337742449043,-0.007538730361610502,-0.0024799598651376216,-81.79428910282147,-0.009442983570567972,0.2626246086954124,False
2110,727.8937224829964,31371.345832804458,30799.345832804458,17181.345832804458,16763.345832804458,-0.007991658021857296,-0.002704816817166394,-89.21054401870492,-0.010291190112008535,0.26282837919884605,False
2111,728.173669236607,31289.353918164874,30680.353918164874,17132.353918164874,16693.353918164874,-0.008536230479254043,-0.002737205924346337,-90.27880485376949,-0.010409678895875282,0.26294816119937414,False
2112,728.4536139050607,31232.361998540568,30592.361998540568,17090.361998540568,16653.361998540568,-0.008991820083322291,-0.0022575191906508054,-74.4577280991652,-0.008584299987524401,0.26298232749690337,False
2113,728.7335564639859,31210.37007394181,30548.37007394181,17067.37007394181,16624.37007394181,-0.009310875138663025,-0.0021105321931328847,-69.60978796176732,-0.00801911777747499,0.2631875789455528,False
2114,729.0134968890115,31203.378144378887,30540.378144378887,17055.378144378887,16617.378144378887,-0.009327204117801462,-0.001971645953217924,-65.02902783749909,-0.00748746922688643,0.2633260843514422,False
2115,729.2934351557661,31173.38620986207,30518.38620986207,17035.38620986207,16596.38620986207,-0.009222415375606167,-0.0021160359259789294,-69.79131263959886,-0.008030801216387872,0.2634900141297096,False
2116,729.5733712398782,31106.394270401644,30484.394270401644,16994.394270401644,16574.394270401644,-0.008772102390263454,-0.0020959216933467435,-69.1279029682866,-0.007951387532855327,0.2635919435049976,False
2117,729.8533051169765,31032.40232600789,30404.40232600789,16947.40232600789,16529.40232600789,-0.008878926432640084,-0.001967062626339876,-64.87786008313907,-0.0074595905946100195,0.2636957888494834,False
2118,730.1332367626896,30945.410376691092,30274.410376691092,16890.410376691092,16464.410376691092,-0.009520552786916775,-0.0015734663416868636,-51.89622729573972,-0.005965912520298801,0.2637427780466444,False
2119,730.4131661526463,30895.418422461535,30223.418422461535,16860.418422461535,16430.418422461535,-0.00955049762466111,-0.001669227155879435,-55.05462023221338,-0.006326176619667871,0.26386034665707303,False
2120,730.6930932624751,30863.426463329502,30223.426463329502,16833.426463329502,16426.426463329502,-0.009100440617099975,-0.0015289916958421239,-50.42935999231736,-0.005790843147238533,0.26403610958988777,False
2121,730.9730180678048,30800.43449930528,30149.43449930528,16796.43449930528,16388.43449930528,-0.00927767243433399,-0.001401958551816707,-46.23953988509612,-0.0053096300554993005,0.2640407217005011,False
2122,731.2529405442638,30728.442530399156,30082.442530399156,16757.442530399156,16351.442530399156,-0.00922745292323261,-0.0014242134247375582,-46.97355237264645,-0.005393830120532856,0.2640449166754366,False
2123,731.532860667481,30607.45055662142,29985.45055662142,16683.45055662142,16284.45055662142,-0.008916577741982241,-0.0015961909652817997,-52.64573314791363,-0.006038415481650523,0.26433937348834124,False
2124,731.8127784130849,30440.45857798236,29851.45857798236,16577.45857798236,16193.45857798236,-0.008485634554981364,-0.00169270214579606,-55.82887474290868,-0.0063928724400459346,0.26477959034388265,False
2125,732.0926937567042,30414.466594492267,29839.466594492267,16550.466594492267,16183.466594492269,-0.008289148766083108,-0.0014495375522220588,-47.80879532712419,-0.005470061788152618,0.26499473102142146,False
2126,732.3726066739674,30363.47460616144,29757.47460616144,16518.47460616144,16144.474606161439,-0.008755396351357449,-0.0011906274594333487,-39.26939625099328,-0.004493326480032798,0.26497684170607116,False
2127,732.6525171405034,30324.48261300016,29687.48261300016,16483.48261300016,16105.48261300016,-0.00922002718612112,-0.0008552038401304484,-28.206420242849845,-0.0032250907027114796,0.26517202738249807,False
2128,732.9324251319407,30279.49061501873,29652.49061501873,16472.49061501873,16103.49061501873,-0.00908738772760967,-0.0007518565466508639,-24.797809273093662,-0.002839710345370368,0.2647652243393871,False
2129,733.212330623908,30192.498612227442,29574.498612227442,16416.498612227442,16060.498612227444,-0.008981664408414478,-0.0005398456849248674,-17.805245417229628,-0.002038011465047114,0.264888443555634,False
2130,733.4922335920337,30181.506604636597,29554.506604636597,16406.506604636597,16048.506604636596,-0.009117201702231782,-0.0004642906792771597,-15.313282518156427,-0.0017523250168898301,0.2649569428057478,False
2131,733.7721340119468,30100.514592256484,29500.514592256484,16349.514592256484,16007.514592256484,-0.008744328606692504,-0.0004366282320963904,-14.400916865065426,-0.001645868893807116,0.26528737115045087,False
2132,734.0520318592758,30092.52257509741,29477.52257509741,16337.52257509741,16000.52257509741,-0.008967614362832811,-8.441944000617957e-05,-2.7843305768097935,-0.0003181861786897359,0.2653146040277795,False
2133,734.3319271096493,30059.53055316967,29428.53055316967,16297.530553169669,15953.530553169669,-0.009213616691257703,-5.1378796924772194e-05,-1.6945807182192993,-0.00019323612975073086,0.26588607933231423,False
2134,734.611819738696,30015.538526483564,29373.538526483564,16270.538526483562,15925.538526483562,-0.009389872097995954,8.20715759391067e-05,2.706893084785861,0.00030865210814042,0.26590317634172317,False
2135,734.8917097220445,29963.546495049395,29344.546495049395,16232.546495049393,15904.546495049393,-0.009065813202527834,0.0002004477748390205,6.611188945305912,0.000753261939999983,0.26610633591685917,False
2136,735.1715970353235,29903.554458877465,29325.554458877465,16194.554458877465,15891.554458877465,-0.008476581332216654,0.0002739575622292337,9.035696247301416,0.0010290767938365313,0.26621683033768984,False
2137,735.4514816541617,29883.56241797808,29316.56241797808,16170.562417978079,15874.562417978079,-0.008319323712600368,0.00029596143477854907,9.761430215008374,0.001110302571511986,0.2665592626481223,False
2138,735.7313635541876,29800.57037236154,29224.57037236154,16120.570372361539,15824.570372361539,-0.00847644103955863,0.0004279652572830254,14.115193746584566,0.0016050892711170666,0.26663018997390825,False
2139,736.0112427110299,29845.578322038153,29245.578322038153,16136.578322038155,15834.578322038155,-0.008819784875565048,0.000614837139384903,20.27862121357748,0.0023048228190925774,0.26676112987590433,False
2140,736.2911191003174,29809.58626701823,29180.58626701823,16094.586267018229,15786.586267018229,-0.009261935364377125,0.000870345501415239,28.705824059030817,0.003256781841718126,0.26724095862561226,False
2141,736.5709926976783,29736.59420731207,29100.59420731207,16047.59420731207,15735.59420731207,-0.009389369433306366,0.0008625829278768038,28.44979806719499,0.0032252119068415497,0.26745000105172356,False
2142,736.8508634787418,29692.602142929987,29075.602142929987,16021.602142929987,15711.602142929987,-0.00911954158373762,0.0006340718436915888,20.91302219199042,0.0023692524225364026,0.2676252803037269,False
2143,737.1307314191362,29654.61007388229,29064.61007388229,15987.61007388229,15692.61007388229,-0.008727716996356435,0.0006393530425644195,21.087207231630146,0.0023857436588112344,0.26798899378946506,False
2144,737.4105964944902,29611.618000179285,29036.618000179285,15960.618000179287,15678.618000179287,-0.008516107075513871,0.0007741826412151183,25.534170800147763,0.0028884680494949797,0.26802534352092855,False
2145,737.6904586804325,29610.62592183129,29020.62592183129,15954.625921831292,15675.625921831292,-0.008740812644742548,0.0010790776916967228,35.59025043905251,0.004026087466928733,0.26802142292250997,False
2146,737.9703179525917,29572.633838848615,28952.633838848615,15925.633838848615,15641.633838848615,-0.009201928089134967,0.0013873169557994357,45.756629272550015,0.005174632284866918,0.26809962127291814,False
2147,738.2501742865966,29505.64175124157,28871.64175124157,15872.641751241568,15585.641751241568,-0.009433584817595205,0.0015090599732375965,49.77196988534416,0.0056203074485342,0.268501320800727,False
2148,738.5300276580756,29402.64965902047,28813.64965902047,15813.64965902047,15546.64965902047,-0.008788197857798233,0.0013928967218247044,45.94066168445022,0.0051846481398103,0.2686579077815045,False
2149,738.8098780426574,29277.657562195633,28717.657562195633,15751.65756219563,15488.65756219563,-0.008387314332758085,0.0010748306553038725,35.450174251760075,0.004000521289177356,0.2686726497898214,False
2150,739.0897254159709,29241.66546077737,28690.66546077737,15728.665460777369,15472.665460777369,-0.008261482725452414,0.0011347430005892905,37.426209332001775,0.004222411756484295,0.268742857407661,False
2151,739.3695697536444,29164.673354776,28600.673354776,15678.673354776,15419.673354776,-0.008480858699007318,0.0012467203278125304,41.11945695451951,0.004635950187166658,0.268924444284093,False
2152,739.6494110313067,29105.68124420184,28530.68124420184,15633.681244201842,15383.681244201842,-0.008665627095254883,0.0016646468075058518,54.90355071519133,0.006186341872842709,0.26908419251988797,False
2153,739.9292492245864,29029.689129065213,28423.689129065213,15574.689129065211,15311.689129065211,-0.009161940504239104,0.0017656567146290929,58.23506976984706,0.006550625517240986,0.2695401698634664,False
2154,740.2090843091123,28995.69700937643,28347.69700937643,15533.697009376428,15262.697009376428,-0.009815770727454777,0.0021722237232622158,71.64450429791819,0.008046089242700232,0.2699726112574445,False
2155,740.488916260513,28945.704885145817,28282.704885145817,15495.704885145815,15231.704885145815,-0.010063188042647562,0.002600368017564428,85.76560306172215,0.009628403356139494,0.2700726092770427,False
2156,740.768745054417,28899.71275638369,28267.71275638369,15467.71275638369,15221.71275638369,-0.00960285662184055,0.002640280487886717,87.08200022695138,0.00977348509363394,0.2701472875429555,False
2157,741.0485706664529,28780.720623100373,28226.720623100373,15402.720623100375,15195.720623100375,-0.008441238975572833,0.002565101135472229,84.60242716111375,0.009492580990458448,0.2702216750165801,False
2158,741.3283930722497,28705.728485306194,28215.728485306194,15352.728485306192,15175.728485306192,-0.007477305192936652,0.002441283573807,80.51866371912342,0.009022997730350538,0.27056236150822544,False
2159,741.6082122474356,28570.736343011467,28079.736343011467,15264.736343011466,15091.736343011466,-0.00752840780465861,0.002578309711768873,85.03807377113836,0.009516060523306422,0.2709429711438007,False
2160,741.8880281676396,28547.74419622652,28023.74419622652,15260.744196226518,15064.744196226518,-0.008045636539941226,0.0024316854868407876,80.20209863628293,0.00898029145858725,0.2707802411597154,False
2161,742.1678408084902,28494.75204496168,27908.75204496168,15226.752044961677,14995.752044961677,-0.009024464982981675,0.002385440056344586,78.67682713295525,0.008803502502477498,0.2709648864952638,False
2162,742.4476501456159,28445.759889227265,27787.759889227265,15190.759889227265,14923.759889227265,-0.010164002305746758,0.0024627561251910042,81.22687359798812,0.009080736076174946,0.27120666260222204,False
2163,742.7274561546457,28358.76772903361,27673.76772903361,15128.76772903361,14848.76772903361,-0.01061906405648275,0.002505922697201849,82.65059787686351,0.009225471992172858,0.27163083897798856,False
2164,743.0072588112077,28286.77556439104,27606.77556439104,15086.775564391039,14812.775564391039,-0.010567760081559095,0.002607773071758062,86.00983731407888,0.009598583050994137,0.2716831284267496,False
2165,743.2870580909313,28220.783395309878,27587.783395309878,15044.783395309878,14795.783395309878,-0.009852257910995888,0.0026042832526786156,85.89473574541503,0.009578762042363406,0.2718809843235286,False
2166,743.5668539694444,28130.791221800457,27568.791221800457,14988.791221800457,14781.791221800457,-0.008764223042789633,0.0027246766727268444,89.86556379950358,0.010015242193559346,0.27205299882603373,False
2167,743.8466464223761,28057.799043873103,27499.799043873103,14945.799043873103,14736.799043873103,-0.008724080171082102,0.002608102956575868,86.02071760877132,0.009580498201809062,0.27223041032285633,False
2168,744.126435425355,27988.80686153815,27430.80686153815,14896.80686153815,14691.80686153815,-0.008745802948323706,0.00272782628967162,89.96944478667825,0.01000936948320226,0.2725272849852793,False
2169,744.4062209540097,27908.814674805926,27348.814674805926,14845.814674805926,14636.814674805926,-0.008802883488165606,0.00264542269130275,87.2516009042644,0.009696776670481515,0.27281464564980906,False
2170,744.6860029839685,27774.822483686763,27200.822483686763,14769.822483686763,14548.822483686763,-0.009069255736429097,0.0025218250148200966,83.17508973778305,0.009236943230313922,0.2730151038001336,False
2171,744.9657814908605,27711.83028819099,27143.83028819099,14729.830288190993,14509.830288190993,-0.008994079355382632,0.0024586690833083404,81.09207436594195,0.008998264832499502,0.273238133026296,False
2172,745.2455564503144,27590.838088328946,27033.838088328946,14656.838088328946,14445.838088328946,-0.008857184256929562,0.002559636855953483,84.42220373694545,0.009360708291285439,0.2734447839098281,False
2173,745.5253278379585,27474.84588411096,26930.84588411096,14591.84588411096,14389.84588411096,-0.008685270401235682,0.002631178964437553,86.78181285265458,0.009620066315463492,0.27350944142746103,False
2174,745.8050956294215,27464.853675547365,26910.853675547365,14569.853675547365,14373.853675547365,-0.008849814749303384,0.002967844026406377,97.88573424937005,0.010837948363903125,0.27383817737045874,False
2175,746.0848598003323,27435.8614626485,26838.8614626485,14542.8614626485,14329.8614626485,-0.00955451263823479,0.003146637421716665,103.7827162414045,0.01148008045196135,0.27409541552289973,False
2176,746.3646203263193,27357.869245424692,26769.869245424692,14484.869245424694,14285.869245424694,-0.009436019620027427,0.003428111259159111,113.0663150440692,0.012490675383406273,0.2744536347260549,False
2177,746.6443771830111,27258.877023886285,26717.877023886285,14436.877023886287,14254.877023886287,-0.008706013798413105,0.0031962317376933403,105.41844102706659,0.011646521944763172,0.274436587408013,False
2178,746.9241303460366,27210.884798043615,26704.884798043615,14410.884798043615,14248.884798043615,-0.008151954860756557,0.0032421836807162863,106.93403269663045,0.011814206710276862,0.274430925429466,False
2179,747.2038797910244,27110.892567907016,26658.892567907016,14338.892567907014,14213.892567907014,-0.007301711522537329,0.00349912926674059,115.40863821037713,0.012729724143184086,0.27487864052530464,False
2180,747.483625493603,26986.900333486825,26588.900333486825,14252.900333486823,14174.900333486823,-0.00645262903657283,0.00406939475167095,134.21719257267364,0.014786235748939107,0.2752150595166132,False
2181,747.763367429401,26808.90809479338,26472.90809479338,14153.90809479338,14101.90809479338,-0.0054774739562945905,0.0038789826295792165,127.93700054940936,0.01408166948799121,0.2754632632790591,False
2182,748.0431055740473,26742.915851837024,26403.915851837024,14116.915851837022,14065.915851837022,-0.005540417796111908,0.003968606773919072,130.8929932151698,0.014405910037352743,0.2754846284357576,False
2183,748.3228399031702,26717.92360462809,26317.92360462809,14098.923604628091,14023.923604628091,-0.006551081800946708,0.004234661765632376,139.66804607605116,0.015370855714521318,0.2754994155355815,False
2184,748.6025703923987,26668.931353176926,26236.931353176926,14062.931353176924,13971.931353176924,-0.007092574488709682,0.004273160884418748,140.93782793683204,0.015494077636758311,0.2757931762443901,False
2185,748.8822970173613,26641.939097493865,26194.939097493865,14035.939097493865,13935.939097493865,-0.0073484381224389805,0.004243202720691492,139.94974472655767,0.015362637223963176,0.2762027546984444,False
2186,749.1620197536865,26605.94683758925,26155.94683758925,14005.946837589252,13906.946837589252,-0.007408272984794536,0.00432759389112281,142.73314291336726,0.015651195550941494,0.2765024484575228,False
2187,749.4417385770032,26533.954573473427,26092.954573473427,13961.954573473427,13862.954573473427,-0.007278723100199079,0.0041883025773929205,138.1390226032379,0.015133249829577767,0.27676160934097116,False
2188,749.72145346294,26518.962305156732,26036.962305156732,13941.962305156734,13830.962305156734,-0.007966211652868246,0.004494705151612859,148.24482354377193,0.016227235348390236,0.2769852692164682,False
2189,750.0011643871252,26438.970032649515,25949.970032649515,13880.970032649513,13776.970032649513,-0.00810767193328143,0.004841569042936357,159.68512377002952,0.017453137804701147,0.27740393143703024,False
2190,750.2808713251878,26396.97775596211,25906.97775596211,13850.977755962109,13742.977755962109,-0.008137454232366476,0.0047378659763100146,156.26477865407605,0.017060797169307654,0.27770484164910114,False
2191,750.5605742527564,26311.985475104866,25827.985475104866,13801.985475104864,13700.985475104864,-0.008063087233401836,0.004873327120900037,160.7325719351501,0.017544128372323303,0.27777539114385086,False
2192,750.8402731454597,26232.993190088124,25776.993190088124,13765.993190088124,13675.993190088124,-0.007615589703383635,0.004766915196381584,157.22288299203214,0.017168369493514572,0.27765683853567497,False
2193,751.1199679789262,26124.000900922234,25696.000900922234,13695.000900922232,13615.000900922232,-0.0071741512406669275,0.004629760494543519,152.6992326331457,0.016644071082283853,0.2781627446587567,False
2194,751.3996587287845,26030.008607617532,25631.008607617532,13636.008607617534,13569.008607617534,-0.0067086152488705685,0.004569466511249908,150.71061032920989,0.016407283955012876,0.27850231176463613,False
2195,751.6793453706633,25899.016310184372,25512.016310184372,13551.016310184374,13483.016310184374,-0.006538485247080303,0.004353677122656665,143.5934227149912,0.015597054992459837,0.27913456256718877,False
2196,751.9590278801915,25810.024008633096,25425.024008633096,13500.024008633098,13433.024008633098,-0.006527036831739846,0.004366286938752259,144.0093209550215,0.015634603129826237,0.27927072420678617,False
2197,752.2387062329973,25708.031702974054,25304.031702974054,13435.031702974053,13358.031702974053,-0.00687910377987777,0.004382878046785981,144.55653057164608,0.015673360550809683,0.2796386921986276,False
2198,752.5183804047095,25652.039393217587,25231.039393217587,13405.039393217585,13317.039393217585,-0.007186756524529115,0.004326346384278108,142.69199751543243,0.015468327908925735,0.27969063041271985,False
2199,752.7980503709571,25568.047079374042,25155.047079374042,13345.047079374042,13273.047079374042,-0.007072422842782463,0.004722947424098643,155.77273344410054,0.01686670716522217,0.28001597335115835,False
2200,753.0777161073684,25466.05476145377,25083.05476145377,13281.054761453772,13234.054761453772,-0.006581242329178711,0.0050416022978983024,166.2826409784896,0.017992337474105464,0.2802083000696361,False
2201,753.357377589572,25348.06243946712,24952.06243946712,13210.062439467121,13163.062439467121,-0.006838319726035749,0.005290390737557245,174.4882066591964,0.01886765580978502,0.2803947024947093,False
2202,753.6370347931967,25244.07011342444,24834.07011342444,13156.07011342444,13100.07011342444,-0.007111474804115233,0.005258915543356546,173.4500885951863,0.01875479810527279,0.2804037406234747,False
2203,753.9166876938712,25119.077783336073,24684.077783336073,13082.077783336075,13015.077783336075,-0.00758678448601374,0.005356825428375893,176.67936240476547,0.019087308339841815,0.2806485510161925,False
2204,754.1963362672238,24976.085449212376,24529.085449212376,13003.085449212376,12935.085449212376,-0.007843015422396963,0.0055659009302383156,183.57511192235026,0.019828998875928053,0.28069500457711916,False
2205,754.4759804888837,24824.093111063692,24380.093111063692,12902.093111063692,12847.093111063692,-0.007838031627577497,0.005982731609528928,197.32306388242358,0.02127406360792033,0.281221853980993,False
2206,754.7556203344789,24693.100768900375,24265.100768900375,12821.100768900375,12775.100768900375,-0.007593529496139645,0.006032550407475322,198.96619255529674,0.021419819881631597,0.2816340399131222,False
2207,755.0352557796386,24593.10842273277,24167.10842273277,12765.108422732772,12715.108422732772,-0.00758873395786864,0.00588429383486334,194.07637916271386,0.02087763447790629,0.2818467696180035,False
2208,755.3148867999912,24421.116072571233,24029.116072571233,12668.116072571234,12632.116072571234,-0.007027712531550918,0.005791786172415891,191.02528200875537,0.020526778536370045,0.2821575807501312,False
2209,755.5945133711654,24285.12371842611,23907.12371842611,12593.123718426114,12564.123718426114,-0.006812991282105072,0.005811725496928503,191.682922842636,0.020586982524637563,0.2823009875280797,False
2210,755.8741354687896,24136.13136030776,23781.13136030776,12515.13136030776,12496.13136030776,-0.006435148969771296,0.005775318489750182,190.48214322020175,0.020454858038185614,0.28234458919092376,False
2211,756.1537530684928,23998.138998226525,23671.138998226525,12426.138998226525,12422.138998226525,-0.005958408818970235,0.005818586015726765,191.90919717306724,0.020565311440760715,0.2829320641453672,False
2212,756.4333661459035,23876.146632192762,23555.146632192762,12357.146632192762,12354.146632192762,-0.005878425298155095,0.005772976875187435,190.40491184996654,0.02038771745154437,0.28315954882679284,False
2213,756.7129746766504,23805.15426221682,23481.15426221682,12320.15426221682,12305.15426221682,-0.005951558437953488,0.005422475277205647,178.84463241184255,0.01913745345266682,0.28334361677833475,False
2214,756.992578636362,23716.161888309052,23383.161888309052,12275.161888309052,12254.161888309052,-0.006141169794752692,0.005397554811216917,178.02270306197138,0.019051197536449745,0.2833184003729967,False
2215,757.2721780006672,23633.169510479813,23283.169510479813,12224.169510479813,12192.169510479813,-0.006479869987154101,0.005341498557593867,176.17384999006472,0.018832505668909615,0.28363185714644923,False
2216,757.5517727451944,23583.17712873945,23210.17712873945,12184.177128739451,12148.177128739451,-0.0069238581185324995,0.005638769746819614,185.9784786597795,0.019855751234292226,0.28398672406214864,False
2217,757.8313628455722,23505.18474309832,23117.18474309832,12136.184743098323,12094.184743098323,-0.007228725231080321,0.005723144681154793,188.76134134601097,0.02013632516261001,0.2842199177326443,False
2218,758.1109482774295,23467.19235356678,23074.19235356678,12101.192353566781,12060.192353566781,-0.007334624409429445,0.005860694743143074,193.29803151367872,0.020585320615814053,0.2847026214709899,False
2219,758.3905290163948,23424.199960155176,23010.199960155176,12062.199960155178,12023.199960155178,-0.007744374006449907,0.006337920332998781,209.03793457124536,0.02223291218405425,0.28506928289603123,False
2220,758.6701050380967,23396.207562873868,23008.207562873868,12033.207562873868,12005.207562873868,-0.007262679014235592,0.006250944178206427,206.169278166702,0.02188410283012893,0.2856385855398395,False
2221,758.949676318164,23334.215161733202,22976.215161733202,11992.215161733204,11982.215161733204,-0.006714708571751866,0.006352410488977771,209.51585037300964,0.022217628128639325,0.2859175809495742,False
2222,759.2292428322253,23262.22275674354,22913.22275674354,11954.22275674354,11951.22275674354,-0.00656503294060308,0.006456029872510122,212.93343544462567,0.022581280432216796,0.2859018509552399,False
2223,759.5088045559091,23216.230347915232,22873.230347915232,11927.230347915232,11923.230347915232,-0.006464200500295601,0.0063185280148828635,208.39833515810764,0.02208558648954204,0.28609283334516883,False
2224,759.7883614648441,23225.237935258632,22863.237935258632,11931.237935258632,11916.237935258632,-0.006822435873046373,0.006276095612715564,206.99882534386037,0.02193391278391284,0.28613661750851355,False
2225,760.0679135346592,23275.245518784097,22877.245518784097,11954.245518784097,11921.245518784097,-0.007490537772419488,0.006289998943150363,207.4573864056996,0.021975553468203606,0.286227100138859,False
2226,760.3474607409827,23317.25309850198,22885.25309850198,11969.25309850198,11932.25309850198,-0.008121666954558175,0.0067770731424662825,223.52211730454442,0.023677697330709457,0.2862217996881211,False
2227,760.6270030594433,23330.260674422636,22870.260674422636,11957.260674422636,11914.260674422636,-0.008648476585893761,0.007083877275529662,233.6411624997916,0.024704366846333536,0.28674595546580484,False
2228,760.9065404656699,23381.26824655642,22885.26824655642,11968.26824655642,11916.26824655642,-0.009312057145581594,0.007421013645802327,244.76062863503407,0.025845821564685564,0.28712624310391544,False
2229,761.1860729352908,23406.275814913686,22909.275814913686,11977.275814913688,11918.275814913688,-0.00932095744155196,0.007176338484926955,236.690727534514,0.02497107036108516,0.28738609843935803,False
2230,761.4656004439349,23399.283379504795,22894.283379504795,11973.283379504794,11900.283379504794,-0.009475502920584552,0.0068195448638233205,224.92292394831622,0.02371359680669029,0.28757952323366354,False
2231,761.7451229672307,23484.290940340095,22972.290940340095,12011.290940340094,11923.290940340094,-0.00957314417918243,0.00637959880539545,210.41257819693487,0.022151541185594384,0.2879979660080825,False
2232,762.024640480807,23548.298497429943,23038.298497429943,12038.298497429943,11954.298497429943,-0.009509131330787098,0.006468119510038176,213.33217710210943,0.022446249729176818,0.28816036478604146,False
2233,762.3041529602923,23566.306050784697,23084.306050784697,12042.306050784699,11971.306050784699,-0.008974689942031974,0.00640656333648649,211.301925110402,0.022215809261597504,0.2883785713609338,False
2234,762.5836603813153,23620.313600414713,23145.313600414713,12060.313600414713,12003.313600414713,-0.008822589824094134,0.006765141746097802,223.1285947731185,0.02344574939013463,0.2885444876820359,False
2235,762.8631627195047,23684.321146330345,23214.321146330345,12069.321146330343,12035.321146330343,-0.008704953078201478,0.007479793044872368,246.69929676769686,0.025878216130967784,0.28903820135892194,False
2236,763.142659950489,23805.328688541947,23328.328688541947,12129.328688541947,12098.328688541947,-0.008790556559934996,0.007679170834379844,253.2751953477132,0.026571724723375333,0.28899783188045836,False
2237,763.4221520498969,23925.336227059877,23414.336227059877,12171.336227059877,12126.336227059877,-0.009376199230573147,0.007767545227427258,256.1899685889348,0.026818298700462425,0.2896360173396578,False
2238,763.7016389933572,24062.34376189449,23521.34376189449,12229.343761894492,12170.343761894492,-0.00987579783779226,0.007775490254121949,256.45201226937115,0.026807688000054366,0.2900470288264389,False
2239,763.9811207564984,24178.35129305615,23621.35129305615,12279.351293056146,12210.351293056146,-0.01012194483730002,0.007674679629331365,253.12706596492782,0.026426693475165335,0.2904139194161274,False
2240,764.2605973149491,24259.358820555197,23686.358820555197,12321.358820555197,12235.358820555197,-0.010381014151211567,0.007339119164822881,242.05957651426255,0.025259301430402944,0.2905511534055835,False
2241,764.540068644338,24336.366344402,23790.366344402,12349.366344401997,12273.366344401997,-0.009854604628476173,0.007173627999333816,236.6013300223483,0.02464958880092803,0.29102424617581196,False
2242,764.8195347202939,24447.373864606907,23884.373864606907,12399.373864606905,12322.373864606905,-0.010118353458681478,0.007412979743917479,244.49565366401518,0.025463134615290487,0.2911259692067143,False
2243,765.0989955184451,24530.381381180276,23941.381381180276,12420.381381180277,12338.381381180277,-0.010555095442785926,0.00767835413955875,253.24825903586216,0.026320053104408058,0.29173019177050163,False
2244,765.3784510144205,24625.38889413247,24027.38889413247,12459.38889413247,12371.38889413247,-0.01067652008668359,0.0075982375827338775,250.6058465908154,0.02601358981634616,0.2920872373392838,False
2245,765.6579011838488,24717.396403473835,24065.396403473835,12486.396403473835,12384.396403473835,-0.011609702860163603,0.008047429163300562,265.42112909595613,0.02750863874801755,0.29254188973202144,False
2246,765.9373460023585,24881.403909214732,24173.403909214732,12563.403909214732,12444.403909214732,-0.01253707269968924,0.008403848883660765,277.1766006497151,0.028724661726349746,0.2925656344962884,False
2247,766.2167854455782,24994.411411365516,24260.411411365516,12616.411411365516,12481.411411365516,-0.012944752672918518,0.008272608724151597,272.84802432890535,0.028256266170512873,0.29277076717179873,False
2248,766.4962194891368,25086.418909936543,24314.418909936543,12653.418909936543,12511.418909936543,-0.013574775308097054,0.00867345455016793,286.0687622286373,0.02961294145045313,0.2928940566299337,False
2249,766.7756481086626,25159.426404938167,24357.426404938167,12689.426404938167,12540.426404938167,-0.014069336640819888,0.00893964915438611,294.84841980338797,0.03053274407030646,0.29278891978399185,False
2250,767.0550712797844,25221.433896380746,24448.433896380746,12710.433896380746,12576.433896380746,-0.01351872901038401,0.008915865120811904,294.0639723832714,0.03041385152311864,0.29315146468820763,False
2251,767.334488978131,25252.441384274636,24507.441384274636,12714.441384274634,12590.441384274634,-0.01300539911428807,0.008749070618586794,288.5627391062543,0.02979608474127078,0.2936315524189791,False
2252,767.6139011793309,25237.44886863019,24510.44886863019,12699.448868630188,12578.448868630188,-0.012694187351507484,0.008536402220405775,281.54848831599526,0.029036134554990867,0.29399237712715787,False
2253,767.8933078590127,25296.456349457763,24578.456349457763,12710.456349457763,12587.456349457763,-0.012505083823491098,0.008281917837823055,273.15505846507756,0.0280973866709792,0.2947575849243359,False
2254,768.172708992805,25325.463826767715,24612.463826767715,12713.463826767713,12591.463826767713,-0.01240231719364883,0.008214647658173528,270.9363465417107,0.027828698855511574,0.29518619252824274,False
2255,768.4521045563367,25339.471300570392,24606.471300570392,12711.471300570394,12575.471300570394,-0.012748211216283873,0.008076660371112335,266.3852357721132,0.027326321295668695,0.295563397784996,False
2256,768.7314945252364,25395.47877087616,24628.47877087616,12721.478770876161,12575.478770876161,-0.013318817256010024,0.008305748131996808,273.9410316570047,0.028053711014625032,0.2960659332259762,False
2257,769.0108788751323,25396.486237695368,24585.486237695368,12708.486237695368,12542.486237695368,-0.014094831486240156,0.00838464169834461,276.5431073054533,0.028279917338467762,0.2964874896200421,False
2258,769.2902575816536,25372.493701038373,24530.493701038373,12694.493701038373,12509.493701038373,-0.014656864451189801,0.008281212787139414,273.13180441155015,0.027919800440484463,0.29660716253298974,False
2259,769.5696306204287,25391.501160915526,24518.501160915526,12698.501160915526,12501.501160915526,-0.015194459558515746,0.008404162100726392,277.186931206906,0.028322224016238785,0.29673383332847714,False
2260,769.8489979670862,25418.508617337186,24521.508617337186,12707.508617337186,12499.508617337186,-0.0156028801390636,0.008435407546465733,278.2174716837409,0.028414296391207877,0.2968719489065324,False
2261,770.1283595972549,25380.516070313704,24468.516070313704,12671.516070313703,12468.516070313703,-0.015892816786647813,0.008879007455452139,292.8483291067523,0.02987227660583498,0.29723236607007697,False
2262,770.4077154865632,25373.523519855433,24440.523519855433,12651.523519855435,12447.523519855435,-0.01627027582321051,0.009210404174396985,303.7784894767457,0.030945533204552574,0.2976327508566564,False
2263,770.6870656106402,25340.53096597273,24433.53096597273,12622.530965972732,12427.530965972732,-0.015829477752342787,0.00906788691343623,299.077970646164,0.030415339063292714,0.2981353222650728,False
2264,770.966409945114,25286.53840867595,24421.53840867595,12590.538408675951,12412.538408675951,-0.015116362444219001,0.008932665584661078,294.618086994745,0.02993733873441809,0.2983787458165562,False
2265,771.2457484656136,25242.545847975445,24406.545847975445,12556.545847975445,12399.545847975445,-0.014626833778920337,0.0091624258077648,302.1960620971089,0.030676215342809746,0.29868175410081665,False
2266,771.5250811477675,25204.553283881567,24372.553283881567,12530.553283881565,12380.553283881565,-0.014577976039875732,0.009347782074423251,308.3095013810305,0.03128076118289412,0.29883486593462705,False
2267,771.8044079672043,25158.560716404667,24309.560716404667,12488.560716404667,12333.560716404667,-0.014908681109448497,0.00948476761825893,312.82757255343665,0.03167596883874929,0.29943101871776656,False
2268,772.0837288995529,25116.568145555102,24255.568145555102,12464.568145555102,12296.568145555102,-0.015148846697429125,0.00925553132619402,305.2668777980093,0.03088726091683689,0.29965529643804567,False
2269,772.3630439204418,25091.575571343223,24227.575571343223,12461.575571343223,12286.575571343223,-0.015217975847546899,0.009075876529894882,299.34148499074126,0.030311823808352824,0.2994170389507841,False
2270,772.6423530054994,25070.582993779382,24194.582993779382,12441.582993779382,12260.582993779382,-0.015446291983941539,0.00908177252458914,299.5359472888414,0.03029803492510294,0.2997479059958633,False
2271,772.9216561303547,25068.590412873935,24190.590412873935,12426.590412873933,12236.590412873933,-0.015483446414160251,0.008791885856795693,289.9748756578555,0.02926901817408346,0.3003819876876005,False
2272,773.2009532706362,25020.597828637226,24174.597828637226,12396.597828637225,12215.597828637225,-0.014938424436250174,0.008550638522538224,282.0180314843127,0.028433901167908674,0.300719850999156,False
2273,773.4802444019726,24989.60524107961,24155.60524107961,12356.605241079611,12190.605241079611,-0.014741472053601956,0.008867567722078555,292.47102265434876,0.029418679196925587,0.30142643939654723,False
2274,773.7595294999924,24937.612650211442,24110.612650211442,12327.612650211442,12159.612650211442,-0.014646628933366646,0.00868738962798853,286.5283703859917,0.028801267309523162,0.3016322002301627,False
2275,774.0388085403243,24874.620056043066,24043.620056043066,12280.620056043068,12118.620056043068,-0.01475659938832525,0.008989473886250238,296.4917441893408,0.029762387467059115,0.30204142380041754,False
2276,774.3180814985972,24810.62745858484,23965.62745858484,12249.62745858484,12092.62745858484,-0.01504894367720623,0.009446736374027417,311.57322217892363,0.03130219512187091,0.30179149855937626,False
2277,774.5973483504395,24828.63485784711,23939.63485784711,12254.63485784711,12073.63485784711,-0.015835319592045084,0.009372981534053517,309.1406325276299,0.031039859779459004,0.3019659753829236,False
2278,774.8766090714796,24784.642253840226,23869.642253840226,12218.642253840226,12024.642253840226,-0.01633674452980151,0.009385959628717095,309.56867736893525,0.031031379127754524,0.30246672537741887,False
2279,775.1558636373468,24717.649646574537,23812.649646574537,12171.649646574537,11982.649646574537,-0.016199449880424755,0.009402868342891144,310.1263623036599,0.031037045598485028,0.3029562950202359,False
2280,775.4351120236691,24663.657036060395,23777.657036060395,12142.657036060395,11957.657036060395,-0.015888414027193317,0.009220778322418216,304.12065068442183,0.030418224120922523,0.30313335472059666,False
2281,775.7143542060755,24606.664422308146,23723.664422308146,12095.664422308146,11921.664422308146,-0.015870974337183517,0.009578137821279692,315.90711810851974,0.031545016221141614,0.303633948200679,False
2282,775.9935901601946,24620.67180532814,23737.67180532814,12084.67180532814,11914.67180532814,-0.015861777981716667,0.00970900163919236,320.223281892426,0.031915402104022,0.30421053783210283,False
2283,776.2728198616551,24616.679185130724,23706.679185130724,12060.679185130724,11888.679185130724,-0.016358743208135545,0.010120585671308902,333.7981884005106,0.03320430364294787,0.30479740759322843,False
2284,776.5520432860854,24582.68656172625,23685.68656172625,12036.686561726248,11869.686561726248,-0.016143365912592755,0.010075665230893318,332.316617855104,0.03302581174051712,0.3050845596183233,False
2285,776.8312604091143,24529.69393512506,23692.69393512506,12010.693935125058,11863.693935125058,-0.015077685205531243,0.009729519130938353,320.89999189694174,0.03187296863959808,0.3052592697264689,False
2286,777.1104712063704,24500.7013053375,23699.7013053375,12002.701305337501,11872.701305337501,-0.014435643242215876,0.009706186610769567,320.1304363379944,0.03181871954785126,0.30504642388807357,False
2287,777.3896756534825,24417.708672373923,23619.708672373923,11945.708672373921,11821.708672373921,-0.014430371179995006,0.009898704689282866,326.48008723065624,0.03239702454965654,0.305543636395084,False
2288,777.6688737260791,24373.71603624467,23578.71603624467,11917.716036244668,11789.716036244668,-0.014401594939406539,0.009711906601591404,320.3190936584308,0.03175145960726559,0.3058727605507956,False
2289,777.948065399789,24335.723396960086,23560.723396960086,11881.723396960086,11764.723396960086,-0.01405563980291735,0.009757922730371738,321.83680230918856,0.03183808444454361,0.3064858612134262,False
2290,778.2272506502406,24257.73075453052,23527.73075453052,11830.730754530521,11738.730754530521,-0.013270129780030695,0.009879700580560136,325.85329177930237,0.03219205216749758,0.3068987503236929,False
2291,778.5064294530627,24196.738108966318,23508.738108966318,11799.738108966316,11719.738108966316,-0.01252750607087482,0.009573044651504718,315.73913466375507,0.031172611780569612,0.30709793323996515,False
2292,778.7856017838839,24175.745460277816,23483.745460277816,11781.745460277816,11699.745460277816,-0.012612510028563964,0.009579287615287067,315.945040731692,0.0311642562164033,0.30738059489592473,False
2293,779.0647676183328,24123.752808475365,23428.752808475365,11758.752808475367,11668.752808475367,-0.012695699436062016,0.009358878496264718,308.67548469748107,0.03044486516240598,0.3074041696798604,False
2294,779.3439269320381,24051.760153569307,23365.760153569307,11710.760153569308,11619.760153569308,-0.01256694996426382,0.009179027384440385,302.7436169915468,0.029804720903369972,0.3079722643335515,False
2295,779.6230797006285,24005.767495569984,23322.767495569984,11669.767495569986,11583.767495569986,-0.012535512660381156,0.009323141229895757,307.49679453470094,0.030211886968975497,0.30859182147310643,False
2296,779.9022258997326,23957.77483448774,23273.77483448774,11629.77483448774,11546.77483448774,-0.012579650551071228,0.009469041196962746,312.3088821229439,0.030630203882321634,0.309140651931078,False
2297,780.1813655049791,23926.782170332914,23272.782170332914,11598.782170332915,11542.782170332915,-0.012035991185420208,0.009934098841308577,327.64746076118695,0.032096746498370424,0.30950485407650086,False
2298,780.4604984919964,23896.78950311585,23281.78950311585,11564.78950311585,11541.78950311585,-0.011323199729104432,0.010458616842989666,344.9471669670196,0.03374046491023028,0.3099725172968367,False
2299,780.7396248364134,23892.796832846885,23291.796832846885,11550.796832846887,11542.796832846887,-0.011063996948445247,0.01076310345871811,354.9897755692559,0.03468908459644943,0.3102734933460815,False
2300,781.0187445138588,23904.804159536365,23267.804159536365,11550.804159536365,11529.804159536365,-0.01172979031064059,0.010939500339894541,360.80771548780393,0.035242870107815315,0.3104032193299899,False
2301,781.297857499961,23883.811483194626,23173.811483194626,11530.811483194626,11473.811483194626,-0.013106164904900217,0.010954003040397614,361.2860450343404,0.03524830969649716,0.31076676115014334,False
2302,781.5769637703489,23881.818803832008,23141.818803832008,11527.818803832006,11457.818803832006,-0.013669910121861728,0.011024718525742546,363.6183903814006,0.03547116592625561,0.3108078981295085,False
2303,781.8560633006508,23851.826121458846,23114.826121458846,11493.826121458846,11429.826121458846,-0.013631003844018224,0.011206004654192043,369.59758795196547,0.03597964486326002,0.3114540095317855,False
2304,782.1351560664957,23787.833436085482,23067.833436085482,11455.833436085482,11395.833436085482,-0.013348082002962757,0.011067484360777397,365.0288975124787,0.035496090906249465,0.3117944561841554,False
2305,782.4142420435121,23730.840747722254,22996.840747722254,11432.840747722255,11358.840747722255,-0.013644947131566592,0.010824803773826329,357.02478165247607,0.034723088730579554,0.3117465689131871,False
2306,782.6933212073285,23642.8480563795,22905.8480563795,11390.848056379498,11310.848056379498,-0.013753415644375835,0.01069252519814602,352.6619561836437,0.03429317500698168,0.31179746978718503,False
2307,782.9723935335738,23597.85536206755,22835.85536206755,11358.855362067548,11265.855362067548,-0.014255251282466113,0.010684852987155206,352.4089105385661,0.03422487401564947,0.31219553890160445,False
2308,783.2514589978765,23532.862664796743,22752.862664796743,11308.862664796743,11216.862664796743,-0.014638714874726943,0.011091187422066565,365.8106742964351,0.03546793844302447,0.3127102365953239,False
2309,783.5305175758655,23493.869964577414,22724.869964577414,11270.869964577414,11182.869964577414,-0.014453153864273571,0.011048989550967003,364.4188998097743,0.03524706341566608,0.31347262666018627,False
2310,783.809569243169,23425.8772614199,22685.8772614199,11224.8772614199,11155.8772614199,-0.013940285427533634,0.011262411974801524,371.4580199510098,0.03588091723278624,0.31388305660454185,False
2311,784.0886139754159,23412.88455533453,22670.88455533453,11210.88455533453,11145.88455533453,-0.013986458275778813,0.011461118346357296,378.0117737556922,0.03649055883439566,0.31408448410919243,False
2312,784.3676517482347,23332.89184633164,22589.89184633164,11164.89184633164,11104.89184633164,-0.014054416333949505,0.011714229080760023,386.35989780229454,0.03727596068850436,0.314256933004348,False
2313,784.6466825372544,23300.899134421565,22537.899134421565,11139.899134421563,11062.899134421563,-0.014459248965273506,0.011446943149677176,377.54424597363317,0.03636629192564015,0.3147679497564193,False
2314,784.9257063181033,23256.90641961463,22448.90641961463,11100.906419614628,11006.906419614628,-0.015356755828752353,0.011663588385210774,384.68966121889184,0.0369847956484006,0.3153617096087744,False
2315,785.2047230664101,23197.913701921167,22362.913701921167,11052.913701921168,10947.913701921168,-0.01592054062570297,0.011775126820290716,388.36843325599443,0.037253087767426814,0.316084585895363,False
2316,785.4837327578035,23145.92098135151,22321.92098135151,11023.920981351514,10913.920981351514,-0.01574289971975326,0.011387613228125131,375.5874204523435,0.03598612326418939,0.3164445679386978,False
2317,785.7627353679121,23141.92825791599,22329.92825791599,11009.928257915992,10914.928257915992,-0.015512215136520282,0.011748611579400409,387.4939048777328,0.037092201277743445,0.3167407480464085,False
2318,786.0417308723648,23055.935531624935,22286.935531624935,10945.935531624935,10872.935531624935,-0.014732392302425226,0.011826319354561238,390.05687064036186,0.037234563625771676,0.31761670348610516,False
2319,786.3207192467898,22976.94280248867,22229.94280248867,10896.94280248867,10840.94280248867,-0.014353897873326502,0.012116279621945242,399.62036974054706,0.038109965300287256,0.3179294320127317,False
2320,786.5997004668161,22983.950070517523,22221.950070517523,10899.950070517521,10839.950070517521,-0.014642502076831281,0.012245275327269553,403.8749192446106,0.03852199174035532,0.31787752330681035,False
2321,786.8786745080722,22960.95733572182,22198.95733572182,10881.957335721821,10818.957335721821,-0.014657415083433606,0.012135804391945417,400.26433769523464,0.03813711390505665,0.31821507055195164,False
2322,787.1576413461868,22926.964598111892,22180.964598111892,10858.964598111892,10804.964598111892,-0.014366131703372963,0.01220106271881928,402.41669448524715,0.038312988192306906,0.3184576117523823,False
2323,787.4366009567884,22869.97185769806,22147.97185769806,10824.971857698061,10768.971857698061,-0.01393166718817001,0.011679133252890201,385.2023636294874,0.03661178474966494,0.3189992875995231,False
2324,787.7155533155059,22814.979114490652,22117.979114490652,10784.97911449065,10731.97911449065,-0.01347463191191022,0.011335142319833194,373.856819605672,0.035451878199314765,0.3197331959707648,False
2325,787.9944983979676,22755.986368499987,22095.986368499987,10739.986368499987,10712.986368499987,-0.012782271631921352,0.011689093791590163,385.5308831323623,0.036500200261541736,0.32024738790012397,False
2326,788.2734361798025,22735.99361973639,22112.99361973639,10726.99361973639,10722.99361973639,-0.012066398097586186,0.01190442336740519,392.63290515465206,0.037168370391996594,0.320283704716001,False
2327,788.5523666366391,22664.000868210183,22077.000868210183,10681.000868210185,10691.000868210185,-0.011396503424315498,0.011802917871547055,389.28504054181695,0.036789480990485374,0.32082316884545253,False
2328,788.8312897441061,22626.00811393169,22080.00811393169,10670.008113931692,10694.008113931692,-0.010608709880856229,0.011584469479531071,382.0801534056252,0.036127974456308956,0.3206509541114918,False
2329,789.1102054778319,22598.01535691123,22061.01535691123,10650.01535691123,10679.01535691123,-0.010444802498204432,0.011625779534164158,383.44264583907614,0.03622785782272131,0.32090717566172866,False
2330,789.3891138134454,22584.02259715912,22033.02259715912,10634.02259715912,10657.02259715912,-0.010727219819932842,0.011665527627573443,384.75362150820246,0.03631055771634161,0.32127095702315134,False
2331,789.6680147265753,22541.029834685683,21977.029834685683,10601.029834685683,10618.029834685683,-0.011004756074272147,0.011700640612704418,385.91172156354605,0.03636275942035145,0.3217753767651589,False
2332,789.94690819285,22494.037069501235,21915.037069501235,10569.037069501235,10578.037069501235,-0.011325196906122032,0.011694860392183965,385.7210777410495,0.036298637548447164,0.3221845551799303,False
2333,790.2257941878981,22463.044301616093,21853.044301616093,10545.044301616093,10543.044301616093,-0.011956667454859845,0.011874290243463103,391.63905138873497,0.03682143876957609,0.3224830598763647,False
2334,790.5046726873486,22424.051531040575,21761.051531040575,10508.051531040574,10482.051531040574,-0.013034205391542958,0.011958301926836796,394.4099332947214,0.036998238384637686,0.3232127379286818,False
2335,790.78354366683,22405.058757784995,21717.058757784995,10487.058757784993,10456.058757784993,-0.01354508081881623,0.012259394601228135,404.3406025777665,0.03788877714818463,0.32356268858403947,False
2336,791.0624071019708,22339.065981859665,21656.065981859665,10450.065981859665,10421.065981859665,-0.013485444907188643,0.012278557987751671,404.97265134578487,0.037919406901048724,0.32380669929233746,False
2337,791.3412629683999,22315.073203274904,21661.073203274904,10433.073203274904,10415.073203274904,-0.012918345805397935,0.012168417973517889,401.34000216759875,0.037545042980975385,0.3241018522653923,False
2338,791.6201112417455,22267.08042204102,21639.08042204102,10393.080422041021,10393.080422041021,-0.012424476690182583,0.012424476690182583,409.78535686571087,0.038263684494596044,0.3247067514352227,False
2339,791.8989518976367,22227.08763816833,21631.08763816833,10359.08763816833,10374.08763816833,-0.011804205006934644,0.012432610282857644,410.05361984853596,0.0382136496812125,0.3253447494958865,False
2340,792.177784911702,22199.09485166714,21618.09485166714,10340.094851667143,10363.094851667143,-0.011517848817559188,0.01248279937215985,411.70896150865764,0.038341445785892436,0.3255693445121165,False
2341,792.45661025957,22183.10206254777,21601.10206254777,10322.102062547767,10344.102062547767,-0.011546368456430397,0.012471016461765926,411.3203363567825,0.0382524668535671,0.32601862017175987,False
2342,792.7354279168693,22172.109270820514,21589.109270820514,10306.109270820514,10327.109270820514,-0.011572285792199152,0.012456315324544547,410.8354619501724,0.03815289917511667,0.3264841098279776,False
2343,793.0142378592287,22106.11647649569,21514.11647649569,10265.11647649569,10289.11647649569,-0.01178893843074366,0.01280314045194483,422.27448366076254,0.039183650860080965,0.3267470021530907,False
2344,793.2930400622769,22093.123679583605,21474.123679583605,10243.123679583603,10262.123679583603,-0.012341673701870629,0.013146501595254361,433.5992558949199,0.040172476969236634,0.32725145639691866,False
2345,793.5718345016421,22107.13088009456,21448.13088009456,10231.13088009456,10237.13088009456,-0.013142931268174101,0.013397546632838335,441.87924891844926,0.04085739352413035,0.3279099687288117,False
2346,793.8506211529534,22116.138078038864,21404.138078038864,10227.138078038866,10213.138078038866,-0.014211548769030382,0.013616632765842806,449.1051700929406,0.04149554530463056,0.3281468568705206,False
2347,794.1293999918393,22108.145273426824,21343.145273426824,10210.145273426826,10177.145273426826,-0.015293889242237737,0.013887941709732128,458.05350934012966,0.04226700692421926,0.3285764174083084,False
2348,794.4081709939285,22071.15246626874,21289.15246626874,10196.15246626874,10154.15246626874,-0.015666638591475133,0.013873997724555337,457.5936073994454,0.042240603731191546,0.32845169100436933,False
2349,794.6869341348495,22040.159656574917,21275.159656574917,10171.159656574917,10129.159656574917,-0.015341908300830676,0.013544853389083166,446.7377353707773,0.041160779577698814,0.3290718379984683,False
2350,794.965689390231,21969.166844355652,21226.166844355652,10130.166844355652,10090.166844355652,-0.01494201351046553,0.01322376274329642,436.1474909563842,0.040122452270241325,0.3295851074662362,False
2351,795.2444367357017,21901.17402962125,21196.17402962125,10093.174029621248,10059.174029621248,-0.014209919560959102,0.012744479766880465,420.3397309655378,0.03861175011756033,0.33006739471993973,False
2352,795.5231761468903,21838.181212382005,21181.181212382005,10066.181212382005,10039.181212382005,-0.013266289651485,0.012099838849682834,399.07811851365847,0.03663267590084701,0.3303018016601693,False
2353,795.8019075994252,21793.18839264822,21185.18839264822,10042.18839264822,10033.18839264822,-0.012288442770743332,0.011899045287369712,392.45552477062887,0.035998491548185595,0.33054288598293924,False
2354,796.0806310689353,21753.19557043019,21159.19557043019,10002.19557043019,10012.19557043019,-0.012023911671319863,0.012457893914382753,410.8875271611526,0.03761455306520763,0.33119877545231136,False
2355,796.3593465310491,21679.202745738214,21076.202745738214,9951.202745738214,9969.202745738214,-0.012250939266099018,0.013035793048837143,429.94785533029807,0.03930589327171553,0.3316498357822002,False
2356,796.6380539613955,21609.209918582583,20995.209918582583,9906.209918582585,9922.209918582585,-0.012518667141265094,0.01321955135449788,436.0085905016815,0.03980334886851813,0.3321215860043799,False
2357,796.9167533356027,21530.217088973597,20887.217088973597,9862.217088973595,9864.217088973595,-0.013167828278559798,0.01325589173280066,437.20717256374985,0.03987383071244437,0.332445904894299,False
2358,797.1954446292998,21467.22425692154,20801.22425692154,9818.224256921541,9815.224256921541,-0.013686997028272405,0.013554276232439632,447.0485205510151,0.04070771210478105,0.33296580749984483,False
2359,797.4741278181151,21402.231422436715,20739.231422436715,9782.231422436713,9781.231422436713,-0.013666397993747663,0.01362199946515124,449.2821751166642,0.040881109302865704,0.3332101231459577,False
2360,797.7528028776774,21327.2385855294,20670.2385855294,9736.238585529401,9741.238585529401,-0.01358913789525994,0.013812110556261564,455.5524385054096,0.041398572311433735,0.3336373644085026,False
2361,798.0314697836154,21245.245746209897,20622.245746209897,9683.245746209897,9705.245746209897,-0.012925801141431527,0.013911384027667796,458.8266862602181,0.04161532618899762,0.3342851132414223,False
2362,798.3101285115577,21207.252904488487,20596.252904488487,9663.252904488489,9694.252904488489,-0.012696199582090456,0.014087199081838664,464.6254363011516,0.04213719097512589,0.33431747005049567,False
2363,798.5887790371328,21179.26006037546,20569.26006037546,9635.260060375462,9666.260060375462,-0.012692114028115174,0.014087148246246073,464.6237596364541,0.04205071581823144,0.335003768000983,False
2364,798.8674213359694,21135.267213881107,20507.267213881107,9595.267213881105,9620.267213881105,-0.013099952597042445,0.01423001413287121,469.33577687424065,0.04237195668258736,0.3358356622392894,False
2365,799.1460553836963,21091.274365015703,20432.274365015703,9564.274365015703,9574.274365015703,-0.013786109553046549,0.014239952242533582,469.66355662031117,0.04233912396081159,0.3363308191193056,False
2366,799.424681155942,21050.281513789538,20383.281513789538,9553.281513789538,9549.281513789538,-0.013983805637634229,0.013801926593393424,455.21655000384186,0.04105219281545319,0.3362043692876253,False
2367,799.7032986283352,20991.288660212893,20328.288660212893,9516.288660212895,9507.288660212895,-0.013938281806549975,0.013527354822323404,446.1605958579354,0.04016342307983028,0.33680781629185197,False
2368,799.9819077765047,20910.295804296053,20256.295804296053,9479.295804296054,9462.295804296054,-0.013800146121108196,0.0130205909150566,429.4464570040971,0.03862830842912567,0.3370738053142161,False
2369,800.2605085760789,20897.302946049298,20269.302946049298,9459.302946049298,9455.302946049298,-0.013251424963067042,0.013067738560778806,431.0014854619893,0.038696611078693384,0.3376972348871654,False
2370,800.5391010026865,20819.310085482903,20220.310085482903,9415.310085482903,9428.310085482903,-0.012678522311537072,0.013277752088960147,437.92817305925604,0.03928412354921928,0.33799282991064783,False
2371,800.8176850319562,20776.31722260715,20209.31722260715,9388.31722260715,9417.31722260715,-0.012016926681263404,0.013356370984018477,440.52118947123284,0.03948054177992614,0.33830262660705224,False
2372,801.0962606395166,20737.324357432313,20178.324357432313,9373.324357432313,9402.324357432313,-0.011867621785903183,0.013209205257329245,435.6673544700854,0.03905108828101163,0.33825447225121624,False
2373,801.3748278009964,20656.33148996867,20086.33148996867,9325.331489968672,9348.331489968672,-0.012152568785642562,0.013222394041204809,436.10234828446005,0.039029703875051315,0.3387777187225053,False
2374,801.6533864920242,20605.338620226496,20019.338620226496,9286.338620226497,9297.338620226497,-0.012530030373749506,0.013044163265431884,430.22392266736574,0.03840888652718935,0.339613158434,False
2375,801.9319366882287,20549.345748216063,19937.345748216063,9250.345748216065,9253.345748216065,-0.013130658975039062,0.013271483140571281,437.7214099643779,0.03903328118412044,0.3400042921826003,False
2376,802.2104783652384,20485.352873947646,19883.352873947646,9214.352873947644,9213.352873947644,-0.012953829272175072,0.012906694323498205,425.68990800960916,0.03790231080348817,0.3405252621776927,False
2377,802.4890114986821,20414.359997431508,19821.359997431508,9182.359997431508,9183.359997431508,-0.012802319779574921,0.0128496138124202,423.8072727739006,0.0377312084055972,0.34055664674959196,False
2378,802.7675360641883,20394.367118677925,19803.367118677925,9168.367118677925,9171.367118677925,-0.012771194183531166,0.012913277317394355,425.90702898542537,0.03789534193108918,0.3407615991663703,False
2379,803.046052037386,20352.374237697164,19750.374237697164,9135.374237697164,9137.374237697164,-0.013039750591571768,0.013134819920462757,433.2139697060014,0.03848227138863701,0.3413213265873175,False
2380,803.3245593939033,20285.381354499492,19704.381354499492,9100.38135449949,9112.38135449949,-0.012620372467432028,0.013192667249970435,435.12189622533424,0.038628446806731706,0.34152725104317094,False
2381,803.6030581093693,20231.38846909517,19680.38846909517,9063.38846909517,9095.38846909517,-0.011992022513204212,0.013522680426369532,446.0064244540321,0.03954303587044176,0.34197375413144937,False
2382,803.8815481594123,20182.39558149447,19639.39558149447,9032.39558149447,9073.39558149447,-0.011844596345964867,0.013811492355454646,455.53204894337057,0.040353328459852456,0.34226401842404913,False
2383,804.1600295196613,20140.40269170765,19567.40269170765,9000.40269170765,9035.40269170765,-0.012534966925496277,0.014220539110857454,469.0232707322086,0.04149608291701287,0.3426959392600214,False
2384,804.4385021657447,20119.40979974497,19536.40979974497,8977.409799744973,9012.409799744973,-0.012770480052308917,0.014460360927550275,476.93309834010324,0.04212974437264829,0.3432340058758655,False
2385,804.7169660732912,20056.4169056167,19475.4169056167,8943.4169056167,8976.4169056167,-0.012766585286404852,0.01436612401590728,473.82496691288094,0.041814644445350886,0.343566810299748,False
2386,804.9954212179294,20020.424009333088,19429.424009333088,8911.424009333088,8942.424009333088,-0.013013345083358028,0.014521495310080516,478.94943877734,0.04218110406110226,0.3442654153633608,False
2387,805.2738675752881,19957.431110904396,19347.431110904396,8863.431110904396,8896.431110904396,-0.013481329875862277,0.015095276450203468,497.87394683761806,0.04376011622156842,0.3449551270333083,False
2388,805.5523051209959,19890.43821034088,19284.43821034088,8823.43821034088,8855.43821034088,-0.01343735963804165,0.015009567991995114,495.04710173104934,0.043442817173372346,0.34550171854865375,False
2389,805.8307338306813,19852.445307652797,19246.445307652797,8803.445307652797,8842.445307652797,-0.013463478332812574,0.015383190150368256,507.36994584913225,0.044528328387726426,0.34546974268650976,False
2390,806.1091536799729,19781.452402850395,19199.452402850395,8764.452402850397,8814.452402850397,-0.012969333249162059,0.015439883365212159,509.23980724096305,0.04464801327120585,0.3458134468699767,False
2391,806.3875646444997,19685.459495943935,19113.459495943935,8702.459495943933,8759.459495943933,-0.012806255944190126,0.01564155410400729,515.8913321081501,0.04511777195208999,0.3466827688347923,False
2392,806.66596669989,19640.466586943658,19066.466586943658,8685.466586943658,8736.466586943658,-0.012881584153501836,0.015424250529713388,508.72420346678166,0.0444956160367942,0.34664652169235743,False
2393,806.9443598217725,19582.47367585982,19002.47367585982,8656.47367585982,8696.47367585982,-0.01305741182938398,0.015059585833826284,496.69679528962274,0.043399789813619784,0.3469967458022173,False
2394,807.2227439857761,19564.480762702664,18961.480762702664,8639.480762702664,8666.480762702664,-0.013596076531302768,0.014951211928799408,493.1223961053527,0.04302444153511779,0.3475050784005133,False
2395,807.5011191675292,19512.48784748244,18907.48784748244,8620.487847482442,8635.487847482442,-0.013678815657170934,0.014433849042070582,476.0586806303366,0.04152862248496791,0.34756387711379527,False
2396,807.7794853426605,19456.494930209396,18852.494930209396,8580.494930209396,8597.494930209396,-0.01369577255416015,0.014555361908050176,480.0664303642605,0.0417927765203013,0.348274585225984,False
2397,808.0578424867987,19420.502010893768,18805.502010893768,8558.502010893768,8573.502010893768,-0.013975520667742072,0.014736017674969692,486.02483728657853,0.04228477007214763,0.3484946861441277,False
2398,808.3361905755722,19481.509089545805,18847.509089545805,8607.509089545805,8607.509089545805,-0.014368634021579684,0.014368634021579684,473.90775217586224,0.04134135523663892,0.3475607884485952,False
2399,808.6145295846101,19428.516166175745,18768.516166175745,8556.516166175743,8546.516166175743,-0.01500969427820891,0.014501837515789436,478.3010834019278,0.04156543675737614,0.34889173907732274,False
2400,808.8928594895407,19398.523240793824,18741.523240793824,8534.523240793824,8534.523240793824,-0.014963783662670933,0.014963783662670933,493.5370383135863,0.04286296667088275,0.34910751226270076,False
2401,809.1711802659927,19335.530313410283,18677.530313410283,8496.530313410285,8501.530313410285,-0.01503663798168521,0.01529213447858774,504.3667383993804,0.04375827417813606,0.34946840947919505,False
2402,809.4494918895947,19262.53738403536,18609.53738403536,8448.53738403536,8460.53738403536,-0.014977917486292562,0.015594336152510532,514.3339848180339,0.0445380930817952,0.35013479638365264,False
2403,809.7277943359754,19161.54445267929,18517.54445267929,8392.544452679289,8404.544452679289,-0.014847115138695573,0.01546764345748054,510.1553934342883,0.04409210222277342,0.35080303904157134,False
2404,810.0060875807636,19053.551519352302,18408.551519352302,8333.551519352302,8340.551519352302,-0.014956321322385955,0.015320966010602427,505.31766292765116,0.0435892046139311,0.3514853309735744,False
2405,810.2843715995878,18970.55858406463,18324.55858406463,8291.55858406463,8290.55858406463,-0.015046596962987583,0.014994215897526945,494.54075738616075,0.04260363870581858,0.3519468372423108,False
2406,810.5626463680766,18903.565646826504,18252.565646826504,8252.565646826504,8242.565646826504,-0.015219810727234565,0.014693237731389122,484.61386482600716,0.04167016232101844,0.352608123246447,False
2407,810.8409118618587,18844.572707648156,18175.572707648156,8220.572707648154,8202.572707648154,-0.01569819020721691,0.014746204018609023,486.3608043109844,0.041784470035625736,0.3529111176003023,False
2408,811.1191680565628,18795.579766539806,18119.579766539806,8199.579766539806,8178.579766539807,-0.01590760525970597,0.014793903918662253,487.93404727752454,0.04192485099826777,0.35286717940329715,False
2409,811.3974149278174,18721.586823511687,18077.586823511687,8156.586823511687,8151.586823511687,-0.015202200288624571,0.0149358954865596,492.6172276458946,0.04226746524595373,0.35336624516393056,False
2410,811.6756524512513,18644.593878574018,18043.593878574018,8123.593878574018,8138.593878574018,-0.014229884357645934,0.015031058120156796,495.7558913289874,0.0425460453537114,0.3532891951577257,False
2411,811.9538806024931,18578.600931737026,18002.600931737026,8078.600931737024,8104.600931737024,-0.013677751710424348,0.015073231583939414,497.14686081103235,0.04256288918972705,0.35414023509422565,False
2412,812.2320993571714,18492.607983010927,17934.607983010927,8031.607983010927,8060.607983010927,-0.013306275085993366,0.014871572697693144,490.49572686582036,0.04192010928041786,0.35475987426970046,False
2413,812.5103086909149,18404.61503240594,17838.61503240594,7990.615032405942,8012.615032405942,-0.01356560450844011,0.014759674028413926,486.80507354763137,0.04158044776483767,0.35496669280448157,False
2414,812.7885085793522,18316.62207993229,17760.62207993229,7950.622079932291,7975.622079932291,-0.0133872116526438,0.014750668203526949,486.50804251306914,0.041543110446428104,0.3550689403131878,False
2415,813.066698998112,18223.629125600186,17682.629125600186,7898.629125600188,7930.629125600188,-0.01308803021375998,0.014843948543248959,489.58462418767135,0.041736207720035556,0.3556611717773076,False
2416,813.3448799228228,18205.636169419846,17654.636169419846,7877.636169419847,7908.636169419847,-0.013347087366527996,0.015052765053540713,496.47183161886835,0.04224939580158218,0.35628355785805127,False
2417,813.6230513291134,18167.643211401482,17589.643211401482,7847.643211401482,7873.643211401482,-0.014041562012738483,0.015478043293006099,510.4984018698512,0.0433776956930354,0.3568203208058193,False
2418,813.9012131926124,18156.650251555304,17559.650251555304,7829.650251555305,7847.650251555305,-0.014519866421353231,0.015517143230303749,511.78799998802424,0.04340037251400791,0.3575347936309863,False
2419,814.1793654889484,18074.657289891526,17476.657289891526,7777.657289891524,7791.657289891524,-0.014611701488797722,0.015392740930736226,507.6849506609267,0.04293353405884491,0.35852489826807316,False
2420,814.4575081937502,18003.66432642035,17399.66432642035,7753.664326420347,7759.664326420347,-0.014820037062838532,0.015155976187143934,499.8759517497009,0.04230252494005123,0.3582759234495372,False
2421,814.7356412826463,17931.67136115198,17317.67136115198,7714.671361151982,7715.671361151982,-0.0151312770839313,0.015187568054304079,500.9179179331542,0.04233945757674402,0.358709556606276,False
2422,815.0137647312653,17825.67839409663,17196.67839409663,7660.678394096631,7660.678394096631,-0.015601497513641241,0.015601497513641241,514.5701815609447,0.043460863073954074,0.3589780876438958,False
2423,815.291878515236,17761.6854252645,17118.6854252645,7619.685425264499,7622.685425264499,-0.016013762699466902,0.016184718186026,533.806025236638,0.04502574289453527,0.35945477288261074,False
2424,815.569982610187,17706.692454665786,17063.692454665786,7593.6924546657865,7598.6924546657865,-0.016064429087117513,0.0163502923667641,539.2670097459593,0.04547947062809625,0.35950929377492,False
2425,815.8480769917469,17643.699482310694,17003.699482310694,7553.6994823106925,7560.6994823106925,-0.016046231226981508,0.01644850479376994,542.5062620261809,0.045664199479759415,0.36020569682954184,False
2426,816.1261616355443,17561.706508209416,16940.706508209416,7509.706508209416,7517.706508209416,-0.015635196412720577,0.0160975988474776,530.9326463308553,0.04460466625349624,0.3608949511244426,False
2427,816.404236517208,17502.713532372152,16899.713532372152,7481.713532372152,7488.713532372152,-0.01522604179549339,0.015632184062742492,515.5822884518827,0.0432679044510893,0.3612882172376375,False
2428,816.6823016123665,17390.720554809097,16777.720554809097,7426.720554809096,7420.720554809096,-0.01558461999678011,0.015233614457977001,502.4366251135059,0.04209300714988472,0.3619036863708304,False
2429,816.9603568966484,17329.72757553044,16702.72757553044,7395.72757553044,7380.72757553044,-0.016004337878535512,0.015122608207971877,498.7754056587968,0.04174638506440664,0.3622495261479671,False
2430,817.2384023456825,17288.734594546375,16673.734594546375,7372.734594546374,7366.734594546374,-0.0157303230444531,0.015376746263373585,507.1574129113225,0.042424902859166336,0.3624462338645351,False
2431,817.5164379350973,17215.741611867088,16622.741611867088,7327.741611867088,7331.741611867088,-0.015223081635418401,0.015460085620376542,509.90612008040597,0.042563321307266276,0.3632255459758317,False
2432,817.7944636405216,17155.74862750277,16594.74862750277,7303.7486275027695,7314.7486275027695,-0.01443899594108516,0.015092584352978274,497.7851558124786,0.04154102591417269,0.3633175642835794,False
2433,818.0724794375841,17087.755641463606,16548.755641463606,7274.755641463604,7289.755641463604,-0.013919681663762997,0.01481424234009104,488.60485116658214,0.04075899129153284,0.3634594937379746,False
2434,818.3504853019132,17021.762653759775,16485.762653759775,7246.762653759775,7265.762653759775,-0.013895487556403931,0.015032656959500956,495.8086244112374,0.04137305185041486,0.3633441645506801,False
2435,818.6284812091376,16923.769664401465,16380.769664401465,7188.769664401465,7206.769664401465,-0.014162802272611567,0.015248875474836858,502.93996552743175,0.041867429141882906,0.3642180995436939,False
2436,818.9064671348862,16837.776673398854,16306.776673398854,7151.776673398854,7175.776673398854,-0.013916621551542538,0.0153715911562251,506.9873866417901,0.04220819348641398,0.364185005007924,False
2437,819.1844430547873,16822.78368076212,16299.78368076212,7181.78368076212,7208.78368076212,-0.013716019704775468,0.015345693431488582,506.1332252442683,0.04239227389577686,0.3619926939804314,False
2438,819.4624089444698,16719.79068650144,16192.79068650144,7102.79068650144,7133.79068650144,-0.013909134168223336,0.015800480112114205,521.1330459099712,0.04341965244542353,0.36390157963550424,False
2439,819.7403647795621,16625.79769062699,16096.797690626989,7036.797690626989,7069.797690626989,-0.01404300578366139,0.016074926833192758,530.1848756443103,0.04399630090812255,0.3653699629603411,False
2440,820.0183105356932,16564.80469314894,16031.804693148939,7004.804693148939,7031.804693148939,-0.014203906268259148,0.015874675205509566,523.5801560444951,0.043390862780683784,0.3658529512479862,False
2441,820.2962461884914,16512.811694077463,15983.811694077462,6977.811694077462,7003.811694077462,-0.01414067392496188,0.01575588973098752,519.6623614136804,0.043022567302424944,0.3662238382993812,False
2442,820.5741717135854,16422.818693422727,15909.818693422727,6932.818693422727,6969.818693422727,-0.013782467832377819,0.016094106023234196,530.8174456455674,0.04391407890313062,0.36649080261334716,False
2443,820.8520870866041,16363.825691194901,15874.825691194901,6896.825691194901,6940.825691194901,-0.013175879362035568,0.01593776735554318,525.6610677691215,0.04339562195814352,0.36726671116537224,False
2444,821.1299922831759,16306.83268740415,15835.83268740415,6867.83268740415,6915.83268740415,-0.012728710651900963,0.01575348219590969,519.5829558462964,0.042846428783400246,0.367673167711307,False
2445,821.4078872789294,16257.839682060638,15784.839682060638,6839.839682060638,6886.839682060638,-0.012822661316438121,0.01579671205019479,521.0087673075927,0.04291202304113576,0.3681185581731244,False
2446,821.6857720494935,16218.846675174525,15723.846675174525,6815.846675174525,6853.846675174525,-0.013461167902757991,0.01587574040267558,523.615288486021,0.043074782787647134,0.36856228575639804,False
2447,821.9636465704967,16153.853666755973,15633.853666755973,6778.853666755973,6805.853666755973,-0.01421010177744699,0.015936449819223066,525.6176126518893,0.04317046765617179,0.3691516604857705,False
2448,822.2415108175676,16086.860656815137,15538.860656815137,6748.860656815137,6765.860656815137,-0.015052127793860025,0.01614471563418938,532.4866569937193,0.0437326491125414,0.36916848079892534,False
2449,822.519364766335,16016.867645362176,15466.867645362176,6711.867645362176,6727.867645362176,-0.015175217663586963,0.01620927299919,534.6158945877656,0.043852750074647444,0.3696295664832444,False
2450,822.7972083924274,15957.874632407242,15428.874632407242,6685.874632407242,6708.874632407242,-0.014640798676550746,0.016132246213683695,532.0753892953488,0.04363006303341994,0.36975069692946927,False
2451,823.0750416714734,15881.88161796049,15361.88161796049,6644.881617960488,6672.881617960488,-0.014457540488186264,0.01628371252553294,537.0710666346866,0.04397760333229118,0.3702728500799495,False
2452,823.3528645791018,15798.888602032064,15273.888602032064,6600.888602032064,6629.888602032064,-0.014676918080166863,0.01658074579188663,546.8678481079792,0.04472413241458073,0.37073376042686657,False
2453,823.6306770909412,15746.895584632119,15215.895584632119,6574.895584632119,6599.895584632119,-0.014897428390251958,0.016545632895303225,545.7097509731204,0.04459339413674633,0.37103327108418316,False
2454,823.9084791826202,15673.902565770797,15133.902565770797,6542.902565770798,6559.902565770798,-0.015226209129742839,0.016353144966904244,539.3610944946029,0.04405123455256221,0.37123011722614874,False
2455,824.1862708297674,15589.909545458246,15038.909545458246,6496.909545458246,6510.909545458246,-0.01562724817782262,0.01656208976069317,546.252532985182,0.04453901987834881,0.37185573023227414,False
2456,824.4640520080115,15542.916523704604,14993.916523704604,6475.916523704604,6490.916523704604,-0.015617425899044591,0.01662220788560294,548.2353551099733,0.04469294565405959,0.3719201686607358,False
2457,824.7418226929813,15471.923500520013,14913.923500520013,6440.9235005200135,6447.9235005200135,-0.015952398325543803,0.01642413356640429,541.7024477205707,0.044105356527447154,0.37238410160415336,False
2458,825.0195828603051,15442.930475914613,14879.930475914613,6431.930475914613,6439.930475914613,-0.016128814212655797,0.016668651663601083,549.7671685308314,0.04480169401911687,0.37205404903860495,False
2459,825.297332485612,15357.937449898538,14815.937449898538,6385.937449898538,6397.937449898538,-0.015603758621571526,0.01641908814479663,541.5360391107286,0.044030962249066864,0.3728986900608695,False
2460,825.5750715445303,15325.944422481924,14791.944422481924,6370.9444224819235,6383.9444224819235,-0.015401979924804429,0.016287260900332695,537.1880994940875,0.04365623903465178,0.3730797993708257,False
2461,825.8528000126886,15255.9513936749,14736.9513936749,6336.951393674901,6354.951393674901,-0.015031645248288327,0.01626350244833123,536.4044958080111,0.043552006365496033,0.37342716916059115,False
2462,826.1305178657158,15225.958363487602,14711.958363487602,6322.958363487601,6340.958363487601,-0.014914150719374217,0.01614873021119294,532.6190661817354,0.043225815307131495,0.3735899507378103,False
2463,826.4082250792404,15177.96533193015,14665.96533193015,6289.9653319301515,6307.9653319301515,-0.014902902461319164,0.01614394850332177,532.4613554052353,0.04310877441295249,0.3744933304916957,False
2464,826.685921628891,15134.97229901268,14624.97229901268,6259.972299012678,6284.972299012678,-0.014886578257034534,0.01661753471295439,548.0812240532507,0.04430155879608504,0.37510045164421824,False
2465,826.9636074902966,15088.979264745307,14581.979264745307,6235.979264745307,6263.979264745307,-0.014843385389158678,0.0167890343772276,553.7376434646276,0.04472773835410154,0.3753606820964611,False
2466,827.2412826390854,15026.986229138156,14513.986229138156,6202.986229138157,6229.986229138157,-0.015085181730728255,0.01697145140343068,559.7541404201957,0.045162621687124475,0.3757853457003607,False
2467,827.5189470508861,14925.99319220135,14408.99319220135,6160.993192201349,6184.993192201349,-0.015309603033049143,0.016998100066916832,560.6330693561159,0.04523255954226792,0.3757934602624648,False
2468,827.7966007013275,14826.000153945002,14327.000153945002,6117.000153945002,6147.000153945002,-0.014868734738973932,0.016993467308686908,560.4802712518688,0.045196741043792434,0.37598877521327134,False
2469,828.0742435660383,14755.007114379232,14276.007114379232,6077.007114379231,6116.007114379231,-0.014332667526311403,0.01711090467716032,564.3536025115485,0.04542385704532775,0.3766942261218729,False
2470,828.3518756206469,14687.01407351415,14215.01407351415,6044.0140735141495,6082.0140735141495,-0.014186217026588134,0.016908170849437895,557.6670147369801,0.04483095155313733,0.3771539586751118,False
2471,828.629496840782,14644.021031359869,14167.021031359869,6025.021031359869,6054.021031359869,-0.014381805304766047,0.016467163416540597,543.1216626246414,0.04362530044875464,0.37746819499579354,False
2472,828.9071072020727,14593.027987926498,14103.027987926498,6002.027987926498,6021.027987926498,-0.014833047622552388,0.016205677350261207,534.4973025282216,0.04290115343935924,0.3777445604852542,False
2473,829.184706680147,14532.034943224144,14026.034943224144,5968.034943224145,5985.034943224145,-0.015391516954279273,0.016626850009377726,548.3884621095757,0.04396524780453678,0.3781816511827325,False
2474,829.462295250634,14481.041897262912,13952.041897262912,5943.041897262913,5950.041897262913,-0.016162038307933814,0.01667327017628596,549.9194967870594,0.04405622163346159,0.37845438301550294,False
2475,829.739872889162,14405.048850052906,13870.048850052906,5903.048850052907,5906.048850052907,-0.01643674473483204,0.016657402317117244,549.3961414382353,0.04393821684041114,0.37910965703544414,False
2476,830.0174395713599,14329.055801604227,13786.055801604227,5867.055801604227,5867.055801604227,-0.01677754190314791,0.01677754190314791,553.3585975128784,0.04422024857214522,0.37940858418684364,False
2477,830.2949952728562,14240.062751926971,13701.062751926971,5823.062751926971,5823.062751926971,-0.016757647684410525,0.016757647684410525,552.702444362275,0.04410120723712644,0.3799816089910383,False
2478,830.5725399692798,14197.069701031236,13664.069701031236,5797.069701031235,5798.069701031235,-0.01661864581785978,0.016693555565456694,550.5885515607754,0.04385615230702061,0.38064341460215934,False
2479,830.8500736362589,14146.076648927115,13619.076648927115,5780.076648927115,5779.076648927115,-0.016488342807792634,0.016413199850208126,541.3418307783012,0.04313634853271911,0.38049580941601124,False
2480,831.1275962494225,14086.083595624701,13581.083595624701,5750.083595624701,5757.083595624701,-0.015855839003522134,0.016384216091955412,540.3858855087285,0.04301177220377176,0.3809239948155091,False
2481,831.4051077843991,14052.090541134083,13564.090541134083,5735.090541134083,5745.090541134083,-0.015350259339019437,0.016106858191654926,531.238038964498,0.04225888804046587,0.3811472317073623,False
2482,831.6826082168175,13995.097485465349,13513.097485465349,5700.097485465349,5720.097485465349,-0.015221018131568464,0.01674216528186643,552.1918021831411,0.04385951196964542,0.38172256210815697,False
2483,831.9600975223061,13923.104428628585,13468.104428628585,5669.104428628585,5691.104428628585,-0.014429605376190882,0.0161117030675609,531.3978331555619,0.042158937954732315,0.38216577193810386,False
2484,832.2375756764937,13867.111370633873,13427.111370633873,5646.111370633872,5676.111370633872,-0.014003412336842335,0.01630488003366826,537.7692155460242,0.04267353456986756,0.3820841230522626,False
2485,832.515042655009,13810.118311491293,13374.118311491293,5610.118311491293,5651.118311491293,-0.013932238420852675,0.017094618012158468,563.8164340660388,0.044671015537523784,0.3826780700295237,False
2486,832.7924984334804,13718.125251210924,13298.125251210924,5575.125251210924,5622.125251210924,-0.01350434466959898,0.017150232653036827,565.650721821378,0.044841310479017196,0.3824650187478802,False
2487,833.0699429875369,13629.132189802844,13233.132189802844,5531.132189802845,5587.132189802845,-0.012805552983890162,0.017180461840328717,566.6477439584918,0.04485011579313755,0.3830639349867069,False
2488,833.3473762928069,13564.139127277125,13177.139127277125,5497.139127277125,5554.139127277125,-0.012571104341431551,0.017051129984795594,562.3821075139708,0.044435234569717104,0.38372994201354005,False
2489,833.6247983249191,13511.14606364384,13133.14606364384,5473.1460636438405,5531.1460636438405,-0.012323414585397482,0.016901503373578333,557.4471073684338,0.044013827508769615,0.3840043988496743,False
2490,833.9022090595021,13477.152998913058,13091.152998913058,5458.152998913058,5514.152998913058,-0.01262026013275329,0.01705336693168168,562.4558867242234,0.04440682961299182,0.3840257699165375,False
2491,834.1796084721847,13430.159933094845,13031.159933094845,5427.159933094846,5473.159933094846,-0.013098109526672385,0.0167636285218558,552.8997049526388,0.043527562060215616,0.38512675023391285,False
2492,834.4569965385953,13400.166866199268,12992.166866199268,5416.166866199268,5455.166866199268,-0.01342861663296187,0.016544620220196572,545.676350819511,0.042956765018048494,0.38514586033760384,False
2493,834.7343732343627,13385.173798236387,12964.173798236387,5409.173798236387,5444.173798236387,-0.01387917003735486,0.016680215414964568,550.1485653572213,0.04330802735763181,0.3851529712314443,False
2494,835.0117385351156,13371.180729216263,12936.180729216263,5401.180729216263,5432.180729216263,-0.014363684514347982,0.016849185572873737,555.7215563318173,0.04373498557168453,0.3852564566474318,False
2495,835.2890924164825,13334.187659148954,12902.187659148954,5384.187659148955,5414.187659148955,-0.014303208580407387,0.01671632492312915,551.3395328368546,0.043364036554062076,0.3854882121568378,False
2496,835.5664348540921,13294.194588044516,12863.194588044516,5377.194588044517,5396.194588044517,-0.014313191803226565,0.015845040987599247,522.602757248181,0.04113631652783169,0.38518375793026904,False
2497,835.8437658235732,13240.201515913002,12789.201515913002,5348.201515913003,5357.201515913003,-0.01505116463869681,0.01578138492958183,520.5032466529426,0.040906020817404014,0.3857961398892026,False
2498,836.1210853005541,13190.208442764464,12714.208442764464,5321.208442764463,5326.208442764463,-0.015962331504606027,0.016370218711894133,539.9242224925204,0.04240371067843626,0.38605627785822405,False
2499,836.3983932606639,13145.215368608946,12659.215368608946,5289.215368608946,5294.215368608946,-0.01636091740567633,0.016771270650288196,553.1517584117078,0.04333764474421206,0.3869908193967573,False
2500,836.6756896795309,13097.222293456498,12611.222293456498,5264.222293456498,5269.222293456498,-0.016422017758971386,0.01683431832308237,555.2312031834886,0.043451495936137376,0.38742781946620497,False
2501,836.9529745327837,13059.22921731716,12590.22921731716,5243.229217317162,5253.229217317162,-0.0158839078065862,0.01671141475286227,551.1775851005227,0.043074764973082144,0.38796299325847516,False
2502,837.2302477960512,13034.23614020098,12571.23614020098,5236.236140200979,5246.236140200979,-0.01570760048222452,0.016536211523649817,545.3990143327428,0.04264127365571572,0.38779825521072986,False
2503,837.5075094449619,12998.243062117988,12538.243062117988,5212.243062117988,5226.243062117988,-0.015647969176079753,0.01681291327236181,554.5252196183874,0.04328165831680019,0.3884535372766832,False
2504,837.7847594551446,12980.249983078225,12520.249983078225,5209.249983078226,5218.249983078226,-0.01567005628806074,0.016419737672935964,541.5574619140391,0.042286435036250264,0.38829798867793086,False
2505,838.0619978022278,12939.256903091726,12472.256903091726,5182.256903091727,5190.256903091727,-0.01596428781688835,0.016634203829353763,548.6310065497441,0.042753393876134346,0.389073295035865,False
2506,838.33922446184,12892.263822168521,12427.263822168521,5156.263822168521,5163.263822168521,-0.01595366595726442,0.016542852196086383,545.6180376680594,0.042447759018018276,0.3897226279734639,False
2507,838.61643940961,12838.270740318638,12376.270740318638,5135.270740318638,5145.270740318638,-0.015916728762364222,0.01676161542459514,552.8333087735532,0.043026781873475514,0.3895623770767779,False
2508,838.8936426211667,12786.277657552106,12334.277657552106,5111.277657552106,5124.277657552106,-0.015630410399399015,0.016733590662065197,551.9089931986781,0.042923387013112,0.38984786212126066,False
2509,839.1708340721384,12748.284573878946,12320.284573878946,5098.284573878946,5114.284573878946,-0.014831010182279957,0.01619182689651106,534.0404854505862,0.04152477032031991,0.38993176293590914,False
2510,839.4480137381539,12721.291489309182,12305.291489309182,5082.291489309182,5103.291489309182,-0.014439298155265132,0.016230103269066563,535.3029206724718,0.04157763440239853,0.39035658238724324,False
2511,839.7251815948416,12690.298403852832,12302.298403852832,5062.298403852832,5096.298403852832,-0.013485577320310464,0.016392685024302175,540.6652086987934,0.04193277406262632,0.39092775020846005,False
2512,840.0023376178304,12652.305317519913,12280.305317519913,5049.305317519913,5084.305317519913,-0.012960498962618012,0.015960489362185554,526.4104873086992,0.040824073349192996,0.3909577867369048,False
2513,840.2794817827491,12598.31223032044,12228.31223032044,5022.31223032044,5058.31223032044,-0.012945848278257503,0.01604777274245707,529.289276655318,0.04100254755438636,0.391384772401546,False
2514,840.5566140652259,12575.319142264423,12210.319142264423,5014.319142264423,5056.319142264423,-0.012792000304906048,0.016414506342699947,541.3849216468628,0.041970123051789855,0.3910997907355417,False
2515,840.8337344408898,12527.326053361872,12141.326053361872,4986.326053361873,5024.326053361873,-0.01359225893759033,0.016889400702874483,557.0479358494172,0.043125580288523466,0.39163300736776574,False
2516,841.1108428853692,12515.332963622795,12113.332963622795,4980.332963622795,5012.332963622795,-0.014178753269024664,0.016960287451909684,559.3859298329701,0.04329874700991318,0.39170388575047344,False
2517,841.387939374293,12479.339873057193,12057.339873057193,4957.339873057194,4982.339873057194,-0.014940109820184894,0.01712476470240861,564.8107352773114,0.04364325738089343,0.3923805355075457,False
2518,841.6650238832897,12452.34678167507,12007.34678167507,4946.346781675071,4961.346781675071,-0.01580415313269696,0.01711917608212067,564.6264108332169,0.043626065695133505,0.3924070577840421,False
2519,841.9420963879878,12387.353689486426,11927.353689486426,4913.3536894864255,4916.3536894864255,-0.016434440091303265,0.01669953109267924,550.7856370088317,0.04246535152092794,0.3932507443026655,False
2520,842.2191568640161,12356.360596501254,11904.360596501254,4907.360596501254,4911.360596501254,-0.016184500188934952,0.016538350347131355,545.4695572268631,0.042106591738829004,0.39277342725130504,False
2521,842.4962052870034,12313.367502729549,11856.367502729549,4881.3675027295485,4883.3675027295485,-0.016425189209581678,0.016603092445146617,547.6048877040317,0.04218975060445541,0.3935337897776827,False
2522,842.7732416325781,12293.374408181302,11838.374408181302,4870.374408181303,4870.374408181303,-0.01637903760232011,0.01637903760232011,540.215088035632,0.041579684078933754,0.39391924121468996,False
2523,843.050265876369,12257.381312866504,11823.381312866504,4852.381312866504,4860.381312866504,-0.01565600057160542,0.016371421461580528,539.9638917052968,0.041524738396203756,0.39425706443649083,False
2524,843.3272779940046,12214.38821679514,11795.38821679514,4828.388216795139,4843.388216795139,-0.015159480092110959,0.016506579561652798,544.4216899411912,0.04180825799344979,0.3948162481258829,False
2525,843.6042779611137,12188.395119977191,11770.395119977191,4815.395119977191,4829.395119977191,-0.015155482711415742,0.01641629333885584,541.4438605362601,0.041549039135113125,0.3951064496454846,False
2526,843.8812657533249,12143.40202242264,11725.40202242264,4791.40202242264,4809.40202242264,-0.015212631054743618,0.01684110087813098,555.4549061055804,0.042586404842740004,0.3954572108239843,False
2527,844.1582413462667,12109.408924141466,11691.408924141466,4774.408924141465,4794.408924141465,-0.015256094323684855,0.017071554169246096,563.0557400477542,0.04314620685663776,0.3956675548784597,False
2528,844.4352047155679,12079.415825143642,11672.415825143642,4765.415825143641,4790.415825143641,-0.014885181069288616,0.01715759172200306,565.8934393842762,0.043396693850396115,0.39536633323154524,False
2529,844.7121558368572,12005.422725439143,11609.422725439143,4729.422725439143,4756.422725439143,-0.014566831564309577,0.017039143123447623,561.9867556309366,0.04302273406137938,0.39604975125798225,False
2530,844.989094685763,11974.429625037938,11592.429625037938,4713.4296250379375,4748.4296250379375,-0.014080367866240411,0.017293346583070735,570.3709200521605,0.04364018731883053,0.39627113551844767,False
2531,845.2660212379143,11932.436523949995,11564.436523949995,4698.436523949995,4738.436523949995,-0.01360465609644283,0.017286359394946785,570.1404679011155,0.04363781185298605,0.39613258916794,False
2532,845.5429354689393,11905.443422185279,11515.443422185279,4678.44342218528,4711.44342218528,-0.014464909597109235,0.017517508024576765,577.7642355690759,0.044137441874145714,0.39688543968013595,False
2533,845.8198373544669,11889.450319753754,11471.450319753754,4672.450319753754,4693.450319753754,-0.015543447889032492,0.01749098070077489,576.889308670993,0.044072140650693654,0.396871593767243,False
2534,846.096726870126,11891.457216665376,11457.457216665376,4668.457216665377,4685.457216665377,-0.016146833475946004,0.017725426988582784,584.6218400371723,0.044626063594541444,0.3971989810625134,False
2535,846.3736039915448,11875.464112930105,11443.464112930105,4662.464112930105,4677.464112930105,-0.01609307958897405,0.01748804166401791,576.7923730610407,0.04401820992758071,0.3972910686915585,False
2536,846.6504686943521,11836.471008557895,11412.471008557895,4647.4710085578945,4662.4710085578945,-0.015842551415423966,0.01724200650408391,568.6776163329179,0.04338871923881327,0.39738454618084507,False
2537,846.9273209541767,11780.477903558694,11367.477903558694,4614.477903558694,4634.477903558694,-0.015498790330322447,0.017377035476618476,573.1311556711993,0.04362233226860193,0.3983518205679698,False
2538,847.204160746647,11757.484797942456,11362.484797942456,4608.484797942455,4630.484797942455,-0.014841110708796812,0.016909414227142865,557.7080239472074,0.04245379868924105,0.39830155955933744,False
2539,847.4809880473916,11710.491691719122,11336.491691719122,4589.491691719121,4616.491691719121,-0.014096456225047009,0.016643926526571953,548.9516815406196,0.041767637523539514,0.39848857903901613,False
2540,847.7578028320395,11679.498584898636,11320.498584898636,4578.498584898637,4609.498584898637,-0.013558643626682266,0.016489245318667783,543.8499701718408,0.0413828000627225,0.3984564914330494,False
2541,848.0346050762191,11645.505477490942,11292.505477490942,4556.505477490942,4590.505477490942,-0.013368034102753498,0.016596647354237715,547.3923150586,0.041571839186433375,0.39922812362975496,False
2542,848.3113947555591,11625.512369505976,11274.512369505976,4548.512369505976,4584.512369505976,-0.013314335162885542,0.01673810390746929,552.0578495187194,0.04193188364648545,0.3991736705315457,False
2543,848.5881718456882,11587.519260953672,11241.519260953672,4531.519260953671,4567.519260953671,-0.013165460118836179,0.01660201726514581,547.5694260076311,0.04156264585871798,0.3994456301357786,False
2544,848.8649363222349,11542.52615184396,11195.52615184396,4506.52615184396,4540.52615184396,-0.013256358437447081,0.016520644175115153,544.885570456288,0.04128110926372983,0.40019864944933603,False
2545,849.1416881608279,11517.533042186775,11162.533042186775,4492.533042186775,4521.533042186775,-0.013596709403916182,0.01639113831316915,540.6141949145174,0.04090905539510294,0.4006726177092631,False
2546,849.418427337096,11502.53993199204,11140.53993199204,4490.53993199204,4517.53993199204,-0.013887509974656988,0.016490947400480672,543.9061084077201,0.04120164700986324,0.4002497132343499,False
2547,849.6951538266677,11479.546821269678,11123.546821269678,4471.546821269679,4501.546821269679,-0.01368145654888278,0.01658544563474794,547.0228588043777,0.041342249950112174,0.4011742383339477,False
2548,849.9718676051715,11450.553710029613,11099.553710029613,4451.553710029613,4484.553710029613,-0.013520971135405978,0.016728583214961616,551.7438370678007,0.041618507582366134,0.4019505788825921,False
2549,850.2485686482364,11444.560598281761,11086.560598281761,4452.560598281761,4483.560598281761,-0.0138022878957294,0.01681549298779244,554.6103040557211,0.0418731724627755,0.4015815377433155,False
2550,850.5252569314907,11454.567486036038,11077.567486036038,4460.567486036038,4487.567486036038,-0.014534290781334712,0.017155169128612577,565.8135371620889,0.04277979727881833,0.4010109963075178,False
2551,850.8019324305633,11442.574373302356,11057.574373302356,4452.5743733023555,4472.5743733023555,-0.01486387477402567,0.016810263438975934,554.4378225435049,0.04186787638967976,0.40150742976588105,False
2552,851.0785951210827,11403.581260090625,11026.581260090625,4428.581260090624,4449.581260090624,-0.014600379282943545,0.016654903765489632,549.3137339537271,0.0413838668477577,0.40244919177706184,False
2553,851.3552449786775,11390.58814641075,11013.58814641075,4429.588146410751,4450.588146410751,-0.014617317213076433,0.016671375785883555,549.8570158096751,0.041486862161083715,0.40184711297645337,False
2554,851.6318819789767,11381.595032272638,10997.595032272638,4422.5950322726385,4438.5950322726385,-0.01490540546113914,0.01647375445522473,543.3390489344752,0.04095004154409605,0.4022890779606504,False
2555,851.9085060976084,11389.601917686188,10995.601917686188,4421.601917686188,4434.601917686188,-0.015289536796840177,0.016564537333133973,546.3332590689536,0.04113914243729281,0.4026466365550233,False
2556,852.1851173102016,11359.6088026613,10961.6088026613,4402.6088026613,4417.6088026613,-0.015489076652001532,0.016966233747286227,559.5820511533016,0.042082067036030874,0.4031701611225431,False
2557,852.461715592385,11349.615687207866,10949.615687207866,4391.615687207866,4407.615687207866,-0.01558227955069449,0.017161671902847276,566.0280123248529,0.04250295270160377,0.4037759923018175,False
2558,852.738300919787,11334.622571335782,10934.622571335782,4378.622571335782,4400.622571335782,-0.015603266086352253,0.017779876591257092,586.4177023836901,0.04399003808837027,0.4041796134738422,False
2559,853.0148732680364,11283.629455054936,10897.629455054936,4350.629455054935,4374.629455054935,-0.015116779061498931,0.017505956038394447,577.3832267830907,0.04320924704811091,0.40514374200741365,False
2560,853.2914326127618,11281.636338375212,10896.636338375212,4360.636338375211,4382.636338375211,-0.015079639103220936,0.01726520487921475,569.4427475065477,0.04271560635231062,0.4041896242046631,False
2561,853.5679789295918,11229.643221306496,10853.643221306496,4335.643221306496,4359.643221306496,-0.014790417004389834,0.017187829465283157,566.8907437158655,0.04246860270090031,0.4047185066656028,False
2562,853.8445121941551,11204.650103858668,10829.650103858668,4323.650103858668,4345.650103858668,-0.014783873845892703,0.016988088461351636,560.3028655606856,0.04194033502207047,0.40505371386308453,False
2563,854.1210323820804,11185.656986041608,10810.656986041608,4317.6569860416075,4338.6569860416075,-0.014809409599931897,0.016916588715957866,557.9446536687396,0.04177398961147349,0.40495506589850877,False
2564,854.3975394689962,11157.663867865187,10772.663867865187,4305.663867865187,4322.663867865187,-0.015250164797254257,0.01696150817035612,559.4261916932223,0.04187484949316859,0.40505239721812497,False
2565,854.6740334305313,11143.670749339279,10739.670749339279,4296.670749339279,4304.670749339279,-0.016037304733165517,0.016845168682668152,555.5890708495365,0.041544426495928564,0.40547361231040246,False
2566,854.9505142423143,11186.677630473752,10767.677630473752,4309.677630473752,4308.677630473752,-0.01657907818697002,0.016478294575549376,543.488791645886,0.04058521405699334,0.4060171902114179,False
2567,855.2269818799738,11196.684511278472,10768.684511278472,4308.684511278472,4304.684511278472,-0.016926787595428466,0.016523419749944347,544.977114748273,0.040649715465238045,0.4064830358794145,False
2568,855.5034363191384,11190.691391763301,10751.691391763301,4304.691391763302,4296.691391763302,-0.017380129031931556,0.016572268960010014,546.5882643748151,0.04075527968025062,0.40662876294873473,False
2569,855.7798775354368,11159.698271938101,10718.698271938101,4295.698271938101,4285.698271938101,-0.01751040677398965,0.016498229615490072,544.1462911655789,0.0405990775048637,0.40636956870543706,False
2570,856.0563055044977,11127.705151812726,10703.705151812726,4280.705151812726,4276.705151812726,-0.01687147238419996,0.016465466830534525,543.065705652023,0.04048975947013692,0.40665756097362277,False
2571,856.3327202019497,11101.712031397032,10690.712031397032,4261.712031397032,4265.712031397032,-0.01638332652444767,0.016790759775622232,553.794550730383,0.04121337252198274,0.4074104774285636,False
2572,856.6091216034215,11062.718910700869,10671.718910700869,4252.718910700869,4256.718910700869,-0.015627500113503,0.016035794548934296,528.894210655378,0.03938283020469062,0.4071773020270235,False
2573,856.8855096845417,11040.725789734084,10663.725789734084,4239.725789734084,4250.725789734084,-0.01508865479609582,0.016213975853310532,534.7710046018232,0.039783736462725296,0.40755286694858195,False
2574,857.1618844209388,11042.732668506522,10681.732668506522,4235.732668506522,4255.732668506522,-0.01443485384750804,0.016480650504492433,543.5664951344717,0.04040289231294712,0.4079076907870579,False
2575,857.4382457882417,11059.739547028024,10697.739547028024,4242.739547028025,4262.739547028025,-0.014452879488387926,0.01649530544717174,544.0498459479857,0.040444452786541955,0.40785087473505427,False
2576,857.714593762079,11058.74642530843,10683.74642530843,4236.746425308432,4253.746425308432,-0.014982328239797463,0.01672145368006176,551.5086900208806,0.04095256803055217,0.4083127013570168,False
2577,857.990928318079,11054.753303357576,10674.753303357576,4237.753303357576,4252.753303357576,-0.01519120821392569,0.016725727720903194,551.6496568716494,0.04098935520058328,0.40805052041085016,False
2578,858.2672494318708,11050.760181185293,10653.760181185293,4236.760181185293,4247.760181185293,-0.015889237661174227,0.017015345389961058,561.2018563589138,0.04171955466830189,0.4078505996826747,False
2579,858.5435570790829,11016.76705880141,10615.76705880141,4217.76705880141,4224.76705880141,-0.016102786440462695,0.01682296406192575,554.8567157844587,0.041176229167718605,0.40856009406307264,False
2580,858.8198512353439,10969.773936215754,10567.773936215754,4193.773936215753,4198.773936215753,-0.016214163416442835,0.01673163980131086,551.844649710389,0.04088597838808258,0.4092268415958413,False
2581,859.0961318762822,10968.780813438147,10560.780813438147,4187.780813438146,4189.780813438146,-0.016462329131173334,0.016669689940676947,549.8014130911994,0.04067369562580569,0.40983957037089974,False
2582,859.3723989775269,10953.787690478408,10539.787690478408,4180.787690478409,4182.787690478409,-0.016732456351645723,0.01694016392664785,558.7222136711995,0.04133399414903857,0.4098361233992161,False
2583,859.6486525147064,10937.794567346358,10524.794567346358,4171.794567346358,4174.794567346358,-0.01671613460619276,0.01702833003855214,561.6301173625243,0.04152312573335386,0.4100926830003543,False
2584,859.9248924634495,10932.801444051807,10519.801444051807,4170.801444051807,4173.801444051807,-0.01672391793641177,0.017036187679936594,561.8892788917495,0.041552300383600374,0.4099938516679654,False
2585,860.2011187993847,10911.808320604567,10504.808320604567,4155.808320604568,4158.808320604568,-0.016508596141223447,0.01682199206997633,554.8246574468889,0.040946335203780306,0.410830224152106,False
2586,860.4773314981406,10904.815197014446,10507.815197014446,4151.815197014446,4158.815197014446,-0.016105883865198737,0.016837491925747725,555.3358752701448,0.040970966584436976,0.4109615498342558,False
2587,860.753530535346,10876.822073291247,10493.822073291247,4142.822073291247,4153.822073291247,-0.015568327957728178,0.016719936250370455,551.4586420001007,0.04069638118319866,0.41084577459366867,False
2588,861.0297158866293,10838.82894944477,10455.82894944477,4127.828949444771,4137.828949444771,-0.015623892764928624,0.016674733966209644,549.9677756555552,0.04057870128114046,0.4109233031062891,False
2589,861.3058875276196,10823.835825484817,10430.835825484817,4114.835825484817,4119.835825484817,-0.016062086371678122,0.01658948388512207,547.1560487899153,0.04029175686283027,0.4117339420467443,False
2590,861.582045433945,10833.842701421177,10435.842701421177,4124.842701421178,4129.842701421178,-0.016255001301197284,0.01678112012199068,553.4766146915485,0.040831508487671746,0.4109845740099806,False
2591,861.8581895812345,10796.849577263647,10400.849577263647,4103.849577263648,4108.849577263648,-0.016228235363876978,0.016757043892461024,552.68253003464,0.04069939552695534,0.4117270950956208,False
2592,862.1343199451167,10786.856453022014,10396.856453022014,4109.856453022013,4111.856453022013,-0.015992851551046513,0.01620414304002589,534.4466977516179,0.03942938383929965,0.4109661745176718,False
2593,862.4104365012201,10768.86332870606,10381.86332870606,4100.863328706059,4102.863328706059,-0.01589455787593593,0.01610631261065266,531.2200445562595,0.03916510373080924,0.41124141330902764,False
2594,862.6865392251735,10764.870204325569,10375.870204325569,4099.870204325569,4102.870204325569,-0.015984267399379613,0.016301937699521464,537.6721711812249,0.039655618165749036,0.4110877210735707,False
2595,862.9626280926055,10748.87707989032,10363.87707989032,4091.8770798903197,4096.87707989032,-0.015840843063999594,0.01637119789869254,539.9565181313332,0.03980790784853004,0.41125491851984053,False
2596,863.2387030791446,10753.883955410087,10356.883955410087,4096.883955410087,4098.883955410087,-0.01633623553333215,0.01654819589885228,545.7942842174725,0.04027916748672159,0.4108375850694419,False
2597,863.5147641604198,10729.890830894645,10319.890830894645,4080.8908308946443,4075.8908308946443,-0.016920200221594607,0.016387766531069898,540.5029864535682,0.03981029547587189,0.4116464430916406,False
2598,863.7908113120593,10718.897706353759,10296.897706353759,4083.897706353759,4069.897706353759,-0.01744372803779179,0.01595236642917511,526.1425759040193,0.03880418833937284,0.41109908780101895,False
2599,864.066844509692,10717.904581797196,10276.904581797196,4076.9045817971974,4060.9045817971974,-0.018247562091935565,0.01653980008262929,545.517372550856,0.04019300289890381,0.41150943919844274,False
2600,864.3428637289467,10732.911457234723,10280.911457234723,4085.9114572347216,4062.9114572347216,-0.018685927726325463,0.016234334480569393,535.4424749216283,0.03946968979270113,0.41131142823350747,False
2601,864.6188689454516,10706.91833267609,10253.91833267609,4065.9183326760913,4038.9183326760913,-0.018774635914331362,0.015881056469495867,523.7906235438583,0.03849343621529574,0.41256531063302104,False
2602,864.8948601348358,10703.925208131062,10262.925208131062,4061.9252081310615,4036.9252081310615,-0.018271901913728125,0.015590682734408213,514.2134874097188,0.03774839281994134,0.413015801991234,False
2603,865.1708372727276,10699.932083609385,10261.932083609385,4060.932083609385,4030.932083609385,-0.018151885023460296,0.014931639630753293,492.4768605758084,0.036128768174365895,0.4132894749881785,False
2604,865.4468003347557,10693.938959120811,10253.938959120811,4057.938959120811,4028.938959120811,-0.018246973031814554,0.015132150700947637,499.0901371349765,0.03661599664793378,0.4132661155299056,False
2605,865.7227492965491,10662.945834675085,10214.945834675085,4039.9458346750853,4009.9458346750853,-0.018641134992568077,0.015404098940224195,508.0595616878032,0.03722598697852983,0.4137996112529815,False
2606,865.9986841337361,10654.95271028195,10192.95271028195,4034.95271028195,4007.95271028195,-0.01925151720362638,0.01633565671621315,538.7842952273895,0.03950149773146499,0.4135452490248478,False
2607,866.2746048219453,10632.959585951145,10160.959585951145,4019.9595859511455,3985.9595859511455,-0.019719439190277126,0.016030643227964412,528.7243092619743,0.03868238331894126,0.41441715459437134,False
2608,866.5505113368056,10642.966461692406,10163.966461692406,4031.966461692406,3997.966461692406,-0.01999947026884284,0.016321705891811544,538.3241677146951,0.03948306945659865,0.41338492970393315,False
2609,866.8264036539455,10605.973337515465,10130.973337515465,4008.973337515465,3978.973337515465,-0.019899358616360423,0.01663721973517518,548.7304774630165,0.0401672376002931,0.41419875324096916,False
2610,867.1022817489936,10587.980213430052,10133.980213430052,4003.9802134300517,3975.9802134300517,-0.01903306903405566,0.015985360838219158,527.2308008668759,0.03858136755058499,0.414328517962987,False
2611,867.3781455975786,10561.98708944589,10135.98708944589,3989.9870894458913,3969.9870894458913,-0.0178795835884781,0.01569718758543279,517.7262412643355,0.03783133542498635,0.4149255480700085,False
2612,867.6539951753292,10557.993965572707,10148.993965572707,3985.9939655727067,3972.9939655727067,-0.017158415160498246,0.015739683700054928,519.1278524492639,0.03791096845157975,0.4151749307105621,False
2613,867.929830457874,10563.000841820216,10161.000841820216,3980.000841820216,3974.000841820216,-0.016850827056230786,0.016195617895028908,534.1655205501926,0.03894990594848419,0.4158063415210684,False
2614,868.2056514208416,10572.007718198136,10170.007718198136,3988.0077181981355,3981.0077181981355,-0.016836189004135447,0.016073218426532476,530.1285288016696,0.03869662435141401,0.4153648721544143,False
2615,868.4814580398607,10567.014594716178,10150.014594716178,3981.0145947161773,3967.0145947161773,-0.0174856405309247,0.01595566903988664,526.2515029472067,0.03835675291011495,0.4159807029880003,False
2616,868.7572502905599,10557.02147138405,10125.02147138405,3975.0214713840505,3957.0214713840505,-0.018145451981141442,0.016174379925832472,533.465047684954,0.038870000329698444,0.4161147360082349,False
2617,869.033028148568,10551.02834821146,10109.02834821146,3968.028348211459,3949.028348211459,-0.018585375473587015,0.01650086065599162,544.2330684116343,0.039620805258022,0.41646959340006606,False
2618,869.3087915895134,10518.035225208107,10085.035225208107,3954.0352252081066,3933.0352252081066,-0.01825720148113077,0.01594450357143375,525.8832423283787,0.03824338815135905,0.4169218351765501,False
2619,869.5845405890249,10494.04210238369,10076.04210238369,3939.0421023836907,3922.0421023836907,-0.01765282875322615,0.015774457396485194,520.2747620500903,0.03776820958235699,0.4176649507858604,False
2620,869.8602751227311,10461.048979747906,10062.048979747906,3931.048979747906,3915.048979747906,-0.016888808472659802,0.015117553161210162,498.6086795911421,0.036209014007437125,0.4175080038938675,False
2621,870.1359951662607,10476.055857310444,10075.055857310444,3942.0558573104445,3927.0558573104445,-0.01695034277509618,0.015294647607720471,504.4496266806486,0.0366929724707393,0.4168277078101847,False
2622,870.4117006952423,10484.062735080995,10084.062735080995,3944.0627350809946,3931.0627350809946,-0.01689407218591626,0.015460232581836847,509.9109671782725,0.037087733974035586,0.41685568044303434,False
2623,870.6873916853045,10452.069613069241,10063.069613069241,3931.0696130692404,3922.0696130692404,-0.01647181655179583,0.015476379711625316,510.44353345914874,0.037117771091288686,0.41695336914391196,False
2624,870.9630681120759,10448.076491284863,10072.076491284863,3926.076491284863,3919.076491284863,-0.015917328136310693,0.015142311463759864,499.4252604499347,0.03626845082400754,0.41750643106422847,False
2625,871.2387299511854,10422.08336973754,10041.08336973754,3912.08336973754,3904.08336973754,-0.016173969931834196,0.015284951776447078,504.12983778510363,0.03657527334839565,0.41790396563413634,False
2626,871.5143771782615,10437.090248436947,10037.090248436947,3918.0902484369462,3909.0902484369462,-0.01697160965924108,0.015972871464491716,526.8188750693112,0.038256673343713514,0.4175185678322038,False
2627,871.7900097689328,10452.097127392752,10046.097127392752,3922.0971273927516,3910.0971273927516,-0.017206064131223286,0.01587526520278975,523.59961539494,0.038002062801346825,0.41774745980965844,False
2628,872.0656276988278,10455.104006614623,10045.104006614623,3918.1040066146234,3904.1040066146234,-0.01737391972946116,0.01581933840702038,521.7550321151618,0.03781430235330338,0.4183427280825779,False
2629,872.3412309435755,10454.110886112225,10043.110886112225,3910.1108861122248,3900.1108861122248,-0.017418844551291446,0.01630672576160725,537.8300915330792,0.03892334022382081,0.4189446657927792,False
2630,872.6168194788044,10453.117765895217,10049.117765895217,3907.117765895216,3900.117765895216,-0.017117907465224104,0.01633912676222665,538.8987446387763,0.03897508565222475,0.4192197781942267,False
2631,872.8923932801429,10454.124645973254,10055.124645973254,3909.124645973254,3898.124645973254,-0.016900215350839267,0.01567641877833406,517.0412423512342,0.037380882742515206,0.4193699460313831,False
2632,873.16795232322,10465.131526355992,10076.131526355992,3924.131526355991,3915.131526355991,-0.016450863124754127,0.015453664273758962,509.69433057161154,0.03694624351884777,0.4182743034721629,False
2633,873.4434965836642,10441.138407053077,10054.138407053077,3907.1384070530767,3901.1384070530767,-0.016402993271908507,0.01573555602132814,518.9917129286816,0.03755311918265377,0.4190212787596237,False
2634,873.7190260371041,10443.145288074156,10053.145288074156,3920.145288074157,3914.145288074157,-0.016529361052169834,0.015864140027863766,523.2326837413245,0.0379891060622709,0.41759708696118353,False
2635,873.9945406591684,10426.152169428873,10041.152169428873,3901.152169428874,3898.152169428874,-0.01634051047717181,0.016006407984600863,527.924979994585,0.03820801987051147,0.4189279643082062,False
2636,874.2700404254857,10432.159051126866,10045.159051126866,3903.159051126866,3903.159051126866,-0.016417382205163176,0.016417382205163176,541.479773635818,0.03920575814629288,0.4187492598383926,False
2637,874.5455253116849,10426.165933177768,10033.165933177768,3896.1659331777682,3888.1659331777682,-0.016686637603300702,0.015793983708771078,520.9187808726025,0.03764145078288009,0.4195901959218433,False
2638,874.820995293394,10417.172815591211,10029.172815591211,3889.172815591212,3883.172815591212,-0.016484754114387254,0.015814231332027397,521.586590047079,0.03765423065197037,0.4199855118059588,False
2639,875.0964503462424,10417.179698376825,10034.179698376825,3889.1796983768254,3884.1796983768254,-0.016268281511375278,0.01570958543207276,518.1351483061703,0.03740044859218756,0.4200373531175848,False
2640,875.3718904458583,10410.186581544232,10035.186581544232,3886.1865815442325,3884.1865815442325,-0.01593306181080599,0.015709497519939362,518.132248779224,0.03739643199502641,0.42008011678837887,False
2641,875.6473155678704,10385.193465103053,10020.193465103053,3875.1934651030533,3873.1934651030533,-0.01553848462820668,0.01531428596829969,505.0973410913948,0.03642234247888652,0.42046405931131836,False
2642,875.9227256879075,10406.200349062905,10047.200349062905,3889.200349062905,3890.200349062905,-0.015247120530245302,0.015358772957250355,506.5646154963952,0.03659007074483862,0.41975248051185743,False
2643,876.1981207815982,10418.2072334334,10053.2072334334,3889.2072334334016,3887.2072334334016,-0.015488356889668124,0.015264966280369082,503.47067411594634,0.03631926528873882,0.42029942398372655,False
2644,876.473500824571,10411.214118224152,10038.214118224152,3885.214118224151,3876.214118224151,-0.015844923238277183,0.01483772405535691,489.3793274934319,0.035271852489417804,0.42066755807080153,False
2645,876.7488657924546,10423.221003444762,10032.221003444762,3891.221003444761,3873.221003444761,-0.016604855382267386,0.014591236200972921,481.2496399508075,0.034689794258528195,0.42062043067279903,False
2646,877.0242156608779,10419.227889104834,10019.227889104834,3894.2278891048327,3872.2278891048327,-0.017001282190386994,0.014540828044917284,479.5870730086903,0.03460917290654966,0.42014376027360895,False
2647,877.2995504054691,10385.234775213965,9971.234775213965,3875.234775213965,3846.234775213965,-0.017667376970733242,0.014405148424236045,475.1120739269021,0.034223355257526976,0.42091572599585547,False
2648,877.5748700018571,10360.241661781753,9926.241661781753,3862.241661781752,3830.241661781752,-0.018585041615319698,0.014971773181378378,493.80054943412347,0.035558643387986866,0.4210445549909939,False
2649,877.8501744256706,10320.248548817786,9862.248548817786,3839.2485488177863,3801.2485488177863,-0.01971421335358532,0.015394251922795876,507.734786355083,0.03650117048429728,0.42174680204894927,False
2650,878.1254636525382,10285.255436331654,9824.255436331654,3830.255436331654,3788.255436331654,-0.01991543610116062,0.015126953591941765,498.9187255559019,0.03589486680318517,0.42142386750964234,False
2651,878.4007376580884,10277.26232433294,9811.26232433294,3831.262324332939,3786.262324332939,-0.020152554291056272,0.015021365373338227,495.43620416524595,0.03567809512378835,0.42102487033627367,False
2652,878.67599641795,10270.269212831223,9807.269212831223,3827.269212831222,3779.269212831222,-0.020033730841407322,0.014552548554900766,479.97364006386636,0.03453245688226543,0.4214165416760256,False
2653,878.9512399077516,10266.27610183608,9800.27610183608,3819.276101836079,3770.276101836079,-0.020174628839469563,0.014566728734811466,480.4413322033447,0.03450617030542159,0.4221485202755969,False
2654,879.2264681031219,10268.282991357082,9793.282991357082,3817.282991357082,3770.282991357082,-0.020569524946543745,0.015189116586661396,500.96899178523535,0.03598047062103879,0.42214891368819096,False
2655,879.5016809796895,10277.2898814038,9811.2898814038,3822.2898814038,3778.2898814038,-0.020152498981552854,0.015124153442172123,498.8263707307253,0.035839828398076444,0.4219929089555532,False
2656,879.7768785130829,10255.296771985799,9791.296771985799,3820.2967719857984,3776.2967719857984,-0.02010801854386691,0.015077034383138885,497.2722851219231,0.0357858603868621,0.4213126139807455,False
2657,880.052060678931,10207.303663112638,9750.303663112638,3791.303663112638,3750.303663112638,-0.01989289348532817,0.015170757098743852,500.36345728299705,0.03590396583121032,0.422537086016173,False
2658,880.3272274528623,10200.310554793876,9742.310554793876,3795.3105547938767,3757.3105547938767,-0.019951424904423753,0.015581199168899348,513.9006994852599,0.03695945337674739,0.421575476511297,False
2659,880.6023788105053,10158.317447039068,9705.317447039068,3771.317447039067,3736.317447039067,-0.019812035283458082,0.015762712906661286,519.8874040893724,0.03731284742573149,0.42244733367068327,False
2660,880.8775147274891,10121.32433985776,9675.32433985776,3755.32433985776,3721.32433985776,-0.019571809616675838,0.015621881031286556,515.2424728180132,0.03695047033279854,0.4227789495123158,False
2661,881.1526351794419,10118.331233259501,9662.331233259501,3750.3312332595015,3709.3312332595015,-0.020026970946287036,0.015252960556529003,503.0747001082744,0.03602385446574551,0.4234127852984969,False
2662,881.4277401419926,10109.338127253834,9634.338127253834,3747.3381272538327,3702.3381272538327,-0.02090083837571865,0.015654036039261895,516.3030125692455,0.03699206375232227,0.42317282279984103,False
2663,881.7028295907696,10111.345021850293,9625.345021850293,3754.3450218502935,3701.3450218502935,-0.021392623940233123,0.015218012298700468,501.92203310561376,0.03600483971828754,0.4226657420994143,False
2664,881.9779035014018,10115.351917058419,9614.351917058419,3755.3519170584177,3696.3519170584177,-0.022060981947849678,0.015183652827078457,500.788785509643,0.03591736212610188,0.42273852889781643,False
2665,882.2529618495178,10084.358812887736,9579.358812887736,3734.358812887736,3674.358812887736,-0.0223118490881907,0.015277368916985988,503.8797391412886,0.03604908219708873,0.4237935610527074,False
2666,882.528004610746,10079.365709347776,9583.365709347776,3730.365709347775,3669.365709347775,-0.021915141473227717,0.014754729285964347,486.6419855480449,0.03477392247370356,0.4243044280415027,False
2667,882.8030317607154,10049.372606448058,9565.372606448058,3710.372606448059,3655.372606448059,-0.021437057053051715,0.014951185016362951,493.12150847662986,0.035158921975262956,0.4252458316805696,False
2668,883.0780432750544,10024.379504198105,9546.379504198105,3694.3795041981057,3645.3795041981057,-0.021218804672293853,0.015420045954637647,508.585527742979,0.03621378518719513,0.4258059707078076,False
2669,883.3530391293917,10004.38640260743,9541.38640260743,3689.3864026074307,3645.3864026074307,-0.020578973216683744,0.015368399710549542,506.8821260551525,0.03611402501183833,0.4255521146012309,False
2670,883.6280192993561,9990.393301685546,9550.393301685546,3690.3933016855462,3655.3933016855462,-0.019561328913943465,0.015422787267290388,508.6759419963673,0.03630612126669588,0.4247985389019766,False
2671,883.902983760576,9962.400201441958,9538.400201441958,3679.400201441959,3646.400201441959,-0.018888443753293068,0.014975747787268005,493.93164029078434,0.03522884055723111,0.42509908218350567,False
2672,884.1779324886802,9947.407101886172,9535.407101886172,3682.4071018861723,3648.4071018861723,-0.01837065257305605,0.0143421455474773,473.0341066225287,0.033793374944282424,0.4244070197523695,False
2673,884.4528654592973,9907.414003027687,9495.414003027687,3658.414003027687,3626.414003027687,-0.01844640645794058,0.014630938804512945,482.55911526842806,0.03439725005716508,0.4253519912259749,False
2674,884.7277826480558,9922.420904875999,9495.420904875999,3679.4209048759985,3636.4209048759985,-0.019103425145059725,0.01399809939797092,461.6867414441509,0.03302691655730048,0.42383912448153416,False
2675,885.0026840305848,9908.427807440597,9471.427807440597,3660.4278074405975,3614.4278074405975,-0.019589296108787554,0.014097004995283,464.94885593808146,0.03313633388386314,0.4254244010423861,False
2676,885.2775695825123,9904.434710730973,9465.434710730973,3666.4347107309736,3616.4347107309736,-0.019689129282236324,0.013725802462560138,452.70581615987584,0.03231708136147203,0.4247228364787869,False
2677,885.5524392794675,9887.44161475661,9448.44161475661,3656.44161475661,3603.44161475661,-0.019723748253235408,0.013382594893130694,441.3861091150883,0.03146373241196034,0.42533399146388473,False
2678,885.8272930970788,9880.448519526986,9446.448519526986,3657.4485195269863,3608.4485195269863,-0.019508097551063863,0.013650389379874596,450.21853417840964,0.03213570911670392,0.4247732430705634,False
2679,886.1021310109747,9842.45542505158,9411.45542505158,3634.4554250515794,3584.4554250515794,-0.019446666960765926,0.01343050419160817,442.96625848180486,0.03153079048870666,0.4259488577179362,False
2680,886.3769529967843,9802.46233133986,9371.46233133986,3613.4623313398606,3561.4623313398606,-0.01952781820547832,0.013232641730531774,436.4403386185895,0.031004654496715803,0.42679532945395193,False
2681,886.6517590301358,9780.469238401298,9354.469238401298,3603.4692384012988,3552.4692384012988,-0.01934054029440558,0.013150047274329335,433.7161998436512,0.03079175938169952,0.4270638488473253,False
2682,886.926549086658,9741.476146245357,9314.476146245357,3589.476146245357,3543.476146245357,-0.019466336573693628,0.013864778536276715,457.2895391917475,0.03249598262865947,0.4266613105599345,False
2683,887.2013231419796,9726.483054881497,9291.483054881497,3579.483054881497,3528.483054881497,-0.019870795318790897,0.013638520619205056,449.82707750399186,0.03191668978695059,0.42731626337958395,False
2684,887.4760811717292,9741.489964319173,9298.489964319173,3586.4899643191734,3534.4899643191734,-0.020212960771067275,0.013870093718189402,457.46484506347224,0.03248107889654116,0.42702072065920194,False
2685,887.7508231515354,9747.49687456784,9289.49687456784,3591.496874567839,3536.496874567839,-0.020900911660306463,0.014198697431747708,468.302886245061,0.03328977598732723,0.42651826305929114,False
2686,888.0255490570271,9740.503785636942,9281.503785636942,3594.5037856369418,3538.5037856369418,-0.02096307332958337,0.014143792561882416,466.49200822963587,0.03321148089891898,0.4258705778561892,False
2687,888.3002588638325,9705.510697535927,9248.510697535927,3569.5106975359263,3520.5106975359263,-0.020946589378695972,0.014943569853889005,492.87034441155157,0.035001739501947925,0.4269379198441655,False
2688,888.5749525475806,9688.517610274232,9243.517610274232,3559.5176102742316,3513.5176102742316,-0.020420060038739512,0.014771048769436936,487.1802364157023,0.03455372384745633,0.42748066271080953,False
2689,888.8496300838998,9661.524523861295,9230.524523861295,3543.524523861295,3500.524523861295,-0.0198192801049181,0.014516961916570023,478.79991793039943,0.03389028377142797,0.42835173687181993,False
2690,889.124291448419,9645.531438306547,9221.531438306547,3543.531438306547,3501.531438306547,-0.01952310969001323,0.014344849493546774,473.1232884474583,0.03353814446679795,0.42771744595911887,False
2691,889.3989366167665,9628.538353619417,9198.538353619417,3538.5383536194167,3492.5383536194167,-0.019841541181482455,0.014158818025919173,466.9875796163359,0.03310787949603869,0.4276570484561917,False
2692,889.6735655645714,9621.545269809327,9189.545269809327,3540.545269809327,3491.545269809327,-0.019950806035298318,0.013898331619998677,458.3961904197879,0.03253160518855065,0.42722551006767195,False
2693,889.9481782674619,9628.552186885698,9186.552186885698,3538.5521868856977,3485.5521868856977,-0.020408442113252545,0.013854426638191836,456.94811183374026,0.032384670513088534,0.42780817030676455,False
2694,890.222774701067,9617.559104857944,9175.559104857944,3529.559104857945,3480.559104857945,-0.02043232685671736,0.014360881108021226,473.6520447904709,0.033540611301001604,0.42816396454862393,False
2695,890.4973548410153,9598.56602373548,9162.56602373548,3518.5660237354805,3470.5660237354805,-0.020189239424405314,0.014223845510765845,469.13232275107316,0.03317679583032096,0.4287287290644981,False
2696,890.771918662935,9593.57294352771,9167.57294352771,3520.572943527711,3475.572943527711,-0.01972600781335105,0.01413906851196756,466.33619913372917,0.033012260139047844,0.42829750075922446,False
2697,891.0464661424554,9581.579864244039,9155.579864244039,3518.5798642440395,3473.5798642440395,-0.019751268534652172,0.014161144088531873,467.06429805056894,0.03308762490624033,0.4279891387991732,False
2698,891.3209972552047,9551.586785893865,9127.586785893865,3502.5867858938664,3455.5867858938664,-0.019719555094446232,0.013852454804666195,456.88307661937006,0.03230814927523007,0.4287603937526239,False
2699,891.5955119768117,9539.593708486585,9101.593708486585,3491.593708486586,3441.593708486586,-0.02041243361549482,0.014148330469039537,466.64167794612973,0.03294661345001359,0.4294320109866619,False
2700,891.870010282905,9520.60063203159,9074.60063203159,3480.600632031589,3428.600632031589,-0.020836826776172972,0.014299532923951183,471.6286527290515,0.03326552845319103,0.4298603866784352,False
2701,892.1444921491133,9512.607556538263,9060.607556538263,3481.6075565382635,3423.6075565382635,-0.021142260109450004,0.013846420100886585,456.6840394040755,0.032231217812042176,0.4295965539258435,False
2702,892.4189575510651,9457.61448201599,9008.61448201599,3454.6144820159902,3395.6144820159902,-0.021123605063328908,0.013642392921102992,449.95479415996897,0.03168517024084273,0.430560821273976,False
2703,892.6934064643893,9407.62140847415,8963.62140847415,3437.6214084741487,3382.6214084741487,-0.020996326548121513,0.013991674381517376,461.4748308964524,0.032521688678133605,0.43022594921169843,False
2704,892.9678388647143,9397.628335922114,8961.628335922114,3437.6283359221134,3386.6283359221134,-0.020631336710235513,0.014139953984463532,466.3654038778649,0.0329073862342623,0.42968936772442246,False
2705,893.242254727669,9339.635264369253,8907.635264369253,3420.6352643692544,3364.6352643692544,-0.020567490369284697,0.01339871409085526,441.9177541377852,0.03119434682102026,0.4295237905679294,False
2706,893.5166540288818,9339.642193824937,8905.642193824937,3414.642193824937,3358.642193824937,-0.02066499622669018,0.01348353335908601,444.71527188986005,0.03133932433009562,0.4302432693527337,False
2707,893.7910367439814,9329.649124298523,8884.649124298523,3405.649124298523,3348.649124298523,-0.02122502964657762,0.013894772010966987,458.278787031804,0.032259555586911674,0.43071802317711916,False
2708,894.0654028485965,9320.65605579937,8855.65605579937,3403.6560557993703,3334.6560557993703,-0.02222574157968377,0.013331120431215504,439.6883731644021,0.03094250132292236,0.43083525446405146,False
2709,894.3397523183556,9297.662988336831,8816.662988336831,3392.662988336832,3316.662988336832,-0.023069559831204955,0.013230183250037483,436.35925276428605,0.030680963287671614,0.4312179877140202,False
2710,894.6140851288876,9278.669921920256,8795.669921920256,3389.6699219202574,3318.6699219202574,-0.023216802389050294,0.014023451914270055,462.5229207214072,0.032588685274797705,0.43031658982312554,False
2711,894.8884012558212,9256.67685655899,8778.67685655899,3380.676856558991,3308.676856558991,-0.023026040186645662,0.0136767333219805,451.0874127627002,0.031761072960227676,0.43061307592180476,False
2712,895.1627006747846,9226.683792262373,8755.683792262373,3367.6837922623736,3296.6837922623736,-0.022755568335833153,0.01350155450818347,445.30964726664104,0.03132876181846475,0.4309635531215228,False
2713,895.4369833614068,9190.690729039741,8726.690729039741,3350.690729039741,3288.690729039741,-0.022498567150748286,0.014387257154017327,474.5219822285411,0.03337954424590653,0.431020179545492,False
2714,895.7112492913163,9167.697666900425,8722.697666900425,3349.697666900426,3293.697666900426,-0.021609462788805538,0.014287584194635362,471.2345585205893,0.033218374297461994,0.4301108798008513,False
2715,895.9854984401419,9145.704605853756,8719.704605853756,3338.7046058537567,3285.7046058537567,-0.02071539738330009,0.013765917677565962,454.028900270927,0.03195756020909298,0.4307562150395043,False
2716,896.2597307835122,9107.711545909056,8684.711545909056,3317.7115459090555,3267.7115459090555,-0.020653869079498004,0.014058957540536338,463.69397090670526,0.03257848543047271,0.4315411645068714,False
2717,896.5339462970556,9075.718487075643,8658.718487075643,3302.7184870756428,3250.7184870756428,-0.020427396308918,0.013535200009947705,446.4193466359735,0.031313950118894505,0.43224185893368683,False
2718,896.808144956401,9063.725429362832,8647.725429362832,3303.7254293628325,3252.7254293628325,-0.020404848772973994,0.013648307531033563,450.149870427691,0.03163147891603622,0.43147864085843546,False
2719,897.0823267371769,9025.732372779936,8604.732372779936,3288.732372779936,3232.732372779936,-0.020745084554100644,0.01328630351772881,438.2102171547185,0.03076881018327339,0.43181076676639063,False
2720,897.3564916150121,8997.73931733626,8566.73931733626,3280.73931733626,3218.73931733626,-0.0213178549406016,0.013031936585921904,429.8206610772629,0.030191279871500897,0.43164571496763277,False
2721,897.6306395655351,8970.746263041106,8530.746263041106,3264.7462630411055,3199.7462630411055,-0.02184154828650817,0.013107655377134323,432.3180259685293,0.030311952195023598,0.4324253117318602,False
2722,897.9047705643749,8955.75320990377,8494.75320990377,3260.7532099037708,3187.7532099037708,-0.022951351155019305,0.01311811241279781,432.662920984873,0.030350184384566718,0.4322251307134879,False
2723,898.1788845871596,8923.76015793355,8441.76015793355,3240.7601579335496,3159.7601579335496,-0.024114880237626538,0.013122107949197489,432.79470217375035,0.030281325595235508,0.4333399443801804,False
2724,898.4529816095181,8899.76710713973,8410.76710713973,3237.7671071397303,3156.7671071397303,-0.02454303439842386,0.013539970369243962,446.57668311261875,0.03131620605863105,0.43236305010556075,False
2725,898.727061607079,8859.774057531598,8364.774057531598,3221.774057531598,3137.774057531598,-0.024968431977587826,0.013495019852041506,445.09412057156135,0.031196583494337085,0.43258005654661413,False
2726,899.0011245554712,8814.781009118433,8326.781009118433,3207.781009118433,3125.781009118433,-0.024734384287536763,0.013488220624912959,444.8698677692294,0.031203757497425464,0.4322627050933156,False
2727,899.2751704303229,8766.787961909511,8291.787961909511,3189.787961909511,3111.787961909511,-0.02419231484955397,0.013440496521355401,443.2958265202419,0.03108646735919753,0.4323584396404171,False
2728,899.5491992072632,8734.794915914104,8268.794915914104,3177.7949159141035,3104.7949159141035,-0.02381049203050173,0.013717544722453862,452.43345853381743,0.03173388352007906,0.4322680743998548,False
2729,899.8232108619205,8696.801871141479,8240.801871141479,3166.801871141479,3091.801871141479,-0.023390103401093595,0.012980866202858763,428.1362524964706,0.030031043958956057,0.4322482501973603,False
2730,900.0972053699234,8652.808827600898,8204.808827600898,3147.8088276008984,3078.8088276008984,-0.023088642230366108,0.013463016373906567,444.03857859297386,0.031134318362416723,0.4324172515097753,False
2731,900.3711827069005,8610.815785301622,8167.815785301622,3120.8157853016214,3053.8157853016214,-0.022938364061705917,0.013513065715227065,445.68931107091555,0.031134687780399933,0.43401963143288297,False
2732,900.6451428484808,8593.822744252902,8149.822744252901,3120.8227442529014,3051.8227442529014,-0.02303822861243398,0.01332843155597361,439.5996884070441,0.030763616857532386,0.43325307351531983,False
2733,900.9190857702927,8560.82970446399,8118.8297044639885,3100.8297044639885,3028.8297044639885,-0.02302242596321344,0.01281936611082316,422.8096399960866,0.02949501289818935,0.43462825919327264,False
2734,901.1930114479646,8536.836665944127,8095.836665944128,3097.836665944128,3023.836665944128,-0.023035234544554417,0.012535047609079034,413.4322181854119,0.02888453273317681,0.4339709326397122,False
2735,901.4669198571256,8507.84362870256,8065.84362870256,3081.8436287025597,3004.8436287025597,-0.023169700966487593,0.012180978275510011,401.7542673284205,0.028007502026132558,0.43491841093662975,False
2736,901.7408109734042,8475.85059274852,8037.85059274852,3071.8505927485203,2999.8505927485203,-0.023043363339238367,0.012742899746780488,420.287618581518,0.029333690059456068,0.43441175388954045,False
2737,902.0146847724288,8441.857558091242,7999.857558091242,3060.857558091242,2988.857558091242,-0.023355765697343687,0.013017864299796875,429.3565275016236,0.029989138675725713,0.4340859682753744,False
2738,902.2885412298284,8398.864524739953,7958.864524739953,3042.8645247399522,2972.8645247399522,-0.023369463831905635,0.013261965412856225,437.40749529855145,0.030535925359337617,0.43430697634977133,False
2739,902.5623803212313,8371.871492703875,7945.871492703874,3030.8714927038736,2961.8714927038736,-0.02268101634418814,0.012679705209628916,418.2033299145287,0.02915443253288784,0.4349151778318956,False
2740,902.8362020222665,8345.878461992224,7924.878461992224,3024.8784619922244,2959.8784619922244,-0.02247944546120952,0.013045394345043954,430.26452626063923,0.030041800411204626,0.434241429158102,False
2741,903.1100063085624,8317.88543261422,7904.885432614219,3015.885432614219,2952.885432614219,-0.022117354282772717,0.012949112078408383,427.08893472652863,0.02982817314566705,0.43412353868173176,False
2742,903.3837931557478,8295.892404579066,7888.892404579066,3016.8924045790664,2954.8924045790664,-0.02184707791525348,0.012828927980524131,423.12501055739256,0.029635618283995087,0.4328888251152998,False
2743,903.6575625394512,8251.899377895972,7839.899377895972,2994.8993778959716,2934.8993778959716,-0.022243434911464573,0.013454415479719768,443.75490302404745,0.03104068938979693,0.43344448026796184,False
2744,903.9313144353011,8203.906352574135,7782.906352574136,2973.906352574136,2906.906352574136,-0.022878889407967458,0.012982641794937149,428.1948152554208,0.029899998757262666,0.4342020847671,False
2745,904.2050488189267,8165.913328622753,7745.913328622753,2962.913328622754,2893.913328622754,-0.022932132871965192,0.012698705280161215,418.8299921778741,0.02926397360161433,0.4339364658072511,False
2746,904.4787656659562,8126.920306051018,7694.920306051018,2940.920306051018,2868.920306051018,-0.023721874673950212,0.012957103068643895,427.3524943811542,0.029788895876301208,0.434964193451427,False
2747,904.7524649520182,8099.927284868115,7657.927284868115,2927.927284868115,2851.927284868115,-0.024369881894176236,0.012948043270263799,427.05368318733946,0.02973507423404023,0.4354468116794237,False
2748,905.0261466527415,8055.934265083226,7623.934265083226,2913.9342650832264,2837.9342650832264,-0.023936770716108127,0.012459352040940863,410.9356192399476,0.028615448784935296,0.43540648740410925,False
2749,905.299810743755,8009.941246705531,7583.941246705531,2892.941246705531,2817.941246705531,-0.023734370690575574,0.012326691070409864,406.56018158516474,0.028264035101146924,0.43612637142209254,False
2750,905.5734572006868,7980.948229744201,7555.948229744201,2889.948229744201,2816.948229744201,-0.023765520014123326,0.012654322633997114,417.3661592172978,0.02910128345367986,0.4348372694331107,False
2751,905.8470859991659,7937.955214208407,7527.955214208407,2869.9552142084062,2796.9552142084062,-0.023031617602453206,0.011842010359499725,390.57439296493453,0.027166024900186738,0.43591251951691773,False
2752,906.1206971148209,7908.96220010731,7510.96220010731,2860.9622001073103,2792.9622001073103,-0.022423923547744466,0.011976861742071814,395.022075012968,0.02749389521260725,0.435618949205126,False
2753,906.3942905232803,7873.969187450072,7481.969187450072,2843.9691874500722,2781.9691874500722,-0.022177795632331437,0.012605224367774507,415.74679519519646,0.02891330571232267,0.4359662119991433,False
2754,906.667866200173,7834.9761762458475,7448.9761762458475,2838.9761762458475,2773.9761762458475,-0.021941094960327742,0.011882073775308696,391.89576862959393,0.027319200883405816,0.4349348952782175,False
2755,906.9414241211274,7796.9831665037855,7401.9831665037855,2812.983166503786,2744.983166503786,-0.022578503497293605,0.01195105573714681,394.17093872762035,0.02736148188359056,0.43678393546053473,False
2756,907.2149642617723,7781.990158233034,7389.990158233034,2812.990158233034,2744.990158233034,-0.022446817207450672,0.011819396187827957,389.8285300493509,0.027107913111968526,0.4360127664202055,False
2757,907.4884865977364,7744.997151442732,7350.997151442732,2796.9971514427316,2728.9971514427316,-0.022675007906885418,0.01198606618421355,395.3256568620758,0.02746979517477372,0.43633620520114724,False
2758,907.7619911046479,7704.004146142016,7311.004146142016,2781.004146142016,2711.004146142016,-0.02273947764809688,0.011668023082847975,384.8359268684775,0.0267197950557286,0.43668085995840766,False
2759,908.035477758136,7660.011142340019,7261.011142340019,2761.0111423400194,2691.0111423400194,-0.023232298161160365,0.012079634876416619,398.41174900760575,0.027634506559127834,0.43712142464243303,False
2760,908.3089465338293,7650.018140045868,7249.018140045868,2765.0181400458678,2695.0181400458678,-0.023383278433973167,0.012246986321503997,403.9313514308862,0.028099666365050867,0.43584098694980455,False
2761,908.582397407356,7616.025139268685,7217.025139268685,2745.025139268685,2676.025139268685,-0.023370150823998126,0.012314013687897505,406.14205486268827,0.028176906756046984,0.437025035945609,False
2762,908.8558303543451,7587.032140017588,7200.032140017588,2738.032140017588,2671.032140017588,-0.02273748874631898,0.011978060846806365,395.0616240075713,0.02743207555830144,0.43664435165867677,False
2763,909.1292453504253,7558.03914230169,7183.03914230169,2723.03914230169,2661.03914230169,-0.022100903726398658,0.01209828239110636,399.02678323820885,0.027665477512047728,0.4373061114104325,False
2764,909.4026423712249,7520.0461461301,7148.0461461301,2704.0461461301,2642.0461461301,-0.02203315806411705,0.011959457998938558,394.4480629826428,0.02729057495829283,0.43822667778952085,False
2765,909.6760213923728,7479.053151511922,7111.053151511922,2688.0531515119214,2627.0531515119214,-0.021912694859095954,0.011943702666404677,393.92841899876095,0.027241553388182127,0.4384369164346578,False
2766,909.9493823894977,7435.060158456254,7068.060158456254,2668.0601584562537,2609.0601584562537,-0.021984249563973695,0.012272724863316474,404.7802626409787,0.027959117843512207,0.4389525067281158,False
2767,910.2227253382282,7404.067166972191,7042.067166972191,2666.0671669721914,2604.0671669721914,-0.02177018682005008,0.011551282145470661,380.9855653702101,0.026383414594274363,0.437823622268267,False
2768,910.4960502141926,7371.074177068824,7004.074177068824,2656.0741770688237,2594.0741770688237,-0.022180044784365614,0.011922235727860834,393.22039424316256,0.027261450926849617,0.4373294642259376,False
2769,910.7693569930201,7333.081188755236,6964.081188755236,2644.0811887552363,2578.0811887552363,-0.02242266777275507,0.01144447137869289,377.46272177103356,0.026171385617338797,0.4372894712579076,False
2770,911.042645650339,7305.088202040509,6937.088202040509,2640.088202040509,2570.088202040509,-0.022448247598750234,0.010777839253198291,355.4757930451094,0.024684819651601114,0.4366181080241036,False
2771,911.315916161778,7269.095216933718,6897.095216933718,2623.0952169337174,2550.0952169337174,-0.022814136036188364,0.010556477181419364,348.1748066259277,0.024135265823165882,0.4373880635400702,False
2772,911.5891685029658,7217.102233443933,6846.102233443933,2600.102233443933,2533.102233443933,-0.02291947710689454,0.011581770601844931,381.9911387466315,0.026467685082451037,0.4375815476784569,False
2773,911.862402649531,7179.109251580221,6812.109251580221,2587.109251580221,2520.109251580221,-0.022788957974718443,0.011393557648241678,375.78347992265844,0.026038905078633094,0.4375590146296497,False
2774,912.1356185771023,7123.116271351643,6767.116271351643,2566.1162713516433,2502.1162713516433,-0.022266394919668298,0.011297551591690035,372.6169983776955,0.025808526588352164,0.43774492716638913,False
2775,912.4088162613083,7068.123292767255,6718.123292767255,2545.123292767256,2484.123292767256,-0.02205614664860566,0.011520468123991236,379.9692541722995,0.026312347409636335,0.4378350568513743,False
2776,912.6819956777775,7032.130315836112,6679.130315836112,2529.130315836111,2467.130315836111,-0.0223669932400039,0.011587875768818768,382.1924999861818,0.026436916196048724,0.43832176502305886,False
2777,912.9551568021387,6984.137340567256,6634.137340567256,2512.1373405672557,2452.1373405672557,-0.022328312943575707,0.011829724716942875,390.16918664960826,0.026998978475311117,0.43815452972639024,False
2778,913.2282996100207,6953.144366969732,6615.144366969732,2508.144366969732,2448.144366969732,-0.021641920120389214,0.011126414122920232,366.97252493533796,0.025445441940179444,0.4372655090478561,False
2779,913.5014240770519,6914.151395052577,6580.151395052577,2493.1513950525773,2434.1513950525773,-0.021502998892273962,0.01110193354391639,366.1651039828486,0.02537937125240965,0.4374392664618244,False
2780,913.7745301788611,6860.158424824824,6532.158424824824,2470.158424824824,2409.158424824824,-0.021277436024615654,0.010417988065790296,343.6071444953434,0.02376364029989622,0.4384003433108602,False
2781,914.0476178910769,6806.165456295501,6480.165456295501,2448.165456295501,2384.165456295501,-0.02131640775112392,0.009812033298540709,323.62148258508694,0.022342947727514793,0.439155720104802,False
2782,914.3206871893278,6799.17248947363,6463.17248947363,2447.17248947363,2383.17248947363,-0.022010312461099305,0.01050120758075134,346.35189902198255,0.023945789814533693,0.43854087345148757,False
2783,914.5937380492426,6771.179524368229,6427.179524368229,2430.179524368229,2363.179524368229,-0.022643897585524875,0.010502255281443983,346.38645439304,0.02388098236896923,0.43977484339549344,False
2784,914.86677044645,6765.1865609883125,6418.1865609883125,2437.1865609883125,2369.1865609883125,-0.02286744065174288,0.010577926434458908,348.8822480764202,0.024144892009721572,0.4381020395618198,False
2785,915.1397843565785,6714.193599342888,6363.193599342888,2412.193599342888,2346.193599342888,-0.023318722896686673,0.011270407807130569,371.7217393080581,0.025676040097180605,0.43894649503870076,False
2786,915.4127797552567,6670.20063944096,6322.20063944096,2397.2006394409595,2334.2006394409595,-0.023270623318242097,0.011704422144017542,386.03644441484107,0.02668694586554521,0.438582301736101,False
2787,915.6857566181135,6623.207681291526,6279.207681291526,2373.2076812915257,2313.2076812915257,-0.023163525916265807,0.012042406342759047,397.1838737150785,0.027387067210121338,0.43971142475265035,False
2788,915.9587149207773,6598.214724903581,6255.214724903581,2371.2147249035806,2314.2147249035806,-0.02318422217096542,0.012616991547679847,416.1349015224933,0.028796247965579204,0.4381470656441498,False
2789,916.2316546388769,6542.221770286113,6208.221770286113,2345.2217702861126,2289.2217702861126,-0.022758039481224904,0.012261989825673501,404.42619853500554,0.027905555312162603,0.4394103499645867,False
2790,916.5045757480409,6513.228817448106,6181.228817448106,2342.2288174481064,2285.2288174481064,-0.022721515068886217,0.012021887095568416,396.50710581230857,0.027437454045788966,0.4381560721889758,False
2791,916.7774782238979,6445.235866398541,6118.235866398541,2306.2358663985406,2246.2358663985406,-0.0226125995680601,0.011164235088989964,368.2199398940812,0.02532991427201424,0.4407529756752778,False
2792,917.0503620420765,6416.24291714639,6089.24291714639,2299.24291714639,2235.24291714639,-0.02271749821687223,0.010457368306779877,344.90598761846076,0.023741533916567897,0.4404672563924887,False
2793,917.3232271782053,6390.249969700624,6056.249969700624,2295.249969700624,2231.249969700624,-0.02331405472166783,0.011032291949662808,363.86817782124615,0.025120679867179734,0.43917171063815597,False
2794,917.5960736079134,6371.257024070207,6032.257024070207,2297.257024070207,2230.257024070207,-0.023745287595330095,0.010890615330383414,359.19538512030215,0.0248888397631268,0.43757022963031117,False
2795,917.8689013068288,6334.264080264098,5997.264080264098,2279.264080264098,2214.264080264098,-0.023742992733216846,0.011177761368040882,368.66606500873684,0.02550180028535427,0.43831263843989443,False
2796,918.1417102505807,6300.271138291253,5962.271138291253,2270.2711382912526,2203.2711382912526,-0.023947518161422238,0.010937735573979335,360.7495097984715,0.024982685438936406,0.437812644309746,False
2797,918.4145004147972,6248.2781981606195,5912.2781981606195,2245.2781981606195,2175.2781981606195,-0.024005496520893083,0.010250144306435966,338.07130451271905,0.023329444447140357,0.43936512631754476,False
2798,918.6872717751074,6221.285259881144,5884.285259881144,2234.2852598811437,2167.2852598811437,-0.02418639677071139,0.01096385366855874,361.61093945661804,0.024959851687567897,0.43925956795727517,False
2799,918.96002430714,6175.292323461765,5848.292323461765,2213.292323461765,2150.292323461765,-0.02362844842551583,0.011087175192253718,365.6783425237026,0.025193822128696895,0.4400751555527149,False
2800,919.2327579865231,6137.299388911419,5820.299388911419,2199.299388911418,2136.299388911418,-0.023031984706835217,0.010409747411921112,343.33535040929877,0.0236323020570703,0.440488082235168,False
2801,919.5054727888859,6084.306456239033,5779.306456239033,2173.3064562390327,2113.3064562390327,-0.02233535642965438,0.010176866093815354,335.65443503338355,0.023024496544093956,0.4420016774015341,False
2802,919.7781686898567,6056.313525453534,5755.313525453534,2166.313525453534,2111.313525453534,-0.022139362629033633,0.010970781253468865,361.83942576838797,0.02487696203750575,0.4410016479073597,False
2803,920.0508456650643,6025.320596563842,5726.320596563842,2152.3205965638417,2097.3205965638417,-0.02210450090871793,0.01086236105847199,358.2634998436085,0.02459539768244817,0.44164201769437605,False
2804,920.3235036901374,5988.32766957887,5699.32766957887,2136.32766957887,2084.32766957887,-0.021481929623891755,0.010780057995691249,355.54897183621193,0.02437561333164528,0.4422476615879116,False
2805,920.5961427407044,5948.334744507529,5662.334744507529,2120.334744507529,2070.334744507529,-0.021399860301425846,0.011036000951003702,363.9905084816025,0.024941638684247806,0.4424729702292425,False
2806,920.8687627923941,5916.341821358724,5630.341821358724,2114.341821358724,2061.341821358724,-0.02151849583436705,0.010493310174556517,346.0914259657278,0.023760335236105996,0.4416314025153557,False
2807,921.1413638208353,5866.348900141354,5579.348900141354,2091.3489001413536,2039.3489001413539,-0.021784368486730765,0.010849409201229922,357.8363203676144,0.024517514016196736,0.4425166921108966,False
2808,921.4139458016564,5825.355980864314,5531.355980864314,2083.355980864314,2025.355980864314,-0.02249086053930168,0.010228743584858797,337.3654637318665,0.023171068929784384,0.44144461422367276,False
2809,921.6865087104862,5757.363063536493,5453.363063536493,2048.363063536494,1989.3630635364939,-0.02355920497358968,0.010866319163207174,358.3940464575114,0.024507719910888775,0.44338352171142903,False
2810,921.9590525229534,5724.370148166778,5418.370148166778,2040.3701481667779,1979.3701481667779,-0.023859038351675556,0.010677093607971465,352.15298990326244,0.024119202970604263,0.44268020054329227,False
2811,922.2315772146864,5681.377234764046,5369.377234764046,2021.3772347640459,1957.3772347640459,-0.024529709589035692,0.010556872284608653,348.18783795959746,0.023802052094558924,0.4435278203185649,False
2812,922.5040827613138,5649.384323337172,5340.384323337172,2017.3843233371722,1952.3843233371722,-0.02442860810066111,0.01020527823753011,336.5915272539895,0.023083128494882345,0.4421098396516172,False
2813,922.7765691384644,5590.391413895026,5293.391413895026,1990.3914138950263,1928.3914138950263,-0.02370820768691118,0.009964907253862135,328.6635869649329,0.02246770979977815,0.4435212730921302,False
2814,923.0490363217673,5530.398506446472,5237.398506446472,1966.3985064464723,1906.3985064464723,-0.023640806559394954,0.010182959973660345,335.8554239996995,0.022934934895833543,0.4439934109213549,False
2815,923.3214842868504,5488.40560100037,5201.40560100037,1961.4056010003699,1905.4056010003699,-0.023325477871966722,0.010745504238420392,354.4093162911636,0.02433829522541767,0.441506035607553,False
2816,923.5939130093426,5438.412697565573,5158.412697565573,1944.412697565573,1888.412697565573,-0.022956076410364405,0.010264539869851099,338.5461004528987,0.023246532282650827,0.4415514428150495,False
2817,923.8663224648727,5390.419796150931,5109.419796150931,1924.4197961509306,1866.4197961509306,-0.023251002261547603,0.009960518648356087,328.518841530716,0.02251766073716812,0.4423425134883149,False
2818,924.1387126290692,5356.426896765286,5072.426896765286,1912.4268967652865,1852.4268967652865,-0.023659385393348376,0.009815620532270999,323.7397970936965,0.022188083600084535,0.44238252880179346,False
2819,924.411083477561,5335.43399941748,5046.43399941748,1906.4339994174798,1846.4339994174798,-0.024185154311500777,0.010297168134904982,339.6222492173435,0.023307338788234405,0.4417993932496066,False
2820,924.6834349859763,5313.441104116344,5019.441104116344,1901.441104116344,1841.441104116344,-0.024720508302007282,0.010795463450735862,356.0570761250729,0.02448532428495303,0.44089526138602136,False
2821,924.9557671299441,5273.448210870707,4978.448210870707,1884.4482108707075,1825.4482108707075,-0.025000691609359818,0.011186001356687252,368.937837154335,0.025346835128593367,0.44131747809684135,False
2822,925.2280798850927,5247.455319689394,4959.455319689394,1881.4553196893937,1827.4553196893937,-0.02451476739348666,0.011867625617924085,391.4192380297513,0.027001269291199788,0.43952102732414744,False
2823,925.5003732270512,5199.462430581221,4915.462430581221,1862.4624305812213,1804.4624305812213,-0.024394063409706183,0.01065438680444135,351.4040717942833,0.024184629301449014,0.4405437301370171,False
2824,925.772647131448,5173.469543555003,4892.469543555003,1849.4695435550027,1791.4695435550027,-0.02425376593736344,0.010416011247224494,343.5419448638703,0.02359089739607229,0.44152670720184994,False
2825,926.0449015739116,5157.4766586195465,4869.4766586195465,1841.4766586195462,1780.4766586195462,-0.024954982722504113,0.010325048945799515,340.5418169647038,0.023354104897705414,0.4421085282876318,False
2826,926.317136530071,5131.483775783654,4842.483775783654,1825.4837757836544,1762.4837757836544,-0.025174785796647337,0.009921936205325063,327.24631146120316,0.022351535195793814,0.4439040145749007,False
2827,926.5893519755546,5122.490895056125,4833.490895056125,1829.4908950561248,1766.4908950561248,-0.025220290299089444,0.010001441164386112,329.8685521264514,0.022620007102224494,0.4421502221103437,False
2828,926.8615478859911,5080.49801644575,4794.49801644575,1815.4980164457497,1754.4980164457497,-0.025163142851054966,0.010320245656412635,340.3833943844525,0.023362165641808586,0.44175038455954085,False
2829,927.133724237009,5036.505139961317,4752.505139961317,1793.5051399613162,1734.5051399613162,-0.025206686263722865,0.010679651766732417,352.23736335631946,0.02410284180058545,0.44308682997176757,False
2830,927.4058810042371,5005.512265611606,4720.512265611606,1783.5122656116064,1723.5122656116064,-0.025459399490287728,0.010597677536892657,349.5336809505065,0.023929350855157874,0.4428735907229331,False
2831,927.6780181633043,4970.519393405397,4688.519393405397,1767.5193934053968,1709.5193934053968,-0.025366055871247385,0.010875900206252398,358.71004939601227,0.02451737862412556,0.44359963489531906,False
2832,927.9501356898387,4945.526523351459,4663.526523351459,1760.526523351459,1703.526523351459,-0.025498084256323692,0.01120441168274163,369.5450484051853,0.025293966662942147,0.4429677571749576,False
2833,928.2222335594694,4906.533655458559,4629.533655458559,1742.533655458559,1684.533655458559,-0.025237536505093038,0.010536053864350303,347.50120270020744,0.02371246295492628,0.4443255803658064,False
2834,928.4943117478248,4871.540789735458,4601.540789735458,1727.540789735458,1670.540789735458,-0.02476306715339063,0.010191840974172781,336.14833806401475,0.02289570160291039,0.4451421123027409,False
2835,928.7663702305335,4836.547926190911,4573.547926190911,1716.5479261909118,1661.5479261909118,-0.024282261214819165,0.010139200454901938,334.4121430907453,0.022794454537405917,0.4448099619257576,False
2836,929.0384089832244,4801.55506483367,4541.55506483367,1704.5550648336707,1647.5550648336707,-0.02417732954035591,0.009406232638168633,310.2373238334907,0.021134383214344986,0.4450677619862662,False
2837,929.310427981526,4776.56220567248,4525.56220567248,1699.5622056724799,1646.5622056724799,-0.023442899157359223,0.00968397695757427,319.3979152920425,0.02181388435761536,0.4439363846812333,False
2838,929.5824272010668,4735.569348716079,4488.569348716079,1680.5693487160793,1628.5693487160793,-0.023264261446132223,0.00961407978598217,317.09255965260485,0.02159939649907586,0.44510872266239065,False
2839,929.8544066174758,4710.5764939732035,4460.5764939732035,1667.5764939732037,1615.5764939732037,-0.023683069154855914,0.00992483016173526,327.341760226562,0.02225169118878379,0.4460258807985785,False
2840,930.1263662063814,4689.583641452582,4442.583641452582,1661.5836414525822,1613.5836414525822,-0.023498673051869416,0.010767947539743956,355.1495435435024,0.02418523770175631,0.44522810453758727,False
2841,930.3983059434121,4646.590791162939,4401.590791162939,1642.5907911629392,1594.5907911629392,-0.023524762949472703,0.010644630924754938,351.0823023758582,0.023851765376745264,0.44628272820145737,False
2842,930.6702258041969,4619.597943112994,4374.597943112994,1635.5979431129933,1585.5979431129933,-0.023666034885186142,0.010182552921652405,335.8419985688748,0.02283921664859811,0.4458363471182107,False
2843,930.9421257643643,4592.605097311458,4346.605097311458,1631.605097311458,1581.605097311458,-0.023908918530340856,0.010391921083636317,342.7474006324231,0.023392157059570515,0.4442480895272817,False
2844,931.2140057995427,4560.612253767042,4321.612253767042,1625.6122537670412,1577.6122537670412,-0.023377351539360332,0.010360658137697893,341.7162829622379,0.023396687404401498,0.442825856439352,False
2845,931.4858658853611,4514.619412488446,4275.619412488446,1603.6194124884457,1557.6194124884457,-0.023622104458127915,0.010982150653925174,362.21441249334356,0.02473297122586558,0.4440287644227764,False
2846,931.757705997448,4483.626573484369,4244.626573484369,1590.6265734843694,1542.6265734843694,-0.023789945828143214,0.010482520500708395,345.7355598428664,0.023565761208565312,0.44481994058814334,False
2847,932.0295261114321,4450.633736763504,4203.633736763504,1573.6337367635037,1521.6337367635037,-0.02479698678989313,0.010203457662119022,336.5314808501739,0.022856364782713346,0.4464164690719352,False
2848,932.301326202942,4426.640902334536,4177.640902334536,1565.640902334536,1513.640902334536,-0.02514318602156965,0.010473882220765486,345.45065121312047,0.0234763982461118,0.4461451927575895,False
2849,932.5731062476062,4381.648070206147,4138.648070206147,1548.648070206147,1495.648070206147,-0.024778994752120805,0.009655674020532289,318.4644249370514,0.02160797694395246,0.44685691981149,False
2850,932.8448662210536,4360.655240387013,4118.655240387013,1546.655240387013,1492.655240387013,-0.024796312031119955,0.009362304647475424,308.7884863660073,0.021016355314208854,0.445477082372399,False
2851,933.1166060989128,4310.662412885805,4076.6624128858048,1523.662412885805,1474.662412885805,-0.02423926350272164,0.01004312022229261,331.24321506348576,0.022486257211011662,0.44663369844290635,False
2852,933.3883258568122,4275.669587711188,4041.669587711188,1510.6695877111877,1461.6695877111877,-0.02444333028625432,0.010123054948401095,333.8796303493071,0.022658155620551193,0.44677312301709915,False
2853,933.6600254703808,4248.676764871821,4017.6767648718214,1504.6767648718212,1454.6767648718212,-0.024278698233581513,0.00960198559061675,316.6936676680647,0.021528657867513616,0.4460094841818256,False
2854,933.9317049152471,4210.68394437636,3983.68394437636,1490.68394437636,1439.68394437636,-0.02406776905664651,0.008949356542900775,295.16858988104275,0.0200436932394614,0.4464923921945463,False
2855,934.2033641670396,4186.691126233452,3956.691126233453,1484.691126233453,1432.691126233453,-0.024538772957308542,0.00905523110458825,298.66055546848565,0.020316546907016213,0.44570719355172866,False
2856,934.475003201387,4161.698310451744,3928.698310451744,1480.6983104517437,1428.6983104517437,-0.025021914083102666,0.009495864391060451,313.1935674452875,0.021384380924768607,0.4440560811401279,False
2857,934.7466219939181,4112.705497039871,3876.705497039871,1452.7054970398708,1399.7054970398708,-0.025664801558188104,0.009523889857187638,314.1179062262786,0.021297279910709854,0.4471880867940473,False
2858,935.0182205202615,4082.7126860064664,3843.7126860064664,1448.7126860064664,1394.7126860064664,-0.026197901163374254,0.009700389190879441,319.9392252441338,0.021792928886082738,0.4451163605216113,False
2859,935.2897987560456,4036.719877360158,3800.719877360158,1427.719877360158,1372.719877360158,-0.026162751001905467,0.009101667428446023,300.19212303612596,0.020369201254895306,0.4468347734675472,False
2860,935.5613566768994,4026.727071109568,3791.727071109568,1430.7270711095678,1375.7270711095678,-0.026115125181814518,0.00909061383542143,299.82755230407986,0.02043522971202317,0.4448500928801854,False
2861,935.8328942584513,3975.734267263312,3746.734267263312,1407.734267263312,1354.734267263312,-0.025764456676750966,0.009097890465735024,300.06755086693204,0.02038296608094585,0.4463477214064444,False
2862,936.1044114763301,3946.7414658300013,3725.7414658300013,1397.7414658300013,1348.7414658300013,-0.025025963218996052,0.009527823644403386,314.2476507972766,0.021360538344726888,0.4460479174559496,False
2863,936.3759083061644,3918.7486668182414,3699.7486668182414,1391.7486668182414,1340.7486668182414,-0.0249751880667194,0.008761747898158055,288.980862433517,0.019680222995896772,0.44520572251568674,False
2864,936.6473847235827,3896.7558702366323,3679.7558702366323,1379.7558702366323,1331.7558702366323,-0.02488419152621846,0.009506560843014857,313.5463589141465,0.02130810387916799,0.4461476674284946,False
2865,936.918840704214,3864.763076093768,3649.763076093768,1369.7630760937684,1321.7630760937684,-0.02485820205293813,0.00936636258303451,308.9223256103217,0.021010506113798042,0.44579423895378806,False
2866,937.1902762236864,3849.770284398239,3637.770284398239,1366.7702843982388,1318.7702843982388,-0.02459954490955404,0.009073169588565152,299.25220437583255,0.020379861857911033,0.44520270313035215,False
2867,937.461691257629,3800.777495158627,3593.777495158627,1341.777495158627,1290.777495158627,-0.024321261178273105,0.007492142570066199,247.10661006666862,0.016706905005470823,0.44844587118995594,False
2868,937.7330857816704,3783.784708383511,3577.784708383511,1335.7847083835109,1288.7847083835109,-0.02431221419602974,0.00875612117185555,288.79528117296525,0.019553123474918187,0.4478118896496247,False
2869,938.0044597714389,3767.7919240814626,3559.7919240814626,1330.7919240814629,1296.7919240814629,-0.02466229745485822,0.013422437999488637,442.70021851097374,0.030144794369890038,0.4452655352293783,False
2870,938.2758132025637,3740.79914226105,3530.79914226105,1319.7991422610498,1278.7991422610498,-0.02509137748916567,0.011385872013457058,375.529991532645,0.025485226873142475,0.4467636121166346,False
2871,938.5471460506728,3718.8063629308335,3506.8063629308335,1315.8063629308335,1269.8063629308335,-0.025491779482224815,0.010037296239654093,331.05112787434945,0.022495417231941314,0.44619293503932456,False
2872,938.8184582913955,3681.81358609937,3472.81358609937,1301.8135860993696,1255.8135860993696,-0.02538032411049705,0.009756701649699525,321.79652850196896,0.02184492794799141,0.44663464548513787,False
2873,939.0897499003598,3646.8208117752083,3443.8208117752083,1293.820811775208,1249.820811775208,-0.024873878335892458,0.009847497804041006,324.7911765210892,0.02212341455218312,0.445116542964624,False
2874,939.3610208531949,3608.828039966894,3408.828039966894,1276.828039966894,1231.828039966894,-0.024761094916037837,0.009178769082383431,302.73509764677056,0.020550507825498623,0.44664439245606447,False
2875,939.6322711255292,3570.8352706829664,3371.8352706829664,1257.8352706829664,1211.8352706829664,-0.02490346660488546,0.008723286648567061,287.7123295783989,0.019437588674974228,0.44878440399339437,False
2876,939.9035006929913,3557.842503931959,3359.842503931959,1262.8425039319593,1217.8425039319593,-0.0248677992638288,0.009109735894892279,300.4582380190333,0.020458321651994654,0.4452826605160005,False
2877,940.1747095312098,3522.8497397224,3328.8497397224,1244.8497397224,1201.8497397224,-0.02459992752508819,0.009333168435279883,307.82751284494964,0.0208744064272639,0.4471106025362189,False
2878,940.4458976158137,3491.8569780628113,3302.8569780628113,1228.8569780628115,1186.8569780628115,-0.024166679193239626,0.009063726777237147,298.94076060992165,0.02018542892875562,0.44902324390665815,False
2879,940.7170649224313,3452.8642189617103,3265.8642189617103,1208.8642189617103,1167.8642189617103,-0.02418137579342623,0.009196205377781206,303.31018331920285,0.02038148583323329,0.45120387458632766,False
2880,940.9882114266912,3436.8714624276076,3246.8714624276076,1208.8714624276076,1167.8714624276076,-0.024698193947277163,0.009713114888681438,320.35894550641876,0.021636309218075224,0.4489266071575178,False
2881,941.2593371042225,3406.8787084690093,3212.8787084690093,1195.8787084690093,1154.8787084690093,-0.02546234159216538,0.010311582551201973,340.0976669651945,0.022939415352164733,0.4495137470985674,False
2882,941.5304419306533,3374.885957094415,3184.885957094415,1190.8859570944153,1147.8859570944153,-0.02516521595925722,0.009193784745400859,303.23034577525164,0.020531371748642453,0.4477920354254341,False
2883,941.8015258816125,3337.89320831232,3145.89320831232,1173.8932083123198,1130.8932083123198,-0.02572846204894136,0.009521467959595301,314.0380269529768,0.0212020173207174,0.44908311391159306,False
2884,942.0725889327286,3296.9004621312115,3104.9004621312115,1154.9004621312113,1113.9004621312113,-0.02605815341767832,0.010359982413539269,341.69399615914847,0.02300269275158747,0.45038128906992,False
2885,942.3436310596306,3277.9077185595734,3090.9077185595734,1156.9077185595734,1116.9077185595734,-0.025510683852961027,0.010229257486464437,337.3824132870157,0.022874860839409095,0.44718337559638155,False
2886,942.6146522379469,3242.914977605883,3060.914977605883,1143.9149776058832,1104.9149776058832,-0.025084296078454846,0.010019410372232387,330.4612143715903,0.022388137356976142,0.44753211097797463,False
2887,942.8856524433061,3203.9222392786123,3020.9222392786123,1124.9222392786123,1085.9222392786123,-0.02554242064245882,0.010218645351966198,337.0324027850923,0.022735881926385926,0.44945014163303865,False
2888,943.1566316513367,3182.929503586227,3000.929503586227,1118.9295035862272,1080.9295035862272,-0.025571226547222405,0.01056587212296949,348.4846715459443,0.02354557235262948,0.4487413584486314,False
2889,943.4275898376678,3159.936770537188,2979.936770537188,1114.936770537188,1074.936770537188,-0.025471343448604578,0.009604023872855711,316.76089450067207,0.02145545796506792,0.4476261419584808,False
2890,943.6985269779278,3139.9440401399497,2963.9440401399497,1113.9440401399497,1073.9440401399497,-0.025051908359258527,0.00917018632839025,302.45202037955903,0.02058525938802426,0.44547344075368434,False
2891,943.9694430477452,3099.951312402961,2925.951312402961,1096.9513124029609,1056.9513124029609,-0.02508777766829406,0.008955407942375954,295.3681777554708,0.020048381683728883,0.4466898168466184,False
2892,944.2403380227488,3083.958587334665,2906.958587334665,1098.9585873346653,1059.9585873346653,-0.025669692697614082,0.009977263402038718,329.0711187037971,0.022514996161498404,0.44313857885973174,False
2893,944.5112118785672,3058.9658649435005,2879.9658649435005,1087.9658649435003,1046.9658649435003,-0.026187290436567458,0.00950454316395179,313.47981161758685,0.021396648965327895,0.44420708959395394,False
2894,944.7820645908293,3028.9731452378983,2847.9731452378983,1066.973145237898,1028.973145237898,-0.02675953307645538,0.011010084749919994,363.135737695314,0.02459601733486158,0.4476368917790062,False
2895,945.0528961351633,3003.9804282262844,2822.9804282262844,1057.9804282262844,1015.9804282262844,-0.02698923160522113,0.009396939735803172,309.9308243802657,0.02095094730339845,0.4485209952429643,False
2896,945.3237064871981,2984.9877139170803,2808.9877139170803,1059.98771391708,1019.9877139170801,-0.026392708263337186,0.009686817356079222,319.4915976051102,0.02177799957160636,0.44479830777059365,False
2897,945.5944956225625,2949.9950023187,2777.9950023187,1041.9950023186998,1001.9950023186998,-0.02608982013070255,0.009089739545113159,299.7987163719988,0.020316317942419823,0.44741077447572686,False
2898,945.8652635168849,2930.002293439552,2759.002293439552,1032.0022934395522,994.0022934395522,-0.026115898805723882,0.009822622808596956,323.97074688535827,0.0219119986466895,0.4482759864573547,False
2899,946.1360101457938,2908.009587288041,2741.009587288041,1027.009587288041,987.0095872880411,-0.025685279412325214,0.008432152788762831,278.1101229333625,0.0188299547729399,0.44780525978110614,False
2900,946.406735484918,2879.016883872563,2714.016883872563,1010.0168838725633,973.0168838725633,-0.02563166671328493,0.009423409267261165,310.8038451653705,0.020931426455458695,0.4502038734585927,False
2901,946.6774395098864,2862.024183201511,2700.024183201511,1010.0241832015108,974.0241832015108,-0.025305645085743705,0.009543612516495034,314.768400986272,0.02132318626291339,0.44756972052970706,False
2902,946.9481221963274,2838.03148528327,2678.03148528327,1003.0314852832696,964.0314852832696,-0.02520153058370722,0.00797818299041449,263.1372447622099,0.01781983805424937,0.44771355194846957,False
2903,947.2187835198696,2816.0387901262197,2658.0387901262197,997.0387901262197,960.0387901262197,-0.025077318257587602,0.008654044199329188,285.4285680583969,0.01937763727982285,0.44659955568165655,False
2904,947.4894234561418,2787.0460977387356,2634.0460977387356,981.0460977387356,945.0460977387356,-0.024520780838607842,0.008284359368434403,273.2355852766141,0.018437854065899505,0.44931255767753275,False
2905,947.7600419807726,2751.0534081291853,2604.0534081291853,962.0534081291853,930.0534081291853,-0.02384913453537469,0.009157840633093817,302.0448333986541,0.020273226783281743,0.4517209189730864,False
2906,948.0306390693904,2737.060721305932,2593.060721305932,962.0607213059322,932.0607213059322,-0.02347174558298366,0.009713468222622796,320.37059920249476,0.02162271375587033,0.4492252143876111,False
2907,948.3012146976242,2724.0680372773327,2581.0680372773327,963.0680372773327,931.0680372773327,-0.023418497715495017,0.008742946138964987,288.3607408949798,0.019550874932046335,0.44718950785339034,False
2908,948.5717688411025,2705.0753560517383,2567.0753560517383,961.0753560517383,930.0753560517383,-0.02274075037797539,0.00850144633477153,280.395569732269,0.019097026644103288,0.4451712035180396,False
2909,948.842301475454,2679.082677637494,2539.082677637494,946.0826776374938,915.0826776374938,-0.023309273722949497,0.008840517216661637,291.5788401269006,0.019749309865089718,0.44763676690742304,False
2910,949.1128125763073,2657.090002042939,2517.090002042939,936.0900020429392,906.0900020429392,-0.023507520632996392,0.009361252219093,308.7537750658036,0.020876638112943793,0.44840803238759497,False
2911,949.383302119291,2641.0973292764074,2496.0973292764074,931.0973292764074,899.0973292764074,-0.024522890446175408,0.009334517126795906,307.87199552602965,0.02083030009808287,0.44812206654934433,False
2912,949.6537700800338,2627.1046593462265,2479.1046593462265,927.1046593462265,893.1046593462265,-0.025182513091257006,0.008956104473251441,295.391150807817,0.019997082413033496,0.44787055872781334,False
2913,949.9242164341642,2609.1119922607186,2463.1119922607186,919.1119922607184,883.1119922607184,-0.025008562247847806,0.007655911908526006,252.5080670839642,0.01703978278414004,0.4492963323248362,False
2914,950.1946411573111,2586.1193280281987,2438.1193280281987,905.1193280281989,871.1193280281989,-0.0255936027801964,0.008965413598371524,295.6981853215889,0.019858710214993486,0.4514600143368105,False
2915,950.4650442251032,2563.126666656978,2418.126666656978,896.1266666569782,863.1266666569782,-0.025291022632623512,0.008996156042949184,296.7121357628283,0.019907290297005283,0.4519025898920309,False
2916,950.7354256131687,2554.134008155361,2407.134008155361,897.1340081553606,863.1340081553606,-0.025743411058809344,0.008964319519322302,295.6621002948467,0.01992495184671318,0.4499041999341673,False
2917,951.0057852971365,2526.1413525316443,2382.1413525316443,885.1413525316443,848.1413525316443,-0.025490119976288115,0.006945727609777831,229.0846961396652,0.015367600756939936,0.45197215359991527,False
2918,951.2761232526354,2516.148699794122,2374.148699794122,882.1486997941217,846.1486997941217,-0.025228386953685303,0.007133280043144143,235.27056961784353,0.01579459682013544,0.451627865172881,False
2919,951.5464394552938,2506.1560499510797,2364.1560499510797,881.1560499510795,849.1560499510795,-0.025331970097844415,0.009266650847939224,305.6336229978401,0.020623632362045487,0.4493219567370208,False
2920,951.8167338807406,2491.163403010798,2347.163403010798,874.163403010798,839.163403010798,-0.025858890142163273,0.008112804875880376,267.5773575132896,0.017998330393996686,0.4507531920064313,False
2921,952.0870065046042,2468.1707589815524,2324.1707589815524,857.1707589815521,822.1707589815521,-0.026107169906888637,0.008001849314081374,263.9178098621627,0.017574626636976485,0.45530693080248563,False
2922,952.3572573025133,2472.178117871611,2328.178117871611,869.1781178716108,833.1781178716108,-0.026063554950412262,0.007692626168196531,253.71898053942084,0.017089990481099656,0.4501246607892521,False
2923,952.6274862500966,2457.1854796892367,2310.1854796892367,860.1854796892364,825.1854796892364,-0.02679109043068233,0.008750560573364076,288.61188094661884,0.019382350674737887,0.4514705527833204,False
2924,952.8976933229827,2451.1928444426862,2304.1928444426862,861.1928444426862,826.1928444426862,-0.026858656544897035,0.008839673168228868,291.55100163544057,0.01964995238675282,0.44985723091055463,False
2925,953.1678784968003,2435.200212140211,2288.200212140211,850.2002121402111,817.2002121402111,-0.02704065139374481,0.009847913098993966,324.8048738215666,0.021783104757490852,0.45208950737876014,False
2926,953.4380417471781,2426.2075827900558,2286.2075827900558,857.2075827900558,824.2075827900558,-0.025812294858468643,0.008762896495754093,289.01874559652856,0.019583620073841113,0.44746050335500337,False
2927,953.7081830497444,2405.2149564004594,2264.2149564004594,846.2149564004592,814.2149564004592,-0.026236240939669548,0.009494619669795291,313.15251392162145,0.02114963717545859,0.44892588894208385,False
2928,953.9783023801284,2396.2223329796548,2255.2223329796548,846.2223329796548,814.2223329796548,-0.026337747898681606,0.009596275416039978,316.5053341080237,0.021456441853862692,0.44724449102041636,False
2929,954.2483997139584,2385.229712535869,2245.229712535869,844.2297125358691,811.2297125358691,-0.026269429786989235,0.008952645755522036,295.27707502705096,0.02004653151357101,0.44659325477134604,False
2930,954.5184750268631,2373.237095077324,2238.237095077324,838.2370950773236,807.2370950773236,-0.02543503881785794,0.009069273646646798,299.1237080222918,0.020269268388886888,0.44743961511799035,False
2931,954.788528294471,2341.244480612233,2208.244480612233,816.2444806122332,785.2444806122332,-0.02539961293837731,0.008584247792337477,283.1265358472824,0.018935796788766016,0.4533343850325975,False
2932,955.0585594924111,2333.2518691488067,2203.2518691488067,816.2518691488067,787.2518691488067,-0.02489747517827045,0.009186986838140836,303.0061365049579,0.02034572058235149,0.45154394020872934,False
2933,955.3285685963116,2331.2592606952476,2204.2592606952476,821.2592606952473,797.2592606952473,-0.02432790028987681,0.01144719305970357,377.5524885316019,0.025586797976425654,0.4473866980249119,False
2934,955.5985555818015,2310.266655259752,2181.266655259752,810.2666552597523,784.2666552597523,-0.024953349448478525,0.01078913306952184,355.84828684649233,0.023995069904461916,0.4496395764829836,False
2935,955.8685204245093,2291.274052850512,2164.274052850512,800.2740528505121,774.2740528505121,-0.024764784252487234,0.010420753798014807,343.6983641575373,0.023073758823465056,0.4516279240735295,False
2936,956.1384631000637,2283.281453475712,2157.281453475712,799.2814534757122,774.2814534757122,-0.024652639226159432,0.010851760149429367,357.91385958080656,0.024091796284364655,0.4504338332161664,False
2937,956.4083835840934,2280.288857143531,2153.288857143531,802.288857143531,776.288857143531,-0.02488757202060656,0.010580163961722233,348.95604642873406,0.023597000299260765,0.4483690226530057,False
2938,956.6782818522267,2255.2962638621416,2134.2962638621416,789.2962638621416,761.2962638621416,-0.02394889631588776,0.008262547695547406,272.5161904577643,0.018286758316910613,0.4518322795301913,False
2939,956.9481578800927,2244.3036736397107,2124.3036736397107,791.3036736397107,764.3036736397107,-0.023865020199340944,0.008787785282642289,289.8396301030763,0.019600517873646937,0.4483445457559844,False
2940,957.2180116433199,2231.3110864843993,2109.3110864843993,785.3110864843991,758.3110864843991,-0.024419487974294198,0.009225164811196288,304.2653263045007,0.02055033496643952,0.44890581230241666,False
2941,957.4878431175367,2220.3185024043614,2094.3185024043614,778.3185024043614,750.3185024043614,-0.025372548467755822,0.009460849750526221,312.0387110014601,0.020999494557226432,0.45052749839974193,False
2942,957.757652278372,2212.325921407746,2080.325921407746,773.3259214077461,744.3259214077461,-0.026717727383606216,0.01011830338933192,333.7229139436681,0.0224140219374735,0.45142738851412273,False
2943,958.0274391014544,2195.333343502696,2064.333343502696,766.3333435026959,738.3333435026959,-0.02672064623865355,0.01055540574702046,348.13946846735064,0.023362744135976034,0.45180504848171094,False
2944,958.2972035624126,2198.340768697347,2070.340768697347,775.3407686973469,748.3407686973469,-0.02605317982108167,0.010659965034616341,351.5880535506131,0.023833272008602847,0.44727241105495397,False
2945,958.5669456368751,2187.3481969998297,2060.3481969998297,767.3481969998297,741.3481969998297,-0.02597730054740415,0.011007059201313656,363.0359487427263,0.024491594228773818,0.449421915882555,False
2946,958.8366653004707,2170.3556284182678,2044.355628418268,761.355628418268,733.355628418268,-0.025974455691984016,0.009701522522002681,319.9766048867831,0.021554504551635552,0.4500925780391706,False
2947,959.106362528828,2153.36306296078,2030.36306296078,755.3630629607801,726.3630629607801,-0.025543555253297285,0.008541562436124146,281.71868307690056,0.018952158972335473,0.4506907338943438,False
2948,959.3760372975754,2130.370500635478,2010.370500635478,742.370500635478,716.370500635478,-0.025179036802005648,0.009696024450977935,319.7952669477191,0.021404669085685973,0.452986421428117,False
2949,959.6456895823418,2115.3779414504675,1999.3779414504675,734.3779414504675,707.3779414504675,-0.02449307498835939,0.008224964375658988,271.27661356960107,0.018062717525636415,0.4553558656932599,False
2950,959.9153193587559,2108.385385413848,1992.3853854138479,736.3853854138479,707.3853854138479,-0.02457664975047265,0.007127572052357561,235.08230808379324,0.015724398904277605,0.4532810504075042,False
2951,960.1849266024462,2103.392832533713,1984.392832533713,735.3928325337131,708.3928325337131,-0.02529273996465218,0.009047505619572373,298.40575273408206,0.0200220430139213,0.4518772441594324,False
2952,960.4545112890415,2098.40028281815,1982.4002828181501,741.4002828181501,713.4002828181501,-0.024696985125234976,0.00797751493627685,263.1152109325343,0.017813043163378336,0.44784683128583813,False
2953,960.7240733941702,2083.4077362752405,1968.4077362752405,732.4077362752405,705.4077362752405,-0.024659209247061963,0.008346504535535638,275.2852635136203,0.018554050995243657,0.44984809719857244,False
2954,960.9936128934611,2082.4151929130585,1973.4151929130587,740.4151929130587,714.4151929130587,-0.023348856222276875,0.007824216347912572,258.059101262378,0.01757540368879337,0.4451798938138496,False
2955,961.2631297625429,2077.422652739674,1969.422652739674,739.422652739674,714.422652739674,-0.023185934002594517,0.008248399243479677,272.0495447692378,0.01855624842912734,0.4445079119835637,False
2956,961.5326239770441,2054.430115763149,1947.430115763149,727.4301157631489,701.4301157631489,-0.023229490922144828,0.007422622239737706,244.81368344420605,0.016598408758813746,0.447188784635533,False
2957,961.8020955125934,2031.4375819915397,1924.4375819915397,709.4375819915397,683.4375819915397,-0.02349965315163443,0.007284318760150215,240.2521439804708,0.0160714061794325,0.4532471321316224,False
2958,962.0715443448195,2036.445051432897,1925.445051432897,719.4450514328969,695.4450514328969,-0.024341566998150568,0.009606758443072036,316.85108637433507,0.0214881834774702,0.4470716872435714,False
2959,962.3409704493511,2028.4525240952644,1916.4525240952644,719.4525240952644,693.4525240952644,-0.024666782471536284,0.008681375166553342,286.33000080576426,0.019472737527821405,0.4458220193308695,False
2960,962.6103738018166,2024.4599999866798,1915.4599999866798,721.4599999866798,694.4599999866798,-0.024036113077587243,0.007471091617555704,246.41230540483184,0.016813097780725515,0.4443613969889916,False
2961,962.8797543778448,2007.4674791151751,1897.4674791151751,708.4674791151751,682.4674791151751,-0.024474177241449832,0.00823621892315891,271.6478122026399,0.018375783515298998,0.44821048943582403,False
2962,963.1491121530644,1997.4749614887753,1889.4749614887753,701.4749614887753,677.4749614887753,-0.024140202896378603,0.009021277938724964,297.5407086904718,0.02004913189192342,0.4499585312399032,False
2963,963.418447103104,1979.4824471154998,1874.4824471154998,689.4824471154998,666.4824471154998,-0.023670277048022343,0.008935778748324975,294.7207656760934,0.019701401990562927,0.45356055130519435,False
2964,963.6877592035922,1982.4899360033614,1880.4899360033614,700.4899360033614,676.4899360033614,-0.022939977814568326,0.007799417767793125,257.24119196467376,0.017412936803032013,0.44790938231826916,False
2965,963.9570484301578,1970.4974281603666,1866.4974281603666,689.4974281603666,668.4974281603666,-0.023548476522611515,0.01011556672097211,333.63265286882273,0.022429918704929892,0.450985438424652,False
2966,964.2263147584292,1955.5049235945157,1847.5049235945157,678.5049235945157,654.5049235945157,-0.024673309299786814,0.009033223752824365,297.934706748969,0.01984498270165315,0.45518929840497513,False
2967,964.4955581640352,1950.512422313803,1843.512422313803,678.512422313803,653.512422313803,-0.024502652167381365,0.008198696263014851,270.4102360003493,0.018039270292364785,0.45449156923409434,False
2968,964.7647786226044,1950.5199243262164,1843.5199243262164,682.5199243262164,659.5199243262164,-0.024502555217036193,0.00961514153235759,317.1275782798037,0.021308856011756465,0.45122748621759656,False
2969,965.0339761097655,1945.5274296397372,1838.5274296397372,683.5274296397372,662.5274296397372,-0.02456724457646238,0.01101516071699799,363.30315375897317,0.02454501569960117,0.4487738305735521,False
2970,965.303150601147,1936.5349382623408,1832.5349382623408,685.5349382623408,662.5349382623408,-0.023973073327079954,0.009152265228498232,301.8609448358723,0.020501485619649797,0.44641961067085684,False
2971,965.5723020723776,1910.542450201996,1812.542450201996,664.542450201996,645.542450201996,-0.022868505040139136,0.010270582942983794,338.74541370705,0.022647437756932665,0.453498671823917,False
2972,965.8414304990861,1902.5499654666653,1807.5499654666653,662.5499654666653,642.5499654666653,-0.022245760011931008,0.008934028917562157,294.6630525794796,0.019693641850356297,0.45365042105711506,False
2973,966.110535856901,1888.5574840643055,1796.5574840643055,655.5574840643055,635.5574840643055,-0.02168909066470126,0.008233148019797631,271.54652735490083,0.018078823915829424,0.45540285463972396,False
2974,966.379618121451,1885.5650060028663,1792.5650060028663,653.5650060028663,633.5650060028663,-0.021966595583121615,0.008468986626329224,279.3249803191715,0.0185756702626248,0.45591822564643925,False
2975,966.6486772683648,1888.5725312902916,1795.5725312902916,659.5725312902916,641.5725312902916,-0.021930715782198018,0.009913916664850723,326.98181015968976,0.02193761065030859,0.4519141497623063,False
2976,966.9177132732709,1881.5800599345184,1790.5800599345184,658.5800599345184,641.5800599345184,-0.02152895813963552,0.010171238632707238,335.46882953739834,0.02256121454467321,0.45082850537887853,False
2977,967.1867261117981,1870.587591943478,1781.587591943478,655.587591943478,638.587591943478,-0.021170869893067854,0.009760620382843147,321.9257765580252,0.021667780511942583,0.45046701379790177,False
2978,967.4557157595748,1859.5951273250948,1771.5951273250948,650.5951273250948,632.5951273250948,-0.021053922424604743,0.008868958506794138,292.5168936576282,0.019635790202833535,0.45167311400150867,False
2979,967.7246821922299,1841.6026660872874,1750.6026660872874,634.6026660872874,616.6026660872874,-0.022008349471600266,0.009511855360710643,313.7209832365628,0.020771049731200315,0.45793811501124226,False
2980,967.993625385392,1838.6102082379675,1746.6102082379675,635.6102082379675,613.6102082379675,-0.022293672947701595,0.006995385434710722,230.7225155841959,0.015280402931550233,0.4578011107460387,False
2981,968.2625453146896,1835.617753785041,1745.617753785041,639.617753785041,618.617753785041,-0.021833099212149695,0.007334969031785991,241.92269640333558,0.016149409531634514,0.4541942550542034,False
2982,968.5314419557516,1830.6253027364066,1739.6253027364066,640.6253027364066,618.6253027364066,-0.022143745022246843,0.006967336404219957,229.79739960096276,0.01539703024743131,0.4525117046764469,False
2983,968.8003152842064,1810.6328550999574,1722.6328550999574,624.6328550999574,604.6328550999574,-0.021637670571972006,0.007504589174929454,247.5171252571946,0.016369365284280648,0.45845327809600794,False
2984,969.0691652756826,1804.64041088358,1717.64041088358,623.64041088358,604.64041088358,-0.021458429009633986,0.008021349703452724,264.560973692465,0.017535083946874544,0.4574457543376888,False
2985,969.3379919058092,1808.6479700951538,1721.6479700951538,633.6479700951538,614.6479700951538,-0.02140969043234506,0.008188094177641908,270.06055693970075,0.018138851159921473,0.45141195026363273,False
2986,969.6067951502146,1806.655532742553,1721.655532742553,636.6555327425531,618.6555327425531,-0.020929092820566302,0.008473476480271663,279.47306513963963,0.01888306792062317,0.4487340995589675,False
2987,969.8755749845274,1795.6630988336444,1711.6630988336444,629.6630988336444,611.6630988336444,-0.020806569959798266,0.008210608209441734,270.80311703181854,0.018204883117896063,0.4510113114305253,False
2988,970.1443313843762,1801.670668376289,1714.670668376289,636.6706683762891,617.6706683762891,-0.021494689429779026,0.008336825469070063,274.9660275566759,0.018625941963438905,0.4475921532148292,False
2989,970.4130643253899,1782.678241378341,1694.678241378341,622.678241378341,602.678241378341,-0.021985710281422502,0.00780753243334191,257.5088306910905,0.017238766822886005,0.452905507311388,False
2990,970.681773783197,1777.6858178476484,1691.6858178476484,621.6858178476484,601.6858178476484,-0.021535299244751522,0.007334114057699874,241.894497560863,0.01620379749761145,0.4526169904789894,False
2991,970.9504597334261,1761.6933977920526,1676.6933977920526,608.6933977920526,589.6933977920526,-0.021476672513072413,0.007704346763839796,254.10555041983662,0.016833495310732593,0.45767956218383876,False
2992,971.2191221517058,1763.7009812193885,1679.7009812193885,612.7009812193885,593.7009812193885,-0.02119298061114641,0.007512171463366978,247.76720506745198,0.01649503007797075,0.45542029495293535,False
2993,971.487761013665,1747.708568137485,1664.708568137485,602.7085681374849,582.7085681374849,-0.021130800545698925,0.006474839076372349,213.55380252399993,0.014102586289621117,0.4591242303645783,False
2994,971.7563762949322,1740.7161585541635,1657.7161585541635,599.7161585541635,581.7161585541635,-0.021217789994990056,0.007983167043734696,263.30162931693906,0.01740045802614115,0.4587906267605934,False
2995,972.0249679711359,1744.7237524772402,1665.7237524772402,606.7237524772402,588.7237524772402,-0.020123694916253952,0.007044255637230315,232.3343575859933,0.015474617709745607,0.45521354836404015,False
2996,972.293536017905,1735.7313499145241,1655.7313499145241,598.7313499145241,583.7313499145241,-0.020492635674059047,0.009473655211272332,312.46106201329957,0.02070682385823052,0.45751368129336534,False
2997,972.562080410868,1730.7389508738177,1647.7389508738177,593.7389508738177,578.7389508738177,-0.02134315962981032,0.0102303315551971,337.41783833145723,0.02226304052506381,0.4595208612085019,False
2998,972.8306011256535,1738.7465553629172,1657.7465553629172,611.7465553629172,592.7465553629172,-0.020718148455552754,0.0070156546959831735,231.39103842592635,0.015584909045237247,0.45015692267560325,False
2999,973.0990981378903,1719.7541633896121,1639.7541633896121,597.7541633896121,577.7541633896121,-0.020687627252296444,0.005908101328183221,194.8616003345541,0.012956654962563856,0.45598970916904996,False
3000,973.3675714232069,1718.7617749616857,1637.7617749616857,599.7617749616857,580.7617749616857,-0.02096495591859917,0.006984196702871908,230.35348769000166,0.015392345269495764,0.45374480500466985,False
3001,973.6360209572321,1708.7693900869147,1627.7693900869147,590.7693900869147,572.7693900869147,-0.021090578324569714,0.0076523938560694275,252.39203431917736,0.016728764432696473,0.4574392739437933,False
3002,973.9044467155943,1707.777008773069,1625.777008773069,588.7770087730689,568.7770087730689,-0.02137018489497039,0.006361374985160021,209.8115183000192,0.013850163465541828,0.459299632165833,False
3003,974.1728486739223,1702.784631027912,1618.784631027912,584.7846310279119,563.7846310279119,-0.0219706491877499,0.006087931637787154,200.79278193953462,0.013202494370096247,0.46111980563130306,False
3004,974.4412268078448,1703.792256859201,1621.792256859201,588.792256859201,568.792256859201,-0.02142141761924533,0.006413003190161012,211.51432502083543,0.013994611018785767,0.45824804859188095,False
3005,974.7095810929903,1699.7998862746865,1616.7998862746865,585.7998862746865,564.7998862746865,-0.021741525888478143,0.005886843451795527,194.1604708883035,0.012805695577256056,0.4597050910886117,False
3006,974.9779115049877,1694.807519282112,1609.807519282112,584.807519282112,561.807519282112,-0.022346430534417292,0.004921030059385951,162.3059151155869,0.010706109091250594,0.4596469191041205,False
3007,975.2462180194652,1703.8151558892155,1617.8151558892155,593.8151558892155,573.8151558892155,-0.022493577467604813,0.007614314470047241,251.13609612721655,0.01677294623725298,0.4539640419961359,False
3008,975.514500612052,1701.8227961037271,1616.8227961037271,593.8227961037271,573.8227961037271,-0.02225191297437168,0.007372844732829903,243.1719166365774,0.016255104359032952,0.453571048821524,False
3009,975.7827592583764,1698.8304399333715,1614.8304399333715,595.8304399333715,575.8304399333715,-0.02202310678240285,0.007195039106246252,237.3075133333876,0.01593833340873266,0.45142982780772223,False
3010,976.0509939340669,1681.838087385866,1597.838087385866,582.838087385866,562.838087385866,-0.022251414264961182,0.007086968469316852,233.74311656842656,0.01551802187408851,0.456692774814968,False
3011,976.3192046147526,1675.8457384689218,1589.8457384689218,580.8457384689218,561.8457384689218,-0.022879052245771362,0.008435336001254262,278.2151119722821,0.01850034667421033,0.4559555639577936,False
3012,976.5873912760618,1672.8533931902437,1585.8533931902437,580.8533931902437,557.8533931902437,-0.02319484582308269,0.005648394145685808,186.29591156438767,0.01237144218278204,0.45656715379125024,False
3013,976.8555538936232,1668.8610515575288,1578.8610515575288,576.8610515575288,554.8610515575288,-0.024076267676805516,0.007189290982599055,237.1179281332369,0.015705566778878372,0.45775431627641555,False
3014,977.1236924430655,1660.8687135784687,1571.8687135784687,571.8687135784687,549.8687135784687,-0.02391903434963614,0.006881706916596293,226.9731591102692,0.014973314110421613,0.45959811340674006,False
3015,977.3918069000174,1651.876379260748,1561.876379260748,564.8763792607481,542.8763792607481,-0.024330886109923757,0.007078417114388173,233.46107490836198,0.01530518469173317,0.46248491978090644,False
3016,977.6598972401074,1659.884048612045,1566.884048612045,570.884048612045,547.884048612045,-0.025040892089035375,0.007181640113859748,236.86558640047417,0.015614330931090176,0.4599390230394158,False
3017,977.9279634389644,1660.8917216400305,1569.8917216400305,572.8917216400305,550.8917216400305,-0.024471621112591917,0.007465320621852303,246.22196583619166,0.01628076917544374,0.45853611346030476,False
3018,978.1960054722166,1662.8993983523694,1570.8993983523694,575.8993983523694,551.8993983523694,-0.024717602815371376,0.0062308986205619095,205.50813354083448,0.013622311905512195,0.4574039020528234,False
3019,978.464023315493,1654.90707875672,1562.90707875672,567.90707875672,544.90707875672,-0.024840455434165926,0.006885623148883718,227.10232468283118,0.014934541978245806,0.46105352001511435,False
3020,978.7320169444223,1659.9147628607334,1565.9147628607334,573.9147628607334,550.9147628607334,-0.02531766895922925,0.007554682989594351,249.1693245595153,0.016514374272883516,0.4574610496747119,False
3021,978.9999863346328,1660.9224506720545,1565.9224506720545,572.9224506720545,549.9224506720545,-0.0255791048437409,0.007784714081896557,256.7562334973985,0.016983799683884478,0.4583611575025397,False
3022,979.2679314617535,1657.9301421983216,1561.9301421983216,570.9301421983216,544.9301421983216,-0.025904621339487465,0.005662480274531145,186.7605017020394,0.012305673101408527,0.46015201508018355,False
3023,979.5358523014128,1646.9378374471657,1552.9378374471657,561.9378374471657,538.9378374471657,-0.025523135626612247,0.007373535191838854,243.19468942600247,0.01591517537788412,0.4633021639262103,False
3024,979.8037488292396,1660.9455364262117,1561.9455364262117,572.9455364262117,549.9455364262117,-0.026689505498354072,0.008895846618494747,293.4037200989691,0.01943198060193817,0.4577941281810185,False
3025,980.0716210208622,1655.9532391430776,1555.9532391430776,570.9532391430776,545.9532391430776,-0.027051527946325673,0.007606433805285185,250.876175238604,0.0165846029780492,0.4586443109523209,False
3026,980.3394688519095,1665.960945605375,1564.960945605375,579.960945605375,553.960945605375,-0.027161312235799373,0.007241710877941253,238.84684646559924,0.015928268229768644,0.4546452114867755,False
3027,980.6072922980102,1661.9686558207081,1560.9686558207081,575.9686558207081,549.9686558207081,-0.027228646338389152,0.0071677351511420205,236.40697150251322,0.015696683165656925,0.45664011151250383,False
3028,980.8750913347926,1680.976369796675,1576.976369796675,594.976369796675,567.976369796675,-0.027736422727475597,0.007566972796721506,249.57466823112372,0.016917813873769498,0.4472784044783613,False
3029,981.1428659378855,1673.9840875408672,1567.9840875408672,585.9840875408672,557.9840875408672,-0.028409674389797905,0.007145665529784011,235.67906900089474,0.015798764843249737,0.45229266975494636,False
3030,981.4106160829178,1665.9918090608687,1556.9918090608687,576.9918090608687,548.9918090608687,-0.029386533982655016,0.007782750839608634,256.69148164010653,0.017044566488194194,0.4566118384412596,False
3031,981.6783417455181,1662.9995343642574,1549.9995343642574,569.9995343642574,543.9995343642574,-0.030560559914360522,0.010284586983769155,339.20729640793866,0.02236385872559744,0.45987533323117996,False
3032,981.9460429013146,1672.0072634586047,1559.0072634586047,579.0072634586047,550.0072634586047,-0.030390021165874425,0.008074434195178289,266.31181181049897,0.01768704214520279,0.4565169308067881,False
3033,982.2137195259363,1675.0149963514743,1564.0149963514743,581.0149963514743,551.0149963514743,-0.029777786694640426,0.006753863468124937,222.75661345920162,0.014796358813320214,0.45645442593922947,False
3034,982.481371595012,1677.0227330504242,1562.0227330504242,579.0227330504242,550.0227330504242,-0.030851599634102583,0.008536624445579916,281.55581776934446,0.018656229085066263,0.4575750226187575,False
3035,982.74899908417,1681.0304735630048,1563.0304735630048,578.0304735630048,548.0304735630048,-0.031608141053279123,0.008462114537873065,279.09832439710374,0.01842017598937336,0.4593937942153689,False
3036,983.016601969039,1680.0382178967602,1560.0382178967602,576.0382178967602,545.0382178967602,-0.0321839234158344,0.008159581213466563,269.12013944838475,0.01770788286385013,0.46078807253260023,False
3037,983.2841802252477,1689.0459660592276,1567.0459660592276,580.0459660592276,548.0459660592276,-0.032559732927293174,0.007914307531859129,261.0304978760611,0.017196720671101486,0.46022190411913,False
3038,983.5517338284249,1694.0537180579374,1573.0537180579374,585.0537180579374,552.0537180579374,-0.0321836240358315,0.006969219552701047,229.85950979615222,0.015208440485304429,0.4582468241523676,False
3039,983.819262754199,1687.0614739004134,1563.0614739004134,575.0614739004134,542.0614739004134,-0.03315484910019113,0.007489117612033719,247.00684059244816,0.016151754656420964,0.4636720759658455,False
3040,984.086766978199,1691.0692335941721,1566.0692335941721,578.0692335941721,544.0692335941721,-0.033350430630902705,0.007024742779473202,231.69078252212103,0.015183079764169397,0.4626691612363729,False
3041,984.3542464760532,1696.076997146724,1569.076997146724,580.0769971467239,545.0769971467239,-0.03380130847901615,0.006773519248775419,223.4049024205143,0.014643130700795719,0.46257316056103637,False
3042,984.6217012233902,1713.084764565572,1586.084764565572,598.084764565572,560.084764565572,-0.03345245922719554,0.004943478907587496,163.04632531562083,0.010875679456162947,0.45454437375737133,False
3043,984.8891311958388,1707.0925358582126,1574.0925358582126,589.0925358582126,552.0925358582126,-0.03522680386982698,0.007055159496117562,232.69398977145613,0.015385937408966105,0.4585459636671985,False
3044,985.1565363690278,1715.1003110321353,1579.1003110321353,594.1003110321353,557.1003110321353,-0.03587980661305661,0.007953427796556709,262.3207664346112,0.01742441661706721,0.45645303204965426,False
3045,985.4239167185856,1715.108090094823,1577.108090094823,590.108090094823,554.108090094823,-0.03643003594294637,0.009092958294175318,299.90487748171745,0.019818421495389763,0.45881344769514343,False
3046,985.691272220141,1718.1158730537516,1577.1158730537516,588.1158730537516,551.1158730537516,-0.03718884737782901,0.008968865961549128,295.8120515158796,0.01945080557056356,0.461105116135777,False
3047,985.9586028493225,1721.12365991639,1577.12365991639,590.1236599163899,553.1236599163899,-0.037946327748642816,0.009825536380447624,324.0668426091744,0.021361892033762007,0.4599562793838007,False
3048,986.2259085817589,1737.1314506902006,1586.1314506902006,601.1314506902006,560.1314506902006,-0.039493506601424935,0.008814014570551643,290.7047271509673,0.019309660113438168,0.4564562254732649,False
3049,986.4931893930786,1742.1392453826388,1588.1392453826388,602.1392453826388,560.1392453826388,-0.04019428629628264,0.008793354311159893,290.02330836940405,0.01924192801157166,0.45698925314925665,False
3050,986.7604452589106,1750.147044001153,1592.147044001153,606.1470440011531,564.1470440011531,-0.04109136394468379,0.00990568924852098,326.7104526755204,0.021744761681127024,0.4555437026067039,False
3051,987.0276761548834,1755.1548465531848,1595.1548465531848,606.1548465531848,564.1548465531848,-0.0415125899006393,0.010327331396898398,340.6170969995421,0.02261947201606742,0.4565681899896923,False
3052,987.2948820566254,1744.1626530461692,1582.1626530461692,594.1626530461692,549.1626530461692,-0.04233585412973804,0.008131498477822213,268.1939117983402,0.017539300887555603,0.4636158835493628,False
3053,987.5620629397656,1758.1704634875337,1596.1704634875337,606.1704634875337,559.1704634875337,-0.041981709721333416,0.006931161818953556,228.60428574172306,0.015100549752081045,0.459000627973717,False
3054,987.8292187799323,1751.1782778846994,1585.1782778846994,594.1782778846994,547.1782778846994,-0.043252249029249595,0.0074643265634095485,246.18917969928884,0.016028825980280707,0.46568142748523544,False
3055,988.0963495527544,1758.1860962450803,1588.1860962450803,596.1860962450803,547.1860962450803,-0.044163451650323586,0.006916661712281197,228.12604174517514,0.014835469255912646,0.46622466690931097,False
3056,988.3634552338607,1777.1939185760837,1605.1939185760837,610.1939185760837,563.1939185760837,-0.04420731274775715,0.009397394367635988,309.9458190937248,0.020448310873746753,0.45956824627999693,False
3057,988.6305357988795,1776.2017448851097,1600.2017448851097,606.2017448851097,555.2017448851097,-0.04531755272750643,0.007151192972506354,235.86137568028334,0.01543535609232592,0.46329951377420775,False
3058,988.8975912234396,1788.2095751795518,1606.2095751795518,612.2095751795518,564.2095751795518,-0.04661620547136976,0.011156539911161119,367.9661367544102,0.024256510036508052,0.4599400282385885,False
3059,989.1646214831694,1782.2174094667962,1595.2174094667962,602.2174094667962,552.2174094667962,-0.04814080104500963,0.010497588985762994,346.2325501531625,0.022529017420064537,0.46595858088394704,False
3060,989.431626553698,1792.2252477542227,1602.2252477542227,610.2252477542227,558.2252477542227,-0.048669020064622114,0.009988322811069449,329.4358812599505,0.02157732693980601,0.46290825730794843,False
3061,989.6986064106538,1792.2330900492032,1597.2330900492032,602.2330900492032,550.2330900492032,-0.05002619251199516,0.01080828265994186,356.47988059001796,0.02308348694924976,0.4682257357263411,False
3062,989.9655610296653,1810.2409363591037,1608.2409363591037,616.2409363591037,560.2409363591037,-0.05138526919709224,0.010009563645314287,330.1364486205082,0.02161981259153701,0.4629810551286875,False
3063,990.2324903863613,1812.2487866912827,1604.2487866912827,612.2487866912827,553.2487866912827,-0.05294609815998258,0.008938635180354433,294.8149768085009,0.01914790352790498,0.4668205669267037,False
3064,990.4993944563706,1822.256641053092,1607.256641053092,615.2566410530919,559.2566410530919,-0.054524312744778154,0.013079152542569465,431.3779425730597,0.028126383807500002,0.46501365522438265,False
3065,990.7662732153217,1830.264499451876,1612.264499451876,616.264499451876,555.264499451876,-0.05507756470943705,0.00981032220437577,323.5650471028937,0.020969326731184332,0.4678415444682086,False
3066,991.0331266388431,1828.2723618949724,1609.2723618949724,611.2723618949724,548.2723618949724,-0.055411341405213047,0.008172935279946683,269.5605846304734,0.017325831128386582,0.4717196663977738,False
3067,991.2999547025637,1827.280228389712,1606.280228389712,606.280228389712,544.280228389712,-0.05598384138944029,0.009132994201356805,301.2253458540206,0.019244970327073493,0.4745652524342251,False
3068,991.5667573821119,1833.2880989434186,1610.2880989434186,612.2880989434186,549.2880989434186,-0.056327135933407865,0.009171507362796663,302.4955908710306,0.019443965192404395,0.4716891473545441,False
3069,991.8335346531164,1836.295973563409,1610.295973563409,613.295973563409,547.295973563409,-0.05703697493652209,0.007589114553653513,250.30494991559794,0.016062365598912692,0.472478011219421,False
3070,992.1002864912061,1841.3038522569927,1615.3038522569927,617.3038522569927,552.3038522569927,-0.05687123296198818,0.008550318180397413,282.00746592716564,0.018178578221412466,0.47035131550200293,False
3071,992.3670128720095,1843.3117350314724,1619.3117350314724,620.3117350314724,556.3117350314724,-0.05626832474576409,0.008976548733163364,296.0654454725159,0.01916016828090149,0.4685005163608623,False
3072,992.6337137711552,1862.319621894144,1636.319621894144,638.3196218941439,575.3196218941439,-0.056186080881599876,0.011057072427192158,364.6854900574781,0.02406392494547491,0.4594874881070214,False
3073,992.9003891642716,1857.327512852296,1625.327512852296,632.327512852296,567.327512852296,-0.05794760507316492,0.01083937192155731,357.50526978615585,0.023435125532817316,0.46252672751329726,False
3074,993.1670390269877,1863.33540791321,1626.33540791321,636.33540791321,570.33540791321,-0.05908091931098615,0.011525164307301286,380.12414416900515,0.025008907997818793,0.4608423649807692,False
3075,993.4336633349321,1868.3433070841604,1626.3433070841604,636.3433070841604,569.3433070841604,-0.060244453840427974,0.011927192848844616,393.38389051282616,0.025827525841954576,0.4618016035229331,False
3076,993.7002620637335,1867.3512103724154,1620.3512103724154,631.3512103724154,561.3512103724154,-0.061616849621867725,0.010580495623695625,348.9669853377536,0.02272127275890683,0.46566474228641214,False
3077,993.9668351890202,1859.3591177852347,1611.3591177852347,620.3591177852347,548.3591177852347,-0.062170936933040974,0.008592836292172779,283.4098026244444,0.01818883446178326,0.47242368994161077,False
3078,994.2333826864212,1868.3670293298724,1611.3670293298724,623.3670293298724,549.3670293298724,-0.06426772161462248,0.009386484811350689,309.58599899609817,0.019885561869215498,0.47202512421244414,False
3079,994.4999045315649,1868.3749450135742,1611.3749450135742,622.3749450135742,544.3749450135742,-0.06426742815577191,0.006113455726255199,201.63462002755773,0.012887927968971521,0.4743552059705578,False
3080,994.7664007000802,1876.38286484358,1619.38286484358,627.3828648435799,552.3828648435799,-0.06397191874001952,0.008679463831606844,286.26696096169917,0.018410183245254542,0.47144907337324227,False
3081,995.0328711675955,1884.3907888271217,1622.3907888271217,632.3907888271217,557.3907888271217,-0.06501550073741133,0.010189752699958365,336.07946239097623,0.021722357155662505,0.46909056079589123,False
3082,995.2993159097398,1879.3987169714244,1617.3987169714244,629.3987169714244,555.3987169714244,-0.0652018317717472,0.010880850652606966,358.87332552237467,0.023167868236083994,0.4696526474395267,False
3083,995.5657349021413,1867.4066492837062,1605.4066492837062,624.4066492837062,549.4066492837062,-0.06565384345981884,0.010080235494915775,332.4673547690297,0.02141399194730727,0.47073126391939857,False
3084,995.8321281204289,1852.414585771178,1592.414585771178,621.414585771178,545.414585771178,-0.06568204507278695,0.009027350222727853,297.74098538052135,0.019213543246237537,0.46984307407722004,False
3085,996.0984955402312,1841.4225264410436,1582.4225264410436,619.4225264410436,546.4225264410436,-0.06583099498845897,0.011372594731332585,375.09207886000286,0.02432743831163802,0.4674801590553018,False
3086,996.3648371371767,1831.4304713004997,1577.4304713004997,622.4304713004997,550.4304713004997,-0.06484020983456548,0.01145183231186804,377.7055008194602,0.02473538551985025,0.4629736739974357,False
3087,996.6311528868944,1811.438420356736,1561.438420356736,612.4384203567361,541.4384203567361,-0.06449871353020122,0.010985355844440957,362.3201264137026,0.02360064444788857,0.465468469248676,False
3088,996.8974427650126,1787.4463736169348,1543.4463736169348,602.4463736169348,535.4463736169348,-0.06374147640266671,0.012539063478651753,413.5646700050754,0.026905257918675967,0.46604509484920825,False
3089,997.16370674716,1760.4543310882716,1525.4543310882716,593.4543310882716,525.4543310882716,-0.062225552976174096,0.009373225349440087,309.1486740715666,0.02004749945747803,0.4675508468934627,False
3090,997.4299448089654,1750.4622927779144,1521.4622927779144,596.4622927779144,532.4622927779144,-0.06089156646413754,0.01159743076665181,382.507643898839,0.025115110058521295,0.46177105095810334,False
3091,997.6961569260573,1718.470258693024,1497.470258693024,579.4702586930241,518.4702586930241,-0.05978381465908679,0.011476512704703012,378.5195120520991,0.024608033104274334,0.4663726132061152,False
3092,997.9623430740645,1689.4782288407548,1478.4782288407548,570.4782288407548,510.4782288407548,-0.057937665932424734,0.009675815626615042,319.1287374423009,0.02073349298446241,0.4666756167842079,False
3093,998.2285032286156,1661.4862032282533,1457.4862032282533,562.4862032282533,503.4862032282533,-0.056892286945974875,0.008767986797893396,289.1866344606408,0.01881538712708069,0.4660008714502489,False
3094,998.4946373653391,1632.494181862659,1438.494181862659,551.4941818626589,495.49418186265893,-0.054943532462173504,0.008441156695423481,278.40709070078856,0.01807179423565983,0.46709012870272315,False
3095,998.7607454598636,1600.5021647511041,1415.5021647511041,537.5021647511041,485.50216475110415,-0.05334572800791729,0.009156681002384162,302.00658634036404,0.01951145478045004,0.46929770770137114,False
3096,999.0268274878182,1580.5101519007142,1403.5101519007142,536.5101519007142,485.51015190071416,-0.05158173140577108,0.008202102593157852,270.5225839283996,0.017634444169946334,0.46511829429454665,False
3097,999.2928834248311,1555.5181433186067,1385.5181433186067,527.5181433186067,478.5181433186067,-0.05026286378796808,0.0079238715280548,261.3459385736321,0.01701585626878019,0.46567574401724987,False
3098,999.5589132465309,1537.526139011893,1371.526139011893,524.5261390118931,475.52613901189306,-0.04961841886649614,0.007025677846167096,231.72162298714807,0.015156490160541922,0.4635425333800297,False
3099,999.8249169285467,1519.5341389876764,1358.5341389876764,518.5341389876764,474.53413898767644,-0.048639905309818696,0.010130012732671584,334.1091126994595,0.021932696184808968,0.4618681008168908,False
3100,1000.0908944465067,1506.5421432530532,1348.5421432530532,517.5421432530532,475.54214325305315,-0.04811676178918098,0.011360052594364949,374.67841281987035,0.02478436854622526,0.45835553862013245,False
3101,1000.3568457760398,1485.5501518151127,1334.5501518151127,511.5501518151127,471.5501518151127,-0.04655241903600998,0.011192090156788966,369.1386585800401,0.02446877000948902,0.4574030550962986,False
3102,1000.6227708927745,1478.558164680937,1335.558164680937,518.5581646809369,477.5581646809369,-0.044175607156120934,0.008404405030195787,277.19494353143205,0.018641710180161947,0.450838734696109,False
3103,1000.8886697723395,1438.5661818576002,1298.5661818576002,486.5661818576002,447.5661818576002,-0.04446575809871773,0.00818110128613704,269.8299166791651,0.01752977779152515,0.466697375370738,False
3104,1001.1545423903635,1442.5742033521706,1305.5742033521706,502.57420335217057,465.57420335217057,-0.04333660137417101,0.010125317276273076,333.95424667782413,0.02235784784283917,0.4528753101571911,False
3105,1001.4203887224752,1420.582229171708,1287.582229171708,490.5822291717079,455.5822291717079,-0.042691403495189566,0.010546366480549338,347.84133445905104,0.023103607060622464,0.45648138201434574,False
3106,1001.6862087443028,1410.5902593232654,1278.5902593232654,486.5902593232654,450.5902593232654,-0.04266948901857576,0.009287877232519302,306.33371377808135,0.020297221446934747,0.45759353105554956,False
3107,1001.9520024314754,1386.5982938138884,1253.5982938138884,466.5982938138884,431.5982938138884,-0.04379226909826082,0.009928841869674451,327.4740747868043,0.021213520707880018,0.468043094137894,False
3108,1002.2177697596218,1392.6063326506157,1257.6063326506157,476.60633265061574,438.60633265061574,-0.04428365014581696,0.008198739424785433,270.41165956626696,0.017762752901648658,0.4615691875117208,False
3109,1002.48351070437,1386.6143758404787,1253.6143758404787,474.6143758404787,436.6143758404787,-0.04379173470328048,0.007548877117238513,248.97783468556895,0.01634520840312903,0.4618403712609379,False
3110,1002.7492252413492,1389.622423390501,1255.622423390501,477.6224233905009,440.6224233905009,-0.044037750513857776,0.00901963741819918,297.4866008752399,0.01963769324926312,0.45930228686801755,False
3111,1003.014913346188,1381.6304753076988,1246.6304753076988,469.6304753076988,432.6304753076988,-0.04465416460249096,0.009015001871690013,297.3337108076828,0.019423519616961232,0.46412813174280876,False
3112,1003.2805749945148,1384.6385315990824,1248.6385315990824,472.6385315990824,435.6385315990824,-0.044899680304464853,0.009496841445966575,313.22579276981173,0.0205533149699762,0.46205886786824113,False
3113,1003.5462101619584,1395.6465922716534,1257.6465922716534,484.6465922716534,443.6465922716534,-0.04521684112352933,0.006828827698264872,225.2290913402485,0.014977605325660878,0.4559358822578371,False
3114,1003.8118188241473,1399.6546573324063,1260.6546573324063,485.65465733240626,445.65465733240626,-0.045424760991969446,0.00809565259722101,267.01163930987855,0.01776743637343356,0.4556455094065168,False
3115,1004.0774009567101,1389.6627267883289,1246.6627267883289,473.6627267883289,430.6627267883289,-0.04716043416118783,0.005828509210102792,192.23648498164266,0.012547219996985631,0.46452594371526473,False
3116,1004.3429565352758,1417.6708006464012,1267.6708006464012,493.6708006464012,449.6708006464012,-0.04856890745015443,0.008026154459082953,264.71944463250384,0.017673892958936406,0.4541248766036409,False
3117,1004.6084855354729,1415.6788789135958,1262.6788789135958,487.6788789135958,442.6788789135958,-0.04967183669940545,0.0076266911629491105,251.5443054743048,0.016615252849807135,0.45901746015485034,False
3118,1004.8739879329298,1429.6869615968785,1269.6869615968785,493.6869615968785,448.6869615968785,-0.05154429668586949,0.010036088691578342,331.01130040060616,0.02197180446330582,0.45677125464770946,False
3119,1005.1394637032755,1425.6950487032075,1260.6950487032075,485.6950487032075,437.6950487032075,-0.05341659417021204,0.008224551793192196,271.2630057326189,0.017742507958178545,0.46355068925873166,False
3120,1005.4049128221384,1439.703140239533,1265.703140239533,489.703140239533,441.703140239533,-0.05594109432608822,0.011138692207346652,367.3774819676355,0.024069570094750765,0.46277071686360716,False
3121,1005.6703352651471,1452.711236212799,1275.711236212799,495.7112362127989,444.7112362127989,-0.05642691493499405,0.009276254437299035,305.9503695611875,0.020064904878712316,0.4623124053351778,False
3122,1005.9357310079305,1466.7193366299414,1282.7193366299414,501.7193366299414,450.7193366299414,-0.05821537592868327,0.011660726997876195,384.59528665010544,0.025346331086611346,0.4600558147066785,False
3123,1006.201100026117,1474.7274414978888,1283.7274414978888,501.7274414978888,451.7274414978888,-0.060238936643763535,0.014647555493919481,483.107168612499,0.031778945150300476,0.4609201288665488,False
3124,1006.4664422953354,1475.7355508235628,1278.7355508235628,494.7355508235628,441.7355508235628,-0.06222780026121005,0.013017033772864589,429.3291349776712,0.027806634635167523,0.46812690365635706,False
3125,1006.7317577912142,1495.7436646138772,1289.7436646138772,505.7436646138772,448.7436646138772,-0.06435376877568419,0.012421647887965646,409.6920570225964,0.02672955233419353,0.46471589694659304,False
3126,1006.9970464893823,1512.7517828757384,1299.7517828757384,512.7517828757384,452.7517828757384,-0.06590725161903646,0.011860241684914938,391.17570039845464,0.025564701866160642,0.46393037348947314,False
3127,1007.2623083654681,1524.7599056160461,1304.7599056160461,513.7599056160461,450.7599056160461,-0.06767086077340596,0.010855931617719389,358.0514433732267,0.02324544476353578,0.46701328919069185,False
3128,1007.5275433951005,1542.7680328416916,1318.7680328416916,521.7680328416916,457.7680328416916,-0.0681322201951297,0.011300213992313402,372.7048099464862,0.024292494649020346,0.46517305676422616,False
3129,1007.7927515539078,1556.7761645595597,1327.7761645595597,527.7761645595597,459.7761645595597,-0.06910130540552263,0.009197985779456942,303.368904708783,0.01977307070675528,0.4651774079943253,False
3130,1008.0579328175188,1570.784300776527,1332.784300776527,527.7843007765271,459.78430077652706,-0.07135668363665776,0.011454354186441092,377.7886775437328,0.024478625054983223,0.46793290720833514,False
3131,1008.3230871615622,1583.7924414994636,1334.7924414994636,526.7924414994636,456.7924414994636,-0.07428452728520132,0.012363901344342842,407.78745463359405,0.026201546377986832,0.4718767803235593,False
3132,1008.5882145616666,1604.8005867352313,1347.8005867352313,539.8005867352313,463.80058673523126,-0.07579543336364411,0.009893374797896343,326.304296209566,0.021128807735629647,0.4682410347846121,False
3133,1008.8533149934607,1622.8087364906846,1355.8087364906846,543.8087364906846,467.8087364906846,-0.07806890902273597,0.012691056761178099,418.5777279450094,0.027090110978189995,0.4684756282982951,False
3134,1009.1183884325732,1635.8168907726713,1362.8168907726713,546.8168907726713,466.8168907726713,-0.0792971806428405,0.01060182117822682,349.6703469514323,0.0225286966442823,0.47059185649417157,False
3135,1009.3834348546326,1650.8250495880309,1366.8250495880309,548.8250495880309,467.8250495880309,-0.08198812078519242,0.012637667771265335,416.8168468367221,0.026777653423743594,0.47194829103507574,False
3136,1009.6484542352675,1679.833212943596,1384.833212943596,562.833212943596,477.833212943596,-0.08386869286362954,0.01276530864988959,421.026711308441,0.027246969752496377,0.46850379201232195,False
3137,1009.9134465501066,1689.8413808461914,1388.8413808461914,564.8413808461914,476.84138084619144,-0.08519329298327762,0.01164072386931847,383.93554142470475,0.02476227786847515,0.47009907291841974,False
3138,1010.1784117747787,1715.8495533026346,1407.8495533026346,580.8495533026346,490.8495533026346,-0.08592295861048034,0.012807699008954301,422.4248344527923,0.02760210377853532,0.4640116967792203,False
3139,1010.4433498849123,1730.8577303197358,1415.8577303197358,584.8577303197358,493.85773031973577,-0.08724175572954027,0.013793377326627193,454.9345772157644,0.029706974144286857,0.4643144488439893,False
3140,1010.708260856136,1729.8659119042973,1403.8659119042973,573.8659119042973,479.86591190429726,-0.09068681190991694,0.01299628401445034,428.64476433022264,0.027493500311300597,0.4727038706347807,False
3141,1010.9731446640784,1755.8740980631142,1423.8740980631142,587.8740980631142,492.87409806311416,-0.09102178257774715,0.014473452475916679,477.3648851230014,0.03092800970663167,0.46797232066353245,False
3142,1011.2380012843685,1760.882288802974,1424.882288802974,587.882288802974,488.882288802974,-0.09195133703484362,0.01186526464371536,391.34136813769874,0.025218023662301282,0.4705073166162851,False
3143,1011.5028306926346,1773.8904841306571,1429.8904841306571,589.8904841306571,489.8904841306571,-0.09362402803774102,0.012951641263581698,427.1723525697639,0.02745855758006718,0.47167959299448425,False
3144,1011.7676328645056,1790.898684052936,1437.898684052936,594.898684052936,492.898684052936,-0.09534273108836776,0.013657381515931655,450.4491495226889,0.02894743799983564,0.471799318337229,False
3145,1012.03240777561,1793.9068885765753,1432.9068885765753,588.9068885765753,483.9068885765753,-0.0975819270408627,0.012297097131051093,405.5841112601438,0.025747436646082204,0.4776047146006766,False
3146,1012.2971554015762,1832.9150977083332,1464.9150977083332,616.9150977083332,509.9150977083332,-0.09732989356062012,0.014602365606247225,481.6167111302025,0.03136140707585513,0.4656157668859653,False
3147,1012.5618757180332,1830.9233114549593,1454.9233114549593,604.9233114549593,494.9233114549593,-0.09983005178067192,0.012667640945736913,417.8054251328963,0.026689169392450404,0.47463601281350565,False
3148,1012.8265687006095,1842.9315298231963,1461.9315298231963,608.9315298231963,498.93152982319634,-0.10058216750298252,0.014054655474000852,463.55207970963875,0.029656589496826733,0.473913410559387,False
3149,1013.0912343249339,1863.939752819779,1476.939752819779,620.939752819779,508.93975281977896,-0.10106909078858245,0.01468600088416823,484.37517839317434,0.03124419080750191,0.47003940587387644,False
3150,1013.3558725666347,1866.9479804514351,1476.9479804514351,620.9479804514351,505.9479804514351,-0.10176701788373646,0.012817665658579502,422.75355550682616,0.027175176529240425,0.47166816542250334,False
3151,1013.6204834013411,1856.9562127248842,1462.9562127248842,606.9562127248842,489.95621272488415,-0.10357033554830329,0.010570243351047975,348.62884383607343,0.022004874236816536,0.4803591803020994,False
3152,1013.8850668046812,1871.9644496468388,1472.9644496468388,619.9644496468388,500.96444964683883,-0.10410533165580942,0.011545452767541625,380.7933002330524,0.02434937452785264,0.47415808378712443,False
3153,1014.1496227522838,1880.9726912240037,1481.9726912240037,626.9726912240037,507.9726912240037,-0.10354228948451692,0.012134029716965089,400.20580518410634,0.025758615155450013,0.47106685059494624,False
3154,1014.4141512197779,1880.980937463076,1480.980937463076,625.9809374630761,509.9809374630761,-0.10383492576716007,0.014827760548096522,489.0507100811942,0.03152096952992323,0.47040940584078006,False
3155,1014.6786521827916,1873.9891883707455,1469.9891883707455,620.9891883707455,502.9891883707455,-0.10545294041267084,0.013927551485174341,459.3599229919637,0.029462627146491664,0.47271926620545107,False
3156,1014.9431256169538,1854.9974439536943,1451.9974439536943,605.9974439536943,487.9974439536943,-0.10637746367880281,0.012324218575490667,406.47863350567013,0.025690954831789934,0.4797104138862408,False
3157,1015.2075714978932,1859.0057042185965,1457.0057042185965,613.0057042185965,495.0057042185965,-0.10581947032524444,0.012965158108544567,427.61816652836524,0.02727591181779961,0.4753336275300543,False
3158,1015.4719898012382,1862.0139691721195,1459.0139691721195,618.0139691721195,500.01396917211946,-0.10592348479572194,0.01390733073083747,458.69300001092824,0.02946275008718818,0.4720309777492579,False
3159,1015.7363805026179,1841.022238820922,1439.022238820922,602.022238820922,483.022238820922,-0.1069915290143018,0.011346121094542944,374.21892267243084,0.023648914586919444,0.47977343961564506,False
3160,1016.0007435776606,1831.0305131716564,1431.0305131716564,599.0305131716564,482.03051317165637,-0.10704668754403876,0.01267227320280953,417.9582067079218,0.026460629278170875,0.47891050018465464,False
3161,1016.2650790019949,1824.038792230966,1425.038792230966,597.038792230966,480.038792230966,-0.10720738350962791,0.012481167843457,411.6551502626471,0.02606809548000189,0.4787909363394773,False
3162,1016.5293867512498,1819.047076005488,1426.047076005488,600.047076005488,484.04707600548795,-0.105710076046648,0.012412353265323264,409.3855008310229,0.026106403649875036,0.4754524380987528,False
3163,1016.7936668010535,1818.0553645018506,1427.0553645018506,605.0553645018506,490.0553645018506,-0.10516628201005812,0.013616313864513077,449.0946520567718,0.0289091360767057,0.47100383174316934,False
3164,1017.057919127035,1815.0636577266755,1426.0636577266755,608.0636577266755,494.0636577266755,-0.10475294885106573,0.014586810520418936,481.1036717035795,0.0311917651592664,0.4676494082953657,False
3165,1017.3221437048227,1809.0719556865758,1419.0719556865758,609.0719556865758,496.07195568657585,-0.1054514238099034,0.016327496516327686,538.5151546828388,0.03514134966134717,0.4646234898111128,False
3166,1017.5863405100454,1789.0802583881577,1402.0802583881577,596.0802583881577,480.08025838815774,-0.1058569491300843,0.011866057986562609,391.36753425236793,0.025172375814744824,0.4713920558746789,False
3167,1017.8505095183317,1773.0885658380198,1389.0885658380198,585.0885658380198,471.0885658380198,-0.10600049269691085,0.011881445016551806,391.87503084417267,0.024983688190109044,0.47556809571677366,False
3168,1018.11465070531,1763.096878042752,1379.096878042752,582.096878042752,469.096878042752,-0.10668140109070808,0.012948673667177862,427.0744750026279,0.027271471158487236,0.4748065695439414,False
3169,1018.3787640466095,1763.105195008938,1378.105195008938,586.1051950089379,471.1051950089379,-0.1069958552187002,0.012138177753848817,400.34261615949526,0.025703758994062326,0.47223356539612693,False
3170,1018.6428495178583,1765.1135167431523,1380.1135167431523,596.1135167431523,482.11351674315233,-0.10685783131549303,0.014678169564012314,484.11688499339243,0.031626857380535014,0.4641045864090848,False
3171,1018.9069070946854,1742.1218432519634,1358.1218432519634,580.1218432519634,465.12184325196336,-0.10813979188885324,0.012187309194619578,401.96307434792743,0.025849834679145093,0.47146565329688356,False
3172,1019.1709367527193,1728.1301745419305,1349.1301745419305,573.1301745419305,461.1301745419305,-0.10752259760186765,0.013092865184121519,431.8302143147275,0.027693547271651048,0.4727767467161653,False
3173,1019.4349384675886,1707.1385106196062,1331.1385106196062,559.1385106196062,447.1385106196062,-0.10804551150712711,0.01096818210416485,361.7537003610605,0.02288541011996653,0.4792652631816104,False
3174,1019.6989122149221,1700.146851491535,1328.146851491535,559.146851491535,450.146851491535,-0.10724033844827205,0.013068671542807303,431.03225717037003,0.027430630608566306,0.47642621598083457,False
3175,1019.9628579703483,1686.1551971642539,1318.1551971642539,555.1551971642539,445.1551971642539,-0.10693099917805762,0.011028037406453459,363.72785404336673,0.023121072236753734,0.47696911689601756,False
3176,1020.226775709496,1671.1635476442918,1307.1635476442918,550.1635476442918,441.16354764429184,-0.10668902564317001,0.010796834289996504,356.10228928532433,0.02262876604057655,0.4771287250323887,False
3177,1020.4906654079936,1656.1719029381704,1298.1719029381704,544.1719029381704,439.17190293817043,-0.10577320731708777,0.012671640402470527,417.93733562262787,0.02656341951677828,0.4770334781057358,False
3178,1020.7545270414698,1652.180263052403,1297.180263052403,552.180263052403,447.180263052403,-0.10505709763139166,0.013458845414535528,443.90101158577045,0.02868178539239127,0.4692471277644349,False
3179,1021.0183605855534,1628.188627993496,1276.188627993496,540.1886279934961,435.1886279934961,-0.10578984676495774,0.011921947745968706,393.21089599503694,0.025194400728665568,0.4731983060190119,False
3180,1021.2821660158731,1615.1969977679478,1267.1969977679478,537.1969977679478,436.1969977679478,-0.10538136337565064,0.014930458628552107,492.4379086408062,0.03172463199791073,0.47062669251877765,False
3181,1021.5459433080574,1594.2053723822485,1249.2053723822485,527.2053723822485,425.20537238224847,-0.1059104250380342,0.012529340944565356,413.2440003946299,0.02641650221932494,0.4742997706713624,False
3182,1021.809692437735,1588.213751842881,1246.213751842881,529.213751842881,430.21375184288104,-0.10531641277953999,0.01536958034920173,506.9210659995447,0.03272957435195318,0.46959304095821613,False
3183,1022.0734133805345,1564.2221361563206,1224.2221361563206,515.2221361563206,417.22213615632063,-0.10643819946637431,0.014811027870365437,488.4988311983784,0.031187782228994945,0.4748983996879324,False
3184,1022.3371061120844,1537.2305253290342,1208.2305253290342,511.2305253290342,414.2305253290342,-0.10458919605571562,0.013214518228025413,435.8425874112413,0.02802566038746445,0.47151496326331394,False
3185,1022.6007706080135,1532.2389193674817,1209.2389193674817,519.2389193674817,421.2389193674817,-0.10281437286177199,0.011975625434198042,394.98129898063416,0.02581112633486181,0.4639714392480098,False
3186,1022.8644068439506,1522.2473182781146,1201.2473182781146,513.2473182781146,418.24731827811456,-0.10285278649875752,0.013959262672927228,460.40582461937265,0.03000837473415135,0.4651788974442771,False
3187,1023.1280147955242,1495.2557220673766,1177.2557220673766,497.2557220673766,402.2557220673766,-0.1038446630379647,0.011767104290937733,388.1038333749816,0.024916995616046256,0.4722521315274404,False
3188,1023.391594438363,1484.2641307417045,1171.2641307417045,498.26413074170455,404.26413074170455,-0.10285634877864003,0.012061933938553954,397.82793487041636,0.025772228633047616,0.468020601178704,False
3189,1023.6551457480954,1465.2725443075265,1158.2725443075265,490.27254430752646,397.27254430752646,-0.10210765009927297,0.010758628840473253,354.84219325411823,0.02288575611458409,0.47010152457306187,False
3190,1023.9186687003503,1462.2809627712631,1159.2809627712631,498.28096277126315,407.28096277126315,-0.1008421218927742,0.013261937637046348,437.4065791939579,0.028772406484578322,0.46092556227976944,False
3191,1024.1821632707563,1434.289386139327,1136.289386139327,477.289386139327,392.289386139327,-0.10114783457653777,0.015972615781460947,526.8104421055232,0.03399378545872537,0.46986869999678627,False
3192,1024.445629434942,1413.2978144181234,1120.2978144181234,469.2978144181234,385.2978144181234,-0.10090019863679446,0.015248212493381458,502.9180990054788,0.03236305826037199,0.4711610494504048,False
3193,1024.709067168536,1396.3062476140497,1110.3062476140497,463.30624761404965,380.30624761404965,-0.09953789766009696,0.013803201017497269,455.25858318956216,0.029231007402891498,0.4722109240796084,False
3194,1024.9724764471669,1382.3146857334948,1101.3146857334948,460.3146857334948,378.3146857334948,-0.09869549153468837,0.013493861250170117,445.05590744652,0.028661243286210763,0.47080516066315103,False
3195,1025.2358572464639,1366.3231287828403,1091.3231287828403,456.3231287828403,376.3231287828403,-0.09760006057624841,0.013888489823712921,458.0715872913238,0.029591740887233077,0.46933669352670315,False
3196,1025.4992095420548,1350.3315767684603,1078.3315767684603,449.3315767684603,371.3315767684603,-0.0976881006818753,0.014883042694770754,490.87403147879513,0.031636971724286166,0.47043196246705765,False
3197,1025.7625333095687,1347.3400296967206,1075.3400296967206,452.34002969672065,374.34002969672065,-0.09793140015275384,0.015732648411832098,518.8958138558537,0.033750483575512615,0.4661458665216516,False
3198,1026.0258285246343,1334.348487573979,1066.348487573979,450.3484875739789,370.3484875739789,-0.09737011039575356,0.012431977247747528,410.0327410199966,0.026706455822722103,0.4655045705155038,False
3199,1026.28909516288,1316.3569504065858,1049.3569504065858,439.35695040658584,361.35695040658584,-0.09845042745674684,0.013569338779201176,447.5453150039243,0.0288849765655197,0.4697715003653158,False
3200,1026.5523331999345,1304.3654182008834,1043.3654182008834,436.36541820088337,360.36541820088337,-0.09696283795477788,0.013855620394892312,456.98748443893874,0.029566784770951027,0.46862114031774177,False
3201,1026.8155426114267,1292.3738909632061,1033.3738909632061,433.3738909632061,358.3738909632061,-0.0971306911064083,0.014604309806411614,481.68083493823406,0.031257667394922084,0.46722327747284603,False
3202,1027.0787233729852,1293.3823686998805,1042.3823686998805,446.38236869988054,373.38236869988054,-0.0936998794542394,0.01614665353330351,532.5505729798697,0.035569501664945845,0.4539465771941422,False
3203,1027.3418754602383,1266.3908514172256,1021.3908514172256,430.3908514172256,358.3908514172256,-0.09337580089450928,0.013869684667817725,457.4513537224111,0.030035922523718193,0.4617698909319458,False
3204,1027.604998848815,1254.3993391215522,1010.3993391215522,425.3993391215522,355.3993391215522,-0.09394276304745496,0.01586256806080133,523.1808369634105,0.03435629797288694,0.46170772163286156,False
3205,1027.8680935143439,1230.407831819163,988.407831819163,411.407831819163,339.407831819163,-0.09511290889643184,0.011562213376417788,381.3461003437419,0.02460069344518999,0.46999542521751436,False
3206,1028.1311594324532,1225.416329516353,983.416329516353,412.416329516353,344.416329516353,-0.09554624788298524,0.0172941292569595,570.3967342821529,0.0372476878570058,0.4643007459510457,False
3207,1028.3941965787722,1207.4248322194098,969.4248322194098,402.42483221940984,336.42483221940984,-0.09534596326220898,0.017549236095830034,578.8106940498146,0.03746628812005108,0.46840071371890435,False
3208,1028.6572049289289,1195.4333399346126,960.4333399346126,403.4333399346126,334.4333399346126,-0.09505813638755987,0.013595916811934686,448.4219143891605,0.029241321607556603,0.46495561980417466,False
3209,1028.9201844585527,1179.4418526682323,951.4418526682323,400.4418526682323,332.4418526682323,-0.09329428317530557,0.012470515107538674,411.30380064054634,0.02693987082982816,0.46290181516873363,False
3210,1029.1831351432716,1165.4503704265328,943.4503704265328,394.4503704265328,329.4503704265328,-0.0917747249090273,0.013572356863204807,447.64485775822504,0.029268731677563282,0.46371523756900795,False
3211,1029.4460569587145,1142.4588932157694,923.4588932157694,378.4588932157694,315.4588932157694,-0.0924230146318589,0.013347074937845732,440.2145863286355,0.02820907120327499,0.47314833025399916,False
3212,1029.7089498805099,1131.4674210421897,916.4674210421897,378.4674210421897,314.4674210421897,-0.09152502249798175,0.011072180695050601,365.1837924882666,0.023553949253344156,0.4700774624229348,False
3213,1029.9718138842868,1131.4759539120334,916.4759539120334,386.47595391203345,322.47595391203345,-0.0915242541549652,0.012899112471971466,425.4398426095886,0.028037081524221803,0.46007329474815917,False
3214,1030.2346489456734,1127.4844918315323,914.4844918315323,390.4844918315323,329.4844918315323,-0.09093423206975444,0.01716541965320255,566.1516210091522,0.037982972223067825,0.4519240767255608,False
3215,1030.4974550402987,1104.49303480691,895.4930348069099,376.4930348069099,313.4930348069099,-0.09110076922054831,0.011571719252835136,381.6596241288594,0.025067620222896908,0.46162017574629843,False
3216,1030.7602321437912,1096.5015828443823,889.5015828443823,374.50158284438226,317.50158284438226,-0.09086253769954543,0.019154774825754284,631.7647361241661,0.041916165967052624,0.45697821792218585,False
3217,1031.0229802317795,1084.5101359501568,881.5101359501568,370.51013595015684,316.51013595015684,-0.0900063049800617,0.021593834083280472,712.210037216948,0.047392667423059795,0.4556366049312849,False
3218,1031.2856992798922,1095.5186941304341,894.5186941304341,390.51869413043414,334.51869413043414,-0.08803037172329921,0.020808936083993784,686.322451384458,0.0475552935786401,0.4375734964096681,False
3219,1031.5483892637583,1066.5272573914053,869.5272573914053,372.5272573914053,314.5272573914053,-0.088688758712882,0.015188991643893049,500.96487091011204,0.03381196662771871,0.4492194083570775,False
3220,1031.811050159006,1056.535825739255,860.535825739255,366.53582573925496,309.53582573925496,-0.08911527244899431,0.01570976442601539,518.1410519026344,0.034762813507338376,0.451912916159651,False
3221,1032.073681941264,1037.5443991801587,843.5443991801587,352.54439918015873,297.54439918015873,-0.08989874413854516,0.01623670438780557,535.5206394437027,0.03524550138981528,0.460674518663463,False
3222,1032.3362845861614,1022.5529777202844,832.5529777202844,344.5529777202844,290.5529777202844,-0.0892739392869744,0.015243262376143374,502.75483373407087,0.03279473784022165,0.46480817899535165,False
3223,1032.5988580693263,1008.5615613657922,817.5615613657922,336.56156136579216,282.56156136579216,-0.09118194776619071,0.015230515696050329,502.3344214317226,0.03247287951527597,0.4690226405356369,False
3224,1032.8614023663874,993.5701501228341,807.5701501228341,331.5701501228341,277.5701501228341,-0.09001827757463281,0.012815611948325353,422.6858198258492,0.027254774249261694,0.470215303605845,False
3225,1033.123917452974,985.5787439975538,801.5787439975538,331.57874399755383,276.57874399755383,-0.08974513628383189,0.010977254224511998,362.05291795924904,0.023474931937507205,0.46761601923850643,False
3226,1033.3864033047137,984.5873429960873,804.5873429960873,340.5873429960873,286.5873429960873,-0.08768105217745198,0.01270955368645113,419.1877954201186,0.027953299428229997,0.45467096716374633,False
3227,1033.6488598972362,979.5959471245628,802.5959471245628,340.5959471245628,289.5959471245628,-0.08655001730998578,0.016103021127266304,531.1114845156453,0.03572447481128313,0.4507559932604066,False
3228,1033.9112872061692,970.6045563890998,795.6045563890998,339.6045563890998,287.6045563890998,-0.08634506408532416,0.014167317750943542,467.26791841363274,0.031554089228110385,0.44898515842195175,False
3229,1034.173685207142,969.6131707958102,798.6131707958102,343.6131707958102,292.6131707958102,-0.084262037787516,0.014486105906611105,477.7822218641768,0.032678941608128065,0.44328565105695006,False
3230,1034.436053875783,961.6217903507982,791.6217903507982,343.62179035079816,293.62179035079816,-0.08448655570185552,0.016194141857983083,534.1168377458662,0.036903288201122694,0.4388265286747649,False
3231,1034.698393187721,942.6304150601591,776.6304150601591,329.63041506015907,281.63041506015907,-0.08412705391069059,0.015779331830361995,520.4355311251611,0.03518837984745403,0.44842450544092527,False
3232,1034.9607031185842,927.6390449299806,762.6390449299806,321.6390449299806,273.6390449299806,-0.08505998394982034,0.014869286047904884,490.42030834938123,0.032854810586472424,0.4525756132049391,False
3233,1035.222983644002,912.6476799663428,751.6476799663428,314.6476799663428,266.6476799663428,-0.08428883281228632,0.012402108307822207,409.04760059825367,0.027181060891265176,0.4562775661125027,False
3234,1035.4852347396022,901.656320175317,744.656320175317,310.656320175317,267.656320175317,-0.08308515135310418,0.018382460618009522,606.2921901872242,0.04052842236470425,0.4535696073385428,False
3235,1035.7474563810142,887.6649655629667,731.6649655629667,303.6649655629667,259.6649655629667,-0.08393681931138723,0.015955487764345605,526.2455240988311,0.03484669484098569,0.4578766461827885,False
3236,1036.0096485438662,878.6736161353476,725.6736161353476,302.67361613534763,255.67361613534763,-0.08308625267470604,0.009797601194255795,323.14548145021536,0.021394280837615513,0.4579542200376099,False
3237,1036.271811203787,876.6822718985068,724.6822718985068,305.68227189850677,263.68227189850677,-0.08269458724003768,0.018505266708935167,610.3425931981619,0.04127697628790562,0.4483193386032327,False
3238,1036.5339443364048,872.6909328584836,723.6909328584836,307.6909328584836,266.6909328584836,-0.08130733235497443,0.01920088435587515,633.2855253474595,0.04332864041888297,0.44314532305304577,False
3239,1036.7960479173491,863.6995990213093,717.6995990213093,306.69959902130927,264.69959902130927,-0.08042001438138237,0.01646008960792092,542.8883535475757,0.037288998138230986,0.4414194649827563,False
3240,1037.058121922248,853.7082703930071,710.7082703930071,303.70827039300707,259.70827039300707,-0.0796181194338169,0.01164728084885551,384.1518043922765,0.026290095700139144,0.4430292297792535,False
3241,1037.32016632673,838.7169469795917,699.7169469795917,292.71694697959174,253.71694697959174,-0.07869302584094759,0.016594635819873083,547.3259704271109,0.03696978453026802,0.44887023364409034,False
3242,1037.5821811064243,842.7256287870703,704.7256287870703,303.72562878707026,262.72562878707026,-0.07766613600019534,0.014687136286141725,484.412626336818,0.033696820213667496,0.43586119381628163,False
3243,1037.844166236959,838.7343158214414,701.7343158214414,301.73431582144144,262.73431582144144,-0.07745169735001613,0.01734379250841099,572.0347327046734,0.03984076382629966,0.4353278110838331,False
3244,1038.106121693963,817.7430080886957,682.7430080886957,285.74300808869566,248.74300808869566,-0.07835957822147596,0.018134847891642734,598.1254020021822,0.040518117374799954,0.447573803192584,False
3245,1038.368047453065,818.7517055948158,684.7517055948158,292.7517055948158,254.7517055948158,-0.07761909503007831,0.017236761388529864,568.5046213969777,0.03935024570992516,0.4380344030274328,False
3246,1038.6299434898933,811.7604083457761,680.7604083457761,291.7604083457761,252.7604083457761,-0.07643357571425947,0.014116265887396534,465.58412064541017,0.0322773058938957,0.4373433747475873,False
3247,1038.891809780077,790.7691163475429,660.7691163475429,276.7691163475429,237.76911634754288,-0.07799996319137442,0.012037779795234696,397.03128045295625,0.026755783703649224,0.44991318245680323,False
3248,1039.1536462992447,788.777829606074,660.777829606074,278.77782960607396,240.77782960607396,-0.07689923214709897,0.013257494894969454,437.2600482218427,0.029787590611439315,0.4450677152074926,False
3249,1039.4154530230246,781.7865481273195,655.7865481273195,276.7865481273195,239.78654812731952,-0.07632568951252391,0.01400552580188616,461.93167985520176,0.031548208255367555,0.4439404510239749,False
3250,1039.6772299270456,779.795271917221,655.795271917221,281.79527191722104,243.79527191722104,-0.07521231641538831,0.012303893165526103,405.808258762052,0.02822673947919295,0.4358949489931627,False
3251,1039.9389769869367,776.8040009817128,653.8040009817128,279.80400098171276,245.80400098171276,-0.07486387983265584,0.018598907228078485,613.4310543471579,0.04283902129220438,0.4341580798780531,False
3252,1040.200694178326,769.8127353267196,648.8127353267196,278.8127353267196,244.81273532671958,-0.07426572562220438,0.0177871248367129,586.6567647542695,0.04115685410054041,0.43217892196671437,False
3253,1040.4623814768424,754.8214749581589,635.8214749581589,267.8214749581589,234.8214749581589,-0.07450905532931393,0.01740146946189338,573.9370398645701,0.03943245814665545,0.44129811530325114,False
3254,1040.7240388581147,749.8302198819399,632.8302198819399,268.8302198819399,234.8302198819399,-0.07367572942158426,0.014951626913175753,493.1360831623613,0.03413543006927532,0.43800903878558245,False
3255,1040.985666297771,745.8389701039634,628.8389701039634,267.83897010396345,235.83897010396345,-0.07410562376262848,0.018847427040602,621.6277601402976,0.04329282486673005,0.4353475916302702,False
3256,1041.2472637714407,744.8477256301223,628.8477256301223,272.84772563012234,239.84772563012234,-0.07352200146782707,0.017537268070084044,578.4159634045259,0.0410345094256951,0.42737852396750015,False
3257,1041.5088312547518,727.8564864663008,613.8564864663008,260.8564864663008,226.8564864663008,-0.0739789073927379,0.013328468501440337,439.6009069461943,0.030362367494313595,0.43897988205091565,False
3258,1041.7703687233331,716.8652526183755,602.8652526183755,253.8652526183755,220.8652526183755,-0.0752172769546444,0.014741411689975677,486.2027432394234,0.0332415398519564,0.44346356262759246,False
3259,1042.0318761528135,708.8740240922145,598.8740240922145,251.87402409221454,220.87402409221454,-0.07323358624763796,0.01619484910714706,534.1401643098959,0.036699025744898944,0.4412882570703691,False
3260,1042.2933535188217,704.8828008936775,593.8828008936775,249.88280089367754,218.88280089367754,-0.07441616583224112,0.016891438043615772,557.1151316294527,0.03822155872159646,0.44193482967693687,False
3261,1042.5548007969858,686.8915830286162,576.8915830286162,236.8915830286162,205.8915830286162,-0.07579399213455419,0.014882954773963578,490.8711316657698,0.032717190752361645,0.454897087180056,False
3262,1042.8162179629348,692.900370502874,584.900370502874,246.900370502874,216.900370502874,-0.07358889709083372,0.01732744931273246,571.4956997586223,0.03942668443754844,0.4394853272579642,False
3263,1043.0776049922974,684.9091633222863,577.9091633222863,242.9091633222863,211.9091633222863,-0.07377339593533613,0.014479234591979417,477.55559146446717,0.03268823163748727,0.44294946121754875,False
3264,1043.3389618607023,685.91796149268,580.91796149268,251.91796149267998,219.91796149267998,-0.07215737076878156,0.01315893862017204,434.0094551187044,0.030714069707356725,0.42843357280719374,False
3265,1043.6002885437779,672.9267650198735,571.9267650198735,244.92676501987353,211.92676501987353,-0.07062738116603616,0.00777694361121492,256.4999470411808,0.017876260755699747,0.43504308409325954,False
3266,1043.861585017153,674.9355739096777,572.9355739096777,248.93557390967771,216.93557390967771,-0.07115653046680678,0.011400342062363046,376.00724416087746,0.026669014886371085,0.42747518462667583,False
3267,1044.1228512564562,665.9443881678947,563.9443881678947,243.94438816789466,213.94438816789466,-0.07220168419099253,0.015211751660472374,501.7155440973056,0.03549658627185718,0.42854125588219544,False
3268,1044.384087237316,667.9532078003183,567.9532078003183,247.9532078003183,218.9532078003183,-0.0704334830791075,0.016415064154277334,541.4033194451767,0.03888270536351558,0.4221687766016383,False
3269,1044.6452929353613,648.9620328127344,550.9620328127344,231.96203281273438,202.96203281273438,-0.0710976170301771,0.013095514983759361,431.91761027652865,0.029745320584319713,0.440254625820462,False
3270,1044.9064683262204,640.97086321092,540.97086321092,225.97086321092002,196.97086321092002,-0.07366441356692963,0.014013957122728668,462.20976253879917,0.03143701558090301,0.4457788649391293,False
3271,1045.1676133855226,642.9796990006446,543.9796990006446,230.9796990006446,202.9796990006446,-0.07261456863661195,0.01649336172838184,543.9857380166964,0.037796149787019805,0.43637676909741996,False
3272,1045.428728088896,643.9885401876691,546.9885401876691,236.98854018766906,207.98854018766906,-0.07089991149397597,0.014211972449831835,468.7407242448942,0.03327981563694508,0.42704480712491183,False
3273,1045.6898124119693,633.9973867777458,538.9973867777458,230.99738677774576,201.99738677774576,-0.0705008082014057,0.012239492412539334,403.68418656141284,0.028308525019514343,0.43236065475336843,False
3274,1045.9508663303714,624.0062387766188,533.0062387766188,227.00623877661883,198.00623877661883,-0.06845663933088282,0.009097720546043624,300.0619465583475,0.02093343959889053,0.43460227847724564,False
3275,1046.2118898197305,634.0150961900245,541.0150961900245,238.01509619002445,212.01509619002445,-0.0688902151636228,0.018652497217212093,615.1985648322391,0.04481954224690077,0.4161688469386788,False
3276,1046.4728828556756,633.0239590236902,542.0239590236902,240.02395902369017,214.02395902369017,-0.06740166370186973,0.017609462247966376,580.797079139606,0.04270401386012673,0.4123608217636082,False
3277,1046.733845413835,620.0328272833353,530.0328272833353,230.03282728333534,204.03282728333534,-0.06811191536301567,0.016022145708661444,528.4440432140052,0.03791202738105315,0.4226137934440468,False
3278,1046.994777469838,617.0417009746709,529.0417009746709,229.0417009746709,204.0417009746709,-0.06682460951707292,0.01662898454007481,548.4588634186416,0.03939719795749075,0.42208546298184324,False
3279,1047.2556789993127,610.0505801033996,524.0505801033996,226.05058010339962,201.05058010339962,-0.06599263836848619,0.015092343023293882,497.7771962522247,0.03562757922851055,0.4236140470418605,False
3280,1047.516549977888,617.0594646752158,529.0594646752158,236.05946467521585,211.05946467521585,-0.06682252990436367,0.018205944261790112,600.4703097306274,0.04460026225288029,0.4082026280151384,False
3281,1047.7773903811922,599.0683546958055,511.0683546958055,221.0683546958055,195.0683546958055,-0.06899738862492018,0.014657630541539644,483.43946486025357,0.034438223372287004,0.4256209846566846,False
3282,1048.0382001848543,583.0772501708464,500.07725017084636,209.07725017084636,185.07725017084636,-0.06668899915622295,0.01373525787027327,453.0176753810456,0.03131958724754608,0.43855168849166243,False
3283,1048.2989793645029,585.0861511060075,503.0861511060075,217.0861511060075,191.0861511060075,-0.06557745626770307,0.010174550384947773,335.5780580874273,0.0239119629420026,0.4255004246044414,False
3284,1048.5597278957664,584.0950575069503,501.0950575069503,219.0950575069503,193.0950575069503,-0.06656341219376878,0.011701989276582399,385.95620333306556,0.02786188213951084,0.4199999561403588,False
3285,1048.8204457542738,584.1039693793268,502.1039693793268,222.10396937932683,196.10396937932683,-0.06569650287299508,0.01162656706447742,383.4686202441569,0.028075319992740967,0.4141205538345969,False
3286,1049.0811329156534,575.1128867287819,495.11288672878186,215.11288672878186,190.11288672878186,-0.06504886884039036,0.011393996820009397,375.7979647306752,0.027039098414295967,0.4213896722971068,False
3287,1049.341789355534,572.1218095609511,491.1218095609511,213.12180956095108,189.12180956095108,-0.06629928304434955,0.014413002709322026,475.37112475834874,0.03418205221115823,0.4216541072574079,False
3288,1049.6024150495443,568.1307378814618,489.13073788146176,213.13073788146176,190.13073788146176,-0.06502333123133748,0.015429576373565089,508.8998609916664,0.03690514471816377,0.418087410072424,False
3289,1049.863009973313,562.1396716959332,482.1396716959332,208.1396716959332,184.1396716959332,-0.06667136787084009,0.013463867177586096,444.06663988667106,0.03169777856215194,0.4247574369032391,False
3290,1050.1235741024686,555.1486110099761,477.1486110099761,205.1486110099761,181.1486110099761,-0.06575559361677817,0.011722021112204904,386.616895377804,0.02748553341029859,0.4264796661291196,False
3291,1050.3841074126397,567.1575558291927,489.1575558291927,217.1575558291927,195.1575558291927,-0.06425495595370223,0.017865381383052152,589.2378301438516,0.04378811946349145,0.4079960866542236,False
3292,1050.644609879455,558.1665061591771,478.16650615917706,209.16650615917706,188.16650615917706,-0.0671846201881066,0.021234799102770596,700.3683088863074,0.051087653010952264,0.4156542305480003,False
3293,1050.9050814785433,562.1754620055146,482.17546200551465,215.17546200551465,193.17546200551465,-0.06666678019518396,0.01982599567110807,653.9030104763046,0.04869264300695578,0.407166143523487,False
3294,1051.1655221855333,553.1844233737825,476.18442337378247,211.18442337378247,188.18442337378247,-0.06509475774819659,0.015016548209909643,495.27732398993703,0.03656332120558608,0.4106997864191681,False
3295,1051.4259319760529,542.1933902695494,468.19339026954935,204.19339026954935,182.19339026954935,-0.0637289406701784,0.01421987808849514,469.0014688252638,0.034100214456998026,0.4170025999815067,False
3296,1051.6863108257319,539.2023626983755,466.2023626983755,202.2023626983755,181.2023626983755,-0.06317731635986935,0.01555494656734275,513.0348335042784,0.03719605373523098,0.41818808731877843,False
3297,1051.9466587101979,534.2113406658127,460.2113406658127,199.2113406658127,177.2113406658127,-0.0647557868546994,0.013933239808133262,459.54753583971774,0.03306162263474908,0.4214324252037428,False
3298,1052.2069756050803,541.2203241774048,469.2203241774048,208.2203241774048,186.2203241774048,-0.061997281853322934,0.013501241904763962,445.2993369487888,0.03308314155010656,0.4081003578307537,False
3299,1052.4672614860074,552.229313238686,480.229313238686,220.22931323868602,200.22931323868602,-0.060670790076578184,0.01932332337189105,637.3238214563012,0.049600058908636765,0.3895826698005456,False
3300,1052.7275163286079,531.2383078551834,462.2383078551834,205.2383078551834,183.2383078551834,-0.060423450023530514,0.011181297245633527,368.782685683979,0.0274427859773992,0.40744031071925435,False
3301,1052.9877401085103,518.247308032415,448.24730803241505,195.24730803241505,173.24730803241505,-0.06301936481736647,0.011100805192506148,366.12788858160116,0.026531459865827233,0.4184015975240054,False
3302,1053.2479328013435,519.2563137758902,450.25631377589025,197.25631377589025,176.25631377589025,-0.06192197445821607,0.013035744513116058,429.9462545201968,0.03150001206114643,0.41383300069255996,False
3303,1053.5080943827359,540.2653250911103,469.2653250911103,218.2653250911103,198.2653250911103,-0.06118863031550579,0.019450650151081515,641.5233262684726,0.05066632189669615,0.3838970231693462,False
3304,1053.7682248283163,531.2743419835681,462.2743419835681,211.2743419835681,192.2743419835681,-0.06041905298320738,0.01949362897161104,642.9408581088496,0.04989088364025096,0.3907252698143028,False
3305,1054.0283241137133,509.28336445874766,444.28336445874766,191.28336445874766,173.28336445874766,-0.059299438325870354,0.01637910799767063,540.2174098222597,0.03926970346355453,0.4170927344249434,False
3306,1054.2883922145556,507.2923925221248,442.2923925221248,192.29239252212483,172.29239252212483,-0.05954888006155065,0.011852878887832617,390.93285987445165,0.028535725717899404,0.41536980713259886,False
3307,1054.548429106472,512.3014261791666,445.3014261791666,198.30142617916658,178.30142617916658,-0.06087147883583975,0.014700458163085336,484.8520098403312,0.036310921045491905,0.40484949816249394,False
3308,1054.8084347650906,502.31046543533216,436.31046543533216,192.31046543533216,173.31046543533216,-0.06117659641236287,0.015998466037076407,527.6630378716554,0.039118916101090036,0.4089700746240925,False
3309,1055.0684091660407,492.3195102960715,428.3195102960715,186.31951029607148,164.31951029607148,-0.060479189608483364,0.005909987510944653,194.92381060668708,0.014103847117079824,0.4190337190898525,True
3310,1055.3283522849506,492.3285607668265,427.3285607668265,187.3285607668265,166.3285607668265,-0.06149311049501962,0.009855943624617142,325.06973743637946,0.02376512067889143,0.4147230623310637,True
3311,1055.588264097449,484.33761685303057,421.33761685303057,181.33761685303057,161.33761685303057,-0.06051796603511768,0.00976569973334808,322.0933042142167,0.023153679288982515,0.42177744674882,True
3312,1055.8481445791642,484.3466785601081,423.3466785601081,181.3466785601081,163.3466785601081,-0.058460169091208936,0.013060871480183298,430.7749947096927,0.031088705589623584,0.42011628443426086,True
3313,1056.1079937057254,486.3557458934756,427.3557458934756,187.3557458934756,169.3557458934756,-0.0561645035534878,0.012297422772469459,405.59485159860355,0.03013052703174756,0.4081383229543932,True
3314,1056.367811452761,485.36481885854073,425.36481885854073,188.36481885854073,169.36481885854073,-0.05730672641855646,0.011130136097653481,367.0952834854436,0.02744769878596127,0.40550343343705864,True
3315,1056.6275977958999,476.37389746070266,417.37389746070266,181.37389746070266,162.37389746070266,-0.05742267180536516,0.009364101526227568,308.84775120420136,0.022580906764750344,0.41469112041352063,True
3316,1056.8873527107703,480.3829817053522,423.3829817053522,190.38298170535222,170.38298170535222,-0.05485421632252636,0.006652306167669146,219.40704022184514,0.01668778189235559,0.3986333360886304,True
3317,1057.147076173001,471.39207159787134,413.39207159787134,180.39207159787134,164.39207159787134,-0.05702013071266599,0.0166835530276623,550.2586468394861,0.04080873858306262,0.40882305131055163,True
3318,1057.406768158221,472.40116714363353,414.40116714363353,186.40116714363353,170.40116714363353,-0.05688999202646993,0.01791392977413238,590.8390581279477,0.04536258847900636,0.3949053697062036,True
3319,1057.6664286420582,467.41026834800414,410.41026834800414,181.41026834800414,165.41026834800414,-0.056480030837716466,0.01638063129984793,540.2676515299713,0.04066225940174718,0.40284606760302366,True
3320,1057.926057600142,464.4193752163392,406.4193752163392,179.41937521633918,162.41937521633918,-0.05793592599893673,0.014704421523167088,484.9827297866109,0.03624557118893388,0.4056887790930024,True
3321,1058.1856550081009,457.42848775398716,403.42848775398716,177.42848775398716,157.42848775398716,-0.054556645837150544,0.002616618492733709,86.30157789048394,0.006382127891072546,0.4099915478650764,True
3322,1058.445220841563,464.4376059662868,408.4376059662868,184.4376059662868,166.4376059662868,-0.05580165580307862,0.01120363972714962,369.51958768714894,0.028329500192036502,0.3954760815123379,True
3323,1058.7047550761577,460.44672985856937,403.44672985856937,180.44672985856937,164.44672985856937,-0.05739319327275155,0.017069418943583145,562.9853158172534,0.04285615018680219,0.3982956674638446,True
3324,1058.9642576875128,454.45585943615697,396.45585943615697,176.45585943615697,160.45585943615697,-0.05929686637610326,0.018016363193457695,594.2175276071796,0.04483383825415553,0.4018474414643231,True
3325,1059.2237286512577,450.4649947043631,392.4649947043631,172.4649947043631,156.4649947043631,-0.059860121331083954,0.017576351678392887,579.7050229583247,0.04306114931597769,0.4081719126774734,True
3326,1059.4831679430208,445.47413566849264,387.47413566849264,169.47413566849264,155.47413566849264,-0.06057977569874906,0.02313449915523748,763.0244096903821,0.05668111279227346,0.4081518166381356,True
3327,1059.7425755384306,447.48328233384245,391.48328233384245,175.48328233384245,160.48328233384245,-0.05806359407319793,0.019257643295437693,635.157554478661,0.04851864252872946,0.39691224427877636,True
3328,1060.0019514131159,455.4924347056999,400.4924347056999,185.4924347056999,169.4924347056999,-0.055886851468942116,0.016710968061675324,551.1628522862547,0.04376896467572164,0.3817994824754169,True
3329,1060.2612955427055,434.5015927893446,380.5015927893446,166.5015927893446,150.5015927893446,-0.05763489373958078,0.013757597506889006,453.75448355342155,0.03358016326104305,0.4096941816494812,True
3330,1060.5206079028274,438.5107565900471,385.5107565900471,172.5107565900471,158.5107565900471,-0.05594375068000176,0.019186309709625197,632.8048228789646,0.04850283203602998,0.39557091625851426,True
3331,1060.779888469111,425.51992611306923,372.51992611306923,159.51992611306923,147.51992611306923,-0.05777039375861697,0.023806140137424117,785.1765410383737,0.05747472572161236,0.4142018920235097,True
3332,1061.0391372171846,434.5291013636647,380.5291013636647,170.52910136366472,155.52910136366472,-0.057630991904971285,0.017644151122723765,581.9411911433699,0.044399162347917576,0.3973982883835041,True
3333,1061.298354122677,428.53828234707794,376.53828234707794,167.53828234707794,152.53828234707794,-0.05618048739903251,0.015445280507397803,509.41781633476626,0.038598444534159865,0.4001529256892369,True
3334,1061.5575391612163,430.5474690685453,378.5474690685453,171.5474690685453,156.5474690685453,-0.05590069373725525,0.01616242936797211,533.0708931672493,0.04127749174565052,0.39155551087173734,True
3335,1061.816692308432,421.5566615332941,370.5566615332941,162.55666153329412,148.55666153329412,-0.05600133148366532,0.016888691081688598,557.0245310511186,0.04165862397137846,0.40540683948879264,True
3336,1062.0758135399522,428.56585974654354,378.56585974654354,172.56585974654354,157.56585974654354,-0.05387612612013493,0.014383370116652618,474.39377956589624,0.03708286997490209,0.38787100692010545,True
3337,1062.3349028314055,418.57506371350337,368.57506371350337,163.57506371350337,150.57506371350337,-0.055247402732098994,0.019283360208900133,636.0057523403077,0.048400238038433276,0.3984145737793222,True
3338,1062.5939601584207,430.5842734393757,380.5842734393757,178.5842734393757,163.5842734393757,-0.05360732536587773,0.015505663562073127,511.4093764000945,0.041407829269584875,0.37446212070485035,True
3339,1062.8529854966268,428.5934889293528,379.5934889293528,176.59348892935282,163.59348892935282,-0.05272681460114538,0.019518142297651704,643.7493591274458,0.05200513739690528,0.3753118109983724,True
3340,1063.111978821652,425.60271018861954,377.60271018861954,176.60271018861954,161.60271018861954,-0.051969282109813004,0.013420557944068011,442.6382103314197,0.035759857334460625,0.37529674177796707,True
3341,1063.3709401091248,407.6119372223511,360.6119372223511,161.61193722235112,147.61193722235112,-0.0532067952248372,0.013854838939530163,456.9617103985149,0.03508921854716724,0.3948460385604303,True
3342,1063.6298693346741,403.6211700357144,356.6211700357144,158.62117003571439,144.62117003571439,-0.053766816474642314,0.01363753824517365,449.7946767435351,0.03419694779788359,0.3987940188632174,True
3343,1063.8887664739286,403.6304086338678,357.6304086338678,161.63040863386777,145.63040863386777,-0.05254943866743361,0.007278435881226453,240.0581142680503,0.018481556342625514,0.39382158873923434,True
3344,1064.147631502517,400.63965302196084,354.63965302196084,159.63965302196084,144.63965302196084,-0.05296663768985828,0.01011323381688621,333.5557087884231,0.025631900165095648,0.39455653899034576,True
3345,1064.4064643960676,397.64890320513405,349.64890320513405,157.64890320513405,145.64890320513405,-0.05586761865639785,0.021483883599047744,708.583639136579,0.054936595135468974,0.39106689349913865,True
3346,1064.6652651302095,401.65815918852013,357.65815918852013,163.65815918852013,150.65815918852013,-0.05038845657202486,0.014443451324645758,476.3753840931797,0.03774119878931899,0.38269720591740586,True
3347,1064.924033680571,389.6674209772423,344.6674209772423,153.66742097724227,139.66742097724227,-0.05329386264151864,0.011807173909970103,389.4254136349873,0.029650717531350384,0.39820870768088856,True
3348,1065.182770022781,391.676688576415,349.676688576415,157.67668857641502,144.67668857641502,-0.04926104365948167,0.011892112943970454,392.226881513885,0.030554161786149038,0.3892141773420027,True
3349,1065.4414741324679,398.6859619911447,357.6859619911447,166.68596199114472,153.68596199114472,-0.04712904828237887,0.01186422237071555,391.30699178335976,0.031824647288836855,0.37279980711293437,True
3350,1065.7001459852604,386.69524122652865,345.69524122652865,154.69524122652865,143.69524122652865,-0.04867542639352432,0.01664085815060839,548.8504800517694,0.04271580575867158,0.3895714444583593,True
3351,1065.958785556787,373.7045262876552,332.7045262876552,144.7045262876552,132.7045262876552,-0.05046964875124856,0.01287326893694616,424.5874685026456,0.03173807693963669,0.4056096077096951,True
3352,1066.2173928226769,389.71381717960435,346.71381717960435,160.71381717960435,148.71381717960435,-0.050774654408057444,0.017072759306375418,563.0954880034167,0.045387418709106536,0.37615620786449216,True
3353,1066.4759677585582,386.72311390744744,345.72311390744744,161.72311390744744,147.72311390744744,-0.04867171402122234,0.009348072851275223,308.3190918128066,0.024997921892573754,0.37395399871428103,True
3354,1066.7345103400596,376.7324164762465,337.7324164762465,153.7324164762465,141.7324164762465,-0.04746024389503396,0.012163981828061832,401.1936887659044,0.03174436493265114,0.38318554659603177,True
3355,1066.9930205428102,392.7417248910556,352.7417248910556,168.74172489105558,156.74172489105558,-0.04665020892029968,0.014612346460328142,481.945900677043,0.04063744384786149,0.3595783857624968,True
3356,1067.2514983424383,393.75103915691943,352.75103915691943,170.75103915691943,158.75103915691943,-0.0477534111540106,0.016106632552500853,531.2305969109143,0.04539572632356587,0.35480504128732404,True
3357,1067.5099437145723,393.76035927887415,354.76035927887415,173.76035927887415,161.76035927887415,-0.045296906570452045,0.01421830352413557,468.9495363830306,0.04083699439422431,0.34817213497344224,True
3358,1067.7683566348412,369.7696852619472,332.7696852619472,152.7696852619472,142.7696852619472,-0.045787547673149326,0.016386365894715427,540.4567905225309,0.04361545125445355,0.37570093678767624,True
3359,1068.0267370788736,363.7790171111574,325.7790171111574,150.77901711115737,138.77901711115737,-0.047914536524288204,0.011897435907472095,392.40244403877045,0.03159606556682959,0.37654801931928983,True
3360,1068.285085022298,353.7883548315142,314.7883548315142,139.7883548315142,128.7883548315142,-0.05072487588162747,0.015130477645299838,499.0349562430333,0.03823653897548272,0.39570730120216957,True
3361,1068.5434004407432,351.7976984280192,311.7976984280192,136.7976984280192,127.7976984280192,-0.052420088770641755,0.022864330641849066,754.1136842382402,0.057335407484969486,0.39878203792033684,True
3362,1068.8016833098377,362.8070479056644,321.8070479056644,149.80704790566438,141.80704790566438,-0.052080163730256195,0.028245733937835686,931.6036763782462,0.07633557096089,0.3700206022210431,True
3363,1069.0599336052103,360.8164032694335,322.8164032694335,149.81640326943352,139.81640326943352,-0.048330678599168876,0.01832943795754003,604.5433913939816,0.0491983313674776,0.37256218753908077,True
3364,1069.3181513024897,358.8257645243011,320.8257645243011,148.82576452430112,139.82576452430112,-0.048614380986856574,0.021523461363567416,709.8889970009028,0.05794541014525797,0.3714437659447444,True
3365,1069.5763363773044,345.83513167523347,308.83513167523347,136.83513167523347,128.83513167523347,-0.04914241116840715,0.022979102389172393,757.899097709389,0.058742748174199055,0.3911819433613979,True
3366,1069.834488805283,348.8445047271873,310.8445047271873,142.8445047271873,134.8445047271873,-0.05008869193550071,0.025058406832420266,826.4789288407932,0.06677983138404849,0.3752391450093703,True
3367,1070.0926085620542,338.85388368511144,302.85388368511144,133.85388368511144,123.85388368511144,-0.0487793202918309,0.015057973112034898,496.6436043350827,0.03803935289073856,0.39585250451779014,True
3368,1070.3506956232468,343.8632685539451,309.8632685539451,142.8632685539451,133.8632685539451,-0.04521568933255529,0.01695653226424003,559.2620758504099,0.04546146393070371,0.37298693878592737,True
3369,1070.6087499644889,332.8726593386191,297.8726593386191,132.8726593386191,123.87265933861909,-0.048247482914386956,0.01778731704072101,586.6631040464596,0.045614488922050195,0.38994883996436847,True
3370,1070.86677156141,341.8820560440554,306.8820560440554,143.8820560440554,134.8820560440554,-0.046904811917639774,0.018852354151458552,621.7902666128851,0.05144682445214747,0.36644349485542693,True
3371,1071.1247603896381,329.8914586751671,296.8914586751671,133.8914586751671,122.89145867516709,-0.045773367755991945,0.008542193932851563,281.73951116634476,0.02205307308270008,0.3873471012778096,True
3372,1071.382716424802,330.9008672368584,297.9008672368584,134.9008672368584,125.9008672368584,-0.04562613785862364,0.015640117877779754,515.8439623482907,0.04095739462871376,0.381863104808308,True
3373,1071.6406396425305,334.9102817340247,299.9102817340247,138.9102817340247,130.9102817340247,-0.04793712576814486,0.022176491142846314,731.4272917571877,0.05975786037734038,0.3711058428600538,True
3374,1071.8985300184522,337.9197021715527,303.9197021715527,142.91970217155267,133.91970217155267,-0.0460546587920185,0.017807031089530797,587.3133148141432,0.04881073900090578,0.36481789569300216,True
3375,1072.1563875281954,328.92912855431996,295.92912855431996,136.92912855431996,128.92912855431996,-0.04591461920655776,0.019769822213563035,652.0502917726938,0.053327951021521304,0.3707215791130738,True
3376,1072.4142121473892,323.93856088719554,292.93856088719554,132.93856088719554,123.93856088719554,-0.04368610480510593,0.01324158078390859,436.73516738839635,0.034828769717931043,0.3801908850398288,True
3377,1072.6720038516619,330.9479991750393,298.9479991750393,141.94799917503929,128.94799917503929,-0.044164108719101806,0.002449441187273034,80.78771895812542,0.0066850509153014255,0.3664057638912672,True
3378,1072.9297626166426,333.9574434227027,301.9574434227027,147.95744342270268,135.95744342270268,-0.043745388014838224,0.007011558948820079,231.2559520754337,0.020030248245406484,0.35004852974940204,True
3379,1073.1874884179595,317.96689363502765,287.96689363502765,131.96689363502765,121.96689363502765,-0.04303934248680228,0.008816311462371516,290.7804834711376,0.02335392586350177,0.3775087543696419,True
3380,1073.4451812312413,329.9763498168479,301.9763498168479,147.97634981684791,138.97634981684791,-0.03850988286897191,0.011258473485988463,371.32812031145,0.032855985098169095,0.3426612671131216,True
3381,1073.7028410321168,327.9858119729879,299.9858119729879,146.9858119729879,136.9858119729879,-0.03875434242395916,0.008154514899559092,268.95304176658044,0.023670416450145688,0.34450238409341133,True
3382,1073.9604677962147,315.9952801082634,286.9952801082634,136.9952801082634,126.99528010826339,-0.04180584135344865,0.008887816983943406,293.13888587357883,0.024789529876364402,0.35853108260909383,True
3383,1074.2180614991635,319.00475422748104,292.00475422748104,142.00475422748104,132.00475422748104,-0.038407233131400986,0.006693921460285107,220.77960004556644,0.01922726748907828,0.3481473102762769,True
3384,1074.475622116592,317.0142343354387,290.0142343354387,139.0142343354387,131.0142343354387,-0.03865944877135005,0.01291865985911506,426.08455652520536,0.036746654740725165,0.3515601610613473,True
3385,1074.7331496241284,305.0237204369255,276.0237204369255,128.0237204369255,120.02372043692549,-0.04338720865317368,0.015363849470923365,506.7320495879069,0.041595726851514775,0.3693612453454186,True
3386,1074.990643997402,305.03321253672175,279.03321253672175,131.03321253672175,123.03321253672175,-0.03869122944740049,0.011332204789928538,373.75993369487674,0.031365115303807437,0.36129963751648997,True
3387,1075.2481052120409,310.0427106395982,283.0427106395982,136.04271063959823,127.04271063959823,-0.039569550449673044,0.00984402530314265,324.6766461424396,0.02790064939274837,0.35282423590116146,True
3388,1075.505533243674,299.0522147503175,272.0522147503175,124.05221475031749,118.05221475031749,-0.04109475729587399,0.01956437418713674,645.274184019763,0.05254151279512704,0.37236031370895806,True
3389,1075.76292806793,304.0617248736328,277.0617248736328,131.06172487363278,125.06172487363278,-0.04038522119502211,0.020033756139095988,660.7553874125729,0.05635865935646791,0.3554689974504663,True
3390,1076.0202896604374,303.0712410142887,277.0712410142887,133.07124101428872,127.07124101428872,-0.03895327738712384,0.018916341672196593,623.900709545368,0.054356936686341374,0.34800234938459707,True
3391,1076.277617996825,292.0807631770206,266.0807631770206,123.08076317702057,114.08076317702057,-0.04048947718252871,0.007511714562731801,247.75213552412197,0.02021686105158618,0.3715569169498964,True
3392,1076.534913052721,288.0902913665552,264.0902913665552,122.09029136655522,114.09029136655522,-0.037776187090814435,0.008343746162470186,275.1942865719607,0.022631673264314006,0.36867561956308115,True
3393,1076.7921748037545,288.09982558761,264.09982558761,121.09982558760998,115.09982558760998,-0.0377748809659838,0.0157060288469827,518.0178446541375,0.0426161431778833,0.36854646328327834,True
3394,1077.0494032255544,304.109365844894,281.109365844894,140.109365844894,133.109365844894,-0.03415448015726465,0.011895927150296005,392.3526820557711,0.035981244704211074,0.330614664614528,True
3395,1077.3065982937487,289.1189121431066,266.1189121431066,125.11891214310663,118.11891214310663,-0.036000761673824176,0.01099724047801548,362.7121066098915,0.03069669062063398,0.3582549211550269,True
3396,1077.5637599839663,283.1284644869388,259.1284644869388,122.12846448693881,114.12846448693881,-0.03846841205524231,0.009045489475687517,298.3392560709267,0.02508149915729077,0.36064389209598524,True
3397,1077.8208882718359,279.13802288107263,257.13802288107263,119.13802288107263,113.13802288107263,-0.03565269777272721,0.013210894204346391,435.7230594927921,0.036377296965503125,0.36316316236674717,True
3398,1078.0779831329862,277.1475873301806,256.1475873301806,122.14758733018061,113.14758733018061,-0.03422083266936705,0.0009812373345857023,32.36326980603394,0.0027614383727721523,0.3553355904157506,True
3399,1078.3350445430458,269.1571578389271,247.1571578389271,114.1571578389271,105.1571578389271,-0.03703274128688873,0.001368433230071353,45.1338043053986,0.0036803789333049153,0.3718185694652165,True
3400,1078.5920724776431,274.1667344119667,253.16673441196667,122.16673441196667,111.16673441196667,-0.03460811952174175,-0.006369997372586811,-210.09590276117842,-0.01798180675680783,0.35424679281325044,True
3401,1078.8490669124071,271.1763170539457,251.1763170539457,119.1763170539457,110.1763170539457,-0.03327306994355586,-0.000828639409384227,-27.33026947974554,-0.0023180273265799114,0.35747611768098825,True
3402,1079.106027822966,283.1859057695008,263.1859057695008,131.18590576950078,124.18590576950078,-0.031809006551609495,0.007994137591641536,263.66346104644526,0.024210911415052216,0.3301873876037349,True
3403,1079.3629551849492,279.1955005632601,258.1955005632601,126.19550056326011,119.19550056326011,-0.03395974526331445,0.009175736430859449,302.63507442502896,0.02696551680713052,0.3402766761893879,True
3404,1079.6198489739845,280.2051014398428,258.2051014398428,126.20510143984279,120.20510143984279,-0.0355112193184206,0.014357208364321444,473.53090998333005,0.04232411476773426,0.33922052340871744,True
3405,1079.8767091657012,280.21470840385905,259.21470840385905,128.21470840385905,122.21470840385905,-0.033831286855781795,0.01301691377314224,429.3251771345947,0.039084593851955916,0.3330446216851459,True
3406,1080.1335357357275,289.22432145990933,269.22432145990933,137.22432145990933,132.22432145990933,-0.031120519802358824,0.01500077483427387,494.75708490662885,0.04742528244909832,0.3163033314640612,True
3407,1080.3903286596924,278.23394061258637,259.23394061258637,127.23394061258637,121.23394061258637,-0.030718245071627407,0.009739488765799678,321.22881141033804,0.02907853594448,0.3349373842065296,True
3408,1080.647087913224,275.24356586647264,256.24356586647264,125.24356586647264,119.24356586647264,-0.03106420632398906,0.009743736929574136,321.36892478104573,0.028905456436131304,0.337089883050407,True
3409,1080.9038134719515,270.2531972261422,248.25319722614222,121.25319722614222,115.25319722614222,-0.036875990134474734,0.014835773097855165,489.3149808142101,0.04355011966734211,0.34065975504036083,True
3410,1081.1605053115036,270.2628346961603,250.26283469616033,123.26283469616033,117.26283469616033,-0.03338996816487392,0.011718205664745608,386.49105390071816,0.03496979389779664,0.33509507373687847,True
3411,1081.4171634075085,265.27247828108284,245.27247828108284,118.27247828108284,113.27247828108284,-0.03404337546128918,0.015284080864814784,504.1011132888582,0.04453838813044016,0.34316645721556194,True
3412,1081.673787735595,268.28212798545655,247.28212798545655,123.28212798545655,118.28212798545655,-0.035399013069240454,0.01741802010502997,574.4829148638324,0.05294510883964491,0.32898261023098485,True
3413,1081.9303782713919,266.2917838138194,245.2917838138194,121.29178381381939,116.29178381381939,-0.035674765379721175,0.01739241446412283,573.6383870049489,0.05225612247110787,0.3328301764781534,True
3414,1082.1869349905276,261.3014457707004,240.3014457707004,119.30144577070041,115.30144577070041,-0.03638542892920767,0.021574475140044982,711.5715385775189,0.06543492520745364,0.32970886833973867,True
3415,1082.443457868631,249.31111386061934,226.31111386061934,107.31111386061934,99.31111386061934,-0.04203575688968206,0.008388907046063696,276.68378743877474,0.023180020711843885,0.36190248276082704,True
3416,1082.6999468813306,257.32078808808683,236.32078808808683,116.32078808808683,111.32078808808683,-0.0369729465644074,0.017891882870978017,590.1119049204383,0.053270008873386114,0.33587159546948875,True
3417,1082.9564020042549,257.3304684576044,239.3304684576044,119.33046845760441,112.33046845760441,-0.031493219730703764,0.005239444234821457,172.80788391199053,0.01582339324957399,0.331120142954326,True
3418,1083.2128232130328,268.3401549736652,250.34015497366522,130.34015497366522,125.34015497366522,-0.030155149509240916,0.013167143812524696,434.28007960939544,0.04288638595082567,0.3070238613163252,True
3419,1083.469210483293,254.3498476407526,237.3498476407526,116.34984764075261,113.34984764075261,-0.030042524545932824,0.018697646333968455,616.6876776040308,0.056605186550662864,0.3303168397339996,True
3420,1083.7255637906637,263.35954646334085,246.35954646334085,126.35954646334085,122.35954646334085,-0.028979669723072015,0.015009469844974428,495.04386463600696,0.04819435365059885,0.31143627226107484,True
3421,1083.9818831107743,251.36925144589577,233.36925144589577,114.36925144589577,109.36925144589577,-0.03226851868394577,0.012854479741946478,423.9677613576155,0.03830576020553074,0.3355756333505815,True
3422,1084.2381684192526,248.37896259287345,230.37896259287345,111.37896259287345,106.37896259287345,-0.032671990531141074,0.012724572836412266,419.6831585553325,0.03721186394856532,0.3419493539479861,True
3423,1084.4944196917281,243.38867990872154,225.38867990872154,107.38867990872154,101.38867990872154,-0.03336827525414629,0.008399240004063512,277.02459011296503,0.02391976462734326,0.351142251394152,True
3424,1084.7506369038285,244.3984033978777,227.3984033978777,110.3984033978777,107.3984033978777,-0.03131095331906812,0.01934598584673306,638.0712775119702,0.0576695794488964,0.33546257891262077,True
3425,1085.006820031183,247.4081330647714,229.4081330647714,112.40813306477139,107.40813306477139,-0.032805161508421776,0.013044594509136337,430.238145991191,0.03881234665966563,0.33609393999081416,True
3426,1085.2629690494205,248.41786891382276,232.41786891382276,117.41786891382276,111.41786891382276,-0.028913317073461363,0.006133970692632683,202.31124674011198,0.01902704649243431,0.3223816526160128,True
3427,1085.519083934169,233.4276109494424,216.4276109494424,102.4276109494424,96.4276109494424,-0.032839559721646594,0.006623923488235681,218.47091979516892,0.018689304509707766,0.354423220232461,True
3428,1085.7751646610577,229.43735917603203,214.43735917603203,100.43735917603203,94.43735917603203,-0.029363685093882357,0.002612233981909514,86.15696750748202,0.007307709978996495,0.3574627331157756,True
3429,1086.0312112057147,241.44711359798453,226.44711359798453,111.44711359798453,105.44711359798453,-0.027855228622174117,0.003821099885375573,126.02790597896353,0.011445811270147656,0.33384264297119404,True
3430,1086.2872235437694,242.45687421968364,226.45687421968364,114.45687421968364,109.45687421968364,-0.02964899343019037,0.010250153893357448,338.07162070954075,0.0319451253208489,0.3208675436520424,True
3431,1086.5432016508498,226.4666410455036,210.4666410455036,100.4666410455036,96.4666410455036,-0.031820968713025324,0.014176242924985687,467.56228941380857,0.040984328451494474,0.3458942347137265,True
3432,1086.7991455025847,228.4764140798095,212.4764140798095,103.4764140798095,98.4764140798095,-0.03153064567798843,0.010021501429106048,330.5301818225797,0.029562888309385835,0.3389892531550901,True
3433,1087.0550550746027,230.48619332695807,216.48619332695807,103.48619332695807,98.48619332695807,-0.027214711320662895,0.005707650814320633,188.25032105049377,0.016548295770103506,0.34490867782483037,True
3434,1087.3109303425326,243.495978791296,229.495978791296,118.49597879129601,115.49597879129601,-0.025716713194135207,0.014579964271904767,480.87786803711305,0.047725205367653484,0.30549819868950356,True
3435,1087.566771282003,227.50577047716115,212.50577047716115,102.50577047716115,97.50577047716115,-0.029621689043853924,0.007903693105061064,260.68041176927113,0.023090481810673528,0.3422922557383622,True
3436,1087.8225778686424,246.51556838888246,232.51556838888246,122.51556838888246,118.51556838888246,-0.02539231485188978,0.010976439345431493,362.0260415343395,0.03681332402854659,0.29816485294617523,True
3437,1088.07835007808,249.5253725307798,235.5253725307798,126.5253725307798,124.5253725307798,-0.025077013253372867,0.01815723821421828,598.8638819040531,0.06351827982224581,0.285858468853861,True
3438,1088.3340878859435,231.53518290716306,217.53518290716306,110.53518290716306,107.53518290716306,-0.02708748624737286,0.015137530159302822,499.2675629788807,0.04827823784795757,0.31354769424218376,True
3439,1088.5897912678622,223.5449995223339,208.5449995223339,103.54499952233391,99.54499952233391,-0.030165178756814306,0.013055497165881207,430.5977385274716,0.03983880148362252,0.3277080805567969,True
3440,1088.845460199465,222.55482238058448,207.55482238058448,102.55482238058448,99.55482238058448,-0.03030418079744043,0.01741039587334262,574.2314516770331,0.05311679473608923,0.32777572441722364,True
3441,1089.1010946563797,219.56465148619782,205.56465148619782,99.56465148619782,94.56465148619782,-0.028613986478626115,0.006237634914104902,205.73031066123167,0.01832774207017274,0.3403384274081565,True
3442,1089.3566946142355,222.5744868434474,208.5744868434474,103.5744868434474,100.5744868434474,-0.0282141970008862,0.015449232091942596,509.548147899085,0.04760964107301905,0.3244979744385819,True
3443,1089.612260048661,212.5843284565983,198.5843284565983,95.58432845659831,90.58432845659831,-0.02958627294059032,0.00625264869774355,206.22549680385066,0.01817534127798392,0.34401822788975533,True
3444,1089.8677909352848,221.59417632990562,209.59417632990562,106.59417632990562,102.59417632990562,-0.024179131195704386,0.007568362240568657,249.62049500974354,0.02409994195176607,0.3140406834056312,True
3445,1090.1232872497355,217.60403046761576,204.60403046761576,103.60403046761576,98.60403046761576,-0.02675275054482438,0.005270766830065169,173.84096894164384,0.016488928583143783,0.3196549007710144,True
3446,1090.3787489676417,225.61389087396583,212.61389087396583,110.61389087396583,107.61389087396583,-0.02577420008801862,0.013832865040781656,456.23696502976225,0.04570736587848942,0.30263973376972947,True
3447,1090.6341760646324,226.62375755318362,210.62375755318362,109.62375755318362,106.62375755318362,-0.031798079758275796,0.019747379069344023,651.3100697019933,0.06463381317619869,0.30552706236765814,True
3448,1090.8895685163357,216.63363050948783,204.63363050948783,101.63363050948783,97.63363050948783,-0.024748868650447124,0.00731086799293371,241.1277934828189,0.022492694255436263,0.32503300449063566,True
3449,1091.1449262983806,215.64350974708805,202.64350974708805,101.64350974708805,98.64350974708805,-0.02700369291128049,0.013992556208412029,461.5039154009936,0.04377318413411178,0.31966046074102805,True
3450,1091.4002493863957,221.65339527018432,209.65339527018432,107.65339527018432,105.65339527018432,-0.024172488118990858,0.01602821464111054,528.6442093627666,0.052442760685597264,0.3056325493084212,True
3451,1091.6555377560096,248.66328708296783,219.66328708296783,119.66328708296783,115.66328708296783,-0.053854192116573364,0.03908879416047224,1289.2305940866183,0.13112365722070987,0.29810634472067254,True
3452,1091.910791382851,231.6731851896202,212.6731851896202,112.6731851896202,109.6731851896202,-0.03716303414868679,0.025442919141362687,839.1609530151983,0.08471548776373121,0.3003337384106455,True
3453,1092.1660102425483,216.68308959431442,203.68308959431442,104.68308959431442,101.68308959431442,-0.026870045370474813,0.014242247125280546,469.73924667703375,0.04611717997157457,0.3088273639901463,True
3454,1092.4211943107305,206.69300030121371,195.69300030121371,97.69300030121371,95.69300030121371,-0.023750477654494388,0.014767201405311004,487.0533422598637,0.04642624742859003,0.318078721051599,True
3455,1092.676343563026,209.70291731447196,197.70291731447196,101.70291731447196,97.70291731447196,-0.02559139442923722,0.008165515259490615,269.31585675932376,0.026324381531591147,0.3101883039376029,True
3456,1092.9314579750635,202.7128406382344,193.7128406382344,95.71284063823441,92.71284063823441,-0.01972284976477771,0.005892531696500877,194.34808115508963,0.018245121192719854,0.32296478791558303,True
3457,1093.1865375224716,200.7227702766363,191.7227702766363,93.72277027663631,90.72277027663631,-0.01992294661164266,0.005794132738129228,191.1026766783441,0.01767288070144789,0.327854458818054,True
3458,1093.441582180879,196.73270623380472,188.73270623380472,91.73270623380472,88.73270623380472,-0.018029398814251224,0.00358892001315576,118.37012576277073,0.010890104626657652,0.3295579001482245,True
3459,1093.6965919259148,195.74264851385624,185.74264851385624,91.74264851385624,85.74264851385624,-0.022773826400670872,-0.006600552851003989,-217.7001070553664,-0.01985639490324006,0.33241446310714473,True
3460,1093.9515667332068,206.75259712089905,196.75259712089905,102.75259712089905,98.75259712089905,-0.02153049991853889,0.004286218306683562,141.3684891691688,0.014215602869408346,0.30151505680475965,True
3461,1094.2065065783843,195.76255205903158,184.76255205903158,91.76255205903158,88.76255205903158,-0.025115665691562313,0.010679962596202386,352.2476151655869,0.032990935298998166,0.3237241532987609,True
3462,1094.4614114370756,205.77251333234358,196.77251333234358,102.77251333234358,99.77251333234358,-0.019422929334343756,0.006556864383364112,216.25916956164747,0.021985787668340064,0.29823195249020423,True
3463,1094.7162812849092,209.78248094491482,199.78248094491482,108.78248094491482,104.78248094491482,-0.021211815195634358,0.004941532943388061,162.9821433260048,0.01747733547549853,0.2827394914010545,True
3464,1094.9711160975144,209.7924549008162,200.7924549008162,108.79245490081621,106.79245490081621,-0.019042475449855625,0.01098426874074022,362.2842714486155,0.03927175482918276,0.27969895382871535,True
3465,1095.2259158505192,198.80243520410954,192.80243520410954,98.80243520410954,96.80243520410954,-0.013309184939552758,0.004427818820306573,146.038771745595,0.014688882496068544,0.30144014165078054,True
3466,1095.4806805195524,196.81242185884685,189.81242185884685,97.81242185884685,95.81242185884685,-0.01572787507722056,0.006755680806804583,222.8165531088108,0.02249788903199094,0.30028065287362393,True
3467,1095.735410080243,189.82241486907128,179.82241486907128,89.82241486907128,87.82241486907128,-0.02350366848135846,0.013724316429929441,452.65680368014966,0.04314457766414149,0.3181006089981049,True
3468,1095.990104508219,187.83241423881623,180.83241423881623,89.83241423881623,87.83241423881623,-0.016494260122473875,0.0067160089712122156,221.50809258277656,0.02118752070831942,0.31697946464189797,True
3469,1096.24476377911,178.84241997210665,169.84241997210665,78.84241997210665,76.84241997210665,-0.022424368632388662,0.011265456172867469,371.5584240019755,0.032179858650741744,0.3500778637698522,True
3470,1096.4993878685436,189.8524320729573,181.8524320729573,91.8524320729573,89.8524320729573,-0.018697051335872118,0.009136228104892924,301.3320067901441,0.02939987390107142,0.31075739085261767,True
3471,1096.753976752149,192.86245054537403,186.86245054537403,95.86245054537403,94.86245054537403,-0.01372564072582847,0.009171453420802837,302.49381175069067,0.030672379850227246,0.2990134272458447,True
3472,1097.0085304055547,192.8724753933534,186.8724753933534,94.8724753933534,96.8724753933534,-0.013724915921629806,0.022785081124505644,751.4998685777653,0.07678531543207574,0.2967374815912727,True
3473,1097.2630488043894,182.8825066208824,176.8825066208824,85.8825066208824,84.8825066208824,-0.014487281563393795,0.009400766027880057,310.05702353563424,0.02905353130403883,0.3235670710559451,True
3474,1097.517531924282,180.89254423193915,173.89254423193915,85.89254423193915,83.89254423193915,-0.01713970539171997,0.006907603740959892,227.8272908115997,0.02158549284081728,0.32001139802089196,True
3475,1097.7719797408604,173.90258823049203,165.90258823049203,79.90258823049203,76.90258823049203,-0.02045288428706634,0.003832993583289857,126.42018513612993,0.011413537809337564,0.3358287016102961,True
3476,1098.026392229754,190.91263862050027,184.91263862050027,95.91263862050027,94.91263862050027,-0.013868084274164276,0.009316292564561339,307.27091115642276,0.03165569339412951,0.2943006949356234,True
3477,1098.2807693665914,185.92269540591383,178.92269540591383,90.92269540591383,89.92269540591383,-0.01666697488086413,0.011863989232078844,391.29930238107556,0.03893303186554408,0.30472811038840597,True
3478,1098.5351111270008,181.93275859067307,173.93275859067307,86.93275859067307,86.93275859067307,-0.019529519673261636,0.019529519673261636,644.1246088897313,0.0628034188518693,0.31096268372466723,True
3479,1098.789417486611,191.94282817870953,186.94282817870953,99.94282817870953,98.94282817870953,-0.011463080960090615,0.007095766094829692,234.03328075000528,0.025353578322837828,0.27987237164223144,True
3480,1099.0436884210508,190.95290417394472,184.95290417394472,96.95290417394472,97.95290417394472,-0.01386511277997722,0.01832160688265564,604.2851060837697,0.06424021281511172,0.2852046417621099,True
3481,1099.2979239059487,184.9629865802915,179.9629865802915,93.9629865802915,93.9629865802915,-0.011901637411626094,0.011901637411626094,392.5410184771189,0.04129971933385988,0.2881771983827611,True
3482,1099.5521239169336,183.97307540165252,176.97307540165252,92.97307540165252,90.97307540165252,-0.016847070300625478,0.007402749887702691,244.15825150340953,0.025291625323397328,0.2926956964230525,True
3483,1099.8062884296337,167.98317064192224,161.98317064192224,76.98317064192224,73.98317064192224,-0.015795878656589244,-0.0014669757815188103,-48.38394478360976,-0.004319672558035607,0.33960346804294,True
3484,1100.060417419678,180.99327230498443,174.99327230498443,87.99327230498443,86.99327230498443,-0.014641079662534428,0.009677278466212,319.17698496702377,0.03138159602487251,0.308374324191222,True
3485,1100.314510862695,168.00338039471467,163.00338039471467,78.00338039471467,75.00338039471467,-0.01312140927180667,-0.003911177195241819,-128.99884499631565,-0.011669575835653472,0.33516018493938704,True
3486,1100.5685687343134,171.01349491497854,167.01349491497854,81.01349491497854,80.01349491497854,-0.010278818388165563,0.004884690789228608,161.10736960248428,0.015168402445457209,0.32203066913559686,True
3487,1100.822591010162,168.02361586963207,167.02361586963207,81.02361586963207,79.02361586963207,-0.002592445066587706,-0.008262277891315466,-272.5072917470801,-0.02574801922403435,0.32088984474592464,True
3488,1101.0765776658689,167.03374326252265,163.03374326252265,80.03374326252265,77.03374326252265,-0.010526713771145123,-0.006065414177923542,-200.0501087826674,-0.018803766399197994,0.3225637911659145,True
3489,1101.3305286770635,168.04387709748744,161.04387709748744,78.04387709748744,78.04387709748744,-0.018478475440990655,0.018478475440990655,609.4589608674578,0.057059695791861896,0.3238446189477606,True
3490,1101.584444019374,183.05401737835473,177.05401737835473,95.05401737835473,93.05401737835473,-0.014473479123109485,0.00523812990931128,172.76453469401872,0.018575605719321212,0.2819897228903226,True
3491,1101.8383236684288,172.06416410894371,167.06416410894371,84.06416410894371,82.06416410894371,-0.012807126927726235,0.0023497782059330695,77.50062434697224,0.007582262074266761,0.30990464097883397,True
3492,1102.0921675998572,178.07431729306313,172.07431729306313,92.07431729306313,88.07431729306313,-0.014885232847334564,-0.004403989073526531,-145.2528166078631,-0.015256413155000946,0.28866477518557065,True
3493,1102.3459757892874,174.0844769345133,169.0844769345133,87.0844769345133,86.0844769345133,-0.012656308580853457,0.007640405905409895,251.99664650835828,0.02572535068148945,0.2969990963391419,True
3494,1102.599748212348,183.09464303708478,176.09464303708478,96.09464303708478,94.09464303708478,-0.0169294934214883,0.007795214610270801,257.1025629947623,0.028235464365410114,0.2760788527997555,True
3495,1102.8534848446677,175.10481560455878,169.10481560455878,88.10481560455878,87.10481560455878,-0.015142114701788941,0.010184633829207802,335.9106312740146,0.034735405956438606,0.29320612639392407,True
3496,1103.1071856618755,176.11499464070675,173.11499464070675,91.11499464070675,90.11499464070675,-0.007461647254397457,0.0026688545017914513,88.02443126666586,0.00936860768443329,0.284872052677152,True
3497,1103.3608506395997,180.1251801492915,177.1251801492915,96.12518014929151,96.12518014929151,-0.007294123209815647,0.007294123209815647,240.57551533889549,0.027106610400742165,0.2690901998435016,True
3498,1103.6144797534691,171.13537213406562,168.13537213406562,88.13537213406562,85.13537213406562,-0.007680694116315332,-0.007359509747859941,-242.73210080280208,-0.02521508720572949,0.29186929586298155,True
3499,1103.8680729791122,181.14557059877257,177.14557059877257,98.14557059877257,95.14557059877257,-0.009697421485562636,-0.0037847078031254602,-124.82761861203318,-0.014119443076823304,0.2680493686991068,True
3500,1104.1216302921578,187.15577554714673,182.15577554714673,102.15577554714673,99.15577554714673,-0.011760287985155047,-0.001184621520905071,-39.07130777415074,-0.00449516087950814,0.2635326193341254,True
3501,1104.3751516682344,183.16598698291227,178.16598698291227,98.16598698291227,96.16598698291227,-0.012020032440896264,0.003080488272729961,101.60097826564748,0.0114370226619189,0.2693435489104048,True
3502,1104.6286370829707,177.1762049097847,173.1762049097847,93.1762049097847,91.1762049097847,-0.00991717690522861,0.0004936706587249998,16.282295995581364,0.0017703582142495182,0.27885354204108026,True
3503,1104.8820865119953,176.18642933146953,171.18642933146953,94.18642933146953,90.18642933146953,-0.012503120701755528,-0.006344019479374161,-209.2390972388036,-0.02305607168180539,0.2751561309718047,True
3504,1105.1354999309367,169.19666025166316,167.19666025166316,87.19666025166316,85.19666025166316,-0.005164188141595674,-0.004913092495283873,-162.04411756714086,-0.01692136453467667,0.29034848136600067,True
3505,1105.3888773154242,166.20689767405247,161.20689767405247,82.20689767405247,81.20689767405247,-0.013265422939354874,0.007950083409084523,262.2104615060446,0.02634521514610746,0.30176574246952614,True
3506,1105.6422186410855,170.21714160231477,165.21714160231477,87.21714160231477,87.21714160231477,-0.012948189057610223,0.012948189057610223,427.05849156046213,0.045603880999394476,0.2839273494679575,True
3507,1105.8955238835501,167.22739204011782,162.22739204011782,85.22739204011782,84.22739204011782,-0.013183230325315806,0.008057384798852887,265.7494868827157,0.027909241596734646,0.2886995252424055,True
3508,1106.1487930184462,174.2376489911203,168.2376489911203,90.2376489911203,89.2376489911203,-0.015218811720147152,0.01037915990083834,342.3265100003831,0.0369938261199864,0.28056465063047,True
3509,1106.4020260214024,162.2479124589713,157.2479124589713,80.24791245897131,80.24791245897131,-0.013594229027370928,0.013594229027370928,448.3662477066096,0.045473517883096726,0.2989482595632684,True
3510,1106.6552228680475,169.25818244731,165.25818244731,88.25818244730999,86.25818244730999,-0.010386700997790816,0.00043202433081892394,14.249070523766363,0.0015288638508469516,0.28257868127341323,True
3511,1106.9083835340102,171.26845895976635,168.26845895976635,93.26845895976635,90.26845895976635,-0.00767467266551116,-0.006524100111810287,-215.17853501695566,-0.02441611843648582,0.26720463896755625,True
3512,1107.161507994919,167.2787419999613,163.2787419999613,88.27874199996131,86.27874199996131,-0.010511108112887491,0.0005587765944597648,18.42962660550785,0.002015023643565283,0.27730522976449706,True
3513,1107.4145962264026,166.2890315715058,161.2890315715058,87.2890315715058,84.2890315715058,-0.013258769806493377,-0.0019298413390391646,-63.650223790692564,-0.006870969644110374,0.2808688495216068,True
3514,1107.6676482040898,160.2993276780012,155.2993276780012,81.29932767800119,79.29932767800119,-0.013762125270251372,0.002944676413950466,97.121617693421,0.010037332510971157,0.29337240852904206,True
3515,1107.920663903609,166.30963032303976,163.30963032303976,87.30963032303976,86.30963032303976,-0.007905602482178881,0.0029027095671720253,95.73746287447233,0.010426253473415753,0.278403894032807,True
3516,1108.1736433005885,169.319939510204,164.319939510204,88.319939510204,88.319939510204,-0.013017838269812128,0.013017838269812128,429.35566897801294,0.047142095852578385,0.27614042257521165,True
3517,1108.426586370658,171.33025524306686,168.33025524306686,94.33025524306686,93.33025524306686,-0.007671879930395242,0.0030433239112059533,100.37521950497177,0.01181133078188366,0.257661390355254,True
3518,1108.6794930894453,162.3405775251922,159.3405775251922,83.3405775251922,83.3405775251922,-0.008100699712820058,0.008100699712820058,267.178103791118,0.028371718813793818,0.2855202311141489,True
3519,1108.9323634325792,155.35090636013388,154.35090636013388,80.35090636013388,79.35090636013388,-0.002804607356980052,-0.002634280914254367,-86.88412167775516,-0.009158251715290127,0.2876401518705052,True
3520,1109.1851973756886,161.36124175143664,160.36124175143664,85.36124175143664,84.36124175143664,-0.0026998167849781787,-0.0024179436743625923,-79.74886477615519,-0.0087055469156433,0.27774747500558583,True
3521,1109.4379948944018,162.371583702635,158.371583702635,85.37158370263501,83.37158370263501,-0.01083276697238192,0.0005374803178602935,17.72723063955783,0.0019269503853883321,0.2789279485013709,True
3522,1109.6907559643475,158.3819322172551,154.3819322172551,80.3819322172551,82.3819322172551,-0.011109164756707422,0.02178269707233601,718.4391355764787,0.07679269548899481,0.2836558468696765,True
3523,1109.9434805611547,158.39228729881233,156.39228729881233,80.39228729881233,81.39228729881233,-0.005518698956719375,0.010887566958151434,359.0948433965666,0.037663355551526646,0.28907586163575694,True
3524,1110.1961686604516,167.4026489508135,164.4026489508135,90.4026489508135,88.4026489508135,-0.00785351504809235,-0.001862362505598977,-61.42463002673003,-0.00693585415747591,0.2685123509397329,True
3525,1110.4488202378673,162.41301717675537,158.41301717675537,84.41301717675537,83.41301717675537,-0.010829968660226128,0.005654375690230876,186.49319547638902,0.0200948568823022,0.2813842230053779,True
3526,1110.7014352690298,173.42339198012542,169.42339198012542,95.42339198012542,93.42339198012542,-0.010134303931060476,0.0009350851608787344,30.841074107636473,0.0036105725704713015,0.25898528353265426,True
3527,1110.9540137295685,161.43377336440153,156.43377336440153,84.43377336440153,82.43377336440153,-0.013663876997284734,0.003252858481462624,107.28611006313758,0.011623505101466699,0.27985177044849974,True
3528,1111.2065555951115,158.44416133305162,155.44416133305162,82.44416133305162,82.44416133305162,-0.008301826000558577,0.008301826000558577,273.8116715180493,0.02969546778632306,0.279565422585536,True
3529,1111.4590608412875,153.4545558895345,150.4545558895345,75.4545558895345,76.4545558895345,-0.008574443589038173,0.014292346225301636,471.39162030151124,0.047459519184202124,0.30114814627239495,True
3530,1111.7115294437256,159.46495703729965,156.46495703729965,82.46495703729965,82.46495703729965,-0.008248174990854637,0.008248174990854637,272.0421484462963,0.029220690381351236,0.28227173565066266,True
3531,1111.963961378054,163.47536477978633,161.47536477978633,88.47536477978633,87.47536477978633,-0.005346040816679456,0.000409441131642577,13.504229146184514,0.0015367956238319617,0.26642523266798857,True
3532,1112.2163566199013,165.48577912042492,164.48577912042492,88.48577912042492,89.48577912042492,-0.0026323226995219455,0.007512867172616806,247.79015102085717,0.028019414853385258,0.2681307661822607,True
3533,1112.4687151448964,156.49620006263558,156.49620006263558,81.49620006263558,81.49620006263558,0.0,0.0,0.0,0.0,0.28336643747032153,True
3534,1112.721036928668,158.50662760982914,157.50662760982914,81.50662760982914,82.50662760982914,-0.0027485931324264285,0.008044504892291669,265.32468049141266,0.028242956732388736,0.2848322492760226,True
3535,1112.9733219468444,157.51706176540733,155.51706176540733,81.51706176540733,82.51706176540733,-0.005549559728491851,0.010844797729321107,357.6842243309801,0.038640795945737896,0.28065668586511855,True
3536,1113.2255701750544,156.52750253276167,154.52750253276167,80.52750253276167,80.52750253276167,-0.005584870325384381,0.005584870325384381,184.2007624469796,0.019537492946964448,0.28585399060896943,True
3537,1113.4777815889267,148.5379499152741,146.5379499152741,73.53794991527411,73.53794991527411,-0.0058873141839834425,0.0058873141839834425,194.17599662531643,0.019469774378277467,0.30238225002504143,True
3538,1113.72995616409,154.5484039163175,155.5484039163175,81.54840391631751,81.54840391631751,0.0028010348794330142,-0.0028010348794330142,-92.38401795777311,-0.010037767896992148,0.279049576377668,True
3539,1113.982093876173,144.55886453925473,145.55886453925473,71.55886453925473,71.55886453925473,0.0029939307965755344,-0.0029939307965755344,-98.74613076262433,-0.009756086551587969,0.30687825294951093,True
3540,1114.234194700804,146.5693317874393,145.5693317874393,71.5693317874393,70.5693317874393,-0.002973219448816994,-0.003137737789175251,-103.48918765360986,-0.01002840546823289,0.3128850143838623,True
3541,1114.4862586136119,152.57980566421452,151.57980566421452,78.57980566421452,78.57980566421452,-0.0028557114787243687,0.0028557114787243687,94.18736712985657,0.009958602642701896,0.28675825125095844,True
3542,1114.7382855902254,153.59028617291528,154.59028617291528,80.59028617291528,80.59028617291528,0.002818451551596718,-0.002818451551596718,-92.95845641469869,-0.010012607104646095,0.281490277421241,True
3543,1114.990275606273,148.60077331686557,147.60077331686557,75.60077331686557,75.60077331686557,-0.0029324366254477774,0.0029324366254477774,96.71792374118407,0.010041607199098964,0.29202861327924734,True
3544,1115.2422286373835,151.6112670993807,151.6112670993807,78.61126709938071,79.61126709938071,0.0,0.0054897397122879,181.06315486730594,0.019432582370217246,0.28250181101517324,True
3545,1115.4941446591854,146.62176752376558,145.62176752376558,73.62176752376558,71.62176752376558,-0.0029721525019076795,-0.008989052768058454,-296.47785482620657,-0.029599754182273383,0.3036867371500603,True
3546,1115.7460236473073,152.63227459331642,149.63227459331642,79.63227459331642,79.63227459331642,-0.008621098523716222,0.008621098523716222,284.34195042653255,0.03098364988710369,0.27824670608947777,True
3547,1115.997865577378,144.64278831131924,140.64278831131924,70.64278831131924,71.64278831131924,-0.01217931729040308,0.018283964620153217,603.043585144302,0.06052549903776112,0.3020869701337956,True
3548,1116.249670425026,148.65330868105002,145.65330868105002,75.65330868105002,76.65330868105002,-0.008854225475417659,0.0145572045077749,480.12720317623365,0.05088720828683784,0.2860680512422642,True
3549,1116.5014381658802,152.66383570577614,151.66383570577614,79.66383570577614,80.66383570577614,-0.0028541344464357702,0.008271790799781617,272.82104746394765,0.02971839727747262,0.2783390612404212,True
3550,1116.7531687755688,159.6743693887547,156.6743693887547,85.67436938875471,85.67436938875471,-0.008237254300224477,0.008237254300224477,271.6819611145726,0.030936224045987077,0.26626566603537966,True
3551,1117.004862229721,154.6849097332331,152.6849097332331,80.6849097332331,81.6849097332331,-0.005651831555457347,0.011001347548859411,362.8475664391799,0.03969385093713085,0.2771549569802111,True
3552,1117.256518503965,149.69545674244932,148.69545674244932,76.69545674244932,78.69545674244932,-0.0029109204615833063,0.01409094265969936,464.74890736780924,0.049722178350769246,0.2833935102419213,True
3553,1117.5081375739296,142.70601041963164,141.70601041963164,70.70601041963164,71.70601041963164,-0.0030539937818456504,0.009153220763437216,301.8924603866461,0.030469163588214748,0.3004093216059799,True
3554,1117.7597194152436,155.71657076799852,154.71657076799852,82.71657076799852,83.71657076799852,-0.0027980001230588354,0.00801690909968648,264.4145132463291,0.029611771661964683,0.27073385514396386,True
3555,1118.0112640035354,153.72713779075934,152.72713779075934,82.72713779075934,82.72713779075934,-0.0028343283678908156,0.0028343283678908156,93.48210718834528,0.010588282357030914,0.26768537826239047,True
3556,1118.2627713144336,147.73771149111303,147.73771149111303,76.73771149111303,77.73771149111303,0.0,0.005622908036193403,185.45532610281114,0.019962675029505828,0.28167107002856406,True
3557,1118.5142413235671,147.74829187224918,146.74829187224918,76.74829187224918,74.74829187224918,-0.002949413847660359,-0.008518031920786213,-280.9425972210987,-0.02950348207579998,0.2887127661372916,True
3558,1118.7656740065645,155.75887893734807,156.75887893734807,84.75887893734807,84.75887893734807,0.0027793362341340436,-0.0027793362341340436,-91.6683510263548,-0.010462112184518861,0.26565727695471675,True
3559,1119.0170693390544,150.76947268957997,149.76947268957997,77.76947268957997,79.76947268957997,-0.002890115183576769,0.013917682109513257,459.0344102377319,0.049609371916507355,0.2805454205898179,True
3560,1119.2684272966653,157.78007313210537,155.78007313210537,84.78007313210537,87.78007313210537,-0.005540249636450531,0.020642401109833085,680.8297778885195,0.07956609093144769,0.2594371656088786,True
3561,1119.519747855026,149.79068026807522,149.79068026807522,77.79068026807522,80.79068026807522,0.0,0.016433695615716885,542.0178242058457,0.05946903545657333,0.2763403759544314,True
3562,1119.771030989765,149.80129410063068,150.80129410063068,80.80129410063068,81.80129410063068,0.0028895032911616966,0.002452354573890638,80.88380857256575,0.009189285899739108,0.2668710714463963,True
3563,1120.0222766765114,143.8119146329036,144.8119146329036,75.81191463290361,74.81191463290361,0.0030094273284094306,-0.0087761226115808,-289.45497069712184,-0.031071919039139827,0.28244546468230475,True
3564,1120.2734848908933,156.82254186801583,156.82254186801583,86.82254186801583,85.82254186801583,0.0,-0.005031123151057264,-165.93701668903395,-0.019403343732822757,0.2592915540916074,True
3565,1120.5246556085394,147.83317580907942,146.83317580907942,77.83317580907942,77.83317580907942,-0.0029477145713081594,0.0029477145713081594,97.22182250913127,0.010636450367981767,0.2771332981707392,True
3566,1120.7757888050787,139.8438164591969,138.8438164591969,69.84381645919689,71.84381645919689,-0.00311672492454316,0.015378157221772265,507.20394928507443,0.05233759216647184,0.2938262267178527,True
3567,1121.0268844561397,145.8544638214612,146.8544638214612,77.8544638214612,77.8544638214612,0.0029674268908733985,-0.0029674268908733985,-97.87197624269459,-0.010825287290901629,0.2741199204355014,True
3568,1121.2779425373508,138.8651178989553,138.8651178989553,70.8651178989553,70.8651178989553,0.0,0.0,0.0,0.0,0.2921606532162034,True
3569,1121.5289630243408,134.87577869475263,133.87577869475263,66.87577869475263,66.87577869475263,-0.0032319551219036078,0.0032319551219036078,106.59667332707349,0.01066478911381465,0.30304913556303614,True
3570,1121.7799458927384,149.88644621191702,149.88644621191702,80.88644621191702,81.88644621191702,0.0,0.0053362687043459305,176.00135843705996,0.020120275316592464,0.26521847342443183,True
3571,1122.0308911181721,141.8971204535021,142.8971204535021,72.89712045350211,72.89712045350211,0.0030498950075599474,-0.0030498950075599474,-100.59194807483973,-0.01048837423334581,0.29078815645835565,True
3572,1122.2817986762711,142.90780142255244,142.90780142255244,75.90780142255244,75.90780142255244,0.0,0.0,0.0,0.0,0.2747695250395195,True
3573,1122.5326685426633,150.91848912210207,151.91848912210207,82.91848912210207,84.91848912210207,0.0028681838191225023,0.007482694625680833,246.79499700173656,0.029189400274655577,0.25634972131228984,True
3574,1122.7835006929777,143.92918355517645,141.92918355517645,75.92918355517645,74.92918355517645,-0.00607715733954934,0.00031942773696777213,10.535398186192822,0.0011507574610780079,0.27758041791754995,True
3575,1123.0342951028426,149.9398847247901,148.9398847247901,79.93988472479009,80.93988472479009,-0.002906159244516532,0.008305223113350916,273.9237154385004,0.030874315609744827,0.2690010434022235,True
3576,1123.2850517478876,148.95059263394865,146.95059263394865,80.95059263394865,80.95059263394865,-0.005870893625047874,0.005870893625047874,193.63441207643456,0.022417680495157695,0.2618867561394681,True
3577,1123.53577060374,141.96130728564754,137.96130728564754,70.96130728564754,71.96130728564754,-0.012412689024646203,0.018490125690540333,609.8432105858433,0.06334332108506376,0.2919033194629934,True
3578,1123.7864516460295,152.97202868287263,149.97202868287263,83.97202868287263,83.97202868287263,-0.008601760001414323,0.008601760001414323,283.7041253124172,0.03357747480564288,0.2561765008001361,True
3579,1124.0370948503844,141.98275682860026,140.98275682860026,72.98275682860026,74.98275682860026,-0.0030696057925488768,0.014810745268315637,488.4895103887608,0.05259311449657402,0.28160996758007983,True
3580,1124.2877001924332,139.99349172579628,139.99349172579628,71.99349172579628,73.99349172579628,0.0,0.011900284395668254,392.49639316685796,0.04207062329622485,0.2828644660640459,True
3581,1124.5382676478048,145.00423337741768,144.00423337741768,78.00423337741768,78.00423337741768,-0.0030054220899843036,0.0030054220899843036,99.12513777336481,0.011224321639691136,0.267759797559312,True
3582,1124.7887971921277,137.01498178641123,137.01498178641123,71.01498178641123,70.01498178641123,0.0,-0.006158999826607303,-203.1367601885722,-0.02134853223302211,0.28849757722830727,True
3583,1125.0392888010306,134.0257369557139,134.0257369557139,68.02573695571391,67.02573695571391,0.0,-0.00643165760035712,-212.12958667973265,-0.021602259793920223,0.2977307773220678,True
3584,1125.2897424501418,139.03649888825294,140.03649888825294,74.03649888825294,74.03649888825294,0.003112421080902574,-0.003112421080902574,-102.6541894003328,-0.011308060507590116,0.27523916049206465,True
3585,1125.5401581150907,131.0472675869462,132.0472675869462,68.04726758694619,67.04726758694619,0.003301448835076718,-0.00973105627541412,-320.9506901527528,-0.03361531680374634,0.28948280726390835,True
3586,1125.790535771505,143.0580430547011,142.0580430547011,78.0580430547011,79.0580430547011,-0.0030464521918841998,0.008574852970893452,282.8166748886175,0.03313220483031443,0.258807194233203,True
3587,1126.0408753950142,143.068825294416,144.068825294416,75.068825294416,77.068825294416,0.0030250037698411527,0.008394115709044008,276.8555800922122,0.03042577263909066,0.27588833350642183,True
3588,1126.2911769612463,156.07961430897876,158.07961430897876,89.07961430897876,89.07961430897876,0.005529684434932246,-0.005529684434932246,-182.38061578190923,-0.022448032651412195,0.24633269742613173,True
3589,1126.5414404458306,145.09041010126816,145.09041010126816,80.09041010126816,81.09041010126816,0.0,0.00538897933153427,177.7398657168118,0.02110315329829417,0.2553637011190113,True
3590,1126.791665824395,136.10121267415252,136.10121267415252,71.10121267415252,71.10121267415252,0.0,0.0,0.0,0.0,0.2819849868760179,True
3591,1127.0418530725688,134.11202203049083,136.11202203049083,70.11202203049083,71.11202203049083,0.006428775258803516,-0.0002782398667494478,-9.176935651566197,-0.0009873162190424081,0.28181433808441936,True
3592,1127.2920021659802,140.1228381731321,140.1228381731321,75.1228381731321,75.1228381731321,0.0,0.0,0.0,0.0,0.27073693792282166,True
3593,1127.5421130802579,141.13366110491575,142.13366110491575,76.13366110491575,77.13366110491575,0.0030663352388701002,0.0026008955628163077,85.78300261300274,0.009750185459742032,0.26675344520935107,True
3594,1127.792185791031,144.14449082867122,146.14449082867122,79.14449082867122,80.14449082867122,0.005984400114449649,-0.0005314154448067257,-17.527198378193788,-0.002038862769515353,0.260643066690087,True
3595,1128.0422202739276,144.1553273472182,142.1553273472182,78.15532734721819,76.15532734721819,-0.006067556885443488,-0.005190740304808254,-171.2015259269499,-0.01933470786827752,0.2684674803556101,True
3596,1128.2922165045766,141.1661706633663,140.1661706633663,76.1661706633663,75.1661706633663,-0.0030874254194257697,-0.0026522703978948906,-87.47745266120717,-0.009848953258668719,0.2692946476886212,True
3597,1128.5421744586065,137.17702077991567,136.17702077991567,72.17702077991567,72.17702077991567,-0.0031775379416986915,0.0031775379416986915,104.80188034174658,0.011459108388703012,0.27729364571080195,True
3598,1128.792094111646,134.18787769965684,136.18787769965684,69.18787769965684,69.18787769965684,0.006425167858108813,-0.006425167858108813,-211.9155413392725,-0.022087519151504562,0.2908958590612537,True
3599,1129.041975439324,131.19874142536992,131.19874142536992,66.19874142536992,65.19874142536992,0.0,-0.00661052034635602,-218.02885600324913,-0.02200681133870796,0.30038519641092765,True
3600,1129.2918184172688,137.20961195982545,138.20961195982545,72.20961195982545,71.20961195982545,0.003153711524999958,-0.009210103523559401,-303.76857338016924,-0.03249922292510349,0.2833945766883309,True
3601,1129.5416230211092,142.2204893057842,142.2204893057842,77.22048930578421,78.22048930578421,0.0,0.005587979146584378,184.30329790474093,0.021292761019431033,0.2624356297187097,True
3602,1129.7913892264737,139.23137346599742,140.23137346599742,74.23137346599742,74.23137346599742,0.0031080803454616225,-0.0031080803454616225,-102.5110228214832,-0.011314302996906509,0.27470365132623864,True
3603,1130.0411170089913,138.24226444320607,137.24226444320607,72.24226444320607,71.24226444320607,-0.003152963915555005,-0.0029006715120206894,-95.67024353169208,-0.01023887508413442,0.2832998242663792,True
3604,1130.29080634429,139.25316224014114,139.25316224014114,73.25316224014114,73.25316224014114,0.0,0.0,0.0,0.0,0.2789786888268421,True
3605,1130.5404572079992,136.26406685952452,136.26406685952452,71.26406685952452,72.26406685952452,0.0,0.006051796232032686,199.60096030295136,0.02173115100552402,0.27848484557924846,True
3606,1130.790069575747,140.2749783040672,141.2749783040672,76.27497830406719,75.27497830406719,0.0030850390699044762,-0.008816492840632288,-290.78646570742563,-0.03277429096730269,0.2690063638425641,True
3607,1131.0396434231625,149.2858965764715,148.2858965764715,84.28589657647149,82.28589657647149,-0.0029189333583591244,-0.0075105720309053044,-247.71445242293964,-0.02980159188893358,0.2520191558523508,True
3608,1131.289178725874,148.29682167942906,149.29682167942906,84.29682167942906,83.29682167942906,0.0029187190400210765,-0.008101488831899607,-267.20413059705004,-0.03248764390358525,0.24937138734783867,True
3609,1131.5386754595102,138.30775361562178,139.30775361562178,74.30775361562178,73.30775361562178,0.0031287615349397772,-0.009012982424263363,-297.26710518677515,-0.03285585816910955,0.27431888638773094,True
3610,1131.7881335996997,142.3186923877222,142.3186923877222,76.3186923877222,78.3186923877222,0.0,0.011234507114793593,370.5376590133396,0.04239216359269784,0.26501377053396646,True
3611,1132.0375531220714,138.32963799839217,137.32963799839217,75.32963799839217,75.32963799839217,-0.0031509651576072098,0.0031509651576072098,103.9254540677573,0.012009446933078939,0.26237387742878987,True
3612,1132.2869340022537,144.34059045028448,144.34059045028448,81.34059045028448,83.34059045028448,0.0,0.010549252397824832,347.9365180768492,0.04326894922500584,0.2438065307055861,True
3613,1132.5362762158752,138.35154974604166,137.35154974604166,74.35154974604166,75.35154974604166,-0.003150464301729144,0.008952627958833385,295.2764880548515,0.033755772432914874,0.26521768911156,True
3614,1132.7855797385646,132.36251588829623,133.36251588829623,70.36251588829623,71.36251588829623,0.0032687664329248424,0.00286002653935495,94.32968689949298,0.010476531741719319,0.272993640439788,True
3615,1133.0348445459506,131.37348887967119,131.37348887967119,69.37348887967119,69.37348887967119,0.0,0.0,0.0,0.0,0.2773141973410506,True
3616,1133.2840706136622,144.38446872277973,143.38446872277973,79.38446872277973,81.38446872277973,-0.003018367680035889,0.013824357805587707,455.9563785312863,0.054669225482512504,0.2528727576360089,True
3617,1133.5332579173273,140.39545542022438,138.39545542022438,74.39545542022438,77.39545542022438,-0.0062312208240640305,0.02340027424114198,771.790230669341,0.088601657648847,0.2641065061545888,True
3618,1133.782406432575,146.4064489745988,145.4064489745988,82.40644897459879,83.40644897459879,-0.0029765386313463636,0.008214970052904749,270.9469797976038,0.03346335541745618,0.24549152200736585,True
3619,1134.031516135034,151.41744938848615,150.41744938848615,86.41744938848615,87.41744938848615,-0.002877706141167954,0.007874392947386798,259.7140309817198,0.03285963167262164,0.23963728582958144,True
3620,1134.2805870003328,141.42845666445965,141.42845666445965,76.42845666445965,76.42845666445965,0.0,0.0,0.0,0.0,0.2672817122933191,True
3621,1134.5296190041001,142.43947080508315,142.43947080508315,78.43947080508315,78.43947080508315,0.0,0.0,0.0,0.0,0.2590956964816356,True
3622,1134.7786121219647,151.45049181291006,151.45049181291006,89.45049181291006,88.45049181291006,0.0,-0.004882480661386741,-161.03447494068223,-0.021124465254837216,0.23112919557898487,True
3623,1135.0275663295547,143.46151969048424,144.46151969048424,80.46151969048424,79.46151969048424,0.0030167521787412502,-0.00844811646542775,-278.6366385446149,-0.03308170485866057,0.25537125433897007,True
3624,1135.2764816024992,142.4725544403393,141.4725544403393,78.47255444033931,78.47255444033931,-0.0030590157313522257,0.0030590157313522257,100.89276871681056,0.011880414952050878,0.2574839131207414,True
3625,1135.525357916427,139.48359606499935,140.48359606499935,74.48359606499935,75.48359606499935,0.0031024801551651914,0.002689465572620771,88.70422770604839,0.009919916378263578,0.27111776652814346,True
3626,1135.7741952469664,145.4946445669782,148.4946445669782,82.4946445669782,83.4946445669782,0.008863783274795634,-0.0036309186913134565,-119.75533044751518,-0.014626840117761492,0.248236711557707,True
3627,1136.022993569746,140.50569994878015,141.50569994878015,76.50569994878015,78.50569994878015,0.0030799911090064885,0.008127406112545194,268.05893698955856,0.03126689700546225,0.2599364468794379,True
3628,1136.2717528603946,148.51676221289927,149.51676221289927,83.51676221289927,84.51676221289927,0.0029144111391185643,0.0022547907875701406,74.36773963059922,0.00905995366805788,0.24887442808010346,True
3629,1136.5204730945409,139.5278313618196,139.5278313618196,75.52783136181961,76.52783136181961,0.0,0.005712391574119312,188.40668127349207,0.02166265771618563,0.26369763345571395,True
3630,1136.7691542478135,140.5389073980159,141.5389073980159,77.53890739801591,77.53890739801591,0.003079265922550164,-0.003079265922550164,-101.56066258739934,-0.011851693721849256,0.25981652874418837,True
3631,1137.017796295841,128.549990323952,130.549990323952,66.54999032395199,67.54999032395199,0.006704795680882764,-0.00022750119874820774,-7.503467730763731,-0.0007953536105394045,0.2860378022222313,True
3632,1137.266399214252,141.5610801420828,140.5610801420828,79.5610801420828,77.5610801420828,-0.003078781902811596,-0.00797804010334368,-263.1325320462731,-0.031380916986417075,0.25423221720375144,True
3633,1137.5149629786754,136.57217685485261,135.57217685485261,72.57217685485261,73.57217685485261,-0.003191662297073627,0.009135118188854761,301.29539942621784,0.033830698436232196,0.27002452243407365,True
3634,1137.7634875647393,138.58328046469614,137.58328046469614,76.58328046469614,74.58328046469614,-0.0031451771609454,-0.008347306948895168,-275.31172879285003,-0.0318903159216232,0.2617505254388303,True
3635,1138.0119729480732,138.59439097403788,137.59439097403788,78.59439097403788,77.59439097403788,-0.003144924110655666,-0.0024163000803365327,-79.69465559042396,-0.009760373667784521,0.2475622514650099,True
3636,1138.260419104305,147.60550838529252,147.60550838529252,86.60550838529252,87.60550838529252,0.0,0.004985898825187362,164.44542336259204,0.02176639125463195,0.2290641001009457,True
3637,1138.5088260090636,139.616632700865,139.616632700865,77.61663270086501,77.61663270086501,0.0,0.0,0.0,0.0,0.25498236190642615,True
3638,1138.7571936379777,138.62776392315004,139.62776392315004,77.62776392315004,75.62776392315004,0.0031215649514270798,-0.014457381537412951,-476.83483179084647,-0.05580668291587795,0.25906183241899117,True
3639,1139.0055219666756,144.6389020545323,145.6389020545323,83.63890205453231,81.63890205453231,0.0029922797665971677,-0.013503447531990072,-445.37208317082343,-0.05519980945882928,0.24462851709771938,True
3640,1139.2538109707866,134.65004709738696,135.65004709738696,73.65004709738696,74.65004709738696,0.0032134392302486754,0.0026436179318430515,87.19207614377021,0.010140006059992768,0.260711671788186,True
3641,1139.5020606259386,130.66119905407868,130.66119905407868,69.66119905407868,67.66119905407868,0.0,-0.01265125570192836,-417.2650053511337,-0.04526690953336003,0.2794813216176124,True
3642,1139.750270907761,133.67235792696238,132.67235792696238,69.67235792696238,70.67235792696238,-0.0032611611700875506,0.009450233971394955,311.6885802918784,0.03396237471819979,0.27825598326994355,True
3643,1139.998441791882,133.6835237183834,133.6835237183834,71.68352371838341,71.68352371838341,0.0,0.0,0.0,0.0,0.27065853883683977,True
3644,1140.2465732539301,134.69469643067646,132.69469643067646,72.69469643067646,70.69469643067646,-0.006496930586350387,-0.005618962791199726,-185.32520363021362,-0.020760437020610596,0.27065724992307816,True
3645,1140.4946652695344,157.70587606616664,156.70587606616664,95.70587606616664,94.70587606616664,-0.0027625935950949324,-0.001799083611143044,-59.3375590785281,-0.008259921063566943,0.2178088140670599,True
3646,1140.7427178143232,140.71706262716907,141.71706262716907,79.71706262716907,79.71706262716907,0.0030753811801289446,-0.0030753811801289446,-101.43253561681483,-0.012384093740230659,0.2483331638663504,True
3647,1140.9907308639251,130.72825611598887,131.72825611598887,71.72825611598887,68.72825611598887,0.003309474623585855,-0.021864422428810575,-721.1346096155883,-0.08049891087209003,0.27161140681210433,True
3648,1141.238704393969,126.73945653492115,128.73945653492115,68.73945653492115,67.73945653492115,0.006799830934539458,-0.013164217115080486,-434.18355097591484,-0.04834669222321047,0.27228785486094864,True
