Index,Wavelength,LHC reference intensity,RHC reference intensity,LHC intensity,RHC intensity,Reference delta absorbance,Reference ellipticity,Delta absorbance,Ellipticity,g-factor,Average absorbace,Weak signal flag
1,171.0036843215852,110.34012140318373,114.34012140318373,102.34012140318373,104.34012140318373,0.015465191540133174,510.0745240463655,-0.007059781665114851,-232.84643862055304,-0.19492778818696366,0.036217420465180214,True
2,171.23380252856805,113.3791012286822,118.3791012286822,105.3791012286822,109.3791012286822,0.01874202839015617,618.1514911059458,-0.00256216813143759,-84.50569052302478,-0.0775014771455718,0.03305960383987319,True
3,171.46397004958132,119.4180634182676,121.4180634182676,108.4180634182676,110.4180634182676,0.00721327769967336,237.9090604812172,0.0007252026677500439,23.918708321835226,0.017430335832275358,0.04160577711917648,True
4,171.69418686025367,126.45700796047004,128.45700796047004,116.45700796047004,117.45700796047004,0.006814900182739781,224.76973260329564,-0.0031015944538536045,-102.29710448323364,-0.08309013428116442,0.03732807126485413,True
5,171.92445293621375,120.49593484383968,122.49593484383968,108.49593484383968,110.49593484383968,0.007149281001650059,235.79831486257658,0.0007835533555123324,25.843236654438755,0.017347858162176686,0.0451671525203442,True
6,172.15476825309023,128.5348440569462,131.5348440569462,116.53484405694621,120.53484405694621,0.01001993926367824,330.4786583231776,0.0046368717387497635,152.93377641454435,0.11521140063456892,0.04024663977011387,True
7,172.3851327865117,118.57373558837844,122.57373558837844,107.57373558837844,110.57373558837844,0.01440891972139043,475.2364592341301,-0.0024631879403999267,-81.2411157712321,-0.0566069920671186,0.043513846089531454,True
8,172.61554651210685,124.61260942674517,127.61260942674517,113.61260942674517,115.61260942674517,0.010331598851612235,340.75784662597897,-0.002752930064614338,-90.7974200511581,-0.06631661506617945,0.04151192068333256,True
9,172.8460094055043,116.65146556067361,120.65146556067361,105.65146556067361,109.65146556067361,0.01464240221832248,482.9372027513842,0.0014965126390906573,49.35813243131446,0.0354066593226809,0.04226641732709352,True
10,173.07652144233273,122.6903039788117,127.6903039788117,112.6903039788117,114.6903039788117,0.01734767837175705,572.1628966457154,-0.009707524951863836,-320.174577640409,-0.2323627672722839,0.04177745456305618,True
11,173.30708259822075,125.7291246698262,130.7291246698262,116.7291246698262,117.7291246698262,0.01693646126804111,558.6000922075476,-0.01323177511050733,-436.41175566859204,-0.34038865138107355,0.03887255070585191,True
12,173.537692848797,128.76792762240302,133.76792762240302,118.76792762240302,118.76792762240302,0.0165442926250758,545.6655460438394,-0.0165442926250758,-545.6655460438394,-0.3813747249649362,0.043380674024994424,True
13,173.76835216969016,124.80671282524827,128.80671282524827,115.80671282524827,117.80671282524827,0.013700552246240161,451.8730109509615,-0.006264248592794089,-206.60808572501165,-0.17578262826532876,0.035636334799470315,True
14,173.99906053652884,124.84548026708717,129.84548026708717,115.84548026708717,118.84548026708717,0.01705401269132278,562.4771852345411,-0.005950437052534032,-196.25792151120157,-0.16776468713961326,0.035468948525395554,True
15,174.22981792494173,124.8842299366645,127.8842299366645,114.8842299366645,115.8842299366645,0.010309392457672371,340.02543307712205,-0.0065454708147218085,-215.88338571911757,-0.1656246047203924,0.03951991810499339,True
16,174.46062431055742,134.92296182274413,138.92296182274413,123.92296182274413,126.92296182274413,0.01268816761491528,418.4824378284221,-0.002299754285906166,-75.85073031672744,-0.060386429563151725,0.03808395864009642,True
17,174.6914796690046,119.96167591411017,123.96167591411017,108.96167591411017,112.96167591411017,0.014244914698069013,469.827228834701,0.0014124379046925317,46.58517097001214,0.03439724412080795,0.041062531048471546,True
18,174.92238397591188,130.00037219956562,133.00037219956562,118.00037219956562,122.00037219956562,0.00990826061332712,326.7952616917061,0.004569517841787553,150.71230331823574,0.11487995372583673,0.03977645963100575,True
19,175.15333720690793,123.039050667933,128.039050667933,113.039050667933,116.039050667933,0.01729947386776301,570.5730107805553,-0.005923808282902879,-195.37964871643516,-0.14892780961674884,0.03977637419194723,True
20,175.38433933762138,132.07771130805463,135.07771130805463,120.07771130805463,124.07771130805463,0.009754158845495955,321.7126614744891,0.00447721357491042,147.6679145777133,0.1144232609574417,0.039128526293055604,True
21,175.6153903436809,122.11635410879217,125.11635410879217,111.11635410879217,112.11635410879217,0.010540250980435442,347.63963241082166,-0.006649267527209861,-219.30681947242905,-0.15002697386173436,0.04432048021802973,True
22,175.8464902007151,122.15497905902657,124.15497905902657,111.15497905902657,112.15497905902657,0.00705296741113328,232.62169020102257,-0.003163329988806392,-104.33327219095798,-0.07431952184822808,0.042563917395302936,True
23,176.07763888435264,115.19358614765883,117.19358614765883,102.19358614765883,105.19358614765883,0.0074755452404112145,246.55919524789724,0.005090076071613007,167.88140792502858,0.102913769967343,0.04945962112969149,True
24,176.3088363702222,124.23217536360858,125.23217536360858,110.23217536360858,114.23217536360858,0.0034818346337215107,114.83822486096139,0.011998234632197192,395.7269978540404,0.2612480791516009,0.045926594642001856,True
25,176.54008263395235,121.27074669581589,122.27074669581589,107.27074669581589,109.27074669581589,0.003566512766224038,117.6310876600593,0.004456094356113695,146.97135835026432,0.08729446347491995,0.05104670077265494,True
26,176.7713776511718,127.30930013323973,129.30930013323973,114.30930013323973,117.30930013323973,0.00676963049396043,223.27664311274964,0.0044812475443314365,147.80096336841865,0.10061640547409385,0.04453794113610273,True
27,177.00272139750916,127.34783566485862,129.34783566485862,115.34783566485862,116.34783566485862,0.006767597877920119,223.20960316328373,-0.0030187390744105037,-99.56435991137064,-0.0678498117522191,0.04449148783838405,True
28,177.2341138485931,123.38635327967086,126.38635327967086,111.38635327967086,111.38635327967086,0.010433054286505747,344.10406012297517,-0.010433054286505747,-344.10406012297517,-0.21012494124839928,0.04965167021354361,True
29,177.46555498005225,123.42485296669406,126.42485296669406,111.42485296669406,113.42485296669406,0.010429838689828087,343.99800298552395,-0.002703683404921521,-89.17316170049372,-0.059067996497555696,0.045772390553883144,True
30,177.69704476751525,135.4633347149654,138.4633347149654,124.46333471496541,127.46333471496541,0.009513024362539129,313.75953937404915,0.0008308192599472946,27.402165533251548,0.022846723098514873,0.0363649200966287,True
31,177.92858318661078,141.50179851354142,146.50179851354142,129.50179851354142,133.50179851354142,0.015080996435181454,497.40296192632053,-0.001869679869703187,-61.66597207561716,-0.04742852478594412,0.03942099987594984,True
32,178.16017021296744,139.5402443514986,144.5402443514986,128.5402443514986,131.5402443514986,0.015289305431227111,504.273430470912,-0.005269782311213472,-173.8084974405059,-0.13760929695186652,0.03829524914335371,True
33,178.39180582221388,129.5786722179323,133.5786722179323,117.57867221793231,120.57867221793231,0.013203596778260494,435.48237504165775,-0.002261651082705391,-74.59400658415427,-0.05218897793741509,0.043335799475083765,True
34,178.62348998997876,125.6170821019582,129.6170821019582,113.6170821019582,116.6170821019582,0.013613539359414664,449.0031430467562,-0.00229500029692087,-75.69393376734729,-0.05128197801945797,0.044752569724398616,True
35,178.85522269189076,124.65547399271054,128.65547399271054,113.65547399271054,115.65547399271054,0.013716914743472154,452.4126805028167,-0.006141079426307317,-202.5457077189009,-0.142182471512438,0.04319153662883192,True
36,179.08700390357845,129.69384787934382,134.69384787934382,116.69384787934382,121.69384787934382,0.016428384340166545,541.842647174162,0.0017922785207168633,59.11311289231571,0.03985030650188114,0.04497527567654363,True
37,179.31883360067053,130.73220375103188,132.73220375103188,116.73220375103188,119.73220375103188,0.006593722901418297,217.47484096182083,0.004426568643817987,145.99753829719347,0.09422518743027535,0.04697861330436254,True
38,179.55071175879564,142.77054159696786,144.77054159696786,127.77054159696786,129.77054159696786,0.006041592121907104,199.26440730248473,0.0007037893473336139,23.212452004781596,0.014706404440195825,0.04785597663899433,True
39,179.7826383535824,137.80886140636494,140.80886140636494,123.80886140636494,125.80886140636494,0.009352842218386528,308.47639556510666,-0.002393339972861239,-78.93738298490061,-0.05015162226172569,0.04772208484844505,True
40,180.01461336065947,136.84716316845515,139.84716316845515,121.84716316845515,125.84716316845515,0.0094178620874044,310.6208875138021,0.004610145648982534,152.0522937971282,0.09581453917113264,0.0481153036779568,True
41,180.2466367556555,128.88544687249077,130.88544687249077,115.88544687249077,118.88544687249077,0.006687478447330328,220.56709593542942,0.004412316309232917,145.5274663448893,0.10035102006110412,0.043968823700508884,True
42,180.47870851419913,126.92371250774295,128.92371250774295,114.92371250774295,116.92371250774295,0.006790036342741949,223.94967089762926,0.0007029130381647868,23.183549486435936,0.01643024105970247,0.04278166313023746,True
43,180.710828611919,127.9619600635026,130.9619600635026,117.9619600635026,117.9619600635026,0.010064282601898086,331.9411948251291,-0.010064282601898086,-331.9411948251291,-0.24929457809003322,0.04037104488595557,True
44,180.94299702444374,134.00018952908067,137.00018952908067,122.00018952908067,124.00018952908067,0.009615755340572029,317.1478229649098,-0.0025539117350665986,-84.23337721618068,-0.06077578537309405,0.042021863138229996,True
45,181.17521372740205,140.03840089380674,144.03840089380674,127.03840089380674,128.03840089380674,0.012231148324435507,403.4089809968962,-0.008825925239979077,-291.0975660643105,-0.18889050371384047,0.04672508710840173,True
46,181.40747869642252,139.07659414703062,144.07659414703062,126.07659414703062,127.07659414703062,0.015339386881758812,505.92522197813105,-0.01190828855155715,-392.7603870524059,-0.24515906700105405,0.04857372275570763,True
47,181.63979190713383,139.11476927812168,144.11476927812168,126.11476927812168,130.11476927812168,0.015335250979685803,505.7888112343055,-0.0017746047188007558,-58.530193755682035,-0.04080058274213912,0.043494592467375026,True
48,181.8721533351646,136.15292627646818,142.15292627646818,123.15292627646818,126.15292627646818,0.018728824367670965,617.7159946901943,-0.00827623109739001,-272.9674978123541,-0.1734318673581095,0.04772035972086315,True
49,182.10456295614347,137.1910651314788,142.1910651314788,123.19106513147881,127.19106513147881,0.015546479549973666,512.7555734742026,-0.0016690855405045776,-55.04994945948215,-0.03507870603453899,0.047581160458460815,True
50,182.33702074569914,140.22918583258092,143.22918583258092,124.22918583258092,128.22918583258092,0.009193110702284976,303.2081144164853,0.004570135129228655,150.73266275555005,0.09080393056723202,0.050329706001491725,True
51,182.56952667946018,140.26728836922234,143.26728836922234,125.26728836922234,127.26728836922234,0.00919063970216593,303.12661563864145,-0.002311525281320322,-76.23896248752519,-0.04597809734411652,0.050274487524354046,True
52,182.80208073305528,146.30537273086952,151.30537273086952,133.30537273086952,134.30537273086952,0.014594074849520222,481.34326454659345,-0.011348341928085608,-374.29217043074755,-0.2462384852247367,0.04608679231326579,True
53,183.0346828821131,148.34343890700916,154.34343890700916,136.34343890700916,137.34343890700916,0.017219829848496408,567.9461836174303,-0.014046156210608047,-463.2717561379202,-0.32173761972625603,0.043657176995835725,True
54,183.26733310226223,153.38148688714705,158.38148688714705,139.38148688714705,141.38148688714705,0.013931472285454532,459.48923922652955,-0.007744020682972866,-255.41407966542266,-0.17042351278583873,0.045439860711616264,True
55,183.50003136913136,141.419516660809,144.419516660809,126.419516660809,128.419516660809,0.009116538584067546,300.6826050069431,-0.0022996331358718395,-75.8467345339441,-0.04613564668117654,0.049845039601668695,True
56,183.7327776583491,150.4575282175399,152.4575282175399,137.4575282175399,139.4575282175399,0.005734951546279442,189.15075657525708,0.0005384817465573458,17.760259862939165,0.013815672449986357,0.03897615179475955,True
57,183.96557194554416,147.49552154690468,152.49552154690468,134.49552154690468,136.49552154690468,0.014478255716620488,477.5233060975831,-0.008067676792519336,-266.0889384670869,-0.18292040423215275,0.04410484891712941,True
58,184.1984142063451,158.53349663848758,161.53349663848758,142.53349663848758,144.53349663848758,0.008141555546340202,268.52561505751424,-0.0020899854381511724,-68.93211279422758,-0.044233346158812824,0.047249091910148755,True
59,184.4313044163806,147.57145348189215,153.57145348189215,134.57145348189215,134.57145348189215,0.017308139867795308,570.8588336771154,-0.017308139867795308,-570.8588336771154,-0.3553778766275344,0.048703481578668106,True
60,184.66424255127936,152.60939206674175,156.60939206674175,136.60939206674175,139.60939206674175,0.011236541398518068,370.60475396653464,-0.0018024641111466892,-59.44905507428888,-0.036783528762475495,0.049001935697519663,True
61,184.89722858666994,146.64731238267973,151.64731238267973,132.64731238267973,132.64731238267973,0.014560609755043174,480.23951538879936,-0.014560609755043174,-480.23951538879936,-0.2863107952816942,0.050855957913558056,True
62,185.13026249818105,155.68521441936832,157.68521441936832,138.68521441936832,141.68521441936832,0.00554360384710813,182.8397072533724,0.0037507655919562085,123.70813314285488,0.07758841679187523,0.04834182403821101,True
63,185.36334426144128,146.72309816648954,149.72309816648954,130.72309816648954,132.72309816648954,0.008790316364426535,289.92311050052695,-0.0021961376431173683,-72.43323564059483,-0.04285629495620212,0.05124422550670227,True
64,185.59647385207933,150.7609636137454,152.7609636137454,135.7609636137454,136.7609636137454,0.005723484580881672,188.77255195345555,-0.0025362443059125275,-83.65066826663416,-0.05421397280455762,0.046782114918154684,True
65,185.8296512457238,149.79881075085677,152.79881075085677,133.79881075085677,137.79881075085677,0.008611608569675187,284.0289517948543,0.0041816076210981264,137.91820887217506,0.08903609412387893,0.046965308420651455,True
66,186.06287641800333,146.83663956756436,150.83663956756436,130.83663956756436,134.83663956756436,0.011672411467022026,384.9806650027,0.0014061278247114208,46.37705126876517,0.028462978335767743,0.049401991883063864,True
67,186.29614934454662,156.87445005362906,159.87445005362906,139.87445005362906,141.87445005362906,0.008226847230470638,271.33871407895515,-0.0020610481588877374,-67.97770049941764,-0.040536425846517087,0.050844348406331535,True
68,186.52947000098226,156.91224219883043,160.91224219883043,139.91224219883043,142.91224219883043,0.01093225816461443,360.5688533243786,-0.0017185416350082791,-56.68111541043106,-0.03392279227913618,0.05066038257897916,True
69,186.76283836293894,159.95001599296825,162.95001599296825,140.95001599296825,145.95001599296825,0.008070119581578493,266.1695067848774,0.007068897846671361,233.14710945004072,0.13756811947190137,0.051384709435642176,True
70,186.99625440604527,162.9877714258614,166.9877714258614,146.9877714258614,148.9877714258614,0.010529647199296312,347.28989742024,-0.0046602285567813985,-153.70413336808141,-0.09872543464503879,0.047203930512303774,True
71,187.22971810592992,160.02550848734882,163.02550848734882,143.02550848734882,145.02550848734882,0.008066347617014757,266.045099465086,-0.0020354512081466516,-67.13345926047691,-0.040877898111177466,0.04979344100840858,True
72,187.4632294382215,156.06322716728846,162.06322716728846,140.06322716728846,143.06322716728846,0.016383899499893197,540.375443637056,-0.007180010641774256,-236.8118429860266,-0.14199156210005717,0.050566459975380215,True
73,187.6967883785487,162.1009274555588,166.1009274555588,145.1009274555588,148.1009274555588,0.010586557764157572,349.16692747250187,-0.0016989679113805396,-56.03553286220813,-0.03469774361063847,0.0489647952456375,True
74,187.93039490254014,161.13860934205672,164.13860934205672,143.13860934205672,146.13860934205672,0.008011138282547998,264.22417956713525,0.0009970384650905047,32.88442430326211,0.0195711491586861,0.05094429851851584,True
75,188.16404898582445,168.17627281669957,172.17627281669957,151.17627281669957,155.17627281669957,0.010208578940852722,336.7003913874812,0.0011331035835094958,37.372137910738104,0.02478650427975389,0.045714537666170105,True
76,188.3977506040303,163.213917869424,166.213917869424,146.213917869424,149.213917869424,0.007910196547124774,260.89490895843954,0.000910422737697333,30.027655551943894,0.019242441914285455,0.047313264176800846,True
77,188.63149973278635,163.25154449018623,166.25154449018623,145.25154449018623,149.25154449018623,0.007908389884749147,260.8353214357782,0.0038896850902658923,128.28999019888852,0.07972022529274957,0.048791697163199726,True
78,188.86529634772123,160.28915266896206,163.28915266896206,142.28915266896206,145.28915266896206,0.008053202313037498,265.6115397091499,0.0010081954828453088,33.25240620030422,0.019680462168771656,0.051228242212984304,True
79,189.09914042446354,159.3267423957468,163.3267423957468,142.3267423957468,146.3267423957468,0.010768623391171728,355.171834544196,0.0012685715711333173,41.84015688945067,0.026227561131937204,0.04836788158654151,True
80,189.333031938642,158.3643136605558,162.3643136605558,140.3643136605558,143.3643136605558,0.010833258121797994,357.30362381919474,-0.0016489046445688632,-54.38434109229678,-0.0309798499395112,0.05322506880402532,True
81,189.5669708658852,154.40186645342328,160.40186645342328,137.40186645342328,140.40186645342328,0.016556871569037325,546.0804260559964,-0.007176622554644253,-236.70009675089074,-0.13229230180017543,0.05424822500620166,True
82,189.8009571818218,161.4394007644039,166.4394007644039,143.4394007644039,147.4394007644039,0.013246606654749417,436.90093117285403,-0.0013015117759898089,-42.92659408426732,-0.025033005436656878,0.05199183051684041,True
83,190.03499086208046,163.47691658357098,167.47691658357098,144.47691658357098,148.47691658357098,0.010498518819340925,346.26321801902634,0.0013619567810674756,44.92019740408148,0.025708456727638627,0.052976994904686915,True
84,190.2690718822898,166.51441390101854,168.51441390101854,147.51441390101854,151.51441390101854,0.005185221149852621,171.01949259552777,0.006434270958275941,212.21578071704198,0.1302477684756511,0.049400239509506706,True
85,190.5032002180785,168.551892706859,169.551892706859,149.551892706859,152.551892706859,0.00256900849397714,84.73130005767624,0.006056678027277655,199.7619721714179,0.12382456327798863,0.0489133808909973,True
86,190.73737584507518,178.5893529912255,181.5893529912255,160.5893529912255,162.5893529912255,0.007234817354506412,238.61948357287957,-0.0018594628750880264,-61.328994117601724,-0.03950542336796692,0.04706854696299185,True
87,190.97159873890848,177.62679474426977,178.62679474426977,157.62679474426977,160.62679474426977,0.0024381262974025614,80.41453010686928,0.0057498224408530745,189.64122993616598,0.11733487813173306,0.049003523354732514,True
88,191.20586887520705,177.66421795616407,182.66421795616407,159.66421795616407,161.66421795616407,0.012053513302499836,397.550204593599,-0.0066472057154793865,-219.23881658773377,-0.13370362234110642,0.04971597327797858,True
89,191.44018622959956,171.70162261709993,176.70162261709993,154.70162261709993,155.70162261709993,0.012466138211823834,411.15944141985693,-0.009667868599202172,-318.8666277739736,-0.19291958053277325,0.05011346475304922,True
90,191.67455077771461,172.73900871728802,176.73900871728802,154.73900871728802,155.73900871728802,0.009941991800591413,327.90778714893725,-0.007144396097913926,-235.63720046953756,-0.13909667327061662,0.05136281069795462,True
91,191.9089624951809,171.776376246959,177.776376246959,154.776376246959,156.776376246959,0.014910612664273563,491.7833470236836,-0.009334665165777419,-307.8768781628102,-0.186969663424291,0.049926094933348764,True
92,192.14342135762703,186.81372519636352,192.81372519636352,166.81372519636352,170.81372519636352,0.013729164696594154,452.81670970556405,-0.0034381814876584538,-113.39845234709003,-0.06755295846382538,0.05089609050208512,True
93,192.37792734068165,175.85105555577138,182.85105555577138,156.85105555577138,161.85105555577138,0.016952492222687333,559.1288267880382,-0.003324401806974197,-109.64575931897178,-0.06477823441351502,0.05131973473918285,True
94,192.61248041997345,189.8883673154719,196.8883673154719,169.8883673154719,174.8883673154719,0.01572169724126562,518.5346212317629,-0.0031244165113306632,-103.04982390964102,-0.06261741477957437,0.049896925996214064,True
95,192.84708057113102,189.9256604657744,195.9256604657744,168.9256604657744,173.9256604657744,0.013507674113566369,445.511484715271,-0.0008396384951864493,-27.69304244902662,-0.016364721490966006,0.051307838978497985,True
96,193.08172776978301,200.96293499700732,206.96293499700732,179.96293499700732,185.96293499700732,0.012776609768657842,421.39944595979927,0.001466714720170426,48.375334431602255,0.03107476722159276,0.04719954005484094,True
97,193.31642199155812,193.00019089951934,200.00019089951934,172.00019089951934,176.00019089951934,0.01547267162134502,510.32123284748576,-0.005488461669622106,-181.0210023338068,-0.104001240384969,0.052773040487845355,True
98,193.55116321208493,192.03742816367844,200.03742816367844,171.03742816367844,175.03742816367844,0.017725381181217467,584.6203292139793,-0.007685615161569098,-253.48774280406553,-0.14196464084044247,0.05413753112091587,True
99,193.7859514069921,202.07464677987196,209.07464677987196,180.07464677987196,184.07464677987196,0.014789543402628063,487.79022829313215,-0.00524813919108443,-173.09466184590286,-0.09961670140288169,0.052683326361703975,True
100,194.0207865519083,212.1118467385072,219.1118467385072,190.1118467385072,192.1118467385072,0.014100934093151529,465.07844584455114,-0.009555967855192277,-315.17590602680616,-0.18259673316505953,0.05233372848217441,True
101,194.25566862246217,208.1490280300111,215.1490280300111,185.1490280300111,186.1490280300111,0.014365001176860596,473.78793332097024,-0.012025664760263236,-396.6317011344044,-0.21147452995864974,0.0568657831400058,True
102,194.49059759428232,212.18619064483005,217.18619064483005,187.18619064483005,189.18619064483005,0.01011509200601027,333.61699577155423,-0.0054994656599459,-181.38393706451834,-0.09615620022681189,0.05719304264284402,True
103,194.72557344299744,209.2233345734303,214.2233345734303,183.2233345734303,187.2233345734303,0.010256655658478147,338.2860625896039,-0.0008774624267201322,-28.940555215004224,-0.01511092856931215,0.05806806793476056,True
104,194.96059614423615,213.26045980629738,217.26045980629738,186.26045980629738,189.26045980629738,0.008070353089790212,266.17720837652234,-0.0011311329477959164,-37.30714220272739,-0.019057003309930137,0.05935523699082902,True
105,195.19566567362713,209.2975663339364,214.2975663339364,182.2975663339364,187.2975663339364,0.010253060525821171,338.16748755778923,0.001498202967930037,49.413883029423175,0.025292868190913677,0.059234206125672144,True
106,195.43078200679898,209.3346541468727,214.3346541468727,183.3346541468727,187.3346541468727,0.01025126526286856,338.1082760120599,-0.0008777059957056337,-28.94858863211573,-0.015123626510256342,0.058035418628620765,True
107,195.66594511938035,205.37172323565073,211.37172323565073,180.37172323565073,183.37172323565073,0.012506240854548269,412.48211087064163,-0.005342329029760832,-176.20124070774185,-0.09048145765803059,0.059043357258366166,True
108,195.9011549869999,217.40877359083493,222.40877359083493,190.40877359083493,194.40877359083493,0.009874849138134969,325.6932810106329,-0.0008459443511330839,-27.901022832737738,-0.014581958304314427,0.05801308256949211,True
109,196.13641158528628,209.4458052030086,215.4458052030086,183.4458052030086,186.4458052030086,0.012266375957312326,404.5708623758816,-0.005221544563180328,-172.21751511705867,-0.08677315524741418,0.060174653650570446,True
110,196.37171488986812,218.48281806277578,227.48281806277578,192.48281806277578,197.48281806277578,0.017531310824301215,578.2194809167773,-0.006393963259267735,-210.88634807900047,-0.10981982898055272,0.05822230209810289,True
111,196.6070648763741,213.51981216075933,220.51981216075933,187.51981216075933,192.51981216075933,0.014009435155593586,462.0606185577372,-0.002581165189851799,-85.13225344038409,-0.0447485003868654,0.05768160200982789,True
112,196.8424615204328,223.55678748760192,230.55678748760192,197.55678748760192,201.55678748760192,0.013390052002499288,441.6320602565324,-0.0046845796583956465,-154.50728388410693,-0.08359619168616769,0.056038194610374625,True
113,197.07790479767291,220.593744033966,226.593744033966,192.593744033966,197.593744033966,0.011654723542643287,384.39728007756406,-0.0005237091196728418,-17.2730275769714,-0.008844514982095117,0.05921287043247044,True
114,197.3133946837231,213.63068179053357,220.63068179053357,187.63068179053357,192.63068179053357,0.0140022805238426,461.82464376391465,-0.0025806754169994915,-85.11609970223736,-0.044764451028390474,0.05765010756778359,True
115,197.54893115421194,209.6676007480064,214.6676007480064,182.6676007480064,187.6676007480064,0.010235176849157056,337.5776463108202,0.0014926003493448779,49.22909689206284,0.02524546633904707,0.05912350080205405,True
116,197.78451418476814,212.70450089710562,217.70450089710562,184.70450089710562,189.70450089710562,0.010090728072308394,332.8134220263064,0.0015094284374398258,49.78412260922681,0.024930898085637955,0.06054448709608935,True
117,198.02014375102033,220.74138222857232,226.74138222857232,193.74138222857232,197.74138222857232,0.011647032123831386,384.1436009181731,-0.002771860381380503,-91.42178168867753,-0.04775175877369061,0.058047294017318826,True
118,198.25581982859714,231.77824473316673,238.77824473316673,204.77824473316673,209.77824473316673,0.012922085750706152,426.19754963093106,-0.002445454611774185,-80.65623331859268,-0.044453450993242244,0.055011580813960646,True
119,198.49154239312722,224.8150884016693,230.8150884016693,195.8150884016693,201.8150884016693,0.011438739850676423,377.2736839296675,0.001668739608525838,55.03853989569188,0.028214413903968897,0.05914493259387174,True
120,198.72731142023923,225.8519132248798,233.8519132248798,196.8519132248798,204.8519132248798,0.015117153489571628,498.5954975804136,0.002183230832511311,72.00754189734187,0.03726125610103223,0.058592518367914875,True
121,198.9631268855618,223.88871919361782,229.88871919361782,195.88871919361782,203.88871919361782,0.01148544877983158,378.8142425930184,0.005898322270813321,194.5390664674092,0.10709885844439845,0.05507362409353317,True
122,199.19898876472357,224.9255062987222,230.9255062987222,196.9255062987222,200.9255062987222,0.011433197743727693,377.0908935932691,-0.002700097113930766,-89.05487828541573,-0.04569714080141818,0.059086784568520984,True
123,199.4348970333532,223.96227453105212,228.96227453105212,194.96227453105212,197.96227453105212,0.009589061273803096,316.26739653328804,-0.0029572090951250204,-97.53497186162161,-0.04792658887616296,0.06170289111887607,True
124,199.67085166707932,223.99902388148553,226.99902388148553,193.99902388148553,198.99902388148553,0.005777863870251556,190.56609521939848,0.005273537513258349,173.93235189719113,0.08817177834196241,0.05980981230531204,True
125,199.9068526415306,228.03575434092045,234.03575434092045,199.03575434092045,205.03575434092045,0.011279264400972048,372.01384838906364,0.001619236852839434,53.40583496085793,0.027792222861701424,0.05826222900186924,True
126,200.14289993233567,232.07246590027512,239.07246590027512,203.07246590027512,209.07246590027512,0.012905944173648693,425.66516649079506,-0.00026014509611629703,-8.580132081789486,-0.00447733639740809,0.058102646981561146,True
127,200.37899351512317,231.1091585504862,237.1091585504862,202.1091585504862,207.1091585504862,0.011131172973353306,367.1294818254843,-0.0005178627282146717,-17.080201297860924,-0.008853853620230119,0.05849009374081023,True
128,200.61513336552173,237.14583228251126,243.14583228251126,207.14583228251126,212.14583228251126,0.01085133325691453,357.8997797683607,-0.0004930288521295314,-16.26112786501784,-0.008358431334576758,0.05898581114018288,True
129,200.85131945916004,235.18248708732654,240.18248708732654,205.18248708732654,209.18248708732654,0.009136358847707199,301.3363189629735,-0.0007513263303545806,-24.780321625154215,-0.012597617261388716,0.05964035220036182,True
130,201.0875517716667,233.21912295592824,239.21912295592824,204.21912295592824,209.21912295592824,0.011031735994463762,363.84984125019173,-0.0005267655176080452,-17.373834005268805,-0.009092960601633162,0.05793113383922881,True
131,201.32383027867039,228.25573987933262,232.25573987933262,198.25573987933262,205.25573987933262,0.007544748367600637,248.84165984408813,0.0075247926128933626,248.1834771078521,0.13101738885755979,0.0574335412917915,True
132,201.56015495579976,234.29233784857502,240.29233784857502,204.29233784857502,209.29233784857502,0.010981836835946147,362.2040621167658,-0.00048058600971469245,-15.850736767949115,-0.008043778529212004,0.059746300568741834,True
133,201.7965257786834,236.32891685471077,241.32891685471077,205.32891685471077,211.32891685471077,0.009092499163815753,299.8897343973898,0.0034163117656574385,112.67714294644367,0.05755378665191527,0.0593585924470836,True
134,202.03294272295,237.36547688881456,242.36547688881456,206.36547688881456,212.36547688881456,0.00905320378268847,298.5936901309024,0.0033936680285582502,111.93030490091888,0.057438337121564605,0.059083674748030515,True
135,202.2694057642282,235.40201794198106,240.40201794198106,205.40201794198106,209.40201794198106,0.009127927391658967,301.0582318200074,-0.0007517708127271587,-24.794981588081384,-0.012617550210401436,0.059581360897413116,True
136,202.50591487814663,242.43854000532428,246.43854000532428,210.43854000532428,215.43854000532428,0.0071069672338881255,234.40271786038187,0.0030911499728992703,101.9526235475875,0.05157864935545532,0.05993080492659951,True
137,202.74247004033396,241.47504306997803,247.47504306997803,212.47504306997803,217.47504306997803,0.010659156306893614,351.56138001041256,-0.0005576567274686792,-18.3926910382379,-0.009986125090491698,0.05584315461856699,True
138,202.97907122641882,247.51152712709586,253.51152712709586,216.51152712709586,222.51152712709586,0.010402281677653686,343.0891148005622,0.001469209436332844,48.45761541440629,0.025604993238095366,0.057379801770341396,True
139,203.21571841202984,243.5479921678509,248.5479921678509,211.5479921678509,216.5479921678509,0.00882570559224507,291.09032162035453,0.001319547979481658,43.52146598661875,0.02180498998881731,0.06051587183293312,True
140,203.4524115727957,242.58443818343608,249.58443818343608,213.58443818343608,216.58443818343608,0.012354565810253423,407.4795490965028,-0.006296923611672954,-207.68577652887862,-0.10774692806618306,0.05844179249180169,True
141,203.689150684345,246.62086516506338,254.62086516506338,215.62086516506338,221.62086516506338,0.01386417251925293,457.2695514764859,-0.0019443108600533839,-64.12745900794516,-0.032781519343528874,0.05931118810199973,True
142,203.92593572230646,247.65727310396528,254.65727310396528,216.65727310396528,222.65727310396528,0.01210499759723924,399.248264851496,-0.0002413843800839685,-7.961364232964286,-0.004147604396852199,0.05819850617073456,True
143,204.16276666230863,257.69366199139336,260.69366199139336,224.69366199139336,230.69366199139336,0.005026735534879508,165.79230388494358,0.0064181051700478685,211.6825990416084,0.11399049571054938,0.056303862265368654,True
144,204.39964347998023,252.73003181861873,256.7300318186187,220.73003181861873,226.73003181861873,0.006819822589400376,224.93208392161264,0.004827800489684946,159.23100794299344,0.08562734711696161,0.05638152590539179,True
145,204.63656615094988,255.76638257693298,261.766382576933,225.76638257693298,230.76638257693298,0.01007041030848768,332.1432994685842,-0.0005571424627093622,-18.375729505517086,-0.010229787912492981,0.05446275792570049,True
146,204.87353465084618,260.80271425764636,267.80271425764636,232.80271425764636,235.80271425764636,0.011502867472344276,379.3887476853004,-0.005942107111734101,-195.98318255450434,-0.11362641478685237,0.052295121014604595,True
147,205.11054895529784,255.83902685208932,261.8390268520893,225.83902685208932,229.83902685208932,0.01006758375177383,332.0500736868817,-0.0024428033381874324,-80.56878874285823,-0.044102518785883636,0.055389202372934,True
148,205.3476090399335,256.8753203516119,262.8753203516119,226.8753203516119,228.8753203516119,0.010027434112174043,330.72585418036283,-0.006215724541261562,-205.00766051035947,-0.10896562074508119,0.057042987492384345,True
149,205.58471488038177,253.91159474758388,260.9115947475839,223.91159474758388,227.91159474758388,0.011810846133794952,389.54653129556004,-0.004121009248594325,-135.91954717227645,-0.07272396466492345,0.05666645469044385,True
150,205.8218664522713,247.9478500313944,253.9478500313944,216.9478500313944,220.9478500313944,0.010384193510659208,342.4925290326694,-0.0024497641615102515,-80.79837132734446,-0.04136027677743653,0.05922987833695259,True
151,206.05906373123076,244.9840861944524,252.9840861944524,215.9840861944524,219.9840861944524,0.013955328861914886,460.2760792635128,-0.005985817390763086,-197.42483943368268,-0.10372410417254563,0.057709029530933764,True
152,206.2963066928888,253.02030322818678,260.0203032281868,221.02030322818678,225.02030322818678,0.011851888543653702,390.90019624177745,-0.004062353360412106,-133.98495268830754,-0.06686519530353603,0.06075437814801801,True
153,206.53359531287404,259.05650112404555,267.05650112404555,227.05650112404555,231.05650112404555,0.013208659187541084,435.6493439406607,-0.005624407844481073,-185.50479293266,-0.09362659561083728,0.06007275825620267,True
154,206.7709295668151,268.09267987349654,277.09267987349654,237.09267987349654,240.09267987349654,0.01434009694388101,472.96653936986166,-0.008879323326873533,-292.85874721017575,-0.1536043111853237,0.05780647208632461,True
155,207.00830943034072,263.12883946802776,269.12883946802776,229.12883946802776,235.12883946802776,0.009791788370658732,322.95376230972187,0.0014343565105583087,47.30809266326963,0.02415900069213709,0.05937151659692371,True
156,207.24573487907944,266.1649798991464,273.1649798991464,235.16497989914637,239.16497989914637,0.011274107959587524,371.84377811362225,-0.003949168545305701,-130.25187957732447,-0.07083348355002135,0.05575284946302081,True
157,207.48320588865994,264.20110115837906,270.20110115837906,232.20110115837906,236.20110115837906,0.009752491213117147,321.6576594533568,-0.0023348482160450044,-77.0082018983779,-0.04079208733609508,0.05723777253190479,True
158,207.7207224347109,271.23720323727275,274.23720323727275,237.23720323727275,242.23720323727275,0.004777113525161857,157.55924531157842,0.004280934610703886,141.19422176969653,0.0764097920091866,0.056025994812146554,True
159,207.9582844928609,266.2732861273935,271.2732861273935,232.27328612739348,236.27328612739348,0.008079430318638248,266.4765944638079,-0.0006640729784591027,-21.90252267749557,-0.011130889322236204,0.05966037027539951,True
160,208.19589203873866,264.30934982032704,271.30934982032704,232.30934982032704,235.30934982032704,0.011352234239151146,374.4205470311306,-0.0057797397173101825,-190.6279645983279,-0.09806855675633004,0.05893570690217297,True
161,208.43354504797279,263.34539430767927,272.34539430767927,230.34539430767927,235.34539430767927,0.0145943079126394,481.35095145815086,-0.005268137376120372,-173.7542440235647,-0.08667513306130109,0.0607802629203289,True
162,208.67124349619192,263.3814195810751,271.3814195810751,230.38141958107508,233.38141958107508,0.012994975794893613,428.6016164994309,-0.007376148629408222,-243.28088609035441,-0.11930542898710172,0.061825758408744894,True
163,208.9089873590247,260.4174256321596,266.4174256321596,225.41742563215962,230.41742563215962,0.009892586086257253,326.27828284187643,-0.00036475161848747994,-12.030275067226285,-0.005802147710323754,0.06286493152156017,True
164,209.1467766120998,276.4534124525974,280.4534124525974,241.45341245259738,244.45341245259738,0.006238773610908121,205.76786727528517,-0.0008760170741015667,-28.89288444758563,-0.014790935789187654,0.05922661598882373,True
165,209.38461123104585,274.4893800340724,279.4893800340724,238.48938003407238,243.48938003407238,0.007839764023148848,258.5718962720997,0.0011712152599146937,38.62914110740354,0.019368247784521023,0.06047089406046949,True
166,209.6224911914915,268.5253283682889,276.5253283682889,234.5253283682889,241.5253283682889,0.012749660377664911,420.5105983985915,2.326814579228266e-05,0.7674323566985208,0.00039582535087011604,0.05878386955543366,True
167,209.86041646906537,267.5612574469701,275.5612574469701,232.5612574469701,239.5612574469701,0.01279492954456912,422.0036706765984,8.428749002126028e-05,2.7799785889549185,0.001385311308156271,0.06084371759979322,True
168,210.09838703939613,271.5971672618591,279.5971672618591,236.5971672618591,243.5971672618591,0.012607531069136509,415.82287505468526,5.516201743295014e-05,1.8193592827176985,0.0009210845592231345,0.05988811437624701,True
169,210.3364028781124,274.6330578047191,280.6330578047191,240.6330578047191,245.6330578047191,0.009386015977330131,309.5705358646352,-0.00045449114559751626,-14.990073299276105,-0.00788707980871837,0.057624768180375485,True
170,210.57446396084288,285.66892906733256,292.66892906733256,253.66892906733256,256.66892906733256,0.010513611717801612,346.7610135347712,-0.005407588588797624,-178.35363813707758,-0.09958813696952534,0.05429952555947887,True
171,210.81257026321617,277.7047810415015,283.7047810415015,243.70478104150152,246.70478104150152,0.009283297915161106,306.1826782661137,-0.00396978121854114,-130.931728867429,-0.067623463943657,0.05870419802583185,True
172,211.0507217608609,289.7406137190476,293.7406137190476,253.7406137190476,257.7406137190476,0.005954622224307443,196.39595727330868,0.0008382501253556907,27.647251093724833,0.014654654661069693,0.05720026467648634,True
173,211.28891842940578,276.7764270918128,280.7764270918128,240.77642709181282,243.77642709181282,0.006231544576448289,205.52943852373397,-0.0008538026761773466,-28.16020691050059,-0.01401007833239663,0.06094203443552704,True
174,211.52716024447938,276.8122211516579,283.8122211516579,244.81222115165792,247.81222115165792,0.010845832406510738,357.71835015953343,-0.005556206312264036,-183.25536304396044,-0.09898770135097965,0.05613026907821057,True
175,211.7654471817104,278.84799589046406,283.84799589046406,243.84799589046406,246.84799589046406,0.007718304715697775,254.56591301102372,-0.002407889709218335,-79.41726387276984,-0.04050121606631797,0.05945228176051752,True
176,212.00377921672748,283.8837513001315,287.8837513001315,246.8837513001315,251.8837513001315,0.006076617718992886,200.41962511641273,0.0026310271983823975,86.77680728915092,0.044343767256124024,0.059332514154377444,True
177,212.24215632515921,274.9194873725803,280.9194873725803,238.9194873725803,243.9194873725803,0.009376341803367138,309.25146127270983,-0.0003814174200311663,-12.579948232811489,-0.00623795145324957,0.061144659891906095,True
178,212.48057848263431,286.9552040997505,293.9552040997505,251.95520409975052,253.95520409975052,0.010467047882009575,345.22524035551504,-0.007033264055315227,-231.97183211068284,-0.11720660372957217,0.06000740428877966,True
179,212.71904566478136,283.9909014736015,291.9909014736015,247.99090147360153,252.99090147360153,0.01206489260576714,397.92551793407637,-0.003395737358856586,-111.99855576378593,-0.056066219542856656,0.06056654767423558,True
180,212.95755784722905,292.0265794861125,297.0265794861125,256.0265794861125,261.0265794861125,0.007372932408117076,243.17480835183738,0.0010267458927654656,33.86423771149731,0.018132712574674036,0.05662395455380029,True
181,213.19611500560603,283.06223812928215,291.06223812928215,247.06223812928215,251.06223812928215,0.01210392829292586,399.21299694761694,-0.005128903570189407,-169.16202044152232,-0.08320736831878056,0.06164001666943446,True
182,213.4347171155409,287.097877395129,294.097877395129,250.097877395129,255.097877395129,0.010461908433982446,345.0557305567197,-0.00186506931049738,-61.51390614184669,-0.030649011798824857,0.06085251044109978,True
183,213.67336415266234,290.1334972756913,297.1334972756913,253.1334972756913,257.1334972756913,0.010353741614769197,341.4881614978672,-0.003544704264022462,-116.91179741707944,-0.058090283058105735,0.06102060581245257,True
184,213.91205609259902,294.16909776302646,301.16909776302646,255.16909776302646,261.16909776302646,0.010213359415087069,336.85806147604575,-0.000119648703477096,-3.946265736215935,-0.0019351615027355159,0.06182879481012946,True
185,214.1507929109795,291.2046788492123,298.2046788492123,255.2046788492123,260.2046788492123,0.01031610467537376,340.246816125657,-0.0018896355010750605,-62.324150743992504,-0.032437569599067954,0.05825453399965442,True
186,214.38957458343248,298.2402405263458,303.2402405263458,259.2402405263458,265.2402405263458,0.007220591518489334,238.15028559904636,0.002716405825366139,89.5927738686434,0.04564956588819811,0.05950562228825965,True
187,214.62840108558663,297.2757827865437,302.2757827865437,258.2757827865437,263.2757827865437,0.007243823140806122,238.9165133347527,0.0010834030840087428,35.73291096925951,0.01789738855147075,0.06053414334124808,True
188,214.86727239307055,301.31130562194244,308.31130562194244,261.31130562194244,268.31130562194244,0.009974023064806698,328.9642455708596,0.00150674965172805,49.69577062578003,0.02465883225034169,0.06110385262494218,True
189,215.1061884815129,299.34680902469813,307.34680902469813,261.34680902469813,267.34680902469813,0.01145407547594489,377.7794850857327,-0.0015962724693561522,-52.648421323603316,-0.026713368120428547,0.05975556740579758,True
190,215.34514932654236,294.3822929869866,302.3822929869866,258.3822929869866,263.3822929869866,0.01164467223967235,384.06576697825056,-0.0033208459728941014,-109.52848043682633,-0.056952195073140505,0.05830935872847966,True
191,215.5841549037875,292.4177575010033,299.4177575010033,254.41775750100328,259.4177575010033,0.010273811113474517,338.8518855552855,-0.0018215306191566149,-60.07790858529455,-0.029682533437003115,0.06136708724754072,True
192,215.823205188877,307.45320255896286,314.45320255896286,269.45320255896286,271.45320255896286,0.009777000979390504,322.46604306334484,-0.006565380950781648,-216.54006385647295,-0.10837831760655688,0.0605783619433528,True
193,216.06230015743955,300.48862815310054,307.48862815310054,261.48862815310054,265.48862815310054,0.010001017917730184,329.85459256209583,-0.003407901154031668,-112.39974329634433,-0.0548960357325907,0.06207918492752773,True
194,216.30143978510375,296.5240342756706,305.5240342756706,257.5240342756706,263.5240342756706,0.012985479857980297,428.2884205400492,-0.0029830166164367036,-98.38615816058945,-0.04755050969846612,0.06273364124492085,True
195,216.54062404749823,290.5594209189471,297.5594209189471,252.55942091894713,256.5594209189471,0.010338743556966507,340.99349402637324,-0.0035143499957605495,-115.91064984666025,-0.05611417246552878,0.06262856318373816,True
196,216.77985292025167,307.5947880752235,314.5947880752235,268.5947880752235,273.5947880752235,0.009772550893324548,322.3192698710332,-0.0017623121715658295,-58.12475970955984,-0.029488571850050806,0.059762547353163636,True
197,217.01912637899272,295.6301357368136,302.6301357368136,257.6301357368136,262.6301357368136,0.010163469853331813,335.21259886401435,-0.001815574052102786,-59.881448483455756,-0.029930418986655122,0.06065982747893653,True
198,217.25844439934997,308.66546389605014,315.66546389605014,269.66546389605014,274.66546389605014,0.009739029848730625,321.2136753607802,-0.0017603045019781282,-58.05854254653718,-0.02956365281856952,0.059542862067181554,True
199,217.49780695695213,297.7007725452859,303.7007725452859,258.7007725452859,263.7007725452859,0.008665935005921851,285.8207518536988,-0.0003522585197041992,-11.618226409490035,-0.005759776574152299,0.061158365288855536,True
200,217.73721402742783,301.7360616768933,310.7360616768933,262.7360616768933,268.7360616768933,0.012764439574491542,420.99804737506025,-0.002958176978690311,-97.56689469604743,-0.0480327863903834,0.06158662032737215,True
201,217.97666558640566,315.7713312832643,322.7713312832643,277.7713312832643,280.7713312832643,0.009522255412876907,314.06399881739145,-0.004856914474107091,-160.19124834536294,-0.0835760164116526,0.05811373504791638,True
202,218.21616160951436,313.8065813568105,319.8065813568105,274.8065813568105,278.8065813568105,0.008225349271687627,271.28930824965767,-0.0019494574576540257,-64.29720461470293,-0.03326171645377325,0.05860964693037893,True
203,218.45570207238248,305.8418118899633,312.8418118899633,266.8418118899633,270.8418118899633,0.009827934635136523,324.14594208982464,-0.003366105042431079,-111.02121968243782,-0.05524904657912187,0.060926029512753624,True
204,218.69528695063875,316.8770228751737,323.8770228751737,275.8770228751737,279.8770228751737,0.009489389394885271,312.98000846131475,-0.003237674490332898,-106.78531011969551,-0.0523945944753548,0.061794055718015425,True
205,218.93491621991174,313.91221430491214,321.91221430491214,271.91221430491214,277.91221430491214,0.010929241019626501,360.46934154079014,-0.0014503230286915351,-47.83470199211956,-0.02298282002031863,0.06310465936770748,True
206,219.17458985583013,308.9473861716692,316.9473861716692,267.9473861716692,273.9473861716692,0.011102649299306572,366.18871110009854,-0.0014850131202230436,-48.9788541276518,-0.023730781115255242,0.06257750695228521,True
207,219.41430783402257,302.9825384679548,309.9825384679548,260.9825384679548,267.9825384679548,0.009919630509801134,327.1702647763683,0.0015754151392815916,51.960502736688056,0.024608770641761816,0.06401844131978154,True
208,219.6540701301177,310.0176711862987,315.0176711862987,269.0176711862987,276.0176711862987,0.006948467018066252,229.17504758311532,0.004207611511437216,138.7758718344245,0.07071397898932814,0.059501835020091445,True
209,219.89387671974418,306.05278431924967,314.05278431924967,265.05278431924967,272.05278431924967,0.011206313258485468,369.6077663702333,0.00011449103390197453,3.7761549524671523,0.0018345946798405816,0.0624067185847957,True
210,220.13372757853062,309.08787785937693,319.08787785937693,270.08787785937693,275.08787785937693,0.013828332900726792,456.0874855244229,-0.005861972425723947,-193.34017217082032,-0.09530443443649368,0.061507866453266516,True
211,220.3736226821057,309.12295179926923,317.12295179926923,268.12295179926923,271.12295179926923,0.01109642345181245,365.98336956332486,-0.006264131249197085,-206.60421548653218,-0.09647614852608694,0.0649293254850786,True
212,220.61356200609805,322.1580061315344,329.1580061315344,279.1580061315344,285.1580061315344,0.00933549421417754,307.9042219216642,-0.00010001256014709366,-3.29862445500936,-0.001606141185550142,0.06226884725133111,True
213,220.8535455261363,319.1930408488008,327.1930408488008,276.1930408488008,284.1930408488008,0.010750643827390249,354.57883073854634,0.0016500635518706345,54.42256429107391,0.02660721174617657,0.06201565077963297,True
214,221.0935732178491,328.2280559437156,336.2280559437156,285.2280559437156,293.2280559437156,0.010458249049804835,344.93503637470116,0.0015550301555175838,51.28816312394321,0.02582851566264004,0.0602059435326698,True
215,221.33364505686512,320.263051408946,328.263051408946,279.263051408946,286.263051408946,0.010715165004191332,353.40866457474874,3.665221411033176e-05,1.2088670624646056,0.000616262200622083,0.05947503201288892,True
216,221.573761018813,332.2980272371792,338.2980272371792,291.2980272371792,296.2980272371792,0.0077717022371059,256.32707550596115,-0.0003804857529284295,-12.549219893446036,-0.006630928662792908,0.057380462417487565,True
217,221.81392107932135,334.3329834211213,340.3329834211213,291.3329834211213,297.3329834211213,0.0077248170797837145,254.78070446723893,0.0011286151878886867,37.22410118878258,0.019056314656634765,0.059225259879708225,True
218,222.05412521401888,330.3679199534986,337.3679199534986,288.3679199534986,293.3679199534986,0.009105914536066682,300.33220157266146,-0.0016402377312201939,-54.09848807264282,-0.027396177657292454,0.05987104302426609,True
219,222.29437339853416,324.40283682705694,330.40283682705694,280.40283682705694,286.40283682705694,0.007959124141838771,262.508643875444,0.0012357881516347532,40.75889080529339,0.019714461840990193,0.06268434622269575,True
220,222.53466560849589,330.4377340345618,340.4377340345618,289.4377340345618,293.4377340345618,0.012948055832830683,427.0540975272011,-0.0069872450114853105,-230.4540273154626,-0.1144922430160625,0.06102810834534045,True
221,222.7750018195327,329.47261156879813,338.47261156879813,286.47261156879813,293.47261156879813,0.011704213967959199,386.02957833086134,-0.0012197444082087117,-40.229734423962896,-0.019883003805304736,0.06134608332586482,True
222,223.0153820072732,334.5074694225707,342.5074694225707,293.5074694225707,300.5074694225707,0.010264227210604404,338.53578829374857,-2.811391317355562e-05,-0.9272559504916558,-0.00049495699658515,0.056800718784705655,True
223,223.25580614734608,336.54230758870403,344.54230758870403,292.54230758870403,299.54230758870403,0.01020288984405219,336.5127530168051,6.659849757702056e-05,2.196558436773728,0.0010950514848357777,0.06081768619948329,True
224,223.49627421537997,334.577126060042,340.577126060042,290.577126060042,295.577126060042,0.00771923004078913,254.59643217752333,-0.000309832012017861,-10.218911007614793,-0.005046967469009559,0.061389738277560946,True
225,223.73678618700353,328.6119248294485,334.6119248294485,284.6119248294485,288.6119248294485,0.007858094923125331,259.1764878839515,-0.0017969161151371298,-59.26607050428572,-0.028374442296812255,0.06332868488974691,True
226,223.97734203784537,333.64670388980653,341.64670388980653,290.64670388980653,293.64670388980653,0.010290396335277605,339.3989010316513,-0.005830668132042739,-192.30769076516737,-0.09279070306782575,0.06283677070299584,True
227,224.21794174353417,332.6814632340195,337.6814632340195,288.6814632340195,292.6814632340195,0.006478618051435308,213.67844106479143,-0.0005022984005487764,-16.566857056007876,-0.008119810285370711,0.06186085424357225,True
228,224.45858527969855,330.7162028550099,339.7162028550099,286.7162028550099,294.7162028550099,0.011660788230892503,384.5973062436921,0.0002909884277903403,9.5974099915274,0.004704155324455612,0.061857742298085126,True
229,224.69927262196717,335.75092274571966,343.75092274571966,290.75092274571966,296.75092274571966,0.010226657719856768,337.29666751971655,-0.0013556813617128793,-44.713220883151905,-0.021459498388996072,0.06317395388925032,True
230,224.94000374596868,338.7856228991111,346.7856228991111,292.7856228991111,298.7856228991111,0.010136112294683076,334.31028907557027,-0.001326163308426765,-43.73965344031626,-0.0207089066385217,0.06403830639517688,True
231,225.18077862733173,330.82030330816565,339.82030330816565,285.82030330816565,291.82030330816565,0.01165716769519063,384.4778933660609,-0.0026347389359578158,-86.8992281962735,-0.040649232848093644,0.06481644920099344,True
232,225.42159724168494,334.8549639658845,343.8549639658845,291.8549639658845,294.8549639658845,0.011518556894196102,379.9062177963472,-0.007077197582985165,-233.42085219929723,-0.11193093162167204,0.06322825585787298,True
233,225.66245956465696,334.88960486528845,343.88960486528845,290.88960486528845,297.88960486528845,0.011517381077554279,379.8674368919926,-0.0011902344281930228,-39.256433254555475,-0.01926925273962775,0.06176858253279708,True
234,225.90336557187644,340.924225999418,350.924225999418,297.924225999418,304.924225999418,0.01255548750802503,414.1063690162875,-0.002469377134305029,-81.44524839559597,-0.04130309602874042,0.0597867320306142,True
235,226.144315238972,339.9588273613333,347.9588273613333,294.9588273613333,301.9588273613333,0.010101536044993104,333.16989168326165,8.479608179740722e-05,2.796753014766523,0.0013760565599831155,0.06162252647409179,True
236,226.38530854157236,355.993408944114,363.993408944114,310.993408944114,316.993408944114,0.009651562396246033,318.32881492566383,-0.0013525149925478815,-44.60878737254188,-0.022782258011880045,0.059367029898555204,True
237,226.6263454553061,347.0279707408597,354.0279707408597,302.0279707408597,307.0279707408597,0.00867309505510887,286.056905325949,-0.0015423175829940112,-50.86887576092937,-0.025247276007060847,0.06108847475516467,True
238,226.86742595580188,353.06251274468923,361.06251274468923,309.06251274468923,314.06251274468923,0.00973079245773365,320.9419888911195,-0.0027610225835210857,-91.06432833476939,-0.04665009427450889,0.05918578786302254,True
239,227.10855001868836,351.09703494874157,358.09703494874157,305.09703494874157,312.09703494874157,0.008573563240589166,282.77413687223407,0.0012780924458793228,42.154175350972594,0.021177957297926805,0.060350128574696876,True
240,227.34971761959417,358.1315373461746,362.1315373461746,309.1315373461746,316.1315373461746,0.004823781332489452,159.09844769062022,0.004900728283010292,161.63631985740744,0.07975291902740048,0.06144888917892226,True
241,227.59092873414795,355.1660199301666,362.1660199301666,309.1660199301666,314.1660199301666,0.008476291891477049,279.5659233190456,-0.001508836842010951,-49.764610548478885,-0.02473743425024678,0.060994071848655795,True
242,227.83218333797836,353.20048269391486,359.20048269391486,308.20048269391486,312.20048269391486,0.007315623175716174,241.284629406139,-0.0017153675463673869,-56.57642729528018,-0.028567720196092293,0.060045657637112664,True
243,228.07348140671402,352.2349256306368,360.2349256306368,305.2349256306368,310.2349256306368,0.00975340044489817,321.68764782865435,-0.002696937232519663,-88.9506587545662,-0.04244026753891011,0.06354665955032107,True
244,228.31482291598363,349.26934873356913,357.26934873356913,304.26934873356913,307.26934873356913,0.00983528391795933,324.38833688514273,-0.005574248916366176,-183.85044605189302,-0.08891853257955497,0.06268939392785101,True
245,228.55620784141576,352.3037519959687,359.3037519959687,305.3037519959687,311.3037519959687,0.008544483913970526,281.81503955707313,-9.227039963722976e-05,-3.043271727763056,-0.0014827017257651098,0.0622312620494294,True
246,228.7976361586391,352.3381354111109,359.3381354111109,305.3381354111109,311.3381354111109,0.00854365823662069,281.7878069825434,-9.238730536741992e-05,-3.0471275244746607,-0.0014847345600970062,0.062224796169211366,True
247,229.0391078432823,349.3724989722921,356.3724989722921,303.3724989722921,310.3724989722921,0.008615466153777762,284.15618302700454,0.001291557817985645,42.59829162657218,0.021289392923890257,0.060666728384551595,True
248,229.280622870974,349.40684267282745,356.40684267282745,301.40684267282745,309.40684267282745,0.008614627670760234,284.1285280946374,0.002762178780548472,91.10246214300048,0.043985693534539065,0.06279720878743256,True
249,229.52218121734282,350.441166506052,357.441166506052,302.441166506052,309.441166506052,0.008589451462611064,283.2981638307578,0.0013477336577240422,44.45108889992696,0.021291094641617492,0.06330034600896661,True
250,229.76378285801744,352.4754704653201,359.4754704653201,306.4754704653201,311.4754704653201,0.008540361887562463,281.67908646184355,-0.0015122318041395875,-49.87658353552047,-0.02459341612513132,0.06148929438860186,True
251,230.00542776862648,355.5097545440062,362.5097545440062,307.5097545440062,313.5097545440062,0.008468175734187153,279.2982353918715,-7.601434008726836e-05,-2.5071127143879153,-0.0012059904468498957,0.06303063203014703,True
252,230.2471159247986,368.5440187355041,376.5440187355041,321.5440187355041,326.5440187355041,0.009326386147593728,307.60381874103336,-0.0026250882731826625,-86.58092905274239,-0.04334584370966927,0.06056147599215095,True
253,230.48884730216244,363.57826303322736,369.57826303322736,314.57826303322736,321.57826303322736,0.007108509504778231,234.4535851961132,0.0024494654693871807,80.78851983328977,0.03973536576094927,0.06164446765441485,True
254,230.73062187634665,359.61248743060924,364.61248743060924,311.61248743060924,316.61248743060924,0.005996774445602488,197.7862261334629,0.0009164122263876882,30.22520147855502,0.014837871273811873,0.061761704861607175,True
255,230.97243962297986,349.64669192110205,355.64669192110205,301.64669192110205,306.64669192110205,0.0073893497777065,243.71628770937963,-0.00024963274818907543,-8.233412750724483,-0.003884991565925564,0.06425567313415845,True
256,231.21430051769073,361.6808764981786,369.6808764981786,315.6808764981786,320.6808764981786,0.009501438708601016,313.3774201547098,-0.0026766504925500997,-88.28155942866553,-0.04430396422603062,0.06041559800144124,True
257,231.4562045361079,363.7150411553305,372.7150411553305,319.7150411553305,322.7150411553305,0.010615658000967665,350.12671444972915,-0.006559518812419999,-216.34671821138662,-0.11065697359405842,0.05927795239081257,True
258,231.69815165386,365.7491858860694,373.7491858860694,318.7491858860694,324.7491858860694,0.009396887226777225,309.9290925222185,-0.0012979004299233342,-42.80748430012767,-0.021494384145985278,0.06038323410935019,True
259,231.9401418465757,353.78331068392686,361.78331068392686,307.78331068392686,311.78331068392686,0.009711186958962267,320.29535833186947,-0.004103389494094727,-135.3384106330442,-0.06560807570959644,0.06254396962132708,True
260,232.18217508988363,361.8174155424533,367.8174155424533,313.8174155424533,317.8174155424533,0.0071428213647839476,235.58526246090122,-0.001642171098900103,-54.16225460256754,-0.02621872965085322,0.06263351126345142,True
261,232.42425135941244,360.85150045521914,368.85150045521914,309.85150045521914,316.85150045521914,0.009523038993719382,314.0898429606237,0.00017912551982028797,5.907936156483174,0.002710517869857689,0.06608534915495416,True
262,232.6663706307908,367.8855654158149,374.8855654158149,318.8855654158149,322.8855654158149,0.008185970759730411,269.99052215366225,-0.0027722014594061496,-91.43303115889219,-0.04368148872524461,0.06346398761368281,True
263,232.9085328796473,369.91961041784975,377.91961041784975,321.91961041784975,325.91961041784975,0.009292073211027584,306.4721059690196,-0.003929014144379171,-129.58714507123307,-0.06304131831557376,0.06232442863442698,True
264,233.15073808161063,363.9536354549532,372.9536354549532,316.9536354549532,322.9536354549532,0.010608783085848322,349.89996529836833,-0.002464342861888501,-81.27920750951222,-0.04021283453932028,0.06128249575341068,True
265,233.3929862123094,361.987640520774,370.987640520774,314.987640520774,319.987640520774,0.010665698797387466,351.7771650988849,-0.003826008004056345,-126.18978604967347,-0.06139960656941566,0.06231323322456197,True
266,233.6352772473723,370.0216256089807,379.0216256089807,322.0216256089807,326.0216256089807,0.010436883162274114,344.23034449391974,-0.005075512647720321,-167.4010755934652,-0.0807176648905723,0.06287982506185127,True
267,233.87761116242797,367.0555907132616,376.0555907132616,316.0555907132616,325.0555907132616,0.010520206293389647,346.9785164991299,0.0016739567119570028,55.210610932940085,0.026101987885935825,0.06413138797213824,True
268,234.119987933105,368.0895358273242,378.0895358273242,319.0895358273242,326.0895358273242,0.011641186450236232,383.95079831569376,-0.0022168861178713164,-73.11756395022758,-0.03510544513388338,0.06314935217077201,True
269,234.36240753503208,364.12346094489567,372.12346094489567,315.12346094489567,321.12346094489567,0.009438389482133863,311.2979241395284,-0.0012470912612494844,-41.131691118953654,-0.01967285600050506,0.06339147001418949,True
270,234.60486994383785,372.15736605972324,381.15736605972324,326.15736605972324,330.15736605972324,0.010377697804532187,342.27828699095346,-0.005083897888115873,-167.67763844706295,-0.08495623160298338,0.05984137705017207,True
271,234.84737513515094,375.1912511655735,384.1912511655735,326.1912511655735,331.1912511655735,0.010294768047133468,339.54308927777544,-0.003688220788784411,-121.64527406822657,-0.05889421099267647,0.0626245046264911,True
272,235.08992308460003,370.22511625623224,379.22511625623224,321.22511625623224,325.22511625623224,0.010431214974358102,344.04339574220455,-0.005056632334839661,-166.77836318919543,-0.0787825195778352,0.0641846993715888,True
273,235.33251376781374,368.2589613255052,377.2589613255052,318.2589613255052,324.2589613255052,0.01048624080754336,345.8582633821809,-0.002374894657708213,-78.32901772003146,-0.036785778655448666,0.06456013015117859,True
274,235.57514716042067,371.292786367218,378.292786367218,321.292786367218,328.292786367218,0.008111548195539338,267.5359095541635,0.001248816887036628,41.18860588459205,0.02008030601022659,0.06219112828263797,True
275,235.81782323804956,366.32659137521546,375.32659137521546,316.32659137521546,323.32659137521546,0.010540889749943922,347.66070037187274,-0.0010351675181886275,-34.14200061978511,-0.016111474674812897,0.06425032711666717,True
276,236.06054197632898,372.3603763433621,381.3603763433621,321.3603763433621,328.3603763433621,0.010372106928322548,342.0938881418197,-0.0010136895003915545,-33.433610447127194,-0.015721484014543187,0.0644779779983772,True
277,236.30330335088763,374.39414126554175,381.39414126554175,322.39414126554175,329.39414126554175,0.008044973375483972,265.3401320518228,0.0012837560415268016,42.34097264001889,0.019965093954273698,0.06430002505708232,True
278,236.5461073373541,382.42788613565835,388.42788613565835,328.42788613565835,337.42788613565835,0.006760848421857563,222.98699191532432,0.00498009775661099,164.2540919273897,0.07827944892319064,0.06361947899630159,True
279,236.7889539113571,377.46161094763534,383.46161094763534,324.46161094763534,333.46161094763534,0.0068491033618036535,225.89782534217983,0.005033420428337938,166.01278572251164,0.07965185455885057,0.06319275874008694,True
280,237.03184304852522,384.49531569541546,391.49531569541546,331.49531569541546,338.49531569541546,0.00783551685944744,258.43181588590335,0.0012397503296091086,40.88957176318587,0.019433717326681837,0.06379378215545892,True
281,237.2747747244871,375.52900037296104,384.52900037296104,324.52900037296104,332.52900037296104,0.010285617758735374,339.24129353296155,0.0002903969884703369,9.577903079577993,0.004591636358996535,0.06324477065814524,True
282,237.51774891487142,385.5626649742544,391.5626649742544,332.5626649742544,340.5626649742544,0.00670630223874234,221.18794414285793,0.003617241679832601,119.30423386048807,0.057956671585373376,0.062412860864589234,True
283,237.76076559530682,381.596309493297,389.596309493297,330.596309493297,336.596309493297,0.009010668420158506,297.190784467477,-0.001199319596748784,-39.55608121009061,-0.019065318762490603,0.06290582453351598,True
284,238.00382474142194,380.62993392411045,388.62993392411045,330.62993392411045,336.62993392411045,0.00903330918771747,297.93752457132337,-0.0012227476627215675,-40.32878807048638,-0.01979448343148362,0.061772143079862174,True
285,238.2469263288454,374.6635382607351,382.6635382607351,325.6635382607351,329.6635382607351,0.009175652640448733,302.63231084116035,-0.003873874141918512,-127.76851188857589,-0.06167682885712768,0.06280923020365091,True
286,238.4900703332059,376.6971224972315,383.6971224972315,324.6971224972315,329.6971224972315,0.007996239517146026,263.7327869677246,-0.0013595226322851697,-44.839914060783,-0.02085361336142016,0.06519362418027416,True
287,238.73325673013204,382.7306866276797,390.7306866276797,331.7306866276797,336.7306866276797,0.008984236004236363,296.31898783075934,-0.0024871877243175435,-82.03267909117079,-0.03926029051423891,0.06335123076624945,True
288,238.97648549525246,378.7642306461794,386.7642306461794,327.7642306461794,334.7642306461794,0.009077343340815011,299.3898634980497,0.00010014768269865637,3.3030810807806574,0.0015957926417991728,0.062757328286553,True
289,239.21975660419585,378.79775454684955,386.79775454684955,325.79775454684955,334.79775454684955,0.009076548325412055,299.3636422189778,0.002757901486509083,90.96138799492502,0.043038171988032246,0.06408035841475751,True
290,239.46307003259082,385.83125832382893,391.83125832382893,331.83125832382893,340.83125832382893,0.006701669535853491,221.0351478638758,0.004920454491384938,162.2869316730986,0.07807780423888383,0.0630198881660466,True
291,239.70642575606604,379.86474197127586,387.86474197127586,327.86474197127586,334.86474197127586,0.009051317393888501,298.5314730631853,0.0001233896568862084,4.069650242943851,0.0019318096620042301,0.0638725746708364,True
292,239.94982375025012,383.8982054833682,391.8982054833682,332.8982054833682,338.8982054833682,0.00895719280171609,295.42704616819276,-0.001199377673346296,-39.557996698350735,-0.01918871743004074,0.062504316805907,True
293,240.1932639907717,387.9316488543034,397.9316488543034,334.9316488543034,341.9316488543034,0.011053269088007737,364.5600479367488,-0.0020701560366950637,-68.27809745380313,-0.031930048297978075,0.06483410289191932,True
294,240.4367464532595,388.9650720782986,399.9650720782986,334.9650720782986,342.9650720782986,0.012111462456095663,399.46148948538814,-0.0018610932338571327,-61.38276677673878,-0.028266209561178125,0.06584162725564832,True
295,240.6802711133421,394.9984751495899,404.9984751495899,341.9984751495899,348.9984751495899,0.010857968984466695,358.1186400109957,-0.0020586092431429236,-67.89725993167576,-0.03236778791085256,0.06360055400797701,True
296,240.92383794664812,404.03185806243414,414.03185806243414,353.03185806243414,359.03185806243414,0.010618148852946084,350.20886798362267,-0.003299060670897286,-108.8099553853651,-0.05475506442457606,0.06025124261230068,True
297,241.16744692880627,400.0652208111064,409.0652208111064,346.0652208111064,355.0652208111064,0.00966175870723287,318.6651106941413,0.001488420509004773,49.091236971832586,0.02391857972937491,0.06222863254613787,True
298,241.4110980354452,394.09856338990244,403.09856338990244,340.09856338990244,348.09856338990244,0.009806398634082544,323.43563950747625,0.00029103487784958547,9.598942012116822,0.004557779167520482,0.06385453685943146,True
299,241.65479124219348,399.1318857931369,409.1318857931369,345.1318857931369,353.1318857931369,0.010746903635845255,354.4554713596984,-0.0007950544171736011,-26.22256584267899,-0.01251485280796356,0.06352886680917934,True
300,241.89852652467982,410.16518801514417,419.16518801514417,358.16518801514417,365.16518801514417,0.00942640930522626,310.9027927233879,-0.0010204128664282417,-33.65536119119349,-0.017182824075844715,0.059385631949914364,True
301,242.14230385853284,399.19847005027805,409.19847005027805,348.19847005027805,353.19847005027805,0.010745133100669003,354.39707538800997,-0.0045531779627607065,-150.1733797623284,-0.07386894033691477,0.06163859860441685,True
302,242.3861232193812,402.2317318929124,410.2317318929124,347.2317318929124,355.2317318929124,0.00855292158369275,282.09333164006836,0.0013394251401837882,44.17705652736453,0.021197725658416874,0.06318720988126146,True
303,242.62998458285352,390.26497353744026,400.26497353744026,336.26497353744026,342.26497353744026,0.010988012545756994,362.4077500073581,-0.003307187777793691,-109.07800445357742,-0.049858452624065616,0.06633153665497797,True
304,242.87388792457847,392.29819497827384,401.29819497827384,337.29819497827384,345.29819497827384,0.009850896419340133,324.9032699973722,0.0003293945860029443,10.86412581718696,0.0050337208080154065,0.06543759548174292,True
305,243.1178332201847,399.33139620984593,406.33139620984593,346.33139620984593,352.33139620984593,0.007546923858161558,248.91341209555878,-8.744274155801472e-05,-2.884045416816747,-0.001412980488170153,0.06188531426308326,True
306,243.3618204453008,400.3645772266077,409.3645772266077,347.3645772266077,354.3645772266077,0.009654614225003836,318.42947065288627,-0.0009898403684891807,-32.64701594731423,-0.015922782565031338,0.062165037074801796,True
307,243.6058495755555,404.3977380230308,415.3977380230308,350.3977380230308,357.3977380230308,0.011655409606618494,384.41990790953827,-0.0030649040226295044,-101.08697694002655,-0.04805440563014161,0.06377987579784103,True
308,243.84992058657738,414.4308785936057,423.4308785936057,360.4308785936057,364.4308785936057,0.009330419115262611,307.73683449184784,-0.004537241536304415,-149.64776292023512,-0.0721356543153518,0.06289873682255914,True
309,244.0940334539951,406.4639989328432,414.4639989328432,351.4639989328432,357.4639989328432,0.008464727364270373,279.18450090371635,-0.001113263973240429,-36.717785862203925,-0.017477255479729576,0.0636978714725325,True
310,244.33818815343733,419.49709903527287,429.49709903527287,364.49709903527287,371.49709903527287,0.0102312729278833,337.448886781366,-0.001969922356663153,-64.97218000020962,-0.03176277363394055,0.06201984686117479,True
311,244.58238466053268,411.5301788954446,420.5301788954446,357.5301788954446,363.5301788954446,0.009395478933486004,309.8826440493126,-0.002167714968465278,-71.49579608753999,-0.03486594723591297,0.06217284027300042,True
312,244.8266229509098,407.5632385079268,417.5632385079268,352.5632385079268,361.5632385079268,0.01052725270007609,347.21092180284046,0.00041998821785855893,13.852094219031017,0.006693254407577612,0.06274798360915118,True
313,245.07090300019738,407.59627786730834,416.59627786730834,353.59627786730834,362.59627786730834,0.009485175955305574,312.84104036753877,0.0014304809336912108,47.18026799192569,0.0234477071517406,0.06100728418492814,True
314,245.315224784024,413.6292969681974,422.6292969681974,357.6292969681974,365.6292969681974,0.009348307528230366,308.3268319520664,0.00025959091062586516,8.561853879445096,0.004117327006639153,0.06304840742726461,True
315,245.55958827801834,411.6622958052212,419.6622958052212,356.6622958052212,363.6622958052212,0.008358860413564843,275.6927863424561,8.221493406650703e-05,2.7116213371590447,0.0013208749581733925,0.06224278351086325,True
316,245.80399345780904,411.69527437302736,417.69527437302736,351.69527437302736,359.69527437302736,0.006283679874490994,207.24897023894988,0.0034845194127343937,114.92677451607636,0.052267459746574305,0.06666708942101926,True
317,246.04844029902478,406.72823266628234,413.72823266628234,350.72823266628234,357.72823266628234,0.007410838403448712,244.42502775436552,0.0011716517241162688,38.643536614197245,0.018379494381139533,0.06374776693087822,True
318,246.29292877729415,403.761170679672,412.761170679672,348.761170679672,354.761170679672,0.009574284599517348,315.7800307555199,-0.0021663320206814583,-71.45018356274306,-0.03349328613780265,0.06467959016527788,True
319,246.53745886824584,399.79408840790256,408.79408840790256,343.79408840790256,350.79408840790256,0.009668238723248714,318.87883524301066,-0.0009143773657047799,-30.158087496058158,-0.013855220213949991,0.06599515212209678,True
320,246.78203054750844,406.826985845699,415.826985845699,351.826985845699,357.826985845699,0.00950291719812646,313.4261838469694,-0.0021589746900907,-71.207523335122,-0.033649806269578045,0.06416009271478557,True
321,247.02664379071064,412.8598629878063,422.8598629878063,357.8598629878063,363.8598629878063,0.010393800635257704,342.8093921956192,-0.003172640310312209,-104.64034616404615,-0.04982474813244722,0.06367599293986395,True
322,247.27129857348106,410.8927198289887,419.8927198289887,354.8927198289887,362.8927198289887,0.009409898303918576,310.3582251949683,0.00027126694463096637,8.946954023367994,0.004272208165607999,0.06349572261359157,True
323,247.51599487144836,413.9255563640297,423.9255563640297,359.9255563640297,367.9255563640297,0.01036735761283611,341.9372457342554,-0.000820086984712854,-27.048192537318357,-0.013417741348121456,0.0611196000456269,True
324,247.7607326602412,417.95837258773304,424.95837258773304,361.95837258773304,368.95837258773304,0.007213360700766259,237.91179803172514,0.0011053824187579825,36.457835628742714,0.017851289865010927,0.06192171137865874,True
325,248.00551191548817,409.9911684949211,417.9911684949211,351.9911684949211,359.9911684949211,0.00839260409863035,276.80572400344096,0.0013674753350389375,45.10221091378247,0.020858698226398457,0.06555899702831317,True
326,248.250332612818,416.0239440804369,423.0239440804369,360.0239440804369,365.0239440804369,0.007246623108778554,239.008862163875,-0.0012566550853123498,-41.44712613922289,-0.019816285588152075,0.06341526920987095,True
327,248.49519472785926,425.0566993391417,433.0566993391417,369.0566993391417,374.0566993391417,0.008097895972141328,267.085630530212,-0.0022535519373120443,-74.32687974508639,-0.03606805643627243,0.06248054816299231,True
328,248.7400982362406,428.08943426591713,436.08943426591713,371.08943426591713,378.08943426591713,0.008041055470702293,265.2109113168848,7.489646985489595e-05,2.470243004417455,0.0012076477840688308,0.06201847164622229,True
329,248.98504311359073,417.12214885566436,427.12214885566436,361.12214885566436,368.12214885566436,0.010288841644039301,339.3476240467294,-0.001951019164441934,-64.34871298719702,-0.03068381493252435,0.06358463472460477,True
330,249.23002933553826,423.15484310330316,432.15484310330316,365.15484310330316,373.15484310330316,0.009140068606832356,301.4586746166479,0.0002719488804661923,8.969445700608503,0.004256765245124308,0.06388627626991696,True
331,249.47505687771184,425.1875170037738,430.1875170037738,365.1875170037738,373.1875170037738,0.005077298391300788,167.4599731702919,0.004333886046724021,142.94067143088898,0.06782544910765234,0.0638976387733945,True
332,249.72012571574004,431.2201705520358,438.2201705520358,371.2201705520358,380.2201705520358,0.006993296535426472,230.6536192950403,0.003410289846820321,112.47852740542572,0.053822017582708735,0.06336235615061625,True
333,249.96523582525163,428.2528037430677,434.2528037430677,368.2528037430677,376.2528037430677,0.006042416195955468,199.29158699676185,0.003291266585666618,108.55289007168358,0.05149965306857422,0.06390851956389183,True
334,250.21038718187515,425.28541657186815,433.28541657186815,366.28541657186815,376.28541657186815,0.008093581277241548,266.9433228231461,0.003604177882675518,118.87336237080461,0.05715585102305752,0.06305877382914898,True
335,250.4555797612393,420.31800903345516,428.31800903345516,362.31800903345516,371.31800903345516,0.00818833682391713,270.06855992388785,0.002467755125681117,81.39175114179903,0.039013301007616484,0.063254199515169,True
336,250.70081353897274,420.3505811228656,429.3505811228656,362.3505811228656,372.3505811228656,0.009200402896023668,303.4486262938109,0.0026226709234536405,86.50119977753207,0.04151677517167009,0.06317135453341471,True
337,250.94608849070406,423.38313283515686,431.38313283515686,365.38313283515686,374.38313283515686,0.008129607933495563,268.1315576726183,0.0024381710464658497,80.41600602503678,0.03884542832665502,0.06276597147965599,True
338,251.19140459206193,418.4156641654049,426.4156641654049,359.4156641654049,367.4156641654049,0.008225215119446846,271.28488362677547,0.0013354519365854963,44.04601192121919,0.020437501861517587,0.06534320807084845,True
339,251.43676181867502,423.448175108706,433.448175108706,365.448175108706,373.448175108706,0.010136913264809224,334.33670675392943,-0.0007323692528574382,-24.155077362477527,-0.011382682995203737,0.06434065265333602,True
340,251.68216014617195,423.4806656601752,435.4806656601752,368.4806656601752,375.4806656601752,0.012135291029394212,400.2474059192338,-0.00396241708199634,-130.68884416513782,-0.06350018172185799,0.06240009043363727,True
341,251.92759955018136,417.5131358149472,429.5131358149472,364.5131358149472,369.5131358149472,0.012306306588487753,405.88785852422035,-0.006389608291087063,-210.7427120744784,-0.10280654682452464,0.06215176453687493,True
342,252.17308000633193,422.54558556817665,432.54558556817665,365.54558556817665,370.54558556817665,0.010158315205639859,335.04258774832414,-0.004258215074639068,-140.44488371495964,-0.06544944562442466,0.06506113281805968,True
343,252.41860149025226,421.5780149150369,430.5780149150369,365.5780149150369,369.5780149150369,0.009173896655181549,302.57439475605605,-0.0044478385115603175,-146.69906324352496,-0.06936546179596322,0.06412180350854614,True
344,252.664163977571,418.61042385072165,428.61042385072165,362.61042385072165,369.61042385072165,0.01025269038387454,338.1552794983697,-0.0019487640447984848,-64.27433440120836,-0.030764711069647763,0.06334413609107875,True
345,252.90976744391685,417.64281237044315,425.64281237044315,359.64281237044315,365.64281237044315,0.008240292462556096,271.78216609433343,-0.0010546369147554895,-34.784142242250056,-0.016110933261818696,0.06546094491340695,True
346,253.1554118649184,423.67518046943405,431.67518046943405,364.67518046943405,371.67518046943405,0.008124056123639164,267.94844731392993,0.00013329830145456315,4.39645816827948,0.002048846579082051,0.06506016742077636,True
347,253.40109721620428,425.70752814294565,432.70752814294565,365.70752814294565,372.70752814294565,0.007083120778554739,233.61621163944017,0.0011511437270714875,37.96713976488462,0.01760108601679752,0.065401857929272,True
348,253.64682347340317,424.73985538624925,434.73985538624925,366.73985538624925,374.73985538624925,0.010106441726339899,333.3316913655737,-0.000734666267072602,-24.230837719501665,-0.011455490769198554,0.06413223858099276,True
349,253.89259061214375,417.77216219463526,426.77216219463526,356.77216219463526,366.77216219463526,0.009256585343828356,305.30164151508166,0.0027488197938854864,90.66185468293878,0.04092081123690082,0.06717412755998117,True
350,254.13839860805462,429.80444856341387,437.80444856341387,368.80444856341387,377.80444856341387,0.008009263937857053,264.16235973944987,0.0024616524738432545,81.19047285671985,0.03772998514320529,0.06524392905271441,True
351,254.38424743676438,424.8367144879146,432.8367144879146,365.8367144879146,374.8367144879146,0.008102050275371035,267.2226481828636,0.0024527842066746647,80.89797876484937,0.03850019298357664,0.06370836135083713,True
352,254.63013707390178,425.86895996348653,435.86895996348653,367.86895996348653,376.86895996348653,0.010079955122316383,332.4581074913722,0.00041726953902007993,13.762426476412145,0.006584217039310439,0.0633742078258982,True
353,254.87606749509538,421.9011849854978,429.9011849854978,361.9011849854978,369.9011849854978,0.008157897035998922,269.0645917354461,0.0013378204163883162,44.12412936354133,0.020284811198708088,0.06595182983381774,True
354,255.12203867597387,427.9333895493364,436.9333895493364,370.9333895493364,375.9333895493364,0.009039060186923287,298.12720461344156,-0.003224087793980931,-106.337192315457,-0.05061975035875432,0.06369228949433861,True
355,255.3680505921659,424.9655736504096,435.9655736504096,368.9655736504096,374.9655736504096,0.011098446838702298,366.05010511600926,-0.004092896920666337,-134.99234350651562,-0.06454212355475804,0.06341435167056274,True
356,255.61410321930006,422.9977372841445,430.9977372841445,364.9977372841445,370.9977372841445,0.008136945906705014,268.3735794531157,-0.0010558572068251866,-34.82439003970103,-0.016350663804653758,0.06457580067939911,True
357,255.86019653300502,423.0298804459867,431.0298804459867,365.0298804459867,370.0298804459867,0.008136333391089946,268.3533774006538,-0.0022279541899634624,-73.48261223235605,-0.03419383458574842,0.06515660548033554,True
358,256.1063305089095,434.06200313140243,442.06200313140243,374.06200313140243,382.06200313140243,0.007931417005453847,261.5948042784657,0.001258836121087509,41.519061283514816,0.019675845231875298,0.06397875701157514,True
359,256.352505122642,424.0941053358765,432.0941053358765,364.0941053358765,372.0941053358765,0.008116105611626267,267.68622271616925,0.0013230366439994073,43.63652947541101,0.020172217557704965,0.06558706994978156,True
360,256.5987203498313,429.12618705491354,437.12618705491354,371.12618705491354,379.12618705491354,0.008021806897077884,264.57605289922066,0.0012403765058346863,40.91022437129624,0.019864067077518085,0.0624432298277189,True
361,256.844976166106,426.1582482840374,436.1582482840374,368.1582482840374,377.1582482840374,0.010073191306816809,332.23502263899707,0.0004158837432883568,13.716720020307207,0.006567094700428696,0.06332842181508486,True
362,257.0912725470947,421.19028901879165,431.19028901879165,363.19028901879165,370.19028901879165,0.01019062188019993,336.1081297823162,-0.0018998277414970077,-62.66031225668371,-0.029096497490836735,0.06529403554827568,True
363,257.33760946842614,424.222309254739,432.222309254739,365.222309254739,372.222309254739,0.008113675618928399,267.6060764492715,0.00013142539001703875,4.334685612304497,0.0020228473600258615,0.0649704928874903,True
364,257.58398690572886,429.25430898746185,436.25430898746185,369.25430898746185,375.25430898746185,0.007025066181093941,231.70144898734662,-2.4950283266040978e-05,-0.8229127863513099,-0.0003814936639084222,0.0654015665959535,True
365,257.83040483463157,423.28628821256166,432.28628821256166,365.28628821256166,371.28628821256166,0.009137259947460867,301.3660391269158,-0.002061719499609164,-67.99984272753466,-0.03170330509544416,0.06503168970560858,True
366,258.0768632307629,434.31824692565965,443.31824692565965,376.31824692565965,384.31824692565965,0.008907531503053838,293.78911215276605,0.00022819627371842115,7.526392764293917,0.0036723695766948316,0.06213870062713024,True
367,258.32336206975145,419.3501851223966,427.3501851223966,362.3501851223966,368.3501851223966,0.008207057352686313,270.68600231230295,-0.0010746524302237478,-35.444296013997416,-0.016795202737854505,0.06398567775556538,True
368,258.569901327226,419.382102798432,425.382102798432,360.382102798432,367.382102798432,0.006169320841958744,203.47716896911652,0.0021854597480236845,72.08105621600805,0.033750216230373435,0.06475394803713538,True
369,258.81648097881504,424.4139999494457,432.4139999494457,366.4139999494457,373.4139999494457,0.008110045003371447,267.4863311168323,0.00010849254067162896,3.5783120372000212,0.001701486230202197,0.06376339622727137,True
370,259.06310100014724,425.44587657113607,432.44587657113607,367.44587657113607,374.44587657113607,0.007087441584571934,233.75872090400367,0.0011082327296714992,36.55184487388027,0.017564001703389776,0.0630968243106931,True
371,259.3097613668514,422.4777326592214,429.4777326592214,363.4777326592214,371.4777326592214,0.007136827945709803,235.38758690197128,0.002318147891336023,76.45739008623534,0.036126826525061585,0.06416693948271093,True
372,259.55646205455594,427.5095682094395,435.5095682094395,368.5095682094395,374.5095682094395,0.008051861724882797,265.5673242939592,-0.0010377125460188435,-34.225940987145776,-0.015960897518879878,0.0650159268795098,True
373,259.8032030388896,427.54138321754704,436.54138321754704,369.54138321754704,374.54138321754704,0.009047262236873256,298.39772546108696,-0.0032105322600255387,-105.8901023125594,-0.04945340798578863,0.06492034403267305,True
374,260.0499842954811,429.5731776793209,436.5731776793209,370.5731776793209,376.5731776793209,0.007019893449646423,231.5308414313868,-4.4491936837178815e-05,-1.4674375966978346,-0.0006931782373240736,0.06418542077854936,True
375,260.29680579995903,430.6049515905563,438.6049515905563,372.6049515905563,379.6049515905563,0.007994510763884551,263.675769051409,8.873600402791934e-05,2.9266999314467057,0.0014133080985405978,0.06278602954270864,True
376,260.543667527952,437.6367049470689,446.6367049470689,379.6367049470689,387.6367049470689,0.008840671370712249,291.5839244515137,0.0002160265955191594,7.125011197232368,0.0035047898960713563,0.06163753090058588,True
377,260.7905694550887,433.66843774469294,442.66843774469294,374.66843774469294,382.66843774469294,0.008920742410065734,294.2248356346787,0.00025479150037269194,8.403559241177163,0.004019851586386347,0.06338331027831234,True
378,261.03751155699774,431.70014997928274,440.70014997928274,374.70014997928274,379.70014997928274,0.008960998772359357,295.552575079966,-0.003204097015440964,-105.67785441960044,-0.05077777596065966,0.06310038111797875,True
379,261.28449380930783,424.7318416467115,434.7318416467115,366.7318416467115,372.7318416467115,0.010106630210631861,333.33790797370716,-0.0030587544658700182,-100.88415163204053,-0.046844740973986755,0.06529557859159832,True
380,261.5315161876475,425.7635127428721,436.7635127428721,367.7635127428721,372.7635127428721,0.0110779098686039,365.3727526744885,-0.005213153191371197,-171.94075003655317,-0.07874095143034354,0.06620637796055714,True
381,261.7785786676455,433.7951632636764,443.7951632636764,374.7951632636764,383.7951632636764,0.009897859327842732,326.4522054334535,0.0004076602815452756,13.445492966718348,0.006441464143507084,0.06328689758464186,True
382,262.02568122493045,429.82679320505645,442.82679320505645,373.82679320505645,380.82679320505645,0.012940406262653734,426.80179862375456,-0.004883335782604439,-161.06267863586362,-0.0774337108267128,0.06306472633776714,True
383,262.27282383513096,429.8584025629625,439.8584025629625,371.8584025629625,379.8584025629625,0.009987472228590257,329.4078272619054,-0.0007433339908346596,-24.516717468292654,-0.011739418825620906,0.06331948811744896,True
384,262.5200064738757,433.8899913333653,442.8899913333653,374.8899913333653,382.8899913333653,0.008916233727353355,294.0761298018008,0.00025393444733511593,8.37529183051555,0.004008511145975088,0.06334881907216083,True
385,262.7672291167934,432.92155951225436,442.92155951225436,373.92155951225436,380.92155951225436,0.00991760614701395,327.1034970365384,-0.0018625588227181578,-61.431104977969255,-0.02885004940403107,0.06455998728577261,True
386,263.0144917395125,429.95310709563887,437.95310709563887,370.95310709563887,374.95310709563887,0.008006520063324378,264.0718609898763,-0.003348576350930453,-110.44308659232149,-0.05090850271052735,0.06577636686686529,True
387,263.2617943176618,425.98463407954705,434.98463407954705,367.98463407954705,372.98463407954705,0.009079981969096125,299.4768910050244,-0.0032187257399156673,-106.16034050161741,-0.049386947013711775,0.06517361235190386,True
388,263.5091368268699,436.01614046002646,446.01614046002646,378.01614046002646,386.01614046002646,0.00984800897866153,324.80803613453725,-0.0007528884639239238,-24.831844073797242,-0.012071581800568658,0.062368666870853434,True
389,263.7565192427655,438.0476262331447,446.0476262331447,379.0476262331447,387.0476262331447,0.00785990124440442,259.2360641565321,0.0012107257876038703,39.932281359729416,0.01945810399298019,0.06222218711754539,True
390,264.00394154097717,446.0790913949879,456.0790913949879,389.0790913949879,396.0790913949879,0.009628295309927046,317.56141751262146,-0.001884271265872442,-62.147226991658215,-0.03123993345380405,0.060316110104997565,True
391,264.2514036971336,435.11053594166196,446.11053594166196,379.11053594166196,384.11053594166196,0.010842880639260748,357.6209946711628,-0.005152515015497643,-169.9407755378554,-0.08255912149328262,0.062410002944579226,True
392,264.4989056868634,439.1419598692921,447.1419598692921,377.1419598692921,383.1419598692921,0.007840490258972174,258.5958490560641,-0.0009856274326150638,-32.508064466807184,-0.014800789475624281,0.06659289588831147,True
393,264.7464474857953,428.1733631740228,438.1733631740228,369.1733631740228,376.1733631740228,0.010026326825004987,330.68933352206557,-0.0018686449016521185,-61.6318366538423,-0.028605964730020327,0.06532361062764935,True
394,264.99402906955777,431.2047458520183,440.2047458520183,373.2047458520183,379.2047458520183,0.00897118831323899,295.88864755607744,-0.00204458210615368,-67.43461546943598,-0.03206751735297714,0.06375866530758614,True
395,265.24165041377967,435.2361078994611,443.2361078994611,375.2361078994611,383.2361078994611,0.007910214672711859,260.89550677840066,0.001251583564134063,41.279856710681145,0.019618987444694997,0.06379450354725075,True
396,265.48931149408946,441.2674493125546,450.2674493125546,382.2674493125546,390.2674493125546,0.008768659814744272,289.20883197103046,0.00022635144574599704,7.4655464600279515,0.0036378392884320702,0.06222139786817131,True
397,265.73701228611594,437.2987700875201,446.2987700875201,379.2987700875201,385.2987700875201,0.00884743412745682,291.8069743839234,-0.0020312458877168533,-66.99475895333072,-0.0323382716321484,0.0628124443638334,True
398,265.98475276548766,439.3300702205993,446.3300702205993,379.3300702205993,385.3300702205993,0.00686521734395647,226.42929834435762,-4.958714653017799e-05,-1.635488322246772,-0.0007772468607486934,0.06379845199041718,True
399,266.2325329078332,432.36134970805233,442.36134970805233,373.36134970805233,380.36134970805233,0.009930310571023861,327.5225156444439,-0.0018632886152287302,-61.455175068954986,-0.028821548386089392,0.0646491503602922,True
400,266.4803526887814,429.3926085461594,440.3926085461594,370.3926085461594,377.3926085461594,0.010985456925528846,362.3234602804489,-0.0028543783576414766,-94.14339799438949,-0.04349897328210778,0.06561944207578697,True
401,266.7282120839608,424.42384673121956,438.42384673121956,365.42384673121956,374.42384673121956,0.014094391006950632,464.8626411084083,-0.0035277752337207115,-116.35344241375964,-0.05283728288354104,0.06676677984173224,True
402,266.97611106899996,432.4550642595516,443.4550642595516,372.4550642595516,381.4550642595516,0.010908631633985208,359.7896006824509,-0.0005391303385758189,-17.781651791016145,-0.00827690990802642,0.06513666870446477,True
403,267.22404961952765,430.48626112749344,439.48626112749344,371.48626112749344,378.48626112749344,0.008986007450966753,296.3774138674193,-0.0008786446648215013,-28.97954791259224,-0.013631726383961129,0.06445586128073261,True
404,267.4720277111725,431.5174373314019,440.5174373314019,373.5174373314019,379.5174373314019,0.008964754136079039,295.67643486902637,-0.002043900604005178,-67.41213809609519,-0.03208160797506639,0.0637094189790513,True
405,267.72004531956304,421.54859286765395,431.54859286765395,363.54859286765395,371.54859286765395,0.010182060900844546,335.8257706884287,-0.0007289080458011913,-24.040919478479907,-0.011274744283318787,0.06464962995920231,True
406,267.9681024203281,427.5797277326451,437.5797277326451,369.5797277326451,375.5797277326451,0.010040087323686166,331.14318369244523,-0.003046085734476722,-100.46631024165504,-0.04698428792585761,0.06483200808073375,True
407,268.21619898909614,424.61084192279054,433.61084192279054,364.61084192279054,371.61084192279054,0.009109053528137524,300.43573212916084,-0.0008502557926588598,-28.04322323669055,-0.012769167194744167,0.06658662853195532,True
408,268.46433500149595,435.64193543452484,445.64193543452484,376.64193543452484,383.64193543452484,0.009856372891357741,325.08389555578094,-0.001858972455435431,-61.31281904662171,-0.02898734115308089,0.06413049219030742,True
409,268.7125104331561,433.67300826430164,444.67300826430164,374.67300826430164,382.67300826430164,0.01087837591800134,358.7917035733136,-0.0017029527629551337,-56.16696164309542,-0.02645919964149077,0.06436146164771844,True
410,268.96072525970527,438.70406040859393,446.70406040859393,376.70406040859393,385.70406040859393,0.00784824607949713,258.8516523193208,0.0024056633520849868,79.34383393482159,0.03702813788633449,0.06496852095208425,True
411,269.2089794567721,432.73509186389424,439.73509186389424,372.73509186389424,380.73509186389424,0.0069690097468913265,229.85258995954638,0.002253615106243355,74.32896318921894,0.03538133627137632,0.06369502522341253,True
412,269.4572729999852,435.7661026267142,442.7661026267142,375.7661026267142,382.7661026267142,0.0069209203527866745,228.2665006604935,0.0010949493923496255,36.11373248809977,0.01716534542883168,0.06378836924018433,True
413,269.7056058649732,434.79709269358455,442.79709269358455,373.79709269358455,380.79709269358455,0.007918129257568178,261.15654642302036,0.00013957550471569748,4.6034935261964165,0.0021282942525821308,0.0655809245109594,True
414,269.9539780273649,436.82806206105556,444.82806206105556,376.82806206105556,383.82806206105556,0.007881647091013227,259.95328788636357,0.00011183932073027467,3.6886958782970396,0.0017444536724814713,0.0641113733740972,True
415,270.2023894627887,448.85901072569686,456.85901072569686,386.85901072569686,394.85901072569686,0.007672247059428206,253.0468346963824,0.0012170891453798889,40.142158274639655,0.019032277478200188,0.06394868647611712,True
416,270.4508401468734,445.88993868409716,453.88993868409716,385.88993868409716,390.88993868409716,0.007722883112650136,254.7169181660721,-0.002131846414672342,-70.31277578955752,-0.03339874224061946,0.06383014064761985,True
417,270.6993300552477,441.9208459328647,450.9208459328647,383.9208459328647,387.9208459328647,0.00875582483813289,288.78550746391346,-0.004254400522284672,-140.319071760315,-0.06728453080381135,0.06322999464304328,True
418,270.9478591635401,447.95173246862646,455.95173246862646,385.95173246862646,392.95173246862646,0.007687649646923819,253.55484440744985,0.00011856346861400038,3.910472409322125,0.001834242038733829,0.06463894410349702,True
419,271.1964274473793,448.98259828802907,457.98259828802907,386.98259828802907,393.98259828802907,0.008619467768665765,284.28816469720357,-0.0008338639963414232,-27.50258733941223,-0.012837563490571918,0.06495500465908693,True
420,271.445034882394,442.0134433877388,451.0134433877388,381.0134433877388,389.0134433877388,0.00875400894206885,288.72561539479943,0.0002703015754576335,8.915114118874271,0.0041998361923507406,0.06436002812441591,True
421,271.69368144421276,437.0442677644405,444.0442677644405,377.0442677644405,385.0442677644405,0.006900839619567196,227.60419587022645,0.002217480162683929,73.13715679679981,0.03518450107742321,0.06302434579942975,True
422,271.9423671084643,439.0750714148385,449.0750714148385,380.0750714148385,387.0750714148385,0.009780166993075165,322.5704648494662,-0.0018543501824219225,-61.160366766851496,-0.0291580219472835,0.06359656995164181,True
423,272.1910918507771,440.10585433565666,450.10585433565666,382.10585433565666,389.10585433565666,0.00975751602554479,321.82338832912285,-0.001873442615987462,-61.79007535717557,-0.03006639939320387,0.06231017527196589,True
424,272.4398556467801,445.1366165236377,455.1366165236377,386.1366165236377,392.1366165236377,0.009648456238328277,318.2263673085489,-0.0029520457574676324,-97.36467413260559,-0.046688636582921175,0.06322835648080369,True
425,272.6886584721017,436.16735797554406,448.16735797554406,377.16735797554406,384.16735797554406,0.011787061152586589,388.7620526204771,-0.003800699886079789,-125.35507112241885,-0.05845484956666591,0.06501941095144229,True
426,272.9375003023706,437.198078688157,446.198078688157,377.198078688157,385.198078688157,0.008849451166264056,291.8735005634999,0.00026518916362829915,8.746496030710887,0.0041451235602900805,0.0639761782178915,True
427,273.18638111321553,438.2287786582772,446.2287786582772,376.2287786582772,384.2287786582772,0.007856681377399869,259.12986617472393,0.0012811962051859568,42.2565438568509,0.019527964069595886,0.065608283619321,True
428,273.43530088026506,436.2594578827245,446.2594578827245,377.2594578827245,386.2594578827245,0.00984257816622715,324.6289165251575,0.0003964121238404887,13.074505082554253,0.0063016070229379995,0.06290651295733599,True
429,273.68425957914786,439.2901163583383,448.2901163583383,381.2901163583383,388.2901163583383,0.008807731766384018,290.4975070633814,-0.000906943549966446,-29.912904627502144,-0.0146400803379485,0.061949356084854315,True
430,273.93325718549255,435.3207540819765,447.3207540819765,376.3207540819765,383.3207540819765,0.011809675544640212,389.5079228047173,-0.003805512020555974,-125.51378543230737,-0.0584079940496059,0.0651539585030767,True
431,274.1822936749278,449.3513710505172,459.3513710505172,388.3513710505172,396.3513710505172,0.009558945837123774,315.2741261304747,-0.0007034237456515421,-23.200393692830517,-0.011040516144695027,0.06371294026770094,True
432,274.4313690230822,453.381967260857,462.381967260857,392.381967260857,401.381967260857,0.008536645828612976,281.5565230267209,0.001312171124061295,43.2781617890771,0.02113027032270098,0.06209911676575118,True
433,274.6804832055845,446.41254270991203,455.41254270991203,385.41254270991203,393.41254270991203,0.008668599198691857,285.9086225312525,0.0002537586527130639,8.369493754368932,0.003984674137346795,0.06368366495384983,True
434,274.92963619806324,438.44309739461755,448.44309739461755,378.44309739461755,385.44309739461755,0.00979410640274939,323.03021588045834,-0.0018344221133155154,-60.5030971599258,-0.02829594443634977,0.06482985989182835,True
435,275.17882797614715,439.4736313119279,449.4736313119279,379.4736313119279,386.4736313119279,0.009771396368434184,322.28119121339586,-0.0018331317835072747,-60.46053937064181,-0.028346908522329642,0.06466778492135275,True
436,275.42805851546484,440.50414445881734,449.50414445881734,380.50414445881734,388.50414445881734,0.008783701509560328,289.704938682948,0.0002525631134237833,8.330062355645111,0.003979607604136785,0.06346432576951683,True
437,275.67732779164487,443.53463683227824,454.53463683227824,384.53463683227824,392.53463683227824,0.010639442558493913,350.9111791508854,-0.0016969229439981106,-55.96808553951735,-0.02700363515196258,0.06284053737390172,True
438,275.9266357803161,448.5651084293231,456.5651084293231,386.5651084293231,392.5651084293231,0.00767722978653305,253.2111755097412,-0.0009881851378193678,-32.592422960612396,-0.015180211126410083,0.0650969297851301,True
439,276.1759824571069,441.59555924698293,449.59555924698293,380.59555924698293,386.59555924698293,0.00779731555039359,257.17185641608205,-0.001004171164683429,-33.11967572841158,-0.015433812475896588,0.0650630663195935,True
440,276.4253677976461,438.62598928230864,445.62598928230864,376.62598928230864,383.62598928230864,0.0068761505860188196,226.78989964869746,0.0011215853570151757,36.99224259022415,0.01709127176059456,0.06562328261616493,True
441,276.67479177756235,443.65639853236985,451.65639853236985,380.65639853236985,388.65639853236985,0.007761417768933613,255.98787212820557,0.0012712698764764663,41.92915267136951,0.019297341445869726,0.06587798013744325,True
442,276.92425437248426,447.6867869942555,455.6867869942555,386.6867869942555,394.6867869942555,0.0076921592197206744,253.7035795971848,0.0012010958829769512,39.61466686355968,0.019060658410234237,0.06301439630920866,True
443,277.1737555580404,443.71715466507385,452.71715466507385,384.71715466507385,391.71715466507385,0.008720731973943732,287.6280710395241,-0.0008896928074283959,-29.343938878406334,-0.014255724072320097,0.06240951374443934,True
444,277.4232953098595,457.7475015419518,465.7475015419518,397.7475015419518,405.7475015419518,0.007524551310770047,248.17551845662027,0.001123842656254614,37.06669306387002,0.018589246491180718,0.060456600905679406,True
445,277.67287360357017,449.7778276220365,459.7778276220365,392.7778276220365,399.7778276220365,0.00954998145119789,314.9784618399519,-0.0018782415395936477,-61.94835394480296,-0.031413869761204645,0.05979019948421731,True
446,277.9224904148011,443.80813290249307,452.80813290249307,383.80813290249307,391.80813290249307,0.008718962097225209,287.56969678515554,0.00024031125573448567,7.925970336265095,0.003816831557671121,0.0629609276970855,True
447,278.17214571918083,443.8384173805066,452.8384173805066,384.8384173805066,392.8384173805066,0.008718373106985153,287.55027064901077,0.0002171596586481965,7.16238200086957,0.0035117571949362276,0.06183789100263808,True
448,278.4218394923381,450.8686810532813,458.8686810532813,389.8686810532813,397.8686810532813,0.007638348300060247,251.9287823589443,0.0011830570955633484,39.019709738037506,0.01891674889857964,0.06254019133553007,True
449,278.6715717099016,445.8989239180403,453.8989239180403,383.8989239180403,391.8989239180403,0.007722728865629456,254.71183077511068,0.001234447345130331,40.71466818846983,0.01916775074006866,0.06440230582453355,True
450,278.9213423474999,440.9291459720257,451.9291459720257,380.9291459720257,388.9291459720257,0.01070154371800121,352.9594059249418,-0.001675256782668123,-55.253489997675786,-0.02602856856465214,0.0643622325410238,True
451,279.17115138076156,432.9593472124993,444.9593472124993,373.9593472124993,380.9593472124993,0.0118732142616847,391.60356324802376,-0.0038189733796330384,-125.95776934976698,-0.05827627601404302,0.06553221380708624,True
452,279.4209987853154,434.98952763674197,446.98952763674197,373.98952763674197,381.98952763674197,0.011818546865263407,389.80051760593886,-0.0026265314733171508,-86.62852882671166,-0.039241422863281306,0.06693262582419837,True
453,279.67088453678997,442.0196872420531,452.0196872420531,382.0196872420531,389.0196872420531,0.009715737515908781,320.4454452650067,-0.00182990184869972,-60.354009331528516,-0.028471736817521073,0.06427081917860474,True
454,279.9208086108139,444.04982602575205,455.04982602575205,384.04982602575205,391.04982602575205,0.01062724841922637,350.50899080637595,-0.002782724120510902,-91.78009064022984,-0.04318620010997934,0.06443549359342403,True
455,280.17077098301587,441.0799439851769,450.0799439851769,381.0799439851769,386.0799439851769,0.008772350021708494,289.33054275333944,-0.003111201175821465,-102.61395436657884,-0.04782282997259747,0.06505681862834521,True
456,280.42077162902456,441.1100411176849,450.1100411176849,380.1100411176849,386.1100411176849,0.008771757484492366,289.31099963046825,-0.001970003745984877,-64.97486439111643,-0.030020200976767816,0.06562260350986435,True
457,280.6708105244685,440.1401174206526,448.1401174206526,378.1401174206526,386.1401174206526,0.007822868639254568,258.01465099802135,0.0012693009479806203,41.8642132709881,0.019436936464956648,0.06530354977848879,True
458,280.92088764497646,447.17017289147543,454.17017289147543,386.17017289147543,393.17017289147543,0.0067457814558611615,222.49005170676026,0.001056055434971467,34.83092802063089,0.016718712759656872,0.0631660732589284,True
459,281.171002966177,441.2002075275684,452.2002075275684,381.2002075275684,390.2002075275684,0.010695049271987327,352.7452054444058,-0.0005606816331124934,-18.492458784570033,-0.008793223852056277,0.06376292046532844,True
460,281.4211564636988,448.2302213263649,457.2302213263649,388.2302213263649,395.2302213263649,0.008633793111857156,284.76064462680466,-0.0008729870597851885,-28.792948206494174,-0.013890387067594635,0.06284828893082542,True
461,281.67134811317055,440.26021428531817,451.26021428531817,381.26021428531817,387.26021428531817,0.010717604657385022,353.4891294651046,-0.003936210853998883,-129.82450768161186,-0.061068128424445554,0.06445605843101651,True
462,281.9215778902209,443.2901864019004,454.2901864019004,385.2901864019004,391.2901864019004,0.010645238310637958,351.10233523897466,-0.0039342298072975465,-129.7591685973415,-0.06257992277112387,0.06286728447534791,True
463,282.1718457704783,444.32013767360263,452.32013767360263,383.32013767360263,390.32013767360263,0.007749926359227882,255.6088612817468,0.00010939647139838245,3.6081255725851236,0.0017071948540163691,0.06407966327980363,True
464,282.4221517295716,446.35006809793526,456.35006809793526,385.35006809793526,392.35006809793526,0.009622514304355581,317.3707477974923,-0.0018042220503982753,-59.50703560590574,-0.02787636889273591,0.06472227632446145,True
465,282.6724957431294,442.3799776724279,452.3799776724279,383.3799776724279,388.3799776724279,0.009707912447588566,320.18735806390697,-0.004080507768973251,-134.5837232423055,-0.06355308591356408,0.06420628849593521,True
466,282.9228777867803,437.4098663946286,449.4098663946286,379.4098663946286,383.4098663946286,0.011754027802701413,387.67254330682823,-0.007199363639567335,-237.45014553226778,-0.11011629973774074,0.06537963640908522,True
467,283.173297836153,437.4397342621055,447.4397342621055,377.4397342621055,384.4397342621055,0.00981631932883407,323.7628448731816,-0.0018356687238873567,-60.54421299689773,-0.02824607829275856,0.06498844564761992,True
468,283.42375586687615,439.46958127244534,450.46958127244534,379.46958127244534,386.46958127244534,0.01073664990190658,354.1172816615692,-0.0027983013623345005,-92.29386081814903,-0.04295101001293799,0.0651510025373461,True
469,283.6742518545783,438.4994074232536,451.4994074232536,379.4994074232536,387.4994074232536,0.012688173845861747,418.4826433381338,-0.0036282332347722414,-119.66675844609159,-0.056188933461035616,0.06457202533107788,True
470,283.92478577488816,447.5292127121554,456.5292127121554,386.5292127121554,391.5292127121554,0.008647183314913853,285.2022816691462,-0.0030653343666489086,-101.10117059034798,-0.047034721333716514,0.06517173440658922,True
471,284.17535760343446,441.5589971367949,450.5589971367949,381.5589971367949,388.5589971367949,0.008762928157640433,289.0197898720916,-0.0008676572441827183,-28.617159684920978,-0.013586680975584629,0.0638608682828356,True
472,284.4259673158457,445.5887606948352,454.5887606948352,386.5887606948352,392.5887606948352,0.00868446609479597,286.4319461161816,-0.0019958275597353635,-65.82658804896172,-0.03184005502919504,0.06268291803846862,True
473,284.6766148877506,445.61850338395834,454.61850338395834,385.61850338395834,391.61850338395834,0.008683892209060854,286.4130181583587,-0.0019785535995017495,-65.25685653146382,-0.03101442345918879,0.06379462775135206,True
474,284.92730029477775,446.64822520186544,456.64822520186544,385.64822520186544,392.64822520186544,0.009616161449738151,317.16121729882946,-0.0018038597284177962,-59.4950854654071,-0.027890624005546073,0.06467620545381478,True
475,285.17802351255585,439.6779261462773,447.6779261462773,378.6779261462773,385.6779261462773,0.007831018374108021,258.28344638382,0.00012377482364355798,4.082353852202402,0.0019100232085578457,0.06480278516459158,True
476,285.42878451671356,446.7076062149331,455.7076062149331,385.7076062149331,393.7076062149331,0.008662930063451889,285.72164253480196,0.00025267183264303383,8.333648144018298,0.00397040485086322,0.06363880816539391,True
477,285.67958328287943,439.7372654055914,446.7372654055914,378.7372654055914,385.7372654055914,0.006858910113201104,226.22127261656468,0.001094648097887483,36.103795163432466,0.017021982660932324,0.06430790817334361,True
478,285.93041978668225,437.76690371602945,444.76690371602945,376.76690371602945,381.76690371602945,0.006889538060127832,227.23144668460822,-0.0011640085207886104,-38.391447702823086,-0.017702963922526516,0.06575218284817509,True
479,286.18129400375057,433.79652114404416,440.79652114404416,371.79652114404416,378.79652114404416,0.006952093473957308,229.29465572102976,0.001148566515092671,37.88213789665366,0.017296005825807276,0.0664064597722846,True
480,286.43220590971305,443.8261176874512,452.8261176874512,382.8261176874512,388.8261176874512,0.008718612309012058,287.55816003464867,-0.001964742397979913,-64.80133407482447,-0.03013701290152695,0.06519366748123752,True
481,286.6831554801983,438.855693344085,449.855693344085,377.855693344085,386.855693344085,0.010751484352479255,354.6065530227231,-0.0005284619515968283,-17.429785964037592,-0.008097793005593478,0.0652599975365878,True
482,286.934142690835,441.88524811179946,450.88524811179946,380.88524811179946,388.88524811179946,0.008756523134963548,288.8085387611733,0.0002707933623399446,8.93133428396402,0.004206175137349013,0.06437995411446776,True
483,287.18516751725184,444.91478198846744,452.91478198846744,383.91478198846744,389.91478198846744,0.007739660059390291,255.27025713385848,-0.0010047943129198678,-33.140228467075445,-0.015567490642122836,0.06454439806766768,True
484,287.4362299350774,453.94429497198075,461.94429497198075,391.94429497198075,398.94429497198075,0.007587045533253321,250.23670927382295,0.0001008660096245657,3.326773012684214,0.0015827635360934813,0.06372778202454643,True
485,287.68732991994034,447.97378706025006,457.97378706025006,385.97378706025006,393.97378706025006,0.009588018863508985,316.23301565069437,-0.0006785028353636247,-22.378449689038234,-0.010433041044522496,0.06503404256420989,True
486,287.93846744746935,442.00325825120535,453.00325825120535,382.00325825120535,389.00325825120535,0.010675854924923043,352.1121355326762,-0.002789683168617307,-92.0096146743474,-0.04308175074238725,0.06475324518027525,True
487,288.189642493293,448.0327085427957,457.0327085427957,388.0327085427957,394.0327085427957,0.008637561672405,284.88493967499676,-0.00197362292513068,-65.09423252667702,-0.031115860444707478,0.06342819696848123,True
488,288.44085503303995,449.0621379329889,457.0621379329889,387.0621379329889,394.0621379329889,0.007668807082884471,252.93337703931275,0.00011521103312624268,3.7999020402855876,0.0017871002282030827,0.064468143033078,True
489,288.6921050423389,444.09154641977193,453.09154641977193,382.09154641977193,390.09154641977193,0.008713453215981727,287.38800230235495,0.00028565645515925275,9.421550326616455,0.0043837722134357614,0.06516224868704362,True
490,288.9433924968185,457.12093400115054,464.12093400115054,394.12093400115054,402.12093400115054,0.00660004714986122,217.68342796871974,0.0021271321397497173,70.1572890934412,0.033583800603009334,0.06333804100656529,True
491,289.1947173721073,454.1503006751502,462.1503006751502,392.1503006751502,400.1503006751502,0.007583633870973014,250.12418548067643,0.0011869613556203485,39.14848044127518,0.01879484086900794,0.06315357304129177,True
492,289.446079643834,451.1796464398144,459.1796464398144,389.1796464398144,396.1796464398144,0.007633129735729485,251.75666313815665,0.00010891116012281404,3.592118986617038,0.0016978920848641408,0.06414492481218483,True
493,289.6974792876273,447.20897129320633,454.20897129320633,385.20897129320633,392.20897129320633,0.0067452007350887805,222.47089831504135,0.0010759296207772844,35.48642044304316,0.016739173578959918,0.06427614933927561,True
494,289.94891627911574,447.2382752334081,457.2382752334081,385.2382752334081,394.2382752334081,0.00960361390696115,316.7473729637418,0.0004257424413393416,14.041880604514802,0.0065907807301212405,0.06459666294064526,True
495,290.20039059392803,446.26755825852024,455.26755825852024,383.26755825852024,391.26755825852024,0.008671387543976016,286.00058801968527,0.0003003926667062822,9.907581558211064,0.00455533402306533,0.06594306041780554,True
496,290.4519022076928,448.29682036666327,458.29682036666327,387.29682036666327,395.29682036666327,0.00958118559083759,316.0076399547972,-0.0007017960766025517,-23.14670974631656,-0.01098743124817254,0.06387262507051195,True
497,290.7034510960387,443.3260615559757,452.3260615559757,380.3260615559757,389.3260615559757,0.008728348430379566,287.8792777821852,0.00142904187845278,47.13280492534068,0.021700596057022715,0.06585265559976707,True
498,290.9550372345944,447.35528182461576,455.35528182461576,385.35528182461576,394.35528182461576,0.007697809145898315,253.8899260383833,0.0023285368415966482,76.80003950288034,0.036596686826504785,0.0636269849408944,True
499,291.2066605989885,438.3844811707602,445.3844811707602,376.3844811707602,385.3844811707602,0.0068799088433314885,226.91385487453664,0.003382604880556063,111.56541902562742,0.052417350436362316,0.06453216067574305,True
500,291.4583211648496,442.41365959260474,449.41365959260474,381.41365959260474,387.41365959260474,0.006817740924865148,224.86342624968697,-3.9054141093561485e-05,-1.288087663100896,-0.0006059432595137293,0.06445181208039596,True
501,291.7100189078065,453.44281708836456,461.44281708836456,392.44281708836456,399.44281708836456,0.007595363358447817,250.5110486323866,8.286801457107942e-05,2.733161304942172,0.0013215596889670767,0.06270470812850577,True
502,291.96175380348774,452.47195365627294,462.47195365627294,394.47195365627294,400.47195365627294,0.00949373557924197,313.12335475685904,-0.002937760117949096,-96.89350371359035,-0.048124962356218715,0.061044413836709804,True
503,292.21352582752195,452.5010692945832,461.5010692945832,392.5010692945832,399.5010692945832,0.008553101806755455,282.09927577549615,-0.0008759999691048907,-28.892320288841432,-0.014079805679181557,0.06221676556233633,True
504,292.4653349555378,450.53016400156685,459.53016400156685,389.53016400156685,397.53016400156685,0.008590150890075912,283.3212324187097,0.00023884325484624554,7.877552581306986,0.0037873539041000225,0.0630633579258818,True
505,292.71718116316396,447.5592377755145,456.5592377755145,386.5592377755145,393.5592377755145,0.008646608944657207,285.1833377307847,-0.0008525544199232083,-28.11903679546748,-0.01330853083270841,0.06406074649711771,True
506,292.96906442602904,444.5882906147358,454.5882906147358,385.5882906147358,393.5882906147358,0.009660224637678672,318.61451385570695,-0.0007418920508222553,-24.46915925579833,-0.011926541412797005,0.062205129311521605,True
507,293.2209847197617,451.61732251755916,460.61732251755916,389.61732251755916,398.61732251755916,0.008569674880921531,282.64589059725955,0.0013482353010551302,44.46763415141521,0.021246032048616265,0.06345821647873018,True
508,293.4729420199906,449.64633348233247,460.64633348233247,390.64633348233247,398.64633348233247,0.01049656231387269,346.19868835620804,-0.001692540730239658,-55.82355091857124,-0.027328323108546798,0.0619335743183717,True
509,293.72493630234436,445.6753235074216,453.6753235074216,383.6753235074216,391.6753235074216,0.007726569184031378,254.83849254816167,0.0012357736449675905,40.75841234491807,0.01917806285460738,0.06443683360182051,True
510,293.97696754245163,446.7042925912124,454.7042925912124,384.7042925912124,391.7042925912124,0.007708928307452708,254.25665935836406,0.0001223703329135302,4.036030795757426,0.001887501631906403,0.06483190840472781,True
511,294.22903571594105,442.7332407321087,451.7332407321087,380.7332407321087,389.7332407321087,0.008739918893559297,288.26089597838296,0.0014067344023304933,46.39705747363769,0.021702846494676967,0.0648179676650029,True
512,294.4811407984413,448.76216792853415,458.76216792853415,386.76216792853415,395.76216792853415,0.009571358983873445,315.6835378020874,0.0004189314523118,13.81723987003096,0.0065089080207116345,0.06436278573590862,True
513,294.733282765581,445.79107417893056,455.79107417893056,385.79107417893056,392.79107417893056,0.009634447477440012,317.764328928745,-0.0018250126070112165,-60.192751863702256,-0.028653853193987812,0.06369169949520587,True
514,294.98546159298877,449.81995948175904,460.81995948175904,390.81995948175904,395.81995948175904,0.01049255929704525,346.06666044709954,-0.00497160466247423,-163.9739718307037,-0.0782341090910736,0.06354778906840626,True
515,295.2376772562933,453.8488238354996,463.8488238354996,393.8488238354996,400.8488238354996,0.009465245416134912,312.18368929270207,-0.0018141846395879659,-59.83562273824194,-0.029032178281049342,0.06248875375542072,True
516,295.4899297311232,451.87766723865093,462.87766723865093,390.87766723865093,397.87766723865093,0.010445349499677764,344.50958209730646,-0.002736644259893179,-90.26027997951405,-0.04252858978273441,0.0643483424650067,True
517,295.74221899310714,454.90648968973096,464.90648968973096,392.90648968973096,401.90648968973096,0.009443476084900888,311.4656909905674,0.00039234065905221875,12.940219615823423,0.0061847524838712946,0.06343676001187946,True
518,295.99454501787375,450.9352911872761,459.9352911872761,388.9352911872761,396.9352911872761,0.008582509123299028,283.06919088779966,0.0002598523401515576,8.570476374714133,0.004053419336749584,0.06410694738529862,True
519,296.2469077810517,446.96407172984186,454.96407172984186,384.96407172984186,391.96407172984186,0.0077044873243331214,254.1101864003576,0.00012157397671077892,4.00976529429002,0.0018763840250986792,0.06479162851772058,True
520,296.4993072582696,448.99283131600305,457.99283131600305,388.99283131600305,393.99283131600305,0.008619273258324569,284.2817493372999,-0.0030725511906964645,-101.33919661683649,-0.04813339457978601,0.06383408478708888,True
521,296.75174342515606,450.02156994435245,458.02156994435245,389.02156994435245,395.02156994435245,0.007652600627837425,252.39885408670992,-0.001005472102061743,-33.162583377653135,-0.01576904805722742,0.06376238428678677,True
522,297.00421625733986,454.0502876135024,462.0502876135024,394.0502876135024,399.0502876135024,0.007585289804875186,250.17880166145957,-0.002109310473916181,-69.56949309400827,-0.033691308805334656,0.0626069615194704,True
523,297.25672573044955,451.0789843220839,458.0789843220839,388.0789843220839,393.0789843220839,0.006687773859314343,220.57683924360333,-0.0011280736393007732,-37.20623977804536,-0.0171188688555666,0.06589650571065353,True
524,297.5092718201137,453.107660068747,462.107660068747,391.107660068747,396.107660068747,0.008541763344079746,281.7253094435745,-0.0030248442626392685,-99.76572185195309,-0.04623906534007651,0.06541750444980476,True
525,297.7618545019611,447.13631485216047,456.13631485216047,387.13631485216047,392.13631485216047,0.008654706369390145,285.45040781885547,-0.003081554879226853,-101.63615718986813,-0.048061575908233775,0.06411680892675285,True
526,298.01447375162036,445.16494867101164,456.16494867101164,387.16494867101164,394.16494867101164,0.0106009498048625,349.64160722629424,-0.002818980307448778,-92.97589589411774,-0.04544219696307965,0.062034419456856595,True
527,298.2671295447201,443.19356152400724,453.19356152400724,384.19356152400724,390.19356152400724,0.009690288685328143,319.6060893402987,-0.0029602722393230543,-97.63600079584745,-0.04660121713640962,0.06352349619233846,True
528,298.51982185688894,447.2221534098726,456.2221534098726,387.2221534098726,394.2221534098726,0.008653061648922648,285.39616148071786,-0.0008722315528618303,-28.768030000124384,-0.013845114853096273,0.06299922840053346,True
529,298.77255066375557,448.2507243273517,456.2507243273517,386.2507243273517,395.2507243273517,0.007682566925206003,253.38720556157162,0.0023208007014189685,76.54488533884384,0.0365530547411193,0.06349129280317715,True
530,299.02531594094864,463.2792742752076,471.2792742752076,400.2792742752076,409.2792742752076,0.007435469351087197,245.23740818049265,0.002221179649404736,73.25917364498662,0.035613418652863583,0.06236917806334036,True
531,299.2781176640967,451.30780325222236,458.30780325222236,389.30780325222236,397.30780325222236,0.006684409032052573,220.4658601678129,0.0021495770227298403,70.8975685121379,0.03406352718196828,0.06310494539355077,True
532,299.5309558088285,447.3363112571965,455.3363112571965,386.3363112571965,394.3363112571965,0.007698132717148473,253.90059809834403,0.0012031080332495546,39.681031808988536,0.01907664404584231,0.06306706936285096,True
533,299.78383035077263,453.36479828894926,461.36479828894926,388.36479828894926,399.36479828894926,0.0075966590667073,250.55378381429776,0.004533264389336657,149.5165882534761,0.06980556272388444,0.06494130571324182,True
534,300.0367412655578,454.3932643463195,464.3932643463195,391.3932643463195,401.3932643463195,0.009454026988042678,311.81368195365,0.0015027060386872352,49.56240376822325,0.023455159587154384,0.06406718458271406,True
535,300.28968852881263,449.4217094281639,457.4217094281639,386.4217094281639,395.4217094281639,0.007662725266543655,252.73278595272137,0.002336266604196527,77.05498332099546,0.03626369399051813,0.0644243966102127,True
536,300.5426721161657,453.45013353335867,462.45013353335867,393.45013353335867,400.45013353335867,0.00853537505970619,281.51461039708295,-0.0008766292831914706,-28.91307639020326,-0.014121381819854251,0.062078151725842814,True
537,300.79569200324573,446.47853666079845,454.47853666079845,386.47853666079845,393.47853666079845,0.00771279181614763,254.3840859960231,8.287567597789047e-05,2.733413994242653,0.001323178828232656,0.0626337681722023,True
538,301.04874816568133,453.5069188093969,462.5069188093969,390.5069188093969,399.5069188093969,0.00853431674637984,281.4797049990587,0.0013612553447372219,44.897062559525864,0.021178759018128785,0.06427455657680425,True
539,301.30184057910117,454.53527997808624,462.53527997808624,393.53527997808624,399.53527997808624,0.0075772664432188375,249.91417432933162,-0.0010058042295054762,-33.173537638862626,-0.015943173395353942,0.06308682748182248,True
540,301.5549692191338,454.5636201658176,462.5636201658176,394.5636201658176,400.5636201658176,0.007576798128598923,249.89872832879308,-0.0010223343403406348,-33.71873543966555,-0.016492242087548098,0.0619888026693783,True
541,301.80813406140805,446.59193937156124,456.59193937156124,385.59193937156124,391.59193937156124,0.009617360093514533,317.2007510900633,-0.0029115630910823568,-96.02947070269585,-0.044629375165489725,0.06523871509036414,True
542,302.0613350815524,452.62023759430554,462.62023759430554,388.62023759430554,396.62023759430554,0.00949065905322427,313.0218844620927,-0.0006412016477126605,-21.148178115093913,-0.009637904416522179,0.06652915613205854,True
543,302.31457225519557,451.648514833058,462.648514833058,390.648514833058,398.648514833058,0.010450585889679231,344.68228924618256,-0.0016466129720705946,-54.30875691632389,-0.02579373277338725,0.06383771540695699,True
544,302.56784555796617,452.6767710868453,461.6767710868453,389.6767710868453,398.6767710868453,0.008549814473486784,281.99085261448664,0.0013665997887598418,45.07333355714371,0.021220364584747443,0.06440039158149584,True
545,302.82115496549284,454.70500635471194,465.70500635471194,393.70500635471194,399.70500635471194,0.010381170783744873,342.392833145415,-0.0038125202134121974,-125.74493036357364,-0.05914087868653804,0.06446505865459898,True
546,303.0745004534043,451.7332206357223,460.7332206357223,391.7332206357223,397.7332206357223,0.008567497762777345,282.5740846646718,-0.001966033970141074,-64.8439328395192,-0.0312691070963192,0.06287464378451993,True
547,303.3278819973291,465.7614139289585,474.7614139289585,404.7614139289585,408.7614139289585,0.008311908081454294,274.14419973801563,-0.004041119684278721,-133.28462141731202,-0.06416007179248677,0.06298496200797489,True
548,303.581299572896,460.7895862335222,468.7895862335222,397.7895862335222,405.7895862335222,0.007475300086000107,246.55110954011673,0.0011721879614658304,38.661222849129615,0.0185287631637105,0.06326315205764077,True
549,303.8347531557335,459.81773754853316,467.81773754853316,396.81773754853316,404.81773754853316,0.007490964041540199,247.0677397186736,0.0011774926569095932,38.836182855067335,0.018570711997679585,0.06340589725675144,True
550,304.08824272147035,454.8458678731304,462.8458678731304,392.8458678731304,400.8458678731304,0.0075721372120769286,249.74500150488623,0.0011830844087095966,39.02061058301163,0.018764069995979397,0.063050522032965,True
551,304.3417682457351,446.87397720647164,455.87397720647164,384.87397720647164,393.87397720647164,0.008659736800519503,285.61632201121415,0.00137900384196314,45.48244530448295,0.021487503470708474,0.06417701543797225,True
552,304.5953297041566,453.9020655477327,464.9020655477327,392.9020655477327,400.9020655477327,0.010399316678510101,342.99132289652806,-0.001645334800368714,-54.26660012694333,-0.025910574322497642,0.06350051449612609,True
553,304.84892707236327,452.93013289610917,463.93013289610917,392.93013289610917,399.93013289610917,0.010421366722143497,343.7185796836373,-0.0027525743846186675,-90.78568897727948,-0.043627830902441316,0.0630921668045761,True
554,305.10256032598386,454.95817925081474,464.95817925081474,394.95817925081474,401.95817925081474,0.009442414754509292,311.4306860833895,-0.0018126565471503816,-59.785223037677014,-0.02908314961025943,0.06232669334104533,True
555,305.3562294406469,452.9862046110816,462.9862046110816,389.9862046110816,398.9862046110816,0.009483074666909102,312.77173545942094,0.0004255605214387344,14.035880503806197,0.006564966777255825,0.0648229512620047,True
556,305.60993439198126,456.01420897616094,464.01420897616094,395.01420897616094,401.01420897616094,0.007552904576421428,249.11066875493748,-0.0010058613271848368,-33.175420840344344,-0.01599942611130382,0.06286858792229938,True
557,305.8636751556154,445.042192345323,452.042192345323,384.042192345323,392.042192345323,0.006777786188743277,223.54563506954707,0.0021760827232095974,71.77178222760614,0.034577106875465155,0.06293420473399058,True
558,306.117451707178,443.0701547178562,453.0701547178562,382.0701547178562,390.0701547178562,0.00969295779157212,319.6941220745518,-0.0006933494544588258,-22.868122393642693,-0.010720342007471247,0.06467605734738827,True
559,306.37126402229774,446.0980960930681,453.0980960930681,382.0980960930681,391.0980960930681,0.006761867572993345,223.02060566198674,0.003348960488490045,110.45575625647461,0.051066005143839785,0.06558101576688613,True
560,306.6251120766033,459.1260164702842,465.1260164702842,394.1260164702842,403.1260164702842,0.005638729273185365,185.97714375424843,0.004166993944055029,137.43621908608154,0.0648930020852925,0.06421330205340348,True
561,306.87899584572324,455.1539158488497,463.1539158488497,393.1539158488497,400.1539158488497,0.0075670567814737615,249.57743822478483,9.7408776370214e-05,3.2127461930256516,0.0015328625595724128,0.06354697344645555,True
562,307.13291530528625,455.18179422812796,463.18179422812796,393.18179422812796,400.18179422812796,0.0075665973382753144,249.5622848223736,9.732954103221138e-05,3.210132845029648,0.0015317158324859052,0.0635428184314384,True
563,307.3868704309209,452.209651607501,457.209651607501,387.209651607501,396.209651607501,0.004775562344247946,157.50808410453354,0.005203314317721843,171.61624330278127,0.08030797976826683,0.0647919961719408,True
564,307.64086119825595,456.2374879863694,464.2374879863694,393.2374879863694,404.2374879863694,0.007549240185641765,248.98980944465953,0.004432433107195795,146.19096062619994,0.07112395141114244,0.06231983768131026,True
565,307.89488758292,454.2653033641527,462.2653033641527,390.2653033641527,402.2653033641527,0.007581730644638302,250.06141307567182,0.005570902353351794,183.74006936937198,0.08819718563957218,0.06316417369730956,True
566,308.1489495605417,458.2930977402891,468.2930977402891,395.2930977402891,404.2930977402891,0.009374440208878999,309.1887426894353,0.00040265559061595374,13.280427740261416,0.006289257228442351,0.06402275753565874,True
567,308.4030471067497,456.32087111423516,463.32087111423516,392.32087111423516,400.32087111423516,0.006611531310103526,218.0621997126367,0.0021552889300769573,71.08595922258701,0.033388789134501023,0.06455127562112974,True
568,308.6571801971726,463.34862348546676,471.34862348546676,400.34862348546676,407.34862348546676,0.007434365958272235,245.20101596617914,9.35475052257018e-05,3.08539335448242,0.0014749831075633454,0.06342276379031972,True
569,308.911348807439,456.37635485347755,466.37635485347755,394.37635485347755,401.37635485347755,0.009413388445995772,310.47333741677687,-0.0017724724800187615,-58.4598680387935,-0.027566310249543827,0.06429850291799907,True
570,309.16555291317775,454.40406521778027,464.40406521778027,393.40406521778027,401.40406521778027,0.009453804700512741,311.8063504436755,-0.0007108815744557954,-23.44636856277498,-0.011291217635063851,0.06295880545674873,True
571,309.41979249001736,445.43175457790653,453.43175457790653,382.43175457790653,390.43175457790653,0.007730756808800184,254.97660921521305,0.0012604296280420832,41.57161849234791,0.01921474102574096,0.06559701358210102,True
572,309.6740675135864,455.45942293340613,464.45942293340613,393.45942293340613,401.45942293340613,0.008498086693322455,280.28476169548156,0.00024361864568746283,8.035055008881102,0.0038408732499003923,0.06342793157618017,True
573,309.9283779595137,450.48707028384774,459.48707028384774,389.48707028384774,396.48707028384774,0.008590964552053212,283.34806870099754,-0.0008549803793577527,-28.19905003686307,-0.013439542803055014,0.06361677565128201,True
574,310.18272380342773,451.5146966288187,459.5146966288187,389.5146966288187,396.5146966288187,0.007627514959500071,251.57147601613406,0.00010792539569911587,3.559606403896339,0.001683859040695093,0.06409407978387818,True
575,310.4371050209572,441.5423019679249,450.5423019679249,380.5423019679249,387.5423019679249,0.008763256172477847,289.0306084909002,-0.0008470825416093224,-27.938562747063145,-0.013033459188778374,0.06499291779258791,True
576,310.6915215877308,450.5698863007908,460.5698863007908,389.5698863007908,397.5698863007908,0.00953337641661659,314.4307928965152,-0.0007052734275313031,-23.26140008916309,-0.01110152464165703,0.06352942053426212,True
577,310.9459734793771,459.5974496270594,467.5974496270594,396.5974496270594,405.5974496270594,0.007494523704743751,247.1851448933593,0.002250774721412045,74.23528132713668,0.035782070300903426,0.06290230560961191,True
578,311.20046067152475,456.6249919463926,465.6249919463926,394.6249919463926,402.6249919463926,0.00847660502044938,279.5762509707344,0.00023953808313275336,7.900469478690127,0.0037868447070609386,0.06325532248156662,True
579,311.4549831398025,450.65251325847066,457.65251325847066,387.65251325847066,395.65251325847066,0.006694054249340599,220.78397970773239,0.0021772705764951704,71.81096012577206,0.03385556956604591,0.06431055818593515,True
580,311.7095408598389,451.6800135629926,462.6800135629926,392.6800135629926,398.6800135629926,0.010449865797070457,344.6585390783468,-0.0038641987564624553,-127.44939733906273,-0.06160621006287048,0.06272417589913348,True
581,311.9641338072626,447.70749285967577,456.70749285967577,384.70749285967577,390.70749285967577,0.008643773988567091,285.0898349199978,-0.0019226789706036545,-63.41399382475214,-0.02877182675623102,0.06682505726499505,True
582,312.2187619577023,456.7349511482562,465.7349511482562,394.7349511482562,401.7349511482562,0.008474584055037822,279.5095952834938,-0.0008405488144117802,-27.72306669052307,-0.01317909680936643,0.06377893922248142,True
583,312.47342528678655,463.76238842848875,470.76238842848875,400.76238842848875,407.76238842848875,0.00650623355618484,214.58925845782943,0.0010139746581645914,33.44301554986927,0.016120018769165235,0.06290158049345121,True
584,312.7281237701441,463.78980470014676,472.78980470014676,402.78980470014676,408.78980470014676,0.008346905301833499,275.2984816285143,-0.001925318715243581,-63.5010581515871,-0.03095099621784361,0.062205387564669486,True
585,312.9828573834036,455.8171999630217,465.8171999630217,394.8171999630217,403.8171999630217,0.009424811533265767,310.85009484569474,0.000363937387858863,12.00342002962276,0.005849891222591107,0.06221267610129395,True
586,313.23762610219353,459.84457421692423,470.84457421692423,398.84457421692423,407.84457421692423,0.01026650364907642,338.61087001951455,-0.0005755030209334266,-18.9812993087142,-0.009268086307640545,0.06209512965572904,True
587,313.4924299021427,455.8719274616831,467.8719274616831,394.8719274616831,403.8719274616831,0.01128413887474115,372.17461877986676,-0.001496731457758138,-49.36534953091382,-0.02370685859020883,0.06313495531526489,True
588,313.7472687588797,456.89925969714614,466.89925969714614,394.89925969714614,401.89925969714614,0.00940273094635512,310.1218306771014,-0.0017718443104983864,-58.4391496876309,-0.027590201481707644,0.06422005695294115,True
589,314.0021426480332,446.92657092317904,454.92657092317904,384.92657092317904,392.92657092317904,0.007705128093064008,254.13132029996578,0.001228379214589988,40.514528488344894,0.01912049997385717,0.0642440948860914,True
590,314.2570515452318,449.9538611396665,456.9538611396665,387.9538611396665,395.9538611396665,0.0067043684206426705,221.12416275714267,0.002160135345601796,71.24580419351727,0.03412113663517541,0.0633078366848693,True
591,314.5119954261042,462.9811303465119,470.9811303465119,400.9811303465119,408.9811303465119,0.007440216755866589,245.39398756892248,0.00113911838341668,37.570518654483095,0.018411542595020168,0.06186979594663519,True
592,314.76697426627896,461.0083785436366,470.0083785436366,398.0083785436366,405.0083785436366,0.008396781402819627,276.94350027608607,-0.0008249882788083493,-27.209847518860727,-0.012844463082360319,0.06422909805714885,True
593,315.0219880413848,458.03560573098093,467.03560573098093,396.03560573098093,403.03560573098093,0.00845075193696537,278.7235619355539,-0.0008415699300070604,-27.75674522918891,-0.013235188422382006,0.06358579138804574,True
594,315.27703672705036,460.0628119085036,467.0628119085036,395.0628119085036,403.0628119085036,0.006558160111697097,216.30190540562495,0.0021484196923361653,70.85939732310436,0.03301361947747166,0.0650767691134938,True
595,315.53212029890426,453.08999707618204,462.08999707618204,388.08999707618204,397.08999707618204,0.008542093077752484,281.7361847531849,0.0014144049466131483,46.65004814717702,0.02125492092944673,0.0665448227875372,True
596,315.7872387325752,453.1171612340115,459.1171612340115,388.1171612340115,397.1171612340115,0.005713015622516148,188.42726370133803,0.004242793477369491,139.9362470215892,0.06514719197621756,0.06512626789683204,True
597,316.0423920036917,452.14430438200657,459.14430438200657,387.14430438200657,396.14430438200657,0.006672136880691817,220.06109882049182,0.003308404938388347,109.11814896839937,0.050317955308490474,0.06574998761585407,True
598,316.2975800878826,451.17142652020016,460.17142652020016,386.17142652020016,397.17142652020016,0.008578061257264147,282.92249091677917,0.0036197990413549853,119.3885810189413,0.05505267895171947,0.06575155124657067,True
599,316.55280296077626,446.198527648643,455.198527648643,383.198527648643,393.198527648643,0.008672715773195281,286.0443958112075,0.0025153354187381054,82.96104921819511,0.038788990044020116,0.06484663343602268,True
600,316.8080605980016,457.22560776740534,466.22560776740534,393.22560776740534,404.22560776740534,0.008465577896055829,279.21255322977566,0.003516452441723092,115.97999293374033,0.05517689230912801,0.06373052730157763,True
601,317.0633529751872,455.2526668765752,465.2526668765752,393.2526668765752,400.2526668765752,0.009436372653345357,311.2314048868111,-0.0017738148662326536,-58.50414275775583,-0.027514771808809985,0.06446772950029314,True
602,317.3186800679616,451.2797049762594,463.2797049762594,390.2797049762594,397.2797049762594,0.011397472562141783,375.9126020120355,-0.00367706088505562,-121.27719698569615,-0.05665003074262573,0.06490836521804133,True
603,317.5740418519535,454.306722066583,465.306722066583,392.306722066583,401.306722066583,0.010390163804687543,342.68944187898086,-0.0005394790921101206,-17.793154415639776,-0.008430262765546983,0.06399315265888007,True
604,317.8294383027916,456.3337181476895,464.3337181476895,394.3337181476895,401.3337181476895,0.007547661980209044,248.93775691218013,9.407292162346217e-05,3.102722691679361,0.0014844647693053414,0.06337160946398465,True
605,318.08486939610447,454.3606932197415,463.3606932197415,393.3606932197415,399.3606932197415,0.008518436438892952,280.9559390785356,-0.0019440795534457567,-64.1198300298307,-0.03057602263923708,0.06358183261386624,True
606,318.3403351075208,457.38764728291903,466.38764728291903,396.38764728291903,403.38764728291903,0.008462607812367675,279.1145936267742,-0.0008601248998547422,-28.368727136376435,-0.013741247611327802,0.06259438183369066,True
607,318.5958354126692,450.4145803374213,457.4145803374213,386.4145803374213,393.4145803374213,0.00669756327739914,220.89971482890311,0.0010993829794555612,36.25996151002997,0.01665498514206371,0.06600924408386097,True
608,318.8513702871784,459.4414923834661,468.4414923834661,395.4414923834661,404.4414923834661,0.008425141928147218,277.87889001378414,0.0013483258628536991,44.47062106988835,0.020912767016440688,0.0644738145743079,True
609,319.1069397066769,456.46838342128876,464.46838342128876,391.46838342128876,400.46838342128876,0.007545454534170291,248.86495070188184,0.002326087702388315,76.71926174382233,0.0354851781418985,0.06555096590150207,True
610,319.3625436467934,452.4952534511442,461.4952534511442,389.4952534511442,397.4952534511442,0.008553210662846098,282.10286607817557,0.0002765668365812442,9.121755599993833,0.004256604884588441,0.06497357496877106,True
611,319.6181820831566,446.5221024733048,454.5221024733048,383.5221024733048,389.5221024733048,0.007712045944411442,254.35948557837884,-0.0009703377691076178,-32.00377922622991,-0.014583270796749377,0.06653773235314994,True
612,319.8738549913952,463.54893048806184,469.54893048806184,397.54893048806184,405.54893048806184,0.00558527227459768,184.21401957691117,0.003067398716127618,101.1692571753143,0.04706671448505036,0.06517129461207465,True
613,320.1295623471377,464.5757374957252,472.5757374957252,399.5757374957252,405.5757374957252,0.007414895768710829,244.55884818908729,-0.0009420388991856939,-31.070423013407236,-0.014288810327953445,0.0659284347376889,True
614,320.38530412601284,463.60252349662255,471.60252349662255,399.60252349662255,405.60252349662255,0.007430329030284839,245.06786959573574,-0.0009579028296164017,-31.593648784193817,-0.014737755523940892,0.06499652053939468,True
615,320.6410803036492,456.6292884911006,466.6292884911006,394.6292884911006,402.6292884911006,0.009408230305196785,310.30321109107444,-0.0006921811530969935,-22.829589359018883,-0.010862763438618776,0.06372054008247885,True
616,320.89689085567545,461.65603247952413,472.65603247952413,400.65603247952413,408.65603247952413,0.01022669025982734,337.2977407563434,-0.0016404620929854567,-54.10588799525834,-0.026303341814487808,0.0623670598418751,True
617,321.1527357577203,455.6827554622762,465.6827554622762,393.6827554622762,400.6827554622762,0.009427562262635202,310.9408196821932,-0.001773302291343282,-58.487236960497825,-0.02753452998507024,0.06440285315583019,True
618,321.4086149854122,452.7094574397588,461.7094574397588,389.7094574397588,397.7094574397588,0.008549203199378711,281.970691509535,0.00027576998630057803,9.09547380279838,0.0042464868600591175,0.06494073698764227,True
619,321.6645285143801,453.7361384123915,462.7361384123915,389.7361384123915,398.7361384123915,0.00853004742245704,281.3388937221812,0.001384873414703544,45.67603615100734,0.021194796235367602,0.06534025613290001,True
620,321.92047632025236,459.76279838061305,468.76279838061305,395.76279838061305,404.76279838061305,0.00841931070871299,277.6865641399141,0.0013463108907982805,44.40416305613104,0.020897107990256434,0.06442570385462029,True
621,322.1764583786578,455.78943734488007,464.78943734488007,392.78943734488007,403.78943734488007,0.008491993418894157,280.08379269708075,0.003503160217876578,115.54158745169798,0.05573587796845146,0.06285287584165256,True
622,322.43247466522496,457.816055305668,465.816055305668,393.816055305668,402.816055305668,0.007523434281361291,248.13867647878,0.0022899201922585988,75.52638123746178,0.03563931612754635,0.06425264121408528,True
623,322.6885251555826,455.84265226346974,466.84265226346974,393.84265226346974,401.84265226346974,0.010355568951874112,341.54843091655766,-0.0016222847908287253,-53.5063623623567,-0.02522861867476573,0.06430335373261531,True
624,322.9446098253593,452.86922821879784,462.86922821879784,391.86922821879784,398.86922821879784,0.009485497594637187,312.851648708765,-0.001796126310669696,-59.24002109282057,-0.028183498852385122,0.06372971361991461,True
625,323.2007286501836,449.89578317218206,460.89578317218206,388.89578317218206,397.89578317218206,0.01049081210926228,346.0090345215166,-0.0005547095966358349,-18.29548846865032,-0.008727881218281542,0.06355604330108577,True
626,323.4568816056843,461.92231712417106,470.92231712417106,399.92231712417106,406.92231712417106,0.008380327174714128,276.40080524720895,-0.0008444583794919476,-27.852012364575728,-0.013400796956776127,0.06301553424141289,True
627,323.71306866749,457.94883007533167,466.94883007533167,395.94883007533167,403.94883007533167,0.00845233776826847,278.7758659852676,0.00023495281093458692,7.74923756358362,0.0037258368340522545,0.06306041337807326,True
628,323.9692898112294,458.9753220262494,465.9753220262494,393.9753220262494,402.9753220262494,0.0065735819178761165,216.81054898926791,0.0032358499195753914,106.72513194095714,0.050011288075216966,0.06470239108236273,True
629,324.22554501253103,464.00179297752766,471.00179297752766,398.00179297752766,408.00179297752766,0.006502901632855524,214.4793646228938,0.004274141430534512,140.97016840878842,0.06626826604565134,0.06449755947424538,True
630,324.4818342470236,464.0282429297881,473.0282429297881,402.0282429297881,410.0282429297881,0.008342657225460001,275.158371140474,0.0002145510987857386,7.076346213544468,0.003450452141500522,0.06218057517889099,True
631,324.73815749033565,466.0546718836713,474.0546718836713,402.0546718836713,409.0546718836713,0.007391565132377233,243.78935476298423,0.00010467905277561623,3.4525351906301864,0.0016330734923931788,0.06409941332292086,True
632,324.994514718096,471.08107983983564,481.08107983983564,409.08107983983564,415.08107983983564,0.009122615222687194,300.88302532140705,-0.002799071008407479,-92.31924536339307,-0.04465239084223267,0.06268580372991114,True
633,325.2509059059332,467.10746679895806,478.10746679895806,405.10746679895806,413.10746679895806,0.010108716681872265,333.406724180873,-0.0016159199073246897,-53.29643512572949,-0.025790954383949398,0.0626545215531199,True
634,325.50733102947595,466.1338327617334,476.1338327617334,404.1338327617334,412.1338327617334,0.009218416457631646,304.04275141924006,-0.0007053581799546359,-23.264195402229916,-0.011315042215778155,0.062338095298580136,True
635,325.76379006435286,451.16017772887517,460.16017772887517,389.16017772887517,399.16017772887517,0.008578273035910296,282.9294758216772,0.002440541228366927,80.49417960613721,0.038749762343307494,0.06298209539312014,True
636,326.0202829861925,448.18650170111505,458.18650170111505,385.18650170111505,396.18650170111505,0.009583518117024674,316.0845715712997,0.0026450971754066414,87.24086470579266,0.041031419061601834,0.06446516440085752,True
637,326.27680977062363,451.2128046792034,461.2128046792034,387.2128046792034,399.2128046792034,0.009519940419085207,313.98764545614097,0.0037348118477808934,123.18194512598717,0.05784639325723908,0.06456429930164241,True
638,326.5333703932748,462.239086663908,472.239086663908,398.239086663908,409.239086663908,0.009295263884295144,306.577341080018,0.0025379596173481303,83.7072428432785,0.03999696604518043,0.06345380333301431,True
639,326.78996482977476,460.2653476560156,469.2653476560156,397.2653476560156,407.2653476560156,0.008410206365804045,277.3862837739074,0.002386568747107312,78.71405372676105,0.03804248004753582,0.06273431027959232,True
640,327.04659305575206,472.2915876563309,481.2915876563309,411.2915876563309,420.2915876563309,0.00819806075040714,270.3892754587315,0.001202809956367179,39.67120060686523,0.020229240220866803,0.05945897835186416,True
641,327.30325504683543,463.31780666567715,473.31780666567715,403.31780666567715,411.31780666567715,0.009273851608579714,305.87111921939936,-0.0007437370573425747,-24.530011448949153,-0.012272187329787937,0.06060346353557711,True
642,327.55995077865344,464.3440046848955,473.3440046848955,402.3440046848955,410.3440046848955,0.00833703818391344,274.97304333932647,0.0002135200760375027,7.042340916149726,0.0034363594121273756,0.062135548244447766,True
643,327.8166802268348,452.37018171484556,461.37018171484556,389.37018171484556,398.37018171484556,0.0085555523216731,282.1800989083389,0.0013685815696761177,45.138696857366085,0.02123577182807737,0.0644469897659484,True
644,328.07344336700805,449.39633775640505,460.39633775640505,388.39633775640505,396.39633775640505,0.010502331433546787,346.3889660494585,-0.0016478242120129948,-54.34870615558947,-0.025675716435091592,0.06417831479712385,True
645,328.330240174802,455.42247281047025,462.42247281047025,391.42247281047025,400.42247281047025,0.006624474713348546,218.48910035803843,0.0032482123118952174,107.1328696247904,0.05063890933222564,0.06414459463541639,True
646,328.5870706258451,462.448586877955,470.448586877955,398.448586877955,406.448586877955,0.007448711653485308,245.6741671482342,0.0011846153904977504,39.07110558043152,0.018481068553589924,0.06409885808619223,True
647,328.84393469576617,456.4746799597922,465.4746799597922,393.4746799597922,400.4746799597922,0.008479369198906643,279.6674193864187,-0.0008210970157785762,-27.081505484900248,-0.012649689061954107,0.06491045050649918,True
648,329.10083236019375,468.50075205693247,478.50075205693247,406.50075205693247,413.50075205693247,0.009172332319627198,302.52279968131916,-0.001757381962943244,-57.96215106613704,-0.02810568646986974,0.06252762994517916,True
649,329.35776359475653,465.52680317034446,475.52680317034446,403.52680317034446,411.52680317034446,0.009230310089543139,304.43502839949565,-0.0007045704129202829,-23.238213189590397,-0.011286744861500825,0.06242458933607847,True
650,329.61472837508313,458.55283330101565,466.55283330101565,396.55283330101565,403.55283330101565,0.007511449969479818,247.74340868250977,8.789363773313314e-05,2.8989169204331517,0.001394155064010498,0.06304437720169648,True
651,329.87172667680215,454.57884244995125,464.57884244995125,392.57884244995125,401.57884244995125,0.009450209147177034,311.6877615369921,0.000393724257016833,12.985853584949496,0.0062018014658791806,0.06348546614770065,True
652,330.1287584755424,455.6048306181747,464.6048306181747,394.6048306181747,400.6048306181747,0.008495400857729766,280.19617719214375,-0.0019416164441911632,-64.03859150928287,-0.030626444248592465,0.06339673089148755,True
653,330.3858237469324,460.6307978067275,470.6307978067275,399.6307978067275,406.6307978067275,0.00932737219140194,307.6363405384426,-0.001786053647108537,-58.90780347634268,-0.028537112615911523,0.06258704835165005,True
654,330.6429224666007,460.65674401667,468.65674401667,398.65674401667,404.65674401667,0.007477437329253677,246.621600314997,-0.000989769967103881,-32.644693961646965,-0.01564279848033652,0.06327320321539988,True
655,330.90005461017614,460.68266924907994,469.68266924907994,397.68266924907994,403.68266924907994,0.008402660986265197,277.1374212967089,-0.0018992212699272043,-62.640309549538955,-0.029302268663283722,0.06481482003156169,True
656,331.1572201532873,455.70857350505366,466.70857350505366,394.70857350505366,401.70857350505366,0.010358579723009397,341.64773247708854,-0.0027240387719532754,-89.84452449115597,-0.04271483771038929,0.06377265882226969,True
657,331.41441907156275,460.73445678570556,471.73445678570556,399.73445678570556,408.73445678570556,0.010246906575116286,337.96451732824806,-0.000577241500447247,-19.0386380172763,-0.009315195499834495,0.061967727940600174,True
658,331.67165134063123,466.7603190921682,475.7603190921682,402.7603190921682,410.7603190921682,0.008294288704556604,273.5630756528881,0.0002475175949509245,8.163650550984812,0.0038720912030332554,0.06392349300993433,True
659,331.92891693612137,457.78616042559224,465.78616042559224,392.78616042559224,401.78616042559224,0.007523921354026988,248.15474115909686,0.0023148746978775402,76.34943328588687,0.03542323709770838,0.0653490445125721,True
660,332.1862158336617,458.81198078714624,466.81198078714624,395.81198078714624,401.81198078714624,0.007507243789803893,247.60468003562016,-0.000973297548784737,-32.10139898128895,-0.015058958036736347,0.06463246304361672,True
661,332.44354800888107,462.83778017801774,470.83778017801774,399.83778017801774,406.83778017801774,0.007442501507802643,245.46934349020685,9.494683524583804e-05,3.131546199867671,0.001495284600046386,0.06349750090577583,True
662,332.70091343740796,457.8635585994116,467.8635585994116,396.8635585994116,403.8635585994116,0.009383140401527539,309.47569333035034,-0.0017896950051288774,-59.027903117804414,-0.028412500381096488,0.0629897045710065,True
663,332.958312094871,461.88931605255107,471.88931605255107,399.88931605255107,405.88931605255107,0.009302227973065746,306.8070313658359,-0.002834409271830136,-93.4847755703201,-0.04427704590422457,0.06401532021718953,True
664,333.215743956899,461.9150525386776,471.9150525386776,398.9150525386776,406.9150525386776,0.009301715192497544,306.7901187848577,-0.0006783838420493116,-22.374525039414266,-0.010596290044653197,0.06402088270428372,True
665,333.4732089991205,455.94076805905047,465.94076805905047,393.94076805905047,397.94076805905047,0.009422284750054194,310.7667562242062,-0.005034778226821728,-166.05756877053093,-0.07629042729113085,0.06599488829192922,True
666,333.73070719716407,465.96646261494743,474.96646261494743,402.96646261494743,409.96646261494743,0.00830828518811579,274.0247091005727,-0.0008288575053209575,-27.33746274216557,-0.013052835909394248,0.06350018578908366,True
667,333.9882385266585,458.9921362076641,469.9921362076641,396.9921362076641,404.9921362076641,0.010285346541384409,339.2323482146415,-0.001620660160118569,-53.452778626643976,-0.02538879776101824,0.06383367087223475,True
668,334.2458029632324,461.0177888385142,472.0177888385142,401.0177888385142,408.0177888385142,0.010240682704816909,337.75924100351307,-0.0027252227616369595,-89.88357495961046,-0.04401437195920094,0.06191665677209029,True
669,334.5034004825144,454.04342050882974,467.04342050882974,395.04342050882974,402.04342050882974,0.01225987157311926,404.35633411330673,-0.00463174531751103,-152.76469626661194,-0.07379100577522874,0.06276842643424009,True
670,334.76103106013306,453.0690312199606,463.0690312199606,389.0690312199606,399.0690312199606,0.009481359830795635,312.7151765598997,0.0015400033123979962,50.79254625219278,0.02355908221402181,0.06536771247741657,True
671,335.01869467171707,459.09462097327514,468.09462097327514,397.09462097327514,404.09462097327514,0.008431446195380348,278.08681799838456,-0.0008423809098191794,-27.78349304803126,-0.013280608586639575,0.06342939062797341,True
672,335.2763912928952,467.12018977015896,478.12018977015896,404.12018977015896,412.12018977015896,0.010108444529883874,333.3977480362461,-0.001595101652170779,-52.609805311830996,-0.025034695107082935,0.06371564124699426,True
673,335.534120899296,458.14573761201655,469.14573761201655,395.14573761201655,403.14573761201655,0.010304124496629251,339.85168464893144,-0.0015993536749705287,-52.75004596130424,-0.024588030689974557,0.06504602565111665,True
674,335.79188346654803,470.1712645002699,478.1712645002699,407.1712645002699,415.1712645002699,0.007327391036031428,241.67275817478506,0.0011227750278675766,37.031480435564475,0.018133381938739798,0.06191757454073707,True
675,336.04967897028007,464.19677043635966,471.19677043635966,399.19677043635966,408.19677043635966,0.006500190545960201,214.38994727851806,0.0031823546846648535,104.96074664932141,0.04978347349563388,0.06392391814411971,True
676,336.30750738612073,467.22225542174374,475.22225542174374,403.22225542174374,411.22225542174374,0.007373249603379756,243.18527011832904,0.0011588665955346716,38.221856199880534,0.018278770055417348,0.06339959373750172,True
677,336.5653686896986,452.24771945789894,462.24771945789894,391.24771945789894,399.24771945789894,0.00949839167652505,313.2769226321367,-0.0007077666962607091,-23.343633332584034,-0.011184956313244813,0.06327844977119829,True
678,336.8232628566424,465.2731625463193,474.2731625463193,403.2731625463193,411.2731625463193,0.008320547461232904,274.4291446426549,0.00021050219689849707,6.942804918715524,0.0033950088755159134,0.06200343051135873,True
679,337.0811898625807,462.2985846885176,471.2985846885176,400.2985846885176,409.2985846885176,0.008373571711327934,276.17799586508886,0.0012826165927698543,42.30339122495093,0.02072172202840949,0.06189720096676263,True
680,337.3391496831422,466.32398588602405,475.32398588602405,404.32398588602405,412.32398588602405,0.008301975853062754,273.81661396861944,0.0002071177096299552,6.831177414577496,0.003348456047532079,0.06185468965095352,True
681,337.5971422939555,460.349366140387,469.349366140387,397.349366140387,405.349366140387,0.008408686180993503,277.33614488350395,0.000248287492416498,8.189043387685047,0.003892209791580321,0.06379088119905478,True
682,337.85516767064934,464.37472545317314,475.37472545317314,402.37472545317314,412.37472545317314,0.010167513256384451,335.3459587957197,0.0004938327891887296,16.287643399065303,0.007966205922697976,0.06199096457972046,True
683,338.1132257888523,466.400063825967,474.400063825967,401.400063825967,411.400063825967,0.00738613760301615,243.61034343626267,0.0033007799256502372,108.86666002090419,0.0519556069786933,0.06353077401258864,True
684,338.37131662419296,463.42538126037084,472.42538126037084,399.42538126037084,408.42538126037084,0.008353406328606993,275.51289915633464,0.0013236583900904878,43.65703596837375,0.020720259035435055,0.06388232829651473,True
685,338.62944015230005,454.45067775800544,463.45067775800544,390.45067775800544,399.45067775800544,0.008516766157653954,280.9008496924265,0.0013802151867649461,45.52239800223214,0.02115905732006685,0.06523046683445467,True
686,338.88759634880216,466.4759533205088,474.4759533205088,402.4759533205088,411.4759533205088,0.007384946134544715,243.5710463016681,0.002219576217708393,73.20628909730863,0.03524281681538897,0.0629795350733487,True
687,339.1457851893281,461.50120794953773,470.50120794953773,400.50120794953773,408.50120794953773,0.0083879006571589,276.65059461731573,0.00020161413866567716,6.649658075946945,0.0032799744116590555,0.061468204736297924,True
688,339.4040066495063,460.52644164676644,468.52644164676644,395.52644164676644,402.52644164676644,0.0074795348976087785,246.69078252833117,0.0001393570443022638,4.596288242568562,0.0021111706436491642,0.0660093700722291,True
689,339.66226070496543,460.55165441388726,468.55165441388726,396.55165441388726,403.55165441388726,0.007479128938246703,246.6773931352638,0.00012023706413809981,3.9656711075203077,0.0018521243454312749,0.06491846210795427,True
690,339.9205473313343,461.5768462526107,469.5768462526107,399.5768462526107,405.5768462526107,0.007462659219522907,246.1341871932347,-0.0009898201778743487,-32.64635001839747,-0.01567693944501059,0.06313861078218128,True
691,340.1788665042414,457.60201716466463,466.60201716466463,397.60201716466463,402.60201716466463,0.008458681746488757,278.98510372169494,-0.0030313142827349095,-99.9791167143633,-0.048458378711778605,0.06255500830443794,True
692,340.43721819931545,459.6271671517957,468.6271671517957,397.6271671517957,403.6271671517957,0.008421771226212543,277.7677171789331,-0.0019174305024876846,-63.24088831427224,-0.030012205679658562,0.06388835672238731,True
693,340.69560239218504,462.6522962157678,472.6522962157678,397.6522962157678,407.6522962157678,0.009287050122229525,306.3064339421802,0.0014993482304944405,49.45165619608139,0.023066344651331845,0.06500155326552222,True
694,340.9540190584788,462.6774043583632,471.6774043583632,398.6774043583632,407.6774043583632,0.008366781421507827,275.95403783397495,0.001328237729792861,43.80807221729913,0.020756130809861457,0.06399254957295804,True
695,341.2124681738255,459.70249158138154,468.70249158138154,396.70249158138154,404.70249158138154,0.008420404570767061,277.7226420097003,0.0002505454264770269,8.263514799064808,0.003921717604961031,0.0638866567445048,True
696,341.4709497138537,468.7275578866411,477.7275578866411,405.7275578866411,411.7275578866411,0.008259806705364935,272.42578684012324,-0.0018843773110834858,-62.15072458562008,-0.02961545690791718,0.06362816947050816,True
697,341.72946365419205,458.75260327597766,467.75260327597766,395.75260327597766,402.75260327597766,0.008437671492647819,278.2921413875267,-0.0008230955885301077,-27.14742261514479,-0.012748066271488638,0.0645663091955351,True
698,341.9880099704692,462.7776277512446,471.7776277512446,399.7776277512446,407.7776277512446,0.00836498677304398,275.8948465553767,0.00023992166693752835,7.913120878845405,0.003782230579401837,0.06343390808697659,True
699,342.2465886383138,466.8026313143141,474.8026313143141,402.8026313143141,410.8026313143141,0.007379821661207187,243.40203039961187,0.0011610961334659426,38.29539104723017,0.018296374540362946,0.06346044845685095,True
700,342.50519963335444,462.8276139670752,472.8276139670752,399.8276139670752,407.8276139670752,0.00928356954793473,306.19163728594623,-0.0006797263024418323,-22.41880220494363,-0.010639618681516748,0.0638863405530369,True
701,342.76384293121987,466.85257571143575,476.85257571143575,404.85257571143575,411.85257571143575,0.009204373579440012,303.5795877790582,-0.0017594938336126676,-58.0318049998603,-0.028034113429275358,0.06276259950404817,True
702,343.0225185075386,466.8775165493205,474.8775165493205,402.8775165493205,409.8775165493205,0.007378647966881426,243.36331949370202,0.0001024168600362715,3.377923319071556,0.0016007956942639728,0.06397872033467805,True
703,343.2812263379394,469.90243648267324,477.90243648267324,404.90243648267324,412.90243648267324,0.00733154780204621,241.8098570552651,0.001165507670226133,38.44089280240908,0.01818986816259094,0.06407455292188988,True
704,343.53996639805086,470.9273355134544,477.9273355134544,404.9273355134544,412.9273355134544,0.006407970829485408,211.3483471879856,0.002088567235599,68.88533749306669,0.03236456915343622,0.06453252090881773,True
705,343.79873866350164,459.9522136436433,468.9522136436433,395.9522136436433,403.9522136436433,0.008415876887671762,277.5733095042557,0.0002713401927472957,8.949369900208467,0.004178690255756108,0.0649342679499939,True
706,344.0575431099204,466.97707087523645,473.97707087523645,402.97707087523645,409.97707087523645,0.0064617760247316774,213.1229556230148,0.001017456449911346,33.55785236022788,0.016021298082000233,0.06350649271387367,True
707,344.3163797129357,466.00190721024865,476.00190721024865,403.00190721024865,410.00190721024865,0.00922099868929427,304.1279188471942,-0.0017422232012026572,-57.46218324097967,-0.027242795491342987,0.06395170428659892,True
708,344.5752484481763,470.0267226507119,478.0267226507119,405.0267226507119,413.0267226507119,0.007329625435220858,241.74645335664687,0.0011648479714972586,38.41913455167739,0.018184710646556402,0.06405644797641272,True
709,344.83414929127076,470.05151719867695,478.05151719867695,406.05151719867695,413.05151719867695,0.007329242052044713,241.73380857364555,9.384211965037144e-05,3.095110357472663,0.0014774238141163343,0.06351740018926091,True
710,345.0930822178478,477.0762908562117,484.0762908562117,410.0762908562117,418.0762908562117,0.006325978168583109,208.64405688698912,0.002064900540920433,68.10476015636874,0.03191957734845334,0.06469072313767613,True
711,345.35204720353596,465.1010436254021,473.1010436254021,401.1010436254021,407.1010436254021,0.007406592058510556,244.28497437270218,-0.0009581683150169801,-31.602405050741822,-0.014792801637950942,0.06477260619508333,True
712,345.611044223964,466.1257755083516,475.1257755083516,403.1257755083516,410.1257755083516,0.008305472554984462,273.93194254788847,-0.0008289753999771452,-27.34135115573531,-0.013059452847960399,0.06347703917064282,True
713,345.8700732547605,473.150486507182,483.150486507182,411.150486507182,418.150486507182,0.009083130205667547,299.58072646458436,-0.0017513322828160722,-57.76261989942026,-0.02830474958387792,0.061874148634532077,True
714,346.1291342715541,480.1751766240325,486.1751766240325,415.1751766240325,421.1751766240325,0.005393075851271102,177.87497754841044,0.0008383117150893927,27.6492824526008,0.013359725987957876,0.06274916984412898,True
715,346.3882272499735,475.19984586106034,481.19984586106034,411.19984586106034,417.19984586106034,0.005449188451161361,179.72568903864664,0.0008420076573781576,27.771182397968573,0.013493205579960397,0.062402344082615614,True
716,346.64735216564725,478.2244942204402,485.2244942204402,414.2244942204402,419.2244942204402,0.006310899497187134,208.14673060974295,-0.0011000263888556495,-36.281182504459025,-0.017475700696102124,0.06294605337919329,True
717,346.9065089942041,485.24912170436505,492.24912170436505,420.24912170436505,425.24912170436505,0.006220191927973675,205.15500431434657,-0.0010835810829228328,-35.738781747590934,-0.017199772330694488,0.06299973407142653,True
718,347.1656977112726,485.273728315045,491.273728315045,419.273728315045,426.273728315045,0.005336759956961209,176.0175609809001,0.0018541571317773472,61.153999550810624,0.029637089818814116,0.06256205123757791,True
719,347.42491829248155,475.2983140547085,481.2983140547085,408.2983140547085,417.2983140547085,0.005448066586829831,179.68868759489055,0.004020976878127349,132.62026933127703,0.06284917297623417,0.06397819872105309,True
720,347.68417071345937,475.3228789256016,483.3228789256016,410.3228789256016,418.3228789256016,0.007248634821427718,239.07521267556297,0.0011372496690677542,37.508884527312205,0.017967630188542465,0.06329436086640694,True
721,347.9434549498349,470.3474229299877,480.3474229299877,406.3474229299877,414.3474229299877,0.009136696214211247,301.34744601940446,-0.0006695639448965202,-22.083626292336078,-0.010485522343642561,0.0638560410204534,True
722,348.2027709772367,468.3719460701486,477.3719460701486,404.3719460701486,412.3719460701486,0.00826601866649391,272.630670375386,0.0002420755038455881,7.984158947329718,0.003800910575792456,0.06368881851294739,True
723,348.4621187712934,463.3964483483835,473.3964483483835,399.3964483483835,405.3964483483835,0.009272294451791844,305.8197609154703,-0.0027965534713639845,-92.23621169996272,-0.04240621774743406,0.0659467790317895,True
724,348.72149830763374,476.42092976700906,486.42092976700906,411.42092976700906,418.42092976700906,0.009021421202538401,297.5454338321723,-0.0016944023334390266,-55.884950505082514,-0.026248783354555244,0.0645516521871471,True
725,348.98090956188616,480.4453903283602,487.4453903283602,415.4453903283602,419.4453903283602,0.00628193684501042,207.1914814629205,-0.002120455463633544,-69.93707828109328,-0.03303388515747971,0.06419031408279323,True
726,349.24035250967955,482.4698300347891,490.4698300347891,418.4698300347891,423.4698300347891,0.00714213697086484,235.5626897108876,-0.001983814965830678,-65.43038745211862,-0.03159045862252217,0.06279791596366166,True
727,349.4998271266424,475.4942488886659,482.4942488886659,408.4942488886659,415.4942488886659,0.006346872612788473,209.33319957595012,0.001032197648364562,34.04404807047072,0.015772414608989194,0.06544322311792895,True
728,349.75933338840343,473.5186468923787,481.5186468923787,408.5186468923787,415.5186468923787,0.00727602397134817,239.97856441055148,0.00010260931141386521,3.3842707700276833,0.0016014214362870312,0.06407389653267637,True
729,350.01887127059126,480.54302404833265,487.54302404833265,412.54302404833265,423.54302404833265,0.006280669705079509,207.14968852453484,0.005147615645420159,169.77918401447113,0.08082396872202827,0.06368922148730362,True
730,350.27844074883444,487.56738035895114,497.56738035895114,421.56738035895114,429.56738035895114,0.008817258649469913,290.81172369258206,-0.0006529623821548321,-21.536071857467505,-0.010283823697274992,0.06349412449844449,True
731,350.5380417987618,476.5917158266748,483.5917158266748,409.5917158266748,418.5917158266748,0.006332363447730636,208.85465681480932,0.003107101440870107,102.47873649044695,0.0483657477166485,0.06424177413886187,True
732,350.79767439600187,489.61603045396237,497.61603045396237,422.61603045396237,429.61603045396237,0.007038733941042581,232.15224043939494,9.577761218704326e-05,3.1589469696398282,0.00149976437028687,0.0638617732789073,True
733,351.0573385161833,481.64032424329025,491.64032424329025,415.64032424329025,422.64032424329025,0.008924656331795778,294.3539250002017,-0.0016714004143978303,-55.12629886622986,-0.025776960336476324,0.06484086535341693,True
734,351.3170341349347,494.66459719715203,504.66459719715203,428.66459719715203,435.66459719715203,0.008692010223149206,286.6807673266487,-0.001657357543258923,-54.663135458661685,-0.026298124674367217,0.06302189086791993,True
735,351.57676122788484,486.6888493180593,495.6888493180593,422.6888493180593,427.6888493180593,0.007957753319913084,262.46343128693627,-0.002850616956641733,-94.01933908314271,-0.0454963753638108,0.06265591344028695,True
736,351.83651977066233,485.7130806085411,493.7130806085411,417.7130806085411,424.7130806085411,0.007094834224589017,234.00254571072355,0.00012272734512015077,4.047805808753424,0.0018754075342824778,0.06544036049588853,True
737,352.0963097388957,487.7372910711447,494.7372910711447,420.7372910711447,427.7372910711447,0.006188684922245946,204.11583703930881,0.0009774233223291719,32.23747566495231,0.01534747952462074,0.06368624377450183,True
738,352.3561311082137,488.7614807084342,497.7614807084342,423.7614807084342,428.7614807084342,0.007924313841828698,261.3605270116165,-0.002830029215835924,-93.3403121169741,-0.04464436806798692,0.06339050900051264,True
739,352.6159838542449,483.78564952299166,493.78564952299166,421.78564952299166,424.78564952299166,0.008885482453455539,293.06188815102377,-0.005807445432768062,-191.54175733014563,-0.09297133230717634,0.06246490491908109,True
740,352.875867952618,486.8097975174171,497.8097975174171,421.8097975174171,428.8097975174171,0.009704129571563993,320.0625908612019,-0.002556092965077605,-84.30531876677907,-0.040240318802711894,0.06352069370050178,True
741,353.1357833789617,479.83392469432783,490.83392469432783,413.83392469432783,421.83392469432783,0.009843622249916141,324.6633525998317,-0.0015282084157798876,-50.40352576944963,-0.02350042685284324,0.06502896416943145,True
742,353.39573010890456,488.8580310563584,496.8580310563584,420.8580310563584,427.8580310563584,0.007049559756737116,232.5092985963194,0.00011450946657117801,3.7767629006419554,0.0017619584116647026,0.06498988047225768,True
743,353.6557081180752,481.8821166061616,490.8821166061616,413.8821166061616,422.8821166061616,0.00803640128865047,265.0574066099597,0.0013062568153305726,43.08309545555909,0.019969981000817746,0.06541101943347281,True
744,353.91571738210234,493.9061813464075,500.9061813464075,424.9061813464075,433.9061813464075,0.006111929570585709,201.58428420567543,0.002990858422055603,98.64479739298065,0.04683755963513672,0.0638559832184748,True
745,354.1757578766146,484.93022527978405,492.93022527978405,416.93022527978405,423.93022527978405,0.007106194693100037,234.37723784134894,0.00012480684124995412,4.116391962110299,0.0019038937304860916,0.06555347037047553,True
746,354.4358295772406,489.95424840899614,495.95424840899614,420.95424840899614,427.95424840899614,0.0052860870354420825,174.3462615172735,0.0018763581281969087,61.88623507810274,0.028874843526741745,0.06498245181689606,True
747,354.6959324596091,491.97825073676677,499.97825073676677,424.97825073676677,431.97825073676677,0.007005208755625437,231.04650935608834,8.996815304608378e-05,2.9673387959808792,0.0014160583010956321,0.06353421534725912,True
748,354.9560664993486,495.0022322658367,504.0022322658367,429.0022322658367,434.0022322658367,0.007825302538781906,258.09492612036706,-0.0027928912455984422,-92.11542379640127,-0.04395204899302884,0.06354405106440926,True
749,355.21623167208776,498.02619299896355,507.02619299896355,432.02619299896355,440.02619299896355,0.007778211109800526,256.54175180875205,0.00019023982445850064,6.274509285159354,0.003085954974786056,0.06164698643138487,True
750,355.4764279534553,500.05013293892284,508.05013293892284,431.05013293892284,440.05013293892284,0.006893022269377397,227.346363229291,0.002081350890229359,68.64732725438182,0.03280554803234913,0.06344508825693038,False
751,355.7366553190798,501.07405208850787,508.07405208850787,431.07405208850787,439.07405208850787,0.006025102004973674,198.72052858462595,0.001960788524214537,64.67092700719914,0.03046138836093301,0.06436963742365942,False
752,355.9969137445899,499.0979504505292,506.0979504505292,429.0979504505292,436.0979504505292,0.006048792109795165,199.50187803704446,0.0009788133274309533,32.28332095492971,0.015026316164306917,0.06513993960515742,True
753,356.25720320561436,494.1218280278149,503.1218280278149,427.1218280278149,431.1218280278149,0.007839120231704546,258.55066267704944,-0.003790874739142913,-125.03101712447724,-0.05816213434817436,0.06517771023411392,True
754,356.5175236777817,506.1456848232108,517.1456848232108,439.1456848232108,446.1456848232108,0.009337366591484743,307.9659768608984,-0.0024692894013252633,-81.442354777513,-0.03925640725436753,0.0629015636944346,False
755,356.7778751367206,501.16952083957995,510.16952083957995,431.16952083957995,438.16952083957995,0.007729857864287479,254.94696013564794,-0.0007357464022283017,-24.26646284732638,-0.01119781333849591,0.06570447104158705,False
756,357.03825755805974,511.193336079803,519.193336079803,442.193336079803,450.193336079803,0.0067439258756452625,222.42885077090386,0.0010429428479359478,34.39844733820274,0.016700039750832393,0.0624515188883885,False
757,357.29867091742767,506.2171305467782,515.2171305467782,437.2171305467782,443.2171305467782,0.007653456794281859,252.427092255666,-0.0017340887131176153,-57.19389072565116,-0.026882298716450714,0.06450671244332368,False
758,357.5591151904532,514.2409042434213,524.2409042434213,444.24090424342126,452.24090424342126,0.008364285297738435,275.8717104253341,-0.000612988947859992,-20.217663972280462,-0.00959976646562981,0.06385456876005116,False
759,357.81959035276486,515.2646571726652,524.2646571726652,446.26465717266524,452.26465717266524,0.007520226601920356,248.03288046843753,-0.0017200694311256337,-56.731505337731846,-0.027174196038437206,0.06329789586755905,False
760,358.08009637999123,518.288389337461,528.288389337461,448.288389337461,455.288389337461,0.008299586004789677,273.7377917492327,-0.0015705016269026723,-51.79844477047607,-0.024616306221116883,0.06379923993452077,False
761,358.3406332477611,512.3121007407767,522.3121007407767,438.3121007407767,449.3121007407767,0.008395473560542323,276.900364888762,0.0023691808372182915,78.14056391011138,0.035591154682138415,0.06656656291084806,False
762,358.60120093170303,525.3357913855975,536.3357913855975,453.33579138559753,462.33579138559753,0.008999789268502607,296.8319671784373,-0.00046228240523820546,-15.247045419060953,-0.00719526706593947,0.06424812324570002,False
763,358.86179940744574,525.3594612749271,535.3594612749271,453.35946127492707,460.35946127492707,0.008188924321339353,270.0879368237627,-0.0015345347162968228,-50.612180458062795,-0.02368798504149197,0.06478114173108965,False
764,359.12242865061785,528.3831104117853,539.3831104117853,457.3831104117853,464.3831104117853,0.008948416271891108,295.13757776674163,-0.0023521237469723644,-77.5779852206571,-0.0368412358971871,0.06384486539855612,False
765,359.3830886368479,533.4067387992104,542.4067387992104,460.4067387992104,467.4067387992104,0.0072665784653687115,239.6670317693717,-0.0007132805663859097,-23.525492359190196,-0.011097589763059999,0.06427346672699794,False
766,359.6437793417646,556.4303464402581,564.4303464402581,482.43034644025806,489.43034644025806,0.006199548036740716,204.47412538906522,5.6727103475271226e-05,1.8709791101254325,0.0009157238884072072,0.06194782531439829,False
767,359.9045007409967,554.4539333380005,564.4539333380005,480.4539333380005,485.4539333380005,0.007763034982511519,256.0412112313063,-0.0032667638985385845,-107.74473994678829,-0.051165425303850876,0.06384709751044945,False
768,360.16525281017266,564.4774994955283,570.4774994955283,488.47749949552826,493.47749949552826,0.004591884557817717,151.4500046266196,-0.00016909292515587208,-5.577040096442687,-0.0026888538562161177,0.06288661794130665,False
769,360.4260355249213,559.501044915949,565.501044915949,481.501044915949,488.501044915949,0.004632509791460532,152.7899102243522,0.0016357532975502364,53.95058202415419,0.02540550116533607,0.06438579136482853,False
770,360.6868488608711,564.5245696023878,569.5245696023878,483.5245696023878,491.5245696023878,0.0038296162046317418,126.30879208890572,0.003297068349291827,108.74424443105751,0.050248110998526274,0.0656157671158728,False
771,360.94769279365084,577.548073557987,584.548073557987,498.548073557987,503.548073557987,0.005232094005174989,172.56545788843778,-0.0008981976300334307,-29.62444580462855,-0.013962302098254529,0.06433019595999984,False
772,361.20856729888914,578.5715567859063,584.5715567859063,500.5715567859063,505.5715567859063,0.004480600837633686,147.77963362218202,-0.00016413679628854514,-5.413576548865279,-0.0026064638926376615,0.06297297912016872,False
773,361.46947235221455,589.5950192893233,599.5950192893233,511.5950192893233,518.5950192893233,0.007304210512388395,240.90821578074602,-0.001402176814759415,-46.2467386557243,-0.022496528264727464,0.06232858680500948,False
774,361.7304079292559,597.6184610714322,605.6184610714322,515.6184610714322,522.6184610714322,0.005775100461129463,190.47495217800522,8.118797172514038e-05,2.6777499605177297,0.0012674737632460708,0.06405495252005333,False
775,361.9913740056416,597.6418821354453,605.6418821354453,515.6418821354453,523.6418821354453,0.005774875638045096,190.46753704011607,0.0009113146005144505,30.057071062303095,0.014320473724340763,0.06363718254414119,False
776,362.2523705570005,617.6652824845917,627.6652824845917,534.6652824845917,543.6652824845917,0.00697491620360619,230.04739731707676,0.0002746995010519289,9.06016694919191,0.004392812398406689,0.06253385670454872,False
777,362.5133975589611,629.6886621221181,638.6886621221181,543.6886621221181,552.6886621221181,0.006163333044290119,203.27967881595654,0.0009669460109019432,31.89191191130206,0.015277509222573109,0.06329212418168553,False
778,362.7744549871521,633.7120210512885,642.7120210512885,545.7120210512885,555.7120210512885,0.006124477421485187,201.99813870329007,0.0017617934244441077,58.10765033910519,0.027507594375570505,0.06404752812586027,False
779,363.0355428172022,637.7353592753848,644.7353592753848,547.7353592753848,556.7353592753848,0.004740991774437627,156.36787404659475,0.0023370353530978967,77.08033827563406,0.03600912304267128,0.06490120157406998,False
780,363.29666102474,644.758676797705,653.758676797705,555.758676797705,565.758676797705,0.006020270605835802,198.56117888570157,0.0017247008012845656,56.88425766047996,0.027097233698877624,0.06364859307966936,False
781,363.5578095853941,655.7819736215654,665.7819736215654,566.7819736215654,573.7819736215654,0.006572557791080191,216.77677113487542,-0.0012416869509856302,-40.95344560686405,-0.019412190377169788,0.06396428877217011,False
782,363.81898847479323,669.8052497502995,677.8052497502995,578.8052497502995,584.8052497502995,0.005156381121866797,170.06828785227077,-0.0006775800333014359,-22.348013737343877,-0.010627893581868827,0.06375487560934809,False
783,364.0801976685659,676.8285051872576,685.8285051872576,584.8285051872576,588.8285051872576,0.005736890712877793,189.21471436570107,-0.002776597137561454,-91.57800986394793,-0.04282333971018545,0.06483840719459454,False
784,364.34143714234096,693.8517399358082,702.8517399358082,601.8517399358082,607.8517399358082,0.005597042597694429,184.60222957326755,-0.0012888988205614757,-42.51059230244462,-0.02064827879577074,0.06242161069742399,False
785,364.60270687174693,707.8749539993362,714.8749539993362,609.8749539993362,616.8749539993362,0.0042735351964934215,140.9501735358399,0.0006828040686095126,22.520313402463017,0.010606772897558844,0.0643743460149562,False
786,364.86400683241243,725.8981473812441,731.8981473812441,624.8981473812441,630.8981473812441,0.0035749598413338966,117.90968995250839,0.0005750551420456041,18.966527321575,0.008877195122423725,0.06477892331024913,False
787,365.1253369999661,748.921320084952,757.921320084952,647.921320084952,654.921320084952,0.00518792966526366,171.1088251269467,-0.0005210719292839117,-17.18604749470336,-0.008248142287490386,0.06317445930512132,False
788,365.3866973500367,766.9444721138966,775.9444721138966,661.9444721138966,669.9444721138966,0.005066721989367063,167.11114120345414,0.00015052627136077999,4.964672828110537,0.002356867221014284,0.06386709867177015,False
789,365.6480878582528,764.9676034715328,772.9676034715328,657.9676034715328,664.9676034715328,0.004518249113506264,149.02135289523707,7.77276647910127e-05,2.563621764439489,0.0011885024262194926,0.06539966858818844,False
790,365.90950850024296,790.9907141613317,797.9907141613317,681.9907141613317,688.9907141613317,0.0038264525758735556,126.2044489626726,0.0006084547519322235,20.068116659931533,0.009493948027256671,0.064088696313207,False
791,366.17095925163596,803.0138041867826,811.0138041867826,694.0138041867826,700.0138041867826,0.004305235287809078,141.99570917942367,-0.0005667397707712421,-18.692268898455467,-0.008905643596457478,0.0636382721397791,False
792,366.43244008806045,820.0368735513912,828.0368735513912,708.0368735513912,715.0368735513912,0.004216295721261273,139.06229532819302,5.626696053361458e-05,1.855802628712354,0.0008826276836256825,0.06374937199168691,False
793,366.69395098514497,834.0599222586814,843.0599222586814,720.0599222586814,728.0599222586814,0.004661190874960203,153.73587264436264,0.00013729484941359463,4.528272720510614,0.002153308051877683,0.06375996657509064,False
794,366.9554919185182,859.0829503121934,870.0829503121934,743.0829503121934,751.0829503121934,0.005525558585898438,182.24453660844762,-0.0008749517769246744,-28.857748707490742,-0.013792826158688985,0.06343527909785815,False
795,367.21706286380885,870.1059577154849,878.1059577154849,748.1059577154849,757.1059577154849,0.003974781405747166,131.0966455516251,0.0012187689210976065,40.197560808613844,0.018750393641818956,0.06499964450769659,False
796,367.4786637966455,884.1289444721313,893.1289444721313,762.1289444721313,770.1289444721313,0.004398555519684645,145.07360658110153,0.00013643490252321366,4.499909864500864,0.0021179316544068555,0.06441893544549879,False
797,367.74029469265685,903.1519105857244,913.1519105857244,780.1519105857244,789.1519105857244,0.004782227126510448,157.72790263258713,0.0001992087659891794,6.570323829103955,0.00313803424670411,0.0634820241998344,False
798,368.0019555274714,924.174856059874,932.174856059874,797.174856059874,806.174856059874,0.003743235815370077,123.45978528383358,0.0011324208930020147,37.34962134282037,0.01779574967167498,0.06363434605986051,False
799,368.263646276718,947.1977808982065,956.1977808982065,819.1977808982065,825.1977808982065,0.004107059557598428,135.4594570416847,-0.0009377753343277001,-30.9298016825923,-0.01476328142311996,0.06352079239369521,False
800,368.5253669160252,961.2206851043659,970.2206851043659,828.2206851043659,835.2206851043659,0.004047421461954362,133.4924672910736,-0.0003922528784304838,-12.93732442640814,-0.006046458488740339,0.06487316156406822,False
801,368.7871174210216,986.2435686820129,996.2435686820129,852.2435686820129,860.2435686820129,0.004381346613739926,144.50602069079216,-0.0003236447437439246,-10.674483933605956,-0.005090172520078953,0.06358227397347715,False
802,369.0488977673359,1016.2664316348257,1025.2664316348257,877.2664316348257,886.2664316348257,0.003829157716313687,126.29367018045696,0.0006036309797897779,19.90901851534784,0.0094948968426594,0.06357425360091733,False
803,369.3107079305968,1029.2892739664996,1038.2892739664996,886.2892739664996,896.2892739664996,0.0037809204668109,124.70270429958897,0.001091785291978095,36.009373807067206,0.016948960780916185,0.06441606102525171,False
804,369.57254788643274,1050.3120956807472,1055.3120956807472,904.3120956807472,913.3120956807472,0.002062548958032725,68.02720000982349,0.002238320605288594,73.82451839946116,0.03503898296263169,0.06388086685266275,False
805,369.83441761047266,1073.334896781298,1081.334896781298,923.3348967812981,933.3348967812981,0.003224969163103914,106.36626172172646,0.0014532852356554837,47.93240180420017,0.022479500146834776,0.06464935724383149,False
806,370.0963170783449,1106.3576772718986,1116.3576772718986,954.3576772718986,964.3576772718986,0.003907809528900358,128.88777228170935,0.0006191612194850352,20.42123846427816,0.009693356417841742,0.06387480175034083,False
807,370.35824626567836,1128.380437156313,1141.380437156313,975.3804371563131,986.3804371563131,0.004974876485941132,164.0818834458501,-0.00010446701745268558,-3.4455418199923997,-0.0016494686110055646,0.06333374079122331,False
808,370.62020514810155,1160.4031764383221,1169.4031764383221,1001.4031764383221,1010.4031764383221,0.003355360221182931,110.66683289260145,0.0005303779926249547,17.492981024566788,0.008321644760639796,0.06373475531346492,False
809,370.8821937012431,1189.4258951217241,1198.4258951217241,1028.4258951217241,1035.4258951217241,0.0032737951844035223,107.97664653402221,-0.0003277764391297188,-10.810755932044785,-0.005175830911885787,0.06332827418627847,False
810,371.14421190073176,1211.4485932103341,1219.4485932103341,1047.4485932103341,1055.4485932103341,0.0028585070711093803,94.27957164290848,0.00044586048303621147,14.70541590678674,0.007082845818867621,0.06294934189425769,False
811,371.40625972219607,1229.4712707079843,1236.4712707079843,1059.4712707079843,1065.4712707079843,0.0024656450732028347,81.32215717584135,-1.3085753873242397e-05,-0.4315956683342961,-0.0002024538315869516,0.06463574322436183,False
812,371.6683371412648,1262.4939276185241,1272.4939276185241,1091.4939276185241,1097.4939276185241,0.0034264206336784425,113.01055466210721,-0.0010456185557137167,-34.4866978049164,-0.016406805344637707,0.0637307832786265,False
813,371.9304441335664,1288.5165639458203,1297.5165639458203,1114.5165639458203,1122.5165639458203,0.0030229049084075908,99.70175787296758,8.332594991140255e-05,2.748264975022991,0.0013234362649952927,0.06296181547639465,False
814,372.1925806747297,1320.539179693756,1330.539179693756,1141.539179693756,1151.539179693756,0.0032763764990135745,108.06178371565488,0.0005115205283819984,16.87102221639516,0.008118766633693406,0.06300470889989068,False
815,372.45474674038326,1348.561774866232,1359.561774866232,1167.561774866232,1173.561774866232,0.0035281001668738556,116.36415939214343,-0.0013020129559670251,-42.94312405337095,-0.020587794334779082,0.0632419838082182,False
816,372.7169423061558,1373.5843494671662,1384.5843494671662,1186.5843494671662,1193.5843494671662,0.003464084434675402,114.25278598639741,-0.0009095847141110231,-30.00001577258412,-0.014209705557765804,0.06401151033097391,False
817,372.9791673476758,1408.6069035004928,1417.6069035004928,1216.6069035004928,1222.6069035004928,0.002766006973635267,91.22872399767171,-0.0006294397407865218,-20.760245701734647,-0.009842030557383962,0.0639542558943069,False
818,373.2414218405721,1434.629436970164,1442.629436970164,1239.629436970164,1248.629436970164,0.002415051937015771,79.65348920017094,0.0007266367540566172,23.966007502603063,0.011518460284294301,0.06308453874233555,False
819,373.50370576047317,1456.6519498801483,1465.6519498801483,1258.6519498801483,1265.6519498801483,0.0026750555924606586,88.2289562713162,-0.00026641599395971216,-8.786959473776378,-0.004190027668236545,0.06358334957531164,False
820,373.7660190830078,1487.6744422344316,1495.6744422344316,1284.6744422344316,1291.6744422344316,0.002329170551286511,76.82094058047778,3.081172633034824e-05,1.0162354990699072,0.0004837050355146892,0.06369941197234559,False
821,374.0283617838046,1518.696914037017,1528.696914037017,1311.696914037017,1321.696914037017,0.0028502784035852892,94.00817289171975,0.0004481007815950182,14.779305662250806,0.0070663239604475785,0.0634135632760652,False
822,374.2907338384921,1554.7193652919239,1564.7193652919239,1342.7193652919239,1351.7193652919239,0.0027844494289089037,91.83699493770726,0.0001168337431025181,3.8534224261576213,0.0018367677187031421,0.0636083386662572,False
823,374.5531352226991,1579.7417960031896,1590.7417960031896,1362.7417960031896,1373.7417960031896,0.003013583468279471,99.39431718434507,0.00047795219892946255,15.763868152114725,0.007475764308964066,0.06393355637982834,False
824,374.8155659120542,1619.7642061748675,1629.7642061748675,1398.7642061748675,1408.7642061748675,0.0026729777232469966,88.1604237770733,0.00042082048451121774,13.879544122618213,0.006627420185416029,0.06349687702573233,False
825,375.078025882186,1649.786595811029,1655.786595811029,1421.786595811029,1432.786595811029,0.0015765917752018498,51.99931066256766,0.0017705026074015203,58.39489749930397,0.02779085388958958,0.06370810391201216,False
826,375.34051510872314,1677.8089649157614,1688.8089649157614,1448.8089649157614,1455.8089649157614,0.002838015124253165,93.60370416255152,-0.0007447503078630256,-24.563430580915124,-0.01161788785623657,0.06410376112067892,False
827,375.60303356729435,1709.8313134931695,1721.8313134931695,1475.8313134931695,1483.8313134931695,0.0030373353045373024,100.17770266929048,-0.0006895242499205278,-22.741959107582574,-0.01073000649949233,0.06426130775905414,False
828,375.86558123352813,1749.8536415473757,1759.8536415473757,1511.8536415473757,1521.8536415473757,0.0024748255173672297,81.62494752121381,0.0003883119862836326,12.807345519848454,0.006134681896628015,0.06329781932084724,False
829,376.12815808305334,1781.875949082518,1790.875949082518,1537.875949082518,1547.875949082518,0.0021880380817213825,72.16609508088551,0.0006268091035771645,20.673481757103303,0.009848867949423967,0.0636427563854001,False
830,376.39076409149845,1824.8982361027524,1835.8982361027524,1577.8982361027524,1589.8982361027524,0.0026099531700285884,86.0817415374974,0.0006803836663539179,22.44048344851005,0.010830777120301806,0.06281946888913162,False
831,376.6533992344921,1846.9205026122515,1861.9205026122515,1593.9205026122515,1605.9205026122515,0.003512931796587581,115.86387465695262,-0.00025554606646632045,-8.428446417004835,-0.003986098630458536,0.06410931844828036,False
832,376.9160634876631,1888.9427486152047,1900.9427486152047,1631.9427486152047,1641.9427486152047,0.0027502420339616997,90.70876315012924,-9.715088030192451e-05,-3.2042402386089748,-0.0015284319213137109,0.06356245178288467,False
833,377.17875682663987,1921.9649741158184,1934.9649741158184,1657.9649741158184,1668.9649741158184,0.002927639195298611,96.55969441090832,-5.576826108403838e-05,-1.8393544726242368,-0.0008686915449706638,0.06419800147349392,False
834,377.4414792270512,1952.9871791183164,1965.9871791183164,1683.9871791183164,1695.9871791183164,0.0028812890604885395,95.03096953922604,0.00020249509134735635,6.678713747106855,0.003151215305339492,0.06425936399973813,False
835,377.70423066452577,1988.0093636269387,2004.0093636269387,1717.0093636269387,1727.0093636269387,0.003481320802180946,114.82127761670556,-0.0009592921096157419,-31.639470158768546,-0.014959625802794415,0.06412540809921521,False
836,377.9670111146922,2032.0315276459423,2048.0315276459423,1759.0315276459423,1767.0315276459423,0.0034061960495369572,112.34350536606499,-0.0014355212418398692,-47.34650794914201,-0.022651373226794537,0.06337457899204878,False
837,378.229820553179,2059.0536711796017,2071.0536711796017,1780.0536711796017,1792.0536711796017,0.0025236866821992145,83.23649144107729,0.00039422864792692126,13.002489457368526,0.006253879443591217,0.0630374556277887,False
838,378.49265895561496,2101.0757942322075,2112.0757942322075,1815.0757942322075,1827.0757942322075,0.0022677798581889077,74.7961464819776,0.0005940190066669954,19.591995437875667,0.009391613039100109,0.06324994483843357,False
839,378.75552629762865,2136.0978968080676,2145.0978968080676,1843.0978968080676,1855.0978968080676,0.0018259646525971348,60.22415232827764,0.0009924648543048378,32.73357700605149,0.01561055732122781,0.06357651644859902,False
840,379.01842255484877,2175.119978911507,2187.119978911507,1880.1199789115071,1891.1199789115071,0.002389390303654877,78.80711459246935,0.00014412806290774747,4.753646464617972,0.002279584344220131,0.06322558903037875,False
841,379.2813477029039,2210.142040546867,2223.142040546867,1909.142040546867,1921.142040546867,0.0025470257912269256,84.00626431444148,0.00017420883440622675,5.745773536902675,0.002743669159437146,0.06349484004185296,False
842,379.54430171742274,2245.164081718506,2259.164081718506,1943.1640817185062,1953.1640817185062,0.002699688879225302,89.04141384674077,-0.00047043396404043876,-15.515900962524114,-0.007470309095565794,0.06297382852868534,False
843,379.80728457403393,2277.1861024307996,2292.1861024307996,1968.1861024307996,1981.1861024307996,0.002851350398724359,94.043529544686,7.761562843904089e-06,0.2559926570056774,0.00012256037845640778,0.06332848300288757,False
844,380.07029624836605,2316.2081026881397,2330.2081026881397,2001.2081026881397,2015.2081026881397,0.0026171315171546815,86.31849851423965,0.00041051654547288093,13.53969855477358,0.006487296453431067,0.06328006565134892,False
845,380.3333367160479,2362.2300824949352,2374.2300824949352,2038.230082494935,2051.2300824949352,0.002200607522057816,72.58066164351087,0.0005605624392150252,18.488527519291964,0.008787800551717408,0.06378870752881094,False
846,380.596405952708,2398.2520418556114,2410.2520418556114,2072.2520418556114,2085.2520418556114,0.0021676365502219124,71.49320968904254,0.0005483423407624758,18.08548298629617,0.00867931377252843,0.06317807549464069,False
847,380.85950393397496,2434.2739807746116,2445.2739807746116,2100.2739807746116,2115.2739807746116,0.0019580696536197575,64.58125294005438,0.0011326055238882792,37.35571085753418,0.017828670010666445,0.06352720215308656,False
848,381.12263063547755,2474.295899256395,2485.295899256395,2136.295899256395,2149.295899256395,0.0019264678741392485,63.53895982744027,0.0007083353676213819,23.36238930937757,0.011166131033826064,0.06343606084109077,False
849,381.3857860328443,2507.3177973054376,2519.3177973054376,2163.3177973054376,2176.3177973054376,0.0020735713123279115,68.39074042291166,0.0005284191221545903,17.42837335900721,0.00827920656165448,0.06382485063266657,False
850,381.64897010170387,2550.3396749262324,2560.3396749262324,2199.3396749262324,2213.3396749262324,0.0016995589291555612,56.055025870717955,0.0010562013086907638,34.83573924251252,0.016560689249260102,0.06377761775452388,False
851,381.912182817685,2585.361532123289,2595.361532123289,2230.361532123289,2241.361532123289,0.0016765807238995375,55.297156362345554,0.0004600672161508938,15.17398382674559,0.007197999543984053,0.06391598295326498,False
852,382.1754241564163,2635.3833689011344,2645.3833689011344,2272.3833689011344,2288.3833689011344,0.0016448179690159539,54.24955394257586,0.0014023627428540306,46.25287095509623,0.02202859456878375,0.0636610174323735,False
853,382.4386940935263,2675.4051852643115,2688.4051852643115,2304.4051852643115,2321.4051852643115,0.002105159925296733,69.43259927629497,0.0010869464686911546,35.849779244101384,0.016907652950209642,0.06428724743120998,False
854,382.7019926046438,2709.4269812173798,2723.4269812173798,2336.4269812173798,2354.4269812173798,0.002238284425485333,73.82332511350148,0.0010947287554281355,36.1064554186613,0.01716471066596625,0.06377787407734962,False
855,382.9653196653974,2747.4487567649176,2758.4487567649176,2369.4487567649176,2385.4487567649176,0.0017353194988559346,57.234484626350536,0.0011874513568265732,39.16464171101431,0.018644658601196018,0.06368855457350131,False
856,383.22867525141567,2797.4705119115165,2809.4705119115165,2416.4705119115165,2430.4705119115165,0.0018589607837206953,61.31243408893643,0.0006498956787793575,21.434925534088535,0.010273557329011295,0.06325906966461656,False
857,383.4920593383273,2833.492246661788,2846.492246661788,2447.492246661788,2460.492246661788,0.0019879765973433825,65.56764680694717,0.0003126995665309715,10.313488982912162,0.00492872172433171,0.06344435413897723,False
858,383.755471901761,2880.5139610203587,2891.5139610203587,2486.5139610203587,2503.5139610203587,0.0016553090694936135,54.595572488093254,0.0013038065390371001,43.00228019304319,0.020620982237505848,0.06322717919157658,False
859,384.01891291734535,2916.5356549918724,2929.5356549918724,2517.5356549918724,2532.5356549918724,0.0019314980168537142,63.70486450726968,0.0006484403588293724,21.386926023128872,0.01020082545365451,0.06356743988762836,False
860,384.282382360709,2969.5573285809896,2980.5573285809896,2563.5573285809896,2580.5573285809896,0.0016057656091035533,52.96152502657359,0.001264712038486171,41.71286139020477,0.02000609905055415,0.06321632394652868,False
861,384.54588020748054,3007.578981792387,3020.578981792387,2594.578981792387,2610.578981792387,0.001873154967472975,61.78058810454509,0.0007967865192692813,26.27969421058586,0.012498268536404736,0.06375175224859472,False
862,384.8094064332887,3052.600614630758,3064.600614630758,2635.600614630758,2650.600614630758,0.0017038970184348,56.198105173592175,0.0007607971657067948,25.092689682288615,0.011998065014717604,0.06340998859178973,False
863,385.07296101376215,3087.622227100814,3098.622227100814,2663.622227100814,2679.622227100814,0.0015444731843907678,50.939972025959904,0.0010564680747994135,34.84453774950468,0.01660505143419232,0.06362329433222866,False
864,385.33654392452945,3128.643819207282,3145.643819207282,2700.643819207282,2716.643819207282,0.0023534223117285306,77.62081461583311,0.00021196921974572357,6.9911904158251446,0.003323295986423222,0.06378282903830682,False
865,385.6001551412193,3173.665390954905,3187.665390954905,2740.665390954905,2756.665390954905,0.0019115913859851195,63.04830197848915,0.0006164468955508627,20.331714355557125,0.00972361308237951,0.06339689684567427,False
866,385.86379463946037,3222.686942348444,3232.686942348444,2783.686942348444,2799.686942348444,0.0013455295914792872,44.37839416233884,0.0011435499059286795,37.71667958176575,0.01814411153290624,0.06302595218590518,False
867,386.1274623948812,3268.7084733926763,3277.7084733926763,2820.7084733926763,2836.7084733926763,0.0011941349997852966,39.385082304473485,0.0012623677830620257,41.63554291880976,0.01991530961141252,0.06338680179687603,False
868,386.3911583831105,3315.729984092395,3327.729984092395,2863.729984092395,2876.729984092395,0.001568923264580647,51.74638706345777,0.0003981100211393367,13.130505304364767,0.006274583946866889,0.06344803488335293,False
869,386.65488257977694,3350.7514744524115,3365.7514744524115,2893.7514744524115,2910.7514744524115,0.0019398273502406252,63.97958343020878,0.0006040691270432698,19.923469532731445,0.009531068232607654,0.06337895315622974,False
870,386.91863496050905,3397.7729444775514,3414.7729444775514,2935.7729444775514,2950.7729444775514,0.0021674779553545326,71.48797889695794,4.585103294676594e-05,1.5122634431435245,0.0007226443058454947,0.06344896455403488,False
871,387.1824155009357,3435.794394172659,3453.794394172659,2965.794394172659,2982.794394172659,0.0022693135109014564,74.84672957209811,0.00021296474180433492,7.024024825855335,0.0033390706974791317,0.06377964442774901,False
872,387.4462241766853,3480.815823542595,3497.815823542595,3006.815823542595,3024.815823542595,0.002115893536064465,69.78661632092337,0.00047621564378906535,15.706592913433084,0.007518864773203875,0.06333610965929692,False
873,387.7100609633866,3521.8372325922355,3538.8372325922355,3045.8372325922355,3059.8372325922355,0.00209130742262938,68.97571462106359,-9.967375889661893e-05,-3.2874500776255786,-0.0015793048218340035,0.06311242612485063,False
874,387.9739258366683,3551.858621326474,3563.858621326474,3068.858621326474,3085.858621326474,0.0014647964627070146,48.3120662683785,0.0009343470485063451,30.816729610120063,0.014828171558987698,0.06301161574705519,False
875,388.2378187721589,3582.8799897502204,3598.8799897502204,3094.8799897502204,3111.8799897502204,0.0019351031576393177,63.82376962820303,0.0004439237997016486,14.641540019602154,0.007005655886393834,0.0633664865789117,False
876,388.50173974548716,3618.9013378684012,3636.9013378684012,3128.9013378684012,3145.9013378684012,0.002154776545112159,71.0690596894406,0.00019845259619818718,6.545383759966299,0.003145764575823388,0.06308564783372042,False
877,388.7656887322817,3638.92266568596,3657.92266568596,3146.92266568596,3163.92266568596,0.0022616934936735156,74.59540538702866,7.809576207343715e-05,2.5757623865358,0.001238677263046263,0.06304770774703433,False
878,389.02966570817114,3703.9439732078563,3720.9439732078563,3201.9439732078563,3219.9439732078563,0.001988722024325562,65.59223255566937,0.0004458645680722171,14.70555063986076,0.007074099612637045,0.06302774805089437,False
879,389.2936706487842,3760.9652604390662,3781.9652604390662,3249.9652604390662,3268.9652604390662,0.002418213361076136,79.75775961083572,0.00011337322207342687,3.73928716877748,0.001789239494879645,0.06336391656783377,False
880,389.5577035297494,3814.9865273845826,3837.9865273845826,3295.9865273845826,3313.9865273845826,0.00261043729962351,86.09770914915391,-0.0002451265993023647,-8.084790488743025,-0.003852365932670614,0.06363014406900674,False
881,389.8217643266955,3856.0077740494144,3879.0077740494144,3332.0077740494144,3354.0077740494144,0.0025827491776568355,85.18449668765682,0.00027530971127922525,9.080292965119256,0.004349680342462958,0.06329423994484482,False
882,390.085853015251,3900.029000438587,3922.029000438587,3370.029000438587,3391.029000438587,0.0024429641903576218,80.5740939855342,0.00025490157194583453,8.407189633024245,0.004026451872542483,0.0633067474825865,False
883,390.34996957104477,3943.050206557144,3965.050206557144,3405.050206557144,3428.050206557144,0.0024163838978141406,79.6974200670156,0.000507270140189395,16.73083547970144,0.007994152153219334,0.06345515202448476,False
884,390.6141139697053,3998.0713924101433,4019.0713924101433,3452.0713924101433,3475.0713924101433,0.0022751758882869006,75.04008310069172,0.0006087865477148583,20.0790599822608,0.009592267911659867,0.0634663828535115,False
885,390.8782861868612,4052.0925580026606,4071.0925580026606,3498.0925580026606,3521.0925580026606,0.0020316193921737623,67.00707791540711,0.0008145254718480771,26.864762153018347,0.012839142971913665,0.06344079769419941,False
886,391.1424861981412,4108.113703339787,4123.113703339787,3548.113703339787,3569.113703339787,0.0015828561447539123,52.205922737783595,0.0009799987608556488,32.32241904099743,0.015517376155798498,0.06315492716140964,False
887,391.406713979174,4165.134828426632,4177.134828426632,3596.1348284266323,3617.1348284266323,0.0012494291342071346,41.20879908318801,0.001279302029476451,42.19406996048954,0.020257041957782395,0.06315344718852033,False
888,391.6709695055881,4225.15593326832,4244.15593326832,3651.15593326832,3672.15593326832,0.0019485901875272084,64.26860022296239,0.0005421433178424849,17.881026180361275,0.008586193410616595,0.06314128880117462,False
889,391.9352527530122,4291.177017869992,4313.177017869992,3708.1770178699912,3731.1770178699912,0.002220852229680361,73.24837465425696,0.00046454353493401244,15.321622229209183,0.007352268561979973,0.06318370051609083,False
890,392.19956369707495,4346.198082236804,4370.198082236804,3756.198082236804,3779.198082236804,0.0023916062807495106,78.88020217492246,0.00025956265195032843,8.560921848927592,0.004104974369714912,0.0632312478892176,False
891,392.4639023134051,4382.219126373933,4408.219126373933,3790.2191263739332,3811.2191263739332,0.0025690845286073494,84.73380783960151,-0.00016948407957654123,-5.589941191423236,-0.0026853424185778484,0.06311451321962122,False
892,392.72826857763107,4427.240150286568,4456.240150286568,3829.2401502865678,3852.2401502865678,0.0028355068709119188,93.52097669513518,-0.00023475739452741935,-7.742792319719754,-0.0037181718303536415,0.06313785517144622,False
893,392.9926624653817,4463.261153979916,4490.261153979916,3860.2611539799163,3885.2611539799163,0.0026193013547694795,86.39006431966492,0.00018422804444450085,6.076228143839259,0.002926879645466263,0.06294349845572575,False
894,393.2570839522856,4507.2821374592,4534.2821374592,3899.282137459201,3924.282137459201,0.002593795832270371,85.54883857632217,0.00018176748422555743,5.9950736958449795,0.002892581131604595,0.06283919999323441,False
895,393.52153301397135,4558.303100729662,4584.303100729662,3942.303100729662,3965.303100729662,0.0024701243213821125,81.46989219594775,5.62536993407403e-05,1.855365246697005,0.0008925608015932008,0.06302506141915343,False
896,393.78600962606765,4616.324043796556,4642.324043796556,3990.324043796556,4017.324043796556,0.002439165222490735,80.4487960400454,0.0004895337713684313,16.145852755033175,0.007765033663672641,0.06304335468095004,False
897,394.0505137642031,4672.344966665155,4698.344966665155,4036.344966665155,4066.344966665155,0.0024100008827648103,79.48689481391291,0.0008059419952781751,26.58166105370806,0.012763626429030178,0.06314365276667011,False
898,394.31504540400636,4729.365869340749,4755.365869340749,4087.3658693407488,4114.365869340749,0.002381023549048028,78.53116143903917,0.0004783709651908596,15.777679943641175,0.007578728598303983,0.06312021323707417,False
899,394.57960452110615,4778.3867518286415,4805.3867518286415,4129.3867518286415,4155.3867518286415,0.0024470490730776335,80.70882200385769,0.0002788416455168615,9.196783580224164,0.0044081233306058855,0.06325631671438181,False
900,394.844191091131,4837.407614134156,4863.407614134156,4182.407614134156,4207.407614134156,0.0023279865251331112,76.78188890917538,0.00026024548888528695,8.583443246331328,0.004127198753215657,0.06305620457035654,False
901,395.10880508970956,4878.42845626263,4902.42845626263,4215.42845626263,4244.42845626263,0.0021313241933852804,70.29555183382742,0.0008461704470158998,27.90847995019523,0.013428051609892463,0.06301513217245344,False
902,395.3734464924706,4945.4492782194175,4973.4492782194175,4278.4492782194175,4307.4492782194175,0.002451941155528089,80.87017316598433,0.0004818433021431942,15.89220491500636,0.0076875442657440346,0.06267844261922559,False
903,395.63811527504265,4999.470080009889,5030.470080009889,4322.470080009889,4353.470080009889,0.0026845966365206834,88.54363995920932,0.0004189716191154041,13.818564655642447,0.006652191832459486,0.06298249203683887,False
904,395.9028114130544,5054.490861639433,5087.490861639433,4368.490861639433,4402.490861639433,0.002826226446050633,93.2148887762249,0.0005408051616638682,17.83689097685368,0.008573922718581994,0.06307558155286355,False
905,396.1675348821345,5115.5116231134525,5150.5116231134525,4422.5116231134525,4454.5116231134525,0.0029612957998081182,97.66975997211738,0.00016981769023615388,5.600944372210051,0.002689747294847596,0.06313518394886086,False
906,396.4322856579115,5172.5323644373675,5206.5323644373675,4473.5323644373675,4503.5323644373675,0.002845355644067514,93.84580993543126,5.734882621289631e-05,1.891484832842167,0.0009099527773945027,0.06302395864662896,False
907,396.6970637160142,5236.553085616612,5268.553085616612,4528.553085616612,4560.553085616612,0.0026458497761253467,87.2656870594244,0.0004122024856694265,13.595304406216954,0.00655538864828015,0.06287994622219242,False
908,396.96186903207115,5307.5737866566415,5343.5737866566415,4590.5737866566415,4624.5737866566415,0.0029357702119982266,96.82787243264873,0.0002689705197008261,8.871213102202603,0.004276529195882737,0.06289458282192475,False
909,397.22670158171104,5378.594467562922,5412.594467562922,4649.594467562922,4685.594467562922,0.0027366884844003555,90.26173859671836,0.0006129338878728555,20.215847978171453,0.009737261118514818,0.06294725800332071,False
910,397.4915613405625,5446.61512834094,5480.61512834094,4706.61512834094,4750.61512834094,0.002702617166466639,89.13799491507218,0.001338543842478084,44.14798947658703,0.021331807823502198,0.06274872966947279,False
911,397.75644828425413,5506.635768996196,5545.635768996196,4761.635768996196,4802.635768996196,0.0030649907643473667,101.08983786420838,0.000658488386132625,21.718331084036862,0.010485327688935814,0.06280093533247094,False
912,398.0213623884146,5572.656389534208,5609.656389534208,4814.656389534208,4857.656389534208,0.0028739948148059427,94.79038998447737,0.0009874985382186709,32.56977746258376,0.015673779373509153,0.06300321796590294,False
913,398.2863036286726,5644.676989960509,5678.676989960509,4876.676989960509,4914.676989960509,0.0026080712105770428,86.01967055900154,0.0007629177667903076,25.162631563419467,0.012084171009700096,0.06313364534297844,False
914,398.55127198065674,5716.6975702806485,5749.6975702806485,4937.6975702806485,4977.6975702806485,0.002499784334300788,82.44814176585722,0.0010042360840721984,33.12181690631044,0.01591030022117984,0.06311861310670658,False
915,398.81626741999565,5778.718130500195,5814.718130500195,4993.718130500195,5033.718130500195,0.0026971557436468556,88.95786571084035,0.0007677122381636106,25.320763307048026,0.012181339539479285,0.063023630174291,False
916,399.081289922318,5849.738670624729,5887.738670624729,5053.738670624729,5094.738670624729,0.0028120604609505485,92.74766481143777,0.0006970710147361403,22.990867274120546,0.011033943390938132,0.06317514872412933,False
917,399.34633946325243,5914.75919065985,5951.75919065985,5110.75919065985,5148.75919065985,0.0027082834894687764,89.32488215800788,0.0005088784019670074,16.783879333612276,0.008052228885527198,0.06319721026331579,False
918,399.6114160184276,5997.779690611172,6038.779690611172,5186.779690611172,5222.779690611172,0.002958676489078903,97.58336959860881,4.522850010275697e-05,1.4917310014154452,0.0007171148427613139,0.06307009338783262,False
919,399.87651956347213,6075.800170484326,6120.800170484326,5257.800170484326,5296.800170484326,0.0032047193184118125,105.69837927962851,4.793374308442646e-06,0.15809556012354165,7.633125197081067e-05,0.0627970088879932,False
920,400.1416500740146,6147.820630284961,6193.820630284961,5322.820630284961,5363.820630284961,0.0032374362950541935,106.77745393872937,9.497857479534317e-05,3.1325930369252575,0.0015188827553872396,0.06253186722837495,False
921,400.4068075256838,6215.84107001874,6263.84107001874,5377.84107001874,5423.84107001874,0.003340828347257147,110.18754114526288,0.00035816347242253674,11.812984162053638,0.005711165026562067,0.06271285644115582,False
922,400.6719918941083,6308.8614896913405,6353.8614896913405,5456.8614896913405,5500.8614896913405,0.003086750612647212,101.80752339924112,0.0004010287267388209,13.226770350007754,0.006385040331705517,0.06280754794100127,False
923,400.9372031549168,6390.88188930846,6433.88188930846,5526.88188930846,5571.88188930846,0.0029122926587952483,96.05353337938155,0.0006094254653371744,20.1001328284174,0.00970795344359824,0.06277589492758133,False
924,401.2024412837378,6483.90226887581,6530.90226887581,5608.90226887581,5653.90226887581,0.003136724692738293,103.45577360364135,0.0003336996789088903,11.006116830313218,0.005314388359605385,0.06279173751119477,False
925,401.4677062562,6546.922628399119,6596.922628399119,5662.922628399119,5710.922628399119,0.003304182058687795,108.978869519595,0.00036146635127146413,11.921920048976048,0.00575438152567341,0.06281584730848436,False
926,401.7329980479322,6629.942967884131,6685.942967884131,5734.942967884131,5786.942967884131,0.0036528751425027872,120.4795003590925,0.00026722379205003713,8.813602352746159,0.004251968485474013,0.06284707729207142,False
927,401.9983166345629,6709.963287336606,6765.963287336606,5805.963287336606,5857.963287336606,0.0036094929498775414,119.04866445913059,0.0002628672770263775,8.669915330090959,0.004191496246482774,0.06271442500919769,False
928,402.2636619917207,6797.983586762321,6854.983586762321,5880.983586762321,5934.983586762321,0.003626307597473964,119.60324688040197,0.0003432473192222299,11.321018076505624,0.005469334131457778,0.06275852068499277,False
929,402.5290340950344,6899.003866167068,6951.003866167068,5966.003866167068,6015.003866167068,0.0032611417423593155,107.55930941850717,0.0002912386147887959,9.60566168461682,0.004625975050449403,0.06295723855244371,False
930,402.7944329201325,7004.024125556656,7052.024125556656,6057.024125556656,6109.024125556656,0.002966156033644559,97.83006070000965,0.0007463807107320987,24.617204694561778,0.011901124937547563,0.06271513950561917,False
931,403.05985844264376,7101.044364936911,7152.044364936911,6142.044364936911,6198.044364936911,0.003107973790734988,102.50750842262613,0.000833757662356242,27.499080221072262,0.013320430087905387,0.0625923980572724,False
932,403.3253106381968,7214.064584313672,7269.064584313672,6239.064584313672,6297.064584313672,0.0032985014564026107,108.79151131589006,0.0007201648071115067,23.752549088647157,0.011485797395816422,0.06270046234437489,False
933,403.5907894824202,7323.084783692797,7371.084783692797,6331.084783692797,6385.084783692797,0.0028373443199713505,93.58157962734053,0.0008511945708717856,28.074186115417305,0.013556139879114934,0.06279033548356681,False
934,403.8562949509426,7452.104963080158,7499.104963080158,6443.104963080158,6492.104963080158,0.002730469037219387,90.05660815572568,0.0005598573703814447,18.465272867141366,0.008900211418828503,0.06290382823907528,False
935,404.12182701939275,7558.125122481646,7605.125122481646,6534.125122481646,6586.125122481646,0.002692286375163867,88.79726370310438,0.0007502441993432018,24.744630669814185,0.011936773135570436,0.06285150859636816,False
936,404.3873856633992,7646.145261903164,7699.145261903164,6616.145261903164,6670.145261903164,0.002999969147663272,98.94528827380742,0.0005302910276531285,17.49011273699999,0.00847484364157517,0.06257236712329083,False
937,404.65297085859066,7719.165381350635,7774.165381350635,6677.165381350635,6734.165381350635,0.0030834295360220513,101.69798731140774,0.0006082152324494868,20.06021680393296,0.009704410335064449,0.06267410501510369,False
938,404.91858258059574,7765.185480829994,7824.185480829994,6712.185480829994,6773.185480829994,0.0032873034883204037,108.42217879097464,0.0006417162117052142,21.165149517155925,0.010191305599731937,0.06296702669009291,False
939,405.1842208050431,7828.205560347196,7892.205560347196,6770.205560347196,6832.205560347196,0.003536167112794139,116.63022422490792,0.0004229022184110581,13.948204082334655,0.006728870633612294,0.06284891498709484,False
940,405.44988550756136,7902.225619908211,7965.225619908211,6834.225619908211,6898.225619908211,0.0034486567147343126,113.74394735445091,0.0005994258301187327,19.770323840184233,0.009551019886118199,0.06276040017359404,False
941,405.71557666377913,7989.245659519022,8047.245659519022,6907.245659519022,6968.245659519022,0.003141483917146431,103.61274282827146,0.000677066858232819,22.33108814491277,0.010770627700927819,0.06286233978494069,False
942,405.9812942493252,8088.265679185632,8143.265679185632,6996.265679185632,7054.265679185632,0.0029431958570042944,97.0727858132802,0.0006423230651842323,21.18516482046938,0.010249625664728304,0.06266795356191762,False
943,406.24703823982804,8168.285678914057,8227.285678914057,7066.285678914057,7125.285678914057,0.003125659298683872,103.09081364882621,0.0004854308917030081,16.01053115962135,0.007742488496610413,0.06269701167983976,False
944,406.5128086109164,8285.305658710331,8339.305658710331,7167.305658710331,7227.305658710331,0.0028213573303013774,93.05429510417868,0.0007991391528307194,26.357289010559185,0.012775384860245237,0.0625530394248631,False
945,406.7786053382189,8390.325618580502,8445.325618580502,7261.325618580502,7320.325618580502,0.002837583309818262,93.58946201483627,0.0006769040206807452,22.325717420169042,0.010843571797581017,0.06242445140002198,False
946,407.0444283973642,8486.345558530636,8547.345558530636,7347.345558530637,7407.345558530637,0.0031105503163204344,102.59248765216101,0.00042158903416184045,13.904892505548375,0.006758460101088454,0.062379451510550944,False
947,407.3102777639809,8572.365478566817,8632.365478566817,7414.365478566817,7474.365478566817,0.0030291406030237577,99.9074241885244,0.0004711993587637334,15.541145289319488,0.007504239317726385,0.06279108898495206,False
948,407.5761534136977,8682.385378695137,8750.385378695137,7515.385378695137,7575.385378695137,0.003388121712017373,111.74737572332306,6.535414310325808e-05,2.155517010658741,0.0010430773541504365,0.06265512604910073,False
949,407.8420553221432,8770.405258921712,8833.405258921712,7590.405258921711,7653.405258921711,0.0031084939412103323,102.52466407863307,0.00048125261256963406,15.872722731270628,0.007698308597938847,0.0625140712985298,False
950,408.1079834649461,8830.425119252668,8899.425119252668,7641.425119252668,7711.425119252668,0.003380341078586795,111.49075407828346,0.0005799430279028153,19.12774007123545,0.009276523831192967,0.06251727893510238,False
951,408.37393781773494,8907.444959694154,8979.444959694154,7704.444959694154,7781.444959694154,0.0034963452813229585,115.31681651950669,0.0008225477076316606,27.12935235149604,0.01313963128663012,0.06260051668790904,False
952,408.63991835613854,8985.464780252327,9067.464780252327,7772.464780252327,7854.464780252327,0.003945331123270282,130.12531333252872,0.0006125027416890852,20.20162787078317,0.009772597394372032,0.0626755320997692,False
953,408.90592505578536,9062.484580933366,9152.484580933366,7845.484580933366,7928.484580933366,0.004291725240560234,141.5501194237187,0.0002786874824412698,9.191698957948148,0.004459844326600207,0.06248816371887056,False
954,409.1719578923042,9158.504361743462,9245.504361743462,7928.504361743462,8009.504361743462,0.0041060512352075985,135.4262004497923,0.00030832154056438174,10.169092484144215,0.004934792761904197,0.062479126366678295,False
955,409.4380168413236,9240.524122688825,9331.524122688825,7995.524122688825,8079.524122688825,0.004255977974276494,140.37109944272981,0.00028286607433711947,9.329517701862727,0.0045108282514493715,0.06270823417988303,False
956,409.70410187847216,9326.543863775678,9420.543863775678,8070.543863775678,8161.543863775678,0.004355238959541238,143.64493537834682,0.0005142778346876207,16.9619639740734,0.008220449038573196,0.06256079592178614,False
957,409.97021297937874,9403.56358501026,9499.56358501026,8138.563585010261,8233.56358501026,0.00441118851155837,145.49026920700888,0.000628894356988821,20.74225779771723,0.010073550593838656,0.06243025744800203,False
958,410.2363501196717,9498.583286398829,9592.583286398829,8218.583286398829,8310.583286398829,0.004276743492604897,141.055989885273,0.0005578021286070413,18.397486673406945,0.00891300138206031,0.06258297342237154,False
959,410.50251327497995,9573.602967947656,9661.602967947656,8279.602967947656,8368.602967947656,0.003973774044670841,131.0634206659057,0.0006696784999164701,22.087404557682987,0.010675389193958013,0.06273106186100366,False
960,410.76870242093196,9669.62262966303,9753.62262966303,8370.62262966303,8454.62262966303,0.003756423134277561,123.89473078048177,0.0005800413887249883,19.130984217900206,0.009301237810627831,0.062361741580482785,False
961,411.03491753315643,9766.642271551253,9853.642271551253,8451.642271551253,8534.642271551253,0.003851510662800523,127.03091734035915,0.0003927051680117856,12.952241887489393,0.006272461771545577,0.06260782166792232,False
962,411.3011585872821,9851.661893618642,9937.661893618642,8523.661893618642,8611.661893618642,0.003774718223993352,124.49814129466459,0.0006860379166451374,22.626972508063446,0.010969539600473284,0.06254026528292382,False
963,411.5674255589374,9906.681495871535,9997.681495871535,8573.681495871535,8666.681495871535,0.003971096510507368,130.97510996115258,0.0007143939982811659,23.562215683473397,0.01144795073864973,0.062403657614395674,False
964,411.8337184237512,10000.701078316284,10095.701078316284,8659.701078316284,8751.701078316284,0.004106036770950772,135.42572338819903,0.00048353778765238085,15.948092608822435,0.007763213608177146,0.06228577649120216,False
965,412.10003715735184,10083.720640959253,10180.720640959253,8731.720640959253,8826.720640959253,0.004157715073994315,137.13018244776214,0.0005418340163242082,17.87082476615234,0.008704153093905823,0.06225005586167494,False
966,412.36638173536835,10158.740183806824,10261.740183806824,8800.740183806824,8901.740183806824,0.004381161479938431,144.49991458887692,0.0005745529417702381,18.949963700893818,0.009261996879626538,0.062033376736940246,False
967,412.63275213342916,10241.759706865398,10354.759706865398,8869.759706865398,8973.759706865398,0.004765442924588021,157.17432437363937,0.0002971387925881329,9.800261950315218,0.004768399355509352,0.06231415836528503,False
968,412.89914832716295,10318.779210141387,10435.779210141387,8933.779210141387,9045.779210141387,0.004896562155251101,161.49891220691885,0.000514206007999383,16.959594978919228,0.00824894109849774,0.062336001901265585,False
969,413.16557029219837,10394.79869364122,10511.79869364122,8998.79869364122,9113.79869364122,0.004860952159066607,160.32441968233792,0.0006539428589542439,21.56841004322493,0.010495904312890507,0.062304575142811305,False
970,413.4320180041641,10468.818157371345,10587.818157371345,9063.818157371345,9177.818157371345,0.004908817608977694,161.9031228311676,0.0005194471188180172,17.132457830268493,0.008334256630354139,0.06232674872599224,False
971,413.6984914386887,10542.83760133822,10657.83760133822,9123.83760133822,9237.83760133822,0.004711581569302092,155.39786366245664,0.0006811951295159638,22.467247209248967,0.010909704876241731,0.062439372764282124,False
972,413.9649905714008,10632.857025548325,10745.857025548325,9207.857025548325,9318.857025548325,0.0045910837635471415,151.4235927483469,0.0006129976708546658,20.217951674980128,0.009857659824686695,0.062184908158377086,False
973,414.2315153779291,10714.87643000815,10815.87643000815,9272.87643000815,9378.87643000815,0.004074549989440166,134.38722315035227,0.0008617914952794787,28.42369495658383,0.013823654646569926,0.06234179870033976,False
974,414.4980658339024,10793.895814724205,10893.895814724205,9340.895814724205,9445.895814724205,0.004004995687030585,132.09317605724794,0.0008496273188121897,28.02249484820706,0.013623489986362992,0.06236488004635083,False
975,414.76464191494904,10880.915179703014,10981.915179703014,9417.915179703014,9523.915179703014,0.0040126602089584264,132.34596810086674,0.0008480839498979983,27.97159129733342,0.013615831323838984,0.06228660812014826,False
976,415.0312435966979,10974.934524951113,11074.934524951113,9498.934524951113,9601.934524951113,0.003939229375485417,129.92406486501775,0.0007446166951796318,24.55902375376965,0.011941622226023569,0.0623547354861837,False
977,415.2978708547775,11022.953850475064,11126.953850475064,9544.953850475064,9645.953850475064,0.004078297629163223,134.5108281857684,0.0004930492132982443,16.26179941916007,0.00791695509980329,0.06227763162513007,False
978,415.56452366481653,11114.973156281432,11219.973156281432,9624.973156281432,9727.973156281432,0.004083399700691537,134.67910522906922,0.0005394368719498967,17.791761906010947,0.008667160050282943,0.06223917278789454,False
979,415.83120200244366,11182.992442376806,11284.992442376806,9681.992442376806,9784.992442376806,0.003943241168133444,130.05638221913551,0.0006525140894787238,21.521286222720875,0.010479286334242313,0.06226703505052214,False
980,416.09790584328744,11247.01170876779,11357.01170876779,9740.01170876779,9850.01170876779,0.004226926263845126,139.41291296747295,0.0006503415248298484,21.449630473979624,0.010463642661289983,0.062152497546172206,False
981,416.3646351629767,11304.030955460998,11420.030955460998,9789.030955460998,9901.030955460998,0.004433942988959725,146.2407597004696,0.000506773479781804,16.714454575503993,0.008142214782140488,0.06224024953178396,False
982,416.6313899371399,11390.050182463066,11505.050182463066,9864.050182463066,9979.050182463066,0.004362879799662077,143.89694634619275,0.0006710537765904842,22.132764073154163,0.010799960257815249,0.062134837589322145,False
983,416.8981701414058,11447.069389780643,11564.069389780643,9912.069389780643,10030.069389780643,0.00441637354374009,145.66128246703815,0.0007232303405122261,23.853656823799582,0.01163341390801158,0.06216836658877574,False
984,417.16497575140295,11522.088577420394,11645.088577420394,9975.088577420394,10100.088577420394,0.004611586715363956,152.09982319543627,0.0007968349798327511,26.281292541830737,0.012807550783848006,0.0622160312522566,False
985,417.43180674276005,11597.107745389,11721.107745389,10043.107745389,10168.107745389,0.004618966095794981,152.34321067313704,0.0007530514794294677,24.83722066782039,0.012125447889397992,0.06210504439080604,False
986,417.6986630911058,11673.126893693156,11796.126893693156,10111.126893693156,10235.126893693156,0.00455222912888575,150.14208522673138,0.000741441448286845,24.45429743703673,0.011955469370920619,0.06201692508118994,False
987,417.9655447720687,11746.146022339572,11869.146022339572,10170.146022339572,10298.146022339572,0.004524077384308632,149.21358151703052,0.0009077796784799268,29.94048190337668,0.01461466085300346,0.06211431709640863,False
988,418.2324517612775,11804.165131334976,11924.165131334976,10224.165131334976,10345.165131334976,0.004392705390925329,144.88065703794362,0.0007168667536293161,23.643772352462463,0.011553238491892295,0.06204898774766841,False
989,418.4993840343609,11888.184220686113,12003.184220686113,10298.184220686113,10405.184220686113,0.004180945203611845,137.89636095110936,0.0003081719607279012,10.164159026727816,0.0049544706931638465,0.062200783860345624,False
990,418.7663415669474,11950.203290399739,12063.203290399739,10351.203290399739,10462.203290399739,0.004087353331574098,134.80950428590887,0.0005449632805973569,17.974034479436483,0.008773884444969172,0.062111973780305654,False
991,419.0333243346657,11999.222340482629,12120.222340482629,10395.222340482629,10513.222340482629,0.00435748615738582,143.7190526867577,0.0005445803272839051,17.961403874210248,0.008776896281548159,0.06204702776638559,False
992,419.3003323131445,12085.24137094157,12216.24137094157,10467.24137094157,10600.24137094157,0.004682276288989887,154.43131391953867,0.0008012391521040798,26.426551400687146,0.012918530167297175,0.062022470182590106,False
993,419.5673654780124,12144.26038178337,12278.26038178337,10516.26038178337,10654.26038178337,0.004765768867756447,157.18507466445018,0.0008962068631106134,29.558786127022387,0.01444059355800402,0.06206163614471864,False
994,419.83442380489805,12226.279373014846,12363.279373014846,10590.279373014846,10727.279373014846,0.004839367821254383,159.61252285210105,0.0007428063736634365,24.499315544961064,0.01197775447170768,0.062015495092840545,False
995,420.1015072694301,12290.298344642837,12426.298344642837,10646.298344642837,10786.298344642837,0.0047793510060693024,157.63304213497804,0.0008944451404281793,29.50068080990343,0.014445973565972985,0.061916570478504504,False
996,420.3686158472372,12357.317296674193,12493.317296674193,10709.317296674193,10845.317296674193,0.004753571905123113,156.78279319940242,0.000726904517660349,23.974838909079722,0.01176240700738778,0.0617989597880597,False
997,420.6357495139479,12418.33622911578,12555.33622911578,10760.33622911578,10894.33622911578,0.004764933229087641,157.15751354468264,0.0006099994565319667,20.119064264522194,0.009849412532520268,0.06193257257911605,False
998,420.9029082451911,12503.35514197448,12643.35514197448,10837.35514197448,10970.35514197448,0.004835770164176326,159.493864559573,0.0004616114955094952,15.224917405989572,0.0074606945917443206,0.06187245568533181,False
999,421.17009201659516,12529.374035257193,12670.374035257193,10856.374035257193,10990.374035257193,0.004860061364815389,160.29503941552815,0.00046761396733537106,15.422891543700104,0.00754085089148646,0.06201076961530989,False
1000,421.43730080378884,12619.39290897083,12759.39290897083,10936.39290897083,11073.39290897083,0.004791548709908164,158.03534804654203,0.0006150566011089795,20.28585952253502,0.009943228673271126,0.06185682953891455,False
1001,421.7045345824008,12661.411763122322,12800.411763122322,10974.411763122322,11106.411763122322,0.004741807484866175,156.39477789111044,0.00045071211960761703,14.865433078807143,0.0072841743920290655,0.06187552567396283,False
1002,421.9717933280597,12756.430597718612,12895.430597718612,11057.430597718612,11185.430597718612,0.00470667787999989,155.23612968196238,0.00029180741778077855,9.624422002887655,0.0047119638173453385,0.06192904468124274,False
1003,422.23907701639416,12812.449412766657,12947.449412766657,11105.449412766657,11234.449412766657,0.004552059169007063,150.13647959268522,0.0004635956737017409,15.290359773412376,0.0074937599821995665,0.06186422767782141,False
1004,422.50638562303277,12892.468208273436,13034.468208273436,11176.468208273436,11308.468208273436,0.004757247989659954,156.90403819437174,0.0003419463449098959,11.278109209102496,0.00552770016120374,0.06186050888032102,False
1005,422.7737191236043,12954.486984245936,13100.486984245936,11232.486984245936,11370.486984245936,0.004867220984288761,160.53117871491906,0.00043592038833921865,14.377570690102061,0.007062146001426399,0.06172633477857471,False
1006,423.04107749373725,13040.505740691166,13186.505740691166,11306.505740691166,11444.505740691166,0.004835293520879376,159.4781438617594,0.0004333402352487484,14.29247181782668,0.007017728711091352,0.06174935696272564,False
1007,423.30846070906034,13081.524477616143,13226.524477616143,11345.524477616143,11476.524477616143,0.004787381812740527,157.89791501934567,0.00019842836509513864,6.5445845672551854,0.003214218146228913,0.061734566873734145,False
1008,423.57586874520223,13172.543195027907,13321.543195027907,11421.543195027907,11562.543195027907,0.004884905943392915,161.11446583906633,0.00044367567709237016,14.633356414406933,0.007188173402466623,0.061723006979787484,False
1009,423.84330157779164,13247.561892933507,13388.561892933507,11484.561892933507,11621.561892933507,0.0045979733708233425,151.6508264779231,0.0005520934952615809,18.20920394641425,0.008941440155748848,0.061745477869872625,False
1010,424.11075918245695,13333.580571340015,13467.580571340015,11558.580571340015,11692.580571340015,0.004342792850850404,143.2344365526302,0.000663073697559754,21.869564292997012,0.010744865658054669,0.06171074805972045,False
1011,424.37824153482717,13395.599230254507,13530.599230254507,11610.599230254507,11746.599230254507,0.0043548848095722546,143.63325476796436,0.0007026324378252109,23.17429469742902,0.011377521507219985,0.06175619508865196,False
1012,424.64574861053063,13432.617869684087,13573.617869684087,11641.617869684087,11787.617869684087,0.004534958441083929,149.57246164091248,0.0008777503490741455,28.95005149943782,0.014224152707511725,0.061708445284801294,False
1013,424.9132803851961,13491.636489635865,13631.636489635865,11697.636489635865,11841.636489635865,0.004483365077900054,147.8708040764605,0.0008302387527789048,27.383019186641206,0.01348854581903398,0.061551390633031534,False
1014,425.1808368344523,13564.655090116968,13705.655090116968,11761.655090116968,11906.655090116968,0.004491042986688433,148.12403764687835,0.0008302906652919283,27.384731370438175,0.01349513799043491,0.061525170463645654,False
1015,425.4484179339277,13611.673671134544,13752.673671134544,11799.673671134544,11946.673671134544,0.004475609312351651,147.61500262644606,0.0009013948587383337,29.7298971277298,0.014635210995733413,0.06159083452921289,False
1016,425.7160236592511,13683.69223269575,13833.69223269575,11865.69223269575,12018.69223269575,0.004734811742066369,156.16404358887422,0.00082932282757268,27.352810048111337,0.013485898374805273,0.0614955566565772,False
1017,425.9836539860511,13757.710774807761,13910.710774807761,11927.710774807761,12081.710774807761,0.004803145918894122,158.41784837564742,0.0007681892582437596,25.336496431963525,0.01246959658923506,0.061604980782372185,False
1018,426.2513088899563,13829.729297477767,13989.729297477767,12001.729297477767,12146.729297477767,0.004995631604652017,164.76643088714803,0.00021989438489406713,7.252579020715075,0.0035778510240850503,0.061459905237474174,False
1019,426.5189883465954,13899.74780071297,14053.74780071297,12060.74780071297,12203.74780071297,0.004785235293055234,157.82711828824856,0.0003337526263205567,11.007863147242745,0.005429890818149237,0.06146580796891886,False
1020,426.786692331597,13996.766284520594,14145.766284520594,12141.766284520594,12286.766284520594,0.004598767526916612,151.67701941515514,0.0005569608633776224,18.369739977843636,0.009061082980152076,0.061467361528155295,False
1021,427.0544208205897,14052.784748907872,14197.784748907872,12190.784748907872,12332.784748907872,0.004458193515262597,147.0405930313218,0.000571295007943143,18.84251019526357,0.009297652069097651,0.06144508352188617,False
1022,427.32217378920234,14124.803193882057,14274.803193882057,12259.803193882057,12405.803193882057,0.004587724011546477,151.31278106533568,0.0005536646815779015,18.261024973680918,0.00904354656846173,0.0612220744800209,False
1023,427.5899512130635,14181.821619450415,14339.821619450415,12307.821619450415,12462.821619450415,0.004811730480955753,158.7009852767566,0.0006234552468431694,20.562864512378383,0.010180673321239155,0.06123909756955885,False
1024,427.8577530678016,14246.840025620226,14417.840025620226,12362.840025620226,12531.840025620226,0.005181654723062819,170.90186434355084,0.000714938027270671,23.580158903068735,0.011673824294856293,0.061242829188861966,False
1025,428.12557932904554,14324.858412398784,14522.858412398784,12433.858412398784,12610.858412398784,0.005961765244318541,196.63154908754257,0.00017696682424796304,5.836737839038705,0.002882386568594133,0.06139593702529553,False
1026,428.39342997242386,14398.876779793405,14606.876779793405,12498.876779793405,12685.876779793405,0.006228750479021872,205.43728331755884,0.0002207516347618628,7.280852923250961,0.0035983947890455823,0.061347252790017986,False
1027,428.66130497356517,14461.895127811415,14669.895127811415,12551.895127811415,12741.895127811415,0.006201801298628838,204.5484427023783,0.00032292297524678156,10.650678491449185,0.005263236895561381,0.06135444435706676,False
1028,428.9292043080982,14544.913456460154,14747.913456460154,12622.913456460154,12809.913456460154,0.006019438919923984,198.533748136168,0.00036715207613499234,12.109447206082166,0.005982797398139666,0.061367960788569785,False
1029,429.1971279516516,14610.93176574698,14803.93176574698,12678.93176574698,12859.93176574698,0.005699162110373282,187.97034575148234,0.00045683753210832255,15.0674620583886,0.007444372441539765,0.06136682919827585,False
1030,429.4650758798539,14659.950055679266,14859.950055679266,12723.950055679266,12907.950055679266,0.005884859033016568,194.0950205858254,0.00035046156358365874,11.5589590195234,0.005713863623769921,0.06133530421092366,False
1031,429.7330480683338,14726.9683262644,14920.9683262644,12780.9683262644,12968.9683262644,0.005683655695271762,187.4589115877316,0.0006580153129518932,21.702728136160346,0.010748268682550294,0.06122058653224537,False
1032,430.0010444927201,14822.986577509782,15013.986577509782,12864.986577509782,13048.986577509782,0.005560307924150953,183.3906428253723,0.0006071390472385634,20.024721953589676,0.009916876784743235,0.06122280839191482,False
1033,430.26906512864116,14890.004809422833,15079.004809422833,12920.004809422833,13104.004809422833,0.005477841699610338,180.67073340017728,0.0006635267876536786,21.884508156667124,0.010824183775586695,0.061300399310498035,False
1034,430.5371099517258,14978.023022010984,15167.023022010984,12997.023022010984,13186.023022010984,0.005445852197435478,179.61565237812988,0.0008240892463950537,27.180195540149498,0.013465827197186883,0.06119856094449307,False
1035,430.8051789376028,15076.041215281683,15261.041215281683,13081.041215281683,13264.041215281683,0.005296849180692209,174.70121968910925,0.0007366994854697056,24.297897535960743,0.012022515229319474,0.061276652299271483,False
1036,431.0732720619005,15150.059389242393,15330.059389242393,13142.059389242393,13327.059389242393,0.005129502026266446,169.1817587808676,0.0009414055954455793,31.049535324885795,0.01536231094138567,0.061280207062432056,False
1037,431.3413893002478,15205.077543900596,15383.077543900596,13194.077543900596,13369.077543900596,0.0050545899337306865,166.71100050759728,0.0006678201992402454,22.0261138953268,0.010898614480812028,0.06127569705452025,False
1038,431.6095306282731,15290.095679263779,15468.095679263779,13272.095679263779,13446.095679263779,0.005026646715114145,165.78937442238725,0.0006300466720111399,20.78026356926142,0.010302341741953458,0.061155675844594415,False
1039,431.8776960216053,15376.113795339454,15576.113795339454,13353.113795339454,13539.113795339454,0.005612526917332991,185.11293498220644,0.00039516147477914026,13.03325604770967,0.0064710074225485205,0.06106645364092492,False
1040,432.1458854558729,15445.131892135143,15647.131892135143,13411.131892135143,13601.131892135143,0.005643122048684486,186.122026723602,0.0004664963886909122,15.38603145091193,0.007635847821683867,0.06109293945934609,False
1041,432.41409890670445,15529.149969658387,15725.149969658387,13485.149969658387,13671.149969658387,0.005447111886032022,179.65719955584584,0.0005021549151780665,16.562124606882804,0.008226541942911912,0.061040825982869897,False
1042,432.68233634972887,15628.168027916738,15814.168027916738,13563.168027916738,13752.168027916738,0.005138276988939439,169.471175494352,0.000871750992500097,28.752180109280744,0.014265029483273284,0.061111054381085175,False
1043,432.9505977605746,15668.186066917764,15874.186066917764,13601.186066917764,13797.186066917764,0.005672746164588819,187.09909233452476,0.0005409931139649634,17.84309003881009,0.008843883634241033,0.0611714419070814,False
1044,433.2188831148703,15759.204086669048,15975.204086669048,13679.204086669048,13888.204086669048,0.0059121352614538505,194.99464793294374,0.0006731255108973584,22.20109422527591,0.01101013697063309,0.06113688800536813,False
1045,433.4871923882447,15868.222087178192,16091.222087178192,13773.222087178192,13990.222087178192,0.006060758798967973,199.89656459934088,0.0007282995860454049,24.020851196782274,0.011914225810734529,0.061128569964589596,False
1046,433.75552555632635,15930.240068452806,16155.240068452806,13832.240068452806,14044.240068452806,0.0060910953991705295,200.89712944002508,0.0005146313466907202,16.97362354300003,0.008426566046153787,0.06107248716404685,False
1047,434.0238825947439,16010.25803050052,16214.25803050052,13897.25803050052,14097.25803050052,0.005498748698229739,181.36029016010198,0.0007067791278310281,23.311061249954122,0.0115645854177083,0.06111582061115402,False
1048,434.2922634791262,16113.275973328977,16309.275973328977,13990.275973328977,14184.275973328977,0.0052508362399008674,173.18361618492952,0.0007300546879551702,24.078738146902054,0.01196957414438368,0.06099253650537967,False
1049,434.5606681851016,16216.293896945836,16409.293896945834,14078.293896945836,14275.293896945836,0.005138286751240856,169.4714974755726,0.0008967441814917753,29.576508016649257,0.014712009753620805,0.06095320738018649,False
1050,434.82909668829893,16295.31180135877,16496.31180135877,14148.31180135877,14344.31180135877,0.0053241818831333415,175.60270966758006,0.0006509127476106904,21.468470601973337,0.010665001784008627,0.06103259622391113,False
1051,435.09754896434674,16373.32968657547,16590.32968657547,14223.32968657547,14426.32968657547,0.005718009817821794,188.59198276006492,0.0004365663417680689,14.398875591947103,0.00716652396386873,0.06091744672439437,False
1052,435.36602498887373,16454.347552603635,16680.347552603635,14292.347552603636,14511.347552603636,0.005924429041413194,195.40012263690846,0.0006797461510471914,22.419456853669118,0.01117319461008767,0.060837224694313075,False
1053,435.6345247375086,16546.365399450988,16774.365399450988,14361.365399450988,14589.365399450988,0.005943488329029769,196.02873800416455,0.0008971810677202907,29.590917442778505,0.014693845771414329,0.06105828805319863,False
1054,435.9030481858799,16618.383227125258,16838.383227125258,14427.38322712526,14642.38322712526,0.005711619697484769,188.3812231596391,0.0007125816351469319,23.502440137810453,0.011673071886505787,0.061044911063272464,False
1055,436.17159530961624,16723.401035634197,16936.401035634197,14525.401035634197,14733.401035634197,0.005496524265257992,181.28692368504778,0.0006783542414089787,22.37354874807707,0.011146637963772438,0.06085729559116302,False
1056,436.4401660843464,16799.418824985565,17032.418824985565,14600.418824985567,14815.418824985567,0.005982070216068595,197.3012497358861,0.0003665490197073268,12.089557137503562,0.006034158905368703,0.06074566902459286,False
1057,436.7087604856989,16862.436595187144,17107.436595187144,14649.436595187144,14877.436595187144,0.006264609374914871,206.6199850777009,0.00044257626850149716,14.597095608178506,0.007269874214437447,0.060878119132043926,False
1058,436.9773784893025,16964.454346246723,17221.454346246723,14738.454346246723,14976.454346246723,0.0065299293682763776,215.37079614801047,0.00042713707380484436,14.087878514674202,0.007016696181608083,0.06087438628516381,False
1059,437.2460200707857,17062.47207817211,17318.47207817211,14821.47207817211,15060.47207817211,0.006467620064472514,213.31570433754445,0.0004796250016793199,15.819040702952037,0.007874219249720186,0.060910800991014265,False
1060,437.51468520577725,17174.48979097113,17414.48979097113,14923.489790971129,15150.489790971129,0.006026910864519319,198.78018857457286,0.0005293694186281088,17.45971613417916,0.008714076810231912,0.06074876664003383,False
1061,437.78337386990586,17256.507484651618,17490.507484651618,14996.507484651618,15215.507484651618,0.005849506508430573,192.92902001575527,0.0004468068977723904,14.736630654101987,0.007356132972368086,0.06073937209274703,False
1062,438.0520860388001,17350.525159221426,17590.525159221426,15084.525159221428,15307.525159221428,0.0059661809777631575,196.77718925819508,0.0004071572167523019,13.428900832429264,0.006721272336872181,0.060577402066968926,False
1063,438.3208216880885,17447.542814688426,17697.542814688426,15164.542814688426,15402.542814688426,0.006178698948278572,203.78647862785104,0.0005844041338626659,19.274876722811115,0.009641604167569288,0.06061274905148881,False
1064,438.5895807933998,17532.560451060494,17790.560451060494,15239.560451060495,15484.560451060495,0.006344284766428107,209.2478469634627,0.0005821561092110676,19.200732144566928,0.00960941833838298,0.06058182594525588,False
1065,438.85836333036275,17637.57806834553,17917.57806834553,15338.57806834553,15592.57806834553,0.006840356339101541,225.60933014766354,0.00029246970598493117,9.64626565995701,0.004833601772062599,0.0605076131168597,False
1066,439.12716927460576,17702.595666551446,17970.595666551446,15394.595666551446,15644.595666551446,0.006525522756392274,215.22545682559678,0.0004705337586388492,15.519192398142877,0.00778598899012168,0.06043339635283708,False
1067,439.3959986017577,17815.613245686167,18064.613245686167,15489.613245686167,15724.613245686167,0.006027891829176541,198.81254285090634,0.000511506581534189,16.870562220038778,0.00845403259675858,0.06050444869709981,False
1068,439.66485128744716,17946.63080575763,18177.63080575763,15596.630805757633,15814.630805757633,0.005554349807854468,183.19413162625423,0.0004739159990684123,15.630745796808725,0.007805560464387955,0.06071517877935915,False
1069,439.9337273073028,18052.6483467738,18272.6483467738,15690.648346773802,15904.648346773802,0.005260573921173018,173.50478538140007,0.0006226080778411027,20.53492309798372,0.01027597188951407,0.060588729176695375,False
1070,440.202626636953,18158.665868742642,18379.665868742642,15777.665868742642,15996.665868742642,0.0052536745047813685,173.27722812657814,0.0007330444875485939,24.17734802190111,0.01208155892848925,0.06067466060360955,False
1071,440.4715492520269,18262.683371672145,18492.683371672145,15867.683371672143,16093.683371672143,0.005435344196023151,179.26907640426225,0.0007065826856140203,23.304582172725617,0.011640998629027639,0.06069777242753962,False
1072,440.7404951281527,18329.700855570303,18575.700855570303,15934.700855570303,16175.700855570303,0.005789831294910463,190.9608060395724,0.0007293606117405671,24.055846054431214,0.012066161110299846,0.0604467821267507,False
1073,441.00946424095923,18429.718320445136,18685.718320445136,16024.718320445136,16273.718320445136,0.005991100230372586,197.5990785882664,0.000705290041424343,23.26194805027714,0.011681697217000674,0.06037564818902482,False
1074,441.2784565660752,18487.73576630467,18750.73576630467,16078.735766304671,16334.735766304671,0.006134588407690837,202.33162028113554,0.0007256270458716255,23.93270520430636,0.012039802898166314,0.060269013704712715,False
1075,441.5474720791291,18566.753193156954,18845.753193156954,16146.753193156954,16412.753193156954,0.00647753483510893,213.64271431348138,0.0006186969708796685,20.405926569446024,0.010253273537888893,0.060341408877213634,False
1076,441.8165107557496,18663.770601010045,18959.770601010045,16233.770601010043,16516.770601010045,0.006833690551796709,225.3894784712014,0.0006720417534650013,22.16534962715329,0.011155337860149498,0.060243962297704436,False
1077,442.08557257156554,18751.787989872013,19065.787989872013,16302.787989872013,16605.787989872013,0.007212075214566881,237.86939999484247,0.0007855328757649443,25.908525393221623,0.013008087618797435,0.06038803694939786,False
1078,442.3546575022053,18837.80535975095,19171.80535975095,16381.805359750952,16693.80535975095,0.0076327059329539355,251.74268523180697,0.0005608780739189698,18.49893781527632,0.009287890007263447,0.06038810466966598,False
1079,442.6237655232977,18922.82271065496,19282.82271065496,16458.82271065496,16791.82271065496,0.008184687847974959,269.94820902735154,0.0005143852630853721,16.96550718844037,0.00852619921488986,0.060329960644957416,False
1080,442.8928966104713,19028.84004259216,19390.84004259216,16558.84004259216,16891.84004259216,0.008184308395778972,269.93569389633853,0.0004627409154038722,15.262168048089904,0.00769298354688717,0.06015103406676492,False
1081,443.16205073935487,19124.857355570683,19476.857355570683,16647.857355570683,16967.857355570683,0.007920678973693474,261.2406414202073,0.00034797950909300386,11.47709564526832,0.0057932985224939,0.06006586882099864,False
1082,443.43122788557696,19238.874649598674,19572.874649598674,16744.874649598674,17052.874649598674,0.007474949751078102,246.53955475800265,0.0004407491498521765,14.536833394612671,0.007336356531994411,0.06007738963203817,False
1083,443.7004280247661,19311.891924684292,19625.891924684292,16809.891924684292,17097.891924684292,0.007004580640506356,231.02579279919476,0.00037306569720744597,12.304490859184995,0.006210167804896936,0.060073368212896036,False
1084,443.9696511325511,19437.909180835723,19727.909180835723,16919.909180835723,17185.909180835723,0.006431511290401169,212.1247610698492,0.0003429735433901687,11.311988374101276,0.005708610979626712,0.06008003428753449,False
1085,444.2388971845605,19514.926418061146,19779.926418061146,16983.926418061146,17237.926418061146,0.005857753582457026,193.20102585208144,0.0005891693597263048,19.432043888058388,0.00981388988171286,0.06003423380816196,False
1086,444.50816615642316,19621.943636368775,19892.943636368775,17086.943636368775,17336.943636368775,0.0059570282491734,196.47531303073092,0.0003511221632680273,11.580746985661136,0.00586160258638317,0.05990207594143344,False
1087,444.7774580237674,19704.960835766826,19979.960835766826,17148.960835766826,17411.960835766826,0.006019056568864835,198.5211373945546,0.00059081655051224,19.48637170249046,0.00983999559752125,0.060042359232464496,False
1088,445.0467727622221,19824.978016263536,20096.978016263536,17253.978016263536,17517.978016263536,0.005918043039067685,195.18949885649863,0.0006766936045675383,22.318777454471444,0.011281023074144855,0.05998512724599088,False
1089,445.3161103474158,19891.995177867153,20168.995177867153,17306.995177867153,17591.995177867153,0.0060059168601063456,198.08776218069434,0.0010875077751631504,35.86829231138569,0.018151473812411213,0.05991291871955645,False
1090,445.5854707549772,19945.01232058594,20246.01232058594,17361.01232058594,17657.01232058594,0.006505187878148246,214.5547697982201,0.0008369868868419806,27.60558683227896,0.013986900305511096,0.059840770189245746,False
1091,445.854853960535,20009.02944442818,20320.02944442818,17419.02944442818,17726.02944442818,0.006698309608838745,220.9243304085323,0.0008892034860612857,29.32780003119018,0.014880206799903971,0.059757468294528285,False
1092,446.1242599397177,20101.046549402156,20425.046549402156,17502.046549402156,17817.046549402156,0.006944385677037213,229.04043637720457,0.000802494392867851,26.467951879529153,0.013435683416120387,0.059728587524249276,False
1093,446.393688668154,20165.063635516184,20493.063635516184,17564.063635516184,17868.063635516184,0.007007291775074586,231.11521171592312,0.0004451968218730368,14.683526966642944,0.007450743868279796,0.05975199654471848,False
1094,446.6631401214727,20263.080702778585,20581.080702778585,17641.080702778585,17942.080702778585,0.006762701502962034,223.04811042523284,0.00058491753953615,19.29180992107547,0.00976688507712538,0.05988782860833096,False
1095,446.93261427530217,20339.097751197693,20656.097751197693,17709.097751197693,18005.097751197693,0.006716596572673191,221.52747291406817,0.00048245178358018604,15.912273911795637,0.008055090698856413,0.05989402250289746,False
1096,447.20211110527123,20430.114780781856,20737.114780781856,17788.114780781856,18079.114780781856,0.0064775249162046375,213.6423871671688,0.0005697139626178998,18.79036399715949,0.00951807188308959,0.05985602647423684,False
1097,447.4716305870086,20529.131791539447,20840.131791539447,17872.131791539447,18168.131791539447,0.00652987830474793,215.36911196550935,0.0006040349582774884,19.922342575014966,0.010085368177841655,0.059892206970153114,False
1098,447.7411726961426,20556.14878347884,20879.14878347884,17903.14878347884,18205.14878347884,0.006771036646431806,223.32302097691718,0.0004937750854381506,16.285740208080824,0.008261882660482991,0.059765443994974916,False
1099,448.01073740830225,20646.16575660843,20951.16575660843,17974.16575660843,18274.16575660843,0.006368783091131185,210.05585320641336,0.0008200343802507847,27.04645753158735,0.013717388126158983,0.059780650128794105,False
1100,448.2803246991159,20713.182710936628,21017.182710936628,18038.182710936628,18327.182710936628,0.0063276636442483845,208.69964741721478,0.0005752642491060854,18.973424111962146,0.009625208043926291,0.05976642234440732,False
1101,448.5499345442124,20800.199646471854,21109.199646471854,18112.199646471854,18398.199646471854,0.006404263911343242,211.22608523590196,0.0003998666856784251,13.188443793284165,0.00667597489680316,0.05989637346747727,False
1102,448.8195669192204,20893.216563222548,21202.216563222548,18195.216563222548,18481.216563222548,0.006375960302803401,210.2925727335001,0.0003973668137868761,13.105992763696236,0.006639445965896353,0.05984939343251812,False
1103,449.0892217997683,20941.23346119716,21252.23346119716,18233.23346119716,18533.23346119716,0.006402319590619929,211.16195745158296,0.0006851841643835503,22.598813963932088,0.011458700688674118,0.05979597364479486,False
1104,449.35889916148506,21071.250340404164,21386.250340404164,18347.250340404164,18652.250340404164,0.006444339386866654,212.54785865529283,0.0007159095358511506,23.612201298114968,0.011979470886917759,0.05976136530645633,False
1105,449.6285989799992,21159.267200852028,21470.267200852028,18431.267200852028,18725.267200852028,0.006336826430031651,209.0018553520606,0.0005360019675432707,17.678471538684533,0.008981653482657684,0.05967742672083882,False
1106,449.89832123093925,21186.284042549258,21492.284042549258,18458.284042549258,18745.284042549258,0.006227781049337598,205.4053094888792,0.000472919734413311,15.597886894385368,0.007931301050312355,0.059627005886340206,False
1107,450.1680658899339,21289.30086550436,21587.30086550436,18546.30086550436,18827.30086550436,0.006036944828415618,199.11112979475897,0.000493817176818288,16.28712847027171,0.00827758021056846,0.059657190175916794,False
1108,450.43783293261197,21358.317669725853,21667.317669725853,18602.317669725853,18900.317669725853,0.00623810903028677,205.74594800947804,0.0006639381683069493,21.89807635531338,0.011127203688670454,0.05966801605177416,False
1109,450.70762233460187,21435.334455222284,21754.334455222284,18659.334455222284,18980.334455222284,0.006415536982725864,211.59789482552844,0.0009921747554198935,32.72400893505278,0.0166087632091197,0.05973802762598847,False
1110,450.97743407153246,21502.351222002202,21850.351222002202,18721.351222002202,19069.351222002202,0.006972470801420743,229.96674281288864,0.0010262559827591963,33.848079449724366,0.017208771671914817,0.05963563247422673,False
1111,451.24726811903224,21546.36797007417,21907.36797007417,18762.36797007417,19113.36797007417,0.007216130516456336,238.0031523751968,0.0008334412403938158,27.48864395964847,0.013967578227968585,0.059669702706582214,False
1112,451.51712445272995,21603.384699446775,21991.384699446775,18816.384699446775,19184.384699446775,0.0077307764573889826,254.97725726697183,0.0006809145763282676,22.45799397541009,0.011416091328996288,0.059645158461441125,False
1113,451.78700304825406,21617.401410128612,22031.401410128612,18825.401410128612,19222.401410128612,0.008238636379606302,271.7275449976464,0.0008247604042909921,27.202331738297516,0.013827389815293405,0.05964686143286338,False
1114,452.0569038812333,21653.41810212829,22074.41810212829,18860.41810212829,19259.41810212829,0.008362802386328557,275.8228008900313,0.0007290429174930946,24.0453678303723,0.012230083604401443,0.05961062418499918,False
1115,452.32682692729657,21687.43477545443,22080.43477545443,18890.43477545443,19271.43477545443,0.007799434625143676,257.2417479555281,0.0008726612418368546,28.782202045705276,0.014659208493996151,0.05952990178114072,False
1116,452.59677216207206,21820.451430115674,22193.451430115674,19019.451430115674,19371.451430115674,0.0073611158932753605,242.7850748546393,0.0006030594872301768,19.89016948948361,0.01015863662655327,0.05936421484491952,False
1117,452.86673956118875,21874.468066120673,22240.468066120673,19074.468066120673,19410.468066120673,0.007206422198791716,237.68295165222344,0.0003771504096136682,12.439213260201683,0.006360417099997642,0.05929649010185323,False
1118,453.13672910027526,21964.4846834781,22318.4846834781,19152.4846834781,19482.4846834781,0.006943686199330648,229.01736613217517,0.0004755335830379428,15.684097116203787,0.00802478239425061,0.059258128093123225,False
1119,453.4067407549601,22009.501282196627,22369.501282196627,19187.501282196627,19524.501282196627,0.00704609991054756,232.39518559656563,0.0005154276765870856,16.999888176827483,0.008686876013362665,0.05933406621600496,False
1120,453.67677450087194,22099.517862284956,22456.517862284956,19261.517862284956,19600.517862284956,0.006959615929901858,229.5427621299041,0.0006174222312029225,20.363882975468385,0.010397187754056438,0.059383580041827824,False
1121,453.94683031363945,22182.534423751793,22522.534423751793,19338.534423751793,19663.534423751793,0.006606095225656942,217.882906221213,0.000631929722284822,20.842370525364174,0.010661586335985171,0.05927164142093207,False
1122,454.21690816889134,22262.550966605864,22588.550966605864,19402.550966605864,19727.550966605864,0.006313445527474834,208.23070404025853,0.0009008956242714458,29.713431325646184,0.01520097535674264,0.059265645995001164,False
1123,454.4870080422562,22316.56749085591,22638.56749085591,19455.56749085591,19770.56749085591,0.006221545761683359,205.19965659578216,0.0007536865740754278,24.85816742418109,0.01272976212724061,0.05920665025331483,False
1124,454.7571299093627,22381.58399651068,22729.58399651068,19516.58399651068,19850.58399651068,0.006700667907325272,221.00211204964248,0.0006688150878140127,22.058927411695237,0.011306603803143595,0.05915260669415699,False
1125,455.02727374583947,22413.60048357894,22760.60048357894,19545.60048357894,19880.60048357894,0.006672089203416266,220.05952632372893,0.0007083912540686568,23.364232561879163,0.0119846095205462,0.05910841340756272,False
1126,455.2974395273151,22460.61695206947,22814.61695206947,19589.61695206947,19920.61695206947,0.006791500181736222,223.9979513845761,0.0004853403962207974,16.007546428401156,0.008204822165067186,0.05915306711791762,False
1127,455.56762722941824,22515.63340199107,22890.63340199107,19640.63340199107,19988.63340199107,0.007173641221191218,236.60176610699713,0.00045397225094755654,14.972959063029975,0.007681205490987141,0.059101693279815494,False
1128,455.83783682777766,22565.64983335254,22970.64983335254,19678.64983335254,20059.64983335254,0.007725436826671324,254.80114502226897,0.000602612909048306,19.875440402360795,0.010187663114712793,0.059151240305347956,False
1129,456.10806829802186,22653.666246162717,23055.666246162717,19757.666246162717,20141.666246162717,0.007639178856787995,251.9561758656137,0.0007205715425283917,23.765964077633356,0.012204271889832943,0.059042567146400673,False
1130,456.37832161577956,22716.682640430427,23099.682640430427,19812.682640430427,20179.682640430427,0.007261102456886979,239.48642149935043,0.0007099464210390425,23.41552523744511,0.012023482554698834,0.05904665456195901,False
1131,456.64859675667935,22778.699016164523,23145.699016164523,19868.699016164523,20224.699016164523,0.006941385178381838,228.94147362465347,0.0007712511422846638,25.437483803558337,0.013077847473021723,0.05897385971779201,False
1132,456.91889369635,22858.715373373874,23221.715373373874,19941.715373373874,20293.715373373874,0.006842477619698388,225.67929444057236,0.0007565740148313474,24.953401289566216,0.012842656918754412,0.05891101970702852,False
1133,457.18921241042005,22899.73171206736,23265.73171206736,19975.73171206736,20327.73171206736,0.006886321458708987,227.12535640868066,0.0006999022424849033,23.084247116372723,0.011867225898794954,0.05897774664894297,False
1134,457.4595528745182,22945.748032253872,23317.748032253872,20020.748032253872,20372.748032253872,0.0069843847973474985,230.35969144117172,0.000584929192247184,19.292194251978685,0.00992592218534964,0.05892945575480349,False
1135,457.729915064273,22985.76433394232,23360.76433394232,20068.76433394232,20413.76433394232,0.007028098525411942,231.80146207678914,0.00037436513773076753,12.347349139002631,0.006372049559802692,0.05875113402952873,False
1136,458.00029895531316,23118.780617141623,23479.780617141623,20180.780617141623,20512.780617141623,0.006729110959069905,221.94022368204097,0.00035746307535711695,11.789883594636791,0.0060743215082865,0.05884823101139297,False
1137,458.27070452326734,23198.796881860722,23539.796881860722,20253.796881860722,20573.796881860722,0.006337248692433727,209.0157824536553,0.00047074890473499786,15.52628836862013,0.00801634440917421,0.05872363769653595,False
1138,458.54113174376414,23309.813128108563,23636.813128108563,20349.813128108563,20666.813128108563,0.00605012984483912,199.5459993506457,0.0006629572373068509,21.865723189062635,0.011304218561952777,0.0586468877679172,False
1139,458.8115805924323,23358.829355894108,23697.829355894108,20391.829355894108,20708.829355894108,0.006257493856232751,206.38530031510314,0.0004418674218644855,14.573716356129978,0.007518082517279353,0.05877395211463955,False
1140,459.08205104490037,23417.84556522634,23764.84556522634,20443.84556522634,20764.84556522634,0.006388058784929384,210.69160610441435,0.00037805509317204167,12.46905162555612,0.0064300203314962695,0.05879531847204409,False
1141,459.352543076797,23500.861756114253,23847.861756114253,20510.861756114253,20839.861756114253,0.0063656577024668055,209.9527713188528,0.0005452685162270054,17.98410179209216,0.009268979137662397,0.058827246035265124,False
1142,459.62305666375096,23565.877928566846,23912.877928566846,20554.877928566846,20900.877928566846,0.006348223148833587,209.37774309347665,0.0009014036855481801,29.73018825447201,0.015299286817138416,0.05891801992615882,False
1143,459.89359178139057,23593.894082593142,23948.894082593142,20579.894082593142,20938.894082593142,0.006485837809653272,213.91656386638755,0.0010247669868102653,33.798969233534194,0.017414946788339894,0.058844106689800155,False
1144,460.1641484053449,23672.910218202178,24042.910218202178,20658.910218202178,21027.910218202178,0.00673538367778366,222.14711113015906,0.000953322144105968,31.44256814768974,0.016249555831599483,0.05866758168565461,False
1145,460.4347265112424,23696.926335402997,24084.926335402997,20682.926335402997,21058.926335402997,0.007053303853903614,232.632786790774,0.0007709363995646147,25.42710292707784,0.01313471524830577,0.05869456512687299,False
1146,460.7053260747116,23727.942434204666,24124.942434204666,20710.942434204666,21097.942434204666,0.007206205670039056,237.6758100788282,0.0008340357985523288,27.508253737447433,0.014222208030622536,0.05864320060264378,False
1147,460.97594707138126,23791.958514616257,24185.958514616257,20778.958514616257,21150.958514616257,0.007133109695015616,235.26495117850155,0.0005731677185450831,18.90427612725881,0.009794418044905185,0.05851983404396659,False
1148,461.24658947688,23874.974576646862,24274.974576646862,20853.974576646862,21231.974576646862,0.0072158659446094385,237.99442623956944,0.0005856797968975492,19.31695077108091,0.010018258515683413,0.05846123814639814,False
1149,461.51725326683663,23956.990620305587,24370.990620305587,20931.990620305587,21312.990620305587,0.007440919699225817,245.41717211846128,0.00039294265596100976,12.960074739242486,0.00672556109498378,0.058425260050657145,False
1150,461.78793841687957,24038.00664560155,24447.00664560155,21011.00664560155,21378.00664560155,0.007327239675830866,241.66776599721902,0.0001931079402883104,6.3691057738613495,0.003309190617318811,0.05835503681101673,False
1151,462.0586449026375,24124.022652543874,24527.022652543874,21082.022652543874,21444.022652543874,0.007195104579987022,237.30967279498057,0.00019887709970872747,6.559384778028942,0.003403214587654567,0.058438013409489384,False
1152,462.3293726997391,24245.038641141713,24645.038641141713,21187.038641141713,21545.038641141713,0.007106622804989388,234.39135787132932,0.00017039586914998142,5.620013928091026,0.0029143727809429914,0.05846742402488646,False
1153,462.60012178381305,24267.054611404223,24674.054611404223,21198.054611404223,21575.054611404223,0.007223454140665388,238.2447008955001,0.0004324428773975269,14.262875069692427,0.007391574474522808,0.058504839380035464,False
1154,462.87089213048796,24354.07056334058,24769.07056334058,21276.07056334058,21661.07056334058,0.007338150364378232,242.0276234392283,0.0004503447428023362,14.853316219561464,0.007704131511766829,0.058454965639476254,False
1155,463.14168371539256,24435.08649695997,24854.08649695997,21352.08649695997,21731.08649695997,0.007383924718669093,243.5373578591254,0.00025719561934969826,8.482852138375677,0.004400646472035301,0.05844496279901011,False
1156,463.41249651415535,24522.102412271593,24936.102412271593,21427.102412271593,21810.102412271593,0.00727087106067446,239.80861058537414,0.0004233884548850656,13.964241183291904,0.00725196768384624,0.0583825622703978,False
1157,463.68333050240506,24587.118309284666,25007.118309284666,21483.118309284666,21870.118309284666,0.007356017781364214,242.61692840783553,0.000397794488014103,13.120098358659817,0.006810218474946608,0.05841141359524765,False
1158,463.9541856557704,24674.134188008415,25093.134188008415,21549.134188008415,21949.134188008415,0.007312986769581661,241.19767519023003,0.0006745812944329958,22.24910902626482,0.011536272449869345,0.05847480608354008,False
1159,464.2250619498798,24751.150048452084,25169.150048452084,21617.150048452084,22016.150048452084,0.0072731668645735215,239.8843310236292,0.0006697725014659615,22.09050492637172,0.011456532756199548,0.05846205965792951,False
1160,464.4959593603621,24857.16589062493,25261.16589062493,21717.16589062493,22104.16589062493,0.0070017801816866666,230.93342778089814,0.0006692022964482685,22.071698366346055,0.011475870193121565,0.05831386075187367,False
1161,464.76687786284594,24922.181714536222,25327.181714536222,21776.181714536222,22163.181714536222,0.007000808047324928,230.90136474627064,0.0006495672685229506,21.42409387353041,0.011145716631855535,0.05827954271387311,False
1162,465.03781743295986,24968.197520195245,25398.197520195245,21825.197520195245,22232.197520195245,0.007415705033253476,244.58553943473706,0.0006085044046859143,20.069754312115805,0.010468936874516584,0.05812475631285271,False
1163,465.30877804633246,25089.213307611295,25558.213307611295,21941.213307611295,22377.213307611295,0.008043446542209193,265.28977388109416,0.0005019156332028464,16.55423258438134,0.008657382798400962,0.05797544649354668,False
1164,465.5797596785926,25130.229076793687,25620.229076793687,21972.229076793687,22435.229076793687,0.008386561100389699,276.6064132193867,0.0006698289764940357,22.092367591505194,0.011551281934330583,0.057987414756391145,False
1165,465.8507623053688,25261.244827751743,25758.244827751743,22090.244827751743,22564.244827751743,0.008461518797045368,279.0786756123892,0.0007587552719382582,25.025343733844636,0.013110278268030502,0.05787484113045013,False
1166,466.1217859022896,25306.2605604948,25805.2605604948,22129.2605604948,22599.2605604948,0.00848027323300779,279.6972363313086,0.0006470537802491672,21.341193747035447,0.01116812541100957,0.05793754604611619,False
1167,466.39283044498393,25383.276275032218,25882.276275032218,22197.276275032218,22662.276275032218,0.008454791965847282,278.8568105800163,0.0005490502913377462,18.108832684345032,0.009470717331101377,0.05797346411498225,False
1168,466.6638959090802,25456.291971373357,25973.291971373357,22258.291971373357,22740.291971373357,0.008731854066957988,287.99490104521294,0.0005723474575599803,18.877222195822924,0.00986514517486616,0.05801713481299532,False
1169,466.934982270207,25528.3076495276,26053.3076495276,22323.3076495276,22817.3076495276,0.00884084282212382,291.58957927944954,0.0006650107375219712,21.933451942511226,0.01147936377968973,0.057930975120639085,False
1170,467.2060895039932,25626.323309504336,26143.323309504336,22410.323309504336,22897.323309504336,0.008674492737437353,286.10300382700024,0.00066210160511492,21.837502640877005,0.011433853241347502,0.05790712816923388,False
1171,467.47721758606735,25742.33895131298,26215.33895131298,22515.33895131298,22964.33895131298,0.007907472899811446,260.8050773450767,0.000667986164104668,22.031587765405163,0.01154975594697881,0.05783552199467904,False
1172,467.74836649205804,25926.35457496295,26367.35457496295,22672.35457496295,23104.35457496295,0.007325103155933305,241.59729908014035,0.0008721128335408912,28.76411438737776,0.0150861670213885,0.057808774906472155,False
1173,468.019536197594,26028.37018046368,26456.37018046368,22764.37018046368,23181.37018046368,0.007083283919676971,233.6215923765658,0.0008001790670788805,26.391587568310797,0.013846025531186093,0.0577912459627203,False
1174,468.2907266783038,26151.38576782462,26568.38576782462,22874.38576782462,23276.38576782462,0.0068704613325067596,226.6022561093457,0.000695643919960757,22.943798688747194,0.012035894146372161,0.05779744416998191,False
1175,468.56193790981615,26281.401337055227,26708.401337055227,22986.401337055227,23399.401337055227,0.0069993752921958165,230.8541094705335,0.0007343859246404334,24.22159143682316,0.012703366245330132,0.05781034022461566,False
1176,468.8331698677596,26368.416888164986,26810.416888164986,23069.416888164986,23484.416888164986,0.007219510766142885,238.11464011497355,0.0005236532120448563,17.2711836258855,0.009061999860340881,0.05778561246028956,False
1177,469.10442252776295,26473.43242116338,26897.43242116338,23162.43242116338,23564.43242116338,0.006900571499115154,227.59535269414243,0.0005722469676659138,18.873907827891912,0.00991076058650657,0.05773996482621363,False
1178,469.37569586545465,26622.447936059914,27022.447936059914,23296.447936059914,23675.447936059914,0.006476702378784596,213.61525815412364,0.0005317939855898996,17.539683448896483,0.009217750669999157,0.05769238121407641,False
1179,469.6469898564635,26723.4634328641,27133.4634328641,23380.4634328641,23779.4634328641,0.006612489343493333,218.0937976675704,0.0007364462716689599,24.289546012569502,0.012769695378173336,0.05767140482675368,False
1180,469.91830447641803,26856.478911585476,27296.478911585476,23493.478911585476,23926.478911585476,0.007057556410189007,232.7730450357251,0.0008739030840681141,28.82316061278192,0.015154882088956581,0.05766478940175526,False
1181,470.18963970094705,26898.494372233585,27343.494372233585,23530.494372233585,23975.494372233585,0.007126043307846827,235.03188687648537,0.001010475999626683,33.32762243728524,0.017545519981216062,0.057591681563640265,False
1182,470.4609955056791,27046.509814817975,27509.509814817975,23666.509814817975,24123.509814817975,0.007371621836675966,243.1315829509545,0.0009346575851479182,30.826971761291475,0.016252176934600324,0.057509685558373685,False
1183,470.73237186624283,27119.52523934823,27593.52523934823,23736.52523934823,24194.52523934823,0.007525105361869378,248.1937922264637,0.0007748557206566009,25.556370374906805,0.013481024243612433,0.05747751110407967,False
1184,471.0037687582668,27220.540645833924,27690.540645833924,23824.540645833924,24280.540645833924,0.007434688466687594,245.21165297161411,0.0007991284359026721,26.35693554374575,0.01390450035224587,0.0574726466725283,False
1185,471.2751861573797,27331.55603428466,27790.55603428466,23918.55603428466,24376.55603428466,0.00723287868463032,238.55554216537973,0.0010045112852180337,33.13089361855907,0.017491924751716653,0.05742714420947021,False
1186,471.5466240392104,27445.571404710045,27909.571404710045,24013.571404710045,24486.571404710045,0.007280890234565223,240.13906400008977,0.0011903344300593557,39.25973152630604,0.020730182443119607,0.0574203547569081,False
1187,471.8180823793872,27516.586757119712,28004.586757119712,24079.586757119712,24569.586757119712,0.007634606822998401,251.80538058104847,0.0011142157098630243,36.74917613651948,0.01941533894557422,0.05738842432709694,False
1188,472.08956115353897,27626.60209152329,28127.60209152329,24178.60209152329,24664.60209152329,0.007805237117960185,257.43312636516396,0.0008376882523167036,27.628719339870145,0.014574209423928081,0.05747744031599949,False
1189,472.36106033729425,27749.61740793044,28244.61740793044,24282.61740793044,24771.61740793044,0.007678696550215666,253.25955245905723,0.0009801700052305311,32.32806704042807,0.01705491264833258,0.057471417499541405,False
1190,472.63257990628176,27879.63270635082,28356.63270635082,24407.63270635082,24869.63270635082,0.0073676100147797964,242.9992646321715,0.0007761020262604902,25.597476153394666,0.013527224630453045,0.05737333765518297,False
1191,472.9041198361301,28000.647986794116,28460.647986794116,24509.647986794116,24959.647986794116,0.0070767019614004605,233.40450555766208,0.0008246802506911132,27.199688104094747,0.014362580699820486,0.05741866785134378,False
1192,473.17568010246794,28155.663249270016,28608.663249270016,24645.663249270016,25098.663249270016,0.0069318034421155745,228.62544782226558,0.0009782780812965372,32.26566741235632,0.01706216254274982,0.05733611310087035,False
1193,473.4472606809238,28232.678493788226,28668.678493788226,24716.678493788226,25159.678493788226,0.006655591712570479,219.51540439874103,0.00105938694975525,34.94080838087615,0.018510304649774684,0.05723228060258562,False
1194,473.7188615471266,28348.693720358468,28810.693720358468,24834.693720358468,25280.693720358468,0.007020663765463475,231.5562480661982,0.0007095150338376904,23.401297180790294,0.012421593464313353,0.05711948598833905,False
1195,473.9904826767047,28495.70892899047,28994.70892899047,24957.70892899047,25439.70892899047,0.007539287310170074,248.6615426911608,0.0007681352514462576,25.334715174262413,0.013431125692654424,0.05719068297204277,False
1196,474.2621240452869,28620.72411969398,29128.72411969398,25061.72411969398,25557.72411969398,0.007640844870499161,252.01112449968483,0.0008703880625064702,28.70722781328081,0.015207407943560866,0.05723447846843687,False
1197,474.53378562850185,28721.73929247876,29218.73929247876,25153.73929247876,25651.73929247876,0.007450737612727148,245.74098754249428,0.0010635244380913346,35.07727144299213,0.018633342296714293,0.0570764182375843,False
1198,474.80546740197815,28833.75444735458,29334.75444735458,25253.75444735458,25751.75444735458,0.007481261597784667,246.74773272956864,0.0009996076103511529,32.96916011417207,0.017513796422704824,0.05707543848432913,False
1199,475.0771693413444,28940.769584331225,29472.769584331225,25352.769584331225,25872.769584331225,0.007910873269009543,260.91722866863444,0.0009066381460223465,29.902831763482084,0.015897189745118254,0.05703134708452222,False
1200,475.34889142222926,29052.7847034185,29616.7847034185,25450.7847034185,25994.7847034185,0.008350142534009888,275.40525235019044,0.0008349051646954642,27.536927260211883,0.014629714457463392,0.05706913604657095,False
1201,475.6206336202615,29127.799804626215,29708.799804626215,25520.799804626215,26079.799804626215,0.008577426217652706,282.9015459755726,0.0008325463387455472,27.459128222250342,0.014606812326638567,0.05699712710262084,False
1202,475.8923959110697,29232.814887964196,29814.814887964196,25616.814887964196,26188.814887964196,0.008561480793119663,282.37563235799456,0.0010292351290764473,33.946337957282594,0.018110487950313777,0.05683088892470261,False
1203,476.1641782702824,29274.82995344228,29885.82995344228,25650.82995344228,26246.82995344228,0.00897093994566806,295.88045587153204,0.0010044960041067797,33.13038961538979,0.017656590648378007,0.056890711469207454,False
1204,476.4359806735283,29440.845001070327,30054.845001070327,25793.845001070327,26395.845001070327,0.00896422174958417,295.658875643376,0.0010552619588010716,34.80475750868436,0.018543768395660506,0.05690655406632544,False
1205,476.7078030964361,29603.860030858195,30215.860030858195,25940.860030858195,26537.860030858195,0.008886617871511933,293.09933662511514,0.0009949109019535933,32.81425279897627,0.01749554862897479,0.0568665163380986,False
1206,476.9796455146345,29702.875042815773,30302.875042815773,26034.875042815773,26606.875042815773,0.008685346771472084,286.46099268409785,0.0007530256457453938,24.836368618618565,0.013241995545354148,0.05686647780285556,False
1207,477.251507903752,29856.890036952944,30425.890036952944,26168.890036952944,26717.890036952944,0.008198722716300875,270.4111084853257,0.0008181331015968147,26.983749365187634,0.014391033003728257,0.05685019980044953,False
1208,477.52339023941727,29871.905013279622,30438.905013279622,26179.905013279622,26726.905013279622,0.008166105753062036,269.33533247849687,0.0008144979361756968,26.863853968664728,0.014317669869118515,0.056887604171714456,False
1209,477.7952924972591,30022.91997180572,30591.91997180572,26311.91997180572,26862.91997180572,0.0081538058743991,268.92965662646856,0.0008468728263709077,27.93164589768935,0.014889560482757394,0.05687695263749488,False
1210,478.0672146529058,30133.934912541175,30692.934912541175,26415.934912541175,26962.934912541175,0.007982572535491176,263.2820211854414,0.0009186049665312109,30.297522657517618,0.01619241914804392,0.056730557561078226,False
1211,478.33915668198654,30310.949835495932,30843.949835495932,26581.949835495932,27108.949835495932,0.0075704423196809095,249.68910039108712,0.0009554175148682826,31.511677879794576,0.016899574863171344,0.05653500295740521,False
1212,478.6111185601295,30430.96474067995,30932.96474067995,26685.96474067995,27180.96474067995,0.007105825700596648,234.36506769298353,0.0008761336208998882,28.896728405969725,0.015480829588294154,0.05659474616026893,False
1213,478.88310026296347,30563.9796281032,31069.9796281032,26800.9796281032,27300.9796281032,0.007131066958012003,235.19757741839223,0.0008964953155654251,29.568299895294587,0.015836066296489447,0.05661098525232627,False
1214,479.15510176611724,30687.994497775668,31183.994497775668,26907.994497775668,27407.994497775668,0.006963237521499272,229.6622098331897,0.0010326907092419674,34.06031025459674,0.018254826234062476,0.05657083206385305,False
1215,479.4271230452191,30792.009349707354,31290.009349707354,26999.009349707354,27500.009349707354,0.006967662960873182,229.80817012579166,0.0010173492491603814,33.5543166541305,0.017980237015134366,0.05658152605574976,False
1216,479.6991640758981,30883.02418390827,31425.02418390827,27082.02418390827,27614.02418390827,0.007555799056574588,249.20613479443998,0.0008927802331064631,29.445768666882117,0.01577564576754523,0.05659230983388036,False
1217,479.9712248337827,30966.03900038844,31542.03900038844,27146.03900038844,27713.03900038844,0.00800410795996021,263.99230475080645,0.0009735762838088882,32.11059224827238,0.017172959531628555,0.056692399584113005,False
1218,480.2433052945016,31101.0537991579,31700.0537991579,27280.0537991579,27850.0537991579,0.008284894767072786,273.2532438490889,0.000695921228947443,22.952944922017593,0.012299356602596508,0.05658192143160786,False
1219,480.5154054336833,31187.068580226707,31772.068580226707,27355.068580226707,27907.068580226707,0.008070936018592115,266.1964345936961,0.0006054757115624611,19.969861646743993,0.010691026763897625,0.05663400952348968,False
1220,480.78752522695663,31282.08334360492,31882.08334360492,27445.08334360492,28010.08334360492,0.008251023980587684,272.136114116125,0.000598823122544204,19.75044527751527,0.010592695570516134,0.05653170324378784,False
1221,481.05966464995015,31369.098089302624,31975.098089302624,27518.098089302624,28100.098089302624,0.008309853197589633,274.07642534889686,0.0007795683269211356,25.711802035171957,0.013799175521151438,0.05649383368783227,False
1222,481.3318236782925,31428.1128173299,32043.1128173299,27573.1128173299,28168.1128173299,0.00841639539150609,277.5904108505808,0.0008555583123196729,28.218111480733114,0.015168202470670139,0.05640472653064961,False
1223,481.6040022876123,31512.12752769686,32132.12752769686,27643.12752769686,28249.12752769686,0.008461756577372153,279.0865181073688,0.0009561053187124875,31.53436309630547,0.01694846703705207,0.056412495396916285,False
1224,481.8762004535382,31617.142220413618,32241.142220413618,27736.142220413618,28348.142220413618,0.008487806555913996,279.9457011554201,0.0009907408091263462,32.676714372208835,0.017572187903524418,0.0563811868257814,False
1225,482.14841815169893,31694.1568954903,32330.1568954903,27803.1568954903,28420.1568954903,0.00862860872950143,284.58965279940253,0.0009037519553092566,29.80763912713695,0.016014539003147765,0.056433217036819985,False
1226,482.42065535772304,31770.171552937056,32430.171552937056,27885.171552937056,28510.171552937056,0.008929686119288743,294.5198179640794,0.0006968237903319224,22.982713293616257,0.012377454384569967,0.05629782737883483,False
1227,482.69291204723925,31837.18619276404,32481.18619276404,27950.18619276404,28558.18619276404,0.008697203709227745,286.85205941396487,0.0006487117347251884,21.395876570591327,0.011537654533081424,0.056225616121991256,False
1228,482.9651881958762,31973.200814981417,32570.200814981417,28072.200814981417,28644.200814981417,0.008034320893458643,264.9887908036475,0.0007259269143474398,23.942595496947092,0.012929113272371662,0.056146689958906884,False
1229,483.23748377926245,32101.21541959937,32662.21541959937,28181.21541959937,28725.21541959937,0.007524162797355278,248.1627044675656,0.0007794117486669919,25.70663775523073,0.013875437037544373,0.05617205040519066,False
1230,483.50979877302666,32194.230006628106,32767.230006628106,28264.230006628106,28825.230006628106,0.007661687165869584,252.69854721045527,0.0008739355910827463,28.82423276245254,0.015577087167792308,0.05610391607037572,False
1231,483.78213315279754,32249.244576077817,32823.24457607782,28323.244576077817,28878.244576077817,0.007661962887508442,252.70764108965776,0.0007658247465225565,25.258509865313812,0.013676997418889548,0.05599363098985908,False
1232,484.0544868942037,32337.259127958732,32894.259127958736,28398.259127958732,28937.259127958732,0.007416902512262691,244.62503480950147,0.0007487731103890819,24.69611106395257,0.013362095410471403,0.05603710251928712,False
1233,484.3268599728739,32450.273662281088,33007.273662281084,28501.273662281088,29045.273662281088,0.0073912902382526095,243.78028817694053,0.000819914327875231,27.04249795189753,0.014655947019440594,0.05594413836155683,False
1234,484.59925236443655,32520.288179055126,33074.288179055126,28563.288179055126,29094.288179055126,0.007336120678698657,241.96068013921902,0.0006634139733922148,21.880787305194104,0.011843616330547868,0.05601447690272539,False
1235,484.87166404452046,32614.30267829111,33156.30267829111,28648.30267829111,29168.30267829111,0.007157998213262891,236.08582682470703,0.0006542632918859689,21.578978594847086,0.01168701516008416,0.055982069238734306,False
1236,485.1440949887542,32714.317159999315,33243.317159999315,28732.317159999315,29245.317159999315,0.006966493251258087,229.7695906440152,0.0007191905942082605,23.720417499351754,0.012840943556878277,0.05600761276012499,False
1237,485.4165451727665,32823.33162419002,33354.33162419002,28832.33162419002,29343.33162419002,0.006969581814582043,229.87145795444363,0.000660075522776,21.770678186616607,0.011792778546151801,0.055972858321111665,False
1238,485.689014572186,32907.34607087353,33468.34607087353,28907.34607087353,29443.34607087353,0.0073413925533306985,242.1345576457983,0.0006375493044212784,21.027716156302773,0.01139175348108385,0.055965862101908806,False
1239,485.9615031626413,32928.36050006015,33530.36050006015,28920.360500060156,29493.360500060156,0.007868114980954192,259.5069704528036,0.0006524420410365106,21.51890991365451,0.011642396378856347,0.05604018449512721,False
1240,486.2340109197611,32939.37491176022,33593.37491176022,28929.37491176022,29540.37491176022,0.008538283489909962,281.61053653857704,0.0005386695909537741,17.76645536597283,0.009600760883289459,0.056106968760293974,False
1241,486.5065378191739,33012.38930598406,33686.38930598406,28988.389305984067,29622.389305984067,0.008777505402396926,289.50057804479417,0.0006184947224453403,20.399255990965912,0.0110162946752453,0.056143625481910805,False
1242,486.77908383650845,33122.403682742035,33823.403682742035,29076.40368274204,29756.40368274204,0.009095463071666024,299.9874903082766,0.0009442889893771858,31.144635717498716,0.016829542387989734,0.05610901161822855,False
1243,487.05164894739335,33145.418042044505,33858.418042044505,29102.4180420445,29795.4180420445,0.009243161952403718,304.85890985060524,0.000977246330933124,32.23163811668371,0.017449019229970254,0.05600580285077661,False
1244,487.3242331274573,33213.43238390183,33917.43238390183,29159.432383901836,29848.432383901836,0.009109208566718468,300.44084562744365,0.0010332529214889998,34.07885319624569,0.018444994182228502,0.0560180670853518,False
1245,487.596836352329,33259.44670832442,33940.44670832442,29195.446708324427,29870.446708324427,0.008802533817068267,290.3260677691206,0.0011240590371268157,37.07382975985689,0.02005891937516511,0.05603786605366738,False
1246,487.86945859763694,33326.461015322675,33994.461015322675,29250.46101532268,29919.46101532268,0.008618962038456813,284.27148465189293,0.0012020882488017037,39.647397174362936,0.02144463206586123,0.056055438261184594,False
1247,488.1420998390098,33377.475304907006,34060.475304907006,29308.475304907002,29977.475304907002,0.008797220879769993,290.15083592949713,0.001004606989042726,33.13405013186207,0.017952890015682774,0.05595795374255344,False
1248,488.4147600520764,33420.489577087836,34094.489577087836,29352.489577087832,30013.489577087832,0.00867138549092352,286.00052030569856,0.0010001644589342912,32.98752615091155,0.017902347433604724,0.055867782850469644,False
1249,488.6874392124653,33504.503831875605,34159.503831875605,29431.503831875605,30063.503831875605,0.008408363064988676,277.32548783849114,0.0008187787798507439,27.005045191185218,0.014652094264711505,0.05588134808978895,False
1250,488.9601372958049,33603.51806928077,34233.51806928077,29514.51806928077,30129.51806928077,0.008066784916531804,266.0595225223398,0.0008897039464669798,29.344306267312447,0.015914796311654714,0.055904199403132314,False
1251,489.2328542777242,33648.5322893138,34237.5322893138,29542.5322893138,30134.5322893138,0.007536329301973006,248.56398136323742,0.0010804071010466878,35.63409715376588,0.019300496280645063,0.05597820311647335,False
1252,489.5055901338517,33778.54649198517,34329.54649198517,29648.546491985173,30215.546491985173,0.007027108522623182,231.76880970387992,0.0011999378679017373,39.57647309228986,0.02141309157035702,0.056037581680305246,False
1253,489.7783448398159,33829.56067730537,34351.56067730537,29691.560677305377,30231.560677305377,0.006650115006008952,219.33477110458085,0.0011774268011197579,38.834010792692936,0.020997499982269848,0.0560746185076304,False
1254,490.0511183712457,33954.574845284915,34477.574845284915,29799.57484528492,30343.57484528492,0.006638413012390702,218.94881475805047,0.0012182636890005726,40.18089719208129,0.02172402467630671,0.05607909708965074,False
1255,490.32391070376957,33973.58899593431,34496.58899593431,29808.588995934315,30352.588995934315,0.006634725897794148,218.82720596852718,0.001219596290901328,40.22484920383019,0.02170478204558801,0.056190211370919466,False
1256,490.5967218130162,34068.60312926409,34608.60312926409,29907.603129264095,30442.603129264095,0.006829743555665588,225.25929824241024,0.0008704334279723003,28.70872406169974,0.015505382422191643,0.056137501434760935,False
1257,490.8695516746143,34115.6172452848,34674.6172452848,29949.6172452848,30493.6172452848,0.007058442557388827,232.8022720330119,0.000759225693804085,25.040859235782534,0.013513599483114588,0.056182343923448896,False
1258,491.1424002641925,34145.631344006986,34731.631344006986,29991.631344006986,30547.631344006986,0.007390035469922984,243.73890327996975,0.0005874162093756127,19.3742213044589,0.010481835473125822,0.056041349903046836,False
1259,491.41526755737925,34260.645425441224,34867.645425441224,30094.645425441224,30677.645425441224,0.007627080684669889,251.55715271941088,0.0007057120045149074,23.275865279949045,0.012612483441940105,0.05595345339905174,False
1260,491.68815352980346,34245.659489598096,34859.659489598096,30081.659489598092,30661.659489598092,0.007717606489889378,254.5428840562274,0.0005762588846273684,19.006229282127805,0.010287468910202418,0.05601561371970453,False
1261,491.9610581570937,34253.67353648818,34876.67353648818,30080.673536488186,30678.673536488186,0.007827901890757891,258.1806582122418,0.0007211197461823408,23.784044986437095,0.012863576884326893,0.05605903806280819,False
1262,492.2339814148785,34366.687566122106,35008.687566122106,30168.687566122106,30798.687566122106,0.008038155216892603,265.115254850054,0.0009376375600352645,30.92525759683315,0.0167099770593121,0.05611243849749871,False
1263,492.50692327878664,34335.701578510474,34999.701578510474,30137.701578510474,30787.701578510474,0.008318415673561933,274.35883380435604,0.0009487244602887773,31.29092687129929,0.01689281008394604,0.05616143528366491,False
1264,492.77988372444656,34365.715573663925,35024.715573663925,30165.715573663925,30812.715573663925,0.008249225828358336,272.07680727597574,0.000967117381981502,31.897564089719253,0.017230507447009918,0.05612820080637439,False
1265,493.0528627274873,34418.7295515931,35078.7295515931,30215.729551593096,30846.729551593096,0.008249020302024878,272.0700285854923,0.0007270208589654093,23.978676089864223,0.012936719183959172,0.05619824073068508,False
1266,493.32586026353715,34511.74351230865,35150.74351230865,30286.743512308647,30918.743512308647,0.007967615557599884,262.7887086157733,0.0010016413398454861,33.036236787691905,0.017818519459754805,0.056213499786433405,False
1267,493.5988763082248,34554.757455821244,35193.757455821244,30329.757455821244,30958.757455821244,0.007957787742453296,262.4645666146669,0.000956796693487692,31.557166089626605,0.017036822448055454,0.0561605132884917,False
1268,493.87191083717903,34676.771382141575,35298.771382141575,30440.771382141575,31044.771382141575,0.00772093425402816,254.6526407123168,0.0008118782914203707,26.77745257827283,0.014452131407706351,0.05617706264333097,False
1269,494.1449638260285,34672.78529128033,35277.78529128033,30434.785291280325,31025.785291280325,0.007512582420599571,247.78075930079436,0.0008399580074481237,27.703580635015243,0.014946268550970997,0.05619850898460908,False
1270,494.41803525040166,34803.79918324821,35364.79918324821,30547.799183248208,31111.799183248208,0.006944542185484402,229.04559835476576,0.0010006577787341243,33.0037968748434,0.017822296875515075,0.05614639828544572,False
1271,494.6911250859274,34922.813058055945,35436.813058055945,30659.81305805594,31178.81305805594,0.006345438348610682,209.2858945286156,0.0009446372174460056,31.156121011166306,0.01684824425643597,0.05606739806642804,False
1272,494.96423330823404,34938.82691571426,35456.82691571426,30672.826915714257,31192.826915714257,0.006391548052669981,210.8066894887641,0.0009093834057854813,29.993376200867772,0.01621009383952414,0.05609982365235814,False
1273,495.2373598929506,34984.8407562339,35515.8407562339,30711.840756233898,31229.840756233898,0.006542198623604096,215.77546197807465,0.0007217238479386703,23.80396953215228,0.012839047544211816,0.05621319225225882,False
1274,495.5105048157054,35039.85457962562,35559.85457962562,30751.854579625622,31265.854579625622,0.006397681158700668,211.00897221713575,0.0008013101653203559,26.42889356582623,0.01423530822092271,0.05629032774595001,False
1275,495.78366805212727,35077.8683859002,35590.8683859002,30790.868385900198,31295.868385900198,0.00630539027507776,207.96502488446873,0.0007596790633876719,25.055812317609252,0.01350986866197944,0.056231417373110514,False
1276,496.0568495778449,35153.88217506841,35703.88217506841,30855.882175068404,31394.882175068404,0.006742147864328127,222.37020822037462,0.0007787421436495651,25.68455277427995,0.013845300599423058,0.05624595421799768,False
1277,496.3300493684868,35218.89594714104,35797.89594714104,30899.89594714104,31484.89594714104,0.007081763906667078,233.57145915250882,0.0010634814793220836,35.075854572484985,0.01889391622023442,0.05628697973071084,False
1278,496.6032673996816,35258.90970212891,35868.90970212891,30938.909702128913,31541.909702128913,0.007449297093122023,245.6934761780177,0.0009336820713551804,30.794797265926263,0.016584925121801784,0.05629703266659942,False
1279,496.87650364705803,35248.92344004284,35860.92344004284,30917.92344004284,31525.92344004284,0.00747561124667282,246.56137227314682,0.0009818878682368954,32.38472577323947,0.01739560447092253,0.056444596097718916,False
1280,497.1497580862448,35382.93716089365,36006.93716089365,31026.93716089365,31654.93716089365,0.007592299639134457,250.4100007296485,0.0011102499787495205,36.618377988629305,0.019650494256906764,0.056499850041140276,False
1281,497.4230306928704,35424.95086469219,36068.95086469219,31069.95086469219,31712.95086469219,0.007824253663341945,258.0603320036739,0.001071834553624973,35.35135652073524,0.018993122259248905,0.05643277282138442,False
1282,497.69632144256354,35517.96455144932,36174.96455144932,31147.964551449317,31794.964551449317,0.007960044763223532,262.5390079038132,0.0009686285899956799,31.94740690650991,0.01713353311616313,0.05653408339240388,False
1283,497.9696303109529,35531.9782211759,36190.9782211759,31157.978221175897,31809.978221175897,0.007980934752768882,263.22800366872343,0.0010131675979430932,33.416397007364424,0.01791836352926446,0.05654353402800302,False
1284,498.2429572736671,35568.99187388281,36229.99187388281,31178.991873882816,31844.991873882816,0.007996680402761922,263.7473283020562,0.0011823931802141686,38.99781241430503,0.02088359014680404,0.056618290816012704,False
1285,498.51630230633475,35575.005509580966,36266.005509580966,31181.005509580962,31867.005509580962,0.0083547471768005,275.5571231481518,0.0010963922802339314,36.16132196340169,0.019334452163475787,0.05670666388495339,False
1286,498.7896653845845,35569.019128281245,36277.019128281245,31176.019128281245,31874.019128281245,0.008559705010934178,282.31706332891264,0.0010564646725558478,34.844425536360575,0.01862497965157644,0.056722997410975834,False
1287,499.0630464840451,35616.032729994586,36307.032729994586,31204.032729994582,31896.032729994582,0.008345214959055052,275.2427305706659,0.001180728582942844,38.94291049739718,0.020771219121319646,0.056844452703834814,False
1288,499.33644558034507,35706.0463147319,36368.0463147319,31273.046314731902,31942.046314731902,0.007978207478293017,263.13805242391595,0.0012143395478058493,40.05147076713246,0.021317514381090707,0.05696440617312336,False
1289,499.6098626491131,35761.05988250415,36386.05988250415,31325.059882504152,31951.059882504152,0.007524648033255148,248.1787085674847,0.0010687112577340086,35.24834365724075,0.018754546454939142,0.0569841163742222,False
1290,499.8832976659779,35883.073433322286,36492.073433322286,31437.073433322286,32041.073433322286,0.007308906257772309,241.06309133372756,0.0009560415015914866,31.532258273514486,0.016781636516413942,0.05696950357948657,False
1291,500.1567506065679,35921.08696719727,36520.08696719727,31468.08696719727,32064.08696719727,0.007182333185753615,236.88844536833614,0.0009662028583657962,31.867401178590796,0.016952109016460437,0.05699602671429358,False
1292,500.43022144651206,36013.10048414008,36637.10048414008,31550.100484140083,32164.100484140083,0.007460582834360802,246.06570364613162,0.0009100806249447658,30.016371954260478,0.015965003138940052,0.05700472571314432,False
1293,500.70371016143883,36023.11398416172,36675.11398416172,31555.11398416172,32196.11398416172,0.007790219996162538,256.93783012304476,0.0009434829794995369,31.11805181754181,0.016540795765408754,0.057039757511099506,False
1294,500.97721672697685,36121.12746727318,36733.12746727318,31627.12746727318,32237.12746727318,0.007296608146302837,240.65747376745418,0.0009999793891307925,32.981422159784756,0.01748168065801512,0.057201559088789045,False
1295,501.2507411187547,36191.14093348549,36750.14093348549,31685.14093348549,32261.14093348549,0.006656734352922405,219.55309107931996,0.001167344861761863,38.50148724094143,0.020421351228221713,0.05716295894018151,False
1296,501.5242833124013,36311.15438280967,36838.15438280967,31782.154382809673,32345.154382809673,0.006257807647386357,206.39564980692225,0.0013680877900058936,45.12241096594212,0.023929048111654378,0.05717267914805109,False
1297,501.79784328354503,36354.16781525677,36882.16781525677,31814.16781525677,32383.16781525677,0.006262231924385697,206.54157176196767,0.0014365309291863408,47.379809560140444,0.025107428544642072,0.057215374590517225,False
1298,502.0714210078146,36406.18123083783,36962.18123083783,31851.181230837832,32441.181230837832,0.00658246542295738,217.10354565952773,0.0013886505141136162,45.80061282882403,0.024211389795488952,0.05735525824181925,False
1299,502.3450164608388,36466.19462956393,37044.19462956393,31909.194629563928,32506.194629563928,0.0068297117275842424,225.25824848538642,0.0012205766438098823,40.25718330340666,0.021277629813400707,0.05736431428284178,False
1300,502.618629618246,36550.208011446135,37138.208011446135,31990.20801144614,32580.20801144614,0.006931091460921815,228.60196518594682,0.0010056972880841172,33.170010486000706,0.017530038966448374,0.05736994024993167,False
1301,502.8922604556651,36618.221376495545,37212.221376495545,32046.22137649555,32632.22137649555,0.0069883500342931655,230.49047329036793,0.0008814600462621657,29.072405110295193,0.015335157278264533,0.057479687378981986,False
1302,503.1659089487247,36639.23472472326,37257.23472472326,32061.23472472326,32677.23472472326,0.00726422383352908,239.58937106198323,0.0010008302343199249,33.00948482255603,0.017416121604863367,0.05746573531276033,False
1303,503.4395750730532,36666.24805614039,37329.24805614039,32068.248056140394,32739.248056140394,0.007782769556636462,256.6920989670266,0.0012106965888304113,39.931318322806476,0.021024188339140045,0.0575858896096596,False
1304,503.7132588042796,36801.261370758075,37492.261370758075,32186.261370758075,32877.261370758075,0.008078931512190142,266.46014277868335,0.0011461690679046184,37.80306504907861,0.01989217709905665,0.05761908624667199,False
1305,503.98696011803236,36812.27466858744,37478.27466858744,32187.274668587434,32854.27466858744,0.007786935927090876,256.8295146221138,0.0011207416275928299,36.96441462039854,0.01940742770260426,0.05774807690987502,False
1306,504.2606789899402,36861.28794963963,37518.28794963963,32226.28794963963,32890.28794963963,0.007672506661292688,253.055396911543,0.001184885720190116,39.080021621905104,0.02051118689269025,0.05776777942637654,False
1307,504.53441539563164,36880.30121392582,37552.30121392582,32242.30121392582,32923.30121392582,0.007842096398156376,258.6488229023827,0.0012352480347757391,40.74107661598464,0.02138927839765553,0.05775080448301305,False
1308,504.80816931073537,36935.31446145719,37644.31446145719,32290.314461457187,33009.31446145719,0.00825759174809568,272.3527328936548,0.0013066387890409183,43.095693751415865,0.022639027334928036,0.05771620704856893,False
1309,505.0819407108801,36957.327692244915,37694.327692244915,32293.32769224491,33047.327692244915,0.008575440986644386,282.83606888406274,0.0014481063262802314,47.76159048719802,0.025026158458531594,0.05786370803492462,False
1310,505.3557295716944,37076.3409063002,37784.3409063002,32398.340906300196,33113.3409063002,0.008214984256787697,270.9474482715193,0.0012652451099331302,41.73044320701479,0.021836605777806994,0.057941473267746846,False
1311,505.629535868807,37148.35410363425,37804.35410363425,32457.35410363425,33121.35410363425,0.00760224578199072,250.7380454273388,0.0011927243884200635,39.33855737661415,0.020553546709903052,0.05803010085093433,False
1312,505.90335957784646,37323.3672842583,37958.3672842583,32616.367284258296,33246.3672842583,0.007326705163711419,241.6501366640021,0.00098190426294688,32.38526650523556,0.01691355582815174,0.05805427746379334,False
1313,506.17720067444145,37417.380448183576,38050.380448183576,32700.380448183576,33320.380448183576,0.007285623714190283,240.2951841076597,0.0008715223416769467,28.74463872452074,0.015004306544551826,0.05808481312276327,False
1314,506.4510591342207,37526.39359542133,38172.39359542133,32786.39359542133,33427.39359542133,0.007412563835637589,244.48193613472617,0.0009963030066187772,32.860167336967805,0.01713479230881335,0.05814502963694078,False
1315,506.72493493281274,37665.406725982815,38301.406725982815,32902.406725982815,33534.406725982815,0.007272063459837151,239.84793841612253,0.0009908973328163892,32.68187685251144,0.0170200112817036,0.05821954618100619,False
1316,506.99882804584627,37786.41983987931,38421.41983987931,32999.41983987931,33640.41983987931,0.007237664257293402,238.71338041084059,0.0011174383446011802,36.8554654039996,0.019176668994957118,0.058270721828438114,False
1317,507.27273844895,37877.432937122096,38501.432937122096,33069.432937122096,33717.432937122096,0.007096355338509176,234.05271524511514,0.0013313991910112212,43.912343853512795,0.022841701962526204,0.05828809049323458,False
1318,507.54666611775235,38011.44601772247,38624.44601772247,33182.44601772247,33822.44601772247,0.006947872292031459,229.15543226840367,0.0013487434633288678,44.48439441133462,0.02312199448369564,0.05833162291773435,False
1319,507.82061102788225,38122.45908169174,38731.45908169174,33274.45908169174,33920.45908169174,0.006882950976095812,227.0141908075137,0.0014677662185935293,48.41001505979281,0.02516054793640636,0.058336019640881,False
1320,508.0945731549681,38294.47212904122,38907.47212904122,33431.47212904122,34065.47212904122,0.006896927662149359,227.47517129184897,0.0012619839063430774,41.62288185772931,0.021627980718989196,0.05834959457103018,False
1321,508.3685524746387,38382.48515978224,39017.48515978224,33500.48515978224,34149.48515978224,0.0071261831869122855,235.03650038208298,0.0012068808138823647,39.80546604445328,0.020638007241066365,0.058478553660009536,False
1322,508.6425489625226,38575.49817392616,39217.49817392616,33676.49817392616,34317.49817392616,0.007168341637139469,236.42697468551196,0.0010203522268258753,33.65336116964616,0.017449541957631293,0.05847444186806518,False
1323,508.9165625942486,38662.51117148431,39315.51117148431,33741.51117148431,34397.51117148431,0.00727386813862283,239.90746051581806,0.0010886229230390896,35.905072232318844,0.01858313919193661,0.058581217726198426,False
1324,509.1905933454452,38815.524152468075,39507.524152468075,33859.524152468075,34558.524152468075,0.007674359164133375,253.1164963490964,0.0011999777456393997,39.577788343899044,0.020433982052433526,0.05872461581693969,False
1325,509.46464119174107,38900.53711688882,39650.53711688882,33921.53711688882,34670.53711688882,0.008293476901122613,273.5363006692652,0.0011915693050595939,39.300460299458905,0.020235776181212247,0.05888428960614307,False
1326,509.73870610876486,39000.55006475796,39790.55006475796,34000.55006475796,34784.55006475796,0.008709210506718032,287.2480688328773,0.001191236496018348,39.28948355773076,0.02019415558277482,0.058989170957682774,False
1327,510.0127880721452,39119.562996086876,39955.562996086876,34109.562996086876,34927.562996086876,0.009183259849207382,302.8832125759898,0.0011088694170363258,36.572844161457056,0.018806061573133047,0.05896340457698452,False
1328,510.28688705751085,39165.57591088699,40021.57591088699,34143.57591088699,34980.57591088699,0.009389668631414804,309.69100807404243,0.0011282831678369899,37.213150469588186,0.019113280466179466,0.05903137192139582,False
1329,510.5610030404903,39284.58880916973,40120.58880916973,34242.58880916973,35073.58880916973,0.009145086339580326,301.6241699896971,0.0012685290220904762,41.83875353258179,0.021492712101280727,0.05902135645388773,False
1330,510.8351359967122,39429.601690946525,40284.601690946525,34371.601690946525,35225.601690946525,0.009316684018660832,307.2838221354407,0.0013419656332663427,44.26084732921555,0.022763840120539378,0.058951636725629294,False
1331,511.10928590180526,39483.61455622884,40392.61455622884,34423.61455622884,35310.61455622884,0.00988506171919568,326.03011340034567,0.001163744223313513,38.3827306165544,0.019731648228135973,0.058978561236161395,False
1332,511.3834527313983,39622.62740502812,40568.62740502812,34538.62740502812,35461.62740502812,0.010247043537853032,337.96903464719475,0.0012065444915721878,39.794373427731045,0.020437808854565007,0.05903492395676717,False
1333,511.65763646111964,39754.64023735585,40716.64023735585,34646.64023735585,35583.64023735585,0.010384107057292964,342.48967761893,0.001205141189899197,39.748089588886614,0.02038323741099301,0.059124130558830895,False
1334,511.93183706659806,39902.65305322352,40864.65305322352,34771.65305322352,35686.65305322352,0.010346043968426815,341.234276941431,0.0009344370442716937,30.81969785962781,0.01575534307582654,0.05930921591326072,False
1335,512.2060545234623,40050.66585264262,40972.66585264262,34901.66585264262,35774.66585264262,0.009884481146017456,326.0109648765923,0.0008449485674946345,27.86817979525472,0.014238839904298502,0.059341110172855906,False
1336,512.4802888073409,40168.67863562465,41033.67863562465,34990.67863562465,35827.67863562465,0.0092529071762146,305.18032781585714,0.0010133972827283105,33.423972494366694,0.017052383944317004,0.0594284814391622,False
1337,512.7545398938624,40328.69140218115,41140.69140218115,35126.69140218115,35913.69140218115,0.008657455970777243,285.5410954521254,0.0009653452313533612,31.8391148370319,0.016225867967601174,0.0594942121605392,False
1338,513.0288077586557,40476.70415232364,41243.70415232364,35240.70415232364,36007.70415232364,0.008152520432933817,268.88726006501037,0.001198333686576224,39.52356382026619,0.02011930083748663,0.05956139809508032,False
1339,513.3030923773493,40653.71688606367,41362.71688606367,35381.71688606367,36116.71688606367,0.0075087990036416166,247.65597425696933,0.001420562728078117,46.85314472323785,0.023830517281648776,0.05961107395566496,False
1340,513.5773937255719,40761.729603412794,41449.729603412794,35476.729603412794,36192.729603412794,0.007269098056103373,239.75013316785345,0.001408662267027942,46.460642503634006,0.023633411325608807,0.05960469471038812,False
1341,513.8517117789521,40856.74230438258,41541.74230438258,35551.74230438258,36262.74230438258,0.007220971964386853,238.16283350442464,0.0013787824695695883,45.475143977629926,0.023089979856607726,0.059713454846302874,False
1342,514.1260465131185,41022.7549889846,41686.7549889846,35693.7549889846,36382.7549889846,0.006973266593294647,229.9929897016044,0.001330076982314599,43.86873463148217,0.0222541673655759,0.059767546476353135,False
1343,514.4003979036997,41088.767657230455,41762.767657230455,35739.767657230455,36439.767657230455,0.007066156037044595,233.05667880540446,0.0013577183295089591,44.780404362670055,0.02266924246288822,0.05989253199491239,False
1344,514.6747659263247,41213.78030913175,41904.78030913175,35847.78030913175,36555.78030913175,0.00722111640530288,238.16759746944277,0.0012726728919524493,41.97542707083514,0.021231085060226657,0.05994384593826607,False
1345,514.9491505566216,41297.792944700086,42013.792944700086,35919.792944700086,36641.792944700086,0.007465048273307449,246.21298320871952,0.0011778434390864413,38.847752388586144,0.019629383876688538,0.060004096230713816,False
1346,515.2235517702196,41346.8055639471,42118.8055639471,35957.8055639471,36723.8055639471,0.008034084862302025,264.9810059999767,0.001120414760471141,36.953633855666965,0.018646053200102267,0.06008857469445576,False
1347,515.4979695427469,41351.818166884426,42145.818166884426,35964.818166884426,36738.818166884426,0.008259879636852218,272.42819227387224,0.0009874330404628547,32.567617208923934,0.016423542497316077,0.060123024044551915,False
1348,515.7724038498324,41379.83075352372,42167.83075352372,35979.83075352372,36748.83075352372,0.008192550071096951,270.2075216719114,0.0009918593908427916,32.71360754841959,0.016466861243319555,0.06023366421728848,False
1349,516.0468546671046,41436.84332387663,42228.84332387663,36033.84332387663,36781.84332387663,0.008222522711592684,271.19608235643966,0.0007003815352100758,23.100055197897973,0.011609966709796601,0.06032588660388554,False
1350,516.3213219701922,41445.85587795484,42234.85587795484,36035.85587795484,36784.85587795484,0.008189904070301485,270.12025100391674,0.0007443134280163168,24.549021365271187,0.012328353552461773,0.06037411442241526,False
1351,516.595805734724,41417.868415770026,42228.868415770026,35994.868415770026,36781.868415770026,0.008421700001519377,277.76536803884176,0.0009714961233911728,32.04198418530382,0.016068037327526357,0.06046140568312538,False
1352,516.8703059363284,41433.88093733389,42292.88093733389,36005.88093733389,36834.88093733389,0.008911656002313861,293.9251468078511,0.0009741733595159154,32.13028506011318,0.016103346960736984,0.06049508601479772,False
1353,517.1448225506341,41391.89344265814,42270.89344265814,35953.89344265814,36818.89344265814,0.00912613387948732,300.99907801871433,0.0011986712098934968,39.5346960487268,0.01978983986708609,0.06057003078064786,False
1354,517.4193555532698,41424.90593175449,42292.90593175449,35979.90593175449,36841.90593175449,0.009005995513504676,297.0366621838196,0.0012760702615603105,42.087479461602015,0.021069965364746264,0.060563472197035464,False
1355,517.6939049198643,41437.91840463466,42317.91840463466,35990.91840463466,36863.91840463466,0.00912636593845244,301.00673181116025,0.0012822012125842108,42.2896911133202,0.021171047186205612,0.060563901318006264,False
1356,517.9684706260459,41432.930861310415,42305.930861310415,35968.930861310415,36852.930861310415,0.009055600029081656,298.67272337373873,0.001488903300462134,49.10716044889966,0.02453952741436656,0.06067367457086651,False
1357,518.2430526474436,41462.94330179349,42305.94330179349,35978.94330179349,36838.94330179349,0.008741255202342127,288.30497025089437,0.0015175050723899644,50.05050700656187,0.02493723873457666,0.060852971274877835,False
1358,518.5176509596857,41461.955726095664,42275.955726095664,35967.955726095664,36798.955726095664,0.008443650858156584,278.4893534303306,0.0014760886936370423,48.68450778015085,0.024199768429334783,0.06099598423626808,False
1359,518.7922655384011,41445.96813422871,42244.96813422871,35945.96813422871,36756.96813422871,0.008292698102345012,273.51061424858415,0.0013967987194901006,46.06935776925724,0.022848259120006625,0.06113370441720094,False
1360,519.0668963592184,41541.9805262044,42300.9805262044,36026.9805262044,36798.9805262044,0.007863236519267677,259.3460685321019,0.001344685893781403,44.35056723885259,0.021976663539837616,0.06118699006989206,False
1361,519.3415433977661,41542.99290203455,42252.99290203455,36022.99290203455,36749.99290203455,0.007359695298316473,242.7382206468762,0.0013177717256670305,43.46288140221645,0.02151144336688187,0.061259103036099265,False
1362,519.6162066296731,41550.00526173096,42228.00526173096,36033.00526173096,36734.00526173096,0.007029483879665671,231.84715397202189,0.0013383148774284573,44.14043772797737,0.021867375423556823,0.06120144057099536,False
1363,519.8908860305678,41544.01760530547,42202.01760530547,36022.01760530547,36700.01760530547,0.006824720694275969,225.09363371597917,0.0012735177479883163,42.00329219874291,0.020773913080041277,0.06130370061150684,False
1364,520.1655815760789,41606.029932769896,42251.029932769896,36075.029932769896,36735.029932769896,0.006681022816462774,220.35417566000694,0.0011926751241664313,39.33693253797833,0.01943948084533507,0.061353239505500465,False
1365,520.4402932418352,41641.042244136086,42254.042244136086,36098.042244136086,36732.042244136086,0.006346671129180024,209.32655422303512,0.0012147551404964535,40.065177887623435,0.019774442052301233,0.06143056462900744,False
1366,520.7150210034653,41630.0545394159,42253.0545394159,36090.0545394159,36730.0545394159,0.006451130393011932,212.77184031231656,0.001182904456981073,39.01467539675551,0.019256766683148244,0.06142798925928944,False
1367,520.9897648365976,41601.0668186212,42239.0668186212,36056.0668186212,36714.0668186212,0.006609847002525216,218.0066477083744,0.0012442970904490381,41.0395334927488,0.020231167237134345,0.06150396938863362,False
1368,521.264524716861,41648.07908176387,42299.07908176387,36093.07908176387,36763.07908176387,0.006735936787886091,222.1653538639468,0.0012520085908005393,41.29387498352611,0.020342965586347055,0.0615450380371685,False
1369,521.5393006198841,41612.0913288558,42283.0913288558,36057.0913288558,36744.0913288558,0.006947188197313311,229.1328693866666,0.0012496337506703687,41.21554776423889,0.020284933062763976,0.061604036197894,False
1370,521.8140925212955,41696.103559908894,42388.103559908894,36122.103559908894,36835.103559908894,0.007148514021556767,235.7730182469463,0.0013403477792907313,44.207487104452326,0.021740446526136475,0.06165226540675503,False
1371,522.0889003967238,41713.11577493507,42394.11577493507,36126.11577493507,36842.11577493507,0.007032950675780206,231.96149619490987,0.0014903429029425128,49.15464156467445,0.02415224312868389,0.06170618998003292,False
1372,522.3637242217977,41708.12797394623,42385.12797394623,36112.12797394623,36820.12797394623,0.006992801340042717,230.63728671040838,0.0014394115003609912,47.47481685229582,0.023273405353007263,0.061847910889198617,False
1373,522.638563972146,41667.14015695434,42385.14015695434,36073.14015695434,36811.14015695434,0.007419930116262109,244.72489155327327,0.0013753898272930096,45.363247504185324,0.022211632865427208,0.06192204938853585,False
1374,522.913419623397,41690.15232397132,42463.15232397132,36086.15232397132,36873.15232397132,0.007978749694719697,263.1559358613795,0.0013909397846778547,45.87611778396388,0.02243544118421253,0.061997434026687975,False
1375,523.1882911511797,41766.164475009144,42607.164475009144,36145.164475009144,37007.164475009144,0.008658038280968904,285.560301266233,0.001577566720920862,52.0314664216674,0.02545053326809448,0.06198560573575662,False
1376,523.4631785311225,41782.176610079776,42637.176610079776,36142.176610079776,37035.176610079776,0.008797377969615843,290.15601708280826,0.0018027382813602597,59.45809778422438,0.029041111980305113,0.06207538756032577,False
1377,523.7380817388541,41811.1887291952,42666.1887291952,36163.1887291952,37059.1887291952,0.008791334978637778,289.95670653828944,0.0018378549844120743,60.61632046441218,0.029591814764050352,0.06210686972279897,False
1378,524.0130007500034,41841.20083236741,42690.20083236741,36192.20083236741,37080.20083236741,0.0087240577247674,287.73776129224916,0.0018030267889792822,59.46761337192817,0.029040030743096086,0.06208763361615689,False
1379,524.2879355401985,41920.212919608406,42748.212919608406,36245.212919608406,37122.212919608406,0.008494484016853121,280.1659378528787,0.0018887180262644482,62.293890496252686,0.03035135144643668,0.06222846549675429,False
1380,524.5628860850686,41915.2249909302,42719.2249909302,36236.2249909302,37080.2249909302,0.008251563462911343,272.15390737712386,0.001747849646195494,57.647755223347076,0.028030657155905327,0.062354929335906334,False
1381,524.837852360242,41957.237046344824,42736.237046344824,36265.237046344824,37076.237046344824,0.007989398146858343,263.5071441954214,0.001615731447265116,53.290219316831326,0.02584818979954278,0.06250849517105048,False
1382,525.1128343413475,42083.24908586431,42844.24908586431,36377.24908586431,37157.24908586431,0.007783272879298975,256.70869960639516,0.0014304270811343854,47.17849182140617,0.022863349791545584,0.06256419528092638,False
1383,525.3878320040136,42134.2611095007,42880.2611095007,36416.2611095007,37177.2611095007,0.007622038941626642,251.39086543635497,0.0013599983713532288,44.85560493522715,0.021704400687748426,0.06266002876185901,False
1384,525.6628453238692,42279.27311726607,43008.27311726607,36526.27311726607,37272.27311726607,0.007424492835808302,244.87537963451308,0.0013560248302509487,44.724549197490944,0.021577586747869155,0.06284413758108792,False
1385,525.9378742765426,42316.28510917248,43036.28510917248,36553.28510917248,37293.28510917248,0.007327241428607013,241.66782380746056,0.0013769860924420473,45.41589568406951,0.021894236956152682,0.06289262764442169,False
1386,526.2129188376629,42400.297085232014,43131.297085232014,36629.297085232014,37380.297085232014,0.007423619292466947,244.84656833897114,0.00139054473076593,45.86308807556517,0.02212656200652566,0.06284504254912375,False
1387,526.4879789828583,42534.30904545676,43194.30904545676,36740.30904545676,37434.30904545676,0.006687148996381902,220.55622995066105,0.001439867321568541,47.489850793833995,0.022899875724667382,0.06287664347529794,False
1388,526.7630546877576,42662.320989858825,43272.320989858825,36847.320989858825,37494.320989858825,0.006165710999465908,203.35810877599593,0.0013938644138398832,45.97257820115058,0.022145350112876754,0.06294162913366627,False
1389,527.0381459279896,42758.33291845033,43357.33291845033,36923.33291845033,37566.33291845033,0.0060417947817019944,199.27109144850093,0.0014561120743422059,48.02563688596064,0.023115894311693856,0.06299181224433911,False
1390,527.3132526791828,42844.34483124339,43427.34483124339,36992.34483124339,37627.34483124339,0.00586977114339196,193.59739027202266,0.0015219415406679685,50.19683105560301,0.02414987704665394,0.06302067450396562,False
1391,527.5883749169658,42877.35672825015,43475.35672825015,37024.35672825015,37670.35672825015,0.006015149761798625,198.39228268559955,0.0014970614116645653,49.37623210429422,0.02376591553846685,0.06299195203489903,False
1392,527.8635126169673,43041.368609482764,43620.368609482764,37162.368609482764,37800.368609482764,0.005803258847015134,191.4036749320219,0.001589389291232533,52.421399640992945,0.025233211381297437,0.06298799099390773,False
1393,528.138665754816,43072.380474953374,43642.380474953374,37176.380474953374,37817.380474953374,0.005709556652420399,188.31317959699948,0.0017147820926311612,56.55711780046528,0.027186666163886167,0.06307437926717983,False
1394,528.4138343061405,43163.39232467416,43752.39232467416,37247.39232467416,37915.39232467416,0.005886234973335032,194.14040198968553,0.0018334458168624106,60.470896850776484,0.02905482447570173,0.0631029734285851,False
1395,528.6890182465694,43227.40415865731,43840.40415865731,37289.40415865731,37987.40415865731,0.006115392621737321,201.6985029118145,0.001938780857061703,63.94506788549205,0.030674814443766817,0.06320432224996449,False
1396,528.9642175517314,43314.41597691501,43979.41597691501,37353.41597691501,38086.41597691501,0.006616994831525602,218.24239813318331,0.0018227873202974173,60.11935723044064,0.028754786169534696,0.06339074509372063,False
1397,529.2394321972552,43359.42777945945,44090.42777945945,37398.42777945945,38169.42777945945,0.007260770388949695,239.47546920078875,0.0016015338897191547,52.8219540264154,0.025249066309714994,0.0634294302242352,False
1398,529.5146621587693,43412.43956630287,44193.43956630287,37440.43956630287,38264.43956630287,0.007743612182345466,255.40060645608332,0.0017108058149073223,56.42597180319774,0.02697672368904786,0.06341784994453879,False
1399,529.7899074119024,43448.45133745748,44289.45133745748,37466.45133745748,38328.45133745748,0.008325999022230315,274.6089485832558,0.00155271238157444,51.2117180674544,0.024430854975416604,0.06355538449787562,False
1400,530.0651679322832,43492.46309293552,44367.46309293552,37480.46309293552,38390.46309293552,0.008650593103428092,285.31474366154924,0.001767809602995123,58.306076553421576,0.027741160068721946,0.06372515059268634,False
1401,530.3404436955403,43550.474832749234,44438.474832749234,37515.474832749234,38440.474832749234,0.008766250657451494,289.12937289958745,0.001812045279341137,59.765062140474186,0.028367982436842763,0.06387642418262897,False
1402,530.6157346773024,43641.48655691088,44487.48655691088,37586.48655691088,38471.48655691088,0.00833833426728784,275.01579089331614,0.001768902313404418,58.342116439542224,0.027646289725830477,0.06398335295429164,False
1403,530.8910408531981,43705.49826543273,44493.49826543273,37645.49826543273,38479.49826543273,0.007760477360506895,255.9568554816013,0.001755873555330115,57.912400612459265,0.027459083642705075,0.06394508928911725,False
1404,531.1663621988561,43900.50995832707,44660.50995832707,37816.50995832707,38626.50995832707,0.0074541126424970015,245.85230311844643,0.0017499114074770216,57.71575644413011,0.0273795147786999,0.06391316360501678,False
1405,531.4416986899049,43884.52163560619,44643.52163560619,37800.52163560619,38613.52163560619,0.007447077253818923,245.62026121181117,0.0017945417511835851,59.187758990304474,0.028076431466713993,0.06391630479504148,False
1406,531.7170503019732,43991.533297282374,44743.533297282374,37880.533297282374,38697.533297282374,0.007361177081589268,242.78709297384668,0.0019060209752445254,62.86457812354192,0.02978157575161412,0.06400000426912339,False
1407,531.9924170106899,44080.54494336796,44814.54494336796,37950.54494336796,38746.54494336796,0.007172036041747718,236.54882391494422,0.001842929740800853,60.78369659699612,0.028747502280144388,0.06410747350644602,False
1408,532.2677987916832,44171.55657387525,44871.55657387525,38025.55657387525,38781.55657387525,0.006828431519155702,225.21602452047958,0.001721225365498737,56.76963048307252,0.026807644934636523,0.06420651160128008,False
1409,532.5431956205821,44341.56818881659,45024.56818881659,38175.56818881659,38900.56818881659,0.0066385080239068075,218.95194843756104,0.001531927103054164,50.526175892248375,0.023839670568437367,0.06425957517560521,False
1410,532.8186074730152,44471.579788204326,45172.579788204326,38290.579788204326,39029.579788204326,0.006792336253204244,224.0255267789716,0.0015095968270610717,49.78967645288208,0.02350085835493023,0.0642358165928171,False
1411,533.0940343246108,44539.59137205081,45249.59137205081,38357.59137205081,39077.59137205081,0.006868433361319166,226.5353693568857,0.0012080256223799147,39.84322423503224,0.018789997689324957,0.06429088722380326,False
1412,533.3694761509979,44668.60294036841,45373.60294036841,38460.60294036841,39189.60294036841,0.006800896614507715,224.30786548820785,0.00135387840166619,44.65375547108093,0.021052592933425072,0.0643093421293795,False
1413,533.6449329278051,44734.61449316951,45452.61449316951,38509.61449316951,39247.61449316951,0.0069151703550788595,228.07685364988455,0.0013289236341704645,43.83069478540895,0.02063223518051542,0.0644100662164547,False
1414,533.9204046306611,44816.62603046648,45553.62603046648,38571.62603046648,39337.62603046648,0.0070837941061665565,233.63841939937856,0.001456405789981039,48.0353242451049,0.0225999040266206,0.06444300773425973,False
1415,534.1958912351944,44892.63755227174,45631.63755227174,38635.63755227174,39410.63755227174,0.007090932275545491,233.87385122956798,0.0015344450777405759,50.60922399006202,0.023819457535959283,0.0644198162541731,False
1416,534.4713927170337,44947.6490585977,45659.6490585977,38675.6490585977,39437.6490585977,0.006825587838023756,225.1222339394736,0.0016478194075160348,54.34854769318096,0.025569208235422546,0.0644454608192839,False
1417,534.7469090518075,45012.66054945676,45699.66054945676,38724.66054945676,39468.66054945676,0.006578290797274271,216.9658577296461,0.0016864776350197655,55.62357729389876,0.02614538957232145,0.06450382505698588,False
1418,535.0224402151447,45097.67202486138,45805.67202486138,38799.67202486138,39560.67202486138,0.006765135297201426,223.12838207496074,0.0016704706342236903,55.095632761735686,0.025902450467481773,0.06449083403598505,False
1419,535.2979861826739,45127.683484823974,45869.683484823974,38814.683484823974,39596.683484823974,0.007082702687865871,233.60242212971573,0.0015800603350389778,52.11371105673405,0.02443759030956698,0.06465696146892216,False
1420,535.5735469300234,45167.694929357014,45944.694929357014,38845.694929357014,39656.694929357014,0.0074074446660186795,244.3130951604581,0.001566176557833805,51.655794901507875,0.024206020085334158,0.06470194407475988,False
1421,535.8491224328224,45158.70635847296,45951.70635847296,38826.70635847296,39653.70635847296,0.007560150608830768,249.34965813459223,0.001593084422097644,52.54327282390312,0.02457917450024274,0.06481439895721115,False
1422,536.124712666699,45219.71777218428,46043.71777218428,38873.71777218428,39726.71777218428,0.007842535744270953,258.66331346072474,0.0015840720024788927,52.24602428122512,0.024415513147784968,0.06487973416289239,False
1423,536.4003176072823,45191.72917050347,46043.72917050347,38837.72917050347,39715.72917050347,0.008111531677821379,267.5353647651058,0.0015971798949798843,52.67835012803681,0.02456952624192793,0.06500654018530869,False
1424,536.6759372302007,45318.74055344302,46190.74055344302,38945.74055344302,39831.74055344302,0.008277093188357478,272.995931384533,0.0014922249180243687,49.21671437797477,0.02293199193955875,0.0650717531192836,False
1425,536.9515715110829,45333.751921015435,46211.751921015435,38946.751921015435,39839.751921015435,0.008330769536800857,274.7662901811733,0.0015146116533922682,49.955075966197114,0.02323269389936164,0.06519311363345104,False
1426,537.2272204255576,45383.76327323323,46281.76327323323,38970.76327323323,39895.76327323323,0.00850939139923578,280.6576146584248,0.001678474998157823,55.3596335090528,0.02569526123347529,0.0653223558580186,False
1427,537.5028839492533,45369.774610108936,46288.774610108936,38947.774610108936,39898.774610108936,0.008709062212803315,287.2431777878636,0.0017678473336251513,58.30732098890786,0.02703128412572621,0.06540005000882129,False
1428,537.7785620577987,45460.7859316551,46411.7859316551,39029.7859316551,39998.7859316551,0.00899134085938117,296.55332088748236,0.0016592993947998382,54.72718180415518,0.025367236940953157,0.06541112059867452,False
1429,538.0542547268226,45547.79723788425,46508.79723788425,39101.79723788425,40083.79723788425,0.009067729722619064,299.07278616260663,0.0017044075288262274,56.21494287936855,0.026053924915465182,0.06541845554389078,False
1430,538.3299619319534,45628.808528808964,46566.808528808964,39179.808528808964,40126.808528808964,0.008837345929285877,291.47424440336187,0.0015349644510096218,50.62635401217159,0.023467054110310873,0.0654093370132553,False
1431,538.6056836488199,45642.81980444181,46575.81980444181,39196.81980444181,40111.81980444181,0.00878804066848421,289.8480532649508,0.001233492562957605,40.6831774655094,0.018830542126915414,0.06550488852864804,False
1432,538.8814198530507,45684.83106479536,46632.83106479536,39236.83106479536,40156.83106479536,0.008919758839778608,294.19239541919416,0.0011457501107097305,37.78924696016435,0.017490973201469622,0.06550522360948233,False
1433,539.1571705202746,45644.84230988222,46584.84230988222,39189.84230988222,40121.84230988222,0.008852918685730462,291.987866644053,0.0013544320124716912,44.67201471910829,0.02066542233565898,0.06554097905536471,False
1434,539.43293562612,45737.85353971497,46638.85353971497,39257.85353971497,40163.85353971497,0.008472086732256011,279.4272283289031,0.001436737539580608,47.38662400522816,0.021891188597698286,0.06563086025085324,False
1435,539.7087151462156,45785.86475430624,46683.86475430624,39299.86475430624,40186.86475430624,0.008435381125992195,278.216600280989,0.0012576883683609475,41.48120598607454,0.019139541245525696,0.0657115210979762,False
1436,539.9845090561901,45828.87595366865,46697.87595366865,39336.87595366865,40202.87595366865,0.00815792177128476,269.0654075571654,0.0012993338618852296,42.85476189923264,0.01977988042557711,0.06568967222901295,False
1437,540.2603173316722,45921.887137814825,46752.887137814825,39401.887137814825,40260.887137814825,0.0077887082077153,256.88796816235174,0.001577609326101544,52.03287163008031,0.02400723952456133,0.06571389952966158,False
1438,540.5361399482904,46000.898306757415,46804.898306757415,39464.898306757415,40310.898306757415,0.007524993307509753,248.19009643815062,0.0016864949212886358,55.62414743138103,0.02566491570531992,0.06571207716606889,False
1439,540.8119768816736,45984.90946050907,46789.90946050907,39445.90946050907,40297.90946050907,0.007536869082577365,248.5817844621608,0.0017436741387161538,57.51003820997229,0.026523177484485405,0.06574152511463255,False
1440,541.08782810745,46051.92059908246,46870.92059908246,39502.92059908246,40350.92059908246,0.007655736452681678,252.50228018141908,0.0015685052364285065,51.7325996163261,0.023825050233200182,0.06583428874549847,False
1441,541.3636936012488,46035.93172249027,46826.93172249027,39477.93172249027,40307.93172249027,0.0073987648243890435,244.0268157389233,0.0016373578247997258,54.003502705477615,0.02483710232699147,0.06592386677170242,False
1442,541.6395733386981,46103.94283074516,46876.94283074516,39525.94283074516,40346.94283074516,0.007221212545393556,238.1707683717149,0.0017071822337256046,56.306458479239694,0.02586552010203545,0.0660022387715784,False
1443,541.915467295427,46080.95392385985,46874.95392385985,39495.95392385985,40343.95392385985,0.007419392985040522,244.70717583656256,0.0018064586039506243,59.5808018431851,0.02734339728829527,0.06606562399339838,False
1444,542.1913754470639,46091.965001847035,46956.965001847035,39496.965001847035,40400.965001847035,0.00807479567838464,266.3237342864638,0.0017532177905694255,57.82480790836803,0.02648969888051757,0.06618488939709571,False
1445,542.4672977692376,46026.97606471943,46979.97606471943,39428.97606471943,40414.97606471943,0.00890034814468393,293.5521898946694,0.0018264788043207726,60.2411101328442,0.027555472554420566,0.06628370465117504,False
1446,542.7432342375765,46066.98711248976,47070.98711248976,39456.98711248976,40489.98711248976,0.009363496552225506,308.8277978899886,0.0018602220009410163,61.35403168387768,0.028042514125603712,0.06633577833317642,False
1447,543.0191848277094,45990.99814517078,47034.99814517078,39391.99814517078,40444.99814517078,0.009748296041085553,321.51929386171486,0.0017085129924008895,56.35034969753826,0.025726522849378083,0.0664105678953886,False
1448,543.295149515265,46010.009162775226,47080.009162775226,39402.009162775226,40471.009162775226,0.009984218940950163,329.3005269972885,0.0016414472487902253,54.138380504447355,0.02467850812066498,0.06651322846439534,False
1449,543.5711282758718,46012.02016531585,47077.02016531585,39383.02016531585,40464.02016531585,0.009937664044493352,327.76504865609814,0.0018223465710699265,60.10482039448533,0.027341578578922745,0.06665111035230237,False
1450,543.8471210851586,45960.03115280543,47037.03115280543,39343.03115280543,40427.03115280543,0.010059588076158995,331.78635949859745,0.001744444318004034,57.53544034176457,0.02617702741060627,0.06664027548434431,False
1451,544.1231279187539,45962.04212525674,47045.04212525674,39338.04212525674,40432.04212525674,0.010114545297827883,333.5989641865461,0.0017983907003684598,59.31470542471885,0.02696748169335766,0.06668738003858254,False
1452,544.3991487522865,45965.05308268258,47040.05308268258,39343.05308268258,40424.05308268258,0.010040037153615412,331.1415289780568,0.0017317595443564014,57.11706984411114,0.025965814406685207,0.06669382740063563,False
1453,544.6751835613849,45904.06402509573,46949.06402509573,39289.06402509573,40336.06402509573,0.009775801970394151,322.4264972263888,0.001646032883305993,54.28962436954987,0.024657290716296004,0.06675643736552653,False
1454,544.9512323216778,45950.074952509014,46957.074952509014,39338.074952509014,40329.074952509014,0.00941481190247795,310.5202860035929,0.0013903451223174212,45.85650456936651,0.02082042293830799,0.06677794809630368,False
1455,545.2272950087939,45943.08586493525,46914.08586493525,39319.08586493525,40291.08586493525,0.009083096235771056,299.57960606599516,0.0015224634612496478,50.21404509343745,0.022772442786197694,0.06685551811650212,False
1456,545.5033715983617,45894.09676238727,46834.09676238727,39275.09676238727,40223.09676238727,0.008805321921253436,290.4180253056019,0.0015529181211581464,51.21850379137925,0.023225336892880477,0.06686310421762622,False
1457,545.7794620660101,45952.10764487791,46889.10764487791,39312.10764487791,40265.10764487791,0.008766532098621771,289.13865542095834,0.0016360040478261857,53.9588522953195,0.024432154191740992,0.06696110522989487,False
1458,546.0555663873674,46098.11851242003,46986.11851242003,39426.11851242003,40361.11851242003,0.008286369678057851,273.30188951356484,0.0018928004545090693,62.4285375608186,0.028270678891807007,0.06695277682410425,False
1459,546.3316845380625,46119.12936502647,46931.12936502647,39441.12936502647,40302.12936502647,0.007579905226073856,250.00120693447857,0.0017987453714555643,59.326403222672326,0.026833975299849086,0.06703238530094646,False
1460,546.6078164937242,46152.14020271012,46923.14020271012,39457.14020271012,40285.14020271012,0.007195223117179557,237.3135824007496,0.0018240513109660933,60.16104629953824,0.027162127080224727,0.0671542146010386,False
1461,546.8839622299806,46215.151025483865,47000.151025483865,39488.151025483865,40346.151025483865,0.007314876859076842,241.26001431465392,0.0020204339882790093,66.63815978380319,0.03001802433780493,0.06730736058916639,False
1462,547.1601217224608,46259.16183336058,47021.16183336058,39525.16183336058,40358.16183336058,0.0070955962347421095,234.02767840727944,0.001962124455489091,64.71498882869406,0.0291362617454842,0.06734304052554713,False
1463,547.4362949467933,46183.172626353175,46964.172626353175,39449.172626353175,40297.172626353175,0.0072829115655153815,240.20573174356176,0.0019537650920403585,64.43927945119444,0.028957974758598973,0.0674689824936806,False
1464,547.7124818786068,46238.18340447456,47075.18340447456,39498.18340447456,40378.18340447456,0.007791257417177898,256.97204644873807,0.0017783968568680303,58.655266440023695,0.026333183239789778,0.06753444278551367,False
1465,547.9886824935298,46205.19416773767,47056.19416773767,39469.19416773767,40356.19416773767,0.007925999577342989,261.4161261122089,0.0017259437236469676,56.925251852552094,0.02554321081226045,0.0675695681460114,False
1466,548.2648967671911,46213.20491615542,47047.20491615542,39468.20491615542,40345.20491615542,0.007767738836653863,256.19635422818504,0.0017768124213048903,58.60300842474777,0.026272428507534678,0.06763030759776614,False
1467,548.5411246752193,46204.215649740756,47026.215649740756,39455.215649740756,40328.215649740756,0.007658428906432299,252.5910829655166,0.0018461564205422554,60.89011927718565,0.027288166594682004,0.06765410252596595,False
1468,548.8173661932431,46216.226368506635,47092.226368506635,39472.226368506635,40383.226368506635,0.008154741243440728,268.96050706356,0.0017546493972450984,57.87202530569681,0.025946551354581994,0.06762553424793537,False
1469,549.093621296891,46167.237072466014,47064.237072466014,39412.237072466014,40360.237072466014,0.008357138505149379,275.63599418354937,0.001965483581157444,64.82577985394914,0.029023655481449192,0.06772005622839981,False
1470,549.3698899617916,46088.24776163187,47052.24776163187,39335.24776163187,40336.24776163187,0.008990178296414493,296.5149771171926,0.001923427645191345,63.43868668633047,0.028349657043004788,0.06784659307425189,False
1471,549.6461721635739,46029.25843601719,47054.25843601719,39271.25843601719,40335.25843601719,0.009564955270683736,315.47232988080856,0.002045070294923927,67.45071696122682,0.0301026185011444,0.06793662467755687,False
1472,549.9224678778662,46011.269095634954,47100.269095634954,39267.269095634954,40370.269095634954,0.010159176107820881,335.0709821118272,0.0018717695601496234,61.734894458964675,0.027567524693335396,0.06789762885755696,False
1473,550.1987770802973,45970.279740498176,47092.279740498176,39235.279740498176,40358.279740498176,0.010472568629880876,345.4073262246442,0.0017833242602535854,58.817782560832825,0.026260603511269496,0.06790873101938759,False
1474,550.4750997464959,46044.29037061986,47174.29037061986,39303.29037061986,40417.29037061986,0.010529591858095258,347.28807215110476,0.0016086926952392552,53.05806647991653,0.023677257049996722,0.06794252779544317,False
1475,550.7514358520903,46005.30098601304,47077.30098601304,39264.30098601304,40332.30098601304,0.010003679730812893,329.9423847525603,0.0016514495828884642,54.468278507409195,0.024291638437166526,0.06798428138802382,False
1476,551.0277853727096,46064.31158669074,47075.31158669074,39314.31158669074,40316.31158669074,0.009428618064847275,310.9756422583903,0.0015014995908368082,49.522612582223644,0.022060386119058566,0.06806316003415833,False
1477,551.3041482839822,45979.322172666005,46984.322172666005,39236.322172666005,40236.322172666005,0.009390401203550862,309.7151698429193,0.0015395837831291108,50.77870929507549,0.022606203949180073,0.06810448081377021,False
1478,551.5805245615368,46064.33274395189,47082.33274395189,39308.33274395189,40314.33274395189,0.009493187628743655,313.1052821976602,0.0014816647260727268,48.868417050418714,0.021744633479573575,0.06813932860558766,False
1479,551.8569141810019,46161.34330056145,47120.34330056145,39370.34330056145,40349.34330056145,0.008930007539409089,294.53041907525727,0.0017372615269548187,57.29853679509688,0.025457885459532804,0.06824060583178931,False
1480,552.1333171180064,46167.353842507764,47125.353842507764,39367.353842507764,40340.353842507764,0.008919641177665518,294.1885146753846,0.0016838383222807108,55.53652721206248,0.024633062640117387,0.06835684002761447,False
1481,552.4097333481789,46076.36436980391,47002.36436980391,39292.36436980391,40227.36436980391,0.008641500891998494,285.01486341723114,0.0015719156216290019,51.84508128869618,0.02298657146880316,0.0683840834533488,False
1482,552.6861628471478,46128.37488246299,47032.37488246299,39335.37488246299,40242.37488246299,0.008428754296820983,277.9980335256617,0.0014715546347245454,48.53496498685348,0.02149852934926777,0.0684490836939349,False
1483,552.962605590542,46184.3853804981,47068.3853804981,39355.3853804981,40262.3853804981,0.00823413222900208,271.5789886432217,0.001661199741828984,54.78985924361001,0.024194437619385955,0.0686603990537865,False
1484,553.23906155399,46319.39586392234,47225.39586392234,39464.39586392234,40392.39586392234,0.008412720728867,277.469212752788,0.0016814344175305005,55.45724138051395,0.024469076166231125,0.06871671027167697,False
1485,553.5155307131206,46400.406332748855,47269.406332748855,39519.406332748855,40446.406332748855,0.00805836420434554,265.7817897345244,0.0020111644309549048,66.33243029911222,0.02927212455908474,0.06870578959499304,False
1486,553.7920130435623,46427.41678699076,47286.41678699076,39532.41678699076,40460.41678699076,0.007961885546697892,262.5997208120316,0.0021151011763667366,69.76048263259213,0.030759021430681297,0.0687636042366738,False
1487,554.0685085209439,46324.42722666121,47195.42722666121,39441.42722666121,40372.42722666121,0.00808986356559346,266.82070487854975,0.002042374880202624,67.3618165180925,0.0296700490461389,0.06883624887261208,False
1488,554.3450171208938,46443.43765177335,47271.43765177335,39537.43765177335,40423.43765177335,0.007674452690620613,253.1195810492335,0.0019502708526359033,64.32403209092047,0.028289106219895003,0.0689407023847338,False
1489,554.6215388190408,46505.448062340336,47341.448062340336,39590.448062340336,40461.448062340336,0.007737704838376839,255.20576983505887,0.0017132998266171469,56.508229551674646,0.024810021101261015,0.06905676620041509,False
1490,554.8980735910135,46579.458458375346,47435.458458375346,39666.458458375346,40538.458458375346,0.007908667306408846,260.8444713852414,0.001535135524377517,50.63199637143231,0.022247231731739193,0.0690034401982429,False
1491,555.1746214124406,46621.46883989155,47492.46883989155,39704.46883989155,40578.46883989155,0.008038794322444429,265.1363338945209,0.0014174708410165573,46.75116778895682,0.02053180000364701,0.06903782623855559,False
1492,555.4511822589508,46662.479206902164,47552.479206902164,39736.479206902164,40626.479206902164,0.008205354929848729,270.6298528287125,0.001414447526920085,46.65145253520143,0.020478108130913372,0.06907120120070374,False
1493,555.7277561061726,46668.48955942036,47563.48955942036,39744.48955942036,40632.48955942036,0.008249964681741134,272.10117621357307,0.00134654406672741,44.411853688397684,0.019494351747661752,0.06907354931096496,False
1494,556.0043429297347,46705.49989745937,47647.49989745937,39770.49989745937,40702.49989745937,0.008672093019014183,286.02385606931693,0.0013879409496806022,45.777209902354514,0.020082196714333637,0.06911300439010049,False
1495,556.2809427052657,46646.510221032404,47654.510221032404,39726.510221032404,40706.510221032404,0.009284852057317838,306.23393714117117,0.0012986036549932599,42.83067814107744,0.01879597877585206,0.06908944037868502,False
1496,556.5575554083945,46707.52053015269,47762.52053015269,39773.52053015269,40777.52053015269,0.009700424006134207,319.9403735244159,0.001126357028325163,37.14962233983999,0.01626987610287713,0.06922960084041332,False
1497,556.8341810147493,46738.53082483347,47781.53082483347,39784.53082483347,40788.53082483347,0.00958500287127927,316.1335418874948,0.0012388189013633338,40.85885130182504,0.01786550007452932,0.0693414064087412,False
1498,557.1108194999591,46771.54110508799,47790.54110508799,39798.54110508799,40785.54110508799,0.009360267829980283,308.7213078437298,0.0012788082366742646,42.1777836359459,0.01840670693991797,0.06947512343454323,False
1499,557.3874708396526,46800.55137092953,47797.55137092953,39811.55137092953,40810.55137092953,0.009154678980382906,301.9405554466135,0.001608681927781009,53.05771134651087,0.023167327401892646,0.06943752725010431,False
1500,557.6641350094579,46752.56162237132,47800.56162237132,39763.56162237132,40800.56162237132,0.009627587976164722,317.5380881583601,0.0015532760205485257,51.23030806556051,0.02233531686107277,0.06954349607887862,False
1501,557.9408119850043,46811.57185942667,47925.57185942667,39811.57185942667,40893.57185942667,0.010214079384738832,336.88180758850086,0.0014316414442169228,47.21854406839822,0.020561265975732514,0.06962807863614143,False
1502,558.2175017419202,46885.582082108864,48042.582082108864,39868.582082108864,40989.582082108864,0.010587028696880007,349.18245982356467,0.001455671358154935,48.01110113974124,0.02089060024596777,0.06968068609880673,False
1503,558.4942042558341,46872.59229043118,48034.59229043118,39861.59229043118,40973.59229043118,0.010635135977930874,350.76913907170115,0.0013142628664484773,43.3471518497434,0.018854047969758696,0.06970719861095685,False
1504,558.7709195023748,46940.60248440695,48072.60248440695,39919.60248440695,41010.60248440695,0.010348974481591566,341.33093142539536,0.001360967074214547,44.88755479175802,0.01953112281117714,0.06968196797347984,False
1505,559.0476474571709,46988.61266404948,48079.61266404948,39946.61266404948,41018.61266404948,0.0099683375789997,328.7767262983403,0.0015326714202882012,50.550725039144254,0.02197494053366231,0.0697463284571978,False
1506,559.3243880958511,47049.622829372085,48112.622829372085,40005.622829372085,41032.622829372085,0.009702886558237683,320.0215936689488,0.0013053555227922065,43.05336893317241,0.01870607656023947,0.06978243238706683,False
1507,559.6011413940439,47096.632980388116,48122.632980388116,40046.632980388116,41030.632980388116,0.009359521517656327,308.6966928945749,0.0011826877969129922,39.00752949230173,0.016936063527322548,0.06983250830424614,False
1508,559.8779073273781,47207.64311711092,48185.64311711092,40136.64311711092,41096.64311711092,0.008905341296330839,293.71687453133745,0.0013599608434738397,44.85436718688322,0.01948611095847565,0.0697912911597331,False
1509,560.1546858714822,47288.653239553845,48240.653239553845,40198.653239553845,41142.653239553845,0.008656234397303699,285.50080539128203,0.0014245576636538904,46.98490609567989,0.020399443357514972,0.06983316351762589,False
1510,560.4314770019851,47354.66334773025,48261.66334773025,40246.66334773025,41157.66334773025,0.00823953238921891,271.75709727803724,0.0014812971296498077,48.85629294772161,0.02119401910817855,0.06989222393775188,False
1511,560.7082806945151,47430.67344165353,48262.67344165353,40298.67344165353,41150.67344165353,0.007552084359198312,249.0836162668639,0.0015341123919257668,50.59825131260081,0.021915426516704573,0.07000148460521277,False
1512,560.9850969247011,47526.68352133705,48330.68352133705,40371.68352133705,41200.68352133705,0.007285427559995771,240.2887145300185,0.0015421333934824717,50.86280080368178,0.02200231946477174,0.0700895828710971,False
1513,561.2619256681718,47612.69358679421,48414.69358679421,40426.69358679421,41269.69358679421,0.007254436123195076,239.26655180189425,0.001708585514796637,56.35274163858844,0.024338743197779546,0.07020023593299236,False
1514,561.5387669005554,47729.70363803841,48593.70363803841,40522.70363803841,41416.70363803841,0.0077912629290441725,256.9722282416734,0.0016858540487904158,55.60301010930806,0.023998811519565476,0.07024739735198937,False
1515,561.8156205974811,47744.71367508306,48679.71367508306,40543.71367508306,41488.71367508306,0.008422721905430836,277.7990725778321,0.0015837220029129642,52.23448055985938,0.022556959438124677,0.07020990604949327,False
1516,562.0924867345773,47811.72369794159,48767.72369794159,40606.72369794159,41553.72369794159,0.008598083690259663,283.58287284311587,0.0014139136174133853,46.633843077419556,0.02013276103480597,0.07022949385675316,False
1517,562.3693652874725,47954.73370662743,48896.73370662743,40730.73370662743,41654.73370662743,0.008448365605959497,278.6448557230328,0.0012937634618820047,42.67103839842645,0.018413319784673386,0.07026236860117364,False
1518,562.6462562317956,48047.74370115401,48951.74370115401,40826.74370115401,41697.74370115401,0.008095168115179064,266.9956600737787,0.0010726450408400142,35.37808809269063,0.015281599903934198,0.07019193327812916,False
1519,562.9231595431752,48097.75368153479,48965.75368153479,40883.75368153479,41723.75368153479,0.007767649649690679,256.1934126546727,0.0010649601430308834,35.124624009677746,0.015204691090606244,0.07004155077434204,False
1520,563.2000751972397,48284.76364778323,49105.76364778323,41041.76364778323,41848.76364778323,0.0073223592901700005,241.50680061979912,0.001134257700432969,37.410203112769835,0.016199755072104235,0.07001696602105706,False
1521,563.4770031696181,48420.77359991279,49222.77359991279,41140.77359991279,41939.77359991279,0.007134357922628718,235.30612034889316,0.001219270005497943,40.21408762539113,0.01738098860888491,0.07014963492207052,False
1522,563.7539434359388,48433.783537936964,49318.783537936964,41136.783537936964,42005.783537936964,0.00786395957958611,259.3699165812402,0.0012147990336733097,40.06662557685735,0.017277592592111608,0.07031066551644168,False
1523,564.0308959718305,48457.79346186922,49413.79346186922,41148.79346186922,42081.79346186922,0.008484561108117739,279.83865946533194,0.0012525737656389323,41.31251563766534,0.01779723583837347,0.07038024202265153,False
1524,564.3078607529219,48527.80337172307,49514.80337172307,41200.80337172307,42159.80337172307,0.008744425496207471,288.40953320637124,0.001248466820624376,41.177059958494056,0.017718622532559677,0.07046071546082083,False
1525,564.5848377548416,48566.813267512014,49556.813267512014,41225.813267512014,42200.813267512014,0.008763763469041288,289.04734019787423,0.0013878252327941334,45.77339331620777,0.019692038480442264,0.0704764635805731,False
1526,564.8618269532183,48663.82314924957,49653.82314924957,41293.82314924957,42258.82314924957,0.008746467912868847,288.4768964009202,0.0012858369844319078,42.40960651106627,0.018192833776029406,0.07067821320536147,False
1527,565.1388283236805,48729.83301694926,49676.83301694926,41347.83301694926,42266.83301694926,0.00835897785297911,275.6966597411903,0.0011879765279120512,39.18196295729655,0.016791619340595886,0.07074818120965654,False
1528,565.415841841857,48843.84287062462,49779.84287062462,41447.84287062462,42362.84287062462,0.008243695972116166,271.89442099363004,0.0012394680557566342,40.88026177820586,0.017534309577749832,0.07068815856482069,False
1529,565.6928674833764,48977.8527102892,49941.8527102892,41540.8527102892,42514.8527102892,0.008464908644183073,279.1904798962785,0.001600363122355293,52.783339657861234,0.022628240455398595,0.07072415221632851,False
1530,565.9699052238673,49014.862535956534,50019.862535956534,41573.862535956534,42568.862535956534,0.00881470489243214,290.72749541760777,0.0014569651219389149,48.05377218876316,0.02058472920720903,0.07077893069531696,False
1531,566.2469550389583,49041.87234764021,50083.87234764021,41593.87234764021,42610.87234764021,0.009130857397652289,301.15486957639206,0.001360213326303792,44.86269460132115,0.019196440266398954,0.07085758127170488,False
1532,566.5240169042783,49096.882145353775,50123.882145353775,41634.882145353775,42644.882145353775,0.008990786664882584,296.5350423880301,0.0014187922026030805,46.79474907151581,0.020014793190479288,0.07088717775400132,False
1533,566.8010907954557,49131.891929110825,50159.891929110825,41660.891929110825,42667.891929110825,0.008993104224682752,296.6114803816334,0.001379518560259363,45.49942179580421,0.01944485661016975,0.07094516498197617,False
1534,567.0781766881191,49253.90169892495,50253.90169892495,41772.90169892495,42743.90169892495,0.008729146619789695,287.90560374668524,0.001250371779342771,41.23988950115381,0.01763053453588455,0.0709208093945087,False
1535,567.3552745578974,49370.91145480974,50303.91145480974,41877.91145480974,42786.91145480974,0.008130610610757377,268.16462807629,0.001195313432866059,39.423949504483915,0.016861886939012097,0.070888473940633,False
1536,567.6323843804191,49427.92119677881,50326.92119677881,41920.92119677881,42803.92119677881,0.00782801717405494,258.1844604976982,0.0012247211227615698,40.3938769307191,0.01726681936175376,0.07092916750344558,False
1537,567.9095061313128,49563.93092484577,50467.93092484577,42023.93092484577,42927.93092484577,0.00784975692317053,258.9014831193867,0.001393525642350693,45.961404805356494,0.0196347803147211,0.07097230628579544,False
1538,568.1866397862073,49681.940639024266,50602.940639024266,42119.940639024266,43036.940639024266,0.007977203714132151,263.10494617202903,0.0013764369616015674,45.39778419470508,0.019380271880881615,0.0710225826583684,False
1539,568.4637853207308,49850.95033932791,50713.95033932791,42253.95033932791,43130.95033932791,0.007453999080640333,245.84855760971223,0.001467710779588083,48.40818656486326,0.020650962747372444,0.07107226900473826,False
1540,568.7409427105126,50007.96002577036,50825.96002577036,42388.96002577036,43229.96002577036,0.007046451817256023,232.40679221950091,0.0014856204472351872,48.99888504908307,0.02091140005315774,0.07104356683238194,False
1541,569.018111931181,50148.96969836526,50929.96969836526,42517.96969836526,43297.96969836526,0.006711402840062532,221.35617269560458,0.0011836112379658374,39.037986519251035,0.016647674731592694,0.07109769124210902,False
1542,569.2952929583647,50345.97935712629,51087.97935712629,42676.97935712629,43427.97935712629,0.00635393230681125,209.56604312394214,0.0012220175933511145,40.30470884807983,0.017172789117878697,0.07116011178864733,False
1543,569.5724857676922,50335.98900206711,51106.98900206711,42655.98900206711,43446.98900206711,0.00660168894334979,217.7375777689399,0.0013779793009115957,45.448653787069304,0.01935103256391137,0.07120960064329862,False
1544,569.8496903347924,50405.9986332014,51253.9986332014,42703.9986332014,43565.9986332014,0.0072455296622855134,238.97279800016508,0.001433601310151373,47.283184566455816,0.02010749008629414,0.07129688011775065,False
1545,570.1269066352936,50392.008250542865,51294.008250542865,42693.008250542865,43598.008250542865,0.007704970872684504,254.12613484138035,0.0014049210596072661,46.33724961907075,0.01970368601432925,0.07130244861725646,False
1546,570.4041346448248,50363.01785410519,51332.01785410519,42691.01785410519,43636.01785410519,0.008276590627674375,272.97935587684697,0.0012320106222433666,40.63429994578911,0.017313433573848406,0.07115923118244402,False
1547,570.6813743390145,50445.02744390208,51472.02744390208,42755.02744390208,43750.02744390208,0.008752912473342922,288.6894515514964,0.0012382277747872376,40.839354704827144,0.017387894528153026,0.07121205921639348,False
1548,570.9586256934914,50549.03701994727,51626.03701994727,42857.03701994727,43862.03701994727,0.009155901974055896,301.98089234861976,0.0009107529355792919,30.038546172150234,0.012785122939212542,0.07123536784976639,False
1549,571.235888683884,50609.04658225447,51660.04658225447,42907.04658225447,43868.04658225447,0.008926637679782709,294.41927402150424,0.0006930364838237182,22.857799964248386,0.009712784761849889,0.07135301572272493,False
1550,571.5131632858211,50619.05613083742,51644.05613083742,42913.05613083742,43848.05613083742,0.008706301660948691,287.1521289851574,0.0006545986528655769,21.59003950486641,0.009168395218745034,0.07139729879087586,False
1551,571.7904494749312,50644.06566570988,51670.06566570988,42928.06566570988,43874.06566570988,0.00871045024809935,287.28895810950706,0.0007561110113420595,24.93813046127957,0.010588427509222748,0.0714091880672055,False
1552,572.067747226843,50671.07518688559,51765.07518688559,42951.07518688559,43961.07518688559,0.00927672948427215,305.9660376088854,0.0008175363196991515,26.964066243797106,0.01145372810527555,0.07137731157793041,False
1553,572.3450565171853,50648.08469437831,51804.08469437831,42933.08469437831,44004.08469437831,0.009800977984679923,323.25685509624606,0.0008999207322461546,29.68127733747815,0.01261789753852338,0.07132097320481717,False
1554,572.6223773215866,50657.094188201816,51873.094188201816,42933.094188201816,44056.094188201816,0.010301880080322257,339.7776590814768,0.000911922667019574,30.07712637376727,0.012773435259726927,0.07139212345599419,False
1555,572.8997096156754,50650.103668369884,51902.103668369884,42919.103668369884,44084.103668369884,0.010604622205632632,349.7627307228945,0.0010267493118131504,33.864350478876474,0.014376956211353382,0.07141632044495855,False
1556,573.1770533750807,50717.11313489632,51912.11313489632,42974.11313489632,44101.11313489632,0.010114182500729029,333.5869983756447,0.0011284460905558943,37.21852400331295,0.015808246994328624,0.07138337925519106,False
1557,573.4544085754309,50771.1225877949,51895.1225877949,43023.1225877949,44078.1225877949,0.009509776099459426,313.65240482999536,0.001011384323387314,33.357580864161605,0.014163232314158216,0.07140914594589315,False
1558,573.7317751923547,50888.132027079446,51924.132027079446,43112.132027079446,44098.132027079446,0.008752736196520165,288.6836375713569,0.001067956604249588,35.22345359908098,0.014940001809626922,0.07148303044792313,False
1559,574.0091532014807,50935.14145276377,51929.14145276377,43152.14145276377,44098.14145276377,0.008393625858900647,276.8394238048439,0.0010243076188561108,33.78381831283792,0.014325377606225152,0.07150301004358822,False
1560,574.2865425784375,50993.150864861695,51917.150864861695,43207.150864861695,44092.150864861695,0.007799003182247622,257.2275180619451,0.0010066522172917404,33.201506058481186,0.01408833405268465,0.07145289240922807,False
1561,574.563943298854,51042.16026338706,51963.16026338706,43239.16026338706,44124.16026338706,0.007766509058950312,256.1557935745912,0.001032693219917359,34.060393061948446,0.01443610450803474,0.07153544914714287,False
1562,574.8413553383587,51197.1696483537,52149.1696483537,43356.1696483537,44278.1696483537,0.008001445329097712,263.9044855882454,0.0011373076031204587,37.51079531414496,0.015878331681516433,0.07162639160916193,False
1563,575.1187786725801,51165.179019775474,52132.179019775474,43331.179019775474,44260.179019775474,0.008131379937331111,268.1900020837774,0.0010812801230770316,35.66289125537486,0.015094646498924226,0.07163335180814555,False
1564,575.3962132771469,51206.18837766624,52149.18837766624,43352.18837766624,44258.18837766624,0.007925104119001256,261.38659201389027,0.001057503699044983,34.87869481395347,0.014732019038958984,0.0717826725751849,False
1565,575.673659127688,51255.19772203987,52168.19772203987,43389.19772203987,44271.19772203987,0.007667920024680984,252.90411999521012,0.0010717316234346618,35.34796166670475,0.014922378802943897,0.07182042739882932,False
1566,575.9511161998317,51292.207052910235,52229.207052910235,43424.207052910235,44309.207052910235,0.00786204567145719,259.30679186821004,0.0009000356347774342,29.68506706447903,0.01252319806824731,0.0718694721486106,False
1567,576.2285844692069,51321.21637029124,52315.21637029124,43449.21637029124,44373.21637029124,0.008331084765503467,274.77668708638026,0.0008078765857613603,26.645467914255164,0.01123438655467156,0.07191105467395757,False
1568,576.5060639114422,51395.22567419675,52356.22567419675,43516.22567419675,44408.22567419675,0.008045553636421258,265.3592702772138,0.0007666473644262622,25.285641532879367,0.010664434618171396,0.07188823335462648,False
1569,576.7835545021661,51407.234964640695,52307.234964640695,43526.234964640695,44361.234964640695,0.0075375180607147735,248.60318912525184,0.0007150076832291331,23.58245630299217,0.009942311458801908,0.0719156391541263,False
1570,577.0610562170074,51515.24424163698,52368.24424163698,43624.24424163698,44413.24424163698,0.007132250263039818,235.23660530545703,0.0006523316592346538,21.515269289812352,0.009075075156358161,0.07188168119771642,False
1571,577.3385690315946,51408.25350519952,52224.25350519952,43541.25350519952,44289.25350519952,0.006839391067806118,225.5774934713889,0.0005580415011969533,18.40538168457138,0.007766443539559526,0.07185290131248448,False
1572,577.6160929215565,51591.262755342264,52356.262755342264,43685.262755342264,44407.262755342264,0.006392480732803046,210.83745123999918,0.0007265713175225296,23.96384926816461,0.010108407668817841,0.07187791997782582,False
1573,577.8936278625216,51609.271992079135,52387.271992079135,43694.271992079135,44436.271992079135,0.006498050751121619,214.31937234700078,0.0008150578599350061,26.882321431178212,0.011336671084754623,0.07189569617408087,False
1574,578.1711738301187,51496.28121542408,52340.28121542408,43592.28121542408,44397.28121542408,0.007060183939564159,232.8597064774519,0.0008865952667361154,29.241775475500475,0.012327010726840459,0.07192297357263346,False
1575,578.4487307999764,51484.290425391075,52406.290425391075,43577.290425391075,44453.290425391075,0.007708687774598369,254.24872607924004,0.0009350021991034237,30.838337853905216,0.012995706586269275,0.0719470074902513,False
1576,578.7262987477233,51443.29962199406,52465.29962199406,43547.29962199406,44490.29962199406,0.008543340531489677,281.7773283995224,0.0007607605242906258,25.09148117136499,0.010567996101471768,0.07198720712857543,False
1577,579.0038776489879,51417.30880524703,52483.30880524703,43512.30880524703,44498.30880524703,0.008911865465009439,293.9320553278312,0.0008195121213568288,27.029232335502797,0.011368303817495524,0.07208745776970008,False
1578,579.2814674793991,51387.31797516395,52494.31797516395,43481.31797516395,44507.31797516395,0.009256346157922866,305.2937526611619,0.0008723785494179747,28.772878255525313,0.012096701100378122,0.07211706250977018,False
1579,579.5590682145854,51307.32713175882,52436.32713175882,43418.32713175882,44434.32713175882,0.009452873647086229,311.77564234464177,0.0005926479197346426,19.5467741088911,0.008207285456498202,0.07220998012995972,False
1580,579.8366798301756,51306.33627504564,52418.33627504564,43424.33627504564,44406.33627504564,0.009312229290268008,307.13689582943096,0.0003995249500740247,13.177172634739975,0.005530671726556694,0.07223805169191672,False
1581,580.114302301798,51244.345405038424,52343.345405038424,43372.345405038424,44327.345405038424,0.009215526300265082,303.9474279543258,0.0002432898313608281,8.024210021237536,0.0033644742154717543,0.07231139719901669,False
1582,580.3919356050817,51197.354521751186,52308.354521751186,43333.354521751186,44305.354521751186,0.009323537903095768,307.5098776506244,0.000310368191881915,10.236595346554338,0.0042945631344444785,0.07227002658142608,False
1583,580.6695797156551,51088.36362519794,52238.36362519794,43240.36362519794,44245.36362519794,0.009667571809033418,318.8568390103702,0.0003108593914577327,10.252796141041529,0.0043009314575308995,0.07227722518419125,False
1584,580.9472346091468,51007.37271539274,52181.37271539274,43176.37271539274,44195.37271539274,0.009882545239240327,325.9471146019041,0.0002481014983140399,8.182908911235756,0.003433324907280817,0.0722627496709991,False
1585,581.2249002611856,50905.38179234961,52078.38179234961,43088.38179234961,44103.38179234961,0.009893782116946769,326.3177304480129,0.00021792555853099999,7.187642988887319,0.003014411908876024,0.07229455201172467,False
1586,581.5025766474,50922.39085608261,52094.39085608261,43093.39085608261,44118.39085608261,0.009882178144469261,325.9350070447397,0.0003268173290418945,10.779122465347314,0.004518125999423073,0.0723347089221563,False
1587,581.7802637434188,50879.3999066058,52045.3999066058,43062.3999066058,44083.3999066058,0.009840369502564996,324.55607015507996,0.0003364825551220793,11.097901937289748,0.004655554255432898,0.07227550935088209,False
1588,582.0579615248704,50916.408943933246,52017.408943933246,43110.408943933246,44052.408943933246,0.009290949675600298,306.43504940901283,9.656992712430042e-05,3.185079181676656,0.001337027353696374,0.0722273383991144,False
1589,582.3356699673836,50809.417968079026,51865.417968079026,43036.417968079026,43916.417968079026,0.008933662086887164,294.65095373275875,-0.00014286903797364366,-4.712121175884363,-0.001979356508776945,0.07217953781450073,False
1590,582.6133890465871,50814.42697905723,51810.42697905723,43043.42697905723,43875.42697905723,0.008430138883348823,278.04370009968096,-0.00011562416239616242,-3.8135279119844085,-0.001602818998162543,0.07213800343564239,False
1591,582.8911187381095,50795.43597688194,51792.43597688194,43022.43597688194,43874.43597688194,0.008441645642641523,278.42321720778193,7.49038697012306e-05,2.4704870669036154,0.0010390004008062267,0.0720922433168533,False
1592,583.1688590175795,50787.44496156727,51746.44496156727,43010.44496156727,43835.44496156727,0.008124153949824058,267.95167382713345,0.00012732982626845364,4.1996053112076766,0.001765557516391017,0.07211876423529325,False
1593,583.4466098606256,50743.453933127326,51652.453933127326,42964.453933127326,43755.453933127326,0.007710934216486935,254.32281845463257,0.00021196309938572265,6.990988553487625,0.0029372111527515878,0.0721647468848656,False
1594,583.7243712428766,50653.46289157623,51526.46289157623,42877.46289157623,43657.46289157623,0.0074211897371194244,244.766436496807,0.000408224048758515,13.464087194421325,0.005655956772952031,0.07217594920645927,False
1595,584.0021431399608,50634.4718369281,51468.4718369281,42848.4718369281,43620.4718369281,0.007094989440103681,234.00766504465236,0.0006600318312615424,21.769237148632385,0.0091441302491606,0.07218093063822346,False
1596,584.2799255275073,50612.48076919708,51394.48076919708,42845.48076919708,43549.48076919708,0.006658858043715558,219.6231348655691,0.0004191029209106743,13.822895264840213,0.005809331656136153,0.07214305288767486,False
1597,584.5577183811447,50585.48968839731,51351.48968839731,42814.48968839731,43482.48968839731,0.006527088344023073,215.2770931964468,0.0001965423211172778,6.482378872496042,0.0027170403953053037,0.07233691536455536,False
1598,584.8355216765013,50593.49859454295,51350.49859454295,42826.49859454295,43470.49859454295,0.006449952419268719,212.73298826222396,3.210020283754816e-05,1.0587321625900472,0.0004435807062673362,0.07236609343915441,False
1599,585.1133353892061,50505.50748764815,51275.50748764815,42747.50748764815,43400.50748764815,0.00657122806422445,216.73291394815428,1.2782684129550997e-05,0.42159979115001534,0.00017650387163923909,0.07242155093162977,False
1600,585.3911594948875,50391.51636772709,51216.51636772709,42664.51636772709,43357.51636772709,0.007052608179755853,232.60984199510887,-5.50384275256428e-05,-1.8152830277950613,-0.0007610599933508965,0.0723181194734889,False
1601,585.6689939691742,50194.525234793946,51092.525234793946,42498.525234793946,43258.525234793946,0.007701017293996489,253.99573750602661,-3.167476415068954e-06,-0.10447003004466637,-4.381983746710725e-05,0.07228407493401992,False
1602,585.9468387876949,50095.53408886289,51013.53408886289,42403.53408886289,43188.53408886289,0.007886400242369291,260.110056808971,8.000914276313185e-05,2.638869703511716,0.0011057561151711873,0.07235695255526149,False
1603,586.2246939260782,50134.54292994814,51044.54292994814,42427.54292994814,43200.54292994814,0.007812259460005235,257.6647379664186,2.9063887226174652e-05,0.9585880915445841,0.00040102144238387735,0.07247464637652287,False
1604,586.5025593599528,50199.55175806388,51170.55175806388,42482.55175806388,43304.55175806388,0.008320260616786455,274.4196839098784,2.6917949973032096e-06,0.08878105702842731,3.713440540544897e-05,0.07248789816110063,False
1605,586.7804350649474,50115.56057322432,51106.56057322432,42403.56057322432,43257.56057322432,0.008504061729718649,280.48183095505317,0.00015563758249028357,5.133254612879853,0.002146948899010231,0.07249244849844091,False
1606,587.0583210166905,49981.56937544369,50993.56937544369,42282.56937544369,43147.56937544369,0.008705523706771126,287.1264704211608,8.944188467323658e-05,2.9499813588548136,0.0012319174461817336,0.07260379739767239,False
1607,587.3362171908108,49821.57816473621,50858.57816473621,42150.57816473621,43031.57816473621,0.008946734318758476,295.08210341704677,3.70035532589047e-05,1.2204549660817179,0.0005097228148264134,0.0725954424298357,False
1608,587.6141235629369,49730.58694111611,50773.58694111611,42078.58694111611,42963.58694111611,0.00901426058636683,297.30926165957976,2.512480460848364e-05,0.8286688670601166,0.00034631078913021057,0.0725498754214004,False
1609,587.8920401086975,49666.595704597654,50684.595704597654,42025.595704597654,42896.595704597654,0.008811593424366564,290.62487266065614,9.735610500350919e-05,3.2110089806391784,0.001342808804752631,0.07250183693980461,False
1610,588.1699668037213,49596.604455195076,50605.604455195076,41977.604455195076,42831.604455195076,0.008746672330366826,288.4836385196789,1.9894041913826044e-08,0.0006561473185797695,2.746495304198437e-07,0.0724342833698458,False
1611,588.447903623637,49551.61319292264,50519.61319292264,41949.61319292264,42752.61319292264,0.008402218828620935,277.122838008208,-0.00016751397854115196,-5.524963118223013,-0.0023132946295111654,0.07241359418905936,False
1612,588.725850544073,49475.62191779461,50392.62191779461,41890.62191779461,42641.62191779461,0.00797569312117111,263.05512364098365,-0.0002587859974587173,-8.535306151305718,-0.003574202312118118,0.07240384702939699,False
1613,589.003807540658,49322.63062982528,50178.63062982528,41762.63062982528,42450.63062982528,0.007472573582112915,246.4611837109434,-0.00037627432983824115,-12.410318307732553,-0.005193821878169902,0.07244652178384396,False
1614,589.2817745890209,49238.63932902891,50076.63932902891,41689.63932902891,42352.63932902891,0.007329132397809565,241.73019194648265,-0.00047679046858862834,-15.725551843575431,-0.0065749419956195295,0.0725163003576737,False
1615,589.55975166479,49091.648015419814,49961.648015419814,41576.648015419814,42259.648015419814,0.007629143718469167,251.6251959105041,-0.0005527410666507056,-18.23056221198999,-0.007630907851314894,0.07243450942150506,False
1616,589.8377387435943,49105.656689012285,49965.656689012285,41592.656689012285,42270.656689012285,0.0075400764038722964,248.68756866009528,-0.0005177429832090574,-17.076251855877786,-0.007153741547651819,0.07237373334783168,False
1617,590.1157358010622,48997.66534982062,49857.66534982062,41492.66534982062,42188.66534982062,0.007556551064052202,249.23093758173354,-0.00033209783941474946,-10.953284796810635,-0.004588881690242915,0.07237010274657346,False
1618,590.3937428128223,49020.67399785916,49921.67399785916,41504.67399785916,42231.67399785916,0.00790986170870949,260.88386528369,-0.00036857219048800575,-12.15628556245332,-0.005086100462831184,0.07246655727339676,False
1619,590.6717597545035,48882.682633142205,49825.682633142205,41395.682633142205,42153.682633142205,0.008298225894308233,273.69293244667114,-0.0004177531058300772,-13.778375526238904,-0.00576936454071459,0.07240885939551578,False
1620,590.9497866017341,48837.691255684105,49783.691255684105,41358.691255684105,42109.691255684105,0.00833196961557121,274.8058713015247,-0.0005166999850310505,-17.04185158363765,-0.007132140938458518,0.07244668739576615,False
1621,591.2278233301431,48777.6998654992,49695.6998654992,41313.6998654992,42025.6998654992,0.008097494050454996,267.07237430817764,-0.0006766295940895334,-22.31666625436003,-0.009337259856401384,0.07246554176444533,False
1622,591.5058699153589,48720.708462601826,49628.708462601826,41265.708462601826,41960.708462601826,0.008019378387211127,264.4959555392097,-0.0007658718094531039,-25.26006209968716,-0.010562696443762086,0.07250722517027343,False
1623,591.7839263330103,48747.71704700636,49607.71704700636,41290.71704700636,41945.71704700636,0.007594959580309524,250.49773118066437,-0.0007597614940567411,-25.05853105434028,-0.010482109281892233,0.07248173756108645,False
1624,592.0619925587258,48644.72561872715,49479.72561872715,41204.72561872715,41833.72561872715,0.007391524567411548,243.7880168451504,-0.0008120074914596612,-26.78171386714058,-0.01120091670124611,0.07249473530763109,False
1625,592.3400685681341,48603.73417777857,49430.73417777857,41172.73417777857,41785.73417777857,0.007327423967858713,241.67384433566997,-0.0009090951783082106,-29.98386985282778,-0.012536740606585346,0.0725144761973202,False
1626,592.618154336864,48527.74272417502,49325.74272417502,41106.74272417502,41703.74272417502,0.007083542871680408,233.6301331579432,-0.0008215750500791159,-27.09727206093598,-0.011333974835603116,0.07248781314551042,False
1627,592.896249840544,48540.75125793087,49278.75125793087,41121.75125793087,41669.75125793087,0.00655320055195894,216.13832870071602,-0.0008038942929964555,-26.514123528289986,-0.011097865457840604,0.07243683896244273,False
1628,593.1743550548026,48473.75977906052,49193.75977906052,41064.75977906052,41605.75977906052,0.006403309781023793,211.19461601243276,-0.0007191391727339432,-23.71872151104347,-0.009933274577082808,0.07239698924593094,False
1629,593.4524699552688,48389.76828757838,49139.76828757838,40993.76828757838,41549.76828757838,0.006679561775383875,220.30598745419013,-0.0008287975853123941,-27.33548645433433,-0.011439564515748527,0.07245009931727836,False
1630,593.7305945175709,48319.77678349886,49084.77678349886,40923.77678349886,41505.77678349886,0.00682190098539811,225.00063379030152,-0.000689062026114011,-22.726713994872483,-0.009505124105532994,0.07249374321297956,False
1631,594.0087287173377,48294.78526683639,49079.78526683639,40915.78526683639,41494.78526683639,0.0070024145365838834,230.9543501387904,-0.0008997837462003137,-29.676759249748613,-0.012417791559886095,0.07245924058726648,False
1632,594.2868725301978,48283.79373760539,49086.79373760539,40913.79373760539,41505.79373760539,0.0071632796778721,236.260020628891,-0.0009243075408845707,-30.48560554621517,-0.012767774162403482,0.07239378838688462,False
1633,594.56502593178,48163.802195820295,48964.802195820295,40810.802195820295,41393.802195820295,0.007163240297302191,236.25872177491945,-0.0010030518275884496,-33.082757638229026,-0.013845288739635435,0.0724471584848191,False
1634,594.8431888977128,48063.810641495555,48882.810641495555,40741.810641495555,41321.810641495555,0.0073379688301401695,242.02163605848114,-0.0011989515687011003,-39.54394287150163,-0.016565286951589844,0.07237734982828242,False
1635,595.1213614036249,47919.81907464562,48751.81907464562,40618.81907464562,41222.81907464562,0.007475655480676958,246.56283120358097,-0.0010652600988091754,-35.134517181737806,-0.014729710078242213,0.0723205068633842,False
1636,595.3995434251448,47897.827495284946,48746.827495284946,40606.827495284946,41226.827495284946,0.007630540984612312,251.67128068488793,-0.001049685443718018,-34.62083231969169,-0.014530208033363579,0.07224159773265322,False
1637,595.6777349379013,47816.83590342801,48668.83590342801,40539.83590342801,41151.83590342801,0.0076701236457014646,252.97680004836587,-0.0011628949511684316,-38.35471983608241,-0.016088685514147223,0.0722802959972004,False
1638,595.9559359175231,47689.84429908928,48578.84429908928,40430.84429908928,41074.84429908928,0.008021274111791434,264.55848052058565,-0.0011581588699786415,-38.19851392343918,-0.016020529142295886,0.07229217335406107,False
1639,596.2341463396386,47609.85268228324,48533.85268228324,40358.85268228324,41021.85268228324,0.008347929909408733,275.332275340019,-0.0012714709188358765,-41.93578347096374,-0.017563266409798967,0.07239376145467409,False
1640,596.5123661798767,47601.86105302439,48537.86105302439,40352.86105302439,41025.86105302439,0.008456701775932248,278.919800130943,-0.0012733289657836117,-41.997065764820945,-0.0175907538433708,0.07238626480260109,False
1641,596.790595413866,47678.86941132723,48583.86941132723,40428.86941132723,41069.86941132723,0.00816615216047233,269.33686309243444,-0.0013344267265576956,-44.01219833956259,-0.01845640157154317,0.072301565469575,False
1642,597.068834017235,47633.87775720625,48533.87775720625,40395.87775720625,41037.87775720625,0.008129054139401903,268.1132923793622,-0.0012812099680999424,-42.25699778668309,-0.01774050060922166,0.07221949348114556,False
1643,597.3470819656123,47601.88609067598,48504.88609067598,40370.88609067598,41018.88609067598,0.008161328264411755,269.1777608607704,-0.0012457475156611962,-41.08737156496639,-0.017259199802327985,0.0721787527770068,False
1644,597.625339234627,47504.89441175094,48371.89441175094,40291.89441175094,40925.89441175094,0.00785473907469554,259.0658049489128,-0.0010742468079224217,-35.43091773790198,-0.01490812801572919,0.07205779335869741,False
1645,597.9036057999072,47471.90272044566,48330.90272044566,40251.90272044566,40883.90272044566,0.007788267913404851,256.87344633051674,-0.0010223360907525344,-33.71879317192932,-0.014167355333146392,0.07216139263202107,False
1646,598.1818816370817,47461.91101677467,48300.91101677467,40234.91101677467,40850.91101677467,0.007610101415042423,250.99714071752854,-0.0010114004125453997,-33.358111518413864,-0.0139990332108853,0.07224787578609071,False
1647,598.4601667217793,47390.919300752525,48251.919300752525,40170.919300752525,40798.919300752525,0.007819459479719446,257.90220975067155,-0.0010825705742652444,-35.70545304802539,-0.014968210745361013,0.07232464806127596,False
1648,598.7384610296285,47303.927572393775,48210.927572393775,40106.927572393775,40753.927572393775,0.008248286298388577,272.04581960272844,-0.0012982107386394041,-42.81771893383686,-0.017949207157211905,0.07232691267467986,False
1649,599.0167645362582,47287.93583171299,48177.93583171299,40100.93583171299,40726.93583171299,0.008097831835568977,267.08351517124396,-0.0013706033170960176,-45.205378336885474,-0.018962112542683644,0.07228115084808165,False
1650,599.2950772172967,47316.94407872472,48178.94407872472,40126.94407872472,40724.94407872472,0.007840589132205348,258.5991101031207,-0.0014161792148846596,-46.70856724419386,-0.019590605259029063,0.0722886912456143,False
1651,599.5733990483727,47293.95231344356,48191.95231344356,40097.95231344356,40719.95231344356,0.00816891131002108,269.4278656441454,-0.0014838455993153917,-48.940346834047375,-0.020487935059427247,0.07242533691225364,False
1652,599.8517300051152,47205.96053588408,48121.96053588408,40041.96053588408,40655.96053588408,0.008346473629799313,275.284244177474,-0.0017375807558800485,-57.309065636054044,-0.02401622176801098,0.07235029609005625,False
1653,600.1300700631524,47197.96874606087,48052.96874606087,40028.96874606087,40595.96874606087,0.00779691549960299,257.1586619001215,-0.0016884076724276399,-55.68723398445181,-0.02332276731874129,0.07239311053242381,False
1654,600.4084191981132,47218.97694398855,48024.97694398855,40042.97694398855,40568.97694398855,0.007350591704477625,242.4379649867758,-0.0016828928432399658,-55.50534332594941,-0.023234215273294723,0.07243166267699488,False
1655,600.6867773856261,47239.9851296817,48009.9851296817,40075.9851296817,40558.9851296817,0.007021819220260439,231.5943573941098,-0.0018189464991634962,-59.99267887623165,-0.02514613989138754,0.07233501869551273,False
1656,600.9651446013198,47202.99330315496,47964.99330315496,40055.99330315496,40520.99330315496,0.006954848565111936,229.38552441837209,-0.0019422715390677659,-64.06019791528954,-0.02687403292302265,0.07227316959204311,False
1657,601.243520820823,47192.00146442293,47937.00146442293,40041.00146442293,40515.00146442293,0.006802468099868334,224.35969637858406,-0.0016915402299323614,-55.790552315435434,-0.02342553849184697,0.07220923568186428,False
1658,601.5219060197644,47213.009613500246,47926.009613500246,40059.009613500246,40516.009613500246,0.006509584930667651,214.6997938326927,-0.0015831273668467068,-52.21486821249914,-0.021941242357362625,0.07215304133931463,False
1659,601.8003001737725,47221.01775040155,47912.01775040155,40069.01775040155,40498.01775040155,0.006309117819237561,208.08796712596882,-0.001684047715828133,-55.54343345139114,-0.023334886164009635,0.07216867071867314,False
1660,602.078703258476,47383.02587514149,48051.02587514149,40215.02587514149,40626.02587514149,0.006079872888723399,200.52698745632765,-0.0016638845731552047,-54.878410624128776,-0.023088221554198755,0.07206638108739977,False
1661,602.3571152495035,47360.03398773471,48051.03398773471,40202.03398773471,40617.03398773471,0.006290732100387972,207.48156747245545,-0.0018305521300137906,-60.37545697612515,-0.02539637970404717,0.07207925504917827,False
1662,602.6355361224837,47266.04208819586,47990.04208819586,40126.04208819586,40567.04208819586,0.006601893465093561,217.74432332594384,-0.0018548751719408337,-61.17768202468662,-0.025744151926431893,0.07205035058996861,False
1663,602.9139658530453,47167.050176539626,47948.050176539626,40036.050176539626,40528.050176539626,0.007132234782131389,235.23609471255696,-0.001827749521130917,-60.28302104422542,-0.02534972104419305,0.07210136624164573,False
1664,603.1924044168169,47092.05825278067,47948.05825278067,39979.05825278067,40519.05825278067,0.007823351718896986,258.03058398003736,-0.0019965684768134496,-65.85102505156738,-0.02768651257193349,0.0721133971505469,False
1665,603.470851789427,47079.066316933684,47980.066316933684,40002.066316933684,40545.066316933684,0.0082330026770236,271.5417336447101,-0.0023774130743068854,-78.41208039304044,-0.03304986561960127,0.07193412226453608,False
1666,603.7493079465045,47103.074369013346,47964.074369013346,40029.074369013346,40543.074369013346,0.007866813682067483,259.46405088025534,-0.0023256832677885928,-76.70592264062236,-0.03237465234010768,0.07183654803012032,False
1667,604.0277728636778,47050.08240903436,47874.08240903436,39980.08240903436,40465.08240903436,0.007540074600841306,248.68750919234338,-0.0023033303838232147,-75.96867754280927,-0.03204929271216337,0.07186836865666783,False
1668,604.3062465165756,46958.09043701142,47780.09043701142,39895.09043701142,40377.09043701142,0.007536539536517257,248.57091534040927,-0.002320972852254701,-76.55056323525869,-0.03225748078617758,0.07195146042679329,False
1669,604.5847288808268,46900.09845295925,47716.09845295925,39843.09845295925,40321.09845295925,0.0074911716057952564,247.074585624095,-0.002311921249595909,-76.25202235355937,-0.03212045184222815,0.07197661044594864,False
1670,604.8632199320598,46858.106456892565,47672.106456892565,39809.106456892565,40282.106456892565,0.007479607533256435,246.6931782046673,-0.0023498643129963113,-77.50346433891059,-0.03264732579224468,0.07197723721538375,False
1671,605.1417196459032,46802.11444882609,47625.11444882609,39760.11444882609,40247.11444882609,0.0075705580603775005,249.69291776254184,-0.0022834351898768186,-75.3124922277627,-0.031732197891077514,0.07195956604439546,False
1672,605.4202279979858,46762.12242877456,47587.12242877456,39741.12242877456,40218.12242877456,0.007595229408663743,250.50663068695218,-0.00241356653234406,-79.60449743185225,-0.033586659453484706,0.07186086891691892,False
1673,605.6987449639362,46725.130396752706,47542.130396752706,39706.130396752706,40186.130396752706,0.007528116826692227,248.29311666626845,-0.002309492204355254,-76.17190733579196,-0.03214427305102878,0.07184770365436335,False
1674,605.977270519383,46666.138352775284,47442.138352775284,39645.138352775284,40100.138352775284,0.0071623914132514154,236.23072379461337,-0.0022064581773257007,-72.77362855202801,-0.03068140726931814,0.07191515558454163,False
1675,606.2558046399548,46623.146296857056,47367.146296857056,39616.146296857056,40026.146296857056,0.00687564288836173,226.7731547128118,-0.0024040912842936317,-79.29198383465547,-0.03342200196782246,0.07193139676696228,False
1676,606.5343473012804,46541.154229012776,47293.154229012776,39546.154229012776,39969.154229012776,0.006961130697211251,229.59272233973235,-0.0023404280331945568,-77.1922359964644,-0.032549747861780005,0.07190310791754836,False
1677,606.8128984789884,46456.162149257216,47270.162149257216,39474.162149257216,39934.162149257216,0.007543763174385368,248.80916610102207,-0.0025121069063690953,-82.85456609409502,-0.034896935496117026,0.0719864615805195,False
1678,607.0914581487074,46346.17005760515,47224.17005760515,39383.17005760515,39904.17005760515,0.00815048328917226,268.82007078178077,-0.0024428714192822236,-80.57103420046741,-0.033964330451965674,0.07192461581826481,False
1679,607.370026286066,46270.17795407137,47154.17795407137,39328.17795407137,39852.17795407137,0.008219008344098765,271.0801711294669,-0.00247077374308526,-81.49131148876921,-0.034396210913972686,0.071832730333723,False
1680,607.648602866693,46236.18583867066,47048.18583867066,39295.18583867066,39757.18583867066,0.007560881206536407,249.37375478260375,-0.0024845923929175248,-81.94707960634247,-0.034563457293847424,0.07188494981258146,False
1681,607.9271878662169,46286.19371141783,47002.19371141783,39334.19371141783,39709.19371141783,0.006666659456994037,219.88044187367066,-0.002545842829255833,-83.96724774210844,-0.03538146532178484,0.07195413774138754,False
1682,608.2057812602663,46357.20157232767,46975.20157232767,39401.20157232767,39691.20157232767,0.005751441158310922,189.69461864038828,-0.0025666608469376313,-84.65386972367757,-0.035702078902508955,0.07189107541738304,False
1683,608.48438302447,46393.209421415006,46983.209421415006,39440.209421415006,39691.209421415006,0.005488262614988826,181.01443709359847,-0.0027331425340584546,-90.1447857010337,-0.03802274609178433,0.07188177643615834,False
1684,608.7629931344566,46481.21725869465,47082.21725869465,39545.21725869465,39785.21725869465,0.005579414113887064,184.02080512311667,-0.002951645987182666,-97.35148886831045,-0.04118996314485703,0.07165935004122984,False
1685,609.0416115658547,46421.22508418144,47034.22508418144,39498.22508418144,39749.22508418144,0.005697395604416538,187.91208267192246,-0.0029463095002749177,-97.1754803130665,-0.04114257980702857,0.0716121719662214,False
1686,609.3202382942931,46443.23289789019,47003.23289789019,39519.23289789019,39719.23289789019,0.005205286668769403,171.68129558611216,-0.003012940313750948,-99.37310459611597,-0.04206818172597772,0.07162040739902988,False
1687,609.5988732954002,46487.24069983578,46951.24069983578,39557.24069983578,39666.24069983578,0.004313304176392921,142.2618380853157,-0.0031182512057051346,-102.84647917094958,-0.04351033748671969,0.07166690459840477,False
1688,609.8775165448047,46586.24849003302,47013.24849003302,39649.24849003302,39728.24849003302,0.003962521941719706,130.69230265922428,-0.0030980634565426404,-102.18064476993979,-0.043286084791413756,0.07157181046684022,False
1689,610.1561680181354,46580.256268496785,47015.256268496785,39653.256268496785,39723.256268496785,0.004036934138851134,133.14657333130486,-0.0032709488204632985,-107.88276746836016,-0.04571014237140872,0.07155849119623936,False
1690,610.4348276910209,46592.26403524193,47025.26403524193,39668.26403524193,39744.26403524193,0.00401742826384371,132.50322857319432,-0.003186164192456098,-105.08639222366993,-0.04458437132224517,0.07146370124695188,False
1691,610.7134955390896,46591.27179028334,47063.27179028334,39677.27179028334,39791.27179028334,0.004377550157731378,144.3808055916712,-0.0031315324841260546,-103.28452364984906,-0.043902944815833,0.07132852926523303,False
1692,610.9921715379706,46612.27953363588,47144.27953363588,39702.27953363588,39866.27953363588,0.004928660914889422,162.55759676976484,-0.0031383960985951614,-103.51090008201172,-0.044045131556334494,0.07125409750635205,False
1693,611.2708556632922,46632.28726531444,47181.28726531444,39721.28726531444,39896.28726531444,0.0050830680648682024,167.65026913210815,-0.003173900216557122,-104.68190052026279,-0.044545747033312606,0.07125035335435248,False
1694,611.549547890683,46730.2949853339,47309.2949853339,39818.2949853339,40000.2949853339,0.005347953614264297,176.38675132725913,-0.0033674191868925,-111.06456292904086,-0.04729549729642191,0.07119957246220263,False
1695,611.828248195772,46679.30269370918,47313.30269370918,39786.30269370918,39995.30269370918,0.005858905098798558,193.23900528145447,-0.0035834995360534737,-118.19134703436772,-0.050342403928328776,0.07118252718235729,False
1696,612.1069565541875,46734.31039045516,47381.31039045516,39829.31039045516,40047.31039045516,0.005971228877926158,196.9436796160024,-0.00360066209134524,-118.75740418271593,-0.050547397271740103,0.07123338264061893,False
1697,612.3856729415583,46868.31807558677,47516.31807558677,39947.31807558677,40175.31807558677,0.005963412214860974,196.68586963788107,-0.003491715977541138,-115.16413235021916,-0.04908397283073454,0.07113759901999532,False
1698,612.6643973335129,46938.32574911893,47626.32574911893,40010.32574911893,40270.32574911893,0.006319483462921583,208.4298478427282,-0.0035064280635037346,-115.6493678693284,-0.04931080175322588,0.07110872139235389,False
1699,612.9431297056801,47001.33341106656,47707.33341106656,40066.33341106656,40337.33341106656,0.006474963570691192,213.5579086083162,-0.0035473794211983278,-117.00002972378495,-0.049889824123429585,0.07110426792489702,False
1700,613.2218700336886,47117.3410614446,47846.3410614446,40157.3410614446,40451.3410614446,0.006667957467377328,219.92325298446397,-0.0034999824928623213,-115.4367794013101,-0.049180669489210314,0.07116581635047034,False
1701,613.5006182931669,47226.348700267976,47990.348700267976,40251.348700267976,40578.348700267976,0.0069695361026552065,229.86995027901244,-0.0034556031074274188,-113.97305398643671,-0.04858032983405956,0.071131734165475,False
1702,613.7793744597436,47305.35632755164,48146.35632755164,40334.35632755164,40719.35632755164,0.0076531075386256165,252.41557307000534,-0.0035273339608887727,-116.33888830822906,-0.0496815615982664,0.07099885445251093,False
1703,614.0581385090476,47364.36394331056,48207.36394331056,40383.36394331056,40781.36394331056,0.007661674673198885,252.6981351759166,-0.0034024208390298427,-112.21899098823823,-0.047954902914319565,0.07095042701074604,False
1704,614.3369104167073,47492.37154755969,48277.37154755969,40501.37154755969,40831.37154755969,0.007119760222698103,234.8246575215523,-0.003595522381032873,-118.58788573320214,-0.05067550012393305,0.07095188744540437,False
1705,614.6156901583514,47573.37914031399,48345.37914031399,40582.37914031399,40879.37914031399,0.006990969979363585,230.57688458578278,-0.0038241826336544685,-126.12958149698306,-0.05390835579181147,0.07093858785868129,False
1706,614.8944777096086,47762.386721588446,48503.386721588446,40747.386721588446,41016.386721588446,0.006686043349760946,220.51976340108848,-0.003828405248790659,-126.26885221989872,-0.05399690113214767,0.07090046222136578,False
1707,615.1732730461076,47935.394291398035,48701.394291398035,40897.394291398035,41171.394291398035,0.006885090979892134,227.08477263089645,-0.003985154664559091,-131.43877743130935,-0.05616592713889554,0.07095324278550592,False
1708,615.4520761434768,48025.40184975774,48837.40184975774,40976.40184975774,41286.40184975774,0.00728154393407821,240.1606243840715,-0.0040083288080021776,-132.20310939294325,-0.05650200783095485,0.07094135167717347,False
1709,615.7308869773451,48256.40939668257,49052.40939668257,41180.40939668257,41469.40939668257,0.007105339946847455,234.34904651330527,-0.004068149578177748,-134.17612413357597,-0.05737997575691938,0.07089841925712516,False
1710,616.0097055233412,48523.41693218751,49312.41693218751,41419.41693218751,41704.41693218751,0.0070049134642402025,231.03677002551572,-0.0040268407118904575,-132.81367089426726,-0.05690777752559661,0.07076081490055064,False
1711,616.2885317570934,48619.42445628758,49427.42445628758,41517.42445628758,41816.42445628758,0.007158167537702388,236.09141150063306,-0.004041676243543112,-133.3029779117112,-0.05724733818038773,0.07060024748762456,False
1712,616.5673656542307,48882.43196899779,49734.43196899779,41741.43196899779,42071.43196899779,0.007504357579381439,247.50948674921892,-0.004084407158867062,-134.71233331732438,-0.057830132098009294,0.07062766434537784,False
1713,616.8462071903814,49153.43947033318,50006.43947033318,41986.43947033318,42288.43947033318,0.007472020642900944,246.4429466134823,-0.004359408756478674,-143.78246404604636,-0.06172651768586199,0.07062456979453363,False
1714,617.1250563411744,49411.44696030875,50244.44696030875,42215.44696030875,42482.44696030875,0.0072604984005654755,239.4664984521713,-0.004522366307561981,-149.1571466093289,-0.06404042994926869,0.07061736329916106,False
1715,617.4039130822383,49580.45443893956,50387.45443893956,42375.45443893956,42600.45443893956,0.007011915408528357,231.26770886587286,-0.004712052116002359,-155.4133832816969,-0.06678820443455054,0.0705521604585127,False
1716,617.6827773892018,49881.46190624064,50626.46190624064,42632.46190624064,42800.46190624064,0.006438404108365821,212.3521006946792,-0.004730360797894189,-156.01724209441554,-0.06703651667902007,0.07056394085247296,False
1717,617.9616492376933,50118.46936222705,50850.46936222705,42842.46936222705,42996.46936222705,0.006297166920892798,207.69380137837283,-0.004738866621219891,-156.2977820265089,-0.06722489139158265,0.07049273748344431,False
1718,618.2405286033418,50336.47680691383,50994.47680691383,43031.47680691383,43123.47680691383,0.0056403255981100145,186.02979390565784,-0.004712808239073581,-155.43832180991834,-0.06689296958519524,0.07045296790227445,False
1719,618.5194154617757,50520.48424031606,51101.48424031606,43187.48424031606,43225.48424031606,0.004966009753108631,163.78943995960896,-0.004584048765856739,-151.19156373730704,-0.06511282816080045,0.07040162277295231,False
1720,618.7983097886237,50861.4916624488,51363.4916624488,43484.4916624488,43469.4916624488,0.004265446182686792,140.68338085779808,-0.0044152821544059155,-145.62528615275176,-0.0628399562315939,0.07026233656391463,False
1721,619.0772115595145,51035.49907332713,51555.49907332713,43645.49907332713,43637.49907332713,0.004402629249951183,145.20796676806754,-0.004482240535968583,-147.83371431983014,-0.06387321660305145,0.07017402245175876,False
1722,619.3561207500766,51231.50647296613,51821.50647296613,43826.50647296613,43869.50647296613,0.0049729073738678815,164.01693799070003,-0.004547011974724348,-149.9700125162934,-0.06488892164930442,0.07007377930086299,False
1723,619.6350373359388,51299.513861380896,51925.513861380896,43887.513861380896,43958.513861380896,0.005267553510903437,173.73498692145492,-0.004565531672724453,-150.58083108380814,-0.06517064225453649,0.07005503574589445,False
1724,619.9139612927296,51473.521238586516,52091.521238586516,44032.521238586516,44096.521238586516,0.0051831615986276695,170.95156426705606,-0.004552385388046765,-150.14723898231054,-0.06495379570344562,0.07008651825108465,False
1725,620.1928925960779,51641.52860459809,52250.52860459809,44181.52860459809,44224.52860459809,0.005091599415814322,167.93165101878068,-0.00466912464917436,-153.99754519433887,-0.06661336219796565,0.07009291372049906,False
1726,620.471831221612,51851.53595943074,52455.53595943074,44372.53595943074,44399.53595943074,0.005029703052421447,165.890178851049,-0.00476552196214157,-157.17693119828843,-0.06804958822381449,0.0700301366478194,False
1727,620.7507771449608,52041.54330309957,52613.54330309957,44528.54330309957,44545.54330309957,0.004747383531072616,156.57868761556685,-0.004581611271972491,-151.11117006551527,-0.06544926627956235,0.07000248486212865,False
1728,621.0297303417528,52092.550635619715,52685.550635619715,44575.550635619715,44596.550635619715,0.004915900830454761,162.13674236405566,-0.00471134841644736,-155.390173791232,-0.06727174504356959,0.0700345800959375,False
1729,621.3086907876168,52147.55795700629,52803.55795700629,44651.55795700629,44686.55795700629,0.005429211265856238,179.06679947624755,-0.0050889240885687494,-167.84341310281877,-0.07275938811197773,0.06994182085117076,False
1730,621.5876584581814,52222.56526727444,52914.56526727444,44717.56526727444,44775.56526727444,0.005717031078472349,188.55970187905945,-0.00515410332465197,-169.99316131231086,-0.07367519621043349,0.06995710347252626,False
1731,621.8666333290751,52252.5725664393,52978.5725664393,44744.5725664393,44831.5725664393,0.005992575602490325,197.64773946186722,-0.005148966363667244,-169.82373354140162,-0.07361787401422047,0.06994179650817733,False
1732,622.1456153759267,52340.57985451603,53125.57985451603,44834.57985451603,44947.57985451603,0.006465153660076067,213.23435713629195,-0.005371945331669386,-177.17804859665915,-0.07683933501874786,0.06991139798852627,False
1733,622.4246045743648,52413.58713151977,53249.58713151977,44916.58713151977,45043.58713151977,0.006872361455996221,226.6649261759919,-0.005646142491990681,-186.22164729265984,-0.08082058350331844,0.06986020450791293,False
1734,622.7036009000179,52509.59439746569,53334.59439746569,45003.59439746569,45127.59439746569,0.0067703330302204155,223.29981423529975,-0.005575351571471212,-183.88681393498257,-0.0798999782182889,0.0697791375642081,False
1735,622.982604328515,52509.60165236896,53363.60165236896,45020.60165236896,45159.60165236896,0.007006409934588322,231.08612676310193,-0.005667602112500922,-186.9294306841278,-0.08135948937271349,0.06966123013060273,False
1736,623.2616148354844,52492.608896244754,53365.608896244754,45005.608896244754,45159.608896244754,0.007163311194380644,236.2610601095889,-0.0056797809177248065,-187.33111327964596,-0.08152240928841077,0.06967140651634599,False
1737,623.540632396555,52476.61612910824,53364.61612910824,44987.61612910824,45147.61612910824,0.007287567253491136,240.35928611902347,-0.005745724217226881,-189.5060619067147,-0.0823810485692153,0.06974570386051121,False
1738,623.8196569873552,52500.62335097462,53425.62335097462,45018.62335097462,45192.62335097462,0.007585138151063045,250.1737997999665,-0.005909796409876398,-194.91750769177128,-0.08475603260339493,0.0697271477716582,False
1739,624.0986885835138,52531.630561859085,53498.630561859085,45046.630561859085,45248.630561859085,0.007921783906047853,261.27708441176685,-0.005978655759536389,-197.1886337824385,-0.08571807865990615,0.06974789744479948,False
1740,624.3777271606593,52515.63776177684,53470.63776177684,45040.63776177684,45227.63776177684,0.007826720080388924,258.14167962216743,-0.006027346295490904,-198.79455000326965,-0.0864783038055722,0.06969778580581426,False
1741,624.6567726944206,52600.64495074307,53542.64495074307,45112.64495074307,45301.64495074307,0.0077087518861141315,254.2508406117891,-0.0058930703887253265,-194.36584835695592,-0.08462275200160978,0.06963931388822267,False
1742,624.9358251604261,52610.652128773014,53572.652128773014,45129.652128773014,45324.652128773014,0.007869461698400663,259.55138802492047,-0.0059969680485088064,-197.79261156425684,-0.08615072926157086,0.0696101832208618,False
1743,625.2148845343046,52584.65929588187,53575.65929588187,45116.65929588187,45336.65929588187,0.008108459721226138,267.43404517949693,-0.005995878869414264,-197.7566881483193,-0.08624673307924592,0.06952006940257183,False
1744,625.4939507916847,52551.66645208488,53563.66645208488,45084.66645208488,45322.66645208488,0.008283804588920935,273.21728748214133,-0.005997212956419216,-197.80068914192623,-0.08622106573197946,0.06955623785794665,False
1745,625.773023908195,52614.67359739727,53603.67359739727,45150.67359739727,45358.67359739727,0.0080876734934902,266.74847169716315,-0.006091561178874645,-200.91249183371227,-0.08766295944218802,0.06948842724037749,False
1746,626.0521038594642,52719.68073183427,53629.68073183427,45245.68073183427,45388.68073183427,0.00743244000442676,245.13749396009752,-0.006062006949185655,-199.9377312170689,-0.08731527582279333,0.06942664833915797,False
1747,626.3311906211209,52710.68785541113,53563.68785541113,45238.68785541113,45350.68785541113,0.006971786870134102,229.94418532146614,-0.00589790803224572,-194.52540400874125,-0.08506070023843416,0.069337637895212,False
1748,626.6102841687938,52711.69496814311,53581.69496814311,45263.69496814311,45354.69496814311,0.00710946630293517,234.4851424104705,-0.006237219264209898,-205.71660165401934,-0.0900348807004543,0.06927558759100379,False
1749,626.8893844781114,52692.70207004545,53549.70207004545,45246.70207004545,45324.70207004545,0.007006589258783655,231.09204125199443,-0.006258561152458368,-206.42050198802684,-0.0903204852379908,0.06929282029394898,False
1750,627.1684915247026,52706.70916113343,53520.70916113343,45255.70916113343,45297.70916113343,0.006655958196295193,219.5274918023124,-0.006253093900592939,-206.24018052961725,-0.09020740757427768,0.06931907333046988,False
1751,627.4476052841959,52706.716241422306,53447.716241422306,45257.716241422306,45233.716241422306,0.006063193605442995,199.97686963472754,-0.006293559453879396,-207.57481953355708,-0.09078981549977866,0.0693201040142519,False
1752,627.7267257322198,52747.723310927366,53408.723310927366,45291.723310927366,45190.723310927366,0.005408477238384058,178.38294766833482,-0.006378030174401961,-210.36084144958633,-0.09193704242163792,0.0693738889831946,False
1753,628.0058528444033,52725.73036966388,53343.73036966388,45274.73036966388,45136.73036966388,0.005060778569590889,166.91511472646727,-0.00638655484962247,-210.64200315679614,-0.09207834484220036,0.06936000924612029,False
1754,628.2849865963747,52843.737417647135,53396.737417647135,45375.737417647135,45190.737417647135,0.00452119623701904,149.11855522339346,-0.006295464056262589,-207.637637323533,-0.09082062152774718,0.0693175619188999,False
1755,628.5641269637629,52804.74445489244,53350.74445489244,45352.74445489244,45157.74445489244,0.004467538713211914,147.34881730282513,-0.006338870003564459,-209.0692567026611,-0.09155082600546434,0.0692388073395003,False
1756,628.8432739221963,52723.75148141508,53288.75148141508,45282.75148141508,45096.75148141508,0.004629240866839064,152.68209421922148,-0.006416789703189119,-211.6392121795618,-0.09261856987444667,0.06928189143805277,False
1757,629.1224274473037,52744.75849723037,53352.75849723037,45304.75849723037,45157.75849723037,0.004977570502500833,164.170737774676,-0.006389013543295166,-210.72309604217176,-0.09228678292286827,0.06922999524899459,False
1758,629.4015875147138,52690.76550235362,53313.76550235362,45253.76550235362,45114.76550235362,0.005104849290334364,168.3686597310198,-0.006440867037236008,-212.4333332657703,-0.09294150980271784,0.06930021957796581,False
1759,629.6807541000552,52647.77249680015,53313.77249680015,45231.77249680015,45108.77249680015,0.005459413296855738,180.06292594175724,-0.0066420108622223615,-219.06747940799752,-0.09590326642840101,0.06925739976939285,False
1760,629.9599271789564,52620.779480585275,53322.779480585275,45226.779480585275,45114.779480585275,0.005755502106197945,189.82855723760997,-0.006832326713879241,-225.34449622996476,-0.09876476257136388,0.06917777693175181,False
1761,630.2391067270462,52578.786453724344,53323.786453724344,45204.786453724344,45113.786453724344,0.006110422392196652,201.53457429439138,-0.00698556490063359,-230.39861372806462,-0.10106588821107665,0.06911891860134055,False
1762,630.5182927199531,52435.793416232686,53247.793416232686,45086.793416232686,45039.793416232686,0.006673771574701479,220.11501446497488,-0.007126730978073377,-235.05456768600513,-0.10307404195113577,0.0691418599985818,False
1763,630.797485133306,52296.80036812564,53188.80036812564,44967.80036812564,44981.80036812564,0.0073450766579372965,242.25606715952603,-0.007209887112992705,-237.797231805647,-0.10422162478849614,0.06917841789191262,False
1764,631.0766839427333,52238.80730941856,53145.80730941856,44922.80730941856,44948.80730941856,0.0074757557895679776,246.56613960165103,-0.007224471623985898,-238.2782596341092,-0.1044925930449757,0.06913860029175792,False
1765,631.3558891238638,52061.8142401268,52936.8142401268,44794.8142401268,44782.8142401268,0.00723850347830122,238.74105968367866,-0.007354861410575873,-242.5787888686029,-0.10664012213502778,0.068968989000811,False
1766,631.6351006523261,51951.82116026572,52817.82116026572,44691.82116026572,44694.82116026572,0.007179705470262616,236.80177778811756,-0.007150553833902311,-235.84029554568508,-0.10370937132215133,0.06894800096406545,False
1767,631.9143185037487,51814.828069850686,52685.828069850686,44571.828069850686,44565.828069850686,0.007239748870104561,238.7821353231036,-0.007298215000092784,-240.7104711829722,-0.10570578266695992,0.06904272231810418,False
1768,632.1935426537605,51747.83496889707,52660.83496889707,44533.83496889707,44544.83496889707,0.0075955563692577735,250.51741453459798,-0.007488297486103068,-246.979791115392,-0.10861067588074375,0.06894623779273171,False
1769,632.4727730779899,51610.84185742026,52508.84185742026,44419.84185742026,44418.84185742026,0.007491496348508033,247.0852963213552,-0.0075012734965647235,-247.40776721533706,-0.10884887320275835,0.06891457188161901,False
1770,632.7520097520658,51615.84873543563,52462.84873543563,44435.84873543563,44382.84873543563,0.00706879613333429,233.14375473038783,-0.007587101646211905,-250.23855999714368,-0.11020852907139624,0.06884314408458136,False
1771,633.0312526516166,51509.85560295858,52355.85560295858,44351.85560295858,44295.85560295858,0.007074928826212605,233.34602383212584,-0.007623628705563645,-251.44329919260093,-0.11082409771498448,0.06879035212332577,False
1772,633.3105017522711,51316.86246000451,52185.86246000451,44186.86246000451,44162.86246000451,0.007292769795200936,240.53087688009302,-0.007528719999494059,-248.3130105731117,-0.10953846421146739,0.06873129045300136,False
1773,633.5897570296578,51256.8693065888,52098.8693065888,44136.8693065888,44079.8693065888,0.007076221381590182,233.3886550253646,-0.007637447953839821,-251.89908704811228,-0.11105901384594292,0.06876927580533188,False
1774,633.8690184594055,51176.87614272689,52046.87614272689,44064.87614272689,44040.87614272689,0.007320895393621918,241.4585182346066,-0.0075574989649690085,-249.2622013464097,-0.10991132079660831,0.06875996858371136,False
1775,634.1482860171428,51086.88296843417,52014.88296843417,44002.88296843417,44013.88296843417,0.007818220371459824,257.8613413557262,-0.007709667432142928,-254.2810372442504,-0.11224983404374904,0.0686831076216835,False
1776,634.4275596784984,51011.889783726074,51933.889783726074,43940.889783726074,43945.889783726074,0.007779439250365954,256.5822584660894,-0.007730024027222161,-254.9524405384999,-0.11257167182645472,0.0686675777467274,False
1777,634.7068394191008,50897.89658861803,51765.89658861803,43847.89658861803,43806.89658861803,0.0073439054083615195,242.21743688660933,-0.007750182678803384,-255.61731524011765,-0.1129333552378669,0.06862616153110382,False
1778,634.9861252145787,50757.90338312546,51592.90338312546,43723.90338312546,43666.90338312546,0.0070862936878670285,233.72086085785486,-0.007652824422503556,-252.40623530520404,-0.11153906032037329,0.06861116097376446,False
1779,635.2654170405609,50672.910167263806,51458.910167263806,43645.910167263806,43535.910167263806,0.006684737452059689,220.47669214996986,-0.007780663602184387,-256.62264016258706,-0.11321837178309345,0.06872262407280308,False
1780,635.5447148726759,50658.91694104852,51367.91694104852,43632.91694104852,43449.91694104852,0.006036054096202076,199.08175157408212,-0.007861350854157276,-259.2838753331879,-0.11430979591196533,0.06877232866561694,False
1781,635.8240186865522,50640.92370449504,51271.92370449504,43618.92370449504,43376.92370449504,0.005377993588526516,177.37753282093823,-0.0077941901965526165,-257.06877567707056,-0.11341331170663983,0.06872376865877466,False
1782,636.1033284578186,50645.93045761883,51222.93045761883,43636.93045761883,43330.93045761883,0.00491986645753197,162.26753708061017,-0.00797604510751723,-263.06673289053623,-0.11613618022894448,0.06867838335817222,False
1783,636.3826441621039,50623.93720043534,51178.93720043534,43618.93720043534,43302.93720043534,0.0047353442002353195,156.18160517848645,-0.007893068578117755,-260.32999253846083,-0.11501341488284526,0.0686273734777615,False
1784,636.6619657750366,50542.94393296006,51125.94393296006,43558.94393296006,43254.94393296006,0.004980805111733349,164.27742198614988,-0.008022393626880495,-264.5954044813872,-0.11695407921599042,0.0685943891881254,False
1785,636.9412932722452,50382.950655208435,50948.950655208435,43431.950655208435,43098.950655208435,0.004851645532635074,160.01746758056652,-0.008194284386874931,-270.2647230517136,-0.11950002148295853,0.06857140513605253,False
1786,637.2206266293585,50229.957367195966,50823.957367195966,43289.957367195966,42986.957367195966,0.005105668475728524,168.3956781872056,-0.0081561199071772,-269.0059782914705,-0.11880085929324448,0.0686537113931548,False
1787,637.4999658220052,50168.96406893813,50801.96406893813,43239.96406893813,42964.96406893813,0.005445369547129357,179.5997335565274,-0.00821624100977299,-270.9888986266057,-0.11966922194676655,0.06865792955040595,False
1788,637.7793108258138,50052.97076045041,50709.97076045041,43143.97076045041,42891.97076045041,0.005663501162375297,186.79417272899434,-0.008207612855188812,-270.7043239524736,-0.11962087025700804,0.06861355244744982,False
1789,638.0586616164131,49949.9774417483,50557.9774417483,43056.9774417483,42770.9774417483,0.005254395360883418,173.30100347602686,-0.00814875959749662,-268.76321980720513,-0.11884524908467199,0.06856613672197354,False
1790,638.3380181694317,49837.98411284732,50399.98411284732,42963.98411284732,42633.98411284732,0.004869932235264732,160.6206014710194,-0.008218560527202438,-271.0654011869375,-0.11986489496884775,0.06856520025599153,False
1791,638.6173804604981,49743.99077376296,50313.99077376296,42890.99077376296,42560.99077376296,0.004948141642383204,163.20011211001662,-0.00830249080782473,-273.83359825907837,-0.12115862768308892,0.06852579107730827,False
1792,638.8967484652411,49589.99742451074,50185.99742451074,42759.99742451074,42451.99742451074,0.005188474246669618,171.1267865663978,-0.00832801541553109,-274.6754534726724,-0.12154063041388521,0.0685204230648755,False
1793,639.1761221592893,49433.00406510617,50011.00406510617,42626.00406510617,42296.00406510617,0.0050485703880971625,166.51246323982227,-0.008423853275786352,-277.8363875502405,-0.12287853972117727,0.06855430813957304,False
1794,639.4555015182714,49370.01069556479,49938.01069556479,42581.01069556479,42225.01069556479,0.004968016726917415,163.85563417438038,-0.008614214041338112,-284.11488572686767,-0.12565522738819507,0.06855436276220843,False
1795,639.734886517816,49240.01731590212,49813.01731590212,42478.01731590212,42140.01731590212,0.00502465199439173,165.72358434015962,-0.00849417988487268,-280.1559069408936,-0.12418201140074417,0.06840104930706395,False
1796,640.0142771335516,49134.02392613369,49740.02392613369,42397.02392613369,42099.02392613369,0.0053236568601465195,175.58539330590287,-0.00838700231798627,-276.62096550313873,-0.12290365687678363,0.06824046192860325,False
1797,640.293673341107,48959.030526275055,49571.030526275055,42256.030526275055,41956.030526275055,0.005395138056866469,177.94299342359778,-0.008489442936889517,-279.9996724395831,-0.12449902022795935,0.06818883330443272,False
1798,640.5730751161109,48866.037116341744,49483.037116341744,42187.037116341744,41876.037116341744,0.005449226908016289,179.7269574265565,-0.008662675888483745,-285.7132593100896,-0.1270943060028399,0.06815943342332093,False
1799,640.8524824341919,48750.04369634932,49365.04369634932,42080.04369634932,41768.04369634932,0.005444516465848819,179.57159714276148,-0.00867656404015786,-286.17131974449643,-0.1271531596383836,0.06823710920620074,False
1800,641.1318952709786,48595.05026631334,49273.05026631334,41958.05026631334,41696.05026631334,0.006017412574557536,198.46691500670673,-0.00873779389666342,-288.1908091141206,-0.12822235877687857,0.06814563372576986,False
1801,641.4113136020995,48452.05682624936,49150.05682624936,41843.05682624936,41599.05682624936,0.006211806385013686,204.8784314815377,-0.008751726600014578,-288.6503389564816,-0.1285795655924276,0.06806467699351124,False
1802,641.6907374031836,48352.063376172955,48970.063376172955,41754.063376172955,41437.063376172955,0.005515654175495839,181.9178683347987,-0.008825430649736498,-291.0812534385065,-0.12954003568412076,0.06812898115341753,False
1803,641.9701666498593,48205.0699160997,48750.0699160997,41638.0699160997,41242.0699160997,0.0048825257955133206,161.03596355904648,-0.009032661736948708,-297.91617028406074,-0.13260226405026082,0.06811845786829868,False
1804,642.2496013177553,48111.07644604517,48644.07644604517,41559.07644604517,41164.07644604517,0.004784888318407498,157.815674335043,-0.008932400064266714,-294.6093295740284,-0.131271208237019,0.0680453862216204,False
1805,642.5290413825002,47916.08296602495,48487.08296602495,41404.08296602495,41030.08296602495,0.00514474907060826,169.68463835177903,-0.00908552408461396,-299.6596816240499,-0.13364818752274765,0.0679809001006284,False
1806,642.8084868197227,47800.089476054636,48426.089476054636,41312.089476054636,40983.089476054636,0.005650690571558604,186.3716525166439,-0.009123157551482134,-300.900912465012,-0.13433570116913307,0.06791312712914475,False
1807,643.0879376050514,47582.095976149816,48290.095976149816,41145.095976149816,40866.095976149816,0.006414499901744667,211.56368971487663,-0.009369428979437992,-309.0234618091193,-0.1381713739892362,0.06781020343742031,False
1808,643.367393714115,47428.1024663261,48161.1024663261,41017.1024663261,40760.1024663261,0.006660670423761219,219.68291096900646,-0.009390380968232304,-309.7145024395796,-0.13857076102350785,0.06776596230599666,False
1809,643.6468551225421,47232.10894659908,47972.10894659908,40840.10894659908,40597.10894659908,0.006751473749046819,222.6777955009365,-0.009343258563033377,-308.16030646719946,-0.13776132002355612,0.06782207488601119,False
1810,643.9263218059615,47022.11541698438,47743.11541698438,40654.11541698438,40408.11541698438,0.006608591796134783,217.9652483632374,-0.00924451161770214,-304.90342464907553,-0.1363097142264722,0.06781990315336453,False
1811,644.2057937400016,46838.12187749762,47563.12187749762,40491.12187749762,40254.12187749762,0.0066708801180188895,220.01964814588692,-0.009220332767003007,-304.1059553302932,-0.135893235350674,0.06784982889847194,False
1812,644.4852709002911,46711.12832815442,47388.12832815442,40381.12832815442,40108.12832815442,0.006249197873780127,206.1116813760788,-0.009195251872436512,-303.2787347087145,-0.13554414830924533,0.06783953410852864,False
1813,644.7647532624587,46571.1347689704,47174.1347689704,40260.1347689704,39941.1347689704,0.005587123184057575,184.27506646141686,-0.009041948054546087,-298.2224525577936,-0.13343573102620435,0.06776256992791843,False
1814,645.0442408021332,46493.141199961196,47021.141199961196,40187.141199961196,39821.141199961196,0.0049042759532582515,161.7533294792091,-0.008877686814726202,-292.8047715996907,-0.13105411247328622,0.0677406198644534,False
1815,645.323733494943,46338.14762114245,46867.14762114245,40058.14762114245,39681.14762114245,0.0049298539801255,162.59694656901365,-0.009036492724478928,-298.04252430535,-0.13334837128035154,0.0677660524662923,False
1816,645.6032313165168,46310.154032529805,46820.154032529805,40039.154032529805,39635.154032529805,0.004756612631981668,156.88308276265207,-0.009160955228875445,-302.1475593142552,-0.13517353602536203,0.06777181020963019,False
1817,645.8827342424834,46214.16043413892,46702.16043413892,39958.16043413892,39543.16043413892,0.004561903740731323,150.46117426094463,-0.00909601323943638,-300.00563599776785,-0.13432275873719762,0.06771758803162109,False
1818,646.1622422484712,46013.166825985434,46493.166825985434,39779.166825985434,39376.166825985434,0.004507004309543114,148.6504756245215,-0.00892925055336512,-294.50545208438075,-0.13191180088887286,0.0676910670098988,False
1819,646.441755310109,45869.17320808501,46359.17320808501,39661.17320808501,39272.17320808501,0.004614769898949987,152.20481128099493,-0.008895392192334307,-293.388732169017,-0.13158270254511725,0.06760305131507877,False
1820,646.7212734030254,45702.179580453325,46209.179580453325,39515.179580453325,39146.179580453325,0.004791345437247075,158.02864368691047,-0.008865921341812456,-292.4167215725646,-0.13114121124579328,0.06760591318007103,False
1821,647.0007965028492,45608.18594310604,46099.18594310604,39428.18594310604,39036.18594310604,0.004650457728104659,153.38187090053336,-0.008989875713700706,-296.5049973032783,-0.13272923208846882,0.0677309404435387,False
1822,647.2803245852087,45560.19229605883,46017.19229605883,39399.19229605883,38963.19229605883,0.004334568554789604,142.96318198148944,-0.009167355332623976,-302.35864818857715,-0.13544765030743627,0.06768190745144786,False
1823,647.5598576257329,45430.19863932737,45858.19863932737,39296.19863932737,38831.19863932737,0.004072355431140878,134.31484200479082,-0.009242099356272706,-304.8238631966809,-0.13668682308879382,0.06761514495269891,False
1824,647.8393956000502,45385.20497292736,45808.20497292736,39257.20497292736,38783.20497292736,0.004028972784135502,132.88399111841716,-0.009304652807103988,-306.88700748929597,-0.13754664862380614,0.06764725204285034,False
1825,648.1189384837895,45230.211296874484,45671.211296874484,39127.211296874484,38670.211296874484,0.004213913570440522,138.98372698696375,-0.009316264124745444,-307.2699731515154,-0.13779855017454826,0.06760785300675959,False
1826,648.3984862525792,45166.21761118443,45625.21761118443,39080.21761118443,38637.21761118443,0.004391226221271537,144.83187091362157,-0.009342355621861373,-308.13052556941,-0.1383480290788828,0.06752792709851024,False
1827,648.6780388820481,44995.22391587292,45435.22391587292,38943.22391587292,38481.22391587292,0.004226255306862881,139.39078339588076,-0.009409280506562256,-310.33784893957795,-0.13952251301921942,0.06743915589641161,False
1828,648.9575963478247,44868.23021095565,45306.23021095565,38847.23021095565,38374.23021095565,0.004218987907638881,139.15108929376655,-0.009539370555500932,-314.62849219629857,-0.1416417778381684,0.06734856552280824,False
1829,649.2371586255376,44745.23649644832,45219.23649644832,38748.23649644832,38319.23649644832,0.0045764173886541455,150.9398648763954,-0.009411511882480149,-310.4114444075898,-0.14005096378030568,0.06720062203387435,False
1830,649.5167256908159,44579.24277236666,45076.24277236666,38607.24277236666,38206.24277236666,0.004815022018631189,158.80954710793867,-0.009349477605115017,-308.3654235471648,-0.13925628636770193,0.06713863947533406,False
1831,649.7962975192877,44423.2490387264,44895.2490387264,38481.2490387264,38057.2490387264,0.004590066067500349,151.3900269935779,-0.009401833965733339,-310.09224637078694,-0.14019598785644546,0.06706207580890548,False
1832,650.0758740865818,44369.25529554324,44862.25529554324,38438.25529554324,38018.25529554324,0.004798962984014558,158.2798863910012,-0.009570447211947216,-315.65346564746176,-0.14262175942572317,0.06710369617149105,False
1833,650.3554553683271,44124.26154283294,44643.26154283294,38224.26154283294,37834.26154283294,0.0050784655624338945,167.4984689275967,-0.009532307828332996,-314.3955486088037,-0.14205169275800827,0.06710450008203514,False
1834,650.6350413401518,43991.26778061122,44521.26778061122,38124.26778061122,37714.26778061122,0.005201044687022637,171.5413861116721,-0.00989687566620705,-326.4197622051015,-0.14746496218482122,0.0671134045645573,False
1835,650.914631977685,43880.27400889382,44366.27400889382,38030.27400889382,37600.27400889382,0.004783626258396286,157.7740489430867,-0.009722070957392892,-320.6543354777273,-0.14510356196156465,0.06700091180372329,False
1836,651.1942272565551,43671.28022769651,44166.28022769651,37852.28022769651,37433.28022769651,0.004894900158593563,161.44409606372008,-0.009729061335234681,-320.8848928323712,-0.1452783736287144,0.06696840756284267,False
1837,651.4738271523906,43512.286437035014,44027.286437035014,37710.286437035014,37319.286437035014,0.00511001439061955,168.53901559520554,-0.009636514359562965,-317.83249904564195,-0.14389229166041495,0.06697033071309398,False
1838,651.7534316408206,43349.29263692511,43875.29263692511,37566.29263692511,37188.29263692511,0.005238010956399375,172.76061137695115,-0.009630108450477994,-317.62121869912175,-0.1437356819822534,0.0669987321009615,False
1839,652.0330406974733,43206.29882738255,43778.29882738255,37440.29882738255,37107.29882738255,0.005711816370412237,188.38770984618358,-0.009591781089108783,-316.3571017589843,-0.14315311486200014,0.0670036491930705,False
1840,652.3126542979776,43110.3050084231,43712.3050084231,37356.3050084231,37064.3050084231,0.006022612494920213,198.63841931023825,-0.009430664094054167,-311.0431246022839,-0.14089809878484558,0.06693251488407231,False
1841,652.592272417962,43050.311180062534,43664.311180062534,37305.311180062534,37020.311180062534,0.006150318392862115,202.85042825571998,-0.009480920412536386,-312.7006836220747,-0.14162022999625049,0.06694608823038489,False
1842,652.8718950330552,43047.31734231663,43662.31734231663,37307.31734231663,37025.31734231663,0.006160689897837629,203.1925022901929,-0.00945592171573795,-311.8761740556622,-0.14138632284812908,0.06688003142917213,False
1843,653.151522118886,42997.32349520117,43593.32349520117,37271.32349520117,36976.32349520117,0.005978557912357262,197.185406576801,-0.00942964495746041,-311.009511335248,-0.1412016025498954,0.06678143014792148,False
1844,653.4311536510828,42949.32963873194,43536.32963873194,37243.32963873194,36934.32963873194,0.005895423073170189,194.4434448351715,-0.009513703090539647,-313.7819252501583,-0.14270967012955585,0.06666474025132874,False
1845,653.7107896052743,42890.33577292474,43489.33577292474,37200.33577292474,36891.33577292474,0.006023328405277097,198.66203153861574,-0.009645807697547071,-318.13901286648564,-0.14475480969705637,0.06663549016252979,False
1846,653.9904299570893,42857.34189779535,43449.34189779535,37176.34189779535,36860.34189779535,0.005957971138920669,196.5064115165025,-0.009665265485736551,-318.78077162026426,-0.14514326075640627,0.06659121088617234,False
1847,654.2700746821563,42764.34801335958,43322.34801335958,37088.34801335958,36764.34801335958,0.005630131623813752,185.69357520614724,-0.009440752561518398,-311.37586346470414,-0.1418281252225383,0.06656474198404015,False
1848,654.549723756104,42785.354119633244,43314.354119633244,37102.354119633244,36771.354119633244,0.005336711971463146,176.01597831831089,-0.009228554926973583,-304.37713944868847,-0.13875869004714325,0.06650794212483688,False
1849,654.8293771545609,42799.360216632136,43331.360216632136,37109.360216632136,36788.360216632136,0.005365045165778711,176.95046662178393,-0.009138081863388929,-301.39314764184905,-0.1373675620520123,0.06652285100560293,False
1850,655.1090348531559,42766.36630437209,43313.36630437209,37083.36630437209,36779.36630437209,0.0055195868312365596,182.0475755873717,-0.00909449567411642,-299.9555835036698,-0.13682013457995554,0.06647044824240937,False
1851,655.3886968275175,42758.37238286891,43329.37238286891,37085.37238286891,36795.37238286891,0.005761233180878595,190.0175801270078,-0.009170674896545602,-302.4681343842683,-0.13810454858267418,0.06640385845840346,False
1852,655.6683630532743,42754.37845213843,43293.37845213843,37089.37845213843,36773.37845213843,0.00544088064238559,179.45168004262658,-0.009156904774910518,-302.01396682864197,-0.13809341923371035,0.06630949415057427,False
1853,655.948033506055,42807.384512196484,43275.384512196484,37131.384512196484,36755.384512196484,0.00472224168319931,155.74945662580873,-0.009142414251714505,-301.5360389152884,-0.13779329941156848,0.06634875781882142,False
1854,656.2277081614884,42926.3905630589,43346.3905630589,37239.3905630589,36817.3905630589,0.004228567134077918,139.46703231677694,-0.009178127519797115,-302.71393756414153,-0.13841060025798854,0.06631087144113001,False
1855,656.5073869952029,42937.396604741516,43328.396604741516,37249.396604741516,36806.396604741516,0.003936909380889248,129.84754656672442,-0.009132849956341255,-301.220588350212,-0.13778593165592087,0.06628289148668541,False
1856,656.7870699828272,42967.40263726019,43319.40263726019,37280.40263726019,36803.40263726019,0.003543357646967635,116.86738315609007,-0.009135978864079292,-301.3237863042188,-0.13795050784026822,0.06622649678577311,False
1857,657.06675709999,43005.408660630754,43333.408660630754,37318.408660630754,36827.408660630754,0.0032997736076694883,108.8334695386695,-0.009051728751788559,-298.54504051138275,-0.13688643527133373,0.06612582710512105,False
1858,657.3464483223199,42961.41467486907,43315.41467486907,37284.41467486907,36816.41467486907,0.0035639026262381484,117.54499975694203,-0.00904973920348488,-298.4794210263972,-0.13695931363537864,0.0660761138711431,False
1859,657.6261436254457,42949.420679990995,43361.420679990995,37279.420679990995,36846.420679990995,0.004146192593133793,136.75014680930838,-0.009220041230610845,-304.0963398472849,-0.13949010065886208,0.06609817605020903,False
1860,657.9058429849958,42966.4266760124,43398.4266760124,37297.4266760124,36884.4266760124,0.004344748440059937,143.29893599531056,-0.009180580011708617,-302.7948259023972,-0.13901406018142143,0.06604065804370743,False
1861,658.1855463765991,42954.43266294914,43403.43266294914,37302.43266294914,36899.43266294914,0.004516090775853868,148.95016638274413,-0.009233557010447407,-304.5421186757825,-0.14014102055735936,0.06588761073470373,False
1862,658.465253775884,42965.4386408171,43426.4386408171,37321.4386408171,36922.4386408171,0.004634964831884393,152.87088261790234,-0.009302963673010855,-306.8312962964298,-0.14135588376816835,0.06581235548898864,False
1863,658.7449651584792,43033.44460963215,43506.44460963215,37384.44460963215,37001.44460963215,0.004747483210289276,156.58197524565296,-0.009219736165947859,-304.08627817346905,-0.14027736438664015,0.06572504556427164,False
1864,659.0246805000136,43155.45056941017,43637.45056941017,37489.45056941017,37117.45056941017,0.004823714601961176,159.0962467775335,-0.009154651383355784,-301.93964523865145,-0.1393319215287451,0.06570390534280487,False
1865,659.3043997761156,43157.45652016705,43646.45652016705,37498.45652016705,37133.45652016705,0.004893149185995909,161.38634530699335,-0.009141164365998987,-301.4948150571939,-0.13931934118185396,0.06561303181922887,False
1866,659.5841229624137,43118.46246191868,43625.46246191868,37465.46246191868,37119.46246191868,0.005076777650632771,167.44279804849012,-0.00910619696915091,-300.3415168094393,-0.13884516140671607,0.06558526690372973,False
1867,659.863850034537,43126.46839468095,43647.46839468095,37486.46839468095,37139.46839468095,0.005215163733026,172.0070619263858,-0.009254008076516804,-305.2166378218608,-0.14129039187546982,0.06549637207229972,False
1868,660.1435809681136,43099.47431846977,43598.47431846977,37464.47431846977,37104.47431846977,0.0049993187370278615,164.8880402630697,-0.009192678869347517,-303.19387165851674,-0.14045631418921248,0.06544866937746788,False
1869,660.4233157387727,43091.480233301045,43548.480233301045,37461.480233301045,37067.480233301045,0.004581590708452953,151.1104918374174,-0.009173459932820425,-302.5599907346178,-0.14028153825825349,0.06539320887636975,False
1870,660.7030543221425,43109.48613919068,43548.48613919068,37479.48613919068,37085.48613919068,0.0044002162412508945,145.12838066910945,-0.008989867740539555,-296.5047343316644,-0.13772477232892621,0.06527415212616344,False
1871,660.9827966938518,43122.49203615458,43600.49203615458,37489.49203615458,37127.49203615458,0.004787539700795859,157.90312249928323,-0.009001482085303294,-296.88779983473944,-0.13785859809444861,0.06529503570851829,False
1872,661.2625428295295,43147.497924208685,43669.497924208685,37513.497924208685,37195.497924208685,0.005222582267421914,172.25174078414827,-0.008919766997278524,-294.1926644706881,-0.13674764540317402,0.06522793844808307,False
1873,661.5422927048038,43217.50380336889,43754.50380336889,37569.50380336889,37263.50380336889,0.005363084213358756,176.8857902891507,-0.008914855187627538,-294.0306626640223,-0.13655989940444827,0.06528164729548086,False
1874,661.8220462953036,43273.50967365114,43843.50967365114,37625.50967365114,37341.50967365114,0.005683192311346672,187.44362821187246,-0.008973711901806864,-295.9718808115018,-0.13757752319035657,0.06522658421020239,False
1875,662.1018035766575,43256.51553507137,43890.51553507137,37623.51553507137,37403.51553507137,0.0063191495095866815,208.41883335979006,-0.008866099815269932,-292.4226080023343,-0.1363486555161637,0.06502520895205222,False
1876,662.3815645244941,43191.5213876455,43898.5213876455,37577.5213876455,37416.5213876455,0.00705139035930574,232.56967571686695,-0.008916112313734221,-294.0721253254365,-0.1373221662187457,0.06492842750187472,False
1877,662.6613291144423,43055.52723138948,43783.52723138948,37459.52723138948,37316.52723138948,0.007281834005046849,240.17019153433176,-0.008942905508946384,-294.95582122147886,-0.13771436634959378,0.06493807251920572,False
1878,662.9410973221303,42995.533066319265,43706.533066319265,37401.533066319265,37244.533066319265,0.007123020532017912,234.9321893759254,-0.008949890660178964,-295.18620619156496,-0.13767181941269271,0.06500887907459313,False
1879,663.2208691231871,42999.538892450786,43693.538892450786,37412.538892450786,37228.538892450786,0.0069534227347941725,229.33849753746878,-0.00909461224893724,-299.9594283862948,-0.13993019342400834,0.06499392322984415,False
1880,663.5006444932411,42916.5447098,43570.5447098,37335.5447098,37133.5447098,0.006568240576737933,216.63438033130092,-0.008924324186485182,-294.3429701497056,-0.13737249274950877,0.06496441906137788,False
1881,663.7804234079211,42967.55051838287,43560.55051838287,37376.55051838287,37127.55051838287,0.005952763477405827,196.33465189350113,-0.00885568364198161,-292.0790607130144,-0.1363058323926731,0.06496922021993853,False
1882,664.0602058428558,43006.556318215364,43563.556318215364,37405.556318215364,37127.556318215364,0.005588657729203179,184.3256789858554,-0.008828410413297776,-291.1795323040702,-0.13579505047165039,0.06501275549170964,False
1883,664.3399917736738,43076.56210931344,43622.56210931344,37479.56210931344,37188.56210931344,0.005470134194395551,180.41652367740627,-0.00885525563416456,-292.0649441155573,-0.1364989743715436,0.06487415509849168,False
1884,664.6197811760036,43103.56789169307,43615.56789169307,37512.56789169307,37198.56789169307,0.005128311219561049,169.14248347270797,-0.008778885363106155,-289.54609204959235,-0.13563178924825112,0.06472586855753916,False
1885,664.899574025474,43082.573665370226,43578.573665370226,37499.573665370226,37174.573665370226,0.0049713723352111435,163.96630918922693,-0.008751706034857717,-288.6496606743815,-0.13536811648087999,0.06465116204888503,False
1886,665.1793702977136,43092.5794303609,43549.5794303609,37513.5794303609,37155.5794303609,0.0045814744563994455,151.10665760033677,-0.00874594123848968,-288.4595255728523,-0.13541342935001924,0.0645869562603204,False
1887,665.4591699683509,43229.58518668106,43628.58518668106,37635.58518668106,37248.58518668106,0.0039900614168680995,131.60061243620635,-0.008478952993632653,-279.65369206163996,-0.1316160612263162,0.06442187157578694,False
1888,665.7389730130149,43366.59093434671,43728.59093434671,37752.59093434671,37348.59093434671,0.0036101998848117956,119.07198065920386,-0.008282740550452571,-273.18219325689944,-0.12871413413710248,0.06434989137735286,False
1889,666.0187794073339,43341.596673373824,43710.596673373824,37731.596673373824,37341.596673373824,0.0036818285094478045,121.43444325945649,-0.008194128148580775,-270.2595699843672,-0.12744226472744002,0.06429678698903778,False
1890,666.2985891269367,43416.602403778415,43754.602403778415,37795.602403778415,37383.602403778415,0.0033679073463977714,111.08066345561139,-0.008128029997256016,-268.07951401869565,-0.12645005982437238,0.06427857771317079,False
1891,666.5784021474519,43418.60812557648,43721.60812557648,37798.60812557648,37367.60812557648,0.0030202302454792013,99.6135418675827,-0.008000738310731895,-263.8811666364239,-0.12462120232891241,0.0642004583587275,False
1892,666.8582184445082,43403.61383878402,43692.61383878402,37799.61383878402,37352.61383878402,0.00288213552425599,95.05888769350071,-0.008048500614271295,-265.4564678011069,-0.12563458611244077,0.06406277811961769,False
1893,667.1380379937343,43506.61954341705,43741.61954341705,37897.61954341705,37397.61954341705,0.0023395188515242006,77.16224927392206,-0.008107491315308725,-267.4021051168002,-0.12668518514269528,0.06399715409640545,False
1894,667.4178607707587,43529.62523949158,43768.62523949158,37932.62523949158,37420.62523949158,0.0023779775638643414,78.43069844517392,-0.008279838341701068,-273.0864723119784,-0.12955071363055248,0.06391194698713261,False
1895,667.69768675121,43472.63092702362,43781.63092702362,37884.63092702362,37429.63092702362,0.0030760114878931205,101.45332449175248,-0.00832352738993333,-274.5274289548548,-0.1302288343867993,0.06391462711868554,False
1896,667.977515910717,43397.636606029206,43755.636606029206,37818.636606029206,37423.636606029206,0.003567927933619706,117.67776285537896,-0.008127808675158627,-268.0722143507159,-0.12734698568705657,0.06382411512379228,False
1897,668.2573482249082,43378.642276524355,43776.642276524355,37803.642276524355,37437.642276524355,0.00396649282259452,130.82327065706698,-0.008191647537573902,-270.17775421924136,-0.12831903246745457,0.06383813359605514,False
1898,668.5371836694126,43401.6479385251,43825.6479385251,37832.6479385251,37484.6479385251,0.004222125856114736,139.2545854303097,-0.008235428603073199,-271.62174578500014,-0.1291686152889237,0.06375719507910055,False
1899,668.8170222198584,43404.65359204747,43816.65359204747,37826.65359204747,37489.65359204747,0.004102911619388438,135.32264932076228,-0.00798940639364304,-263.50741619171515,-0.1253573021754093,0.06373307541720757,False
1900,669.0968638518744,43384.65923710752,43767.65923710752,37805.65923710752,37446.65923710752,0.003817129831459831,125.89696525596933,-0.007960866661577236,-262.5661158391072,-0.12485712941793292,0.06375980850024121,False
1901,669.3767085410893,43441.66487372127,43799.66487372127,37856.66487372127,37483.66487372127,0.0035643266255918323,117.55898414685178,-0.007864630748088656,-259.3920531292165,-0.12347051887448393,0.06369642583330828,False
1902,669.6565562631317,43471.67050190477,43838.67050190477,37873.67050190477,37507.67050190477,0.0036510454945562825,120.41915472398907,-0.007868349865214504,-259.5147174294236,-0.12332236073169822,0.06380310771323128,False
1903,669.9364069936304,43505.676121674085,43888.676121674085,37922.676121674085,37547.676121674085,0.0038065583684028766,125.5482961836687,-0.008122472265687592,-267.8962083494975,-0.1274949632086172,0.06370818157260824,False
1904,670.2162607082138,43480.68173304526,43872.68173304526,37902.68173304526,37544.68173304526,0.003897836853512643,128.5588524853617,-0.008019348441683897,-264.4949678727777,-0.12601889386272444,0.06363608024063103,False
1905,670.4961173825106,43481.68733603436,43890.68733603436,37904.68733603436,37585.68733603436,0.004065993197837636,134.10500217735634,-0.007736415154389042,-255.1632333462906,-0.1218684733192968,0.06348167777665964,False
1906,670.7759769921496,43387.69293065744,43854.69293065744,37821.69293065744,37582.69293065744,0.004649516590110776,153.35083019127043,-0.007402585329504593,-244.1528240281432,-0.11689482581100817,0.06332688618290819,False
1907,671.0558395127592,43430.69851693056,43861.69851693056,37850.69851693056,37597.69851693056,0.004288631063592457,141.44806696351748,-0.007201268576918353,-237.5129743701866,-0.11372180760063481,0.06332355006356893,False
1908,671.3357049199684,43446.704094869805,43831.704094869805,37861.704094869805,37579.704094869805,0.003831519467840209,126.37156571008425,-0.007078320323102813,-233.4578825283203,-0.11182915662701971,0.06329583926588048,False
1909,671.6155731894055,43465.709664491245,43842.709664491245,37873.709664491245,37588.709664491245,0.0037506127940929524,123.70309354815129,-0.007031040772261328,-231.89850356233643,-0.11103200776925061,0.06332444953056605,False
1910,671.8954442966993,43483.715225810956,43935.715225810956,37895.715225810956,37662.715225810956,0.004491057746009628,148.12452444031467,-0.007169539403958336,-236.46647955284362,-0.11322475850209968,0.0633213044461948,False
1911,672.1753182174784,43420.720778845025,43979.720778845025,37843.720778845025,37703.720778845025,0.005555439342590496,183.23006677199547,-0.007165058300233515,-236.31868333294497,-0.11321760082621898,0.06328572808419933,False
1912,672.4551949273715,43353.726323609524,43960.726323609524,37786.726323609524,37690.726323609524,0.006038427531696994,199.1600324655463,-0.007143189054054757,-235.5973896259169,-0.11292015951568816,0.06325875808794215,False
1913,672.7350744020073,43339.73186012056,43964.73186012056,37778.73186012056,37687.73186012056,0.006218208707596184,205.0895935376677,-0.007265582999694716,-239.63419921902465,-0.11483159703760398,0.06327163591842627,False
1914,673.0149566170143,43380.73738839422,43981.73738839422,37820.73738839422,37712.73738839422,0.005975451174802334,197.08293984203382,-0.007217386254520972,-238.04456925606658,-0.11424320005771389,0.06317563102989815,False
1915,673.294841548021,43341.742908446606,43929.742908446606,37797.742908446606,37678.742908446606,0.005852289947655954,193.02082369205723,-0.007221751856502009,-238.1885559856764,-0.11453756847619163,0.06305138089257727,False
1916,673.5747291706565,43260.74842029381,43867.74842029381,37727.74842029381,37640.74842029381,0.0060513155878305774,199.58510764687594,-0.0070539529838612265,-232.65419646121447,-0.11203843400782439,0.06296011762685474,False
1917,673.8546194605491,43182.75392395195,43816.75392395195,37668.75392395195,37597.75392395195,0.00632986513658931,208.77225726204438,-0.007149218079694304,-235.79623956421702,-0.11365339665005413,0.06290369043441078,False
1918,674.1345123933276,42974.75941943712,43600.75941943712,37488.75941943712,37411.75941943712,0.006280599584617344,207.14737580430295,-0.007173535639147082,-236.59828378925334,-0.11404820733805396,0.06289915296856682,False
1919,674.4144079446205,42876.76490676545,43466.76490676545,37404.76490676545,37310.76490676545,0.005935308251305261,195.75894184669937,-0.007028085159660925,-231.80102124622647,-0.11189592875328262,0.06280912306610392,False
1920,674.6943060900566,42834.770385953045,43396.770385953045,37356.770385953045,37259.770385953045,0.005660967030441585,186.71059173120295,-0.006790115823441196,-223.95229233815482,-0.10808469279903495,0.0628221781234671,False
1921,674.9742068052644,42730.77585701603,43307.77585701603,37280.77585701603,37202.77585701603,0.005825102069904779,192.1241103362754,-0.0067346983818939495,-222.12450863125895,-0.10754320980025647,0.06262318554934826,False
1922,675.2541100658726,42622.78131997053,43233.78131997053,37208.78131997053,37152.78131997053,0.006181435641596084,203.87674052585396,-0.006835550340662675,-225.45081821718335,-0.10951930244876384,0.062414115026531825,False
1923,675.53401584751,42625.786774832675,43202.786774832675,37204.786774832675,37133.786774832675,0.005839353513204918,192.5941528921292,-0.0066689340692634375,-219.95546336743575,-0.10686014868188477,0.0624080553089664,False
1924,675.813924125805,42651.79222161859,43216.79222161859,37235.79222161859,37140.79222161859,0.005715243242249835,188.50073528249936,-0.006824678383067427,-225.09223820338548,-0.10938908395102277,0.06238902582019124,False
1925,676.0938348763865,42581.79766034442,43138.79766034442,37181.79766034442,37070.79766034442,0.00564404458788804,186.15245400566616,-0.006942496802051216,-228.97813730984643,-0.11132065581065692,0.06236485719110001,False
1926,676.3737480748828,42598.8030910263,43133.8030910263,37194.8030910263,37071.8030910263,0.005420354617526849,178.7746885981161,-0.0068589088443077656,-226.22123076579524,-0.11001610788136341,0.06234458731901436,False
1927,676.6536636969229,42602.80851368037,43112.80851368037,37195.80851368037,37053.80851368037,0.005168085051363568,170.4543080481439,-0.006829235481113642,-225.24254087573993,-0.1095151060744688,0.06235884460057825,False
1928,676.9335817181353,42505.81392832279,42959.81392832279,37111.81392832279,36929.81392832279,0.004614054897836393,152.18122904137235,-0.00674911748866692,-222.60008108086694,-0.10831391772258618,0.062310713438994726,False
1929,677.2135021141485,42473.81933496969,42850.81933496969,37083.81933496969,36848.81933496969,0.0038378149079756107,126.5792025584475,-0.006598694238053603,-217.6388060935521,-0.10602661489515096,0.06223620592413527,False
1930,677.4934248605913,42429.82473363724,42720.82473363724,37061.82473363724,36747.82473363724,0.0029683904240093177,97.90375559081525,-0.006663551991119065,-219.77795111737748,-0.10734468744985395,0.062076215874511176,False
1931,677.7733499330924,42383.83012434159,42622.83012434159,37028.83012434159,36681.83012434159,0.0024420828760579635,80.54502638745326,-0.006531078903827078,-215.40871024673834,-0.1054662893907292,0.0619257484221416,False
1932,678.0532773072804,42298.83550709891,42544.83550709891,36961.83550709891,36611.83550709891,0.0025184375135405396,83.06336282522636,-0.006650464996030376,-219.3463145111488,-0.10743865521450671,0.06190011390921067,False
1933,678.3332069587839,42264.84088192535,42490.84088192535,36923.84088192535,36574.84088192535,0.0023160874525572934,76.38943248437438,-0.006440512808507487,-212.42165005773273,-0.10405945652466812,0.061892623924868495,False
1934,678.6131388632315,42239.8462488371,42421.8462488371,36901.8462488371,36511.8462488371,0.001867236884462999,61.58539728736403,-0.006481537991674985,-213.7747468314631,-0.10468444983829393,0.06191500267410314,False
1935,678.8930729962518,42177.851607850316,42351.851607850316,36845.851607850316,36465.851607850316,0.0017879477558316325,58.9702751633514,-0.006290186112972758,-207.4635596598637,-0.10171554975812837,0.06184094888077908,False
1936,679.1730093334737,42186.85695898118,42383.85695898118,36850.85695898118,36487.85695898118,0.002023304846764386,66.73284673105069,-0.006322539887471406,-208.5306551488316,-0.10215629659267478,0.06189084861485444,False
1937,679.4529478505257,42089.86230224587,42336.86230224587,36758.86230224587,36456.86230224587,0.0025411632059721793,83.81290392988137,-0.00612393666299642,-201.98030335168346,-0.09896885591747977,0.061877411901200094,False
1938,679.7328885230364,41984.867637660565,42253.867637660565,36654.867637660565,36384.867637660565,0.0027736791714458664,91.4817692080382,-0.005984535393547881,-197.38255647083167,-0.09659736751264056,0.06195340046678555,False
1939,680.0128313266345,41925.87296524146,42190.87296524146,36603.87296524146,36339.87296524146,0.002736397305433004,90.25213490233162,-0.005880031961781201,-193.93581363022267,-0.09499997338204616,0.06189509062423017,False
1940,680.2927762369486,41843.878285004736,42151.878285004736,36546.878285004736,36317.878285004736,0.0031850013717105333,105.04803995129065,-0.005914819420420853,-195.08317713764225,-0.0958035333020271,0.061739053003128666,False
1941,680.5727232296074,41747.883596966596,42087.883596966596,36466.883596966596,36266.883596966596,0.0035226237760490595,116.18353651164432,-0.005911036164142437,-194.9583973933662,-0.09581631729893969,0.06169133119258226,False
1942,680.8526722802396,41705.888901143226,42092.888901143226,36417.888901143226,36284.888901143226,0.004011351091019351,132.30279063953614,-0.0056003201035782,-184.71032860646642,-0.09079228473725716,0.061682775356792785,False
1943,681.1326233644737,41558.894197550835,42002.894197550835,36275.894197550835,36212.894197550835,0.004615233071586643,152.22008768811736,-0.005370123858271311,-177.1179725753454,-0.0869924500488937,0.06173091866309154,False
1944,681.4125764579384,41476.89948620563,41954.89948620563,36208.89948620563,36173.89948620563,0.00497640075603204,164.13215707738712,-0.005396398552941651,-177.9845672336565,-0.08747726038425069,0.061689158179366266,False
1945,681.6925315362623,41355.9047671238,41839.9047671238,36112.9047671238,36077.9047671238,0.005053160773823899,166.66386380984935,-0.00547427554329826,-180.5531140691242,-0.08885045226964457,0.061612241732713464,False
1946,681.9724885750742,41299.91004032158,41765.91004032158,36064.91004032158,36016.91004032158,0.004872843042736714,160.7166060198159,-0.005451245147160382,-179.7935231957656,-0.08850878729014466,0.06158987501761162,False
1947,682.2524475500026,41199.915305815164,41662.915305815164,35979.915305815164,35936.915305815164,0.004853332580543693,160.07310996668235,-0.005372673179633327,-177.2020545524096,-0.0873285571791886,0.061522523137639756,False
1948,682.5324084366763,41046.92056362078,41521.92056362078,35855.92056362078,35812.92056362078,0.0049968523674197175,164.80669420920856,-0.005517989996239701,-181.99490861270866,-0.08975450196875438,0.061478698841876935,False
1949,682.8123712107238,40968.92581375465,41391.92581375465,35787.92581375465,35722.92581375465,0.004461055890041711,147.1350001681044,-0.005250562614000739,-173.17459142759546,-0.0855930483993658,0.06134333000388433,False
1950,683.0923358477737,40885.931056232985,41302.931056232985,35726.931056232985,35644.931056232985,0.004406980418084988,145.35147743905642,-0.0054049132765354975,-178.26540071530118,-0.08819936552333917,0.06128063670826814,False
1951,683.3723023234547,40729.93629107203,41135.93629107203,35584.93629107203,35498.93629107203,0.004307655917418177,142.0755466319731,-0.005358508728606328,-176.7348811845774,-0.08737630829417464,0.06132679250496073,False
1952,683.6522706133954,40700.94151828801,41105.94151828801,35563.94151828801,35472.94151828801,0.0043001443310274135,141.82779872382991,-0.0054128288346834575,-178.52647246112497,-0.08829921799388116,0.061300982700192755,False
1953,683.9322406932248,40621.94673789716,41077.94673789716,35500.94673789716,35443.94673789716,0.004847995065701866,159.89706750801187,-0.005545854758830458,-182.9139470532777,-0.09047997614046195,0.06129372481510187,False
1954,684.2122125385711,40500.95194991571,41014.95194991571,35400.95194991571,35394.95194991571,0.00547697594120732,180.64217886826523,-0.005550589434477925,-183.07010660818062,-0.0906580052799551,0.06122558528987605,False
1955,684.4921861250632,40438.95715435991,40953.95715435991,35340.95715435991,35355.95715435991,0.00549592418274058,181.26713170228038,-0.005311632763800997,-175.18881333438333,-0.08682336740668377,0.061177456282260026,False
1956,684.7721614283295,40306.962351245995,40841.962351245995,35229.962351245995,35272.962351245995,0.005726530945536163,188.87302746306557,-0.005196775190971529,-171.4005691576412,-0.0851005717336529,0.0610662782294384,False
1957,685.0521384239989,40113.96754059022,40664.96754059022,35052.96754059022,35127.96754059022,0.0059248112308917565,195.4127280492544,-0.0049965791261270855,-164.79768213703812,-0.08181842674276801,0.06106911761865107,False
1958,685.3321170876999,40073.972722408835,40682.972722408835,35030.972722408835,35147.972722408835,0.0065502812632806185,216.04204442390738,-0.005102197336185543,-168.28119270891779,-0.08369567781609594,0.06096130014499164,False
1959,685.6120973950613,39909.97789671809,40559.97789671809,34884.97789671809,35047.97789671809,0.0070162223958179564,231.40976235975393,-0.004991708261106144,-164.63703077033483,-0.08191334503946039,0.06093888924572023,False
1960,685.8920793217114,39840.983063534244,40460.983063534244,34820.983063534244,34972.983063534244,0.00670638447231405,221.19065637890372,-0.004814734827553318,-158.80007494252933,-0.07906437782788354,0.060896385449773445,False
1961,686.1720628432794,39733.988222873566,40292.988222873566,34730.988222873566,34826.988222873566,0.006067318165023661,200.1129062793142,-0.004868539854759692,-160.5746778352496,-0.07997038110095707,0.060879287903023716,False
1962,686.4520479353932,39734.9933747523,40230.9933747523,34724.9933747523,34758.9933747523,0.005387611266075505,177.69474404237712,-0.0049625920852836335,-163.6767180909751,-0.08133760850688758,0.06101226943331395,False
1963,686.7320345736822,39667.99851918673,40104.99851918673,34665.99851918673,34657.99851918673,0.004758216291380251,156.93597482042853,-0.004858451592836563,-160.2419457520069,-0.07969142685936723,0.06096580001523065,False
1964,687.0120227337748,39649.00365619312,40072.00365619312,34653.00365619312,34628.00365619312,0.004608779945784377,152.00725003501364,-0.004922209641454942,-162.34482021164425,-0.08075484581443784,0.06095249878583657,False
1965,687.2920123912992,39578.008785787744,39966.008785787744,34591.008785787744,34549.008785787744,0.0042368389367962046,139.73985375733818,-0.004764474628085639,-157.1423879196804,-0.0782691590918179,0.06087295025741126,False
1966,687.5720035218847,39540.013907986875,39933.013907986875,34553.013907986875,34529.013907986875,0.0042952716748338015,141.66708828048698,-0.0045970308534376385,-151.6197402734185,-0.07554767983842163,0.06084939819819199,False
1967,687.8519961011594,39413.01902280679,39805.01902280679,34436.01902280679,34419.01902280679,0.004298132866531975,141.76145639677344,-0.00451258358944003,-148.8344920028868,-0.07411887493468286,0.0608830556780137,False
1968,688.1319901047524,39317.02413026378,39680.02413026378,34351.02413026378,34310.02413026378,0.003991288535531542,131.64108538906825,-0.00450995454269329,-148.7477805150556,-0.07406003616831491,0.060895926818663675,False
1969,688.4119855082921,39243.02923037412,39581.02923037412,34286.02923037412,34246.02923037412,0.003724559162654047,122.84379001987669,-0.00423152719014309,-139.56466118769487,-0.06964204796462274,0.06076109640389454,False
1970,688.6919822874072,39167.03432315411,39500.03432315411,34218.03432315411,34177.03432315411,0.003676784422375686,121.26807866540135,-0.004197467455329078,-138.44129954168366,-0.06907778062614178,0.06076436471006988,False
1971,688.9719804177263,39091.03940862004,39416.03940862004,34149.03940862004,34118.03940862004,0.0035957652494823145,118.59589604516198,-0.003990190500940216,-131.60486990023293,-0.06574294363759599,0.0606938217268746,False
1972,689.2519798748781,39077.044486788196,39386.044486788196,34143.044486788196,34094.044486788196,0.003420657800440521,112.82048430873569,-0.004044378231399115,-133.39209515064442,-0.06669307203529604,0.06064165449236923,False
1973,689.5319806344912,39034.04955767488,39321.04955767488,34112.04955767488,34041.04955767488,0.003181492337506622,104.93230462743271,-0.00408636444956951,-134.77688887881746,-0.06745515725195128,0.06057897744284488,False
1974,689.8119826721942,38970.05462129639,39203.05462129639,34049.05462129639,33930.05462129639,0.002588893160747944,85.38713816434422,-0.004109392523348185,-135.53640315588802,-0.06772162700022444,0.060680652627181655,False
1975,690.0919859636159,38856.059677669036,39077.059677669036,33946.059677669036,33818.059677669036,0.0024631206493392122,81.23889637060743,-0.004103804844060296,-135.35210974795334,-0.06758428347426393,0.060721289523222116,False
1976,690.3719904843848,38779.06472680911,38997.06472680911,33875.06472680911,33760.06472680911,0.002434588752547924,80.29785444182242,-0.003911451854666236,-129.0079038414531,-0.0644678330277549,0.060672922773474726,False
1977,690.6519962101296,38679.069768732945,38931.069768732945,33775.069768732945,33712.069768732945,0.0028203168995869655,93.01997951228445,-0.003631154653124951,-119.76311296403804,-0.059825918386770635,0.06069534327329126,False
1978,690.932003116479,38546.07480345684,38845.07480345684,33671.07480345684,33634.07480345684,0.0033558022292191595,110.68141124671486,-0.003833296077549874,-126.43016203265303,-0.06321416440810432,0.060639828327121406,False
1979,691.2120111790616,38442.07983099711,38753.07983099711,33595.07983099711,33551.07983099711,0.0034993467262054547,115.41581048061722,-0.004068521792510705,-134.18840054465267,-0.06717561149509499,0.06056545972503398,False
1980,691.492020373506,38371.08485137007,38694.08485137007,33543.08485137007,33508.08485137007,0.0036405016586306374,120.07139685254984,-0.004093895933915027,-135.02529306333292,-0.06772588386687865,0.060448025188743926,False
1981,691.7720306754409,38341.08986459205,38653.08986459205,33505.08986459205,33473.08986459205,0.0035197626757839332,116.08917141101196,-0.003934746317755513,-129.77620419792424,-0.06501451941397682,0.060521039811141354,False
1982,692.052042060495,38327.09487067937,38636.09487067937,33504.09487067937,33466.09487067937,0.003487322093267674,115.01921281115712,-0.0039801739769846295,-131.27450388594946,-0.06589899428232907,0.06039809894415825,False
1983,692.3320545042967,38227.09986964836,38528.09986964836,33411.09986964836,33375.09986964836,0.00340623982777339,112.34494926432218,-0.0038744384353838067,-127.78712347317766,-0.06412743552263485,0.060417797839682194,False
1984,692.6120679824749,38163.10486151534,38493.10486151534,33349.10486151534,33354.10486151534,0.003739242127831882,123.32806507429409,-0.003674133644369112,-121.18065043494283,-0.060833465556363445,0.06039658616793667,False
1985,692.8920824706581,38007.109846296655,38347.109846296655,33199.109846296655,33226.109846296655,0.0038677914702563176,127.56789259168758,-0.0035147342515842307,-115.92332341141169,-0.05809883942557084,0.06049577386286485,False
1986,693.1720979444751,37938.11482400863,38243.11482400863,33138.11482400863,33143.11482400863,0.0034775108075231257,114.695615984474,-0.0034119878102834484,-112.5345298094733,-0.05643945939326372,0.06045394209942917,False
1987,693.4521143795545,37841.11979466762,38113.11979466762,33054.11979466762,33024.11979466762,0.0031105203525289564,102.59149938333569,-0.0035048660685543637,-115.59784999266353,-0.05794046613720685,0.06049081587045933,False
1988,693.7321317515248,37690.12475828995,37990.12475828995,32927.12475828995,32922.12475828995,0.0034431447529655163,113.5621512694503,-0.0035090975900785165,-115.73741446697493,-0.05807041966274544,0.06042831463003438,False
1989,694.0121500360148,37552.12971489197,37908.12971489197,32810.12971489197,32865.12971489197,0.0040977856099525985,135.1535827549549,-0.003370382253008236,-111.1622910777534,-0.05588261913889716,0.06031181617724639,False
1990,694.292169208653,37545.134664490026,37973.134664490026,32811.134664490026,32922.134664490026,0.004922783059389218,162.36373274041225,-0.0034560453235630657,-113.98763920410639,-0.05735181054390987,0.060260439745263794,False
1991,694.5721892450682,37415.139607100464,37894.139607100464,32700.139607100467,32863.139607100464,0.005524680738605923,182.2155833595497,-0.00336523577951982,-110.99254956447766,-0.05591915033155514,0.06018038113180736,False
1992,694.852210120889,37302.14454273965,37801.14454273965,32602.144542739647,32789.14454273965,0.0057711489905775525,190.34462437341136,-0.003287231311702127,-108.41979825439225,-0.05466760522075069,0.06013124771842689,False
1993,695.132231811744,37165.14947142392,37643.14947142392,32483.14947142392,32646.14947142392,0.005550068389190004,183.05292143937407,-0.0033762342009105127,-111.35530062006991,-0.056115438549541576,0.060165870359006474,False
1994,695.4122542932618,37088.15439316964,37558.15439316964,32414.154393169643,32586.154393169643,0.00546902069891839,180.3797982560582,-0.0031706062257851396,-104.57325778080033,-0.05276795349157894,0.06008582891680887,False
1995,695.6922775410711,37013.15930799318,37496.15930799318,32351.15930799318,32539.15930799318,0.00563062921370687,185.70998676673108,-0.003114149320162745,-102.711190363805,-0.051882269418962776,0.0600233828442465,False
1996,695.9723015308007,36964.16421591089,37405.16421591089,32306.164215910892,32455.164215910892,0.005150674760006997,169.88008004364966,-0.003152260164415186,-103.96816611432335,-0.05247502757712139,0.060071624732019026,False
1997,696.2523262380789,36936.16911693914,37329.16911693914,32281.16911693914,32398.16911693914,0.004596473366086536,151.6013531687689,-0.0030252603267079442,-99.77944451948375,-0.05040821424145176,0.060015225142020755,False
1998,696.5323516385348,36832.17401109431,37253.17401109431,32196.174011094303,32326.174011094303,0.004935927275483871,162.7972566156933,-0.0031858868391198975,-105.07724452765933,-0.05308393066185627,0.06001603120563814,False
1999,696.8123777077966,36708.17889839275,37128.17889839275,32087.178898392744,32222.178898392744,0.004940808435830358,162.95824754387337,-0.0031174395455729827,-102.81970891372256,-0.05196596621753995,0.05999002371134131,False
2000,697.0924044214933,36688.18377885084,37093.18377885084,32068.183778850842,32197.183778850842,0.004767898389819212,157.2553107782282,-0.003024375695095819,-99.7502675094648,-0.05043649247010538,0.059964036890321454,False
2001,697.3724317552532,36598.18865248497,37004.18865248497,31997.188652484965,32111.188652484965,0.00479129491497733,158.02697735625898,-0.0032467347434780632,-107.08413631261828,-0.054138288976978685,0.05997113696848967,False
2002,697.6524596847053,36525.193519311506,36923.193519311506,31922.193519311502,32047.193519311502,0.004706730878417976,155.23787768119084,-0.0030094540450282224,-99.25812012567945,-0.05015378366839729,0.060004526576217784,False
2003,697.932488185478,36383.19837934683,36797.19837934683,31784.19837934683,31942.19837934683,0.004913879717058571,162.07008179597085,-0.0027603398266929455,-91.04180957945684,-0.04595222007604783,0.06006978165853073,False
2004,698.2125172332,36374.20323260733,36788.20323260733,31761.203232607335,31943.203232607335,0.00491508804288365,162.10993492152195,-0.0024335701968607793,-80.26426033430772,-0.04048303936736172,0.06011332733141511,False
2005,698.4925468035,36289.2080791094,36680.2080791094,31684.208079109398,31846.208079109398,0.004654299749413657,153.5085888390391,-0.0024394281079348394,-80.4574665545639,-0.04055281422773615,0.06015434820960932,False
2006,698.7725768720065,36227.212918869416,36559.212918869416,31642.212918869416,31728.212918869416,0.003961913675270443,130.67224075318214,-0.00278315093606016,-91.79416791418919,-0.0462627510798598,0.060159650498428474,False
2007,699.0526074143484,36171.21775190378,36466.21775190378,31594.217751903776,31662.217751903776,0.003527590853437275,116.34736116445384,-0.002593866532426174,-85.55117041606871,-0.04319334613306699,0.06005245633054625,False
2008,699.3326384061542,36202.22257822887,36500.22257822887,31619.222578228877,31693.222578228877,0.0035602786159024697,117.42547227858438,-0.0025450656916186217,-83.94161610932909,-0.042377799762635615,0.060056579290900296,False
2009,699.6126698230524,36171.22739786111,36444.22739786111,31593.22739786111,31641.22739786111,0.0032655018821405556,107.7031159932864,-0.002606173381481768,-85.95707616629832,-0.043383917059046644,0.06007233920198349,False
2010,699.8927016406719,36115.232210816874,36386.232210816874,31544.232210816877,31603.232210816877,0.003246675185430649,107.08217196302657,-0.0024351340689977314,-80.31584012456477,-0.04059367469552505,0.05998801752397584,False
2011,700.1727338346412,36057.23701711258,36357.23701711258,31493.23701711258,31581.23701711258,0.0035984267425376295,118.68367768045049,-0.0023865913752211094,-78.71480004951727,-0.03979745725442866,0.05996843868600499,False
2012,700.4527663805891,36028.241816764625,36321.241816764625,31462.24181676462,31548.24181676462,0.0035176195453134004,116.0184864633416,-0.002332123212587507,-76.9183255565298,-0.03885611404277593,0.06001946592034701,False
2013,700.7327992541439,35991.246609789414,36272.246609789414,31424.246609789414,31499.246609789414,0.0033775661563242745,111.39923130931886,-0.002342273933943952,-77.25311768316976,-0.03897090015873388,0.06010315195193196,False
2014,701.0128324309346,35904.251396203355,36200.251396203355,31353.25139620336,31445.25139620336,0.0035657104285844055,117.60462487823095,-0.0022932240111441116,-75.63534812876667,-0.03821409269849805,0.06000990339446796,False
2015,701.2928658865898,35803.25617602287,36135.25617602287,31259.25617602287,31390.25617602287,0.0040086119923141055,132.2124494067898,-0.0021923916288909637,-72.30968421747494,-0.036515466854038406,0.0600400821288828,False
2016,701.5728995967379,35703.26094926437,36067.26094926437,31169.260949264368,31339.260949264368,0.004405277896144316,145.2953246868378,-0.0020430321828527943,-67.3834957411121,-0.034048893345459824,0.06000289531069937,False
2017,701.8529335370077,35605.26571594426,35970.26571594426,31088.26571594426,31254.26571594426,0.004429414824490907,146.09141131831467,-0.002116609979363065,-69.81024612683888,-0.0352909252897011,0.05997604092236007,False
2018,702.132967683028,35625.27047607897,35962.27047607897,31118.270476078967,31260.270476078967,0.004088932783526194,134.86159793121737,-0.0021116527120223576,-69.64674503001635,-0.035312777256185895,0.05979854534529566,False
2019,702.4130020104271,35604.275229684914,35947.275229684914,31091.275229684914,31261.275229684914,0.004163827266051592,137.33177538933063,-0.001795672497165158,-59.225053369547794,-0.03004733789125824,0.05976145053727299,False
2020,702.6930364948341,35613.279976778525,35973.279976778525,31093.27997677852,31283.27997677852,0.004368063826025926,144.06792643223446,-0.0017223197572705444,-56.805725824063074,-0.028798157075370326,0.059806596400002326,False
2021,702.9730711118773,35534.28471737622,35904.28471737622,31030.284717376217,31220.284717376217,0.004498701371541426,148.37662727686885,-0.0018476024805087372,-60.937813374425474,-0.030903794666609672,0.05978561857664032,False
2022,703.2531058371853,35450.28945149443,35834.28945149443,30955.289451494427,31163.289451494427,0.00467901183569369,154.32364538811385,-0.0017705876109499184,-58.39770109500333,-0.029623245581258444,0.05977021005659505,False
2023,703.533140646387,35398.29417914958,35793.29417914958,30900.29417914958,31129.29417914958,0.0048193356738333625,158.9518205235921,-0.001612676051603546,-53.18944594562504,-0.026956080706573758,0.05982605814094717,False
2024,703.8131755151109,35329.29890035811,35733.29890035811,30839.298900358113,31065.298900358113,0.004938093073732607,162.86868919433533,-0.0017670527162494338,-58.281112837610934,-0.029493127914512904,0.05991404917685611,False
2025,704.0932104189857,35262.30361513646,35666.30361513646,30786.303615136454,31017.303615136454,0.004947421780883851,163.1763695646554,-0.001700928671965272,-56.100202867712554,-0.028441912611436762,0.059803596727222644,False
2026,704.3732453336398,35275.30832350105,35662.30832350105,30799.30832350105,31011.30832350105,0.004738632051146975,156.2900454124497,-0.0017595065807494044,-58.03222542722368,-0.029418460213001145,0.0598096082531135,False
2027,704.6532802347023,35298.313025468335,35664.313025468335,30822.31302546833,31022.31302546833,0.004479912841054347,147.7569420488613,-0.0016709638757458466,-55.11190090390524,-0.027978000998354246,0.05972420530845424,False
2028,704.9333150978015,35251.317721054744,35641.317721054744,30780.317721054744,31001.317721054744,0.004778396389780183,157.60155688320754,-0.0016713407350794178,-55.124330516865726,-0.027977882645823172,0.05973792785670051,False
2029,705.2133498985661,35189.322410276734,35604.322410276734,30718.32241027673,30965.32241027673,0.005091820742042079,167.93895082298866,-0.0016137088149721936,-53.223508652339504,-0.026975955892954203,0.05982026443754955,False
2030,705.4933846126249,35182.327093150736,35623.327093150736,30704.32709315074,30991.32709315074,0.005409916631780448,178.43042188808008,-0.0013693268351592123,-45.163277279509,-0.02289475078778799,0.05980964142617391,False
2031,705.7734192156064,35100.33176969321,35562.33176969321,30642.331769693214,30926.331769693214,0.005679007827569339,187.30561514132216,-0.0016724076981920943,-55.1595212030245,-0.02795470973683236,0.05982561485832835,False
2032,706.0534536831393,35077.33643992061,35532.33643992061,30623.336439920608,30906.336439920608,0.005597157339701237,184.60601400583403,-0.0016021351233986769,-52.84178397692892,-0.026802686140744585,0.05977517010741555,False
2033,706.3334879908522,35026.34110384937,35529.34110384937,30576.341103849376,30914.341103849376,0.006192380784590106,204.23773434793546,-0.001417900878087893,-46.7653513154857,-0.023743191784419224,0.05971820852739558,False
2034,706.6135221143738,34997.34576149596,35537.34576149596,30556.345761495966,30925.345761495966,0.0066498795742394355,219.32700606995647,-0.0014367312663267325,-47.386417100129194,-0.024085191861329135,0.05965205818574064,False
2035,706.8935560293327,34999.35041287684,35547.35041287684,30550.35041287684,30933.35041287684,0.006747251404729204,222.53853371018673,-0.0013364860839927125,-44.08012027643494,-0.022382191018654716,0.05971203100173712,False
2036,707.1735897113575,34988.355058008456,35487.355058008456,30538.355058008456,30876.355058008456,0.006150106687800505,202.84344577779467,-0.0013697204675720874,-45.17626010388108,-0.022919303070977764,0.059762745111850105,False
2037,707.453623136077,34999.359696907275,35448.359696907275,30547.35969690727,30850.35969690727,0.005536044729555553,182.59039166760445,-0.0012494914954980663,-41.2108558896432,-0.020925591930879436,0.05971116609868604,False
2038,707.7336562791197,35012.36432958976,35481.36432958976,30570.364329589756,30874.364329589756,0.005778871999445937,190.5993454392659,-0.0014814618671014886,-48.86172633514789,-0.02483109698648216,0.05966155534360741,False
2039,708.0136891161144,35001.36895607237,35469.36895607237,30548.36895607237,30863.36895607237,0.005768431313422395,190.25498966841394,-0.0013131279390921,-43.30971955996998,-0.021975724607191792,0.05975356729135406,False
2040,708.2937216226894,35171.37357637158,35618.37357637158,30684.373576371578,30990.373576371578,0.00548475510735471,180.89875211922111,-0.001175205151146312,-38.76073610677247,-0.019632669890914983,0.05985967052245594,False
2041,708.5737537744739,35223.378190503856,35671.378190503856,30726.378190503856,31042.378190503856,0.005488883175641857,181.03490448832258,-0.0010452692324207898,-34.47517638845568,-0.017467072272623736,0.05984226870458695,False
2042,708.853785547096,35317.38279848567,35768.38279848567,30804.382798485673,31124.382798485673,0.0055107921471827,181.75750842129298,-0.0010225557106632623,-33.72603669821504,-0.017074673123358388,0.05988727885305119,False
2043,709.1338169161846,35486.38740033349,35928.38740033349,30947.387400333497,31260.387400333497,0.005375935516204685,177.30965326980004,-0.0010055711878507656,-33.16585143524847,-0.016776132781730523,0.05994058350240579,False
2044,709.4138478573684,35681.39199606381,36108.39199606381,31114.39199606381,31424.39199606381,0.005166359901612081,170.39740898316205,-0.0008607951467028106,-28.390833286250825,-0.014367929975829547,0.059910867337945234,False
2045,709.693878346276,35487.39658569308,35888.39658569308,30943.39658569308,31234.39658569308,0.0048799154960007035,160.94987039440238,-0.0008147787157110498,-26.873114667925023,-0.013599240448048538,0.05991354582071301,False
2046,709.9739083585359,34155.4011692378,34523.4011692378,29787.401169237797,30038.401169237797,0.004654184215966766,153.5047783031152,-0.0010099855491165033,-33.311446348557254,-0.0168522565852653,0.059931769018968045,False
2047,710.253937869777,32798.40574671444,33159.40574671444,28591.405746714438,28847.405746714438,0.004754004717322811,156.79706825549786,-0.0008827503983345054,-29.11496363389594,-0.014698151283505349,0.06005860065715551,False
2048,710.5339668556278,31832.410318139486,32203.410318139486,27746.410318139486,28010.410318139486,0.005032341398461642,165.97719704912498,-0.0009196750475345006,-30.332816178262476,-0.015296672136982293,0.06012255733134468,False
2049,710.8139952917168,30651.41488352942,30998.41488352942,26709.41488352942,26956.41488352942,0.004888960026353568,161.24817801658665,-0.0008912022366105842,-29.393723025578907,-0.014796219343637614,0.06023175352518695,False
2050,711.0940231536729,29643.419442900737,29958.419442900737,25830.419442900737,26051.419442900737,0.004590597810486624,151.4075649949622,-0.0008906649215437695,-29.37600124526618,-0.014784740899773349,0.060242173169055904,False
2051,711.3740504171246,28418.423996269914,28708.423996269914,24756.423996269914,24964.423996269914,0.004409362184965128,145.43003311711732,-0.0007757242706250907,-25.58501697851584,-0.012864428660602284,0.060299939553535756,False
2052,711.6540770577005,27031.428543653452,27307.428543653452,23544.428543653452,23752.428543653452,0.004411808206291239,145.51070804186597,-0.0005919419334939869,-19.523489198726793,-0.00982039174764626,0.06027681468367724,False
2053,711.9341030510295,25716.433085067838,25968.433085067838,22406.433085067838,22602.433085067838,0.004235014417137251,139.67967726393758,-0.0004525482602308344,-14.925992856035833,-0.007534399261242475,0.06006427912027136,False
2054,712.21412837274,24948.43762052957,25174.43762052957,21740.43762052957,21918.43762052957,0.003916424091449023,129.1718986619404,-0.0003751122419929716,-12.371990207945558,-0.006255767247433872,0.059962627629223796,False
2055,712.4941529984609,25459.44215005514,25670.44215005514,22185.44215005514,22345.44215005514,0.0035844656067516205,118.22321007662448,-0.0004636016392353215,-15.29055652924913,-0.00772507226764544,0.060012595762631585,False
2056,712.7741769038204,25023.446673661045,25224.446673661045,21806.446673661045,21951.446673661045,0.003474520050675865,114.59697453723128,-0.0005962768103625888,-19.66646254954584,-0.009927958833498458,0.060060362896616704,False
2057,713.0542000644475,24544.45119136379,24713.45119136379,21375.45119136379,21505.45119136379,0.0029800723083733198,98.28904869187191,-0.00034680423428887393,-11.438332611859664,-0.005759773381645517,0.060211437379467686,False
2058,713.3342224559708,23893.455703179872,24060.455703179872,20806.455703179872,20937.455703179872,0.003024882415353896,99.76698020867661,-0.00029908303639652155,-9.864387197818317,-0.00496564905584678,0.060230401511030596,False
2059,713.6142440540189,23127.460209125795,23309.460209125795,20141.460209125795,20281.460209125795,0.0034042740006970202,112.28011215527414,-0.00039600691148513126,-13.061140327338649,-0.006574366337400331,0.06023499317832695,False
2060,713.8942648342203,23221.464709218064,23418.464709218064,20222.464709218064,20379.464709218064,0.003668810086373596,121.00506830240026,-0.00031012371486626106,-10.228531980699728,-0.0051506510539127805,0.06021058534545264,False
2061,714.1742847722039,22164.469203473185,22367.469203473185,19302.469203473185,19465.469203473185,0.003959512819777493,130.5930554925475,-0.000307504453986042,-10.142143251315801,-0.005108198512299882,0.06019821924414469,False
2062,714.4543038435983,21186.47369190767,21352.47369190767,18453.47369190767,18584.47369190767,0.003389517342408353,111.79340654716228,-0.00031738087766732415,-10.467888464069048,-0.005277434258208215,0.06013923852745078,False
2063,714.734322024032,20322.478174538028,20465.478174538028,17707.478174538028,17812.478174538028,0.0030452305496926,100.43810444991936,-0.00047760051212665435,-15.752268782130187,-0.007952221866971301,0.060058750889523935,False
2064,715.0143392891338,19996.482651380764,20137.482651380764,17419.482651380764,17531.482651380764,0.003051568586745391,100.64714623415472,-0.0002681748780503745,-8.844971168172108,-0.004465677884220626,0.06005244556441577,False
2065,715.2943556145322,19681.487122452403,19844.487122452403,17151.487122452403,17268.487122452403,0.003581968728102208,118.14085777045385,-0.0006294592505278478,-20.76088917401208,-0.010478612541455861,0.060070858430689995,False
2066,715.5743709758559,19218.49158776945,19398.49158776945,16744.49158776945,16874.49158776945,0.0040486628660077375,133.5334114061227,-0.0006899316542354904,-22.75539615823338,-0.011462125141145953,0.06019229817678581,False
2067,715.8543853487336,18653.496047348428,18839.496047348428,16243.496047348426,16392.496047348428,0.004309041866621158,142.12125814988278,-0.0003434613367918702,-11.328076825806534,-0.005700370067582006,0.06025246303659024,False
2068,716.1343987087938,17902.50050120585,18100.50050120585,15585.50050120585,15754.50050120585,0.004776889257159798,157.55184848147047,-9.300434809927406e-05,-3.0674788907639368,-0.0015439111490731198,0.06023944328344854,False
2069,716.4144110316654,17216.50494935824,17404.50494935824,14989.504949358241,15145.504949358241,0.004716683041495861,155.56612093844444,-0.00022021566964260109,-7.263175667046028,-0.003653951763524825,0.06026780972887491,False
2070,716.6944222929768,16536.50939182212,16714.50939182212,14397.509391822123,14541.509391822123,0.004649791739072591,153.35990518238034,-0.00032767411458703866,-10.80738105354618,-0.005432235397606045,0.06032030841878516,False
2071,716.9744324683568,15664.513828614015,15852.513828614015,13632.513828614015,13793.513828614015,0.005181220252564086,170.88753459326756,-8.225253761944169e-05,-2.7128615813755914,-0.0013622006830047125,0.060382099822480516,False
2072,717.254441533434,15673.518259750444,15894.518259750444,13641.518259750444,13824.518259750444,0.00608087541223335,200.56005278893974,-0.00029357761924647154,-9.682806968100437,-0.004856490157801694,0.06045057432575142,False
2073,717.5344494638371,16934.52268524794,17195.52268524794,14731.522685247937,14951.522685247937,0.006642421257251246,219.0810150986798,-0.0002046360243169766,-6.749326216578112,-0.0033752926329251275,0.06062763931067898,False
2074,717.8144562351945,19622.527105123023,19932.527105123023,17075.527105123023,17335.527105123023,0.0068074256800771445,224.5232077944542,-0.0002444931157478958,-8.06389686956615,-0.004041003775969171,0.060503065402174226,False
2075,718.0944618231351,23272.531519392225,23623.531519392225,20246.531519392225,20546.531519392225,0.0065011943378098045,214.42305444363785,-0.00011330954634909685,-3.7371870095459485,-0.0018713493811171936,0.06054964802000318,False
2076,718.3744662032875,27891.535928072084,28308.535928072084,24264.535928072084,24626.535928072084,0.006444978328169065,212.56893228246872,-1.364149977842611e-05,-0.4499253364371043,-0.0002254522744459967,0.060507261733984866,False
2077,718.6544693512803,32437.540331179123,32915.54033117912,28215.540331179123,28633.540331179123,0.006353073556097927,209.5377197203661,3.360369222795822e-05,1.1083204029446279,0.0005550408059375489,0.06054274184615388,False
2078,718.9344712427421,34103.54472872988,34588.54472872988,29671.544728729885,30098.544728729885,0.006132767995441674,202.27157925874343,7.257318452807537e-05,2.393616170910235,0.0012010838586957605,0.06042307870732817,False
2079,719.2144718533017,34478.5491207409,34949.5491207409,29993.549120740896,30417.549120740896,0.005892595195917007,194.35017549930618,0.00020376422797411652,6.720572540718621,0.003372505566993776,0.060419241399725925,False
2080,719.4944711585877,34463.5535072287,34944.5535072287,29974.553507228702,30422.553507228702,0.0060194406379002925,198.53380479863773,0.00042350028946426966,13.967929722784731,0.007012107064966409,0.060395582317923205,False
2081,719.7744691342285,34372.557888209834,34878.557888209834,29903.557888209834,30361.557888209834,0.006346667956566943,209.32644958358705,0.0002545207959391725,8.394630839952526,0.00421659224377475,0.06036172843483724,False
2082,720.054465755853,34220.562263700835,34741.562263700835,29768.562263700835,30237.562263700835,0.006562202994450002,216.4352481767514,0.00022671268065390868,7.477460746588491,0.0037525318354223714,0.060415924660207634,False
2083,720.3344609990899,34012.56663371825,34511.56663371825,29586.566633718245,30045.566633718245,0.006325268688651726,208.62065674756107,0.0003605596788480341,11.892016086671617,0.005973036281258394,0.06036455528980508,False
2084,720.6144548395675,33882.57099827861,34371.57099827861,29468.57099827861,29929.57099827861,0.006223025566045245,205.24846365411128,0.000518389889653941,17.09758819019484,0.008588574067305411,0.060358085706837386,False
2085,720.8944472529149,33735.57535739847,34258.57535739847,29334.57535739847,29819.57535739847,0.006681177461881871,220.3592761909856,0.0004404713524606219,14.527671052723065,0.007281952958190182,0.06048807991339926,False
2086,721.1744382147605,33613.579711094375,34170.579711094375,29221.57971109437,29744.57971109437,0.007137581210151305,235.4124311465759,0.0005665654613836862,18.68651980846431,0.009360418342803696,0.060527792736877264,False
2087,721.4544277007328,33491.58405938286,34063.58405938286,29122.58405938286,29645.58405938286,0.0073546521271417925,242.57188626104372,0.000375451359076232,12.38317500215851,0.0062039560621033555,0.06051805578857389,False
2088,721.7344156864607,33428.58840228049,33983.58840228049,29071.58840228049,29584.58840228049,0.007151197156025536,235.8615136615397,0.00044557311195851136,14.695937804604682,0.0073738042876001254,0.06042649012366551,False
2089,722.0144021475728,33356.592739803804,33896.592739803804,29011.592739803804,29513.592739803804,0.006974362882944864,230.0291476386141,0.00047614496591395685,15.70426180855074,0.007886846017946252,0.060372037799458114,False
2090,722.2943870596977,33258.59707196935,33748.59707196935,28922.597071969354,29377.597071969354,0.006351798256785882,209.49565766843997,0.00042718436171906935,14.08943816948215,0.007066382738098357,0.06045304614140239,False
2091,722.574370398464,33226.60139879369,33667.60139879369,28888.60139879369,29305.60139879369,0.00572625528644582,188.86393564684454,0.0004978663609551855,16.42067907428745,0.008227771933545834,0.06051047172628973,False
2092,722.8543521395004,33222.60572029337,33622.60572029337,28880.605720293373,29263.605720293373,0.005197675721395845,171.43027054390464,0.0005238634735732521,17.278118493051068,0.008649541328400026,0.06056546280126916,False
2093,723.1343322584355,33159.61003648495,33541.61003648495,28822.610036484948,29202.610036484948,0.004974490893130264,164.06916578445106,0.0007138722793171787,23.545008295414107,0.011795803705203186,0.06051917250897335,False
2094,723.414310730898,33089.61434738498,33494.61434738498,28760.614347384977,29152.614347384977,0.0052832761690240855,174.25355323450847,0.0005960726695306865,19.65972955581597,0.009836911410200174,0.06059551059010268,False
2095,723.6942875325166,33032.61865301002,33423.61865301002,28706.618653010017,29084.618653010017,0.005110463930636966,168.5538423698904,0.0005708698819826101,18.828488647491866,0.009408568735845542,0.06067552866013115,False
2096,723.9742626389199,32993.62295337662,33367.62295337662,28671.622953376624,29045.622953376624,0.004895262399907899,161.45604354367987,0.0007331561806803114,24.181031896158544,0.012096060790964114,0.060611152122184014,False
2097,724.2542360257363,32896.627248501354,33260.627248501354,28606.627248501354,28951.627248501354,0.004779061278558325,157.62348631267338,0.00042726028022505805,14.091942121386495,0.007065530052547078,0.0604710866767927,False
2098,724.5342076685947,32940.631538400776,33280.631538400776,28650.631538400776,28967.631538400776,0.0044596377205602345,147.08822595768459,0.0003191505488290766,10.52625593874319,0.005280614435634709,0.060438146492078806,False
2099,724.8141775431238,32932.63582309145,33218.63582309145,28639.63582309145,28918.63582309145,0.0037553018299391677,123.85774780647638,0.00045500907710263865,15.007155768980894,0.0075293366589959535,0.06043149585548147,False
2100,725.0941456249523,32874.64010258993,33157.64010258993,28588.640102589932,28857.640102589932,0.0037226062922763683,122.77938024998578,0.00034470908843862525,11.369230297827542,0.005698127197363017,0.060495155074486565,False
2101,725.3741118897084,32827.64437691279,33116.64437691279,28538.64437691279,28820.64437691279,0.003806604368061354,125.54981334909426,0.0004637425386778528,15.295203689027304,0.007655737467901763,0.06057450906881118,False
2102,725.6540763130213,32745.648646076592,33066.64864607659,28460.648646076592,28775.648646076592,0.004236583129786845,139.7314167044761,0.0005437450703658087,17.933855345383535,0.008967226067166156,0.060636931230801924,False
2103,725.9340388705192,32700.652910097902,33062.6529100979,28411.652910097902,28774.652910097902,0.004781273946344685,157.6964647471836,0.0007323192855018326,24.15342933406083,0.012065807736797496,0.06069376385539893,False
2104,726.213999537831,32647.657168993286,33059.65716899329,28363.657168993286,28772.657168993286,0.0054463243040178844,179.6312234455619,0.0007714193219280283,25.443030721701717,0.012707865245647295,0.06070408420424943,False
2105,726.4939582905853,32607.661422779318,33021.66142277932,28324.661422779318,28737.661422779318,0.005479267274396425,180.71775185310875,0.000807429240091047,26.630713513750123,0.013290751349179609,0.060751211039764635,False
2106,726.7739151044107,32557.66567147256,32959.66567147256,28278.66567147256,28686.66567147256,0.005329538585517745,175.77938497173602,0.0008916199468932658,29.407499988707656,0.014677225313352887,0.06074853576595962,False
2107,727.0538699549359,32482.669915089595,32885.669915089595,28223.669915089595,28624.669915089595,0.005354974414476465,176.61831207562446,0.00077202863509026,25.463127150537616,0.012728777794155067,0.06065222031330991,False
2108,727.3338228177894,32439.674153646978,32804.67415364698,28183.674153646978,28551.674153646978,0.00485924509126262,160.268116997992,0.0007747243990289246,25.55203911159461,0.012764954679458212,0.0606915119154819,False
2109,727.6137736686001,32395.678387161297,32760.678387161297,28143.678387161297,28509.678387161297,0.004865807480341002,160.48455838360792,0.0007456514276488867,24.5931514055612,0.012277453643667238,0.060733393852681894,False
2110,727.8937224829964,32440.682615649115,32835.682615649115,28173.682615649115,28571.682615649115,0.00525606515083186,173.35607665834078,0.0008361341861031343,27.57746296957788,0.013745809079095206,0.06082829910497865,False
2111,728.173669236607,32369.686839127015,32798.68683912701,28100.686839127015,28541.686839127015,0.005717958377187213,188.5902861398108,0.001044743257249841,34.45782862174457,0.017155289555342002,0.0608991911141784,False
2112,728.4536139050607,32315.691057611566,32773.69105761156,28053.691057611566,28506.691057611566,0.006111907936613922,201.58357067181234,0.0008448911415991208,27.866285768514388,0.013850449212525968,0.061000991999235976,False
2113,728.7335564639859,32234.695271119348,32718.695271119348,27989.695271119348,28454.695271119348,0.0064724079228824895,213.47361797174239,0.000683360822304472,22.53867630959101,0.011205627355040281,0.06098371832765765,False
2114,729.0134968890115,32163.69947966694,32702.69947966694,27918.69947966694,28438.69947966694,0.007217607798660638,238.05187624746736,0.0007969402041197388,26.284763059991747,0.013049118195451875,0.061072341608301425,False
2115,729.2934351557661,32086.70368327092,32666.70368327092,27849.70368327092,28410.70368327092,0.007780209455479073,256.60766144965237,0.0008812024075625247,29.063907644437506,0.014430818618938607,0.06106392373375542,False
2116,729.5733712398782,32018.707881947867,32611.707881947867,27784.707881947867,28366.707881947867,0.007969741553090671,262.85882841579473,0.0010333596832620643,34.082374423929195,0.01691777849847032,0.061081286964213374,False
2117,729.8533051169765,31945.71207571436,32564.71207571436,27717.71207571436,28317.71207571436,0.00833466958849133,274.8949220836371,0.0009661129867145606,31.864437022627385,0.01579335015436342,0.061172137467467025,False
2118,730.1332367626896,31900.716264586983,32501.716264586983,27675.716264586983,28264.716264586983,0.008105860306863522,267.3483110299799,0.0010399003401410506,34.298099035929056,0.016996941738991553,0.06118161467574395,False
2119,730.4131661526463,31843.72044858232,32413.72044858232,27635.72044858232,28194.72044858232,0.007705079581938869,254.1297203010907,0.000991922429921261,32.715686709732466,0.016245829449947288,0.0610570505481011,False
2120,730.6930932624751,31817.72462771695,32366.72462771695,27615.72462771695,28165.72462771695,0.007429634068507557,245.0449482955464,0.0011348514094322816,37.42978488351352,0.018620834526929194,0.06094524967670354,False
2121,730.9730180678048,31741.72880200746,32245.72880200746,27555.72880200746,28053.72880200746,0.006841620335274928,225.65101939831806,0.0009370721124154196,30.906607945788267,0.015374404886409322,0.06095013884041608,False
2122,731.2529405442638,31693.732971470432,32137.732971470432,27504.732971470432,27946.732971470432,0.006041843378573778,199.2726942754805,0.0008817689478740082,29.08259333474939,0.014425649662636436,0.06112507710192484,False
2123,731.532860667481,31633.737136122454,32025.737136122454,27437.737136122454,27850.737136122454,0.005348633197740904,176.40916541876786,0.0011397700232441436,37.59201110570689,0.018613861483779776,0.061232325395638394,False
2124,731.8127784130849,31512.741295980115,31924.741295980115,27332.741295980115,27764.741295980115,0.0056412024884955475,186.05871559375214,0.001169237919831141,38.56392427517878,0.019099460441148693,0.0612183743846546,False
2125,732.0926937567042,31475.745451059996,31911.745451059996,27295.745451059996,27746.745451059996,0.005974534649525452,197.05271091191236,0.0011425558584639865,37.683893806942535,0.0186357825256912,0.06130978706629918,False
2126,732.3726066739674,31383.749601378688,31851.749601378688,27217.749601378688,27690.749601378688,0.0064284628447819295,212.02421692564775,0.0010540352879795777,34.76429932659127,0.017187525610871574,0.06132559810196715,False
2127,732.6525171405034,31306.753746952785,31781.753746952785,27153.753746952785,27633.753746952785,0.006539821125754715,215.69704710162145,0.001070186875510793,35.29701263319336,0.017465860610678223,0.061273068608855466,False
2128,732.9324251319407,31221.75788779887,31711.75788779887,27068.75788779887,27573.75788779887,0.006762965451810733,223.0568160130701,0.0012646648559768775,41.711305211873025,0.020611685924089688,0.061356691569747525,False
2129,733.212330623908,31057.762023933534,31558.762023933534,26914.762023933534,27438.762023933534,0.006949800613067908,229.21903234941936,0.0014241682545674018,46.97206256548924,0.023169440262925136,0.06146752957369894,False
2130,733.4922335920337,31014.766155373374,31504.766155373374,26876.766155373374,27389.766155373374,0.0068077493785291595,224.5338840497995,0.0014035623367084412,46.29243608190052,0.022825968331496006,0.06148971716445259,False
2131,733.7721340119468,30941.770282134974,31444.770282134974,26806.770282134974,27332.770282134974,0.007003268850520161,230.98252720813366,0.0014358897839029626,47.35866324103961,0.02331643984099242,0.06158271990471452,False
2132,734.0520318592758,30934.774404234933,31423.774404234933,26819.774404234933,27315.774404234933,0.006811395035939026,224.65412549416493,0.0011470018270897785,37.830531197423,0.01867523575272389,0.06141833186349371,False
2133,734.3319271096493,30867.77852168984,31327.77852168984,26758.77852168984,27226.77852168984,0.006424224299781764,211.8844208023344,0.0011057492853161887,36.46993565896739,0.01798369389843994,0.06148621587760182,False
2134,734.611819738696,30816.78263451629,31283.78263451629,26710.78263451629,27184.78263451629,0.006531964579096101,215.4379216787555,0.001107287042647078,36.5206541280285,0.01799090698060785,0.06154703839226157,False
2135,734.8917097220445,30766.78674273088,31233.78674273088,26661.78674273088,27146.78674273088,0.006542499440898692,215.7853835647532,0.001286681465902574,42.437459285026364,0.020904806973111766,0.061549550185157544,False
2136,735.1715970353235,30710.790846350203,31196.790846350203,26600.790846350203,27107.790846350203,0.006818920996211659,224.90234748314538,0.001380656652779047,45.53695847931647,0.022374710561598864,0.06170612348159856,False
2137,735.4514816541617,30664.794945390855,31146.794945390855,26557.794945390855,27056.794945390855,0.006773298784812527,223.39763105561417,0.0013110381356261592,43.24079344900173,0.02121677301148829,0.06179253248909571,False
2138,735.7313635541876,30593.79903986943,31050.79903986943,26488.79903986943,26969.79903986943,0.0064393708617894755,212.38398625465828,0.001376071022936372,45.38571476834238,0.022236618696671498,0.06188310559745084,False
2139,736.0112427110299,30589.80312980253,31033.80312980253,26488.80312980253,26954.80312980253,0.006258318799491593,206.41250867776887,0.0013155098369068696,43.388279556530165,0.021267092250510152,0.06185659146117229,False
2140,736.2911191003174,30555.807215206747,30989.807215206747,26464.807215206747,26921.807215206747,0.006125113257144832,202.01910989983966,0.0013103620351202477,43.218494233187585,0.021213620058198386,0.061769845576820095,False
2141,736.5709926976783,30532.811296098687,30946.811296098687,26447.811296098687,26876.811296098687,0.005849113111043636,192.9160449430326,0.0011388914318183922,37.56303331373081,0.018426394832301154,0.061807610342850955,False
2142,736.8508634787418,30505.81537249494,30920.81537249494,26426.81537249494,26860.81537249494,0.005868300118251512,193.54887277087002,0.0012060610501218004,39.778428512527796,0.01953616941040626,0.061734776392723754,False
2143,737.1307314191362,30475.81944441211,30850.81944441211,26384.81944441211,26803.81944441211,0.0053113121323739,175.1782382359666,0.0015312450758258062,50.50368120067026,0.024763146409228137,0.06183564279437359,False
2144,737.4105964944902,30437.823511866798,30816.823511866798,26341.823511866798,26759.823511866798,0.005374276633368739,177.25493982698245,0.0014631324969332895,48.25718517958887,0.023585143377123058,0.06203619259539833,False
2145,737.6904586804325,30442.827574875602,30813.827574875602,26337.827574875602,26753.827574875602,0.0052606601679445015,173.50762998120993,0.0015453134430862513,50.96768552391839,0.024871305718863177,0.062132381007814846,False
2146,737.9703179525917,30408.831633455124,30754.831633455124,26309.831633455124,26698.831633455124,0.004913619807432904,162.06150943019946,0.001460567948587681,48.1726009845994,0.023500168798959564,0.06215138117017889,False
2147,738.2501742865966,30331.835687621962,30655.835687621962,26240.835687621962,26622.835687621962,0.004614464948750486,152.19475338242543,0.0016621849876357134,54.822354721252935,0.02677060048897999,0.06208994035527687,False
2148,738.5300276580756,30304.83973739272,30608.83973739272,26214.83973739272,26578.83973739272,0.004334875836210774,142.97331676864968,0.0016539356287845102,54.55027352660392,0.026617214986835117,0.06213781680775195,False
2149,738.8098780426574,30214.843782784,30533.843782784,26132.843782784,26519.843782784,0.004561126130940528,150.43552705554765,0.0018231630274893173,60.13174884334711,0.029348058850515026,0.062122099344819964,False
2150,739.0897254159709,30174.847823812404,30517.847823812404,26086.847823812404,26502.847823812404,0.004908814532683168,161.90302136850792,0.0019621236104612125,64.71496095789846,0.03152389556155032,0.06224242199477444,False
2151,739.3695697536444,30055.85186049454,30427.85186049454,25967.85186049454,26419.85186049454,0.005342251697168698,176.19869011630405,0.0021521014854117195,70.9808305976795,0.03447943131506197,0.06241696580626599,False
2152,739.6494110313067,29968.855892847,30417.855892847,25900.855892847,26405.855892847,0.006458434653623751,213.01275018048187,0.0019276986196040107,63.57955239983306,0.030896468870413495,0.062392198528873885,False
2153,739.9292492245864,29858.8599208864,30356.8599208864,25800.8599208864,26342.8599208864,0.0071836252631936595,236.93106079819046,0.0018451163663887283,60.855816105061024,0.029514078504211613,0.0625164822993011,False
2154,740.2090843091123,29804.86394462934,30308.86394462934,25752.86394462934,26294.86394462934,0.00728251450980904,240.19263601177553,0.0017628800876852745,58.14349077691011,0.028169947156195144,0.06258017020445782,False
2155,740.488916260513,29751.86796409242,30229.86796409242,25704.86796409242,26233.86796409242,0.006922012302472699,228.3025154563617,0.001924938685587167,63.488523974715434,0.030781096368914417,0.06253639124859592,False
2156,740.768745054417,29672.87197929225,30166.87197929225,25641.87197929225,26179.87197929225,0.007170697393741729,236.5046724899361,0.0018470935289122796,60.921027080983635,0.02955997197766008,0.0624863085224918,False
2157,741.0485706664529,29534.875990245433,30046.875990245433,25516.875990245433,26077.875990245433,0.007464172866680368,246.18411045809782,0.001980539907753603,65.32236915272969,0.03167982962914096,0.06251737875293958,False
2158,741.3283930722497,29480.879996968575,30018.879996968575,25463.879996968575,26043.879996968575,0.007854041739130534,259.0428053562147,0.001927064902562784,63.55865107977212,0.030758071628827204,0.06265233158364494,False
2159,741.6082122474356,29349.883999478283,29892.883999478283,25335.883999478283,25926.883999478283,0.007961427723273545,262.5846208331749,0.002052834921000982,67.70681065010064,0.032665614388694975,0.06284390970192295,False
2160,741.8880281676396,29323.88799779116,29856.88799779116,25316.88799779116,25897.88799779116,0.00782298690592859,258.01855168152116,0.002031041125760122,66.98800547359843,0.032343628039422576,0.06279571120730652,False
2161,742.1678408084902,29254.891991923814,29779.891991923814,25264.891991923814,25831.891991923814,0.007724619236219795,254.77417917064366,0.0019141509505587522,63.13272179820325,0.030517053020462342,0.06272397761590127,False
2162,742.4476501456159,29219.895981892856,29739.895981892856,25233.895981892856,25796.895981892856,0.0076607796195814265,252.66861442625526,0.0019223643960008105,63.403618493130466,0.030643505600139728,0.0627331748881905,False
2163,742.7274561546457,29158.899967714886,29655.899967714886,25181.899967714886,25727.899967714886,0.007339972100473884,242.08770812486034,0.001975871984677988,65.168411237957,0.031515771000876526,0.06269470560066687,False
2164,743.0072588112077,29126.903949406515,29602.903949406515,25147.903949406515,25682.903949406515,0.007039992382220047,232.1937464746077,0.0021023422632185963,69.33966685837439,0.03350807627846417,0.06274135959782876,False
2165,743.2870580909313,29037.907926984346,29512.907926984346,25077.907926984346,25593.907926984346,0.007046679083557963,232.4142879398412,0.0017986206318032771,59.32228904674338,0.028651994280593753,0.06277470999711524,False
2166,743.5668539694444,28921.911900464995,29442.911900464995,24980.911900464995,25536.911900464995,0.007753760591221102,255.7353223122455,0.0018063298613526218,59.576555641692494,0.028801947388438946,0.06271554617441179,False
2167,743.8466464223761,28789.91586986506,29347.91586986506,24863.91586986506,25451.91586986506,0.008336869654313026,274.967484878864,0.0018140817376451415,59.83222881587295,0.028903300138352198,0.06276382727791041,False
2168,744.126435425355,28727.919835201155,29270.919835201155,24810.919835201155,25387.919835201155,0.00813219007313926,268.21672206559475,0.00185206272477907,61.084921605669535,0.029521867536091265,0.06273528334597647,False
2169,744.4062209540097,28670.923796489886,29202.923796489886,24761.923796489886,25320.923796489886,0.007984648752338582,263.350499181172,0.0017105147296367293,56.41637119912707,0.027236608196387593,0.06280204632321273,False
2170,744.6860029839685,28570.927753747863,29088.927753747863,24670.927753747863,25218.927753747863,0.007803370023282596,257.3715456581582,0.0017377659796221,57.31517470439786,0.0276406326335293,0.06286997850816604,False
2171,744.9657814908605,28510.93170699169,29017.93170699169,24619.93170699169,25154.93170699169,0.007655044443953123,252.47945627898383,0.0016812542439341464,55.451298876590386,0.026735829152299675,0.06288393879078681,False
2172,745.2455564503144,28422.935656237983,28925.935656237983,24532.935656237983,25073.935656237983,0.007618483897696061,251.2736126150013,0.0018545033682751408,61.165419158279576,0.029440224870570703,0.06299216043451339,False
2173,745.5253278379585,28324.93960150334,28816.93960150334,24443.93960150334,24977.93960150334,0.007478863786031257,246.66864785786177,0.0019065453781542474,62.881874033773016,0.030241255603977734,0.0630445178309155,False
2174,745.8050956294215,28302.94354280438,28793.94354280438,24413.94354280438,24955.94354280438,0.0074695437199081656,246.36125248681319,0.0020665148132117247,68.15800224965452,0.03271851396870794,0.06316041172249279,False
2175,746.0848598003323,28230.9474801577,28743.9474801577,24341.9474801577,24898.9474801577,0.00782095659429146,257.951587736116,0.0020047114794364135,66.11959839425361,0.03163613378317772,0.06336777727569239,False
2176,746.3646203263193,28133.95141357992,28657.95141357992,24251.95141357992,24824.95141357992,0.008014408931926542,264.3320524583797,0.0021273087550680823,70.16311423787738,0.03354297853884309,0.0634203892359958,False
2177,746.6443771830111,27996.955343087648,28531.955343087648,24130.955343087648,24716.955343087648,0.008220731040239173,271.136989269198,0.0021997259422507093,72.55158528843617,0.034676070087986295,0.06343642565807409,False
2178,746.9241303460366,27937.959268697483,28474.959268697483,24078.959268697483,24661.959268697483,0.008268431677165749,272.71025653936994,0.00212143238047084,69.96929905181725,0.03341035616977788,0.06349625157213473,False
2179,747.2038797910244,27882.963190426042,28405.963190426042,24025.963190426042,24593.963190426042,0.008070594524751383,266.1851714090259,0.002077116804368402,68.5076782028525,0.03264902831843775,0.06361955964231256,False
2180,747.483625493603,27823.96710828993,28339.96710828993,23970.96710828993,24545.96710828993,0.00798029060043544,263.2067581707908,0.002314301334205831,76.33052254681246,0.03640192509592375,0.06357634460560395,False
2181,747.763367429401,27720.971022305755,28207.971022305755,23873.971022305755,24430.971022305755,0.007563409946805672,249.45715795196867,0.002452656248005865,80.89375841898965,0.03852897519036753,0.06365744834601891,False
2182,748.0431055740473,27683.97493249013,28122.97493249013,23841.97493249013,24354.97493249013,0.006832812428031319,225.36051610364697,0.002412647456868096,79.57418439080456,0.037887113309735716,0.06367989656916212,False
2183,748.3228399031702,27593.978838859664,28020.978838859664,23767.978838859664,24270.978838859664,0.006668975236882234,219.95682116203594,0.0024260642367258363,80.01669799190753,0.038140241315373274,0.06360904265563619,False
2184,748.6025703923987,27496.98274143096,27909.98274143096,23677.98274143096,24183.98274143096,0.00647452685624537,213.54350484794128,0.002708597712089633,89.33524588052381,0.04259736261991742,0.0635860425505114,False
2185,748.8822970173613,27390.98664022063,27817.98664022063,23583.98664022063,24094.98664022063,0.006718018124572318,221.5743586837318,0.0025914515511721416,85.47151925814191,0.0406854938378416,0.06369473015371958,False
2186,749.1620197536865,27299.99053524528,27748.99053524528,23489.99053524528,24023.99053524528,0.007084692320642351,233.66804440079187,0.002677613982292845,88.31333734558802,0.041876422957760805,0.06394084769354953,False
2187,749.4417385770032,27219.994426521524,27681.994426521524,23423.994426521524,23961.994426521524,0.007309344927011315,241.07755956729056,0.0025526618453566635,84.19215322634182,0.03991606112281565,0.06395074497712866,False
2188,749.72145346294,27186.998314065964,27670.998314065964,23395.998314065964,23946.998314065964,0.007663567627982873,252.76056880358806,0.002445934600136943,80.67206434370775,0.03821969191888656,0.06399671157287025,False
2189,750.0011643871252,27047.00219789521,27563.00219789521,23269.00219789521,23838.00219789521,0.008207383412862094,270.6967564622622,0.002284711439398804,75.3545856196099,0.03558794885893195,0.06419901996755234,False
2190,750.2808713251878,27010.00607802587,27511.00607802587,23225.00607802587,23787.00607802587,0.007981790921549109,263.25624191471894,0.00240215629853862,79.22816393721263,0.03731924212798233,0.06436776744556288,False
2191,750.5605742527564,26941.00995447455,27418.00995447455,23162.00995447455,23703.00995447455,0.007622057408764997,251.39147452139488,0.002405197569787137,79.32847145558762,0.037327484489201465,0.06443502964907644,False
2192,750.8402731454597,26904.013827257862,27351.013827257862,23140.013827257862,23651.013827257862,0.00715635156483316,236.03151689832256,0.002329796301116123,76.84157912515295,0.036239668635615827,0.06428856523335957,False
2193,751.1199679789262,26822.01769639241,27267.01769639241,23070.01769639241,23573.01769639241,0.007146195290907558,235.69654163628047,0.0022210592796134496,73.25520359625881,0.034524423144297,0.06433298741387777,False
2194,751.3996587287845,26743.0215618948,27197.0215618948,23000.0215618948,23519.0215618948,0.007310871089834799,241.1278956251264,0.0023801360182343096,78.50188880725764,0.037020624214864,0.06429216332010607,False
2195,751.6793453706633,26644.02542378164,27084.02542378164,22900.02542378164,23422.02542378164,0.007113373408249377,234.6140069562714,0.0026751101467873293,88.23075558768028,0.04152200768721083,0.06442631981909894,False
2196,751.9590278801915,26581.02928206954,27012.02928206954,22846.02928206954,23356.02928206954,0.006985417969792987,230.39376764010026,0.0026028639961148377,85.84792568073587,0.04037975216696081,0.06445963277220239,False
2197,752.2387062329973,26472.033136775102,26877.033136775102,22747.033136775102,23242.033136775102,0.006594028966845814,217.4849356429544,0.0027553267946731587,90.87646924630374,0.04272826507732291,0.0644848741152256,False
2198,752.5183804047095,26429.036987914933,26812.036987914933,22708.036987914933,23188.036987914933,0.0062484710945611595,206.08771066978397,0.0028359204073775523,93.53461599700461,0.0439788139199202,0.06448378559143048,False
2199,752.7980503709571,26353.040835505642,26737.040835505642,22634.040835505642,23116.040835505642,0.006282604363413174,207.21349762293335,0.0028687535415083806,94.61752177423159,0.04438440855720623,0.06463426312892956,False
2200,753.0777161073684,26247.044679563827,26636.044679563827,22539.044679563827,23023.044679563827,0.006389324173271469,210.73334127171884,0.002837927665778111,93.60081959821096,0.043845289350804076,0.06472594223456907,False
2201,753.357377589572,26098.048520106102,26510.048520106102,22405.048520106102,22912.048520106102,0.006802488392271433,224.36036566469187,0.0029155431748441665,96.1607422310957,0.044989913500146264,0.0648043738700384,False
2202,753.6370347931967,25994.052357149067,26413.052357149067,22320.052357149067,22830.052357149067,0.006944602886078947,229.04760038796337,0.0028670955808627807,94.56283874719009,0.04428272890036649,0.06474523255587016,False
2203,753.9166876938712,25831.05619070933,26267.05619070933,22174.05619070933,22698.05619070933,0.007269238988241517,239.7547814060017,0.002874284088877719,94.7999308514041,0.04431528644526025,0.06485987837240165,False
2204,754.1963362672238,25661.06002080349,26111.06002080349,22039.06002080349,22562.06002080349,0.007549910590856092,249.01192081778603,0.0026357719795568795,86.93330014557611,0.04069833052861747,0.06476363883534506,False
2205,754.4759804888837,25510.063847448153,25982.063847448153,21899.063847448153,22448.063847448153,0.007962100079630595,262.6067965590895,0.0027912390487192726,92.06093087049175,0.043014684294900074,0.06489037626274544,False
2206,754.7556203344789,25389.067670659922,25900.067670659922,21788.067670659922,22371.067670659922,0.008654145648505522,285.4319140654735,0.0028138504087834304,92.80670105334627,0.04327594994313457,0.06502111247658073,False
2207,755.0352557796386,25255.071490455404,25784.071490455404,21674.071490455404,22271.071490455404,0.009002894433349657,296.934382041993,0.0027977160553903802,92.27455616484616,0.043035666013859455,0.06500924267070451,False
2208,755.3148867999912,25086.0753068512,25622.0753068512,21531.0753068512,22127.0753068512,0.009181581647934242,302.8278619705072,0.002676712339463745,88.28359926987662,0.04116204968884038,0.06502864555331996,False
2209,755.5945133711654,24979.079119863905,25510.079119863905,21443.079119863905,22030.079119863905,0.009135381973799461,301.30409960815666,0.002593526892077624,85.53996836346664,0.03990501070228161,0.06499251212904289,False
2210,755.8741354687896,24863.08292951013,25375.08292951013,21333.08292951013,21910.08292951013,0.008852491722146779,291.97378448760725,0.0027379080182406146,90.30196138616867,0.0420360357686343,0.06513240290568831,False
2211,756.1537530684928,24730.08673580647,25217.08673580647,21215.08673580647,21766.08673580647,0.008469272662843613,279.33441440465026,0.00266627112264871,87.93922599240557,0.04086383790109837,0.06524769232644798,False
2212,756.4333661459035,24597.09053876953,25062.09053876953,21098.09053876953,21634.09053876953,0.008133554856693464,268.26173549591863,0.0027619363473985695,91.09446618813433,0.042322286795672986,0.06525961984835255,False
2213,756.7129746766504,24516.09433841591,24957.09433841591,21019.09433841591,21545.09433841591,0.007742736806815892,255.37173473112279,0.0029916638412057824,98.67136180950399,0.04578508320905079,0.06534145253260981,False
2214,756.992578636362,24422.098134762207,24872.098134762207,20941.098134762207,21468.098134762207,0.007929450555357093,261.5299466208958,0.0028646693049185663,94.48281506664011,0.04383500144131712,0.06535118537074903,False
2215,757.2721780006672,24326.101927825024,24796.101927825024,20851.101927825024,21391.101927825024,0.008310890781168995,274.1106470362926,0.0027932550629403037,92.12742325706154,0.042614612952178346,0.06554688332086611,False
2216,757.5517727451944,24231.105717620954,24721.105717620954,20768.105717620954,21320.105717620954,0.008694659450653569,286.76814441828526,0.00269780854530771,88.97939648177152,0.041107933699934575,0.06562744225969216,False
2217,757.8313628455722,24109.1095041666,24624.1095041666,20663.1095041666,21230.1095041666,0.009179364271594192,302.754728237999,0.0025771927302251814,85.00123337198852,0.03922853117703696,0.0656968959300159,False
2218,758.1109482774295,24053.11328747856,24592.11328747856,20621.11328747856,21208.11328747856,0.009624554044343725,317.43802270973197,0.0025653723980559404,84.61137397130477,0.03912029925504769,0.06557650240175325,False
2219,758.3905290163948,23972.11706757343,24523.11706757343,20547.11706757343,21145.11706757343,0.009869281458598613,325.5096472365423,0.0025899171164324095,85.42091037512108,0.03944404468731528,0.06566053600647337,False
2220,758.6701050380967,23935.1208444678,24486.1208444678,20512.1208444678,21115.1208444678,0.009884363997800457,326.007101082156,0.0026986408564765255,89.00684785359516,0.041090377564145956,0.0656757376410984,False
2221,758.949676318164,23874.124618178277,24407.124618178277,20456.124618178277,21036.124618178277,0.009589162114218373,316.2707224621454,0.002553212061959199,84.21030052642095,0.03878641086945916,0.06582748969870852,False
2222,759.2292428322253,23806.128388721452,24306.128388721452,20396.128388721452,20952.128388721452,0.009027016123968222,297.7299661011705,0.0026533934518853143,87.5144933424142,0.040316343620662595,0.06581433765053583,False
2223,759.5088045559091,23763.132156113916,24264.132156113916,20354.132156113916,20915.132156113916,0.009061079422674378,298.8534452918357,0.0027469436773811737,90.59997641712425,0.04169767542150243,0.06587762146483218,False
2224,759.7883614648441,23742.135920372264,24262.135920372264,20333.135920372264,20909.135920372264,0.009409244454921624,310.33665988069123,0.0027224775374766006,89.79303169647909,0.04127831407303956,0.06595418438503414,False
2225,760.0679135346592,23739.13968151309,24263.13968151309,20323.13968151309,20910.13968151309,0.009482022581018256,312.73703545530935,0.0028841092829383196,95.12398640358509,0.043677369760134706,0.06603211912203352,False
2226,760.3474607409827,23742.14343955299,24273.14343955299,20321.14343955299,20918.14343955299,0.009606097843534459,316.8292984130389,0.0029688974818440454,97.92047942401456,0.044923849798060425,0.06608733434889694,False
2227,760.6270030594433,23747.147194508554,24258.147194508554,20323.147194508554,20903.147194508554,0.00924618276561904,304.9585426200436,0.0029745333556928585,98.10636238987104,0.0449779034838462,0.06613321487430292,False
2228,760.9065404656699,23829.15094639637,24301.15094639637,20390.15094639637,20936.15094639637,0.008518274728591136,280.9506055328748,0.002958125278466728,97.56518951400233,0.04467855398449964,0.06620906485677652,False
2229,761.1860729352908,23887.15469523303,24320.15469523303,20429.15469523303,20948.15469523303,0.007801910970759879,257.32342303910417,0.0030934643532841127,102.02895667739034,0.046611278225019676,0.0663672928759895,False
2230,761.4656004439349,23919.158441035128,24328.158441035128,20456.158441035128,20953.158441035128,0.007363339958967069,242.8584292160258,0.0030620782252458005,100.9937762026284,0.04612204183471087,0.06639077767240822,False
2231,761.7451229672307,23992.162183819248,24407.162183819248,20517.162183819248,21021.162183819248,0.007447898480126056,245.64734698159668,0.003091532970581211,101.96525561617966,0.04655479295012249,0.0664063305768193,False
2232,762.024640480807,24049.16592360198,24464.16592360198,20558.16592360198,21067.16592360198,0.007430394887264888,245.0700416973658,0.00319135395757888,105.25756158604389,0.04797587439840393,0.0665199748331226,False
2233,762.3041529602923,24071.16966039991,24483.16966039991,20578.16966039991,21087.16966039991,0.0073704481862684555,243.09287349356086,0.003241100534231059,106.89830824882833,0.04876042430901991,0.06646990013233962,False
2234,762.5836603813153,24159.173394229627,24561.173394229627,20654.173394229627,21149.173394229627,0.007167040279897212,236.38405318827503,0.0031185389078854315,102.85596819359122,0.0468847585993454,0.06651498271613096,False
2235,762.8631627195047,24235.177125107715,24628.177125107715,20721.177125107715,21198.177125107715,0.006986070210406925,230.41527990652483,0.0028980233462972717,95.58290145982298,0.04352512871548022,0.06658276337886063,False
2236,763.142659950489,24335.180853050762,24727.180853050762,20802.180853050762,21279.180853050762,0.006940027090331489,228.89668102612032,0.0029060107992179363,95.84634444636973,0.043586214185442,0.06667270497166872,False
2237,763.4221520498969,24384.184578075347,24782.184578075347,20835.184578075347,21318.184578075347,0.007031350186148929,231.9087086827219,0.002921515723376706,96.3577294356947,0.04370247078323764,0.06685012702982623,False
2238,763.7016389933572,24472.188300198057,24881.188300198057,20912.188300198057,21406.188300198057,0.007198312326330395,237.41547101190608,0.002941548281941828,97.01844532460038,0.04403347252506356,0.06680255072473601,False
2239,763.9811207564984,24572.192019435475,24987.192019435475,20988.192019435475,21501.192019435475,0.007273553790634912,239.89709265843294,0.003213955071199707,106.00299381965988,0.0480685615775723,0.06686189404717419,False
2240,764.2605973149491,24666.19573580418,25081.19573580418,21068.19573580418,21573.19573580418,0.007246063992635152,238.99042133823164,0.0030410753435603944,100.30105701764543,0.045420170789416875,0.06695429124782111,False
2241,764.540068644338,24760.199449320753,25195.199449320753,21154.199449320753,21670.199449320753,0.007563661943606994,249.46546933616082,0.0029026518574879964,95.73555948779023,0.043383887800941566,0.06690621805971478,False
2242,764.8195347202939,24913.203160001776,25351.203160001776,21282.203160001776,21802.203160001776,0.007569006056769637,249.64172942132117,0.0029147915140931117,96.1359508795729,0.04353320686503297,0.06695558916966327,False
2243,765.0989955184451,24999.206867863828,25434.206867863828,21347.206867863828,21868.206867863828,0.007491968941852935,247.10088344323745,0.0029801459216337355,98.29147661193181,0.044416745487948425,0.06709509868169736,False
2244,765.3784510144205,25075.210572923483,25519.210572923483,21415.210572923483,21933.210572923483,0.007622646760008109,251.41091256417937,0.0027572122767254258,90.93865640757568,0.0410643888717024,0.06714363351028535,False
2245,765.6579011838488,25105.21427519732,25554.21427519732,21436.21427519732,21959.21427519732,0.00769859961722364,253.9159974442234,0.0027701073287349593,91.36396232759918,0.04120295716594019,0.06723078922657588,False
2246,765.9373460023585,25204.217974701914,25670.217974701914,21515.217974701914,22063.217974701914,0.007956329545173127,262.4164722033098,0.0029667757394491196,97.85049990003444,0.044119502527097586,0.06724408865732262,False
2247,766.2167854455782,25259.221671453844,25740.221671453844,21555.221671453844,22125.221671453844,0.008192318440319089,270.19988200198134,0.0031428186772919225,103.65676602346826,0.04670137612507951,0.067296061445268,False
2248,766.4962194891368,25335.22536546968,25812.22536546968,21622.22536546968,22189.22536546968,0.008100676417363494,267.1773354579947,0.003141075062278632,103.5992579353391,0.04670476575825738,0.06725384468336171,False
2249,766.7756481086626,25417.229056765995,25878.229056765995,21689.229056765995,22248.229056765995,0.007806349880502637,257.46982761278474,0.0032449819804242584,107.02632650288427,0.04824420101783423,0.06726159646057149,False
2250,767.0550712797844,25539.23274535936,26010.23274535936,21786.23274535936,22355.23274535936,0.007936392413726491,261.7589037013548,0.0032606644016858304,107.5435657197495,0.04838113017022224,0.06739537481273461,False
2251,767.334488978131,25608.236431266352,26109.236431266352,21844.236431266352,22438.236431266352,0.008414500165046199,277.52790229826314,0.0032373512189907225,106.77464795133051,0.04801472967149899,0.06742412674484718,False
2252,767.6139011793309,25614.240114503536,26139.240114503536,21840.240114503536,22461.240114503536,0.008811481796597737,290.62119094220424,0.0033648400080869625,110.97949619073052,0.04981874333253557,0.06754164764106879,False
2253,767.8933078590127,25658.24379508748,26185.24379508748,21870.24379508748,22496.24379508748,0.00882969438833306,291.22188049958464,0.0034266911960366252,113.01947837738851,0.05064577818434679,0.06765995743147098,False
2254,768.172708992805,25651.247473034753,26150.247473034753,21868.247473034753,22477.247473034753,0.008367312574149523,275.97155636455415,0.003561834626034672,117.4767927633992,0.05275729598601943,0.0675135933232543,False
2255,768.4521045563367,25616.251148361924,26123.251148361924,21834.251148361924,22444.251148361924,0.008511653207933324,280.7322138634777,0.0034551650829242244,113.95860701761592,0.05107436794512827,0.06764968852157466,False
2256,768.7314945252364,25611.254821085553,26141.254821085553,21823.254821085553,22451.254821085553,0.008895573350642587,293.3947071508096,0.0034255220120115813,112.98091623067677,0.050524987313065976,0.06779857243280746,False
2257,769.0108788751323,25589.25849122221,26155.25849122221,21791.25849122221,22459.25849122221,0.009501315128767104,313.3733442320289,0.0036117860901987604,119.12429704698968,0.05313833861566807,0.06796949592876074,False
2258,769.2902575816536,25593.262158788453,26193.262158788453,21797.262158788453,22493.262158788453,0.010063944360239288,331.930038904255,0.0035865530689099725,118.29205896634716,0.05279745075808452,0.06793042121187617,False
2259,769.5696306204287,25625.265823800848,26232.265823800848,21819.265823800848,22519.265823800848,0.010167425349641315,335.34305944655546,0.0035466688053484453,116.97659211937719,0.05211481032712437,0.06805491151336876,False
2260,769.8489979670862,25653.269486275956,26271.269486275956,21848.269486275956,22557.269486275956,0.010338335951127587,340.98005032903876,0.0035311480908623554,116.46468633186674,0.051959132032669705,0.06796010542751404,False
2261,770.1283595972549,25600.27314623033,26238.27314623033,21790.27314623033,22512.27314623033,0.010690649742334917,352.6000997088799,0.0034660255037629855,114.31680652493532,0.0507850659793358,0.06824891209501027,False
2262,770.4077154865632,25562.27680368054,26214.27680368054,21750.27680368054,22483.27680368054,0.0109383476134073,360.7696961452818,0.0034564713803316594,114.00169145188448,0.05052839877145352,0.06840650929719198,False
2263,770.6870656106402,25498.280458643134,26150.280458643134,21689.280458643134,22417.280458643134,0.010965457315722824,361.663831110875,0.0033723233730356874,111.22631329639518,0.04917386497933909,0.06857958743842088,False
2264,770.966409945114,25448.284111134668,26095.284111134668,21645.284111134668,22377.284111134668,0.010903524876496876,359.62116908633897,0.0035405603717906294,116.77512314102108,0.05166820559319464,0.06852493387649147,False
2265,771.2457484656136,25397.2877611717,26061.2877611717,21603.2877611717,22345.2877611717,0.011208531892367757,369.68094157912776,0.003457569366573064,114.03790534603763,0.050446961238249016,0.06853870444730625,False
2266,771.5250811477675,25355.291408770787,26009.291408770787,21563.291408770787,22306.291408770787,0.011059914270771328,364.77922003213104,0.0036524051998334563,120.46400066206223,0.05329850217857168,0.06852735162418658,False
2267,771.8044079672043,25311.295053948474,25956.295053948474,21526.295053948474,22250.295053948474,0.010928335856155545,360.43948734691,0.0034381498232239904,113.39740798748431,0.05009981177271498,0.06862600280459441,False
2268,772.0837288995529,25300.29869672132,25909.29869672132,21513.29869672132,22208.29869672132,0.010330009312423004,340.70542028238685,0.0034782735360434757,114.72077237429215,0.05064500036351758,0.06867950461204993,False
2269,772.3630439204418,25272.302337105863,25867.302337105863,21483.302337105863,22166.302337105863,0.010106330674389504,333.32802863882415,0.003485881453285074,114.97169747637844,0.05066627228459951,0.06880082737692626,False
2270,772.6423530054994,25208.30597511866,25801.30597511866,21422.30597511866,22099.30597511866,0.010098027434511683,333.05417033466205,0.003414389468119748,112.6137415330781,0.04950525083700734,0.06897024881989575,False
2271,772.9216561303547,25126.309610776254,25721.309610776254,21334.309610776254,22023.309610776254,0.010164370170022054,335.2422932008788,0.003639620685559619,120.04234050890676,0.0525726527253767,0.06923030314965983,False
2272,773.2009532706362,25033.313244095196,25657.313244095196,21249.313244095196,21957.313244095196,0.01069284265774505,352.6724266685038,0.0035414562673654563,116.80467166020605,0.05102763886536296,0.06940270696650556,False
2273,773.4802444019726,24995.316875092027,25616.316875092027,21211.316875092027,21919.316875092027,0.010658040013401112,351.5245623046372,0.003601343113973447,118.77986574046946,0.05182508734086573,0.06949034335989769,False
2274,773.7595294999924,24995.32050378329,25590.32050378329,21208.32050378329,21895.32050378329,0.010217015317737025,336.9786408299643,0.0036280135537274053,119.65951290347442,0.05217278854272249,0.06953842520333278,False
2275,774.0388085403243,24981.324130185523,25561.324130185523,21190.324130185523,21871.324130185523,0.009967893091811961,328.76206617659903,0.0037695839371703604,124.3288017232303,0.054166087786642,0.06959306258223036,False
2276,774.3180814985972,24964.32775431527,25530.32775431527,21179.32775431527,21850.32775431527,0.009736514486248495,321.13071341895443,0.003809270074382016,125.63773394672995,0.05480722075522661,0.0695030695206115,False
2277,774.5973483504395,25014.331376189068,25545.331376189068,21210.331376189068,21855.331376189068,0.009122641915444466,300.88390570464867,0.003887300146138417,128.21132972853218,0.05577364595460053,0.06969779507157664,False
2278,774.8766090714796,24990.334995823458,25501.334995823458,21193.334995823458,21812.334995823458,0.008790838471495265,289.9403306890963,0.0037120176017426103,122.43014297928897,0.05324425968242572,0.06971676616188979,False
2279,775.1558636373468,24972.33861323497,25439.33861323497,21171.33861323497,21756.33861323497,0.008046600952584526,265.3938129656841,0.0037908902625756746,125.03152911991924,0.05429872857541601,0.06981545170639625,False
2280,775.4351120236691,24967.342228440142,25423.342228440142,21166.342228440142,21747.342228440142,0.007860329420483382,259.2501863036208,0.003900045661465377,128.6317036144457,0.05589341558041265,0.06977647762202804,False
2281,775.7143542060755,24921.345841455506,25366.345841455506,21125.345841455506,21701.345841455506,0.007686417202075785,253.51419578582485,0.003996423421822107,131.81044473220302,0.05728041796325241,0.06976945287630348,False
2282,775.9935901601946,24908.349452297593,25349.349452297593,21113.349452297593,21681.349452297593,0.007621868350044117,251.38523896738835,0.003907305070380725,128.8711341793855,0.05595119894789374,0.06983416162394522,False
2283,776.2728198616551,24852.353060982932,25291.353060982932,21065.353060982932,21627.353060982932,0.0076045495472127364,250.8140284467592,0.0038300780835467127,126.32402582636757,0.05480643212321648,0.06988373326210845,False
2284,776.5520432860854,24810.356667528056,25255.356667528056,21021.356667528056,21596.356667528056,0.00772049856732348,254.63827084900493,0.003999251826430384,131.903731461348,0.05715450754241757,0.06997264080111817,False
2285,776.8312604091143,24774.360271949485,25227.360271949485,20990.360271949485,21558.360271949485,0.00786936053293311,259.5480513751558,0.003726472075966443,122.90688192176685,0.0531447263187699,0.07011932009235525,False
2286,777.1104712063704,24740.36387426375,25226.36387426375,20957.36387426375,21556.36387426375,0.008448573042246667,278.65169740780425,0.0037902789531556683,125.01136685030588,0.05401235958760333,0.07017428940515304,False
2287,777.3896756534825,24634.367474487368,25141.367474487368,20870.367474487368,21476.367474487368,0.00884748031157029,291.8084976330623,0.003583250139364891,118.18312140735901,0.05102913310694036,0.07021969453910909,False
2288,777.6688737260791,24589.371072636866,25085.371072636866,20824.371072636866,21430.371072636866,0.008673108823251502,286.05735942823304,0.00378468827981448,124.8269746922,0.05384913048198542,0.07028318277266524,False
2289,777.948065399789,24519.374668728768,25039.374668728768,20763.374668728768,21389.374668728768,0.00911408870585686,300.6018028740342,0.0037860584482347862,124.87216572672668,0.05384163139592229,0.07031841996751838,False
2290,778.2272506502406,24454.378262779584,25006.378262779584,20698.378262779584,21360.378262779584,0.00969417068014515,319.7341256891209,0.003978449086940979,131.217613386678,0.056487121768068964,0.07043108167691979,False
2291,778.5064294530627,24414.381854805837,24978.381854805837,20658.381854805837,21333.381854805837,0.009918567657156145,327.1352096620738,0.0040448386118124464,133.40727946437255,0.05735162244721468,0.07052701282400925,False
2292,778.7856017838839,24380.385444824038,24963.385444824038,20628.385444824038,21317.385444824038,0.010262915094052276,338.4925119318566,0.00400578508438737,132.11921204134813,0.056761325610542854,0.07057243715328831,False
2293,779.0647676183328,24322.389032850708,24901.389032850708,20583.389032850708,21261.389032850708,0.010217342632038062,336.9894363436107,0.003857409045141112,127.225458388054,0.05466799680672787,0.07056064371223475,False
2294,779.3439269320381,24252.392618902355,24836.392618902355,20522.392618902355,21201.392618902355,0.01033392628842537,340.8346103842311,0.0038024703743087824,125.41346554568798,0.05384001158713905,0.07062536322367902,False
2295,779.6230797006285,24207.39620299549,24769.39620299549,20490.39620299549,21139.39620299549,0.009967341681537836,328.7438795067217,0.0035748808540327446,117.90708478528904,0.05062833283411073,0.07061028190966179,False
2296,779.9022258997326,24195.39978514662,24730.39978514662,20471.39978514662,21098.39978514662,0.009498334675127255,313.2750426062234,0.0036036429769495375,118.85572005561687,0.05091081915667996,0.07078344125360056,False
2297,780.1813655049791,24176.403365372254,24707.403365372254,20446.403365372254,21077.403365372254,0.00943541250775451,311.1997372670472,0.0037647700611386555,124.17002997318014,0.05310542357904347,0.07089238362885997,False
2298,780.4604984919964,24171.406943688897,24696.406943688897,20433.406943688897,21068.406943688897,0.009331842675096742,307.7837864874285,0.003959071315663176,130.57849375883796,0.055776014510762306,0.07098161011305765,False
2299,780.7396248364134,24154.410520113055,24708.410520113055,20418.410520113055,21072.410520113055,0.009848365202505606,324.8197851456793,0.003843921935965045,126.78062517820393,0.05409970345088051,0.07105255095261492,False
2300,781.0187445138588,24122.414094661228,24682.414094661228,20387.414094661228,21046.414094661228,0.009966865701708114,328.728180691452,0.0038491012329106445,126.95144927809076,0.05411051314695526,0.07113407375119726,False
2301,781.297857499961,24051.417667349913,24573.417667349913,20321.417667349913,20948.417667349913,0.009324882126363782,307.554212959493,0.0038723400882276146,127.71791557334654,0.05434824524392393,0.07125050810468508,False
2302,781.5769637703489,24014.421238195617,24521.421238195617,20286.421238195617,20901.421238195617,0.009073513523622245,299.2635480769496,0.0038968652338197997,128.52680642559613,0.05464050357181598,0.07131825256145397,False
2303,781.8560633006508,23950.42480721483,24444.42480721483,20226.42480721483,20829.42480721483,0.008866601622618498,292.43915866346384,0.0038915513868679717,128.35154458368646,0.05446665980860335,0.07144832087267589,False
2304,782.1351560664957,23891.428374424046,24393.428374424046,20178.428374424046,20785.428374424046,0.009030727238965012,297.85236647434124,0.0038409146527622826,126.68143865701916,0.053768477564376284,0.07143432038155825,False
2305,782.4142420435121,23834.43193983976,24360.43193983976,20132.43193983976,20758.43193983976,0.009480179005780486,312.67623046886547,0.003818125888447932,125.92981730909844,0.053475524683681955,0.0713995030629972,False
2306,782.6933212073285,23767.435503478464,24336.435503478464,20074.435503478464,20732.435503478464,0.010274644471119965,338.8793714421081,0.0037323368507493435,123.10031452156778,0.05222037086077769,0.07147281394649521,False
2307,782.9723935335738,23703.439065356648,24333.439065356648,20004.439065356648,20726.439065356648,0.011392131324700166,375.73643677419926,0.004006184563908227,132.1323877156318,0.055888377360083785,0.07168189081777666,False
2308,783.2514589978765,23627.442625490796,24310.442625490796,19935.442625490796,20700.442625490796,0.01237614896687411,408.19140696855993,0.003977600133954625,131.18961313273155,0.05539676088837602,0.07180203445413448,False
2309,783.5305175758655,23589.446183897395,24284.446183897395,19900.446183897395,20670.446183897395,0.012610458719030927,415.9194351019755,0.003876578766592708,127.85771609531548,0.0539037789934646,0.0719166418195413,False
2310,783.809569243169,23521.449740592932,24214.449740592932,19846.449740592932,20606.449740592932,0.012610518506739379,415.9214070262711,0.0037098269827696307,122.35789176098939,0.05157813939614852,0.0719263437224076,False
2311,784.0886139754159,23490.45329559388,24180.45329559388,19814.45329559388,20570.45329559388,0.012573040598832245,414.6853068468213,0.003688727289278996,121.66197951917638,0.05118615662885916,0.07206493966767691,False
2312,784.3676517482347,23412.456848916732,24088.456848916732,19741.456848916732,20487.456848916732,0.01236198923838813,407.72438936005705,0.003746863725682238,123.57944139161322,0.05189967426802113,0.07219435918485007,False
2313,784.6466825372544,23363.460400577955,24049.460400577955,19697.460400577955,20447.460400577955,0.012568169248553867,414.52463947530765,0.0036609704876468824,120.74650185795207,0.05063831891293161,0.07229644597684251,False
2314,784.9257063181033,23300.46395059403,23991.46395059403,19644.46395059403,20394.46395059403,0.01269218064097622,418.6147958630904,0.003579931663366797,118.0736710936726,0.04949139907857678,0.07233442032388276,False
2315,785.2047230664101,23240.467498981423,23935.467498981423,19584.467498981423,20341.467498981423,0.012797054428207548,422.07375380539196,0.0036734590995233067,121.15840252806908,0.05067094343595509,0.07249636281523611,False
2316,785.4837327578035,23206.471045756618,23893.471045756618,19555.471045756618,20306.471045756618,0.012670141719564872,417.8879059102426,0.0036960329438386966,121.90293536267302,0.05098482434068182,0.07249280529323227,False
2317,785.7627353679121,23185.474590936075,23869.474590936075,19536.474590936075,20292.474590936075,0.012626869491322312,416.4606968667613,0.0038619444969996246,127.37504712363886,0.053313188248382395,0.07243882093502074,False
2318,786.0417308723648,23094.47813453627,23771.47813453627,19460.47813453627,20202.47813453627,0.012548034487974638,413.8605527491532,0.0037031044375362854,122.13616808874264,0.051075122727177076,0.07250309426208904,False
2319,786.3207192467898,22981.48167657366,23633.48167657366,19350.48167657366,20081.48167657366,0.012149681100103673,400.72202069843485,0.003954292158446388,130.4208671082808,0.0543851072277275,0.07270909923719607,False
2320,786.5997004668161,22968.48521706472,23612.48521706472,19327.48521706472,20061.48521706472,0.012009344829632772,396.09343551854056,0.004178387513747063,137.8120029632338,0.05734202077252337,0.0728678106815033,False
2321,786.8786745080722,22960.4887560259,23589.4887560259,19310.4887560259,20034.4887560259,0.011737400148851834,387.1241283323792,0.004247598268585799,140.09471913533184,0.05813525929414485,0.07306406336117607,False
2322,787.1576413461868,22958.492293473668,23592.492293473668,19308.492293473668,20031.492293473668,0.011830457736387278,390.19336317165465,0.00413448340531007,136.36395318275964,0.05653781063244072,0.0731277592651908,False
2323,787.4366009567884,22937.49582942448,23548.49582942448,19289.49582942448,19993.49582942448,0.011417168967704214,376.56223086833586,0.004150690841843042,136.89850850683138,0.0567423553156955,0.07314978059599368,False
2324,787.7155533155059,22880.499363894785,23505.499363894785,19237.499363894785,19951.499363894785,0.011703983371195785,386.02197276490114,0.004122936818868309,135.98312249156794,0.05628166875383904,0.07325541175584063,False
2325,787.9944983979676,22789.502896901045,23448.502896901045,19162.502896901045,19909.502896901045,0.012380267685215917,408.32725095681104,0.0042279154384314965,139.44553802452646,0.05778314634284686,0.07316866086429165,False
2326,788.2734361798025,22740.50642845971,23407.50642845971,19129.50642845971,19875.50642845971,0.012555019180869242,414.09092260228954,0.0040594194372623165,133.88818573586911,0.05555775455881991,0.07306665774198168,False
2327,788.5523666366391,22668.509958587223,23302.509958587223,19065.509958587223,19781.509958587223,0.011979728130088145,395.11661451474976,0.004031284738411448,132.9602442300491,0.05510313071475142,0.07315890560338435,False
2328,788.8312897441061,22672.51348730004,23283.51348730004,19066.51348730004,19759.51348730004,0.011548847135399044,380.90525361977984,0.00395611519354357,130.4809946377136,0.05400815793558271,0.07325032633518361,False
2329,789.1102054778319,22673.517014614597,23267.517014614597,19064.517014614597,19742.517014614597,0.011231148996733574,370.4269012211253,0.003945564754036301,130.13301896627218,0.053812718570387705,0.07332030157286057,False
2330,789.3891138134454,22672.52054054734,23249.52054054734,19062.52054054734,19725.52054054734,0.010914197125054249,359.9731622762894,0.003933950929116865,129.7499706087549,0.05363076541116331,0.07335250390250833,False
2331,789.6680147265753,22629.52406511471,23207.52406511471,19015.52406511471,19685.52406511471,0.010953389321565452,361.2658032972497,0.004085292676005903,134.7415395338757,0.05556371109018829,0.0735244748028953,False
2332,789.94690819285,22596.52758833315,23184.52758833315,18984.52758833315,19665.52758833315,0.011156544888919276,367.9663009313371,0.004149262689152104,136.85140502917932,0.056400925473266514,0.0735672802234214,False
2333,790.2257941878981,22590.531110219086,23176.531110219086,18975.531110219086,19650.531110219086,0.011121993107710837,366.826710560981,0.004058359478556215,133.85322606976217,0.05506345442322388,0.07370332139649666,False
2334,790.5046726873486,22566.534630788956,23148.534630788956,18945.534630788956,19614.534630788956,0.011058631193439193,364.73690144475347,0.0040125121448488805,132.34108463531055,0.05425851396148985,0.07395175156652417,False
2335,790.78354366683,22530.538150059194,23105.538150059194,18914.538150059194,19567.538150059194,0.01094452297732047,360.9733726274417,0.003795924966133693,125.19758422595561,0.05124236709811026,0.07407786136939956,False
2336,791.0624071019708,22460.54166804623,23022.54166804623,18850.54166804623,19491.54166804623,0.010733041980089553,353.998284816374,0.0037893145532500137,124.97955891429734,0.05106773567634057,0.07420173428612745,False
2337,791.3412629683999,22430.545184766484,22997.545184766484,18828.545184766484,19470.545184766484,0.010841651377923358,357.58045104841034,0.0037196958586229803,122.68338803051233,0.050155535711757224,0.07416321659886142,False
2338,791.6201112417455,22398.548700236388,22958.548700236388,18791.548700236388,19440.548700236388,0.010724551728685324,353.7182584789822,0.004021392955743929,132.63399244564596,0.054162648026345184,0.07424660909835665,False
2339,791.8989518976367,22375.552214472358,22918.552214472358,18759.552214472358,19406.552214472358,0.010413417156113821,343.45638628639165,0.0043125002640668885,142.23532336702004,0.05796757428136655,0.07439504442836631,False
2340,792.177784911702,22364.55572749082,22885.55572749082,18748.55572749082,19381.55572749082,0.010001187494961618,329.86018557563125,0.004419628767445656,145.7686465871638,0.0594174741939879,0.07438264294130584,False
2341,792.45661025957,22311.559239308186,22834.559239308186,18702.559239308186,19340.559239308186,0.010062711182883783,331.88936612299386,0.0045052775076372,148.5935220680139,0.06057414646885629,0.0743762441614188,False
2342,792.7354279168693,22273.562749940877,22794.562749940877,18666.562749940877,19299.562749940877,0.010041576073085076,331.1922857768974,0.0044415391125820144,146.49129582420164,0.05961432124020807,0.07450456568456792,False
2343,793.0142378592287,22191.5662594053,22739.5662594053,18603.5662594053,19258.5662594053,0.010594221180484408,349.4196830510756,0.00443352551483309,146.2269905262637,0.05961043732891912,0.07437498722530309,False
2344,793.2930400622769,22196.56976771787,22752.56976771787,18608.56976771787,19266.56976771787,0.010744590479611252,354.3791786049632,0.004346813931558764,143.36706024650084,0.058425340730770554,0.0743994622400114,False
2345,793.5718345016421,22188.573274894992,22759.573274894992,18599.573274894992,19262.573274894992,0.011034737102557401,363.9488241032978,0.0041765862563257535,137.7525937073267,0.056032901395143976,0.07453810444104028,False
2346,793.8506211529534,22165.576780953073,22720.576780953073,18569.576780953073,19223.576780953073,0.010740315345220089,354.23817568662577,0.0042918754404726225,141.555073332542,0.057430920077507365,0.07473109319301192,False
2347,794.1293999918393,22122.58028590852,22659.58028590852,18525.58028590852,19165.58028590852,0.010416081451642559,343.5442603531443,0.004334071204982205,142.94677833943717,0.05786714573618702,0.07489692380441547,False
2348,794.4081709939285,22079.583789777727,22605.583789777727,18477.583789777727,19114.583789777727,0.010224844695897852,337.2368701786665,0.004494820885354826,148.2486406858485,0.05985250507470409,0.07509829170466092,False
2349,794.6869341348495,22075.587292577096,22585.587292577096,18469.587292577096,19093.587292577096,0.009919121746191186,327.1534846831167,0.004511218186753532,148.78945815227854,0.059990029522195766,0.07519946602267336,False
2350,794.965689390231,22030.59079432302,22543.59079432302,18429.59079432302,19052.59079432302,0.009996948849492846,329.72038613865215,0.004441398698025591,146.4866646569863,0.05899074676510531,0.07528975206417973,False
2351,795.2444367357017,21985.594295031897,22502.594295031897,18385.594295031897,19012.594295031897,0.010094380671092916,332.93389241179835,0.004469327781165324,147.4078245244591,0.059254571343249185,0.07542587314108568,False
2352,795.5231761468903,21928.597794720114,22455.597794720114,18333.597794720114,18972.597794720114,0.01031375900909097,340.1694511211783,0.004565341577065014,150.5745613293883,0.06048372864017449,0.0754804916909938,False
2353,795.8019075994252,21869.601293404063,22394.601293404063,18274.601293404063,18921.601293404063,0.010302469354625017,339.79709458660676,0.004807507149059377,158.56169091358345,0.06360044902889736,0.07558920137301309,False
2354,796.0806310689353,21792.604791100122,22310.604791100122,18205.604791100122,18851.604791100122,0.010202200210439638,336.490007450688,0.004941015540240113,162.96507828263015,0.06532837888262683,0.07563352443074486,False
2355,796.3593465310491,21700.608287824685,22229.608287824685,18127.608287824685,18769.608287824685,0.010459902291139238,344.98956374893964,0.004654798793468959,153.52504836094846,0.06140571451733814,0.0758040001660539,False
2356,796.6380539613955,21655.611783594126,22192.611783594126,18093.611783594126,18734.611783594126,0.010637958777380989,350.86224093094796,0.004481471485548854,147.80834942048233,0.05911884152512033,0.07580445370609336,False
2357,796.9167533356027,21595.615278424826,22140.615278424826,18044.615278424826,18685.615278424826,0.010824103573525912,357.0016875747827,0.0043356721749477425,142.9995816940587,0.05716104657593485,0.07585011882503018,False
2358,797.1954446292998,21556.618772333157,22088.618772333157,18006.618772333157,18646.618772333157,0.01058791845242799,349.2118058317584,0.004580003379076662,151.05813837810098,0.06037563637838873,0.07585846963786305,False
2359,797.4741278181151,21491.622265335493,22041.622265335493,17950.622265335493,18603.622265335493,0.010974356621991458,361.95734893750756,0.004543648071804001,149.85906392722598,0.05984952254955304,0.07591786664700692,False
2360,797.7528028776774,21422.625757448208,21990.625757448208,17884.625757448208,18548.625757448208,0.01136488671296144,374.837852212256,0.004466995336297354,147.33089559003207,0.05865327819470635,0.07615934648134493,False
2361,798.0314697836154,21330.629248687666,21918.629248687666,17797.629248687666,18490.629248687666,0.011809723446127032,389.5095026964392,0.004779811777841151,157.64823935653249,0.06268473597117684,0.07625160581419635,False
2362,798.3101285115577,21248.63273907023,21876.63273907023,17723.63273907023,18455.63273907023,0.012649485761749547,417.20662900371156,0.004926711318892208,162.49329499582416,0.06455766581101167,0.07631489238342093,False
2363,798.5887790371328,21160.63622861227,21811.63622861227,17647.63622861227,18395.63622861227,0.013159524650582887,434.02878363346025,0.004868745157762847,160.58144915983024,0.06372052062210815,0.07640780568377233,False
2364,798.8674213359694,21090.639717330138,21758.639717330138,17593.639717330138,18343.639717330138,0.013541988252689867,446.6432371501541,0.004587829447117366,151.31625855208387,0.06001858725281332,0.07644014391395584,False
2365,799.1460553836963,21049.643205240194,21732.643205240194,17561.643205240194,18314.643205240194,0.013867811175554568,457.3895620095859,0.0043655017726753585,143.98342452742577,0.05706774106534796,0.07649683851471265,False
2366,799.424681155942,21046.646692358794,21715.646692358794,17557.646692358794,18302.646692358794,0.01358985651870047,448.22203317986515,0.004457734221526439,147.02544455849107,0.05828037721971755,0.07648773796917513,False
2367,799.7032986283352,21026.65017870229,21699.65017870229,17533.65017870229,18278.65017870229,0.013682643231819305,451.2823340115164,0.0043891405461673645,144.76308096470206,0.057222405309052114,0.07670318160276703,False
2368,799.9819077765047,20989.653664287023,21641.653664287023,17501.653664287023,18226.653664287023,0.013285170006566201,438.1728315739925,0.0043426859074020205,143.23090933291274,0.05657865571879484,0.07675484424702274,False
2369,800.2605085760789,20977.65714912935,21639.65714912935,17491.65714912935,18213.65714912935,0.013493392495723044,445.0404469395576,0.004072808506422604,134.32978537992352,0.052969547293018664,0.07688962270892197,False
2370,800.5391010026865,20911.660633245607,21576.660633245607,17429.660633245607,18159.660633245607,0.013595708550911707,448.4150455028684,0.0042230884400937495,139.28633347324052,0.054853819661152034,0.07698804688863953,False
2371,800.8176850319562,20878.664116652137,21541.664116652137,17403.664116652137,18134.664116652137,0.013576542295669874,447.7829021184906,0.004292280856184563,141.56844479488518,0.05580487640851529,0.07691587424660262,False
2372,801.0962606395166,20860.667599365275,21501.667599365275,17379.667599365275,18099.667599365275,0.013143940744628387,433.5147936584964,0.004485192425912696,147.93107385491078,0.058215879628657964,0.07704414078293456,False
2373,801.3748278009964,20786.67108140136,21418.67108140136,17309.67108140136,18021.67108140136,0.013007577554456537,429.01724901807927,0.00449866595625646,148.37545920632954,0.05823757377864446,0.07724679557145471,False
2374,801.6533864920242,20724.674562776723,21347.674562776723,17253.674562776723,17964.674562776723,0.012862853928252753,424.2439596241139,0.004674898109913034,154.18796606502372,0.06050185938869219,0.07726866838718635,False
2375,801.9319366882287,20638.678043507694,21283.678043507694,17181.678043507694,17901.678043507694,0.01336480451462106,440.79934503736206,0.004463360878742691,147.21102354043273,0.057677622973653815,0.0773846190017484,False
2376,802.2104783652384,20568.681523610598,21245.681523610598,17114.681523610598,17863.681523610598,0.014064213236264575,463.8673147990298,0.0045379321939977065,149.6705422626875,0.0585021303973137,0.07756866567385859,False
2377,802.4890114986821,20474.685003101757,21153.685003101757,17034.685003101757,17792.685003101757,0.01416880404689368,467.31693957818766,0.0047385789205324005,156.28829305310308,0.06113204287811468,0.07751383231180739,False
2378,802.7675360641883,20454.688481997495,21113.688481997495,17016.688481997495,17756.688481997495,0.013771239822320274,454.20443579180414,0.004715687336729056,155.53328050231391,0.06080052474522535,0.07755997759047922,False
2379,803.046052037386,20402.69196031413,21053.69196031413,16970.69196031413,17702.69196031413,0.013640791778033132,449.901985096003,0.0046989700739311895,154.98191003639698,0.060523759251816855,0.07763843707031684,False
2380,803.3245593939033,20370.695438067974,21013.695438067974,16939.695438067974,17666.695438067974,0.013496577827027916,445.145505861398,0.004753146528747988,156.76876339243114,0.061154415820661515,0.07772368462625553,False
2381,803.6030581093693,20345.698915275338,20972.698915275338,16914.698915275338,17635.698915275338,0.013181708822304777,434.7604642468585,0.004946695249236424,163.15240702379032,0.06363537182962424,0.0777349940294304,False
2382,803.8815481594123,20316.702391952538,20914.702391952538,16893.702391952538,17580.702391952538,0.012598470212439584,415.5240289553568,0.004712912834346956,155.44177158188813,0.0605991549732446,0.07777192332843214,False
2383,804.1600295196613,20274.70586811587,20840.70586811587,16852.70586811587,17514.70586811587,0.011957861818560367,394.3954175986794,0.0047753455373052405,157.50093335584586,0.06130313484457681,0.07789724863846326,False
2384,804.4385021657447,20253.709343781647,20785.709343781647,16828.709343781647,17465.709343781647,0.011260276821292239,371.3875981002885,0.004875142138058678,160.79243501611677,0.06248884978599082,0.07801619256483132,False
2385,804.7169660732912,20168.712818966163,20676.712818966163,16751.712818966163,17365.712818966163,0.01080331370449555,356.31599399490494,0.004830081885826301,159.3062531831149,0.06176265535641185,0.07820392206185917,False
2386,804.9954212179294,20102.71629368572,20613.71629368572,16698.71629368572,17301.71629368572,0.010901550989159544,359.55606613294214,0.004504549133617485,148.5694987618383,0.057515125559041556,0.07831938276816221,False
2387,805.2738675752881,20016.71976795661,20523.71976795661,16626.71976795661,17224.71976795661,0.010863167004643957,358.29008164241816,0.004482420908655428,147.8396633901766,0.05721378458045175,0.07834512157384774,False
2388,805.5523051209959,19939.72324179512,20456.72324179512,16556.72324179512,17160.72324179512,0.011116943528750247,366.66016483290036,0.0044442545059370335,146.58085520467012,0.056598405597769644,0.07852260958588146,False
2389,805.8307338306813,19886.72671521754,20408.72671521754,16511.72671521754,17121.72671521754,0.011252604588941399,371.13455175071226,0.00450246426248713,148.5007353296653,0.057341928920222766,0.07851958152212155,False
2390,806.1091536799729,19817.730188240163,20363.730188240163,16453.730188240163,17075.730188240163,0.011803422823633978,389.30169492302747,0.004311489747030231,142.20199439109518,0.05482998425759251,0.07863379509238512,False
2391,806.3875646444997,19722.73366087926,20252.73366087926,16366.73366087926,16977.73366087926,0.011516541463410941,379.8397446527187,0.004401159706109487,145.15949812326136,0.0558490805453976,0.07880451500955242,False
2392,806.66596669989,19694.737133151117,20195.737133151117,16334.737133151115,16926.737133151117,0.0109095206727744,359.81892305043317,0.00455157914791093,150.1206474879546,0.05764247094399028,0.07896224907383972,False
2393,806.9443598217725,19636.740605072006,20134.740605072006,16282.740605072006,16875.740605072006,0.010876635711317422,358.7343078990513,0.004658701232789228,153.65375901246153,0.05896153625581037,0.0790125483260307,False
2394,807.2227439857761,19603.7440766582,20094.7440766582,16249.7440766582,16832.7440766582,0.010743455218981037,354.3417353231182,0.004564939783537518,150.56130933430177,0.05763083096806435,0.07921002884839787,False
2395,807.5011191675292,19534.747547925974,20035.747547925974,16189.747547925974,16779.747547925974,0.010997747796871163,362.7288390521103,0.004547598055440345,149.98934269021925,0.0573511516727885,0.07929392737195985,False
2396,807.7794853426605,19470.751018891588,19981.751018891588,16131.751018891588,16736.751018891588,0.011250839879741814,371.07634793198025,0.004738805211037754,156.2957565896209,0.0597340006190908,0.07933179030241022,False
2397,808.0578424867987,19399.754489571307,19919.754489571307,16068.754489571309,16683.754489571307,0.011487747631042051,378.8900635380091,0.00482382738489338,159.09996659570157,0.060751883050642615,0.07940210480179273,False
2398,808.3361905755722,19388.757959981394,19914.757959981394,16044.757959981394,16685.757959981394,0.011625043297684446,383.41836321244335,0.00538772619585943,177.69853466822752,0.067750577499535,0.07952295603526639,False
2399,808.6145295846101,19282.761430138104,19865.761430138104,15968.761430138105,16637.761430138104,0.012935987568083781,426.65606078896434,0.004887672388656783,161.2057090187971,0.0615156265586081,0.07945415924521432,False
2400,808.8928594895407,19241.764900057693,19864.764900057693,15932.764900057691,16628.764900057693,0.013838525493858682,456.42365867022943,0.0047303198979214926,156.01589312734632,0.059434644167690426,0.07958859624994552,False
2401,809.1711802659927,19167.768369756406,19816.768369756406,15869.768369756406,16588.768369756406,0.014461280545939108,476.96342928755854,0.004782274583691579,157.72946787017332,0.060071410095982304,0.07960982730471025,False
2402,809.4494918895947,19117.771839250494,19757.771839250494,15823.771839250496,16539.771839250494,0.014300691714698714,471.6668720836248,0.0049188103256904425,162.2327036325408,0.06174146668180705,0.07966785679129057,False
2403,809.7277943359754,19039.775308556204,19676.775308556204,15758.775308556204,16466.775308556204,0.014292107489708925,471.38374629985344,0.004793988724945946,158.1158248712768,0.0601184696773473,0.07974236121902362,False
2404,810.0060875807636,18972.778777689775,19593.778777689775,15696.778777689773,16393.778777689775,0.013987257488400032,461.32915247735576,0.004881275215166327,160.99471679054585,0.061107779317838395,0.07987976767700017,False
2405,810.2843715995878,18913.78224666744,19535.78224666744,15645.78224666744,16341.78224666744,0.01405242109406215,463.4783851627056,0.004849716586702853,159.95384688917483,0.060654631735371174,0.07995624485631338,False
2406,810.5626463680766,18851.785715505437,19455.785715505437,15587.785715505439,16270.785715505439,0.013696279756942927,451.7320952733817,0.004927818809553647,162.52982236572802,0.06151764050920123,0.0801041582343619,False
2407,810.8409118618587,18756.78918422,19347.78918422,15504.78918422,16177.78918422,0.01347284940496936,444.3628926259602,0.004980456749066638,164.2659322531611,0.06209859739060706,0.08020240324816055,False
2408,811.1191680565628,18696.792652827353,19281.792652827353,15456.792652827355,16116.792652827355,0.013380296612613777,441.3103069927706,0.004778940947806615,157.6195175515528,0.05954453704380036,0.08025826020431184,False
2409,811.3974149278174,18648.796121343723,19220.796121343723,15410.796121343723,16065.796121343723,0.013120571053036397,432.74401210787926,0.004956605372161986,163.47926370845414,0.061689661742248394,0.080347423412235,False
2410,811.6756524512513,18588.79958978533,19154.79958978533,15365.799589785329,16009.799589785329,0.013026267253827427,429.63367458813684,0.0048044636604550415,158.4613102621529,0.059835936960770705,0.08029394882886043,False
2411,811.9538806024931,18539.80305816839,19106.80305816839,15316.80305816839,15958.80305816839,0.013082910698171342,431.5018944442629,0.004749276311064412,156.64111547822438,0.05895156122917447,0.08056235003856095,False
2412,812.2320993571714,18449.80652650912,19047.80652650912,15245.806526509119,15909.806526509119,0.013853154878583797,456.9061665286928,0.004661339347396437,153.74076957739112,0.05789711042510192,0.08051074247352183,False
2413,812.5103086909149,18350.80999482373,18976.80999482373,15162.809994823729,15848.809994823729,0.014567970711447763,480.48229520338185,0.004648995276637336,153.33363617714184,0.05771489496611115,0.08055104803304447,False
2414,812.7885085793522,18285.813463128427,18940.813463128427,15109.813463128427,15814.813463128427,0.015284341849983115,504.10972112828733,0.004520629069225755,149.09984883741288,0.056090780889360814,0.08059486777591322,False
2415,813.066698998112,18193.816931439418,18844.816931439418,15029.816931439416,15737.816931439416,0.015268102369877343,503.5741089398308,0.004722695990375871,155.76444063142242,0.05858785965707511,0.08060878171721289,False
2416,813.3448799228228,18170.8203997729,18805.8203997729,14998.8203997729,15700.8203997729,0.014917748331421598,492.01869632503843,0.004947492651866258,163.17870703862235,0.06119825770622662,0.08084368472736563,False
2417,813.6230513291134,18102.82386814507,18713.82386814507,14936.823868145073,15622.823868145073,0.01441621168465091,475.47696350979993,0.005085064950475754,167.71613061679807,0.06282082193438815,0.0809455335650772,False
2418,813.9012131926124,18061.82733657213,18657.82733657213,14894.82733657213,15565.82733657213,0.014099383416624558,465.0273012732477,0.005037352162478383,166.14246257877045,0.06203059895348915,0.08120753704563477,False
2419,814.1793654889484,17967.83080507026,18555.83080507026,14812.830805070264,15473.830805070264,0.013984754518567741,461.24659927117045,0.004975027067585331,164.08684994499072,0.06114074682369191,0.08137007357681668,False
2420,814.4575081937502,17889.83427365566,18471.83427365566,14751.834273655657,15407.834273655657,0.01390370610067146,458.57345208926364,0.004991867694533103,164.642289219877,0.0614275159200307,0.08126435881001207,False
2421,814.7356412826463,17804.837742344498,18391.837742344498,14678.837742344498,15339.837742344498,0.014087106567590895,464.62238498679994,0.005041989424491201,166.29540922724402,0.061997754375097955,0.08132535565701665,False
2422,815.0137647312653,17700.841211152965,18278.841211152965,14583.841211152963,15244.841211152963,0.013954753956929496,460.25711768867336,0.005296224122308063,174.68060394975896,0.06500518896222751,0.08147386703829958,False
2423,815.291878515236,17626.84468009723,18202.84468009723,14521.844680097232,15182.844680097232,0.013964685669579775,460.58468644783875,0.005366676162021012,177.00426030612687,0.06587347791007267,0.08146945223307235,False
2424,815.569982610187,17576.848149193476,18153.848149193476,14479.848149193474,15138.848149193474,0.014027697633702508,462.66295347257756,0.005301127740895381,174.84233559792779,0.065023425839751,0.08152642947420072,False
2425,815.8480769917469,17490.851618457862,18068.851618457862,14414.851618457864,15060.851618457864,0.014119595959410433,465.6939534200715,0.004919757587451895,162.26394631652994,0.06033484496840865,0.08154090045359165,False
2426,816.1261616355443,17403.855087906562,17985.855087906562,14337.855087906562,14985.855087906562,0.014285631469143568,471.17015352933936,0.004911710541929178,161.99853784070683,0.06011487057454991,0.08170541656307896,False
2427,816.404236517208,17338.858557555734,17921.858557555734,14280.858557555734,14935.858557555734,0.01436254163360478,473.70681241455753,0.0051133327857951875,168.64846324319745,0.06257940086320353,0.08170951967042256,False
2428,816.6823016123665,17231.862027421535,17807.862027421535,14192.862027421537,14837.862027421537,0.014279573510732618,470.97034932742315,0.005021773989347002,165.628661684363,0.06142742055357879,0.08175134075452288,False
2429,816.9603568966484,17157.865497520128,17737.865497520128,14122.865497520128,14769.865497520128,0.014438098391785168,476.19883311584243,0.005015618988751322,165.42565682721664,0.061141757893484486,0.08203262649871908,False
2430,817.2384023456825,17094.868967867656,17682.868967867656,14068.868967867656,14720.868967867656,0.014686952487906642,484.4065642846901,0.00498730972427263,164.49195778006282,0.06073719842210658,0.08211293661607866,False
2431,817.5164379350973,17024.872438480274,17603.872438480274,14001.872438480272,14646.872438480272,0.014524346331588226,479.04347145936765,0.005034436144261436,166.04628616865227,0.061111964664121964,0.08238053173271792,False
2432,817.7944636405216,17007.875909374117,17575.875909374117,13981.875909374117,14618.875909374117,0.014266899133584069,470.5523217281624,0.005081637124197064,167.60307370100895,0.06156290482301217,0.08254381658575591,False
2433,818.0724794375841,16965.879380565337,17528.879380565337,13946.879380565335,14581.879380565335,0.014177777533398028,467.6129040249171,0.005158679024685498,170.1440775173075,0.06251429486074044,0.08251999060658359,False
2434,818.3504853019132,16921.882852070063,17476.882852070063,13912.88285207006,14541.88285207006,0.014015290997397784,462.25375652912385,0.005188222352010127,171.11847855105805,0.06293526411808932,0.08243744464590066,False
2435,818.6284812091376,16840.88632390443,17397.88632390443,13844.886323904428,14473.886323904428,0.014131544503199242,466.08804150946304,0.005164218667546284,170.3267865829061,0.06260156707275168,0.08249344080388192,False
2436,818.9064671348862,16773.889796084564,17327.889796084564,13789.889796084566,14423.889796084566,0.014111891823745847,465.4398548321489,0.005409708268893667,178.42354964210568,0.06567719685255827,0.08236813579358704,False
2437,819.1844430547873,16748.8932686266,17298.8932686266,13766.893268626602,14399.893268626602,0.014032204095577757,462.811586057579,0.005491123592129252,181.1087981333194,0.06663612311901197,0.08240460781792658,False
2438,819.4624089444698,16644.896741546654,17200.896741546654,13678.896741546654,14308.896741546654,0.014269983446376287,470.6540488471196,0.00528509502259648,174.31354284846464,0.06399389592274925,0.08258748660929202,False
2439,819.7403647795621,16552.900214860845,17106.900214860845,13596.900214860845,14216.900214860845,0.014297225111805154,471.5525362335707,0.005067779751479198,167.14602842127505,0.06113102060632342,0.08290029679228003,False
2440,820.0183105356932,16501.903688585287,17058.903688585287,13557.90368858529,14169.90368858529,0.014417069181583763,475.50524556106075,0.004757284737487651,156.90525021497126,0.05734234170729609,0.08296286122689592,False
2441,820.2962461884914,16466.907162736094,17004.907162736094,13520.907162736095,14125.907162736095,0.013962228231514976,460.5036349750507,0.005048288606527363,166.50316949135976,0.060762678390451165,0.08308206188818529,False
2442,820.5741717135854,16392.910637329373,16920.910637329373,13454.91063732937,14049.91063732937,0.013767660461297026,454.08638094162103,0.005025083831924612,165.73782724969482,0.06035215190730595,0.08326271181916711,False
2443,820.8520870866041,16320.91411238122,16858.91411238122,13391.91411238122,13993.91411238122,0.014085118807102776,464.5568244677294,0.005011429939134738,165.2874931656906,0.060091891551879974,0.08339610902093422,False
2444,821.1299922831759,16248.917587907741,16793.91758790774,13335.917587907741,13939.917587907741,0.014327581652964015,472.5537587689088,0.004909721574816114,161.93293752460932,0.058907229826192106,0.08334667220479428,False
2445,821.4078872789294,16187.921063925032,16732.92106392503,13287.921063925032,13888.921063925032,0.014380684310112076,474.3051960207593,0.004830785793745875,159.3294695458814,0.05797964863146661,0.08331864555529783,False
2446,821.6857720494935,16145.924540449181,16686.92454044918,13253.924540449181,13840.924540449181,0.01431338360190302,472.0854772013297,0.004507223652814769,148.65771002666918,0.05400148270476445,0.08346481294701756,False
2447,821.9636465704967,16082.92801749628,16613.92801749628,13190.92801749628,13781.92801749628,0.014107206309252357,465.28531671543834,0.004927420557513905,162.51668717635158,0.058922071731316535,0.08362605748119048,False
2448,822.2415108175676,16029.93149508241,16540.93149508241,13144.93149508241,13727.93149508241,0.013628296629287783,449.4898688262088,0.005218479551899961,172.11642460253307,0.062448821736521526,0.08356409947840654,False
2449,822.519364766335,15981.934973223651,16466.93497322365,13097.934973223651,13665.934973223651,0.012983411215212567,428.22019235338666,0.005453108693646465,179.85498687595737,0.06515066098425741,0.08369997496977227,False
2450,822.7972083924274,15953.938451936081,16423.938451936083,13073.938451936081,13623.938451936081,0.012609396593028031,415.88440395386476,0.005286840268922434,174.37110474071437,0.06307519548380737,0.08381805602615482,False
2451,823.0750416714734,15899.941931235773,16359.941931235773,13030.941931235773,13570.941931235773,0.012386219611875469,408.5235580086927,0.005247963105759092,173.08885418175078,0.06262803640661653,0.0837957471903854,False
2452,823.3528645791018,15849.945411138793,16299.945411138793,12984.945411138793,13516.945411138793,0.012158379144045873,401.0089004704983,0.00528005254300799,174.1472312725984,0.06289699187722624,0.08394761633934028,False
2453,823.6306770909412,15805.948891661208,16247.948891661208,12942.948891661208,13472.948891661208,0.01197797099481808,395.05866050013327,0.005451455075376477,179.80044706959092,0.0648507101687875,0.08406160952112826,False
2454,823.9084791826202,15736.952372819076,16169.952372819076,12881.952372819076,13406.952372819076,0.011788110283194217,388.79665515313627,0.005560267152972068,183.38929810619368,0.06606874911087025,0.08415880772377513,False
2455,824.1862708297674,15629.955854628455,16073.955854628455,12796.955854628455,13317.955854628455,0.012165019854797211,401.2279250695166,0.005165879361795096,170.38155976992743,0.06130287633584285,0.08426813994002896,False
2456,824.4640520080115,15562.959337105398,16014.959337105398,12741.959337105398,13270.959337105398,0.012433657573746943,410.0881617034177,0.005232446099242234,172.57707069085956,0.06211374579605763,0.08423974487744287,False
2457,824.7418226929813,15455.962820265953,15918.962820265953,12652.962820265953,13193.962820265953,0.012818704054312286,422.78780398074855,0.005364319976568497,176.92654835732014,0.0636928692921414,0.08422167247582865,False
2458,825.0195828603051,15395.966304126165,15865.966304126165,12607.966304126165,13149.966304126165,0.013059575684481987,430.73225664376594,0.005220024835631066,172.16739130809344,0.062030980083807925,0.08415190004379215,False
2459,825.297332485612,15300.969788702074,15767.969788702074,12525.969788702074,13058.969788702074,0.013056821517681123,430.64141843355367,0.005040735746402136,166.25406028869838,0.05973339512925774,0.08438722988195185,False
2460,825.5750715445303,15251.973274009715,15721.973274009715,12483.973274009715,13019.973274009715,0.01318101808810134,434.7376823809406,0.0050762444261181604,167.4252111831873,0.06012008560827442,0.08443508313001319,False
2461,825.8528000126886,15161.976760065125,15643.976760065125,12404.976760065125,12952.976760065125,0.013591335486390781,448.2708126430071,0.005182295853002523,170.923010156585,0.06127910680634873,0.08456872371490928,False
2462,826.1305178657158,15107.980246884328,15597.980246884328,12359.980246884328,12912.980246884328,0.013861957687559684,457.19650167177804,0.005146752309329084,169.75070937549856,0.06082534738425447,0.08461525549234095,False
2463,826.4082250792404,15026.98373448335,15525.98373448335,12288.98373448335,12852.98373448335,0.014187310526720093,467.9273221825501,0.005300678013659663,174.8275026483896,0.06257772539479942,0.08470550791384598,False
2464,826.685921628891,14958.987222878211,15474.987222878211,12233.987222878211,12811.987222878211,0.014728107882817986,485.76395571543094,0.005320366409754557,175.47686733561522,0.06283354187589447,0.08467398543699901,False
2465,826.9636074902966,14897.99071208493,15433.99071208493,12183.99071208493,12768.99071208493,0.01535053537861225,506.2929228379356,0.005016476427669584,165.4539369650343,0.05913570954010315,0.08482990170715105,False
2466,827.2412826390854,14861.994202119513,15393.994202119513,12145.994202119513,12737.994202119513,0.015274231109111422,503.7762476420715,0.005393746288747657,177.89708998561304,0.06349532163287577,0.08494714492405932,False
2467,827.5189470508861,14779.997692997973,15303.997692997973,12078.997692997973,12666.997692997973,0.015130525281481174,499.03652738442275,0.005512267850825481,181.80618022928655,0.06493628188653411,0.08488733402471824,False
2468,827.7966007013275,14697.001184736311,15205.001184736311,12008.001184736311,12587.001184736311,0.014757729134511571,486.7409268586629,0.005693821856173753,187.79421294303677,0.06705627547866144,0.08491109617302908,False
2469,828.0742435660383,14626.004677350527,15127.004677350527,11954.004677350527,12520.004677350527,0.01462723320942191,482.4368969533517,0.005463836485173804,180.20881198980567,0.06437102706275875,0.0848803683036907,False
2470,828.3518756206469,14555.008170856618,15042.008170856618,11894.008170856618,12448.008170856618,0.014293366673653872,471.425276833099,0.005478265530664666,180.68471223922063,0.06449184573507871,0.08494508830106101,False
2471,828.629496840782,14496.011665270575,14984.011665270575,11841.011665270575,12396.011665270575,0.014379572652336149,474.2685312106606,0.005513594643867562,181.84994065266653,0.06478737057373744,0.08510292353341134,False
2472,828.9071072020727,14426.015160608382,14929.015160608382,11783.015160608382,12344.015160608382,0.014884774806262309,490.9311601565978,0.00531523517234417,175.30762834021834,0.06236172540604332,0.08523233021113755,False
2473,829.184706680147,14369.018656886024,14879.018656886024,11731.018656886024,12297.018656886024,0.015147179663259087,499.585823902129,0.005316926791905149,175.36342150903835,0.06223510568286932,0.08543291978965294,False
2474,829.462295250634,14334.02215411948,14831.02215411948,11701.02215411948,12256.02215411948,0.014803012274616839,488.23446000221156,0.0053227234317856,175.55460687654033,0.06226652268294677,0.08548290802889752,False
2475,829.739872889162,14261.025652324724,14753.025652324724,11638.025652324724,12189.025652324724,0.014730336479856094,485.8374595301464,0.005359344435998418,176.7624445709834,0.06261517770750057,0.08559177873827917,False
2476,830.0174395713599,14199.029151517725,14683.029151517725,11588.029151517725,12132.029151517725,0.014557010212049332,480.1207948948046,0.005366855905418001,177.0101886211712,0.06272208876158893,0.08556564380082746,False
2477,830.2949952728562,14117.03265171445,14613.03265171445,11523.03265171445,12076.03265171445,0.01499693548314614,494.6304550363136,0.005360550628969472,176.80222735052553,0.06269917419819779,0.08549635138772776,False
2478,830.5725399692798,14055.03615293086,14570.03615293086,11478.03615293086,12044.03615293086,0.015628662340493295,515.4661346496216,0.0052757998048363515,174.0069670286565,0.06183074559922619,0.0853264788206335,False
2479,830.8500736362589,13984.03965518291,14511.03965518291,11418.03965518291,11994.03965518291,0.016065882091289518,529.8865610447501,0.005308051304351264,175.0706892736839,0.06216457647955208,0.08538707419807247,False
2480,831.1275962494225,13925.043158486556,14465.043158486556,11365.043158486556,11953.043158486556,0.016523183889016285,544.9693355590979,0.0053842144246352835,177.58270907168912,0.06294871196007115,0.08553335337584876,False
2481,831.4051077843991,13889.046662857745,14431.046662857745,11334.046662857745,11926.046662857745,0.016625393976997513,548.3404391011697,0.0054861139712718,180.94357030747005,0.06413178439113787,0.0855443836992302,False
2482,831.6826082168175,13838.050168312422,14378.050168312422,11280.050168312422,11883.050168312422,0.016625093874455554,548.3305410885355,0.005991805586839479,197.62234272716842,0.06986064625388506,0.08576796677580498,False
2483,831.9600975223061,13778.053674866525,14317.053674866525,11233.053674866525,11822.053674866525,0.016665780848308075,549.6724830081589,0.00552931188991819,182.3683284642749,0.06435015758893824,0.08592538226928408,False
2484,832.2375756764937,13731.057182535993,14259.057182535993,11192.057182535993,11775.057182535993,0.016386834896173604,540.4722591764387,0.005666269559495972,186.88548028506546,0.06591680871786865,0.08596092058625354,False
2485,832.515042655009,13675.060691336752,14179.060691336752,11144.060691336752,11705.060691336752,0.015718198994147958,518.4192416886833,0.005612002262794721,185.09563077273697,0.0651953505771438,0.08607979270169272,False
2486,832.7924984334804,13609.064201284733,14104.064201284733,11091.064201284733,11646.064201284733,0.015516013309273529,511.75073281741055,0.00568994736603274,187.66642411420327,0.06615443248331353,0.08601006995968025,False
2487,833.0699429875369,13553.067712395856,14051.067712395856,11045.067712395856,11591.067712395856,0.01567171855101768,516.8862189746992,0.005283341654294622,174.25571307637756,0.06127208035544691,0.0862275545998325,False
2488,833.3473762928069,13516.071224686038,14011.071224686038,11015.071224686038,11552.071224686038,0.015620869115201186,515.2090976985213,0.005051679083243414,166.61499454006605,0.05851095378166793,0.0863373224455308,False
2489,833.6247983249191,13485.074738171195,13979.074738171195,10987.074738171195,11521.074738171195,0.015625069036259313,515.3476199230406,0.004985846143639474,164.4436858144087,0.05765426607435585,0.08647835595043916,False
2490,833.9022090595021,13440.078252867235,13948.078252867235,10953.078252867235,11495.078252867235,0.016112577891441927,531.4266866859938,0.004863163746339702,160.39736247924952,0.05626446003070458,0.08643402502549179,False
2491,834.1796084721847,13366.08176879006,13874.08176879006,10888.08176879006,11432.08176879006,0.01620013609443262,534.3145402635542,0.0049738122912182554,164.046784067006,0.057456990528412806,0.08656583377367594,False
2492,834.4569965385953,13322.085285955574,13812.085285955574,10848.085285955574,11387.085285955574,0.015687041722000652,517.3916093622504,0.0053724407874734745,177.19438977050118,0.06208552921597157,0.08653289833102379,False
2493,834.7343732343627,13287.08880437967,13775.08880437967,10818.08880437967,11358.08880437967,0.015664569690043418,516.6504345132228,0.005490148055085686,181.07662287109292,0.06344481946984726,0.08653422140628725,False
2494,835.0117385351156,13270.092324078236,13753.092324078236,10803.092324078236,11335.092324078236,0.015526414011523755,512.0937698393745,0.005350560162772857,176.47272077590515,0.061748696513035266,0.08665057669101311,False
2495,835.2890924164825,13227.095845067164,13711.095845067164,10767.095845067164,11296.095845067164,0.015607666205752005,514.7736379930375,0.005222123404056724,172.23660650585657,0.06019401583618318,0.08675485978986067,False
2496,835.5664348540921,13200.099367362332,13673.099367362332,10747.099367362332,11270.099367362332,0.015289769497756603,504.288736360499,0.005346711327668901,176.3457781041193,0.06173134779672727,0.08661258045547421,False
2497,835.8437658235732,13129.10289097962,13611.10289097962,10689.10289097962,11215.10289097962,0.015658265131851718,516.4424969321972,0.0052037396483659085,171.630271601446,0.060025656114221435,0.08669192450747781,False
2498,836.1210853005541,13063.1064159349,13539.1064159349,10631.1064159349,11152.1064159349,0.01554353700648208,512.6585222047721,0.005234902502892524,172.6580880464827,0.0602748355336153,0.08685054810266578,False
2499,836.3983932606639,12996.109942244038,13463.109942244038,10569.109942244038,11084.109942244038,0.015332015677911882,505.6821041813605,0.005330393627089725,175.80758604003427,0.061191689249024656,0.08710976429163846,False
2500,836.6756896795309,12942.113469922899,13405.113469922899,10522.113469922899,11033.113469922899,0.015265291318067902,503.4813945424662,0.005329812484487231,175.78841873547162,0.061095557800444525,0.08723731604015983,False
2501,836.9529745327837,12902.116998987343,13367.116998987343,10485.116998987343,10997.116998987343,0.015376773492537658,507.15831098638796,0.005328791134414078,175.75473246323259,0.06095390101451306,0.08742329934133827,False
2502,837.2302477960512,12871.120529453223,13324.120529453223,10460.120529453223,10964.120529453223,0.015022195441690448,495.463581564264,0.005414916855005067,178.595339760245,0.06197527632973144,0.08737220994700698,False
2503,837.5075094449619,12840.124061336388,13279.124061336388,10435.124061336388,10924.124061336388,0.014600208446352505,481.5455634626334,0.0052887984930030125,174.43569108698006,0.060493739388367565,0.08742720397972296,False
2504,837.7847594551446,12829.127594652684,13259.127594652684,10427.127594652684,10911.127594652684,0.014317825394864201,472.23197686961436,0.005387121098739995,177.67857729334497,0.06168067811350741,0.08733887602251042,False
2505,838.0619978022278,12787.131129417952,13216.131129417952,10390.131129417952,10875.131129417952,0.014331220232670385,472.67376677573594,0.005482253394724159,180.81624037819182,0.06271814401004383,0.08741096346610988,False
2506,838.33922446184,12739.134665648025,13167.134665648025,10352.134665648025,10832.134665648025,0.014351348721350176,473.3376466414636,0.005332788947204068,175.88658873224733,0.06098545408678802,0.08744362122179183,False
2507,838.61643940961,12680.138203358738,13100.138203358738,10304.138203358738,10774.138203358738,0.014151890350164068,466.75909030830735,0.005218976739598528,172.13282289789527,0.059643523723881035,0.08750282367218472,False
2508,838.8936426211667,12642.141742565915,13055.141742565915,10268.141742565915,10732.141742565915,0.013960936125910959,460.4610186162894,0.005233608677452154,172.6154149639035,0.05966810612452445,0.08771199586140485,False
2509,839.1708340721384,12614.145283285376,13026.145283285376,10242.145283285376,10713.145283285376,0.013958088972793345,460.3671135218983,0.005567973597429611,183.64347284296093,0.06350124103026215,0.08768290992574677,False
2510,839.4480137381539,12587.14882553294,13012.14882553294,10223.14882553294,10696.14882553294,0.01442165469501949,475.65648543268895,0.005221099177374863,172.20282535701602,0.05951182213018281,0.08773213439766048,False
2511,839.7251815948416,12568.15236932442,13000.15236932442,10201.15236932442,10685.15236932442,0.014677005310033865,484.0784854499796,0.00545447978971802,179.90020850637205,0.062056796107927914,0.08789496286968634,False
2512,840.0023376178304,12552.15591467562,12987.15591467562,10185.15591467562,10672.15591467562,0.014795729264200723,487.99425101016743,0.005488750592107858,181.03053160468744,0.062367723353486046,0.08800626825832443,False
2513,840.2794817827491,12511.159461602347,12947.159461602347,10151.159461602347,10636.159461602347,0.01487693750358222,490.67266944059344,0.005392252289010007,177.84781473395316,0.06121592030876434,0.08808578327030384,False
2514,840.5566140652259,12488.163010120394,12941.163010120394,10134.163010120394,10632.163010120394,0.015474748710996161,510.38973963011813,0.005358992059807471,176.75082246352895,0.06087606944503353,0.0880311772534236,False
2515,840.8337344408898,12428.166560245556,12890.166560245556,10079.166560245556,10583.166560245556,0.015851464159198903,522.8146069487206,0.005339544980201449,176.10941690134155,0.060461822243531034,0.08831267041033883,False
2516,841.1108428853692,12402.17011199362,12869.17011199362,10060.17011199362,10564.17011199362,0.016052857698247585,529.4569891856098,0.005177203755340629,170.75506207236322,0.05862948411833652,0.0883037576263006,False
2517,841.387939374293,12344.173665380371,12816.173665380371,10010.173665380371,10517.173665380371,0.016296360662981384,537.4882287934835,0.005161072554748201,170.22302116985475,0.05835685061751661,0.08843987466998493,False
2518,841.6650238832897,12290.177220421589,12759.177220421589,9967.177220421589,10476.177220421589,0.016264524352037905,536.4382003402472,0.005366131952701324,176.98631113886302,0.06076960109420104,0.08830289908243924,False
2519,841.9420963879878,12208.180777133042,12661.180777133042,9901.180777133042,10396.180777133042,0.015823258082221625,521.8843112422583,0.0053635746803861566,176.90196692265147,0.06075490010149762,0.08828217430076793,False
2520,842.2191568640161,12181.184335530505,12621.184335530505,9879.184335530505,10368.184335530505,0.015410594422110853,508.2737963336005,0.005571026476661366,183.74416321702262,0.06317580448143748,0.08818291310082586,False
2521,842.4962052870034,12137.187895629737,12588.187895629737,9839.187895629737,10337.187895629737,0.01584514141934057,522.6060696981123,0.00559801472857091,184.63429249294404,0.063354759289913,0.08835981371114128,False
2522,842.7732416325781,12109.191457446497,12574.191457446497,9819.191457446497,10327.191457446497,0.016364922885318132,539.7495550004835,0.005541577554621861,182.7728758680105,0.06278082734642042,0.08826862895647752,False
2523,843.050265876369,12078.195020996543,12549.195020996543,9791.195020996543,10302.195020996543,0.016613830834249152,547.9590623481859,0.005480235071448479,180.74967183414594,0.06197522771129444,0.08842621921419345,False
2524,843.3272779940046,12052.19858629562,12520.19858629562,9766.19858629562,10275.19858629562,0.01654493838222036,545.686844471816,0.005519734751882152,182.0524543211851,0.06231295013801347,0.08858086063421489,False
2525,843.6042779611137,12030.202153359476,12506.202153359476,9749.202153359476,10262.202153359476,0.016852519237569596,555.8315076006818,0.005418970516038249,178.7290380217106,0.06116608617861143,0.08859436420722233,False
2526,843.8812657533249,11979.205722203847,12460.205722203847,9702.205722203847,10224.205722203847,0.01709718949392371,563.9012469397816,0.005661910871200847,186.74172158334932,0.06381301195939355,0.08872658878417647,False
2527,844.1582413462667,11932.209292844469,12414.209292844469,9666.209292844469,10189.209292844469,0.017198200589929862,567.2328052062948,0.0056860881750267454,187.53913988300076,0.0641614079913395,0.08862162401102938,False
2528,844.4352047155679,11900.212865297068,12377.212865297068,9639.212865297068,10156.212865297068,0.01706813015882118,562.942808986843,0.0056220935515322,185.42846268667915,0.06338173260091545,0.08870211212009368,False
2529,844.7121558368572,11847.216439577373,12328.216439577373,9600.216439577373,10112.216439577373,0.017283927685293864,570.0602650054311,0.005281404451588145,174.19182005921573,0.059545955271634865,0.08869459608961852,False
2530,844.989094685763,11848.2200157011,12331.2200157011,9601.2200157011,10110.2200157011,0.017352936351508953,572.3363158699414,0.0050812485004553855,167.59025607314084,0.05723024834522075,0.08878606414224509,False
2531,845.2660212379143,11828.223593683962,12313.223593683962,9585.223593683962,10099.223593683962,0.017452240245693616,575.6115670319297,0.005233499124133439,172.61180166517659,0.05900189374505959,0.08870052793130315,False
2532,845.5429354689393,11794.22717354167,12295.22717354167,9557.22717354167,10083.22717354167,0.018067068768321398,595.8899040467453,0.005200573886407749,171.52585811779397,0.058606407085010796,0.08873729247493574,False
2533,845.8198373544669,11765.23075528993,12272.23075528993,9525.23075528993,10064.23075528993,0.01832306318553304,604.3331380137414,0.005582017087505053,184.1066566643574,0.06276588412678633,0.0889339354517726,False
2534,846.096726870126,11769.234338944438,12274.234338944438,9526.234338944438,10062.234338944438,0.018246200315047315,601.7980389832445,0.00552696639950925,182.29096926048533,0.062056493243360475,0.08906346637788123,False
2535,846.3736039915448,11746.23792452089,12254.23792452089,9507.23792452089,10038.23792452089,0.01838751481000966,606.4588880630452,0.005215607693684496,172.0217046820859,0.05844693897745474,0.08923662701474168,False
2536,846.6504686943521,11698.241512034972,12198.241512034972,9467.241512034972,9995.241512034972,0.018176644471766732,599.5039410689756,0.005393191602018895,177.87879525137487,0.060461429228941405,0.08920053116172957,False
2537,846.9273209541767,11627.24510150237,12120.24510150237,9407.24510150237,9928.24510150237,0.01803457497467383,594.8181904319327,0.005375455685755023,177.29382745299063,0.06017752016473866,0.08932664009815414,False
2538,847.204160746647,11606.248692938763,12091.248692938763,9395.248692938763,9903.248692938763,0.017779281659364723,586.3980802793631,0.005090123246480498,167.88296385131764,0.05703952359609969,0.08923853015540535,False
2539,847.4809880473916,11580.252286359822,12053.252286359822,9374.252286359822,9869.252286359822,0.017386225868827584,573.4342741239965,0.004961387682392453,163.63699435203,0.05555822351006274,0.08930068977986388,False
2540,847.7578028320395,11561.255881781219,12023.255881781219,9356.255881781219,9849.255881781219,0.017017076563063945,561.2589540866857,0.0052842532148656,174.28577826006278,0.05920015781182805,0.08926079608878709,False
2541,848.0346050762191,11527.259479218612,11977.259479218612,9328.259479218612,9809.259479218612,0.0166313890916176,548.5381705827688,0.005204215638548362,171.64597075817062,0.05826266063309108,0.08932334332140945,False
2542,848.3113947555591,11510.263078687663,11935.263078687663,9304.263078687663,9782.263078687663,0.015746746243916226,519.3607899909204,0.006010610469443019,198.2425672823481,0.06723431113947095,0.08939796314674214,False
2543,848.5881718456882,11480.266680204026,11899.266680204026,9277.266680204026,9745.266680204026,0.015568221218378815,513.4726593980952,0.005805466096138908,191.47647464765032,0.0647720376720239,0.08962920273614279,False
2544,848.8649363222349,11446.270283783342,11871.270283783342,9249.270283783342,9717.270283783342,0.015833196264520427,522.2120933840308,0.0056036157805289775,184.81902695964993,0.06243254827870105,0.08975471825231678,False
2545,849.1416881608279,11417.273889441261,11842.273889441261,9226.273889441261,9692.273889441261,0.01587268178647515,523.5144088946738,0.005526653528950393,182.28065013181606,0.06156270735477847,0.08977274987438344,False
2546,849.418427337096,11394.277497193416,11821.277497193416,9204.277497193416,9678.277497193416,0.015977620153787953,526.9754968238066,0.005830746344349904,192.31027037145577,0.06494358371937532,0.08978171530454601,False
2547,849.6951538266677,11362.281107055438,11792.281107055438,9175.281107055438,9646.281107055438,0.01613229376717149,532.0769577093313,0.005608241197877301,184.9715829461917,0.06228470393271987,0.09004203028620543,False
2548,849.9718676051715,11323.284719042957,11755.284719042957,9143.284719042957,9614.284719042957,0.01626072482746603,536.3128840334577,0.005554010651773914,183.18294554582872,0.06164740488036451,0.09009317849716879,False
2549,850.2485686482364,11309.288333171591,11733.288333171591,9127.288333171591,9594.288333171591,0.015984466472895,527.2013028185745,0.005686529314176111,187.55368957939902,0.06300846625312362,0.0902502417902325,False
2550,850.5252569314907,11297.291949456958,11724.291949456958,9125.291949456958,9591.291949456958,0.016112272249473297,531.4166059714244,0.005518070514188053,181.99756426389,0.06133332791289886,0.0899685489433154,False
2551,850.8019324305633,11274.295567914669,11698.295567914669,9105.295567914669,9571.295567914669,0.016033173869589332,528.8077751420452,0.005643505830325406,186.1346846488093,0.06272400879755011,0.08997361518363016,False
2552,851.0785951210827,11247.299188560328,11658.299188560328,9078.299188560328,9535.299188560328,0.015586948556644529,514.0903263780191,0.005742884424024611,189.4123995578018,0.0636878899096434,0.09017231426841546,False
2553,851.3552449786775,11225.302811409536,11644.302811409536,9065.302811409536,9522.302811409536,0.015915425520616415,524.9241870918264,0.005444246940526799,179.56270763111274,0.06042876913502234,0.09009362623888874,False
2554,851.6318819789767,11220.306436477887,11638.306436477887,9061.306436477887,9513.306436477887,0.01588506992881544,523.922995868307,0.005255598574080669,173.34068797636587,0.0582750391825856,0.09018610107861078,False
2555,851.9085060976084,11218.310063780971,11637.310063780971,9058.310063780971,9512.310063780971,0.015925166449850692,525.245463412915,0.0053136492809531775,175.25532230867952,0.05889433759479907,0.09022343230196078,False
2556,852.1851173102016,11186.313693334372,11617.313693334372,9031.313693334372,9492.313693334372,0.016418722523425137,541.5239801493789,0.0052024321183631005,171.58714651359128,0.0575905321939613,0.09033485054178064,False
2557,852.461715592385,11174.31732515367,11611.31732515367,9022.31732515367,9488.31732515367,0.016660493862682944,549.4981071092651,0.0052106091867116545,171.8568434155119,0.057704848266157065,0.0902975979189532,False
2558,852.738300919787,11156.320959254435,11598.320959254435,9002.320959254435,9476.320959254435,0.016874122658505443,556.5440338324473,0.00541114626840453,178.4709778885766,0.059817492656033755,0.09046093422069758,False
2559,853.0148732680364,11102.324595652239,11559.324595652239,8956.324595652239,9442.324595652239,0.017518538730395442,577.7982304134675,0.005430562299590189,179.111359408598,0.05996062035042014,0.09056881446277662,False
2560,853.2914326127618,11084.328234362642,11547.328234362642,8948.328234362642,9432.328234362642,0.017772133035014695,586.1623036222512,0.005104866163816425,168.3692162539253,0.05646036589038532,0.09041503864369638,False
2561,853.5679789295918,11038.3318754012,11498.3318754012,8910.3318754012,9389.3318754012,0.017731392194486724,584.8185850664462,0.005009417584820312,165.22112149053362,0.05534970911386793,0.0905048583817254,False
2562,853.8445121941551,11048.335518783464,11485.335518783464,8915.335518783464,9384.335518783464,0.016846832132361364,555.6439349169059,0.0054190026017072596,178.73009627451688,0.0599118065018309,0.09044966122898757,False
2563,854.1210323820804,11052.339164524985,11474.339164524985,8920.339164524985,9372.339164524985,0.016273479141371096,536.7335481149715,0.005193150028213661,171.2810036699774,0.05739792895516355,0.09047626147400362,False
2564,854.3975394689962,11042.342812641298,11445.342812641298,8912.342812641298,9350.342812641298,0.01556757945160303,513.4514925808684,0.005268071041168398,173.75205615741595,0.05825237082953733,0.09043530702954977,False
2565,854.6740334305313,11014.346463147942,11422.346463147942,8890.346463147942,9325.346463147942,0.015796595704777212,521.0049299911688,0.004949694285102474,163.2513215304748,0.054653379847753286,0.09056520015579508,False
2566,854.9505142423143,11037.350116060445,11459.350116060445,8906.350116060445,9351.350116060445,0.016295169537270927,537.4489429638664,0.004879384209728343,160.93234745640302,0.05378191975335712,0.0907253633210772,False
2567,855.2269818799738,11025.35377139433,11455.35377139433,8897.35377139433,9349.35377139433,0.016615972281451452,548.0296917781318,0.004904762059124119,161.76936227243527,0.05408910755519985,0.09067929349950238,False
2568,855.5034363191384,11004.357429165117,11431.357429165117,8879.357429165117,9332.357429165117,0.016533116102553064,545.2969208385529,0.005076709404162726,167.44054713645744,0.056006628982914614,0.09064479502437876,False
2569,855.7798775354368,10962.36108938832,11380.36108938832,8846.36108938832,9290.36108938832,0.016251938875508805,536.0231048702805,0.0050159928531263095,165.43798766014788,0.055344951030199256,0.09063144441828681,False
2570,856.0563055044977,10926.364752079444,11352.364752079444,8813.364752079444,9269.364752079444,0.016610642214505797,547.853894966732,0.005297585576805583,174.72550758079592,0.05841733902974511,0.09068515726312257,False
2571,856.3327202019497,10897.36841725399,11328.36841725399,8784.36841725399,9245.36841725399,0.016845730815138363,555.607611159978,0.005367949318205879,177.046251673214,0.05903573632869445,0.09092711723486668,False
2572,856.6091216034215,10868.37208492746,11306.37208492746,8764.37208492746,9225.37208492746,0.017158775371847648,565.932478644123,0.005104309186737321,168.35084597911873,0.056158244944131123,0.09089153679598302,False
2573,856.8855096845417,10854.375755115338,11298.375755115338,8749.375755115338,9219.375755115338,0.017411162322066073,574.2567307669692,0.005313285241080955,175.24331550850025,0.05840627248139561,0.09097114086117064,False
2574,857.1618844209388,10858.379427833113,11311.379427833113,8754.379427833113,9230.379427833113,0.017750557287338594,585.4506901127597,0.005243630741722471,172.94596370941213,0.05767439249148981,0.0909178322510497,False
2575,857.4382457882417,10853.383103096263,11305.383103096263,8753.383103096263,9232.383103096263,0.017720150752419502,584.4478186781249,0.005417730393450584,178.68813617209423,0.059745374821270604,0.09068033148436719,False
2576,857.714593762079,10833.386780920262,11282.386780920262,8732.386780920262,9208.386780920262,0.01763673515693506,581.6965970036727,0.005413854033620272,178.56028567697751,0.05954239471148381,0.09092435834758447,False
2577,857.990928318079,10821.39046132058,11270.39046132058,8721.39046132058,9196.39046132058,0.017655894695625476,582.3285188620667,0.005375777092364212,177.30442811854232,0.059068340416222775,0.09100944862313731,False
2578,858.2672494318708,10800.394144312675,11258.394144312675,8704.394144312675,9184.394144312675,0.018036844067672263,594.8930298885402,0.00527512082670108,173.98457290257727,0.057927940924090884,0.09106349617386936,False
2579,858.5435570790829,10758.397829912008,11220.397829912008,8666.397829912008,9155.397829912008,0.018260655697046952,602.2748078660765,0.005577943378259606,183.97229717071093,0.06121535300188768,0.09112000674222365,False
2580,858.8198512353439,10721.40151813403,11181.40151813403,8637.40151813403,9116.40151813403,0.018244682323658216,601.7479724364906,0.0051956537757402825,171.36358252615628,0.05692580463030554,0.09127062514939449,False
2581,859.0961318762822,10721.405208994182,11187.405208994182,8636.405208994182,9120.405208994182,0.018477658339256596,609.432011134762,0.005203464939227291,171.62121111662964,0.05698245469702062,0.09131696707160913,False
2582,859.3723989775269,10702.408902507907,11180.408902507907,8619.408902507907,9114.408902507907,0.01897614748307725,625.8732308970108,0.0052748770691368775,173.97653326574402,0.05773308922080178,0.09136661731304496,False
2583,859.6486525147064,10682.41259869064,11158.41259869064,8600.41259869064,9101.41259869064,0.018933067852057225,624.4523741147583,0.005656448328186719,186.56155543275293,0.06193971227786809,0.09132183731837976,False
2584,859.9248924634495,10672.416297557807,11150.416297557807,8589.416297557807,9091.416297557807,0.019028324573973302,627.5941410283764,0.005639568152521469,186.00481175803532,0.061648556935289596,0.09147932138040364,False
2585,860.2011187993847,10663.41999912483,11129.41999912483,8580.41999912483,9074.41999912483,0.018576016952615192,612.676084948174,0.005734312810157311,189.12968971535804,0.06265583392760642,0.09152081220054993,False
2586,860.4773314981406,10672.423703407128,11144.423703407128,8585.423703407128,9082.423703407128,0.018794556571736096,619.8839809460407,0.005645468598907348,186.1994208822823,0.061578919534409,0.09167859133599737,False
2587,860.753530535346,10656.42741042011,11129.42741042011,8577.42741042011,9068.42741042011,0.01886119026010548,622.0817000491157,0.005313739345218799,175.25829281747042,0.05801170520673303,0.0915977099153098,False
2588,861.0297158866293,10636.43112017918,11097.43112017918,8554.43112017918,9043.43112017918,0.018426526097649706,607.7455623291734,0.005715575267741059,188.51168618110069,0.0622971280214171,0.0917470106451152,False
2589,861.3058875276196,10624.43483269974,11085.43483269974,8550.43483269974,9030.43483269974,0.018446896219229538,608.4174117558446,0.005273565354525608,173.93327016070623,0.057520901937903414,0.09168085299181636,False
2590,861.582045433945,10631.438547997182,11086.438547997182,8560.438547997182,9031.438547997182,0.018200020837033277,600.2749427314072,0.0050608964079548215,166.9190012834,0.05527073496525686,0.09156557102300335,False
2591,861.8581895812345,10597.442266086895,11050.442266086895,8527.442266086895,9000.442266086895,0.018178600661090973,599.5684603047005,0.005266462022055378,173.69898732499132,0.05740073132524961,0.09174904048197641,False
2592,862.1343199451167,10603.445986984258,11054.445986984258,8530.445986984258,9004.445986984258,0.01808995356288335,596.6446926740828,0.005395306294520747,177.94854225506276,0.05878671994728577,0.09177763786376812,False
2593,862.4104365012201,10590.449710704648,11051.449710704648,8518.449710704648,9001.449710704648,0.018504849490760516,610.3288324657905,0.005447046164327549,179.65503191588869,0.05931642664442181,0.09183031535227848,False
2594,862.6865392251735,10574.453437263433,11056.453437263433,8507.453437263433,8998.453437263433,0.019357912078860687,638.4646297158781,0.00501038084480309,165.25289182948939,0.05448840425820699,0.09195315797945086,False
2595,862.9626280926055,10555.457166675982,11041.457166675982,8487.457166675982,8983.457166675982,0.019549344274852033,644.7784659204955,0.005116561587393008,168.7549559066715,0.055529591275189256,0.09214117139880874,False
2596,863.2387030791446,10553.460898957648,11042.460898957648,8488.460898957648,8988.460898957648,0.01967096470830286,648.7897634557221,0.005185416342318408,171.02593045333413,0.056379617311591135,0.09197324475723842,False
2597,863.5147641604198,10529.464634123786,11017.464634123786,8469.464634123786,8970.464634123786,0.019675374866267702,648.9352197353322,0.005283604595168717,174.26438541909363,0.05748764177847242,0.0919085290631505,False
2598,863.7908113120593,10509.468372189742,10996.468372189742,8455.468372189742,8951.468372189742,0.019672481919942975,648.8398042847155,0.005084130218249074,167.6853011832021,0.055321808220634615,0.09190101303219392,False
2599,864.066844509692,10488.472113170854,10970.472113170854,8435.472113170854,8934.472113170854,0.019513089960174885,643.5827224177019,0.005446413636494268,179.63416981840533,0.059277707309849444,0.09187962699072379,False
2600,864.3428637289467,10481.47585708246,10959.47585708246,8428.47585708246,8927.47585708246,0.01936734595293077,638.775778712237,0.005612291295060211,185.105163664384,0.061091320006320275,0.09186724553471073,False
2601,864.6188689454516,10441.479603939884,10915.479603939884,8393.479603939884,8889.479603939884,0.01928077799927366,635.9205856391523,0.005653520391210101,186.4649859168884,0.061455821027874835,0.09199324484894286,False
2602,864.8948601348358,10445.48335375845,10911.48335375845,8399.48335375845,8884.48335375845,0.018955253151036053,625.1840919074597,0.005424351099847666,178.9065009854611,0.05898355190799659,0.09196379201287587,False
2603,865.1708372727276,10457.487106553477,10909.487106553477,8410.487106553477,8880.487106553477,0.018376995559454823,606.1119410688123,0.0052386431311651285,172.78146182952503,0.056949902852475885,0.09198686685621589,False
2604,865.4468003347557,10469.490862340273,10904.490862340273,8423.490862340273,8876.490862340273,0.017679830711099086,583.117978964684,0.005069370541173606,167.19849600915632,0.05516255180163097,0.09189876783444456,False
2605,865.7227492965491,10453.494621134143,10877.494621134143,8405.494621134143,8852.494621134143,0.01726737709981983,569.5143919080015,0.005235019872601103,172.66195914617674,0.05685251074239548,0.09208071559621195,False
2606,865.9986841337361,10446.498382950384,10861.498382950384,8395.498382950384,8843.498382950384,0.01691900050409259,558.02419951088,0.005658617926090681,186.63311333201136,0.061443303026313664,0.09209495009842367,False
2607,866.2746048219453,10413.502147804287,10823.502147804287,8364.502147804287,8806.502147804287,0.016770996722511693,553.1427236978564,0.005592351615861222,184.44751113220116,0.06054914501184206,0.09236053811771384,False
2608,866.5505113368056,10411.505915711143,10818.505915711143,8364.505915711143,8799.505915711143,0.016653736672182243,549.2752407632782,0.005364258272305581,176.92451322102977,0.058060317729142066,0.09239112843526712,False
2609,866.8264036539455,10371.509686686226,10776.509686686226,8331.509686686226,8762.509686686226,0.01663614632525096,548.6950741474623,0.00526866115837912,173.77151946342212,0.05696838802382749,0.0924839431330839,False
2610,867.1022817489936,10352.513460744814,10758.513460744814,8321.513460744814,8748.513460744814,0.016706463714593122,551.0142894515733,0.005025480637223658,165.750914722522,0.05442911478651336,0.09233074351723408,False
2611,867.3781455975786,10330.517237902175,10739.517237902175,8303.517237902175,8728.517237902175,0.016862692702057334,556.1670498435968,0.00481568964672506,158.83156688579493,0.0520884660037635,0.09245213031186436,False
2612,867.6539951753292,10340.521018173567,10738.521018173567,8310.521018173567,8727.521018173567,0.016402049805828395,540.9740788778267,0.004860601366704291,160.3128498128808,0.052556207147007705,0.09248386880560938,False
2613,867.929830457874,10349.524801574249,10746.524801574249,8316.524801574249,8733.524801574249,0.016347635701141262,539.179387329541,0.004900035186189415,161.6134600674003,0.05295703400227101,0.09252850501369246,False
2614,868.2056514208416,10350.528588119469,10748.528588119469,8314.528588119469,8734.528588119469,0.01638648668108797,540.460774310984,0.005015353031317931,165.41688499203428,0.05415140870941976,0.0926172218017571,False
2615,868.4814580398607,10330.53237782447,10725.53237782447,8295.53237782447,8715.53237782447,0.016296155043836774,537.4814470418931,0.00515350283594037,169.9733559324053,0.05559232942382454,0.09270168905229927,False
2616,868.7572502905599,10302.536170704489,10702.536170704489,8273.536170704489,8700.536170704489,0.016542556323230317,545.6082791593565,0.005312290612276598,175.210510559873,0.057370111438725065,0.09259683272448344,False
2617,869.033028148568,10280.539966774757,10685.539966774757,8258.539966774757,8690.539966774757,0.016780547238599685,553.4577197931416,0.00536293906780632,176.8810030837427,0.05802088632299443,0.09243118138443393,False
2618,869.3087915895134,10265.543766050498,10674.543766050498,8247.543766050498,8681.543766050498,0.016967363283943628,559.6193056464917,0.005304966870332831,174.9689581564313,0.057410050050787136,0.09240484663643132,False
2619,869.5845405890249,10257.547568546932,10685.547568546932,8237.547568546932,8687.547568546932,0.017753242340440258,585.5392488078987,0.005346017751215678,176.32290249482935,0.05774946391681051,0.0925725952870618,False
2620,869.8602751227311,10243.551374279268,10689.551374279268,8234.551374279268,8689.551374279268,0.01850892896310076,610.463382038417,0.004848482832110448,159.91315506942726,0.052480502163520744,0.09238636507332496,False
2621,870.1359951662607,10266.555183262717,10716.555183262717,8250.555183262717,8711.555183262717,0.01863045878591667,614.471691044445,0.004982059827791346,164.31880515909256,0.05388891931281112,0.09245054254793622,False
2622,870.4117006952423,10282.558995512474,10733.558995512474,8262.558995512474,8723.558995512474,0.018642537747992065,614.8700806030607,0.004936591293110731,162.81915731275853,0.053357974720200055,0.09251834086652197,False
2623,870.6873916853045,10259.562811043734,10703.562811043734,8243.562811043734,8696.562811043734,0.018399507294187354,606.8544253988224,0.00483317935676706,159.4084142854689,0.05219567574465662,0.09259731362443072,False
2624,870.9630681120759,10259.566629871684,10699.566629871684,8240.566629871684,8694.566629871684,0.01823717127659876,601.5002423166275,0.00505369345895328,166.6814328850936,0.05454895908012016,0.09264509431849176,False
2625,871.2387299511854,10222.570452011505,10652.570452011505,8209.570452011505,8654.570452011505,0.017894302827302883,590.1917201666585,0.005030780601106229,165.9257186716262,0.054255262775782215,0.09272428781511323,False
2626,871.5143771782615,10220.57427747837,10654.57427747837,8207.57427747837,8650.57427747837,0.018060802599884136,595.6832326405142,0.0047693151905845235,157.30203984551213,0.05135152742817959,0.09287581946330424,False
2627,871.7900097689328,10225.57810628745,10663.57810628745,8210.57810628745,8658.57810628745,0.01821508397340273,600.7717566308248,0.004857758118312953,160.2190735045699,0.0522984853434674,0.09288525444685246,False
2628,872.0656276988278,10236.581938453905,10662.581938453905,8215.581938453905,8656.581938453905,0.01770741451758032,584.0277508822053,0.005000698198995901,164.93353781833514,0.05376153344736147,0.09301628652188915,False
2629,872.3412309435755,10235.585773992889,10649.585773992889,8213.585773992889,8642.585773992889,0.017220013777709032,567.9522499894725,0.00489088783381186,161.31176115871517,0.05251426556938658,0.09313446128937247,False
2630,872.6168194788044,10233.589612919553,10633.589612919553,8213.589612919553,8633.589612919553,0.016651898450211186,549.2146123388228,0.005006502909452131,165.12498937039027,0.05383814308817115,0.09299174567096309,False
2631,872.8923932801429,10233.59345524904,10620.59345524904,8209.59345524904,8619.59345524904,0.01612062485435723,531.6920924372508,0.005044506783699242,166.3784370252872,0.05413475437965644,0.09318425550287417,False
2632,873.16795232322,10249.597300996484,10641.597300996484,8223.597300996484,8637.597300996484,0.016300017719043373,537.6088461893552,0.005031099612223439,165.93624032881712,0.054022668110350225,0.09312941748724049,False
2633,873.4434965836642,10228.601150177015,10631.601150177015,8204.601150177015,8635.601150177015,0.016782431225894404,553.5198576541677,0.0054526707068416995,179.84054115051003,0.058610426440994116,0.09303243531816238,False
2634,873.7190260371041,10222.60500280576,10639.60500280576,8202.60500280576,8640.60500280576,0.01736392483874001,572.6987392760676,0.005228428819349613,172.44457235588118,0.05622234454265701,0.09299556718739646,False
2635,873.9945406591684,10204.608858897833,10626.608858897833,8184.608858897833,8621.608858897833,0.017598332559232086,580.4299986111046,0.00499205415494032,164.64843907603733,0.05350402357043006,0.09330240646984289,False
2636,874.2700404254857,10197.612718468345,10617.612718468345,8176.612718468345,8614.612718468345,0.017528365781006486,578.1223471985846,0.00513396406860734,169.32892631625828,0.05499216275745129,0.09335810434027167,False
2637,874.5455253116849,10156.6165815324,10573.6165815324,8145.6165815324,8579.6165815324,0.017474500170955937,576.3457461563214,0.005069415962914239,167.19999411363665,0.05434017558283511,0.09329038613772087,False
2638,874.820995293394,10128.620448105095,10550.620448105095,8122.620448105096,8557.620448105095,0.017727702817412847,584.6969016556652,0.004929157611694435,162.57397887442585,0.05278060749569244,0.09338955812694494,False
2639,875.0964503462424,10115.624318201524,10538.624318201524,8113.624318201524,8546.624318201524,0.01779123120908713,586.792201546559,0.004788488121498614,157.93440340759253,0.05127763909272586,0.09338355287456865,False
2640,875.3718904458583,10107.628191836768,10529.628191836768,8101.628191836768,8539.628191836768,0.01776377817013474,585.8867426170056,0.005102875896664378,168.30357305980976,0.054561325498412125,0.09352551189052188,False
2641,875.6473155678704,10080.632069025907,10499.632069025907,8080.632069025907,8514.632069025907,0.017686316866398172,583.3319060000192,0.005034236548859771,166.03970309276576,0.05382752965846115,0.09352531280559034,False
2642,875.9227256879075,10093.635949784011,10509.635949784011,8090.635949784012,8520.635949784011,0.01754003562569645,578.5072432058846,0.004949314652030773,163.23880043380063,0.052882762567019806,0.09359031963881176,False
2643,876.1981207815982,10085.639834126148,10489.639834126148,8090.639834126148,8509.639834126148,0.017057121665602408,562.5797257411904,0.0048711891391188845,160.66205680207793,0.052218358245071046,0.09328499215271062,False
2644,876.473500824571,10072.643722067374,10473.643722067374,8076.643722067373,8498.643722067374,0.01695432372827081,559.1892336919136,0.005164373862508211,170.33190523896224,0.05533433972783674,0.09333036027734867,False
2645,876.7488657924546,10085.647613622741,10476.647613622741,8084.647613622741,8502.647613622741,0.0165185463780448,544.816380699444,0.005374539019479353,177.26359387243292,0.057570719497092554,0.09335542557794121,False
2646,877.0242156608779,10097.651508807294,10490.651508807294,8091.651508807295,8512.651508807294,0.016582082145343,546.9119238539178,0.005445602140199499,179.6074049648796,0.05826640740561884,0.09346040682223973,False
2647,877.2995504054691,10074.655407636074,10466.655407636074,8068.6554076360735,8491.655407636074,0.016577725672898884,546.7682382356254,0.0056134682412109504,185.14398182231685,0.059958667442325926,0.09362229817082793,False
2648,877.5748700018571,10058.65931012411,10450.65931012411,8055.659310124111,8473.65931012411,0.016603591326878584,547.6213418721763,0.005366316795910226,176.99240765642355,0.05723714116258467,0.09375584955696795,False
2649,877.8501744256706,10011.66321628643,10404.66321628643,8016.663216286431,8433.66321628643,0.016721795408480157,551.5199609424152,0.005300819750289908,174.83217742037846,0.05647449892957339,0.09386218294562124,False
2650,878.1254636525382,9979.667126138052,10369.667126138052,7994.6671261380525,8408.667126138052,0.016648759897191164,549.1110962631424,0.00527801476522495,174.08002107800758,0.05634289938279684,0.09367666241962133,False
2651,878.4007376580884,9970.671039693989,10360.671039693989,7983.671039693988,8405.671039693989,0.01666349679141989,549.5971500110143,0.005706258953272394,188.20441454750107,0.06091964073496737,0.09366862450974778,False
2652,878.67599641795,9953.674956969244,10358.674956969244,7969.674956969244,8399.674956969244,0.01732075113184666,571.2747796737701,0.005501120254093602,181.43850905738304,0.05865216137977708,0.09379228530852328,False
2653,878.9512399077516,9933.678877978817,10350.678877978817,7954.678877978817,8390.678877978817,0.017858718511100317,589.0180746218596,0.0053157295674581655,175.32393453027146,0.056653013493791794,0.09382959951531403,False
2654,879.2264681031219,9917.682802737701,10346.682802737701,7946.682802737701,8384.682802737701,0.0183909210306414,606.5712323791838,0.004909838415418897,161.93679117328213,0.05236076523505972,0.09376941672600628,False
2655,879.5016809796895,9926.686731260881,10369.686731260881,7955.686731260882,8403.686731260881,0.01896132000255755,625.3841894228547,0.00483086090182791,159.33194676830044,0.05155051118720607,0.0937112123735224,False
2656,879.7768785130829,9915.690663563337,10371.690663563337,7947.690663563337,8405.690663563337,0.0195265856560707,644.027838835618,0.004805862555288157,158.50744875415558,0.05130134064331278,0.09367908313941128,False
2657,880.052060678931,9884.694599660039,10348.694599660039,7921.694599660039,8387.694599660039,0.01992231489933618,657.0798210814279,0.004902198996624429,161.68482708376757,0.0523213418816997,0.09369406097627359,False
2658,880.3272274528623,9889.698539565954,10358.698539565954,7926.698539565953,8393.698539565954,0.02012214082991158,663.6705002958344,0.004738884755321995,156.2983801273133,0.05056359982036125,0.09372126929565866,False
2659,880.6023788105053,9864.702483296038,10336.702483296038,7902.702483296038,8377.702483296038,0.02029802476474305,669.4715221657383,0.005051276306481858,166.6017101158535,0.0538614814979248,0.0937827212694934,False
2660,880.8775147274891,9845.706430865244,10326.706430865244,7881.706430865245,8363.706430865244,0.020714948724579168,683.2225507142732,0.0050635770869606675,167.00741571166498,0.053813547469632114,0.09409483903320309,False
2661,881.1526351794419,9836.71038228852,10323.71038228852,7876.710382288519,8355.71038228852,0.020985927653463188,692.1600053729125,0.004652573564978443,153.45165564801312,0.04940153704208464,0.094178720816216,False
2662,881.4277401419926,9808.7143375808,10295.7143375808,7858.714337580799,8335.7143375808,0.021044397616120494,694.0884676422635,0.004546922895356183,149.96707449149108,0.04837814765498046,0.09398712261129916,False
2663,881.7028295907696,9785.718296757015,10259.718296757015,7840.718296757016,8314.718296757015,0.020542726934530128,677.5423140769376,0.004948962244285215,163.22717728560883,0.05278196188371083,0.09376237766964335,False
2664,881.9779035014018,9769.722259832095,10236.722259832095,7828.722259832094,8296.722259832095,0.02027870279658436,668.8342430420619,0.004936963303418158,162.83142699464463,0.05267619693544544,0.09372284998988054,False
2665,882.2529618495178,9730.72622682095,10190.72622682095,7794.726226820951,8256.72622682095,0.020059880564931704,661.6170258888608,0.004947137986630563,163.1670094336605,0.05270155359556194,0.09387081877311426,False
2666,882.528004610746,9726.730197738498,10183.730197738498,7791.730197738498,8251.730197738498,0.019940015350854608,657.6636191779623,0.004971098369504871,163.95727322437187,0.0529700088464212,0.09384741437211847,False
2667,882.8030317607154,9694.73417259964,10152.73417259964,7762.734172599639,8224.73417259964,0.020047109948347307,661.1958241107151,0.005060045872779806,166.89094884554606,0.05383533349191841,0.09399116796665528,False
2668,883.0780432750544,9670.738151419271,10123.738151419271,7743.738151419271,8203.738151419271,0.01988127936012403,655.7263827435771,0.0051798514449338945,170.8423884404591,0.055152304351990096,0.09391903939090782,False
2669,883.3530391293917,9659.742134212285,10108.742134212285,7737.742134212285,8189.742134212285,0.019731585061447312,650.7891501233516,0.004924390076706593,162.4167355494086,0.0524490151695768,0.09388908563459547,False
2670,883.6280192993561,9670.746120993563,10115.746120993563,7742.746120993563,8189.746120993563,0.019537938918717954,644.4022933017101,0.004837480789842391,159.55028458968866,0.05138263288440162,0.09414622253253432,False
2671,883.902983760576,9666.750111777983,10103.750111777983,7740.750111777983,8178.750111777983,0.019202104508304226,633.3257685392693,0.0047017870195023535,155.07481882241154,0.049941150000708444,0.09414655087909782,False
2672,884.1779324886802,9670.754106580413,10097.754106580413,7743.754106580413,8180.754106580413,0.018764450012108982,618.8910033270682,0.005077334987221665,167.46118018068523,0.05403137746426179,0.09397011931779806,False
2673,884.4528654592973,9642.758105415716,10071.758105415716,7718.758105415715,8155.758105415715,0.018904014373146476,623.4941293113341,0.0050128910368991975,165.33568324111627,0.0532451374998425,0.09414739584274763,False
2674,884.7277826480558,9650.762108298746,10078.762108298746,7726.762108298747,8162.762108298747,0.018845584179156903,621.5669786962366,0.00499401424654148,164.71308701705732,0.05308993549211607,0.09406706186868692,False
2675,885.0026840305848,9643.766115244356,10078.766115244356,7718.766115244356,8159.766115244356,0.019160698077634084,631.9600974215388,0.004969130937494116,163.89238318121443,0.05274289625948476,0.0942142220072057,False
2676,885.2775695825123,9642.770126267385,10093.770126267385,7720.7701262673845,8170.7701262673845,0.01985159621410701,654.7473701954596,0.004750773945012415,156.69051059378057,0.05045115864563281,0.09416580456321504,False
2677,885.5524392794675,9624.774141382666,10080.774141382666,7702.774141382667,8154.774141382667,0.020103337551915783,663.0503286639909,0.004661435773374224,153.74394990882115,0.04937299204650488,0.09441266530866864,False
2678,885.8272930970788,9610.77816060503,10054.77816060503,7694.77816060503,8135.77816060503,0.0196139403364739,646.908979810449,0.00458905407374394,151.35664931233168,0.04868097197730925,0.0942679220924954,False
2679,886.1021310109747,9575.782183949295,10007.782183949295,7662.782183949295,8100.782183949295,0.019163585705637608,632.0553374627434,0.004976888365962957,164.14823947784032,0.0527775559550933,0.0942993337963135,False
2680,886.3769529967843,9535.786211430277,9969.786211430277,7629.786211430277,8067.786211430277,0.019329339760086862,637.522254585144,0.004912672464922545,162.03026408294159,0.05204774811975867,0.09438780047925968,False
2681,886.6517590301358,9515.79024306278,9954.79024306278,7616.79024306278,8052.79024306278,0.019587253159898534,646.0287806318938,0.004587137865000233,151.2934487201901,0.04860322212351142,0.09437929554018687,False
2682,886.926549086658,9484.794278861606,9928.794278861606,7592.794278861606,8036.794278861606,0.01986859669445661,655.308081771542,0.004812621810753592,158.73038320701949,0.05107857419755083,0.09421997160962949,False
2683,887.2013231419796,9465.798318841546,9913.798318841546,7575.798318841546,8023.798318841546,0.020082832576740012,662.3740314822701,0.0048687669578821036,160.58216817358584,0.051633648523415815,0.09429445908077021,False
2684,887.4760811717292,9469.802363017385,9917.802363017385,7578.802363017385,8024.802363017385,0.020074534368294004,662.100339125305,0.004759229064081494,156.9693781929126,0.050436549449822884,0.09436071888336141,False
2685,887.7508231515354,9463.8064114039,9899.8064114039,7569.806411403902,8010.806411403902,0.01956085422315553,645.1580882088758,0.0050306094209131985,165.92007278904782,0.05325325156809861,0.09446577012260389,False
2686,888.0255490570271,9459.810464015867,9882.810464015867,7565.810464015867,7994.810464015867,0.0189980313933577,626.5950082569358,0.0049546835254092245,163.41587716292304,0.05240298893173666,0.09454963593514673,False
2687,888.3002588638325,9433.814520868047,9842.814520868047,7536.814520868046,7955.814520868046,0.01843196799934975,607.9250476858437,0.005064854054373465,167.04953278106007,0.05333273510922496,0.0949670787369275,False
2688,888.5749525475806,9421.818581975196,9824.818581975196,7528.818581975195,7943.818581975195,0.018189802151728517,599.937909010895,0.005112682891693088,168.6270283696656,0.053901935654349704,0.09485156385623253,False
2689,888.8496300838998,9404.822647352064,9802.822647352064,7511.8226473520635,7922.8226473520635,0.018000535254333,593.6954889053167,0.0051340733124503116,169.3325294078245,0.05402112762855954,0.09503824777134165,False
2690,889.124291448419,9389.826717013395,9782.826717013395,7500.826717013395,7906.826717013395,0.017806783220305714,587.3051395660912,0.0050863052781934155,167.75703923203287,0.05353707297332718,0.09500529251435681,False
2691,889.3989366167665,9366.830790973923,9751.830790973923,7484.830790973923,7880.830790973923,0.017493482109390533,576.9718103849718,0.004896534049470054,161.49798521918297,0.051562860237151155,0.0949624211486641,False
2692,889.6735655645714,9355.834869248378,9733.834869248378,7477.834869248378,7869.834869248378,0.017201426436919583,567.3392004205836,0.004988322795422953,164.5253709960249,0.05261249260824027,0.09481251596586915,False
2693,889.9481782674619,9347.83895185148,9720.83895185148,7468.83895185148,7858.83895185148,0.01699252650573951,560.4492415931433,0.005112767541057529,168.62982028363353,0.05387432715559803,0.09490174283366928,False
2694,890.222774701067,9326.84303879794,9710.84303879794,7451.8430387979415,7849.8430387979415,0.017522266366862466,577.9211756994539,0.005075007949238253,167.38442957667576,0.05345857671418395,0.0949334655198877,False
2695,890.4973548410153,9302.847130102471,9697.847130102471,7433.847130102471,7836.847130102471,0.01805944949583729,595.6386044248928,0.004868299760753994,160.5667590302761,0.05126246942534975,0.094968108546612,False
2696,890.771918662935,9300.851225779767,9697.851225779767,7429.8512257797665,7837.8512257797665,0.018152819783638818,598.7181527762239,0.0050640782729152595,167.02394587791514,0.05330017310846683,0.09501054082150479,False
2697,891.0464661424554,9280.85532584452,9681.85532584452,7416.855325844522,7825.855325844522,0.018370586025497678,605.9005411663885,0.004941421257115608,162.97845967798037,0.05207115116755415,0.09489748442885661,False
2698,891.3209972552047,9252.85943031142,9648.85943031142,7389.85943031142,7794.85943031142,0.01820001501242383,600.2747506235446,0.004972095336183358,163.99015528100222,0.05225328366031545,0.09515373939952966,False
2699,891.5955119768117,9229.86353919514,9615.86353919514,7371.863539195139,7768.863539195139,0.017793011377414937,586.850915239834,0.004987194332845876,164.4881519282618,0.05242813161553854,0.09512439560916533,False
2700,891.870010282905,9206.86765251035,9581.86765251035,7354.86765251035,7742.86765251035,0.01733826769293591,571.8525126774217,0.004988706111324688,164.53801356017516,0.052489111714842406,0.09504268501297625,False
2701,892.1444921491133,9192.871770271715,9559.871770271715,7343.871770271715,7719.871770271715,0.017000864716644335,560.7242533152832,0.004684136759071072,154.49267613343034,0.04921136283730643,0.09518404874412653,False
2702,892.4189575510651,9148.87589249389,9506.87589249389,7304.87589249389,7677.87589249389,0.01667008816240978,549.8145472809903,0.004958157799880954,163.53046603775044,0.05204004573198371,0.09527581557895673,False
2703,892.6934064643893,9103.880019191523,9460.880019191523,7270.880019191523,7639.880019191523,0.016705009405698776,550.9663232873538,0.004794550658285161,158.13435861395953,0.05034057418323126,0.09524227198588953,False
2704,892.9678388647143,9100.884150379256,9462.884150379256,7268.8841503792555,7637.8841503792555,0.01693993720649214,558.7147359639099,0.004565382367060045,150.57590666916292,0.04788871951022704,0.09533314763375683,False
2705,893.242254727669,9042.88828607172,9411.88828607172,7223.88828607172,7600.88828607172,0.017369598006151402,572.8858522620072,0.0047237303334261085,155.79855543935616,0.049632425557576555,0.0951742793216161,False
2706,893.5166540288818,9048.892426283544,9426.892426283544,7225.892426283544,7613.892426283544,0.017773125888696503,586.1950500236055,0.004942118829017645,163.00146706557064,0.0518950927020949,0.09523287408672731,False
2707,893.7910367439814,9031.896571029347,9413.896571029347,7212.896571029347,7602.896571029347,0.017990466860854672,593.3634121251458,0.004878910880958473,160.91673607865948,0.05123302907785672,0.09522979548104005,False
2708,894.0654028485965,9013.900720323738,9401.900720323738,7198.900720323738,7588.900720323738,0.01830289051551373,603.6678009545697,0.004609796539623928,152.04077943667085,0.048350271979618324,0.09534168787234851,False
2709,894.3397523183556,8971.904874181322,9368.904874181322,7166.904874181322,7565.904874181322,0.018804169155984294,620.2010241797137,0.0047250673199322885,155.84265206460816,0.049638020515957636,0.095190486462152,False
2710,894.6140851288876,8954.909032616695,9350.909032616695,7154.909032616696,7551.909032616696,0.018792653641132296,619.8212182948631,0.0046599798178213955,153.69592943434384,0.048986894239077164,0.09512707205071391,False
2711,894.8884012558212,8943.913195644449,9335.913195644449,7146.913195644449,7537.913195644449,0.018629229474638687,614.4311457745467,0.004503395145161109,148.5314377969214,0.04732576271933313,0.09515737066655705,False
2712,895.1627006747846,8921.917363279163,9302.917363279163,7124.9173632791635,7508.9173632791635,0.018160966792149954,598.9868582415223,0.00463652644373307,152.92238785910092,0.04862124063852253,0.09536010152853971,False
2713,895.4369833614068,8887.921535535412,9262.921535535412,7097.921535535412,7479.921535535412,0.01794777333462174,591.9552898903445,0.0048180746998093965,158.91023094977788,0.05057816175008795,0.09525998045591325,False
2714,895.7112492913163,8868.925712427763,9243.925712427763,7086.925712427763,7469.925712427763,0.017985429480270473,593.197268725159,0.00487297298425313,160.72089176415795,0.05130706301999874,0.09497665033669374,False
2715,895.9854984401419,8859.929893970775,9232.929893970775,7075.929893970775,7461.929893970775,0.017909252501013623,590.684791829099,0.0051583905471208474,170.13456292085993,0.054260255244959116,0.0950675687726344,False
2716,896.2597307835122,8819.934080179,9208.934080179,7042.934080179,7428.934080179,0.01874402494892146,618.217341810691,0.004428856212128129,146.07298710841508,0.046376774917100544,0.09549728759804454,False
2717,896.5339462970556,8781.938271066983,9182.938271066983,7011.938271066983,7409.938271066983,0.01939128485239533,639.5653339349376,0.004585221057564114,151.23022838191434,0.048033062739891684,0.095459685391997,False
2718,896.808144956401,8761.94246664926,9157.94246664926,6995.94246664926,7392.94246664926,0.019197513659456468,633.1743526945376,0.0047735835220824654,157.4428183901316,0.05005468028832952,0.09536737612916986,False
2719,897.0823267371769,8724.94666694036,9112.94666694036,6965.946666940359,7352.946666940359,0.018896047670872714,623.2313707247389,0.004585223182247921,151.23029845845235,0.04801782403416598,0.09549002426651841,False
2720,897.3564916150121,8692.950871954803,9071.950871954803,6944.950871954803,7323.950871954803,0.018533464461145125,611.2726143362997,0.004542780072287433,149.8304354786785,0.04770492005618182,0.09522665727009763,False
2721,897.6306395655351,8666.955081707107,9042.955081707107,6919.955081707107,7299.955081707107,0.01844382786449667,608.3162109672276,0.00477308454475189,157.42636106894406,0.05004454064784517,0.09537672806988609,False
2722,897.9047705643749,8639.959296211777,9015.959296211777,6896.959296211777,7274.959296211777,0.01850024588514843,610.176995876157,0.004672658958091016,154.11411413134942,0.048919297247700416,0.09551770407557657,False
2723,898.1788845871596,8601.96351548331,8980.96351548331,6862.96351548331,7245.96351548331,0.018725335904892334,617.6009378551822,0.004859116937166501,160.26389020652857,0.05079764238137303,0.09565634760538196,False
2724,898.4529816095181,8571.9677395362,8960.9677395362,6843.9677395362,7229.9677395362,0.019274385906463125,635.709760982404,0.004554019812903397,150.20114574956085,0.04768828633814,0.0954955642694419,False
2725,898.727061607079,8532.971968384929,8928.971968384929,6813.971968384929,7206.971968384929,0.019701140605896523,649.7850279865762,0.004651349646609616,153.4112882475946,0.04876942293234304,0.09537430149752542,False
2726,899.0011245554712,8497.976202043974,8899.976202043974,6786.976202043974,7179.976202043974,0.020073334825828817,662.0607756934253,0.004373343576943779,144.24206371527555,0.045816956179735364,0.09545251237964363,False
2727,899.2751704303229,8458.980440527803,8864.980440527803,6750.980440527803,7151.980440527803,0.020359760968051772,671.5077119172462,0.004699707380080551,155.00622794298317,0.049159441633273036,0.0956013173448985,False
2728,899.5491992072632,8430.984683850877,8836.984683850877,6725.984683850877,7132.984683850877,0.020425801939365527,673.6858819659653,0.0050896155314185156,167.8662183413819,0.05325112310200655,0.09557761855405325,False
2729,899.8232108619205,8386.988932027649,8801.988932027649,6690.98893202765,7097.98893202765,0.020974748231189427,691.7912845277417,0.0046702580936726495,154.0349285763358,0.04875994368313394,0.0957806293629517,False
2730,900.0972053699234,8343.993185072566,8755.993185072566,6655.993185072566,7060.993185072566,0.020931474167678033,690.3640149532367,0.004721449549207658,155.72333038173838,0.049284263381300236,0.09580034731733662,False
2731,900.3711827069005,8305.997443000062,8711.997443000062,6625.997443000063,7026.997443000063,0.020725946204481083,683.5852707175867,0.004792585350765908,158.06953864099728,0.050056123777377115,0.09574423645108371,False
2732,900.6451428484808,8280.001705824572,8683.001705824572,6608.001705824572,7008.001705824572,0.020639460085166556,680.7327767131319,0.004884592363497711,161.10412331499322,0.05113793420615223,0.09551798365194937,False
2733,900.9190857702927,8242.005973560514,8641.005973560514,6571.005973560514,6971.005973560514,0.02053138041241554,677.1680819277814,0.0051322124792767924,169.27115521838437,0.053552614361569606,0.0958349567142658,False
2734,901.1930114479646,8209.010246222306,8606.010246222306,6541.010246222305,6940.010246222305,0.020511061074458742,676.4979074517423,0.005204221135829534,171.64615207005875,0.054185881935816034,0.09604385773390214,False
2735,901.4669198571256,8171.014523824351,8571.014523824351,6507.014523824351,6906.014523824351,0.020756248577444885,684.5847066719928,0.005089462696738746,167.86117753239228,0.052822941652902036,0.09634947500995784,False
2736,901.7408109734042,8145.018806381052,8542.018806381051,6488.018806381052,6882.018806381052,0.020668431841716777,681.6883261413295,0.004935323169346445,162.77733192548033,0.05124290090161083,0.09631232975710206,False
2737,902.0146847724288,8117.023093906798,8509.023093906799,6471.023093906798,6857.023093906798,0.020482920766057844,675.5697809311713,0.0046797416278059265,154.34771546596164,0.048704711770314366,0.09608396103184086,False
2738,902.2885412298284,8075.0273864159735,8458.027386415974,6441.0273864159735,6817.0273864159735,0.020125083110689723,663.7675429004233,0.004514809882339786,148.9079198222763,0.04706287384865162,0.09593145324824098,False
2739,902.5623803212313,8043.0316839229545,8414.031683922954,6413.0316839229545,6783.0316839229545,0.019584363543083787,645.9334749955148,0.004776096563209861,157.52570376879873,0.049767415809726864,0.09596834566355744,False
2740,902.8362020222665,8004.035986442108,8365.035986442108,6389.035986442108,6744.035986442108,0.01915878106763617,631.8968704023492,0.004325763651639513,142.67277776813705,0.04519618380614616,0.09571081643072837,False
2741,903.1100063085624,7970.040293987795,8325.040293987795,6363.040293987795,6710.040293987795,0.01892582715371569,624.2135606638716,0.004134627557008708,136.36870760878037,0.04319117365558251,0.09572852986073702,False
2742,903.3837931557478,7950.044606574366,8303.044606574367,6347.044606574366,6693.044606574366,0.018867805668311602,622.2998901170082,0.004184363235770153,138.0090948362216,0.043721088795792847,0.09570583329509402,False
2743,903.6575625394512,7913.048924216168,8265.04892421617,6314.048924216168,6659.048924216168,0.018901577822576312,623.4137667520237,0.00420268516840221,138.61339068620532,0.04380783029152824,0.09593456558872182,False
2744,903.9313144353011,7881.053246927537,8232.053246927537,6287.053246927537,6630.053246927537,0.018923909137377418,624.1503004534618,0.004145968628765255,136.74275999367217,0.04315833854626986,0.09606413889914647,False
2745,904.2050488189267,7859.057574722801,8208.057574722801,6268.057574722801,6613.057574722801,0.018869923714301757,622.3697477257894,0.004399403077895922,145.10156083243407,0.04580908195480338,0.0960377918561325,False
2746,904.4787656659562,7831.061907616281,8181.061907616281,6245.061907616281,6590.061907616281,0.018989021811530386,626.2978533105844,0.004363724687102322,143.9248125098827,0.04540719811632607,0.09610204699094511,False
2747,904.7524649520182,7812.06624562229,8159.06624562229,6226.06624562229,6570.06624562229,0.018874541886059755,622.5220647375323,0.004481469379828677,147.80827996940468,0.04653101570156738,0.09631144543611844,False
2748,905.0261466527415,7786.070588755133,8132.070588755133,6208.070588755133,6552.070588755133,0.018882803058594227,622.7945355722873,0.004539118176260411,149.70965845058652,0.047237147500859375,0.09609213122316142,False
2749,905.299810743755,7758.074937029107,8105.074937029107,6180.074937029107,6523.074937029107,0.019003064321726135,626.7610048134885,0.004455562204953946,146.95380688646082,0.04615610916543423,0.09653244793628889,False
2750,905.5734572006868,7730.079290458501,8077.079290458501,6161.079290458501,6503.079290458501,0.0190703975811398,628.9817972400671,0.004391853691825175,144.85256621139206,0.0455911750946577,0.09633122381045635,False
2751,905.8470859991659,7685.0836490575975,8038.0836490575975,6125.0836490575975,6468.0836490575975,0.01950392242205758,643.2803577408902,0.004159681248972591,137.1950310313465,0.04312484020063726,0.09645673420747244,False
2752,906.1206971148209,7656.088012840669,8009.088012840669,6099.088012840669,6446.088012840669,0.019576148844986194,645.6625369853749,0.004455181604925525,146.9412538975215,0.04616078431284024,0.09651442607066485,False
2753,906.3942905232803,7609.09238182198,7965.09238182198,6066.09238182198,6412.09238182198,0.019857960367678004,654.9572733573609,0.00423279044140331,139.6063258695474,0.04395081384622631,0.09630744168271516,False
2754,906.667866200173,7562.096756015789,7915.096756015789,6031.096756015789,6374.096756015789,0.019813998347512175,653.5073135263422,0.0042083573909334725,138.80047250801226,0.043772421043679496,0.09614175525575908,False
2755,906.9414241211274,7511.101135436344,7847.101135436344,5987.101135436344,6316.101135436344,0.019005640237393907,626.8459639266565,0.004226840810944779,139.41009455120172,0.0438589098558251,0.09637359489416022,False
2756,907.2149642617723,7492.105520097888,7822.105520097888,5972.105520097888,6297.105520097888,0.01871978485815559,617.417852665784,0.004293713348331472,141.61569139691653,0.04457316653064488,0.09632955615525912,False
2757,907.4884865977364,7454.109910014653,7780.109910014653,5942.109910014653,6263.109910014653,0.018589940245147863,613.1353044019602,0.004259412266847198,140.48436963042138,0.044218991356849396,0.09632540535521344,False
2758,907.7619911046479,7422.114305200864,7747.114305200864,5915.114305200864,6234.114305200864,0.01861232536368808,613.873612663807,0.0041992941645150605,138.5015482502879,0.04353185816183535,0.09646484992447688,False
2759,908.035477758136,7373.1187056707395,7698.1187056707395,5878.1187056707395,6195.1187056707395,0.018733377659687737,617.8661718316977,0.004077902533623393,134.49779710439395,0.042313339806005046,0.09637392255774298,False
2760,908.3089465338293,7359.123111438487,7684.123111438487,5869.123111438487,6180.123111438487,0.018768245970508874,619.0162020140099,0.003655661165644468,120.57138925838535,0.03791195717507722,0.09642501833294029,False
2761,908.582397407356,7327.12752251831,7645.12752251831,5837.12752251831,6151.12752251831,0.01845098380593686,608.552228957353,0.0043045655611420736,141.97362018621425,0.04456889290365946,0.09658228600039187,False
2762,908.8558303543451,7302.131938924399,7626.131938924399,5816.131938924399,6135.131938924399,0.018854638931347163,621.8656234561039,0.004335018010163998,142.9780059644695,0.04485371390116133,0.09664791681947563,False
2763,909.1292453504253,7281.13636067094,7610.13636067094,5800.13636067094,6123.13636067094,0.01919327408915981,633.0345227547908,0.004342453174433745,143.22323331042605,0.04495770918142266,0.09658973407453166,False
2764,909.4026423712249,7255.140787772109,7586.140787772109,5782.140787772109,6102.140787772109,0.019375053871754457,639.0300020766989,0.004018507552639786,132.53882578629953,0.041621892952615515,0.096547928687786,False
2765,909.6760213923728,7222.145220242076,7560.145220242076,5753.145220242076,6078.145220242076,0.019863920982942814,655.153866977707,0.004001814558056108,131.98825573709712,0.041358161187400884,0.09675997295728897,False
2766,909.9493823894977,7184.149658095001,7522.149658095001,5723.149658095001,6046.149658095001,0.019966598897012806,658.5404004075333,0.0038771913222737826,127.87791946923835,0.04005293733117088,0.09680167250196628,False
2767,910.2227253382282,7145.154101345035,7486.154101345035,5695.154101345035,6020.154101345035,0.02024716298946747,667.7939939082627,0.003854965439691521,127.14486314399107,0.03991530168399098,0.09657863719060027,False
2768,910.4960502141926,7107.158550006324,7444.158550006324,5664.158550006324,5986.158550006324,0.020119610406506276,663.587041613105,0.0038932034808373435,128.40603411541463,0.040296473093587235,0.09661400072893492,False
2769,910.7693569930201,7067.163004093003,7397.163004093003,5632.163004093003,5946.163004093003,0.01982008050169193,653.7079157555721,0.0037415144707206444,123.40301171911563,0.038692325886692414,0.09669913568073912,False
2770,911.042645650339,7039.1674636192,7363.1674636192,5609.1674636192,5919.1674636192,0.019543380626878305,644.5817722750346,0.0038188402568168148,125.95337867947046,0.039486125550265525,0.09671347096223612,False
2771,911.315916161778,7005.171928599035,7323.171928599035,5579.171928599035,5886.171928599035,0.019280431652602903,635.9091623979474,0.003982766659257644,131.3600159970008,0.041119785770444915,0.09685767045314425,False
2772,911.5891685029658,6957.176399046618,7268.176399046618,5539.176399046618,5845.176399046618,0.018992444091416344,626.410727294683,0.00435998220298307,143.80137751711686,0.045037496315453014,0.09680782813602135,False
2773,911.862402649531,6921.180874976053,7226.180874976053,5513.180874976053,5814.180874976053,0.018728628936972008,617.7095489749572,0.004357668364690644,143.72506226666133,0.04511084767080241,0.09659912392892378,False
2774,912.1356185771023,6880.185356401436,7182.185356401436,5476.185356401436,5780.185356401436,0.018656470567630378,615.3296142808166,0.004807155247831166,158.55008447139824,0.04970258179682745,0.09671842133838629,False
2775,912.4088162613083,6839.189843336853,7140.189843336853,5443.189843336853,5745.189843336853,0.01870509983274362,616.9335096605145,0.004745802635393179,156.5265463530959,0.04903789176781456,0.09677827623307474,False
2776,912.6819956777775,6806.194335796383,7109.194335796383,5417.194335796383,5720.194335796383,0.018916040941482592,623.8907908142994,0.004720326968391763,155.68630530682185,0.04877894367163136,0.09676976607299903,False
2777,912.9551568021387,6766.198833794094,7063.198833794094,5384.198833794094,5683.198833794094,0.018656676141627394,615.3363945433443,0.004815084871921702,158.81162014157428,0.04973432810704675,0.09681612389651371,False
2778,913.2282996100207,6735.203337344049,7036.203337344049,5361.203337344049,5661.203337344049,0.018987669818345293,626.2532617335185,0.00465880493446701,153.6571793117705,0.048148528728687204,0.09675902997408234,False
2779,913.5014240770519,6698.207846460303,7003.207846460303,5332.207846460303,5633.207846460303,0.01933839621681594,637.8209555642844,0.004510309696526559,148.7594942349922,0.0465958436655275,0.09679639516567812,False
2780,913.7745301788611,6651.212361156899,6954.212361156899,5292.212361156899,5593.212361156899,0.0193471343324226,638.1091569840703,0.004676911606837576,154.25437542586405,0.04825284489863928,0.09692509564279522,False
2781,914.0476178910769,6601.2168814478755,6906.2168814478755,5250.2168814478755,5551.2168814478755,0.019616211093925518,646.9838741642209,0.004594740028251273,151.54418404357318,0.04729561497157072,0.09714938754920853,False
2782,914.3206871893278,6589.2214073472605,6898.2214073472605,5241.2214073472605,5546.2214073472605,0.019903028784783172,656.4437244850295,0.004661667816854519,153.7516031905451,0.04802339847195669,0.09707076061217751,False
2783,914.5937380492426,6564.225938869074,6870.225938869074,5220.225938869074,5521.225938869074,0.019787498858606974,652.6333046816594,0.004558720488458453,150.35618390994955,0.04689324728708868,0.09721486039448637,False
2784,914.86677044645,6561.230476027327,6864.230476027327,5223.230476027327,5517.230476027327,0.01960656365643801,646.6656813974558,0.004175373252710762,137.7125862984317,0.04306354590896573,0.09695841725475418,False
2785,915.1397843565785,6517.235018836026,6821.235018836026,5184.235018836026,5483.235018836026,0.01979963054509488,653.0334332022237,0.004552548843026135,150.15263007110434,0.04688398631656013,0.09710242666413599,False
2786,915.4127797552567,6479.239567309163,6784.239567309163,5155.239567309163,5454.239567309163,0.019977137361528775,658.8879811185909,0.004508220205554685,148.69057843073506,0.046466400834928145,0.09702107597207998,False
2787,915.6857566181135,6433.244121460726,6734.244121460726,5112.244121460726,5412.244121460726,0.01985882401391747,654.9857582256793,0.004906969171982453,161.84215749374323,0.05039768946816063,0.0973649630323329,False
2788,915.9587149207773,6394.2486813046935,6699.2486813046935,5089.2486813046935,5383.2486813046935,0.020236576852187042,667.4448408492275,0.004154193053191112,137.01401879856235,0.04280080789006718,0.09705875328010288,False
2789,916.2316546388769,6332.253246855034,6637.253246855034,5039.253246855034,5333.253246855034,0.02043011327599568,673.8280789102399,0.004195908849137342,138.38989343336868,0.04321485308118474,0.09709413662137831,False
2790,916.5045757480409,6297.257818125711,6603.257818125711,5011.257818125711,5305.257818125711,0.020606779971681068,679.65491787843,0.0041529672582729035,136.97358950560067,0.042757565613806614,0.09712824382433717,False
2791,916.7774782238979,6226.262395130676,6537.262395130676,4952.262395130676,5250.262395130676,0.0211684978663745,698.1815547481089,0.004208863374531049,138.81716091061207,0.043247964648294286,0.09731933996799194,False
2792,917.0503620420765,6191.266977883874,6501.266977883874,4920.266977883874,5220.266977883874,0.021218469004818077,699.8297079307911,0.0044855769067593775,147.94375484139368,0.04598324377325208,0.09754807487871453,False
2793,917.3232271782053,6150.27156639924,6461.27156639924,4893.27156639924,5190.27156639924,0.021423702210638294,706.5987304485916,0.004167060603062458,137.43841764026024,0.04286594723912853,0.09721144338223597,False
2794,917.5960736079134,6121.276160690703,6434.276160690703,4873.276160690703,5169.276160690703,0.0216577239020505,714.3172577331608,0.003950987559747238,130.31187449708295,0.0407127515677626,0.09704545646272975,False
2795,917.8689013068288,6092.280760772182,6394.280760772182,4846.280760772182,5137.280760772182,0.021011791958700402,693.0130645251012,0.004312938696903364,142.2497838035307,0.04436501041554135,0.09721486947724267,False
2796,918.1417102505807,6063.285366657585,6358.285366657585,4821.285366657585,5110.285366657585,0.02063200696572902,680.4869571680006,0.004650307893652096,153.37692904534333,0.04783282327206411,0.09722001704147837,False
2797,918.4145004147972,6013.289978360817,6304.289978360817,4781.289978360817,5068.289978360817,0.020524033884126117,676.925777982764,0.004792337036709882,158.06134872148596,0.04931864669277289,0.09717089494696429,False
2798,918.6872717751074,5978.29459589577,6270.29459589577,4753.29459589577,5034.29459589577,0.02071063346178266,683.0802242767796,0.004233260970848068,139.62184491966468,0.04343322935210417,0.09746595024122891,False
2799,918.96002430714,5939.2992192763295,6222.2992192763295,4718.2992192763295,4996.2992192763295,0.02021568632950111,666.7558275002202,0.004647274284027881,153.27687422344218,0.04760279059086234,0.09762608927637018,False
2800,919.2327579865231,5907.3038485163715,6191.3038485163715,4695.3038485163715,4972.3038485163715,0.020392808423427364,672.5976864596179,0.00450114917695775,148.45736104466278,0.046177457274309164,0.09747503311452285,False
2801,919.5054727888859,5858.308483629764,6139.308483629764,4657.308483629764,4932.308483629764,0.020347219259561067,671.094060009184,0.004568006777595175,150.66246524499002,0.046921985570122185,0.09735322838733143,False
2802,919.7781686898567,5830.313124630366,6113.313124630366,4640.313124630366,4909.313124630366,0.02058476123345492,678.928693609454,0.0038886844270373845,128.25698622226878,0.040006938474802085,0.097200250138776,False
2803,920.0508456650643,5793.317771532027,6069.317771532027,4608.317771532027,4877.317771532027,0.020212525652268876,666.651581721517,0.004426107725020712,145.98233622643124,0.04554926594611558,0.0971718782528079,False
2804,920.3235036901374,5759.322424348591,6032.322424348591,4581.322424348591,4845.322424348591,0.020113153951998388,663.3740941722932,0.004218670206155441,139.14061083105014,0.04337018792390413,0.097271199598152,False
2805,920.5961427407044,5716.327083093889,5984.327083093889,4545.327083093889,4808.327083093889,0.019898251804258985,656.2861696263697,0.004530610131229896,149.42904524199855,0.04656971221272054,0.09728662506083423,False
2806,920.8687627923941,5685.331747781748,5953.331747781748,4520.331747781748,4782.331747781748,0.020004272658396147,659.7829602463024,0.004465118026991809,147.26897798312564,0.045865259567268654,0.09735294358125254,False
2807,921.1413638208353,5641.3364184259835,5907.3364184259835,4482.3364184259835,4743.3364184259835,0.020009704867137785,659.9621259088304,0.004569773893504863,150.72074844208043,0.04682497365198648,0.09759266342504386,False
2808,921.4139458016564,5606.341095040401,5865.341095040401,4457.341095040401,4712.341095040401,0.019613756183999242,646.9029060747554,0.004547092970760499,149.9726839358152,0.046718259982647004,0.09733010117349122,False
2809,921.6865087104862,5542.345777638802,5801.345777638802,4405.345777638802,4656.345777638802,0.01983513430071245,654.2044216895953,0.0042300869427004395,139.51715879970868,0.043341689029888934,0.09759857166118566,False
2810,921.9590525229534,5518.350466234974,5777.350466234974,4387.350466234974,4635.350466234974,0.019919434826752954,656.9848302338659,0.0039608130220246535,130.63593889561844,0.04057106641834632,0.09762654452271351,False
2811,922.2315772146864,5481.3551608427,5738.3551608427,4358.3551608427,4602.3551608427,0.019899481477650697,656.3267268395398,0.003758030520986076,123.9477457727744,0.038470390915274585,0.09768630969367037,False
2812,922.5040827613138,5451.359861475752,5708.359861475752,4338.359861475752,4576.359861475752,0.02000649159808002,659.8561455411759,0.0031881028694762358,105.15033386679545,0.03266993331322128,0.09758522733763997,False
2813,922.7765691384644,5401.364568147894,5657.364568147894,4298.364568147894,4537.364568147894,0.020110674938636643,663.2923311008617,0.0033897527781592066,111.8011717130995,0.03476478142529256,0.09750536719017155,False
2814,923.0490363217673,5360.36928087288,5610.36928087288,4260.36928087288,4497.36928087288,0.019796738274596163,652.9380400417693,0.003714566288098853,122.51420401252801,0.03794625991706776,0.09789018196304736,False
2815,923.3214842868504,5329.373999664458,5573.373999664458,4235.373999664458,4470.373999664458,0.019441988431443125,641.2376445483003,0.004010103873254015,132.2616547760466,0.041011753668270055,0.09777938065488162,False
2816,923.5939130093426,5288.378724536366,5526.378724536366,4203.378724536366,4435.378724536366,0.019118094574431522,630.5549443355029,0.004214092650216349,138.98963341438719,0.04316966774409883,0.09761698133042505,False
2817,923.8663224648727,5237.3834555023295,5481.3834555023295,4163.3834555023295,4392.3834555023295,0.019775812651902657,652.2478690207337,0.0034780223223303854,114.71248681799591,0.03551577308909152,0.09792894874076785,False
2818,924.1387126290692,5202.3881925760725,5440.3881925760725,4134.3881925760725,4361.3881925760725,0.019427134062563068,640.7477162395016,0.0037863577540157706,124.8820374605092,0.03867643050153024,0.09789832476567255,False
2819,924.411083477561,5175.392935771305,5415.392935771305,4112.392935771305,4336.392935771305,0.019686645408969562,649.3069459237522,0.0033473783991811723,110.40357562559598,0.034096024491473045,0.09817503504017913,False
2820,924.6834349859763,5153.397685101729,5391.397685101729,4092.3976851017287,4321.397685101729,0.019607709787944308,646.7034832236441,0.004038694832609168,133.20464471233436,0.04117063956388076,0.09809648029253201,False
2821,924.9557671299441,5111.402440581038,5347.402440581038,4061.4024405810374,4288.402440581038,0.01960279393891942,646.5413481899366,0.004016715105983441,132.47970712794074,0.04104733187739468,0.09785569298343362,False
2822,925.2280798850927,5084.407202222917,5316.407202222917,4041.4072022229166,4263.407202222917,0.019377912437216278,639.1242835741901,0.00384629099659509,126.85876177742875,0.039334335156627265,0.0977845686543159,False
2823,925.5003732270512,5036.411970041041,5265.411970041041,4002.4119700410415,4221.411970041041,0.019311108950154404,636.9209641533283,0.0038248395979106203,126.15124955905662,0.03907401470041987,0.09788703892434991,False
2824,925.772647131448,5010.41674404908,5245.41674404908,3982.4167440490796,4206.41674404908,0.01990614819831773,656.5466093002491,0.0038594440615469863,127.29257750662168,0.03946365817087001,0.09779742275377361,False
2825,926.0449015739116,4992.42152426069,5224.42152426069,3963.4215242606892,4187.42152426069,0.019726963116994345,650.6367086801986,0.004149454382178053,136.85772746810414,0.04226966112999894,0.0981662561574966,False
2826,926.317136530071,4967.42631068952,5200.42631068952,3946.4263106895196,4164.42631068952,0.01990751357788892,656.591642388466,0.003443670202068854,113.57948168534597,0.03506592487327087,0.09820560029471244,False
2827,926.5893519755546,4950.43110334921,5180.43110334921,3930.4311033492104,4153.43110334921,0.019722881537511613,650.5020896095838,0.004243941378399067,139.97410721037477,0.04326982133499797,0.09808086207572195,False
2828,926.8615478859911,4909.4359022533945,5132.4359022533945,3897.4359022533945,4118.4359022533945,0.019291940039548244,636.2887331894536,0.004661389685989614,153.7424298500033,0.0476031289422243,0.09792191794045979,False
2829,927.133724237009,4866.440707415693,5084.440707415693,3864.440707415694,4079.440707415694,0.019031750831118664,627.7071461908504,0.004482226180103858,147.83324083323612,0.04579135572416298,0.09788367496921907,False
2830,927.4058810042371,4833.445518849721,5049.445518849721,3839.445518849722,4051.445518849722,0.018986863008404794,626.2266514458071,0.0043546307742528025,143.62487614915926,0.04452086824108693,0.09781100293623762,False
2831,927.6780181633043,4800.450336569083,5016.450336569083,3811.4503365690834,4023.4503365690834,0.019114536014646393,630.4375755538762,0.004393843711264372,144.9182012354171,0.04483752183136396,0.09799479390921348,False
2832,927.9501356898387,4774.455160587375,4987.455160587375,3791.455160587375,3996.455160587375,0.018955185205631813,625.18185092521,0.003913835236182241,129.08651277359877,0.03987160018202369,0.09816097719466031,False
2833,928.2222335594694,4736.459990918182,4941.459990918182,3760.459990918182,3960.459990918182,0.018401410248981676,606.9171888478542,0.004103247698984437,135.33373393226066,0.04180108316102258,0.09816127690228157,False
2834,928.4943117478248,4706.464827575083,4906.464827575083,3738.4648275750833,3935.4648275750833,0.018073872453596963,596.1143038881368,0.0042288638271337185,139.476817877391,0.04320144748876795,0.09788708649711775,False
2835,928.7663702305335,4673.469670571648,4870.469670571648,3708.469670571648,3905.469670571648,0.017931414655124968,591.4157462554215,0.004547123299672419,149.9736842470802,0.04631833257333629,0.0981711354240335,False
2836,929.0384089832244,4641.474519921434,4839.474519921434,3682.4745199214344,3874.4745199214344,0.018142236947549982,598.3691085974264,0.003930821679162609,129.6467613677379,0.03988624453333837,0.09855080931164341,False
2837,929.310427981526,4618.479375637995,4812.479375637995,3666.479375637995,3854.479375637995,0.017869872737877168,589.3859644665823,0.003846607090706642,126.86918722564167,0.03912077322657227,0.09832645864202613,False
2838,929.5824272010668,4578.4842377348705,4770.4842377348705,3637.4842377348705,3820.4842377348705,0.017840741837482493,588.4251661398823,0.003476550330985609,114.66393744939342,0.03540912500855611,0.09818232814692682,False
2839,929.8544066174758,4548.489106225594,4734.489106225594,3610.489106225594,3796.489106225594,0.017405962704615526,574.0852364541165,0.004410156377297417,145.45622724958844,0.04495753649540806,0.0980960417559327,False
2840,930.1263662063814,4525.493981123689,4712.493981123689,3591.493981123689,3778.493981123689,0.017584816903673372,579.9842238815518,0.004458774901055309,147.05976835680906,0.04542286601593065,0.0981614612228901,False
2841,930.3983059434121,4489.49886244267,4668.49886244267,3560.49886244267,3741.49886244267,0.01697939146625222,560.0160203816619,0.004555374699410791,150.24583275447765,0.04629007057791751,0.09840932715241774,False
2842,930.6702258041969,4466.503750196043,4645.503750196043,3545.5037501960433,3721.5037501960433,0.01706511203716451,562.8432649906667,0.003975399855409744,131.11704332144689,0.040440659122533085,0.09830205396416736,False
2843,930.9421257643643,4442.508644397304,4621.508644397304,3524.508644397304,3703.508644397304,0.017155488164164838,565.8240596251991,0.004359294436873655,143.77869354517884,0.04432427079221202,0.09835005424701998,False
2844,931.2140057995427,4419.513545059941,4596.513545059941,3505.513545059941,3685.513545059941,0.017054074962586586,562.4792390717125,0.0046922871675746936,154.76149373762757,0.04774568443943116,0.09827667615755299,False
2845,931.4858658853611,4381.5184521974315,4555.5184521974315,3476.5184521974315,3650.5184521974315,0.016913165085936373,557.8317351543333,0.004296844097795807,141.71895009492778,0.043697452507906506,0.09833168414150338,False
2846,931.757705997448,4351.523365823245,4524.523365823245,3452.5233658232446,3624.5233658232446,0.016931515524778427,558.4369711990412,0.004182761833690905,137.9562772295816,0.04250199214817841,0.09841331246564106,False
2847,932.0295261114321,4309.52828595084,4483.52828595084,3419.5282859508397,3591.5282859508397,0.01719017842126239,566.9682172214475,0.004122912234204936,135.98231163769424,0.04189862936047357,0.09840207894949468,False
2848,932.301326202942,4280.533212593669,4458.533212593669,3399.5332125936693,3570.5332125936693,0.017694135060890882,583.5897664878394,0.003619653634486266,119.38378519477294,0.03683422676414216,0.0982687557869403,False
2849,932.5731062476062,4242.538145765174,4416.538145765174,3363.538145765174,3538.538145765174,0.017456229940836065,575.7431555638656,0.004571294395097167,150.77089778061224,0.046388475522891826,0.09854375129963736,False
2850,932.8448662210536,4218.5430854787855,4392.5430854787855,3347.5430854787855,3523.5430854787855,0.017553541016602912,578.9526793856305,0.0046998699248091275,155.0115890097925,0.047915622822004685,0.09808637868004019,False
2851,933.1166060989128,4173.548031747929,4350.548031747929,3310.5480317479282,3484.5480317479282,0.018038551805921045,594.9493546855647,0.0042080101869990776,138.78902099245056,0.04272025741362654,0.09850151758816048,False
2852,933.3883258568122,4135.552984586016,4314.552984586016,3283.5529845860156,3454.5529845860156,0.018402217317418423,606.9438076613153,0.0036456121815847224,120.23995264163705,0.0370614258248088,0.09836675466339888,False
2853,933.6600254703808,4103.557944006453,4278.557944006453,3256.557944006453,3426.557944006453,0.01813684773638114,598.1913610852279,0.003962422524330635,130.68902366476232,0.04026011402672747,0.09842054897559661,False
2854,933.9317049152471,4066.562910022635,4238.562910022635,3224.562910022635,3392.562910022635,0.017991138214976322,593.3855547952304,0.004065917255558948,134.10249744137832,0.041184821705095014,0.09872368234766327,False
2855,934.2033641670396,4034.56788264795,4202.56788264795,3200.56788264795,3366.56788264795,0.01771771019804307,584.367324064868,0.004242622875565937,139.93062021551157,0.04309476967504248,0.09844867271730592,False
2856,934.475003201387,4008.572861895773,4177.572861895773,3180.572861895773,3344.572861895773,0.017934251283138573,591.5093042097592,0.003901061236209556,128.66519940419585,0.03959105591356636,0.09853390232193351,False
2857,934.7466219939181,3961.5778477794724,4132.577847779472,3141.5778477794724,3306.5778477794724,0.018352848841808263,605.3155315656459,0.003878077116415895,127.90713482194008,0.03925921137648735,0.09878133004827769,False
2858,935.0182205202615,3934.5828403124074,4103.582840312407,3121.5828403124074,3285.5828403124074,0.018264511531019344,602.4019813752545,0.00397304542891563,131.03938938678516,0.04032021560347857,0.09853730614904899,False
2859,935.2897987560456,3893.587839507927,4060.587839507927,3087.587839507927,3248.587839507927,0.018238932834532335,601.5583421999827,0.003836359651286529,126.5312051339655,0.038824648834474174,0.0988124752304276,False
2860,935.5613566768994,3881.5928453793713,4049.5928453793713,3079.5928453793713,3241.5928453793713,0.018401381836874554,606.9162517568404,0.003863781309934127,127.43562907510693,0.03919247041051564,0.09858478604342952,False
2861,935.8328942584513,3840.5978579400708,4011.5978579400708,3045.5978579400708,3206.5978579400708,0.018918555385890407,623.9737224761045,0.0034533843772199466,113.8998756005351,0.03488281676887973,0.09899958481279644,False
2862,936.1044114763301,3816.602877203347,3986.602877203347,3026.602877203347,3191.602877203347,0.018926002501054504,624.219343987677,0.004127404817717489,136.1304864851221,0.04183555226019842,0.09865783035555206,False
2863,936.3759083061644,3786.6079031825116,3955.6079031825116,3003.6079031825116,3165.6079031825116,0.018962898934310295,625.4362659108951,0.003850984188522963,127.01355311206271,0.0390243361920221,0.09868160651276459,False
2864,936.6473847235827,3769.612935890868,3935.612935890868,2984.612935890868,3150.612935890868,0.01871562026645228,617.2804956776471,0.004791414577787926,158.03092408727775,0.04839175554109761,0.09901303484885408,False
2865,936.918840704214,3742.617975341709,3903.617975341709,2964.617975341709,3126.617975341709,0.018291810045109796,603.3023437500577,0.004814272794189483,158.78483611101922,0.04872764228443719,0.09879962519194331,False
2866,937.1902762236864,3728.6230215483192,3890.6230215483192,2954.6230215483192,3113.6230215483192,0.018470675564669307,609.2017045514331,0.004293276729715974,141.60129079722697,0.043410385313502955,0.09889976093763293,False
2867,937.461691257629,3686.628074523972,3842.628074523972,2921.628074523972,3072.628074523972,0.017999025400690837,593.6456907585616,0.0038860398739363686,128.16976330228,0.039228607479253254,0.09906137698085689,False
2868,937.7330857816704,3669.633134281934,3823.633134281934,2906.633134281934,3059.633134281934,0.017853567872586344,588.8481957372865,0.004425567591300222,145.9645214809956,0.0446938342740707,0.09901964472687305,False
2869,938.0044597714389,3640.63820083546,3795.63820083546,2886.63820083546,3039.63820083546,0.01810728711774537,597.2163897476902,0.004322252139865923,142.55696072882347,0.043825542866781426,0.09862404107587389,False
2870,938.2758132025637,3618.643274197797,3770.643274197797,2867.643274197797,3015.643274197797,0.01786967497340349,589.3794417785494,0.0039851663081331735,131.43916146085667,0.04024279738411933,0.09902806383200899,False
2871,938.5471460506728,3593.648354382181,3747.648354382181,2849.648354382181,2996.648354382181,0.018223255563273973,601.0412728410483,0.00362125599215965,119.43663431891628,0.03660286403779406,0.09893367875313103,False
2872,938.8184582913955,3560.6534414018406,3715.6534414018406,2825.6534414018406,2970.6534414018406,0.01850549478571305,610.3501156497025,0.0032275991031132413,106.45300267123537,0.032668995613310166,0.09879701051471068,False
2873,939.0897499003598,3532.6585352699935,3685.6585352699935,2801.6585352699935,2945.6585352699935,0.01841343591187633,607.3138204874568,0.00335376292489193,110.6141507034879,0.033873116464753786,0.09900957676515071,False
2874,939.3610208531949,3495.6636359998483,3650.6636359998483,2773.6636359998483,2917.6636359998483,0.018842183108054418,621.4548042223967,0.003139246769878576,103.53895700900694,0.0317396292182695,0.09890622062061169,False
2875,939.6322711255292,3459.6687436046036,3614.6687436046036,2739.6687436046036,2890.6687436046036,0.019033985777123206,627.7808594078239,0.004266285771288757,140.7110722546638,0.0430054736776611,0.09920332009980509,False
2876,939.9035006929913,3441.6738580974497,3598.6738580974497,2728.6738580974497,2876.6738580974497,0.019372775965816838,638.9548719508327,0.0035662205530389325,117.6214498549972,0.03600970908165102,0.09903497262231767,False
2877,940.1747095312098,3405.6789794915667,3560.6789794915667,2698.6789794915667,2845.6789794915667,0.019329111902073464,637.5147393489161,0.0037055676653205832,122.21741051864933,0.03735462621025082,0.09919969870569084,False
2878,940.4458976158137,3372.6841078001244,3525.6841078001244,2672.6841078001244,2821.6841078001244,0.019267731819123855,635.4902951953987,0.004293029056055331,141.5931219993015,0.043415888409168255,0.09888152041474199,False
2879,940.7170649224313,3331.689243036285,3484.689243036285,2639.689243036285,2784.689243036285,0.019499568095198247,643.136742888494,0.0037243664576736314,122.83743420456642,0.037525291601514695,0.09924950076932376,False
2880,940.9882114266912,3310.694385213199,3461.694385213199,2624.694385213199,2768.694385213199,0.019369631379727786,638.8511568918544,0.0038266463962149354,126.21084156493191,0.03868150612655377,0.09892702687675467,False
2881,941.2593371042225,3279.699534344009,3428.699534344009,2598.699534344009,2739.699534344009,0.0192953702759396,636.4018695958246,0.003651497030520992,120.43404732921101,0.03679007135381128,0.09925224105722519,False
2882,941.5304419306533,3253.7046904418476,3399.7046904418476,2578.7046904418476,2716.7046904418476,0.01906306105091549,628.7398230522529,0.0035777613165379994,118.0020884932992,0.036070635673885146,0.09918764251577275,False
2883,941.8015258816125,3219.709853519837,3360.709853519837,2549.709853519837,2683.709853519837,0.018614282628118706,613.9381673588,0.0036305157914078914,119.74204196175447,0.03648366648165163,0.09951071648003773,False
2884,942.0725889327286,3184.7150235910913,3324.7150235910913,2522.7150235910913,2653.7150235910913,0.018683849249976844,616.2326207732127,0.0033022403150626267,108.91482673338987,0.03317125487653027,0.09955126290380614,False
2885,942.3436310596306,3169.720200668713,3308.720200668713,2513.720200668713,2643.720200668713,0.018639115318080445,614.7572016708004,0.0032594389571996736,107.50314798477359,0.032898944003315854,0.09907427292715407,False
2886,942.6146522379469,3142.7253847657976,3280.7253847657976,2492.7253847657976,2621.7253847657976,0.01866344552162638,615.5596629246064,0.0032493172413375487,107.1693125203044,0.03281895352987477,0.09900733849967908,False
2887,942.8856524433061,3107.730575895429,3244.730575895429,2464.730575895429,2590.730575895429,0.018735280587804694,617.9289344008538,0.002917517409187966,96.2258566294953,0.029405967036486298,0.09921514927796704,False
2888,943.1566316513367,3085.735774070681,3222.735774070681,2449.735774070681,2574.735774070681,0.01886596452534363,622.2391653519348,0.0027474583914282244,90.6169527682988,0.027789786248058036,0.0988657619351145,False
2889,943.4275898376678,3064.740979304621,3200.740979304621,2433.740979304621,2559.740979304621,0.018856754761245504,621.9354079735189,0.003064911617075474,101.08722742081761,0.031088406293653316,0.09858696480369836,False
2890,943.6985269779278,3043.746191610302,3179.746191610302,2416.746191610302,2542.746191610302,0.018984020677066973,626.1329053838484,0.0030879489549566486,101.84704724746143,0.03130732994955253,0.09863341779488877,False
2891,943.9694430477452,3002.7514110007714,3137.7514110007714,2383.7514110007714,2507.7514110007714,0.01909915382604387,629.93023864118,0.002924366492289082,96.45175378659746,0.02959997960623451,0.09879623334852353,False
2892,944.2403380227488,2982.7566374890653,3112.7566374890653,2369.7566374890653,2491.7566374890653,0.01852734705447687,611.0708494059004,0.0032745283810494026,108.0008289005458,0.03331944167915689,0.09827680825449717,False
2893,944.5112118785672,2954.76187108821,3081.76187108821,2345.76187108821,2464.76187108821,0.018276591427647145,602.8004017573729,0.003214452748454194,106.01940826160546,0.032590582745117655,0.09863133695993043,False
2894,944.7820645908293,2922.767111811222,3049.767111811222,2314.767111811222,2436.767111811222,0.018472464912184475,609.2607209936015,0.003834256315905161,126.46183271198299,0.03858573804401349,0.09936978039739838,False
2895,945.0528961351633,2898.7723596711085,3020.7723596711085,2296.7723596711085,2414.7723596711085,0.017903887215978676,590.5078334510878,0.003854355870764204,127.12475827948504,0.038866547249166654,0.09916898061601925,False
2896,945.3237064871981,2885.777614680867,3002.777614680867,2285.777614680867,2400.777614680867,0.017260309381008244,569.2812836856068,0.00405764838659067,133.82977276205884,0.04090368850395759,0.09920006080131566,False
2897,945.5944956225625,2857.7828768534846,2972.7828768534846,2261.7828768534846,2376.7828768534846,0.01713396108151825,565.1140511906725,0.0044046370631490965,145.27418866765686,0.04432294611422342,0.09937599932545166,False
2898,945.8652635168849,2839.7881462019404,2956.7881462019404,2247.7881462019404,2361.7881462019404,0.017534266421503134,578.3169627250129,0.003951295514125111,130.32203147976986,0.0396896065720907,0.09955491765704776,False
2899,946.1360101457938,2815.793422739201,2933.793422739201,2230.793422739201,2343.793422739201,0.017828740444781003,588.0293349822648,0.0036312353921045537,119.76577590529462,0.0365588272806437,0.09932581710647853,False
2900,946.406735484918,2789.7987064782255,2909.7987064782255,2209.7987064782255,2321.7987064782255,0.01829007790967715,603.2452142826278,0.0031817719741821272,104.94152763277293,0.03193611728773269,0.09962926756297673,False
2901,946.6774395098864,2770.8039974319627,2888.8039974319627,2194.8039974319627,2307.8039974319627,0.01811227086079615,597.3807640690816,0.003690907900708109,121.73390066764398,0.03714509557973943,0.09936460905814151,False
2902,946.9481221963274,2750.8092956133505,2866.8092956133505,2177.8092956133505,2289.8092956133505,0.017938320744467506,591.6435235981901,0.0038411461491675916,126.68907389506012,0.03859670134596888,0.09952006299027336,False
2903,947.2187835198696,2730.814601035319,2846.814601035319,2163.814601035319,2273.814601035319,0.018066968356580913,595.8865922564837,0.0034680355622137664,114.38310247768345,0.03491141631854339,0.09933815146799704,False
2904,947.4894234561418,2704.819913710786,2822.819913710786,2142.819913710786,2251.819913710786,0.018544817344796127,611.6470563022988,0.0030031643857248227,99.05067394130651,0.03013679134261632,0.09965109926875525,False
2905,947.7600419807726,2670.8252336526616,2786.8252336526616,2110.8252336526616,2223.8252336526616,0.018464263507627757,608.9902214323821,0.004184113069676781,138.00084383262583,0.04179885661056159,0.10010113694400805,False
2906,948.0306390693904,2653.8305608738447,2770.8305608738447,2099.8305608738447,2211.8305608738447,0.018736778029175307,617.978323164803,0.0038308242460578755,126.34863583438164,0.03839519731204736,0.09977352674929132,False
2907,948.3012146976242,2640.8358953872257,2755.8358953872257,2090.8358953872257,2200.8358953872257,0.018511938141087276,610.5626310535526,0.003755775152663586,123.87335898482809,0.03772995880647234,0.09954357946500875,False
2908,948.5717688411025,2629.8412372056837,2740.8412372056837,2083.8412372056837,2190.8412372056837,0.01795434878667842,592.1721621204424,0.003791930026182593,125.06582270920603,0.03823707406136742,0.09916893798141696,False
2909,948.842301475454,2606.8465863420884,2712.8465863420884,2066.8465863420884,2165.8465863420884,0.017309761186077955,570.9123081620064,0.003009687860446794,99.26583184965227,0.030308313113919846,0.09930238773547975,False
2910,949.1128125763073,2588.8519428093,2691.8519428093,2051.8519428093,2151.8519428093,0.0169439554336249,558.8472655408591,0.003722411333603407,122.77295010315811,0.03756217735332644,0.09909998822988245,False
2911,949.383302119291,2574.857306620169,2673.857306620169,2036.8573066201686,2135.857306620169,0.016385060611561288,540.4137395404678,0.004226568880052871,139.4011256988017,0.042401680911914146,0.099679276603048,False
2912,949.6537700800338,2562.8626777875343,2661.8626777875343,2026.8626777875343,2124.8626777875343,0.016460310373515082,542.8956348609091,0.004046232280414119,133.45324558427683,0.04051178983322894,0.09987789473313477,False
2913,949.9242164341642,2541.868056324227,2640.868056324227,2009.868056324227,2107.868056324227,0.016593700046428846,547.2951066519712,0.004082174513822617,134.63869599085137,0.04084446761037287,0.09994436829887599,False
2914,950.1946411573111,2521.8734422430675,2621.8734422430675,1995.8734422430675,2091.8734422430675,0.016888436338351815,557.0161290804141,0.003513970620129186,115.89813724090948,0.03519838067270375,0.09983330349211947,False
2915,950.4650442251032,2503.878835556866,2603.878835556866,1980.8788355568656,2079.878835556866,0.017007462415878315,560.941859304051,0.004172661374361911,137.62314285025514,0.04186515950066888,0.09966906669244253,False
2916,950.7354256131687,2494.8842362784217,2592.8842362784217,1973.884236278422,2069.8842362784217,0.016732728414563906,551.8805544636847,0.003891649941296066,128.35479511588142,0.039001172798683384,0.0997828952832783,False
2917,951.0057852971365,2466.8896444205266,2567.8896444205266,1952.8896444205268,2046.8896444205268,0.01742663401527438,574.7670197296982,0.00299009232417817,98.61952987468362,0.02990781004311384,0.09997697323434176,False
2918,951.2761232526354,2454.8950599959608,2554.8950599959608,1943.8950599959605,2036.8950599959605,0.017340134621439057,571.914087903645,0.00295570418318428,97.485336702567,0.029591882197167903,0.09988226377391961,False
2919,951.5464394552938,2443.9004830174936,2540.9004830174936,1933.9004830174936,2029.9004830174936,0.016904138574593747,557.5340218369818,0.004136486462816381,136.43001822964368,0.041538849219931576,0.09958115211414117,False
2920,951.8167338807406,2423.9059134978866,2521.9059134978866,1920.9059134978866,2013.9059134978866,0.017213121795968025,567.7249379450561,0.003319961824626131,109.49931936851362,0.03341693398652173,0.09934968378502926,False
2921,952.0870065046042,2400.9113514498895,2496.9113514498895,1899.9113514498895,1991.9113514498895,0.017026998793078018,561.586210088577,0.0035096702227848837,115.75630109727604,0.03513607138931785,0.09988795229542657,False
2922,952.3572573025133,2400.916796886243,2495.916796886243,1901.916796886243,1991.916796886243,0.01685299378304785,555.8471591080252,0.003226686094172558,106.42288971727294,0.032405474396347875,0.09957225296896775,False
2923,952.6274862500966,2378.922249819677,2475.922249819677,1882.922249819677,1970.922249819677,0.01735675437674039,572.4622423673708,0.002480350547594337,81.80717463143867,0.024727422756273498,0.10030768560241714,False
2924,952.8976933229827,2370.927710262912,2463.927710262912,1875.9277102629123,1965.9277102629123,0.01670964930083575,551.1193567817967,0.0036417962840031917,120.11409631857407,0.03646123658751165,0.09988131574370532,False
2925,953.1678784968003,2356.9331782286586,2447.9331782286586,1862.9331782286586,1951.9331782286586,0.01645228865327088,542.6310616660038,0.00381538003706923,125.83925335898789,0.038061576213869866,0.10024230251607086,False
2926,953.4380417471781,2353.938653729616,2443.938653729616,1863.9386537296161,1950.9386537296161,0.01629515985419897,537.4486235958,0.0035168389083646244,115.99273941591139,0.03530781742207507,0.09960510632316329,False
2927,953.7081830497444,2333.9441367784752,2424.9441367784752,1849.9441367784752,1936.9441367784752,0.016611281304980702,547.8749735139303,0.0033472000459950947,110.39769316262993,0.033722136831343674,0.09925824281941636,False
2928,953.9783023801284,2327.9496273879154,2416.9496273879154,1842.9496273879154,1931.9496273879154,0.016294020463492452,537.4110440953573,0.004188313221364044,138.13937366377866,0.042150383711667835,0.09936595714085181,False
2929,954.2483997139584,2317.9551255706065,2404.9551255706065,1835.9551255706065,1922.9551255706065,0.016001953228369507,527.7780527704019,0.004105134387746921,135.39596089337203,0.04138641039592344,0.09919039482948917,False
2930,954.5184750268631,2305.9606313392082,2396.9606313392082,1826.9606313392082,1915.9606313392082,0.01680901256063804,554.3965659466381,0.003848379539767896,126.92764632128024,0.03879473138023745,0.09919850976796069,False
2931,954.788528294471,2278.9661447063704,2370.9661447063704,1800.9661447063704,1892.9661447063704,0.017187479137191677,566.8791891590364,0.004449818780301113,146.76437666902143,0.044494888372198636,0.10000741530304537,False
2932,955.0585594924111,2268.971665684732,2364.971665684732,1793.9716656847322,1888.9716656847322,0.01799686933344452,593.5745791288336,0.004412994843643436,145.54984583599332,0.044215285836349885,0.09980699570679838,False
2933,955.3285685963116,2263.977194286923,2358.977194286923,1791.977194286923,1886.977194286923,0.017851694547288768,588.7864095313369,0.004582478549149071,151.1397746897718,0.04617184530780562,0.09924833020209345,False
2934,955.5985555818015,2241.9827305255612,2335.9827305255612,1774.9827305255615,1868.9827305255615,0.017837364794132875,588.313784151837,0.004573791707684335,150.8532643989622,0.04612944761336045,0.09915123515070295,False
2935,955.8685204245093,2223.988274413257,2316.988274413257,1759.988274413257,1850.988274413257,0.017791342785829986,586.795881582067,0.004102550400221481,135.31073555337161,0.04120207816356512,0.09957144355522714,False
2936,956.1384631000637,2212.993825962608,2309.993825962608,1751.993825962608,1843.993825962608,0.018630616843245167,614.4769041073673,0.003596274399129549,118.61268887073459,0.03608923904350418,0.09964949371180643,False
2937,956.4083835840934,2203.999385186203,2299.999385186203,1748.9993851862032,1836.9993851862032,0.018516250894459848,610.7048747249702,0.0028031032459447276,92.45223703293152,0.02830838082138407,0.09902026059460355,False
2938,956.6782818522267,2185.0049520966204,2278.0049520966204,1731.0049520966206,1818.0049520966206,0.01810223825291116,597.0498675729988,0.0031945133009829395,105.36176337229028,0.03208732522367845,0.09955685862608415,False
2939,956.9481578800927,2176.010526706428,2269.010526706428,1727.0105267064284,1813.0105267064284,0.018175518746664718,599.4668122888938,0.002929822212352731,96.63169490194491,0.029623758754913236,0.09890109613003809,False
2940,957.2180116433199,2167.0161090281845,2257.0161090281845,1717.0161090281845,1804.0161090281845,0.017672519021198034,582.8768240629438,0.003793522524013833,125.11834663503043,0.038244620867268694,0.09919100877426881,False
2941,957.4878431175367,2154.0216990744366,2245.0216990744366,1704.0216990744364,1791.0216990744364,0.01797046903987885,592.7038419549519,0.003655257736292515,120.55808331036962,0.036571841835920875,0.09994732430189829,False
2942,957.757652278372,2145.0272968577215,2232.0272968577215,1697.0272968577215,1780.0272968577215,0.01726667832316483,569.4913447851262,0.003471155931578377,114.4860188181874,0.03470863781239057,0.10000841722285095,False
2943,958.0274391014544,2130.0329023905665,2219.0329023905665,1684.0329023905665,1767.0329023905665,0.017777429727599534,586.33699967708,0.0031166340470685817,102.79314187992998,0.031018252342999778,0.10047742253834446,False
2944,958.2972035624126,2134.0385156854886,2223.0385156854886,1688.0385156854886,1774.0385156854886,0.017744733797929912,585.2586191913804,0.0038359590284184827,126.51799174968812,0.03839724943098006,0.09990192227997237,False
2945,958.5669456368751,2126.044136754994,2212.044136754994,1681.0441367549938,1766.0441367549938,0.017221511914780583,568.001661699101,0.004200925062033015,138.55533867849442,0.042054376023289014,0.09989269748543203,False
2946,958.8366653004707,2114.0497656115786,2200.0497656115786,1672.0497656115788,1756.0497656115788,0.017317298205764962,571.1608949137193,0.003970321932427228,130.94956274794538,0.03975058361782369,0.09988084629396443,False
2947,959.106362528828,2102.055402267729,2185.055402267729,1660.0554022677288,1743.0554022677288,0.01681829480918358,554.7027140144883,0.004370314068118955,144.14214414635808,0.0435566080365405,0.10033641886100525,False
2948,959.3760372975754,2086.0610467359197,2168.0610467359197,1649.0610467359197,1728.0610467359197,0.016744493075352054,552.2685777052016,0.0035778544121594473,118.00515898257697,0.03567104828059046,0.1003013531874882,False
2949,959.6456895823418,2076.0666990286168,2154.0666990286168,1639.0666990286168,1717.0666990286168,0.016017844529315765,528.3021812783228,0.004172694215740291,137.62422602794516,0.041495262354143164,0.10055832832500845,False
2950,959.9153193587559,2068.0723591582746,2147.0723591582746,1634.0723591582744,1710.0723591582744,0.01628095089127151,536.9799821319288,0.0034622525833507972,114.19236767925281,0.03442858275301129,0.10056331996552986,False
2951,960.1849266024462,2059.0780271373374,2135.0780271373374,1628.0780271373374,1700.0780271373374,0.01574094691088151,519.16951579753,0.0030526923807811836,100.68421132361345,0.03038374255649032,0.10047124297164942,False
2952,960.4545112890415,2054.0837029782397,2129.0837029782397,1626.0837029782394,1699.0837029782394,0.015574598739452222,513.6830034483237,0.0034972783385518198,115.34759070815392,0.03506866091922033,0.09972660052825232,False
2953,960.7240733941702,2040.0893866934045,2113.089386693405,1613.0893866934045,1684.0893866934045,0.015268672223419,503.59290390743803,0.0034380329029817126,113.39355171213361,0.03428715496442758,0.10027174627199666,False
2954,960.9936128934611,2040.0950782952461,2112.095078295246,1615.0950782952461,1686.0950782952461,0.015063056427731342,496.81126277162485,0.003620910557813179,119.42524116808403,0.0363392512858935,0.09964185913810439,False
2955,961.2631297625429,2031.1007777961665,2104.1007777961668,1609.1007777961665,1681.1007777961665,0.015335064432306332,505.7826585096175,0.00367543989374728,121.22373328510514,0.03700957709936268,0.09931050776072156,False
2956,961.5326239770441,2013.1064852085588,2086.1064852085588,1595.1064852085588,1668.1064852085588,0.015469725276352398,510.2240561965605,0.00396436477901045,130.7530833066241,0.04000574588178392,0.09909488478792668,False
2957,961.8020955125934,1992.1122005448044,2068.112200544804,1577.1122005448044,1649.1122005448044,0.016260301397777982,536.298918432318,0.003127311864251456,103.14531873485475,0.03130832551252126,0.09988754789842522,False
2958,962.0715443448195,1994.1179238172754,2068.1179238172754,1580.1179238172754,1651.1179238172754,0.015824461443862445,521.9240006385781,0.003264131039304799,107.6579027151206,0.03282867277990898,0.09942927212404501,False
2959,962.3409704493511,1985.1236550383323,2057.1236550383323,1573.1236550383323,1642.1236550383323,0.01547283368877694,510.3265781720481,0.003170161940412256,104.55860431533728,0.03188026943423784,0.09943962195650888,False
2960,962.6103738018166,1979.1293942203265,2052.1293942203265,1568.1293942203265,1637.1293942203265,0.0157305521179434,518.8266736771004,0.0029705584534712066,97.97526175955693,0.02982278385171697,0.09960701416209958,False
2961,962.8797543778448,1960.1351413755976,2036.1351413755976,1551.1351413755976,1623.1351413755976,0.016520584614014303,544.8836060059875,0.0031844588349185417,105.03014594750584,0.03183053568945279,0.10004414836077448,False
2962,963.1491121530644,1952.1408965164758,2024.1408965164758,1544.1408965164758,1616.1408965164758,0.01572957978295234,518.794604025296,0.004062715066694297,133.9968825217827,0.0407114735317362,0.09979287690304922,False
2963,963.418447103104,1936.1466596552798,2006.1466596552798,1530.1466596552798,1601.1466596552798,0.015424427758237116,508.7300488360196,0.0042736273513030755,140.95321299516706,0.042707070833281076,0.100068379027594,False
2964,963.6877592035922,1934.1524308043183,2006.1524308043183,1533.1524308043183,1601.1524308043183,0.01587323045615432,523.5325051739688,0.0029741126472701655,98.0924865417827,0.02991514115515434,0.09941830566150378,False
2965,963.9570484301578,1921.1582099758898,1992.1582099758898,1520.1582099758898,1588.1582099758898,0.015760694476937412,519.8208320344417,0.003244280189007874,107.00317994684156,0.03242587505722446,0.10005220162239079,False
2966,964.2263147584292,1909.1639971822817,1980.1639971822817,1509.1639971822817,1575.1639971822817,0.015857924129170822,523.0276703369256,0.002731416574528321,90.08785992784999,0.027113231878101114,0.10074109153820349,False
2967,964.4955581640352,1903.1697924357713,1974.1697924357713,1503.1697924357713,1571.1697924357713,0.01590696645021215,524.6451891693545,0.0033081146195422448,109.10857364261938,0.0328135715647402,0.10081543891116616,False
2968,964.7647786226044,1903.1755957486248,1973.1755957486248,1504.1755957486248,1571.1755957486248,0.015686875320328805,517.3861210853448,0.003239311246069361,106.83929376426204,0.032212507796924,0.10056066626326701,False
2969,965.0339761097655,1899.1814071330982,1966.1814071330982,1503.1814071330982,1566.1814071330982,0.015057135036445199,496.615962840542,0.0027735335814984257,91.47696734554881,0.027688739047344924,0.10016828779223083,False
2970,965.303150601147,1892.187226601437,1958.187226601437,1496.187226601437,1561.187226601437,0.014890106897237026,491.1070237247303,0.003578939673454193,118.04095318124223,0.035721991533070145,0.1001886938509836,False
2971,965.5723020723776,1873.1930541658758,1936.1930541658758,1478.1930541658758,1542.1930541658758,0.014366119075720689,473.82480397514314,0.004041466457635307,133.2960587315124,0.04008172641432465,0.10083064825747982,False
2972,965.8414304990861,1865.1988898386392,1931.1988898386392,1476.1988898386392,1536.1988898386392,0.015101854804912196,498.0909148032818,0.002200717735233228,72.58429670569859,0.021902066043378805,0.10047991503972864,False
2973,966.110535856901,1854.2047336319401,1919.2047336319401,1467.2047336319401,1526.2047336319401,0.01496362066900745,493.5316624399602,0.0021584560572417977,71.19041773362505,0.021458441171911178,0.10058773794189621,False
2974,966.379618121451,1851.210585557982,1914.210585557982,1462.210585557982,1523.210585557982,0.014533888553288354,479.35819398830677,0.0032161370084859767,106.0749586976832,0.03189415041075675,0.10083783286484062,False
2975,966.6486772683648,1852.216445628957,1918.216445628957,1466.216445628957,1526.216445628957,0.01520587411334559,501.52169023875626,0.0022121684315663196,72.96196473955013,0.022036279340252957,0.10038756531486798,False
2976,966.9177132732709,1846.2223138570469,1912.2223138570469,1461.2223138570469,1522.2223138570469,0.015254386056528683,503.1217160945929,0.0025074022420532964,82.69939637599293,0.024995536695227378,0.10031399896014465,False
2977,967.1867261117981,1839.2281902544225,1903.2281902544225,1455.2281902544225,1515.2281902544225,0.014855246925074216,489.95726856889723,0.0026916955334180797,88.77777650040866,0.026820757882444507,0.10035866790997452,False
2978,967.4557157595748,1830.234074833244,1891.234074833244,1447.234074833244,1506.234074833244,0.014238647388595921,469.6205197947099,0.00311504148225414,102.74061574485899,0.031023115629147727,0.10041033658551712,False
2979,967.7246821922299,1812.2399676056616,1870.2399676056616,1429.2399676056616,1489.2399676056616,0.013681629550362038,451.2489006663485,0.004177901153712495,137.79596178698932,0.04135651289459028,0.10102160122545037,False
2980,967.993625385392,1807.2458685838137,1869.2458685838137,1427.2458685838137,1488.2458685838137,0.014649188829601732,483.1610394564887,0.003526702242886832,116.3180529206856,0.03500271866756186,0.1007550949508142,False
2981,968.2625453146896,1802.251777779829,1866.251777779829,1424.251777779829,1483.251777779829,0.015154771846291375,499.83623005691976,0.0024733354712839634,81.57580266938595,0.024490403873602143,0.10099202463336819,False
2982,968.5314419557516,1798.2576952058243,1859.2576952058243,1421.2576952058243,1479.2576952058243,0.014487660212695801,477.8334861459235,0.0028833478432664823,95.09887252270022,0.02862240980397789,0.10073742438226707,False
2983,968.8003152842064,1778.2636208739075,1841.2636208739075,1408.2636208739075,1465.2636208739075,0.015119828660168767,498.683730329781,0.002111978079899256,69.65747634650319,0.02106581136657767,0.10025619441604094,False
2984,969.0691652756826,1777.2695547961737,1837.2695547961737,1405.2695547961737,1461.2695547961737,0.014419577100115207,475.587961985746,0.002551121503189504,84.14134950394725,0.025329324334520578,0.10071810323470243,False
2985,969.3379919058092,1782.275496984709,1840.275496984709,1409.275496984709,1464.275496984709,0.013908007202023563,458.71531145255415,0.002718886867946654,89.67460386797529,0.027021472812262425,0.10061949201794859,False
2986,969.6067951502146,1781.2814474515874,1839.2814474515874,1410.2814474515874,1467.2814474515874,0.013915645579612773,458.9672412009308,0.003291987994611568,108.57668365505327,0.032992212759560345,0.09978075792014374,False
2987,969.8755749845274,1770.287406208873,1828.287406208873,1400.287406208873,1457.287406208873,0.014000687914369031,461.77211615589147,0.003327340949553151,109.7426984191552,0.03321928649958329,0.10016292642513228,False
2988,970.1443313843762,1771.2933732686188,1827.2933732686188,1403.2933732686188,1458.2933732686188,0.01351778138411609,445.8448437429738,0.0031786465483545946,104.83844451949358,0.031929285103778245,0.09955270022561388,False
2989,970.4130643253899,1754.299348642867,1811.299348642867,1387.299348642867,1443.299348642867,0.013886528817217664,458.00690917517375,0.0032997044405205893,108.83118826071302,0.03290370726899705,0.10028366753766008,False
2990,970.681773783197,1752.305332343649,1805.305332343649,1383.305332343649,1440.305332343649,0.012940882393959862,426.81750243503467,0.004595635102680781,151.57370547965962,0.0457760328550699,0.10039391393375834,False
2991,970.9504597334261,1739.3113243829855,1789.3113243829855,1370.3113243829855,1426.3113243829855,0.012308585959169607,405.9630369604302,0.005086497606084225,167.76338261013524,0.05035396937942259,0.10101482899504738,False
2992,971.2191221517058,1740.3173247728862,1791.3173247728862,1375.3173247728862,1427.3173247728862,0.01254408262345787,413.7302119507703,0.003573540864704808,117.86288912066385,0.03557930113475998,0.10043875935532523,False
2993,971.487761013665,1727.32333352535,1779.32333352535,1362.32333352535,1416.32333352535,0.012881234278159794,424.8501821986169,0.004000980641095395,131.96075140288127,0.03957724523375325,0.10109295423328704,False
2994,971.7563762949322,1721.3293506523655,1773.3293506523655,1359.3293506523655,1411.3293506523655,0.012925428165825757,426.30778950716365,0.003378250957740527,111.42181749944496,0.03349772721951088,0.1008501542687604,False
2995,972.0249679711359,1723.3353761659093,1775.3353761659093,1361.3353761659093,1412.3353761659093,0.012910603930042957,425.81885505125075,0.0030621031226600506,100.9945973716836,0.03035583619957682,0.1008736212215672,False
2996,972.293536017905,1714.341410077948,1765.341410077948,1353.341410077948,1403.341410077948,0.012731392999754352,419.908101877994,0.0030245769117816703,99.75690405871137,0.02989372373769484,0.1011776564981028,False
2997,972.562080410868,1704.3474524004373,1757.3474524004373,1346.3474524004373,1395.3474524004373,0.013299500353366276,438.64547653312536,0.002225710541427072,73.40861198758978,0.021974051587441694,0.10128812761589581,False
2998,972.8306011256535,1709.3535031453216,1765.3535031453216,1357.3535031453216,1404.3535031453216,0.013999797360144754,461.74274380567476,0.0007836764543116687,25.847296711588342,0.007856635545622218,0.09974708000148227,False
2999,973.0990981378903,1693.3595623245346,1750.3595623245346,1338.3595623245346,1389.3595623245346,0.01437808693918692,474.21952926810496,0.0018637613045308175,61.47076535570699,0.018408519450105992,0.10124449766763216,False
3000,973.3675714232069,1695.3656299499994,1749.3656299499994,1337.3656299499994,1389.3656299499994,0.013617215140622663,449.1243780373028,0.0029491782585343417,97.27009799044743,0.029044889883057385,0.10153862763496554,False
3001,973.6360209572321,1686.3717060336276,1738.3717060336276,1329.3717060336276,1382.3717060336276,0.013189337740798227,435.01208201437447,0.0037890673395508875,124.97140528686947,0.03736298026251528,0.10141234218813913,False
3002,973.9044467155943,1686.37779058732,1738.37779058732,1332.37779058732,1381.37779058732,0.01318929086821515,435.0105360580608,0.0024957935682760283,82.31651791397155,0.024691369545456143,0.10107959235235373,False
3003,974.1728486739223,1681.3838836229668,1733.3838836229668,1327.3838836229668,1376.3838836229668,0.013227874025675362,436.2830896909499,0.002515164335449717,82.95540653173583,0.024801261603964658,0.10141275777066316,False
3004,974.4412268078448,1683.3899851524473,1732.3899851524473,1326.3899851524473,1377.3899851524473,0.012460925296788258,410.98750852469914,0.003924761559948413,129.44688589798864,0.03864813500183582,0.10155112425895799,False
3005,974.7095810929903,1674.3960951876288,1725.3960951876288,1320.3960951876288,1369.3960951876288,0.013030608308119135,429.77685168335455,0.002794245521305175,92.16009065582858,0.027460024204632418,0.1017568484456687,False
3006,974.9779115049877,1666.4022137403692,1716.4022137403692,1314.4022137403692,1362.4022137403692,0.012839232114236206,423.4648625459863,0.0027378266430116843,90.29927746007195,0.02692521239045001,0.10168263868487636,False
3007,975.2462180194652,1670.4083408225142,1720.4083408225142,1319.4083408225142,1368.4083408225142,0.012808889535134461,422.46410050863955,0.003027597923607319,99.85654337873603,0.029997118310361694,0.10092962571546471,False
3008,975.514500612052,1672.4144764458988,1719.4144764458988,1319.4144764458988,1368.4144764458988,0.012036660764040388,396.9943724520204,0.0037997543774079476,125.32388625900995,0.03759795415654598,0.1010627961720197,False
3009,975.7827592583764,1672.4206206223473,1720.4206206223473,1320.4206206223473,1369.4206206223473,0.012289125603041807,405.32119351064813,0.0035354395868139824,116.60622888885922,0.035051030626817324,0.10086549592379289,False
3010,976.0509939340669,1658.4267733636725,1707.4267733636725,1309.4267733636725,1356.4267733636725,0.012645786788788752,417.0846291004098,0.002669350039241127,88.0407751333509,0.026356035404962258,0.1012804087650659,False
3011,976.3192046147526,1651.432934681677,1698.432934681677,1301.432934681677,1350.432934681677,0.0121874612163711,401.96808834483386,0.0038637668722486963,127.43515288989408,0.03806394418157622,0.1015072650857565,False
3012,976.5873912760618,1649.439104588151,1698.439104588151,1299.439104588151,1348.439104588151,0.012713693879167019,419.32434767836475,0.0033617126059714737,110.87634789532018,0.0329904726332536,0.10189949817763291,False
3013,976.8555538936232,1640.4452830948749,1691.4452830948749,1295.4452830948749,1344.4452830948749,0.01329620416111374,438.53676118420674,0.0028278536075956213,93.26855598419013,0.02796290526107175,0.10112874828969887,False
3014,977.1236924430655,1633.4514702136175,1686.4514702136175,1290.4514702136175,1340.4514702136175,0.013867612199681939,457.3829993670693,0.0026418064309137734,87.13232903543911,0.026145198334974622,0.1010436561645742,False
3015,977.3918069000174,1625.4576659561365,1679.4576659561365,1280.4576659561365,1333.4576659561365,0.014193398019303324,468.1281004835475,0.003420609880505616,112.81890380855731,0.03356825708748609,0.10190013355744898,False
3016,977.6598972401074,1628.4638703341784,1682.4638703341784,1284.4638703341784,1340.4638703341784,0.014167619244376527,467.2778623007768,0.004365600797711941,143.98669058127797,0.04327800303200422,0.10087343435147793,False
3017,977.9279634389644,1626.4700833594793,1681.4700833594793,1282.4700833594793,1340.4700833594793,0.014443065319144004,476.36265282036766,0.004766817555642195,157.21966259521128,0.04728261996841192,0.10081542771586602,False
3018,978.1960054722166,1627.4763050437632,1682.4763050437632,1283.4763050437632,1339.4763050437632,0.014434282352255646,476.0729721110362,0.004112897779491765,135.6520138713749,0.04069340775496065,0.10107037002794121,False
3019,978.464023315493,1620.4825353987437,1676.4825353987437,1278.4825353987437,1331.4825353987437,0.014754678741259158,486.6403184774254,0.002885995818528303,95.18620831274558,0.028431619586087066,0.10150655715513854,False
3020,978.7320169444223,1624.4887744361229,1679.4887744361229,1282.4887744361229,1334.4887744361229,0.01446039077515318,476.9340827767852,0.0028009616878933077,92.38160394694864,0.027660360204512572,0.10126266133860226,False
3021,978.9999863346328,1623.495022167592,1681.495022167592,1280.495022167592,1334.495022167592,0.015244624619509201,502.7997633836421,0.0026944390154752165,88.86826230531398,0.026487260475014245,0.10172584733770083,False
3022,979.2679314617535,1621.5012786048308,1680.5012786048308,1276.5012786048308,1333.5012786048308,0.015521551773393632,511.9334030056638,0.0034506305178718423,113.80904753076123,0.03377318191938629,0.102170726054424,False
3023,979.5358523014128,1615.507543759508,1673.507543759508,1270.507543759508,1325.507543759508,0.015318684054676915,505.2423992246715,0.00308627162949306,101.79172552801873,0.030025425343445853,0.10278860646238111,False
3024,979.8037488292396,1625.5138176432815,1684.5138176432815,1281.5138176432815,1336.5138176432815,0.015483912181969076,510.69197016395884,0.0027662476871725076,91.23666323609763,0.027150886700788447,0.10188424848357447,False
3025,980.0716210208622,1623.5201002677975,1679.5201002677975,1276.5201002677975,1331.5201002677975,0.014727535933702024,485.7450916313784,0.003592533225897936,118.48929711379856,0.03500343094286911,0.10263374558229714,False
3026,980.3394688519095,1630.526391644691,1686.526391644691,1286.526391644691,1340.526391644691,0.014665308970410034,483.69271558406956,0.0031913599139155504,105.2577580385472,0.03149986323542151,0.10131345301610309,False
3027,980.6072922980102,1630.5326917855864,1685.5326917855864,1284.5326917855864,1338.5326917855864,0.014407669578193918,475.1952268837712,0.00347615142604029,114.65078072581872,0.034131356133928176,0.10184627333294946,False
3028,980.8750913347926,1644.5390007020962,1702.5390007020962,1298.5390007020962,1354.5390007020962,0.015052891890194283,496.4760149583073,0.0032836242377542093,108.30082937370247,0.03252808195034045,0.1009473673476109,False
3029,981.1428659378855,1638.545318405822,1697.545318405822,1291.545318405822,1347.545318405822,0.015362919747184338,506.70138534476126,0.0030708103031779725,101.28177848721901,0.030161159717651077,0.10181340279766683,False
3030,981.4106160829178,1632.5516449083539,1690.5516449083539,1287.5516449083539,1343.5516449083539,0.015161513789007939,500.0585934989357,0.003328193164531647,109.77080626045881,0.03281006573329212,0.10143817423549248,False
3031,981.6783417455181,1632.5579802212715,1690.5579802212715,1284.5579802212715,1342.5579802212715,0.01516145596830758,500.05668645070165,0.004017882915627845,132.5182239446903,0.03935013066763657,0.10210596121177162,False
3032,981.9460429013146,1638.564324356142,1700.564324356142,1291.564324356142,1347.564324356142,0.016129568949455518,531.9870874936291,0.002303895516458411,75.98731680499839,0.022544000113499524,0.1021955067804857,False
3033,982.2137195259363,1639.5706773245222,1702.5706773245222,1292.5706773245222,1350.5706773245222,0.01637500681107794,540.0821440679454,0.002688010078264892,88.65622244281565,0.026370662280069075,0.10193183810542703,False
3034,982.481371595012,1639.5770391379572,1704.5770391379572,1292.5770391379572,1350.5770391379572,0.016884806378498426,556.8964053744568,0.0021781187157387458,71.83893354077088,0.02131516696866553,0.102186331401518,False
3035,982.74899908417,1639.5834098079813,1701.5834098079813,1291.5834098079813,1351.5834098079813,0.016119727366801728,531.6624914111967,0.003600667028318034,118.75756701445607,0.03536628455459216,0.10181072379146773,False
3036,983.016601969039,1641.5897893461165,1701.5897893461165,1292.5897893461165,1351.5897893461165,0.015590228713381372,514.1985128419242,0.00379395255767424,125.13253004905994,0.03722957803183229,0.10190694491434493,False
3037,983.2841802252477,1646.5961777638747,1708.5961777638747,1295.5961777638747,1354.5961777638747,0.016052327533319012,529.4395032318854,0.0032878602038797604,108.44054044031009,0.03208497543757372,0.10247351475386979,False
3038,983.5517338284249,1649.6025750727556,1712.6025750727556,1299.6025750727556,1358.6025750727556,0.016277266807317645,536.8584732993717,0.003004603404395876,99.09813580182254,0.029437715145745797,0.10206646098449279,False
3039,983.819262754199,1642.6089812842479,1705.6089812842479,1293.6089812842479,1351.6089812842479,0.016345281144606448,539.1017291058636,0.0027027656702373407,89.1428928815775,0.026399406757038665,0.10237978811841003,False
3040,984.086766978199,1643.615396409829,1706.615396409829,1294.615396409829,1352.615396409829,0.01633545852666298,538.7777585194406,0.0026981004072703443,88.98902270277813,0.02637171642188704,0.10231038299164605,False
3041,984.3542464760532,1644.6218204609647,1709.6218204609647,1295.6218204609647,1353.6218204609647,0.016834004153673594,555.2208412160189,0.0021850887967914887,72.06882146464943,0.02131892742521422,0.10249525002872101,False
3042,984.6217012233902,1656.6282534491097,1722.6282534491097,1307.6282534491097,1367.6282534491097,0.016966502071642523,559.5909010545764,0.0025172664607118825,83.02473904144335,0.024805020712269834,0.10148213500449582,False
3043,984.8891311958388,1648.634695385707,1714.634695385707,1298.634695385707,1358.634695385707,0.017047172069217676,562.2515671388721,0.002568527225386214,84.71542680794505,0.02509475011605532,0.10235317002590519,False
3044,985.1565363690278,1655.6411462821886,1718.6411462821886,1304.6411462821886,1363.6411462821886,0.01621899407457434,534.9365160871515,0.0029900316582735925,98.6175289856343,0.029319749237000762,0.10198012384431482,False
3045,985.4239167185856,1655.6476061499748,1719.6476061499748,1302.6476061499748,1364.6476061499748,0.01647155395250878,543.2664717295573,0.0037220180340315767,122.7599782565834,0.03639049496380242,0.10227995078753019,False
3046,985.691272220141,1659.6540750004747,1723.6540750004747,1303.6540750004747,1365.6540750004747,0.016432533838889252,541.9795063640742,0.003745804599429532,123.54450918156897,0.03637328274641175,0.10298230779840895,False
3047,985.9586028493225,1663.6605528450855,1727.6605528450855,1305.6605528450855,1369.6605528450855,0.016393698095847932,540.6986219277978,0.004388966641833858,144.7573452342449,0.042594804548571126,0.10303995260335311,False
3048,986.2259085817589,1673.667039695194,1740.667039695194,1317.667039695194,1380.667039695194,0.01704664238680487,562.2340970995319,0.003236632217535264,106.75093377202472,0.03165563271724374,0.1022450647708007,False
3049,986.4931893930786,1677.6735355621743,1743.6735355621743,1318.6735355621743,1384.6735355621743,0.01675772232577042,552.7049061912167,0.004452379119886839,146.84882205026327,0.04350406724947666,0.10234397382558294,False
3050,986.7604452589106,1680.6800404573899,1749.6800404573899,1323.6800404573899,1386.6800404573899,0.01747359514284711,576.315896426969,0.002719649066272929,89.69974277087806,0.026574073332207297,0.10234219768546976,False
3051,987.0276761548834,1682.6865543921924,1753.6865543921924,1323.6865543921924,1387.6865543921924,0.017948747745737462,591.987428017104,0.002557475137626067,84.35090572268439,0.02484448996153011,0.10293932946847094,False
3052,987.2948820566254,1674.6930773779222,1745.6930773779222,1313.6930773779222,1381.6930773779222,0.01803266460747245,594.7551825061357,0.003885005702342164,128.13565414932657,0.037536718241748805,0.10349881087956198,False
3053,987.5620629397656,1681.6996094259082,1754.6996094259082,1322.6996094259082,1390.6996094259082,0.018454356097350317,608.6634542165554,0.0033177512803318696,109.42641097123635,0.03232783313275073,0.10262832237186714,False
3054,987.8292187799323,1673.7061505474676,1747.7061505474676,1315.7061505474676,1383.7061505474676,0.018789202530668903,619.7073934177203,0.0030957639466442297,102.1048021000363,0.03006400927518205,0.10297242521142362,False
3055,988.0963495527544,1676.7127007539061,1750.7127007539061,1313.7127007539061,1385.7127007539061,0.018756228357839907,618.6198358877715,0.00441657053573866,145.66777967721828,0.04256936680764974,0.10374997015330281,False
3056,988.3634552338607,1688.7192600565181,1763.7192600565181,1325.7192600565181,1398.7192600565181,0.01887200089847314,622.438257625898,0.004406988402497342,145.35174078175862,0.04282687815664289,0.10290239662994843,False
3057,988.6305357988795,1685.7258284665863,1762.7258284665863,1323.7258284665863,1396.7258284665863,0.01939782702077958,639.7811083995582,0.0039152943671623384,129.13463798034218,0.03800103685738654,0.10303125101180743,False
3058,988.8975912234396,1693.732405995382,1769.732405995382,1331.732405995382,1403.732405995382,0.019062806516382282,628.731427968329,0.0038045515856684232,125.48210827093021,0.03710832533940798,0.10252555325174156,False
3059,989.1646214831694,1688.7389926541648,1764.7389926541648,1325.7389926541648,1396.7389926541648,0.019117950446343394,630.5501906882064,0.003539277089351707,116.73279778879055,0.034250561660556345,0.10333486278058943,False
3060,989.431626553698,1695.7455884541828,1772.7455884541828,1331.7455884541828,1403.7455884541828,0.019285717384210838,636.0834969367183,0.0035814202182693003,118.1227667632246,0.034720937434815934,0.1031487189823994,False
3061,989.6986064106538,1691.7521934066726,1768.7521934066726,1327.7521934066726,1399.7521934066726,0.01933024320016684,637.5520519379671,0.003603885972101109,118.86373454647935,0.03484783807797863,0.10341777771225671,False
3062,989.9655610296653,1704.758807522859,1781.758807522859,1337.758807522859,1411.758807522859,0.01918597138639342,632.7936642676423,0.0041967154994801276,138.41649845721201,0.04067106330951838,0.10318676616694103,False
3063,990.2324903863613,1701.7654308139554,1781.7654308139554,1335.7654308139554,1410.7654308139554,0.01995083137831131,658.0203544982287,0.003773777989621214,124.46713038874611,0.03653836834457619,0.10328260840857716,False
3064,990.4993944563706,1708.7720632911635,1788.7720632911635,1340.7720632911635,1414.7720632911635,0.0198708684015368,655.3830074460602,0.0034606547599105794,114.13966810365025,0.033404372517996765,0.10359885545061909,False
3065,990.7662732153217,1711.7787049656736,1793.7787049656736,1342.7787049656736,1418.7787049656736,0.02032124461415564,670.2373616063181,0.0035889715452681117,118.37182540015385,0.03462630933278629,0.10364868836511709,False
3066,991.0331266388431,1708.7853558486643,1795.7853558486643,1341.7853558486643,1417.7853558486643,0.021566912186364067,711.3220964681749,0.002360526365986177,77.8551212576142,0.022735800581331116,0.10382420260689915,False
3067,991.2999547025637,1708.7920159513021,1793.7920159513021,1338.7920159513021,1416.7920159513021,0.021082880483483897,695.3577134969552,0.00351010659993492,115.77069373292704,0.03367944350086764,0.10422103915833686,False
3068,991.5667573821119,1712.7986852847425,1796.7986852847425,1342.7986852847425,1422.7986852847425,0.020793100215369977,685.800151151047,0.004339447630837059,143.12410416510636,0.041916626118023215,0.10352568974942365,False
3069,991.8335346531164,1713.805363860129,1798.805363860129,1339.805363860129,1420.805363860129,0.021022676171368073,693.3720487369471,0.004470199685595137,147.43658176525355,0.042701562820281064,0.10468468576686427,False
3070,992.1002864912061,1712.8120516885936,1802.8120516885936,1342.8120516885936,1423.8120516885936,0.022240742560686883,733.54643857081,0.0031966917196846606,105.43361219999929,0.030709034057848767,0.10409613384982502,False
3071,992.3670128720095,1714.8187487812565,1802.8187487812565,1343.8187487812565,1423.8187487812565,0.021733842781193204,716.8278183653327,0.0033801686125554085,111.48506578605327,0.03244314784935687,0.10418744285389726,False
3072,992.6337137711552,1728.8254551492262,1817.8254551492262,1358.8254551492262,1439.8254551492262,0.021801032133604105,719.0438644364748,0.0033451411980608588,110.32978803016442,0.03250395300114596,0.1029149038562455,False
3073,992.9003891642716,1723.8321708035994,1812.8321708035994,1351.8321708035994,1434.8321708035994,0.021862618227593444,721.0751032671075,0.004015709793761261,132.4465498177376,0.038775020875682874,0.1035643489821987,False
3074,993.1670390269877,1728.8388957554616,1817.8388957554616,1356.8388957554616,1439.8388957554616,0.021800866828389765,719.0384123230426,0.003984749800919573,131.42542417747507,0.03859925030379668,0.10323386515430916,False
3075,993.4336633349321,1732.845630015886,1823.845630015886,1358.845630015886,1444.845630015886,0.022228201481045966,733.1328074035355,0.00442312521796762,145.88396687474085,0.042785864055707196,0.10337819080172625,False
3076,993.7002620637335,1728.8523735959343,1824.8523735959343,1358.8523735959343,1443.8523735959343,0.02346982625157085,774.084202168104,0.0028806875727359037,95.01113120884713,0.02792844529358182,0.10314528941565926,False
3077,993.9668351890202,1721.8591265066566,1817.8591265066566,1350.8591265066566,1438.8591265066566,0.02356260802561154,777.1443400985763,0.003845606533458456,126.83618674447564,0.037168276598373684,0.10346475234815494,False
3078,994.2333826864212,1724.865888759091,1822.865888759091,1354.865888759091,1438.865888759091,0.023999384479853378,791.5501456415541,0.0021246236493741057,70.07455380813337,0.020469084112775662,0.10379671301697539,False
3079,994.4999045315649,1727.8726603642638,1825.8726603642638,1351.8726603642638,1439.8726603642638,0.02395875280804755,790.2100276996728,0.0034295476300694808,113.11368957587217,0.03270560017238226,0.10486117398834678,False
3080,994.7664007000802,1735.8794413331898,1832.8794413331898,1358.8794413331898,1446.8794413331898,0.023614340264236214,778.8505780669751,0.003637077351607343,119.95845600920075,0.03479787717272279,0.10452009280779803,False
3081,995.0328711675955,1737.886231676872,1836.886231676872,1360.886231676872,1449.886231676872,0.02406091637248606,793.5795967975156,0.003451189118615628,113.82747135744194,0.03303397501769654,0.10447392772946038,False
3082,995.2993159097398,1732.8930314063016,1831.8930314063016,1356.8930314063016,1444.8930314063016,0.024128355315856623,795.8038749031351,0.0031617291299772046,104.28047250184693,0.030213777163671168,0.1046452786372849,False
3083,995.5657349021413,1721.8998405324576,1815.8998405324576,1346.8998405324576,1432.8998405324576,0.023084004682112306,761.3589958298776,0.0037965281642174803,125.2174789666509,0.03623529273035862,0.10477432023163087,False
3084,995.8321281204289,1708.9066590663076,1800.9066590663076,1339.9066590663076,1419.9066590663076,0.0227728618448632,751.0968510508476,0.0024123886172290852,79.56564731544222,0.023098851027914164,0.10443760229951683,False
3085,996.0984955402312,1693.9134870188072,1782.9134870188072,1328.9134870188072,1406.9134870188072,0.022239044345984744,733.4904278803716,0.0025316395054607033,83.49879226867483,0.024312601387546002,0.1041286970944015,False
3086,996.3648371371767,1685.9203244009007,1771.9203244009007,1319.9203244009007,1401.9203244009007,0.02160714337124962,712.6490055096225,0.004568472353078515,150.67782090304695,0.04392546734909671,0.10400509382793081,False
3087,996.6311528868944,1663.9271712235195,1749.9271712235195,1303.9271712235195,1383.9271712235195,0.021885660873692966,721.8350981699497,0.0039742399776067396,131.07878811349917,0.03825288653677515,0.10389385840950924,False
3088,996.8974427650126,1642.934027497584,1727.934027497584,1288.934027497584,1364.934027497584,0.02190703253914164,722.5399806186101,0.00297393913153942,98.08676362826145,0.0286224114674418,0.10390246590236805,False
3089,997.16370674716,1619.9408932340025,1703.9408932340025,1269.9408932340025,1346.9408932340025,0.021955357033029043,724.133824002666,0.0036096732089975873,119.05460978380518,0.034738182883058806,0.10391082403904209,False
3090,997.4299448089654,1607.9477684436715,1691.9477684436715,1262.9477684436715,1338.9477684436715,0.022115014654738845,729.3996679589253,0.0032632312483323288,107.62822571753338,0.03160363569488101,0.10325493180080195,False
3091,997.6961569260573,1582.9546531374751,1664.9546531374751,1239.9546531374751,1315.9546531374751,0.021933935700453214,723.4273034277542,0.0039011856552729346,128.66930300642866,0.03747101891909378,0.10411207828899047,False
3092,997.9623430740645,1563.9615473262866,1644.9615473262866,1224.9615473262866,1299.9615473262866,0.021929679341649095,723.2869197677428,0.0038783707776556403,127.91682038688793,0.03723315908506783,0.10416442958263622,False
3093,998.2285032286156,1542.968451020966,1619.968451020966,1209.968451020966,1279.968451020966,0.02114951055297145,697.5553132417008,0.003275708053143013,108.03973696580431,0.03151381467129273,0.10394514555951218,False
3094,998.4946373653391,1521.9753642323626,1598.9753642323626,1193.9753642323626,1262.9753642323626,0.02143414983210768,706.9433149650255,0.0029653634838012824,97.80392074027861,0.02853243153108191,0.10392957503712758,False
3095,998.7607454598636,1500.9822869713132,1571.9822869713132,1174.9822869713132,1238.9822869713132,0.020072080936807506,662.019419797891,0.0029616970164817354,97.68299294135056,0.028243381797236535,0.10486339906970778,False
3096,999.0268274878182,1487.9892192486427,1558.9892192486427,1164.9892192486427,1228.9892192486427,0.020243327278826013,667.6674841088371,0.002982839531225707,98.3803175181065,0.028465887431646467,0.10478645847203012,False
3097,999.2928834248311,1466.996161075164,1533.996161075164,1148.996161075164,1212.996161075164,0.019395295407689344,639.6976104785192,0.0041455533292855985,136.72906254389466,0.03984667477632185,0.1040376230276815,False
3098,999.5589132465309,1451.0031124616785,1516.0031124616785,1139.0031124616785,1199.0031124616785,0.019031748915898917,627.7070830228773,0.003263650716285524,107.64206065233031,0.03152932105953786,0.10351160781808985,False
3099,999.8249169285467,1435.0100734189748,1499.0100734189748,1127.0100734189748,1186.0100734189748,0.018949601616132784,624.9976924071086,0.0032109782577536237,105.90481225509632,0.031077493073650864,0.1033216627269096,False
3100,1000.0908944465067,1424.01704395783,1484.01704395783,1119.01704395783,1178.01704395783,0.017923701478797974,591.1613494874496,0.004391171141255836,144.83005425892827,0.04284784216729783,0.10248290040162744,False
3101,1000.3568457760398,1405.0240240890098,1466.0240240890098,1104.0240240890098,1163.0240240890098,0.018457337074661996,608.7617731141586,0.004152824830555481,136.9688919401043,0.040464511635181936,0.10262881381088512,False
3102,1000.6227708927745,1399.031013823267,1460.031013823267,1102.031013823267,1159.031013823267,0.018534739048718232,611.3146529135797,0.003366501311852555,111.0342894808964,0.033021012686196005,0.10195027462800607,False
3103,1000.8886697723395,1366.0380131713425,1427.0380131713425,1073.0380131713425,1129.0380131713425,0.01897275716039247,625.7614109285793,0.003120699669947557,102.92723466821315,0.03021377109813238,0.10328732748426953,False
3104,1001.1545423903635,1370.0450221439658,1430.0450221439658,1080.0450221439658,1135.0450221439658,0.01861487149574219,613.9575894507926,0.0029563572711721955,97.50687691716655,0.029036615962603426,0.10181480083559738,False
3105,1001.4203887224752,1352.0520407518536,1411.0520407518536,1065.0520407518536,1118.0520407518536,0.018549623176675602,611.8055627393002,0.0025415666137205,83.82620916536371,0.024831675818738727,0.1023517958382236,False
3106,1001.6862087443028,1345.059069005711,1401.059069005711,1059.059069005711,1110.059069005711,0.01771508860001054,584.2808582512882,0.0027108171396987048,89.40844726819603,0.026455832754855024,0.10246576491534673,False
3107,1001.9520024314754,1325.0661069162313,1382.0661069162313,1043.0661069162313,1094.0661069162313,0.018291271128801818,603.2845691574456,0.002440459305541747,80.49147761916515,0.023761723867087553,0.10270548211032937,False
3108,1002.2177697596218,1327.073154494095,1380.073154494095,1045.073154494095,1095.073154494095,0.01700724408768071,560.9346583811791,0.00328919649517926,108.48461413618475,0.03221431311406931,0.10210357376028399,False
3109,1002.48351070437,1321.0802117499713,1375.0802117499713,1038.0802117499713,1090.0802117499713,0.017398844969273436,573.8504785814135,0.0038286985411001215,126.27852561675047,0.03724997382971094,0.10278392566403133,False
3110,1002.7492252413492,1323.0872786945167,1378.0872786945167,1040.0872786945167,1091.0872786945167,0.01768822993167335,583.3950029139612,0.0031014777523404174,102.29325542202798,0.030120801079406304,0.10296797034594503,False
3111,1003.014913346188,1314.0943553383763,1369.0943553383763,1034.0943553383763,1085.0943553383763,0.017806830103417347,587.3066858696588,0.0031005066700647566,102.26122708741059,0.030244086484848803,0.10251612895029905,False
3112,1003.2805749945148,1317.1014416921823,1373.1014416921823,1035.1014416921823,1087.1014416921823,0.018083398006811892,596.4284766553976,0.0032037602165663377,105.66674608478115,0.031094073781136846,0.10303443154849308,False
3113,1003.5462101619584,1323.1085377665552,1379.1085377665552,1042.1085377665552,1094.1085377665552,0.018002975235972857,593.7759646285174,0.003144477793603523,103.71148716680364,0.030794919228856178,0.10211027897930028,False
3114,1003.8118188241473,1325.1156435721036,1385.1156435721036,1044.1156435721036,1098.1156435721036,0.01923225319881924,634.3201357234818,0.0026672226027230003,87.9706078052186,0.026105331250207815,0.10217156707029977,False
3115,1004.0774009567101,1313.1227591194238,1373.1227591194238,1033.1227591194238,1087.1227591194238,0.01940403689918143,639.9859232421027,0.002722622059337664,89.79779833123462,0.02648668875771849,0.10279208866922879,False
3116,1004.3429565352758,1332.1298844190994,1391.1298844190994,1051.1298844190994,1105.1298844190994,0.018821109098858684,620.7597391026168,0.0029358303802591752,96.8298569083654,0.02894660423727266,0.10142227240868887,False
3117,1004.6084855354729,1326.137019481703,1388.137019481703,1045.137019481703,1101.137019481703,0.019843937663629845,654.4947751028358,0.0028241948810594462,93.14788349256844,0.027687351716023975,0.1020030702114768,False
3118,1004.8739879329298,1336.1441643177939,1397.1441643177939,1050.1441643177939,1109.1441643177939,0.01938790189175786,639.4537567823013,0.004351173318623596,143.5108419951108,0.04247997562024272,0.10242880922347229,False
3119,1005.1394637032755,1330.15131893792,1393.15131893792,1045.15131893792,1103.15131893792,0.020097241025113767,662.8492523954684,0.00335867458958922,110.77614772927632,0.03259502936068644,0.10304253916826317,False
3120,1005.4049128221384,1339.1584833526167,1403.1584833526167,1052.1584833526167,1112.1584833526167,0.020274749466563702,668.7038539082802,0.003810768284243045,125.68714805710829,0.03705335499606136,0.10284543153104803,False
3121,1005.6703352651471,1348.165657572407,1416.165657572407,1059.165657572407,1121.165657572407,0.02137079844550387,704.8538530734115,0.0033350972282005613,109.99851679225344,0.032344470386757446,0.10311182060863254,False
3122,1005.9357310079305,1359.1728416078024,1431.1728416078024,1068.1728416078024,1132.1728416078024,0.022417398260024965,739.3729148563519,0.0028538028260863754,94.12441575396394,0.027651452230603765,0.1032062548573082,False
3123,1006.201100026117,1363.1800354693014,1438.1800354693014,1072.1800354693014,1137.1800354693014,0.02326003868439374,767.1649672397152,0.002301471668173606,75.90737319375864,0.022315187986338324,0.10313476496736662,False
3124,1006.4664422953354,1369.1872391673908,1442.1872391673908,1072.1872391673908,1139.1872391673908,0.022558805638207707,744.0368274199969,0.003765671760931618,124.19976992767965,0.03610099127730037,0.10430937289246688,False
3125,1006.7317577912142,1382.194452712545,1457.194452712545,1085.194452712545,1153.194452712545,0.02294836364631601,756.8852693586982,0.0034466158869220984,113.6766365634868,0.0333527530441031,0.10333827262668721,False
3126,1006.9970464893823,1396.201676115226,1473.201676115226,1095.201676115226,1165.201676115226,0.02331404926234182,768.9463496279543,0.0035929516380570382,118.50309722628697,0.034661735857559835,0.10365757943635717,False
3127,1007.2623083654681,1403.208909385884,1482.208909385884,1099.208909385884,1171.208909385884,0.023787085938305665,784.5480935004816,0.0037670416624663514,124.24495215975867,0.03616641010986844,0.10415857285869987,False
3128,1007.5275433951005,1418.2161525349566,1498.2161525349566,1113.2161525349566,1183.2161525349566,0.023832047575493034,786.0310228020151,0.0026525429430424748,87.48644177305084,0.02554534234464668,0.10383665668893827,False
3129,1007.7927515539078,1429.2234055728686,1511.2234055728686,1122.2234055728686,1194.2234055728686,0.024228551464902243,799.1085545059125,0.0027777049036243583,91.61454631717083,0.026803558523312034,0.10363194503477913,False
3130,1008.0579328175188,1442.230668510034,1524.230668510034,1127.230668510034,1205.230668510034,0.024015969228191436,792.097145502048,0.005041408956043724,166.2762641577308,0.04824258198083202,0.10450122586819258,False
3131,1008.3230871615622,1449.237941356853,1533.237941356853,1132.237941356853,1209.237941356853,0.024469862291229518,807.0674927813744,0.0041041989374833825,135.36510777741148,0.03903188925621261,0.10514989193945122,False
3132,1008.5882145616666,1464.2452241237145,1549.2452241237145,1145.2452241237145,1222.2452241237145,0.024506349839598752,808.2709288215787,0.003753509743915001,123.79864104252499,0.03580275536403402,0.10483857194090776,False
3133,1008.8533149934607,1474.2525168209945,1562.2525168209945,1153.2525168209945,1231.2525168209945,0.02517935512609847,830.4680577935148,0.0032433650565094688,106.97299695348192,0.030881607588159544,0.10502578427144518,False
3134,1009.1183884325732,1485.2598194590569,1574.2598194590569,1161.2598194590569,1241.2598194590569,0.02527397860022004,833.5889388638152,0.003659319215110972,120.69203941882631,0.03483626904657253,0.10504337333653144,False
3135,1009.3834348546326,1493.2671320482532,1583.2671320482532,1167.2671320482532,1248.2671320482532,0.02541669004372764,838.2958622429537,0.003720588455372237,122.71282774749614,0.03539811856574907,0.10510695500557612,False
3136,1009.6484542352675,1511.2744545989226,1603.2744545989226,1183.2744545989226,1265.2744545989226,0.02566453145752458,846.4701930201313,0.0034347196858133915,113.28427484570682,0.03285539978156434,0.10454049284588722,False
3137,1009.9134465501066,1520.2817871213922,1614.2817871213922,1188.2817871213922,1274.2817871213922,0.026055254220812882,859.3570510329254,0.004290780993324646,141.51897616512872,0.040919427924166925,0.10485926150474162,False
3138,1010.1784117747787,1542.2891296259766,1635.2891296259766,1204.2891296259766,1292.2891296259766,0.025428752240481644,838.6936988460303,0.005200172673700466,171.51262527937877,0.049603428262348,0.10483494500011628,False
3139,1010.4433498849123,1552.2964821229775,1646.2964821229775,1211.2964821229775,1301.2964821229775,0.025533376897839192,842.1444399614362,0.005592422899459125,184.4498622150944,0.05329771448744012,0.10492800588620002,False
3140,1010.708260856136,1548.3038446226851,1644.3038446226851,1207.3038446226851,1297.3038446226851,0.026125880041185552,861.6864390407292,0.005099241469080102,168.18370199869662,0.048338629798117434,0.10548998782912737,False
3141,1010.9731446640784,1564.3112171353764,1660.3112171353764,1223.3112171353764,1312.3112171353764,0.025866342535449213,853.1263465667948,0.004633540482815966,152.82390459171575,0.04435307465400059,0.10446943123926195,False
3142,1011.2380012843685,1569.3185996713169,1667.3185996713169,1224.3185996713169,1315.3185996713169,0.02630747287859501,867.6757525174803,0.004829041273575762,159.2719316037776,0.045815394501886396,0.10540215414661401,False
3143,1011.5028306926346,1575.3259922407585,1674.3259922407585,1228.3259922407585,1322.3259922407585,0.026469580528375315,873.0224035493402,0.0055553122599728555,183.2258753201445,0.052767454437486615,0.10527914069749586,False
3144,1011.7676328645056,1585.333394853942,1687.333394853942,1236.333394853942,1330.333394853942,0.027080293856793933,893.1650128092068,0.004744599071627345,156.4868502902683,0.044924509056587444,0.10561270832478084,False
3145,1012.03240777561,1584.3408075210948,1687.3408075210948,1235.3408075210948,1331.3408075210948,0.027354201462384636,902.1990613815634,0.005148254616979899,169.80025863959725,0.04880431509526548,0.10548769318718158,False
3146,1012.2971554015762,1607.3482302524324,1713.3482302524324,1258.3482302524324,1355.3482302524324,0.02773566393344471,914.7804954920032,0.004514386439033166,148.8939537719673,0.04338589378538027,0.10405194050777808,False
3147,1012.5618757180332,1602.3556630581572,1707.3556630581572,1250.3556630581572,1347.3556630581572,0.027565079800713165,909.1542722352716,0.004883606846278577,161.0716188855987,0.04638527872955493,0.10528355073065301,False
3148,1012.8265687006095,1610.36310594846,1714.36310594846,1257.36310594846,1350.36310594846,0.027178999737187938,896.4205402193844,0.003810851137122869,125.68988071923741,0.036102075830093096,0.10555767361017818,False
3149,1013.0912343249339,1622.3705589335189,1726.3705589335189,1267.3705589335189,1360.3705589335189,0.0269839644514377,889.9878665410056,0.0037696457041286047,124.33083892734442,0.03577816780981945,0.10536161952636412,False
3150,1013.3558725666347,1622.3780220234987,1725.3780220234987,1270.3780220234987,1361.3780220234987,0.026732207258897796,881.6843851501161,0.0033135561471643905,109.28804666141434,0.03168977729508806,0.10456230462932267,False
3151,1013.6204834013411,1608.385495228553,1713.385495228553,1257.385495228553,1348.385495228553,0.02746493814734373,905.8513900144417,0.002880687790585555,95.01113839398658,0.027309923289656573,0.10548135782119146,False
3152,1013.8850668046812,1621.392978558822,1724.392978558822,1266.392978558822,1356.392978558822,0.02674795783723528,882.2038723306076,0.0030690811850629975,101.22474853726794,0.029012372568578103,0.10578525344000893,False
3153,1014.1496227522838,1627.4004720244336,1729.4004720244336,1270.4004720244336,1362.4004720244336,0.02640113555051767,870.764944311703,0.003963003424397534,130.7081829699914,0.03753829195557971,0.10557228946610267,False
3154,1014.4141512197779,1630.4079756355034,1730.4079756355034,1272.4079756355034,1365.4079756355034,0.025852216994551678,852.6604565368195,0.00478383567013909,157.78095578253726,0.045440035856671765,0.10527799065186477,False
3155,1014.6786521827916,1624.415489402134,1726.415489402134,1265.415489402134,1358.415489402134,0.02644820185084222,872.3172898273965,0.004351276976278937,143.51426084246714,0.040938423585261355,0.10628833734197532,False
3156,1014.9431256169538,1610.4230133344163,1714.4230133344163,1254.4230133344163,1347.4230133344163,0.027178019670269022,896.3882155523472,0.00388192807714767,128.03414760139935,0.036431217664285864,0.1065549911869454,False
3157,1015.2075714978932,1614.4305474424277,1717.4305474424277,1258.4305474424277,1350.4305474424277,0.02685981683002203,885.8932170346768,0.003783184619342267,124.77738080920778,0.03559019014751606,0.10629852225182072,False
3158,1015.4719898012382,1618.4380917362337,1720.4380917362337,1261.4380917362337,1354.4380917362337,0.026542958095019248,875.4425499332019,0.004350259844670894,143.48071370407456,0.04101889597422171,0.10605502028637756,False
3159,1015.7363805026179,1602.445646225887,1705.445646225887,1247.445646225887,1339.445646225887,0.027054575195559358,892.3167573023615,0.0038488881344633935,126.94442084337845,0.03602571939420734,0.10683723182172639,False
3160,1016.0007435776606,1594.4532109214276,1697.4532109214276,1241.4532109214276,1334.4532109214276,0.02718603266656252,896.6525010130209,0.0041869622422334996,138.0948155323632,0.039281762598533006,0.10658794222206983,False
3161,1016.2650790019949,1590.4607858328834,1693.4607858328834,1238.4607858328834,1330.4607858328834,0.02725217879971748,898.8341395203081,0.0038676400278959584,127.56289770431863,0.03624545873170875,0.10670688586188085,False
3162,1016.5293867512498,1590.468370970269,1694.468370970269,1239.468370970269,1331.468370970269,0.027508429804188505,907.2858362744522,0.0035869756063524813,118.30599513935351,0.03368175546030754,0.10649610025758821,False
3163,1016.7936668010535,1589.475966343587,1694.475966343587,1239.475966343587,1334.475966343587,0.027781447831999467,916.2905447017849,0.004291198662273194,141.53275176497118,0.04053261814020106,0.10587025608437314,False
3164,1017.057919127035,1587.483571962827,1695.483571962827,1239.483571962827,1335.483571962827,0.028584346427163898,942.7718280226684,0.003813428593860503,125.77489066012845,0.036125098156895914,0.1055617503736127,False
3165,1017.3221437048227,1581.4911878379662,1689.4911878379662,1235.4911878379662,1334.4911878379662,0.028689154550331695,946.2286202261321,0.004786903631715734,157.88214360403572,0.04566189013985932,0.10483367239187356,False
3166,1017.5863405100454,1566.4988139789693,1674.4988139789693,1221.4988139789693,1318.4988139789693,0.028954773865454107,954.9893035572755,0.00423191997693232,139.57761612162165,0.039953527139964404,0.10592106078912988,False
3167,1017.8505095183317,1551.5064503957879,1663.5064503957879,1208.5064503957879,1306.5064503957879,0.0302709037185895,998.3980325522654,0.00359168172556237,118.46121284292065,0.033658729862033276,0.10670877184862976,False
3168,1018.11465070531,1542.5140970983612,1652.5140970983612,1201.5140970983612,1298.5140970983612,0.02991603125030863,986.6935926243285,0.0038017669344658986,125.39026462107483,0.035664059790798605,0.1065993876402922,False
3169,1018.3787640466095,1539.521754096616,1647.521754096616,1201.521754096616,1297.521754096616,0.02944532773791393,971.1688013905037,0.003937681863873506,129.87302467926577,0.03725853993790702,0.10568535080644126,False
3170,1018.6428495178583,1539.529421400466,1648.529421400466,1205.529421400466,1297.529421400466,0.029708709460959205,979.8556842316375,0.0022306908085298997,73.57287166491164,0.021225503977225554,0.10509483359845667,False
3171,1018.9069070946854,1518.5370990198123,1623.5370990198123,1186.5370990198123,1278.5370990198123,0.02903681049513443,957.6950440409913,0.0033952021823743517,111.98090451848805,0.03219834423817907,0.10544648374646864,False
3172,1019.1709367527193,1507.5447869645436,1613.5447869645436,1175.5447869645436,1269.5447869645436,0.029510801304142187,973.3282572268465,0.003898045285452831,128.5657270088625,0.03674557912565796,0.10608202070030741,False
3173,1019.4349384675886,1486.5524852445355,1593.5524852445355,1161.5524852445355,1252.5524852445355,0.03018612465698918,995.6018408993741,0.0025709699839314426,84.79599411932236,0.024287445499444595,0.10585592395833623,False
3174,1019.6989122149221,1482.5601938696514,1586.5601938696514,1156.5601938696514,1247.5601938696514,0.029444218505942206,971.1322165885267,0.003449049875187113,113.7569146125877,0.03250154414807329,0.10611956956486865,False
3175,1019.9628579703483,1471.5679128497416,1574.5679128497416,1149.5679128497416,1237.5679128497416,0.029381087390578896,969.0500197054237,0.002653320125937754,87.51207489853618,0.02505046039763657,0.10591901641009704,False
3176,1020.226775709496,1459.5756421946435,1562.5756421946435,1137.5756421946435,1226.5756421946435,0.029614443013709184,976.7465786580132,0.0030996086803203315,102.23160949811052,0.029050701241310702,0.10669651842732882,False
3177,1020.4906654079936,1446.5833819141824,1549.5833819141824,1128.5833819141824,1216.5833819141824,0.029871478568867658,985.2241515429156,0.002736750182109938,90.26377351686563,0.025711321088200952,0.10644144549094545,False
3178,1020.7545270414698,1442.5911320181701,1546.5911320181701,1128.5911320181701,1217.5911320181701,0.03023225751139393,997.1233994065767,0.0027325854162664164,90.1264107852187,0.0259651919063831,0.10524033198440012,False
3179,1021.0183605855534,1422.5988925164063,1525.5988925164063,1110.5988925164063,1201.5988925164063,0.03035789850242579,1001.267303381835,0.003844384819004204,126.79589203379226,0.03640411203328361,0.10560303779664655,False
3180,1021.2821660158731,1414.6066634186773,1515.6066634186773,1103.6066634186773,1193.6066634186773,0.029950806529313385,987.8405544217884,0.004096114071997833,135.09845191971806,0.038725396407247877,0.10577332841016963,False
3181,1021.5459433080574,1395.6144447347574,1495.6144447347574,1088.6144447347574,1178.6144447347574,0.030054195158608053,991.2505287336119,0.00444347157548854,146.5550325127981,0.04205060324740363,0.10566962736171678,False
3182,1021.809692437735,1386.6222364744076,1487.6222364744076,1083.6222364744076,1171.6222364744076,0.030534500969686476,1007.0920239615733,0.0033751962937415697,111.32106826000938,0.03202496728629296,0.10539265391181807,False
3183,1022.0734133805345,1364.6300386473758,1465.6300386473758,1064.6300386473758,1152.6300386473758,0.031009430576226633,1022.7562006633519,0.0034817872748566098,114.83666286605114,0.03282372709297661,0.10607531755897454,False
3184,1022.3371061120844,1344.637851263398,1443.637851263398,1050.637851263398,1138.637851263398,0.030852928074885103,1017.594419208742,0.004079645662254588,134.5552891506195,0.03881219609677606,0.1051124665062038,False
3185,1022.6007706080135,1344.6456743321967,1440.6456743321967,1051.6456743321967,1139.6456743321967,0.0299493204688762,987.7915410249458,0.004951086138921725,163.29722779504016,0.04748656778877537,0.10426287620837565,False
3186,1022.8644068439506,1336.6535078634815,1429.6535078634815,1045.6535078634815,1130.6535078634815,0.02921195173739072,963.4715703486636,0.004729784012542693,155.99821850114927,0.045362602663203244,0.10426615173867326,False
3187,1023.1280147955242,1317.6613518669499,1409.6613518669499,1028.6613518669499,1110.6613518669499,0.029310985128281206,966.7378997434255,0.003998251543598518,131.87074003100906,0.037886534240778744,0.10553225898649354,False
3188,1023.391594438363,1309.6692063522855,1401.6692063522855,1024.6692063522855,1103.6692063522855,0.029483916044959497,972.4415248675423,0.0027713244938887653,91.40410699279118,0.0263453247661822,0.10519226915912368,False
3189,1023.6551457480954,1295.67707132916,1384.67707132916,1011.6770713291601,1091.67707132916,0.02885172740662763,951.5906147467182,0.0042005541914355675,138.54310658663906,0.03987063333019051,0.10535458909439642,False
3190,1023.9186687003503,1292.684946807232,1380.684946807232,1012.6849468072321,1090.684946807232,0.028601898374768817,943.3507281479872,0.0036230664470982936,119.49634692827794,0.03476804116019244,0.10420680389801516,False
3191,1024.1821632707563,1270.6928327961468,1356.6928327961468,993.6928327961468,1069.6928327961468,0.028440950355876387,938.0423241802952,0.003565978181166527,117.61345592119153,0.033959939504178804,0.10500543385030854,False
3192,1024.445629434942,1257.7007293055374,1339.7007293055374,981.7007293055374,1056.7007293055374,0.027430481040353658,904.7149221988079,0.004542412489041643,149.81831181059079,0.0431267651817911,0.10532699287540193,False
3193,1024.709067168536,1244.7086363450233,1325.7086363450233,970.7086363450233,1043.7086363450233,0.027380382619475577,903.0625709738945,0.004110000969291032,135.55647098200575,0.038801483946493506,0.10592380886665684,False
3194,1024.9724764471669,1232.7165539242114,1310.7165539242114,963.7165539242114,1032.7165539242114,0.026645556380536745,878.8264570459916,0.0033862632185220135,111.68607870138646,0.03218245768398615,0.10522077747365463,False
3195,1025.2358572464639,1218.7244820526962,1295.7244820526962,952.7244820526962,1020.7244820526962,0.026607129178110506,877.5590471379325,0.003334076883778337,109.96486368849594,0.03167131924590888,0.10527117162033009,False
3196,1025.4992095420548,1206.7324207400584,1279.7324207400584,942.7324207400584,1008.7324207400584,0.025508191618737817,841.3137765184862,0.0038793448881730558,127.94894859928354,0.03684687783453481,0.10528286563636965,False
3197,1025.7625333095687,1199.7403699958663,1270.7403699958663,940.7403699958663,1004.7403699958663,0.024969554540094207,823.5483934768417,0.003614516512235204,119.214352104961,0.03481849914728757,0.10381023308745295,False
3198,1026.0258285246343,1187.748329829675,1258.748329829675,930.748329829675,995.748329829675,0.025214478916486628,831.6265142289524,0.004102842146099246,135.3203579456556,0.03951090946447094,0.10384074175231553,False
3199,1026.28909516288,1172.7563002510271,1239.7563002510271,915.7563002510271,980.7563002510271,0.024128549255549952,795.8102714418725,0.0056526421856416716,186.43602085129783,0.054039761471549874,0.10460153841755201,False
3200,1026.5523331999345,1160.7642812694517,1229.7642812694517,908.7642812694517,971.7642812694517,0.025077839087724572,827.1198454663501,0.0040318438761757745,132.97868576879603,0.03866479763195577,0.10427686482557785,False
3201,1026.8155426114267,1149.7722728944652,1219.7722728944652,900.7722728944652,960.7722728944652,0.025666925727853698,846.549161088221,0.0023385259774774785,77.12950220088999,0.022308312850244563,0.10482755881970884,False
3202,1027.0787233729852,1149.7802751355712,1218.7802751355712,903.7802751355712,964.7802751355712,0.025310563034214677,834.7955703955939,0.00305499404383041,100.76012500895672,0.029653083463799666,0.10302449819628139,False
3203,1027.3418754602383,1123.7882880022598,1194.7882880022598,880.7882880022598,943.7882880022598,0.026606455136983623,877.5368158447675,0.0033965973882871987,112.0269213421459,0.03262361902811366,0.10411467180756846,False
3204,1027.604998848815,1110.7963115040088,1180.7963115040088,873.7963115040088,934.7963115040088,0.02654055889183569,875.3634191692041,0.0027662240832582487,91.23588472939127,0.02689803803626821,0.10284110980616451,False
3205,1027.8680935143439,1092.8043456502824,1158.8043456502824,855.8043456502824,914.8043456502824,0.025467701831175422,839.9783382171865,0.0034860297258460897,114.9765878171022,0.03338312372545137,0.10442491105732962,False
3206,1028.1311594324532,1088.8123904505321,1155.8123904505321,856.8123904505321,912.8123904505321,0.025934291444331653,855.3674444069179,0.0015614968426923698,51.50144805961804,0.015118101772067193,0.10328656773414857,False
3207,1028.3941965787722,1074.8204459141962,1137.8204459141962,843.8204459141962,899.8204459141962,0.024737814235217717,815.90511111558,0.0031679986361386157,104.4872539932361,0.030608127760051285,0.10350187574273598,False
3208,1028.6572049289289,1065.8285120507003,1128.8285120507003,836.8285120507003,892.8285120507003,0.024940636431994304,822.5946134873019,0.003190945504472152,105.2440899440362,0.030843684741898702,0.10345539228448622,False
3209,1028.9201844585527,1057.8365888694564,1115.8365888694564,831.8365888694564,885.8365888694564,0.023182013560928957,764.5915346629716,0.004133581820133722,136.3342170085573,0.040401029519190286,0.10231377440939449,False
3210,1029.1831351432716,1048.844676379864,1106.844676379864,823.844676379864,878.844676379864,0.023375502370323015,770.9732023005082,0.00469128428204766,154.72841646493123,0.04575961076384112,0.10252019638581969,False
3211,1029.4460569587145,1031.8527745913093,1088.8527745913093,807.8527745913093,862.8527745913093,0.023351425821158327,770.1791071013646,0.005253053225768873,173.25673703884888,0.05067629240760912,0.10365898877361675,False
3212,1029.7089498805099,1023.8608835131656,1081.8608835131656,805.8608835131656,854.8608835131656,0.023930467290396246,789.2771118728008,0.0017049022893771242,56.231261122298974,0.016531836879981995,0.10312842437016478,False
3213,1029.9718138842868,1024.8690031547926,1079.8690031547926,805.8690031547926,853.8690031547926,0.022702717020331206,748.7833272968985,0.0024240797760165,79.95124630647729,0.023490996421902072,0.10319186689570922,False
3214,1030.2346489456734,1021.8771335255378,1073.8771335255378,802.8771335255378,851.8771335255378,0.021555913796267905,710.9593464447422,0.0041719579778689425,137.59994335541307,0.040637163022512586,0.10266361299773114,False
3215,1030.4974550402987,1000.8852746347347,1054.8852746347347,786.8852746347347,834.8852746347347,0.022820930154763056,752.6822449485085,0.0028944528348402304,95.46513848693462,0.0280944860784487,0.10302565516799281,False
3216,1030.7602321437912,995.8934264917043,1046.8934264917043,784.8934264917043,830.8934264917043,0.021689607081284958,715.368832001148,0.00304502416732446,100.43129752561288,0.029888440076976,0.10187966181848807,False
3217,1031.0229802317795,986.9015891057545,1036.9015891057545,776.9015891057545,821.9015891057545,0.02146369178359321,707.9176706207105,0.0029901185789931173,98.62039581366719,0.0291967330836863,0.10241277921137858,False
3218,1031.2856992798922,993.9097624861795,1040.9097624861795,784.9097624861795,830.9097624861795,0.020066125321084264,661.8229910729347,0.004668005521054057,153.96063399658044,0.046590032604783324,0.10019322288636476,False
3219,1031.5483892637583,970.9179466422606,1016.9179466422606,764.9179466422606,808.9179466422606,0.02010338311450805,663.0518314140542,0.004186237122995318,138.07089957572384,0.041254055572629435,0.10147455964966348,False
3220,1031.811050159006,959.9261415832668,1006.9261415832668,756.9261415832668,799.9261415832668,0.020759797117163397,684.701744970761,0.0032365881355894514,106.74947985679364,0.03186684015064463,0.10156602036126192,False
3221,1032.073681941264,943.9343473184526,989.9343473184526,741.9343473184526,785.9343473184526,0.02066460381405508,681.5620697427256,0.004356188243260926,143.67624475076866,0.042541641051937584,0.1023982182056073,False
3222,1032.3362845861614,931.9425638570603,975.9425638570603,731.9425638570603,774.9425638570603,0.02003511196651646,660.800105450781,0.004757400337087082,156.9090629327451,0.0463985226653246,0.10253344425214794,False
3223,1032.5988580693263,916.9507912083188,961.9507912083188,720.9507912083188,762.9507912083188,0.02080682659716691,686.2528760748721,0.003784078357117856,124.80685815963864,0.03690042508552688,0.10254836762306163,False
3224,1032.8614023663874,906.9590293814435,948.9590293814435,712.9590293814435,751.9590293814435,0.019659793631222243,648.4213178525627,0.0034698114187665906,114.44167395955651,0.033756907611831144,0.10278818956599237,False
3225,1033.123917452974,899.9672783856372,941.9672783856372,706.9672783856372,745.9672783856372,0.01980909738222956,653.3456693897398,0.003511367153813085,115.81226944944956,0.03406722100706872,0.10307172261231698,False
3226,1033.3864033047137,898.9755382300889,940.9755382300889,708.9755382300889,747.9755382300889,0.01983045914696763,654.0502252921538,0.003425684808758201,112.9862856095707,0.03378261415596848,0.10140378103785597,False
3227,1033.6488598972362,895.9838089239747,935.9838089239747,707.9838089239747,743.9838089239747,0.018968174461135596,625.6102638744849,0.0025719839753385564,84.82943768728762,0.025467496610106947,0.1009908439260515,False
3228,1033.9112872061692,890.9920904764576,928.9920904764576,702.9920904764576,738.9920904764576,0.01813816765563989,598.234894796785,0.0035511837550852784,117.12550465189452,0.03510885177727932,0.1011478181517581,False
3229,1034.173685207142,889.0003828966874,929.0003828966874,703.0003828966874,740.0003828966874,0.019113944969490603,630.4180816422911,0.003162437914504438,104.30384970538432,0.03150931735774112,0.10036516750266883,False
3230,1034.436053875783,884.0086861937998,922.0086861937998,700.0086861937998,736.0086861937998,0.018278480163147943,602.8626962242162,0.003501030566279366,115.47134706560166,0.035149995959038845,0.09960258801620356,False
3231,1034.698393187721,869.0170003769188,907.0170003769188,686.0170003769188,722.0170003769188,0.018587154659724586,613.0434299395404,0.0036253905748842366,119.57300154785753,0.03593740536682958,0.10088069903428509,False
3232,1034.9607031185842,857.025325455154,895.025325455154,677.025325455154,711.025325455154,0.01884166850282548,621.4378314602722,0.00243848667535641,80.42641612928344,0.02410298291426423,0.1011694977352079,False
3233,1035.222983644002,844.033661437602,882.033661437602,668.033661437602,701.033661437602,0.019125392276364544,630.7956378846553,0.0018151330301294476,59.866902651769124,0.018033418038631937,0.1006538542078376,False
3234,1035.4852347396022,838.0420083333461,876.0420083333461,663.0420083333461,696.0420083333461,0.01925914318573453,635.2070240133445,0.0018352633999387698,60.53084456110287,0.018205693590147506,0.10080711239323348,False
3235,1035.7474563810142,823.0503661514565,862.0503661514565,652.0503661514565,684.0503661514565,0.020106228196825626,663.1456682091073,0.000700708380716026,23.11083524969706,0.006951822715411635,0.10079491514687386,False
3236,1036.0096485438662,814.0587349009902,851.0587349009902,644.0587349009902,679.0587349009902,0.019303792817277232,636.6796627128969,0.003678072579982688,121.31056481092253,0.03682077584985825,0.09989122974976225,False
3237,1036.271811203787,810.0671145909907,847.0671145909907,642.0671145909907,675.0671145909907,0.01939681964455669,639.7478830142733,0.0023697057353610426,78.15787615416878,0.02375508572994463,0.09975572230303065,False
3238,1036.5339443364048,807.075505230488,844.075505230488,640.075505230488,674.075505230488,0.01946713072546996,642.0668902531396,0.0030102074811762837,99.28297003352736,0.030351608978321478,0.09917785522758656,False
3239,1036.7960479173491,799.0839068284995,836.0839068284995,634.0839068284995,667.0839068284995,0.019657479825170947,648.3450036654872,0.00237625289832551,78.37381535054328,0.023940279098663052,0.09925752697086193,False
3240,1037.058121922248,793.0923193940284,828.0923193940284,629.0923193940284,662.0923193940284,0.018755012527472865,618.5797352466524,0.003449154443565975,113.76036349751996,0.03488053780889811,0.09888478390049615,False
3241,1037.32016632673,779.100742936065,816.100742936065,620.100742936065,651.100742936065,0.020150154731078417,664.5944576401242,0.001035784495359366,34.162349823731006,0.010503478352421717,0.09861347456583772,False
3242,1037.5821811064243,784.1091774635865,818.1091774635865,622.1091774635865,656.1091774635865,0.018434727551962564,608.0160635314546,0.004674776854002249,154.18396679021225,0.0476179676605386,0.09817254040172477,False
3243,1037.844166236959,778.1176229855562,813.1176229855562,618.1176229855562,652.1176229855562,0.019108122357014545,630.2260396439929,0.004146688667258345,136.76650837665886,0.042356032437980376,0.0979007812719502,False
3244,1038.106121693963,764.1260795109247,799.1260795109247,605.1260795109247,636.1260795109247,0.019450281772103943,641.511176355478,0.0022470487044094073,74.11238945448986,0.022426614400092356,0.100195627584347,False
3245,1038.368047453065,767.1345470486283,796.1345470486283,608.1345470486283,636.1345470486283,0.01611492872302652,531.5042220529832,0.0034343774434841615,113.27298697431274,0.03463656535158009,0.09915467681692314,False
3246,1038.6299434898933,760.1430256075912,790.1430256075912,604.1430256075912,632.1430256075912,0.016810395890063723,554.4421910587857,0.0028651886327865465,94.499943591327,0.029140587202693708,0.09832295460819311,False
3247,1038.891809780077,741.1515151967228,774.1515151967228,586.1515151967228,616.1515151967228,0.018918967333211495,623.9873093646464,0.002758661500728791,90.98645486140242,0.02744451333082186,0.10051777808829446,False
3248,1039.1536462992447,739.1600158249205,773.1600158249205,587.1600158249205,615.1600158249205,0.019530920192559222,644.1708009599867,0.0007007057298377452,23.110747818159325,0.007032963944544126,0.09963163971305766,False
3249,1039.4154530230246,735.168527501067,766.168527501067,582.168527501067,610.168527501067,0.017937401494071983,591.6132047879277,0.0024636780478371513,81.25728054469312,0.024610608519733256,0.10010634421581763,False
3250,1039.6772299270456,733.1770502340328,762.1770502340328,583.1770502340328,612.1770502340328,0.0168470053745383,555.6496488080477,0.004229614169245912,139.50156573743243,0.043472672913551724,0.0972936303607735,False
3251,1039.9389769869367,727.1855840326741,757.1855840326741,581.1855840326741,607.1855840326741,0.017557076186958467,579.0692767347067,0.0014495423438567467,47.80895336530796,0.015004735757951042,0.09660565619015524,False
3252,1040.200694178326,724.1941289058338,751.1941289058338,577.1941289058338,604.1941289058338,0.01589718532540939,524.3225871139283,0.003957410598235806,130.52371980733892,0.04098633548379716,0.09655438944523989,False
3253,1040.4623814768424,712.2026848623418,739.2026848623418,566.2026848623418,592.2026848623418,0.01615992907335004,532.98842819512,0.0033385185360722096,110.11135871727708,0.03407958315203101,0.09796242287292317,False
3254,1040.7240388581147,707.2112519110142,735.2112519110142,563.2112519110142,588.2112519110142,0.016862983216537415,556.1766316217966,0.001999022051419261,65.9319490993571,0.020423541034054565,0.09787832815504702,False
3255,1040.985666297771,703.2198300606537,730.2198300606537,560.2198300606537,583.2198300606537,0.016362513713597423,539.670095453177,0.001111290846558654,36.652707996826166,0.011319260161498012,0.09817698601350847,False
3256,1041.2472637714407,701.2284193200494,728.2284193200494,559.2284193200494,585.2284193200494,0.016408114568906996,541.1741075119851,0.0033280595774652887,109.76640027821725,0.03444973524546757,0.09660624541093243,False
3257,1041.5088312547518,688.2370196979775,714.2370196979775,547.2370196979775,571.2370196979775,0.016104327152605055,531.1545599765168,0.0025365484765627506,83.66070045402978,0.025805655445806215,0.09829428599051437,False
3258,1041.7703687233331,680.2456312032002,705.2456312032002,539.2456312032002,564.2456312032002,0.015674643248505735,516.982681645422,0.004006926620167033,132.1568622908119,0.040524902810695075,0.09887566267301573,False
3259,1042.0318761528135,675.2542538444661,698.2542538444661,536.2542538444661,560.2542538444661,0.01454626139472809,479.766276306078,0.004468151040571437,147.36901314622344,0.04565743675392279,0.0978625029839754,False
3260,1042.2933535188217,671.2628876305107,694.2628876305107,534.2628876305107,558.2628876305107,0.014631313480871311,482.57147288227776,0.004452437040255188,146.85073238575723,0.045943372255239374,0.09691141119375347,False
3261,1042.5548007969858,657.2715325700556,682.2715325700556,520.2715325700556,542.2715325700556,0.01621242821028714,534.7199600818441,0.0017743143470418353,58.520616684726065,0.01763248164861714,0.1006276020812413,False
3262,1042.8162179629348,659.2801886718094,685.2801886718094,526.2801886718094,550.2801886718094,0.016798151204838706,554.0383356023538,0.002568704593513379,84.72127678159791,0.02659977700900669,0.09656865140800297,False
3263,1043.0776049922974,652.2888559444668,678.2888559444668,522.2888559444668,544.2888559444668,0.016974722948701105,559.8620428598375,0.000943960073770133,31.133787389414124,0.009827060157714586,0.09605721941460704,False
3264,1043.3389618607023,653.2975343967089,679.2975343967089,524.2975343967089,546.2975343967089,0.01694901913566781,559.0142770778806,0.0009024059123940616,29.76324380247945,0.009490817450239138,0.09508200079976503,False
3265,1043.6002885437779,644.3062240372037,667.3062240372037,515.3062240372037,535.3062240372037,0.01523284890354097,502.4113755190487,0.0013040560333103333,43.01050903859874,0.013531073854768942,0.09637491061736589,False
3266,1043.861585017153,645.3149248746051,668.3149248746051,515.3149248746051,537.3149248746051,0.015209450332121212,501.63964145100783,0.002946732750416965,97.18943999240162,0.030623161281069716,0.09622562227886458,False
3267,1044.1228512564562,638.3236369175538,659.3236369175538,507.3236369175538,531.3236369175538,0.01405771907718642,463.6531237822374,0.006016320482016842,198.4308954991913,0.06218568920900879,0.09674766909466466,False
3268,1044.384087237316,640.3323601746768,660.3323601746768,511.33236017467675,533.3323601746768,0.013357130667612044,440.5462454329653,0.004937526470187598,162.85000141844887,0.05184657933151094,0.09523340852665865,False
3269,1044.6452929353613,624.3410946545876,645.3410946545876,497.34109465458755,517.3410946545876,0.01436739991268317,473.8670486704205,0.0027552318583582997,90.87333804708834,0.028290717728479305,0.09738995966103403,False
3270,1044.9064683262204,616.3498403658857,637.3498403658857,489.3498403658857,512.3498403658857,0.014550593533802017,479.909159358674,0.005396560713788818,177.98991563925,0.05534391610016364,0.09750955649798806,False
3271,1045.1676133855226,616.358597317158,639.358597317158,491.358597317158,513.358597317158,0.015911051272268058,524.7799151868483,0.003111229042612299,102.61487347191519,0.032114492432236005,0.09687928430372134,False
3272,1045.428728088896,618.3673655169769,640.3673655169769,494.36736551697686,514.3673655169769,0.015182629718936608,500.7550412526032,0.0020409827695815584,67.31590178366332,0.02122127050391988,0.09617627602478179,False
3273,1045.6898124119693,610.3761449739013,632.3761449739013,486.3761449739013,507.3761449739013,0.015377926782453264,507.1963489119619,0.002979851415744852,98.28176318867997,0.03067730858736256,0.09713536007433175,False
3274,1045.9508663303714,603.384935696477,624.384935696477,480.384935696477,501.384935696477,0.014857953217284548,490.0465277744837,0.003723948072930753,122.82363499632265,0.038334660099897305,0.09714310921830058,False
3275,1046.2118898197305,607.3937376932354,628.3937376932354,486.3937376932354,508.3937376932354,0.014761538420067397,486.8665651032202,0.0044506791595182015,146.79275378407476,0.047218555292032297,0.09425699562369316,False
3276,1046.4728828556756,606.4025509726948,629.4025509726948,486.4025509726948,509.4025509726948,0.016167479191066914,533.2374469473892,0.0038977923315770963,128.55738405834438,0.041547078544041396,0.09381627946343558,False
3277,1046.733845413835,597.4113755433598,617.4113755433598,475.4113755433598,498.4113755433598,0.01430113899415038,471.68162430009966,0.006217237711445568,205.05756804363534,0.06469866603145984,0.09609529983852257,False
3278,1046.994777469838,595.4202114137213,615.4202114137213,474.4202114137213,497.4202114137213,0.014348182496317429,473.2332178846383,0.0062120625414249404,204.88688005840868,0.06501077116437685,0.0955543586110987,False
3279,1047.2556789993127,589.4290585922565,609.4290585922565,470.4290585922565,491.4290585922565,0.014491615696559927,477.96394631799,0.00447507694436361,147.59744401118974,0.04676158119241936,0.09569986365407754,False
3280,1047.516549977888,595.437917087429,615.437917087429,477.437917087429,498.437917087429,0.01434776281587472,473.2193759414905,0.004346402901015416,143.3535035952159,0.0463634219061231,0.09374637855281767,False
3281,1047.7773903811922,581.4467869076884,601.4467869076884,463.4467869076884,483.4467869076884,0.014687234170336244,484.4158547633006,0.0036615684650830854,120.76622441071646,0.03787333886606511,0.09667931517820014,False
3282,1048.0382001848543,570.4556680614712,591.4556680614712,454.4556680614712,472.4556680614712,0.015700298447694546,517.8288440406039,0.001169240749905747,38.56401761698794,0.011913309459003792,0.0981457548743572,False
3283,1048.2989793645029,571.4645605571995,591.4645605571995,458.46456055719955,475.46456055719955,0.014939424893537697,492.73363490666776,0.0008729566003957846,28.791943591807637,0.009165182141083163,0.09524705422740419,False
3284,1048.5597278957664,569.4734644032826,588.4734644032826,456.4734644032826,475.4734644032826,0.014253392115220474,470.1068318714595,0.0034573560765937903,114.03087059419641,0.036651993482885274,0.09432927783882232,False
3285,1048.8204457542738,568.482379608115,586.482379608115,455.482379608115,473.482379608115,0.01353796055818961,446.5103953195249,0.003294280147937416,108.65228368973038,0.03482388793012165,0.09459828708809849,False
3286,1049.0811329156534,560.4913061800783,578.4913061800783,449.49130618007825,467.49130618007825,0.013727955958624713,452.77684298662564,0.0033242865988105056,109.6419595115716,0.03529512164161781,0.09418544105230434,False
3287,1049.341789355534,555.5002441275401,574.5002441275401,444.5002441275401,463.5002441275401,0.014605963435222632,481.7353750922666,0.003571999961445381,117.8120668922669,0.03758961286066829,0.09502625032839661,False
3288,1049.6024150495443,553.5091934588543,572.5091934588543,445.50919345885427,463.50919345885427,0.014657626401322125,483.4393283071775,0.0025440556660130884,83.90830334183562,0.02735657262090568,0.09299614031579895,False
3289,1049.863009973313,547.5181541823608,565.5181541823608,437.51815418236083,456.51815418236083,0.014048027393650105,463.3334716877796,0.004413947089223125,145.58125289678367,0.04636719577132024,0.09519547205296613,False
3290,1050.1235741024686,544.5271263063862,562.5271263063862,436.5271263063862,453.5271263063862,0.014123950373358176,465.8375711448267,0.0024680813181516287,81.40250965511666,0.026041688694007685,0.0947742424522395,False
3291,1050.3841074126397,551.536109839243,567.536109839243,443.53610983924295,461.53610983924295,0.012419547428548618,409.62277945596327,0.004857154708143395,160.19917176883996,0.05267127293437084,0.09221639116630956,False
3292,1050.644609879455,542.5451047892298,560.5451047892298,436.54510478922975,453.54510478922975,0.014174714916205993,467.51189247245696,0.0024166463441035093,79.70607609728773,0.02593012596754927,0.0931984035529895,False
3293,1050.9050814785433,543.5541111646319,562.5541111646319,437.5541111646319,454.5541111646319,0.014921518000134379,492.14302792283945,0.0016323033127334293,53.83679427320169,0.017477441846504523,0.09339486448126211,False
3294,1051.1655221855333,537.5631289737207,557.5631289737207,432.5631289737207,448.5631289737207,0.01586457347587344,523.2469797677694,-9.04990092897226e-05,-2.984847550729114,-0.0009584198469117679,0.09442522458328634,False
3295,1051.4259319760529,526.5721582247531,547.5721582247531,424.57215822475314,442.57215822475314,0.016983465292056712,560.1503837196705,0.0010491126870143704,34.60194159969956,0.011282986631097338,0.09298182487630387,False
3296,1051.6863108257319,524.5811989259732,543.5811989259732,423.58119892597324,439.58119892597324,0.015451705842737536,509.6297374000015,0.0006507280775703804,21.462379795876757,0.007031045727784233,0.09255068204135421,False
3297,1051.9466587101979,519.5902510856108,537.5902510856108,418.5902510856108,435.5902510856108,0.014790390475130125,487.81816652475374,0.002498651347007141,82.41077346343053,0.026976703937608464,0.09262255881170675,False
3298,1052.2069756050803,525.5993147118816,543.5993147118816,425.59931471188156,441.59931471188156,0.014624110258494827,482.3338954674911,0.0014033605122070521,46.285779485619685,0.015429650581995068,0.09095219005442937,False
3299,1052.4672614860074,532.6083898129878,548.6083898129878,431.60838981298775,447.60838981298775,0.012854441642633552,423.9665047621925,0.0029538984323150344,97.42577924330197,0.03287911584699691,0.08984117596291251,False
3300,1052.7275163286079,515.617476397118,534.617476397118,420.617476397118,434.617476397118,0.015715522580401004,518.3309679376223,-0.0014956502290436116,-49.329688335220624,-0.016769608803030838,0.08918814067823078,False
3301,1052.9877401085103,505.62657447244646,524.6265744724465,408.62657447244646,424.62657447244646,0.016020394285979227,528.3862776125437,0.0006601689504664825,21.77375962822896,0.007162265727995539,0.0921731998697066,False
3302,1053.2479328013435,504.63568404713396,523.635684047134,408.63568404713396,424.63568404713396,0.01605127731287858,529.4048647542496,0.0006289211199646989,20.743140496916112,0.0068864595012809995,0.09132720810275713,False
3303,1053.5080943827359,519.6448051293269,536.6448051293269,423.64480512932687,439.64480512932687,0.013980339608236051,461.1009862485124,0.0021197209502089153,69.91285248443887,0.02418534676965161,0.08764484422728208,False
3304,1053.7682248283163,514.6539377271586,532.6539377271586,417.65393772715856,434.65393772715856,0.014929841954361285,492.41756942977474,0.002397196116534094,79.064566708651,0.02678427777030013,0.08950012156729631,False
3305,1054.0283241137133,499.66308184874765,515.6630818487477,402.66308184874765,416.66308184874765,0.013688777528502321,451.48465601010463,0.0011544311063045633,38.07556444189686,0.0123921532401336,0.09315823359622345,True
3306,1054.2883922145556,497.67223750219955,512.6722375021996,400.67223750219955,414.67223750219955,0.012896385501782202,425.34990140079185,0.0020193233204814226,66.6015276252711,0.021679468874366406,0.09314450147203795,True
3307,1054.548429106472,500.6814046956051,515.6814046956051,404.6814046956051,420.6814046956051,0.012820009166786661,422.8308493334341,0.004020057423113239,132.58994377226372,0.044450885941004825,0.09043818448182689,False
3308,1054.8084347650906,490.6905834370418,509.6905834370418,398.6905834370418,413.6905834370418,0.016498886283870546,544.1679494690507,-0.0004592291335219073,-15.14634210003419,-0.005079891866436093,0.09040136002817899,True
3309,1055.0684091660407,483.699773734573,501.699773734573,389.699773734573,406.699773734573,0.015868020928079384,523.3606839878921,0.0026757562239754125,88.25206457136483,0.02892463885001772,0.0925078524869386,True
3310,1055.3283522849506,482.7089755962479,500.7089755962479,391.7089755962479,407.7089755962479,0.015900002273353274,524.4154959782,0.0014867470926991054,49.0360441846351,0.01652336349159733,0.0899784776540905,True
3311,1055.588264097449,478.7181890301026,495.7181890301026,383.7181890301026,400.7181890301026,0.01515492551731841,499.84129845040013,0.0036717443204940074,121.10184551130351,0.038965077193727736,0.09423167063775388,True
3312,1055.8481445791642,479.7274140441582,493.7274140441582,384.7274140441582,400.7274140441582,0.012492704987859097,412.0356695355235,0.005203215459372478,171.6129827466239,0.05580466380322891,0.09323979582995741,True
3313,1056.1079937057254,480.7366506464223,494.7366506464223,387.7366506464223,403.7366506464223,0.012466851223193735,411.1829580335503,0.005094470166463035,168.0263344093483,0.05609220240867416,0.09082314381856435,True
3314,1056.367811452761,479.74589884488887,493.74589884488887,388.74589884488887,402.74589884488887,0.012492230495913591,412.0200197938026,0.0028730758242552223,94.76007974444275,0.03195540624009915,0.08990891252228712,True
3315,1056.6275977958999,470.7551586475374,484.7551586475374,380.7551586475374,395.7551586475374,0.012727351615008644,419.77480851429357,0.004053436890787783,133.69086877812788,0.04497693244119601,0.09012257330104381,True
3316,1056.8873527107703,473.76443006233353,490.76443006233353,385.76443006233353,400.76443006233353,0.015310627070778186,504.9766629603175,0.0012563611575092982,41.43743178245677,0.014178213796612708,0.08861209003700123,True
3317,1057.147076173001,466.77371309722935,480.77371309722935,377.77371309722935,391.77371309722935,0.01283432378624292,423.3029755717098,0.0029692341158404634,97.9315823208043,0.032849129931337484,0.09039003839818195,True
3318,1057.406768158221,467.78300776016226,483.78300776016226,379.78300776016226,391.78300776016226,0.014606168280980618,481.7421313359405,-0.0010961018876645343,-36.151744206072465,-0.012037540546611826,0.09105696329081533,True
3319,1057.6664286420582,463.79231405905625,478.79231405905625,373.79231405905625,388.79231405905625,0.013823622905543901,455.9321399831188,0.003263680826974001,107.64305376612725,0.035451155041121875,0.09206133969932055,True
3320,1057.926057600142,459.80163200182096,474.80163200182096,371.80163200182096,386.80163200182096,0.013941694650857228,459.8263943244071,0.0032353113980090106,106.70737036775296,0.03569346516050861,0.0906415609540923,True
3321,1058.1856550081009,453.8109615963522,469.8109615963522,366.8109615963522,380.8109615963522,0.015048163627824521,496.32006692678357,0.001218971945178702,40.204256969554706,0.013275207920043846,0.09182319045551159,True
3322,1058.445220841563,457.82030285053156,472.82030285053156,372.82030285053156,384.82030285053156,0.014001068507708863,461.78466892422716,-0.00024264636854116547,-8.002987264918659,-0.002716692978699519,0.08931681660152863,True
3323,1058.7047550761577,452.8296557722267,467.8296557722267,367.8296557722267,381.8296557722267,0.014152887302690377,466.791971898169,0.0020700279281761404,68.27387216557145,0.023192783011163492,0.08925310632966144,True
3324,1058.9642576875128,448.83902036929135,463.83902036929135,364.83902036929135,376.83902036929135,0.014276674967992746,470.87474929527144,-0.00022208976688095974,-7.3249873332249535,-0.0024649151547527985,0.09010036976434294,True
3325,1059.2237286512577,443.8483966495651,457.8483966495651,359.8483966495651,374.8483966495651,0.013487042277943426,444.8310034093482,0.00424904331382088,140.14237976459708,0.04774712318051617,0.08899056175084402,True
3326,1059.4831679430208,441.8577846208734,453.8577846208734,357.8577846208734,370.8577846208734,0.01163727814615743,383.8218942321169,0.00385965247745863,127.29945150146733,0.043056192397832836,0.08964221549820321,True
3327,1059.7425755384306,442.8671842910278,454.8671842910278,358.8671842910278,371.8671842910278,0.011611105447059176,382.9586636021627,0.003843002768430198,126.75030910086093,0.0429778335422838,0.08941825242655041,True
3328,1060.0019514131159,449.87659566782577,461.87659566782577,367.87659566782577,377.87659566782577,0.011432556056723798,377.06972940708687,0.0002152791701803894,7.100359538509338,0.002466433169669916,0.08728360161049907,True
3329,1060.2612955427055,433.88601875905033,446.88601875905033,351.88601875905033,363.88601875905033,0.012821111618087222,422.8672104946237,0.0017422461521632588,57.46294021190204,0.019336264164897327,0.09010252121638357,True
3330,1060.5206079028274,436.8954535724713,448.8954535724713,355.8954535724713,367.8954535724713,0.011767681503685156,388.12287106466306,0.0026342992839809894,86.88472754995149,0.030024632616439437,0.08773793563550973,True
3331,1060.779888469111,426.904900115843,437.904900115843,343.904900115843,357.904900115843,0.011048665167134483,364.4082009491393,0.006280615343239596,207.14789555678874,0.06920600031814352,0.09075246820170632,True
3332,1061.0391372171846,432.9143583969071,444.9143583969071,352.9143583969071,364.9143583969071,0.011874431420318153,391.64370769816117,0.002647192514151027,87.30997338187888,0.030285102436926392,0.08740906588195407,True
3333,1061.298354122677,429.9238284233902,442.9238284233902,349.9238284233902,360.9238284233902,0.012937528645038191,426.70688874618685,0.0005045095423505241,16.639785160338022,0.0056581094613411455,0.08916574445891681,True
3334,1061.5575391612163,432.93331020300525,443.93331020300525,350.93331020300525,360.93331020300525,0.0108967311774986,359.3970986133632,0.0013056404441653627,43.06276623894934,0.014420020901122052,0.09054358888368658,True
3335,1061.816692308432,422.9428037434509,432.9428037434509,343.9428037434509,352.9428037434509,0.010148885359337695,334.73157159621735,0.0010692187909569894,35.265083169744,0.011978592515816991,0.08926080334940453,True
3336,1062.0758135399522,428.95230905241147,439.95230905241147,348.95230905241147,360.95230905241147,0.010996591422054084,362.6906993800016,0.003687156525145889,121.61017241639956,0.04199525740988891,0.08779935527380883,True
3337,1062.3349028314055,419.96182613755764,431.96182613755764,341.96182613755764,351.96182613755764,0.01223555299001804,403.55425612619314,0.0002823817347950147,9.313543165706733,0.003169587772485675,0.08909099702058841,True
3338,1062.5939601584207,429.97135500654554,438.97135500654554,350.97135500654554,361.97135500654554,0.008996657821648754,296.7286854790538,0.004405873318204778,145.31496295793897,0.051251994425230894,0.085964914489958,True
3339,1062.8529854966268,424.98089566701697,438.98089566701697,348.98089566701697,359.98089566701697,0.01407621279305816,464.2630854045456,-0.0005984125372414158,-19.736903311199853,-0.0069690662345368104,0.08586696080973444,True
3340,1063.111978821652,423.9904481266003,435.9904481266003,347.9904481266003,357.9904481266003,0.012120901960392021,399.77282417844407,0.0001832137201243974,6.042773595703579,0.0021379209938419464,0.0856971425287113,True
3341,1063.3709401091248,410.00001239290896,421.00001239290896,335.00001239290896,345.00001239290896,0.01149823877294058,379.23608344967374,0.0012760487978017987,42.08677154173063,0.01465021607607193,0.0871010223450532,True
3342,1063.6298693346741,408.0095884735424,417.0095884735424,332.0095884735424,342.0095884735424,0.00947567160645781,312.52756696487756,0.0034119840065226763,112.53440435344766,0.0388547803319096,0.08781375103337219,True
3343,1063.8887664739286,408.0191763760863,416.0191763760863,333.0191763760863,343.0191763760863,0.008432775012038813,278.1306451648864,0.0044163824231464935,145.66157532852543,0.05135140831371719,0.08600314126081664,True
3344,1064.147631502517,407.0287761081115,415.0287761081115,333.0287761081115,341.0287761081115,0.00845309560717964,278.8008611054972,0.0018561694980116158,61.22037161910913,0.021529475482756487,0.08621526797056761,True
3345,1064.4064643960676,403.038387677175,411.038387677175,329.038387677175,337.038387677175,0.008535970582173638,281.53425197981755,0.0018968295479289514,62.56142553075756,0.021764755397716332,0.0871514296056815,True
3346,1064.6652651302095,405.0480110908197,417.0480110908197,332.0480110908197,342.0480110908197,0.012679550383061355,418.19822340889283,0.00020663585431285325,6.815284813384039,0.002397103644828412,0.08620230283269398,True
3347,1064.924033680571,394.05764635657397,405.05764635657397,322.05764635657397,331.05764635657397,0.011957075809721272,394.3694933750151,1.2932595545580086e-05,0.4265441847569491,0.00014759921329576863,0.08761967802406191,True
3348,1065.182770022781,396.067293481952,407.067293481952,324.067293481952,335.067293481952,0.011897229012955843,392.3956202227423,0.0025996065918596767,85.74048964150114,0.03028645222050887,0.08583397530131703,True
3349,1065.4414741324679,401.0769524744537,412.0769524744537,330.0769524744537,339.0769524744537,0.01175061869081754,387.5601036311168,-6.754840641506714e-05,-2.227888426912955,-0.0007980079773125848,0.0846462796556832,True
3350,1065.7001459852604,392.0866233415654,402.0866233415654,321.0866233415654,330.0866233415654,0.010937599284185055,360.74501467458185,0.0010681127743524914,35.22860441733644,0.012387398118693662,0.08622575654048095,True
3351,1065.958785556787,380.09630609075793,391.09630609075793,310.09630609075793,321.09630609075793,0.012390065057492928,408.6503888880893,0.002748651497191274,90.65630390421256,0.031585443090128264,0.08702273035550162,True
3352,1066.2173928226769,391.1060007294891,402.1060007294891,321.1060007294891,332.1060007294891,0.012046074865087075,397.3048692925058,0.002582226345368128,85.16725257980812,0.030611440238779195,0.0843549445967234,True
3353,1066.4759677585582,390.11570726520154,400.11570726520154,320.11570726520154,331.11570726520154,0.01099216402526297,362.54467452766573,0.0036806346177155874,121.39506620062775,0.04379302650547628,0.08404613499949193,True
3354,1066.7345103400596,383.125425705324,393.125425705324,314.125425705324,324.125425705324,0.011190158651846464,369.0749534871105,0.0024198513665204986,79.81178447339562,0.028459478587100843,0.08502795858028431,True
3355,1066.9930205428102,394.13515605727093,404.13515605727093,324.13515605727093,335.13515605727093,0.010881456947237654,358.8933223936953,0.0036123936141738127,119.1443344646716,0.04346372473773477,0.08311284032768523,True
3356,1067.2514983424383,394.14489832844265,404.14489832844265,325.14489832844265,335.14489832844265,0.010881191326415485,358.8845616606587,0.0022744773796164273,75.01704481650938,0.02758890999316026,0.08244172677283398,True
3357,1067.5099437145723,392.1546525262247,405.1546525262247,325.1546525262247,336.1546525262247,0.014163458570184228,467.1406345203874,0.00028569532726683416,9.422832410431681,0.0035173518541111496,0.08122455162764222,True
3358,1067.7683566348412,377.16441865798856,385.16441865798856,310.16441865798856,320.16441865798856,0.009115445288538257,300.6465458223351,0.004665644756114426,153.8827710066625,0.05648075696834008,0.08260591760003717,True
3359,1068.0267370788736,372.1741967310918,381.1741967310918,305.1741967310918,315.1741967310918,0.010377234060946318,342.2629917527259,0.0036256104697394344,119.58025414238978,0.042964777926362344,0.08438564435159877,True
3360,1068.285085022298,363.18398675287676,374.18398675287676,297.18398675287676,307.18398675287676,0.012958506207682016,427.3987728559591,0.0014146618207224616,46.6585203952385,0.016374546115224764,0.08639395625183979,True
3361,1068.5434004407432,360.1937887306724,373.1937887306724,295.1937887306724,305.1937887306724,0.01539818746449281,507.86458879255815,-0.0009297119181884816,-30.663853269426852,-0.010699397113213226,0.08689386031296412,True
3362,1068.8016833098377,368.2036026717926,379.2036026717926,303.2036026717926,314.2036026717926,0.012784421231438997,421.6570844216226,0.0026923818528149027,88.80041275672482,0.032435410406063486,0.08300748531030111,True
3363,1069.0599336052103,366.2134285835375,377.2134285835375,302.2134285835375,310.2134285835375,0.012852879689696665,423.9149882711877,-0.0015060438939855387,-49.672493251964795,-0.017892131959203472,0.08417352931554084,True
3364,1069.3181513024897,363.2232664731923,375.2232664731923,303.2232664731923,310.2232664731923,0.014116100124220217,465.578653427429,-0.004204255591287717,-138.6651865339191,-0.05221817246690761,0.0805132656442945,True
3365,1069.5763363773044,353.23311634802803,363.23311634802803,293.23311634802803,300.23311634802803,0.01212402390623157,399.8757925144051,-0.001878445640514849,-61.95508562219402,-0.02296735918892802,0.0817876197721678,True
3366,1069.834488805283,358.24297821530195,365.24297821530195,295.24297821530195,302.24297821530195,0.008404188677481737,277.1878077641603,0.0017724537822664307,58.45925134761984,0.021326117684862627,0.08311188226840398,True
3367,1070.0926085620542,348.2528520822559,356.2528520822559,288.2528520822559,293.2528520822559,0.00986366804998705,325.3245052214312,-0.002395036495542055,-78.99333786891916,-0.028745524627976703,0.08331858703358211,True
3368,1070.3506956232468,354.2627379561179,363.2627379561179,293.2627379561179,299.2627379561179,0.010895377153291527,359.35244004892326,-0.0020996170823795787,-69.24978466611094,-0.025260557494916163,0.08311839842814787,True
3369,1070.6087499644889,343.27263584410184,352.27263584410184,283.27263584410184,289.27263584410184,0.011239724171524444,370.7097285103132,-0.00213699495408284,-70.482585441286,-0.025288965741737373,0.08450305860298211,True
3370,1070.86677156141,352.28254575340657,361.28254575340657,290.28254575340657,298.28254575340657,0.010955854391448382,361.3471064834413,0.00085106346595476,28.069861999677926,0.010174748177993987,0.08364467120625607,True
3371,1071.1247603896381,342.29246769121687,351.29246769121687,281.29246769121687,289.29246769121687,0.011271495492429395,371.757613455473,0.0009075275753029268,29.93216701069099,0.010703809454462606,0.08478547559762124,True
3372,1071.382716424802,342.30240166470344,350.30240166470344,281.30240166470344,290.30240166470344,0.010033168591451544,330.91498936052113,0.003644020122426723,120.18744318417816,0.04368569362325192,0.08341449614725073,True
3373,1071.6406396425305,343.3123476810217,351.3123476810217,283.3123476810217,291.3123476810217,0.010003990659363323,329.9526398297097,0.0020893996266847428,68.91279150071858,0.025363187493517667,0.08237922095630734,True
3374,1071.8985300184522,345.3223057473133,355.3223057473133,286.3223057473133,295.3223057473133,0.01239783958622545,408.90680918735524,0.0010432281986152564,34.40785880339905,0.012903600892748245,0.0808478352117621,True
3375,1072.1563875281954,339.3322758707054,347.3322758707054,282.3322758707054,288.3322758707054,0.010119972134981642,333.7779526828151,-0.0009872411519251962,-32.56128832161198,-0.012285496646209128,0.0803582614814212,True
3376,1072.4142121473892,337.34225805831056,345.34225805831056,279.34225805831056,285.34225805831056,0.010178976734869878,335.7240484118228,-0.0009495224585068674,-31.31724652988396,-0.011522090585320478,0.0824088694213696,True
3377,1072.6720038516619,340.35225231722666,348.35225231722666,282.35225231722666,289.35225231722666,0.01008999392761369,332.78920839113977,0.0005456168887901219,17.995591851485358,0.0067472927750934,0.08086456405214595,True
3378,1072.9297626166426,343.36225865453775,351.36225865453775,285.36225865453775,293.36225865453775,0.010002553102321109,329.9052261767851,0.002005153779544312,66.13418638150455,0.025268641378179794,0.07935344641345934,True
3379,1073.1874884179595,329.3722770773127,339.3722770773127,274.3722770773127,281.3722770773127,0.012989320168264356,428.4150820453559,-0.00204824252191714,-67.55534367532414,-0.02548486586846756,0.08037093593070199,True
3380,1073.4451812312413,340.38230759260637,349.38230759260637,285.38230759260637,292.38230759260637,0.011333930699366897,373.8168578159284,-0.0008098866303973308,-26.71176341136197,-0.010525543353944903,0.07694487620857984,True
3381,1073.7028410321168,337.3923502074588,346.3923502074588,280.3923502074588,290.3923502074588,0.011433060929132866,377.08638116035434,0.003785949814475517,124.86858275700314,0.04824335077793448,0.07847609574016431,True
3382,1073.9604677962147,329.40240492889575,337.40240492889575,274.40240492889575,280.40240492889575,0.010421408238953508,343.7199489952977,-0.001027587425451653,-33.89199322834702,-0.012868545717622235,0.07985264597882813,True
3383,1074.2180614991635,331.4124717639288,338.4124717639288,277.4124717639288,285.4124717639288,0.009077512210113403,299.39543316246534,0.0032694525349602193,107.83341682735193,0.04324207092350765,0.0756081395995965,True
3384,1074.475622116592,328.42255071955424,337.42255071955424,274.42255071955424,282.42255071955424,0.011741134361768943,387.24729052351273,0.0007384399843001956,24.355302845831034,0.009510592330930852,0.07764395303735205,True
3385,1074.7331496241284,316.43264180275446,327.43264180275446,262.43264180275446,272.43264180275446,0.014840695058173958,489.4773174112363,0.0014005944252117753,46.19454812234005,0.017385055278372738,0.08056312751298152,True
3386,1074.990643997402,318.4427450204969,328.4427450204969,265.4427450204969,274.4427450204969,0.013428314227012428,442.8940288462423,0.0010525804635349422,34.71631615843961,0.013402827622095497,0.0785342088411023,True
3387,1075.2481052120409,320.45286037973506,331.45286037973506,267.45286037973506,275.45286037973506,0.014657618780860457,483.43907696833384,-0.0018575792013400486,-61.266866598006175,-0.023381747737782635,0.07944569508541831,True
3388,1075.505533243674,312.4629878874073,322.4629878874073,260.4629878874073,267.4629878874073,0.013681292432229961,451.2377818017473,-0.002163618773417905,-71.36069496488216,-0.02699988414919642,0.08013437248330932,True
3389,1075.76292806793,314.47312755043754,325.47312755043754,261.47312755043754,270.47312755043754,0.014931597271798283,492.4754634884357,-0.00023453598959008275,-7.735489919504289,-0.002921702305947376,0.08027374627204989,True
3390,1076.0202896604374,315.4832793757355,325.4832793757355,263.4832793757355,270.4832793757355,0.01355233647008517,446.9845431112824,-0.002164973371433931,-71.40537245474746,-0.027299063943439353,0.0793057731180643,True
3391,1076.277617996825,304.49344337019625,315.49344337019625,254.49344337019625,260.49344337019625,0.01541239265824347,508.33310594105586,-0.005292193985181106,-174.54768155616688,-0.06570281670583805,0.08054744454678556,True
3392,1076.534913052721,306.5036195406997,314.5036195406997,254.50361954069967,260.5036195406997,0.011190040468597269,369.07105555513675,-0.0010702417673389593,-35.29882308106602,-0.013167868640910083,0.08127676517169377,True
3393,1076.7921748037545,303.5138078941118,313.5138078941118,252.51380789411178,259.5138078941118,0.014078219529807607,464.3292718006019,-0.0022028804010318127,-72.65562596955027,-0.02719781294444567,0.08099476253959914,True
3394,1077.0494032255544,315.524008437284,325.524008437284,265.524008437284,273.524008437284,0.013550614092034662,446.9277354628248,-0.0006589574634181198,-21.733802238889268,-0.008755968051044425,0.07525809363129396,True
3395,1077.3065982937487,300.5342211770526,310.5342211770526,253.5342211770526,259.5342211770526,0.014215535508551707,468.8582414108453,-0.004057492361446617,-133.82462672485116,-0.05346819615257115,0.07588609030064505,True
3396,1077.5637599839663,298.5444461202396,306.5444461202396,248.54444612023963,255.54444612023963,0.011484455789018676,378.7814916687922,0.0005779278540068503,19.061275400352542,0.007286399679557967,0.07931596939819674,True
3397,1077.8208882718359,294.5546832736525,303.5546832736525,247.55468327365247,253.55468327365247,0.013071005407520138,431.1092329342655,-0.002670515615381029,-88.07921828442704,-0.034758741550517884,0.07683004321372619,True
3398,1078.0779831329862,297.5649326440839,304.5649326440839,247.5649326440839,256.5649326440839,0.010098148304411258,333.0581568780125,0.005410021046285952,178.4338656979457,0.0700892402713898,0.07718761146986358,True
3399,1078.3350445430458,289.5751942383124,294.5751942383124,238.5751942383124,245.5751942383124,0.00743481639297469,245.2158722494571,0.005124393747994484,169.01327702611496,0.06281905635154166,0.08157387336921887,True
3400,1078.5920724776431,292.58546806310096,300.58546806310096,245.58546806310096,250.58546806310096,0.011715228519614167,386.3928613964743,-0.0029620115945892724,-97.69336838856435,-0.038204176933850136,0.07753109299325944,True
3401,1078.8490669124071,290.59575412519894,296.59575412519894,240.59575412519894,246.59575412519894,0.00887566509407333,292.7380910030041,0.0018219706372452626,60.092421306754034,0.022468410905419275,0.08109032031303165,True
3402,1079.106027822966,299.60605243134023,304.60605243134023,250.60605243134023,256.60605243134023,0.007187945958905079,237.0735664246376,0.0030873941671681173,101.82874918005967,0.04061541499314964,0.07601532983693136,True
3403,1079.3629551849492,293.61636298824465,302.61636298824465,247.61636298824465,253.61636298824465,0.0131121525954363,432.46635368105467,-0.0027142227340650332,-89.52077092878505,-0.03601769958107166,0.07535802579383596,True
3404,1079.6198489739845,295.62668580261675,303.62668580261675,247.62668580261675,254.62668580261675,0.011596304478388992,382.4704965445302,0.0005101677019304397,16.82640315644977,0.006652240801139508,0.07669110562609964,True
3405,1079.8767091657012,295.63702088114724,302.63702088114724,248.63702088114724,252.63702088114724,0.010163235902535804,335.2048826750092,-0.0032320379710943726,-106.5994058675297,-0.042078873219634855,0.07680904272850723,True
3406,1080.1335357357275,302.6473682305116,310.6473682305116,255.64736823051157,261.6473682305116,0.011330776955988331,373.7128407302938,-0.0012557324198631328,-41.41669469331151,-0.016986931222906114,0.07392344169674592,True
3407,1080.3903286596924,292.6577278573707,297.6577278573707,246.65772785737067,252.65772785737067,0.007357165797059642,242.65479237854186,0.0030806938464170404,101.60775851795285,0.0423609090258094,0.07272492298359447,True
3408,1080.647087913224,289.66809976837067,297.66809976837067,244.66809976837067,251.66809976837067,0.011831624694071593,390.2318518889695,0.00041919626417356165,13.825973921853176,0.0057334826585976155,0.07311372321759062,True
3409,1080.9038134719515,284.67848397014313,291.67848397014313,240.67848397014313,246.67848397014313,0.010549749660588335,347.95291884801077,0.00014425381241804473,4.757793947786752,0.0019802775326447602,0.07284525024398297,True
3410,1081.1605053115036,286.6888804693049,292.6888804693049,241.68888046930488,248.68888046930488,0.008995374780706415,296.6863680918881,0.003404322469614862,112.28171076206382,0.04698726949317458,0.07245201745782179,True
3411,1081.4171634075085,281.6992892724579,288.6992892724579,236.69928927245792,243.69928927245792,0.010659963462585357,351.5880017017268,0.0019973452500565893,65.87664466586432,0.026777609729141436,0.07459012474451467,True
3412,1081.673787735595,284.7097103861897,292.7097103861897,240.70971038618973,245.70971038618973,0.01203485044442716,396.9346643059756,-0.0031061407662159313,-102.44705142106255,-0.04171458769315158,0.07446173959729384,True
3413,1081.9303782713919,280.720143817073,287.720143817073,236.720143817073,243.720143817073,0.010696691008259995,352.7993533575254,0.001959518713388871,64.6290459770903,0.026821190805359545,0.07305860234204478,True
3414,1082.1869349905276,277.73058957166563,285.73058957166563,233.73058957166563,240.73058957166563,0.012333021219801461,406.7689632177544,0.00048270369316464647,15.920582419392417,0.006464769221891149,0.07466680968751432,True
3415,1082.443457868631,264.7410476565108,273.7410476565108,221.74104765651077,229.74104765651077,0.014518641891602404,478.85532703819007,0.0008738601957431012,28.821746065673835,0.01141729925778185,0.07653825795513697,True
3416,1082.6999468813306,272.751518078137,281.751518078137,230.751518078137,236.751518078137,0.014099088244861151,465.01756588805443,-0.002950882676936519,-97.32631329195289,-0.03982402559426534,0.07409805093539933,True
3417,1082.9564020042549,272.7620008430579,281.7620008430579,230.76200084305788,236.76200084305788,0.01409855509070165,464.9999813432109,-0.0029508495050309703,-97.3252192127822,-0.03982521962493982,0.07409499640732815,True
3418,1083.2128232130328,280.77249595777243,290.77249595777243,240.77249595777243,245.77249595777243,0.015198761684816839,501.28710739591185,-0.006272356556553614,-206.87550341233174,-0.08975400052508406,0.06988386612138411,True
3419,1083.469210483293,270.7830034287649,278.7830034287649,229.7830034287649,235.7830034287649,0.012644891618707837,417.05510450953886,-0.0014502978116479378,-47.83387028101663,-0.02013501360869725,0.07202864819626875,True
3420,1083.7255637906637,278.7935232625043,286.7935232625043,237.79352326250432,243.79352326250432,0.012286658998646862,405.23983971302476,-0.0014645168883772371,-48.30284531933137,-0.020977134242053608,0.06981491711299954,True
3421,1083.9818831107743,268.8040554654458,274.8040554654458,226.8040554654458,233.8040554654458,0.009587320943889392,316.2099967946484,0.003613903158443451,119.19412240767025,0.05020840656623232,0.07197804920728121,True
3422,1084.2381684192526,265.8146000440288,271.8146000440288,224.8146000440288,230.8146000440288,0.009693949212979435,319.7268212364828,0.00174481516133115,57.54767153418686,0.024273355051515004,0.07188191157045053,True
3423,1084.4944196917281,259.82515700467843,265.82515700467843,217.82515700467843,226.82515700467843,0.00991488066738236,327.0136049894678,0.0076683037552822565,252.91677623702253,0.10542216169440412,0.0727390107737593,True
3424,1084.7506369038285,261.83572635380483,269.83572635380483,221.83572635380483,226.83572635380483,0.013070546035132176,431.09408186733293,-0.0033905795736760645,-111.82844116712795,-0.046009705247843764,0.07369270364615003,True
3425,1085.006820031183,262.84630809780356,269.84630809780356,220.84630809780356,227.84630809780356,0.011414599283830613,376.47747729283856,0.002137253085616705,70.49109916185228,0.02867136947522237,0.07454311128959873,True
3426,1085.2629690494205,264.85690224305495,270.85690224305495,224.85690224305495,232.85690224305495,0.009728611933440112,320.87007061656647,0.005454280413598045,179.89363266285687,0.07976667724335722,0.06837793176413481,True
3427,1085.519083934169,251.86750879592523,258.86750879592523,212.86750879592523,220.86750879592523,0.011905397694577519,392.66504051278196,0.004117057415970144,135.78920742577816,0.05798326126294869,0.07100424029789687,True
3428,1085.7751646610577,249.87812776276496,256.87812776276496,209.87812776276496,217.87812776276496,0.011998883956083256,395.7484139206488,0.004247569368147238,140.09376593812078,0.05768232514963682,0.07363727722709495,True
3429,1086.0312112057147,259.88875914991013,266.88875914991013,217.88875914991013,224.88875914991013,0.011542786944100538,380.7053757725386,0.002190135605026509,72.2352758083768,0.029024717764831176,0.07545760212973593,True
3430,1086.2872235437694,261.8994029636824,267.8994029636824,220.8994029636824,226.8994029636824,0.009837237356212683,324.452765384767,0.0018015736962552539,59.41968731956206,0.024665853444168728,0.073039179460509,True
3431,1086.5432016508498,247.91005921038777,254.91005921038777,207.91005921038777,214.91005921038777,0.012092824771497038,398.84677947185224,0.0022884169496041884,75.47680113497915,0.03040098332152436,0.07527443850751875,True
3432,1086.7991455025847,248.9207278963181,256.9207278963181,210.9207278963181,217.9207278963181,0.013738081485241627,453.11080413779786,0.00044119794475725935,14.551635593926562,0.006151569315578318,0.07172120187932593,True
3433,1087.0550550746027,249.93140902774985,256.93140902774985,210.93140902774985,217.93140902774985,0.01199636099718704,395.6652014331192,0.00218221201739462,71.97393923329554,0.030062787961805323,0.07258847782737626,True
3434,1087.3109303425326,259.94210261094486,267.94210261094486,220.94210261094486,227.94210261094486,0.013164333547461148,434.1873911605641,0.00038173379485903144,12.590382939638403,0.005421794536495628,0.07040727793896903,True
3435,1087.566771282003,247.95280865214977,253.95280865214977,206.95280865214977,215.95280865214977,0.010383988307999387,342.4857610176228,0.008103543698016847,267.2719044008216,0.10885139196841949,0.07444593543064555,True
3436,1087.8225778686424,263.9635271575971,268.9635271575971,224.96352715759713,229.96352715759713,0.00814946852365202,268.78660168193727,0.0013973800583631912,46.08853154723681,0.02033051974159597,0.06873312026077574,True
3437,1088.07835007808,264.97425813350355,268.97425813350355,226.97425813350355,232.97425813350355,0.006507033441826533,214.61564036761177,0.0048242987507703455,159.11551323311124,0.07443190530582734,0.0648149302499804,True
3438,1088.3340878859435,251.98500158607158,257.9850015860716,212.98500158607158,219.98500158607158,0.010219766336318954,337.0693752052987,0.0038242841427244233,126.13292947947713,0.05377716775232755,0.07111352833487411,True
3439,1088.5897912678622,243.99575752148849,249.99575752148849,205.99575752148849,213.99575752148849,0.01055036356445492,347.97316668792575,0.005996523781292291,197.77795869762895,0.0850260349346077,0.0705257370392978,True
3440,1088.845460199465,243.00652594592657,249.00652594592657,205.00652594592657,213.00652594592657,0.010592792461466992,349.3725608947859,0.006032430678410217,198.96224363906515,0.08516288326373951,0.07083403528892374,True
3441,1089.1010946563797,237.01730686554333,246.01730686554333,200.01730686554333,210.01730686554333,0.016185600899170673,533.8351389715679,0.005001908732355856,164.97346375302664,0.07024015325386765,0.07121152931255079,True
3442,1089.3566946142355,243.02810028648128,250.02810028648128,207.02810028648128,212.02810028648128,0.01233232903493905,406.7461335060544,-0.0019682038377437944,-64.91549963400917,-0.02787378112721538,0.07061129700204473,True
3443,1089.612260048661,234.03890621486812,241.03890621486812,198.03890621486812,205.03890621486812,0.012799088170288202,422.1408308940352,0.002286669235386233,75.41915784646386,0.03202877879932522,0.07139420612047839,True
3444,1089.8677909352848,243.04972465681635,248.04972465681635,207.04972465681635,213.04972465681635,0.008843615878962242,291.6810405228064,0.003562704084098728,117.5054693179087,0.05251695290454203,0.06783912407436343,True
3445,1090.1232872497355,240.0605556184239,245.0605556184239,202.0605556184239,208.0605556184239,0.00895260690423147,295.27579362982465,0.003755604156029168,123.86771915639878,0.05147380621618416,0.07296146199595296,True
3446,1090.3787489676417,243.07139910577325,252.07139910577325,208.07139910577325,214.07139910577325,0.015789711143846374,520.7778627006699,-0.0034434511020939636,-113.57225530763708,-0.04972980968595138,0.06924319887487394,True
3447,1090.6341760646324,241.08225512493232,250.08225512493232,206.08225512493232,214.08225512493232,0.015917631677244182,524.9969507746401,0.0006224411367626338,20.529417030314107,0.00917873005461776,0.06781342659156729,True
3448,1090.8895685163357,236.093123681954,244.093123681954,202.093123681954,208.093123681954,0.01447220689037972,477.3238030938349,-0.001766014137074107,-58.246858313367625,-0.025813331536223307,0.06841480862692584,True
3449,1091.1449262983806,236.10400478287602,243.10400478287602,201.10400478287602,206.10400478287602,0.012688759648759446,418.501964349028,-0.0020230482803954633,-66.72438463291405,-0.028616908696921146,0.0706941585417687,True
3450,1091.4002493863957,242.11489843372124,246.11489843372124,206.11489843372124,213.11489843372124,0.007116389898888818,234.71349715807142,0.0073880368652069674,243.67298509546922,0.11157124118572946,0.06621811128647671,True
3451,1091.6555377560096,263.12580464049756,259.12580464049756,221.12580464049756,224.12580464049756,-0.006652777576902853,-219.42258828925148,0.012505213076081734,412.4482125764768,0.1805248854019386,0.0692714084722385,True
3452,1091.910791382851,249.13672340919788,251.13672340919788,211.13672340919788,216.13672340919788,0.0034724752904099964,114.52953404567995,0.006692310533862302,220.72646830605612,0.09765830816506763,0.06852781560121417,True
3453,1092.1660102425483,238.14765474579985,242.14765474579985,201.14765474579985,207.14765474579985,0.0072339581835240245,238.59114630794633,0.005531089208175103,182.42694815622124,0.07838201948608506,0.07056579103779052,True
3454,1092.4211943107305,230.15859865626635,235.15859865626635,196.15859865626635,201.15859865626635,0.009333658857035519,307.84368798529215,0.0015975923705061918,52.691954437897266,0.023281371824738814,0.0686210581804543,True
3455,1092.676343563026,231.16955514654546,236.16955514654546,197.16955514654546,202.16955514654546,0.009293274286224897,306.5117199536264,0.0015826245996690084,52.19828589418739,0.023171843606607283,0.06829946837798156,True
3456,1092.9314579750635,226.18052422256983,233.18052422256983,193.18052422256983,198.18052422256983,0.013237068014316443,436.58632676163336,-0.002139435404209874,-70.56307661617865,-0.030755990428649276,0.06956158375628135,True
3457,1093.1865375224716,222.19150589025685,230.19150589025685,191.19150589025685,196.19150589025685,0.015361841666727438,506.6658279852221,-0.00415023485820042,-136.88346920784318,-0.06163656312280671,0.06733397593781074,True
3458,1093.441582180879,220.20250015550982,228.20250015550982,189.20250015550982,195.20250015550982,0.015498152582875386,511.1616485184535,-0.0019396477169233463,-63.97365874582482,-0.029008329598048558,0.06686519850677061,True
3459,1093.6965919259148,218.21350702421637,224.21350702421637,186.21350702421637,192.21350702421637,0.011780142593496936,388.533863999238,0.001992580691520236,65.71949951047361,0.029356985185204344,0.06787415938488393,True
3460,1093.9515667332068,227.22452650224864,233.22452650224864,195.22452650224864,202.22452650224864,0.011319012934910602,373.3248385877712,0.003980436113680343,131.2831497051721,0.062261818853068696,0.06393061087845428,True
3461,1094.2065065783843,218.23555859546445,224.23555859546445,188.23555859546445,192.23555859546445,0.011778968268237893,388.4951322838222,-0.0026469114246972444,-87.30070246085734,-0.040381698383918946,0.06554730312559895,True
3462,1094.4614114370756,225.24660330970642,233.24660330970642,195.24660330970642,202.24660330970642,0.015157077388373266,499.9122716809137,0.00014067184326302037,4.639653075935485,0.0022687386862110252,0.062004427445962754,True
3463,1094.7162812849092,226.25766065080165,234.25766065080165,196.25766065080165,203.25766065080165,0.015090509504990357,497.7167229646113,0.00012979550746671994,4.2809286598641165,0.002103253446393967,0.06171177690889067,True
3464,1094.9711160975144,229.26873062456275,236.26873062456275,196.26873062456275,203.26873062456275,0.013061421559024036,430.79313746609785,0.002158039863617272,71.17669079307007,0.03249341027917288,0.06641469285852396,True
3465,1095.2259158505192,220.27981323678705,229.27981323678705,188.27981323678705,196.27981323678705,0.017391119697665783,573.5956828856617,0.0006807575350861808,22.452814425153406,0.01003614764682373,0.06783056198875562,True
3466,1095.4806805195524,219.29090849325644,226.29090849325644,187.29090849325644,195.29090849325644,0.013646479222780101,450.0895689784801,0.004518850246405881,149.04117952181753,0.06821471790248698,0.06624450537002269,True
3467,1095.735410080243,212.30201639973802,218.30201639973802,182.30201639973802,187.30201639973802,0.01210362817150899,399.2030983124485,-0.00035264768482655764,-11.631061893230878,-0.005315844998471404,0.06633897055462737,True
3468,1095.990104508219,214.3131369619839,220.3131369619839,183.3131369619839,189.3131369619839,0.011991601059573235,395.508208685467,0.0019955614653913746,65.81781169818015,0.029848016454774848,0.06685742311938925,True
3469,1096.24476377911,205.32427018573094,210.32427018573094,174.32427018573094,179.32427018573094,0.010449102785710613,344.63337335988774,0.001832113540137275,60.42695556400304,0.026110990209635223,0.07016637536255543,True
3470,1096.4993878685436,213.33541607670054,220.33541607670054,184.33541607670054,189.33541607670054,0.014021350799451996,462.4536215382701,-0.002398275977994989,-79.10018280944553,-0.03709440156047502,0.06465331362968825,True
3471,1096.753976752149,215.34657464059956,221.34657464059956,186.34657464059956,192.34657464059956,0.011934837467236557,393.63602609599474,0.001828205102155353,60.29804706401961,0.02953364621501048,0.061902451490265624,True
3472,1097.0085304055547,216.35774588311938,223.35774588311938,187.35774588311938,192.35774588311938,0.013828569974552606,456.09530471751543,-0.0023905434871591778,-78.84514900837473,-0.03753047236661408,0.06369606712666184,True
3473,1097.2630488043894,206.3689298099364,213.3689298099364,178.3689298099364,182.3689298099364,0.014486866931602121,477.8073220680171,-0.004855223990935322,-160.13549265704756,-0.07384065912098743,0.06575271738812719,True
3474,1097.517531924282,206.3801264267115,212.3801264267115,177.3801264267115,182.3801264267115,0.012446000831349507,410.4952682840554,-0.0003734485067046576,-12.31711672104933,-0.005662631611879307,0.06594963831325731,True
3475,1097.7719797408604,200.39133573909112,206.39133573909112,170.39133573909112,177.39133573909112,0.012812521616077654,422.583894172597,0.004672374838432563,154.10474326780826,0.06861528762163255,0.0680952452490994,True
3476,1098.026392229754,214.4025577527059,221.4025577527059,184.4025577527059,188.4025577527059,0.013952671714612987,460.1884409603065,-0.004632817870810829,-152.80007132889222,-0.06835138400017286,0.06777943034480637,True
3477,1098.2807693665914,208.4137924731715,214.4137924731715,180.4137924731715,186.4137924731715,0.01232626207693785,406.546032478735,0.0018820440183915585,62.0737676881767,0.030495385497526128,0.06171569854541551,True
3478,1098.5351111270008,205.4250399060884,213.4250399060884,177.4250399060884,182.4250399060884,0.016591991285664055,547.2387481302194,-0.004522452939166064,-149.16000390172678,-0.0686263107290061,0.06589969490017436,True
3479,1098.789417486611,213.436300057042,221.436300057042,185.436300057042,191.436300057042,0.015980532525134324,527.0715529524674,-0.0021509939560027218,-70.9443019497997,-0.03461025936816304,0.06214902734827113,True
3480,1099.0436884210508,213.4475729316025,221.4475729316025,185.4475729316025,189.4475729316025,0.015979703878539888,527.0442224460097,-0.006711811924074922,-221.36966514620724,-0.10417866595577994,0.06442597303870105,True
3481,1099.2979239059487,207.45885853532468,215.45885853532468,178.45885853532468,184.45885853532468,0.016432370673564588,541.9741248287014,-0.002070964665644376,-68.30476773624878,-0.031175444178315616,0.06642935554659574,True
3482,1099.5521239169336,207.4701568737487,213.4701568737487,178.4701568737487,184.4701568737487,0.012381533912580435,408.3690137968389,0.0019789777907372984,65.27084725004084,0.03072921063408714,0.06440054104553106,True
3483,1099.8062884296337,195.4814679523986,200.4814679523986,166.4814679523986,171.4814679523986,0.010968641956653332,361.76886726271783,0.0018826540211095057,62.09388686000955,0.027364806386329106,0.06879836803998149,True
3484,1100.060417419678,203.4927917767841,208.4927917767841,176.4927917767841,181.4927917767841,0.01054201466434856,347.6978024134509,0.0015903936123307996,52.45452426184613,0.026060551088302037,0.06102686036615279,True
3485,1100.314510862695,193.50412835239922,199.50412835239922,166.50412835239922,171.50412835239922,0.013261652004824246,437.397158442889,-0.0004120794050847046,-13.59124494982359,-0.006294049485881041,0.0654712686973769,True
3486,1100.5685687343134,197.51547768472278,204.51547768472278,170.51547768472278,174.51547768472278,0.015125047465220556,498.855857490054,-0.005054903130353235,-166.72133039053244,-0.07616846176632724,0.0663647789797945,True
3487,1100.822591010162,195.52683977921834,203.52683977921834,167.52683977921834,172.52683977921834,0.017415308228677394,574.3934714814973,-0.004643036982658685,-153.13711911769246,-0.06686063854119363,0.0694435034418353,True
3488,1101.0765776658689,193.53821464133466,201.53821464133466,166.53821464133466,173.53821464133466,0.017590676538561098,580.1774869568061,0.0002905440543626084,9.582753621830193,0.004462524500673465,0.0651075538786982,True
3489,1101.3305286770635,192.54960227650486,199.54960227650486,166.54960227650486,172.54960227650486,0.015508240629298188,511.49437349404246,-0.0001378779662891145,-4.547505140747603,-0.0021861806764880524,0.06306796495457359,True
3490,1101.584444019374,205.56100269014655,212.56100269014655,179.56100269014655,184.56100269014655,0.014542862625810084,479.6541777631213,-0.0026149435433145147,-86.24633453798032,-0.04355612999300011,0.06003617731269424,True
3491,1101.8383236684288,196.5724158876626,203.5724158876626,170.5724158876626,175.5724158876626,0.015196355438473141,501.2077443336883,-0.0026488709346478845,-87.3653312178206,-0.04208684885284678,0.06293821007862681,True
3492,1102.0921675998572,202.58384187444062,207.58384187444062,174.58384187444062,179.58384187444062,0.010588742433872988,349.23898247178187,0.0016744695388625757,55.22752504222211,0.02626061874169752,0.06376352192356363,True
3493,1102.3459757892874,197.59528065585255,204.59528065585255,171.59528065585255,177.59528065585255,0.015119044004614375,498.6578507402906,-0.00019296255133422271,-6.364310540555209,-0.0031443661902660395,0.06136770962986868,True
3494,1102.599748212348,202.60673223725507,212.60673223725507,178.60673223725507,183.60673223725507,0.020923140386308266,690.0891493264736,-0.00893236387708758,-294.6081360447969,-0.15082789002628014,0.05922222922783851,True
3495,1102.8534848446677,197.61819662399034,205.61819662399034,171.61819662399034,177.61819662399034,0.017234614049190997,568.4337976319821,-0.00231049180143267,-76.20487614850765,-0.03701593408102713,0.06241884363569078,True
3496,1103.1071856618755,201.6296738213839,207.6296738213839,174.6296738213839,180.6296738213839,0.012734974142334864,420.0262154876804,0.0019360807252378834,63.85601186240149,0.03149718956761241,0.06146836437841094,True
3497,1103.3608506395997,204.64116383474743,210.64116383474743,176.64116383474743,183.64116383474743,0.012550248608739921,413.9335791059625,0.0043278703638251915,142.74226156422344,0.07010156376486251,0.061737144385850054,True
3498,1103.6144797534691,197.65266666937623,204.65266666937623,170.65266666937623,178.65266666937623,0.015114729884080145,498.5155619770079,0.004781694141943267,157.71032368125486,0.07787933779384408,0.061398751933420176,True
3499,1103.8680729791122,202.66418233055083,210.66418233055083,175.66418233055083,182.66418233055083,0.016813701177329343,554.551206380353,0.00015647746392791553,5.160955668081328,0.0025231974899940822,0.06201554359039986,True
3500,1104.1216302921578,206.6757108235363,214.6757108235363,181.6757108235363,185.6757108235363,0.01649346960812839,543.9892961174951,-0.0070352424920897254,-232.03708511408013,-0.11821911711420814,0.05951019313816375,True
3501,1104.3751516682344,203.68725215358245,210.68725215358245,178.68725215358245,182.68725215358245,0.014674409613315285,483.9928739161772,-0.005059736424482902,-166.8807425902694,-0.08518053672205803,0.05940014725421016,True
3502,1104.6286370829707,198.69880632592344,206.69880632592344,173.69880632592344,179.69880632592344,0.017142710494894305,565.4026252346404,-0.0023943521832347804,-78.97076781063515,-0.040176660237233076,0.059595600258874996,True
3503,1104.8820865119953,197.71037334577863,203.71037334577863,171.71037334577863,177.71037334577863,0.012983688513817336,428.2293382442396,0.0019325582587228565,63.739833512688904,0.03206679701888327,0.06026664457896512,True
3504,1105.1354999309367,193.7219532183517,199.7219532183517,168.7219532183517,173.7219532183517,0.013246965460031993,436.912765325264,-0.0005638562063476106,-18.597162882657074,-0.009352528473221187,0.06028917291854102,True
3505,1105.3888773154242,191.7335459488313,195.7335459488313,164.7335459488313,170.7335459488313,0.008967159691347237,295.7557751381274,0.006569653676640693,216.68098733635867,0.10489421364320047,0.06263123053658123,True
3506,1105.6422186410855,194.74515154238998,201.74515154238998,168.74515154238998,174.74515154238998,0.015336452200040138,505.82843000649615,-0.00016262084493772443,-5.363577286861869,-0.0026095885413756166,0.06231666117448561,True
3507,1105.8955238835501,192.7567700041859,198.7567700041859,166.7567700041859,171.7567700041859,0.013312290128504111,439.06731020063353,-0.0004819002760769915,-15.894084035099297,-0.007628973854443306,0.0631671159544374,True
3508,1106.1487930184462,195.76840133936116,202.76840133936116,171.76840133936116,175.76840133936116,0.01525768277019706,503.23044864090195,-0.005260153711657485,-173.49092598831862,-0.08851097148287795,0.05942939754847271,True
3509,1106.4020260214024,185.78004555304278,191.78004555304278,161.78004555304278,166.78004555304278,0.01380435241747234,455.2965587809245,-0.0005852176631617589,-19.30170862909273,-0.009694375615385994,0.060366720496465694,True
3510,1106.6552228680475,192.79170265034236,198.79170265034236,169.79170265034236,172.79170265034236,0.01330991461247637,438.9889606888237,-0.0057034939224356734,-188.11321801855044,-0.09829606780907958,0.0580236224048511,True
3511,1106.9083835340102,195.80337263635602,201.80337263635602,170.80337263635602,175.80337263635602,0.013108252018881918,432.33770446747593,-0.0005774915323415297,-19.04688459470424,-0.009687428040160777,0.05961247195307634,True
3512,1107.161507994919,191.81505551616465,198.81505551616465,166.81505551616465,174.81505551616465,0.01556657695505304,513.4184281374526,0.004777011158372318,157.55586903968958,0.08199618806742981,0.05825894192110405,True
3513,1107.4145962264026,189.8267512948339,195.8267512948339,162.8267512948339,170.8267512948339,0.013514603901168314,445.74004367644727,0.007315519893192603,241.281222931417,0.1161674947874805,0.06297389735894524,True
3514,1107.6676482040898,182.83845997741332,192.83845997741332,159.83845997741332,167.83845997741332,0.023126099884634013,762.7473840910363,-0.0019159004714254385,-63.1904246737912,-0.03228453462130574,0.059344218335458554,True
3515,1107.920663903609,186.85018156893807,197.85018156893807,164.85018156893807,171.85018156893807,0.024842928953096113,819.372015457046,-0.006782363443330112,-223.6966025469793,-0.11735151901844472,0.0577952761077093,True
3516,1108.1736433005885,190.86191607442674,198.86191607442674,165.86191607442674,172.86191607442674,0.017832340191553147,588.1480621972963,0.00012030425897982186,3.9678873346405226,0.001975035656276628,0.060912449148701225,True
3517,1108.426586370658,193.87366349888362,199.87366349888362,169.87366349888362,175.87366349888362,0.01323675580528005,436.5760294513654,0.0018380014637154139,60.621151659728525,0.03254611266289323,0.05647376332630265,True
3518,1108.6794930894453,187.8854238472968,192.8854238472968,160.8854238472968,168.8854238472968,0.011406320859469526,376.20443745657934,0.009669148286427552,318.9088345485047,0.15460293527021385,0.06254181571344611,True
3519,1108.9323634325792,182.89719712463943,189.89719712463943,157.89719712463943,163.89719712463943,0.016311504592487945,537.9877074203861,-0.00011439881155388132,-3.7731132655801503,-0.0017905637565442632,0.06388982862842468,True
3520,1109.1851973756886,186.9089833358687,193.9089833358687,163.9089833358687,169.9089833358687,0.015967754149340672,526.6500952592914,-0.0003541694277580769,-11.681252173739267,-0.006191285769103112,0.057204503388539746,True
3521,1109.4379948944018,187.9207824859268,194.9207824859268,162.9207824859268,168.9207824859268,0.015883333997401754,523.8657412014434,-0.00017673674763526992,-5.829149428742653,-0.0028466123483392594,0.06208669323674501,True
3522,1109.6907559643475,184.93259457974023,191.93259457974023,158.93259457974023,166.93259457974023,0.01613527141376219,532.1751667527557,0.0051928987990449045,171.27271760392068,0.08216086807808247,0.06320404008036742,True
3523,1109.9434805611547,183.94441962222027,190.94441962222027,158.94441962222027,166.94441962222027,0.016220353533627427,534.9813539042368,0.005106268249975853,168.41546000257756,0.08386302131396817,0.06088819803974027,True
3524,1110.1961686604516,189.95625761826273,197.95625761826273,163.95625761826273,171.95625761826273,0.017915630002203628,590.8951352235313,0.0027743579743243103,91.50415755377878,0.044362450661764107,0.0625384290754596,True
3525,1110.4488202378673,183.96810857274727,191.96810857274727,159.96810857274727,168.96810857274727,0.01848654261018912,609.725033064406,0.005284790169560391,174.30348815454863,0.09101234750401181,0.05806673835467696,True
3526,1110.7014352690298,192.97997249053924,200.97997249053924,170.97997249053924,176.97997249053924,0.01764054228718593,581.8221641617422,-0.002661661897197234,-87.78720404865646,-0.04938347210521521,0.05389782823545422,True
3527,1110.9540137295685,183.99184937648738,190.99184937648738,160.99184937648738,166.99184937648738,0.016216249322223816,534.8459883853003,-0.0003248642455114595,-10.71470566523044,-0.005585974745926312,0.05815712750015089,True
3528,1111.2065555951115,184.00373923542566,189.00373923542566,160.00373923542566,167.00373923542566,0.011643747684189073,384.0352731950431,0.006952315386619997,229.30197486709454,0.12150073030497481,0.057220358833804774,True
3529,1111.4590608412875,177.01564207217257,184.01564207217257,154.01564207217257,160.01564207217257,0.016843096664393355,555.5207313315557,-0.0002454888843707939,-8.09673941180472,-0.004053007661559329,0.060569558429195286,True
3530,1111.7115294437256,184.0275578915307,192.0275578915307,161.0275578915307,167.0275578915307,0.018480695892081827,609.5321960117209,-0.0025927711141610563,-85.51504121917117,-0.043738411257353345,0.05927904191364877,True
3531,1111.963961378054,188.0394866982872,195.0394866982872,164.0394866982872,170.0394866982872,0.015873488306400098,523.5410096170627,-0.00027210467453809943,-8.974584116571236,-0.0045780576537819565,0.059436707686132434,True
3532,1112.2163566199013,190.0514284972137,196.0514284972137,165.0514284972137,171.0514284972137,0.013498872794449316,445.22119871086164,0.0020085452125710498,66.2460429713476,0.0333381900454388,0.06024757822285708,True
3533,1112.4687151448964,184.06338329306686,188.06338329306686,160.06338329306686,165.06338329306686,0.009336844288816855,307.9487502210576,0.004021905852662714,132.650908864111,0.06855779767614754,0.058664455233252116,True
3534,1112.721036928668,184.07535109058722,191.07535109058722,161.07535109058722,166.07535109058722,0.016209028762230907,534.607839139481,-0.0029329361667197983,-96.73439966234577,-0.04934859812420988,0.059433018934755354,True
3535,1112.9733219468444,182.08733189450004,189.08733189450004,159.08733189450004,166.08733189450004,0.01638270151461534,540.3359315644876,0.002318208721401,76.45939638964,0.040327172702477085,0.057485029721872985,True
3536,1113.2255701750544,182.0993257095147,188.0993257095147,159.0993257095147,165.0993257095147,0.014078901051687295,464.35174982471847,0.00199805945544149,65.90020066068212,0.03466387698957467,0.05764096889803804,True
3537,1113.4777815889267,174.11133254032552,183.11133254032552,151.11133254032552,158.11133254032552,0.021888183745621063,721.918307789088,-0.002222220206160721,-73.29349339399676,-0.035475425953910435,0.06264111413483302,True
3538,1113.72995616409,182.1233523916112,190.1233523916112,158.1233523916112,165.1233523916112,0.018669827602228142,615.770157357664,0.00014265633526779758,4.705105793555163,0.002327248035625418,0.06129829441641811,True
3539,1113.982093876173,172.1353852680345,181.1353852680345,150.1353852680345,157.1353852680345,0.02213314325729236,729.9975873765485,-0.0023422113324796066,-77.25105295529067,-0.0386770310032187,0.06055819879981709,True
3540,1114.234194700804,174.1474311742429,183.1474311742429,150.1474311742429,158.1474311742429,0.021883759008186877,721.7723706479335,0.0006604765646996899,21.783905392229826,0.010308843706906202,0.06406892794942821,True
3541,1114.4862586136119,179.15949011486873,186.15949011486873,154.15949011486873,163.15949011486873,0.016645362981995954,548.9990588598598,0.007996711250318683,263.7483457193181,0.13051338393284057,0.06127119694048866,True
3542,1114.7382855902254,181.17156209452764,188.17156209452764,157.17156209452764,165.17156209452764,0.016463961282127643,543.0160495009771,0.005097345273334348,168.12116147729398,0.08615126601746464,0.05916738672535596,True
3543,1114.990275606273,175.18364711782078,184.18364711782078,152.18364711782078,159.18364711782078,0.021757504811989688,717.6082418773962,-0.0022270419052515394,-73.45252316498033,-0.03578204092895091,0.06223909669304696,True
3544,1115.2422286373835,177.19574518933337,184.19574518933337,156.19574518933337,162.19574518933337,0.016826304605605087,554.9668939366578,-0.00045604665339071815,-15.041377215894954,-0.008289931538211615,0.055012113343592337,True
3545,1115.4941446591854,173.20785631363492,178.20785631363492,151.20785631363492,157.20785631363492,0.012359259308514977,407.63435053466554,0.004540629982319843,149.75952099216664,0.08004930556749656,0.05672291533486497,True
3546,1115.7460236473073,180.2199804952793,183.2199804952793,155.2199804952793,162.2199804952793,0.0071698942212779825,236.47818217385372,0.011986826098307438,395.3507204261931,0.20364320452707846,0.058861900774663696,True
3547,1115.997865577378,170.23211773880507,175.23211773880507,147.23211773880507,155.23211773880507,0.012572207650967521,414.6578344754283,0.010406815812068478,343.23866008408385,0.17993809144792117,0.057835535146156004,True
3548,1116.249670425026,176.24426804873497,181.24426804873497,152.24426804873497,158.24426804873497,0.012149279219647646,400.7087658362626,0.00463775810970363,152.96301079170985,0.0757121067745259,0.06125517182496433,True
3549,1116.5014381658802,179.2564314295762,184.2564314295762,156.2564314295762,161.2564314295762,0.011947909347611476,394.0671641871929,0.0017312336696077082,57.099725389537014,0.02945716352606362,0.058771227856881644,True
3550,1116.7531687755688,182.2686078858203,187.2686078858203,160.2686078858203,166.2686078858203,0.011753105472723208,387.6421229254559,0.004208690512716988,138.8114595646377,0.07828801297993349,0.053759066714284154,True
3551,1117.004862229721,177.28079742194313,185.28079742194313,155.28079742194313,161.28079742194313,0.019168714651493047,632.2245008778414,-0.0027038052372141685,-89.17717998559044,-0.045908249852821284,0.05889584651739902,True
3552,1117.256518503965,175.29300004240508,183.29300004240508,151.29300004240508,158.29300004240508,0.019381305775018315,639.2362029875263,0.00026156960534377827,8.627115390358426,0.004098876327499926,0.06381495425682199,True
3553,1117.5081375739296,169.30521575165085,178.30521575165085,146.30521575165085,153.30521575165085,0.02249370972656178,741.8898274255907,-0.0021965879620606983,-72.4480881058937,-0.03405096967088254,0.06450882260598387,True
3554,1117.7597194152436,178.31744455410967,186.31744455410967,156.31744455410967,162.31744455410967,0.019059687285879975,628.6285491898975,-0.002701937199753767,-89.11556818362601,-0.0461574880424992,0.058537353619979846,True
3555,1118.0112640035354,178.32968645419464,184.32968645419464,155.32968645419464,160.32968645419464,0.014371638370937717,474.00684193268097,-0.0006121607089841618,-20.190346913239182,-0.010156085621220962,0.0602752607466269,True
3556,1118.2627713144336,176.34194145630363,180.34194145630363,152.34194145630363,157.34194145630363,0.009741122829431246,321.28270626362655,0.004283895863506398,141.2918901115275,0.06977690043108188,0.06139418399270356,True
3557,1118.5142413235671,174.3542095648188,179.3542095648188,153.3542095648188,157.3542095648188,0.012279136980451367,404.99174774203436,-0.0010964731031482475,-36.1639876730016,-0.01948074349667406,0.05628497204613611,True
3558,1118.7656740065645,181.36649078410642,187.36649078410642,159.36649078410642,165.36649078410642,0.01413487287383431,466.1978181690749,0.0019156278571131925,63.18143328075172,0.034702003547523244,0.05520222642158985,True
3559,1119.0170693390544,175.3787851185175,183.3787851185175,155.3787851185175,160.3787851185175,0.01937203389638328,638.9303969411214,-0.005616836004808688,-185.2550577446395,-0.10139836376155033,0.05539375386783667,True
3560,1119.2684272966653,180.39109257238692,188.39109257238692,159.39109257238692,167.39109257238692,0.018845275856201164,621.556809557077,0.0024230206034772384,79.9163125698052,0.04611804776157547,0.0525395310747747,True
3561,1119.519747855026,174.40341315003434,182.40341315003434,152.40341315003434,160.40341315003434,0.01947798061804119,642.4247425160659,0.0027409312269817653,90.40167316508416,0.04792690686835274,0.057189821043754155,True
3562,1119.771030989765,176.41574685576325,184.41574685576325,154.41574685576325,160.41574685576325,0.019260654135842662,635.2568583238517,-0.002705242850859487,-89.22459550540452,-0.045697918185532614,0.05919838273324085,True
3563,1120.0222766765114,169.4280936938619,178.4280936938619,148.4280936938619,154.4280936938619,0.022477811113923447,741.3654577626962,-0.005267610407945128,-173.7368635054845,-0.08764287800723972,0.06010311993074895,True
3564,1120.2734848908933,179.44045366860246,187.44045366860246,158.44045366860246,164.44045366860246,0.018942968150960048,624.7789067825024,-0.002800379148244537,-92.36239056486318,-0.05049870828339216,0.05545447088525858,True
3565,1120.5246556085394,170.45282678424155,178.45282678424155,148.45282678424155,158.45282678424155,0.019919223842890955,656.9778715426197,0.008392295840282827,276.7955569951961,0.15034678845451183,0.05581958834339822,True
3566,1120.7757888050787,165.4652130450204,172.4652130450204,144.4652130450204,154.4652130450204,0.017994806407602437,593.5065394983955,0.011072598965517,365.1975879274322,0.20732439356739588,0.053407120961468435,True
3567,1121.0268844561397,171.47761245516404,178.47761245516404,149.47761245516404,158.47761245516404,0.017376319594642486,573.1075443788832,0.008015447695948048,264.36631307923847,0.1441016878831467,0.05562355176885814,True
3568,1121.2779425373508,166.49002501888208,174.49002501888208,145.49002501888208,153.49002501888208,0.020382386347629265,672.2539444931188,0.0028645519731599657,94.4789452186161,0.05014732791937099,0.05712272402162114,True
3569,1121.5289630243408,163.5024507403682,169.5024507403682,142.5024507403682,148.5024507403682,0.015651715112800148,516.2264635360665,0.002259572420227004,74.52544792637332,0.0385775924407582,0.0585721471265197,True
3570,1121.7799458927384,174.51488962380063,182.51488962380063,154.51488962380063,159.51488962380063,0.019465813207634297,642.0234357455635,-0.005634921496255753,-185.85155526735474,-0.10120260050818593,0.05567961166966222,True
3571,1122.0308911181721,165.52734167334143,175.52734167334143,146.52734167334143,152.52734167334143,0.02547503512593017,840.220205692414,-0.008046004540092341,-265.3741420280629,-0.14122221292194767,0.05697407209260558,True
3572,1122.2817986762711,169.53980689313744,177.53980689313744,147.53980689313744,154.53980689313744,0.020024059012679833,660.4355558004974,0.00010709552116463378,3.5322353973948566,0.0017757822730849182,0.060308925698748905,True
3573,1122.5326685426633,175.5522852873196,182.5522852873196,155.5522852873196,160.5522852873196,0.0169807866965229,560.0620380086925,-0.003240690943597347,-106.8847990887898,-0.05984607193914826,0.05415043692245158,True
3574,1122.7835006929777,168.56477686000267,175.56477686000267,149.56477686000267,155.56477686000267,0.01767055885407906,582.8121736311875,-0.0005886158575112745,-19.413788221572872,-0.011269298370664411,0.05223181054851874,True
3575,1123.0342951028426,173.5772816152862,179.5772816152862,152.5772816152862,158.5772816152862,0.014758510437826593,486.7666958842525,0.0019925852756871934,65.71965070593558,0.03622439924721081,0.05500671693929106,True
3576,1123.2850517478876,173.58979955725385,180.58979955725385,151.58979955725385,159.58979955725385,0.0171690142796716,566.2701793458249,0.005166136277426035,170.39003338745954,0.09180789504417995,0.056271154838480705,True
3577,1123.53577060374,165.60233068997331,173.60233068997331,145.60233068997331,149.60233068997331,0.02048910672019295,675.7738067011109,-0.008719074047193387,-287.57338913041934,-0.14469653792209625,0.06025765489902518,True
3578,1123.7864516460295,174.61487501749662,181.61487501749662,153.61487501749662,158.61487501749662,0.01707017873689855,563.0103753978426,-0.0031595372446836505,-104.20817951763308,-0.055209895834826744,0.05722773421156493,True
3579,1124.0370948503844,167.6274325438601,172.6274325438601,144.6274325438601,152.6274325438601,0.012764718183562417,421.0072364878399,0.010617203932978412,350.1777025369148,0.18060826397346796,0.05878581466536946,True
3580,1124.2877001924332,167.6400032730844,173.6400032730844,145.6400032730844,151.6400032730844,0.015272124711857139,503.7067742330845,0.0022609803944461087,74.57188587561018,0.03770406402879911,0.059966490421805116,True
3581,1124.5382676478048,170.65258720917382,177.65258720917382,148.65258720917382,152.65258720917382,0.01745865977128698,575.8232964795178,-0.005926962742072713,-195.48368941037035,-0.09422252136721626,0.06290388599317337,True
3582,1124.7887971921277,163.6651843561176,171.6651843561176,142.6651843561176,149.6651843561176,0.020725920221878757,683.5844137567478,7.68628148708761e-05,2.535097196202514,0.0012896473430167293,0.05959987068331364,True
3583,1125.0392888010306,159.67779471788867,168.67779471788867,140.67779471788867,145.67779471788867,0.02381338842363883,785.4156047532671,-0.008645581617108801,-285.1494543088475,-0.14569134555576485,0.05934176518261077,True
3584,1125.2897424501418,164.69041829844423,172.69041829844423,145.69041829844423,152.69041829844423,0.020599908855295227,679.4282940172847,-0.00021911422321636495,-7.226847648723947,-0.004107346917210368,0.05334689950299673,True
3585,1125.5401581150907,157.70305510172625,164.70305510172625,139.70305510172625,144.70305510172625,0.018861548259797842,622.0935076314672,-0.0035897514301135892,-118.39754764163638,-0.06595282344212337,0.05442907888945438,True
3586,1125.790535771505,167.7157051316599,174.7157051316599,148.7157051316599,153.7157051316599,0.017758212862792243,585.7031870828546,-0.0033968058751000577,-112.03379767546284,-0.06300263242731104,0.05391530074587129,True
3587,1126.0408753950142,166.7283683921553,173.7283683921553,145.7283683921553,151.7283683921553,0.017861240725033117,589.1012625389299,-0.00033855552352782953,-11.166272792586483,-0.0057739813655543,0.058634675468047404,True
3588,1126.2911769612463,176.74104488710623,183.74104488710623,157.74104488710623,162.74104488710623,0.016868763565609828,556.367279684207,-0.003316376782270666,-109.38107713605217,-0.06496216947790874,0.05105089329565024,True
3589,1126.5414404458306,167.75373462039124,175.75373462039124,148.75373462039124,153.75373462039124,0.020232364748721227,667.3059168232958,-0.005874569284890477,-193.7556430640953,-0.10653606072671155,0.05514160411806515,True
3590,1126.791665824395,162.7664375958725,168.7664375958725,142.7664375958725,147.7664375958725,0.015721224832417984,518.5190401949883,-0.0007715443508676725,-25.44715443893557,-0.013459240768169409,0.057324507686373025,True
3591,1127.0418530725688,161.7791538173965,168.7791538173965,140.7791538173965,146.7791538173965,0.01839624567984971,606.746850502218,-0.00027021647611121663,-8.912307363554874,-0.0044649623983331905,0.060519317298638575,True
3592,1127.2920021659802,166.791883288794,171.791883288794,144.791883288794,151.791883288794,0.012827728279769824,423.08544190480507,0.0076766040724792605,253.19053814502786,0.13329197857331215,0.05759239344066784,True
3593,1127.5421130802579,164.8046260138799,169.8046260138799,144.8046260138799,149.8046260138799,0.012980119579988056,428.11162730483096,0.001762668830384364,58.136523067073995,0.03187141916519853,0.0553056273160588,True
3594,1127.792185791031,169.81738199645292,174.81738199645292,148.81738199645292,154.81738199645292,0.012602470847487165,415.6559783083592,0.004563588162445186,150.5167300296373,0.08290395676177481,0.055046687042437474,True
3595,1128.0422202739276,166.83015124029635,173.83015124029635,144.83015124029635,152.83015124029635,0.01785056451757417,588.749138776084,0.005499494174291467,181.3848775275709,0.09374274327445947,0.05866581222388681,True
3596,1128.2922165045766,168.84293374917752,172.84293374917752,145.84293374917752,150.84293374917752,0.010168739518229088,335.38640348889635,0.004470838983791537,147.45766716354336,0.0728599667754988,0.061362078266757894,True
3597,1128.5421744586065,162.85572952684743,169.85572952684743,141.85572952684743,147.85572952684743,0.018277158606404508,602.819108504972,-0.0002858817228226264,-9.428980127655791,-0.0047568385379154424,0.06009910164995981,True
3598,1128.792094111646,161.86853857704182,168.86853857704182,140.86853857704182,147.86853857704182,0.018386299196721478,606.4187945816429,0.002675472362500743,88.24270222326777,0.04533876639271285,0.059010700452819614,True
3599,1129.041975439324,159.8813609034803,164.8813609034803,137.8813609034803,142.8813609034803,0.01337372708043861,441.0936300128082,0.0020962897234758863,69.14004137552655,0.03314599660903153,0.06324413014948221,True
3600,1129.2918184172688,164.89419650986656,171.89419650986656,143.89419650986656,148.89419650986656,0.018055843471854814,595.5196701742702,-0.003221351482997627,-106.24694302763993,-0.05300649591467058,0.06077276808079017,True
3601,1129.5416230211092,165.90704539988837,173.90704539988837,146.90704539988837,151.90704539988837,0.02045234754846312,674.5614119515358,-0.005917055058725501,-195.1569131881286,-0.10607704138736962,0.05578073239352274,True
3602,1129.7913892264737,165.91990757721783,171.91990757721783,145.91990757721783,150.91990757721783,0.015427671881283215,508.8370468330631,-0.0007956872234430572,-26.243437123572676,-0.014162723456143972,0.0561817948297139,True
3603,1130.0411170089913,162.93278304551063,168.93278304551063,141.93278304551063,146.93278304551063,0.015705461072573878,517.9991182607015,-0.0006694750329277847,-22.080693788718804,-0.011109683659310315,0.06026049466914754,True
3604,1130.29080634429,165.94567180840727,171.94567180840727,145.94567180840727,150.94567180840727,0.015425318665095765,508.7594328168592,-0.000795874014893793,-26.249597898244076,-0.014168355284536204,0.05617264664180432,True
3605,1130.5404572079992,162.9585738695314,168.9585738695314,142.9585738695314,148.9585738695314,0.01570301983048823,517.918600965349,0.0021522788169989135,70.98667936616721,0.0385776178629807,0.05579086880489457,True
3606,1130.790069575747,166.97148923249188,170.97148923249188,146.97148923249188,151.97148923249188,0.0102813739027683,339.10132224279613,0.004247650604127956,140.09644527151897,0.07971509190953378,0.05328540057318738,True
3607,1131.0396434231625,171.98441790088077,176.98441790088077,151.98441790088077,156.98441790088077,0.012445930974446538,410.49296425655973,0.001611551505104225,53.15235603833747,0.030473178353479766,0.05288426059174757,True
3608,1131.289178725874,172.99735987827466,176.99735987827466,151.99735987827466,155.99735987827466,0.00992731301356666,327.4236498987908,0.0013538908188546958,44.65416501605813,0.024382793322997476,0.05552648545717388,True
3609,1131.5386754595102,163.01031516823377,169.01031516823377,145.01031516823377,148.01031516823377,0.015698124522592737,517.7571434212654,-0.006805037574894332,-224.44444306584842,-0.12551087338739172,0.0542187094331696,True
3610,1131.7881335996997,166.02328377430285,172.02328377430285,147.02328377430285,152.02328377430285,0.015418234192245911,508.5257720110663,-0.0008942434463328416,-29.494028514688523,-0.016799613010226977,0.05323000272616159,True
3611,1132.0375531220714,163.0362657000103,170.0362657000103,143.0362657000103,150.0362657000103,0.018257339134740834,602.165420669974,0.0024927438706635954,82.21593247640305,0.044840229425971725,0.05559168413219098,True
3612,1132.2869340022537,168.049260948869,175.049260948869,150.049260948869,156.049260948869,0.017723674671760503,584.564044945092,-0.0006958191857373529,-22.94957932245927,-0.014042582789899175,0.04955065575528281,True
3613,1132.5362762158752,163.06226952437555,169.06226952437555,142.06226952437555,149.06226952437555,0.015693212127478665,517.5951223047964,0.0051957686108961565,171.36737003097494,0.09071323978549133,0.05727684980916278,True
3614,1132.7855797385646,160.0752914300108,167.0752914300108,140.0752914300108,146.0752914300108,0.018587926172620187,613.0688760565185,-0.00037269944346465106,-12.292411040900674,-0.006409374172964007,0.058149116186221456,True
3615,1133.0348445459506,159.08832666923922,164.08832666923922,139.08832666923922,145.08832666923922,0.013439372367378376,443.25874955916464,0.00490241728046014,161.69202654349095,0.08770538479112416,0.05589642291788073,True
3616,1133.2840706136622,168.1013752455101,176.1013752455101,150.1013752455101,155.1013752455101,0.020191481120201304,665.9574888193831,-0.005960503823721654,-196.58994478481463,-0.1142584641891947,0.05216684703421151,True
3617,1133.5332579173273,163.11443716225563,172.11443716225563,145.11443716225563,151.11443716225563,0.023324899100603848,769.3042000996489,-0.005729562906502863,-188.97302790877643,-0.10680205280802454,0.05364656161433232,True
3618,1133.782406432575,169.12751242289323,177.12751242289323,151.12751242289323,157.12751242289323,0.02007176226089877,662.0089091965801,-0.0031630611375227033,-104.32440491051,-0.06269414432724492,0.05045225788571989,True
3619,1134.031516135034,173.14060103082352,179.14060103082352,154.14060103082352,159.14060103082352,0.014795106203049075,487.973701143743,-0.0009311603332523219,-30.71162504272769,-0.018276877073746204,0.050947452865997875,True
3620,1134.2805870003328,169.1537029894314,174.1537029894314,147.1537029894314,154.1537029894314,0.012651203708416145,417.2632904958131,0.007531562645824094,248.4067670241754,0.13272754664662662,0.05674453296327478,True
3621,1134.5296190041001,169.16681830208563,174.16681830208563,147.16681830208563,154.16681830208563,0.012650237022140534,417.2314071505177,0.007530771821244987,248.38068396728318,0.13272445919743414,0.05673989456640087,True
3622,1134.7786121219647,174.17994697213953,181.17994697213953,155.17994697213953,161.17994697213953,0.01711197421488313,564.3888781137613,-0.0006365647863162752,-20.995244679792336,-0.01261002829598596,0.050480837264965314,True
3623,1135.0275663295547,168.19308900292936,174.19308900292936,149.19308900292936,153.19308900292936,0.015222773848117262,502.0790790139162,-0.0037323064246162913,-123.09931100374541,-0.0692121522558891,0.05392559403177233,True
3624,1135.2764816024992,167.20624439777635,174.20624439777635,149.20624439777635,153.20624439777635,0.01781122583132059,587.4516662155061,-0.006321758229425789,-208.5048744234814,-0.12012528973314589,0.05262637237728503,True
3625,1135.525357916427,164.21941315998538,171.21941315998538,145.21941315998538,151.21941315998538,0.01812850836950322,597.9163112366654,-0.0005456374304810968,-17.996269359631356,-0.010166026108644356,0.053672637139612636,True
3626,1135.7741952469664,170.23259529284496,177.23259529284496,152.23259529284496,158.23259529284496,0.01750087682463053,577.2157036369055,-0.0007125768751917345,-23.50228314448293,-0.014574700198586135,0.04889135731662325,True
3627,1136.022993569746,165.24579079962837,171.24579079962837,145.24579079962837,152.24579079962837,0.015489499598051244,510.87625489081546,0.0049522393009526385,163.33526150270842,0.09247752995506003,0.053550730684083,True
3628,1136.2717528603946,170.25899968359204,176.25899968359204,153.25899968359204,159.25899968359204,0.015041223587596662,496.0911698124541,0.0016367733743364692,53.984226300714056,0.03648161561976686,0.044865704178123494,True
3629,1136.5204730945409,164.27222194797673,168.27222194797673,146.27222194797673,150.27222194797673,0.010448297948791107,344.6068281465558,0.001268551460386588,41.83949359475179,0.025489301027066043,0.049767997131014506,True
3630,1136.7691542478135,165.28545759600752,171.28545759600752,145.28545759600752,151.28545759600752,0.015485847772991173,510.7558100243823,0.002089189843289539,68.9058724033905,0.03800744967546019,0.054967903953798844,True
3631,1137.017796295841,156.29870663089264,161.29870663089264,137.29870663089264,141.29870663089264,0.013675500770236566,451.04676061542364,-0.0012037603452174257,-39.70254642881582,-0.02115913220700982,0.05689081827366395,True
3632,1137.266399214252,165.31196905582487,172.31196905582487,145.31196905582487,152.31196905582487,0.018011146398943943,594.0454667586763,0.0024214984877971336,79.86610999526499,0.044194249773196886,0.054792161881334484,True
3633,1137.5149629786754,160.32524487398064,167.32524487398064,140.32524487398064,148.32524487398064,0.018559557336307476,612.1332122050619,0.00551970790562421,182.05156887516864,0.100164826773269,0.05510624920380988,True
3634,1137.7634875647393,161.33853408852087,169.33853408852087,142.33853408852087,149.33853408852087,0.02101768924516427,693.2075694284782,-0.0001682940955285775,-5.550693016234845,-0.003087978377218354,0.054499764885069094,True
3635,1138.0119729480732,161.35183670258948,169.35183670258948,144.35183670258948,150.35183670258948,0.021015997704563194,693.1517788639218,-0.00332957400516214,-109.81634928690994,-0.06656966347525081,0.0500163863138651,True
3636,1138.260419104305,170.36515271931535,177.36515271931535,151.36515271931535,159.36515271931535,0.017487530283644394,576.7755066614266,0.004879929563928961,160.9503343842464,0.09976366490835724,0.04891489870998281,True
3637,1138.5088260090636,163.3784821418103,169.3784821418103,145.3784821418103,149.3784821418103,0.015663379732449124,516.6111872105321,-0.003875467732952569,-127.82107187052702,-0.0736326534338403,0.05263246063018382,True
3638,1138.7571936379777,163.39182497317097,169.39182497317097,145.39182497317097,150.39182497317097,0.015662123425891673,516.5697515795742,-0.0009778818816507454,-32.25259991524638,-0.01910698912339404,0.05117927661629615,True
3639,1139.0055219666756,168.4051812164771,173.4051812164771,148.4051812164771,154.4051812164771,0.01270662069191313,419.09105909524857,0.0045061851532687235,148.6234581287669,0.08558220970496325,0.05265329288415641,True
3640,1139.2538109707866,162.41855087479325,166.41855087479325,143.41855087479325,147.41855087479325,0.01056610465401736,348.4923409086715,0.0013807031101871828,45.538490742287934,0.025884972075318806,0.05333994976582093,True
3641,1139.5020606259386,156.4319339511669,162.4319339511669,135.4319339511669,142.4319339511669,0.016346000675194625,539.1254607370787,0.005540290354822279,182.73042131299133,0.09259405762494774,0.059834189114632244,True
3642,1139.750270907761,159.44533044863033,166.44533044863033,139.44533044863033,146.44533044863033,0.01865981080020823,615.4397821722345,0.002611741741783122,86.14073239344964,0.04589897820611934,0.05690195825394038,True
3643,1139.998441791882,158.45874037019894,166.45874037019894,140.45874037019894,146.45874037019894,0.02139040462342542,705.5005060324618,-0.0032238793477908506,-106.33031732196491,-0.05972428673495274,0.053979369600476515,True
3644,1140.2465732539301,159.4721637188727,167.4721637188727,142.4721637188727,147.4721637188727,0.02125774460848161,701.1250998949529,-0.006277712286707034,-207.05214665026625,-0.1205080368706802,0.05209372295595342,True
3645,1140.4946652695344,175.485600497635,183.485600497635,158.485600497635,164.485600497635,0.01936050140142478,638.5500310166674,-0.0032224264510973925,-106.28239773509893,-0.07026217656536274,0.045862889660124154,True
3646,1140.7427178143232,165.4990507094535,173.4990507094535,147.4990507094535,154.4990507094535,0.020501595877693585,676.185725367061,-0.0003650057931117584,-12.038658280597133,-0.00727265653794497,0.05018878469062116,True
3647,1140.9907308639251,156.51251435727931,164.51251435727931,138.51251435727931,143.51251435727931,0.021649871640461615,714.0582736409013,-0.006249111141279741,-206.10882075590877,-0.11122460444183196,0.05618461106371378,True
3648,1141.238704393969,154.52599144404758,162.52599144404758,136.52599144404758,141.52599144404758,0.02192128528974359,723.0100662920254,-0.006300418363495926,-207.8010407897924,-0.11065710833282195,0.05693640886174469,True
