Index,Wavelength,LHC reference intensity,RHC reference intensity,LHC intensity,RHC intensity,Reference delta absorbance,Reference ellipticity,Delta absorbance,Ellipticity,g-factor,Average absorbace,Weak signal flag
1,171.0036843215852,127.34012140318373,129.34012140318373,128.34012140318373,133.34012140318373,0.00676800468082387,223.2230203781286,0.009830395748556708,324.2271147835587,-1.1826204924265258,-0.008312384075458134,True
2,171.23380252856805,133.3791012286822,135.3791012286822,135.3791012286822,139.3791012286822,0.006463839912184908,213.19102696940973,0.006182193255381815,203.90172822097333,-0.6470156269046421,-0.009554936539875804,True
3,171.46397004958132,136.4180634182676,139.4180634182676,139.4180634182676,144.4180634182676,0.009447165866696704,311.5873877499287,0.005855305245901322,193.12027456619433,-0.4731629195854314,-0.012374818489647357,True
4,171.69418686025367,144.45700796047004,145.45700796047004,146.45700796047004,149.45700796047004,0.002996034551132277,98.81551700989169,0.005810091657420751,191.62903538142209,-0.6545411025254256,-0.008876587940778034,True
5,171.92445293621375,137.49593484383968,139.49593484383968,138.49593484383968,141.49593484383968,0.006271693532141635,206.85363547358085,0.00303524319232123,100.10870041089001,-0.6506709824149067,-0.004664789539340142,True
6,172.15476825309023,147.5348440569462,149.5348440569462,147.5348440569462,150.5348440569462,0.005847800176288096,192.87274159507228,0.0028946348589543357,95.4711420248234,-1.9999999999999956,-0.001447317429477171,True
7,172.3851327865117,138.57373558837844,140.57373558837844,137.57373558837844,140.57373558837844,0.0062232612954706695,205.25623850605317,0.0031453945852753813,103.74172488319144,2.000000000000052,0.0015726972926376499,True
8,172.61554651210685,143.61260942674517,145.61260942674517,144.61260942674517,148.61260942674517,0.006006411282231553,198.1040692616341,0.00584308585292814,192.71725330139094,-0.984491260482539,-0.005935132273357315,True
9,172.8460094055043,135.6514655606736,137.6514655606736,136.6514655606736,140.6514655606736,0.006356349457944252,209.64576584903836,0.006173618551731821,203.61891647100185,-0.9835907804126419,-0.006276612870590174,True
10,173.07652144233273,141.6903039788117,143.6903039788117,143.6903039788117,146.6903039788117,0.006087331515551772,200.77298864678488,0.0028866134893201284,95.20658039377275,-0.3833159142129522,-0.007530638260211817,True
11,173.30708259822075,144.7291246698262,146.7291246698262,146.7291246698262,149.7291246698262,0.0059603912357204004,196.5862313958791,0.002829567719270164,93.32509099019285,-0.38366109044002056,-0.007375175095355475,True
12,173.537692848797,145.76792762240302,148.76792762240302,148.76792762240302,151.76792762240302,0.008847333736044318,291.8036632641214,-0.00017664303291502724,-5.826058520285471,0.020167003822648005,-0.008759012219586783,True
13,173.76835216969016,143.80671282524827,146.80671282524827,147.80671282524827,148.80671282524827,0.008966755241805272,295.7424355421008,-0.006038390644688751,-199.1588158544798,0.6787908792299202,-0.008895804038409047,True
14,173.99906053652884,145.84548026708717,148.84548026708717,147.84548026708717,151.84548026708717,0.008842676779140007,291.65006703672856,0.0027511403439438847,90.73839130154403,-0.3773519831788239,-0.007290647635579386,True
15,174.22981792494173,141.8842299366645,145.8842299366645,142.8842299366645,147.8842299366645,0.012074219825400155,398.23314924291856,0.002863345826176148,94.4391639558296,-0.6388767214118499,-0.004481844040033978,True
16,174.46062431055742,151.92296182274413,154.92296182274413,152.92296182274413,156.92296182274413,0.008492372626633705,280.0962997654065,0.002721423070202726,89.75825314934963,-0.6464197357144851,-0.004209993785531236,True
17,174.6914796690046,137.96167591411017,140.96167591411017,138.96167591411017,140.96167591411017,0.009342593092458478,308.13835784885373,-0.0031365817783030065,-103.45105998516667,1.9999999999999951,-0.0015682908891515072,True
18,174.92238397591188,148.00037219956562,150.00037219956562,151.00037219956562,152.00037219956562,0.00582952909821816,192.270123035441,-0.002962895489304989,-97.72252109419084,0.40959258863658354,-0.007233762454461444,True
19,175.15333720690793,142.039050667933,145.039050667933,144.039050667933,146.039050667933,0.009077187496139567,299.38472341307585,-0.0030884367182122527,-101.86313470488506,0.6820344252135435,-0.004528271013952514,True
20,175.38433933762138,149.07771130805463,152.07771130805463,153.07771130805463,156.07771130805463,0.008652851300496969,285.3892237474972,-0.00022392366102474102,-7.38547301683991,0.019664364486284284,-0.011387281861100863,True
21,175.6153903436809,139.11635410879217,141.11635410879217,142.11635410879217,145.11635410879217,0.006199160099331567,204.46133039788657,0.0028731411226740793,94.7622334235507,-0.26845662770764406,-0.010702440640813687,True
22,175.8464902007151,139.15497905902657,142.15497905902657,141.15497905902657,143.15497905902657,0.009263325406583972,305.52394295203396,-0.0031530695616498895,-103.99486173643609,0.6823471756909474,-0.004620916849926255,True
23,176.07763888435264,130.19358614765883,133.19358614765883,134.19358614765883,136.19358614765883,0.00989372247275149,326.3157632570835,-0.0034688259224433943,-114.40917021935402,0.3040760879889777,-0.011407756346066694,True
24,176.3088363702222,138.23217536360858,142.23217536360858,143.23217536360858,144.23217536360858,0.01238870980831923,408.6056899216753,-0.009367143950432238,-308.94809674949374,0.871534642384054,-0.010747873343059235,True
25,176.54008263395235,135.2707466958159,139.2707466958159,140.2707466958159,141.2707466958159,0.012656016714133425,417.4220335410643,-0.00957088490630657,-315.6679017274446,0.8718416408868448,-0.010977779056952342,True
26,176.7713776511718,143.30930013323973,145.30930013323973,147.30930013323973,148.30930013323973,0.006019035961462554,198.52045771911165,-0.0030808166609581846,-101.61180919966978,0.2957948573546784,-0.010415382770715562,True
27,177.00272139750916,143.34783566485862,147.34783566485862,147.34783566485862,148.34783566485862,0.011952620906490852,394.22256130249383,-0.009015167438679694,-297.3391715550158,1.2108962268500838,-0.007445037187150989,True
28,177.2341138485931,139.38635327967086,143.38635327967086,142.38635327967086,144.38635327967086,0.01228756361868697,405.2696759834132,-0.006229783176030715,-205.4713438355876,1.0157443309812115,-0.0061332197345494695,True
29,177.46555498005225,139.42485296669406,144.42485296669406,142.42485296669406,144.42485296669406,0.015301738905626123,504.6835125911276,-0.009245584612176307,-304.938814262214,1.9999999999999993,-0.004622792306088155,True
30,177.69704476751525,153.4633347149654,157.4633347149654,156.4633347149654,159.4633347149654,0.011174813508042496,368.5688383897371,-0.0029265538013075187,-96.52389583563871,0.4214098053996571,-0.006944674195542342,True
31,177.92858318661078,159.50179851354142,162.50179851354142,162.50179851354142,165.50179851354142,0.00809258751504398,266.9105464570323,-0.00014804184728424777,-4.8827312999322885,0.018462382970416514,-0.008018566591401821,True
32,178.16017021296744,158.5402443514986,161.5402443514986,159.5402443514986,164.5402443514986,0.008141212257074716,268.51429265596175,0.005260672785038613,173.50804611949422,-0.9812736368621072,-0.00536106605478678,True
33,178.39180582221388,148.5786722179323,150.5786722179323,148.5786722179323,152.5786722179323,0.0058069903406209,191.52674743455145,0.005730367951966238,188.99958000032348,-1.999999999999991,-0.002865183975983132,True
34,178.62348998997876,144.6170821019582,146.6170821019582,145.6170821019582,149.6170821019582,0.005964977500730993,196.73749605602623,0.005803878845989496,191.42412380140289,-0.9845979023376293,-0.0058946691153921255,True
35,178.85522269189076,141.65547399271054,146.65547399271054,144.65547399271054,147.65547399271054,0.015064916265998991,496.87260414697823,-0.006150236868282217,-202.8477394037144,1.0205503102295292,-0.00602639263016733,True
36,179.08700390357845,147.69384787934382,150.69384787934382,150.69384787934382,152.69384787934382,0.008733117128761354,288.0365594783802,-0.0030071001643760384,-99.180484194032,0.41594470941400596,-0.0072295670465733815,True
37,179.31883360067053,148.73220375103188,149.73220375103188,145.73220375103188,150.73220375103188,0.002910203669784126,95.98463413084517,0.011740312724380406,387.22019119539834,3.9405958906007568,0.002979324206367823,True
38,179.55071175879564,158.77054159696786,162.77054159696786,159.77054159696786,164.77054159696786,0.010805882293403277,356.40071145612615,0.0025769795420730168,84.99420197861934,-0.641794688497272,-0.004015270908687133,True
39,179.7826383535824,155.80886140636494,157.80886140636494,157.80886140636494,160.80886140636494,0.005539232483788396,182.6955305027023,0.0026393580765949366,87.05157716368637,-0.38480713274929035,-0.006858911522085875,True
40,180.01461336065947,153.84716316845515,157.84716316845515,154.84716316845515,158.84716316845515,0.011147288573550785,367.66100819417613,-7.107875414475925e-05,-2.344326715651164,0.02558426514672928,-0.0027782214473275986,True
41,180.2466367556555,145.88544687249077,151.88544687249077,148.88544687249077,150.88544687249077,0.017504193250209184,577.3250863234488,-0.011709088589040363,-386.1903535803258,3.921677833663621,-0.0029857344447138745,True
42,180.47870851419913,144.92371250774295,149.92371250774295,147.92371250774295,148.92371250774295,0.01473087713939807,485.8552916182799,-0.01180482093570099,-389.3478075977587,3.9402771734981554,-0.0029959366856471006,True
43,180.710828611919,146.9619600635026,149.9619600635026,147.9619600635026,151.9619600635026,0.008776172575253292,289.4566186040617,0.0028086382259703887,92.63479230842671,-0.6457442236275306,-0.004349459310983212,True
44,180.94299702444374,152.00018952908067,155.00018952908067,154.00018952908067,158.00018952908067,0.008488099744449439,279.9553711295866,0.002648252842138458,87.34494522766039,-0.3782541660012308,-0.007001252280007515,True
45,181.17521372740205,157.03840089380674,161.03840089380674,159.03840089380674,163.03840089380674,0.010923585134061475,360.2827985464693,-0.00013567839142518585,-4.474958538339706,0.024994651996832023,-0.005428296878963651,True
46,181.40747869642252,157.07659414703062,159.07659414703062,159.07659414703062,162.07659414703062,0.0054948081050345,181.23032111359478,0.002619209703090159,86.3870414546337,-0.38492809296024577,-0.006804412956579563,True
47,181.63979190713383,158.11476927812168,161.11476927812168,161.11476927812168,165.11476927812168,0.008162915051780751,269.2300964435469,0.0024876532487211247,82.0480330645097,-0.2644542961172894,-0.009406741676141323,True
48,181.8721533351646,155.15292627646818,159.15292627646818,159.15292627646818,162.15292627646818,0.011054657166798572,364.6058296929422,-0.00294449485187576,-97.11562939456292,0.30728125090707037,-0.009582409740860661,True
49,182.10456295614347,156.1910651314788,158.1910651314788,158.1910651314788,162.1910651314788,0.0055257636999191985,182.25130169999164,0.005319211935541884,175.4387903494346,-0.6498438252017169,-0.008185369667690167,True
50,182.33702074569914,157.22918583258092,160.22918583258092,160.22918583258092,162.22918583258092,0.008208460372377088,270.7322768507813,-0.002821097671634374,-93.04573101555144,0.4149947607382367,-0.0067979115365598974,True
51,182.56952667946018,159.26728836922234,161.26728836922234,161.26728836922234,164.26728836922234,0.005419697587497005,178.75301836668783,0.0025851069661778116,85.26226150903122,-0.3851326386621812,-0.006712251070585934,True
52,182.80208073305528,164.30537273086952,167.30537273086952,167.30537273086952,170.30537273086952,0.007858122871824847,259.1774096908083,-0.00013966155525930047,-4.606331653998353,0.01793224413904466,-0.007788292094195241,True
53,183.0346828821131,167.34343890700916,170.34343890700916,170.34343890700916,173.34343890700916,0.007716721078555114,254.5136813293334,-0.00013472350084140026,-4.4434642397546895,0.017612390144346596,-0.007649359328134415,True
54,183.26733310226223,172.38148688714705,174.38148688714705,174.38148688714705,176.38148688714705,0.0050097539878861995,165.2322167707488,-5.713103803740415e-05,-1.8843017210346886,0.011469358847687445,-0.004981188468867501,True
55,183.50003136913136,158.419516660809,163.419516660809,161.419516660809,164.419516660809,0.013495237749796258,445.10130729752325,-0.005497913126382491,-181.33273124424989,1.0184334258671366,-0.005398402081806515,True
56,183.7327776583491,168.4575282175399,171.4575282175399,171.4575282175399,174.4575282175399,0.007666134532024652,252.8452306943888,-0.00013297812070982556,-4.3858979343143005,0.01749793739794142,-0.007599645471669709,True
57,183.96557194554416,164.49552154690468,168.49552154690468,168.49552154690468,170.49552154690468,0.010434283605720749,344.14460565465293,-0.005309670081175968,-175.1240799359499,0.6825252505651516,-0.0077794485651327926,True
58,184.1984142063451,174.53349663848758,177.53349663848758,176.53349663848758,180.53349663848758,0.007401517357524963,244.11760006743177,0.002329152986491622,76.82036125662202,-0.381021938472377,-0.006112910442453379,True
59,184.4313044163806,164.57145348189215,167.57145348189215,167.57145348189215,170.57145348189215,0.007845531851454101,258.7621313732912,-0.0001392183091171442,-4.591712464549005,0.017903767121132307,-0.007775922696895505,True
60,184.66424255127936,168.60939206674175,173.60939206674175,173.60939206674175,175.60939206674175,0.012691453789920136,418.5908227874565,-0.007716930655240785,-254.52059360894643,0.8736489001630168,-0.00883298846229974,True
61,184.89722858666994,163.64731238267973,167.64731238267973,167.64731238267973,168.64731238267973,0.010487718297169355,345.90699409565497,-0.00790488925402258,-260.7198632762668,1.209572797252329,-0.006535273670158062,True
62,185.13026249818105,171.68521441936832,175.68521441936832,174.68521441936832,176.68521441936832,0.010002317820559655,329.89746608974184,-0.00505825723306556,-166.83195574813965,1.012841844542183,-0.004994123475765316,True
63,185.36334426144128,163.72309816648954,167.72309816648954,165.72309816648954,168.72309816648954,0.010482921759077899,345.74879418731746,-0.002691424018526638,-88.76882136857836,0.6852980251951817,-0.003927377461448376,True
64,185.59647385207933,168.7609636137454,171.7609636137454,170.7609636137454,172.7609636137454,0.007652471405719849,252.39459206965387,-0.0025954505338783365,-85.6034141134522,0.6796374478025379,-0.0038188751109435918,True
65,185.8296512457238,166.79881075085677,170.79881075085677,170.79881075085677,172.79881075085677,0.010291892567676623,339.4482499211759,-0.005235985778553058,-172.69381675475785,0.6823109498409152,-0.007673899678400088,True
66,186.06287641800333,163.83663956756436,167.83663956756436,165.83663956756436,168.83663956756436,0.01047574384537118,345.51205150565727,-0.002689533081906081,-88.70645430417898,0.6852853650381369,-0.003924690675039304,True
67,186.29614934454662,174.87445005362906,177.87445005362906,176.87445005362906,179.87445005362906,0.007387208627265924,243.64566806725918,-8.283202984971615e-05,-2.7319744531935157,0.016913730104617795,-0.004897324796917583,True
68,186.52947000098226,175.91224219883043,178.91224219883043,175.91224219883043,179.91224219883043,0.007343994283961353,242.2203681907039,0.002420657592420268,79.83837549821621,-1.9999999999999982,-0.001210328796210135,True
69,186.76283836293894,176.95001599296825,179.95001599296825,177.95001599296825,181.95001599296825,0.007301283361013085,240.81167217566377,0.002352783363305304,77.59974075379773,-0.6492555985481602,-0.0036238168274043466,True
70,186.99625440604527,179.9877714258614,183.9877714258614,182.9877714258614,184.9877714258614,0.009545959350574599,314.84580450714304,-0.004825006919002948,-159.13887010995637,1.0122608294732272,-0.004766564879838179,True
71,187.22971810592992,177.02550848734882,180.02550848734882,179.02550848734882,182.02550848734882,0.007298195745992289,240.7098361422668,-8.08587509241402e-05,-2.6668915664951953,0.016711062881280457,-0.004838636028036089,True
72,187.4632294382215,175.06322716728846,179.06322716728846,177.06322716728846,181.06322716728846,0.009811477182249726,323.603140700882,-0.00010959590124285344,-3.614703188047315,0.022464403129413182,-0.004878647369862986,True
73,187.6967883785487,180.1009274555588,184.1009274555588,182.1009274555588,184.1009274555588,0.009540027092154325,314.6501461551344,-0.00479620841237969,-158.18903482851266,2.000000000000007,-0.0023981042061898363,True
74,187.93039490254014,178.13860934205672,182.13860934205672,180.13860934205672,182.13860934205672,0.009643958716392384,318.0780295815389,-0.004848748069504442,-159.9219031561969,1.9999999999999942,-0.002424374034752228,True
75,188.16404898582445,186.17627281669957,190.17627281669957,189.17627281669957,192.17627281669957,0.009231999961650006,304.4907639336061,-0.0023988984749728545,-79.12071406823293,0.41771670084887397,-0.005742883801624091,True
76,188.3977506040303,181.213917869424,185.213917869424,186.213917869424,187.213917869424,0.009482068586569132,312.73855281507855,-0.007156074225846028,-236.02236967557434,0.8681868824326897,-0.008242550504557798,True
77,188.63149973278635,181.25154449018623,185.25154449018623,184.25154449018623,186.25154449018623,0.009480121500462835,312.6743338226161,-0.0047913757035969,-158.02964193474605,1.012176969279113,-0.0047337331800874575,True
78,188.86529634772123,177.28915266896206,181.28915266896206,179.28915266896206,182.28915266896206,0.009689654750097703,319.5851808238989,-0.002482843255437109,-81.88938937563955,0.6838980845912751,-0.003630428731089305,True
79,189.09914042446354,176.3267423957468,180.3267423957468,179.3267423957468,182.3267423957468,0.00974195314983098,321.31009197570137,-0.002536639854501189,-83.6637142905114,0.4186872516617332,-0.0060585552687202355,True
80,189.333031938642,175.3643136605558,179.3643136605558,177.3643136605558,180.3643136605558,0.009794820201744044,323.05375847167153,-0.002510449362877869,-82.79989682568163,0.6840837715966088,-0.003669798155010514,True
81,189.5669708658852,172.40186645342328,175.40186645342328,176.40186645342328,178.40186645342328,0.007492247123708656,247.11005846556336,-0.0025960293943767566,-85.6225061494257,0.2996617872631983,-0.008663197994266174,True
82,189.8009571818218,177.4394007644039,182.4394007644039,181.4394007644039,184.4394007644039,0.012068574959717323,398.04696970747574,-0.004946475295068415,-163.14515247299684,0.6862191046164294,-0.007208303094145576,True
83,190.03499086208046,179.47691658357098,182.47691658357098,183.47691658357098,184.47691658357098,0.007199334070621191,237.4491702862715,-0.004838736017258062,-159.59168462828225,0.6764184697058221,-0.007153465249644135,True
84,190.2690718822898,183.51441390101854,185.51441390101854,185.51441390101854,188.51441390101854,0.004707477588187655,155.26250573894114,0.002259425972794854,74.52061778223586,-0.3870742172839639,-0.005837190574585087,True
85,190.5032002180785,186.551892706859,188.551892706859,187.551892706859,190.551892706859,0.004631236626644116,152.7479185725786,0.0022605789932970983,74.55864682199083,-0.6548452714134858,-0.0034520811128675184,True
86,190.73737584507518,196.5893529912255,197.5893529912255,197.5893529912255,201.5893529912255,0.002203545787821267,72.67757182447595,0.006500506054297475,214.400353406664,-1.1919225983280592,-0.005453798814969952,True
87,190.97159873890848,194.62679474426977,198.62679474426977,194.62679474426977,200.62679474426977,0.008835203988143895,291.403598682247,0.004351100413946242,143.50843744560967,-1.999999999999994,-0.0021755502069731275,True
88,191.20586887520705,195.66421795616407,198.66421795616407,197.66421795616407,200.66421795616407,0.0066082405668019375,217.95366408157386,-6.63622392384905e-05,-2.188766140165967,0.015139216179725962,-0.004383465989960633,True
89,191.44018622959956,190.70162261709993,193.70162261709993,191.70162261709993,194.70162261709993,0.006778870441274976,223.58139599708664,-3.508844017421041e-05,-1.157290511077349,0.015568179576944643,-0.0022538563356613557,True
90,191.67455077771461,191.73900871728802,194.73900871728802,191.73900871728802,194.73900871728802,0.006742477223972564,222.38107119374547,0.0,0.0,nan,0.0,True
91,191.9089624951809,191.776376246959,195.776376246959,192.776376246959,195.776376246959,0.008965177543618908,295.6903997396725,-0.002258704211683539,-74.49681258367926,1.9999999999999927,-0.0011293521058417736,True
92,192.14342135762703,204.81372519636352,209.81372519636352,207.81372519636352,210.81372519636352,0.01047483795437839,345.4821733165778,-0.004250182841139681,-140.17996377080007,1.0143442413513573,-0.0041900793319212684,True
93,192.37792734068165,196.85105555577138,200.85105555577138,196.85105555577138,200.85105555577138,0.008736370563024308,288.14386457892715,0.0,0.0,nan,0.0,True
94,192.61248041997345,209.8883673154719,213.8883673154719,209.8883673154719,213.8883673154719,0.008198796105566356,270.41352901756187,0.0,0.0,nan,0.0,True
95,192.84708057113102,209.9256604657744,212.9256604657744,210.9256604657744,213.9256604657744,0.006162474808233176,203.25137238682964,-2.9010996771397513e-05,-0.9568436531729958,0.014155959815271546,-0.002049383944993984,True
96,193.08172776978301,219.96293499700732,224.96293499700732,222.96293499700732,224.96293499700732,0.0097614635324477,321.95358540424127,-0.005883166723741687,-194.03920466879106,2.000000000000016,-0.00294158336187082,True
97,193.31642199155812,212.00019089951934,216.00019089951934,214.00019089951934,217.00019089951934,0.008117882980169201,267.7448440666542,-0.002071927836780448,-68.33653514485354,0.6811194616778217,-0.0030419448472028786,True
98,193.55116321208493,211.03742816367844,215.03742816367844,214.03742816367844,216.03742816367844,0.008154571619881874,268.95491252204886,-0.004115297003312628,-135.7311453160345,1.0104865027060637,-0.004072589779568496,True
99,193.7859514069921,221.07464677987196,226.07464677987196,222.07464677987196,226.07464677987196,0.009712921172523942,320.352556340363,-0.0019600402184052016,-64.64624630870614,1.9999999999999036,-0.000980020109202648,True
100,194.0207865519083,231.1118467385072,237.1118467385072,233.1118467385072,236.1118467385072,0.011131045145725401,367.1252658016288,-0.005577612030298948,-183.96136861849178,5.85065618954505,-0.000953331019564263,True
101,194.25566862246217,225.1490280300111,231.1490280300111,226.1490280300111,231.1490280300111,0.011421995141010785,376.72140820835943,-0.0019246490732906085,-63.478971952424445,2.0000000000000644,-0.0009623245366452733,True
102,194.49059759428232,229.18619064483005,235.18619064483005,231.18619064483005,235.18619064483005,0.011223371657309304,370.1703882193376,-0.0037734428192019425,-124.45607576380738,1.9999999999999498,-0.0018867214096010185,True
103,194.72557344299744,227.2233345734303,232.2233345734303,228.2233345734303,232.2233345734303,0.009452927991511787,311.777434738026,-0.0019071176022010536,-62.900747185622805,1.9999999999999807,-0.000953558801100536,True
104,194.96059614423615,230.26045980629738,236.26045980629738,231.26045980629738,234.26045980629738,0.01117167727717782,368.46539890362095,-0.00557407069234981,-183.84456784921534,-6.159070849272918,0.0009050181153554733,True
105,195.19566567362713,226.2975663339364,233.2975663339364,228.2975663339364,232.2975663339364,0.01323032497467816,436.3639271408334,-0.005686946946978499,-187.56746398706488,5.81532027183799,-0.0009779249776695588,True
106,195.43078200679898,226.3346541468727,231.3346541468727,228.3346541468727,232.3346541468727,0.009489641396301086,312.9883199977026,-0.0019474780423476817,-64.23191933726858,0.6840370294097284,-0.0028470359916453734,True
107,195.66594511938035,224.37172323565073,227.37172323565073,224.37172323565073,230.37172323565073,0.005768329832657727,190.25164261948774,0.005692717659592141,187.75779421880972,-1.9999999999999887,-0.0028463588297960867,True
108,195.9011549869999,236.40877359083493,239.40877359083493,235.40877359083493,240.40877359083493,0.005476471887248016,180.62555410919137,0.003651196289034933,120.42412824285728,237.90807299187935,1.5347088659574664e-05,True
109,196.13641158528628,226.4458052030086,231.4458052030086,228.4458052030086,232.4458052030086,0.009485033897428136,312.8363550001424,-0.0019465085421378134,-64.19994318250656,0.6840286490001333,-0.002845653533639399,True
110,196.37171488986812,235.48281806277578,243.48281806277578,239.48281806277578,242.48281806277578,0.014509095174397536,478.5404562380554,-0.00910248451597416,-300.2190723002808,3.29335601608792,-0.00276389326617252,True
111,196.6070648763741,231.51981216075933,236.51981216075933,233.51981216075933,237.51981216075933,0.009279364000876431,306.0529295041157,-0.0019032555097396962,-62.77336725832359,0.6836545108322712,-0.002783943467911446,True
112,196.8424615204328,241.55678748760192,246.55678748760192,243.55678748760192,246.55678748760192,0.008897717565114177,293.46542785111336,-0.0035809918741045617,-118.10863907231357,2.000000000000047,-0.0017904959370522388,True
113,197.07790479767291,236.593744033966,244.593744033966,238.593744033966,244.593744033966,0.014442087993825403,476.3304185770718,-0.003655795299992848,-120.5758132911385,2.0000000000000413,-0.0018278976499963861,True
114,197.3133946837231,232.63068179053357,237.63068179053357,233.63068179053357,236.63068179053357,0.00923552054170029,304.6068800637462,-0.003694341862831587,-121.84715995649148,235.1299729133058,-1.571191378563089e-05,True
115,197.54893115421194,226.6676007480064,233.6676007480064,226.6676007480064,232.6676007480064,0.013209051646094802,435.66228804869036,-0.0018625878818224525,-61.432063408309716,-2.0000000000000195,0.0009312939409112172,True
116,197.78451418476814,230.70450089710562,236.70450089710562,230.70450089710562,233.70450089710562,0.011150448634620839,367.7652336505555,-0.0055394395286780095,-182.70235927835964,-1.9999999999999885,0.002769719764339021,True
117,198.02014375102033,237.74138222857232,242.74138222857232,235.74138222857232,242.74138222857232,0.009039037224411984,298.12644726155276,0.0036689577528431563,121.00993865295379,1.9999999999999898,0.0018344788764215875,True
118,198.25581982859714,250.77824473316673,254.77824473316673,249.77824473316673,255.77824473316673,0.00687248295613642,226.66893350600284,0.0034365103950620276,113.34333620070757,202.22206826337137,1.699374566076716e-05,True
119,198.49154239312722,240.8150884016693,245.8150884016693,241.8150884016693,247.8150884016693,0.008924842446000926,294.3600634378902,0.0017195069324414131,56.712952948782345,-0.6465636817970609,-0.002659454870187281,True
120,198.72731142023923,242.8519132248798,248.8519132248798,245.8519132248798,249.8519132248798,0.010599454776970567,349.5922980639451,-0.0035903677320371493,-118.41787457451099,1.0151230868286414,-0.0035368792007813175,True
121,198.9631268855618,242.88871919361782,247.88871919361782,242.88871919361782,247.88871919361782,0.008849418790269624,291.87243273515077,0.0,0.0,nan,0.0,True
122,199.19898876472357,243.9255062987222,248.9255062987222,243.9255062987222,248.9255062987222,0.008812184031776795,290.6443521344725,0.0,0.0,nan,0.0,True
123,199.4348970333532,240.96227453105212,244.96227453105212,241.96227453105212,245.96227453105212,0.007150151892612682,235.82703867709276,-2.930974858575755e-05,-0.9666971159718685,0.01642969636972468,-0.001783949497677096,True
124,199.67085166707932,239.99902388148553,243.99902388148553,241.99902388148553,244.99902388148553,0.007178613583721387,236.76576507489736,-0.0018278737495653254,-60.287118359114146,0.6794559497773347,-0.0026902019919971855,True
125,199.9068526415306,245.03575434092045,250.03575434092045,248.03575434092045,251.03575434092045,0.008772656905883287,289.3406644384792,-0.003551364501028888,-117.13146603303372,1.012030517759187,-0.003509147638049722,True
126,200.14289993233567,249.07246590027512,256.0724659002751,251.07246590027512,256.0724659002751,0.012037163184025867,397.010943319203,-0.003473367571731698,-114.55896335920005,1.9999999999999971,-0.0017366837858658517,True
127,200.37899351512317,248.1091585504862,255.1091585504862,251.1091585504862,255.1091585504862,0.012083254435455224,398.5311296728295,-0.005219756908028241,-172.1585544925819,1.9999999999999964,-0.0026098784540141253,True
128,200.61513336552173,255.14583228251126,259.14583228251126,256.14583228251126,260.14583228251126,0.0067557500044530365,222.81883539270675,-2.6171334340724557e-05,-0.8631856173821575,0.015525227045900966,-0.0016857295718347913,True
129,200.85131945916004,252.18248708732654,256.18248708732654,252.18248708732654,256.18248708732654,0.006834514049604907,225.41663915986666,0.0,0.0,nan,0.0,True
130,201.0875517716667,251.21912295592824,255.21912295592824,251.21912295592824,256.21912295592824,0.006860516821178285,226.27426522287126,0.001698328346868133,56.01443868025669,-2.0000000000000173,-0.0008491641734340592,True
131,201.32383027867039,245.25573987933262,248.25573987933262,245.25573987933262,251.25573987933262,0.005280118286705213,174.14939963792267,0.005216693365588884,172.05751242352022,-2.0000000000000124,-0.002608346682794426,True
132,201.56015495579976,250.29233784857502,257.292337848575,251.29233784857502,256.292337848575,0.011979298299667516,395.10243780399554,-0.00342292237667881,-112.89517479309956,169.19445403423686,-2.0230700800548547e-05,True
133,201.7965257786834,253.32891685471077,258.32891685471077,253.32891685471077,259.32891685471077,0.00848825676854689,279.96055011437727,0.0016779231138873262,55.34143120577886,-1.9999999999999896,-0.0008389615569436674,True
134,202.03294272295,254.36547688881456,261.36547688881456,255.36547688881456,259.36547688881456,0.011790054706914606,388.86078633451535,-0.005040070525586747,-166.23211990794638,-6.176416815046965,0.0008160185227959591,True
135,202.2694057642282,255.40201794198106,258.40201794198106,254.40201794198106,257.40201794198106,0.005071576557659115,167.27125506978376,1.9818884367849357e-05,0.6536684647472555,0.01170040559685581,0.0016938630207123063,True
136,202.50591487814663,259.4385400053243,263.4385400053243,258.4385400053243,264.4385400053243,0.006644819147943115,219.16010257394294,0.0033226526404372273,109.5880681299227,209.1503219583379,1.5886433304650085e-05,True
137,202.74247004033396,258.475043069978,264.475043069978,258.475043069978,264.475043069978,0.009966080163393216,328.70227198666475,0.0,0.0,nan,0.0,True
138,202.97907122641882,264.51152712709586,271.51152712709586,264.51152712709586,270.51152712709586,0.011343669588023655,374.13806683448115,-0.001602496319101629,-52.85369697042739,-1.9999999999999452,0.0008012481595508365,True
139,203.21571841202984,260.5479921678509,267.5479921678509,260.5479921678509,267.5479921678509,0.011513965369766422,379.7547796695035,0.0,0.0,nan,0.0,True
140,203.4524115727957,260.5844381834361,266.5844381834361,261.5844381834361,265.5844381834361,0.009886317397573915,326.0715283126325,-0.003295597250961778,-108.69572451595803,210.86704465395434,-1.5628792333909048e-05,True
141,203.689150684345,263.6208651650634,270.6208651650634,264.6208651650634,268.6208651650634,0.011381497144559343,375.3856991606445,-0.004865838623552251,-160.4855855521764,-6.170104336485614,0.0007886152904707198,True
142,203.92593572230646,265.6572731039653,269.6572731039653,263.6572731039653,268.6572731039653,0.00649042800138456,214.06795803803703,0.0016684182652353576,55.02794131852437,0.6816143408253389,0.0024477452502175033,True
143,204.16276666230863,273.69366199139336,279.69366199139336,273.69366199139336,278.69366199139336,0.009417884701600963,310.6216333775386,-0.001555532969836397,-51.30474699706804,-2.000000000000137,0.0007777664849181453,True
144,204.39964347998023,268.7300318186187,276.7300318186187,269.7300318186187,274.7300318186187,0.012740089470001456,420.1949297462854,-0.004763256635574153,-157.10221596649274,-6.197893966590128,0.0007685282551219146,True
145,204.63656615094988,273.766382576933,280.766382576933,274.766382576933,279.766382576933,0.010964989100236482,361.6483883799701,-0.0031330578057367723,-103.33483196271953,184.8438542661884,-1.6949753716046976e-05,True
146,204.87353465084618,279.80271425764636,285.80271425764636,280.80271425764636,285.80271425764636,0.009214425854297008,303.9111329332168,-0.0015493782986737972,-51.10175300531708,2.0000000000000813,-0.000774689149336867,True
147,205.11054895529784,274.8390268520893,278.8390268520893,274.8390268520893,281.8390268520893,0.0062751562547942626,206.9678433451329,0.004647572242202799,153.28670151034413,-1.9999999999999687,-0.0023237861211014357,True
148,205.3476090399335,274.8753203516119,279.8753203516119,275.8753203516119,280.8753203516119,0.0078288551758885,258.2120995596066,-2.812489591222378e-05,-0.9276181842981259,0.01799372030229409,-0.0015630395182166983,True
149,205.58471488038177,272.9115947475839,277.9115947475839,273.9115947475839,277.9115947475839,0.007884679132577326,260.05329099034606,-0.0015884292194820928,-52.38973445664104,1.9999999999999691,-0.0007942146097410587,True
150,205.8218664522713,265.9478500313944,271.9478500313944,266.9478500313944,271.9478500313944,0.009689145955411592,319.5683997056902,-0.0016299436892744656,-53.758968931715685,1.9999999999999052,-0.0008149718446372714,True
151,206.05906373123076,264.9840861944524,270.9840861944524,264.9840861944524,268.9840861944524,0.009723994395377033,320.71777450541396,-0.0032172004955952063,-106.1100347379419,-2.000000000000017,0.0016086002477975897,True
152,206.2963066928888,271.0203032281868,276.0203032281868,271.0203032281868,276.0203032281868,0.007939201792622957,261.85156292253305,0.0,0.0,nan,0.0,True
153,206.53359531287404,278.05650112404555,283.05650112404555,276.05650112404555,283.05650112404555,0.00774008043899977,255.28412213699582,0.0031350743699532667,103.40134248929601,2.0000000000000533,0.0015675371849765915,True
154,206.7709295668151,286.09267987349654,292.09267987349654,285.09267987349654,292.09267987349654,0.009013927420886043,297.29827316172634,0.0015206794719540787,50.15520537661416,1.9999999999999576,0.0007603397359770555,True
155,207.00830943034072,279.12883946802776,287.12883946802776,280.12883946802776,287.12883946802776,0.012272105678984659,404.75984064022117,-0.0015531121381441113,-51.224902879390356,2.000000000000038,-0.0007765560690720408,True
156,207.24573487907944,283.1649798991464,291.1649798991464,283.1649798991464,291.1649798991464,0.012099597194028942,399.07014820224515,0.0,0.0,nan,0.0,True
157,207.48320588865994,282.20110115837906,288.20110115837906,282.20110115837906,288.20110115837906,0.009136931779307562,301.35521545142683,0.0,0.0,nan,0.0,True
158,207.7207224347109,287.23720323727275,294.23720323727275,289.23720323727275,294.23720323727275,0.010456894438300664,344.89035843996845,-0.0030134640462702224,-99.39037839546097,1.99999999999996,-0.0015067320231351414,True
159,207.9582844928609,283.2732861273935,289.2732861273935,284.2732861273935,289.2732861273935,0.009102708538648197,300.2264610389549,-0.0015304292284124632,-50.47677283810813,2.000000000000023,-0.0007652146142062227,True
160,208.19589203873866,282.30934982032704,288.30934982032704,283.30934982032704,286.30934982032704,0.00913346489831219,301.24087042899043,-0.00455884158218262,-150.3601778355055,-6.129327318503499,0.000743775188579043,True
161,208.43354504797279,280.34539430767927,287.34539430767927,281.34539430767927,287.34539430767927,0.010710814844322545,353.2651871584595,-0.001546384414892462,-51.003008425216024,2.000000000000074,-0.0007731922074462023,True
162,208.67124349619192,281.3814195810751,287.3814195810751,281.3814195810751,286.3814195810751,0.009163269398550345,302.22388549440143,-0.0015138482034859953,-49.92989578355488,-1.9999999999999458,0.0007569241017430182,True
163,208.9089873590247,278.4174256321596,282.4174256321596,277.4174256321596,283.4174256321596,0.006195076431311015,204.32664244290456,0.0030977351912404166,102.16981789027531,224.33346498601975,1.3808618305937836e-05,True
164,209.1467766120998,292.4534124525974,299.4534124525974,293.4534124525974,297.4534124525974,0.010272573261896014,338.81105860832486,-0.0043927817642723166,-144.8831759914602,-6.153044823722252,0.0007139200006046643,True
165,209.38461123104585,291.4893800340724,297.4893800340724,290.4893800340724,296.4893800340724,0.008848730085711335,291.8497178111961,3.0152182924582036e-05,0.9944823712208404,0.020408939842073558,0.0014774007448648818,True
166,209.6224911914915,287.5253283682889,294.5253283682889,286.5253283682889,292.5253283682889,0.01044654075262188,344.548872123357,-0.0014460841445697332,-47.694894683861776,-0.6466901875894818,0.002236131260874652,True
167,209.86041646906537,286.5612574469701,291.5612574469701,286.5612574469701,291.5612574469701,0.007512340370348851,247.77277597474819,0.0,0.0,nan,0.0,True
168,210.09838703939613,289.5971672618591,295.5971672618591,290.5971672618591,296.5971672618591,0.008905958424665548,293.7372287209888,-3.033605375941939e-05,-1.0005468178409274,0.02047106663618064,-0.0014818990284464874,True
169,210.3364028781124,292.6330578047191,298.6330578047191,292.6330578047191,299.6330578047191,0.00881449578141495,290.7205984967201,0.0014518451740167873,47.8849055444191,-1.999999999999866,-0.0007259225870084422,True
170,210.57446396084288,303.66892906733256,309.66892906733256,305.66892906733256,310.66892906733256,0.008497274328907544,280.25796820952877,-0.0014507493791676446,-47.848763926988795,0.68252481370974,-0.002125562836730227,True
171,210.81257026321617,295.7047810415015,301.7047810415015,295.7047810415015,301.7047810415015,0.008723846004160823,287.7307783016183,0.0,0.0,nan,0.0,True
172,211.0507217608609,306.7406137190476,313.7406137190476,305.7406137190476,312.7406137190476,0.009799459587347913,323.2067751606417,3.1691487982259126e-05,1.045251887564632,0.02259959415073801,0.001402303411772738,True
173,211.28891842940578,292.7764270918128,299.7764270918128,291.7764270918128,298.7764270918128,0.01026137257173173,338.4416363034208,3.4754999987018226e-05,1.1462929528292989,0.023666569396840573,0.001468527161847882,True
174,211.52716024447938,295.8122211516579,302.8122211516579,294.8122211516579,302.8122211516579,0.010157286382480047,335.00865499797914,0.0014706296109344014,48.50445575790121,2.0000000000000027,0.0007353148054671997,True
175,211.7654471817104,296.84799589046406,303.84799589046406,296.84799589046406,304.84799589046406,0.010122254968933514,333.85324534494976,0.0014269680710401432,47.06440639783335,-1.999999999999915,-0.000713484035520102,True
176,212.00377921672748,300.8837513001315,307.8837513001315,300.8837513001315,307.8837513001315,0.009988034365741097,329.42636772672404,0.0,0.0,nan,0.0,True
177,212.24215632515921,292.9194873725803,298.9194873725803,292.9194873725803,297.9194873725803,0.00880596337508842,290.43918180138326,-0.0014553167828381466,-47.99940650049419,-1.999999999999999,0.0007276583914190738,True
178,212.48057848263431,305.9552040997505,310.9552040997505,304.9552040997505,307.9552040997505,0.007039984834615174,232.19349753873433,-0.002788486301689464,-91.97013948731319,-0.9902158789247565,0.0028160387659278818,True
179,212.71904566478136,300.9909014736015,307.9909014736015,300.9909014736015,305.9909014736015,0.00998451927249465,329.31043256290747,-0.0028293738733103976,-93.31869754298526,-1.9999999999999447,0.0014146869366552378,True
180,212.95755784722905,309.0265794861125,316.0265794861125,310.0265794861125,312.0265794861125,0.009727775734676626,320.8424910236991,-0.0069351142258100885,-228.7346444276111,-3.3592820772304526,0.0020644631996869158,True
181,213.19611500560603,299.06223812928215,306.06223812928215,300.06223812928215,305.06223812928215,0.010048170602918719,331.4097872321802,-0.002871062703425389,-94.69368278799644,201.70779148237577,-1.4233771944680918e-05,True
182,213.4347171155409,307.097877395129,311.097877395129,306.097877395129,313.097877395129,0.005620233261129421,185.36710639895873,0.0041995720883696176,138.5107147631932,-6.1461104734606575,-0.0006832893919664589,True
183,213.67336415266234,308.1334972756913,314.1334972756913,307.1334972756913,314.1334972756913,0.0083753362225495,276.2361931540897,0.0014117281380787213,46.56176137519509,2.000000000000059,0.0007058640690393398,True
184,213.91205609259902,314.16909776302646,317.16909776302646,311.16909776302646,316.16909776302646,0.004127401957681048,136.1303921551087,0.002795557322730298,92.20335662416954,1.009508720589662,0.0027692255309071435,True
185,214.1507929109795,311.2046788492123,315.2046788492123,310.2046788492123,314.2046788492123,0.005546537638695375,182.93646986660173,1.7766194812919925e-05,0.5859664485757037,0.012791643645174435,0.0013888906934662855,True
186,214.38957458343248,316.2402405263458,320.2402405263458,315.2402405263458,321.2402405263458,0.0054587716362767946,180.04176262712548,0.00272952057549339,90.02532589438363,254.5917734249606,1.07211656479462e-05,True
187,214.62840108558663,313.2757827865437,318.2757827865437,313.2757827865437,318.2757827865437,0.006876771108494537,226.8103657842536,0.0,0.0,nan,0.0,True
188,214.86727239307055,317.31130562194244,323.31130562194244,319.31130562194244,322.31130562194244,0.008135345341246254,268.3207894399779,-0.004074101496650794,-134.37243091544957,5.889993857977483,-0.0006916987682648903,True
189,215.1061884815129,316.34680902469813,323.34680902469813,317.34680902469813,322.34680902469813,0.009505121323137142,313.49888052278135,-0.0027158816905543974,-89.57548680084719,213.23085859677533,-1.273681355703864e-05,True
190,215.34514932654236,313.3822929869866,318.3822929869866,311.3822929869866,318.3822929869866,0.006874452280001733,226.7338859465003,0.0027805415042500507,91.70810336819775,1.9999999999999685,0.0013902707521250472,True
191,215.5841549037875,309.4177575010033,315.4177575010033,309.4177575010033,315.4177575010033,0.008340905485028529,275.100595058974,0.0,0.0,nan,0.0,True
192,215.823205188877,324.45320255896286,331.45320255896286,325.45320255896286,330.45320255896286,0.009270154325248803,305.7491750436427,-0.0026487386598994496,-87.3609685185823,218.6351295420878,-1.2114881379982263e-05,True
193,216.06230015743955,318.48862815310054,324.48862815310054,318.48862815310054,322.48862815310054,0.00810555118488878,267.33811553749416,-0.0026850765529653764,-88.55946861231547,-1.999999999999954,0.001342538276482719,True
194,216.30143978510375,315.5240342756706,321.5240342756706,314.5240342756706,320.5240342756706,0.00818099629876752,269.82645397503995,2.5766498120067746e-05,0.8498332678796601,0.01886652970092253,0.0013657253627734106,True
195,216.54062404749823,307.5594209189471,314.5594209189471,308.5594209189471,314.5594209189471,0.009773662116727401,322.35592035459484,-0.0014097762761723052,-46.49738486680616,1.999999999999973,-0.0007048881380861622,True
196,216.77985292025167,325.5947880752235,329.5947880752235,323.5947880752235,331.5947880752235,0.0053028911759141996,174.9004973914998,0.005303286516956335,174.9135365700564,218.39516857755405,2.428298460766128e-05,True
197,217.01912637899272,313.6301357368136,320.6301357368136,313.6301357368136,319.6301357368136,0.009586552869492811,316.18466408659543,-0.0013566196573361212,-44.74416784505638,-2.000000000000078,0.0006783098286680341,True
198,217.25844439934997,325.66546389605014,333.66546389605014,325.66546389605014,331.66546389605014,0.010539552217293975,347.6165857336512,-0.0026110061738549312,-86.11647181705109,-1.9999999999999685,0.0013055030869274862,True
199,217.49780695695213,314.7007725452859,321.7007725452859,314.7007725452859,319.7007725452859,0.009554294790381213,315.1207248326394,-0.0027084181058378504,-89.32932208881675,-2.000000000000041,0.0013542090529188977,True
200,217.73721402742783,320.7360616768933,324.7360616768933,320.7360616768933,323.7360616768933,0.005382727163199757,177.533656063397,-0.0013394402334915593,-44.177554336380155,-2.000000000000057,0.0006697201167457607,True
201,217.97666558640566,334.7713312832643,339.7713312832643,333.7713312832643,338.7713312832643,0.00643847246796806,212.35435533804952,1.914736336640875e-05,0.6315202906164075,0.014846891298700916,0.0012896547149964062,True
202,218.21616160951436,332.8065813568105,336.8065813568105,330.8065813568105,335.8065813568105,0.005188663209951977,171.13301897264134,0.0013263990600305715,43.74742902374777,0.6786158902528571,0.0019545652836634076,True
203,218.45570207238248,323.8418118899633,328.8418118899633,322.8418118899633,326.8418118899633,0.006654111763325287,219.46659256185595,-0.0013062784033249482,-43.083807472990514,-0.6543550385131495,0.001996283861881959,True
204,218.69528695063875,333.8770228751737,339.8770228751737,333.8770228751737,336.8770228751737,0.007735273114715701,255.12556647735408,-0.0038504150458699947,-126.99478159105885,-2.000000000000053,0.0019252075229349464,True
205,218.93491621991174,329.91221430491214,337.91221430491214,329.91221430491214,334.91221430491214,0.010405495552533721,343.1951151495087,-0.003872903612399751,-127.73650178504306,-2.000000000000002,0.0019364518061998734,True
206,219.17458985583013,323.9473861716692,333.9473861716692,325.9473861716692,329.9473861716692,0.01320356845078938,435.4814407421175,-0.007906378908126767,-260.7689951998006,-6.176053425907215,0.0012801668578450453,True
207,219.41430783402257,319.9825384679548,328.9825384679548,320.9825384679548,326.9825384679548,0.012046567945955877,397.32113213599007,-0.004003414191112381,-132.0410149976409,-6.191684350285527,0.0006465791801753857,True
208,219.6540701301177,330.0176711862987,336.0176711862987,327.0176711862987,333.0176711862987,0.007824922247268943,258.082383306916,7.113574906799855e-05,2.3462065280201045,0.018098829773895313,0.003930405996226373,True
209,219.89387671974418,325.05278431924967,332.05278431924967,324.05278431924967,331.05278431924967,0.009253235776256474,305.1911657359389,2.8251749172470558e-05,0.9318020714601971,0.021338062581995117,0.0013240072318613009,True
210,220.13372757853062,330.08787785937693,336.08787785937693,329.08787785937693,335.08787785937693,0.007823272858296612,258.027982991676,2.3559119144141855e-05,0.7770292694542604,0.018040372005638437,0.001305910938908497,True
211,220.3736226821057,327.12295179926923,333.12295179926923,327.12295179926923,332.12295179926923,0.007893539699442943,260.34553111003885,-0.001305666992214652,-43.06364184941762,-1.999999999999897,0.0006528334961073596,True
212,220.61356200609805,338.1580061315344,347.1580061315344,340.1580061315344,345.1580061315344,0.011407511260253484,376.2436993765967,-0.005070256909831671,-167.22773031060152,195.80346305745377,-2.589462326488029e-05,True
213,220.8535455261363,335.1930408488008,343.1930408488008,336.1930408488008,342.1930408488008,0.01024347939688288,337.8514817863545,-0.002561025671004453,-84.46800977654561,193.82431396197086,-1.3213129037603286e-05,True
214,221.0935732178491,345.2280559437156,352.2280559437156,344.2280559437156,352.2280559437156,0.008717863113164267,287.53344998081667,0.0012598185118949702,41.55146259728082,1.999999999999923,0.0006299092559475094,True
215,221.33364505686512,338.263051408946,346.263051408946,337.263051408946,344.263051408946,0.010151589645461546,334.8207646368551,-0.0012299408015367056,-40.56603290822471,-0.6470758315861797,0.0019007676403579262,True
216,221.573761018813,349.2980272371792,355.2980272371792,349.2980272371792,354.2980272371792,0.007396663272537709,243.95750214151022,-0.0012240619622023805,-40.37213642995482,-2.0000000000000515,0.0006120309811011745,True
217,221.81392107932135,350.3329834211213,357.3329834211213,348.3329834211213,354.3329834211213,0.00859207782592517,283.38478681334027,-0.0011750963623619291,-38.757148023995,-0.3822724268766383,0.003073976252912272,True
218,222.05412521401888,348.3679199534986,356.3679199534986,347.3679199534986,352.3679199534986,0.009860446732854963,325.21825941136876,-0.0036537920369105123,-120.50974146392508,-1.1880923869111426,0.003075343363162026,True
219,222.29437339853416,341.40283682705694,349.40283682705694,340.40283682705694,343.40283682705694,0.010059301242112625,331.7768991088375,-0.006248593448535895,-206.09174616105264,-1.420699444773167,0.004398251489099135,True
220,222.53466560849589,349.4377340345618,358.4377340345618,348.4377340345618,354.4377340345618,0.011043922675238876,364.2517835979434,-0.0036291520474342996,-119.69706281898416,-1.1863092037263316,0.0030591957274163613,True
221,222.7750018195327,347.47261156879813,356.47261156879813,345.47261156879813,355.47261156879813,0.011105589460101747,366.2856837831931,0.001286932391297452,42.44573533198189,0.6906036299485073,0.0018634891788700968,True
222,223.0153820072732,355.5074694225707,364.5074694225707,353.5074694225707,362.5074694225707,0.010857702284831716,358.109843696445,6.066266112560864e-05,2.000782073777259,0.025069245981826974,0.002419803976935876,True
223,223.25580614734608,354.54230758870403,364.54230758870403,354.54230758870403,361.54230758870403,0.012079871337572008,398.4195479935398,-0.003588812743163335,-118.36658777294434,-1.9999999999999958,0.0017944063715816712,True
224,223.49627421537997,349.577126060042,360.577126060042,351.577126060042,356.577126060042,0.01345516528371089,443.77963313572474,-0.007322296665565529,-241.50473512870988,-6.186753623959175,0.0011835442480219002,True
225,223.73678618700353,344.6119248294485,352.6119248294485,344.6119248294485,348.6119248294485,0.009966693882968948,328.72251374828,-0.004954756661348388,-163.41828933992477,-2.0000000000000138,0.002477378330674177,True
226,223.97734203784537,351.64670388980653,358.64670388980653,350.64670388980653,355.64670388980653,0.008560292874362866,282.33645230045,-0.002411265681698936,-79.52861054130389,-0.9872432893428621,0.0024424229647627637,True
227,224.21794174353417,348.6814632340195,355.6814632340195,347.6814632340195,355.6814632340195,0.0086323721732306,284.71377908415946,0.0012473230952686157,41.13933749220797,1.9999999999998748,0.0006236615476343469,True
228,224.45858527969855,347.7162028550099,356.7162028550099,347.7162028550099,354.7162028550099,0.0110979080436046,366.032334521167,-0.0024418096364535267,-80.53601437096302,-2.000000000000022,0.00122090481822675,True
229,224.69927262196717,353.75092274571966,359.75092274571966,351.75092274571966,358.75092274571966,0.007304335182499941,240.91232766307513,0.0012534462228789445,41.341291111302155,0.682848895508563,0.0018356128729554726,True
230,224.94000374596868,355.7856228991111,363.7856228991111,356.7856228991111,362.7856228991111,0.00965713689693739,318.51267367578413,-0.0024144147905833567,-79.63247477158023,205.59151978080425,-1.1743746985077674e-05,True
231,225.18077862733173,347.82030330816565,356.82030330816565,347.82030330816565,354.82030330816565,0.011094628576230909,365.9241707939077,-0.0024410952454364896,-80.51245225360725,-2.0000000000000115,0.0012205476227182376,True
232,225.42159724168494,352.8549639658845,359.8549639658845,351.8549639658845,357.8549639658845,0.008531266404926028,281.3790983262481,-0.0011879029489490463,-39.17953616843738,-0.6503709897708251,0.001826500516832146,True
233,225.66245956465696,352.88960486528845,358.88960486528845,351.88960486528845,357.88960486528845,0.007322013844936783,241.49540710989916,2.063278859425373e-05,0.6805127369196953,0.016882902133277065,0.0012221114848249607,True
234,225.90336557187644,359.924225999418,366.924225999418,358.924225999418,362.924225999418,0.008365307396748133,275.90542139907456,-0.0035521206290355743,-117.15640472403715,-1.1902424894964032,0.0029843671859996292,True
235,226.144315238972,358.9588273613333,365.9588273613333,358.9588273613333,362.9588273613333,0.008387589535149157,276.64033315947154,-0.003574864166946936,-117.90653441012361,-2.0000000000000053,0.0017874320834734632,True
236,226.38530854157236,372.993408944114,381.993408944114,371.993408944114,379.993408944114,0.010354711910838617,341.5201639017501,-0.0011138931776585904,-36.73853834647082,-0.6465375771513143,0.0017228591454289087,True
237,226.6263454553061,364.0279707408597,373.0279707408597,364.0279707408597,372.0279707408597,0.010606642989591958,349.82938042545896,-0.0011658043873228226,-38.450679155942225,-2.000000000000132,0.0005829021936613728,True
238,226.86742595580188,372.06251274468923,379.06251274468923,369.06251274468923,376.06251274468923,0.008094922376121838,266.9875550831403,6.518688684138685e-05,2.1500005475779744,0.01871365028710275,0.0034833870378732554,True
239,227.10855001868836,368.09703494874157,375.09703494874157,366.09703494874157,373.09703494874157,0.008181311987813295,269.8368660633321,4.4274163754159934e-05,1.46025498267187,0.018888532075327723,0.0023439705943052625,True
240,227.34971761959417,372.1315373461746,381.1315373461746,370.1315373461746,378.1315373461746,0.010378409556122922,342.30176205448186,-0.0010916002441762745,-36.00327054160198,-0.3782154670916083,0.0028861861535447886,True
241,227.59092873414795,372.1660199301666,379.1660199301666,371.1660199301666,377.1660199301666,0.008092691854635809,266.9139877960874,-0.0011283428957493116,-37.215120421681604,-0.6512126931954577,0.0017326795185956948,True
242,227.83218333797836,370.20048269391486,378.20048269391486,369.20048269391486,374.20048269391486,0.009285098114044163,306.2420526092042,-0.0034430148907531087,-113.55786814072133,-1.1887927749183007,0.002896227974627225,True
243,228.07348140671402,369.2349256306368,375.2349256306368,368.2349256306368,375.2349256306368,0.007000480430037818,230.89055923950673,0.0011777966172860695,38.84620810719281,1.9999999999999367,0.0005888983086430534,True
244,228.31482291598363,368.26934873356913,373.26934873356913,365.26934873356913,372.26934873356913,0.0058567552202732675,193.1680977687541,0.002387293996948395,78.73797399095858,1.0121242818739116,0.002358696495778568,True
245,228.55620784141576,369.3037519959687,375.3037519959687,367.3037519959687,374.3037519959687,0.0069991862220679015,230.847873540299,0.0011996295811725795,39.56630514795907,0.6821734206587986,0.001758540489622207,True
246,228.7976361586391,368.3381354111109,375.3381354111109,367.3381354111109,375.3381354111109,0.008176006898123601,269.66189305433494,0.001180668091678716,38.94091536835674,2.000000000000046,0.0005903340458393443,True
247,229.0391078432823,368.3724989722921,375.3724989722921,366.3724989722921,373.3724989722921,0.008175251334568989,269.6369729801474,4.420841293877563e-05,1.458086382575516,0.018874502559695534,0.0023422293010878035,True
248,229.280622870974,367.40684267282745,373.40684267282745,366.40684267282745,371.40684267282745,0.007035031674248842,232.03013189855938,-0.0011487064542395455,-37.88675338386264,-0.6534099036915166,0.0017580181257581074,True
249,229.52218121734282,366.441166506052,374.441166506052,367.441166506052,373.441166506052,0.009379332563852134,309.35010283993273,-0.002344952760493027,-77.34147101351661,211.68040945833908,-1.1077797735243602e-05,True
250,229.76378285801744,370.4754704653201,377.4754704653201,369.4754704653201,374.4754704653201,0.008129276855801913,268.12063803437314,-0.002291512599675502,-75.57890218123134,-0.9878896959327638,0.002319603705869064,True
251,230.00542776862648,372.5097545440062,378.5097545440062,372.5097545440062,377.5097545440062,0.006939426475291154,228.87687147962757,-0.0011488982227592578,-37.89307831273052,-1.9999999999999585,0.0005744491113796409,True
252,230.2471159247986,386.5440187355041,392.5440187355041,384.5440187355041,390.5440187355041,0.006689406804143783,220.63069719644594,3.4523424672424675e-05,1.1386551121943569,0.01544233396567565,0.0022356351539321324,True
253,230.48884730216244,378.57826303322736,387.57826303322736,377.57826303322736,385.57826303322736,0.010203737760903935,336.5407190968541,-0.0010981794409461957,-36.22026628021388,-0.6468326849623331,0.0016977797604803254,True
254,230.73062187634665,374.61248743060924,382.61248743060924,374.61248743060924,381.61248743060924,0.009176889946551624,302.6731197971887,-0.0011365625151165196,-37.48622074563764,-1.9999999999998332,0.0005682812575583072,True
255,230.97243962297986,363.64669192110205,375.64669192110205,364.64669192110205,372.64669192110205,0.014099927473834145,465.04524542360076,-0.004674935224822933,-154.1891901927658,-4.083516341548062,0.001144830786461519,True
256,231.21430051769073,378.6808764981786,386.6808764981786,376.6808764981786,385.6808764981786,0.009079320678532472,299.4550802522357,0.0011752124669395115,38.760977397009526,0.6863776496355197,0.0017121951269298656,True
257,231.4562045361079,383.7150411553305,390.7150411553305,381.7150411553305,388.7150411553305,0.007851307018303048,258.952608515079,4.076548000647891e-05,1.344531217597023,0.018124698788774065,0.0022491673092922193,True
258,231.69815165386,384.7491858860694,390.7491858860694,382.7491858860694,388.7491858860694,0.006720372298261497,221.65200428035533,3.4844623593575236e-05,1.1492489277578102,0.015513999675199187,0.002246011623248784,True
259,231.9401418465757,372.78331068392686,381.78331068392686,372.78331068392686,378.78331068392686,0.010360478699859038,341.7103647251433,-0.0034261040812029967,-113.00011409608965,-1.9999999999999734,0.0017130520406015211,True
260,232.18217508988363,378.8174155424533,386.8174155424533,377.8174155424533,381.8174155424533,0.009076082131973789,299.34826617946874,-0.00450232139157005,-148.4960231465124,-1.3245532101721458,0.0033991245931032886,True
261,232.42425135941244,376.85150045521914,386.85150045521914,376.85150045521914,382.85150045521914,0.011374036887148291,375.13964419014314,-0.004513932164402058,-148.87897083977103,-2.000000000000034,0.0022569660822009904,True
262,232.6663706307908,383.8855654158149,392.8855654158149,383.8855654158149,389.8855654158149,0.010064290759423188,331.94146387745366,-0.003328916393351344,-109.79465986712304,-1.9999999999999607,0.0016644581966757048,True
263,232.9085328796473,386.91961041784975,392.91961041784975,387.91961041784975,391.91961041784975,0.0066829629508623305,220.41816537056897,-0.0022277031585785723,-73.47433268962706,311.9353463683549,-7.1415541217568395e-06,True
264,233.15073808161063,379.9536354549532,388.9536354549532,380.9536354549532,385.9536354549532,0.010167230826153891,335.3366436530616,-0.004504217161200731,-148.5585496137444,-4.0556960123458765,0.0011105904257837666,True
265,233.3929862123094,378.987640520774,386.987640520774,377.987640520774,385.987640520774,0.009072047828752736,299.2152063793365,2.3751318758816892e-05,0.7833684167401316,0.020915732346346885,0.0011355719400839084,True
266,233.6352772473723,388.0216256089807,396.0216256089807,385.0216256089807,392.0216256089807,0.008862971350543973,292.31942465979716,-0.0010380694304168332,-34.23771178474448,-0.2668667207028183,0.0038898421941970917,True
267,233.87761116242797,385.0555907132616,393.0555907132616,386.0555907132616,390.0555907132616,0.00893054454215243,294.5481305544853,-0.00445388359251959,-146.89844272001713,-4.047038581370758,0.0011005290666171587,True
268,234.119987933105,386.0895358273242,395.0895358273242,385.0895358273242,392.0895358273242,0.01000749618191182,330.0682593317907,-0.0021839618218776474,-72.03165146314649,-0.9845229495190454,0.0022182944774873418,True
269,234.36240753503208,384.12346094489567,390.12346094489567,379.12346094489567,388.12346094489567,0.006731235170741109,222.0102846479431,0.0034579999128703676,114.05210566790939,0.8729737295351712,0.003961172937828994,True
270,234.60486994383785,392.15736605972324,400.15736605972324,389.15736605972324,398.15736605972324,0.00877043879421163,289.2675064531891,0.0011590606642484895,38.22825699398487,0.4206213913693752,0.0027555913418360655,True
271,234.84737513515094,393.1912511655735,399.1912511655735,390.1912511655735,397.1912511655735,0.006577168696930348,216.92884850170518,0.0011449776791406787,37.7637705434048,0.4157765232258114,0.0027538295579013074,True
272,235.08992308460003,389.22511625623224,395.22511625623224,387.22511625623224,393.22511625623224,0.0066436788454131215,219.12249299964537,3.405183157268073e-05,1.1231009804998848,0.015336505470638471,0.0022203122893851204,True
273,235.33251376781374,386.2589613255052,393.2589613255052,384.2589613255052,392.2589613255052,0.007800059509950244,257.2623579699251,0.0011488100108333473,37.890168897997,0.6837508470611315,0.0016801588118992659,True
274,235.57514716042067,389.292786367218,395.292786367218,385.292786367218,394.292786367218,0.006642532772808622,219.08469311616213,0.0033854208810594737,111.65829664132107,1.2122099333824259,0.0027927678101210933,True
275,235.81782323804956,386.32659137521546,391.32659137521546,382.32659137521546,391.32659137521546,0.005584757784452615,184.19705061049456,0.0045200973551051404,149.0823117880787,1.99999999999998,0.0022600486775525928,True
276,236.06054197632898,391.3603763433621,397.3603763433621,386.3603763433621,395.3603763433621,0.006607705324904962,217.9360106787601,0.00339285570773606,111.90351285274562,0.872682930403942,0.0038878447022741656,True
277,236.30330335088763,391.39414126554175,399.39414126554175,388.39414126554175,396.39414126554175,0.008787369426097747,289.8259142801277,6.718736343323643e-05,2.2159804704780868,0.02031022174246297,0.0033080566172631453,True
278,236.5461073373541,396.42788613565835,405.42788613565835,396.42788613565835,403.42788613565835,0.00974942032849642,321.55637522372064,-0.0021477023809255685,-70.83573888503051,-1.9999999999999818,0.001073851190462794,True
279,236.7889539113571,392.46161094763534,402.46161094763534,393.46161094763534,398.46161094763534,0.01092727904939295,360.404631638525,-0.00544315835630783,-179.5268038354218,-3.367466683701905,0.00161639560760972,True
280,237.03184304852522,400.49531569541546,407.49531569541546,400.49531569541546,405.49531569541546,0.007525179913161451,248.19625108477928,-0.0021367791521042087,-70.4754678384258,-2.0000000000000835,0.0010683895760520597,True
281,237.2747747244871,393.52900037296104,400.52900037296104,392.52900037296104,398.52900037296104,0.007657224345151431,252.55135400254647,-0.0010690427968221648,-35.25927851324667,-0.6520480074906286,0.0016395154720835938,True
282,237.51774891487142,401.5626649742544,408.5626649742544,401.5626649742544,407.5626649742544,0.007505349905647451,247.5422157552917,-0.001064284328182041,-35.10233421543421,-2.0000000000000733,0.000532142164091001,True
283,237.76076559530682,399.596309493297,405.596309493297,397.596309493297,404.596309493297,0.0064725261051282856,213.4775158706219,0.0011070463472963215,36.51271548943106,0.6810074935083112,0.001625600830900124,True
284,238.00382474142194,399.62993392411045,404.62993392411045,398.62993392411045,403.62993392411045,0.005399996873225686,178.10324740011177,1.3462312535576088e-05,0.4440153645253986,0.012449284139550718,0.0010813724214717721,True
285,238.2469263288454,393.6635382607351,399.6635382607351,392.6635382607351,398.6635382607351,0.006569337297949452,216.67055250210947,1.6603978222702077e-05,0.5476341025097042,0.015145276615666354,0.0010963139626995544,True
286,238.4900703332059,394.6971224972315,402.6971224972315,393.6971224972315,399.6971224972315,0.008714566111015625,287.42470791982214,-0.002145784992018708,-70.77249936862734,-0.9867437733729642,0.002174612143417758,True
287,238.73325673013204,399.7306866276797,407.7306866276797,400.7306866276797,405.7306866276797,0.008605908984446733,283.8409674937792,-0.0032206535827680694,-106.22392481111805,-6.132057413563306,0.0005252158232642125,True
288,238.97648549525246,396.7642306461794,403.7642306461794,394.7642306461794,401.7642306461794,0.007595329851156673,250.50994349149408,3.8144123326195115e-05,1.2580733643217172,0.017532322555764375,0.002175645765406813,True
289,239.21975660419585,396.79775454684955,402.79775454684955,393.79775454684955,401.79775454684955,0.0065178350078499425,214.9718987194109,0.002216434907751086,73.10268209204156,1.013110236723396,0.0021877529487013044,True
290,239.46307003259082,401.83125832382893,408.83125832382893,399.83125832382893,407.83125832382893,0.007500376227268267,247.3781733879251,0.001103389368155054,36.39210063056632,0.6830952465703992,0.0016152789434486859,True
291,239.70642575606604,396.86474197127586,403.86474197127586,394.86474197127586,400.86474197127586,0.007593422951046817,250.4470499176631,-0.0010439200618166259,-34.43067790604181,-0.3843423072151156,0.002716120609726022,True
292,239.94982375025012,401.8982054833682,409.8982054833682,399.8982054833682,405.8982054833682,0.008559949971146327,282.32514263160334,-0.00209227397928834,-69.00759369132942,-0.6512410849476187,0.003212748746428718,True
293,240.1932639907717,406.9316488543034,413.9316488543034,402.9316488543034,410.9316488543034,0.00740716530073364,244.3038811061457,0.00113104442440508,37.304222515225945,0.3036715563972627,0.003724564914224134,True
294,240.4367464532595,406.9650720782986,413.9650720782986,404.9650720782986,410.9650720782986,0.00740656212311049,244.2839870402853,-0.0010192166363543797,-33.61590700894229,-0.3847293327443468,0.002649178395325658,True
295,240.6802711133421,414.9984751495899,419.9984751495899,409.9984751495899,417.9984751495899,0.005201212682839819,171.54692696684154,0.0031912432855913603,105.25391139126853,0.8698714484563387,0.003668637809936738,True
296,240.92383794664812,421.03185806243414,429.03185806243414,419.03185806243414,426.03185806243414,0.00817458354488455,269.61494787269436,-0.00097954996542192,-32.30761682424773,-0.38298213795242314,0.002557690994830696,True
297,241.16744692880627,418.0652208111064,426.0652208111064,415.0652208111064,422.0652208111064,0.00823204497505575,271.5101466207692,-0.0009688227095503129,-31.953809377451165,-0.2682154228033378,0.0036121066395972228,True
298,241.4110980354452,411.09856338990244,420.09856338990244,409.09856338990244,418.09856338990244,0.009405237271393488,310.2044945450356,4.548360964317516e-05,1.5001450502858233,0.021707829463612407,0.002095262896708155,True
299,241.65479124219348,416.1318857931369,424.1318857931369,416.1318857931369,422.1318857931369,0.00826992893721795,272.7596393230567,-0.002052765603568654,-67.7045244154807,-1.9999999999999944,0.0010263828017843298,True
300,241.89852652467982,428.16518801514417,437.16518801514417,427.16518801514417,434.16518801514417,0.009034217200946833,297.9674727562258,-0.0019750715116998623,-65.14200995658459,-0.9860382846323816,0.0020030373490378373,True
301,242.14230385853284,416.19847005027805,426.19847005027805,417.19847005027805,422.19847005027805,0.010311406960828698,340.09187562560174,-0.005137458882431866,-169.44419262211366,-3.365511327165091,0.0015265017356989137,True
302,242.3861232193812,418.2317318929124,426.2317318929124,416.2317318929124,424.2317318929124,0.008228798395878081,271.40306761534396,3.9165506403041755e-05,1.2917607250918195,0.018991992898234344,0.0020622115126571533,True
303,242.62998458285352,407.26497353744026,416.26497353744026,405.26497353744026,414.26497353744026,0.009492808294631203,313.09277096129046,4.633665817944076e-05,1.5282803840769361,0.02191042602090865,0.002114822328658634,True
304,242.87388792457847,408.29819497827384,418.29819497827384,407.29819497827384,415.29819497827384,0.010508530556440108,346.59342615272385,-0.0020609724574625777,-67.9752037072953,-0.9835414136858138,0.002095460779571141,True
305,243.1178332201847,416.33139620984593,425.33139620984593,414.33139620984593,421.33139620984593,0.009288278768824937,306.3469572894501,-0.0020122997302481427,-66.369874856145,-0.6496592869277376,0.003097469351611029,True
306,243.3618204453008,420.3645772266077,427.3645772266077,416.3645772266077,423.3645772266077,0.0071724098542404425,236.5611530366893,6.833384825040423e-05,2.253793949601544,0.01659325118511111,0.004118171146093372,True
307,243.6058495755555,425.3977380230308,431.3977380230308,421.3977380230308,425.3977380230308,0.006082687317809665,200.61981324338072,-0.0019797111030680787,-65.29503343209547,-0.3887250146721097,0.005092831766275625,True
308,243.84992058657738,433.4308785936057,441.4308785936057,430.4308785936057,434.4308785936057,0.007942861078110238,261.97225384953714,-0.003925594041233951,-129.4743428806194,-0.788394479225624,0.004979225685458559,True
309,244.0940334539951,423.4639989328432,433.4639989328432,419.4639989328432,426.4639989328432,0.010136538859263581,334.3243580720525,-0.0029488567567581316,-97.25949418608761,-0.5269363107719325,0.00559622993609649,True
310,244.33818815343733,439.49709903527287,444.49709903527287,435.49709903527287,443.49709903527287,0.004912918141930964,162.03836702707997,0.0029925988661880544,98.70220089879473,1.2094010950827883,0.0024744469625134573,True
311,244.58238466053268,429.5301788954446,436.5301788954446,425.5301788954446,434.5301788954446,0.007020590537383272,231.55383285019138,0.002068987841892935,68.23956793374236,0.6830996258993108,0.003028822976105545,True
312,244.8266229509098,425.5632385079268,433.5632385079268,424.5632385079268,432.5632385079268,0.008088346414823304,266.7706660571756,1.8874263860761686e-05,0.6225128948788097,0.018645287046941093,0.0010122806805411,True
313,245.07090300019738,425.59627786730834,433.59627786730834,423.59627786730834,432.59627786730834,0.008087724320906502,266.7501480921894,0.0010429187393109999,34.39765218507688,0.684228228260091,0.0015242264148660092,True
314,245.315224784024,430.6292969681974,438.6292969681974,426.6292969681974,434.6292969681974,0.007994062933109879,263.66099865114256,7.425895756612254e-05,2.44921650911499,0.018491845206609427,0.004015767855312817,True
315,245.55958827801834,430.6622958052212,437.6622958052212,426.6622958052212,433.6622958052212,0.007002282927153891,230.9500093831529,6.511580055242484e-05,2.1476559723482183,0.016197849798810043,0.004020027433345412,True
316,245.80399345780904,426.69527437302736,432.69527437302736,422.69527437302736,430.69527437302736,0.006064319033945372,200.01398863232993,0.0020783950840369833,68.54983855320171,0.681163408443109,0.0030512430031839734,True
317,246.04844029902478,423.72823266628234,430.72823266628234,420.72823266628234,428.72823266628234,0.007115937464611222,234.69857492460227,0.0010644901888020135,35.10912393138949,0.4168748629204027,0.002553500542932149,True
318,246.29292877729415,420.761170679672,429.761170679672,418.761170679672,426.761170679672,0.009191519245778063,303.1556248357259,-0.0009730266810287422,-32.092465193345845,-0.3807186850407968,0.0025557628749544436,True
319,246.53745886824584,417.79408840790256,423.79408840790256,415.79408840790256,422.79408840790256,0.006192603729981713,204.24508755557065,0.0010579921388055762,34.89480458393362,0.6803877373890046,0.0015549841372297988,True
320,246.78203054750844,424.826985845699,429.826985845699,420.826985845699,429.826985845699,0.005081582150766358,167.6012605617128,0.004108514691690663,135.50745042266507,2.000000000000023,0.0020542573458453076,True
321,247.02664379071064,430.8598629878063,437.8598629878063,427.8598629878063,435.8598629878063,0.00699909782344849,230.84495796802133,0.0010462324157558779,34.50694419940976,0.416597441314244,0.0025113750397873745,True
322,247.27129857348106,428.8927198289887,434.8927198289887,424.8927198289887,432.8927198289887,0.006033463130491287,198.99629607886106,0.0020675291077905424,68.19145581685996,0.6810895671128099,0.003035619994232116,True
323,247.51599487144836,433.9255563640297,440.9255563640297,429.9255563640297,438.9255563640297,0.006950042603373112,229.22701369833646,0.002047563744863026,67.53295618132432,0.6829343897311133,0.0029981851487508164,True
324,247.7607326602412,433.95837258773304,442.95837258773304,431.95837258773304,439.95837258773304,0.008914843068383534,294.0302629458811,-0.0009451524424862467,-31.1731142159706,-0.3813017693804573,0.002478751787650866,True
325,248.00551191548817,425.9911684949211,433.9911684949211,423.9911684949211,429.9911684949211,0.008080296375595451,266.50515884266446,-0.00197757116386475,-65.22445373912535,-0.6521105192658735,0.0030325705619517382,True
326,248.250332612818,434.0239440804369,442.0239440804369,432.0239440804369,437.0239440804369,0.00793210618920858,261.6175350073263,-0.0029346914333347436,-96.79229204478867,-0.8449489383501162,0.0034732174929589816,True
327,248.49519472785926,442.0566993391417,452.0566993391417,440.0566993391417,448.0566993391417,0.009714933076979881,320.41891317824155,-0.001890594796586641,-62.35579032635525,-0.6486553063270089,0.002914637062467086,True
328,248.7400982362406,445.08943426591713,454.08943426591713,443.08943426591713,449.08943426591713,0.00869411194631424,286.7500865743477,-0.002852668558344291,-94.08700521965639,-0.8434295485321911,0.0033822250635026376,True
329,248.98504311359073,436.12214885566436,445.12214885566436,435.12214885566436,440.12214885566436,0.008871061631954988,292.5862591460959,-0.003909027517505595,-128.92794410606064,-1.3244356955847123,0.002951466447587579,True
330,249.23002933553826,441.15484310330316,450.15484310330316,439.15484310330316,447.15484310330316,0.008770875593775162,289.281913020925,-0.0009306132830228329,-30.693582176287066,-0.3816051092637528,0.0024386814024013074,True
331,249.47505687771184,440.1875170037738,449.1875170037738,438.1875170037738,445.1875170037738,0.008789956128287018,289.9112291554474,-0.001906979160594173,-62.89618109043056,-0.6505772873427731,0.0029312107841684195,True
332,249.72012571574004,447.2201705520358,455.2201705520358,444.2201705520358,451.2201705520358,0.007700114262873167,253.96595364145358,-0.0009098834376900754,-30.00986830412316,-0.2693516708947837,0.00337805009587448,True
333,249.96523582525163,444.2528037430677,451.2528037430677,439.2528037430677,447.2528037430677,0.006789735918339461,223.93976226935823,0.0010487935690437428,34.5914164182586,0.2388377699492918,0.004391238325774079,True
334,250.21038718187515,442.28541657186815,449.28541657186815,437.28541657186815,446.28541657186815,0.006819702325094742,224.92811735202335,0.002027999245600812,66.88767787206572,0.5168686252685156,0.003923626133327898,True
335,250.4555797612393,436.31800903345516,444.31800903345516,433.31800903345516,443.31800903345516,0.00789077748981047,260.25442763033453,0.002017857610139293,66.5531854173384,1.015289064046893,0.0019874710381457376,True
336,250.70081353897274,438.3505811228656,446.3505811228656,435.3505811228656,443.3505811228656,0.007854517900344872,259.05851015393046,5.363564428780693e-05,1.769016288031537,0.01814687808700904,0.002955640305216109,True
337,250.94608849070406,442.38313283515686,450.38313283515686,439.38313283515686,446.38313283515686,0.0077835576630867825,256.7180923743182,-0.0009191628872614009,-30.31592405592059,-0.26917347941642217,0.003414760210605366,True
338,251.19140459206193,435.4156641654049,443.4156641654049,433.4156641654049,440.4156641654049,0.007906982181905883,260.7888924370869,-0.0009488283471901122,-31.294353279670304,-0.38354168200283784,0.0024738597959819445,True
339,251.43676181867502,439.448175108706,448.448175108706,439.448175108706,445.448175108706,0.00880459573714244,290.3940742272189,-0.002915076981897141,-96.14536620778881,-1.9999999999999705,0.0014575384909485919,True
340,251.68216014617195,440.4806656601752,449.4806656601752,440.4806656601752,446.4806656601752,0.008784165001205019,289.72022561162595,-0.0029083583616670815,-95.92377199040041,-2.000000000000015,0.00145417918083353,True
341,251.92759955018136,435.5131358149472,445.5131358149472,434.5131358149472,440.5131358149472,0.009859254998623224,325.17895351144074,-0.003903301866671975,-128.73910010653861,-1.3231534689710558,0.002949999344903929,True
342,252.17308000633193,438.54558556817665,448.54558556817665,438.54558556817665,444.54558556817665,0.009791843128880134,322.9555683509628,-0.0038902848886173402,-128.3097728092653,-2.000000000000008,0.0019451424443086623,True
343,252.41860149025226,437.5780149150369,446.5780149150369,436.5780149150369,444.5780149150369,0.008841845134416155,291.6226376456607,-0.0009557246208314173,-31.521806879979977,-0.6494926006750846,0.0014714942400237264,True
344,252.664163977571,436.61042385072165,446.61042385072165,433.61042385072165,442.61042385072165,0.009834755195671787,324.3708985127519,-0.0009128314318265045,-30.107099347277597,-0.2645273415578245,0.003450801820525474,True
345,252.90976744391685,433.64281237044315,442.64281237044315,430.64281237044315,439.64281237044315,0.00892126418842936,294.24204498186293,6.151013786837543e-05,2.0287336381071555,0.02061197519134018,0.0029841942510302464,True
346,253.1554118649184,440.67518046943405,447.67518046943405,436.67518046943405,446.67518046943405,0.006844426319451002,225.7435666544822,0.002988886821194757,98.57976985238435,1.2122157989495705,0.002465639223465605,True
347,253.40109721620428,441.70752814294565,448.70752814294565,438.70752814294565,447.70752814294565,0.006828554801963276,225.2200906466076,0.0019907553624774303,65.65929632189224,1.0134492261815624,0.0019643365558412104,True
348,253.64682347340317,442.73985538624925,452.73985538624925,440.73985538624925,447.73985538624925,0.009700108916367668,319.92998120161263,-0.0028566790879292836,-94.2192809153004,-0.8415279623446482,0.0033946335900355137,True
349,253.89259061214375,432.77216219463526,441.77216219463526,431.77216219463526,438.77216219463526,0.00893902852106817,294.8279500120223,-0.001954600937267849,-64.46684738370158,-0.9861863702893119,0.001981979264927824,True
350,254.13839860805462,445.80444856341387,455.80444856341387,444.80444856341387,450.80444856341387,0.009634161620958221,317.7549007811196,-0.0038150906308074516,-125.82970813215692,-1.323387904462128,0.0028828211425719814,True
351,254.38424743676438,442.8367144879146,450.8367144879146,440.8367144879146,446.8367144879146,0.0077756561913553575,256.4574852281206,-0.0019045633074549102,-62.81650117589618,-0.6526624059542832,0.0029181446488712247,True
352,254.63013707390178,444.86895996348653,451.86895996348653,442.86895996348653,448.86895996348653,0.006780404968900159,223.63200794366486,-0.0009360730034920573,-30.87365523341913,-0.38602559549415966,0.0024248988005413736,True
353,254.87606749509538,437.9011849854978,447.9011849854978,436.9011849854978,442.9011849854978,0.009806091013991474,323.42549355027074,-0.0038824713961119663,-128.0520674028707,-1.3232088480042175,0.002934133490694125,True
354,255.12203867597387,443.9333895493364,454.9333895493364,441.9333895493364,448.9333895493364,0.01063000193716776,350.59980761583887,-0.0038049097640257866,-125.493921746029,-0.984847549103445,0.0038634505081416737,True
355,255.3680505921659,440.9655736504096,451.9655736504096,440.9655736504096,447.9655736504096,0.010700670477459305,352.93060461636225,-0.0038607161734937074,-127.3345344325397,-2.0000000000000044,0.0019303580867468494,True
356,255.61410321930006,438.9977372841445,446.9977372841445,435.9977372841445,444.9977372841445,0.007843042951987268,258.68004223733385,0.0010305243443729378,33.988858987626486,0.4184387502679423,0.0024627842036930225,True
357,255.86019653300502,438.0298804459867,446.0298804459867,434.0298804459867,444.0298804459867,0.007860216806215061,259.2464720483421,0.00203235040207775,67.03118815858659,0.6847696958941938,0.0029679327433201363,True
358,256.1063305089095,449.06200313140243,458.06200313140243,444.06200313140243,454.06200313140243,0.008617958664274662,284.23839126232366,0.001053588408318042,34.74956029603538,0.24299178138857125,0.004335901413197327,True
359,256.352505122642,438.0941053358765,447.0941053358765,436.0941053358765,444.0941053358765,0.008831534318678055,291.2825652698034,-0.000936742070390132,-30.89572246606258,-0.3814773066635932,0.002455564339024236,True
360,256.5987203498313,447.12618705491354,454.12618705491354,444.12618705491354,448.12618705491354,0.006746439941280686,222.51176993999934,-0.0028524977879779622,-94.08137285402421,-0.6557505727260492,0.0043499737653597765,True
361,256.844976166106,445.1582482840374,453.1582482840374,442.1582482840374,448.1582482840374,0.007735464553608422,255.13188053443088,-0.001881801612823658,-62.06577264302314,-0.48530128141123036,0.003877594568370969,True
362,257.0912725470947,440.19028901879165,446.19028901879165,436.19028901879165,442.19028901879165,0.0058796565639252065,193.9234322198646,5.355162703902204e-05,1.7662452225666243,0.013599760361675239,0.003937689019133972,True
363,257.33760946842614,442.222309254739,448.222309254739,439.222309254739,444.222309254739,0.0058528206589084615,193.0383276646932,-0.0009368461883959758,-30.899156496746116,-0.2735572732157307,0.0034246802411177974,True
364,257.58398690572886,446.25430898746185,454.25430898746185,444.25430898746185,449.25430898746185,0.007716633006130972,254.5107765156614,-0.0028560305848585694,-94.19789192090755,-0.8452823000372713,0.0033787890563101077,True
365,257.83040483463157,440.28628821256166,449.28628821256166,439.28628821256166,444.28628821256166,0.008788004058559677,289.84684579268753,-0.003872741528745268,-127.73115592542646,-1.3245196677964601,0.0029238837466174904,True
366,258.0768632307629,450.31824692565965,461.31824692565965,450.31824692565965,457.31824692565965,0.010481088017865061,345.68831354768656,-0.003782102971490446,-124.7417057894856,-2.000000000000002,0.001891051485745221,True
367,258.32336206975145,435.3501851223966,443.3501851223966,433.3501851223966,440.3501851223966,0.007908160672900011,260.8277615472019,-0.0009489638427438267,-31.298822207836594,-0.3835392181874289,0.0024742289647158968,True
368,258.569901327226,434.382102798432,442.382102798432,433.382102798432,440.382102798432,0.007925625288813116,261.4037812897581,-0.0009669369045130329,-31.89161156345466,-0.6513906691945371,0.0014844193358014746,True
369,258.81648097881504,440.4139999494457,450.4139999494457,440.4139999494457,444.4139999494457,0.009750765028786178,321.6007262657691,-0.005824149320905393,-192.09268667164537,-1.9999999999999878,0.0029120746604527144,True
370,259.06310100014724,441.44587657113607,450.44587657113607,439.44587657113607,445.44587657113607,0.00876515115090269,289.0931088625006,-0.0028756017982537983,-94.84339167638583,-0.8433167122083081,0.0034098717084874923,True
371,259.3097613668514,438.4777326592214,447.4777326592214,436.4777326592214,443.4777326592214,0.008823885511910825,291.03029154521397,-0.0019141596864120525,-63.13300992500737,-0.6505148032565884,0.0029425305570748607,True
372,259.55646205455594,442.5095682094395,452.5095682094395,441.5095682094395,449.5095682094395,0.00970510098074538,320.0946299778572,-0.0019062803329640606,-62.87313228628898,-0.9848086498509515,0.0019356860170273399,True
373,259.8032030388896,444.54138321754704,452.54138321754704,441.54138321754704,449.54138321754704,0.00774610346200493,255.48277409579669,5.216026135712419e-05,1.7203550577971214,0.017895569296178332,0.0029147025441802073,True
374,260.0499842954811,446.5731776793209,452.5731776793209,444.5731776793209,451.5731776793209,0.005796176682945041,191.17009027463843,0.0009887043521980294,32.609547742183196,0.6795099653118006,0.0014550255370344002,True
375,260.29680579995903,446.6049515905563,455.6049515905563,445.6049515905563,452.6049515905563,0.008664901553285502,285.7866664134867,-0.0018956087386887525,-62.52116067593633,-0.986612714768083,0.0019213301332066672,True
376,260.543667527952,455.6367049470689,464.6367049470689,453.6367049470689,461.6367049470689,0.008494812331611593,280.17676636371414,-0.0009026670798997398,-29.771857655777723,-0.38218664896149684,0.002361848804380078,True
377,260.7905694550887,450.66843774469294,457.66843774469294,449.66843774469294,455.66843774469294,0.006693819526742901,220.77623806308523,-0.0009372771542068585,-30.913370655057406,-0.6538945025555004,0.0014333767152711389,True
378,261.03751155699774,449.70014997928274,457.70014997928274,447.70014997928274,452.70014997928274,0.00765802232771949,252.57767314496016,-0.0028346238228086134,-93.49185191256561,-0.8453729569255864,0.0033531044488546726,True
379,261.28449380930783,441.7318416467115,450.7318416467115,438.7318416467115,446.7318416467115,0.008759533673881291,288.90783266268147,-0.0009117800953496163,-30.072424060413653,-0.2669582472398212,0.0034154408218395335,True
380,261.5315161876475,444.7635127428721,450.7635127428721,441.7635127428721,448.7635127428721,0.005819603002178585,191.94273952390247,0.0010080931853980448,33.249032215469384,0.4139567033294844,0.0024352623771758657,True
381,261.7785786676455,453.7951632636764,458.7951632636764,450.7951632636764,456.7951632636764,0.004758968125928994,156.9607719041644,0.0009832809421874474,32.43067228029983,0.41159122409561544,0.0023889745082587683,True
382,262.02568122493045,449.82679320505645,456.82679320505645,446.82679320505645,454.82679320505645,0.00670624773620994,221.18614653477775,0.0010005857578127024,33.00142147347057,0.4159021543791547,0.002405820088396379,True
383,262.27282383513096,448.8584025629625,456.8584025629625,445.8584025629625,452.8584025629625,0.007672257363349759,253.0471745413735,-0.000906782777698404,-29.907602020166877,-0.2694111544817247,0.0033657952264181954,True
384,262.5200064738757,451.8899913333653,459.8899913333653,449.8899913333653,456.8899913333653,0.007621235565321164,251.36436839714378,-0.0009159226515660828,-30.20905427187691,-0.38413898402166974,0.0023843522518256425,True
385,262.7672291167934,449.92155951225436,457.92155951225436,446.92155951225436,452.92155951225436,0.007654286777125491,252.45446683443112,-0.001862598304383017,-61.432407166264824,-0.48545644706823854,0.003836797957121784,True
386,263.0144917395125,444.95310709563887,452.95310709563887,441.95310709563887,448.95310709563887,0.00773899932445861,255.24846470698014,-0.0009142092697840398,-30.15254333926302,-0.2692686350722376,0.0033951569202955324,True
387,263.2617943176618,441.98463407954705,451.98463407954705,440.98463407954705,445.98463407954705,0.009716499501247287,320.47057714312535,-0.004820060606697117,-158.975730333211,-1.4202780197160698,0.0033937444217159002,True
388,263.5091368268699,455.01614046002646,464.01614046002646,452.01614046002646,458.01614046002646,0.008506285085726139,280.55516190956246,-0.002779445050407491,-91.67194001577943,-0.6520566573163882,0.004262582122612791,True
389,263.7565192427655,455.0476262331447,463.0476262331447,451.0476262331447,460.0476262331447,0.007568808974976457,249.63522924952608,0.0010115836203635226,33.36415409734914,0.3039011712326878,0.0033286598279971226,True
390,264.00394154097717,464.0790913949879,473.0790913949879,462.0790913949879,470.0790913949879,0.00834175185556739,275.1285101383738,-0.0008871347657286267,-29.259569286273234,-0.38250900614838373,0.0023192519691536033,True
391,264.2514036971336,454.11053594166196,462.11053594166196,452.11053594166196,460.11053594166196,0.007584292176084233,250.14589776696855,3.32580794547661e-05,1.0969213672241267,0.01750129322665492,0.0019003212519240116,True
392,264.4989056868634,453.1419598692921,461.1419598692921,452.1419598692921,460.1419598692921,0.007600362323112285,250.6759249945924,1.66631273398549e-05,0.5495849647217881,0.01751921001085705,0.0009511346304729712,True
393,264.7464474857953,445.1733631740228,453.1733631740228,441.1733631740228,450.1733631740228,0.007735204237910087,255.1232947755293,0.0010353068551087691,34.14659624429055,0.3043020664918093,0.0034022340598749623,True
394,264.99402906955777,447.2047458520183,457.2047458520183,445.2047458520183,454.2047458520183,0.009604326038982557,316.77086057467335,-0.0009124435527422571,-30.094306279776845,-0.37973541458535587,0.002402840287463261,True
395,265.24165041377967,451.2361078994611,460.2361078994611,450.2361078994611,457.2361078994611,0.008576843717346586,282.88233389109047,-0.0018766459177329631,-61.89572698192089,-0.9867496327065917,0.001901846076785904,True
396,265.48931149408946,459.2674493125546,467.2674493125546,456.2674493125546,464.2674493125546,0.007499862560447454,247.36123157647287,4.8886179106224364e-05,1.6123689432066328,0.01732485971916178,0.0028217359273711683,True
397,265.73701228611594,457.2987700875201,464.2987700875201,452.2987700875201,462.2987700875201,0.00659749989543041,217.59941416339126,0.0028998313419267945,95.6425329560002,0.8722055691569043,0.0033247108760493744,True
398,265.98475276548766,456.3300702205993,464.3300702205993,450.3300702205993,461.3300702205993,0.0075477217953469474,248.93972974115664,0.002933094338252197,96.739616491953,0.6850473922781227,0.004281593319402621,True
399,266.2325329078332,450.36134970805233,458.36134970805233,446.36134970805233,455.36134970805233,0.007646877576696781,252.21009583052657,0.001022705962497812,33.73099231954026,0.3040892558108015,0.0033631769059743436,True
400,266.4803526887814,446.3926085461594,455.3926085461594,443.3926085461594,452.3926085461594,0.008668982466787012,285.9212635186409,5.806903571105651e-05,1.91523885593557,0.02002718042794888,0.0028995112876707505,True
401,266.7282120839608,443.42384673121956,451.42384673121956,440.42384673121956,449.42384673121956,0.007765452037221033,256.12093077615316,0.0010198348208793218,33.6362960339676,0.4182561609659857,0.002438301969118535,True
402,266.97611106899996,451.4550642595516,458.4550642595516,447.4550642595516,456.4550642595516,0.006682245320224166,220.3944964036989,0.0019663567588303335,64.85457908897644,0.6823071787339189,0.002881923010804432,True
403,267.22404961952765,447.48626112749344,455.48626112749344,442.48626112749344,452.48626112749344,0.007695575841068771,253.81626695081084,0.002010030666732711,66.29503637194901,0.5187309847457936,0.003874899949764396,True
404,267.4720277111725,449.5174373314019,458.5174373314019,445.5174373314019,454.5174373314019,0.008609313246744943,283.9532472199618,7.652934276194782e-05,2.5240985851085043,0.019910996198976093,0.0038435717629177837,True
405,267.72004531956304,439.54859286765395,448.54859286765395,435.54859286765395,442.54859286765395,0.008802604517415923,290.3283996151948,-0.0018782553152779866,-61.948808295828286,-0.3825829503137502,0.004909406741041803,True
406,267.9681024203281,444.5797277326451,453.5797277326451,441.5797277326451,448.5797277326451,0.008703980443789757,287.0755703641743,-0.0018734648064407155,-61.79080724496714,-0.48319290609080623,0.003877260578177106,True
407,268.21619898909614,441.61084192279054,450.61084192279054,437.61084192279054,447.61084192279054,0.008761909704568428,288.9861991490399,0.0010506144384767654,34.65147251953539,0.3066281745212704,0.0034263467149327,True
408,268.46433500149595,452.64193543452484,462.64193543452484,447.64193543452484,458.64193543452484,0.009490209043779679,313.00704220471295,0.0010527876196722418,34.723148603279526,0.24496943403172533,0.00429762849325887,True
409,268.7125104331561,451.67300826430164,460.67300826430164,448.67300826430164,456.67300826430164,0.008568628699539386,282.6113853362559,-0.0008932289645901502,-29.460568774425013,-0.26736905811942635,0.0033408090332994684,True
410,268.96072525970527,455.70406040859393,462.70406040859393,451.70406040859393,458.70406040859393,0.006620412375156309,218.3551159056284,5.817761970034786e-05,1.9188201841404293,0.015310645534215387,0.003799814943813814,True
411,269.2089794567721,451.73509186389424,458.73509186389424,447.73509186389424,452.73509186389424,0.006678134725616119,220.25892035326288,-0.001855110563135533,-61.18544572106819,-0.3872680026876503,0.004790250034242478,True
412,269.4572729999852,453.7661026267142,459.7661026267142,450.7661026267142,456.7661026267142,0.005704898735137522,188.15955169430296,3.77180957475496e-05,1.244022079289465,0.013179200889048594,0.002861941028525628,True
413,269.7056058649732,451.79709269358455,457.79709269358455,448.79709269358455,456.79709269358455,0.005729598381667471,188.97419795427217,0.0019436978787438644,64.10724159590137,1.0115270604636528,0.0019215480778664818,True
414,269.9539780273649,454.82806206105556,461.82806206105556,450.82806206105556,457.82806206105556,0.006633066401917228,218.7724723063297,5.840121496328895e-05,1.9261948258981931,0.015340037641618115,0.003807110277542227,True
415,270.2023894627887,464.85901072569686,472.85901072569686,460.85901072569686,469.85901072569686,0.007410415651271684,244.41108449896336,0.0009890610621929464,32.621312787601994,0.3035195975809431,0.0032586398706237808,True
416,270.4508401468734,461.88993868409716,469.88993868409716,457.88993868409716,467.88993868409716,0.007457643835426399,245.96876928364748,0.0019249617795912893,63.489285663513726,0.6838423325972988,0.00281492046899188,True
417,270.6993300552477,458.9208459328647,466.9208459328647,454.9208459328647,463.9208459328647,0.007505478222571257,247.54644791715455,0.001002571376602336,33.06691135482325,0.3037486008138325,0.00330066171141579,True
418,270.9478591635401,463.95173246862646,473.95173246862646,461.95173246862646,469.95173246862646,0.009261314327426226,305.4576133342245,-0.0018046595615706824,-59.521465643998226,-0.6495014699114567,0.002778530373174833,True
419,271.1964274473793,466.98259828802907,473.98259828802907,462.98259828802907,469.98259828802907,0.006461700106469388,213.12045167914815,5.5409926252786464e-05,1.8275358366878152,0.014942038578933706,0.003708324400320256,True
420,271.445034882394,459.0134433877388,468.0134433877388,457.0134433877388,464.0134433877388,0.008432922932381286,278.13552388870227,-0.0018313351750852821,-60.401283448504216,-0.6512346199530048,0.0028120973900580366,True
421,271.69368144421276,456.0442677644405,462.0442677644405,452.0442677644405,458.0442677644405,0.0056765854038868455,187.22571851646106,4.990063237658368e-05,1.645827744392733,0.013127998802930098,0.0038010844703494436,True
422,271.9423671084643,458.0750714148385,465.0750714148385,454.0750714148385,462.0750714148385,0.006586403446032377,217.23342993806705,0.0009984759416761411,32.931835302559676,0.30167622851819337,0.00330976009140848,True
423,272.1910918507771,459.10585433565666,466.10585433565666,455.10585433565666,462.10585433565666,0.006571726996301206,216.74936977677575,5.732138848931357e-05,1.890579879045731,0.015197566260755104,0.0037717478908011358,True
424,272.4398556467801,462.1366165236377,470.1366165236377,459.1366165236377,468.1366165236377,0.007453697083029204,245.83859709371342,0.0009769853558855759,32.22303061105913,0.41752256435574125,0.0023399582185291336,True
425,272.6886584721017,454.16735797554406,465.16735797554406,452.16735797554406,460.16735797554406,0.010393314243606648,342.7933499765967,-0.0027767129092952057,-91.58182825907343,-0.8401383175322965,0.003305066381749055,True
426,272.9375003023706,455.198078688157,464.198078688157,453.198078688157,459.198078688157,0.008502918273021867,280.44411734970504,-0.0027909160173535353,-92.05027661705404,-0.8437331707594452,0.0033078182938350385,True
427,273.18638111321553,454.2287786582772,463.2287786582772,451.2287786582772,458.2287786582772,0.008520886204299047,281.03673749091195,-0.001835315482914295,-60.53256236711141,-0.4835486387366352,0.003795513699944257,True
428,273.43530088026506,454.2594578827245,465.2594578827245,452.2594578827245,460.2594578827245,0.010391232036040466,342.7246743943687,-0.0027761682572004292,-91.56386448815647,-0.8401417508864217,0.003304404589191447,True
429,273.68425957914786,457.2901163583383,465.2901163583383,455.2901163583383,462.2901163583383,0.00753201253876527,248.42160543902776,-0.0009056266552450697,-29.86947067154486,-0.38432545001194685,0.0023564056328221773,True
430,273.93325718549255,454.3207540819765,462.3207540819765,451.3207540819765,459.3207540819765,0.007580813309444665,250.0311574327933,4.995073493544756e-05,1.6474802320971094,0.017512465089083502,0.0028522960463507017,True
431,274.1822936749278,465.3513710505172,474.3513710505172,462.3513710505172,471.3513710505172,0.00831916239052391,274.3834620993235,5.346247176982698e-05,1.763304694388637,0.019216473159162507,0.0027821167457221883,True
432,274.4313690230822,472.381967260857,479.381967260857,466.381967260857,477.381967260857,0.006388382832634931,210.70229387887525,0.003735877001048894,123.21707611966428,1.0141857752446763,0.0036836219677283473,True
433,274.6804832055845,463.41254270991203,472.41254270991203,460.41254270991203,468.41254270991203,0.008353635542898332,275.52045912545987,-0.000872266170281989,-28.769171755405267,-0.2678315956593825,0.0032567709875100104,True
434,274.92963619806324,455.44309739461755,464.44309739461755,453.44309739461755,460.44309739461755,0.008498388349546434,280.2947109518146,-0.0018452167716498588,-60.85912768161995,-0.6511141159853966,0.002833937594575578,True
435,275.17882797614715,458.4736313119279,466.4736313119279,456.4736313119279,462.4736313119279,0.00751273642433356,247.78583866764941,-0.001841455760447184,-60.73508162669981,-0.6531385163542083,0.0028193954488032837,True
436,275.42805851546484,459.50414445881734,465.50414445881734,457.50414445881734,463.50414445881734,0.0056341191065187365,185.82509076724514,2.4470043292842796e-05,0.8070734625950422,0.013001007365769871,0.0018821651741594695,True
437,275.67732779164487,462.53463683227824,469.53463683227824,459.53463683227824,467.53463683227824,0.006523374639673297,215.1546074209719,0.0009721646857206315,32.064034776213674,0.4154680121007856,0.0023399266788433296,True
438,275.9266357803161,465.5651084293231,472.5651084293231,460.5651084293231,470.5651084293231,0.00648122774492349,213.76451424147578,0.002847460602641249,93.91523589370982,0.8719400368724979,0.003265661034277782,True
439,276.1759824571069,457.59555924698293,466.59555924698293,453.59555924698293,463.59555924698293,0.008458799966461076,278.98900286487446,0.0010116731527748807,33.367107064468314,0.30590293300855353,0.0033071704897533385,True
440,276.4253677976461,453.62598928230864,462.62598928230864,450.62598928230864,458.62598928230864,0.00853209846902287,281.40654154911863,-0.000889672399608063,-29.343265785595463,-0.267447657615586,0.0033265290395133222,True
441,276.67479177756235,458.65639853236985,467.65639853236985,456.65639853236985,464.65639853236985,0.008439424237745349,278.349950605025,-0.0008970495062360024,-29.586578268491024,-0.3823033064638468,0.0023464340775217266,True
442,276.92425437248426,464.6867869942555,473.6867869942555,462.6867869942555,470.6867869942555,0.00833094686886577,274.77213896541724,-0.000886037274824919,-29.22337172939845,-0.38253176035481506,0.0023162449936263603,True
443,277.1737555580404,460.71715466507385,468.71715466507385,456.71715466507385,467.71715466507385,0.007476465255925305,246.5895392933782,0.0028595093871551704,94.31263013291635,1.2130421017980249,0.0023573043202018123,True
444,277.4232953098595,473.7475015419518,484.7475015419518,471.7475015419518,479.7475015419518,0.009968646748391635,328.7869233547447,-0.0026655338228725057,-87.91490829601935,-0.8408383305136875,0.0031700907607816473,True
445,277.67287360357017,467.7778276220365,475.7778276220365,465.7778276220365,472.7778276220365,0.007364566344632844,242.8988779930839,-0.0008862765878123154,-29.23126477474662,-0.38467534377612284,0.0023039599551982707,True
446,277.9224904148011,460.80813290249307,469.80813290249307,457.80813290249307,465.80813290249307,0.008400395188143629,277.0626905120662,-0.0008768318344324127,-28.919756955882093,-0.2677310065104726,0.0032750477647724915,True
447,278.17214571918083,463.8384173805066,471.8384173805066,458.8384173805066,467.8384173805066,0.007426582320831902,244.94429524258354,0.001009526347028623,33.29630089847936,0.24023872667752297,0.004202179894100627,True
448,278.4218394923381,468.8686810532813,478.8686810532813,465.8686810532813,475.8686810532813,0.009165210056090936,302.2878924592544,5.8397790724079926e-05,1.9260818872915024,0.021170047113521384,0.0027585101918257446,True
449,278.6715717099016,463.8989239180403,471.8989239180403,461.8989239180403,468.8989239180403,0.007425621902554922,244.91261862905796,-0.0008933363059554882,-29.464109118279964,-0.3845477702607014,0.002323082787217456,True
450,278.9213423474999,459.9291459720257,468.9291459720257,457.9291459720257,464.9291459720257,0.00841629492094424,277.5870971202669,-0.001827808466699693,-60.28496519298423,-0.6512652258544103,0.0028065500722869825,True
451,279.17115138076156,453.9593472124993,459.9593472124993,447.9593472124993,456.9593472124993,0.0057024861080948895,188.07997818321655,0.0029364761427380726,96.85115551227966,0.6812977392576838,0.004310121659786433,True
452,279.4209987853154,454.98952763674197,461.98952763674197,449.98952763674197,458.98952763674197,0.0066307303540068885,218.69542453599178,0.0019696395863151835,64.9628536397646,0.5164000137231747,0.0038141741556402117,True
453,279.67088453678997,462.0196872420531,471.0196872420531,458.0196872420531,466.0196872420531,0.00837857795792501,276.34311240073833,-0.0008584597431934866,-28.31380676961291,-0.20412467283659638,0.004205565800860787,True
454,279.9208086108139,462.04982602575205,474.04982602575205,458.04982602575205,465.04982602575205,0.011135180471399586,367.26165753460936,-0.004548416755071765,-150.0163451249286,-0.7517675287606823,0.006050296908367411,True
455,280.17077098301587,458.0799439851769,467.0799439851769,456.0799439851769,461.0799439851769,0.008449941881893207,278.69684461657914,-0.0037146848116934063,-122.51811316980704,-0.9885671731038547,0.00375764532017609,True
456,280.42077162902456,458.1100411176849,466.1100411176849,455.1100411176849,463.1100411176849,0.007518647773254866,247.98080738043146,4.9132188619281994e-05,1.6204828540468554,0.017368393763248374,0.002828827425783379,True
457,280.6708105244685,457.1401174206526,464.1401174206526,454.1401174206526,461.1401174206526,0.006599772279432643,217.6743621642215,4.3265626552147635e-05,1.4269913058551253,0.015245999087678031,0.0028378347855940347,True
458,280.92088764497646,465.17017289147543,471.17017289147543,461.17017289147543,468.17017289147543,0.005565930315013394,183.5760810939977,0.0009766003759187772,32.21033316254565,0.29935498801968646,0.0032623487665238205,True
459,281.171002966177,459.2002075275684,466.2002075275684,458.2002075275684,463.2002075275684,0.006570386847615886,216.70516885620893,-0.0018569231048899439,-61.24522715800009,-0.9902239699235418,0.0018752556606293045,True
460,281.4211564636988,466.2302213263649,474.2302213263649,462.2302213263649,470.2302213263649,0.007388805531458512,243.6983373241428,6.339500317915827e-05,2.0909004579485497,0.017085820073790822,0.003710386911799713,True
461,281.67134811317055,458.26021428531817,467.26021428531817,455.26021428531817,462.26021428531817,0.00844664996187255,278.5882701748479,-0.0018198321525723675,-60.021889587255004,-0.48369284504185023,0.0037623714537578313,True
462,281.9215778902209,462.2901864019004,471.2901864019004,460.2901864019004,465.2901864019004,0.00837372237433384,276.1829650477097,-0.003681545236258339,-121.42510031424194,-0.9886710449084332,0.0037237312200230454,True
463,282.1718457704783,463.32013767360263,471.32013767360263,459.32013767360263,464.32013767360263,0.007434819147161215,245.21596308831792,-0.002732785944081535,-90.13302461406073,-0.532490559605762,0.00513208336708316,True
464,282.4221517295716,464.35006809793526,472.35006809793526,460.35006809793526,468.35006809793526,0.007418468729477853,244.6766919453671,6.390725173515636e-05,2.107795492046108,0.017154705549090158,0.0037253482172735887,True
465,282.6724957431294,461.3799776724279,468.3799776724279,456.3799776724279,464.3799776724279,0.006539577872635726,215.6890241024514,0.0010073256713976145,33.22371799045948,0.238223041158878,0.004228498076832959,True
466,282.9228777867803,457.4098663946286,464.4098663946286,452.4098663946286,459.4098663946286,0.006595909593053337,217.54696264825998,7.234069541839361e-05,2.385948191392572,0.015270480243684046,0.0047372901352145825,True
467,283.173297836153,455.4397342621055,462.4397342621055,452.4397342621055,460.4397342621055,0.0066242255466817685,218.48088231763234,0.0009878304168232602,32.580723516555224,0.4157074295405008,0.0023762635609258934,True
468,283.42375586687615,458.46958127244534,466.46958127244534,456.46958127244534,464.46958127244534,0.0075128022197889196,247.7880087400659,3.2632684884671866e-05,1.076294539754599,0.01733597483162569,0.001882368035349283,True
469,283.6742518545783,457.4994074232536,466.4994074232536,454.4994074232536,463.4994074232536,0.008460560532537728,279.0470700347036,5.5301384817926444e-05,1.823955912017425,0.0195441373493748,0.002829563865078726,True
470,283.92478577488816,464.5292127121554,472.5292127121554,460.5292127121554,469.5292127121554,0.007415632100991649,244.5831339754421,0.0009898018804105155,32.64574652957995,0.30353216348308604,0.0032609456245175517,True
471,284.17535760343446,458.5589971367949,466.5589971367949,455.5589971367949,464.5589971367949,0.007511349870567678,247.74010720998453,0.0009848973973741815,32.48398637006565,0.4176582240606563,0.002358141994185048,True
472,284.4259673158457,462.5887606948352,472.5887606948352,460.5887606948352,469.5887606948352,0.009288312134061226,306.3480577450749,-0.0008839544157778455,-29.154674659961188,-0.38040522973719154,0.002323717832135321,True
473,284.6766148877506,462.61850338395834,470.61850338395834,460.61850338395834,468.61850338395834,0.007445999114079487,245.5847018970092,3.205367939237459e-05,1.0571977215782624,0.017181500614698003,0.0018655925411400975,True
474,284.92730029477775,463.64822520186544,471.64822520186544,460.64822520186544,467.64822520186544,0.007429602853527565,245.04391875989393,-0.0008797146246857018,-29.014837437915247,-0.26992921255189417,0.0032590567592478553,True
475,285.17802351255585,456.6779261462773,464.6779261462773,453.6779261462773,460.6779261462773,0.007542022256420875,248.75174696723133,-0.0008922682036305012,-29.42888085850467,-0.26968922120763883,0.0033085052477626726,True
476,285.42878451671356,462.7076062149331,472.7076062149331,460.7076062149331,466.7076062149331,0.009285951773880355,306.2702081049517,-0.003666455322319755,-120.92740323430925,-0.9870699148132027,0.0037144839157757232,True
477,285.67958328287943,453.7372654055914,464.7372654055914,452.7372654055914,459.7372654055914,0.010403048894655183,343.11441922992304,-0.0037395839764391113,-123.33933995990913,-1.322343233068695,0.0028279979682437274,True
478,285.93041978668225,452.76690371602945,462.76690371602945,450.76690371602945,456.76690371602945,0.009487618053790614,312.9215859087433,-0.0037450113613334973,-123.51834652181523,-0.9867868538651098,0.0037951573297362014,True
479,286.18129400375057,449.79652114404416,457.79652114404416,445.79652114404416,453.79652114404416,0.0076563959363067716,252.52403133757596,6.809121448968485e-05,2.2457913781690877,0.017707317673319675,0.0038453714868560028,True
480,286.43220590971305,459.8261176874512,467.8261176874512,455.8261176874512,465.8261176874512,0.0074908286924737465,247.06327562196515,0.0019338004412580555,63.78080330370483,0.6839187762122856,0.0028275293916741537,True
481,286.6831554801983,455.855693344085,465.855693344085,452.855693344085,461.855693344085,0.00942402425572858,310.82412877770065,-0.0008775547736432111,-28.943601010635973,-0.2654166912823706,0.0033063285108531518,True
482,286.934142690835,457.88524811179946,467.88524811179946,454.88524811179946,463.88524811179946,0.009382700699520444,309.46119103392493,-0.0008739917683287628,-28.826085606107938,-0.2655061468025128,0.0032917948561802983,True
483,287.18516751725184,460.91478198846744,469.91478198846744,457.91478198846744,465.91478198846744,0.008398470130432281,276.9991980623717,-0.0008766439397358593,-28.9135597938446,-0.26773514779421426,0.003274295313701818,True
484,287.4362299350774,469.94429497198075,478.94429497198075,464.94429497198075,472.94429497198075,0.008238622729069816,271.72709477426025,-0.000829554833554398,-27.3604620930532,-0.16393599685924176,0.005060236003363361,True
485,287.68732991994034,465.97378706025006,472.97378706025006,459.97378706025006,468.97378706025006,0.0064755856035612945,213.57842455985394,0.001939900367365987,63.98199168848157,0.41642583151679957,0.0046584534881038645,True
486,287.93846744746935,461.00325825120535,469.00325825120535,456.00325825120535,464.00325825120535,0.007471864967555339,246.43781211336253,8.12194205275854e-05,2.678787208126124,0.017297512400596265,0.004695439358366102,True
487,288.189642493293,468.0327085427957,475.0327085427957,463.0327085427957,470.0327085427957,0.006447309276430202,212.6458118556567,6.910072756321616e-05,2.2790872412797967,0.014924614987238072,0.004629983930728108,True
488,288.44085503303995,465.0621379329889,476.0621379329889,462.0621379329889,469.0621379329889,0.010152658868348378,334.85602985511537,-0.003622663408020985,-119.48305385234025,-0.7837984679275267,0.004621932239290817,True
489,288.6921050423389,462.09154641977193,471.09154641977193,459.09154641977193,465.09154641977193,0.008377287503634246,276.3005505057591,-0.002738137593573077,-90.30953326318911,-0.6522797413683754,0.004197796466633956,True
490,288.9433924968185,472.12093400115054,481.12093400115054,470.12093400115054,477.12093400115054,0.008200996232390841,270.48609382478907,-0.0017821145985588488,-58.7778853754925,-0.6516614463124756,0.002734724616045974,True
491,289.1947173721073,470.1503006751502,478.1503006751502,468.1503006751502,475.1503006751502,0.007327715020709864,241.68344387047932,-0.0008820132502699481,-29.090650941278795,-0.3847523391888989,0.0022924181621074248,True
492,289.446079643834,467.1796464398144,476.1796464398144,466.1796464398144,471.1796464398144,0.008286914561399593,273.3198609114928,-0.0036537007631900504,-120.50673106477154,-1.3250260070767073,0.0027574558866590862,True
493,289.6974792876273,463.20897129320633,470.20897129320633,461.20897129320633,467.20897129320633,0.006513948848336025,214.84372501013056,-0.0009005218567485684,-29.70110368710118,-0.3865769144425641,0.002329476549439333,True
494,289.94891627911574,463.2382752334081,472.2382752334081,462.2382752334081,468.2382752334081,0.008356748088702091,275.62311742848215,-0.0027557407177221426,-90.8901212985046,-1.189664126870149,0.002316402298329476,True
495,290.20039059392803,462.26755825852024,471.26755825852024,460.26755825852024,468.26755825852024,0.008374128344133359,276.19635478502585,-0.0008904225258883364,-29.368006527046475,-0.38244082302207544,0.0023282622363694134,True
496,290.4519022076928,467.29682036666327,475.29682036666327,462.29682036666327,470.29682036666327,0.00737208300871509,243.14679337416518,7.905311001204455e-05,2.607337733848169,0.017065285728538618,0.004632392991805725,True
497,290.7034510960387,461.3260615559757,469.3260615559757,458.3260615559757,464.3260615559757,0.0074666813731468105,246.26684627411518,-0.0018181740782274624,-59.96720281017136,-0.4858149672703521,0.0037425238016918962,True
498,290.9550372345944,464.35528182461576,473.35528182461576,463.35528182461576,468.35528182461576,0.008336837645021158,274.9664291451364,-0.003675533287132096,-121.22681359524461,-1.3249755815984472,0.0027740385092213863,True
499,291.2066605989885,454.3844811707602,464.3844811707602,451.3844811707602,460.3844811707602,0.009454207758052774,311.81964412855245,-0.0008801556624767129,-29.029383791302052,-0.2653513487728718,0.0033169443703490818,True
500,291.4583211648496,458.41365959260474,469.41365959260474,455.41365959260474,463.41365959260474,0.010298173043848521,339.6553932265694,-0.0027353947486237,-90.21906847143703,-0.6483215104163557,0.004219194804853867,True
501,291.7100189078065,471.44281708836456,478.44281708836456,466.44281708836456,473.44281708836456,0.006401015654173337,211.11895088676573,6.810670245037571e-05,2.246302203667625,0.01481688456440095,0.004596560238716369,True
502,291.96175380348774,472.47195365627294,480.47195365627294,467.47195365627294,475.47195365627294,0.007292008380231487,240.50576381394472,7.733605812141383e-05,2.5507057533386615,0.01687894891623387,0.0045818053307237275,True
503,292.21352582752195,470.5010692945832,477.5010692945832,467.5010692945832,474.5010692945832,0.006413733687248982,211.53841835026475,4.08532133668732e-05,1.3474248482339135,0.014814880830598483,0.0027575796143088404,True
504,292.4653349555378,470.53016400156685,476.53016400156685,464.53016400156685,473.53016400156685,0.005502926641417963,181.4980875082755,0.0028308023467995295,93.36581160123609,0.6807843095226156,0.004158148634160744,True
505,292.71718116316396,466.5592377755145,472.5592377755145,461.5592377755145,470.5592377755145,0.005549464556408508,183.03300576501428,0.0028373916440966526,93.5831404764659,0.8701921676007034,0.0032606494861013493,True
506,292.96906442602904,464.5882906147358,471.5882906147358,458.5882906147358,468.5882906147358,0.0064947534292571895,214.21061974110762,0.0028737170804291005,94.78122972094548,0.6828461993630552,0.004208439738127919,True
507,293.2209847197617,469.61732251755916,477.61732251755916,465.61732251755916,475.61732251755916,0.007335961546944106,241.9554316394669,0.0018925730352175206,62.421036794559484,0.683562030119986,0.0027686924548534627,True
508,293.4729420199906,471.64633348233247,475.64633348233247,466.64633348233247,475.64633348233247,0.003667690699906125,120.96814858380917,0.004628604784676896,152.66111489250062,2.0000000000000453,0.0023143023923383956,True
509,293.72493630234436,462.6753235074216,469.6753235074216,459.6753235074216,468.6753235074216,0.006521405881702499,215.08967364486497,0.0018994915642716768,62.64922442516476,1.0128454846230956,0.0018754011279208335,True
510,293.97696754245163,462.7042925912124,471.7042925912124,460.7042925912124,468.7042925912124,0.00836629987224601,275.93815532712796,-0.0008896276726792834,-29.341790597470606,-0.38245730956815777,0.002326083592659752,True
511,294.22903571594105,457.7332407321087,468.7332407321087,456.7332407321087,465.7332407321087,0.010313300907465114,340.15434196665103,-0.001838685423674923,-60.643710096842426,-0.9836884938829767,0.0018691744745503345,True
512,294.4811407984413,466.76216792853415,474.76216792853415,463.76216792853415,472.76216792853415,0.007380456009003254,243.42295252329328,0.0009669419564161908,31.89177818583957,0.41735022742476346,0.0023168597807713028,True
513,294.733282765581,464.79107417893056,471.79107417893056,461.79107417893056,469.79107417893056,0.006491940908623968,214.1178568988474,0.0009672858951228023,31.903122007325464,0.4153933909811511,0.002328602033937256,True
514,294.98546159298877,467.81995948175904,474.81995948175904,464.81995948175904,473.81995948175904,0.006450219633576674,212.74180155177132,0.001878363131845924,61.95236431286392,1.012705542400759,0.0018547969307968868,True
515,295.2376772562933,469.8488238354996,477.8488238354996,469.8488238354996,476.8488238354996,0.007332377354297454,241.8372174321882,-0.0009098056160343161,-30.007301582339068,-1.999999999999864,0.00045490280801718894,True
516,295.4899297311232,467.87766723865093,477.87766723865093,467.87766723865093,475.87766723865093,0.009184419096277133,302.921446981029,-0.0018214110171859985,-60.07396386090636,-2.00000000000002,0.0009107055085929902,True
517,295.74221899310714,470.90648968973096,481.90648968973096,469.90648968973096,477.90648968973096,0.010028099240022442,330.7477914948683,-0.002696614145901552,-88.94000267878914,-1.187130508785187,0.0022715397556929504,True
518,295.99454501787375,464.9352911872761,474.9352911872761,463.9352911872761,471.9352911872761,0.00924192924426848,304.8182525452147,-0.0018168844786653655,-59.924669105940126,-0.985538532614062,0.0018435448422764607,True
519,296.2469077810517,462.96407172984186,470.96407172984186,459.96407172984186,467.96407172984186,0.007440488566958923,245.40295247008083,4.81127088261743e-05,1.5868582675750815,0.01718726724060547,0.002799322786609525,True
520,296.4993072582696,465.99283131600305,473.99283131600305,460.99283131600305,470.99283131600305,0.0073925377443533205,243.82143355033688,0.0019275873815047,63.575883533500956,0.5179917996088791,0.0037212700721520426,True
521,296.75174342515606,466.02156994435245,476.02156994435245,462.02156994435245,472.02156994435245,0.00922061373098466,304.1152221129803,7.897978157029098e-05,2.604919207706473,0.02132123953134708,0.0037042772046237135,True
522,297.00421625733986,471.0502876135024,480.0502876135024,470.0502876135024,478.0502876135024,0.008219460926492454,271.0950982481162,-0.0008901998630571834,-29.360662638849107,-0.6507068832711366,0.0013680504785535746,True
523,297.25672573044955,465.0789843220839,473.0789843220839,463.0789843220839,470.0789843220839,0.00740694038403122,244.29646288053635,-0.0008911767084726612,-29.392881053931347,-0.38458680557596636,0.002317231625089201,True
524,297.5092718201137,469.107660068747,478.107660068747,466.107660068747,474.107660068747,0.008253177252620736,272.20713355384424,-0.000862445300726533,-28.445258834493757,-0.2680476826300605,0.0032175070206326532,True
525,297.7618545019611,464.13631485216047,472.13631485216047,460.13631485216047,469.13631485216047,0.007421856202074376,244.78841791189706,0.0009906858837968949,32.674902819393196,0.30354715677489286,0.003263696798621561,True
526,298.01447375162036,464.16494867101164,472.16494867101164,461.16494867101164,469.16494867101164,0.007421402245771066,244.77344547882063,4.786538817750426e-05,1.5787011127263781,0.017143038339948943,0.0027921181314727677,True
527,298.2671295447201,460.19356152400724,470.19356152400724,458.19356152400724,466.19356152400724,0.009336139680588829,307.9255107606463,-0.0018188506278563705,-59.98951683900589,-0.6493619283288626,0.0028009813148996815,True
528,298.51982185688894,463.2221534098726,473.2221534098726,460.2221534098726,467.2221534098726,0.009275746310766577,305.9336104800905,-0.0027198397613928393,-89.70603229676436,-0.6504115998835013,0.004181720870107489,True
529,298.77255066375557,465.2507243273517,473.2507243273517,462.2507243273517,471.2507243273517,0.007404229403417151,244.20704904153985,0.0009702009825318441,31.999267717442365,0.417406166107476,0.00232435709222856,True
530,299.02531594094864,481.2792742752076,488.2792742752076,475.2792742752076,486.2792742752076,0.006271130713707703,206.83507253861382,0.003665752943831359,120.90423731539778,1.0139253869818223,0.003615407002228536,True
531,299.2781176640967,468.30780325222236,477.30780325222236,464.30780325222236,473.30780325222236,0.008267140132227088,272.6676586725306,7.05418789945806e-05,2.3266194447137423,0.01911631078191031,0.0036901408331012336,True
532,299.5309558088285,463.3363112571965,473.3363112571965,462.3363112571965,469.3363112571965,0.009273485158502974,305.85903292560886,-0.0027473331468720504,-90.61282193957862,-1.1882930291013494,0.002311999716896202,True
533,299.78383035077263,469.36479828894926,474.36479828894926,467.36479828894926,473.36479828894926,0.004601938384873248,151.7816009755485,0.0009380217382151937,30.9379286007304,0.6770248084938135,0.0013855057103476364,True
534,300.0367412655578,470.3932643463195,479.3932643463195,471.3932643463195,477.3932643463195,0.008230833376998753,271.47018557013143,-0.002737918902670817,-90.30232037755539,-6.129470585260807,0.00044668113902928856,True
535,300.28968852881263,466.4217094281639,475.4217094281639,464.4217094281639,471.4217094281639,0.00830025295970828,273.75978932435385,-0.0018031872973151893,-59.47290727422677,-0.6514787958562052,0.0027678372784878634,True
536,300.5426721161657,472.45013353335867,481.45013353335867,468.45013353335867,478.45013353335867,0.008195335421710446,270.299388389811,0.000977977623044612,32.255757667659736,0.3052726503484616,0.0032036201799547828,True
537,300.79569200324573,464.47853666079845,473.47853666079845,462.47853666079845,469.47853666079845,0.008334646460216857,274.8941592645305,-0.0018104864277172063,-59.71364793728935,-0.651415499726434,0.002779311251386452,True
538,301.04874816568133,469.5069188093969,478.5069188093969,466.5069188093969,475.5069188093969,0.00824622513628453,271.9778381440782,5.252614173626921e-05,1.7324225617633715,0.019047468120796603,0.0027576442917848793,True
539,301.30184057910117,470.53527997808624,479.53527997808624,467.53527997808624,476.53527997808624,0.008228372555672547,271.3890225102708,5.229822795944396e-05,1.7249054863404467,0.019006102799564783,0.002751654482298261,True
540,301.5549692191338,470.5636201658176,479.5636201658176,468.5636201658176,477.5636201658176,0.008227881658109245,271.3728316767912,3.4787612681254354e-05,1.1473685880354196,0.01898484996021894,0.0018323880754469325,True
541,301.80813406140805,463.59193937156124,471.59193937156124,460.59193937156124,470.59193937156124,0.007430497226872456,245.0734170727361,0.0018976534895104313,62.58860085599838,1.0143995061221838,0.0018707161015532477,True
542,302.0613350815524,468.62023759430554,477.62023759430554,466.62023759430554,476.62023759430554,0.00826168043271712,272.4875863066788,0.0009472279119328748,31.24156756085239,0.6844847181491811,0.0013838554562534875,True
543,302.31457225519557,468.648514833058,477.648514833058,467.648514833058,475.648514833058,0.00826118665202855,272.4713003816676,-0.0008946010531311723,-29.505823138568786,-0.6506255011086084,0.0013749861504150254,True
544,302.56784555796617,469.6767710868453,479.6767710868453,467.6767710868453,474.6767710868453,0.009149606041497315,301.77323925910497,-0.00269742614454538,-88.96678410084274,-0.8424204219544186,0.0032019951965164156,True
545,302.82115496549284,473.70500635471194,481.70500635471194,469.70500635471194,477.70500635471194,0.007273185359037728,239.88494100993316,6.141822075310735e-05,2.0257020184404553,0.016817343045305657,0.0036520763468787924,True
546,303.0745004534043,470.7332206357223,477.7332206357223,467.7332206357223,476.7332206357223,0.006410593858792086,211.4348602079952,0.0018666057995513673,61.56458278046978,1.0126276410050683,0.0018433289038986688,True
547,303.3278819973291,482.7614139289585,490.7614139289585,480.7614139289585,487.7614139289585,0.007137858435553096,235.4215746230408,-0.0008600212553190184,-28.365308721732703,-0.3851489667184719,0.00223295745188292,True
548,303.581299572896,476.7895862335222,485.7895862335222,473.7895862335222,482.7895862335222,0.008121439468706797,267.8621445341837,5.0943513221506434e-05,1.6802241467412387,0.018758345135116553,0.002715778649692166,True
549,303.8347531557335,476.81773754853316,483.81773754853316,473.81773754853316,482.81773754853316,0.006329383540355293,208.75637320595547,0.0018425184288771487,60.770130665195495,1.0124679814806972,0.0018198288366438346,True
550,304.08824272147035,473.8458678731304,479.8458678731304,468.8458678731304,477.8458678731304,0.005464661534039632,180.23602383561197,0.002793080557312556,92.12166769465645,0.8699926008230382,0.003210464726562296,True
551,304.3417682457351,463.87397720647164,470.87397720647164,459.87397720647164,469.87397720647164,0.006504680089720619,214.53802186853125,0.0028378783495559712,93.59919304554455,1.2116109337920122,0.002342235671870495,True
552,304.5953297041566,473.9020655477327,478.9020655477327,468.9020655477327,476.9020655477327,0.004558108580058572,150.336001884721,0.0027889490227154517,91.98540099936648,0.8682955450210241,0.003211981264568071,True
553,304.84892707236327,471.93013289610917,479.93013289610917,469.93013289610917,476.93013289610917,0.007300310328800747,240.77957952803618,-0.000878841672636672,-28.986045644437098,-0.3848095952167181,0.002283835131870149,True
554,305.10256032598386,473.95817925081474,482.95817925081474,470.95817925081474,479.95817925081474,0.008169503131530365,269.44738516150056,5.155020904195652e-05,1.7002342501436942,0.018869703342592338,0.002731903523125261,True
555,305.3562294406469,470.9862046110816,480.9862046110816,466.9862046110816,475.9862046110816,0.00912443370790178,300.94300278614827,-0.0008341189765077011,-27.510997121251478,-0.2023973568290892,0.004121195007561576,True
556,305.60993439198126,472.01420897616094,483.01420897616094,470.01420897616094,478.01420897616094,0.010004834377051509,329.980467412518,-0.0026750154351805134,-88.22763179980836,-0.8407786969495511,0.003181592784029614,True
557,305.8636751556154,462.042192345323,473.042192345323,460.042192345323,469.042192345323,0.010218242889884857,337.01912873969457,-0.0018039962030190551,-59.49958668461926,-0.647529045834847,0.0027859695478110896,True
558,306.117451707178,461.0701547178562,472.0701547178562,459.0701547178562,466.0701547178562,0.010239533226999387,337.7213288089468,-0.003667299027425174,-120.95523040211154,-0.9854088604834511,0.0037216014331614205,True
559,306.37126402229774,464.0980960930681,473.0980960930681,459.0980960930681,465.0980960930681,0.008341413522517596,275.1173512032326,-0.0027023435427304355,-89.12897022910886,-0.446265105480148,0.006055466828003312,True
560,306.6251120766033,475.1260164702842,485.1260164702842,472.1260164702842,479.1260164702842,0.009045753984804951,298.3479801376045,-0.002653933218593754,-87.53229598302099,-0.6508175042273837,0.004077845481037521,True
561,306.87899584572324,474.1539158488497,481.1539158488497,470.1539158488497,477.1539158488497,0.006364683054345788,209.9206253751604,5.3751598522949404e-05,1.7728407024365254,0.014716755772056226,0.0036524081363782275,True
562,307.13291530528625,472.18179422812796,481.18179422812796,471.18179422812796,478.18179422812796,0.008199949110063269,270.4515575294274,-0.0017954134726539629,-59.216510196712164,-0.9873354506109662,0.001818443236838053,True
563,307.3868704309209,468.209651607501,475.209651607501,465.209651607501,475.209651607501,0.006444890736680419,212.5660433310603,0.002791645571062381,92.07433883185683,2.0000000000000338,0.001395822785531167,True
564,307.64086119825595,474.2374879863694,483.2374879863694,471.2374879863694,480.2374879863694,0.008164736535843294,269.29017281659725,5.14898800326076e-05,1.6982444726068024,0.01885865948591556,0.002730304350161389,True
565,307.89488758292,471.2653033641527,480.2653033641527,469.2653033641527,477.2653033641527,0.00821574602970253,270.97257314345876,-0.0008743276662560584,-28.837164225790673,-0.382774345814895,0.0022841856457090585,True
566,308.1489495605417,474.2930977402891,484.2930977402891,472.2930977402891,480.2930977402891,0.009061474895796897,298.86648882668095,-0.0017667281173802613,-58.27040688461514,-0.649874082390371,0.002718569897235893,True
567,308.4030471067497,471.32087111423516,481.32087111423516,470.32087111423516,477.32087111423516,0.00911802234336238,300.73154250727396,-0.0027018493689364006,-89.11267133865323,-1.1884907919677559,0.002273344806031701,True
568,308.6571801971726,480.34862348546676,490.34862348546676,476.34862348546676,485.34862348546676,0.008948409978997271,295.13737021387567,-0.0008195223007908432,-27.029568074633346,-0.20278192999481098,0.004041397085094388,True
569,308.911348807439,474.37635485347755,481.37635485347755,469.37635485347755,475.37635485347755,0.006361720354073313,209.8229092927276,-0.0008453521050049567,-27.881489310560625,-0.16824595757065872,0.005024501730746974,True
570,309.16555291317775,472.40406521778027,481.40406521778027,468.40406521778027,477.40406521778027,0.008196127127499099,270.32550051084644,6.933008579093972e-05,2.286651957729532,0.018951420054157328,0.003658305583054761,True
571,309.41979249001736,462.43175457790653,469.43175457790653,458.43175457790653,465.43175457790653,0.0065248151183015515,215.20211743394515,5.650240509653959e-05,1.8635680852902397,0.015088613066707616,0.0037447050200531515,True
572,309.6740675135864,473.45942293340613,480.45942293340613,469.45942293340613,476.45942293340613,0.006373950899054145,210.22629837418427,5.390891759560895e-05,1.7780294161295558,0.014738275345331132,0.003657749386035626,True
573,309.9283779595137,467.48707028384774,476.48707028384774,465.48707028384774,470.48707028384774,0.008281516639004885,273.1418260847546,-0.0036414459966425273,-120.10254310513284,-0.9887966844665171,0.0036827044971405693,True
574,310.18272380342773,469.5146966288187,476.5146966288187,463.5146966288187,473.5146966288187,0.0064271086676097825,211.9795533160982,0.00284284537490306,93.76301598192833,0.6826772932123378,0.004164259457826775,True
575,310.4371050209572,461.5423019679249,468.5423019679249,457.5423019679249,464.5423019679249,0.006537295128761621,215.61373441127097,5.671969968391432e-05,1.8707349175240608,0.015117597329633355,0.0037518990913147925,True
576,310.6915215877308,467.5698863007908,475.5698863007908,464.5698863007908,471.5698863007908,0.007367813946196318,243.00599071894194,-0.0008728051364065353,-28.786947991072395,-0.27006110410044787,0.0032318802047180397,True
577,310.9459734793771,475.5974496270594,483.5974496270594,471.5974496270594,478.5974496270594,0.007244484767924336,238.9383351878182,-0.0008455525623595975,-27.888100815467965,-0.2066938363722294,0.004090845557856232,True
578,311.20046067152475,474.6249919463926,483.6249919463926,471.6249919463926,478.6249919463926,0.008158132718585813,269.0723650425546,-0.0017595714634309817,-58.034365394442204,-0.48425315220544063,0.0036335777173929417,True
579,311.4549831398025,467.65251325847066,475.65251325847066,464.65251325847066,471.65251325847066,0.007366523145810236,242.96341740901167,-0.0008726607205915273,-28.782184853938674,-0.2700638592692581,0.0032313124864348118,True
580,311.7095408598389,471.6800135629926,480.6800135629926,467.6800135629926,475.6800135629926,0.008208590423565207,270.7365662123266,-0.0008424967878834962,-27.78731495016237,-0.204493873659624,0.00411991211671121,True
581,311.9641338072626,465.70749285967577,473.70749285967577,460.70749285967577,469.70749285967577,0.0073970287888838115,243.96955763890165,0.0010051838009126025,33.153074599760004,0.2401667466081369,0.004185357944464684,True
582,312.2187619577023,475.7349511482562,482.7349511482562,471.7349511482562,479.7349511482562,0.006343684696474709,209.22805539508286,0.0009596209020069583,31.650314422935935,0.3010864274188965,0.003187194156287403,True
583,312.47342528678655,480.76238842848875,489.76238842848875,476.76238842848875,483.76238842848875,0.00805494610175834,265.66905352651924,-0.0017248330888862632,-56.88862078364579,-0.3840717389238432,0.0044909138426044845,True
584,312.7281237701441,483.78980470014676,491.78980470014676,478.78980470014676,484.78980470014676,0.007122809254311287,234.92522099306584,-0.0017142253772379802,-56.538756156610475,-0.31928618925108293,0.0053689305549321255,True
585,312.9828573834036,475.8171999630217,483.8171999630217,471.8171999630217,477.8171999630217,0.007241166729842416,238.82889931752777,-0.0017531566778647952,-57.82279228291361,-0.3859074104359053,0.004542946391945417,True
586,313.23762610219353,480.84457421692423,486.84457421692423,475.84457421692423,481.84457421692423,0.005385614354794913,177.62888171093638,5.62369801119459e-05,1.854813811388368,0.01246530703720271,0.004511479736849372,True
587,313.4924299021427,474.8719274616831,482.8719274616831,470.8719274616831,477.8719274616831,0.00725546114446045,239.30035915776924,-0.0008467418177637723,-27.927324958452544,-0.20667018237118373,0.004097068130723412,True
588,313.7472687588797,473.89925969714614,483.89925969714614,470.89925969714614,477.89925969714614,0.00906892742935392,299.11228904824134,-0.0026605773506669563,-87.75143342442573,-0.650776612948803,0.004088311254166513,True
589,314.0021426480332,463.92657092317904,471.92657092317904,461.92657092317904,469.92657092317904,0.007425183145233099,244.89814749033852,3.187432394229344e-05,1.051282201838461,0.017133367348555806,0.0018603654082616848,True
590,314.2570515452318,465.9538611396665,475.9538611396665,465.9538611396665,472.9538611396665,0.009221939473696058,304.1589478942465,-0.0027460790043882096,-90.5714576843173,-1.9999999999999805,0.0013730395021941183,True
591,314.5119954261042,480.9811303465119,488.9811303465119,477.9811303465119,485.9811303465119,0.007164061491001913,236.28580646924402,4.4593381299812794e-05,1.470783448306662,0.016546770572437686,0.0026949900045204565,True
592,314.76697426627896,479.0083785436366,486.0083785436366,476.0083785436366,482.0083785436366,0.006300646434065878,207.80856303658223,-0.0008606560730968727,-28.386246346401293,-0.2724594599387422,0.0031588408539397986,True
593,315.0219880413848,476.03560573098093,485.03560573098093,473.03560573098093,480.03560573098093,0.008134183092029788,268.2824560178296,-0.0017545631787047357,-57.86918163700864,-0.4842996524304613,0.0036228875447245268,True
594,315.27703672705036,476.0628119085036,485.0628119085036,472.0628119085036,479.0628119085036,0.008133722563329867,268.2672668132981,-0.001741052263033351,-57.42356323890294,-0.3839149569508805,0.0045349946166752435,True
595,315.53212029890426,470.08999707618204,478.08999707618204,465.08999707618204,473.08999707618204,0.007328647140268651,241.71418713279644,7.811934372636484e-05,2.576540159016787,0.016964206081703678,0.0046049513516944664,True
596,315.7872387325752,470.1171612340115,478.1171612340115,464.1171612340115,472.1171612340115,0.007328227231454239,241.70033765747002,9.393266023317425e-05,3.0980965762052506,0.01698137309584155,0.005531511480433626,True
597,316.0423920036917,468.14430438200657,477.14430438200657,462.14430438200657,471.14430438200657,0.008270000104800293,272.761986579513,0.00010634021911371493,3.5073239481486667,0.019163960410241054,0.005548968837197537,True
598,316.2975800878826,468.17142652020016,477.17142652020016,464.17142652020016,473.17142652020016,0.0082695255391129,272.7463344056296,7.058276831797133e-05,2.3279680605465387,0.019121849853603098,0.003691210257289597,True
599,316.55280296077626,465.198527648643,472.198527648643,462.198527648643,468.198527648643,0.006486297062792679,213.93171100025216,-0.0008848111161631166,-29.182930439408494,-0.27206713074730976,0.00325217939312526,True
600,316.8080605980016,475.22560776740534,483.22560776740534,473.22560776740534,478.22560776740534,0.007250106186563459,239.12374139047503,-0.002685516087135468,-88.57396537312374,-0.8460036636669126,0.0031743551505384565,True
601,317.0633529751872,472.2526668765752,481.2526668765752,470.2526668765752,477.2526668765752,0.00819873005734783,270.4113506084849,-0.0017816333390787411,-58.76201242625547,-0.6516656161957751,0.002733968610281102,True
602,317.3186800679616,470.2797049762594,478.2797049762594,466.2797049762594,474.2797049762594,0.007325715603899068,241.61749890138597,6.231242706718904e-05,2.05519482225543,0.016939317037332497,0.003678567850749762,True
603,317.5740418519535,473.306722066583,481.306722066583,468.306722066583,477.306722066583,0.007279254686997286,240.08512020346072,0.0009879043511644477,32.58316202653381,0.23987992069071717,0.004118328655103134,True
604,317.8294383027916,471.3337181476895,481.3337181476895,469.3337181476895,478.3337181476895,0.009117776406240733,300.72343098405463,-0.0008685368421824328,-28.646170675822304,-0.38076660718333954,0.002281021564909003,True
605,318.08486939610447,471.3606932197415,479.3606932197415,467.3606932197415,476.3606932197415,0.0073090558614827975,241.06802557855886,0.0009746789262859374,32.14695971486444,0.3032754409949924,0.003213840603407221,True
606,318.3403351075208,475.38764728291903,483.38764728291903,471.38764728291903,481.38764728291903,0.00724765543873718,239.04291057581597,0.0018690887200971144,61.64647471904223,0.6833586127649856,0.0027351506005528527,True
607,318.5958354126692,467.4145803374213,474.4145803374213,464.4145803374213,471.4145803374213,0.006455772404464718,212.92494360730348,4.139225013841813e-05,1.3652034139875582,0.014912292774296659,0.0027757133503818567,True
608,318.8513702871784,477.4414923834661,486.4414923834661,473.4414923834661,480.4414923834661,0.008110453229968836,267.4997952880859,-0.0017362626945022748,-57.26559320131648,-0.3839612699273619,0.004521973517877838,True
609,319.1069397066769,472.46838342128876,481.46838342128876,468.46838342128876,476.46838342128876,0.008195021831052628,270.2890455107644,-0.0008412199891516267,-27.745203444218646,-0.2045233400403216,0.004113075744733002,True
610,319.3625436467934,469.4952534511442,479.4952534511442,466.4952534511442,474.4952534511442,0.009153106472273326,301.8886908238267,-0.0017684632893366645,-58.32763650298125,-0.4821054576070718,0.0036682084001173182,True
611,319.6181820831566,464.5221024733048,473.5221024733048,460.5221024733048,467.5221024733048,0.00833387223672247,274.8686237463069,-0.0017822036592709967,-58.7808227849803,-0.3835165283507868,0.004647006132786247,True
612,319.8738549913952,480.54893048806184,489.54893048806184,476.54893048806184,483.54893048806184,0.008058491086072081,265.78597456056474,-0.0017255632335515404,-56.91270248943391,-0.3840646840688554,0.004492897434022286,True
613,320.1295623471377,480.5757374957252,488.5757374957252,477.5757374957252,485.5757374957252,0.007170055169529539,236.48349058549513,4.466826329640062e-05,1.4732532139523187,0.016560656653207332,0.0026972519406559666,True
614,320.38530412601284,479.60252349662255,488.60252349662255,475.60252349662255,484.60252349662255,0.00807424611908318,266.30560866555567,6.727493986547449e-05,2.2188689252946006,0.01866844256556894,0.0036036717915372725,True
615,320.6410803036492,471.6292884911006,481.6292884911006,470.6292884911006,478.6292884911006,0.009112121818571238,300.5369307970565,-0.0017918021537442668,-59.097401308260174,-0.9857429999143865,0.0018177173501611353,True
616,320.89689085567545,477.65603247952413,488.65603247952413,477.65603247952413,485.65603247952413,0.009887997555024586,326.1269434369618,-0.0026744769156892365,-88.2098702950453,-2.000000000000004,0.0013372384578446154,True
617,321.1527357577203,472.6827554622762,482.6827554622762,469.6827554622762,478.6827554622762,0.009092024753618443,299.8740873518962,-0.0008488576697212834,-27.99711020342545,-0.266135277536779,0.003189572151343123,True
618,321.4086149854122,469.7094574397588,478.7094574397588,465.7094574397588,475.7094574397588,0.008242702896450599,271.86166727078466,0.000984025190698944,32.455219160581805,0.3053859599879946,0.003222234547841126,True
619,321.6645285143801,468.7361384123915,478.7361384123915,467.7361384123915,474.7361384123915,0.009167774503378547,302.3724733211387,-0.0027164074955958236,-89.59282895632913,-1.1884275082895135,0.002285715768650887,True
620,321.92047632025236,474.76279838061305,483.76279838061305,472.76279838061305,481.76279838061305,0.008155786804664198,268.99499187042704,3.417936296792358e-05,1.1273072339794794,0.01881816077706329,0.0018162966813198584,True
621,322.1764583786578,473.78943734488007,480.78943734488007,469.78943734488007,477.78943734488007,0.006369543571071041,210.08093543332035,0.0009637528937342585,31.786596195340508,0.3011492581515315,0.0032002499346995565,True
622,322.43247466522496,475.816055305668,483.816055305668,471.816055305668,479.816055305668,0.007241184005293486,238.82946909821618,6.087666597030285e-05,2.007840403382687,0.016743040255958103,0.0036359385774420243,True
623,322.6885251555826,473.84265226346974,482.84265226346974,471.84265226346974,478.84265226346974,0.008171476306538925,269.5124646207973,-0.0017758450708480773,-58.5711031733602,-0.651715763535861,0.0027248766566782,True
624,322.9446098253593,471.86922821879784,478.86922821879784,467.86922821879784,475.86922821879784,0.006395273669102555,210.92956814976827,0.0009678660980590543,31.922258319720385,0.30121177734990395,0.00321324121710795,True
625,323.2007286501836,470.89578317218206,477.89578317218206,466.89578317218206,474.89578317218206,0.006408397042842875,211.3624046003939,0.0009699646834975236,31.99147407860181,0.3012436651514519,0.0032198674883664974,True
626,323.4568816056843,478.92231712417106,488.92231712417106,477.92231712417106,484.92231712417106,0.008974786280998718,296.00731609554003,-0.00265992544592718,-87.72993223583697,-1.188672955716899,0.0022377268979952153,True
627,323.71306866749,474.94883007533167,482.94883007533167,471.94883007533167,478.94883007533167,0.0072542961142129025,239.2619340113703,-0.0008600932102881811,-28.36768194786137,-0.27030338678903953,0.003181954989559372,True
628,323.9692898112294,473.9753220262494,481.9753220262494,469.9753220262494,477.9753220262494,0.007269071866731006,239.74926938730403,6.134847319332493e-05,2.023401597312983,0.01680779192315067,0.0036500019439689125,True
629,324.22554501253103,479.00179297752766,487.00179297752766,476.00179297752766,483.00179297752766,0.007193421095656771,237.25414794316973,-0.0008532667729965028,-28.14253169715485,-0.270433298856633,0.0031551838349938265,True
630,324.4818342470236,482.0282429297881,489.0282429297881,478.0282429297881,488.0282429297881,0.0062614566252299905,206.5160007661727,0.0027299429649254503,90.03925718569425,1.2111778154285642,0.002253957206076702,True
631,324.73815749033565,481.0546718836713,492.0546718836713,479.0546718836713,488.0546718836713,0.009818922868859731,323.84871509573776,-0.0017355283653565732,-57.24137348256846,-0.6482816163431221,0.0026771210560411663,True
632,324.994514718096,489.08107983983564,498.08107983983564,485.08107983983564,492.08107983983564,0.007919182477761775,261.1912838388209,-0.0016968511128604502,-55.965716397611885,-0.384341891597359,0.00441495228586243,True
633,325.2509059059332,485.10746679895806,495.10746679895806,481.10746679895806,490.10746679895806,0.008861516688576787,292.27144685049325,-0.0008122948539691123,-26.791191686723778,-0.2029717419016423,0.004002009572163699,True
634,325.50733102947595,484.1338327617334,492.1338327617334,481.1338327617334,490.1338327617334,0.0071177889999491616,234.75964245188138,0.0009309958024371571,30.706198470607973,0.41673219475430473,0.00223403858438643,True
635,325.76379006435286,469.16017772887517,478.16017772887517,466.16017772887517,475.16017772887517,0.008252262116278372,272.17695043370264,5.260332527955679e-05,1.7349682372569646,0.019061456230870532,0.002759669809191404,True
636,326.0202829861925,467.18650170111505,474.18650170111505,462.18650170111505,472.18650170111505,0.006458900767031362,213.02812358041172,0.0028374094412256853,93.58372746319009,0.8718890487386526,0.0032543239823123347,True
637,326.27680977062363,468.2128046792034,476.2128046792034,465.2128046792034,473.2128046792034,0.007357782177235364,242.67512189233716,4.704563137080623e-05,1.5516638101540536,0.016995616188248172,0.0027681038951289398,True
638,326.5333703932748,480.239086663908,489.239086663908,476.239086663908,486.239086663908,0.008063642346168798,265.9558739462434,0.000961187975285608,31.701999793574828,0.3049576380171754,0.0031518737537948576,True
639,326.78996482977476,478.2653476560156,486.2653476560156,475.2653476560156,482.2653476560156,0.0072044063429388475,237.6164644889685,-0.0008544991355974611,-28.183177606098553,-0.2704098562165564,0.003160014755206037,True
640,327.04659305575206,490.2915876563309,499.2915876563309,487.2915876563309,494.2915876563309,0.007899807124932226,260.5522439764878,-0.001705501871058614,-56.25103658644488,-0.4847546282218145,0.003518278674955134,True
641,327.30325504683543,483.31780666567715,490.31780666567715,479.31780666567715,486.31780666567715,0.006244869668228937,205.96892805933072,5.173866804476703e-05,1.7064500241876601,0.014438577390042541,0.0035833632806822244,True
642,327.55995077865344,483.3440046848955,490.3440046848955,478.3440046848955,487.3440046848955,0.006244533608112117,205.95784409029662,0.0018507590150685501,61.04192251908458,0.5154425358294151,0.003590621429972663,True
643,327.8166802268348,470.37018171484556,478.37018171484556,466.37018171484556,473.37018171484556,0.007324318302162332,241.57141295305064,-0.0008541958725018454,-28.173175351761387,-0.20652178700552395,0.004136105371192618,True
644,328.07344336700805,469.39633775640505,477.39633775640505,464.39633775640505,471.39633775640505,0.007339386188684751,242.06838352249767,-0.0008419682098631618,-27.76988133600733,-0.16600663973071708,0.005071894782214353,True
645,328.330240174802,471.42247281047025,480.42247281047025,468.42247281047025,475.42247281047025,0.008213032686019453,270.88308136547926,-0.0017710484854512095,-58.41290170479084,-0.48414655320106026,0.00365808343308749,True
646,328.5870706258451,481.448586877955,488.448586877955,476.448586877955,483.448586877955,0.006268941165431003,206.76285663412816,6.531076926987421e-05,2.154086450464149,0.014509577827804201,0.004501217750438021,True
647,328.84393469576617,472.4746799597922,482.4746799597922,470.4746799597922,476.4746799597922,0.009095987195992833,300.0047770302576,-0.0035924156778872488,-118.4854201333261,-0.987336463079399,0.0036384918538133197,True
648,329.10083236019375,486.50075205693247,495.50075205693247,483.50075205693247,490.50075205693247,0.007960802022806029,262.5639839165654,-0.0017182783663003574,-56.67243225506627,-0.4846362384220237,0.003545501202912672,True
649,329.35776359475653,482.52680317034446,491.52680317034446,478.52680317034446,487.52680317034446,0.008025762746800318,264.70652513806317,6.646608599041037e-05,2.1921912243249153,0.01855588592248915,0.0035819408606007634,True
650,329.61472837508313,476.55283330101565,483.55283330101565,472.55283330101565,479.55283330101565,0.0063328763642111225,208.87157387846037,5.321345188162314e-05,1.7550914950484469,0.014642903875606687,0.003634077798616867,True
651,329.87172667680215,473.57884244995125,480.57884244995125,469.57884244995125,477.57884244995125,0.00637235535260879,210.17367389865825,0.0009642022972372617,31.801418467493107,0.3011560901747664,0.0032016695949190913,True
652,330.1287584755424,473.6048306181747,481.6048306181747,470.6048306181747,478.6048306181747,0.007274710952420844,239.93525828642868,4.598596926332771e-05,1.5167139264930825,0.016803133320117195,0.0027367496518207104,True
653,330.3858237469324,480.6307978067275,489.6307978067275,476.6307978067275,484.6307978067275,0.008057131112825194,265.7411197842872,-0.0008282225860476132,-27.316521769962407,-0.20482276142177333,0.004043606190535279,True
654,330.6429224666007,478.65674401667,487.65674401667,473.65674401667,483.65674401667,0.008090052371635055,266.8269320986623,0.0009834702443532132,32.436915863630475,0.2417147867241441,0.0040687218919527425,True
655,330.90005461017614,477.68266924907994,486.68266924907994,473.68266924907994,480.68266924907994,0.008106396329072766,267.36599016913243,-0.0017354275418922493,-57.238048112789215,-0.38396934420631174,0.004519703377569073,True
656,331.1572201532873,475.70857350505366,483.70857350505366,469.70857350505366,478.70857350505366,0.007242806514484677,238.88298286177417,0.0009999117474591276,32.97919119527393,0.19948223243463126,0.00501253537849187,True
657,331.41441907156275,479.73445678570556,486.73445678570556,473.73445678570556,483.73445678570556,0.006291179140618752,207.49631179892262,0.0027808704670158925,91.7189532516783,0.6823379078142564,0.004075503405525128,True
658,331.67165134063123,485.7603190921682,490.7603190921682,479.7603190921682,487.7603190921682,0.004447405003328043,146.68476523081213,0.002734736443195743,90.19735617469809,0.6785370240632967,0.004030342260204559,True
659,331.92891693612137,474.78616042559224,483.78616042559224,469.78616042559224,478.78616042559224,0.008155389240385249,268.9818793648472,8.598054132248276e-05,2.8358189795776525,0.018876732857799013,0.004554842300846541,True
660,332.1862158336617,474.81198078714624,483.81198078714624,471.81198078714624,480.81198078714624,0.008154949886723432,268.9673885575813,5.136612551200938e-05,1.6941627883916794,0.018835984653468262,0.0027270209897177506,True
661,332.44354800888107,478.83778017801774,487.83778017801774,476.83778017801774,483.83778017801774,0.008087022033963255,266.72698519262946,-0.0017579026035424786,-57.97932288746006,-0.6518711488030043,0.002696702571927627,True
662,332.70091343740796,475.8635585994116,482.8635585994116,472.8635585994116,479.8635585994116,0.006341982702017055,209.17192004036292,3.9941406880193535e-05,1.3173515537319531,0.014648629003412976,0.002726631063622924,True
663,332.958312094871,478.88931605255107,488.88931605255107,476.88931605255107,484.88931605255107,0.00897539840165954,296.0275051215807,-0.0017503761974026729,-57.73108619284301,-0.6500345468606081,0.002692743340882803,True
664,333.215743956899,478.9150525386776,488.9150525386776,475.9150525386776,483.9150525386776,0.00897492102105804,296.0117601059133,-0.001735230801761591,-57.231559209742244,-0.48245595397899194,0.003596661596671165,True
665,333.4732089991205,473.94076805905047,480.94076805905047,468.94076805905047,477.94076805905047,0.006367524593675975,210.01434531504233,0.0018885621512847164,62.28874941177983,0.5157474304373765,0.003661796530296104,True
666,333.73070719716407,484.96646261494743,490.96646261494743,478.96646261494743,486.96646261494743,0.005340120525194162,176.12839958496784,0.0018538268136231448,61.143104963773,0.4138294501566478,0.004479687979967137,True
667,333.9882385266585,476.9921362076641,486.9921362076641,472.9921362076641,480.9921362076641,0.009010729194410427,297.1927889300498,-0.0017266734682704708,-56.94932036412163,-0.38195369562424786,0.004520635585024184,True
668,334.2458029632324,479.0177888385142,488.0177888385142,475.0177888385142,484.0177888385142,0.008084011145595529,266.6276797655263,6.743844780839232e-05,2.224261760937395,0.01869111324695631,0.003608048751155799,True
669,334.5034004825144,474.04342050882974,482.04342050882974,469.04342050882974,478.04342050882974,0.007268036320897825,239.71511490906065,0.000986260601789391,32.52894771706613,0.2398526014777341,0.004111944568093197,True
670,334.76103106013306,473.0690312199606,481.0690312199606,467.0690312199606,476.0690312199606,0.007282881611342668,240.20474379198347,0.0010059769168178625,33.17923322940513,0.19958047800934367,0.005040457497906013,True
671,335.01869467171707,477.09462097327514,486.09462097327514,473.09462097327514,482.09462097327514,0.008116295172405847,267.692474829127,6.79804438678492e-05,2.242137930226704,0.018766066090001806,0.003622519687494219,True
672,335.2763912928952,485.12018977015896,494.12018977015896,482.12018977015896,490.12018977015896,0.007983250037329396,263.30436662014057,-0.0008359758773566362,-27.572241614361303,-0.268628174381086,0.003112018608184745,True
673,335.534120899296,477.14573761201655,485.14573761201655,474.14573761201655,481.14573761201655,0.007221171527202576,238.16941550555816,-0.0008563794930321715,-28.2451957467118,-0.27037407849851647,0.0031673875609228215,True
674,335.79188346654803,487.1712645002699,495.1712645002699,484.1712645002699,491.1712645002699,0.007073770225413409,233.3078107424479,-0.0008398298788810064,-27.699354685551953,-0.27068861404697636,0.003102568173537063,True
675,336.04967897028007,481.19677043635966,488.19677043635966,478.19677043635966,486.19677043635966,0.006272198206569718,206.8702806970192,0.0009332327820147585,30.77997875909557,0.4148717628411081,0.002249448782977736,True
676,336.30750738612073,484.22225542174374,492.22225542174374,481.22225542174374,489.22225542174374,0.007116499828883139,234.7171228803514,4.4001410847540993e-05,1.4512590184987175,0.016436582813546576,0.002677041289341252,True
677,336.5653686896986,470.24771945789894,479.24771945789894,468.24771945789894,476.24771945789894,0.008233356880378257,271.5534160158643,-0.0008761187134451558,-28.896236726777943,-0.3827372634422639,0.0022890865278324766,True
678,336.8232628566424,483.2731625463193,491.2731625463193,480.2731625463193,488.2731625463193,0.00713036170956477,235.1743168422058,4.4173530092754196e-05,1.456935872991778,0.016468696653894385,0.0026822723753496544,True
679,337.0811898625807,481.2985846885176,488.2985846885176,476.2985846885176,484.2985846885176,0.006270880914434524,206.8268336335189,0.000963027937832023,31.762685625864037,0.2375629738397014,0.004053779603221494,True
680,337.3391496831422,484.32398588602405,493.32398588602405,481.32398588602405,488.32398588602405,0.007996254009556615,263.7332649578882,-0.0017257016544012403,-56.91726790001067,-0.4845674220718111,0.003561324133229695,True
681,337.5971422939555,477.349366140387,485.349366140387,474.349366140387,481.349366140387,0.007218116564741536,238.06865642221604,-0.0008560368907687401,-28.233896003931164,-0.27038059799342395,0.003166044076837052,True
682,337.85516767064934,483.37472545317314,493.37472545317314,481.37472545317314,488.37472545317314,0.008892959322100484,293.3084909949349,-0.0026230631697715,-86.51413688557705,-0.8428362312330696,0.0031121860600771254,True
683,338.1132257888523,484.400063825967,491.400063825967,481.400063825967,488.400063825967,0.006231016857892078,205.51203325651235,3.855165066796347e-05,1.2715144726551273,0.014391536730285563,0.0026787723500601114,True
684,338.37131662419296,481.42538126037084,490.42538126037084,478.42538126037084,484.42538126037084,0.008043955366778132,265.3065559849013,-0.002631277260723628,-86.78505487078317,-0.6528559763952974,0.004030410007505879,True
685,338.62944015230005,471.45067775800544,481.45067775800544,470.45067775800544,475.45067775800544,0.009115538000592591,300.6496036607631,-0.004524165714552311,-149.21649483413276,-1.4207953244825633,0.0031842487349118763,True
686,338.88759634880216,484.4759533205088,493.4759533205088,479.4759533205088,489.4759533205088,0.007993768736352207,263.6512954236878,0.0009707608547949546,32.017733481503114,0.24148194501837705,0.0040200142280661134,True
687,339.1457851893281,479.50120794953773,488.50120794953773,475.50120794953773,485.50120794953773,0.008075936391320529,266.3613573968105,0.0009627538548793047,31.75364579397484,0.30498704461206605,0.0031567041023132553,True
688,339.4040066495063,477.52644164676644,485.52644164676644,473.52644164676644,482.52644164676644,0.0072154620678152965,237.98110553396998,0.0009614199233300017,31.709649927621967,0.3030500063326795,0.0031724794695255107,True
689,339.66226070496543,478.55165441388726,485.55165441388726,473.55165441388726,482.55165441388726,0.006306616247308434,208.00546002556814,0.0018698344640803522,61.67107092312574,0.5155964350867411,0.003626546532979386,True
690,339.9205473313343,480.5768462526107,487.5768462526107,474.5768462526107,484.5768462526107,0.006280230862570749,207.13521457617108,0.002775882293108328,91.55443279131683,0.6823105738818093,0.004068355964814888,True
691,340.1788665042414,475.60201716466463,484.60201716466463,471.60201716466463,480.60201716466463,0.008141529645777225,268.52476080250557,6.840561270995277e-05,2.2561608923227823,0.01882465390886432,0.0036338310941133063,True
692,340.43721819931545,476.6271671517957,485.6271671517957,473.6271671517957,481.6271671517957,0.008124181267032961,267.95257480610246,-0.0008498105369347175,-28.028537767003314,-0.26832511754875005,0.0031670927593288826,True
693,340.69560239218504,480.6522962157678,487.6522962157678,476.6522962157678,484.6522962157678,0.006279252121580029,207.10293364103293,0.0009493330587584687,31.31099972807297,0.30092987800710264,0.0031546653494342034,True
694,340.9540190584788,480.6774043583632,485.6774043583632,476.6774043583632,482.6774043583632,0.0044941915077854905,148.22788249069185,0.0009382112767711585,30.944179980706593,0.2968989327580495,0.003160035868285625,True
695,341.2124681738255,478.70249158138154,484.70249158138154,472.70249158138154,480.70249158138154,0.005409564259249305,178.4187999013337,0.0018789174697816614,61.970647543174834,0.4140100566233532,0.004538337752242119,True
696,341.4709497138537,484.7275578866411,492.7275578866411,481.7275578866411,490.7275578866411,0.007109141648384955,234.47443462099696,0.0009298143428801151,30.667231451048366,0.4167118489589179,0.0022313124649637264,True
697,341.72946365419205,476.75260327597766,483.75260327597766,471.75260327597766,479.75260327597766,0.0063302419935670675,208.78468679730517,0.000972792613314513,32.084745148132015,0.2377087778044793,0.004092371439958588,True
698,341.9880099704692,481.7776277512446,487.7776277512446,476.7776277512446,482.7776277512446,0.005375248375337556,177.28698991966667,5.601957507785863e-05,1.8476433363897513,0.012441189775117255,0.004502750628392425,True
699,342.2465886383138,484.8026313143141,492.8026313143141,480.8026313143141,486.8026313143141,0.007108049732288073,234.4384209329692,-0.0017219684637682425,-56.794139425955905,-0.3861680567705197,0.004459116784979246,True
700,342.50519963335444,479.8276139670752,488.8276139670752,477.8276139670752,483.8276139670752,0.00807049341031113,266.1818364422489,-0.00265108606124683,-87.4383907491382,-0.8444195351944196,0.0031395366293088455,True
701,342.76384293121987,483.85257571143575,492.85257571143575,482.85257571143575,488.85257571143575,0.00800397328652631,263.9878629378797,-0.002640617941300147,-87.09313014983638,-1.1901034276335432,0.002218813827425801,True
702,343.0225185075386,483.8775165493205,490.8775165493205,480.8775165493205,488.8775165493205,0.006237697742150506,205.73238286223713,0.0009278947113420272,30.603917967953493,0.4147898688624268,0.0022370235654183292,True
703,343.2812263379394,486.90243648267324,493.90243648267324,481.90243648267324,492.90243648267324,0.006199220814660779,204.46333291706455,0.003602622035884324,118.82204727331955,1.3435026349811912,0.002681514678186515,True
704,343.53996639805086,488.9273355134544,494.9273355134544,482.9273355134544,489.9273355134544,0.005297122172152906,174.71022352129737,0.0009527606304331158,31.424048246485683,0.19499210177683915,0.00488614985812868,True
705,343.79873866350164,478.9522136436433,485.9522136436433,473.9522136436433,480.9522136436433,0.00630137995250113,207.83275601639565,6.599199207124075e-05,2.176554610349143,0.014585049151502178,0.004524632819934237,True
706,344.0575431099204,485.97707087523645,491.97707087523645,481.97707087523645,486.97707087523645,0.0053290833911285185,175.76437170398364,-0.0008469482930338751,-27.934134946861093,-0.21105771977362262,0.004012875216989453,True
707,344.3163797129357,486.00190721024865,492.00190721024865,481.00190721024865,489.00190721024865,0.0053288127209744195,175.75544443336648,0.0018349418568434786,60.52023939395272,0.5134565514174351,0.0035737042438702647,True
708,344.5752484481763,487.0267226507119,496.0267226507119,483.0267226507119,491.0267226507119,0.007952282889084549,262.2830049796415,-0.0008183129902361091,-26.98968247062831,-0.20505039586800888,0.00399078961429003,True
709,344.83414929127076,487.05151719867695,496.05151719867695,484.05151719867695,491.05151719867695,0.007951881742368045,262.269774317741,-0.001716410228044746,-56.610817128663825,-0.48465355314847397,0.0035415199515083768,True
710,345.0930822178478,492.0762908562117,500.0762908562117,490.0762908562117,499.0762908562117,0.007003824248264619,231.0008453931639,0.000899421976119307,29.66482731205457,0.6818777847353475,0.0013190369245837702,True
711,345.35204720353596,482.1010436254021,490.1010436254021,478.1010436254021,487.1010436254021,0.007147555683588,235.7414102463583,0.0009518126764444558,31.392782731388166,0.30288645272158726,0.0031424735833905405,True
712,345.611044223964,483.1257755083516,493.1257755083516,478.1257755083516,490.1257755083516,0.008897495154215462,293.4580922721772,0.0018678904097730598,61.60695192576708,0.5211593265531028,0.0035841062696260386,True
713,345.8700732547605,490.150486507182,499.150486507182,487.150486507182,496.150486507182,0.007902060702742625,260.62657170958164,4.822023535521955e-05,1.5904047185183003,0.018250119916270638,0.0026421873158339894,True
714,346.1291342715541,495.1751766240325,503.1751766240325,491.1751766240325,500.1751766240325,0.0069603425521465095,229.566727658856,0.0009253816276278319,30.521031184684148,0.3024355864557311,0.0030597643566766053,True
715,346.3882272499735,491.19984586106034,498.19984586106034,487.19984586106034,495.19984586106034,0.0061453669822176555,202.68712032505016,0.0009279916247484608,30.607114375804855,0.30060460953283863,0.003087083814817834,True
716,346.64735216564725,493.2244942204402,503.2244942204402,491.2244942204402,498.2244942204402,0.008717135902946463,287.5094650592742,-0.0025720751078495098,-84.83244342905465,-0.843120998599013,0.0030506595282568504,True
717,346.9065089942041,500.24912170436505,511.24912170436505,498.24912170436505,505.24912170436505,0.009446240112973485,311.55685444624925,-0.003387214691703248,-111.71746028685223,-0.9865481313064834,0.0034334003422798716,False
718,347.1656977112726,500.273728315045,510.273728315045,496.273728315045,505.273728315045,0.008595512378043109,283.49806556144523,-0.000790079846514094,-26.058494046031797,-0.2035526817650233,0.0038814514240895367,False
719,347.42491829248155,488.2983140547085,499.2983140547085,485.2983140547085,494.2983140547085,0.00967487480593727,319.09770719879043,-0.0016945281896723167,-55.889101508199815,-0.4808937038105577,0.0035237063331148453,True
720,347.68417071345937,490.3228789256016,501.3228789256016,488.3228789256016,496.3228789256016,0.009635366701839837,317.79464688161454,-0.00257814377723368,-85.03260090138167,-0.8413873903844707,0.0030641578501142035,True
721,347.9434549498349,487.3474229299877,496.3474229299877,485.3474229299877,492.3474229299877,0.007947097456365624,262.1119785090532,-0.0017281563755077852,-56.99822976180445,-0.6521285526953151,0.0026500240916689437,True
722,348.2027709772367,484.3719460701486,492.3719460701486,481.3719460701486,489.3719460701486,0.007114318456398022,234.64517663065732,4.397435611855002e-05,1.4503666966689082,0.016431529259070547,0.002676218106374686,True
723,348.4621187712934,480.3964483483835,488.3964483483835,478.3964483483835,484.3964483483835,0.00717270913512704,236.5710239494026,-0.0017597057076157155,-58.03879304982922,-0.653753989001221,0.0026916940274492596,True
724,348.72149830763374,494.42092976700906,504.42092976700906,491.42092976700906,497.42092976700906,0.008696251337548573,286.8206481941485,-0.003425845668790636,-112.99159111156013,-0.7864441863707942,0.004356120533613318,True
725,348.98090956188616,496.4453903283602,505.4453903283602,492.4453903283602,499.4453903283602,0.007802757652414478,257.351348379755,-0.001672824995166744,-55.17328453438563,-0.3845735161977311,0.004349818499479433,True
726,349.24035250967955,499.4698300347891,507.4698300347891,495.4698300347891,503.4698300347891,0.006900967549985928,227.60841528433957,5.526869529094789e-05,1.8228777427059697,0.015953272482709516,0.0034644111639696015,True
727,349.4998271266424,491.4942488886659,500.4942488886659,488.4942488886659,496.4942488886659,0.007880651028208634,259.9204356413943,-0.0008258838667563875,-27.239385891867727,-0.2688487708552865,0.003071927255345113,True
728,349.75933338840343,492.5186468923787,499.5186468923787,486.5186468923787,495.5186468923787,0.006129027302752784,202.14820335111645,0.0018314845778752758,60.4062110665553,0.41554336207117404,0.00440744515505359,True
729,350.01887127059126,495.54302404833265,505.54302404833265,491.54302404833265,500.54302404833265,0.008676755183701635,286.1776240603442,-0.0007968790904988223,-26.282747404316126,-0.20337527187441756,0.003918269331145077,True
730,350.27844074883444,505.56738035895114,514.5673803589511,502.56738035895114,508.56738035895114,0.007663206668654926,252.74866360623406,-0.0025090025455006375,-82.75217774744331,-0.653513796042022,0.0038392495471347397,False
731,350.5380417987618,493.5917158266748,501.5917158266748,488.5917158266748,496.5917158266748,0.0069824930488307105,230.29729759872808,7.087815576075664e-05,2.337710559299069,0.016158896920072156,0.004386323900161381,True
732,350.79767439600187,505.61603045396237,514.6160304539624,500.61603045396237,508.61603045396237,0.007662475785769514,252.7245575523942,-0.0007771839637804537,-25.633160726981174,-0.16519399395289167,0.004704674456881787,False
733,351.0573385161833,499.64032424329025,506.64032424329025,496.64032424329025,502.64032424329025,0.006042271439402003,199.28681262135763,-0.0008269233581962004,-27.273670504511415,-0.27300530591321714,0.0030289644204170253,True
734,351.3170341349347,510.66459719715203,520.664597197152,509.66459719715203,516.664597197152,0.008422298047117052,277.7850928397147,-0.002498061397478185,-82.39131568792138,-1.1893751860061836,0.002100314036201187,False
735,351.57676122788484,504.6888493180593,515.6888493180593,501.6888493180593,508.6888493180593,0.009364031344580387,308.8454364659592,-0.0033462619136214395,-110.3667515850398,-0.7850666673258295,0.004262392039926752,False
736,351.83651977066233,501.7130806085411,510.7130806085411,498.7130806085411,505.7130806085411,0.007721557286125506,254.67318962046932,-0.0016681295483332121,-55.01841882822325,-0.4851005475357404,0.0034387294691938285,False
737,352.0963097388957,503.7372910711447,512.7372910711447,499.7372910711447,506.7372910711447,0.007690802211880725,253.6588226262612,-0.0016496950717098799,-54.410411040845446,-0.3847962087661906,0.004287191594219333,False
738,352.3561311082137,505.7614807084342,513.7614807084342,502.7614807084342,509.7614807084342,0.006815789928170539,224.79907827780204,-0.000810770932588049,-26.740929556370418,-0.2712389698845418,0.0029891388133982725,False
739,352.6159838542449,501.78564952299166,510.78564952299166,498.78564952299166,505.78564952299166,0.007720450451383583,254.63668388416988,-0.0016678973252819244,-55.01075962387063,-0.4851026952284007,0.003438235535872727,False
740,352.875867952618,506.8097975174171,514.8097975174171,501.8097975174171,509.8097975174171,0.006801801552085362,224.3377122316518,6.723954136984497e-05,2.217701408502876,0.015738687428992853,0.004272245806596323,False
741,353.1357833789617,498.83392469432783,506.83392469432783,494.83392469432783,501.83392469432783,0.006909695177397971,227.89627078142144,-0.000809144500308061,-26.687286401097793,-0.20741512079685318,0.003901087332492767,True
742,353.39573010890456,504.8580310563584,511.8580310563584,500.8580310563584,507.8580310563584,0.005980252546365953,197.24129916844285,4.7430146238792124e-05,1.5643459187310782,0.01382435426806212,0.003430912237858964,False
743,353.6557081180752,498.8821166061616,506.8821166061616,494.8821166061616,502.8821166061616,0.006909032983503043,227.8744302348685,5.5398481526666536e-05,1.8271583655641734,0.01597199176093337,0.003468476715732363,True
744,353.91571738210234,509.9061813464075,516.9061813464075,505.9061813464075,512.9061813464075,0.005921448903643502,195.30183142916468,4.6498332831557306e-05,1.533612753935671,0.013687889651629216,0.0033970417657496815,False
745,354.1757578766146,501.93022527978405,509.93022527978405,499.93022527978405,508.93022527978405,0.006867405971287327,226.50148387411363,0.0008814437886316834,29.07186889946911,0.6815818915676152,0.0012932324046995918,False
746,354.4358295772406,503.95424840899614,512.9542484089961,503.95424840899614,508.95424840899614,0.0076875203765234225,253.55058079792497,-0.0033998871817824015,-112.13542564659787,-1.9999999999999827,0.0016999435908912155,False
747,354.6959324596091,506.97825073676677,515.9782507367668,504.97825073676677,510.97825073676677,0.00764206725557509,252.05144132888074,-0.0025123256121705097,-82.86177947113427,-0.8450990860764955,0.002972817807476723,False
748,354.9560664993486,512.0022322658367,521.0022322658367,508.0022322658367,515.0022322658367,0.0075677296150020845,249.5996296888111,-0.001624238796861628,-53.57080958854405,-0.3850409690982227,0.004218353181131979,False
749,355.21623167208776,516.0261929989636,524.0261929989636,511.02619299896355,520.0261929989636,0.006681248801041207,220.36162910641184,0.0009008094285645248,29.710588410052907,0.2384241013117655,0.0037781810798842787,False
750,355.4764279534553,518.0501329389228,526.0501329389228,512.0501329389228,521.0501329389228,0.0066553452033800645,219.50727400749128,0.0009116826061980809,30.069208663278687,0.19804269506307184,0.004603464954401534,False
751,355.7366553190798,517.0740520885079,525.0740520885079,511.07405208850787,519.0740520885079,0.00666781254839094,219.9184732516805,7.76751895407695e-05,2.561891020386156,0.01544215314524967,0.005030075068557653,False
752,355.9969137445899,517.0979504505292,523.0979504505292,510.0979504505292,519.0979504505292,0.005010201999424412,165.2469931329767,0.0025855336020847424,85.27633285800889,0.5588565383091095,0.004626471061620927,False
753,356.25720320561436,512.1218280278149,521.1218280278149,504.1218280278149,515.1218280278149,0.007565977629065174,249.54184551002567,0.0018084732402351951,59.64724878251411,0.30478783293870937,0.005933548012065384,False
754,356.5175236777817,523.1456848232108,532.1456848232108,518.1456848232108,528.1456848232108,0.00740789741719291,244.32802784584433,0.0008939526997676266,29.48443908183296,0.24006558053434846,0.003723785383051696,False
755,356.7778751367206,517.16952083958,526.16952083958,513.16952083958,522.16952083958,0.007492765311165886,247.12714937710672,5.789903439703311e-05,1.9096318552647915,0.017318870007182657,0.0033431184813455285,False
756,357.03825755805974,528.193336079803,535.193336079803,522.193336079803,531.193336079803,0.005717779553197328,188.5843881487454,0.0017035132201791902,56.18544670039756,0.41449666902301624,0.004109835729668065,False
757,357.29867091742767,525.2171305467782,531.2171305467782,518.2171305467782,527.2171305467782,0.004933188946227281,162.70694076098096,0.0025445589081538617,83.92490132542804,0.5586497095475162,0.004554837968527455,False
758,357.5591151904532,533.2409042434213,540.2409042434213,526.2409042434213,535.2409042434213,0.005664007418709094,186.81087012700826,0.0017006859229181702,56.09219649389283,0.3478944761422858,0.0048885108547184995,False
759,357.81959035276486,532.2646571726652,543.2646571726652,529.2646571726652,536.2646571726652,0.008883822723568684,293.00714677068675,-0.0031775412196283813,-104.8019884547578,-0.7858380900699445,0.004043506238474086,False
760,358.08009637999123,535.288389337461,545.288389337461,532.288389337461,538.288389337461,0.008038427053330143,265.1242205871505,-0.003170407820798621,-104.5667139673076,-0.7874766219172453,0.004026034211758218,False
761,358.3406332477611,528.3121007407767,539.3121007407767,524.3121007407767,532.3121007407767,0.008949606707749693,295.17684084359394,-0.0023731488886060467,-78.27143858552347,-0.5288646901489754,0.004487251527300029,False
762,358.60120093170303,544.3357913855975,552.3357913855975,539.3357913855975,547.3357913855975,0.00633629527750589,208.98433682530515,5.831129927277856e-05,1.9232292174269503,0.014656627533214152,0.003978493629631801,False
763,358.86179940744574,542.3594612749271,551.3594612749271,537.3594612749271,544.3594612749271,0.007147610748207313,235.74322639324632,-0.0015267350356423376,-50.35493059554247,-0.3190209932529137,0.004785688302437111,False
764,359.12242865061785,545.3831104117853,555.3831104117853,540.3831104117853,548.3831104117853,0.007890983964882671,260.26123761221595,-0.0015086801842437592,-49.75944364603018,-0.31733243167009667,0.004754257786711838,False
765,359.3830886368479,552.4067387992104,559.4067387992104,544.4067387992104,551.4067387992104,0.0054687258335032315,180.37007297487403,7.98511593559769e-05,2.6336590786705187,0.012683746470706024,0.006295549941840811,False
766,359.6437793417646,575.4303464402581,581.4303464402581,568.4303464402581,574.4303464402581,0.0045049335191962156,148.58217660618388,5.518627210090044e-05,1.8201592526488355,0.01043630465154285,0.005287913101764616,False
767,359.9045007409967,571.4539333380005,579.4539333380005,566.4539333380005,573.4539333380005,0.006037688878707409,199.13567013733842,-0.0007037497479460324,-23.21114593374324,-0.16882547773383716,0.004168504406992015,False
768,360.16525281017266,578.4774994955283,585.4774994955283,574.4774994955283,582.4774994955283,0.005223738078647838,172.28986186783612,0.0007823922083614356,25.804939580729382,0.2983665475010608,0.0026222517735794556,False
769,360.4260355249213,573.501044915949,581.501044915949,568.501044915949,576.501044915949,0.006016285941095492,198.4297562670018,5.25455887941265e-05,1.7330639666082561,0.013913193542981359,0.0037766734597488305,False
770,360.6868488608711,578.5245696023878,587.5245696023878,573.5245696023878,578.5245696023878,0.0067042251059405275,221.1194359370257,-0.002934444859564434,-96.78415952355824,-0.5603290739039767,0.005237002676158311,False
771,360.94769279365084,592.548073557987,600.548073557987,587.548073557987,593.548073557987,0.005824187655582053,192.09395102985917,-0.0014116945431126163,-46.560653342598016,-0.32186149554724347,0.004386031142719913,False
772,361.20856729888914,593.5715567859063,602.5715567859063,588.5715567859063,595.5715567859063,0.006535545882195388,215.55604058268852,-0.0014008679009852188,-46.203567928180604,-0.320253626384685,0.004374245240559781,False
773,361.46947235221455,608.5950192893233,616.5950192893233,602.5950192893233,609.5950192893233,0.005671618482434654,187.06189900674937,-0.0006557462686881304,-21.62789028692484,-0.14160756096922486,0.004630729208242219,False
774,361.7304079292559,614.6184610714322,622.6184610714322,606.6184610714322,614.6184610714322,0.005616392809714349,185.24044023885443,7.358509850617905e-05,2.426991220900277,0.013016572752112883,0.005653185358967439,False
775,361.9913740056416,613.6418821354453,621.6418821354453,607.6418821354453,614.6418821354453,0.005625273367073226,185.533339687034,-0.0006508235720660361,-21.465529405068082,-0.1417081210555439,0.004592704830310603,False
776,362.2523705570005,635.6652824845917,642.6652824845917,628.6652824845917,635.6652824845917,0.004756346821377328,156.87431577020047,5.26683532769941e-05,1.7371129972979986,0.011012307385511273,0.0047826809980158255,False
777,362.5133975589611,647.6886621221181,654.6886621221181,640.6886621221181,645.6886621221181,0.004668525152175055,153.97777252318934,-0.001292403225690466,-42.6261749496816,-0.2408747379059494,0.005365457735111643,False
778,362.7744549871521,650.7120210512885,657.7120210512885,642.7120210512885,649.7120210512885,0.0046469497351726225,153.26616992001053,5.7529602164615654e-05,1.8974472037117494,0.010765990776672231,0.005343642155933377,False
779,363.0355428172022,652.7353592753848,661.7353592753848,645.7353592753848,652.7353592753848,0.005947201960818994,196.15122138643994,-0.0012646307161754584,-41.71017920946204,-0.23794124140401754,0.005314886602731265,False
780,363.29666102474,662.758676797705,670.758676797705,653.758676797705,660.758676797705,0.005210877125104985,171.865680586917,-0.000585468260964209,-19.309973871361507,-0.0939652309285509,0.0062306903859937965,False
781,363.5578095853941,674.7819736215654,682.7819736215654,664.7819736215654,671.7819736215654,0.005118574458867563,168.8213446388568,-0.0005694630216545914,-18.78208743672434,-0.08412847029234191,0.006768969169125957,False
782,363.81898847479323,688.8052497502995,695.8052497502995,677.8052497502995,684.8052497502995,0.004391252666285548,144.8327431257697,7.090011777343298e-05,2.3384349126401958,0.010192553563272696,0.006956070167628128,False
783,364.0801976685659,694.8285051872576,700.8285051872576,684.8285051872576,690.8285051872576,0.003734130843532262,123.15948417443077,5.4289373490909974e-05,1.7905776512557026,0.00866045247388351,0.00626865324353724,False
784,364.34143714234096,713.8517399358082,716.8517399358082,704.8517399358082,708.8517399358082,0.001821321292049128,60.07100453729464,0.0006363122756507325,20.98691634727804,0.1225541661890949,0.005192090121758364,False
785,364.60270687174693,723.8749539993362,730.8749539993362,716.8749539993362,720.8749539993362,0.004179529168235876,137.84965712797492,-0.0017629998399909742,-58.14744045966539,-0.34557492155659664,0.005101642885571019,False
786,364.86400683241243,739.8981473812441,747.8981473812441,730.8981473812441,736.8981473812441,0.004670517533497861,154.04348544710052,-0.0011199139316218107,-36.93711546749908,-0.19062248656301115,0.005875035793595201,False
787,365.1253369999661,765.921320084952,774.921320084952,755.921320084952,763.921320084952,0.005073450962958496,167.33307689646279,-0.0005014145541593828,-16.537705944285108,-0.08415436448494301,0.005958271531467586,False
788,365.3866973500367,783.9444721138966,792.9444721138966,771.9444721138966,780.9444721138966,0.00495747375683784,163.50790486036453,7.661978322189532e-05,2.527081501578806,0.011502864631477892,0.0066609306182934,False
789,365.6480878582528,778.9676034715328,789.9676034715328,768.9676034715328,776.9676034715328,0.006089885112589064,200.85721164460696,-0.0015950177292782088,-52.60703735843228,-0.24887691856955851,0.006408861610975057,False
790,365.90950850024296,805.9907141613317,815.9907141613317,796.9907141613317,802.9907141613317,0.005355178266380365,176.62503553990152,-0.0020979165754490903,-69.19369837316358,-0.3540348168277348,0.005925735198156762,False
791,366.17095925163596,820.0138041867826,829.0138041867826,809.0138041867826,815.0138041867826,0.0047405987955310355,156.35491277623353,-0.0015315662226150755,-50.514273296814764,-0.23097012203410894,0.006631014475495228,False
792,366.43244008806045,835.0368735513912,845.0368735513912,822.0368735513912,830.0368735513912,0.0051700065125142546,170.517681875708,-0.0009639194437938755,-31.792089366386534,-0.1321104594499902,0.007296314370617738,False
793,366.69395098514497,851.0599222586814,859.0599222586814,837.0599222586814,846.0599222586814,0.004063318966767953,134.01680041557935,0.0005812553378324193,19.171022811123066,0.08408194015930007,0.006912962958884914,False
794,366.9554919185182,879.0829503121934,884.0829503121934,863.0829503121934,870.0829503121934,0.0024631581516287547,81.24013327494447,0.0010449629146160534,34.46507338339093,0.14017244855061314,0.007454838132750037,False
795,367.21706286380885,887.1059577154849,893.1059577154849,870.1059577154849,876.1059577154849,0.0029274905258562575,96.55479098020382,5.700078721317852e-05,1.8800057750710408,0.00680618343774407,0.008374853210255467,False
796,367.4786637966455,902.1289444721313,910.1289444721313,886.1289444721313,894.1289444721313,0.0038343090623941226,126.46357240205941,6.892233311417808e-05,2.273203417374333,0.008907878143246836,0.007737233492178929,False
797,367.74029469265685,921.1519105857244,929.1519105857244,906.1519105857244,912.1519105857244,0.0037554670375399258,123.86319670040743,-0.0008893053776397207,-29.331160629617898,-0.11740160853785606,0.007574899430385273,False
798,368.0019555274714,941.174856059874,951.174856059874,925.174856059874,933.174856059874,0.0045900450829433,151.38933487877793,-0.0008508378764656523,-28.06242158414942,-0.10808526077927146,0.007871913990226739,False
799,368.263646276718,965.1977808982065,974.1977808982065,948.1977808982065,956.1977808982065,0.004030821223434237,132.94495653181562,-0.00038202434298149684,-12.599965827434843,-0.04830619513871674,0.007908392326998026,False
800,368.5253669160252,978.2206851043659,988.2206851043659,960.2206851043659,969.2206851043659,0.004417098137183219,145.68518108185145,-0.00036548118092178013,-12.054337569812958,-0.04430866950320915,0.008248525289059049,False
801,368.7871174210216,1004.2435686820129,1012.2435686820129,986.2435686820129,994.2435686820129,0.003445967017741004,113.65523549400413,6.26392101850436e-05,2.06597281636391,0.008006489050714435,0.007823555342207604,False
802,369.0488977673359,1033.2664316348257,1040.2664316348257,1015.2664316348257,1023.2664316348257,0.0029322640369126274,96.71223140852244,0.0004764361650778817,15.713866169062882,0.06443485469936656,0.007394075260987053,False
803,369.3107079305968,1045.2892739664996,1054.2892739664996,1028.2892739664996,1035.2892739664996,0.003723294164309061,122.80206771549634,-0.0007768853281690212,-25.623311096799114,-0.10345186540299485,0.007509630929734119,False
804,369.57254788643274,1064.3120956807472,1075.3120956807472,1047.3120956807472,1053.3120956807472,0.004465533161991064,147.28267000799391,-0.001984581082624402,-65.45565559431446,-0.24853338385798623,0.007985169041750971,False
805,369.83441761047266,1087.334896781298,1099.334896781298,1069.334896781298,1076.334896781298,0.00476668778782416,157.21538257980703,-0.0019330065123624733,-63.754617859930065,-0.23527085885752874,0.008216089836833682,False
806,370.0963170783449,1123.3576772718986,1134.3576772718986,1103.3576772718986,1109.3576772718986,0.0042319569584462905,139.57883584968573,-0.0018766849415212377,-61.89701406848425,-0.21472173750887044,0.008740078965892819,False
807,370.35824626567836,1148.380437156313,1157.380437156313,1129.380437156313,1136.380437156313,0.003390351732415868,111.82092648345585,-0.0007068637437867226,-23.313852062031415,-0.09302115623953378,0.007598956757390929,False
808,370.62020514810155,1176.4031764383221,1184.4031764383221,1158.4031764383221,1165.4031764383221,0.0029433749615922476,97.0786930590597,-0.0003269172135294267,-10.782416865698266,-0.04765621400197237,0.006859907367293097,False
809,370.8821937012431,1206.4258951217241,1214.4258951217241,1186.4258951217241,1192.4258951217241,0.002870368617010124,94.67079035908635,-0.0006795869737309182,-22.41420685119577,-0.08942137595836461,0.007599826847300359,False
810,371.14421190073176,1229.4485932103341,1235.4485932103341,1206.4485932103341,1213.4485932103341,0.002114304850018639,69.73421811579405,0.00039825631976172756,13.135330540443547,0.04976695532876714,0.00800242484457394,False
811,371.40625972219607,1245.4712707079843,1252.4712707079843,1220.4712707079843,1226.4712707079843,0.0024340586548668762,80.28037070606288,-0.00030423985469181904,-10.034469904569235,-0.033961885991502634,0.008958273246896263,False
812,371.6683371412648,1280.4939276185241,1288.4939276185241,1255.4939276185241,1262.4939276185241,0.002704852869555343,89.21173310227279,-0.0002901714812986824,-9.570465379052123,-0.03332243121425375,0.00870799250609784,False
813,371.9304441335664,1307.5165639458203,1314.5165639458203,1282.5165639458203,1288.5165639458203,0.0023188636050425304,76.48099582867002,-0.00029184062069776556,-9.625517104880728,-0.03421288859521247,0.008530136819216248,False
814,372.1925806747297,1337.539179693756,1346.539179693756,1312.539179693756,1319.539179693756,0.002912482023704931,96.05977903213838,-0.000602468319229926,-19.870671526230083,-0.07091641622903698,0.008495470460381826,False
815,372.45474674038326,1365.561774866232,1374.561774866232,1340.561774866232,1347.561774866232,0.002852911061788536,94.09500349297763,-0.0005910594848646954,-19.494384188070214,-0.07104038083597958,0.008320049497332418,False
816,372.7169423061558,1390.5843494671662,1399.5843494671662,1364.5843494671662,1373.5843494671662,0.002801740192015957,92.40728064929004,5.3207652831949084e-05,1.7549002302008745,0.00651228768792256,0.008170347408119878,False
817,372.9791673476758,1424.6069035004928,1431.6069035004928,1396.6069035004928,1405.6069035004928,0.0021287394189516986,70.21030053994237,0.0006609576177982546,21.79977153456977,0.07972584055921594,0.008290381301246135,False
818,373.2414218405721,1450.629436970164,1460.629436970164,1424.629436970164,1432.629436970164,0.002983562841876598,98.40417382373543,-0.0005516061396895334,-18.193129935251292,-0.06784510140388494,0.008130375344356806,False
819,373.50370576047317,1471.6519498801483,1484.6519498801483,1445.6519498801483,1450.6519498801483,0.0038195428127017882,125.97655044929395,-0.0023200630330612124,-76.52055548586333,-0.26064037507497945,0.008901395389696592,False
820,373.7660190830078,1503.6744422344316,1513.6744422344316,1472.6744422344316,1479.6744422344316,0.0028786599667253456,94.94425650069337,-0.000819237324628689,-27.020168961799882,-0.08663047945687388,0.009456686950884523,False
821,374.0283617838046,1534.696914037017,1545.696914037017,1504.696914037017,1512.696914037017,0.0031017200227779294,102.30124601029745,-0.0007988293866462168,-26.347072270681394,-0.0890258562678211,0.008973004249945734,False
822,374.2907338384921,1568.7193652919239,1581.7193652919239,1538.7193652919239,1547.7193652919239,0.0035841740101650857,118.21359260827924,-0.0010513769863271846,-34.67662295047934,-0.11797944597225998,0.008911526729616873,False
823,374.5531352226991,1592.7417960031896,1607.7417960031896,1560.7417960031896,1572.7417960031896,0.004070925371432787,134.2676756297046,-0.0007445576996360803,-24.557077956737672,-0.08104827855523834,0.009186594865535953,False
824,374.8155659120542,1632.7642061748675,1647.7642061748675,1601.7642061748675,1611.7642061748675,0.003971593481038942,130.9915010938909,-0.0012686711599951268,-41.843441539443916,-0.14160505557531147,0.008959222217319738,False
825,375.078025882186,1661.786595811029,1676.786595811029,1627.786595811029,1638.786595811029,0.003902542007959424,128.71403836901393,-0.000977606867514939,-32.24352937098165,-0.10326919915045106,0.009466587090412901,False
826,375.34051510872314,1692.8089649157614,1703.8089649157614,1657.8089649157614,1668.8089649157614,0.0028129487042302865,92.77696094184611,5.9191597589684005e-05,1.9522633062611163,0.006544940718816199,0.00904387069840262,False
827,375.60303356729435,1725.8313134931695,1735.8313134931695,1689.8313134931695,1701.8313134931695,0.0025091739824541744,82.75783209852281,0.0005639828154194544,18.601338715972375,0.06356168614181153,0.008872999595403445,False
828,375.86558123352813,1766.8536415473757,1777.8536415473757,1730.8536415473757,1738.8536415473757,0.002695429695245655,88.90093700650205,-0.0006927466280807143,-22.848239912581903,-0.07459634255540087,0.009286603127575972,False
829,376.12815808305334,1799.875949082518,1808.875949082518,1760.875949082518,1770.875949082518,0.002166210673956099,71.446181292676,0.00029316730633062275,9.669273985678657,0.03129712380038139,0.00936722838176747,False
830,376.39076409149845,1843.8982361027524,1853.8982361027524,1804.8982361027524,1815.8982361027524,0.0023489423708544545,77.47305674919626,0.00028984389334503263,9.559660839767403,0.03171399232943255,0.009139306408800495,False
831,376.6533992344921,1863.9205026122515,1878.9205026122515,1825.9205026122515,1838.9205026122515,0.0034810199505596775,114.8113548978612,-0.0003999302460215297,-13.190540147000391,-0.043729799774261925,0.009145485414660346,False
832,376.9160634876631,1904.9427486152047,1918.9427486152047,1865.9427486152047,1875.9427486152047,0.0031800899467310196,104.88605083189863,-0.0008588242846067537,-28.3258301116701,-0.09123785766932639,0.00941302554164953,False
833,377.17875682663987,1937.9649741158184,1949.9649741158184,1898.9649741158184,1908.9649741158184,0.0026808869507715825,88.42128672563159,-0.000399881332669686,-13.188926881843201,-0.0442889938586273,0.009028909844873138,False
834,377.4414792270512,1968.9871791183164,1979.9871791183164,1927.9871791183164,1938.9871791183164,0.0024194898337969364,79.79986036424901,5.1306061832027874e-05,1.692181761975121,0.005629928063142188,0.009113093676616682,False
835,377.70423066452577,2006.0093636269387,2017.0093636269387,1964.0093636269387,1976.0093636269387,0.002374958472767857,78.33112247483463,0.00027048575374507286,8.921188705927435,0.029874199645731403,0.009054159005184309,False
836,377.9670111146922,2053.0315276459423,2060.0315276459423,2009.0315276459423,2018.0315276459423,0.0014782483358919169,48.75573732117569,0.00046294642116846696,15.268946060168915,0.05044421697870785,0.00917739334449127,False
837,378.229820553179,2081.0536711796017,2088.0536711796017,2035.0536711796017,2044.0536711796017,0.0014583765686154015,48.100324666943436,0.00045805090023608316,15.107481489680772,0.0483258228537841,0.009478388016733293,False
838,378.49265895561496,2119.0757942322075,2127.0757942322075,2075.0757942322075,2082.0757942322075,0.0016364747672325348,53.97437761076926,-0.00017390397478861765,-5.735718625914387,-0.018903677995993254,0.009199478261610128,False
839,378.75552629762865,2152.0978968080676,2160.0978968080676,2108.0978968080676,2115.0978968080676,0.001611410987583852,53.14772147515473,-0.00017171256680109377,-5.66344138425675,-0.018958881291385458,0.009057104380895964,False
840,379.01842255484877,2192.119978911507,2201.119978911507,2147.119978911507,2155.119978911507,0.0017793955452331627,58.688205281498426,-0.00016425557454192432,-5.417494105327634,-0.018069651906516795,0.009090134961741337,False
841,379.2813477029039,2227.142040546867,2236.142040546867,2179.142040546867,2189.142040546867,0.0017514706945623239,57.76718500974619,0.0002369313071986965,7.8144925290732985,0.02535675986755031,0.009343910990059243,False
842,379.54430171742274,2264.164081718506,2273.164081718506,2216.164081718506,2225.164081718506,0.0017228885910326268,56.824487157196444,3.7240606110088134e-05,1.2282734673868632,0.004009814234636969,0.009287364434093226,False
843,379.80728457403393,2298.1861024307996,2308.1861024307996,2250.1861024307996,2258.1861024307996,0.0018856277558253563,62.1919668815788,-0.00034433553592769423,-11.356909750828493,-0.03687100837758308,0.009338923752816159,False
844,380.07029624836605,2339.2081026881397,2350.2081026881397,2286.2081026881397,2294.2081026881397,0.002037459612773887,67.19970066664841,-0.0005204099682513319,-17.16421462844012,-0.05095412010568507,0.010213304972629064,False
845,380.3333367160479,2378.2300824949352,2392.2300824949352,2326.2300824949352,2338.2300824949352,0.0025490791209742346,84.07398744550333,-0.0003145031588867092,-10.37297524986461,-0.032228795470576437,0.009758452163495766,False
846,380.596405952708,2414.2520418556114,2429.2520418556114,2364.2520418556114,2376.2520418556114,0.002689969056549096,88.72083366430236,-0.0004912387854823421,-16.20208770436365,-0.052626408122723324,0.009334453993834937,False
847,380.85950393397496,2448.2739807746116,2462.2739807746116,2397.2739807746116,2410.2739807746116,0.0024763587558401913,81.67551694884204,-0.00012761795457220384,-4.209108388296556,-0.013862243628568431,0.00920615435651401,False
848,381.12263063547755,2492.295899256395,2504.295899256395,2436.295899256395,2449.295899256395,0.002086039449620393,68.80196579821356,0.0002251817175912686,7.426966366775474,0.023079043665712437,0.009756977838982626,False
849,381.3857860328443,2522.3177973054376,2534.3177973054376,2464.3177973054376,2478.3177973054376,0.0020612691852597703,67.9849904137536,0.0003990129418331512,13.160285526740552,0.040289750807461513,0.009903584257444836,False
850,381.64897010170387,2565.3396749262324,2577.3396749262324,2506.3396749262324,2522.3396749262324,0.0020267813281580785,66.84750839480326,0.0007368608433401462,24.30321945769397,0.0756801152895286,0.009736518509798057,False
851,381.912182817685,2600.361532123289,2612.361532123289,2544.361532123289,2555.361532123289,0.001999547232712851,65.94927068232433,-0.00012601541556380813,-4.156253283343489,-0.013239806726493596,0.009517919571412188,False
852,382.1754241564163,2650.3833689011344,2664.3833689011344,2594.3833689011344,2606.3833689011344,0.002288016430329084,75.4635911674148,-0.0002838723130765817,-9.362705570553288,-0.030146322946419817,0.00941648218859456,False
853,382.4386940935263,2689.4051852643115,2704.4051852643115,2632.4051852643115,2646.4051852643115,0.0024155220798588667,79.66899549935279,-0.00011192086095257025,-3.691385246221813,-0.011958045917725181,0.009359460711442169,False
854,382.7019926046438,2724.4269812173798,2738.4269812173798,2667.4269812173798,2677.4269812173798,0.0022259925304338197,73.41791257775901,-0.0006008967216282282,-19.818836933907164,-0.06336513494690021,0.009483081226478531,False
855,382.9653196653974,2764.4487567649176,2779.4487567649176,2704.4487567649176,2715.4487567649176,0.002350127544530067,77.51214626819326,-0.0005872728601569342,-19.36949334591406,-0.05978291159650946,0.009823423524778998,False
856,383.22867525141567,2815.4705119115165,2827.4705119115165,2753.4705119115165,2766.4705119115165,0.001847101224965993,60.92128091301186,0.00019851436352582024,6.547420976263446,0.020740593696508363,0.00957129609839663,False
857,383.4920593383273,2850.492246661788,2860.492246661788,2788.492246661788,2800.492246661788,0.0015209108911668832,50.162838068683975,0.0003440224602849443,11.346583858061393,0.0366823804385423,0.009378411547236416,False
858,383.755471901761,2897.5139610203587,2906.5139610203587,2831.5139610203587,2843.5139610203587,0.00134687617717447,44.42280738902121,0.0004897814117448599,16.154020455175363,0.0501725530281278,0.009761939191539207,False
859,384.01891291734535,2933.5356549918724,2942.5356549918724,2868.5356549918724,2877.5356549918724,0.0013303628180743026,43.87816209564955,3.009838144134259e-05,0.9927078852155375,0.0030977939528120256,0.009716069532003817,False
860,384.282382360709,2984.5573285809896,2999.5573285809896,2921.5573285809896,2928.5573285809896,0.0021772413283078157,71.80999545907484,-0.001137923980750587,-37.53112474398123,-0.1157076526932665,0.009834474680487641,False
861,384.54588020748054,3020.578981792387,3037.578981792387,2956.578981792387,2969.578981792387,0.0024373829852915364,80.3900141110431,-0.000531987497802016,-17.546065888405003,-0.05560822842704112,0.009566704655948392,False
862,384.8094064332887,3065.600614630758,3082.600614630758,2999.600614630758,3012.600614630758,0.002401686194886624,79.21265893063568,-0.0005235597489046387,-17.26810101506628,-0.05389788322122215,0.009713920429039936,False
863,385.07296101376215,3099.622227100814,3117.622227100814,3034.622227100814,3043.622227100814,0.002514722582830773,82.94083660182123,-0.0012286100471852995,-40.52214183253678,-0.12513295555992215,0.009818437051116864,False
864,385.33654392452945,3144.643819207282,3162.643819207282,3077.643819207282,3090.643819207282,0.0024788220689952543,81.75676219445606,-0.0006482211129738642,-21.379694833970483,-0.06698425869118915,0.00967721559720909,False
865,385.6001551412193,3191.665390954905,3205.665390954905,3121.665390954905,3134.665390954905,0.0019008341635463866,62.693506171320635,-9.599468585895889e-05,-3.1661065156175496,-0.009917828741429414,0.009679002164855247,False
866,385.86379463946037,3238.686942348444,3252.686942348444,3165.686942348444,3180.686942348444,0.001873295940637229,61.785237695820676,0.00017966516050062415,5.92573464041822,0.018312302027033323,0.009811172851747178,False
867,386.1274623948812,3282.7084733926763,3295.7084733926763,3209.7084733926763,3224.7084733926763,0.0017164724157206599,56.612868208930806,0.00030839761786698346,10.171601673494692,0.03208288164789232,0.009612528614219528,False
868,386.3911583831105,3333.729984092395,3343.729984092395,3257.729984092395,3271.729984092395,0.0013007784655891506,42.902407965872136,0.0005615905798302225,18.52243775788091,0.05769050563605698,0.009734540781684956,False
869,386.65488257977694,3369.7514744524115,3381.7514744524115,3295.7514744524115,3307.7514744524115,0.00154381603923929,50.918297997578186,3.460061623012582e-05,1.1412010520201008,0.003594452202588891,0.00962611665978055,False
870,386.91863496050905,3414.7729444775514,3429.7729444775514,3339.7729444775514,3351.7729444775514,0.0019035383101772521,62.78269461118642,-0.00034588946310505023,-11.408161535414266,-0.035230729080443786,0.009817834377349004,False
871,387.1824155009357,3452.794394172659,3470.794394172659,3378.794394172659,3391.794394172659,0.0022581694337100956,74.47917448203874,-0.0005904163388622346,-19.473171881048614,-0.06084156399666857,0.009704161104316177,False
872,387.4462241766853,3497.815823542595,3516.815823542595,3422.815823542595,3438.815823542595,0.0023526867128802536,77.59655301962525,-0.00032730130543828393,-10.795085024194222,-0.034175559512152634,0.009577057701773615,False
873,387.7100609633866,3538.8372325922355,3557.8372325922355,3462.8372325922355,3477.8372325922355,0.002325487779526582,76.69947502683479,-0.00044831362203356603,-14.786325587293973,-0.04644453760130447,0.009652666280845358,False
874,387.9739258366683,3567.858621326474,3584.858621326474,3490.858621326474,3504.858621326474,0.00206439590539647,68.08811621607003,-0.0003261521621091225,-10.757183861757156,-0.03383864374849578,0.009638452549494417,False
875,388.2378187721589,3597.8799897502204,3616.8799897502204,3518.8799897502204,3535.8799897502204,0.00228742584794762,75.44411251909975,-0.00019436513311403341,-6.410570635809634,-0.019956581934497352,0.009739399950953019,False
876,388.50173974548716,3636.9013378684012,3655.9013378684012,3558.9013378684012,3574.9013378684012,0.0022629472351658715,74.63675641674796,-0.0003148352175477082,-10.383927242474911,-0.032887870433590205,0.00957298886783954,False
877,388.7656887322817,3656.92266568596,3674.92266568596,3577.92266568596,3595.92266568596,0.0021324280659457706,70.33195987115685,4.696575096484147e-05,1.5490291864607144,0.004963961875119222,0.009461344012379923,False
878,389.02966570817114,3723.9439732078563,3738.9439732078563,3639.9439732078563,3655.9439732078563,0.001745819057672196,57.58078214565403,0.00015901361000154077,5.244603096440663,0.01617811575679696,0.009828932639126032,False
879,389.2936706487842,3779.9652604390662,3795.9652604390662,3696.9652604390662,3711.9652604390662,0.001834420741461732,60.50305191330444,-7.588727676083751e-05,-2.502921898801503,-0.007839284932606395,0.009680382511062346,False
880,389.5577035297494,3830.9865273845826,3848.9865273845826,3747.9865273845826,3762.9865273845826,0.0020357662540122614,67.14385013533527,-0.00030112392695388446,-9.931700058249149,-0.03116203746032735,0.009663165553191053,False
881,389.8217643266955,3873.0077740494144,3892.0077740494144,3789.0077740494144,3804.0077740494144,0.002125330354600083,70.09786243194475,-0.0004094308778537449,-13.503890954675903,-0.04208966140971647,0.0097275878241973,False
882,390.085853015251,3919.029000438587,3935.029000438587,3833.029000438587,3845.029000438587,0.001769460149687041,58.36051505268691,-0.0004119455214952432,-13.586829187626648,-0.04185440833163731,0.009842344878731875,False
883,390.34996957104477,3962.050206557144,3977.050206557144,3874.050206557144,3885.050206557144,0.0016410990266494216,54.126895406298296,-0.00040970820887649526,-13.513037914742021,-0.04113708087156652,0.009959583913006352,False
884,390.6141139697053,4010.0713924101433,4032.0713924101433,3927.0713924101433,3939.0713924101433,0.0023761086295302223,78.36905706242894,-0.001051053143451382,-34.66594193173396,-0.10938404060660094,0.00960883450293712,False
885,390.8782861868612,4066.0925580026606,4086.0925580026606,3977.0925580026606,3993.0925580026606,0.0021309396047364693,70.2828672918037,-0.0003872608962167273,-12.772678360103605,-0.03949549130173727,0.00980519252838597,False
886,391.1424861981412,4123.113703339787,4142.113703339787,4033.113703339787,4048.113703339787,0.001996704817707246,65.85552186082646,-0.00038446836348556327,-12.680574760866818,-0.039323435522068254,0.009777079707844962,False
887,391.406713979174,4176.134828426632,4198.134828426632,4087.1348284266323,4104.134828426632,0.002281870771769468,75.26089443025427,-0.0004792157251876368,-15.805541903977797,-0.04994351156003759,0.009595154810281349,False
888,391.6709695055881,4241.15593326832,4262.15593326832,4146.15593326832,4165.15593326832,0.0021450942420260994,70.74971698194952,-0.000159460767324298,-5.259351284847341,-0.01607736577090265,0.00991833921032607,False
889,391.9352527530122,4307.177017869992,4331.177017869992,4212.177017869992,4231.177017869992,0.0024132130591538133,79.59283914305504,-0.0004586322019637548,-15.126654042526297,-0.04625442729308537,0.00991542277796868,False
890,392.19956369707495,4362.198082236804,4383.198082236804,4266.198082236804,4285.198082236804,0.0020857149242186606,68.7912622683284,-0.0001558291895544454,-5.139574216604231,-0.01599514431600594,0.009742280937003552,False
891,392.4639023134051,4398.219126373933,4423.219126373933,4301.219126373933,4324.219126373933,0.0024615920451774393,81.1884797923033,-0.0001454670052979958,-4.797807599037753,-0.014907418326023745,0.00975802799094028,False
892,392.72826857763107,4445.240150286568,4470.240150286568,4346.240150286568,4369.240150286568,0.0024356266042809363,80.33208497348919,-0.00014343020719928068,-4.73062971649523,-0.014556677869421112,0.009853223962631014,False
893,392.9926624653817,4480.261153979916,4506.261153979916,4384.261153979916,4404.261153979916,0.0025130273200599496,82.88492327228262,-0.0005363799775649539,-17.690939103757657,-0.05543919406295646,0.009675104168286494,False
894,393.2570839522856,4525.2821374592,4549.2821374592,4430.2821374592,4447.2821374592,0.002297210433952881,75.76682873225964,-0.0006339129374281281,-20.90778112940862,-0.06650901606651442,0.009531233130770776,False
895,393.52153301397135,4573.303100729662,4600.303100729662,4474.303100729662,4497.303100729662,0.002556461355121424,84.31746904476155,-0.00032970401813513803,-10.874331539317396,-0.03409754133758162,0.009669436716005824,False
896,393.78600962606765,4633.324043796556,4661.324043796556,4530.324043796556,4555.324043796556,0.002616620266616579,86.30163639687017,-0.0002266114649686229,-7.474122440537485,-0.022944015669382554,0.009876713310958143,False
897,394.0505137642031,4686.344966665155,4714.344966665155,4584.344966665155,4609.344966665155,0.002587104040141425,85.32812920609993,-0.00022518213772825544,-7.426980223776397,-0.023287745632093897,0.009669555022016461,False
898,394.31504540400636,4748.365869340749,4773.365869340749,4643.365869340749,4666.365869340749,0.002280548810772536,75.21729337788013,-0.0001346666980545125,-4.441590764446474,-0.013771567900148409,0.009778603208503316,False
899,394.57960452110615,4796.3867518286415,4820.3867518286415,4690.3867518286415,4713.3867518286415,0.0021676894440397624,71.49495423833538,-4.326715807087414e-05,-1.427041818561932,-0.004448070824423624,0.009727173819558201,False
900,394.844191091131,4852.407614134156,4878.407614134156,4746.407614134156,4767.407614134156,0.002320809333188773,76.54517003275555,-0.0004035555894250102,-13.310111592736213,-0.041204279321741685,0.009794021302347392,False
901,395.10880508970956,4892.42845626263,4919.42845626263,4785.42845626263,4811.42845626263,0.002390165432160535,78.83267995986695,-3.696078214274461e-05,-1.219044284767989,-0.0038412241882679115,0.009622136155351818,False
902,395.3734464924706,4960.4492782194175,4991.4492782194175,4854.4492782194175,4878.4492782194175,0.002705649059362542,89.23799311566503,-0.0005638228333772642,-18.59606217194674,-0.05834889232687112,0.009662956928449004,False
903,395.63811527504265,5015.470080009889,5046.470080009889,4906.470080009889,4930.470080009889,0.0026760587565992076,88.26204273320597,-0.0005568859086517546,-18.36726781343347,-0.0567039772073338,0.009820932077048906,False
904,395.9028114130544,5072.490861639433,5107.490861639433,4956.490861639433,4986.490861639433,0.002986324960659464,98.49527430702877,-0.0003656072813975654,-12.058496628561173,-0.03573955069483889,0.010229767142829872,False
905,396.1675348821345,5133.5116231134525,5169.5116231134525,5019.5116231134525,5047.5116231134525,0.0030349664564083166,100.0995730787972,-0.0006191029875262572,-20.41931785187704,-0.061524925377642974,0.010062636951222177,False
906,396.4322856579115,5191.5323644373675,5226.5323644373675,5078.5323644373675,5103.5323644373675,0.0029180782513887203,96.24435438413813,-0.0007854294901426459,-25.90511551808686,-0.07893719241643167,0.009950056064815777,False
907,396.6970637160142,5253.553085616612,5287.553085616612,5138.553085616612,5168.553085616612,0.0028016155708787053,92.40317038223613,-0.0002734818672322928,-9.020006826415411,-0.028052246349348414,0.009749018450304788,False
908,396.96186903207115,5324.5737866566415,5356.5737866566415,5206.5737866566415,5237.5737866566415,0.0026022419229838624,85.8274084013099,-2.4115104770913633e-05,-0.7953668440789272,-0.002474643635717947,0.009744879797174241,False
909,397.22670158171104,5393.594467562922,5427.594467562922,5277.594467562922,5305.594467562922,0.0027291014072210506,90.01150084369125,-0.00043106554281891916,-14.21744768020217,-0.044633896460029854,0.009657806667292494,False
910,397.4915613405625,5461.61512834094,5501.61512834094,5343.61512834094,5375.61512834094,0.0031691127440222474,104.52399961303676,-0.0005761159760231394,-19.00151585597365,-0.05894384588700247,0.009773980088227954,False
911,397.75644828425413,5523.635768996196,5566.635768996196,5404.635768996196,5436.635768996196,0.0033677725994227213,111.07621921714288,-0.0008039656266812471,-26.516476263154246,-0.08153325913446868,0.009860584934490442,False
912,398.0213623884146,5587.656389534208,5624.656389534208,5469.656389534208,5498.656389534208,0.0028663050122715687,94.53676413331657,-0.0005697677823564809,-18.792139085264296,-0.059633254104051604,0.009554531123898029,False
913,398.2863036286726,5659.676989960509,5694.676989960509,5535.676989960509,5566.676989960509,0.0026774495559652592,88.30791421968848,-0.0002521685837637449,-8.317049938175586,-0.025871433554321855,0.009746989212417255,False
914,398.55127198065674,5730.6975702806485,5763.6975702806485,5604.6975702806485,5634.6975702806485,0.002493694901530262,82.24729947340464,-0.00017526668795484618,-5.780663770490946,-0.01798909633461279,0.009742940095196214,False
915,398.81626741999565,5798.718130500195,5827.718130500195,5666.718130500195,5698.718130500195,0.0021665393955629564,71.45702322222641,0.0002790262343263031,9.202871707155907,0.02829629646791071,0.009860874713506468,False
916,399.081289922318,5869.738670624729,5897.738670624729,5735.738670624729,5770.738670624729,0.002066758760621347,68.16604814798899,0.0005752928935060945,18.97436886448358,0.05905428451309377,0.0097417638406666,False
917,399.34633946325243,5933.75919065985,5966.75919065985,5799.75919065985,5832.75919065985,0.002408593336553698,79.44047098127928,5.549154682950785e-05,1.830227854870401,0.005609620875209121,0.00989220984162128,False
918,399.6114160184276,6016.779690611172,6051.779690611172,5884.779690611172,5913.779690611172,0.0025189998244320873,83.08190902037875,-0.0003840670870944784,-12.667339822026094,-0.039087079771393314,0.009825934537467438,False
919,399.87651956347213,6095.800170484326,6138.800170484326,5963.800170484326,5995.800170484326,0.003052774769149958,100.68692866519193,-0.000728707711756235,-24.034312040585107,-0.07381566702067992,0.009871992507391188,False
920,400.1416500740146,6168.820630284961,6215.820630284961,6032.820630284961,6071.820630284961,0.00329633103012754,108.71992609521163,-0.000497810522585886,-16.418837407498515,-0.050128771202922605,0.009930634855794405,False
921,400.4068075256838,6235.84107001874,6284.84107001874,6099.84107001874,6139.84107001874,0.0033992618002176653,112.11479924807236,-0.0005606519535715808,-18.491479890925874,-0.056879457441470986,0.009856844259607998,False
922,400.6719918941083,6328.8614896913405,6371.8614896913405,6186.8614896913405,6226.8614896913405,0.00294073559521464,96.99164120811119,-0.00014192343739222874,-4.680933281104529,-0.01429792026850462,0.009926159520196577,False
923,400.9372031549168,6411.88188930846,6454.88188930846,6265.88188930846,6307.88188930846,0.002902786212107682,95.73999078555404,-1.4375943531816544e-06,-0.0474148835187691,-0.0001437015475122374,0.010004028335597645,False
924,401.2024412837378,6505.90226887581,6549.90226887581,6359.90226887581,6403.90226887581,0.002927284870857501,96.54800804606839,6.696858102651524e-05,2.2087645668348728,0.0068171058714607815,0.009823608770236848,False
925,401.4677062562,6567.922628399119,6612.922628399119,6419.922628399119,6466.922628399119,0.00296541340643015,97.80556729351349,0.00020245751100739185,6.6774742685028485,0.020665244765745723,0.009797005227974904,False
926,401.7329980479322,6646.942967884131,6702.942967884131,6498.942967884131,6552.942967884131,0.0036435717511277034,120.1726549562827,-4.9909355914301394e-05,-1.6461154650030636,-0.005090619416740105,0.009804181343861292,False
927,401.9983166345629,6724.963287336606,6786.963287336606,6573.963287336606,6629.963287336606,0.00398558217530871,131.4528776344378,-0.0003017330306011273,-9.951789576840412,-0.030132594221754305,0.010013509901623086,False
928,402.2636619917207,6816.983586762321,6879.983586762321,6663.983586762321,6721.983586762321,0.003995153812047245,131.76857033317245,-0.00023162484790566207,-7.639474347679183,-0.02322253354594061,0.009974142030947826,False
929,402.5290340950344,6915.003866167068,6976.003866167068,6759.003866167068,6813.003866167068,0.0038142853559572087,125.80314847494878,-0.0003583448290160941,-11.818965683711568,-0.035518704526304894,0.01008890481213093,False
930,402.7944329201325,7016.024125556656,7078.024125556656,6860.024125556656,6908.024125556656,0.003820964862187491,126.02345263040876,-0.0007927622861944534,-26.146966545043014,-0.07801387185076455,0.010161811834066586,False
931,403.05985844264376,7114.044364936911,7175.044364936911,6955.044364936911,7008.044364936911,0.003708021530424717,122.29834414768436,-0.00041108364952854425,-13.558402838553505,-0.04101728021750644,0.01002220642979373,False
932,403.3253106381968,7226.064584313672,7286.064584313672,7067.064584313672,7119.064584313672,0.0035911777091209417,118.44458932126541,-0.00040730507740608215,-13.433777587586633,-0.04128190551092416,0.00986643112436512,False
933,403.5907894824202,7331.084783692797,7393.084783692797,7170.084783692797,7227.084783692797,0.003657444570360496,120.63020969454666,-0.00021858602333925002,-7.209426506527137,-0.022411622408782493,0.009753244069184042,False
934,403.8562949509426,7460.104963080158,7527.104963080158,7296.104963080158,7351.104963080158,0.003883034170377456,128.07062888106972,-0.0006214834873119628,-20.497831738500082,-0.06236909451146471,0.009964606543994663,False
935,404.12182701939275,7569.125122481646,7633.125122481646,7400.125122481646,7453.125122481646,0.003656696949595761,120.60555159026457,-0.0005573476689391173,-18.382497638307527,-0.05526339563793151,0.01008529538413971,False
936,404.3873856633992,7665.145261903164,7729.145261903164,7492.145261903164,7550.145261903164,0.003611079956495701,119.10100727320535,-0.0002619617166010153,-8.640048043820158,-0.026078346308498285,0.010045181297237719,False
937,404.65297085859066,7735.165381350635,7797.165381350635,7563.165381350635,7627.165381350635,0.0034671423497523025,114.35364245321688,0.00019242395474524526,6.3465464929479225,0.01989948751629605,0.009669794490318698,False
938,404.91858258059574,7778.185480829994,7843.185480829994,7604.185480829994,7668.185480829994,0.0036141903692191025,119.20359522275383,2.5717227870382907e-05,0.8482082314814221,0.0026208012147229693,0.009812735023896627,False
939,405.1842208050431,7845.205560347196,7905.205560347196,7672.205560347196,7732.205560347196,0.0033088399741137034,109.13249736104478,7.432092496682287e-05,2.4512603242424262,0.007704095848739459,0.009646936697832391,False
940,405.44988550756136,7921.225619908211,7983.225619908211,7745.225619908211,7804.225619908211,0.0033860199096410392,111.67805386306897,-9.027692742581608e-05,-2.977522824052585,-0.009208690889381713,0.00980344855856894,False
941,405.71557666377913,8001.245659519022,8070.245659519022,7829.245659519022,7884.245659519022,0.0037291503043769708,122.99521552424712,-0.0006889228252526507,-22.722122857871682,-0.0704265544883045,0.009782145815000191,False
942,405.9812942493252,8105.265679185632,8166.265679185632,7926.265679185632,7977.265679185632,0.0032562500628254758,107.3979715454174,-0.00047081907850978714,-15.528602847214401,-0.047394525786594484,0.009934039231234551,False
943,406.24703823982804,8186.285678914057,8244.285678914057,8005.285678914057,8060.285678914057,0.0030661361712989517,101.12761579305929,-9.253637955946052e-05,-3.0520443046746237,-0.009484753357749324,0.00975632956062643,False
944,406.5128086109164,8298.305658710331,8359.305658710331,8114.305658710331,8173.305658710331,0.003180778001454033,104.90874432291996,-3.440054835013046e-05,-1.134602392805263,-0.0035263572654116913,0.009755264643077594,False
945,406.7786053382189,8404.325618580502,8465.325618580502,8219.325618580502,8275.325618580502,0.003140797457743053,103.590101954245,-0.00019189189080821064,-6.328997905932965,-0.019655756817061186,0.00976263049009889,False
946,407.0444283973642,8506.345558530636,8566.345558530636,8318.345558530636,8372.345558530636,0.0030525681059720335,100.6801124791884,-0.00024238083623810084,-7.994229451428097,-0.02466414685476671,0.009827254016339802,False
947,407.3102777639809,8587.365478566817,8648.365478566817,8393.365478566817,8450.365478566817,0.0030740876696788285,101.38987292327627,-0.00013472939714246268,-4.4436587121573865,-0.013484837054925982,0.009991177245500815,False
948,407.5761534136977,8702.385378695137,8762.385378695137,8506.385378695137,8565.385378695137,0.0029840381866732785,98.41985169428075,1.7815201785749586e-05,0.5875828015498428,0.0018023645581950313,0.009884349814107823,False
949,407.8420553221432,8783.405258921712,8849.405258921712,8586.405258921712,8649.405258921712,0.0032511628974893664,107.23018613966751,-7.629924006356857e-05,-2.5165093144516675,-0.007715029678397302,0.009889688470961108,False
950,408.1079834649461,8839.425119252668,8917.425119252668,8647.425119252668,8719.425119252668,0.0038154500392566268,125.84156217826914,-0.00021440766022831409,-7.071615308419922,-0.022231276929484085,0.009644414979328395,False
951,408.37393781773494,8917.444959694154,9000.444959694154,8727.444959694154,8798.444959694154,0.004023542949266726,132.70490375120582,-0.0005047399618927258,-16.647384881170098,-0.05254594117811448,0.009605688861520502,False
952,408.63991835613854,9002.464780252327,9085.464780252327,8807.464780252327,8877.464780252327,0.003985718197327395,131.45736392652543,-0.0005476753830595885,-18.06348531934347,-0.055974611210217434,0.00978435349917388,False
953,408.90592505578536,9082.484580933366,9165.484580933366,8881.484580933366,8959.484580933366,0.003950761891637831,130.3044314884918,-0.00015330166257995163,-5.0562110642512295,-0.015649807449539303,0.009795753914177679,False
954,409.1719578923042,9177.504361743462,9261.504361743462,8978.504361743462,9055.504361743462,0.003956936014635353,130.50806704264525,-0.000248289885630938,-8.189122320927723,-0.025743536560574837,0.009644746557906255,False
955,409.4380168413236,9258.524122688825,9346.524122688825,9055.524122688825,9132.524122688825,0.004108368751350416,135.5026370034845,-0.000431132530881167,-14.219657087300632,-0.0437976487437061,0.00984373689565065,False
956,409.70410187847216,9350.543863775678,9433.543863775678,9141.543863775678,9226.543863775678,0.0038380013038338064,126.58535028564549,0.0001815019802953997,5.986316818152517,0.018660423668642,0.009726573389670975,False
957,409.97021297937874,9425.56358501026,9512.56358501026,9219.56358501026,9303.56358501026,0.0039902452216849784,131.6066747054155,-5.127895273159162e-05,-1.6912876468607578,-0.0053290104642017815,0.00962260312229891,False
958,410.2363501196717,9516.583286398829,9605.583286398829,9310.583286398829,9393.583286398829,0.004042689184330126,133.33638682801737,-0.00018828824498133166,-6.210142091880655,-0.019616817289082808,0.00959830752392837,False
959,410.50251327497995,9591.602967947656,9677.602967947656,9383.602967947656,9461.602967947656,0.0038766074283454123,127.85866142016525,-0.00028151134447761605,-9.284835863522446,-0.029134948457759807,0.009662325124266293,False
960,410.76870242093196,9692.62262966303,9777.62262966303,9484.62262966303,9559.62262966303,0.0037919671777336267,125.0670480454498,-0.0003712745651418955,-12.245415558793809,-0.03864671454181524,0.009606885592827854,False
961,411.03491753315643,9788.642271551253,9871.642271551253,9579.642271551253,9643.642271551253,0.003666951622298567,120.94377225080807,-0.0007751513709094667,-25.566121541688304,-0.07941521463945683,0.009760741369630937,False
962,411.3011585872821,9874.661893618642,9952.661893618642,9657.661893618642,9728.661893618642,0.003417016305798977,112.70038016121946,-0.00023590302021910328,-7.7805774630789415,-0.024150128930037703,0.009768188853256568,False
963,411.5674255589374,9930.681495871535,10013.681495871535,9711.681495871535,9790.681495871535,0.003614720621343199,119.22108405236978,-9.622886258250441e-05,-3.1738301561877336,-0.009887133056751669,0.009732736682125685,False
964,411.8337184237512,10020.701078316284,10109.701078316284,9798.701078316284,9881.701078316284,0.0038402075063976426,126.65811548352734,-0.0001770043436165442,-5.837975306678288,-0.01802837016286356,0.009818100139809282,False
965,412.10003715735184,10101.720640959253,10198.720640959253,9877.720640959253,9967.720640959253,0.004150341834127834,136.8869974987872,-0.0002112234463040527,-6.966593240140668,-0.02145658146828019,0.009844226426111246,False
966,412.36638173536835,10178.740183806824,10281.740183806824,9954.740183806824,10043.740183806824,0.0043725962155967725,144.21741416713533,-0.0005070560988005195,-16.723775944792166,-0.051126753787965606,0.009917627489188882,False
967,412.63275213342916,10262.759706865398,10366.759706865398,10035.759706865398,10125.759706865398,0.004378871640495026,144.42439087090642,-0.0005015088092673496,-16.540814675865334,-0.05032873933838087,0.009964660666254704,False
968,412.89914832716295,10340.779210141387,10443.779210141387,10109.779210141387,10204.779210141387,0.004304416472617303,141.9687029332907,-0.0002424747173009967,-7.997325846215688,-0.024411439055037655,0.009932831766055125,False
969,413.16557029219837,10413.79869364122,10528.79869364122,10184.79869364122,10285.79869364122,0.004769644041266458,157.31288603222964,-0.00048407310468516485,-15.965748489773034,-0.04890237209385815,0.009898765314616744,False
970,413.4320180041641,10482.818157371345,10602.818157371345,10254.818157371345,10365.818157371345,0.00494326087247092,163.03913405917726,-0.00026763860946046533,-8.827283902867379,-0.027637459221503537,0.009683907891656953,False
971,413.6984914386887,10560.83760133822,10673.83760133822,10329.83760133822,10435.83760133822,0.004622226545562068,152.45074715975653,-0.00018840828722968116,-6.214101337554013,-0.019425388013248317,0.009699074587399992,False
972,413.9649905714008,10648.857025548325,10761.857025548325,10420.857025548325,10524.857025548325,0.004584221899419593,151.19727404612794,-0.0002714544107456588,-8.953137049874925,-0.028468408084206896,0.00953528591913963,False
973,414.2315153779291,10726.87643000815,10833.87643000815,10491.87643000815,10588.87643000815,0.004310600039244323,142.17264995819502,-0.00031388679700490325,-10.352646339441037,-0.032104434722886335,0.00977705415822638,False
974,414.4980658339024,10808.895814724205,10914.895814724205,10572.895814724205,10667.895814724205,0.004238263855817686,139.7868505817746,-0.0003534509349938011,-11.6575547721379,-0.03619901545674655,0.009764103540775362,False
975,414.76464191494904,10899.915179703014,10998.915179703014,10657.915179703014,10750.915179703014,0.003926734525212443,129.51195843946985,-0.0001535586724621795,-5.064687790388888,-0.01562518590642848,0.00982763810822902,False
976,415.0312435966979,10994.934524951113,11090.934524951113,10748.934524951113,10840.934524951113,0.003775493981522597,124.52372740858232,-7.418999635394781e-05,-2.4469420233844517,-0.007521041366133201,0.009864324997336263,False
977,415.2978708547775,11043.953850475064,11141.953850475064,10798.953850475064,10890.953850475064,0.0038367721182928916,126.54480916282013,-0.00015253957088087093,-5.031075678137199,-0.015534877774717917,0.009819167752263873,False
978,415.56452366481653,11130.973156281432,11234.973156281432,10882.973156281432,10981.973156281432,0.004038903699318785,133.21153357544478,-0.00010608384136420908,-3.498868071076828,-0.010782391046299413,0.009838619366399046,False
979,415.83120200244366,11193.992442376806,11304.992442376806,10945.992442376806,11049.992442376806,0.004285266989636175,141.3371127333255,-0.00017842995280801036,-5.884994894371573,-0.01817175802949026,0.009819080383881577,False
980,416.09790584328744,11263.01170876779,11378.01170876779,11018.01170876779,11119.01170876779,0.004411840755230882,145.51178157431164,-0.00044888275410303116,-14.805096759231844,-0.04591799840012581,0.009775747413715691,False
981,416.3646351629767,11326.030955460998,11444.030955460998,11080.030955460998,11182.030955460998,0.004501279603656326,148.46166279133215,-0.0005215631412131931,-17.202248696633745,-0.05323402571204942,0.00979755211515289,False
982,416.6313899371399,11407.050182463066,11530.050182463066,11162.050182463066,11274.050182463066,0.004657845365810778,153.62553072052307,-0.0003218524591826963,-10.615370621484885,-0.03356018081857597,0.009590307660218176,False
983,416.8981701414058,11468.069389780643,11592.069389780643,11218.069389780643,11331.069389780643,0.004670660079189391,154.04818690363106,-0.0003178829954509363,-10.484449363998834,-0.03266660143733432,0.009731131536922942,False
984,417.16497575140295,11539.088577420394,11672.088577420394,11291.088577420394,11409.088577420394,0.004977067545981074,164.15414921146515,-0.0004619300555259746,-15.235424184930253,-0.0477859118812604,0.009666657752054407,False
985,417.43180674276005,11614.107745389,11748.107745389,11366.107745389,11482.107745389,0.004982070197899896,164.31914718706994,-0.0005722209671928718,-18.873050277639265,-0.05923494418390878,0.009660192561611564,False
986,417.6986630911058,11692.126893693156,11819.126893693156,11441.126893693156,11558.126893693156,0.004691875316537319,154.7479100247248,-0.0002732195478675845,-9.011354982385257,-0.028575482769509518,0.00956132745232616,False
987,417.9655447720687,11759.146022339572,11891.146022339572,11506.146022339572,11623.146022339572,0.004847928878095188,159.89488450162062,-0.0004541162444685852,-14.977708272020664,-0.04694697737937482,0.009672960216350196,False
988,418.2324517612775,11817.165131334976,11942.165131334976,11561.165131334976,11676.165131334976,0.004569767793594616,150.7205472542186,-0.00027114376053613814,-8.942891152993838,-0.028105744820912045,0.009647271839399679,False
989,418.4993840343609,11897.184220686113,12019.184220686113,11638.184220686113,11754.184220686113,0.004430805328968459,146.13727307875456,-0.00012353965172589697,-4.07459738803837,-0.012840986692372951,0.0096207288961116,False
990,418.7663415669474,11966.203290399739,12084.203290399739,11704.203290399739,11811.203290399739,0.004261646048177142,140.55804443397872,-0.00030935799262734286,-10.203276851750672,-0.031666668432262894,0.009769199222490997,False
991,419.0333243346657,12016.222340482629,12141.222340482629,11756.222340482629,11864.222340482629,0.004494456715902807,148.23662961185505,-0.0005229708662103927,-17.248678426008325,-0.05357402364827846,0.009761649967599508,False
992,419.3003323131445,12102.24137094157,12233.24137094157,11836.24137094157,11958.24137094157,0.004675734381718793,154.21554806697876,-0.00022223214214402588,-7.32968316866652,-0.0227624253009363,0.009763113517384488,False
993,419.5673654780124,12153.26038178337,12300.26038178337,11891.26038178337,12024.26038178337,0.005221502333689845,172.21612229969836,-0.00039101905523276134,-12.896630343913131,-0.040476389377640844,0.009660423304672532,False
994,419.83442380489805,12230.279373014846,12382.279373014846,11972.279373014846,12110.279373014846,0.00536422085800188,176.92327921865066,-0.0003869013684612687,-12.76082037901935,-0.04092901207566247,0.009452985763400115,False
995,420.1015072694301,12295.298344642837,12451.298344642837,12033.298344642837,12169.298344642837,0.005475568013649889,180.5957424580284,-0.0005947139488493274,-19.61491609178242,-0.06161725334102794,0.009651743896434544,False
996,420.3686158472372,12365.317296674193,12516.317296674193,12100.317296674193,12240.317296674193,0.005271299328319463,173.8585318533548,-0.00027538209183244466,-9.082680227904689,-0.02884730761233855,0.00954619736209484,False
997,420.6357495139479,12433.33622911578,12573.33622911578,12165.33622911578,12297.33622911578,0.004862851130339229,160.38705174645085,-0.0001759202068328759,-5.802218196752136,-0.018418029232899803,0.009551521751232358,False
998,420.9029082451911,12520.35514197448,12661.35514197448,12249.35514197448,12381.35514197448,0.004863542724116267,160.40986196291283,-0.00020858801260959133,-6.879671097348648,-0.02171046888491175,0.009607715693075378,False
999,421.17009201659516,12548.374035257193,12693.374035257193,12270.374035257193,12409.374035257193,0.004989622143972194,164.56822624234417,-9.75486004385932e-05,-3.2173578847039437,-0.009975897704538697,0.009778428300664298,False
1000,421.43730080378884,12643.39290897083,12787.39290897083,12365.39290897083,12503.39290897083,0.004918375251651744,162.21835397624073,-9.841708263534817e-05,-3.2460022530587196,-0.01014094488314671,0.009704922348893547,False
1001,421.7045345824008,12686.411763122322,12827.411763122322,12412.411763122322,12537.411763122322,0.004800232728770222,158.32176524198246,-0.0004485174231163569,-14.793047375383992,-0.046206099990869706,0.009706887688097104,False
1002,421.9717933280597,12778.430597718612,12912.430597718612,12503.430597718612,12619.430597718612,0.004530481705620972,149.42480949547192,-0.0005199100174303533,-17.14772519949284,-0.05355322567773885,0.009708285744708577,False
1003,422.23907701639416,12837.449412766657,12966.449412766657,12556.449412766657,12673.449412766657,0.004342324799582476,143.2189992379938,-0.00031434046397964873,-10.367609229853258,-0.032177131719352915,0.009769064151562921,False
1004,422.50638562303277,12921.468208273436,13043.468208273436,12635.468208273436,12752.468208273436,0.004081220601554893,134.60723395918623,-7.831045757137646e-05,-2.5828434953369594,-0.008023876151920408,0.009759679248368496,False
1005,422.7737191236043,12987.486984245936,13111.486984245936,12703.486984245936,12821.486984245936,0.004126822842731059,136.1112917267876,-0.00011137397257961895,-3.673347718150069,-0.011531945045193599,0.009657865359498788,False
1006,423.04107749373725,13070.505740691166,13195.505740691166,12782.505740691166,12904.505740691166,0.004133647783789623,136.33639262858102,-8.26906993059602e-06,-0.27273130747906293,-0.0008541959682107804,0.009680530274471577,False
1007,423.30846070906034,13102.524477616143,13234.524477616143,12823.524477616143,12947.524477616143,0.0043533618156148006,143.583023225991,-0.00017402620190285541,-5.739749933057141,-0.018445554557791902,0.009434587686567658,False
1008,423.57586874520223,13187.543195027907,13326.543195027907,12900.543195027907,13040.543195027907,0.0045536161527504155,150.18783218924227,0.00013406861572120166,4.421864751954985,0.014129048687866437,0.009488863594640691,False
1009,423.84330157779164,13256.561892933507,13397.561892933507,12970.561892933507,13108.561892933507,0.004594868220343272,151.5484120882206,1.390334481721385e-06,0.04585615362015005,0.0001467926392280347,0.00947141824707963,False
1010,424.11075918245695,13340.580571340015,13480.580571340015,13053.580571340015,13189.580571340015,0.004533866326402178,149.53644140313833,-3.253525788381867e-05,-1.0730811924798047,-0.0034387566016985385,0.009461343634425365,False
1011,424.37824153482717,13400.599230254507,13546.599230254507,13107.599230254507,13251.599230254507,0.004706063592770214,155.21586919792688,3.9075197094738494e-05,1.2887821342783639,0.004078180465682873,0.009581527208898424,False
1012,424.64574861053063,13437.617869684087,13591.617869684087,13145.617869684087,13293.617869684087,0.004948869037263051,163.2241031221013,-8.668199675160911e-05,-2.8589544540542136,-0.009043859786824714,0.009584624131157946,False
1013,424.9132803851961,13499.636489635865,13662.636489635865,13203.636489635865,13360.636489635865,0.005212439354943596,171.91720621072272,-7.885052085187215e-05,-2.60065591751345,-0.008155875890807771,0.009667940256513966,False
1014,425.1808368344523,13571.655090116968,13742.655090116968,13275.655090116968,13437.655090116968,0.0054378328546300855,179.35115759615385,-0.00017030381386950056,-5.616977751445205,-0.01762613555643486,0.009662005226513018,False
1015,425.4484179339277,13622.673671134544,13787.673671134544,13323.673671134544,13483.673671134544,0.00522864261261625,172.45162370719743,-4.4396566071796574e-05,-1.4642920683910177,-0.004595649331074575,0.009660564345412223,False
1016,425.7160236592511,13698.69223269575,13858.69223269575,13401.69223269575,13561.69223269575,0.005043141740867488,166.33341504344486,0.00011110236415346614,3.664389501348353,0.011739574929607874,0.009463917119627532,False
1017,425.9836539860511,13774.710774807761,13925.710774807761,13474.710774807761,13624.710774807761,0.004734882191182933,156.166367148819,7.29575243125398e-05,2.40629250486478,0.007658330000487859,0.009526557919010041,False
1018,426.2513088899563,13852.729297477767,13996.729297477767,13553.729297477767,13693.729297477767,0.004491215692806195,148.12973385766168,-2.8284787597805498e-05,-0.9328917481728354,-0.002980269070879498,0.009490682527352627,False
1019,426.5189883465954,13919.74780071297,14069.74780071297,13620.74780071297,13758.74780071297,0.004654946047058606,153.5299050938546,-0.00027698767277046545,-9.135635662090806,-0.028946630750607952,0.009568908905387823,False
1020,426.786692331597,14010.766284520594,14163.766284520594,13719.766284520594,13848.766284520594,0.004716863269794287,155.57206524655734,-0.0006524904622044548,-21.52050694555217,-0.0691093523609775,0.009441420588002538,False
1021,427.0544208205897,14072.784748907872,14218.784748907872,13773.784748907872,13904.784748907872,0.004482434757890532,147.84012016706072,-0.00037145626642138847,-12.251408448918482,-0.03904935555543066,0.009512481349253135,False
1022,427.32217378920234,14146.803193882057,14292.803193882057,13845.803193882057,13983.803193882057,0.004459101896619338,147.07055335783892,-0.00015195296276132846,-5.011728109333973,-0.016137510521265986,0.009416134078492781,False
1023,427.5899512130635,14204.821619450415,14365.821619450415,13906.821619450415,14047.821619450415,0.004894685158700223,161.4370049153188,-0.0005135853373944878,-16.93912395775149,-0.05426328574627311,0.009464692937982688,False
1024,427.8577530678016,14269.840025620226,14439.840025620226,13968.840025620226,14129.840025620226,0.005143277437806642,169.63610080868372,-0.00016637626926683125,-5.4874390749484405,-0.01780958905633046,0.009341948808621861,False
1025,428.12557932904554,14353.858412398784,14538.858412398784,14044.858412398784,14217.858412398784,0.005561649163292147,183.43487971146595,-0.00024482953658031513,-8.074992735758968,-0.02557311676240151,0.009573707376187797,False
1026,428.39342997242386,14426.876779793405,14622.876779793405,14111.876779793405,14295.876779793405,0.005860497919077198,193.2915398422719,-0.00023447740194018022,-7.733557575662331,-0.024161008179386573,0.009704785503952153,False
1027,428.66130497356517,14483.895127811415,14685.895127811415,14169.895127811415,14355.895127811415,0.006015050978911518,198.3890246183461,-0.0003514099206861276,-11.590237830161698,-0.036248602407753114,0.009694440539615549,False
1028,428.9292043080982,14563.913456460154,14761.913456460154,14251.913456460154,14429.913456460154,0.0058645653440142,193.42569206621639,-0.0004740153983458697,-15.634024193911557,-0.049161926263671975,0.009641920778359363,False
1029,429.1971279516516,14629.93176574698,14819.93176574698,14319.93176574698,14489.93176574698,0.0056039034866762335,184.82851611313018,-0.000478511708588176,-15.78232195672021,-0.0501552642928526,0.009540607857117136,False
1030,429.4650758798539,14689.950055679266,14879.950055679266,14376.950055679266,14547.950055679266,0.00558115427348451,184.07819924436816,-0.0004461168959975998,-14.713872945220515,-0.046583992266461836,0.009576613645429909,False
1031,429.7330480683338,14754.9683262644,14943.9683262644,14441.9683262644,14614.9683262644,0.005527656840757939,182.31374146413987,-0.0003561665312895321,-11.747120846017623,-0.037530812192297064,0.009489976648110823,False
1032,430.0010444927201,14844.986577509782,15038.986577509782,14530.986577509782,14704.986577509782,0.005638762466129992,185.9782385273321,-0.0004692316489329539,-15.476246083073505,-0.04929254168668753,0.009519323469166525,False
1033,430.26906512864116,14905.004809422833,15099.004809422833,14586.004809422833,14768.004809422833,0.005616202947629184,185.2341781882052,-0.0002307302575519296,-7.6099688774292815,-0.0242589660519662,0.009511133205663925,False
1034,430.5371099517258,14986.023022010984,15187.023022010984,14671.023022010984,14854.023022010984,0.005786255854132535,190.84288048732012,-0.0004025617640840487,-13.277333144020503,-0.042701803828844344,0.00942727772572748,False
1035,430.8051789376028,15083.041215281683,15282.041215281683,14766.041215281683,14940.041215281683,0.00569244884637134,187.74892819375592,-0.0006047295715671287,-19.945252381349434,-0.06347396649684178,0.009527206269632098,False
1036,431.0732720619005,15154.059389242393,15349.059389242393,14836.059389242393,15006.059389242393,0.005552781554957372,183.14240734931948,-0.0006046837924534873,-19.943742489956065,-0.06356552242171098,0.009512763671504977,False
1037,431.3413893002478,15216.077543900596,15403.077543900596,14895.077543900596,15069.077543900596,0.005304788954941012,174.9630901328399,-0.0002608897336140968,-8.604691791657388,-0.02778263261831163,0.00939038921178922,False
1038,431.6095306282731,15309.095679263779,15494.095679263779,14985.095679263779,15157.095679263779,0.005216696170172335,172.05760492457753,-0.0002602243074134132,-8.582744636866579,-0.02762428209466953,0.009420129237082577,False
1039,431.8776960216053,15414.113795339454,15597.113795339454,15076.113795339454,15252.113795339454,0.0051256798848570845,169.05569652323837,-8.504988808502936e-05,-2.805124079620299,-0.008793704656886623,0.009671678934364046,False
1040,432.1458854558729,15473.131892135143,15667.131892135143,15135.131892135143,15319.131892135143,0.005411272049023594,178.4751263977777,-0.00016332663143554284,-5.386855609087576,-0.016883607524648278,0.009673680888228613,False
1041,432.41409890670445,15553.149969658387,15749.149969658387,15219.149969658387,15401.149969658387,0.00543875888288113,179.381699954338,-0.000276005631803888,-9.10324588681246,-0.028852876482527424,0.009565965874183466,False
1042,432.68233634972887,15644.168027916738,15844.168027916738,15311.168027916738,15497.168027916738,0.005516967570715282,181.96118686982643,-0.0002729482278465119,-9.002406277789277,-0.028790113776256284,0.009480623451777295,False
1043,432.9505977605746,15686.186066917764,15895.186066917764,15354.186066917764,15539.186066917764,0.0057482538403528655,189.58949419454996,-0.0005467860812068135,-18.034154274971343,-0.05717153845356506,0.009563956052204458,False
1044,433.2188831148703,15769.204086669048,16000.204086669048,15433.204086669048,15643.204086669048,0.006315748333881195,208.3066554359233,-0.0004461363148708904,-14.71451342047908,-0.046585391863123854,0.009576742773393815,False
1045,433.4871923882447,15869.222087178192,16110.222087178192,15527.222087178192,15758.222087178192,0.00654588935545432,215.8971900722273,-0.0001324372761833323,-4.3680597450026255,-0.013899664019295979,0.009528091902040108,False
1046,433.75552555632635,15936.240068452806,16169.240068452806,15596.240068452806,15815.240068452806,0.0063037456806643456,207.91078270385978,-0.0002478685157648675,-8.17522465704647,-0.0261192295314166,0.009489886195407393,False
1047,434.0238825947439,16018.25803050052,16234.25803050052,15671.25803050052,15881.25803050052,0.0058171592214894775,191.86213850007195,-3.611864116885664e-05,-1.1912687053113302,-0.0037901993930975755,0.009529483128152353,False
1048,434.2922634791262,16122.275973328977,16336.275973328977,15780.275973328977,15980.275973328977,0.005726710540775928,188.87895089157314,-0.0002570294945168179,-8.477372992201197,-0.027226917418491654,0.009440271572655215,False
1049,434.5606681851016,16229.293896945836,16439.293896945834,15887.293896945836,16082.293896945836,0.005583534740489489,184.156712049814,-0.0002854699177038929,-9.41539792924641,-0.030393615554604323,0.009392430367194242,False
1050,434.82909668829893,16310.31180135877,16517.31180135877,15970.31180135877,16161.31180135877,0.005477103696176701,180.64639249568992,-0.0003138897797447474,-10.352744716470653,-0.03373050571067584,0.009305813035747047,False
1051,435.09754896434674,16395.32968657547,16611.32968657547,16055.32968657547,16255.32968657547,0.0056842436667173335,187.4783041218929,-0.00030768946306177457,-10.148245239513244,-0.03324657807486075,0.009254770893081252,False
1052,435.36602498887373,16466.347552603635,16702.347552603635,16125.347552603636,16342.347552603636,0.006180238748803804,203.83726448575626,-0.00037488018737260806,-12.36433655879884,-0.0404155863444184,0.009275634013519166,False
1053,435.6345247375086,16554.365399450988,16792.365399450988,16210.365399450988,16423.365399450988,0.0061993388444279455,204.46722578687834,-0.0005299877754392189,-17.480110841564397,-0.05647343873242853,0.00938472647203766,False
1054,435.9030481858799,16627.383227125258,16853.383227125258,16275.38322712526,16486.383227125258,0.005863189769577264,193.38032272989807,-0.0002690223831077936,-8.872923666378654,-0.028536845223472284,0.009427194246633675,False
1055,436.17159530961624,16731.401035634197,16962.401035634197,16381.401035634197,16588.401035634197,0.00595501789663428,196.40900737833104,-0.000501534200464589,-16.541652130921307,-0.053173496080343996,0.009432033577532344,False
1056,436.4401660843464,16813.418824985565,17053.418824985565,16458.418824985565,16679.418824985565,0.006155426827507564,203.0189151679989,-0.00036262257101607204,-11.960054606468844,-0.03837587390071412,0.009449232920512701,False
1057,436.7087604856989,16878.436595187144,17126.436595187144,16519.436595187144,16751.436595187144,0.006334794459654216,208.93483669791348,-0.00027796797846151196,-9.167968204334613,-0.029333989168183278,0.00947596922013615,False
1058,436.9773784893025,16985.454346246723,17241.454346246723,16624.454346246723,16862.454346246723,0.006496728154229123,214.27575032145427,-0.0003233409315498651,-10.664463568847964,-0.034066586228005125,0.00949143918870439,False
1059,437.2460200707857,17082.47207817211,17336.47207817211,16721.47207817211,16958.47207817211,0.006410004935193521,211.4154362698268,-0.0002977922382739681,-9.821813962543928,-0.031595632545776395,0.009425107658234746,False
1060,437.51468520577725,17194.48979097113,17442.48979097113,16833.48979097113,17056.48979097113,0.006219183853681562,205.12175590527136,-0.000503685145022372,-16.612594803613973,-0.053204437414072936,0.009466976243021862,False
1061,437.78337386990586,17274.507484651618,17520.507484651618,16908.507484651618,17136.507484651618,0.006141007426180785,202.54333300338723,-0.0003239665266616346,-10.6850970106035,-0.034237307893751644,0.009462383189326604,False
1062,438.0520860388001,17368.525159221426,17617.525159221426,16994.525159221426,17236.525159221426,0.006181958291435592,203.89397861614455,-4.1275220069225335e-05,-1.3613435163143208,-0.004356432887724049,0.009474545145762348,False
1063,438.3208216880885,17463.542814688426,17725.542814688426,17095.542814688426,17334.542814688426,0.006467190315739863,213.30153032103146,-0.00043769335119697283,-14.43604673182935,-0.046227213128986984,0.009468304956556319,False
1064,438.5895807933998,17549.560451060494,17819.560451060494,17179.560451060494,17430.560451060494,0.006630743708150524,218.6958649837186,-0.00033144031060153463,-10.931598114458353,-0.035185061127383586,0.009419915725074116,False
1065,438.85836333036275,17674.57806834553,17937.57806834553,17297.57806834553,17545.57806834553,0.006414749215342887,211.57191260139052,-0.0002323672326585589,-7.663959757285028,-0.02451146848801733,0.009479939268924417,False
1066,439.12716927460576,17746.595666551446,17993.595666551446,17365.595666551446,17598.595666551446,0.006002902664492385,197.98834767365878,-0.00021457418505788604,-7.077107647326045,-0.022509379037178104,0.009532656796239467,False
1067,439.3959986017577,17847.613245686167,18081.613245686167,17470.613245686167,17685.613245686167,0.0056570294207578375,186.58072108717596,-0.0003450555822468145,-11.380658391934134,-0.03653498752768867,0.00944452442977593,False
1068,439.66485128744716,17963.63080575763,18195.63080575763,17584.63080575763,17792.63080575763,0.005572995571131071,183.80910809157078,-0.0004660828802075835,-15.37239307195776,-0.04909283956661772,0.009493907549900859,False
1069,439.9337273073028,18063.6483467738,18292.6483467738,17681.6483467738,17892.6483467738,0.005471115635416484,180.4488936652162,-0.0003192380834156055,-10.529143013400216,-0.033809212760073336,0.009442340041487349,False
1070,440.202626636953,18166.665868742642,18399.665868742642,17780.665868742642,17996.665868742642,0.005534707969188224,182.54630250088707,-0.0002906753201783203,-9.587083044346485,-0.030686083954788255,0.009472545294687669,False
1071,440.4715492520269,18266.683371672145,18515.683371672145,17880.683371672145,18106.683371672145,0.005880044570612566,193.9362294959842,-0.00042525017382586024,-14.025644587198684,-0.04481878363046181,0.009488213186063178,False
1072,440.7404951281527,18339.700855570303,18605.700855570303,17949.700855570303,18194.700855570303,0.006253786561804905,206.26302595232679,-0.00036608209487935806,-12.074156975224668,-0.03846178530973023,0.009518073379364035,False
1073,441.00946424095923,18440.718320445136,18714.718320445136,18047.718320445136,18310.718320445136,0.006405460733009627,211.26555893011812,-0.00012238304892435783,-4.036450196522878,-0.012996354276608597,0.00941672151432715,False
1074,441.2784565660752,18497.73576630467,18788.73576630467,18103.73576630467,18384.73576630467,0.006778987393078981,223.58525331340957,-8.9797252011279e-05,-2.961702120627649,-0.00955771074319237,0.009395267802516257,False
1075,441.5474720791291,18578.753193156954,18885.753193156954,18183.753193156954,18477.753193156954,0.007117744403728187,234.75817157477465,-0.00015211055876512922,-5.01692595679819,-0.0161663366474478,0.009409092615248929,False
1076,441.8165107557496,18678.770601010045,19000.770601010045,18287.770601010045,18588.770601010045,0.007422926240351959,244.82371002345818,-0.00033302366223126635,-10.983820379332144,-0.03560214016439064,0.009354034917382792,False
1077,442.08557257156554,18771.787989872013,19092.787989872013,18377.787989872013,18678.787989872013,0.007363709481081398,242.87061683207318,-0.00030825383406122425,-10.166859381354442,-0.032910140696425845,0.00936653042308937,False
1078,442.3546575022053,18859.80535975095,19188.80535975095,18461.80535975095,18770.80535975095,0.007510731299436194,247.71970543386288,-0.00030199286069718806,-9.96035931955825,-0.03207900399048306,0.009414034824359912,False
1079,442.6237655232977,18944.82271065496,19295.82271065496,18550.82271065496,18874.82271065496,0.007972754778276638,262.95821091607536,-0.00045304865232126575,-14.942496838977235,-0.04843422556466386,0.009353894834478292,False
1080,442.8928966104713,19051.84004259216,19406.84004259216,18649.84004259216,18982.84004259216,0.008017899719956279,264.44718598506086,-0.0003318227849007536,-10.944212920788317,-0.03519647907250575,0.009427726683035233,False
1081,443.16205073935487,19143.857355570683,19485.857355570683,18739.857355570683,19065.857355570683,0.007690069403803193,253.6346530755386,-0.0002000107456940018,-6.596774805489929,-0.021361425266606657,0.009363174188880996,False
1082,443.43122788557696,19248.874649598674,19575.874649598674,18844.874649598674,19144.874649598674,0.007315831079554782,241.29148651173972,-0.0004565569143746735,-15.05820669568854,-0.048362185343966566,0.009440369808094939,False
1083,443.7004280247661,19324.891924684292,19629.891924684292,18916.891924684292,19197.891924684292,0.006800834747156311,224.3058249729165,-0.00039707493565846724,-13.096366009508216,-0.041948249066178826,0.009465828598281417,False
1084,443.9696511325511,19445.909180835723,19738.909180835723,19035.909180835723,19307.909180835723,0.006494895734442068,214.21531326522322,-0.00033327252546914293,-10.992028412015344,-0.035374497698195756,0.009421265237813998,False
1085,444.2388971845605,19531.926418061146,19803.926418061146,19115.926418061146,19370.926418061146,0.0060062245185692874,198.09790940348478,-0.00025118323545845426,-8.28455107991465,-0.026509205950612444,0.009475320985714065,False
1086,444.50816615642316,19649.943636368775,19921.943636368775,19232.943636368775,19481.943636368775,0.0059703980592601315,196.9162774700579,-0.0003838743861646985,-12.660984140314298,-0.040376008259224355,0.009507487310288977,False
1087,444.7774580237674,19726.960835766826,20009.960835766826,19317.960835766826,19570.960835766826,0.006186056252782393,204.02913799507016,-0.0005351896622549437,-17.65168000285078,-0.05713872788037294,0.009366495932066078,False
1088,445.0467727622221,19839.978016263536,20123.978016263536,19431.978016263536,19690.978016263536,0.006172647626784207,203.5868933253943,-0.0004223707818969639,-13.930676189047091,-0.04573408211146683,0.009235361515893714,False
1089,445.3161103474158,19904.995177867153,20203.995177867153,19485.995177867153,19774.995177867153,0.006475179477218966,213.56502965942687,-8.13839506425872e-05,-2.6842137571529463,-0.008769654109446794,0.00928017794395326,False
1090,445.5854707549772,19961.01232058594,20276.01232058594,19544.01232058594,19848.01232058594,0.006799983739977617,224.277756967389,-9.669063453276311e-05,-3.189060365728608,-0.010490261837421662,0.009217180279317805,False
1091,445.854853960535,20026.02944442818,20351.02944442818,19602.02944442818,19921.02944442818,0.0069915322623087285,230.59542985920405,1.9207904510572596e-05,0.6335170648053747,0.002068878897969514,0.009284209205973367,False
1092,446.1242599397177,20117.046549402156,20452.046549402156,19692.046549402156,20018.046549402156,0.007172551676743078,236.56583064092996,-4.1710582346197664e-05,-1.3757026793184082,-0.004487796876999829,0.009294222419015077,False
1093,446.393688668154,20187.063635516184,20514.063635516184,19768.063635516184,20078.063635516184,0.006978546335262716,230.16712668946272,-0.00022085041859666067,-7.28411102176122,-0.023954844895808514,0.009219446819933443,False
1094,446.6631401214727,20295.080702778585,20598.080702778585,19861.080702778585,20155.080702778585,0.0064359727522358265,212.27190945892403,-5.4307412220250956e-05,-1.7911726064658922,-0.005768142845858022,0.009415060214614471,False
1095,446.93261427530217,20378.097751197693,20674.097751197693,19944.097751197693,20225.097751197693,0.006262924205845297,206.56440465964596,-0.0001866889912346759,-6.157395341765266,-0.01977094845541356,0.009442591570944986,False
1096,447.20211110527123,20463.114780781856,20757.114780781856,20034.114780781856,20307.114780781856,0.0061952465687378135,204.33225393286065,-0.00031718064014741535,-10.46128420977331,-0.03388619432612739,0.009360172968814574,False
1097,447.4716305870086,20560.131791539447,20859.131791539447,20124.131791539447,20406.131791539447,0.006270333877374742,206.80879120144294,-0.0002267995195506618,-7.480324875934343,-0.024070910929384744,0.009422141115307547,False
1098,447.7411726961426,20594.14878347884,20906.14878347884,20152.14878347884,20444.14878347884,0.0065301908289498506,215.3794196705988,-0.00028251883255741433,-9.318064938083353,-0.029540608506539053,0.009563744514432615,False
1099,448.01073740830225,20669.16575660843,20978.16575660843,20227.16575660843,20513.16575660843,0.006444564515650673,212.55528387579912,-0.00034690857345604474,-11.441773936908618,-0.03628231211939587,0.00956136897545164,False
1100,448.2803246991159,20737.182710936628,21032.182710936628,20299.182710936628,20572.182710936628,0.006134591756265316,202.33173072416042,-0.00033277155142760403,-10.975505235103213,-0.03526023552791658,0.009437587311750623,False
1101,448.5499345442124,20821.199646471854,21113.199646471854,20386.199646471854,20664.199646471854,0.006048305950312572,199.48584347542584,-0.00016598988001411633,-5.474695145223194,-0.017940060705145547,0.00925247036463524,False
1102,448.8195669192204,20910.216563222548,21202.216563222548,20474.216563222548,20757.216563222548,0.006022735409670041,198.64247329704816,-6.091166744566674e-05,-2.0089948256115235,-0.006634033763329057,0.009181693916357212,False
1103,449.0892217997683,20948.23346119716,21252.23346119716,20520.23346119716,20800.23346119716,0.006257172773294529,206.37471032490046,-0.00037126076406434477,-12.2449603702471,-0.04057167358298633,0.009150738218993077,False
1104,449.35889916148506,21087.250340404164,21392.250340404164,20647.250340404164,20937.250340404164,0.006236518372066694,205.69348475789658,-0.0001790960411690067,-5.906963888601354,-0.019367432593534756,0.009247278404303965,False
1105,449.6285989799992,21189.267200852028,21487.267200852028,20745.267200852028,21039.267200852028,0.006065246906279166,200.04459181223928,4.6329379823223556e-05,1.5280403285900945,0.005050217284699005,0.009173739902952473,False
1106,449.89832123093925,21222.284042549258,21522.284042549258,20785.284042549258,21075.284042549258,0.006096235837107037,201.06667188811244,-7.876304873374786e-05,-2.597770903195766,-0.00867860677325712,0.0090755406704742,False
1107,450.1680658899339,21323.30086550436,21624.30086550436,20885.30086550436,21169.30086550436,0.006087640482664865,200.78317903160797,-0.00022186110106361696,-7.317445453925018,-0.024314532960693934,0.009124629349133304,False
1108,450.43783293261197,21393.317669725853,21697.317669725853,20952.317669725853,21242.317669725853,0.006127907462798356,202.11126867557226,-0.000158078270741162,-5.213753641597407,-0.017323438892377505,0.009125109149703416,False
1109,450.70762233460187,21456.334455222284,21777.334455222284,21015.334455222284,21313.334455222284,0.00644919082847616,212.70786939705994,-0.0003340968662013397,-11.019216902085844,-0.036369143722365195,0.009186272537835058,False
1110,450.97743407153246,21521.351222002202,21870.351222002202,21085.351222002202,21399.351222002202,0.006986222439054159,230.42030072728753,-0.0005664551999353994,-18.682883154135766,-0.06175969732705335,0.009171923186988614,False
1111,451.24726811903224,21560.36797007417,21924.36797007417,21115.36797007417,21449.36797007417,0.007270913823935927,239.81002100762356,-0.00045506821726495027,-15.009106335843626,-0.049010859750160986,0.009285048652170513,False
1112,451.51712445272995,21616.384699446775,22003.384699446775,21158.384699446775,21528.384699446775,0.007706431140095804,254.17429753001352,-0.00017749489273452546,-5.854154647698863,-0.01890395569626823,0.009389299022191645,False
1113,451.78700304825406,21632.401410128612,22047.401410128612,21174.401410128612,21562.401410128612,0.008252676144406218,272.19060595162523,-0.00036669133500016014,-12.094250995000777,-0.03869302285598493,0.009476936872184472,False
1114,452.0569038812333,21664.41810212829,22093.41810212829,21204.41810212829,21613.41810212829,0.008515882801380218,280.87171474574836,-0.00021878694127338942,-7.2160532023145265,-0.02320100503014199,0.009430063093781867,False
1115,452.32682692729657,21686.43477545443,22108.43477545443,21234.43477545443,21629.43477545443,0.008369836274885273,276.05479331951085,-0.00036537105429823927,-12.050705362287943,-0.0391602945554026,0.009330140604058155,False
1116,452.59677216207206,21831.451430115674,22221.451430115674,21369.451430115674,21743.451430115674,0.007689812116678312,253.62616720535547,-0.00015470313367740764,-5.102434526866915,-0.01651648752710299,0.00936658798812672,False
1117,452.86673956118875,21900.468066120673,22253.468066120673,21437.468066120673,21786.468066120673,0.006944305849411714,229.037803494322,6.903359288031648e-05,2.276872998323995,0.007466812727176818,0.009245389619731082,False
1118,453.13672910027526,21989.4846834781,22324.4846834781,21539.4846834781,21854.4846834781,0.006566390920030669,216.57337476521022,-0.000261129300837255,-8.612593222235404,-0.028663060593736134,0.009110307672249095,False
1119,453.4067407549601,22035.501282196627,22367.501282196627,21586.501282196627,21891.501282196627,0.006494536254834702,214.2034568721643,-0.0004012485208018885,-13.234019620203782,-0.043894028444702,0.00914130087894266,False
1120,453.67677450087194,22129.517862284956,22456.517862284956,21676.517862284956,21968.517862284956,0.006370462843395135,210.11125496683303,-0.0005592232028844629,-18.444356690102808,-0.06037793633360004,0.009262045655132101,False
1121,453.94683031363945,22209.534423751793,22529.534423751793,21751.534423751793,22039.534423751793,0.006212762483059262,204.90996560475065,-0.0005002454135850576,-16.499145230669285,-0.05379168976014243,0.009299678366968128,False
1122,454.21690816889134,22288.550966605864,22607.550966605864,21823.550966605864,22119.550966605864,0.006171683742586685,203.55510239852404,-0.000320794510299466,-10.580477243560779,-0.034431778787761574,0.00931681491905638,False
1123,454.4870080422562,22344.56749085591,22662.56749085591,21884.56749085591,22183.56749085591,0.0061371577434423605,202.41636237483502,-0.000243736438872778,-8.038940075728135,-0.026620833684157064,0.009155852959550008,False
1124,454.7571299093627,22418.58399651068,22760.58399651068,21950.58399651068,22275.58399651068,0.00657522289776834,216.86467195537045,-0.00019220335016653049,-6.339270490242228,-0.020760335198773062,0.009258200714306854,False
1125,455.02727374583947,22452.60048357894,22804.60048357894,21982.60048357894,22314.60048357894,0.006755819496750067,222.82112739473214,-0.0002457707942525988,-8.10603739226707,-0.026397257231649877,0.009310467072235203,False
1126,455.2974395273151,22498.61695206947,22856.61695206947,22026.61695206947,22364.61695206947,0.006856128397040552,226.12952577056262,-0.00024246354448470304,-7.996957343249619,-0.025989595876440324,0.009329254122973772,False
1127,455.56762722941824,22552.63340199107,22926.63340199107,22083.63340199107,22433.63340199107,0.007143026228294807,235.59201929010217,-0.00031393668116120634,-10.35429162376991,-0.03381590218990457,0.00928369970430448,False
1128,455.83783682777766,22597.64983335254,22993.64983335254,22129.64983335254,22495.64983335254,0.007544638616244802,248.83804001368088,-0.0004206373990179495,-13.873505578213752,-0.04523444177836285,0.009299051397140365,False
1129,456.10806829802186,22684.666246162717,23076.666246162717,22217.666246162717,22574.666246162717,0.007440674995408456,245.40910127220963,-0.0005177752731614334,-17.077316846379063,-0.05571763851359728,0.009292843109908112,False
1130,456.37832161577956,22750.682640430427,23126.682640430427,22282.682640430427,22628.682640430427,0.007118908443884217,234.79656406587424,-0.0004271117107120855,-14.087041986563037,-0.04622164363712619,0.009240513255331761,False
1131,456.64859675667935,22812.699016164523,23183.699016164523,22346.699016164523,22675.699016164523,0.007006059340725026,231.07456344055973,-0.0006587551477710372,-21.72712944359114,-0.07088977127962154,0.009292668545545266,False
1132,456.91889369635,22881.715373373874,23258.715373373874,22419.715373373874,22757.715373373874,0.007097144986117771,234.07875948304607,-0.0005985782721381998,-19.74236959646211,-0.06536286079349583,0.009157773464495658,False
1133,457.18921241042005,22925.73171206736,23288.73171206736,22450.73171206736,22790.73171206736,0.006822632027953483,225.02474511039227,-0.0002948633552211236,-9.725213243096618,-0.03191114399709371,0.009240137403033189,False
1134,457.4595528745182,22971.748032253872,23331.748032253872,22492.748032253872,22838.748032253872,0.006753233648574038,222.73584068656425,-0.00012345868298522383,-4.0719268687788315,-0.013400115492623394,0.009213255143449053,False
1135,457.729915064273,23016.76433394232,23372.76433394232,22539.76433394232,22877.76433394232,0.006665809082588336,219.85239473832652,-0.00020159804956415388,-6.649127423560259,-0.021923080199804237,0.009195699132002175,False
1136,458.00029895531316,23153.780617141623,23494.780617141623,22668.780617141623,22998.780617141623,0.006349480127256689,209.41920088397583,-7.282905303461311e-05,-2.4020552520785827,-0.007890327104625927,0.009230169049888316,False
1137,458.27070452326734,23226.796881860722,23569.796881860722,22748.796881860722,23072.796881860722,0.006366517858446633,209.981141071072,-0.00022470803782685678,-7.411343412494205,-0.0245764043063761,0.00914324304831519,False
1138,458.54113174376414,23337.813128108563,23675.813128108563,22855.813128108563,23178.813128108563,0.006244745438682816,205.96483070777543,-0.00015022785006976735,-4.95483026666642,-0.016438833718118127,0.009138595392214054,False
1139,458.8115805924323,23386.829355894108,23718.829355894108,22896.829355894108,23219.829355894108,0.006121903798351706,201.9132552027218,-3.822751140163984e-05,-1.2608236783273696,-0.004148349679095259,0.00921511308322907,False
1140,459.08205104490037,23443.84556522634,23774.84556522634,22944.84556522634,23271.84556522634,0.006088852729659116,200.82316148556046,5.683455184207504e-05,1.8745229831136498,0.006101207536201072,0.00931529562055566,False
1141,459.352543076797,23531.861756114253,23863.861756114253,23024.861756114253,23359.861756114253,0.006084436133728226,200.67749286829775,0.0001888008320260013,6.227048290046042,0.020160568375669798,0.00936485661058297,False
1142,459.62305666375096,23589.877928566846,23939.877928566846,23088.877928566846,23425.877928566846,0.006396238040936603,210.96137515991614,-0.00010318980025897286,-3.4034165122976674,-0.011007545111441266,0.009374460809769215,False
1143,459.89359178139057,23615.894082593142,23988.894082593142,23118.894082593142,23471.894082593142,0.006805834587316526,224.47073021081226,-0.00022475314366890344,-7.412831097975072,-0.024038505677079724,0.009349713608995315,False
1144,460.1641484053449,23700.910218202178,24083.910218202178,23205.910218202178,23567.910218202178,0.0069619744123168865,229.62054983736283,-0.0002395070134424927,-7.899444734998326,-0.025791794492530544,0.009286170976271362,False
1145,460.4347265112424,23714.926335402997,24115.926335402997,23224.926335402997,23602.926335402997,0.00728216863703412,240.18122840065152,-0.00027066285515953397,-8.927029882834574,-0.029411032393703258,0.00920276621154861,False
1146,460.7053260747116,23741.942434204666,24155.942434204666,23248.942434204666,23645.942434204666,0.007507738333727085,247.62099113371343,-0.0001543125219729798,-5.0895513318086785,-0.016790983070870392,0.00919020174826373,False
1147,460.97594707138126,23816.958514616257,24213.958514616257,23316.958514616257,23698.958514616257,0.007179493814621407,236.79479694018102,-0.00012213310332440455,-4.028206465263423,-0.013167326977332024,0.009275466731756613,False
1148,461.24658947688,23899.974576646862,24294.974576646862,23406.974576646862,23777.974576646862,0.007119009961924226,234.79991234421954,-0.00028943501888655226,-9.546175300693164,-0.03147102468586315,0.009196873053090231,False
1149,461.51725326683663,23992.990620305587,24389.990620305587,23496.990620305587,23877.990620305587,0.007127249065750809,235.071655306601,-0.0001417153214642664,-4.674069180351097,-0.015499873858997874,0.009142998372338292,False
1150,461.78793841687957,24075.00664560155,24466.00664560155,23585.00664560155,23957.00664560155,0.006996673685632995,230.76500480745085,-0.00020012329410403536,-6.600486888623919,-0.022160883900079836,0.00903047437125531,False
1151,462.0586449026375,24166.022652543874,24543.022652543874,23674.022652543874,24040.022652543874,0.006722869978999139,221.73438304108174,-6.00562509568657e-05,-1.9807813917685735,-0.006700352828487857,0.008963147537772167,False
1152,462.3293726997391,24280.038641141713,24663.038641141713,23791.038641141713,24155.038641141713,0.006797209788179834,224.18626620639134,-0.00020287558641631995,-6.691263274262752,-0.02269959743826023,0.008937408998909057,False
1153,462.60012178381305,24294.054611404223,24691.054611404223,23806.054611404223,24174.054611404223,0.007039636620528894,232.18201270624036,-0.00037756327671919707,-12.45283048516788,-0.04194513907009476,0.009001359516015644,False
1154,462.87089213048796,24379.07056334058,24794.07056334058,23888.07056334058,24267.07056334058,0.007330688466641831,241.78151436734902,-0.00049440874739196,-16.306639711242923,-0.05443066727069363,0.009083275516965007,False
1155,463.14168371539256,24464.08649695997,24868.08649695997,23973.08649695997,24341.08649695997,0.007113365682117258,234.61375213219418,-0.000497358401103121,-16.403925490660356,-0.054934085434067,0.009053730432994296,False
1156,463.41249651415535,24553.102412271593,24938.102412271593,24055.102412271593,24408.102412271593,0.006757028810963634,222.8610131194131,-0.0004302221558253527,-14.189631004397427,-0.04720310731650089,0.009114276162810134,False
1157,463.68333050240506,24623.118309284666,24997.118309284666,24114.118309284666,24468.118309284666,0.006546893897350465,215.93032197545853,-0.00021770947464001215,-7.180516087965117,-0.023714287808179836,0.009180519204330353,False
1158,463.9541856557704,24700.134188008415,25077.134188008415,24187.134188008415,24556.134188008415,0.006578591220785553,216.97576632852326,-3.007325161655597e-06,-0.09918790507725816,-0.00032988069978959417,0.009116402273833361,False
1159,464.2250619498798,24777.150048452084,25161.150048452084,24261.150048452084,24631.150048452084,0.006679136765348265,220.29196972986608,-0.00010583071877926561,-3.490519556174462,-0.011512245441481023,0.00919288242395662,False
1160,464.4959593603621,24883.16589062493,25271.16589062493,24360.16589062493,24732.16589062493,0.006719643734773191,221.62797472510732,-0.00013773435336788143,-4.542768484738218,-0.01481929107568,0.009294260613715716,False
1161,464.76687786284594,24946.181714536222,25342.181714536222,24434.181714536222,24804.181714536222,0.0068399191393745855,225.59491038169674,-0.00031281418431915,-10.31726931848712,-0.03413999701693935,0.009162689269244517,False
1162,465.03781743295986,24996.197520195245,25413.197520195245,24486.197520195245,24879.197520195245,0.00718536415333318,236.98841305005124,-0.0002703445476233829,-8.916531431225962,-0.029748166933757,0.00908777163397611,False
1163,465.30877804633246,25120.213307611295,25580.213307611295,24610.213307611295,25040.213307611295,0.007880838760508102,259.9266274472346,-0.0003581925661243152,-11.813943733491755,-0.03941795325556628,0.009087041222104401,False
1164,465.5797596785926,25159.229076793687,25649.229076793687,24645.229076793687,25098.229076793687,0.00837698689283013,276.2906357295706,-0.0004667672797193413,-15.394966006428831,-0.05074741236469923,0.009197853801192682,False
1165,465.8507623053688,25282.244827751743,25792.244827751743,24767.244827751743,25243.244827751743,0.008673509973040412,286.07059019146783,-0.0004060277830188804,-13.391649733888244,-0.04441855768259123,0.00914094928341208,False
1166,466.1217859022896,25342.2605604948,25832.2605604948,24831.2605604948,25287.2605604948,0.008317060727777981,274.31414484437363,-0.00041404426903803027,-13.656050293049304,-0.045732521121450244,0.009053606905651834,False
1167,466.39283044498393,25422.276275032218,25900.276275032218,24907.276275032218,25357.276275032218,0.008089962592299216,266.82397098745474,-0.00031359819742757516,-10.343127718758979,-0.034670908341679914,0.009044995139356662,False
1168,466.6638959090802,25491.291971373357,25985.291971373357,24971.291971373357,25434.291971373357,0.008335753619716535,274.93067571202334,-0.0003571137592671726,-11.778362415745619,-0.03911692853187485,0.009129391613049952,False
1169,466.934982270207,25554.3076495276,26063.3076495276,25028.3076495276,25513.3076495276,0.008565411458765911,282.50527397306877,-0.00023013019978223616,-7.590177710893556,-0.025157166904940215,0.009147699367413449,False
1170,467.2060895039932,25650.323309504336,26148.323309504336,25115.323309504336,25600.323309504336,0.008351002590093411,275.43361880761955,-4.432569085219967e-05,-1.4619544546725365,-0.004830488713468519,0.009176233189120059,False
1171,467.47721758606735,25761.33895131298,26232.33895131298,25219.33895131298,25690.33895131298,0.00786858344401326,259.5224213491774,0.00016755215280067452,5.526222185542565,0.018309795503846264,0.009150957080076483,False
1172,467.74836649205804,25941.35457496295,26402.35457496295,25389.35457496295,25857.35457496295,0.007650009376764746,252.31338917965385,0.0002824206835416584,9.314827777239458,0.03069863882609848,0.009199778698381837,False
1173,468.019536197594,26053.37018046368,26490.37018046368,25504.37018046368,25935.37018046368,0.007224117025152125,238.26656421922246,5.373083355099135e-05,1.7721558300143272,0.0058260964279717425,0.009222441512128702,False
1174,468.2907266783038,26177.38576782462,26586.38576782462,25636.38576782462,26031.38576782462,0.0067330289587467975,222.06944754682266,-9.253886462507171e-05,-3.0521262673619844,-0.010151542209694858,0.00911574445670884,False
1175,468.56193790981615,26318.401337055227,26718.401337055227,25777.401337055227,26153.401337055227,0.006550963777885844,216.064555190199,-0.0002619187268692036,-8.638630152102735,-0.028620832859278255,0.00915133141502188,False
1176,468.8331698677596,26414.416888164986,26810.416888164986,25872.416888164986,26240.416888164986,0.006462539235971331,213.1481279339301,-0.00032880923577286846,-10.84481973622232,-0.03586319197545199,0.009168431967738266,False
1177,469.10442252776295,26506.43242116338,26908.43242116338,25969.43242116338,26338.43242116338,0.006537119529488634,215.607942778147,-0.00040965389080049874,-13.511246390421775,-0.04504835733890115,0.009093647693269948,False
1178,469.37569586545465,26646.447936059914,27045.447936059914,26111.447936059914,26470.447936059914,0.006454854513008001,212.89466961769935,-0.0005245190223766199,-17.299739870516675,-0.057826093297890874,0.009070628715562062,False
1179,469.6469898564635,26741.4634328641,27158.4634328641,26206.4634328641,26585.4634328641,0.006720024417043772,221.64053042656596,-0.0004842059394309945,-15.970129658902437,-0.0536881734651792,0.009018856634134487,False
1180,469.91830447641803,26869.478911585476,27323.478911585476,26326.478911585476,26747.478911585476,0.007276750171571665,240.0025160203586,-0.00038667378165213595,-12.753314087678149,-0.04268015054890054,0.009059803601421383,False
1181,470.18963970094705,26907.494372233585,27367.494372233585,26363.494372233585,26802.494372233585,0.007361779335461953,242.80695657247514,-0.00018953951686127152,-6.2514116685915155,-0.021142038041535114,0.00896505419623723,False
1182,470.4609955056791,27060.509814817975,27532.509814817975,26509.509814817975,26961.509814817975,0.007509828349993973,247.68992426330422,-0.00016731709719327355,-5.518469557535383,-0.0185538136948697,0.009017935608544905,False
1183,470.73237186624283,27132.52523934823,27621.52523934823,26579.52523934823,27043.52523934823,0.007757440637743506,255.85669798182658,-0.00024135688627885832,-7.9604574294810675,-0.026629032108536253,0.00906367476275972,False
1184,471.0037687582668,27223.540645833924,27729.540645833924,26670.540645833924,27156.540645833924,0.007998067207514675,263.7930680377956,-0.00015544045138356048,-5.1267528146203745,-0.017289394157220733,0.008990508861679368,False
1185,471.2751861573797,27331.55603428466,27829.55603428466,26762.55603428466,27251.55603428466,0.007841920520043287,258.64302207252604,2.179493387542003e-05,0.7188427310633188,0.002388258076280355,0.009125870479360015,False
1186,471.5466240392104,27437.571404710045,27952.571404710045,26875.571404710045,27365.571404710045,0.008076097735921791,266.36667888089835,-0.0002292835184699027,-7.5622523815314935,-0.025188786037089808,0.009102602965156355,False
1187,471.8180823793872,27519.586757119712,28045.586757119712,26955.586757119712,27449.586757119712,0.008222622445735408,271.1993717981028,-0.0003356015403580947,-11.068844218524873,-0.03663404701042172,0.00916091908334949,False
1188,472.08956115353897,27632.60209152329,28152.60209152329,27065.60209152329,27548.60209152329,0.008096758812690865,267.04812462128393,-0.00041488531590523105,-13.683789786567672,-0.04503976769487212,0.009211533210293771,False
1189,472.36106033729425,27753.61740793044,28265.61740793044,27179.61740793044,27666.61740793044,0.007938879112307735,261.8409202474793,-0.00022615381244992482,-7.459028098508298,-0.024610465825615605,0.009189334897291316,False
1190,472.63257990628176,27888.63270635082,28383.63270635082,27311.63270635082,27785.63270635082,0.007640755603974747,252.00818030207589,-0.00016812836429794687,-5.54522685189005,-0.018347367014039606,0.009163623541693651,False
1191,472.9041198361301,28021.647986794116,28504.647986794116,27437.647986794116,27902.647986794116,0.007422009047640916,244.7934590799552,-0.00012346886393952133,-4.0722626580514145,-0.013408100656013043,0.009208527524303008,False
1192,473.17568010246794,28183.663249270016,28668.663249270016,27598.663249270016,28057.663249270016,0.007410002248864916,244.39744961863713,-0.0002465511471375229,-8.13177507067428,-0.026704210890413093,0.009232669265132101,False
1193,473.4472606809238,28254.678493788226,28725.678493788226,27674.678493788226,28122.678493788226,0.007179925532120915,236.8090358907632,-0.00020582785225027253,-6.788635206980388,-0.022591882271429737,0.00911069957683728,False
1194,473.7188615471266,28366.693720358468,28847.693720358468,27788.693720358468,28239.693720358468,0.007302378885402063,240.8478048727493,-0.00031052883219811166,-10.241893601840388,-0.03413960969674553,0.009095851855263414,False
1195,473.9904826767047,28506.70892899047,29030.70892899047,27927.70892899047,28411.70892899047,0.00791056007834178,260.9068989821007,-0.0004485127778613672,-14.792894165110397,-0.04909275296701682,0.009136028247645889,False
1196,474.2621240452869,28618.72411969398,29163.72411969398,28040.72411969398,28548.72411969398,0.008192713150403597,270.2129003702291,-0.00039523392935811655,-13.03564575202023,-0.043630504684720274,0.00905866049944021,False
1197,474.53378562850185,28722.73929247876,29263.73929247876,28138.73929247876,28652.73929247876,0.008103962783268755,267.2857267133256,-0.00024245029113444984,-7.99652021990039,-0.026812468550186777,0.009042445706953041,False
1198,474.80546740197815,28839.75444735458,29379.75444735458,28251.75444735458,28772.75444735458,0.008056603370904684,265.72371374646184,-0.0001205868894102579,-3.977209080311127,-0.01338897926247656,0.009006428873051591,False
1199,475.0771693413444,28956.769584331225,29499.769584331225,28364.769584331225,28901.769584331225,0.008068513462501883,266.1165336017495,7.666088345424302e-05,2.528437073632233,0.008582223632825561,0.008932519907897533,False
1200,475.34889142222926,29057.7847034185,29633.7847034185,28471.7847034185,29027.7847034185,0.008524619659796093,281.1598747007397,-0.00012541734408887464,-4.1365276289840835,-0.014075200264774722,0.008910519333977091,False
1201,475.6206336202615,29131.799804626215,29729.799804626215,28542.799804626215,29115.799804626215,0.008824667953939725,291.0560981279809,-0.00019251481569166652,-6.349543277946054,-0.02146924907185683,0.008967002760428468,False
1202,475.8923959110697,29235.814887964196,29854.814887964196,28640.814887964196,29236.814887964196,0.00909917931931172,300.1100599669968,-0.00015449164151766503,-5.09545907089273,-0.017152246991440807,0.00900707887396668,False
1203,476.1641782702824,29284.82995344228,29930.82995344228,28683.82995344228,29306.82995344228,0.009476053001795489,312.54014618478794,-0.00014434777784857675,-4.760893125196276,-0.015901287963484428,0.009077741260962991,False
1204,476.4359806735283,29449.845001070327,30103.845001070327,28845.845001070327,29476.845001070327,0.009538955846034683,314.61481420640325,-0.00014122363434554072,-4.657852305673998,-0.015569794385582772,0.009070359623779629,False
1205,476.7078030964361,29617.860030858195,30268.860030858195,29013.860030858195,29640.860030858195,0.009442388717265078,311.4298273203465,-0.00015709974096350665,-5.181479672710111,-0.01740386693197723,0.009026714670798668,False
1206,476.9796455146345,29724.875042815773,30356.875042815773,29120.875042815773,29721.875042815773,0.009137025346558084,301.3583014960227,-0.00026524216379337877,-8.748244087558874,-0.029314234092734492,0.009048237895429743,False
1207,477.251507903752,29868.890036952944,30474.890036952944,29265.890036952944,29841.890036952944,0.008723063210537074,287.7049601225143,-0.0002584739404449844,-8.525013855064742,-0.028762199887623453,0.008986584526039933,False
1208,477.52339023941727,29882.905013279622,30486.905013279622,29272.905013279622,29847.905013279622,0.008690523293775258,286.6317252704454,-0.00024249285388240963,-7.997924028792852,-0.026711447018123183,0.009078237271005313,False
1209,477.7952924972591,30032.91997180572,30635.91997180572,29430.91997180572,29998.91997180572,0.008633367535727179,284.74660823149844,-0.0003315858924579987,-10.936399710090257,-0.037009361498190056,0.00895951399956508,False
1210,478.0672146529058,30153.934912541175,30732.934912541175,29553.934912541175,30097.934912541175,0.008260043120818244,272.4335843187068,-0.00033865696049896997,-11.169618397109957,-0.03805985807189696,0.00889800902197875,False
1211,478.33915668198654,30340.949835495932,30881.949835495932,29736.949835495932,30242.949835495932,0.0076755407434056545,253.15546731711623,-0.00034781187236350083,-11.471566633565288,-0.03905077155230581,0.008906658141123559,False
1212,478.6111185601295,30458.96474067995,30964.96474067995,29844.96474067995,30323.96474067995,0.007155451657073692,236.00183604885453,-0.0002405388125412012,-7.933475638063413,-0.02683286015813048,0.008964337425219161,False
1213,478.88310026296347,30590.9796281032,31106.9796281032,29971.9796281032,30463.9796281032,0.007264459972216861,239.59715941225784,-0.00019325242653362665,-6.373871233934636,-0.021533306002123564,0.008974582282654069,False
1214,479.15510176611724,30701.994497775668,31235.994497775668,30096.994497775668,30586.994497775668,0.007488748131682305,246.99465435382947,-0.00047507204533715937,-15.668874632702938,-0.05349310026284169,0.008880996670652163,False
1215,479.4271230452191,30812.009349707354,31342.009349707354,30197.009349707354,30696.009349707354,0.007406814858178183,244.29232277405418,-0.00028882983210443136,-9.526214968546782,-0.03245095812887701,0.008900502443020673,False
1216,479.6991640758981,30900.02418390827,31463.02418390827,30284.02418390827,30817.02418390827,0.007841644774159212,258.6339273936653,-0.0002645299198944153,-8.724752786670336,-0.029797794550732937,0.008877499958731296,False
1217,479.9712248337827,30982.03900038844,31570.03900038844,30370.03900038844,30916.03900038844,0.008165122104418892,269.3028896786662,-0.00042662524638260434,-14.070997370453284,-0.048054426953981995,0.00887795929376393,False
1218,480.2433052945016,31146.0537991579,31716.0537991579,30520.0537991579,31060.0537991579,0.007876116434876748,259.77087522182217,-0.00025920763483518183,-8.549212638241926,-0.028970362240454097,0.008947338410329759,False
1219,480.5154054336833,31241.068580226707,31790.068580226707,30607.068580226707,31132.068580226707,0.007565584595842022,249.52888244819007,-0.00017934276013033094,-5.915101198536604,-0.019940677121962062,0.008993814955902787,False
1220,480.78752522695663,31340.08334360492,31905.08334360492,30700.08334360492,31240.08334360492,0.007759736373350484,255.93241616766522,-0.00018710702506791622,-6.171182976271524,-0.02066534195318637,0.009054146091159471,False
1221,481.05966464995015,31425.098089302624,32003.098089302624,30776.098089302624,31341.098089302624,0.00791538067808381,261.06589249425036,-1.4729504870530583e-05,-0.48581003130658473,-0.0016239002617140909,0.009070449225116208,False
1222,481.3318236782925,31483.1128173299,32078.1128173299,30841.1128173299,31411.1128173299,0.008131144813720556,268.18224721288334,-0.0001778621650748661,-5.86626806147126,-0.01968251519418724,0.009036556726621677,False
1223,481.6040022876123,31553.12752769686,32185.12752769686,30917.12752769686,31509.12752769686,0.008612821550253382,284.0689584439472,-0.00037558096547281143,-12.387449693543829,-0.041587667649195616,0.009031065859257819,False
1224,481.8762004535382,31649.142220413618,32292.142220413618,31011.142220413618,31611.142220413618,0.008734912599580796,288.09577787999444,-0.000412486626413593,-13.604675965209083,-0.04557649482906045,0.00905042452168971,False
1225,482.14841815169893,31726.1568954903,32361.1568954903,31086.1568954903,31688.1568954903,0.008606571412614476,283.86281576714197,-0.00027662632893579384,-9.123717782896847,-0.030774740282951053,0.008988746172751375,False
1226,482.42065535772304,31800.171552937056,32453.171552937056,31177.171552937056,31778.171552937056,0.008827682645143524,291.155528980611,-0.0005354901088950904,-17.66158936456651,-0.060435686020373525,0.00886049524968693,False
1227,482.69291204723925,31861.18619276404,32513.18619276404,31239.18619276404,31838.18619276404,0.008797590551403538,290.1630284770026,-0.0005489839574069032,-18.10664485187516,-0.0621253021385249,0.008836720925441896,False
1228,482.9651881958762,32003.200814981417,32612.200814981417,31373.200814981417,31933.200814981417,0.008186691243461683,270.01428522154004,-0.0005030684993302453,-16.592256532529433,-0.056612831203821434,0.008886121549354479,False
1229,483.23748377926245,32130.21541959937,32697.21541959937,31497.21541959937,32014.21541959937,0.007597131257534302,250.56935766029363,-0.0005264290612732835,-17.36273696813413,-0.05911817198143389,0.008904691123375887,False
1230,483.50979877302666,32227.230006628106,32802.2300066281,31599.230006628106,32123.230006628106,0.007680390866848694,253.31543458298262,-0.0005376836286006947,-17.733936255125116,-0.060994224285036834,0.00881532038325471,False
1231,483.78213315279754,32293.244576077817,32862.24457607782,31667.244576077817,32180.244576077817,0.007585541777207812,250.18711223862272,-0.0006064775513142185,-20.002904427573668,-0.0688815507535189,0.008804644272374136,False
1232,484.0544868942037,32391.259127958732,32937.259127958736,31758.259127958732,32263.259127958732,0.0072596261144537225,239.43772862270427,-0.00040807781680615024,-13.459264157260094,-0.04650363329766433,0.008775181375487195,False
1233,484.3268599728739,32522.273662281088,33055.273662281084,31874.273662281088,32386.273662281088,0.0070598570923104675,232.8489263680087,-0.0001391728019723053,-4.590211543258505,-0.015796800445958846,0.008810189281583832,False
1234,484.59925236443655,32593.288179055126,33107.288179055126,31938.288179055126,32433.288179055126,0.006795432565744233,224.12764967483324,-0.00011608686174237846,-3.828788708993244,-0.013080821790477768,0.008874584762471447,False
1235,484.87166404452046,32689.30267829111,33185.30267829111,32025.30267829111,32497.30267829111,0.006540126736971238,215.70712680192176,-0.00018605436372450164,-6.136463992524682,-0.02066021791644556,0.009005440527149626,False
1236,485.1440949887542,32788.317159999315,33278.317159999315,32113.317159999315,32585.317159999315,0.006442229135742878,212.47825813758922,-0.00010544523430393565,-3.4778054679091213,-0.011604372301472451,0.009086681430460134,False
1237,485.4165451727665,32886.33162419002,33393.33162419002,32214.33162419002,32702.33162419002,0.006644318523057503,219.1435909129272,-0.00011472538381925891,-3.7838843053308437,-0.012713828285382573,0.009023669444329505,False
1238,485.689014572186,32962.34607087353,33510.34607087353,32285.34607087353,32815.34607087353,0.007160798223785944,236.17817705723826,-8.925556050845725e-05,-2.943835996256354,-0.009854547744376312,0.00905729647100169,False
1239,485.9615031626413,32977.36050006015,33569.36050006015,32316.360500060156,32865.36050006015,0.00772717609557001,254.85850976640313,-0.00041121986765098057,-13.562895598555002,-0.04569588117767869,0.008999057618607677,False
1240,486.2340109197611,32995.37491176022,33624.37491176022,32329.37491176022,32914.37491176022,0.00820115198650345,270.4912309228102,-0.00041284792823556224,-13.616592458735738,-0.045557223133497755,0.009062183773268643,False
1241,486.5065378191739,33069.38930598406,33713.38930598406,32391.389305984067,33006.38930598406,0.008376240764326902,276.2660268432096,-0.00020779878176916712,-6.85364060530793,-0.02283378033865027,0.00910049841451047,False
1242,486.77908383650845,33165.403682742035,33856.403682742035,32488.40368274204,33146.403682742035,0.008955536494561335,295.37241767675476,-0.0002474940800272635,-8.162874979375317,-0.027255070061136824,0.009080662037268686,False
1243,487.05164894739335,33187.418042044505,33888.418042044505,32518.4180420445,33187.418042044505,0.009077829931570346,299.4059122839498,-0.0002337738680732726,-7.710353549938986,-0.026088087842720726,0.00896094299753371,False
1244,487.3242331274573,33243.43238390183,33945.43238390183,32576.432383901836,33248.43238390183,0.009075486596252983,299.32862415961046,-0.0002078335473770284,-6.854787248130776,-0.023335685041914786,0.008906254391234911,False
1245,487.596836352329,33285.44670832442,33957.44670832442,32619.446708324427,33269.44670832442,0.008680638008903056,286.30568779698984,-0.00011164992394303505,-3.6824491741513157,-0.012639197421484616,0.008833624495274361,False
1246,487.86945859763694,33352.461015322675,34009.461015322675,32683.46101532268,33323.461015322675,0.008471864046013146,279.41988366853815,-4.980252652872323e-05,-1.6425920073166935,-0.005643507856204964,0.008824746557934884,False
1247,488.1420998390098,33405.475304907006,34074.475304907006,32747.475304907002,33393.475304907006,0.008611521654698352,284.0260851562274,-0.0001277259317500664,-4.212669702585117,-0.01467490881382788,0.008703695087339333,False
1248,488.4147600520764,33452.489577087836,34104.489577087836,32787.489577087836,33421.489577087836,0.008383110014289841,276.4925891458044,-6.547330280054844e-05,-2.1594471479430126,-0.007480085608204315,0.008753015169871311,False
1249,488.6874392124653,33538.503831875605,34163.503831875605,32874.503831875605,33474.503831875605,0.00801872120963336,264.47428044134085,-0.00016377953781962495,-5.401793413621078,-0.018682713977530928,0.008766367563973688,False
1250,488.9601372958049,33634.51806928077,34247.51806928077,32972.51806928077,33543.51806928077,0.007843894187868591,258.7081177859548,-0.00038739932575354834,-12.77724405719988,-0.043889018419023325,0.008826794029771087,False
1251,489.2328542777242,33684.5322893138,34269.5322893138,33012.5322893138,33569.5322893138,0.007477655678474547,246.62880193126034,-0.00021120423269901847,-6.965959535060648,-0.02384525741231234,0.008857284660301657,False
1252,489.5055901338517,33797.54649198517,34362.54649198517,33122.54649198517,33667.54649198517,0.007200166311880888,237.47661935234552,-0.00011241615232436553,-3.7077209967411022,-0.012748972313709826,0.008817663852283756,False
1253,489.7783448398159,33846.56067730537,34404.56067730537,33160.56067730537,33704.56067730537,0.0071014722019441,234.22148015658786,-3.4666481741769777e-05,-1.143373435040104,-0.003890733171579387,0.008910012641061536,False
1254,490.0511183712457,33971.574845284915,34535.574845284915,33283.574845284915,33820.574845284915,0.007151008996579168,235.85530776749678,-0.00019998982954911714,-6.596084947066913,-0.022256432076576436,0.008985709338362211,False
1255,490.32391070376957,33984.58899593431,34536.58899593431,33296.58899593431,33819.58899593431,0.006997420278405946,230.78962900640317,-0.00022884023067978616,-7.547631818444842,-0.025436027929558958,0.008996696784321941,False
1256,490.5967218130162,34092.60312926409,34625.60312926409,33389.60312926409,33905.60312926409,0.006737184032641733,222.20649061763345,-7.696684659918435e-05,-2.5385283812715613,-0.0084696323805799,0.009087389291613453,False
1257,490.8695516746143,34133.6172452848,34671.6172452848,33439.6172452848,33948.6172452848,0.0067917853902330644,224.0073581602959,-0.00023099337768610947,-7.618647132519783,-0.02556222450651483,0.009036513141774422,False
1258,491.1424002641925,34184.631344006986,34724.631344006986,33485.631344006986,33999.631344006986,0.006806743006257456,224.5006917769349,-0.000191026582119452,-6.30045820654243,-0.02106619067086483,0.009067922392995685,False
1259,491.41526755737925,34317.645425441224,34863.645425441224,33612.645425441224,34139.645425441224,0.006855313272421295,226.10264124726865,-9.900127010680545e-05,-3.2652699838000103,-0.010922121789313814,0.009064289157045304,False
1260,491.68815352980346,34297.659489598096,34864.659489598096,33592.659489598096,34141.659489598096,0.007120943650156719,234.8636894466423,-8.070480312754539e-05,-2.6618140445730205,-0.008907373524052952,0.009060448953848724,False
1261,491.9610581570937,34290.67353648818,34896.67353648818,33592.67353648818,34186.67353648818,0.007608014981681962,250.92832575972272,4.260379715473328e-06,0.1405162781196907,0.0004771227375559757,0.008929316044120625,False
1262,492.2339814148785,34372.687566122106,35049.687566122106,33681.687566122106,34332.687566122106,0.00847066049023235,279.380187869074,-0.00015670211023246193,-5.16836497540055,-0.01761093899977028,0.008897998581137892,False
1263,492.50692327878664,34324.701578510474,35036.701578510474,33642.701578510474,34326.701578510474,0.008916443977895299,294.08306430661014,-0.00017523277976658896,-5.779545407168939,-0.01990484658011461,0.00880352325556985,False
1264,492.77988372444656,34351.715573663925,35066.715573663925,33667.715573663925,34365.715573663925,0.008946659579223065,295.07963835007024,-3.491780518909658e-05,-1.1516626106022159,-0.003989584725145071,0.008752240544992284,False
1265,493.0528627274873,34418.7295515931,35121.7295515931,33732.7295515931,34422.7295515931,0.008781058562057815,289.6177687189727,1.2761769944498805e-05,0.42090999736649337,0.0014606630459045571,0.008736970501362767,False
1266,493.32586026353715,34508.74351230865,35195.74351230865,33831.74351230865,34497.74351230865,0.0085609975236304,282.35969311443057,-9.468824734198966e-05,-3.123017427260038,-0.010943947248738886,0.008652111088428442,False
1267,493.5988763082248,34561.757455821244,35239.757455821244,33879.757455821244,34531.757455821244,0.00843709251501584,278.27304548824225,-0.00015870323150936338,-5.234366161368712,-0.018168913931948225,0.008734877170082223,False
1268,493.87191083717903,34682.771382141575,35329.771382141575,33997.771382141575,34614.771382141575,0.00802703395405957,264.74845222548686,-0.00021601550794252047,-7.124645505649198,-0.02462739077155952,0.00877135178250316,False
1269,494.1449638260285,34689.78529128033,35305.78529128033,33992.78529128033,34586.78529128033,0.007644263931078155,252.12389230427294,-0.00012081718342289542,-3.9848046609143353,-0.013612790730624486,0.008875269282667724,False
1270,494.41803525040166,34826.79918324821,35394.79918324821,34116.79918324821,34671.79918324821,0.007025890936036774,231.72865113895452,-1.779152789245335e-05,-0.5868019867875205,-0.001986952602873755,0.008954178306377935,False
1271,494.6911250859274,34959.813058055945,35468.813058055945,34244.813058055945,34752.813058055945,0.0062775536691453485,207.0469151096758,0.00011761079669665546,3.8790512870197347,0.013191727081178462,0.008915496505719772,False
1272,494.96423330823404,34979.82691571426,35490.82691571426,34271.82691571426,34763.82691571426,0.006298462067455391,207.73651803433995,-0.00010813892652036024,-3.5666490992120146,-0.012103563878531353,0.008934469847527406,False
1273,495.2373598929506,35027.8407562339,35554.8407562339,34319.8407562339,34813.8407562339,0.00648537120529505,213.9011742738746,-0.00027869680516330424,-9.192006440916742,-0.030940696253604762,0.009007450992019436,False
1274,495.5105048157054,35092.85457962562,35591.85457962562,34389.85457962562,34839.85457962562,0.006131921578182042,202.2436626383944,-0.00048592734462991373,-16.02690522066976,-0.053804680722357785,0.009031321032037895,False
1275,495.78366805212727,35138.8683859002,35627.8683859002,34436.8683859002,34875.8683859002,0.00600206796438702,197.9608175096863,-0.0005006886839579875,-16.513765219300552,-0.05554280695917444,0.009014464903187339,False
1276,496.0568495778449,35211.88217506841,35737.88217506841,34511.88217506841,34996.88217506841,0.006439572701399308,212.39064334924726,-0.0003788623986317489,-12.495678256532614,-0.04252090783546056,0.008910026100519764,False
1277,496.3300493684868,35262.89594714104,35833.89594714104,34560.89594714104,35094.89594714104,0.00697605263290743,230.08487914414877,-0.00031708600574088027,-10.458162968129017,-0.03566159510877759,0.008891526157864826,False
1278,496.6032673996816,35287.90970212891,35899.90970212891,34584.90970212891,35159.90970212891,0.007467422752891605,246.29129853644136,-0.00030631782225304643,-10.10300564252151,-0.03444696919506085,0.008892446256112643,False
1279,496.87650364705803,35251.92344004284,35888.92344004284,34545.92344004284,35152.92344004284,0.007777612745568345,256.52201649864327,-0.0002129706523845403,-7.024219769214255,-0.02394947601483917,0.008892497366229768,False
1280,497.1497580862448,35377.93716089365,36027.93716089365,34675.93716089365,35285.93716089365,0.007906890390867323,260.78586497569506,-0.00033344127913274846,-10.99759426255278,-0.03758770638624199,0.008871019575027755,False
1281,497.4230306928704,35441.95086469219,36093.95086469219,34748.95086469219,35347.95086469219,0.007916803632816754,261.112824532322,-0.0004942579684073098,-16.301666703399377,-0.056018939355544514,0.008823051169718196,False
1282,497.69632144256354,35543.96455144932,36192.96455144932,34841.96455144932,35445.96455144932,0.007858290350491032,259.1829334892508,-0.00039412609270162574,-12.999106970472354,-0.04448227361564182,0.008860295588916,False
1283,497.9696303109529,35564.9782211759,36216.9782211759,34855.9782211759,35459.9782211759,0.00788966486041765,260.21773077426843,-0.0004284759011126569,-14.132035853433365,-0.047823589307330376,0.00895950946632482,False
1284,498.2429572736671,35585.99187388281,36262.99187388281,34873.99187388281,35506.99187388281,0.008184557407732287,269.94390683396944,-0.0003723386734912418,-12.280512088857336,-0.04153904656368401,0.008963582563706773,False
1285,498.51630230633475,35584.005509580966,36290.005509580966,34873.005509580966,35542.005509580966,0.008532201326437047,281.40993400283935,-0.00027964987004935535,-9.223440524153034,-0.031402706124739596,0.00890527933925549,False
1286,498.7896653845845,35591.019128281245,36312.019128281245,34883.019128281245,35565.019128281245,0.008709974556929017,287.27326881483066,-0.0003009940538698779,-9.927416570951948,-0.03390773627794214,0.008876854868830695,False
1287,499.0630464840451,35633.032729994586,36346.032729994586,34927.032729994586,35589.032729994586,0.008604226579229116,283.78547823337124,-0.0004497332228065691,-14.833147004716864,-0.050441355934897555,0.008915962199490039,False
1288,499.33644558034507,35724.0463147319,36398.0463147319,35010.0463147319,35638.0463147319,0.008117429538773573,267.72988861631546,-0.0003962269299731718,-13.068396999541989,-0.044191808172552305,0.008966071911474078,False
1289,499.6098626491131,35773.05988250415,36410.05988250415,35061.05988250415,35651.05988250415,0.007665303678314915,252.81782739262903,-0.0004178985231173887,-13.783171694034223,-0.04674481026142443,0.008939998275322004,False
1290,499.8832976659779,35886.073433322286,36511.073433322286,35176.073433322286,35757.073433322286,0.007498659998313962,247.32156854958544,-0.00038405284671585126,-12.666870144406431,-0.04329498245359486,0.008870608669895943,False
1291,500.1567506065679,35920.08696719727,36549.08696719727,35215.08696719727,35788.08696719727,0.00753915283830449,248.65710752638083,-0.0005294340676818849,-17.46184839586175,-0.059665761680042444,0.008873331250189586,False
1292,500.43022144651206,36017.10048414008,36671.10048414008,35307.10048414008,35900.10048414008,0.007815195643368725,257.76157946545584,-0.0005815850503511286,-19.181897423029227,-0.06507255179459365,0.008937486456454712,False
1293,500.70371016143883,36033.11398416172,36695.11398416172,35325.11398416172,35935.11398416172,0.007906445561469775,260.77119356715497,-0.0004709906772728959,-15.534262535113697,-0.05319693099527093,0.008853718973276217,False
1294,500.97721672697685,36124.12746727318,36739.12746727318,35409.12746727318,35984.12746727318,0.00733147179711297,241.80735025280833,-0.0003357205313368394,-11.072768791116857,-0.03793451867125159,0.008850001083347417,False
1295,501.2507411187547,36187.14093348549,36771.14093348549,35473.14093348549,36021.14093348549,0.00695283353908942,229.3190646246664,-0.00029501333724952453,-9.730159965647914,-0.03351611468638242,0.008802134137862593,False
1296,501.5242833124013,36306.15438280967,36863.15438280967,35594.15438280967,36115.15438280967,0.006612245035360946,218.08573987184096,-0.0003014491179284106,-9.942425540124106,-0.0344422947127548,0.008752294829437623,False
1297,501.79784328354503,36344.16781525677,36913.16781525677,35630.16781525677,36158.16781525677,0.00674658797193203,222.5166523020336,-0.00035803976589417023,-11.808904060723222,-0.040705389220666216,0.008795881153554789,False
1298,502.0714210078146,36410.18123083783,36983.18123083783,35694.18123083783,36227.18123083783,0.006781425078286153,223.6656532954335,-0.00034430573688362144,-11.355926915718925,-0.03913646278129033,0.008797569131572643,False
1299,502.3450164608388,36476.19462956393,37050.19462956393,35759.19462956393,36292.19462956393,0.006780969377824076,223.65062333633475,-0.00035546714173740473,-11.724053508506842,-0.0403961559991406,0.008799528889455894,False
1300,502.618629618246,36562.208011446135,37131.208011446135,35838.208011446135,36381.208011446135,0.0067066634824308035,221.19985871901946,-0.00017583394621770946,-5.79937314034845,-0.020040234727560474,0.008774046242876216,False
1301,502.8922604556651,36619.221376495545,37205.221376495545,35896.221376495545,36443.221376495545,0.00689478720605898,227.4045745508575,-0.00032676289221144836,-10.777327024255726,-0.037032192094978655,0.008823752355069346,False
1302,503.1659089487247,36640.23472472326,37258.23472472326,35901.23472472326,36500.23472472326,0.0072640272242459935,239.58288647456425,-7.77551149857324e-05,-2.5645271295603322,-0.008748581648004735,0.008887739534723986,False
1303,503.4395750730532,36652.24805614039,37343.24805614039,35926.24805614039,36583.24805614039,0.008111472363482487,267.5334084535334,-0.000241074723835508,-7.951151119008159,-0.02736596429915994,0.008809290299443544,False
1304,503.7132588042796,36801.261370758075,37513.261370758075,36080.261370758075,36745.261370758075,0.008322118520957558,274.48096149466227,-0.0003904526122579816,-12.877947863970348,-0.04442890847700846,0.00878825579206019,False
1305,503.98696011803236,36817.27466858744,37501.27466858744,36104.27466858744,36737.27466858744,0.007994392147914338,263.6718568473866,-0.00044608132764268824,-14.712699826112583,-0.05117927721220711,0.008716053683077228,False
1306,504.2606789899402,36878.28794963963,37539.28794963963,36166.28794963963,36773.28794963963,0.007715279593434344,254.46613812012131,-0.00048675288190514355,-16.054133175244488,-0.055883142258714866,0.008710191700597069,False
1307,504.53441539563164,36906.30121392582,37570.30121392582,36194.30121392582,36811.30121392582,0.007744155011088763,255.4185100890359,-0.00040318208618414595,-13.297792670767507,-0.046546521016589106,0.008661916666993275,False
1308,504.80816931073537,36980.31446145719,37670.31446145719,36250.31446145719,36906.31446145719,0.008028645735278875,264.80161215798245,-0.0002397461997423649,-7.9073336019257,-0.02731000557613276,0.008778694646327282,False
1309,505.0819407108801,37001.327692244915,37716.327692244915,36273.327692244915,36950.327692244915,0.008312092553671992,274.15028401950667,-0.00028119759596368504,-9.27448777804949,-0.03206172527100152,0.008770507313217372,False
1310,505.3557295716944,37117.3409063002,37819.3409063002,36386.3409063002,37048.3409063002,0.008137100222770317,268.378669121314,-0.0003067201228469964,-10.116274361725573,-0.034886942250384405,0.008791831644219743,False
1311,505.629535868807,37194.35410363425,37831.35410363425,36453.35410363425,37067.35410363425,0.007374864947318665,243.23854755680577,-0.00012077237834901694,-3.983326895399813,-0.013724269130376283,0.00879991329241047,False
1312,505.90335957784646,37379.3672842583,37960.3672842583,36633.3672842583,37203.3672842583,0.006698459919052057,220.92928795531185,6.9496250721312255e-06,0.22921324264035547,0.0007940948599032808,0.008751630847953953,False
1313,506.17720067444145,37471.380448183576,38048.380448183576,36736.380448183576,37290.380448183576,0.006636482672014059,218.88514807495062,-0.00013603251170680834,-4.486638169570625,-0.015687590670555664,0.008671345049952785,False
1314,506.4510591342207,37586.39359542133,38172.39359542133,36853.39359542133,37415.39359542133,0.006718735915491889,221.5980329370196,-0.000145903185518265,-4.812193739531068,-0.016914108310658035,0.008626123401747846,False
1315,506.72493493281274,37720.406725982815,38310.406725982815,36992.406725982815,37542.406725982815,0.006740395798776827,222.3124214157393,-0.00033087279706025836,-10.91288032498224,-0.0383433212059482,0.008629215901332251,False
1316,506.99882804584627,37831.41983987931,38455.41983987931,37106.41983987931,37674.41983987931,0.007104916181931204,234.33506985563483,-0.0005073970646604148,-16.735021715544548,-0.05860925680407392,0.008657285424324741,False
1317,507.27273844895,37908.432937122096,38551.432937122096,37180.432937122096,37773.432937122096,0.0073046933061352275,240.9241393333247,-0.0004326794815925593,-14.270678773374726,-0.050091809380109174,0.008637729140692028,False
1318,507.54666611775235,38030.44601772247,38663.44601772247,37298.44601772247,37885.44601772247,0.007169140655628002,236.45332799476037,-0.00038747415391142924,-12.779712047131824,-0.04487553856247837,0.008634417910594319,False
1319,507.82061102788225,38143.45908169174,38769.45908169174,37400.45908169174,37985.45908169174,0.007069666726128116,233.1724687106704,-0.0003292202859209968,-10.858377034114369,-0.03780772410529534,0.008707752019246413,False
1320,508.0945731549681,38318.47212904122,38945.47212904122,37566.47212904122,38151.47212904122,0.00704878893768567,232.48387536377996,-0.00033790079295218083,-11.14467840199083,-0.038499656853647514,0.00877672219876338,False
1321,508.3685524746387,38400.48515978224,39048.48515978224,37645.48515978224,38263.48515978224,0.0072674792249170575,239.69674071262727,-0.00019585333531158683,-6.45965467241092,-0.02245576527685537,0.008721739513079443,False
1322,508.6425489625226,38603.49817392616,39244.49817392616,37858.49817392616,38455.49817392616,0.007152118681105078,235.89190749566228,-0.0003570586043553786,-11.77654329082182,-0.04131757679738243,0.008641808935368134,False
1323,508.9165625942486,38702.51117148431,39344.51117148431,37953.51117148431,38554.51117148431,0.00714500919800792,235.65742179934298,-0.00032176780263130055,-10.612578470476024,-0.0372068965215358,0.00864806884511471,False
1324,509.1905933454452,38853.524152468075,39534.524152468075,38090.524152468075,38739.524152468075,0.007546098913102894,248.88620367353113,-0.0002087659483265298,-6.885539791305206,-0.023946950594776893,0.008717851047475918,False
1325,509.46464119174107,38937.53711688882,39674.53711688882,38165.53711688882,38871.53711688882,0.008143390548480114,268.58613728517054,-0.00018305478893552302,-6.03753171102926,-0.020828599993711745,0.00878862664753215,False
1326,509.73870610876486,39027.55006475796,39816.55006475796,38244.55006475796,39002.55006475796,0.008692338031452957,286.69157913354303,-0.00016889098330511408,-5.570379629733111,-0.019006029724689167,0.008886179057466258,False
1327,510.0127880721452,39150.562996086876,39964.562996086876,38366.562996086876,39151.562996086876,0.008937056699535059,294.7629151931909,-0.0001408475963842696,-4.645449783298432,-0.01590502607383089,0.008855540112317779,False
1328,510.28688705751085,39200.57591088699,40035.57591088699,38412.57591088699,39223.57591088699,0.009153632748532438,301.9060485210584,-7.98796366756338e-05,-2.6345983205306993,-0.009016823073300411,0.00885895575706307,False
1329,510.5610030404903,39315.58880916973,40146.58880916973,38531.58880916973,39330.58880916973,0.009083865627365163,299.6049822179911,-0.0001703345007163081,-5.617989868155178,-0.019283803507984257,0.008833034450168656,False
1330,510.8351359967122,39470.601690946525,40312.601690946525,38683.601690946525,39508.601690946525,0.009167080671405512,302.3495892842682,-2.3243847979640547e-06,-0.07666309637647828,-0.0002657045227521456,0.008748006145654835,False
1331,511.10928590180526,39531.61455622884,40412.61455622884,38755.61455622884,39615.61455622884,0.009572396474132697,315.71775641158973,-4.0626939569410325e-05,-1.339961862777443,-0.004707511068980898,0.008630237714598813,False
1332,511.3834527313983,39675.62740502812,40599.62740502812,38907.62740502812,39793.62740502812,0.00999824480790458,329.7631295711103,-0.00021946380491349657,-7.2383775878984125,-0.025522647577295804,0.00859878679313525,False
1333,511.65763646111964,39822.64023735585,40736.64023735585,39050.64023735585,39929.64023735585,0.00985515728605651,325.04380233780535,-0.0001879185834126485,-6.197949876335599,-0.02186154482182051,0.008595851068360121,False
1334,511.93183706659806,39975.65305322352,40868.65305322352,39204.65305322352,40060.65305322352,0.009594757264370866,316.45526227489813,-0.0002143474116083361,-7.06962818229357,-0.025025599130724628,0.008565126073052765,False
1335,512.2060545234623,40126.66585264262,40975.66585264262,39359.66585264262,40159.66585264262,0.009092944105925354,299.9044095234104,-0.00035425628242917277,-11.684116823356192,-0.0413908782831035,0.008558800806451758,False
1336,512.4802888073409,40250.67863562465,41038.67863562465,39464.67863562465,40221.67863562465,0.00842016183489526,277.7146360704296,-0.0001685407472673487,-5.558828109029093,-0.01948694227354516,0.008648906785963755,False
1337,512.7545398938624,40405.69140218115,41146.69140218115,39623.69140218115,40345.69140218115,0.007892376815989812,260.3071767694322,-5.0147074788821355e-05,-1.6539559331578744,-0.005890865628351672,0.008512683526080199,False
1338,513.0288077586557,40529.70415232364,41263.70415232364,39742.70415232364,40474.70415232364,0.007794777442383854,257.0881442789459,0.00013149172491706742,4.336873476740095,0.015560646438583795,0.00845027392891749,False
1339,513.3030923773493,40682.71688606367,41408.71688606367,39906.71688606367,40605.71688606367,0.007681825005647849,253.36273549506615,-0.0001406427003976694,-4.638691882979316,-0.016675148405840803,0.008434269787272568,False
1340,513.5773937255719,40795.729603412794,41510.729603412794,40016.729603412794,40707.729603412794,0.007545662127314287,248.8717975601211,-0.00011037374066817998,-3.6403579672737862,-0.013095613241600771,0.008428298746450166,False
1341,513.8517117789521,40882.74230438258,41609.74230438258,40097.74230438258,40797.74230438258,0.007655006738526332,252.4782126747534,-0.00013879673455318743,-4.57780804930124,-0.016349228827057163,0.008489497334790845,False
1342,514.1260465131185,41044.7549889846,41757.7549889846,40248.7549889846,40944.7549889846,0.0074794742151595185,246.68878109360315,-3.3648471163457046e-05,-1.1097973063604911,-0.003948405282522456,0.008522040863535816,False
1343,514.4003979036997,41108.767657230455,41833.767657230455,40301.767657230455,41008.767657230455,0.007592522162368587,250.41734001364267,-3.9898486971507406e-05,-1.315935964928002,-0.004623064176746676,0.008630312157938635,False
1344,514.6747659263247,41226.78030913175,41977.78030913175,40419.78030913175,41140.78030913175,0.00784005133753881,258.581372504601,-0.00016147541683598794,-5.3257986604346,-0.01863276494378752,0.008666208011700732,False
1345,514.9491505566216,41324.792944700086,42068.792944700086,40505.792944700086,41226.792944700086,0.007749364994402704,255.59034628985188,-8.6951265244814e-05,-2.867835494948878,-0.009952046625137238,0.00873702350079323,False
1346,515.2235517702196,41382.8055639471,42148.8055639471,40565.8055639471,41308.8055639471,0.007965341362169608,262.71370087023865,-8.280845114701056e-05,-2.731196778017022,-0.00951686727036785,0.008701230015558451,False
1347,515.4979695427469,41376.818166884426,42166.818166884426,40566.818166884426,41322.818166884426,0.008213740329884521,270.90642094758095,-0.00019475352985841646,-6.423380776829731,-0.022427941790894173,0.00868352217400025,False
1348,515.7724038498324,41396.83075352372,42185.83075352372,40582.83075352372,41336.83075352372,0.008199512161236147,270.4371460386645,-0.00020467231938404128,-6.750523304180263,-0.02345251933633824,0.008727093087475428,False
1349,516.0468546671046,41463.84332387663,42245.84332387663,40646.84332387663,41386.84332387663,0.008114429246992719,267.63093268692086,-0.0002789497677211355,-9.200349677788495,-0.03176306285479071,0.008782206205881132,False
1350,516.3213219701922,41478.85587795484,42263.85587795484,40659.85587795484,41410.85587795484,0.00814234808880213,268.55175477379294,-0.0001939764261713918,-6.397750263798969,-0.02214868182830247,0.008757921923981993,False
1351,516.595805734724,41435.868415770026,42265.868415770026,40626.868415770026,41422.868415770026,0.008613351387373337,284.08643358585425,-0.00018652963230244082,-6.152139349215759,-0.021548269371035173,0.00865636256400112,False
1352,516.8703059363284,41456.88093733389,42338.88093733389,40648.88093733389,41507.88093733389,0.009142750686138096,301.54713522974663,-6.0782346473196164e-05,-2.004729548113289,-0.00708549314095432,0.008578421468207025,False
1353,517.1448225506341,41409.89344265814,42320.89344265814,40599.89344265814,41490.89344265814,0.009450714616597558,311.7044329809522,-2.2821563935775807e-05,-0.7527031483785436,-0.0026565646440366458,0.008590630002926817,False
1354,517.4193555532698,41438.90593175449,42339.90593175449,40630.90593175449,41517.90593175449,0.009341608131260948,308.1058717582204,3.732670870905744e-05,1.231113312084176,0.004374337352830169,0.008533111577438648,False
1355,517.6939049198643,41448.91840463466,42357.91840463466,40646.91840463466,41531.91840463466,0.009421407156249251,310.73781133586124,-6.704073124550076e-05,-2.2111442327131385,-0.00786946452703288,0.008519096949380106,False
1356,517.9684706260459,41445.930861310415,42352.930861310415,40660.930861310415,41511.930861310415,0.009401571093536037,310.08357629317584,-0.0004059535623085822,-13.389201778854499,-0.047716813203042156,0.008507558134303506,False
1357,518.2430526474436,41468.94330179349,42349.94330179349,40684.94330179349,41500.94330179349,0.00912986427918222,301.1221144417642,-0.000505611197403992,-16.676120059624736,-0.059190784189993656,0.008542059449340203,False
1358,518.5176509596857,41465.955726095664,42302.955726095664,40671.955726095664,41455.955726095664,0.00867903313209243,286.25275558640527,-0.00038715742367607074,-12.769265618218697,-0.045069651764349836,0.008590202242971686,False
1359,518.7922655384011,41453.96813422871,42254.96813422871,40655.96813422871,41414.96813422871,0.008311669302362865,274.1363243016787,-0.00027864507537963754,-9.19030028391802,-0.03247186041292296,0.008581124451641952,False
1360,519.0668963592184,41570.9805262044,42307.9805262044,40766.9805262044,41483.9805262044,0.007632027539339812,251.72031038446403,-6.015172451180953e-05,-1.9839303102912424,-0.007066864498119924,0.00851179819958517,False
1361,519.3415433977661,41574.99290203455,42274.99290203455,40772.99290203455,41455.99290203455,0.007251359605945619,239.16508179632297,-3.662991057745875e-05,-1.2081314450695118,-0.004320631269950166,0.008477907113300423,False
1362,519.6162066296731,41592.00526173096,42274.00526173096,40789.00526173096,41444.00526173096,0.0070635377557942206,232.9703223862719,-0.0001449317147099241,-4.780152590289333,-0.016972494656257622,0.008539211096848921,False
1363,519.8908860305678,41596.01760530547,42247.01760530547,40779.01760530547,41409.01760530547,0.006744302346221885,222.44126756184303,-8.613411318553633e-05,-2.840884102421512,-0.009948429596947236,0.008658061289589599,False
1364,520.1655815760789,41675.029932769896,42290.029932769896,40851.029932769896,41447.029932769896,0.006362072110651856,209.83451096406253,-7.166777251987801e-05,-2.363753779749487,-0.008229404061245131,0.008708743912257783,False
1365,520.4402932418352,41703.042244136086,42288.042244136086,40891.042244136086,41445.042244136086,0.006049841644528132,199.5364938986068,-0.0002054351379837862,-6.775682665006144,-0.023770954748938578,0.008642275421981496,False
1366,520.7150210034653,41695.0545394159,42279.0545394159,40891.0545394159,41441.0545394159,0.006040720628605543,199.2356636215643,-0.00023823309471113305,-7.857428217525182,-0.02778114442755118,0.008575352082143599,False
1367,520.9897648365976,41659.0668186212,42271.0668186212,40861.0668186212,41437.0668186212,0.006333671167044385,208.89778814653684,-0.0002543666858904623,-8.389547966614543,-0.02983066784770704,0.008527019481731596,False
1368,521.264524716861,41710.07908176387,42349.07908176387,40912.07908176387,41524.07908176387,0.006602957387952176,217.7794137381332,-0.00015449807222201687,-5.095671169039264,-0.018247705802544055,0.00846671213871045,False
1369,521.5393006198841,41662.0913288558,42341.0913288558,40865.0913288558,41514.0913288558,0.007020981022168551,231.56671185918918,-0.0001779184634971018,-5.868124901773001,-0.020987009419035953,0.008477551991553572,False
1370,521.8140925212955,41730.103559908894,42444.103559908894,40944.103559908894,41625.103559908894,0.007367903020224198,243.00892856761055,-0.0002039430201747237,-6.7264694833068575,-0.02439490263041369,0.008360066988767696,False
1371,522.0889003967238,41738.11577493507,42454.11577493507,40948.11577493507,41638.11577493507,0.007386960533902876,243.6374854266661,-0.000129814644426152,-4.281559837011088,-0.01552096762547749,0.00836382418664818,False
1372,522.3637242217977,41709.12797394623,42446.12797394623,40926.12797394623,41618.12797394623,0.007606969113326907,250.8938308230105,-0.00032508574325898053,-10.722011126520812,-0.038732984517094296,0.008392994945057956,False
1373,522.638563972146,41667.14015695434,42440.14015695434,40887.14015695434,41608.14015695434,0.007983115991124636,263.2999454945492,-0.00039154727538666736,-12.914052154881006,-0.046597614752602705,0.00840273214552892,False
1374,522.913419623397,41687.15232397132,42511.15232397132,40901.15232397132,41681.15232397132,0.008500648077467098,280.36924152847223,-0.00029647476955515714,-9.778361074944769,-0.035232024621694,0.008414922864597562,False
1375,523.1882911511797,41752.164475009144,42654.164475009144,40964.164475009144,41838.164475009144,0.009282444585854664,306.1545336719321,-0.00011392289159287833,-3.757416424906637,-0.013673172750506595,0.008331854915579667,False
1376,523.4631785311225,41756.176610079776,42699.176610079776,40974.176610079776,41885.176610079776,0.009698774594469927,319.8859724607478,-0.0001486586326319931,-4.903074177152689,-0.01794349561806325,0.008284820070529754,False
1377,523.7380817388541,41809.1887291952,42734.1887291952,41027.1887291952,41916.1887291952,0.009503723149580673,313.4527658199987,-0.00019369523166055252,-6.388475877774795,-0.023345694236725004,0.008296828943979376,False
1378,524.0130007500034,41873.20083236741,42747.20083236741,41084.20083236741,41921.20083236741,0.008971521474462204,295.89963591350715,-0.0002126504788798455,-7.013659774040889,-0.02541342991866339,0.008367641816175192,False
1379,524.2879355401985,41945.212919608406,42785.212919608406,41160.212919608406,41954.212919608406,0.008611294310927995,284.0185868808159,-0.0003133290507864178,-10.33425069680095,-0.037473029058202184,0.00836145512282348,False
1380,524.5628860850686,41933.2249909302,42746.2249909302,41148.2249909302,41914.2249909302,0.008339502988893336,275.0543377884592,-0.00032916849228003565,-10.856668770967815,-0.03931899275312523,0.008371742743940765,False
1381,524.837852360242,41974.237046344824,42761.237046344824,41181.237046344824,41931.237046344824,0.008067449654015995,266.08144696181307,-0.0002291628822485639,-7.558273545380416,-0.027287779622874292,0.008398003993570276,False
1382,525.1128343413475,42102.24908586431,42876.24908586431,41304.24908586431,42041.24908586431,0.007911488955034577,260.93753528788113,-0.00023060916736153923,-7.605975068424726,-0.027369182338792868,0.008425869816164569,False
1383,525.3878320040136,42165.2611095007,42913.2611095007,41357.2611095007,42075.2611095007,0.007636725096473066,251.87524569274694,-0.0001616751318389044,-5.332385681021634,-0.01905678519773116,0.008483861793129353,False
1384,525.6628453238692,42304.27311726607,43016.27311726607,41493.27311726607,42177.27311726607,0.007248543590854496,239.07220369949601,-0.0001477403419861429,-4.872787021451899,-0.017421362088748237,0.008480412796285457,False
1385,525.9378742765426,42341.28510917248,43030.28510917248,41530.28510917248,42199.28510917248,0.007010188385675367,231.21074802206633,-7.00072608730935e-05,-2.3089866153268304,-0.008300475770262123,0.008434126285134944,False
1386,526.2129188376629,42424.297085232014,43150.297085232014,41613.297085232014,42302.297085232014,0.007369134771765009,243.0495543225061,-0.00023731081508253198,-7.827009496788605,-0.027915031691586916,0.008501183796042516,False
1387,526.4879789828583,42544.30904545676,43228.30904545676,41735.30904545676,42384.30904545676,0.0069267728904368695,228.45952965393593,-0.00022529901769171874,-7.430835170647157,-0.02666105801939456,0.008450490506709268,False
1388,526.7630546877576,42665.320989858825,43306.320989858825,41853.320989858825,42465.320989858825,0.00647627322685173,213.60110382132197,-0.00017178624321314857,-5.665871387190407,-0.020375580960956097,0.008430986264505889,False
1389,527.0381459279896,42772.33291845033,43387.33291845033,41956.33291845033,42547.33291845033,0.006200015749631812,204.48955154332245,-0.00012519707324238401,-4.129262633468642,-0.014854872120581897,0.008428014204775246,False
1390,527.3132526791828,42871.34483124339,43458.34483124339,42052.34483124339,42619.34483124339,0.0059060745093946114,194.7947515906348,-8.952229305921999e-05,-2.95263339643887,-0.010630016639910643,0.008421651262812371,False
1391,527.5883749169658,42906.35672825015,43508.35672825015,42089.35672825015,42673.35672825015,0.006051041475587512,199.57606684892954,-6.65235097707809e-05,-2.194085181303393,-0.00793589208546526,0.008382612698655516,False
1392,527.8635126169673,43051.368609482764,43668.368609482764,42244.368609482764,42832.368609482764,0.006180005280600726,203.82956421368038,-0.00017673741021564677,-5.829171282036185,-0.021276981871660775,0.008306507533902012,False
1393,528.138665754816,43070.380474953374,43680.380474953374,42257.380474953374,42850.380474953374,0.006107704357017073,201.44492778099598,-5.559365307629665e-05,-1.8335955335116694,-0.006694857824851952,0.008303933336706225,False
1394,528.4138343061405,43151.39232467416,43798.39232467416,42335.39232467416,42961.39232467416,0.006463356227341934,213.1750740266073,-8.859712989396553e-05,-2.922119570602433,-0.01062886268771675,0.008335523046727553,False
1395,528.6890182465694,43198.40415865731,43889.40415865731,42389.40415865731,43036.40415865731,0.006891981569841574,227.3120387711016,-0.0003133162162557504,-10.333827387002003,-0.03744644013374808,0.008367049448136422,False
1396,528.9642175517314,43294.41597691501,44020.41597691501,42480.41597691501,43172.41597691501,0.0072222565887698756,238.20520311679238,-0.00020466443974148651,-6.750263417006181,-0.02452405419953932,0.008345456998106418,False
1397,529.2394321972552,43374.42777945945,44143.42777945945,42546.42777945945,43293.42777945945,0.007632295144926984,251.7291365792224,-7.342483826575357e-05,-2.42170550131209,-0.008733391290885201,0.008407368434571922,False
1398,529.5146621587693,43425.43956630287,44250.43956630287,42601.43956630287,43406.43956630287,0.008173365954095601,269.57478916916034,-4.347667456722562e-05,-1.4339521130046933,-0.0052119764187465835,0.008341686737270624,False
1399,529.7899074119024,43449.45133745748,44328.45133745748,42618.45133745748,43476.45133745748,0.008698262295637298,286.88697381884714,-4.1838035713864796e-05,-1.3799063592846323,-0.00497624501339642,0.008407551396933572,False
1400,530.0651679322832,43467.46309293552,44395.46309293552,42639.46309293552,43536.46309293552,0.009174296464915027,302.58758132144607,-0.00013287996742905248,-4.382660632801162,-0.015783331096546005,0.008419006521261641,False
1401,530.3404436955403,43515.474832749234,44460.474832749234,42691.474832749234,43601.474832749234,0.009330369778148192,307.7352072501102,-0.0001703484552669065,-5.618450118565647,-0.020309213213997115,0.008387742719127213,False
1402,530.6157346773024,43603.48655691088,44516.48655691088,42769.48655691088,43657.48655691088,0.008999663460155561,296.8278177547089,-7.497114179542963e-05,-2.472705841972868,-0.008899004630696473,0.008424666005546519,False
1403,530.8910408531981,43675.49826543273,44533.49826543273,42843.49826543273,43675.49826543273,0.008448943587474318,278.6639187682796,-9.600002307801926e-05,-3.166282548320794,-0.011427290543054414,0.008400943575935307,False
1404,531.1663621988561,43890.50995832707,44707.50995832707,43061.50995832707,43850.50995832707,0.008009855070283458,264.18185652940326,-0.00012446107868704231,-4.1049879860100305,-0.014916946267669885,0.008343603070877312,False
1405,531.4416986899049,43895.52163560619,44706.52163560619,43051.52163560619,43839.52163560619,0.007950666796348047,262.2297028442462,-7.336618542812777e-05,-2.419771007441909,-0.008663532592507888,0.008468391460958305,False
1406,531.7170503019732,44004.533297282374,44807.533297282374,43168.533297282374,43951.533297282374,0.007853616876999158,259.0287925100832,-4.68795959891544e-05,-1.5461876142690585,-0.00561192628823416,0.008353565884755314,False
1407,531.9924170106899,44100.54494336796,44878.54494336796,43255.54494336796,44016.54494336796,0.0075948117293042966,250.49285474373661,-2.064963210913432e-05,-0.6810682714446159,-0.0024546388185126594,0.00841249309405388,False
1408,532.2677987916832,44194.55657387525,44921.55657387525,43347.55657387525,44061.55657387525,0.00708601579657592,233.71169541896057,9.19764135013778e-06,0.30335754470587517,0.0010950146794724237,0.00839955986212823,False
1409,532.5431956205821,44368.56818881659,45072.56818881659,43522.56818881659,44205.56818881659,0.006836890538385725,225.4950207551176,-7.442785198929092e-05,-2.4547870021986284,-0.008862448999356967,0.0083981134328323,False
1410,532.8186074730152,44513.579788204326,45218.579788204326,43676.579788204326,44344.579788204326,0.006824396321852322,225.08293523163283,-0.00023247490144707571,-7.667510900244679,-0.027807547777753627,0.00836013672636961,False
1411,533.0940343246108,44600.59137205081,45283.59137205081,43765.59137205081,44415.59137205081,0.006600245588559139,217.68997289408526,-0.00019759782787951916,-6.5171917041367635,-0.02378800858310784,0.008306614956404373,False
1412,533.3694761509979,44711.60294036841,45408.60294036841,43891.60294036841,44537.60294036841,0.006717900535123204,221.57048033653297,-0.00037250314150319083,-12.28593658959494,-0.04528886206657891,0.008225049703292964,False
1413,533.6449329278051,44770.61449316951,45473.61449316951,43944.61449316951,44613.61449316951,0.0067664204168762995,223.17076802309484,-0.00020466915258074338,-6.750418856351047,-0.024990949644107446,0.008189730902402974,False
1414,533.9204046306611,44850.62603046648,45586.62603046648,44028.62603046648,44728.62603046648,0.007068940914922123,233.14852993147815,-0.0002185161092881473,-7.207120594165957,-0.026836045568423384,0.00814263445525164,False
1415,534.1958912351944,44928.63755227174,45685.63755227174,44103.63755227174,44843.63755227174,0.007256441016834231,239.33267740829885,-3.0017695214445278e-05,-0.9900466838541035,-0.0037225028976027755,0.008063847373705506,False
1416,534.4713927170337,44971.6490585977,45738.6490585977,44145.6490585977,44896.6490585977,0.007344520155461899,242.23771253814726,-1.8498772669696927e-05,-0.6101284061338959,-0.0022950887108206842,0.00806015583732364,False
1417,534.7469090518075,45021.66054945676,45786.66054945676,44201.66054945676,44929.66054945676,0.007317460217100813,241.34521889237274,-0.0002229078223757201,-7.35196852295357,-0.027538597880850064,0.00809437805585327,False
1418,535.0224402151447,45119.67202486138,45873.67202486138,44291.67202486138,45015.67202486138,0.0071975711596406035,237.39102577658178,-0.000155908535047284,-5.1421911977383274,-0.01919627240411509,0.00812181301479458,False
1419,535.2979861826739,45158.683484823974,45901.683484823974,44322.683484823974,45044.683484823974,0.007087341552198991,233.75542162608093,-6.984850271683253e-05,-2.3037504376316633,-0.008570210591543526,0.008150150100833468,False
1420,535.5735469300234,45198.694929357014,45970.694929357014,44358.694929357014,45109.694929357014,0.007355173798890067,242.58909209182954,-6.404411587506483e-05,-2.1123095590617424,-0.007830161112677033,0.008179156846642324,False
1421,535.8491224328224,45182.70635847296,45986.70635847296,44339.70635847296,45130.70635847296,0.007660065042071874,252.64504615798438,1.9253190432908483e-05,0.6350106897127148,0.0023566289050142596,0.008169801529609935,False
1422,536.124712666699,45247.71777218428,46098.71777218428,44395.71777218428,45229.71777218428,0.008092166808473663,266.89667067003927,-9.370878069540553e-06,-0.309071255846618,-0.001134450073538219,0.008260282482343066,False
1423,536.4003176072823,45220.72917050347,46080.72917050347,44360.72917050347,45219.72917050347,0.008181781709937322,269.8523584863147,0.0001474990721335133,4.8648294345750855,0.0178459357263669,0.008265135232757076,False
1424,536.6759372302007,45351.74055344302,46223.74055344302,44496.74055344302,45346.74055344302,0.008271127386371386,272.7991666952166,-5.3250703449803094e-05,-1.7563201300679339,-0.006421638785706641,0.008292385359377288,False
1425,536.9515715110829,45370.751921015435,46230.751921015435,44517.751921015435,45349.751921015435,0.008154980279894409,268.96839098824495,-0.00011328962324442735,-3.7365299036765123,-0.013650344536484624,0.008299396615347471,False
1426,537.2272204255576,45387.76327323323,46282.76327323323,44544.76327323323,45407.76327323323,0.00848049917061105,279.7046882283735,-0.00014704480003937745,-4.849846586053502,-0.0178981373965316,0.008215648186267282,False
1427,537.5028839492533,45351.774610108936,46291.774610108936,44500.774610108936,45422.774610108936,0.008909544295546346,293.8554982799573,-3.4557719351402394e-06,-0.11397862227926225,-0.00041997884653395686,0.008228442845777537,False
1428,537.7785620577987,45449.7859316551,46441.7859316551,44604.7859316551,45558.7859316551,0.00937707026425181,309.27548744387434,-0.00018638738622725817,-6.147447774662055,-0.022610015305077443,0.008243576296270878,False
1429,538.0542547268226,45540.79723788425,46555.79723788425,44705.79723788425,45675.79723788425,0.009573138948387832,315.74224477316756,-0.0002508466157907733,-8.273448655717004,-0.03073268955340231,0.008162208366270466,False
1430,538.3299619319534,45629.808528808964,46624.808528808964,44794.808528808964,45738.808528808964,0.009368414934564702,308.990016477727,-0.00031125223247455147,-10.265752863508226,-0.03806627349443385,0.00817658793209857,False
1431,538.6056836488199,45675.81980444181,46618.81980444181,44834.81980444181,45734.81980444181,0.00887492383214678,292.7136426265713,-0.00024338015762610625,-8.027189171327677,-0.02970727108507547,0.0081926124055325,False
1432,538.8814198530507,45745.83106479536,46663.83106479536,44920.83106479536,45768.83106479536,0.008628869332808702,284.59824804425136,-0.0005068310340063682,-16.716352834806116,-0.062133309575347906,0.00815715495392602,False
1433,539.1571705202746,45720.84230988222,46599.84230988222,44877.84230988222,45719.84230988222,0.008270224320062719,272.76938167015703,-0.0001974687234969144,-6.512933570227517,-0.024137512727757944,0.008180988891611313,False
1434,539.43293562612,45810.85353971497,46645.85353971497,44960.85353971497,45763.85353971497,0.007844660784861391,258.73340176612555,-0.00015662105960989343,-5.165691755503872,-0.019071877802181288,0.00821214676574639,False
1435,539.7087151462156,45874.86475430624,46669.86475430624,45026.86475430624,45793.86475430624,0.007461745435342165,246.10404867022558,-0.00012615610629635853,-4.160893559427791,-0.015448631492912587,0.008166167103813404,False
1436,539.9845090561901,45915.87595366865,46695.87595366865,45077.87595366865,45817.87595366865,0.007315652688120361,241.28560278726266,-0.00024414471652810504,-8.052405930979802,-0.03006152208761436,0.00812150215869126,False
1437,540.2603173316722,45990.887137814825,46765.887137814825,45151.887137814825,45896.887137814825,0.007257390277045509,239.3639860053639,-0.00015006538102653628,-4.949471696118906,-0.018593358475771996,0.008070913128581821,False
1438,540.5361399482904,46046.898306757415,46826.898306757415,45207.898306757415,45953.898306757415,0.007295010500476652,240.6047800499356,-0.0001869690236967151,-6.166631400977423,-0.02314102279173193,0.008079548833231233,False
1439,540.8119768816736,46037.90946050907,46816.90946050907,45202.90946050907,45947.90946050907,0.0072871465984159865,240.3454120304493,-0.00018777880883657713,-6.193339817017602,-0.02334658580172484,0.008043095056010464,False
1440,541.08782810745,46117.92059908246,46919.92059908246,45267.92059908246,46047.92059908246,0.0074875512485397455,246.95517863199987,-6.807330422950886e-05,-2.2452006601420464,-0.008390429585283441,0.00811320845227131,False
1441,541.3636936012488,46108.93172249027,46899.93172249027,45258.93172249027,46028.93172249027,0.007387150105586406,243.64373789925907,-6.055335020844002e-05,-1.997176769963005,-0.007465548600538896,0.008111038243601952,False
1442,541.6395733386981,46173.94283074516,46953.94283074516,45314.94283074516,46095.94283074516,0.007275105945895472,239.9482860014783,0.0001461599445841252,4.820662193217743,0.01808363108447578,0.008082444499191252,False
1443,541.915467295427,46148.95392385985,46957.95392385985,45272.95392385985,46102.95392385985,0.0075473041961387904,248.92595644149915,0.0003426165197033069,11.300212982462796,0.04202996114543213,0.008151721066735815,False
1444,542.1913754470639,46149.965001847035,47019.965001847035,45285.965001847035,46147.965001847035,0.008110925520880717,267.5153724350914,7.800248343900126e-05,2.5726858611051284,0.0095488906884839,0.00816874818067332,False
1445,542.4672977692376,46095.97606471943,47015.97606471943,45235.97606471943,46146.97606471943,0.008582441182679848,283.0669500633714,7.684090678161323e-05,2.5343746213688405,0.009439185014115623,0.008140629372843437,False
1446,542.7432342375765,46125.98711248976,47079.98711248976,45266.98711248976,46210.98711248976,0.008890661966600794,293.2327193816297,7.299399758139632e-05,2.4074954699365776,0.008981017390508455,0.008127586709556947,False
1447,543.0191848277094,46056.99814517078,47031.99814517078,45189.99814517078,46174.99814517078,0.009097801494149705,300.0646163970345,0.00026676166718284447,8.798360503262984,0.03285272866445041,0.008119924220221758,False
1448,543.295149515265,46063.009162775226,47099.009162775226,45194.009162775226,46238.009162775226,0.009659465076549325,318.5894619331019,0.0002587923034519518,8.535514136217387,0.03178469949144841,0.00814204027700747,False
1449,543.5711282758718,46045.02016531585,47111.02016531585,45182.02016531585,46247.02016531585,0.009939841263227696,327.8368579063608,0.00017826874612001352,5.879677958953039,0.02193297258867107,0.008127888064388217,False
1450,543.8471210851586,46005.03115280543,47075.03115280543,45143.03115280543,46207.03115280543,0.009985286966025367,329.33575270920363,0.00013206194701793038,4.355680600204607,0.016206740652768278,0.008148581497500106,False
1451,544.1231279187539,46010.04212525674,47075.04212525674,45158.04212525674,46202.04212525674,0.009938086428236036,327.77897975976117,-1.201904269674918e-05,-0.3964132915604637,-0.0014795333738641743,0.008123536047962487,False
1452,544.3991487522865,46010.05308268258,47057.05308268258,45169.05308268258,46186.05308268258,0.00977199196337624,322.30083518649536,-0.00010212776680556396,-3.368388416663322,-0.012666519623512205,0.00806281203054306,False
1453,544.6751835613849,45951.06402509573,46947.06402509573,45116.06402509573,46089.06402509573,0.009312865354572724,307.15787456717555,-4.618107680946261e-05,-1.5231489834708327,-0.0057816985473816435,0.007987458431290338,False
1454,544.9512323216778,46013.074952509014,46960.074952509014,45183.074952509014,46108.074952509014,0.008847524234410122,291.80994630064356,-4.6317441584843924e-05,-1.5276465803947872,-0.005841794686240276,0.00792863222220728,False
1455,545.2272950087939,45999.08586493525,46939.08586493525,45176.08586493525,46080.08586493525,0.00878542641538932,289.7618297028532,-0.0001807469228100201,-5.961413435191844,-0.02279000216639896,0.007930974358418845,False
1456,545.5033715983617,45950.09676238727,46864.09676238727,45132.09676238727,46004.09676238727,0.008553820778824913,282.1229889855899,-0.00024282312081868977,-8.008816926555824,-0.030650463047012327,0.007922331236766066,False
1457,545.7794620660101,45997.10764487791,46913.10764487791,45174.10764487791,46047.10764487791,0.008563679118232484,282.44813774098395,-0.00025090545151717006,-8.275389181643277,-0.031495486538801194,0.007966393889742407,False
1458,546.0555663873674,46137.11851242003,47018.11851242003,45315.11851242003,46150.11851242003,0.008214779083064247,270.9406812108551,-0.000285078600474168,-9.402491464480988,-0.03585945590972537,0.007949886389571585,False
1459,546.3316845380625,46168.12936502647,46963.12936502647,45343.12936502647,46106.12936502647,0.007414749989377458,244.55404008025198,-0.00016757524506637485,-5.526983817004123,-0.021172990583640652,0.007914576091856015,False
1460,546.6078164937242,46204.14020271012,46967.14020271012,45378.14020271012,46113.14020271012,0.007113224076419061,234.60908167861962,-0.0001352189588077488,-4.459805484912465,-0.01711240343957451,0.007901809893929834,False
1461,546.8839622299806,46242.151025483865,47050.151025483865,45412.151025483865,46195.151025483865,0.007522994035251118,248.12415623669136,-9.867625310523709e-05,-3.254550239918899,-0.0124665329142055,0.007915292389979286,False
1462,547.1601217224608,46269.16183336058,47070.16183336058,45430.16183336058,46205.16183336058,0.007454059150923934,245.85053885393006,-0.00010784733432198535,-3.5570317755975225,-0.013478773486917667,0.008001272105853004,False
1463,547.4362949467933,46187.172626353175,47009.172626353175,45351.172626353175,46151.172626353175,0.007661230079613139,252.6834715449454,-6.701077249666836e-05,-2.210156130204865,-0.008411715772420524,0.007966361953928169,False
1464,547.7124818786068,46260.18340447456,47109.18340447456,45421.18340447456,46242.18340447456,0.007898225942781797,260.5000932656015,-0.00011833923164983242,-3.9030766029090955,-0.014777488442946433,0.008008074721676937,False
1465,547.9886824935298,46252.19416773767,47075.19416773767,45415.19416773767,46209.19416773767,0.00765977984363331,252.63563971400777,-0.0001325601348857279,-4.372111883250369,-0.016575310781401457,0.007997444912735435,False
1466,548.2648967671911,46265.20491615542,47077.20491615542,45432.20491615542,46204.20491615542,0.007556179787933317,249.21869211492904,-0.00023849301016031117,-7.866000775368235,-0.029774697960893447,0.008009922064484134,False
1467,548.5411246752193,46264.215649740756,47075.215649740756,45420.215649740756,46212.215649740756,0.007547114517812876,248.91970045161625,-3.951507019277732e-05,-1.3032900736428132,-0.004929666581714652,0.008015769329988452,False
1468,548.8173661932431,46273.226368506635,47159.226368506635,45427.226368506635,46281.226368506635,0.008236890588190141,271.66996512717583,-0.00014825322477805825,-4.889702973983049,-0.018330732313882204,0.008087686964136361,False
1469,549.093621296891,46199.237072466014,47138.237072466014,45367.237072466014,46265.237072466014,0.008738532531315927,288.21517083753304,-0.00022607154534078772,-7.456314756327686,-0.028239498242209095,0.008005508575321726,False
1470,549.3698899617916,46121.24776163187,47123.24776163187,45287.24776163187,46249.24776163187,0.009334166478750714,307.86043041645456,-0.00020542123330319004,-6.7752240594131194,-0.025588635661311934,0.008027830636307479,False
1471,549.6461721635739,46064.25843601719,47120.25843601719,45227.25843601719,46241.25843601719,0.009843579640098948,324.66194723849696,-0.00021419762056871204,-7.064687758953539,-0.026539429869382576,0.008070920197717692,False
1472,549.9224678778662,46064.269095634954,47168.269095634954,45235.269095634954,46299.269095634954,0.010285754927806872,339.245817657262,-0.00018879804657030534,-6.226956419862233,-0.023654737089900468,0.00798140540952847,False
1473,550.1987770802973,46042.279740498176,47179.279740498176,45221.279740498176,46312.279740498176,0.010594487294867021,349.42846006277324,-0.00024117596366832195,-7.954490221495405,-0.03039563690031818,0.00793455864929737,False
1474,550.4750997464959,46127.29037061986,47254.29037061986,45316.29037061986,46391.29037061986,0.010483301801140476,345.7613287733705,-0.00030120017998180003,-9.934215043389827,-0.038348965984305004,0.007854192994540493,False
1475,550.7514358520903,46075.30098601304,47137.30098601304,45255.30098601304,46271.30098601304,0.00989653090277461,326.4083911824243,-0.0002542780657528651,-8.386625088201583,-0.032082069624666094,0.007925862287804682,False
1476,551.0277853727096,46119.31158669074,47101.31158669074,45297.31158669074,46249.31158669074,0.009150184646091615,301.79232285482266,-0.00011733915294352866,-3.8700919050601783,-0.014911460436752925,0.007869058395803924,False
1477,551.3041482839822,46038.322172666005,47000.322172666005,45219.322172666005,46154.322172666005,0.008981347145558328,296.2237071993225,-9.301797382677522e-05,-3.067928295897616,-0.011861589239427874,0.007841948658750032,False
1478,551.5805245615368,46126.33274395189,47103.33274395189,45315.33274395189,46249.33274395189,0.00910270867153447,300.2264654218235,-0.00024241057910808286,-7.9952104337981496,-0.030979147867201184,0.007824959554963495,False
1479,551.8569141810019,46203.34330056145,47142.34330056145,45376.34330056145,46286.34330056145,0.008737763672462932,288.1898122564587,-0.00011438642350243035,-3.772704681604239,-0.014477276799352057,0.007901100813900983,False
1480,552.1333171180064,46208.353842507764,47138.353842507764,45380.353842507764,46274.353842507764,0.008653914900442051,285.4243035093195,-0.0001814296262409986,-5.983930429353848,-0.022840487769522973,0.007943334138559327,False
1481,552.4097333481789,46129.36436980391,47020.36436980391,45303.36436980391,46162.36436980391,0.008308519856036409,274.03244894185485,-0.00015093048057265163,-4.9780044975454985,-0.019050912610692115,0.007922480337658131,False
1482,552.6861628471478,46171.37488246299,47055.37488246299,45350.37488246299,46206.37488246299,0.008236430637617054,271.65479499048257,-0.00011541476699554291,-3.8066216115333873,-0.014703205447187737,0.0078496330211871,False
1483,552.962605590542,46201.3853804981,47106.3853804981,45375.3853804981,46247.3853804981,0.008424782378187567,277.867031300359,-0.00015792426218569355,-5.208674115719816,-0.019955972690656187,0.007913633909693466,False
1484,553.23906155399,46319.39586392234,47285.39586392234,45495.39586392234,46405.39586392234,0.008964142887934824,295.6562746204173,-0.00036310934999359175,-11.976109600332222,-0.04551957883885938,0.00797699274149722,False
1485,553.5155307131206,46387.406332748855,47339.406332748855,45554.406332748855,46478.406332748855,0.008822716875684622,290.9917474660594,-0.00010187973749040818,-3.360207888504533,-0.012862565413602561,0.007920639018299352,False
1486,553.7920130435623,46417.41678699076,47365.41678699076,45582.41678699076,46504.41678699076,0.008780395665765097,289.5959050058643,-8.354123563703193e-05,-2.755365550774002,-0.010540961675185426,0.007925390321235785,False
1487,554.0685085209439,46326.42722666121,47273.42722666121,45488.42722666121,46408.42722666121,0.008788280943773062,289.85597804902375,-9.235169116078752e-05,-3.0459528930807096,-0.01158151074700851,0.007974062553509425,False
1488,554.3450171208938,46437.43765177335,47336.43765177335,45599.43765177335,46472.43765177335,0.008327323573380698,274.65263506433513,-9.13569660615475e-05,-3.013144768445727,-0.011485028474297013,0.007954439666040041,False
1489,554.6215388190408,46497.448062340336,47376.448062340336,45656.448062340336,46519.448062340336,0.008133379411073092,268.2559489305809,-9.477149120456357e-07,-0.03125762984825542,-0.00011954821479646165,0.007927470214918558,False
1490,554.8980735910135,46593.458458375346,47461.458458375346,45747.458458375346,46596.458458375346,0.008016131958982561,264.3888815124032,-3.019380791497231e-05,-0.9958552508974776,-0.0037869723904346035,0.007973073157659643,False
1491,555.1746214124406,46657.46883989155,47511.46883989155,45795.46883989155,46642.46883989155,0.007877282357705748,259.8093298074336,8.173816141448034e-05,2.695896372943139,0.010143984880898453,0.00805779606083569,False
1492,555.4511822589508,46722.479206902164,47576.479206902164,45860.479206902164,46695.479206902164,0.007866420455351457,259.45108143661804,-3.017226040228152e-05,-0.9951445686371585,-0.0037238775809602916,0.008102377091166589,False
1493,555.7277561061726,46735.48955942036,47570.48955942036,45876.48955942036,46693.48955942036,0.0076908245402342555,253.65955906229377,-2.4671684528874104e-05,-0.8137240143990709,-0.0030576064375078924,0.008068953618825713,False
1494,556.0043429297347,46774.49989745937,47630.49989745937,45926.49989745937,46758.49989745937,0.007875986779230302,259.7665989060728,-7.876574826061553e-05,-2.5978599392661295,-0.009863982917137038,0.007985187010388377,False
1495,556.2809427052657,46731.510221032404,47646.510221032404,45900.510221032404,46765.510221032404,0.00842128072234966,277.7515393305208,-0.0003131168717754526,-10.327252587029761,-0.03939141031609048,0.007948861674738048,False
1496,556.5575554083945,46806.52053015269,47750.52053015269,45973.52053015269,46886.52053015269,0.00867175215253672,286.0126135764061,-0.00013150954957804814,-4.337461371525819,-0.016722238724799304,0.00786435068547477,False
1497,556.8341810147493,46815.53082483347,47797.53082483347,45978.53082483347,46918.53082483347,0.009015509888768612,297.3504662787612,-0.000226195360795425,-7.460398450275363,-0.028459550123483796,0.007947959817143305,False
1498,557.1108194999591,46824.54110508799,47821.54110508799,45984.54110508799,46960.54110508799,0.009150037804283598,301.7874797033401,-2.880223141178695e-05,-0.949958132798713,-0.0036569274340976458,0.007876074089748504,False
1499,557.3874708396526,46822.55137092953,47834.55137092953,45980.55137092953,46991.55137092953,0.009286630365933381,306.2925894972268,0.00015897785548809988,5.243423837433227,0.020378089695436405,0.007801411116749691,False
1500,557.6641350094579,46767.56162237132,47825.56162237132,45931.56162237132,46975.56162237132,0.00971535155557488,320.4327154819255,4.5418309872962553e-05,1.4979913266073481,0.005814803904670758,0.007810806798915466,False
1501,557.9408119850043,46832.57185942667,47927.57185942667,45996.57185942667,47066.57185942667,0.010037418844190323,331.055171629663,-5.031642442301747e-05,-1.6595414400579784,-0.006411612838391853,0.007847701614440856,False
1502,558.2175017419202,46928.582082108864,48052.582082108864,46085.582082108864,47172.582082108864,0.010279296760836195,339.0328137358278,-0.00015472511954736472,-5.103159667071338,-0.019462969980832433,0.007949717833390355,False
1503,558.4942042558341,46914.59229043118,48043.59229043118,46076.59229043118,47162.59229043118,0.010327526327828171,340.6235262313409,-0.00021021053464690374,-6.933185284598721,-0.0264992435180657,0.007932699456254062,False
1504,558.7709195023748,46982.60248440695,48104.60248440695,46142.60248440695,47210.60248440695,0.010249560406999156,338.05204628196594,-0.0003121031097944142,-10.293816586018522,-0.03905665244064451,0.007991035848981837,False
1505,559.0476474571709,47027.61266404948,48133.61266404948,46172.61266404948,47234.61266404948,0.010095526296235493,332.97167753704684,-0.00021961759083595142,-7.24344977087128,-0.02718614282764817,0.00807829165866816,False
1506,559.3243880958511,47091.622829372085,48149.622829372085,46234.622829372085,47263.622829372085,0.009649232544753644,318.2519715262145,-8.954374479044902e-05,-2.953340919625248,-0.011163510763398042,0.008021109728674007,False
1507,559.6011413940439,47164.632980388116,48145.632980388116,46311.632980388116,47262.632980388116,0.0089404415853309,294.874555841597,-0.00011262405080717484,-3.714577925696233,-0.014108557572457072,0.007982676487569581,False
1508,559.8779073273781,47301.64311711092,48200.64311711092,46447.64311711092,47323.64311711092,0.008176605765251416,269.6816449509988,-6.211679637399548e-05,-2.048742510788088,-0.007819724785840795,0.007943603908729703,False
1509,560.1546858714822,47389.653239553845,48260.653239553845,46532.653239553845,47384.653239553845,0.007909665189419476,260.8773836644317,-2.977460208211137e-05,-0.9820289613801947,-0.0037496656076691256,0.007940601962269355,False
1510,560.4314770019851,47448.66334773025,48290.66334773025,46602.66334773025,47412.66334773025,0.007639188509065427,251.9564942180121,-0.00015557392977123396,-5.131155212410789,-0.019715282517191932,0.007891032230229106,False
1511,560.7082806945151,47490.67344165353,48294.67344165353,46652.67344165353,47410.67344165353,0.007290905666077905,240.46939398331,-0.00029131753306787037,-9.608264575342929,-0.03698119373238315,0.007877450770681145,False
1512,560.9850969247011,47577.68352133705,48369.68352133705,46736.68352133705,47476.68352133705,0.007169952709969657,236.48011125384542,-0.00034747017056255877,-11.460296589930238,-0.043877277278926936,0.00791913701375995,False
1513,561.2619256681718,47662.69358679421,48477.69358679421,46807.69358679421,47585.69358679421,0.007363367095197938,242.85932422595883,-0.00020420545562005715,-6.735125155919974,-0.02564286079857451,0.007963442816466444,False
1514,561.5387669005554,47774.70363803841,48650.70363803841,46909.70363803841,47753.70363803841,0.00789112421081692,260.26586321791734,-0.0001467535795971059,-4.840241523736751,-0.018324294409242506,0.008008689247160618,False
1515,561.8156205974811,47806.71367508306,48729.71367508306,46947.71367508306,47834.71367508306,0.008304969082696801,273.91533697356806,-0.00017623758054194187,-5.812685848780632,-0.022133275661403353,0.00796256203727088,False
1516,562.0924867345773,47898.72369794159,48810.72369794159,47045.72369794159,47910.72369794159,0.00819130539806356,270.1664697390302,-0.00027872802625142877,-9.193036178028137,-0.03509035611962044,0.007943151824999023,False
1517,562.3693652874725,48042.73370662743,48924.73370662743,47186.73370662743,48035.73370662743,0.007900759038004218,260.5836400704753,-0.00015624672060290078,-5.153345268211524,-0.01981338246508267,0.00788591856429643,False
1518,562.6462562317956,48142.74370115401,48988.74370115401,47266.74370115401,48101.74370115401,0.007565464768632451,249.52493029494767,3.9671249114565585e-05,1.3084411827635734,0.004986758465895858,0.007955317945690547,False
1519,562.9231595431752,48201.75368153479,49022.75368153479,47327.75368153479,48139.75368153479,0.007334863496903862,241.9192156410939,5.3108250788280395e-05,1.751621741862607,0.006705254561825929,0.007920392924473597,False
1520,563.2000751972397,48384.76364778323,49182.76364778323,47517.76364778323,48305.76364778323,0.007104304769612077,234.3149041921921,3.8654293307383535e-05,1.2748998426528715,0.004934609273622071,0.00783330374585276,False
1521,563.4770031696181,48502.77359991279,49284.77359991279,47625.77359991279,48400.77359991279,0.006946191708018757,229.10000307516196,6.406829521653917e-05,2.113107044567329,0.008117620577012635,0.007892496897177836,False
1522,563.7539434359388,48497.783537936964,49360.783537936964,47618.783537936964,48463.783537936964,0.007660154154398301,252.64798526981946,-2.1134715859939812e-05,-0.6970673531677676,-0.002657064010971288,0.007954161349772688,False
1523,564.0308959718305,48493.79346186922,49428.79346186922,47637.79346186922,48526.79346186922,0.00829385118375555,273.54864529722266,-0.00026389325553906676,-8.703754257994547,-0.033546600405580246,0.007866467908777127,False
1524,564.3078607529219,48579.80337172307,49503.80337172307,47718.80337172307,48616.80337172307,0.008182814360159064,269.8864174612065,-8.59589116211975e-05,-2.8351055865647936,-0.011007407646896656,0.0078091876287903345,False
1525,564.5848377548416,48623.813267512014,49561.813267512014,47760.813267512014,48651.813267512014,0.00829817218792952,273.6911610974131,-0.00027085431558235805,-8.933344650019535,-0.034230203589662965,0.007912728735979596,False
1526,564.8618269532183,48710.82314924957,49667.82314924957,47842.82314924957,48758.82314924957,0.008449657428675615,278.68746275155655,-0.00021324150473303084,-7.033153048985469,-0.02694045229912121,0.007915290447443109,False
1527,565.1388283236805,48767.83301694926,49700.83301694926,47891.83301694926,48804.83301694926,0.008230209556626311,271.4496106630093,-2.8837952474153675e-05,-0.9511362885194785,-0.0036566605636320906,0.007886417667793997,False
1528,565.415841841857,48883.84287062462,49823.84287062462,48006.84287062462,48928.84287062462,0.008271881797928851,272.824048774117,-1.0082545268054466e-05,-0.3325435359421931,-0.0012815869214225786,0.007867234831690313,False
1529,565.6928674833764,49007.8527102892,50008.8527102892,48119.8527102892,49104.8527102892,0.008781216971779153,289.6229934045517,1.8906404131827786e-05,0.6235729485757702,0.002383581313611665,0.00793193167938555,False
1530,565.9699052238673,49053.862535956534,50090.862535956534,48152.862535956534,49169.862535956534,0.009085300337920744,299.6523019878034,-8.415868427499515e-06,-0.27757303047002324,-0.0010447606028585901,0.008055307985841628,False
1531,566.2469550389583,49083.87234764021,50144.87234764021,48179.87234764021,49230.87234764021,0.009287712110264223,306.32826769903,8.417421977966952e-05,2.7762426982989723,0.010481050917518856,0.008031085855996947,False
1532,566.5240169042783,49130.882145353775,50188.882145353775,48234.882145353775,49265.882145353775,0.00925296080343415,305.1820965542796,-6.791894373587605e-05,-2.2401095266040443,-0.008460995129185243,0.008027299708706527,False
1533,566.8010907954557,49161.891929110825,50218.891929110825,48253.891929110825,49294.891929110825,0.009238538078914024,304.70640478376623,3.10335363420209e-05,1.023551259488329,0.0038404401827419497,0.008080723788246575,False
1534,567.0781766881191,49289.90169892495,50307.90169892495,48382.90169892495,49380.90169892495,0.008878251616452532,292.82339994780983,-1.1146728316088067e-05,-0.3676425297254582,-0.0013809788008944499,0.008071614357054875,False
1535,567.3552745578974,49415.91145480974,50371.91145480974,48503.91145480974,49440.91145480974,0.008321621127135756,274.4645564009225,-1.1915063262448594e-05,-0.39298383125770897,-0.0014717212836006912,0.008096005266226346,False
1536,567.6323843804191,49489.92119677881,50399.92119677881,48568.92119677881,49481.92119677881,0.007913095120341431,260.9905099957797,0.0001750010669128825,5.771903030204896,0.021683224280111994,0.008070804629982761,False
1537,567.9095061313128,49630.93092484577,50542.93092484577,48719.93092484577,49624.93092484577,0.007908001224775882,260.82250261291625,8.525015074422639e-05,2.81172916306258,0.010652098073107047,0.008003132355629944,False
1538,568.1866397862073,49744.940639024266,50661.940639024266,48856.940639024266,49741.940639024266,0.007932904754132717,261.6438733570675,-0.00013644837155222123,-4.500354101388666,-0.01729192421254035,0.007890872633669475,False
1539,568.4637853207308,49909.95033932791,50759.95033932791,49006.95033932791,49839.95033932791,0.007334050792686704,241.89241094774874,-1.4127452377907766e-05,-0.46595307461592483,-0.0017800554218091213,0.007936523888424571,False
1540,568.7409427105126,50066.96002577036,50842.96002577036,49164.96002577036,49920.96002577036,0.0066796041711059025,220.30738575421628,-5.236592523211094e-05,-1.7271382846892607,-0.006610427649713763,0.007921715206183132,False
1541,569.018111931181,50204.96969836526,50909.96969836526,49295.96969836526,49982.96969836526,0.006056129253738239,199.74387246659364,-4.5487453127468144e-05,-1.5002718164766407,-0.005715912315092592,0.007958039000591508,False
1542,569.2952929583647,50364.97935712629,51079.97935712629,49455.97935712629,50148.97935712629,0.006122052796111998,201.91816946204202,-7.876065016074185e-05,-2.5976917932163417,-0.009907954468539827,0.007949234164410639,False
1543,569.5724857676922,50333.98900206711,51110.98900206711,49420.98900206711,50175.98900206711,0.006652934785160181,219.42777334802196,-6.842546819893144e-05,-2.2568157680844934,-0.00857018413297834,0.007984130461751466,False
1544,569.8496903347924,50373.9986332014,51269.9986332014,49458.9986332014,50342.9986332014,0.007656879813148601,252.53999061290418,3.68812972169558e-05,1.2164227048421594,0.004643440419921408,0.007942666187494667,False
1545,570.1269066352936,50366.008250542865,51326.008250542865,49447.008250542865,50406.008250542865,0.008199957141873295,270.45182243540455,0.00014232892913859652,4.694307251222881,0.017956432681720057,0.007926347714013914,False
1546,570.4041346448248,50381.01785410519,51369.01785410519,49466.01785410519,50445.01785410519,0.008434324987213646,278.181766604122,7.700518241540548e-05,2.539792777070545,0.009721054048312368,0.007921484854697833,False
1547,570.6813743390145,50490.02744390208,51505.02744390208,49581.02744390208,50574.02744390208,0.008644016159806154,285.09782223649387,-3.199847200374695e-05,-1.0553768658581362,-0.004047322650468819,0.007906083790982274,False
1548,570.9586256934914,50614.03701994727,51638.03701994727,49693.03701994727,50699.03701994727,0.008698746140451321,286.902932037831,5.4245340520356344e-06,0.17891253513317906,0.0006803863290886794,0.007972726405748545,False
1549,571.235888683884,50659.04658225447,51665.04658225447,49738.04658225447,50718.04658225447,0.00853981330906143,281.6609931897951,-6.601980711145108e-05,-2.1774720088411073,-0.00825113801736071,0.008001297151076964,False
1550,571.5131632858211,50664.05613083742,51645.05613083742,49742.05613083742,50704.05613083742,0.008328797601504586,274.7012516101938,-9.8282209611434e-06,-0.32415538572337255,-0.0012314311742051224,0.007981137043641458,False
1551,571.7904494749312,50700.06566570988,51698.06566570988,49774.06566570988,50760.06566570988,0.008465772016872241,279.2189557423331,5.3286817333705536e-05,1.757511241868599,0.006678582131718155,0.007978762001089112,False
1552,572.067747226843,50746.07518688559,51811.07518688559,49831.07518688559,50875.07518688559,0.009020146295386312,297.5033847145059,-1.534011503146783e-05,-0.5059492378860568,-0.0019393635479474105,0.007909870765439284,False
1553,572.3450565171853,50753.08469437831,51882.08469437831,49848.08469437831,50941.08469437831,0.009554975181771331,315.1431655708338,-0.0001352631086257803,-4.46126163871179,-0.017161887611117622,0.007881598556685318,False
1554,572.6223773215866,50771.094188201816,51967.094188201816,49868.094188201816,51030.094188201816,0.010111910166468589,333.5120520154034,-0.00010831131805440729,-3.572334934363255,-0.01380129859282584,0.007847907740414328,False
1555,572.8997096156754,50765.103668369884,52014.103668369884,49867.103668369884,51083.103668369884,0.01055584151847668,348.1538411259465,-9.27102813093883e-05,-3.0577799499199045,-0.01188976283881429,0.007797487852889238,False
1556,573.1770533750807,50808.11313489632,52040.11313489632,49905.11313489632,51111.11313489632,0.01040516526455274,343.1842215576472,-3.4870297319838234e-05,-1.150095701214866,-0.004467425197269565,0.007805457457049428,False
1557,573.4544085754309,50835.1225877949,51999.1225877949,49914.1225877949,51067.1225877949,0.009832140400799215,324.28465708168756,8.580622383083311e-05,2.8300696222964348,0.010864943267541397,0.007897530775625486,False
1558,573.7317751923547,50936.132027079446,52034.132027079446,50000.132027079446,51092.132027079446,0.00926235200844474,305.4918382353682,0.00012052264900887233,3.9750902968434048,0.015075601149070963,0.007994550122221796,False
1559,574.0091532014807,50992.14145276377,52064.14145276377,50062.14145276377,51118.14145276377,0.009035460321505708,298.0084734852342,3.0172085892106112e-05,0.9951388129247789,0.003781559368999895,0.00797874182260576,False
1560,574.2865425784375,51048.150864861695,52070.150864861695,50122.150864861695,51134.150864861695,0.008608820869758853,283.93700759200897,7.252820122524185e-05,2.392132527030128,0.009164484203688667,0.007914051638176161,False
1561,574.563943298854,51082.16026338706,52098.16026338706,50156.16026338706,51156.16026338706,0.008553132093515034,282.1002746964883,2.0525766598953124e-05,0.6769829265597878,0.0025868322884726614,0.007934710993990304,False
1562,574.8413553383587,51204.1696483537,52259.1696483537,50272.1696483537,51313.1696483537,0.008857177090975943,292.12831780000204,4.403611819572481e-05,1.4524037397948746,0.005535179104813992,0.007955680812103483,False
1563,575.1187786725801,51155.179019775474,52236.179019775474,50228.179019775474,51295.179019775474,0.00908179275086837,299.53661439404493,4.7323622965788487e-05,1.5608325572808326,0.005976326567481525,0.007918513560367747,False
1564,575.3962132771469,51194.18837766624,52252.18837766624,50267.18837766624,51307.18837766624,0.008883821710667737,293.0071133630844,9.800082329470411e-06,0.3232273145048339,0.0012356417753082863,0.007931167855688061,False
1565,575.673659127688,51261.19772203987,52263.19772203987,50332.19772203987,51330.19772203987,0.008407229205349176,277.28809076426467,0.00011981395331420869,3.951716023190727,0.015199129613374928,0.007882948324144485,False
1566,575.9511161998317,51317.207052910235,52304.207052910235,50394.207052910235,51377.207052910235,0.00827361064970375,272.88106993961236,0.0001162649622306472,3.834662837454573,0.014859541116243123,0.007824263301344933,False
1567,576.2285844692069,51337.21637029124,52382.21637029124,50420.21637029124,51433.21637029124,0.008751553667649759,288.6446352835948,-0.00011257499139925159,-3.712959843302599,-0.014279101331222344,0.00788389890847667,False
1568,576.5060639114422,51402.22567419675,52421.22567419675,50495.22567419675,51458.22567419675,0.008525247083446751,281.18056845155127,-0.00032075731190357726,-10.579250362275104,-0.040643425649966355,0.007891985155632244,False
1569,576.7835545021661,51411.234964640695,52366.234964640695,50496.234964640695,51402.234964640695,0.007993313744725512,263.63628884347,-0.0002703092720752207,-8.915367969500181,-0.034068905881382824,0.007934192927015391,False
1570,577.0610562170074,51535.24424163698,52447.24424163698,50617.24424163698,51479.24424163698,0.007618335160976671,251.26870696535875,-0.00028466982739237985,-9.389009269023205,-0.0358157409195757,0.007948176418620136,False
1571,577.3385690315946,51453.25350519952,52306.25350519952,50529.25350519952,51367.25350519952,0.007140772920268477,235.51770045505396,2.6904192888446005e-06,0.0887356832717785,0.00034191781510578307,0.00786861394751319,False
1572,577.6160929215565,51627.262755342264,52452.262755342264,50677.262755342264,51506.262755342264,0.006885128465380995,227.0860089811117,0.00016176139047126715,5.335230672028217,0.0202579808606698,0.007985069765038703,False
1573,577.8936278625216,51646.271992079135,52490.271992079135,50691.271992079135,51539.271992079135,0.007039845086845817,232.18888836355814,0.00016524555226010273,5.450145651356422,0.02059605238493722,0.008023166244272805,False
1574,578.1711738301187,51528.28121542408,52438.28121542408,50580.28121542408,51489.28121542408,0.007602791941581948,250.75605891865737,0.00013279762734902303,4.379944883887049,0.016603817215963598,0.00799801790285585,False
1575,578.4487307999764,51532.290425391075,52467.290425391075,50582.290425391075,51516.290425391075,0.007809190733774785,257.56352492503055,0.00013690133800084697,4.51529388697702,0.017085961389263212,0.00801250423560453,False
1576,578.7262987477233,51510.29962199406,52499.29962199406,50580.29962199406,51532.29962199406,0.008259433581459313,272.41348042942826,-0.00016130799635235768,-5.320276780975007,-0.02018031877457197,0.007993332422261454,False
1577,579.0038776489879,51490.30880524703,52496.30880524703,50555.30880524703,51525.30880524703,0.008403271301553302,277.15755077776254,-0.00014943551588870833,-4.9286974199285964,-0.018601668956852172,0.008033446688860774,False
1578,579.2814674793991,51460.31797516395,52501.31797516395,50528.31797516395,51522.31797516395,0.00869774051930893,286.86976453879004,-0.0002371882925456103,-7.82296844598477,-0.029441642073996084,0.008056218194266532,False
1579,579.5590682145854,51399.32713175882,52441.32713175882,50453.32713175882,51460.32713175882,0.008716240153676428,287.4799213655287,-0.0001335084294136167,-4.403388630047402,-0.016412864846622948,0.00813437694523433,False
1580,579.8366798301756,51380.33627504564,52408.33627504564,50443.33627504564,51432.33627504564,0.00860343073935904,283.7592297616409,-0.00017098115273655665,-5.639317811012859,-0.02116462175080086,0.00807863021365297,False
1581,580.114302301798,51303.345405038424,52333.345405038424,50375.345405038424,51352.345405038424,0.008632812218689404,284.7282927083442,-0.00029056534584165697,-9.583455859562832,-0.03599254504162923,0.00807293136691465,False
1582,580.3919356050817,51246.354521751186,52321.354521751186,50331.354521751186,51340.354521751186,0.009016001992077225,297.36669688025563,-0.0003957570273963422,-13.052898624846648,-0.049332503218035395,0.00802223689414686,False
1583,580.6695797156551,51151.36362519794,52250.36362519794,50227.36362519794,51278.36362519794,0.009232101275160751,304.4941054661464,-0.00023832673155758065,-7.8605165575409615,-0.02965739758208844,0.008035996108489232,False
1584,580.9472346091468,51081.37271539274,52181.37271539274,50148.37271539274,51214.37271539274,0.009252940141168913,305.1814150693411,-0.00011792737707077769,-3.889492773194263,-0.014622700722657722,0.008064678290792784,False
1585,581.2249002611856,50964.38179234961,52069.38179234961,50019.38179234961,51094.38179234961,0.009315660923750801,307.250078314814,-8.083190007779004e-05,-2.6660059691434412,-0.009895130216522004,0.008168856630388164,False
1586,581.5025766474,50943.39085608261,52084.39085608261,49995.39085608261,51095.39085608261,0.009619740535885084,317.2792630830139,-0.00016798285885159456,-5.540427776424224,-0.020381638317438038,0.008241872230058782,False
1587,581.7802637434188,50886.3999066058,52038.3999066058,49940.3999066058,51072.3999066058,0.009722207624420621,320.658843043569,1.204261260096852e-05,0.3971906765443691,0.0014787661569235395,0.00814368961893357,False
1588,582.0579615248704,50926.408943933246,52015.408943933246,49992.408943933246,51054.408943933246,0.009188964102236878,303.07135083095477,-5.977562020180634e-05,-1.9715255995949974,-0.007408171223981144,0.008068876703106624,False
1589,582.3356699673836,50852.417968079026,51855.417968079026,49925.417968079026,50897.417968079026,0.008482531235649017,279.7717100046239,-0.0001084895554896801,-3.5782135796245598,-0.013486775631890381,0.008044143274182548,False
1590,582.6133890465871,50869.42697905723,51805.42697905723,49955.42697905723,50848.42697905723,0.007918411968946203,261.1658708385126,-0.00022356493982374475,-7.373641637617112,-0.027994773943257008,0.00798595267377017,False
1591,582.8911187381095,50867.43597688194,51826.43597688194,49957.43597688194,50881.43597688194,0.008111496969923792,267.5342200256891,-0.00015227796662073238,-5.022447419758805,-0.019237106606072706,0.007915845648672643,False
1592,583.1688590175795,50842.44496156727,51813.44496156727,49930.44496156727,50869.44496156727,0.008216041363476645,270.9823138721058,-0.00012447865310234382,-4.105567627167261,-0.015710594135889586,0.007923230148119121,False
1593,583.4466098606256,50792.453933127326,51734.453933127326,49876.453933127326,50790.453933127326,0.007980674005795538,263.2194036854656,-9.414857281089296e-05,-3.105217826855778,-0.011841543925354947,0.007950700804250987,False
1594,583.7243712428766,50713.46289157623,51616.46289157623,49789.46289157623,50671.46289157623,0.007664973740671127,252.80694535562458,-3.8972441041689246e-05,-1.2853930236607027,-0.004868322801667766,0.008005311609233937,False
1595,584.0021431399608,50680.4718369281,51574.4718369281,49758.4718369281,50625.4718369281,0.007594139624871683,250.47068732681942,-9.208969639299021e-05,-3.037311754938969,-0.01148299206126009,0.008019660372636774,False
1596,584.2799255275073,50652.48076919708,51493.48076919708,49731.48076919708,50538.48076919708,0.007151529185383651,235.8724646876793,-0.0001607373444298234,-5.301455481088283,-0.01996812024597632,0.008049698341645995,False
1597,584.5577183811447,50587.48968839731,51402.48968839731,49673.48968839731,50430.48968839731,0.006941025758028594,228.92961918591996,-0.0003725118608995451,-12.286224173614357,-0.04596237277842282,0.008104713451051898,False
1598,584.8355216765013,50595.49859454295,51368.49859454295,49674.49859454295,50395.49859454295,0.0065849922604481895,217.1868860712596,-0.00032673806454287194,-10.776508155559583,-0.04013114940064732,0.008141756949966692,False
1599,585.1133353892061,50521.50748764815,51283.50748764815,49587.50748764815,50314.50748764815,0.006501419905781807,214.430494149487,-0.00018047308668546654,-5.952381744214421,-0.022024334691505318,0.008194258269925137,False
1600,585.3911594948875,50442.51636772709,51247.51636772709,49507.51636772709,50276.51636772709,0.006876079231721418,226.78754623398603,-0.00018204092784392199,-6.004092441143342,-0.02215519665633767,0.008216624328263308,False
1601,585.6689939691742,50257.525234793946,51146.525234793946,49334.525234793946,50184.525234793946,0.007615034793570746,251.15985391110544,-0.0001961680584876193,-6.470034904288667,-0.024074928245020992,0.008148230245636948,False
1602,585.9468387876949,50150.53408886289,51082.53408886289,49230.53408886289,50108.53408886289,0.00799687099851889,263.75361455074375,-0.0003197205763807486,-10.545056645566547,-0.038986151999114274,0.008200875438745849,False
1603,586.2246939260782,50164.54292994814,51093.54292994814,49242.54292994814,50121.54292994814,0.00796915902462091,262.8396154024166,-0.0002851994787445638,-9.406478283918688,-0.03478472100173393,0.008198987099259682,False
1604,586.5025593599528,50232.55175806388,51184.55175806388,49295.55175806388,50211.55175806388,0.008153663963815495,268.9249761171324,-0.0001577527433568298,-5.2030170642200915,-0.01910675764558792,0.008256384797619372,False
1605,586.7804350649474,50146.56057322432,51116.56057322432,49215.56057322432,50136.56057322432,0.008320473003903511,274.426688883426,-0.000268371624490147,-8.851460279306934,-0.032439845323238736,0.008272900866697266,False
1606,587.0583210166905,50000.56937544369,50997.56937544369,49079.56937544369,50033.56937544369,0.008574527591379525,282.80594318831686,-0.0002137847710275021,-7.05107111329545,-0.026131547849488044,0.008181098657410395,False
1607,587.3362171908108,49829.57816473621,50859.57816473621,48924.57816473621,49902.57816473621,0.008885543124824122,293.0638892202878,-0.0002896493417767487,-9.55324412010782,-0.035737358268218576,0.008104945519555524,False
1608,587.6141235629369,49745.58694111611,50766.58694111611,48858.58694111611,49819.58694111611,0.008823407175525544,291.01451500578844,-0.0003641871498384231,-12.011657704695665,-0.04554758762688668,0.007995750572384736,False
1609,587.8920401086975,49702.595704597654,50690.595704597654,48795.595704597654,49741.595704597654,0.008548324748189664,281.94171834286016,-0.00020923578221971467,-6.901035900669569,-0.025821810965949876,0.008103063820567233,False
1610,588.1699668037213,49645.604455195076,50624.604455195076,48722.604455195076,49693.604455195076,0.008480840192675951,279.7159358528852,8.916327708235507e-05,2.940792294888354,0.011000036206485408,0.00810572578204662,False
1611,588.447903623637,49609.61319292264,50569.61319292264,48682.61319292264,49616.61319292264,0.008323790878617846,274.53611936551005,-7.055698208186661e-05,-2.327117576278397,-0.008576023985517026,0.00822723702744086,False
1612,588.725850544073,49532.62191779461,50456.62191779461,48604.62191779461,49506.62191779461,0.008026853874788324,264.74251283260367,-4.112981767438566e-05,-1.3565478397040351,-0.004994930165654614,0.008234312855302024,False
1613,589.003807540658,49370.63062982528,50233.63062982528,48445.63062982528,49289.63062982528,0.007525893213791408,248.2197772388772,-2.4943201135337045e-05,-0.8226792027944043,-0.003032043046036907,0.008226532656896003,False
1614,589.2817745890209,49277.63932902891,50126.63932902891,48349.63932902891,49181.63932902891,0.007418694366803401,244.68413393864196,-8.93251066212946e-06,-0.29461297732399316,-0.0010812708734719038,0.008261122056721679,False
1615,589.55975166479,49130.648015419814,50016.648015419814,48208.648015419814,49080.648015419814,0.0077620907332628854,256.0100679063221,2.324527381316558e-05,0.7666779907515888,0.002829297335241449,0.008215917614463754,False
1616,589.8377387435943,49130.656689012285,50025.656689012285,48210.656689012285,49093.656689012285,0.00784022931841008,258.5872426878423,4.210479719763717e-05,1.3887047137386048,0.005141961792755057,0.00818846947812062,False
1617,590.1157358010622,49024.66534982062,49930.66534982062,48106.66534982062,48993.66534982062,0.00795271548723616,262.2972729759811,-1.803765005599714e-05,-0.5949196130777068,-0.0021947877231973324,0.008218403021555166,False
1618,590.3937428128223,49057.67399785916,49981.67399785916,48141.67399785916,49042.67399785916,0.008103844642930628,267.28183019664914,-5.089068780868462e-05,-1.6784818535900285,-0.006197708268092406,0.008211210597098383,False
1619,590.6717597545035,48953.682633142205,49882.682633142205,48035.682633142205,48953.682633142205,0.008164433301013395,269.2801714945229,5.6967866046166854e-05,1.8789199657843483,0.006953306669509705,0.008192917234036479,False
1620,590.9497866017341,48909.691255684105,49836.691255684105,47994.691255684105,48904.691255684105,0.008154279715559452,268.94528490392725,3.0395010154164737e-06,0.10024913236622979,0.00037066184550014927,0.008200199325385514,False
1621,591.2278233301431,48863.6998654992,49748.6998654992,47948.6998654992,48808.6998654992,0.007795387534351713,257.1082663944285,-7.498390018496025e-05,-2.473126640477062,-0.009092259405423249,0.008247004054925521,False
1622,591.5058699153589,48815.708462601826,49666.708462601826,47910.708462601826,48744.708462601826,0.00750578255323527,247.5564853821414,-1.0898173687118144e-05,-0.3594446756127354,-0.0013400844657046908,0.008132452816238922,False
1623,591.7839263330103,48840.71704700636,49646.71704700636,47939.71704700636,48723.71704700636,0.007108504156784488,234.45340880803832,-6.355808637313349e-05,-2.096279284478527,-0.007828947178151593,0.008118344002946701,False
1624,592.0619925587258,48721.72561872715,49526.72561872715,47832.72561872715,48591.72561872715,0.007116954563885929,234.73212099657349,-0.0002797609744827458,-9.22710498190213,-0.03437959432531837,0.008137413485322011,False
1625,592.3400685681341,48689.73417777857,49473.73417777857,47796.73417777857,48538.73417777857,0.006937287757681725,228.80633207739203,-0.0002470648586835921,-8.148718357259384,-0.03026749489216897,0.008162712492850359,False
1626,592.618154336864,48624.74272417502,49368.74272417502,47727.74272417502,48436.74272417502,0.006594750697627581,217.5087398411788,-0.00019071566076358203,-6.290203366684892,-0.023309802552217877,0.008181779332379452,False
1627,592.896249840544,48640.75125793087,49326.75125793087,47753.75125793087,48392.75125793087,0.0060822390370612114,200.60502800203324,-0.00030941833562402217,-10.205267090619088,-0.03797713477272361,0.008147490258961197,False
1628,593.1743550548026,48574.75977906052,49245.75977906052,47683.75977906052,48313.75977906052,0.005958180745224152,196.51332477297328,-0.00025783655094696514,-8.50399140965942,-0.03156246316985495,0.008169088374358017,False
1629,593.4524699552688,48499.76828757838,49174.76828757838,47610.76828757838,48246.76828757838,0.006002658469987386,197.98029362559936,-0.00023961982919868015,-7.903165635770421,-0.029385759715154662,0.008154283963436369,False
1630,593.7305945175709,48420.77678349886,49093.77678349886,47528.77678349886,48170.77678349886,0.005994691383206397,197.7175223571477,-0.00016767903630465937,-5.53040707020665,-0.02055153467991076,0.008158954497377103,False
1631,594.0087287173377,48401.78526683639,49078.78526683639,47491.78526683639,48141.78526683639,0.006032424509940356,198.96204018996335,-0.0001287285858068846,-4.245739340907193,-0.015495933671789168,0.008307249407064708,False
1632,594.2868725301978,48362.79373760539,49092.79373760539,47451.79373760539,48150.79373760539,0.006506366842654008,214.59365452574403,-0.00015555018552632863,-5.130372077304571,-0.018658883477191548,0.008336521620732118,False
1633,594.56502593178,48243.802195820295,48964.802195820295,47339.802195820295,48034.802195820295,0.006442476271556872,212.4864091962018,-0.0001129085714370549,-3.7239620141177454,-0.013650242137782737,0.008271543485996732,False
1634,594.8431888977128,48164.810641495555,48892.810641495555,47280.810641495555,47974.810641495555,0.006515146529885477,214.8832270650977,-0.00018679132287935385,-6.160770454502682,-0.022952020852557254,0.008138338845162824,False
1635,595.1213614036249,48029.81907464562,48794.81907464562,47151.81907464562,47879.81907464562,0.0068627613468907785,226.34829439874915,-0.00020871278094030873,-6.883786219152427,-0.025713503727142942,0.008116854986199077,False
1636,595.3995434251448,48011.827495284946,48794.827495284946,47129.827495284946,47894.827495284946,0.007025549950287082,231.71740471219485,-3.278672491508882e-05,-1.08137510374209,-0.004063405369317165,0.008068780231148452,False
1637,595.6777349379013,47930.83590342801,48735.83590342801,47053.83590342801,47830.83590342801,0.007233416302228474,238.5732739238119,-0.00012047910930512024,-3.973654265895334,-0.014910395117974247,0.00808020903214594,False
1638,595.9559359175231,47797.84429908928,48660.84429908928,46915.84429908928,47745.84429908928,0.007771329759985813,256.31479042761254,-0.00015528861124625062,-5.121744807731659,-0.019015510518299535,0.008166418203540155,False
1639,596.2341463396386,47706.85268228324,48590.85268228324,46816.85268228324,47670.85268228324,0.007973754001620488,262.99116740227265,-0.00012304822380066784,-4.058389062107722,-0.014932899243448252,0.008240075942028118,False
1640,596.5123661798767,47688.86105302439,48590.86105302439,46804.86105302439,47666.86105302439,0.008137644676583691,268.3966263524935,-0.0002120511814758478,-6.9938936859640535,-0.02575932686568449,0.008232015633853135,False
1641,596.790595413866,47774.86941132723,48641.86941132723,46885.86941132723,47710.86941132723,0.007810748833007791,257.6149143127811,-0.00023539187358313785,-7.7637187726203365,-0.02844535395826644,0.008275230954358757,False
1642,597.068834017235,47722.87775720625,48591.87775720625,46831.87775720625,47668.87775720625,0.007837057658000067,258.48263466084984,-0.00014370144749715954,-4.739575791652726,-0.017403793757213914,0.008256903609742844,False
1643,597.3470819656123,47687.88609067598,48577.88609067598,46807.88609067598,47653.88609067598,0.008030540726680371,264.8641129575801,-0.0002512465829988082,-8.286640414948863,-0.030585122670267074,0.008214666513110123,False
1644,597.625339234627,47579.89441175094,48459.89441175094,46708.89441175094,47536.89441175094,0.007958989601756344,262.5042064607291,-0.00032777153213169475,-10.810594088935716,-0.04003183467063682,0.008187771927728153,False
1645,597.9036057999072,47525.90272044566,48412.90272044566,46654.90272044566,47491.90272044566,0.0080307479391941,264.8709472618331,-0.00030846661318040345,-10.173877283955903,-0.03767614070022953,0.008187319811620838,False
1646,598.1818816370817,47505.91101677467,48359.91101677467,46614.91101677467,47445.91101677467,0.007737842143317325,255.21029844060416,-6.391166448343512e-05,-2.1079410337596585,-0.007742413264071614,0.008254747234949969,False
1647,598.4601667217793,47431.919300752525,48290.919300752525,46539.919300752525,47384.919300752525,0.007794774579973022,257.08804987062007,1.9744859155707006e-05,0.6512269576535346,0.002397617407171761,0.00823520011852021,False
1648,598.7384610296285,47349.927572393775,48228.927572393775,46464.927572393775,47312.927572393775,0.007988285942201759,263.47046134804924,-0.00013372883715211635,-4.410658140549117,-0.016188130929683405,0.008260918924673642,False
1649,599.0167645362582,47344.93583171299,48202.93583171299,46463.93583171299,47276.93583171299,0.007799957763718893,257.2590021653497,-0.000266631891212496,-8.794080218978337,-0.03215976465057891,0.008290853310324095,False
1650,599.2950772172967,47362.94407872472,48206.94407872472,46468.94407872472,47267.94407872472,0.007670911398126518,253.00278177915996,-0.0002670023894904396,-8.806300030953594,-0.03175051592702441,0.008409387428667918,False
1651,599.5733990483727,47318.95231344356,48209.95231344356,46434.95231344356,47259.95231344356,0.00810158153375677,267.20718809915394,-0.0004533063357973462,-14.950995781656076,-0.05385751950370097,0.008416769653979255,False
1652,599.8517300051152,47243.96053588408,48147.96053588408,46359.96053588408,47195.96053588408,0.008231597828534455,271.4953987886174,-0.0004698261141778022,-15.495852796384582,-0.05567878245103014,0.008438153520885939,False
1653,600.1300700631524,47232.96874606087,48082.96874606087,46336.96874606087,47141.96874606087,0.007746030840752538,255.48037889424657,-0.00026593511280825766,-8.771099002613454,-0.03146941020797224,0.008450590940560034,False
1654,600.4084191981132,47258.97694398855,48038.97694398855,46346.97694398855,47103.97694398855,0.007109434082453661,234.48407971126454,-7.32701845983794e-05,-2.416604698287898,-0.008620489158560835,0.008499539092351419,False
1655,600.6867773856261,47285.9851296817,48039.9851296817,46385.9851296817,47096.9851296817,0.006870422985075959,226.60099133047356,-0.00026410035848325585,-8.710584948413867,-0.03115233358268595,0.008477707064296439,False
1656,600.9651446013198,47261.99330315496,48026.99330315496,46373.99330315496,47071.99330315496,0.00697336446791635,229.99621781235567,-0.0004852701720539582,-16.00523028777107,-0.05722407902426743,0.00848017443580291,False
1657,601.243520820823,47245.00146442293,48013.00146442293,46358.00146442293,47068.00146442293,0.007002989331931109,230.97330809753274,-0.0004019359033602685,-13.256690941822626,-0.04766718603647745,0.00843212987342458,False
1658,601.5219060197644,47232.009613500246,48009.009613500246,46357.009613500246,47081.009613500246,0.007086322720255267,233.7218184070436,-0.00035596819549210245,-11.740579314526542,-0.0428929256507685,0.008298995465834461,False
1659,601.8003001737725,47239.01775040155,47995.01775040155,46360.01775040155,47078.01775040155,0.006895297959315427,227.4214202668327,-0.00022072322072771728,-7.279915768679928,-0.026697289148183496,0.008267626705565178,False
1660,602.078703258476,47409.02587514149,48146.02587514149,46520.02587514149,47236.02587514149,0.006699413047788431,220.96072414446598,-6.600883442199352e-05,-2.17711010647875,-0.00799710751597792,0.008254088655193188,False
1661,602.3571152495035,47391.03398773471,48133.03398773471,46493.03398773471,47228.03398773471,0.006747053255647686,222.53199833697886,6.49260665325441e-05,2.1413981455612543,0.00784526010934662,0.008275833513179892,False
1662,602.6355361224837,47292.04208819586,48054.04208819586,46401.04208819586,47143.04208819586,0.006941857004577947,228.957035444356,-5.198754811752172e-05,-1.7146586121205019,-0.006273895299226346,0.008286327016635498,False
1663,602.9139658530453,47197.050176539626,47979.050176539626,46307.050176539626,47070.050176539626,0.00713679014496666,235.3863401540072,-3.924559430725991e-05,-1.2944021925136724,-0.004735595462540455,0.008287362089456483,False
1664,603.1924044168169,47143.05825278067,47964.05825278067,46265.05825278067,47054.05825278067,0.007498169216535333,247.30538153492762,-0.0001541967414359479,-5.085732646332559,-0.018709251511388365,0.008241737588598239,False
1665,603.470851789427,47179.066316933684,47987.066316933684,46302.066316933684,47074.066316933684,0.007374858346416915,243.2383298451913,-0.00019351617678948357,-6.382570271762631,-0.02346866079822274,0.008245727289396008,False
1666,603.7493079465045,47224.074369013346,47985.074369013346,46347.074369013346,47074.074369013346,0.006942718080089514,228.98543552466478,-0.00018325373375117741,-6.044093329221482,-0.022259098696437257,0.008232756242754278,False
1667,604.0277728636778,47173.08240903436,47907.08240903436,46281.08240903436,47004.08240903436,0.006705467601950027,221.16041606708296,2.660385635721435e-05,0.8774511026255141,0.0032140176651176307,0.008277445592770464,False
1668,604.3062465165756,47057.09043701142,47807.09043701142,46179.09043701142,46908.09043701142,0.006867242095504554,226.49607890633914,-6.486292834253799e-05,-2.1393157153415245,-0.00789843135867041,0.008212127876674585,False
1669,604.5847288808268,46974.09845295925,47740.09845295925,46102.09845295925,46837.09845295925,0.007024856617397743,231.69453713615366,-0.00015556766813388037,-5.130948690449145,-0.018935772759312106,0.008215543675521578,False
1670,604.8632199320598,46936.106456892565,47693.106456892565,46062.106456892565,46783.106456892565,0.0069485505773245575,229.17780354309156,-0.00020328916454163092,-6.704903950155824,-0.02459665765817552,0.008264910109608368,False
1671,605.1417196459032,46889.11444882609,47657.11444882609,46003.11444882609,46751.11444882609,0.007055712369783486,232.71222470707113,-5.097913723013745e-05,-1.6813991014257113,-0.0061344627994272755,0.008310285496375813,False
1672,605.4202279979858,46836.12242877456,47623.12242877456,45958.12242877456,46712.12242877456,0.007236934122840539,238.68929904187937,-0.00016961135660064491,-5.594139055208046,-0.02042658675393638,0.008303460516621033,False
1673,605.6987449639362,46799.130396752706,47581.130396752706,45908.130396752706,46668.130396752706,0.007196972207991463,237.37127109222695,-6.61760707398925e-05,-2.1826259117653706,-0.007895714148369136,0.008381264759130268,False
1674,605.977270519383,46725.138352775284,47459.138352775284,45826.138352775284,46541.138352775284,0.006769253098062532,223.26419580276976,-4.551352173209639e-05,-1.5011316138521522,-0.0053797911546910986,0.00846009081456801,False
1675,606.2558046399548,46685.146296857056,47370.146296857056,45789.146296857056,46464.146296857056,0.006326001904961473,208.64483976264026,2.9413680167111704e-05,0.9701249979838167,0.0035010156090116954,0.008401470730778866,False
1676,606.5343473012804,46608.154229012776,47306.154229012776,45711.154229012776,46408.154229012776,0.0064557389650591445,212.92384070541968,0.00011636921918925427,3.838101451092342,0.013884003108035886,0.008381532205355185,False
1677,606.8128984789884,46529.162149257216,47278.162149257216,45626.162149257216,46369.162149257216,0.006935353548145254,228.74253778126828,7.995552163909091e-05,2.6371011661319415,0.009438383803976812,0.008471314930571279,False
1678,607.0914581487074,46403.17005760515,47244.17005760515,45518.17005760515,46329.17005760515,0.007800573473751851,257.27930957642815,-0.0001308471992416127,-4.315615665203126,-0.015524780401578724,0.008428280198301986,False
1679,607.370026286066,46328.17795407137,47186.17795407137,45443.17795407137,46272.17795407137,0.00796958110760898,262.8535365865603,-0.0001183346658508045,-3.902926013260071,-0.01402785452600115,0.008435692402674036,False
1680,607.648602866693,46287.18583867066,47071.18583867066,45406.18583867066,46166.18583867066,0.00729436197289127,240.58339024699745,-8.538881061327663e-05,-2.8163024569999777,-0.01017933175618426,0.008388449522867773,False
1681,607.9271878662169,46325.19371141783,47034.19371141783,45436.19371141783,46124.19371141783,0.00659645946453935,217.56509856567084,-6.961448859340441e-05,-2.2960321599551037,-0.00823829491286323,0.00845010883073738,False
1682,608.2057812602663,46393.20157232767,47026.20157232767,45502.20157232767,46114.20157232767,0.005885557072150348,194.1180433837005,-8.327347863710307e-05,-2.746534362104569,-0.00983904799320281,0.008463570733126983,False
1683,608.48438302447,46440.209421415006,47027.209421415006,45554.209421415006,46120.209421415006,0.0054550391087898375,179.91865602502108,-9.228244781163148e-05,-3.0436691018794875,-0.010970598869811062,0.00841179674024676,False
1684,608.7629931344566,46553.21725869465,47119.21725869465,45672.21725869465,46214.21725869465,0.005248367240316916,173.10218338893822,-0.00012486145937321957,-4.118193382620149,-0.014935518819045895,0.008360034953321823,False
1685,609.0416115658547,46508.22508418144,47065.22508418144,45622.22508418144,46160.22508418144,0.0051703743558004795,170.52981412047572,-7.89193572006304e-05,-2.6029262849860686,-0.009403263515833142,0.008392762477383155,False
1686,609.3202382942931,46514.23289789019,47029.23289789019,45620.23289789019,46112.23289789019,0.004782031883364678,157.7214631032484,-0.00012337734621965194,-4.069244211284456,-0.014531986628145218,0.008490053657267859,False
1687,609.5988732954002,46533.24069983578,46973.24069983578,45646.24069983578,46059.24069983578,0.004087224320297428,134.8052492228291,-0.0001754661370932534,-5.787242022307652,-0.020775018174017248,0.008446016057531258,False
1688,609.8775165448047,46643.24849003302,47056.24849003302,45754.24849003302,46145.24849003302,0.003828511109933451,126.27234374290275,-0.00013294861730919283,-4.3849248501467315,-0.015782429465471235,0.008423837255224713,False
1689,610.1561680181354,46647.256268496785,47062.256268496785,45768.256268496785,46140.256268496785,0.003846640183715785,126.87027870264306,-0.0003310043618702744,-10.917219608959186,-0.0392779090903667,0.008427239879514272,False
1690,610.4348276910209,46664.26403524193,47083.26403524193,45785.26403524193,46152.26403524193,0.0038821418196391577,128.0411972780444,-0.00041485430807566403,-13.682767083171626,-0.04900167598834878,0.008466124876510443,False
1691,610.7134955390896,46667.27179028334,47111.27179028334,45778.27179028334,46182.27179028334,0.004112415984005357,135.6361232435234,-0.0002965164114953544,-9.779734513661694,-0.03487904231587143,0.008501277323214432,False
1692,610.9921715379706,46682.27953363588,47195.27953363588,45804.27953363588,46270.27953363588,0.004746507879250293,156.54980677789067,-0.00035044106916120275,-11.558283070392633,-0.041614054984555296,0.008421218967756591,False
1693,611.2708556632922,46670.28726531444,47243.28726531444,45788.28726531444,46322.28726531444,0.005299634848161683,174.79309685758508,-0.00026403817009952764,-8.708533844801622,-0.03136555136264273,0.00841809433052099,False
1694,611.549547890683,46760.2949853339,47369.2949853339,45872.2949853339,46449.2949853339,0.005619678784579104,185.34881859684756,-0.00019102057006249468,-6.300259916267038,-0.02268037589018154,0.008422284136180853,False
1695,611.828248195772,46733.30269370918,47365.30269370918,45849.30269370918,46447.30269370918,0.005833842885817423,192.4124008178287,-0.00020607936699409187,-6.796930691902844,-0.024542669392128735,0.00839677883858001,False
1696,612.1069565541875,46792.31039045516,47434.31039045516,45911.31039045516,46519.31039045516,0.005918101903608119,195.19144033277243,-0.00020452232877121463,-6.74557629849653,-0.02447299441296507,0.008357061882989878,False
1697,612.3856729415583,46932.31807558677,47566.31807558677,46052.31807558677,46663.31807558677,0.005827530302793348,192.2041985609635,-0.00010340908914187145,-3.4106491205898237,-0.01250077491514695,0.008272214310216292,False
1698,612.6643973335129,46994.32574911893,47664.32574911893,46114.32574911893,46755.32574911893,0.006148031006965205,202.77498546087006,-0.00015280696510360393,-5.039894901652104,-0.018441665576326934,0.008285963351366598,False
1699,612.9431297056801,47053.33341106656,47745.33341106656,46164.33341106656,46826.33341106656,0.006340534729055699,209.1241628485312,-0.0001569506365156105,-5.176561894608426,-0.018768831311095788,0.00836230204822738,False
1700,613.2218700336886,47147.3410614446,47877.3410614446,46243.3410614446,46952.3410614446,0.006672818086498503,220.0835664198566,-6.47709927651596e-05,-2.1362834867555875,-0.007673936826807667,0.008440386496132275,False
1701,613.5006182931669,47249.348700267976,48038.348700267976,46346.348700267976,47104.348700267976,0.0071922438457242685,237.21531976587585,-0.00014676540202531244,-4.84063145226915,-0.017361117003401892,0.008453684287511795,False
1702,613.7793744597436,47361.35632755164,48209.35632755164,46462.35632755164,47273.35632755164,0.007707201837444433,254.1997167485383,-0.00019199543946772472,-6.332413158377818,-0.022805294246710798,0.00841889770816775,False
1703,614.0581385090476,47435.36394331056,48290.36394331056,46542.36394331056,47358.36394331056,0.007758241487348221,255.88311168513562,-0.000209988641065772,-6.925866767883889,-0.025121884114957756,0.00835879347682936,False
1704,614.3369104167073,47567.37154755969,48367.37154755969,46680.37154755969,47441.37154755969,0.007243332875757587,238.90034336293957,-0.00022040083313050202,-7.269282748081281,-0.026602232102220954,0.00828505037786289,False
1705,614.6156901583514,47645.37914031399,48435.37914031399,46758.37914031399,47499.37914031399,0.007141916421030831,235.55541551377732,-0.000313431493156463,-10.337629461493748,-0.03768086395793065,0.00831805484891212,False
1706,614.8944777096086,47821.386721588446,48589.386721588446,46917.386721588446,47647.386721588446,0.006919251976410844,228.21147410077563,-0.00021397985363592713,-7.057505347775162,-0.02548792748091955,0.008395341433551787,False
1707,615.1732730461076,47978.394291398035,48764.394291398035,47060.394291398035,47807.394291398035,0.007057124959912367,232.7588148987148,-0.00021761308975054398,-7.17733711171428,-0.025604690278493672,0.008498954190956384,False
1708,615.4520761434768,48069.40184975774,48877.40184975774,47147.40184975774,47921.40184975774,0.007239394254419576,238.77043935242855,-0.00016764530740682234,-5.52929462025952,-0.019735107228201192,0.008494775603106911,False
1709,615.7308869773451,48312.40939668257,49108.40939668257,47391.40939668257,48144.40939668257,0.007097170917628013,234.07961475876064,-0.00025093206744963414,-8.276267031041328,-0.029575217905002116,0.008484538246029068,False
1710,616.0097055233412,48585.41693218751,49392.41693218751,47659.41693218751,48434.41693218751,0.007154344180089631,235.9653091300594,-0.0001489931024000711,-4.9141056931424885,-0.017670576844074477,0.008431705637840192,False
1711,616.2885317570934,48690.42445628758,49525.42445628758,47752.42445628758,48569.42445628758,0.007384645833088207,243.561141728414,-1.71148915771727e-05,-0.5644850988542771,-0.002023828241922474,0.008456691740260987,False
1712,616.5673656542307,48949.43196899779,49821.43196899779,48005.43196899779,48847.43196899779,0.00766854946221107,252.9248801679983,-0.0001171947217136933,-3.865328259512978,-0.013761917080923045,0.008515871809469788,False
1713,616.8462071903814,49223.43947033318,50069.43947033318,48292.43947033318,49077.43947033318,0.0074007728799482106,244.09304563209614,-0.00039802092995687086,-13.127566889901885,-0.04687108215756358,0.008491822924396514,False
1714,617.1250563411744,49483.44696030875,50273.44696030875,48545.44696030875,49273.44696030875,0.006878718849190903,226.87460636647242,-0.00041427813343481064,-13.663763632426225,-0.04863230217849195,0.008518579521781896,False
1715,617.4039130822383,49661.45443893956,50388.45443893956,48723.45443893956,49395.45443893956,0.00631160285831154,208.1699289380555,-0.00036268927045002026,-11.962254493999325,-0.04285735606659007,0.008462707542819206,False
1716,617.6827773892018,49948.46190624064,50624.46190624064,49004.46190624064,49622.46190624064,0.005838300806334378,192.55943240680205,-0.0003956185813362772,-13.048332382779023,-0.046629469164605225,0.008484303776646406,False
1717,617.9616492376933,50185.46936222705,50869.46936222705,49237.46936222705,49877.46936222705,0.005879217106015238,193.90893797427546,-0.0002705301594839015,-8.922653300532602,-0.03213889379700813,0.008417531766730742,False
1718,618.2405286033418,50398.47680691383,51038.47680691383,49444.47680691383,50064.47680691383,0.005480293852896825,180.75161056986818,-6.839766931884903e-05,-2.2558989025875746,-0.008207237075812437,0.008333824000335499,False
1719,618.5194154617757,50590.48424031606,51169.48424031606,49630.48424031606,50196.48424031606,0.0049422031555806135,163.0042483328674,-1.7415504422487946e-05,-0.5743999423657726,-0.00209093990196972,0.008329031554700394,False
1720,618.7983097886237,50929.4916624488,51465.4916624488,49964.4916624488,50477.4916624488,0.004546784636443892,149.96251442195035,-0.00011049217950957063,-3.644264329215332,-0.013211846251583132,0.008363114238960412,False
1721,619.0772115595145,51122.49907332713,51673.49907332713,50155.49907332713,50678.49907332713,0.004655795081969806,153.55790804985452,-0.00015060724710980796,-4.967343578520371,-0.017996227761474293,0.008368823128157045,False
1722,619.3561207500766,51329.50647296613,51943.50647296613,50357.50647296613,50953.50647296613,0.00516417496234284,170.32534509343031,-5.431593041978558e-05,-1.7914535545913282,-0.0065204969015143785,0.008330029327545691,False
1723,619.6350373359388,51389.513861380896,52054.513861380896,50407.513861380896,51058.513861380896,0.005583885612382971,184.168284542376,-1.0994003998935145e-05,-0.36260536072688865,-0.0013111938571557585,0.0083847281154774,False
1724,619.9139612927296,51542.521238586516,52233.521238586516,50542.521238586516,51223.521238586516,0.005783645532152239,190.7567865816448,2.8881903704155477e-05,0.9525858924682211,0.0034001449839439787,0.008494315342592856,False
1725,620.1928925960779,51694.52860459809,52381.52860459809,50694.52860459809,51363.52860459809,0.005733588504593464,189.1058005954086,-3.982599497658664e-05,-1.3135450265610018,-0.00468353589222692,0.008503403388598832,False
1726,620.471831221612,51884.53595943074,52581.53595943074,50882.53595943074,51558.53595943074,0.005795331252483297,191.142206200958,-6.35026840331383e-05,-2.0944519988526054,-0.007470077875374456,0.008500940029350774,False
1727,620.7507771449608,52055.54330309957,52743.54330309957,51045.54330309957,51730.54330309957,0.005702318710345225,188.074457053571,8.68903380348814e-05,2.86582598749942,0.010263800738733326,0.008465707806171292,False
1728,621.0297303417528,52107.550635619715,52806.550635619715,51097.550635619715,51782.550635619715,0.005787140740057597,190.87206588511427,-3.7849173160553126e-06,-0.1248345287888526,-0.00044515508643394006,0.008502468985304934,False
1729,621.3086907876168,52179.55795700629,52896.55795700629,51176.55795700629,51871.55795700629,0.005927017265592506,195.48548771065884,-6.879775499902228e-05,-2.269094569279588,-0.008128546327993435,0.008463721829583925,False
1730,621.5876584581814,52266.56526727444,52978.56526727444,51248.56526727444,51960.56526727444,0.005876231746476833,193.81047454162368,0.00011592369495508782,3.8234071253800437,0.013663338593439033,0.00848428765505035,False
1731,621.8666333290751,52298.5725664393,53039.5725664393,51277.5725664393,52031.5725664393,0.00611018010675219,201.5265832111612,0.00022931391283547483,7.563254851595417,0.027145063658120454,0.00844772057725035,False
1732,622.1456153759267,52417.57985451603,53214.57985451603,51385.57985451603,52201.57985451603,0.006553672128727195,216.15388229376364,0.0002887131398780279,9.522366213638833,0.03400086352102373,0.008491347277092186,False
1733,622.4246045743648,52523.58713151977,53361.58713151977,51487.58713151977,52341.58713151977,0.006874359457778725,226.7308244744779,0.0002699880573834952,8.904773633789887,0.0317004783397274,0.008516844903414061,False
1734,622.7036009000179,52632.59439746569,53454.59439746569,51595.59439746569,52421.59439746569,0.006730260507813813,221.97813821590856,0.00016734529885999595,5.519399707782327,0.019553144227341095,0.008558485372700191,False
1735,622.982604328515,52624.60165236896,53477.60165236896,51606.60165236896,52436.60165236896,0.006983100499489532,230.31733259828667,-5.38239019043903e-05,-1.7752254199345145,-0.006324431983832221,0.008510472093301934,False
1736,623.2616148354844,52592.608896244754,53476.608896244754,51572.608896244754,52426.608896244754,0.007239144760787902,238.7622105280329,-0.00010647910970759244,-3.5119048518757268,-0.012440815553602796,0.008558852854044334,False
1737,623.540632396555,52561.61612910824,53497.61612910824,51539.61612910824,52430.61612910824,0.007665720000597422,252.83155857659457,-0.0002219382914787297,-7.319991356065799,-0.02569176344154311,0.00863849972710941,False
1738,623.8196569873552,52565.62335097462,53524.62335097462,51552.62335097462,52457.62335097462,0.007851801003291598,258.9689011783329,-0.00029396054474262103,-9.695436655853513,-0.03418929406861262,0.008598029083393409,False
1739,624.0986885835138,52590.630561859085,53564.630561859085,51574.630561859085,52485.630561859085,0.007969735869215282,262.85864094963716,-0.00036544241821779774,-12.053059094358304,-0.04222340108540347,0.008654973517614864,False
1740,624.3777271606593,52565.63776177684,53517.63776177684,51567.63776177684,52440.63776177684,0.007794997734954573,257.0954099909721,-0.000504270437368351,-16.631898975439327,-0.05879446169992938,0.00857683568806204,False
1741,624.6567726944206,52652.64495074307,53592.64495074307,51667.64495074307,52505.64495074307,0.007684998850715263,253.46741557665175,-0.0006976679002691742,-23.01055381362326,-0.08159515100332583,0.008550359815385808,False
1742,624.9358251604261,52670.652128773014,53621.652128773014,51690.652128773014,52547.652128773014,0.007771495334414065,256.32025142028533,-0.0006301904195883685,-20.78500466650857,-0.07438701904494598,0.008471779453987745,False
1743,625.2148845343046,52681.65929588187,53632.65929588187,51712.65929588187,52559.65929588187,0.007769886017570864,256.26717276809376,-0.0007142163641506169,-23.55635693646994,-0.08482700189973084,0.008419681801260067,False
1744,625.4939507916847,52687.66645208488,53611.66645208488,51709.66645208488,52556.66645208488,0.0075503429357702614,249.02618046182252,-0.0004942682149503804,-16.302004655927533,-0.05895120373895321,0.008384361702588654,False
1745,625.773023908195,52747.67359739727,53666.67359739727,51764.67359739727,52607.67359739727,0.007501367288584095,247.410860673282,-0.00048575023044183496,-16.021063622461753,-0.05774007434293778,0.008412705317225615,False
1746,626.0521038594642,52823.68073183427,53703.68073183427,51835.68073183427,52653.68073183427,0.007175392923677167,236.659540936974,-0.00037546346004890905,-12.383574117673021,-0.044764192259798004,0.008387584832757202,False
1747,626.3311906211209,52777.68785541113,53651.68785541113,51776.68785541113,52618.68785541113,0.0071330289678916735,235.26228862826957,-0.00012728027609606486,-4.197971042370398,-0.015189057202659144,0.008379735121004215,False
1748,626.6102841687938,52788.69496814311,53672.69496814311,51783.69496814311,52645.69496814311,0.007212476673271854,237.88264094677842,-4.264936059075134e-05,-1.4066655590883101,-0.005095981322015298,0.008369214464444873,False
1749,626.8893844781114,52784.70207004545,53659.70207004545,51772.70207004545,52621.70207004545,0.0071401824163010805,235.49822439299967,-7.612285498756564e-05,-2.5106917638925097,-0.009013630894897947,0.008445304214825795,False
1750,627.1684915247026,52785.70916113343,53615.70916113343,51776.70916113343,52574.70916113343,0.006775694109410769,223.4766338957157,-0.00013325918824737444,-4.395168132492387,-0.01577303187209824,0.008448546184903344,False
1751,627.4476052841959,52783.716241422306,53514.716241422306,51778.716241422306,52487.716241422306,0.005973263452844098,197.01078417336996,-6.686527070973777e-05,-2.2053571754344716,-0.007977133608713922,0.008382117435853983,False
1752,627.7267257322198,52827.723310927366,53468.723310927366,51814.723310927366,52434.723310927366,0.005237919916325372,172.75760868394886,-7.212264479122821e-05,-2.3787564233772116,-0.008540507756783233,0.00844477247081069,False
1753,628.0058528444033,52790.73036966388,53405.73036966388,51762.73036966388,52363.73036966388,0.00503018820822062,165.90618030907874,-1.6786614271389368e-05,-0.553657823287125,-0.001963602183470449,0.008548887556093917,False
1754,628.2849865963747,52875.737417647135,53469.737417647135,51836.737417647135,52426.737417647135,0.004851614146741756,160.0164324078333,6.355830005592023e-05,2.096286332185997,0.007401689779336931,0.008586998638250683,False
1755,628.5641269637629,52821.74445489244,53418.74445489244,51783.74445489244,52376.74445489244,0.004880936400493249,160.98354197045632,6.411354941137943e-05,2.11459962303519,0.007466148328482458,0.0085872322100532,False
1756,628.8432739221963,52724.75148141508,53365.75148141508,51689.75148141508,52324.75148141508,0.005248088051940964,173.09297516945944,5.4642130894104295e-05,1.8022123318912975,0.0063664867673761,0.008582776166928976,False
1757,629.1224274473037,52741.75849723037,53445.75849723037,51723.75849723037,52399.75849723037,0.005758639124051306,189.93202268026715,-0.00011942901724820189,-3.939020022617683,-0.014010509666604335,0.00852424501964227,False
1758,629.4015875147138,52695.76550235362,53420.76550235362,51687.76550235362,52363.76550235362,0.005934389214874058,195.72863009343007,-0.00029127762256378736,-9.606948243028455,-0.0341330341291895,0.008533598901912322,False
1759,629.6807541000552,52670.77249680015,53422.77249680015,51660.77249680015,52367.77249680015,0.006156734982563708,203.06206087142647,-0.00025352973848218486,-8.361943681868325,-0.029702776596038972,0.008535556858209493,False
1760,629.9599271789564,52665.779480585275,53420.779480585275,51657.779480585275,52366.779480585275,0.0061817043186560205,203.88560206003632,-0.0002615724034875566,-8.627207679021751,-0.030688132810744086,0.008523568543602582,False
1761,630.2391067270462,52622.786453724344,53399.786453724344,51627.786453724344,52333.786453724344,0.006365679395738239,209.95348680854283,-0.0004670264771936307,-15.403514883950834,-0.05479056137979782,0.008523849097954872,False
1762,630.5182927199531,52479.793416232686,53305.793416232686,51493.793416232686,52248.793416232686,0.006782295082741022,223.69434787106056,-0.0004609157370204422,-15.201969828571436,-0.05443229853177787,0.008467688292666111,False
1763,630.797485133306,52350.80036812564,53244.80036812564,51354.80036812564,52187.80036812564,0.007353877264002407,242.54632964598358,-0.00036593015966648705,-12.06914583254408,-0.0429231225275802,0.008525245558063933,False
1764,631.0766839427333,52309.80730941856,53226.80730941856,51301.80730941856,52169.80730941856,0.007547296529009531,248.92570356346022,-0.0002607290070854645,-8.599390692904024,-0.030385093560079793,0.008580819623606906,False
1765,631.3558891238638,52144.8142401268,53055.8142401268,51135.8142401268,51997.8142401268,0.007521859305179225,248.086730453775,-0.00026194676979924853,-8.639555066880519,-0.030399109726932976,0.008616922408328596,False
1766,631.6351006523261,52019.82116026572,52929.82116026572,51021.82116026572,51868.82116026572,0.007531571801005463,248.40706898130077,-0.0003811501988482983,-12.571134716515076,-0.0443018959771874,0.008603473743980752,False
1767,631.9143185037487,51870.828069850686,52768.828069850686,50874.828069850686,51715.828069850686,0.007454267983919725,245.85742660508765,-0.0003337395673716761,-11.007432435659439,-0.03886524059630117,0.008587096393877421,False
1768,632.1935426537605,51808.83496889707,52737.83496889707,50806.83496889707,51693.83496889707,0.007718470489441129,254.5713805775276,-0.00020185968474602158,-6.657756701802214,-0.02351960152104705,0.008582614997340957,False
1769,632.4727730779899,51672.84185742026,52590.84185742026,50668.84185742026,51563.84185742026,0.007647775768944622,252.23972009881513,-4.348567866743671e-05,-1.4342490871557914,-0.005090144805928075,0.008543112293542711,False
1770,632.7520097520658,51677.84873543563,52547.84873543563,50666.84873543563,51520.84873543563,0.0072505146864505175,239.13721457539637,8.600287886606148e-06,0.2836555718717477,0.0010028049008437097,0.00857623240509724,False
1771,633.0312526516166,51558.85560295858,52421.85560295858,50544.85560295858,51399.85560295858,0.007209120608316802,237.7719508702815,7.58181446524819e-05,2.500641776555767,0.008827970870113956,0.008588399958268463,False
1772,633.3105017522711,51357.86246000451,52250.86246000451,50359.86246000451,51236.86246000451,0.007486523484614223,246.92128081742817,1.1468632706673233e-05,0.37825961315371615,0.0013466099274525136,0.00851667024939385,False
1773,633.5897570296578,51298.8693065888,52161.8693065888,50311.8693065888,51151.8693065888,0.007245353856183832,238.96699954539608,-5.42981229536511e-05,-1.7908662269278466,-0.006414814581849167,0.008464488296713767,False
1774,633.8690184594055,51232.87614272689,52123.87614272689,50251.87614272689,51114.87614272689,0.007487966888044477,246.96888729651917,-9.293478613992337e-05,-3.065184591128798,-0.011007417166540787,0.00844292396061966,False
1775,634.1482860171428,51168.88296843417,52066.88296843417,50198.88296843417,51054.88296843417,0.00755564271654968,249.20097837179975,-0.00021241098692097518,-7.005760825837342,-0.025232686321407356,0.008418088514846957,False
1776,634.4275596784984,51090.889783726074,51960.889783726074,50126.889783726074,50948.889783726074,0.007333113077392703,241.86148312632233,-0.00026914708795169277,-8.877036694253775,-0.032013571100262636,0.008407280996823398,False
1777,634.7068394191008,50985.89658861803,51822.89658861803,50022.89658861803,50812.89658861803,0.007071622992741557,233.2369904955554,-0.00026650648019731216,-8.789943900089924,-0.031672372435086894,0.008414477972672304,False
1778,634.9861252145787,50841.90338312546,51678.90338312546,49877.90338312546,50669.90338312546,0.007091488440192351,233.89219470865143,-0.00024960188573657036,-8.232394842169555,-0.029579247443981674,0.008438412309484077,False
1779,635.2654170405609,50738.910167263806,51543.910167263806,49765.910167263806,50538.910167263806,0.006836226758892347,225.47312791219494,-0.0001423055776059853,-4.693537068593656,-0.01678065285111638,0.008480336186474296,False
1780,635.5447148726759,50699.91694104852,51432.91694104852,49716.91694104852,50432.91694104852,0.006233907529711408,205.60737368916026,-2.4009119981131116e-05,-0.7918712429372192,-0.0028196056130768182,0.008515063195285603,False
1781,635.8240186865522,50651.92370449504,51319.92370449504,49659.92370449504,50309.92370449504,0.005690058015710392,187.67007357315234,-4.2447287932376e-05,-1.4000007780685735,-0.004929357555822214,0.008611119694946904,False
1782,636.1033284578186,50671.93045761883,51254.93045761883,49681.93045761883,50244.93045761883,0.004968198606123969,163.86163293291344,-7.441172471729565e-05,-2.4542550908694807,-0.008646299511723738,0.008606193275678096,False
1783,636.3826441621039,50681.93720043534,51212.93720043534,49687.93720043534,50203.93720043534,0.00452647807566222,149.292761364004,-3.966776716663768e-05,-1.3083263408020116,-0.004600722734513956,0.008622072977590201,False
1784,636.6619657750366,50625.94393296006,51147.94393296006,49636.94393296006,50147.94393296006,0.004455046618970914,146.93680177700477,-6.949817847462514e-06,-0.22921960077599124,-0.0008107983353320193,0.008571573897739425,False
1785,636.9412932722452,50470.950655208435,50966.950655208435,49495.950655208435,49958.950655208435,0.004247165546958612,140.08044706650824,-0.00020352777514209396,-6.71277382930657,-0.023738951695103525,0.008573578890767711,False
1786,637.2206266293585,50307.957367195966,50829.957367195966,49329.957367195966,49813.957367195966,0.004483061237598615,147.86078278466206,-0.00024275663316543437,-8.006624023997773,-0.02807304065434207,0.008647322395690937,False
1787,637.4999658220052,50236.96406893813,50792.96406893813,49251.96406893813,49772.96406893813,0.004780171067581922,157.66008948739216,-0.0002102205076002818,-6.933514213563711,-0.02414955747888661,0.00870494243151547,False
1788,637.7793108258138,50096.97076045041,50698.97076045041,49122.97076045041,49693.97076045041,0.005187676861562917,171.1004871295155,-0.00016860006355620856,-5.56078448491553,-0.019579290473559628,0.008611142665455134,False
1789,638.0586616164131,49986.9774417483,50565.9774417483,48996.9774417483,49573.9774417483,0.005001529482648577,164.96095530051673,8.29455245048771e-05,2.7357177454807697,0.009593387204575995,0.008646114530362386,False
1790,638.3380181694317,49866.98411284732,50417.98411284732,48877.98411284732,49433.98411284732,0.0047723736019257175,157.40291268017089,0.00013995417947125846,4.6159830155900465,0.016217470007967413,0.00862984049931962,False
1791,638.6173804604981,49764.99077376296,50348.99077376296,48794.99077376296,49349.99077376296,0.005066841821411999,167.11509351617704,-0.00015500622978574692,-5.1124312736126285,-0.01796925591820814,0.008626190783374621,False
1792,638.8967484652411,49607.99742451074,50216.99742451074,48648.99742451074,49221.99742451074,0.005299046019083084,174.77367603688387,-0.0002137072657934641,-7.048514827764791,-0.024894101192661604,0.00858465482001261,False
1793,639.1761221592893,49462.00406510617,50040.00406510617,48511.00406510617,49058.00406510617,0.005045627496016225,166.41540047318222,-0.00017601623184332164,-5.805385303436367,-0.02066050781833146,0.008519453316009378,False
1794,639.4555015182714,49406.01069556479,49965.01069556479,48463.01069556479,48988.01069556479,0.0048861966567999415,161.1570362802445,-0.00020678323263738276,-6.820145660308668,-0.024405568232080444,0.00847278910578988,False
1795,639.734886517816,49287.01731590212,49849.01731590212,48352.01731590212,48864.01731590212,0.004924064481872513,162.40599674739673,-0.00034949339413211256,-11.527026755968052,-0.04115228303436276,0.008492685420157138,False
1796,640.0142771335516,49198.02392613369,49777.02392613369,48267.02392613369,48797.02392613369,0.005081268036492774,167.59090041271767,-0.00033845402636169947,-11.16292520270548,-0.03997631078115012,0.00846636469819745,False
1797,640.293673341107,49028.030526275055,49601.030526275055,48086.030526275055,48639.030526275055,0.005046251789641487,166.43599098917704,-8.026959910148283e-05,-2.647460101016577,-0.009481794461863254,0.008465654831934542,False
1798,640.5730751161109,48943.037116341744,49528.037116341744,47992.037116341744,48557.037116341744,0.005160200858366832,170.1942707909354,-7.720684155239615e-05,-2.5464439192857355,-0.00901913868730927,0.00856033422138558,False
1799,640.8524824341919,48812.04369634932,49431.04369634932,47876.04369634932,48457.04369634932,0.005472788954490686,180.50408324551566,-0.00023412879500109632,-7.722059786057088,-0.02746120775689722,0.00852580108907599,False
1800,641.1318952709786,48642.05026631334,49383.05026631334,47717.05026631334,48415.05026631334,0.006566039500218824,216.5617842011488,-0.00025924137603012404,-8.550325493773443,-0.030614586383057044,0.008467903919603349,False
1801,641.4113136020995,48503.05682624936,49262.05682624936,47592.05682624936,48293.05682624936,0.006743430701760755,222.41251889536233,-0.00039320918500429774,-12.968865427320793,-0.04663716983303308,0.008431240283491386,False
1802,641.6907374031836,48398.063376172955,49057.063376172955,47492.063376172955,48093.063376172955,0.005873563258809024,193.72246220931277,-0.00041216079679175406,-13.593929419403338,-0.04899079290482565,0.00841302563917384,False
1803,641.9701666498593,48258.0699160997,48796.0699160997,47352.0699160997,47836.0699160997,0.004814896611875612,158.8054109295411,-0.00039837284915722904,-13.13917392484612,-0.04725563234948654,0.008430166508216402,False
1804,642.2496013177553,48178.07644604517,48668.07644604517,47264.07644604517,47713.07644604517,0.004394725152895027,144.94727303314207,-0.0002884813012826318,-9.514719689449606,-0.03408928638229635,0.008462520982323916,False
1805,642.5290413825002,47982.08296602495,48495.08296602495,47069.08296602495,47539.08296602495,0.004618609322574709,152.33144354241315,-0.0003035465857230838,-10.011604436763946,-0.03573182060510801,0.008495133485577015,False
1806,642.8084868197227,47873.089476054636,48439.089476054636,46971.089476054636,47487.089476054636,0.005104515529656101,168.35765160230252,-0.0003595969994474356,-11.860264896536307,-0.0426031480991802,0.008440620364727348,False
1807,643.0879376050514,47670.095976149816,48307.095976149816,46785.095976149816,47364.095976149816,0.005764903963169057,190.13865024274648,-0.000423176223917833,-13.957241359893828,-0.050679242957557935,0.008350089686071831,False
1808,643.367393714115,47524.1024663261,48190.1024663261,46627.1024663261,47243.1024663261,0.006043926150968225,199.3413884869319,-0.0003439441107331957,-11.343999725157914,-0.04071564732172732,0.008447467579611706,False
1809,643.6468551225421,47320.10894659908,48026.10894659908,46423.10894659908,47072.10894659908,0.006431665876697868,212.12985965084692,-0.00040223138112895074,-13.266436419713074,-0.0472511302993546,0.008512629826644481,False
1810,643.9263218059615,47107.11541698438,47844.11541698438,46217.11541698438,46888.11541698438,0.006742018158434815,222.36593024737795,-0.000482076796359387,-15.899906045049448,-0.05655049779556811,0.008524713577272304,False
1811,644.2057937400016,46910.12187749762,47676.12187749762,46015.12187749762,46732.12187749762,0.007034360026979744,232.00797955985584,-0.000319436016764184,-10.53567127128224,-0.037467412365824744,0.008525702646483056,False
1812,644.4852709002911,46769.12832815442,47497.12832815442,45878.12832815442,46556.12832815442,0.006708077308581876,221.2464896772731,-0.0003369125437321929,-11.112083865465564,-0.03953425924482738,0.008522040128430487,False
1813,644.7647532624587,46611.1347689704,47260.1347689704,45714.1347689704,46332.1347689704,0.006005279595229784,198.06674384556675,-0.00017347295798045195,-5.721502785605452,-0.02034656614365756,0.008525908340289007,False
1814,645.0442408021332,46510.141199961196,47091.141199961196,45610.141199961196,46157.141199961196,0.0053915572139433725,177.82488969724284,-0.00021407153574383182,-7.060529216405001,-0.024911513408000314,0.008593277021663522,False
1815,645.323733494943,46371.14762114245,46928.14762114245,45477.14762114245,45998.14762114245,0.005185567581301037,171.03091863287798,-0.00023844232411452358,-7.86432904303868,-0.027810421351183216,0.008573847950864608,False
1816,645.6032313165168,46349.154032529805,46873.154032529805,45447.154032529805,45944.154032529805,0.004882365820066314,161.03068723254387,-0.00015879877911717348,-5.237517522310554,-0.01843385342218836,0.008614518922344876,False
1817,645.8827342424834,46253.16043413892,46758.16043413892,45358.16043413892,45830.16043413892,0.004716003738956277,155.54371611282926,-0.00022005899058900012,-7.258008062526784,-0.025600132855292005,0.008596009709516409,False
1818,646.1622422484712,46062.166825985434,46578.166825985434,45161.166825985434,45649.166825985434,0.004838028131579727,159.5683370706708,-0.0001703270278959855,-5.617743398833397,-0.019658320841494856,0.00866437318168389,False
1819,646.441755310109,45932.17320808501,46454.17320808501,45038.17320808501,45541.17320808501,0.00490774104286242,161.8676154177982,-8.429334624558173e-05,-2.78017173954251,-0.009826261809693147,0.008578373737450216,False
1820,646.7212734030254,45768.179580453325,46308.179580453325,44877.179580453325,45393.179580453325,0.00509406999051239,168.0131357653464,-0.0001290206535052964,-4.255372347512406,-0.01499787717487864,0.008602594353913317,False
1821,647.0007965028492,45664.18594310604,46193.18594310604,44784.18594310604,45279.18594310604,0.0050021966898139885,164.98296119526782,-0.0002282707596178964,-7.528849465824209,-0.026651045395680556,0.00856517094278385,False
1822,647.2803245852087,45609.19229605883,46105.19229605883,44722.19229605883,45190.19229605883,0.0046974564368715875,154.9319871045825,-0.00017635171891732058,-5.816450372313739,-0.020464436537428136,0.008617472491597052,False
1823,647.5598576257329,45467.19863932737,45929.19863932737,44588.19863932737,45022.19863932737,0.004390671089792693,144.8135615105909,-0.00018389855864988855,-6.065361009770413,-0.02145785994180462,0.008570218984961022,False
1824,647.8393956000502,45414.20497292736,45850.20497292736,44543.20497292736,44924.20497292736,0.004149565745573396,136.86140046696283,-0.0004506278202337363,-14.862652708263525,-0.05218276853979146,0.008635567503286347,False
1825,648.1189384837895,45275.211296874484,45695.211296874484,44409.211296874484,44766.211296874484,0.004010204047241467,132.26495872471332,-0.0005329240115955567,-17.576954081820745,-0.061582035229412475,0.00865388760878472,False
1826,648.3984862525792,45218.21761118443,45653.21761118443,44357.21761118443,44736.21761118443,0.0041579522149673715,137.13800385551193,-0.00046298633775814597,-15.270262593199178,-0.05395711004931716,0.00858063631159959,False
1827,648.6780388820481,45050.22391587292,45483.22391587292,44197.22391587292,44566.22391587292,0.004154286599124579,137.01710414007698,-0.0005434402226082414,-17.923800825564342,-0.06338469237877357,0.00857368241784242,False
1828,648.9575963478247,44945.23021095565,45359.23021095565,44090.23021095565,44448.23021095565,0.003982066319239732,131.33691731113075,-0.0004699593521604599,-15.500247265112165,-0.05479794320545814,0.008576222476059096,False
1829,649.2371586255376,44827.23649644832,45280.23649644832,43976.23649644832,44377.23649644832,0.004366720122670533,144.0236082711769,-0.00042452572708674523,-14.001750810992178,-0.04973257817931721,0.008536169702605465,False
1830,649.5167256908159,44662.24277236666,45137.24277236666,43810.24277236666,44246.24277236666,0.004594498546302719,151.53621946132697,-0.00029376043822691884,-9.688836722351851,-0.03451234998648432,0.008511748355065966,False
1831,649.7962975192877,44492.2490387264,44958.2490387264,43650.2490387264,44063.2490387264,0.004525029235322904,149.24497556422403,-0.0004352380292493201,-14.355065053032831,-0.05111275591059616,0.008515252631077386,False
1832,650.0758740865818,44427.25529554324,44912.25529554324,43576.25529554324,44022.25529554324,0.004715380497603011,155.52316030297666,-0.00029299908187646866,-9.663725589581333,-0.034284631776656485,0.00854607638154551,False
1833,650.3554553683271,44191.26154283294,44699.26154283294,43342.26154283294,43812.26154283294,0.004963948709737099,163.72146241700656,-0.00027984562506049547,-9.229896935887552,-0.032674099553680315,0.008564754006479559,False
1834,650.6350413401518,44069.26778061122,44572.26778061122,43222.26778061122,43681.26778061122,0.004928896319034518,162.56536089327773,-0.0003412113743241959,-11.253868334314973,-0.0396808594956632,0.008598890716101742,False
1835,650.914631977685,43948.27400889382,44422.27400889382,43112.27400889382,43540.27400889382,0.00465896304224982,153.6623940387822,-0.000368736058492072,-12.161690273669677,-0.04325217352085496,0.008525260778265351,False
1836,651.1942272565551,43733.28022769651,44211.28022769651,42903.28022769651,43342.28022769651,0.00472103801614177,155.7097571562036,-0.00029978031532805396,-9.887384922625358,-0.03538715202673516,0.008471445091189269,False
1837,651.4738271523906,43567.286437035014,44074.286437035014,42739.286437035014,43193.286437035014,0.005024778797773276,165.72776658221736,-0.0004357964664236137,-14.373483484847867,-0.05096353868670911,0.008551142201930064,False
1838,651.7534316408206,43399.29263692511,43931.29263692511,42580.29263692511,43049.29263692511,0.0052913311351644385,174.51922294895,-0.0005339532235475756,-17.610899655349954,-0.06251658020976089,0.008540985795384374,False
1839,652.0330406974733,43264.29882738255,43839.29882738255,42448.29882738255,42959.29882738255,0.005733929741232308,189.11705529701985,-0.0005370354486066067,-17.712557916478403,-0.06290019975301413,0.008537897347152261,False
1840,652.3126542979776,43174.3050084231,43770.3050084231,42358.3050084231,42908.3050084231,0.005954217646944403,196.3826134614744,-0.00035143179990801496,-11.59095945288854,-0.041528139959193675,0.008462497965315528,False
1841,652.592272417962,43104.311180062534,43723.311180062534,42291.311180062534,42854.311180062534,0.006192334453114696,204.23620623849,-0.0004489656217077694,-14.807829907019652,-0.05285653348666192,0.008494042119146228,False
1842,652.8718950330552,43113.31734231663,43730.31734231663,42285.31734231663,42855.31734231663,0.006171188137227699,203.53875629204717,-0.0003560669767838677,-11.743837329162204,-0.041403714225187044,0.00859988006987214,False
1843,653.151522118886,43064.32349520117,43675.32349520117,42231.32349520117,42799.32349520117,0.0061185012076304425,201.80103060866045,-0.0003162888611476303,-10.431871463885898,-0.03660292511291056,0.008641081557606692,False
1844,653.4311536510828,43038.32963873194,43631.32963873194,42199.32963873194,42765.32963873194,0.005943040477988564,196.0139669354653,-0.0001567685140086237,-5.170555111515682,-0.01816923461880318,0.008628239840460057,False
1845,653.7107896052743,42962.33577292474,43582.33577292474,42131.33577292474,42714.33577292474,0.006222617301973703,205.23499824688136,-0.00025418866501167835,-8.38367646384134,-0.02952334782497429,0.008609750713862333,False
1846,653.9904299570893,42913.34189779535,43534.34189779535,42089.34189779535,42672.34189779535,0.006239646931790589,205.79667123366536,-0.0002653041756907719,-8.750289370280797,-0.03101937532164466,0.008552853593594074,False
1847,654.2700746821563,42805.34801335958,43404.34801335958,41983.34801335958,42558.34801335958,0.006035204694604899,199.05373652400792,-0.00012751205287531847,-4.205615527733244,-0.015028434992041984,0.008484719329912929,False
1848,654.549723756104,42813.354119633244,43377.354119633244,41985.354119633244,42531.354119633244,0.005683804877622081,187.46383193521888,-7.241534433963161e-05,-2.3884102697232947,-0.008501808354858465,0.00851764016748848,False
1849,654.8293771545609,42827.360216632136,43391.360216632136,42003.360216632136,42530.360216632136,0.005681958174411751,187.40292378166515,-0.00026693193567563136,-8.803976316050836,-0.031144570427974076,0.008570737435372455,False
1850,655.1090348531559,42806.36630437209,43374.36630437209,41979.36630437209,42513.36630437209,0.005724779313230918,188.8152549477958,-0.00023516301032787575,-7.7561703814027965,-0.02737615685189581,0.008590066589700688,False
1851,655.3886968275175,42812.37238286891,43393.37238286891,41973.37238286891,42528.37238286891,0.005854109033344632,193.08082096169625,-0.00014921136356649094,-4.921304405184998,-0.017210005834998432,0.008670035617480924,False
1852,655.6683630532743,42803.37845213843,43366.37845213843,41969.37845213843,42497.37845213843,0.005675106473031922,187.17694026822758,-0.0002455035942166674,-8.097224573441025,-0.02832212013633928,0.00866826328801808,False
1853,655.948033506055,42853.384512196484,43347.384512196484,42025.384512196484,42491.384512196484,0.004977770504895017,164.17733427403113,-0.00018858412695183305,-6.219900901196809,-0.022010994498381942,0.008567724051073481,False
1854,656.2277081614884,42984.3905630589,43429.3905630589,42148.3905630589,42578.3905630589,0.004472961379688659,147.52766824139965,-6.471576699867195e-05,-2.134462024895072,-0.0075583672748464475,0.008562135795390637,False
1855,656.5073869952029,42994.396604741516,43431.396604741516,42164.396604741516,42577.396604741516,0.004391936688816056,144.85530362660674,-0.00015872343359098554,-5.235032468484377,-0.01857428884729898,0.008545330316324151,False
1856,656.7870699828272,43016.40263726019,43417.40263726019,42193.40263726019,42563.40263726019,0.004029750539966663,132.90964314053235,-0.00023796111268309427,-7.848457678547945,-0.02796739472546273,0.008508519117314997,False
1857,657.06675709999,43050.408660630754,43435.408660630754,42218.408660630754,42578.408660630754,0.003866633517462965,127.52970087460442,-0.0001790669849026814,-5.906005551863117,-0.020906944355823152,0.008564952479667666,False
1858,657.3464483223199,42998.41467486907,43414.41467486907,42165.41467486907,42552.41467486907,0.004181506415958976,137.9148709139578,-0.00021367261079977516,-7.0473718332298745,-0.0248372647428106,0.008602904265520014,False
1859,657.6261436254457,42987.420679990995,43438.420679990995,42161.420679990995,42581.420679990995,0.004532639455458324,149.49597662058915,-0.00022772890507081513,-7.510977963910534,-0.026666100051919828,0.008540015398855438,False
1860,657.9058429849958,43012.4266760124,43469.4266760124,42187.4266760124,42613.4266760124,0.004589966980841629,151.38675890729814,-0.00022654377707989615,-7.471889951690741,-0.026576600764049198,0.008524181820360839,False
1861,658.1855463765991,43012.43266294914,43484.43266294914,42182.43266294914,42616.43266294914,0.004739802520375506,156.32864994787394,-0.00029433146004581405,-9.70767022219809,-0.03418662710581707,0.008609549550904124,False
1862,658.465253775884,43029.4386408171,43494.4386408171,42207.4386408171,42631.4386408171,0.0046680496691519,153.96209009364435,-0.0003270588557117678,-10.787088522596633,-0.038296339281073496,0.008540211985050073,False
1863,658.7449651584792,43107.44460963215,43570.44460963215,42289.44460963215,42707.44460963215,0.004639712835926147,153.02748177126443,-0.0003681081077747178,-12.140979139090604,-0.043284677908030145,0.00850435132165848,False
1864,659.0246805000136,43235.45056941017,43699.45056941017,42423.45056941017,42834.45056941017,0.004635987399696354,152.9046090537268,-0.0004487763056034962,-14.801585863967802,-0.05305695527037037,0.008458387845977945,False
1865,659.3043997761156,43240.45652016705,43699.45652016705,42427.45652016705,42833.45652016705,0.004585765325639235,151.2481794870558,-0.00044964043299474624,-14.830086601683433,-0.05309818875830302,0.008468093611280394,False
1866,659.5841229624137,43199.46246191868,43665.46246191868,42384.46246191868,42805.46246191868,0.004659721291496323,153.68740269273354,-0.0003672074640260923,-12.111274015153214,-0.04342943464380264,0.00845526696439491,False
1867,659.863850034537,43220.46839468095,43680.46839468095,42402.46839468095,42822.46839468095,0.004597817583669365,151.64568829012816,-0.0003172591944821815,-10.463875096851154,-0.03751456878872611,0.008456959648634542,False
1868,660.1435809681136,43199.47431846977,43631.47431846977,42387.47431846977,42782.47431846977,0.004321426107393296,142.52971644159751,-0.00029306744224340004,-9.665980258172794,-0.03494115955935624,0.008387456110194402,False
1869,660.4233157387727,43183.480233301045,43600.480233301045,42377.480233301045,42758.480233301045,0.004173632818162064,137.6551831087101,-0.0002865021314580685,-9.44944250852032,-0.03441152458127187,0.008325761062443437,False
1870,660.7030543221425,43197.48613919068,43614.48613919068,42388.48613919068,42776.48613919068,0.004172286082077675,137.6107649218756,-0.00021508583137302972,-7.093982818254233,-0.025857535068136567,0.008318110400170095,False
1871,660.9827966938518,43210.49203615458,43670.49203615458,42387.49203615458,42823.49203615458,0.004598873518619822,151.68051524431624,-0.00015451581852238445,-5.096256479327195,-0.01833200044165662,0.008428748352595022,False
1872,661.2625428295295,43227.497924208685,43735.497924208685,42405.497924208685,42887.497924208685,0.00507397667696011,167.35041604926036,-0.00016543368214144184,-5.456350570282524,-0.019646192813448492,0.008420648403093998,False
1873,661.5422927048038,43288.50380336889,43820.50380336889,42459.50380336889,42958.50380336889,0.00530479093638275,174.96315548495335,-0.0002305585146785017,-7.604304436468766,-0.02708330045806008,0.008512940106230174,False
1874,661.8220462953036,43352.50967365114,43908.50967365114,42519.50967365114,43027.50967365114,0.005534452876192706,182.53788899770225,-0.00037648964625743974,-12.417419895822007,-0.04370549282630662,0.008614240954876687,False
1875,662.1018035766575,43345.51553507137,43981.51553507137,42519.51553507137,43092.51553507137,0.006326017747917858,208.6453622966429,-0.0005124784366204197,-16.90261604357312,-0.05950676138647376,0.008612104316887075,False
1876,662.3815645244941,43289.5213876455,43979.5213876455,42461.5213876455,43105.5213876455,0.00686771454357369,226.51166123672127,-0.00033036281679590853,-10.896060103911196,-0.038628015840960296,0.008552414862727665,False
1877,662.6613291144423,43142.52723138948,43848.52723138948,42327.52723138948,42968.52723138948,0.007049429119652482,232.50498991067565,-0.0005218586379977901,-17.211994801709096,-0.06108172405295603,0.00854361343084151,False
1878,662.9410973221303,43075.533066319265,43760.533066319265,42255.533066319265,42879.533066319265,0.006851943075830246,225.99148507971256,-0.00048548041694444505,-16.012164606183518,-0.05651813932780679,0.008589815990378682,False
1879,663.2208691231871,43077.538892450786,43733.538892450786,42251.538892450786,42871.538892450786,0.006563738416631302,216.48588962767067,-0.000237196956071971,-7.823254187294424,-0.02781732641278191,0.008526950165957729,False
1880,663.5006444932411,42979.5447098,43603.5447098,42150.5447098,42740.5447098,0.006259985652885991,206.46748500635792,-0.00022312426099905906,-7.3591071236944,-0.02603495201025717,0.008570181381980395,False
1881,663.7804234079211,43029.55051838287,43593.55051838287,42189.55051838287,42733.55051838287,0.00565543247007696,186.52805029701082,-9.1353276555327e-05,-3.01302308077544,-0.010613110216370064,0.00860758766213699,False
1882,664.0602058428558,43060.556318215364,43596.556318215364,42219.556318215364,42735.556318215364,0.005372549439226539,177.1979733336977,-9.685262767292462e-05,-3.194403239992596,-0.01124311085224175,0.008614397647214632,False
1883,664.3399917736738,43139.56210931344,43665.56210931344,42313.56210931344,42810.56210931344,0.005263322771554478,173.5954482449255,-0.00019197990281003257,-6.331900726749836,-0.022606788710355322,0.008492135051542893,False
1884,664.6197811760036,43192.56789169307,43675.56789169307,42366.56789169307,42824.56789169307,0.00482953604444391,159.2882501869926,-0.00015982980687618067,-5.2715229849709715,-0.01887978956933948,0.008465656160476603,False
1885,664.899574025474,43171.573665370226,43655.573665370226,42345.573665370226,42785.573665370226,0.004841819935179721,159.69339872357853,-0.00035248131814124943,-11.625574770254985,-0.04114840331920084,0.008566099525343505,False
1886,665.1793702977136,43164.5794303609,43625.5794303609,42329.5794303609,42751.5794303609,0.004613694495022383,152.16934219901773,-0.00030548391698834686,-10.07550169406494,-0.035372073584025186,0.008636302202150517,False
1887,665.4591699683509,43282.58518668106,43715.58518668106,42444.58518668106,42831.58518668106,0.004323103868688579,142.58505253568558,-0.0003812495944728869,-12.574412993138594,-0.043915055419157224,0.008681523701472389,False
1888,665.7389730130149,43413.59093434671,43817.59093434671,42572.59093434671,42934.59093434671,0.004022786838973972,132.6799656444451,-0.000345539190802329,-11.396608818615803,-0.03986194538153736,0.008668397578066285,False
1889,666.0187794073339,43390.596673373824,43796.596673373824,42555.596673373824,42922.596673373824,0.004044741604563007,133.40407996138165,-0.00031543830491797967,-10.403818331605706,-0.036693134996039385,0.008596657248066368,False
1890,666.2985891269367,43452.602403778415,43843.602403778415,42621.602403778415,42975.602403778415,0.0038904389567133726,128.31485429891572,-0.0002982393410381253,-9.836560351493276,-0.03494253312672959,0.008535137963709465,False
1891,666.5784021474519,43463.60812557648,43816.60812557648,42626.60812557648,42948.60812557648,0.003512979105854941,115.86543501603185,-0.00024466172868495804,-8.069458078646349,-0.028557520937094814,0.008567330799612739,False
1892,666.8582184445082,43456.61383878402,43785.61383878402,42627.61383878402,42926.61383878402,0.0032755596843597485,108.03484345146846,-0.00023995098800647097,-7.914087949330465,-0.028279981221020586,0.008484835478890444,False
1893,667.1380379937343,43569.61954341705,43840.61954341705,42732.61954341705,42992.61954341705,0.0026929152218005997,88.81800438698774,-5.852393329870264e-05,-1.9302423345478843,-0.006923030789339826,0.008453513364236161,False
1894,667.4178607707587,43621.62523949158,43851.62523949158,42773.62523949158,43010.62523949158,0.0022838515886129704,75.32622593333011,0.0001158442416103701,3.820786587064333,0.013680462276877848,0.008467860169181947,False
1895,667.69768675121,43577.63092702362,43849.63092702362,42739.63092702362,42997.63092702362,0.0027023259726383746,89.12839073054127,-8.856593138807916e-05,-2.921090578300621,-0.010447629395478258,0.008477131800483904,False
1896,667.977515910717,43511.636606029206,43815.636606029206,42680.636606029206,42957.636606029206,0.0030237072786441404,99.72822172991074,-0.0002142159960405181,-7.065293820637947,-0.02525644116596124,0.008481638194110363,False
1897,668.2573482249082,43498.642276524355,43831.642276524355,42674.642276524355,42967.642276524355,0.0033120415016648854,109.23809046913226,-0.00034040709627429803,-11.227341553677462,-0.0401612154847111,0.00847601578203944,False
1898,668.5371836694126,43504.6479385251,43875.6479385251,42684.6479385251,43014.6479385251,0.003687884536508866,121.63418376139381,-0.00034321557694077555,-11.319971149342607,-0.04068674440764808,0.008435562538551492,False
1899,668.8170222198584,43479.65359204747,43870.65359204747,42670.65359204747,42996.65359204747,0.003888029293684008,128.23537854721712,-0.0005826683765045391,-19.217627796665624,-0.06897022736340208,0.008448114480389875,False
1900,669.0968638518744,43452.65923710752,43803.65923710752,42651.65923710752,42942.65923710752,0.00349403202075254,115.24052032353721,-0.0005410280503040832,-17.844242312708644,-0.06478646179690273,0.008350943010287194,False
1901,669.3767085410893,43499.66487372127,43816.66487372127,42691.66487372127,42970.66487372127,0.0031534068374015427,104.00598579966221,-0.00032442496738263214,-10.700217349201282,-0.039063662493665,0.008305032008589685,False
1902,669.6565562631317,43507.67050190477,43841.67050190477,42691.67050190477,42986.67050190477,0.003321262925076853,109.54223239622596,-0.0003306032801853741,-10.903991091937684,-0.03941391584208653,0.008387983612436523,False
1903,669.9364069936304,43543.676121674085,43898.676121674085,42719.676121674085,43041.676121674085,0.0035263321301331365,116.30584582411046,-0.0002651083587132865,-8.743830914765937,-0.031449346297998636,0.008429693774911862,False
1904,670.2162607082138,43518.68173304526,43914.68173304526,42702.68173304526,43056.68173304526,0.003934008346355091,129.75186434995965,-0.00034860114226683723,-11.497598413982885,-0.0415254358525995,0.008394882199533006,False
1905,670.4961173825106,43544.68733603436,43977.68733603436,42711.68733603436,43106.68733603436,0.004297210755866454,141.7310432487944,-0.0002992899739823517,-9.87121243437133,-0.035053492571795596,0.008538092841087211,False
1906,670.7759769921496,43467.69293065744,43952.69293065744,42633.69293065744,43093.69293065744,0.004818898537860144,158.93740286035757,-0.00015813868769707588,-5.215746319796807,-0.01862052815835724,0.008492706885228725,False
1907,671.0558395127592,43506.69851693056,43951.69851693056,42670.69851693056,43106.69851693056,0.004419534745943913,145.76554556040787,-4.524932330999404e-06,-0.14924177945593442,-0.000536852105811965,0.00842863850586121,False
1908,671.3357049199684,43514.704094869805,43923.704094869805,42669.704094869805,43070.704094869805,0.004062922513487982,134.0037245530811,-5.822306068433564e-07,-0.01920318923308173,-6.836344783072702e-05,0.008516694598040208,False
1909,671.6155731894055,43525.709664491245,43922.709664491245,42681.709664491245,43065.709664491245,0.003943263815199776,130.05712916698613,-5.3462880905977284e-05,-1.7633181885588556,-0.006267052921016516,0.008530784976570073,False
1910,671.8954442966993,43539.715225810956,44000.715225810956,42700.715225810956,43143.715225810956,0.004574151758413061,150.86513962880392,-9.176047573352004e-05,-3.0264533655843877,-0.010800032195661485,0.008496315017503506,False
1911,672.1753182174784,43477.720778845025,44037.720778845025,42642.720778845025,43185.720778845025,0.005558064382799739,183.31664611579848,-6.279857652886651e-05,-2.071229053363197,-0.007428916608975741,0.008453261738460251,False
1912,672.4551949273715,43404.726323609524,44000.726323609524,42572.726323609524,43146.726323609524,0.005922823237061199,195.34715983405988,-0.00010643615130068434,-3.5104879933194866,-0.012582923814730066,0.00845877737701042,False
1913,672.7350744020073,43380.73186012056,43985.73186012056,42539.73186012056,43123.73186012056,0.006014947850484143,198.3856232260405,-9.33589774148218e-05,-3.079175311003638,-0.01092070377120786,0.008548805953418517,False
1914,673.0149566170143,43425.73738839422,44026.73738839422,42589.73738839422,43155.73738839422,0.005969301462638849,196.88010940849722,-0.00023572198992638082,-7.774606703508425,-0.02753729233323802,0.00856010050203302,False
1915,673.294841548021,43392.742908446606,43996.742908446606,42561.742908446606,43140.742908446606,0.006003423447361661,198.00552418734682,-0.00013520787721333673,-4.459439990635786,-0.015972006514100166,0.00846530315987378,False
1916,673.5747291706565,43318.74842029381,43951.74842029381,42485.74842029381,43096.74842029381,0.006300255829254061,207.7956800688569,-9.902434575822811e-05,-3.2660310672877984,-0.011674453905255613,0.0084821394269799,False
1917,673.8546194605491,43244.75392395195,43885.75392395195,42412.75392395195,43022.75392395195,0.006390133425589293,210.7600321141682,-0.0001883996859822351,-6.213817650333851,-0.022083719754680344,0.00853115725408109,False
1918,674.1345123933276,43037.75941943712,43651.75941943712,42218.75941943712,42802.75941943712,0.006152099459518428,202.90917157775743,-0.00018579893176731178,-6.128039309671436,-0.022021696250641123,0.008437085393088309,False
1919,674.4144079446205,42943.76490676545,43515.76490676545,42117.76490676545,42668.76490676545,0.005746505182023814,189.5318197672662,-0.00010174937342381438,-3.3559082075695414,-0.011990722113509225,0.008485675212936465,False
1920,674.6943060900566,42896.770385953045,43467.770385953045,42072.770385953045,42613.770385953045,0.005742768046129504,189.40856117020064,-0.00019391674606887132,-6.395781888573225,-0.02275899423170219,0.008520444449111665,False
1921,674.9742068052644,42815.77585701603,43405.77585701603,42001.77585701603,42550.77585701603,0.005943705226201671,196.0358917288008,-0.000303874932553406,-10.022434005396462,-0.035800100900117565,0.008488102684437074,False
1922,675.2541100658726,42737.78131997053,43339.78131997053,41930.78131997053,42492.78131997053,0.006074743122203161,200.35779697397967,-0.000292539751009473,-9.648575892097512,-0.03472163431290901,0.008425287484256203,False
1923,675.53401584751,42724.786774832675,43309.786774832675,41920.786774832675,42461.786774832675,0.005906141612986988,194.79696480815974,-0.00033730141019686424,-11.124909498848126,-0.04006369075701744,0.00841912973626334,False
1924,675.813924125805,42737.79222161859,43301.79222161859,41936.79222161859,42460.79222161859,0.0056937884539023835,187.79311126591716,-0.0003009034746079527,-9.924429076500616,-0.03596171965208965,0.008367327188995199,False
1925,676.0938348763865,42641.79766034442,43193.79766034442,41844.79766034442,42362.79766034442,0.005585884457349434,184.23421065084128,-0.00024272322766199887,-8.00552224027777,-0.029189622667374356,0.0083153944957738,False
1926,676.3737480748828,42656.8030910263,43170.8030910263,41853.8030910263,42332.8030910263,0.005201823571170152,171.5670753480324,-0.00025972384437750965,-8.566238313994432,-0.030981322803191623,0.008383239348022722,False
1927,676.6536636969229,42663.80851368037,43130.80851368037,41860.80851368037,42276.80851368037,0.0047279778888266975,155.938648744615,-0.00043339520245413467,-14.294284751798642,-0.05117607795291416,0.008468706860515783,False
1928,676.9335817181353,42572.81392832279,42963.81392832279,41760.81392832279,42120.81392832279,0.003970470415621977,130.95446003581247,-0.0002426702425733845,-8.00377468068325,-0.028600796708435506,0.008484737157752373,False
1929,677.2135021141485,42533.81933496969,42864.81933496969,41720.81933496969,42021.81933496969,0.003366615571642803,111.03805800894713,-0.00024459304923955035,-8.067192886176088,-0.02876262563514685,0.008503849834233034,False
1930,677.4934248605913,42485.82473363724,42754.82473363724,41679.82473363724,41927.82473363724,0.0027410772719592006,90.40649003541921,-0.00016463006688144594,-5.429845649849071,-0.019597687917698264,0.008400484157764955,False
1931,677.7733499330924,42450.83012434159,42685.83012434159,41648.83012434159,41862.83012434159,0.0023975444220949095,79.0760545581674,-0.00017176607499788188,-5.665206197058367,-0.020523440184426242,0.008369263313283255,False
1932,678.0532773072804,42362.83550709891,42593.83550709891,41551.83550709891,41783.83550709891,0.0023617279574339274,77.89475226924556,5.636213222731494e-05,1.8589415912166771,0.00673654151801293,0.008366627308182911,False
1933,678.3332069587839,42308.84088192535,42543.84088192535,41497.84088192535,41737.84088192535,0.0024055683819022107,79.34070161857109,9.89095608022357e-05,3.262245218166967,0.011836707972942903,0.008356171414241987,False
1934,678.6131388632315,42286.8462488371,42483.8462488371,41471.8462488371,41671.8462488371,0.0020185317456350763,66.57541982298818,7.084055195374006e-05,2.3364703067023527,0.008416859267784084,0.008416506644572939,False
1935,678.8930729962518,42220.851607850316,42424.851607850316,41410.851607850316,41612.851607850316,0.0020933430162315366,69.0428527767778,1.9972941826528704e-05,0.6587496035554921,0.002376927357713735,0.008402840651276708,False
1936,679.1730093334737,42220.85695898118,42462.85695898118,41409.85695898118,41643.85695898118,0.0024821667792748695,81.8670777698901,-3.495104686138204e-05,-1.1527589908264275,-0.004140732132917571,0.008440789150192007,False
1937,679.4529478505257,42124.86230224587,42417.86230224587,41313.86230224587,41588.86230224587,0.003010283694085918,99.28548369548274,-0.00012904134298322243,-4.256054729982623,-0.015168455129520185,0.008507217240079235,False
1938,679.7328885230364,42016.867637660565,42303.867637660565,41213.867637660565,41480.867637660565,0.0029564020576747473,97.50835407015961,-0.00015194227615887308,-5.011375642722314,-0.01796799831580154,0.00845627172756639,False
1939,680.0128313266345,41958.87296524146,42228.87296524146,41162.87296524146,41404.87296524146,0.002785676486491205,91.87746587598473,-0.00023989872827471538,-7.912364313529878,-0.02843047091538013,0.00843808493319527,False
1940,680.2927762369486,41901.878285004736,42191.878285004736,41104.878285004736,41380.878285004736,0.002995368601801954,98.79355260118574,-8.903108785673604e-05,-2.9364324163723694,-0.010618355475629879,0.008384639981310735,False
1941,680.5727232296074,41816.883596966596,42162.883596966596,41028.883596966596,41353.883596966596,0.00357864152304994,118.03111955421282,-0.0001520404594777887,-5.0146139349565715,-0.018234678238425995,0.008337984223784841,False
1942,680.8526722802396,41777.888901143226,42204.888901143226,40980.888901143226,41391.888901143226,0.004416270731010709,145.657891487116,-8.239932174448558e-05,-2.7177028303523514,-0.009802072808140301,0.008406316026958668,False
1943,681.1326233644737,41630.894197550835,42124.894197550835,40835.894197550835,41320.894197550835,0.005123083813456903,168.97007263164923,4.5574857031830535e-06,0.15031545809608815,0.0005444120236519801,0.008371390610756356,False
1944,681.4125764579384,41551.89948620563,42071.89948620563,40759.89948620563,41264.89948620563,0.005401238504794459,178.14419901909687,-5.355128732855742e-05,-1.7662340182014589,-0.006386898297339476,0.008384553007657053,False
1945,681.6925315362623,41421.9047671238,41940.9047671238,40642.9047671238,41127.9047671238,0.005407729169153406,178.35827477270408,-0.0002558835424572104,-8.439577084541895,-0.030559578679087117,0.00837326800687601,False
1946,681.9724885750742,41355.91004032158,41857.91004032158,40582.91004032158,41053.91004032158,0.005239958326724076,172.824839743534,-0.0002286173547914475,-7.540280903173539,-0.027515400686229968,0.008308705273765416,False
1947,682.2524475500026,41266.915305815164,41753.915305815164,40491.915305815164,40955.915305815164,0.005095199291429981,168.05038248334213,-0.00014688285035030762,-4.844505144897909,-0.017681543512488608,0.008307128291518393,False
1948,682.5324084366763,41127.92056362078,41607.92056362078,40351.92056362078,40808.92056362078,0.005039259584589852,166.20537336931167,-0.00014836212484702592,-4.893294727160026,-0.017774894651697713,0.008346723159501572,False
1949,682.8123712107238,41045.92581375465,41480.92581375465,40282.92581375465,40686.92581375465,0.00457838498712727,151.0047604098318,-0.0002445144617180227,-8.064600904529073,-0.029561769939753083,0.008271306563048945,False
1950,683.0923358477737,40959.931056232985,41372.931056232985,40195.931056232985,40581.931056232985,0.004357072519007847,143.7054100236051,-0.00020645645620244544,-6.8093678866168545,-0.024933293031117684,0.00828035253685825,False
1951,683.3723023234547,40793.93629107203,41190.93629107203,40027.93629107203,40405.93629107203,0.004206050495005624,138.72438623133277,-0.00012407563929265567,-4.092275384608996,-0.014958872581516302,0.00829445124400403,False
1952,683.6522706133954,40771.94151828801,41158.94151828801,39990.94151828801,40376.94151828801,0.004102804907189845,135.319129728149,6.898493520197772e-05,2.2752681658164136,0.008246586853778748,0.008365271163107616,False
1953,683.9322406932248,40689.94673789716,41124.94673789716,39911.94673789716,40330.94673789716,0.004618227117851195,152.31883762725656,-8.272163203278549e-05,-2.7283333011404807,-0.009817926144700192,0.00842557081949933,False
1954,684.2122125385711,40563.95194991571,41047.95194991571,39792.95194991571,40263.95194991571,0.005151233669120595,169.8985140410149,-4.099204974958911e-05,-1.3520039639629715,-0.004906525616276398,0.008354598132251943,False
1955,684.4921861250632,40490.95715435991,40982.95715435991,39732.95715435991,40202.95715435991,0.005245248967371413,172.99933619274302,-0.00013813884045609046,-4.556109319118747,-0.016691047541977356,0.00827622353292545,False
1956,684.7721614283295,40374.962351245995,40902.962351245995,39624.962351245995,40125.962351245995,0.005642632068512042,186.1058661476012,-0.0001860333257477642,-6.135770115831065,-0.022587044810589776,0.008236284441271564,False
1957,685.0521384239989,40174.96754059022,40729.96754059022,39432.96754059022,39951.96754059022,0.0059585294319372374,196.52482519369275,-0.00027981854506013096,-9.229003780554791,-0.03397512603928446,0.008235982546071642,False
1958,685.3321170876999,40144.972722408835,40739.972722408835,39416.972722408835,39958.972722408835,0.006389566722381976,210.74134105120933,-0.00045851881343162305,-15.122914250399617,-0.05607311429330907,0.008177159753124963,False
1959,685.6120973950613,39975.97789671809,40620.97789671809,39243.97789671809,39843.97789671809,0.006951277957118697,229.2677582615171,-0.00036160988820346275,-11.926654198700703,-0.044061804284654386,0.008206878816567263,False
1960,685.8920793217114,39889.983063534244,40523.983063534244,39164.983063534244,39749.983063534244,0.006848273258026624,225.87044677477712,-0.0004092683802277971,-13.498531441410307,-0.050090719611885645,0.00817054303469589,False
1961,686.1720628432794,39765.988222873566,40339.988222873566,39026.988222873566,39572.988222873566,0.006223987529437555,205.2801912287882,-0.00019017907075194896,-6.272505500216056,-0.023074854808533125,0.008241831739787172,False
1962,686.4520479353932,39762.9933747523,40277.9933747523,39007.9933747523,39508.9933747523,0.0055887553063607084,184.32889728561295,-4.640078117997947e-05,-1.5303952954179465,-0.005557871011420605,0.008348661040285518,False
1963,686.7320345736822,39701.99851918673,40158.99851918673,38941.99851918673,39382.99851918673,0.004970505053792747,163.93770442506647,-7.996186455431781e-05,-2.637310368808585,-0.009480766576099874,0.008434113835888988,False
1964,687.0120227337748,39696.00365619312,40129.00365619312,38943.00365619312,39349.00365619312,0.004711590049318451,155.39814335122074,-0.00020729526178974843,-6.837033458013167,-0.024616497914685027,0.008420989147529633,False
1965,687.2920123912992,39615.008785787744,40017.008785787744,38871.008785787744,39246.008785787744,0.00438486604147523,144.6220988151621,-0.0002151809506297205,-7.097120051275738,-0.025796324071798105,0.008341535407557063,False
1966,687.5720035218847,39581.013907986875,39991.013907986875,38834.013907986875,39213.013907986875,0.004475500204435599,147.61140401803533,-0.00025755861029484826,-8.49482434273537,-0.030649288419813084,0.008403412397931912,False
1967,687.8519961011594,39472.01902280679,39863.01902280679,38724.01902280679,39096.01902280679,0.004280845424734463,141.19128022896058,-0.00012873288611639847,-4.245881174154022,-0.015374242655656033,0.008373283094308317,False
1968,688.1319901047524,39387.02413026378,39739.02413026378,38649.02413026378,38981.02413026378,0.003864028836200401,127.44379301165637,-0.0001493165491291467,-4.924773646136131,-0.01801317892680905,0.008289294728923088,False
1969,688.4119855082921,39321.02923037412,39673.02923037412,38574.02923037412,38910.02923037412,0.003870485260242083,127.65673944762881,-0.00010393344348804843,-3.427943429093119,-0.012399838509981718,0.008381838473491674,False
1970,688.6919822874072,39260.03432315411,39598.03432315411,38501.03432315411,38834.03432315411,0.003722952801983265,122.79080886846518,1.7160417549895706e-05,0.5659866411279069,0.0020260956046044736,0.00846969783207525,False
1971,688.9719804177263,39185.03940862004,39528.03940862004,38426.03940862004,38770.03940862004,0.0037849859873730304,124.83679371324725,8.563264935876553e-05,2.824344771362945,0.010131825851441567,0.008451847733504186,False
1972,689.2519798748781,39150.044486788196,39517.044486788196,38398.044486788196,38757.044486788196,0.004052195988573648,133.64994121479188,-1.065196964413536e-05,-0.35132434876663865,-0.0012638069516597767,0.008428478439801244,False
1973,689.5319806344912,39108.04955767488,39435.04955767488,38365.04955767488,38687.04955767488,0.0036162340858072036,119.27100129161863,1.361218332494819e-05,0.4489584181797426,0.001635374623350786,0.008323587226184072,False
1974,689.8119826721942,39030.05462129639,39291.05462129639,38289.05462129639,38549.05462129639,0.0028945269153474095,95.46758181777494,4.456144493899172e-05,1.4697301199981467,0.005367403572473993,0.008302234839861696,False
1975,690.0919859636159,38911.059677669036,39154.059677669036,38177.059677669036,38428.059677669036,0.002703740180749586,89.17503428664317,0.00014223946058517477,4.691356390272674,0.01734741451106207,0.008199461683150059,False
1976,690.3719904843848,38841.06472680911,39085.06472680911,38109.06472680911,38353.06472680911,0.0027197090537014967,89.70172128236288,5.2073894098991595e-05,1.7175064840842822,0.00632210324565941,0.008236799064416444,False
1977,690.6519962101296,38738.069768732945,39020.069768732945,38009.069768732945,38289.069768732945,0.0031500645864390615,103.89575133767659,3.750988312670829e-05,1.2371547894016857,0.004556604556345267,0.008231981218224032,False
1978,690.932003116479,38608.07480345684,38930.07480345684,37889.07480345684,38196.07480345684,0.003607092193610565,118.96948247117707,-0.00010235755862365555,-3.3759674338349015,-0.012459344963962041,0.008215324234116566,False
1979,691.2120111790616,38510.07983099711,38840.07983099711,37787.07983099711,38114.07983099711,0.0037056949640334493,122.22160909777512,3.6413189823079894e-05,1.2009835390540218,0.004433668158371535,0.008212881190561246,False
1980,691.492020373506,38460.08485137007,38770.08485137007,37738.08485137007,38050.08485137007,0.0034865134435131608,114.99254184251227,8.925951302372198e-05,2.943966358517727,0.010904253708777206,0.008185751671558592,False
1981,691.7720306754409,38421.08986459205,38730.08986459205,37707.08986459205,37994.08986459205,0.003478824638535025,114.738948892853,-0.00018579502037562035,-6.127910303751946,-0.022549139161068224,0.008239561565897873,False
1982,692.052042060495,38413.09487067937,38710.09487067937,37700.09487067937,37970.09487067937,0.0033449368259858957,110.32304740955212,-0.0002456976633419491,-8.10362538111633,-0.029746543626391106,0.008259704603931408,False
1983,692.3320545042967,38299.09986964836,38582.09986964836,37596.09986964836,37843.09986964836,0.003197293848528692,105.45347167491994,-0.0003533845620631061,-11.655365653371021,-0.04297793597410365,0.008222464714825718,False
1984,692.6120679824749,38243.10486151534,38548.10486151534,37534.10486151534,37806.10486151534,0.003449887402331756,113.78453801825786,-0.0003140157940419307,-10.356900932867461,-0.037905892289564536,0.00828408922927212,False
1985,692.8920824706581,38080.109846296655,38414.109846296655,37369.109846296655,37676.109846296655,0.0037925814360153715,125.08730757472172,-0.00023927983314928807,-7.89195185140693,-0.028811263160707697,0.008305079573033568,False
1986,693.1720979444751,37988.11482400863,38319.11482400863,37281.11482400863,37588.11482400863,0.0037677262242882983,124.26753044756111,-0.00020607202166929902,-6.796688427651688,-0.02494248733731308,0.008261887392482407,False
1987,693.4521143795545,37883.11979466762,38188.11979466762,37180.11979466762,37464.11979466762,0.003482538932686538,114.8614541212289,-0.00017779020209582764,-5.863894571159989,-0.021618858811861753,0.008223847689790101,False
1988,693.7321317515248,37742.12475828995,38049.12475828995,37039.12475828995,37332.12475828995,0.0035183252945634653,116.04176355705808,-9.633245783475077e-05,-3.177246945358803,-0.011728128224500041,0.008213796437995316,False
1989,694.0121500360148,37603.12971489197,37978.12971489197,36910.12971489197,37250.12971489197,0.004309580664254044,142.1390288283408,-0.00032736270656534474,-10.797110162426748,-0.0397183482506607,0.008242102730440185,False
1990,694.292169208653,37602.134664490026,38019.134664490026,36909.134664490026,37291.134664490026,0.004789727446162272,157.97527893999796,-0.00031799279342163873,-10.488070731862393,-0.03860244467872755,0.008237633550625185,False
1991,694.5721892450682,37485.139607100464,37928.139607100464,36794.139607100464,37209.139607100464,0.005102408236832389,168.28814865555324,-0.00023143221363851243,-7.633120864641029,-0.028236536603138147,0.008196196895223742,False
1992,694.852210120889,37370.14454273965,37829.14454273965,36684.14454273965,37102.14454273965,0.005301742748748582,174.86261984964176,-0.00038112571584922143,-12.570327215743475,-0.04627027836157675,0.008236944521295805,False
1993,695.132231811744,37225.14947142392,37657.14947142392,36544.14947142392,36929.14947142392,0.0050109919239771875,165.2730465051088,-0.00045954511819795967,-15.156763938834217,-0.055713484986499986,0.008248364257043204,False
1994,695.4122542932618,37149.15439316964,37583.15439316964,36471.15439316964,36865.15439316964,0.00504429549077887,166.37146814064639,-0.0003777483179575802,-12.458933534157126,-0.046132709369717646,0.008188296831435205,False
1995,695.6922775410711,37080.15930799318,37529.15930799318,36400.15930799318,36812.15930799318,0.0052272445344457,172.4055121504429,-0.00033923610186652534,-11.188719696737905,-0.041330312002445135,0.008207925017513922,False
1996,695.9723015308007,37030.16421591089,37440.16421591089,36344.16421591089,36718.16421591089,0.004782106925879361,157.72393816311822,-0.00033583321844894275,-11.076485448936666,-0.040516171594305914,0.008288868499513914,False
1997,696.2523262380789,37002.16911693914,37369.16911693914,36313.16911693914,36656.16911693914,0.004286257916329406,141.3697955785462,-0.00020333464857673778,-6.706404109238832,-0.02460278988830737,0.00826469882073715,False
1998,696.5323516385348,36901.17401109431,37287.17401109431,36221.17401109431,36572.17401109431,0.004519286039143062,149.05555288230408,-0.0003310312406668752,-10.918106128168944,-0.040158213861959974,0.008243176397355806,False
1999,696.8123777077966,36783.17889839275,37177.17889839275,36099.17889839275,36470.17889839275,0.00462717189715183,152.61385525006656,-0.00018660189866841724,-6.15452284586587,-0.022631478807970548,0.008245236656947852,False
2000,697.0924044214933,36754.18377885084,37143.18377885084,36078.18377885084,36440.18377885084,0.0045723445782830325,150.8055350295141,-0.00023645248331244893,-7.798699910841208,-0.028904961930711813,0.008180342319054078,False
2001,697.3724317552532,36663.18865248497,37047.18865248497,35985.18865248497,36347.18865248497,0.004525023364715785,149.24478193926151,-0.00017798208392637033,-5.870223237257193,-0.0217172071305699,0.008195440733069057,False
2002,697.6524596847053,36584.193519311506,36959.193519311506,35895.193519311506,36259.193519311506,0.004429000315515898,146.07773994104187,-4.715912854502853e-05,-1.5554071855251834,-0.005695019949534227,0.008280766171659414,False
2003,697.932488185478,36438.19837934683,36833.19837934683,35746.19837934683,36126.19837934683,0.004682536154487734,154.43988482988183,-9.013494469459378e-05,-2.972839935136335,-0.010766106622261087,0.0083721021774224,False
2004,698.2125172332,36421.20323260733,36821.20323260733,35728.20323260733,36110.20323260733,0.004743686841476241,156.45676302242322,-0.0001249302758032497,-4.120463093131178,-0.01486278172843214,0.008405578315414611,False
2005,698.4925468035,36352.2080791094,36717.2080791094,35664.2080791094,36003.2080791094,0.004338855097502267,143.1045611702497,-0.00023023962583053423,-7.593786811974496,-0.02736605059444495,0.008413330415945029,False
2006,698.7725768720065,36320.212918869416,36591.212918869416,35636.212918869416,35895.212918869416,0.0032284198319701097,106.48007203406556,-8.343114901095258e-05,-2.7517346624493797,-0.010053694409504698,0.00829855629310528,False
2007,699.0526074143484,36266.21775190378,36515.21775190378,35589.21775190378,35827.21775190378,0.002971629981144231,98.01060299451045,-7.698903154453995e-05,-2.5392600874010185,-0.0093634229254624,0.008222317004946987,False
2008,699.3326384061542,36290.22257822887,36554.22257822887,35615.22257822887,35870.22257822887,0.0031479200632253176,103.82502045440764,-4.951136264064095e-05,-1.632988810275947,-0.006053677602333448,0.008178724717939442,False
2009,699.6126698230524,36251.22739786111,36484.22739786111,35584.22739786111,35796.22739786111,0.0027824383775201422,91.7706662357773,-0.00020272097047301704,-6.686163715457681,-0.024823375782595542,0.008166535133998622,False
2010,699.8927016406719,36204.232210816874,36434.232210816874,35535.232210816874,35746.232210816874,0.0027502801843564077,90.71002143033692,-0.0001791656857887962,-5.909260914551481,-0.0218767749037203,0.0081897668453099,False
2011,700.1727338346412,36160.23701711258,36417.23701711258,35486.23701711258,35721.23701711258,0.0030757242476534157,101.44385070488254,-0.00020918319540666822,-6.899301477040453,-0.02527615295906099,0.008275911122451103,False
2012,700.4527663805891,36116.241816764625,36380.241816764625,35446.241816764625,35686.241816764625,0.0031630292749408708,104.32335401558774,-0.0002324111986892214,-7.665409849390656,-0.028175966084669532,0.00824856184135158,False
2013,700.7327992541439,36066.246609789414,36331.246609789414,35390.246609789414,35640.246609789414,0.003179351841594614,104.86170657304021,-0.00012224034248154575,-4.031743438077214,-0.014766038553219653,0.0082784791629094,False
2014,701.0128324309346,35979.251396203355,36259.251396203355,35306.251396203355,35575.251396203355,0.003366710527297436,111.04118984602893,-7.034202793160249e-05,-2.320027936579919,-0.008541126879476045,0.008235684696434063,False
2015,701.2928658865898,35877.25617602287,36201.25617602287,35207.25617602287,35516.25617602287,0.003904419092194066,128.77594855260884,-0.00010941954077396286,-3.6088864490824335,-0.013276249131609753,0.008241751091687722,False
2016,701.5728995967379,35786.26094926437,36143.26094926437,35123.26094926437,35449.26094926437,0.004311008860872061,142.1861337548003,-0.00029865378726529144,-9.8502296592103,-0.03610932781369568,0.008270821013511554,False
2017,701.8529335370077,35700.26571594426,36050.26571594426,35044.26571594426,35370.26571594426,0.0042370215603404985,139.74587706569446,-0.0002156637583777656,-7.113044065643777,-0.026421883584330424,0.008162315820120622,False
2018,702.132967683028,35732.27047607897,36047.27047607897,35079.27047607897,35372.27047607897,0.0038117724965869293,125.72026909101328,-0.00019938829238830584,-6.5762449871026405,-0.02458623229171268,0.008109753866415471,False
2019,702.4130020104271,35714.275229684914,36031.275229684914,35057.275229684914,35353.275229684914,0.003837791912516453,126.5784441198692,-0.00018629584826042192,-6.1444286601076215,-0.02283924376106787,0.008156830856982433,False
2020,702.6930364948341,35708.279976778525,36050.279976778525,35048.279976778525,35366.279976778525,0.004139710649479729,136.53635868287867,-0.00021703942216221364,-7.158416348830826,-0.02643359575449904,0.008210741519162151,False
2021,702.9730711118773,35631.28471737622,35970.28471737622,34971.28471737622,35297.28471737622,0.004112393921083537,135.63539556198663,-8.26828278200761e-05,-2.7270534566408173,-0.01013116501242465,0.00816123592091093,False
2022,703.2531058371853,35535.28945149443,35903.28945149443,34883.28945149443,35234.28945149443,0.004474383042436678,147.5745576670927,-0.00012629690336350263,-4.165537342650566,-0.015581487639267363,0.008105574145899786,False
2023,703.533140646387,35463.29417914958,35845.29417914958,34812.29417914958,35187.29417914958,0.004653074276369422,153.46817016215772,1.5276551850774978e-07,0.005038527905810497,1.898568332490498e-05,0.008046353449251706,False
2024,703.8131755151109,35392.29890035811,35765.29890035811,34738.29890035811,35113.29890035811,0.004553085840000441,150.17034136005748,0.00010999991527335055,3.628028419990187,0.013672695187374212,0.008045225448668515,False
2025,704.0932104189857,35331.30361513646,35696.30361513646,34675.30361513646,35038.30361513646,0.004463585004803148,147.21841568900834,5.92141443889237e-05,1.9530069470922626,0.007301570106796662,0.008109782351306091,False
2026,704.3732453336398,35357.30832350105,35696.30832350105,34701.30832350105,35031.30832350105,0.004144108447175355,136.68140729482943,-3.360017117772819e-05,-1.1082042713069882,-0.004122646173652333,0.008150146717044393,False
2027,704.6532802347023,35379.313025468335,35700.313025468335,34724.313025468335,35038.313025468335,0.0039226283025109495,129.37652658370152,-1.3102645713446333e-05,-0.4321527967300369,-0.0016131724553211492,0.008122284551925273,False
2028,704.9333150978015,35315.317721054744,35663.317721054744,34668.317721054744,35000.317721054744,0.004258624860345194,140.45839930889665,-0.00011940615629348235,-3.9382660202784336,-0.01475962622811681,0.008090052854185147,False
2029,705.2133498985661,35248.322410276734,35623.322410276734,34616.322410276734,34963.322410276734,0.0045959692636029295,151.58472680926153,-0.0002642014028671029,-8.713917604583315,-0.0330680572244105,0.007989625791262757,False
2030,705.4933846126249,35248.327093150736,35671.327093150736,34608.327093150736,35002.327093150736,0.005180756913330571,170.8722526914305,-0.0002644447434488493,-8.721943488458948,-0.03268734726609507,0.008090125555191334,False
2031,705.7734192156064,35173.33176969321,35611.33176969321,34535.33176969321,34967.33176969321,0.005374706931842071,177.26913197509862,2.4154716456980738e-05,0.7966733207472032,0.0030429993848435305,0.007937798665780132,False
2032,706.0534536831393,35144.33643992061,35591.33643992061,34514.33643992061,34950.33643992061,0.0054889480700484805,181.03704484225784,-3.711556719060774e-05,-1.2241494209969233,-0.004713460554246925,0.00787437738439666,False
2033,706.3334879908522,35098.34110384937,35589.34110384937,34468.34110384937,34943.34110384937,0.006033357254585476,198.99280406894158,-8.931173939843561e-05,-2.9456888941330135,-0.011289757782616544,0.007910864087443379,False
2034,706.6135221143738,35078.34576149596,35589.34576149596,34443.34576149596,34939.34576149596,0.0062808999011743985,207.15728087560484,-7.146270873225214e-05,-2.3569903449998435,-0.008967020284824278,0.00796950452461841,False
2035,706.8935560293327,35079.35041287684,35604.35041287684,34427.35041287684,34948.35041287684,0.006451523993721651,212.78482209105192,7.15576088983665e-05,2.360120351953725,0.008821026029224927,0.008112163898087263,False
2036,707.1735897113575,35067.355058008456,35542.355058008456,34415.355058008456,34886.355058008456,0.00584319041881364,192.72070210408697,6.015165439547665e-05,1.9839279977071556,0.007407218601978645,0.008120680329241087,False
2037,707.453623136077,35089.359696907275,35509.359696907275,34443.359696907275,34854.359696907275,0.005167397819321852,170.43164169088098,-1.5796104915274597e-05,-0.5209887427217268,-0.0019554876032360576,0.008077834341232468,False
2038,707.7336562791197,35127.36432958976,35531.36432958976,34472.36432958976,34877.36432958976,0.004966318698380526,163.7996296240634,0.00010626826602646352,3.504950784089317,0.013085033426720344,0.008121359920216786,False
2039,708.0136891161144,35116.36895607237,35516.36895607237,34459.36895607237,34852.36895607237,0.004918955572543391,162.23749417905253,6.027283784491161e-06,0.19879248825907325,0.0007351000818605662,0.00819926964126555,False
2040,708.2937216226894,35262.37357637158,35658.37357637158,34611.37357637158,34993.37357637158,0.004849988447399336,159.96281342638224,-8.301020175879685e-05,-2.7378509372633744,-0.010205069477993553,0.008134212308676777,False
2041,708.5737537744739,35308.378190503856,35717.378190503856,34660.378190503856,35061.378190503856,0.005001802601032267,164.96996331889193,-6.116417012105857e-06,-0.20173228945941446,-0.0007600364859140967,0.008047530777091097,False
2042,708.853785547096,35390.38279848567,35807.38279848567,34737.38279848567,35147.38279848567,0.005087318914558352,167.790471089961,8.577995539165058e-06,0.2829203233957287,0.0010611239972017615,0.008083876683390135,False
2043,709.1338169161846,35549.38740033349,35952.38740033349,34888.38740033349,35286.38740033349,0.004895613571138705,161.46762590901602,3.0688156039474813e-05,1.0121598911383956,0.0037719524023471468,0.00813588104144122,False
2044,709.4138478573684,35740.39199606381,36136.39199606381,35083.39199606381,35460.39199606381,0.004785477184753506,157.8350963849017,-0.00014352096511332027,-4.733623103268798,-0.01765434969182257,0.008129495994961437,False
2045,709.693878346276,35557.39658569308,35933.39658569308,34906.39658569308,35266.39658569308,0.0045683149853219685,150.672630583657,-0.00011224652749330412,-3.702126413269866,-0.013890074219113663,0.00808106031131536,False
2046,709.9739083585359,34243.4011692378,34585.4011692378,33625.4011692378,33947.4011692378,0.004315923861749769,142.3482408148311,-0.00017686563601832135,-5.833400438532578,-0.022114141768954595,0.007997852137613493,False
2047,710.253937869777,32898.40574671444,33229.40574671444,32297.405746714438,32621.405746714438,0.004347722110480663,143.39701389629136,-1.2689560621804812e-05,-0.41852838212366805,-0.00158351144829102,0.008013557865653463,False
2048,710.5339668556278,31925.410318139486,32275.410318139486,31351.410318139486,31680.410318139486,0.004735284473048245,156.1796352503132,-0.00020156862299738464,-6.648156873535044,-0.025258624503220736,0.007980190012788803,False
2049,710.8139952917168,30725.41488352942,31063.41488352942,30174.41488352942,30495.41488352942,0.004751441308688492,156.71252165058235,-0.00015575247573242253,-5.1370440335053615,-0.01962415231625796,0.00793677470610472,False
2050,711.0940231536729,29700.419442900737,30002.419442900737,29173.419442900737,29459.419442900737,0.0043936956650267225,144.91331835931382,-0.00015684787472861669,-5.173172594873307,-0.019971282950644494,0.007853670448525444,False
2051,711.3740504171246,28463.423996269914,28738.423996269914,27950.423996269914,28216.423996269914,0.0041758057419549405,137.7268507027754,-6.223341248094965e-05,-2.052588755116602,-0.007847985202106741,0.007929858540538976,False
2052,711.6540770577005,27075.428543653452,27335.428543653452,26589.428543653452,26843.428543653452,0.004150547548196818,136.89378238118292,-2.1566418407264337e-05,-0.7113058105955758,-0.002737856168789206,0.007877118839592624,False
2053,711.9341030510295,25780.433085067838,26014.433085067838,25305.433085067838,25541.433085067838,0.003924157265025544,129.42695498123496,0.00010732948909006768,3.539952151364332,0.013378109227316469,0.008022769680405505,False
2054,712.21412837274,25014.43762052957,25229.43762052957,24563.43762052957,24777.43762052957,0.0037168265021444795,122.58875062260869,5.041927292839506e-05,1.6629335999477206,0.006401318984374652,0.007876388139923408,False
2055,712.4941529984609,25520.44215005514,25732.44215005514,25059.44215005514,25263.44215005514,0.0035928106882760543,118.49844840624085,-7.168661683621368e-05,-2.364375304912045,-0.009014192463959288,0.007952638810723472,False
2056,712.7741769038204,25086.446673661045,25275.446673661045,24632.446673661045,24814.446673661045,0.003259688505240962,107.51137860371273,-6.264427043488731e-05,-2.066139714040176,-0.007866995707931795,0.007962921648950063,False
2057,713.0542000644475,24599.45119136379,24761.45119136379,24159.45119136379,24312.45119136379,0.0028506755459788923,94.02127148263406,-0.00010899332831256284,-3.594829066228357,-0.013809121486797016,0.007892850274130184,False
2058,713.3342224559708,23947.455703179872,24119.455703179872,23520.455703179872,23682.455703179872,0.0031081243846079014,102.51247532509555,-0.00012712256908854053,-4.192769533770061,-0.016138023573000718,0.007877208043072851,False
2059,713.6142440540189,23188.460209125795,23378.460209125795,22775.460209125795,22960.460209125795,0.0035439925476338954,116.88832351459254,-3.0565175336765265e-05,-1.0081037290638193,-0.003908574031773947,0.007820032341281494,False
2060,713.8942648342203,23284.464709218064,23495.464709218064,22869.464709218064,23075.464709218064,0.003917780905489973,129.21664924096564,-2.3324480712506607e-05,-0.7692904007807897,-0.0029819376202235236,0.007821921073841318,False
2061,714.1742847722039,22227.469203473185,22447.469203473185,21831.469203473185,22047.469203473185,0.004277367211571833,141.0765614478283,-1.5861998284372528e-06,-0.05231620445391627,-0.00020315458232533272,0.007807846666717588,False
2062,714.4543038435983,21244.47369190767,21429.47369190767,20868.47369190767,21045.47369190767,0.003765528497511673,124.19504479895717,-9.750937515429865e-05,-3.216064152378351,-0.012494722458334159,0.0078040449061162215,False
2063,714.734322024032,20374.478174538028,20530.478174538028,20011.478174538028,20165.478174538028,0.0033125700985225915,109.25552470458334,1.6785026341673264e-05,0.553605450027348,0.0021522210187715526,0.007798932449444176,False
2064,715.0143392891338,20046.482651380764,20205.482651380764,19680.482651380764,19839.482651380764,0.0034310464723998355,113.16312454641849,6.355149491869523e-05,2.0960618844562333,0.007973176779810246,0.00797066171662228,False
2065,715.2943556145322,19738.487122452403,19900.487122452403,19375.487122452403,19543.487122452403,0.0035498445215219796,117.08133391397556,0.0001995824640387868,6.582649176274501,0.025068634365604348,0.007961441422298845,False
2066,715.5743709758559,19271.49158776945,19451.49158776945,18915.49158776945,19094.49158776945,0.004037579927161877,133.1678727872076,5.288686364160033e-05,1.7443199284205093,0.006552496634082861,0.008071253843383742,False
2067,715.8543853487336,18690.496047348428,18887.496047348428,18354.496047348428,18546.496047348428,0.00455355871665588,150.1859378261167,-3.4152149146595215e-05,-1.126409664950046,-0.00432555413385562,0.007895439078958746,False
2068,716.1343987087938,17930.50050120585,18152.50050120585,17608.50050120585,17820.50050120585,0.005344045054151499,176.25783879914277,-0.0001465217558061149,-4.832595487827916,-0.018445957025788672,0.007943299206501877,False
2069,716.4144110316654,17240.50494935824,17450.50494935824,16935.50494935824,17131.50494935824,0.005258016730861039,173.4204438698259,-0.00026065077852702005,-8.596810550614094,-0.03306845889191548,0.007882156812295342,False
2070,716.6944222929768,16555.50939182212,16754.50939182212,16264.509391822123,16450.50939182212,0.005189167299491369,171.1496449052212,-0.00025078443855650317,-8.271397919837312,-0.032041052363255794,0.007826972588581362,False
2071,716.9744324683568,15684.513828614015,15886.513828614015,15408.513828614015,15605.513828614015,0.005557543672760541,183.2994720041995,-4.022328057578118e-05,-1.3266483406967495,-0.005203246044248597,0.007730420632374659,False
2072,717.254441533434,15694.518259750444,15922.518259750444,15410.518259750444,15638.518259750444,0.006263765947398691,206.5921670653752,0.00011459118261428029,3.779458067506482,0.014554126530496085,0.007873449662140212,False
2073,717.5344494638371,16956.52268524794,17218.52268524794,16647.52268524794,16915.52268524794,0.006659091878423368,219.6308472257414,0.00027671466992201365,9.126631454310655,0.03525556459306384,0.007848822536696927,False
2074,717.8144562351945,19656.527105123023,19964.527105123023,19302.527105123023,19612.527105123023,0.0067522380510523965,222.7030037876047,0.00016714777804978983,5.512885056283011,0.021404382258916596,0.007809044709999035,False
2075,718.0944618231351,23323.531519392225,23663.531519392225,22903.531519392225,23240.531519392225,0.00628524923879672,207.30073117247736,5.8355243728071965e-05,1.9246785979315462,0.007421800602242891,0.007862680076642968,False
2076,718.3744662032875,27959.535928072084,28359.535928072084,27452.535928072084,27856.535928072084,0.0061691611075118695,203.4719005913049,0.00017547948508113247,5.787682267004669,0.022326343265737823,0.007859750385116788,False
2077,718.6544693512803,32505.540331179123,32973.54033117912,31920.540331179123,32377.540331179123,0.0062081897464635605,204.7591471401627,-3.45709274488324e-05,-1.1402218536087219,-0.0043736082141027244,0.007904440854431875,False
2078,718.9344712427421,34174.54472872988,34642.54472872988,33555.54472872988,34015.54472872988,0.005907048745119091,194.8268839326225,6.088056399813219e-06,0.2007968968534044,0.0007672021871486361,0.007935400213651543,False
2079,719.2144718533017,34560.5491207409,35009.5491207409,33927.5491207409,34377.5491207409,0.005605883412523921,184.8938182292912,0.00011653993237529647,3.843731930798441,0.014622552206366343,0.00796987630685685,False
2080,719.4944711585877,34541.5535072287,35009.5535072287,33901.5535072287,34382.5535072287,0.005844705969323187,192.77068814550256,0.0002738217560621318,9.031217074452684,0.03429049083540597,0.007985355397112091,False
2081,719.7744691342285,34443.557888209834,34942.557888209834,33811.557888209834,34308.557888209834,0.006246687259249542,206.02887603167494,9.059461455317597e-05,2.9880008132752494,0.011327828328752159,0.007997527145007115,False
2082,720.054465755853,34287.562263700835,34805.562263700835,33663.562263700835,34164.562263700835,0.006512044669050076,214.7809211747911,-9.625493601074508e-05,-3.1746901126560942,-0.011994884073144375,0.008024665801168725,False
2083,720.3344609990899,34073.56663371825,34565.56663371825,33460.56663371825,33932.56663371825,0.0062260851639241235,205.34937562327718,-0.0001426657631214785,-4.705416743986461,-0.017932663295142644,0.00795563719529167,False
2084,720.6144548395675,33932.57099827861,34430.57099827861,33312.57099827861,33801.57099827861,0.006327458670245377,208.69288694375055,1.2748423604833428e-06,0.04204698070310542,0.00015919655498199107,0.008007977060983247,False
2085,720.8944472529149,33780.57535739847,34300.57535739847,33159.57535739847,33677.57535739847,0.00663436266682548,218.8152258476873,9.749360083308786e-05,3.2155438821080224,0.01217249607633963,0.008009335161963345,False
2086,721.1744382147605,33674.579711094375,34211.579711094375,33052.579711094375,33574.579711094375,0.006870944041738717,226.6181768744461,-6.57204623250177e-05,-2.1675989885768843,-0.008084012900950045,0.008129683008953899,False
2087,721.4544277007328,33561.58405938286,34109.58405938286,32948.58405938286,33478.58405938286,0.007033972819675823,231.9952086490823,-0.00010364697924839742,-3.4184952363360708,-0.012863387281933916,0.008057518364075474,False
2088,721.7344156864607,33501.58840228049,34046.58840228049,32896.58840228049,33405.58840228049,0.007008201850542962,231.1452279178029,-0.00033993710249549496,-11.211840170949301,-0.042047973781890735,0.008084506146688557,False
2089,722.0144021475728,33427.592739803804,33950.592739803804,32821.592739803804,33316.592739803804,0.006742258620136571,222.3738611797402,-0.00024133087052001252,-7.959599375070553,-0.029919094411049604,0.008066115478110364,False
2090,722.2943870596977,33321.59707196935,33795.59707196935,32711.597071969354,33168.59707196935,0.006134315045439705,202.32260421949957,-0.0001089605552412349,-3.5937481414486285,-0.013487653175862663,0.008078540708344233,False
2091,722.574370398464,33279.60139879369,33708.60139879369,32674.60139879369,33095.60139879369,0.005562617657228215,183.4668226772029,-2.6386286736818088e-06,-0.08702751992248636,-0.000331105949850531,0.007969136993379151,False
2092,722.8543521395004,33271.60572029337,33664.60572029337,32671.605720293373,33053.60572029337,0.00509977152694209,168.20118442113997,-5.1408606794329376e-05,-1.6955639103761655,-0.0064836295977737666,0.007928985766241358,False
2093,723.1343322584355,33208.61003648495,33586.61003648495,32613.610036484948,32970.61003648495,0.004915473486636759,162.1226476666828,-0.0001873647670429827,-6.179683848369905,-0.023581223094396597,0.007945506740382122,False
2094,723.414310730898,33142.61434738498,33534.61434738498,32545.614347384977,32925.61434738498,0.005106552917071835,168.42484892175904,-6.513977696230577e-05,-2.148446764743312,-0.008217602252526919,0.007926859314987562,False
2095,723.6942875325166,33072.61865301002,33456.61865301002,32486.618653010017,32850.61865301002,0.0050134629465514394,165.3545460235725,-0.00017442066551773272,-5.752760172218444,-0.022215561875950057,0.007851283100183733,False
2096,723.9742626389199,33029.62295337662,33409.62295337662,32438.622953376624,32805.62295337662,0.004967958334217538,163.85370826039994,-8.207901381143169e-05,-2.7071384014491855,-0.010413150741795517,0.007882245810769756,False
2097,724.2542360257363,32958.627248501354,33310.627248501354,32369.627248501354,32703.627248501354,0.004613695944220297,152.16938999661107,-0.0001554701528168256,-5.127732430320435,-0.01965699526233952,0.007909151461957567,False
2098,724.5342076685947,33010.631538400776,33338.631538400776,32413.631538400776,32730.631538400776,0.004293936176166546,141.62304072729003,-6.724203846549068e-05,-2.217783767965983,-0.008447743685327802,0.007959763100090016,False
2099,724.8141775431238,33009.63582309145,33274.63582309145,32399.63582309145,32669.63582309145,0.003472577974240466,114.5329207742451,0.00013158663786408484,4.340003905234951,0.01637706694896542,0.008034811011894747,False
2100,725.0941456249523,32953.64010258993,33213.64010258993,32351.640102589932,32617.640102589932,0.0034130810911730787,112.57058851123462,0.00014315278802022255,4.721479848848773,0.018039507485713705,0.007935515320115678,False
2101,725.3741118897084,32895.64437691279,33182.64437691279,32304.64437691279,32597.64437691279,0.0037725946733892725,124.42810213214577,0.0001486583398241973,4.90306451973612,0.019060950286687136,0.0077991043252458245,False
2102,725.6540763130213,32800.64864607659,33137.64864607659,32213.648646076592,32552.648646076592,0.0044392567217617215,146.4160177774779,0.00010715646079546923,3.5342453145117076,0.013757521625945285,0.0077889363875963714,False
2103,725.9340388705192,32743.652910097902,33139.6529100979,32150.652910097902,32553.652910097902,0.005220827456126531,172.19386341910163,0.0001891042998276634,6.237057296018861,0.02411189970621567,0.007842778965230819,False
2104,726.213999537831,32684.657168993286,33132.65716899329,32095.657168993286,32541.657168993286,0.0059123327878572145,195.00116276891723,8.106019204730686e-05,2.6735355181563136,0.010316766678116028,0.007857131461473496,False
2105,726.4939582905853,32648.661422779318,33089.66142277932,32063.661422779318,32491.661422779318,0.005826943291093598,192.18483768123676,-6.813817167331242e-05,-2.2473401247867457,-0.00864002976139844,0.007886335296868684,False
2106,726.7739151044107,32600.66567147256,33031.66567147256,32008.66567147256,32432.66567147256,0.005704006199450969,188.13011399129545,1.1068700573758222e-05,0.3650690107729986,0.0013917006064855706,0.007953363332728407,False
2107,727.0538699549359,32549.669915089595,32950.669915089595,31965.669915089595,32356.669915089595,0.00531765983181269,175.38759870600202,-3.765184467610042e-05,-1.2418369796967,-0.004777180365127676,0.007881604167795354,False
2108,727.3338228177894,32510.674153646978,32866.67415364698,31918.674153646978,32266.674153646978,0.004729783868917428,155.9982137640864,-2.042372286178637e-05,-0.673617309617299,-0.002555730680123212,0.007991343931748607,False
2109,727.6137736686001,32463.678387161297,32824.67838716129,31865.678387161297,32211.678387161297,0.004802752389813077,158.4048689593763,-0.0001125666904210525,-3.7126860595933238,-0.013844407602590142,0.008130841972609392,False
2110,727.8937224829964,32495.682615649115,32886.682615649115,31897.682615649115,32274.682615649115,0.005194402685000051,171.32231892381395,-9.155497986998527e-05,-3.019675680063102,-0.011285932991649063,0.008112309362259252,False
2111,728.173669236607,32421.686839127015,32856.68683912701,31827.686839127015,32243.686839127015,0.005788161849366726,190.90574421644962,-0.00014854362721826182,-4.8992810568722405,-0.01832785356836981,0.00810480216159181,False
2112,728.4536139050607,32371.691057611566,32814.69105761156,31772.691057611566,32200.691057611566,0.00590293282598609,194.69113226816168,-9.174056207896311e-05,-3.02579657139961,-0.011246495944917995,0.00815725738294676,False
2113,728.7335564639859,32290.695271119348,32759.695271119348,31694.695271119348,32142.695271119348,0.006262457140364726,206.54899985834862,-0.00016674676053395326,-5.4996586556920875,-0.020399181042388567,0.008174188963148133,False
2114,729.0134968890115,32210.69947966694,32735.69947966694,31612.69947966694,32128.69947966694,0.007021469184527727,231.58281247988748,1.0094342374934381e-05,0.3329326293239774,0.0012410782734345576,0.008133525975762446,False
2115,729.2934351557661,32128.70368327092,32697.70368327092,31539.70368327092,32088.70368327092,0.00762405064463421,251.4572156300428,-0.00012948658508375906,-4.270739750334741,-0.01598533180675075,0.008100337650112192,False
2116,729.5733712398782,32069.707881947867,32654.707881947867,31482.707881947867,32042.707881947867,0.007850799036933882,258.9358542217727,-0.00019366819843519897,-6.387584265180152,-0.02385147298359947,0.0081197584135943,False
2117,729.8533051169765,32009.71207571436,32610.71207571436,31424.71207571436,31992.71207571436,0.0080785142821762,266.44638165582705,-0.00029876398501064213,-9.853864212482051,-0.03661394016046731,0.008159842499912714,False
2118,730.1332367626896,31971.716264586983,32539.716264586983,31389.716264586983,31935.716264586983,0.007647811579387212,252.24090120248349,-0.00015854055669513745,-5.229000804061229,-0.019675340641269818,0.008057830336242935,False
2119,730.4131661526463,31930.72044858232,32465.72044858232,31344.72044858232,31868.72044858232,0.007216327189962139,238.00963908081596,-1.6101481437045748e-05,-0.5310607022958322,-0.0019995959666303594,0.008052367431096259,False
2120,730.6930932624751,31913.72462771695,32433.72462771695,31323.72462771695,31845.72462771695,0.007019331749089826,231.512315366364,0.00015840630511211595,5.224572904663148,0.0197393670270393,0.008024892839528668,False
2121,730.9730180678048,31833.72880200746,32324.72880200746,31241.72880200746,31733.72880200746,0.006647377809878953,219.24449262276525,0.00013866998226437412,4.5736274923892495,0.01715550424152394,0.008083118998550399,False
2122,731.2529405442638,31783.732971470432,32205.732971470432,31187.732971470432,31621.732971470432,0.005728284356874644,188.93085865459088,0.0002735754625459493,9.023093796592434,0.03384030467955395,0.008084308493571026,False
2123,731.532860667481,31700.737136122454,32084.737136122454,31099.737136122454,31500.737136122454,0.00522912458393542,172.46752013438308,0.0003348738145404224,11.044842291415023,0.04111299612556308,0.008145205801048536,False
2124,731.8127784130849,31571.741295980115,31965.741295980115,30984.741295980115,31401.741295980115,0.005386244849751102,177.64967675986009,0.0004196120782011094,13.839688342501717,0.05284217843059782,0.007940855026486504,False
2125,732.0926937567042,31529.745451059996,31949.745451059996,30954.745451059996,31381.745451059996,0.005746937837239798,189.54608964570878,0.00020292047521485498,6.692743801192421,0.025712931939955944,0.007891767290043341,False
2126,732.3726066739674,31448.749601378688,31885.749601378688,30876.749601378688,31322.749601378688,0.005993248636072131,197.66993752407785,0.00023505420160075188,7.752581640871796,0.02992689478258336,0.007854279680815634,False
2127,732.6525171405034,31382.753746952785,31817.753746952785,30810.753746952785,31254.753746952785,0.005978467276746279,197.1824172238393,0.00023529128937894127,7.760401294143037,0.029893137384676485,0.007871080454056116,False
2128,732.9324251319407,31301.75788779887,31751.75788779887,30736.75788779887,31191.75788779887,0.006199046400400746,204.4575803681587,0.0001827485620944664,6.027431706137804,0.023371481028058638,0.007819297453809947,False
2129,733.212330623908,31150.762023933534,31593.762023933534,30591.762023933534,31043.762023933534,0.00613266752280471,202.26826545998793,0.00023718583501921263,7.8228873915985275,0.030622049119392914,0.007745589920989417,False
2130,733.4922335920337,31112.766155373374,31533.766155373374,30548.766155373374,30977.766155373374,0.0058372178837447835,192.52371534354853,0.00021920509845445996,7.229844905091454,0.02797643354332568,0.00783534820887688,False
2131,733.7721340119468,31020.770282134974,31468.770282134974,30468.770282134974,30907.770282134974,0.006227194490476371,205.38596354471875,-1.4445216461442603e-05,-0.4764336020149358,-0.001850794369956468,0.007804873786050237,False
2132,734.0520318592758,31007.774404234933,31458.774404234933,30466.774404234933,30899.774404234933,0.006271203338772083,206.8374678658913,-0.00014237142007826782,-4.695708691727134,-0.01845311716446346,0.007715304618151075,False
2133,734.3319271096493,30942.77852168984,31364.77852168984,30400.77852168984,30800.77852168984,0.005882916373712988,194.03094759862145,-0.00020592791942489978,-6.791935632735772,-0.026477163201841916,0.00777756732679633,False
2134,734.611819738696,30888.78263451629,31320.78263451629,30351.78263451629,30755.78263451629,0.006031812993394896,198.9418710889171,-0.0002892334513986605,-9.539527181257824,-0.037266560597521224,0.007761205938009176,False
2135,734.8917097220445,30834.78674273088,31281.78674273088,30297.78674273088,30722.78674273088,0.006250601847222548,206.15798737129123,-0.0002008999551596502,-6.6261028027404905,-0.02598798167172647,0.00773049472242081,False
2136,735.1715970353235,30781.790846350203,31231.790846350203,30240.790846350203,30684.790846350203,0.006303004660905728,207.88634231463442,2.7018239693963643e-05,0.8911183360843324,0.0035146915131364005,0.007687229332355662,False
2137,735.4514816541617,30731.794945390855,31183.794945390855,30188.794945390855,30637.794945390855,0.006341039259737497,209.14080333091496,7.068839318443224e-05,2.3314517906605374,0.009172204680879474,0.007706805031487185,False
2138,735.7313635541876,30650.79903986943,31082.79903986943,30102.79903986943,30537.79903986943,0.006078319896233128,200.4757664996866,0.00015253356331662409,5.030877536040748,0.01965979568732122,0.007758654552803636,False
2139,736.0112427110299,30656.80312980253,31078.80312980253,30115.80312980253,30524.80312980253,0.005937420462527175,195.82860701255962,-7.899827450142533e-05,-2.6055291434465175,-0.01016458339540158,0.007771914640118341,False
2140,736.2911191003174,30640.807215206747,31038.807215206747,30100.807215206747,30492.807215206747,0.005604821121098016,184.85878162518182,1.4444657565698682e-05,0.4764151684585727,0.0018723216194786003,0.007714837779697911,False
2141,736.5709926976783,30623.811296098687,31005.811296098687,30085.811296098687,30462.811296098687,0.005383859570871682,177.5710052486809,2.4393450795794948e-05,0.8045472810488548,0.0031740335227794458,0.007685316056282238,False
2142,736.8508634787418,30595.81537249494,30981.81537249494,30057.81537249494,30435.81537249494,0.005444830006243533,179.58193836402523,-1.730156175329487e-05,-0.5706418736340595,-0.002243090433511353,0.007713269823994951,False
2143,737.1307314191362,30556.81944441211,30888.81944441211,30008.81944441211,30349.81944441211,0.004693162077735679,154.7903501137539,0.00021403916770150293,7.059461650332992,0.02761005550591723,0.007752217943047281,False
2144,737.4105964944902,30492.823511866798,30835.823511866798,29962.823511866798,30295.823511866798,0.004857911195500105,160.22412231196262,-5.788524700690856e-05,-1.9091771181581692,-0.0075727902821631395,0.007643846567790314,False
2145,737.6904586804325,30488.827574875602,30821.827574875602,29946.827574875602,30275.827574875602,0.004717662345153859,155.59842043153213,2.7538797646790326e-05,0.9082874315551237,0.0035414515813373885,0.00777613275638534,False
2146,737.9703179525917,30453.831633455124,30765.831633455124,29911.831633455124,30218.831633455124,0.004426716655011761,146.00242001747623,7.944703847002563e-06,0.26203303224102115,0.0010192100270178485,0.007794962408531558,False
2147,738.2501742865966,30381.835687621962,30686.835687621962,29843.835687621962,30146.835687621962,0.004338097271962958,143.07956649105225,4.8996387773636053e-05,1.616003856710904,0.0063344792662775725,0.00773487223085167,False
2148,738.5300276580756,30356.83973739272,30654.83973739272,29824.83973739272,30110.83973739272,0.004242492122921259,139.92630771845467,-9.774343025333032e-05,-3.2237837815164596,-0.012649087313869897,0.007727310898245861,False
2149,738.8098780426574,30268.843782784,30591.843782784,29732.843782784,30045.843782784,0.004609820898249386,152.0415828353392,-6.186507567362831e-05,-2.0404402329857305,-0.007941279922863722,0.007790315449718968,False
2150,739.0897254159709,30230.847823812404,30583.847823812404,29682.847823812404,30037.847823812404,0.0050417969625295555,166.2890614272036,0.0001214502290609095,4.005683836686046,0.015404574784000083,0.007884036447864399,False
2151,739.3695697536444,30107.85186049454,30496.85186049454,29562.85186049454,29950.85186049454,0.0055752396498919676,183.88312252604553,8.761229507608503e-05,2.8896376482356345,0.011104730490654437,0.007889637227109485,False
2152,739.6494110313067,30042.855892847,30490.855892847,29498.855892847,29942.855892847,0.006428400787309012,212.02217013974922,5.9647098584605235e-05,1.967286686513745,0.00754432685305955,0.007906218771581425,False
2153,739.9292492245864,29930.8599208864,30425.8599208864,29391.8599208864,29877.8599208864,0.00712366706084074,234.95351325547327,-1.2494267043272958e-06,-0.041208718940652034,-0.00015830055559796786,0.007892749962927704,False
2154,740.2090843091123,29858.86394462934,30363.86394462934,29329.86394462934,29820.86394462934,0.007283756877015276,240.23361189363038,-7.35839485700527e-05,-2.426953293589662,-0.009433811168417166,0.007800023474754248,False
2155,740.488916260513,29798.86796409242,30286.86796409242,29263.86796409242,29736.86796409242,0.007054598367253198,232.67548256204503,-9.11024827311693e-05,-3.004751373298717,-0.011512158227053633,0.007913588480488218,False
2156,740.768745054417,29724.87197929225,30217.87197929225,29188.87197929225,29669.87197929225,0.007143884087600696,235.6203132931874,-4.5523430130881004e-05,-1.5014584136710312,-0.005743960457595932,0.007925442813708768,False
2157,741.0485706664529,29583.875990245433,30100.875990245433,29065.875990245433,29557.875990245433,0.007524061194789969,248.15935340139822,-0.00023425476961196501,-7.726214693515857,-0.030075908736840767,0.007788784427484987,False
2158,741.3283930722497,29535.879996968575,30071.879996968575,29018.879996968575,29532.879996968575,0.007810664810548068,257.6121430754485,-0.00018551065012074267,-6.118531175014198,-0.023899779147327507,0.00776202361441012,False
2159,741.6082122474356,29414.883999478283,29939.883999478283,28888.883999478283,29394.883999478283,0.007682973315592497,253.40060917073026,-0.0001419876635583581,-4.683051595063631,-0.01795637288424217,0.007907368847467022,False
2160,741.8880281676396,29390.88799779116,29902.88799779116,28874.88799779116,29360.88799779116,0.007500426404153172,247.37982832705853,-0.00025154838177743506,-8.296594373033798,-0.03217482669779727,0.00781817363431693,False
2161,742.1678408084902,29332.891991923814,29821.891991923814,28820.891991923814,29290.891991923814,0.007180309855699987,236.82171169022973,-0.00015513033531719313,-5.116524534903249,-0.02008151779770354,0.007725030392619694,False
2162,742.4476501456159,29305.895981892856,29780.895981892856,28807.895981892856,29254.895981892856,0.006982755912366246,230.3059673906559,-0.000295737868730459,-9.754056536817785,-0.038957306778219576,0.007591332491593116,False
2163,742.7274561546457,29254.899967714886,29702.899967714886,28762.899967714886,29177.899967714886,0.006600235182255157,217.68962967230638,-0.00037887502408325436,-12.496094670461332,-0.05014636183559623,0.007555384084001707,False
2164,743.0072588112077,29220.903949406515,29655.903949406515,28724.903949406515,29128.903949406515,0.006417519698489456,211.6632889589803,-0.0003519613850909882,-11.608426285384382,-0.046243520109712465,0.007611042244534197,False
2165,743.2870580909313,29137.907926984346,29573.907926984346,28633.907926984346,29043.907926984346,0.006450349804723861,212.74609486981873,-0.00027592262932605444,-9.100508290626493,-0.035761174360017293,0.007715703811856613,False
2166,743.5668539694444,29019.911900464995,29496.911900464995,28517.911900464995,28975.911900464995,0.00708046141079978,233.5285001010247,-0.0001610719128045694,-5.312490249333251,-0.02103067782230445,0.007658902588186757,False
2167,743.8466464223761,28883.91586986506,29398.91586986506,28383.91586986506,28883.91586986506,0.007675244076341249,253.1456826137529,-9.148362218628237e-05,-3.0173221536642245,-0.011990772006580873,0.007629502265248108,False
2168,744.126435425355,28825.919835201155,29327.919835201155,28314.919835201155,28808.919835201155,0.007498085994995781,247.30263671362573,1.355270983721072e-05,0.44699685754389407,0.0017462442935482427,0.007761061775424669,False
2169,744.4062209540097,28772.923796489886,29256.923796489886,28266.923796489886,28742.923796489886,0.007244665022720993,238.94428036989845,7.730347790624488e-06,0.25496311893604684,0.0010037350205721809,0.007701582222584791,False
2170,744.6860029839685,28673.927753747863,29138.927753747863,28164.927753747863,28628.927753747863,0.006986380012888409,230.4254978435534,0.00011006101765022834,3.630043704813687,0.014250121008177801,0.007723514599424592,False
2171,744.9657814908605,28616.93170699169,29074.93170699169,28106.93170699169,28562.93170699169,0.006895636219551683,227.43257680043044,9.370683397146983e-05,3.090648351418821,0.012071305845958558,0.007762775226413689,False
2172,745.2455564503144,28512.935656237983,28983.935656237983,28009.935656237983,28473.935656237983,0.007115422873576312,234.68160263062651,1.9965261837137302e-05,0.658496301362419,0.002586227338550612,0.007719840224226516,False
2173,745.5253278379585,28401.93960150334,28876.93960150334,27905.93960150334,28365.93960150334,0.007203164964547297,237.57552122030032,-0.00010264105743994657,-3.3853178206963435,-0.013325386600885022,0.007702670137399956,False
2174,745.8050956294215,28362.94354280438,28849.94354280438,27876.94354280438,28347.94354280438,0.007393667119985489,243.85868273257645,-0.00011726349753330475,-3.867596630607153,-0.015501250351134244,0.007564776703624069,False
2175,746.0848598003323,28283.9474801577,28789.9474801577,27792.9474801577,28287.9474801577,0.007700850479615157,253.9902356170949,-3.4020208345302005e-05,-1.122057979990501,-0.004463173611025058,0.00762242550038034,False
2176,746.3646203263193,28173.95141357992,28704.95141357992,27684.95141357992,28204.95141357992,0.008109054792060607,267.45367186642653,-2.7464526777057352e-05,-0.9058378221576504,-0.003605343627548773,0.007617727910093866,False
2177,746.6443771830111,28031.955343087648,28581.955343087648,27545.955343087648,28085.955343087648,0.008438543713336704,278.32090905921,-7.1818150214914694e-06,-0.2368713552217514,-0.000945082050535602,0.007599144452506904,False
2178,746.9241303460366,27974.959268697483,28520.959268697483,27481.959268697483,28024.959268697483,0.008394665534411675,276.87371448854316,0.0001026329258671417,3.385049624333078,0.013380292108982736,0.007670454802570418,False
2179,747.2038797910244,27930.963190426042,28458.963190426042,27431.963190426042,27958.963190426042,0.008133161465417711,268.2487606247557,0.0001310115011946382,4.321034688968325,0.01687527637280373,0.007763517367086024,False
2180,747.483625493603,27885.96710828993,28392.96710828993,27392.96710828993,27900.96710828993,0.007825068553122169,258.0872087814829,0.00015511254618876674,5.115937812055904,0.020225708556265924,0.0076690784778817,False
2181,747.763367429401,27786.971022305755,28270.971022305755,27304.971022305755,27780.971022305755,0.007499517280367638,247.34984351367928,6.184216037354029e-06,0.20396844382216273,0.000814098681396728,0.007596396086459605,False
2182,748.0431055740473,27751.97493249013,28181.97493249013,27271.97493249013,27702.97493249013,0.006677529718359043,220.2389659422298,0.00013229029238520564,4.363211910387832,0.017612497383142946,0.007511160371374798,False
2183,748.3228399031702,27665.978838859664,28080.978838859664,27186.978838859664,27601.978838859664,0.006466201816252686,213.26892753016827,0.00011306760551108973,3.729207292160993,0.015018495405352028,0.007528557452619168,False
2184,748.6025703923987,27564.98274143096,27979.98274143096,27082.98274143096,27509.98274143096,0.006489717373553768,214.04452003847362,0.00030410757628783047,10.03010708476316,0.04049811723537889,0.007509178130932074,False
2185,748.8822970173613,27462.98664022063,27886.98664022063,26979.98664022063,27413.98664022063,0.006653822988214626,219.45706815171562,0.00027664351979441327,9.124284773548368,0.03655575974896056,0.007567713588616619,False
2186,749.1620197536865,27362.99053524528,27815.99053524528,26884.99053524528,27336.99053524528,0.0071309696751328065,235.19436882455258,0.0001098448123477945,3.6229127994868406,0.014455642549340056,0.007598749898032672,False
2187,749.4417385770032,27278.994426521524,27743.994426521524,26800.994426521524,27257.994426521524,0.0073406314763580695,242.1094557274956,2.3584916616758295e-06,0.07778801243262023,0.00030724451410124435,0.007676269399227257,False
2188,749.72145346294,27231.998314065964,27720.998314065964,26750.998314065964,27232.998314065964,0.007729354916078253,254.93037184653588,2.611026512006325e-05,0.8611714261203645,0.0033793298652205392,0.007726462393856678,False
2189,750.0011643871252,27091.00219789521,27602.00219789521,26617.00219789521,27108.00219789521,0.008115514607746793,267.6667301659638,-0.0001771428890188012,-5.842544825260234,-0.022843875424394505,0.007754502496963977,False
2190,750.2808713251878,27052.00607802587,27548.00607802587,26571.00607802587,27050.00607802587,0.007890693803109985,260.2516674670473,-0.00013132551714969097,-4.331391595211613,-0.016714162065654493,0.007857140348037455,False
2191,750.5605742527564,26989.00995447455,27445.00995447455,26513.00995447455,26967.00995447455,0.007276439138190265,239.99225748566354,9.732144436026217e-05,3.2098657997699434,0.012673287656384627,0.007679257900473281,False
2192,750.8402731454597,26968.013827257862,27391.013827257862,26498.013827257862,26907.013827257862,0.006759144963245381,222.93080826971047,-0.00010696543134254728,-3.527944761620091,-0.013911266343966699,0.007689122521109523,False
2193,751.1199679789262,26892.01769639241,27310.01769639241,26435.01769639241,26832.01769639241,0.006698593182831075,220.9336832748576,-0.00022486696351996932,-7.416585115906827,-0.029759201183716676,0.007556216382683337,False
2194,751.3996587287845,26816.0215618948,27245.0215618948,26356.0215618948,26761.0215618948,0.006892809791405354,227.339355259155,-0.00026997601066916423,-8.904376307829693,-0.03529338088193725,0.007649479985277774,False
2195,751.6793453706633,26727.02542378164,27138.02542378164,26266.02542378164,26652.02542378164,0.006627618217994399,218.59277974874692,-0.0002917596374993805,-9.622846108775434,-0.03788030326903449,0.007702146295588963,False
2196,751.9590278801915,26667.02928206954,27071.02928206954,26194.02928206954,26603.02928206954,0.006530130824790175,215.37744060728696,0.00019865298275635167,6.551992929857022,0.025889862432984845,0.007673002638409498,False
2197,752.2387062329973,26546.033136775102,26943.033136775102,26076.033136775102,26481.033136775102,0.006446853063093432,212.63076498087264,0.00024654743515122035,8.13165264156359,0.032292441285511446,0.00763483420071551,False
2198,752.5183804047095,26490.036987914933,26871.036987914933,26020.036987914933,26411.036987914933,0.006201862038788943,204.55044604053134,0.00027568181127536097,9.092565605127277,0.03609905958200487,0.007636814212544928,False
2199,752.7980503709571,26402.040835505642,26792.040835505642,25938.040835505642,26325.040835505642,0.006368298033186961,210.03985497584551,6.358585561605425e-05,2.0971951724796156,0.00829178565260038,0.007668535859475956,False
2200,753.0777161073684,26301.044679563827,26687.044679563827,25833.044679563827,26221.044679563827,0.006327483683044652,208.69371191844627,0.00014691177106922193,4.845459010997615,0.019020295022541434,0.007723948072052145,False
2201,753.357377589572,26153.048520106102,26561.048520106102,25695.048520106102,26094.048520106102,0.006722895656190488,221.73522992882457,-3.0872168151923306e-05,-1.0182289973911338,-0.0040154668678919776,0.007688313505654808,False
2202,753.6370347931967,26047.052357149067,26480.052357149067,25597.052357149067,26020.052357149067,0.00716025645701856,236.1603084504835,-4.204711761087755e-05,-1.3868023197277353,-0.005540060306414928,0.007589649802582564,False
2203,753.9166876938712,25885.05619070933,26336.05619070933,25442.05619070933,25891.05619070933,0.007501628069732235,247.41946178369648,9.59317283723074e-05,3.164030045374318,0.012878576602023462,0.007448938755951862,False
2204,754.1963362672238,25718.06002080349,26182.06002080349,25284.06002080349,25741.06002080349,0.007765608578042668,256.1260938214916,1.4006061027579259e-05,0.4619493327235773,0.0018967120123730534,0.007384389900107031,False
2205,754.4759804888837,25566.063847448153,26055.063847448153,25127.063847448153,25603.063847448153,0.008228272563182827,271.3857245477806,-7.807662271295049e-05,-2.575131130196951,-0.010326005462195278,0.007561164188688279,False
2206,754.7556203344789,25440.067670659922,25962.067670659922,25002.067670659922,25514.067670659922,0.008821015378686228,290.9356285185915,-1.723861712787933e-05,-0.5685658275813807,-0.002282971711174989,0.007550955206101542,False
2207,755.0352557796386,25313.071490455404,25859.071490455404,24866.071490455404,25408.071490455404,0.009268081127580458,305.6807966267837,9.644367111089937e-05,3.1809149929709406,0.012542343356801289,0.0076894459326535035,False
2208,755.3148867999912,25147.0753068512,25696.0753068512,24704.0753068512,25249.0753068512,0.00937931402060702,309.3494912447319,9.756108029873936e-05,3.2177694967236334,0.012719663308434541,0.007670099273307462,False
2209,755.5945133711654,25049.079119863905,25591.079119863905,24612.079119863905,25136.079119863905,0.0092968350081099,306.62916004585173,-0.00014760283247048332,-4.8682516685874475,-0.019126317827478617,0.007717263396011521,False
2210,755.8741354687896,24940.08292951013,25451.08292951013,24502.08292951013,25009.08292951013,0.00880837281695948,290.5186502588161,8.638840567475221e-05,2.8492712032258396,0.011290102587642816,0.007651693596593675,False
2211,756.1537530684928,24804.08673580647,25282.08673580647,24377.08673580647,24850.08673580647,0.008289675604207103,273.4109259068572,5.643072463230349e-05,1.8612039129109803,0.007510854097308463,0.007513223383280153,False
2212,756.4333661459035,24672.09053876953,25124.09053876953,24248.09053876953,24698.09053876953,0.007884399688867177,260.04407434940873,0.00010143369680497977,3.3454965291441,0.013564846888801203,0.00747768829508285,False
2213,756.7129746766504,24579.09433841591,25007.09433841591,24157.09433841591,24581.09433841591,0.00749735599757152,247.27855986415588,5.916224505255006e-05,1.951295197888868,0.007897144108269423,0.0074916000317885615,False
2214,756.992578636362,24491.098134762207,24915.098134762207,24071.098134762207,24500.098134762207,0.007454343586377686,245.8599201330638,0.00021757689694336738,7.1761433968580945,0.029388119028856807,0.007403566615805662,False
2215,757.2721780006672,24387.101927825024,24832.101927825024,23973.101927825024,24413.101927825024,0.007853288776793877,259.017971075663,4.544368201758568e-05,1.4988281532679935,0.006130070504289523,0.007413239698595052,False
2216,757.5517727451944,24276.105717620954,24748.105717620954,23866.105717620954,24330.105717620954,0.008362942458832767,275.82742077564546,-5.06504163352503e-07,-0.016705571953536946,-6.84676660692798e-05,0.007397713291993784,False
2217,757.8313628455722,24151.1095041666,24650.1095041666,23745.1095041666,24227.1095041666,0.008881765827447688,292.9393060131244,-0.00015434028341842695,-5.0904669626327745,-0.020744437358172413,0.007440080478134711,False
2218,758.1109482774295,24109.11328747856,24631.11328747856,23697.11328747856,24199.11328747856,0.009302804016051013,306.8260304743033,-0.00019879607500100996,-6.556712412858531,-0.026208446924606412,0.007585190971936823,False
2219,758.3905290163948,24033.11706757343,24572.11706757343,23619.11706757343,24139.11706757343,0.009632473786966559,317.69923246833264,-0.00017475158832369261,-5.763674701942023,-0.02289176467835838,0.007633819007798068,False
2220,758.6701050380967,23996.1208444678,24547.1208444678,23591.1208444678,24116.1208444678,0.00985952024850054,325.18770200993646,-0.00030064409026438546,-9.915874035636932,-0.039858487844159976,0.007542787158405347,False
2221,758.949676318164,23931.124618178277,24463.124618178277,23530.124618178277,24040.124618178277,0.009548819362173213,314.94013370126555,-0.0002363320027057008,-7.7947262071865,-0.03169243816772178,0.007457047055041698,False
2222,759.2292428322253,23869.128388721452,24371.128388721452,23462.128388721452,23951.128388721452,0.00903907709591318,298.12776230747005,-8.050531743642939e-05,-2.6552345871712077,-0.01072059704929777,0.007509406152123095,False
2223,759.5088045559091,23825.132156113916,24339.132156113916,23417.132156113916,23919.132156113916,0.009269770513059833,305.7365161108966,-5.8059081070071725e-05,-1.9149105309517154,-0.007709713098171555,0.007530640937059135,False
2224,759.7883614648441,23804.135920372264,24333.135920372264,23400.135920372264,23911.135920372264,0.009545660616921593,314.8359516433439,-0.0001638324843005294,-5.403539699852104,-0.021797952140864454,0.007515957611146136,False
2225,760.0679135346592,23805.13968151309,24336.13968151309,23403.13968151309,23912.13968151309,0.009580955295440351,316.00004432852694,-0.00023664106134577666,-7.804919610761829,-0.03148945672300153,0.007514929947105812,False
2226,760.3474607409827,23818.14343955299,24349.14343955299,23411.14343955299,23929.14343955299,0.009575781720987749,315.82940896848754,-7.12545907619773e-05,-2.3501261768867607,-0.00947420082879913,0.007520907784156495,False
2227,760.6270030594433,23823.147194508554,24337.147194508554,23420.147194508554,23915.147194508554,0.009270534691773202,305.76172033112863,-0.00018709671658219927,-6.170842980744624,-0.024936047692518497,0.007503062188894251,False
2228,760.9065404656699,23894.15094639637,24381.15094639637,23493.15094639637,23949.15094639637,0.008762600314002549,289.00897689980343,-0.00041374814083769765,-13.646283362555721,-0.05474881010767434,0.0075572079105277416,False
2229,761.1860729352908,23936.15469523303,24394.15469523303,23528.15469523303,23973.15469523303,0.00823139059935609,271.4885639347297,-9.406971646604492e-05,-3.1026169788506195,-0.012520007926703679,0.007513550871274249,False
2230,761.4656004439349,23957.158441035128,24400.158441035128,23542.158441035128,23981.158441035128,0.007957341318153942,262.4498426029129,6.653888996923513e-05,2.194592452576842,0.008806382494961384,0.00755575743017132,False
2231,761.7451229672307,24038.162183819248,24482.162183819248,23610.162183819248,24061.162183819248,0.007948509619728853,262.1585546250687,0.0002691204889542862,8.876159403409531,0.035097802735955634,0.007667730398364457,False
2232,762.024640480807,24100.16592360198,24533.16592360198,23672.16592360198,24113.16592360198,0.007733563489889872,255.06917945705305,0.00028267483147293923,9.32321011021918,0.03699593891528733,0.007640698945908718,False
2233,762.3041529602923,24127.16966039991,24550.16966039991,23716.16966039991,24130.16966039991,0.007548119628263886,248.95285110698202,-3.229269683311005e-05,-1.0650810191763753,-0.0043183739821652505,0.0074779759618962775,False
2234,762.5836603813153,24221.173394229627,24623.173394229627,23800.173394229627,24200.173394229627,0.007148844659751819,235.78392338960398,8.951196635996386e-05,2.9522928001911453,0.011824095085382279,0.007570301635228256,False
2235,762.8631627195047,24300.177125107715,24691.177125107715,23872.177125107715,24266.177125107715,0.006932355741907198,228.6436638302997,0.00017697940758598998,5.837152863976343,0.02319848371152447,0.007628921346185686,False
2236,763.142659950489,24384.180853050762,24781.180853050762,23964.180853050762,24356.180853050762,0.007013826432213844,231.33073844389563,3.277528130896188e-05,1.080997669558144,0.004353092574451277,0.00752919464688695,False
2237,763.4221520498969,24424.184578075347,24822.184578075347,24006.184578075347,24404.184578075347,0.0070199273637237885,231.531959988944,0.00012123273577478635,3.9985104509497944,0.016302795036869513,0.007436316012107924,False
2238,763.7016389933572,24513.188300198057,24916.188300198057,24091.188300198057,24501.188300198057,0.007081803024859029,233.57274935270382,0.00024712285697231495,8.150631262730911,0.033313867124092206,0.007418017729727887,False
2239,763.9811207564984,24614.192019435475,25037.192019435475,24193.192019435475,24614.192019435475,0.007400035833030117,244.06873627550198,9.237603361561889e-05,3.0467557584076133,0.012405755652595581,0.007446223849837927,False
2240,764.2605973149491,24724.19573580418,25132.19573580418,24294.19573580418,24704.19573580418,0.007108260307234387,234.44536613731654,0.0001599331240989075,5.274930604144117,0.02121218893595844,0.0075396803499044995,False
2241,764.540068644338,24835.199449320753,25237.199449320753,24405.199449320753,24813.199449320753,0.0069735078281646535,230.00094613468073,0.00022689736437441366,7.483552003886587,0.030366990920845473,0.007471842204117089,False
2242,764.8195347202939,24993.203160001776,25382.203160001776,24559.203160001776,24967.203160001776,0.006707396480785376,221.22403454547882,0.00044822696680803156,14.783467515810969,0.06070628968803085,0.007383534212212053,False
2243,765.0989955184451,25081.206867863828,25470.206867863828,24652.206867863828,25051.206867863828,0.006684042075404373,220.45375716623093,0.00028880778263543853,9.525487730712513,0.039303078684143455,0.00734822289511778,False
2244,765.3784510144205,25159.210572923483,25542.210572923483,24728.210572923483,25120.210572923483,0.006561470932828738,216.41110324572549,0.000269114365814351,8.875957449383918,0.03651601590951129,0.007369762530535405,False
2245,765.6579011838488,25188.21427519732,25579.21427519732,24752.21427519732,25156.21427519732,0.006689820814108418,220.64435211530767,0.00034140850865822976,11.260370239017817,0.046057744410779755,0.007412618942284189,False
2246,765.9373460023585,25290.217974701914,25698.217974701914,24852.217974701914,25278.217974701914,0.006950436006770385,229.23998896929263,0.000430864368978651,14.210812544092818,0.05844617101432928,0.007371986248218309,False
2247,766.2167854455782,25341.221671453844,25773.221671453844,24908.221671453844,25349.221671453844,0.007341161175478108,242.12692631787536,0.0002807459341486254,9.259591022018384,0.038225575150330135,0.007344452844582006,False
2248,766.4962194891368,25418.22536546968,25851.22536546968,24993.22536546968,25427.22536546968,0.007335907805653308,241.95365913873496,0.00014075920588468068,4.642534478829617,0.01940826037321911,0.007252541092189292,False
2249,766.7756481086626,25517.229056765995,25943.229056765995,25092.229056765995,25506.229056765995,0.007190518016881263,237.15839830302826,-8.350588106467109e-05,-2.7541994826639495,-0.011382992699384031,0.00733602166583045,False
2250,767.0550712797844,25644.23274535936,26083.23274535936,25213.23274535936,25650.23274535936,0.007371706821343419,243.13438592392058,9.107050762198823e-05,3.0036967669879004,0.012448738005063796,0.0073156417610317865,False
2251,767.334488978131,25716.236431266352,26189.236431266352,25285.236431266352,25759.236431266352,0.00791542645000137,261.06740214830177,0.00015053995815297871,4.965124247286155,0.020720915243005417,0.007265121081164366,False
2252,767.6139011793309,25711.240114503536,26222.240114503536,25279.240114503536,25787.240114503536,0.00854676565613139,281.8902962096454,9.408343907732833e-05,3.103069579414978,0.012867048437567318,0.007311967428570279,False
2253,767.8933078590127,25747.24379508748,26275.24379508748,25315.24379508748,25843.24379508748,0.008816009049999471,290.7705092754518,0.0001489013582630632,4.91107977866244,0.020469846679604928,0.007274180436897001,False
2254,768.172708992805,25733.247473034753,26248.247473034753,25299.247473034753,25820.247473034753,0.008605715428375054,283.8345836076901,0.0002470817344796417,8.149274956485158,0.03401712016026057,0.007263452441464672,False
2255,768.4521045563367,25698.251148361924,26221.251148361924,25252.251148361924,25794.251148361924,0.008749841082253048,288.58815061744315,0.0004729830029327822,15.59997362314482,0.06420312708540554,0.00736697765988254,False
2256,768.7314945252364,25688.254821085553,26242.254821085553,25247.254821085553,25811.254821085553,0.009266547648297329,305.63021925673,0.000328407341278647,10.831564411040972,0.04464340850257623,0.00735623359178983,False
2257,769.0108788751323,25656.25849122221,26245.25849122221,25222.25849122221,25820.25849122221,0.009857531985116755,325.12212490430994,0.00031908150747360885,10.523978809718301,0.04401239874559092,0.007249809521131221,False
2258,769.2902575816536,25673.262158788453,26278.262158788453,25234.262158788453,25853.262158788453,0.010115585391425755,333.63326865962824,0.0004091540429268445,13.494760356893607,0.05615721393358407,0.007285867910233976,False
2259,769.5696306204287,25704.265823800848,26317.265823800848,25269.265823800848,25883.265823800848,0.010235563310665635,337.5903926236957,0.00019088523482174193,6.295796275559098,0.026087420483767925,0.007317137198003699,False
2260,769.8489979670862,25724.269486275956,26353.269486275956,25289.269486275956,25920.269486275956,0.01049145252320369,346.0301567194221,0.00021177558542207625,6.984803948821707,0.02900686368288161,0.007300878431302297,False
2261,770.1283595972549,25660.27314623033,26309.27314623033,25222.27314623033,25872.27314623033,0.010847574870892383,357.77582029741234,0.00020278817535371654,6.688380273684402,0.027494254972693245,0.007375656316387615,False
2262,770.4077154865632,25627.27680368054,26279.27680368054,25178.27680368054,25835.27680368054,0.010910949628515541,359.8660530143689,0.0002761656253649804,9.108522810755687,0.03663464480111119,0.007538373221967306,False
2263,770.6870656106402,25566.280458643134,26216.280458643134,25121.280458643134,25774.280458643134,0.010903525667736513,359.6211951830853,0.00024125215956071096,7.957003322186324,0.03214487923325813,0.007505150596773862,False
2264,770.966409945114,25526.284111134668,26177.284111134668,25082.284111134668,25737.284111134668,0.010936987885244618,360.72484945239654,0.00025864595347364905,8.530687206312734,0.0345266713595673,0.007491192845671714,False
2265,771.2457484656136,25489.2877611717,26143.2877611717,25047.2877611717,25716.2877611717,0.011002502952332585,362.885674074325,0.0004450685625957667,14.67929670608413,0.060352692818592325,0.007374460720974795,False
2266,771.5250811477675,25449.291408770787,26102.291408770787,25013.291408770787,25679.291408770787,0.011002939203912623,362.90006256841343,0.00040925375466573273,13.498049059631285,0.05606042986075352,0.007300225055039061,False
2267,771.8044079672043,25409.295053948474,26049.295053948474,24969.295053948474,25621.295053948474,0.010803358604234226,356.3174748826634,0.000391437909585738,12.910445040885065,0.05296417868540738,0.007390616059785828,False
2268,772.0837288995529,25388.29869672132,26001.29869672132,24947.29869672132,25576.29869672132,0.010361441179164247,341.74210931571207,0.0004527271601865845,14.931893352615134,0.06131433116243877,0.007383708695886838,False
2269,772.3630439204418,25348.302337105863,25955.302337105863,24905.302337105863,25527.302337105863,0.010277213619704222,338.96410736263766,0.00043589022635829276,14.376575884572276,0.05859436486651757,0.007439115132509481,False
2270,772.6423530054994,25283.30597511866,25885.30597511866,24837.30597511866,25458.30597511866,0.010219442422328934,337.05869184105694,0.000505571908506381,16.674824229198407,0.06762068137005266,0.007476587018395306,False
2271,772.9216561303547,25190.309610776254,25794.309610776254,24745.309610776254,25362.309610776254,0.01029040300968489,339.39912116763276,0.00040550486257101385,13.374402718365275,0.05379574742948849,0.007537860926693505,False
2272,773.2009532706362,25093.313244095196,25720.313244095196,24653.313244095196,25284.313244095196,0.010718245484481966,353.5102652897481,0.000257622748685871,8.496939761686917,0.03410458894771951,0.007553902763079559,False
2273,773.4802444019726,25055.316875092027,25671.316875092027,24610.316875092027,25236.316875092027,0.01054824783194855,347.90338538270265,0.0003605184887730314,11.890657551418542,0.04742145083111878,0.007602434814930902,False
2274,773.7595294999924,25056.32050378329,25647.32050378329,24607.32050378329,25218.32050378329,0.010124703410921738,333.93400010822296,0.0005271306718070169,17.385877558286552,0.06945613153371576,0.007589404422144277,False
2275,774.0388085403243,25038.324130185523,25624.324130185523,24592.324130185523,25199.324130185523,0.010047161987558204,331.3765209775318,0.000542156505687454,17.881461143208526,0.0719555339007345,0.007534604724570319,False
2276,774.3180814985972,25017.32775431527,25607.32775431527,24564.32775431527,25180.32775431527,0.010123341825465608,333.8890921578958,0.0006331534765091247,20.882732511951417,0.08309691602009887,0.007619458180084351,False
2277,774.5973483504395,25047.331376189068,25616.331376189068,24597.331376189068,25197.331376189068,0.0097554711740915,321.7559448300187,0.000711084351574038,23.45305657836184,0.09458515873281224,0.007517927348229505,False
2278,774.8766090714796,25025.334995823458,25584.334995823458,24582.334995823458,25167.334995823458,0.009594233226380736,316.43797840048217,0.0006198639826405367,20.444417070319275,0.08323858096411864,0.00744683505486163,False
2279,775.1558636373468,25012.33861323497,25534.33861323497,24570.33861323497,25117.33861323497,0.008970313843000755,295.85980568952806,0.0005921649198007417,19.530843755829608,0.07951644045889318,0.0074470753014512425,False
2280,775.4351120236691,25012.342228440142,25525.342228440142,24567.342228440142,25116.342228440142,0.008817211324637432,290.81016282013246,0.0007810049880461693,25.75918613886472,0.10546020909937578,0.007405684046294879,False
2281,775.7143542060755,24970.345841455506,25476.345841455506,24521.345841455506,25069.345841455506,0.00871257839302501,287.3591488024087,0.0008861207197625662,29.22612391883905,0.11914717538076093,0.007437194519557624,False
2282,775.9935901601946,24955.349452297593,25458.349452297593,24512.349452297593,25049.349452297593,0.00866658779022133,285.8422820520153,0.000744924278754935,24.56916850660832,0.10058043627971855,0.007406254201197421,False
2283,776.2728198616551,24906.353060982932,25391.353060982932,24460.353060982932,24984.353060982932,0.00837570412270559,276.24832727454515,0.0008296829249213322,27.364686815576306,0.11162788981173466,0.0074325773453267725,False
2284,776.5520432860854,24861.356667528056,25347.356667528056,24423.356667528056,24942.356667528056,0.008407851805069129,277.3086254117019,0.0007242816513690943,23.888331265661463,0.09844352502337025,0.007357331538028038,False
2285,776.8312604091143,24821.360271949485,25309.360271949485,24389.360271949485,24893.360271949485,0.00845558969413288,278.88312133566006,0.00042752583434594975,14.100700654474906,0.05768484641100551,0.007411406304175986,False
2286,777.1104712063704,24792.36387426375,25301.36387426375,24358.36387426375,24883.36387426375,0.008825995162723543,291.09987226339706,0.0004349813801909335,14.346600227623924,0.05836848538906177,0.00745233283494536,False
2287,777.3896756534825,24693.367474487368,25217.367474487368,24265.367474487368,24802.367474487368,0.00911942773474285,300.7778952690636,0.0003868373757849111,12.758709766043808,0.052275122748208266,0.007400028071635088,False
2288,777.6688737260791,24643.371072636866,25153.371072636866,24217.371072636866,24742.371072636866,0.008896081182404668,293.41145650975983,0.00041823840471244544,13.794381703453155,0.05679499545009603,0.007364001025054018,False
2289,777.948065399789,24571.374668728768,25108.374668728768,24152.374668728768,24696.374668728768,0.009389146422168005,309.67378451542544,0.0002842216332835674,9.374226885233156,0.03878831696087963,0.0073275062068359955,False
2290,778.2272506502406,24500.378262779584,25076.378262779584,24078.378262779584,24662.378262779584,0.01009202278511546,332.8561243761044,0.00031569895403174043,10.412415087248803,0.04273300811434436,0.007387707254003691,False
2291,778.5064294530627,24447.381854805837,25044.381854805837,24036.381854805837,24637.381854805837,0.010477960885317184,345.58517414318266,0.0002474989771938437,8.16303649822271,0.03418724734498754,0.007239511701433648,False
2292,778.7856017838839,24419.385444824038,25038.385444824038,24012.385444824038,24631.385444824038,0.010871590753523532,358.56791458676184,0.0001819435934089491,6.0008821468858855,0.0252403135220639,0.007208452194934208,False
2293,779.0647676183328,24377.389032850708,24980.389032850708,23961.389032850708,24580.389032850708,0.010612009405574909,350.0063761045125,0.0004647524236009778,15.328511816519097,0.06416731586924156,0.007242821634428933,False
2294,779.3439269320381,24321.392618902355,24914.392618902355,23908.392618902355,24518.392618902355,0.010461865505439455,345.0543146831382,0.0004797506016794451,15.823183254961123,0.0666488367904713,0.007198184166179393,False
2295,779.6230797006285,24279.39620299549,24833.39620299549,23869.39620299549,24437.39620299549,0.00979823531643736,323.16639613265596,0.0004152614849946244,13.696196633824286,0.0577649170536564,0.0071888181646465165,False
2296,779.9022258997326,24267.39978514662,24779.39978514662,23858.39978514662,24388.39978514662,0.009067537708428221,299.0664531309885,0.0004744562437819042,15.648564203026808,0.06640669365970432,0.007144705113813021,False
2297,780.1813655049791,24251.403365372254,24746.403365372254,23833.403365372254,24358.403365372254,0.00877521247729243,289.424952555235,0.00068754224641027,22.676588465742896,0.09539868913758213,0.007207040816029557,False
2298,780.4604984919964,24239.406943688897,24744.406943688897,23828.406943688897,24348.406943688897,0.008955059504243848,295.35668553347443,0.00042048374679297396,13.868437804864868,0.0582650571803722,0.007216739623051854,False
2299,780.7396248364134,24219.410520113055,24756.410520113055,23816.410520113055,24361.410520113055,0.009524107138230063,314.1250726117718,0.00030201552606018596,9.961106870871276,0.04232130166900411,0.007136253237725447,False
2300,781.0187445138588,24188.414094661228,24733.414094661228,23786.414094661228,24335.414094661228,0.009676673729561568,319.1570394811665,0.00023309173527328274,7.687855376386608,0.0325461938750659,0.007161873863593543,False
2301,781.297857499961,24117.417667349913,24631.417667349913,23714.417667349913,24225.417667349913,0.009158603891667474,302.0700072707441,0.00010020495398844857,3.3049700082993922,0.01378669219049149,0.007268237558647946,False
2302,781.5769637703489,24070.421238195617,24569.421238195617,23671.421238195617,24167.421238195617,0.008911235679854426,293.9112836896423,9.474235460165889e-05,3.124801998414682,0.013136792056495792,0.007211985558895357,False
2303,781.8560633006508,23996.42480721483,24499.42480721483,23595.42480721483,24098.42480721483,0.009009346580224939,297.1471874080271,0.00015150857851916645,4.997071382954175,0.02091797019374703,0.007242986633782308,False
2304,782.1351560664957,23933.428374424046,24445.428374424046,23534.428374424046,24050.428374424046,0.00919273797830746,303.19582119625977,0.00022642400873837051,7.467939740040208,0.03150006954650728,0.007188047899515711,False
2305,782.4142420435121,23885.43193983976,24417.43193983976,23483.43193983976,24027.43193983976,0.009566886464260025,315.53602470422607,0.00037890295273638845,12.497015816146302,0.0527567040056479,0.007182081592811878,False
2306,782.6933212073285,23817.435503478464,24383.435503478464,23422.435503478464,23998.435503478464,0.010199897660885403,336.4140645265463,0.0003509808784120192,11.576087114136271,0.04952142139174161,0.007087455661572553,False
2307,782.9723935335738,23759.439065356648,24369.439065356648,23367.439065356648,23981.439065356648,0.01100934952160888,363.1114883202006,0.0002547720687660765,8.402918345946716,0.03589512763377633,0.007097678307914498,False
2308,783.2514589978765,23688.442625490796,24352.442625490796,23297.442625490796,23958.442625490796,0.012006019441660047,395.9837572334022,0.0001443138070977238,4.759772698428321,0.02016653970789404,0.00715610160136859,False
2309,783.5305175758655,23658.446183897395,24332.446183897395,23264.446183897395,23936.446183897395,0.01219955345507692,402.3669157946278,0.00016739970792530555,5.5211942331214345,0.023218357608416815,0.007209799708857184,False
2310,783.809569243169,23600.449740592932,24277.449740592932,23205.449740592932,23876.449740592932,0.012282784558233022,405.1120525242979,9.69763593367378e-05,3.1984841703428515,0.013317633540624225,0.007281801157909945,False
2311,784.0886139754159,23578.45329559388,24234.45329559388,23175.45329559388,23838.45329559388,0.011917914179853717,393.07786050621183,0.00033192218740365174,10.947491424272982,0.045337659744176924,0.00732111426298935,False
2312,784.3676517482347,23500.456848916732,24138.456848916732,23103.456848916732,23749.456848916732,0.011633197531513251,383.68730698390556,0.00034351825317910367,11.329954047892898,0.04752880705158302,0.007227579956010325,False
2313,784.6466825372544,23459.460400577955,24092.460400577955,23061.460400577955,23704.460400577955,0.011563135299097688,381.37650729156076,0.00038013219181976497,12.537558704914545,0.052496134913259385,0.007241146275775663,False
2314,784.9257063181033,23389.46395059403,24036.46395059403,22992.46395059403,23639.46395059403,0.011850309569213728,390.84811834582257,0.00020180043693010866,6.655802584297419,0.027516287262491293,0.007333854128103686,False
2315,785.2047230664101,23314.467498981423,23973.467498981423,22920.467498981423,23581.467498981423,0.01210535386337908,399.2600152576414,0.00024200282439297387,7.981761826213926,0.03323745403170642,0.007281027727398089,False
2316,785.4837327578035,23280.471045756618,23928.471045756618,22883.471045756618,23539.471045756618,0.01192318607422837,393.2517386639441,0.00035161309449265044,11.59693892936184,0.048205425895082255,0.00729405638398313,False
2317,785.7627353679121,23257.474590936075,23907.474590936075,22867.474590936075,23528.474590936075,0.011971147719228258,394.83361452899976,0.0004044187930867891,13.338581863912225,0.056624311614939575,0.0071421405674111284,False
2318,786.0417308723648,23167.47813453627,23812.47813453627,22772.47813453627,23427.47813453627,0.01192583242899723,393.33902100672543,0.00038941503365453635,12.84372634069075,0.05353696091226196,0.007273760538868126,False
2319,786.3207192467898,23037.48167657366,23679.48167657366,22643.48167657366,23297.48167657366,0.011937189022872198,393.71358534370944,0.00042858475639750634,14.135626129536035,0.05889171285275789,0.007277505367674762,False
2320,786.5997004668161,23010.48521706472,23643.48521706472,22618.48521706472,23266.48521706472,0.01178571837064855,388.71776484970064,0.00048154616946376703,15.882404854680942,0.0666824105101413,0.00722148713251048,False
2321,786.8786745080722,22985.4887560259,23618.4887560259,22595.4887560259,23233.4887560259,0.01179836267635852,389.1348006297084,0.00029432610868301325,9.707493723004575,0.04040254966577323,0.007284839969699976,False
2322,787.1576413461868,22985.492293473668,23618.492293473668,22600.492293473668,23236.492293473668,0.011798360885042826,389.13474154835166,0.0002543088393646281,8.387640066602046,0.03527777013246913,0.007208756063937444,False
2323,787.4366009567884,22982.49582942448,23591.49582942448,22591.49582942448,23208.49582942448,0.011358288417528301,374.6202265595868,0.0003437183982161144,11.336555251908294,0.047211838848891845,0.007280343375656976,False
2324,787.7155533155059,22930.499363894785,23558.499363894785,22541.499363894785,23173.499363894785,0.011734110595336049,387.015631942953,0.0002747096371763791,9.060501259881846,0.03766572940702421,0.007293357688837137,False
2325,787.9944983979676,22852.502896901045,23502.502896901045,22458.502896901045,23128.502896901045,0.01218034221804428,401.7332888162398,0.0005863772254190609,19.33995342968001,0.08077064257264434,0.007259781608047489,False
2326,788.2734361798025,22813.50642845971,23469.50642845971,22436.50642845971,23101.50642845971,0.01231191501049076,406.07283607049976,0.0003731515763987451,12.307323335427839,0.05292756471430184,0.007050231357006187,False
2327,788.5523666366391,22748.509958587223,23361.509958587223,22375.509958587223,23006.509958587223,0.011547954368310041,380.87580828463314,0.0005298456210565804,17.475422291223595,0.0766216468569623,0.006915090484099084,False
2328,788.8312897441061,22748.51348730004,23345.51348730004,22382.51348730004,22991.51348730004,0.01125040799406066,371.06210343441387,0.0004082981271540109,13.466530455613793,0.059692544501581866,0.0068400188091025495,False
2329,789.1102054778319,22757.517014614597,23320.517014614597,22385.517014614597,22972.517014614597,0.010613298376337663,350.0488890696197,0.0006281542069433935,20.717846093460935,0.09178616623975833,0.0068436697236331535,False
2330,789.3891138134454,22755.52054054734,23308.52054054734,22387.52054054734,22956.52054054734,0.010427933868776405,343.9351779834016,0.0004721326500861812,15.571927198865126,0.06897773385674104,0.0068447109478364035,False
2331,789.6680147265753,22704.52406511471,23262.52406511471,22342.52406511471,22905.52406511471,0.01054443281657734,347.7775581567902,0.0002635654299950139,8.69294188247892,0.038485775950426356,0.006848385500516172,False
2332,789.94690819285,22680.52758833315,23241.52758833315,22313.52758833315,22875.52758833315,0.010611516608917421,349.9901226349149,0.00019136841091711362,6.311732438796184,0.02738045392792295,0.006989234415940547,False
2333,790.2257941878981,22674.531110219086,23227.531110219086,22309.531110219086,22853.531110219086,0.01046473544011744,345.14897116127617,-1.8654086448594703e-06,-0.06152509810237916,-0.0002646418255330455,0.007048805082500231,False
2334,790.5046726873486,22645.534630788956,23183.534630788956,22280.534630788956,22813.534630788956,0.010197072254858044,336.32087669690304,6.989824604360789e-05,2.3053910771066626,0.009954148788002522,0.007022021423655475,False
2335,790.78354366683,22609.538150059194,23139.538150059194,22245.538150059194,22770.538150059194,0.010062995462053278,331.8987422475443,6.738283163477791e-05,2.2224274226291527,0.009605421587825992,0.0070150832026133645,False
2336,791.0624071019708,22532.54166804623,23062.54166804623,22174.54166804623,22691.54166804623,0.010096985308229623,333.0197988193828,-8.763440324841172e-05,-2.8903668222291117,-0.012520366618999166,0.006999348015530947,False
2337,791.3412629683999,22501.545184766484,23050.545184766484,22142.545184766484,22679.545184766484,0.010468859445387883,345.28498952354647,-6.205805729989251e-05,-2.046805172657457,-0.008845431359471776,0.00701583165115403,False
2338,791.6201112417455,22464.548700236388,23015.548700236388,22099.548700236388,22659.548700236388,0.010523634821925858,347.0915965768483,0.00034421619686045984,11.352973697546417,0.04958326303295431,0.0069421852416547275,False
2339,791.8989518976367,22438.552214472358,22987.552214472358,22074.552214472358,22631.552214472358,0.01049789687636589,346.2427050324169,0.00032454214060287194,10.704081968296919,0.04675956275673733,0.0069406581556648635,False
2340,792.177784911702,22431.55572749082,22965.55572749082,22057.55572749082,22603.55572749082,0.01021756420233413,336.9967441977046,0.00040181332967011325,13.252648203877584,0.056584635560192824,0.00710110307669434,False
2341,792.45661025957,22378.559239308186,22914.559239308186,22007.559239308186,22554.559239308186,0.010279385373107205,339.03573635478426,0.0003830796193522567,12.634771060280116,0.054193761385507626,0.007068703289059744,False
2342,792.7354279168693,22343.562749940877,22871.562749940877,21971.562749940877,22521.562749940877,0.010143415853569992,334.5511757993732,0.0005941589950566664,19.596612549215592,0.0849478543104978,0.006994396737614133,False
2343,793.0142378592287,22279.5662594053,22817.5662594053,21909.5662594053,22471.5662594053,0.010362588641703457,341.7799550421636,0.0006369750092445406,21.00877469423449,0.09159224771838945,0.00695446421626196,False
2344,793.2930400622769,22291.56976771787,22825.56976771787,21928.56976771787,22473.56976771787,0.010280974637033436,339.08815361962394,0.00038078096464954324,12.558956596528503,0.05486792916765759,0.0069399550962823305,False
2345,793.5718345016421,22294.573274894992,22829.573274894992,21923.573274894992,22471.573274894992,0.010298629601093387,339.6704514441652,0.00042350933113717744,13.968227936162464,0.05985093051768192,0.007076069285373248,False
2346,793.8506211529534,22253.576780953073,22788.576780953073,21890.576780953073,22423.576780953073,0.01031737858851159,340.28883245864375,0.00013030476647920772,4.297725092532744,0.018411214162619118,0.007077467315749859,False
2347,794.1293999918393,22193.58028590852,22726.58028590852,21831.58028590852,22370.58028590852,0.010306722867112652,339.9373843691177,0.000285353447997988,9.411556513532219,0.0407675825298976,0.006999518497048953,False
2348,794.4081709939285,22141.583789777727,22664.583789777727,21778.583789777727,22322.583789777727,0.01013906534312301,334.4076868202782,0.000575761272670729,18.98981699384268,0.08355062008986888,0.006891166960238327,False
2349,794.6869341348495,22139.587292577096,22649.587292577096,21769.587292577096,22308.587292577096,0.009890772094511448,326.21845358118065,0.0007311012753643317,24.113256799530177,0.10513732933911951,0.006953774458224738,False
2350,794.965689390231,22104.59079432302,22615.59079432302,21732.59079432302,22264.59079432302,0.009925457895046987,327.3624641906464,0.0005777569597622424,19.055638948954368,0.08157991166072473,0.007082098374475118,False
2351,795.2444367357017,22060.594295031897,22573.594295031897,21688.594295031897,22226.594295031897,0.009983507588119313,329.2770650856993,0.0006580097957245325,21.702546166405057,0.09324481153167763,0.007056797959219316,False
2352,795.5231761468903,21999.597794720114,22529.597794720114,21629.597794720114,22184.597794720114,0.010338697682291719,340.99198098317254,0.0006644179617581753,21.91390095183641,0.0944568707129408,0.007034088221886739,False
2353,795.8019075994252,21930.601293404063,22476.601293404063,21562.601293404063,22140.601293404063,0.010680102481613529,352.2522288804784,0.000808156187680896,26.654689773270547,0.11636001046844305,0.006945308653956066,False
2354,796.0806310689353,21851.604791100122,22400.604791100122,21496.604791100122,22065.604791100122,0.010776406706170388,355.4285446329874,0.0005695565664976671,18.785172742275563,0.08340645603776875,0.0068286868134015445,False
2355,796.3593465310491,21755.608287824685,22325.608287824685,21408.608287824685,21984.608287824685,0.011232069900401029,370.45727455977107,0.0002982260799927628,9.83612297434314,0.0436406162940308,0.006833681678174523,False
2356,796.6380539613955,21719.611783594126,22293.611783594126,21373.611783594126,21946.611783594126,0.011328375737344687,373.63364349218585,0.0001611888018991179,5.316345497366456,0.023382563296291972,0.006893547121272173,False
2357,796.9167533356027,21664.615278424826,22238.615278424826,21312.615278424826,21890.615278424826,0.011356760527532083,374.56983353596377,0.0002644624941686158,8.722528944507985,0.037877731556412754,0.006982004552588945,False
2358,797.1954446292998,21620.618772333157,22187.618772333157,21268.618772333157,21842.618772333157,0.011242576116239605,370.8037916416633,0.0003228429664382422,10.648039632769041,0.04633614648384487,0.006967410778339144,False
2359,797.4741278181151,21554.622265335493,22142.622265335493,21203.622265335493,21795.622265335493,0.011688634959386848,385.5157498818548,0.00027057885692548245,8.924259444515485,0.038681375146339673,0.006995068192426625,False
2360,797.7528028776774,21482.625757448208,22085.625757448208,21130.625757448208,21739.625757448208,0.012022345946147815,396.52223966889795,0.00031735925220091957,10.467175210731341,0.04523155069108017,0.007016324829727848,False
2361,798.0314697836154,21394.629248687666,22016.629248687666,21039.629248687666,21674.629248687666,0.012446064214573766,410.4973587960198,0.00046753065601201627,15.420143761139627,0.06647748814239296,0.007032916993051519,False
2362,798.3101285115577,21312.63273907023,21974.63273907023,20958.63273907023,21636.63273907023,0.01328452425226201,438.1515332396973,0.0005422016316679774,17.882949492898717,0.07742360964187509,0.007003052869479286,False
2363,798.5887790371328,21235.63622861227,21912.63622861227,20882.63622861227,21578.63622861227,0.013629351907147598,449.5246741081663,0.0006093186415593848,20.096609555687678,0.08735382150798257,0.006975294624101866,False
2364,798.8674213359694,21180.639717330138,21860.639717330138,20833.639717330138,21523.639717330138,0.013723793812012766,452.63956664274133,0.00042677049928474195,14.075788116480112,0.06131285942774009,0.0069605381851047055,False
2365,799.1460553836963,21140.643205240194,21821.643205240194,20796.643205240194,21485.643205240194,0.013769253958744726,454.13893783689747,0.0003858645501934616,12.72662393320735,0.05566405795126513,0.006932023362926448,False
2366,799.424681155942,21143.646692358794,21796.646692358794,20796.646692358794,21461.646692358794,0.013209791479744801,435.6866893175603,0.0004599358450236759,15.169650930834507,0.06611492494578142,0.0069566114670908796,False
2367,799.7032986283352,21126.65017870229,21764.65017870229,20773.65017870229,21428.65017870229,0.012921049976308555,426.1633876141527,0.000560951124003374,18.501347160607565,0.07971054325513008,0.007037351661347157,False
2368,799.9819077765047,21078.653664287023,21701.653664287023,20734.653664287023,21360.653664287023,0.012649960144185894,417.22227513359024,0.00026779276240264903,8.832368190922182,0.038189625416246126,0.007012186149611412,False
2369,800.2605085760789,21071.65714912935,21681.65714912935,20716.65714912935,21346.65714912935,0.01239378126961644,408.7729573752132,0.0006164148884145858,20.33065869292534,0.08717746703354157,0.00707080521366169,False
2370,800.5391010026865,21002.660633245607,21618.660633245607,20645.660633245607,21280.660633245607,0.012554469106079975,414.07277997951,0.0006018526212717163,19.85036451340227,0.08423876084656749,0.007144604398537282,False
2371,800.8176850319562,20968.664116652137,21582.664116652137,20615.664116652137,21249.664116652137,0.012534288941131098,413.40719572180694,0.0006204510108279576,20.463778493844075,0.08784266745997803,0.007063207764161319,False
2372,801.0962606395166,20932.667599365275,21545.667599365275,20591.667599365275,21213.667599365275,0.012535378271833597,413.4431241380936,0.0003888622358161637,12.825493906028157,0.056043110185402034,0.006938626970018761,False
2373,801.3748278009964,20856.67108140136,21458.67108140136,20519.67108140136,21135.67108140136,0.012357830762458097,407.5872340829779,0.00048781595798905175,16.089195659024085,0.07141533504262015,0.006830689202787143,False
2374,801.6533864920242,20786.674562776723,21398.674562776723,20449.674562776723,21068.674562776723,0.01260185714462576,415.6357370980175,0.00034895670206165456,11.509325523384689,0.05039713708414809,0.0069241374064364335,False
2375,801.9319366882287,20704.678043507694,21332.678043507694,20359.678043507694,21005.678043507694,0.012976897323477558,428.0053505120941,0.0005889013632640102,19.423204801416887,0.08409122634512836,0.0070031249258636465,False
2376,802.2104783652384,20627.681523610598,21297.681523610598,20292.681523610598,20971.681523610598,0.013881910899054361,457.854600527517,0.00041190344776340267,13.585441507513679,0.059652697609753245,0.006905026331886393,False
2377,802.4890114986821,20531.685003101757,21210.685003101757,20201.685003101757,20879.685003101757,0.014130101667444996,466.04045375351996,0.00020624577932786686,6.8024193204611265,0.029744664602445,0.006933874766599773,False
2378,802.7675360641883,20505.688481997495,21164.688481997495,20176.688481997495,20833.688481997495,0.013737525200364618,453.0924566932713,0.00017875207929748428,5.895619303088097,0.02577501723992806,0.006935090581455735,False
2379,803.046052037386,20457.69196031413,21105.69196031413,20119.69196031413,20776.69196031413,0.013542960303080344,446.6752974152329,0.0004121133510120809,13.59236455786123,0.058628344181726806,0.007029251068982566,False
2380,803.3245593939033,20420.695438067974,21063.695438067974,20084.695438067974,20735.695438067974,0.013464038497770125,444.07229038644687,0.0003893163774490102,12.840472451662151,0.05553237936012976,0.007010619424827406,False
2381,803.6030581093693,20393.698915275338,21026.698915275338,20067.698915275338,20700.698915275338,0.01327509275695587,437.8404626999733,0.00021233949238741445,7.003402785842582,0.030808411772834502,0.006892257022306033,False
2382,803.8815481594123,20370.702391952538,20966.702391952538,20043.702391952538,20646.702391952538,0.012524126774997474,413.07202612235926,0.00034862526057455497,11.498393886466886,0.05086638484266496,0.006853745585672921,False
2383,804.1600295196613,20331.70586811587,20903.70586811587,20006.70586811587,20587.70586811587,0.01204946760572993,397.4167690102769,0.00038290001662933705,12.628847384962455,0.05625273088669201,0.006806780943677201,False
2384,804.4385021657447,20309.709343781647,20850.709343781647,19991.709343781647,20545.709343781647,0.011417126138466165,376.56081827004004,0.00045408477490040816,14.976670339514783,0.06852313457627524,0.006626736761362722,False
2385,804.7169660732912,20223.712818966163,20744.712818966163,19907.712818966163,20437.712818966163,0.011046537445569198,364.3380242195528,0.0003643877619007325,12.018274312187202,0.05473483240947949,0.006657328539433408,False
2386,804.9954212179294,20162.71629368572,20672.71629368572,19841.71629368572,20366.71629368572,0.010848505268612372,357.80650676986664,0.0004932728967281443,16.26917696884948,0.07336912491552515,0.006723167235483357,False
2387,805.2738675752881,20081.71976795661,20584.71976795661,19759.71976795661,20277.71976795661,0.010744056679529783,354.3615727562555,0.0004942791227296184,16.302364417414424,0.07297806869219992,0.006772981685968462,False
2388,805.5523051209959,20006.72324179512,20517.72324179512,19686.72324179512,20208.72324179512,0.010953202963368788,361.2596568122081,0.000412237341042513,13.596454009685658,0.06065516229035248,0.006796409826902426,False
2389,805.8307338306813,19953.72671521754,20469.72671521754,19635.72671521754,20162.72671521754,0.011088024716758007,365.7063616275118,0.00041425995805558294,13.663164170215566,0.06119134655083585,0.006769910802852308,False
2390,806.1091536799729,19892.730188240163,20420.730188240163,19578.730188240163,20120.730188240163,0.011376874995300835,375.23325096257423,0.0004823408960337814,15.908616607435192,0.07232907114142803,0.006668700267014908,False
2391,806.3875646444997,19796.73366087926,20309.73366087926,19481.73366087926,20014.73366087926,0.011110687904922915,366.45384121006913,0.0006115256379641762,20.169400936112936,0.09181824372298714,0.006660175725089347,False
2392,806.66596669989,19760.737133151117,20255.737133151117,19451.737133151117,19957.737133151117,0.01074491135454142,354.3897617346231,0.000407994836526716,13.456527293223985,0.06143805098200188,0.00664075161899646,False
2393,806.9443598217725,19711.740605072006,20197.740605072006,19403.740605072006,19894.740605072006,0.01057781489436106,348.8785692495415,0.0002750059180566967,9.070273226082293,0.04103333540725495,0.006702012286529209,False
2394,807.2227439857761,19682.7440766582,20146.7440766582,19375.7440766582,19852.7440766582,0.01011922400998934,333.75327794804804,0.0004429306013575846,14.608782250562058,0.06705186578278308,0.006605790848422834,False
2395,807.5011191675292,19610.747547925974,20081.747547925974,19306.747547925974,19782.747547925974,0.010307354180080351,339.9582063977805,0.0002701368690451473,8.909681755185773,0.04062231343690756,0.006649962697587612,False
2396,807.7794853426605,19544.751018891588,20020.751018891588,19232.751018891588,19724.751018891588,0.010450222399440198,344.67030057406106,0.000519898113914034,17.1473325965041,0.0772647962830407,0.006728783856615817,False
2397,808.0578424867987,19469.754489571307,19954.754489571307,19160.754489571307,19655.754489571307,0.01068591370174666,352.4438951353608,0.0003911990292492975,12.9025662652748,0.057935932884429366,0.0067522694426904555,False
2398,808.3361905755722,19456.757959981394,19958.757959981394,19124.757959981394,19665.757959981394,0.011063035150728553,364.88215321305273,0.0010517070514329818,34.68750919144867,0.151353603538152,0.0069486753327804044,False
2399,808.6145295846101,19357.761430138104,19900.761430138104,19038.761430138104,19606.761430138104,0.012014560221582411,396.2654501075305,0.0007526124025052042,24.822738987940625,0.11002887920466463,0.006840135134933716,False
2400,808.8928594895407,19307.764900057693,19894.764900057693,18997.764900057693,19588.764900057693,0.013006809362448517,428.99191243095385,0.0002977356831237229,9.819948654812777,0.043271602799625525,0.006880625256763069,False
2401,809.1711802659927,19228.768369756406,19842.768369756406,18920.768369756406,19534.768369756406,0.013650794825881316,450.2319066399383,0.00021870212933819584,7.213255926421368,0.03168058964083175,0.006903347816996438,False
2402,809.4494918895947,19169.771839250494,19793.771839250494,18865.771839250494,19486.771839250494,0.013911616002755802,458.8343372862206,0.0001537064272044853,5.069561052363042,0.02238819305763789,0.00686551285352827,False
2403,809.7277943359754,19099.775308556204,19722.775308556204,18791.775308556204,19421.775308556204,0.013939768855604136,459.7628775490357,0.00038134560273792376,12.577579547523953,0.05551064412535123,0.006869774414376982,False
2404,810.0060875807636,19036.778777689775,19647.778777689775,18735.778777689775,19348.778777689775,0.013719996499724045,452.51432330170036,0.00026181284651645605,8.635137995513958,0.03855401176696092,0.006790806832217084,False
2405,810.2843715995878,18993.78224666744,19591.78224666744,18684.78224666744,19288.78224666744,0.013462490419573966,444.0212315135552,0.0003542789700597508,11.68486510910094,0.05100273224747355,0.0069462743356715016,False
2406,810.5626463680766,18925.785715505437,19509.785715505437,18622.785715505437,19203.785715505437,0.013198580828847903,435.31693848675786,0.00014362438823216535,4.737034215118399,0.020702732996926706,0.006937460298284589,False
2407,810.8409118618587,18829.78918422,19389.78918422,18520.78918422,19090.78918422,0.012727629489525294,419.78397339993097,0.00043676400716224223,14.405395012129645,0.06268511356301691,0.006967587395740559,False
2408,811.1191680565628,18765.792652827353,19324.792652827353,18460.792652827353,19025.792652827353,0.012747929406477364,420.453507330412,0.0003444855614297467,11.361857907232263,0.04960676557641948,0.006944326190730273,False
2409,811.3974149278174,18720.796121343723,19265.796121343723,18416.796121343723,18970.796121343723,0.012462646470128102,411.0442764392667,0.00040882986569215456,13.484068310289501,0.05920078508345768,0.006905818311628993,False
2410,811.6756524512513,18676.79958978533,19202.79958978533,18371.79958978533,18908.79958978533,0.012062090779749136,397.83310782270553,0.00045016886171757135,14.847515291692787,0.06499999833245573,0.006925674973329861,False
2411,811.9538806024931,18632.80305816839,19153.80305816839,18329.80305816839,18863.80305816839,0.011976823978463353,395.02082948978386,0.0004946309009264769,16.313966801766753,0.07196641706529348,0.006873079432003814,False
2412,812.2320993571714,18547.80652650912,19098.80652650912,18254.80652650912,18807.80652650912,0.012713672191257977,419.3236323655377,0.00024724197514824214,8.154560030553341,0.03640353883008203,0.006791701661266348,False
2413,812.5103086909149,18442.80999482373,19020.80999482373,18155.80999482373,18736.80999482373,0.013401915276731983,442.0233359767309,0.00027810837420596916,9.172598751091698,0.041680356480083454,0.00667240872421186,False
2414,812.7885085793522,18362.813463128427,18976.813463128427,18085.813463128427,18693.813463128427,0.01428406611747918,471.1185249411576,7.579141516768362e-05,2.4997601819629836,0.011547796235303142,0.006563279575022222,False
2415,813.066698998112,18262.816931439418,18875.816931439418,17985.816931439418,18599.816931439418,0.014337990934080542,472.89707873991574,0.00024051012923152065,7.932529602219404,0.0369031007635651,0.006517342018830552,False
2416,813.3448799228228,18225.8203997729,18837.8203997729,17947.8203997729,18553.8203997729,0.014343565657806838,473.0809448461972,7.806768577354149e-05,2.5748363711502407,0.011763670175554249,0.006636337521241606,False
2417,813.6230513291134,18141.82386814507,18734.82386814507,17865.82386814507,18454.82386814507,0.013968668279604073,460.71604129768554,0.00011818824636362739,3.8980967908064486,0.01791055575227559,0.006598803967800452,False
2418,813.9012131926124,18095.82733657213,18676.82733657213,17818.82733657213,18397.82733657213,0.013724660110190925,452.66813897757214,0.00016275901595675518,5.3681344574980585,0.024593589762113944,0.006617944656761048,False
2419,814.1793654889484,18004.83080507026,18572.83080507026,17728.83080507026,18294.83080507026,0.013489057835103012,444.8974807210709,0.00015924419787166286,5.252208369081302,0.024021170598333575,0.006629327127076402,False
2420,814.4575081937502,17938.83427365566,18499.83427365566,17660.83427365566,18228.83427365566,0.013373620201740764,441.09010492869965,0.00037406118690905786,12.337324202013292,0.05671054890275605,0.006595971898464186,False
2421,814.7356412826463,17857.837742344498,18434.837742344498,17582.837742344498,18167.837742344498,0.013810446820971102,455.4975650184425,0.00040382733681474693,13.319074392849075,0.06176627698715087,0.006537990575322427,False
2422,815.0137647312653,17745.841211152965,18328.841211152965,17473.841211152965,18060.841211152965,0.014038417640617938,463.0165218335625,0.0003111718750763298,10.263102507607755,0.047488158628570955,0.006552620359744065,False
2423,815.291878515236,17673.84468009723,18263.84468009723,17402.84468009723,17994.84468009723,0.014261171117160293,470.3633997065045,0.000266687199420388,8.795904399929782,0.040545705297584264,0.006577446303203841,False
2424,815.569982610187,17623.848149193476,18222.848149193476,17351.848149193476,17950.848149193476,0.01451551403035354,478.75216359959586,0.00022372070434716236,7.378779079008723,0.03367693416823067,0.0066431434414303235,False
2425,815.8480769917469,17547.851618457862,18141.851618457862,17280.851618457862,17868.851618457862,0.014457657112486528,476.84392083601796,7.384423100901052e-05,2.4355379555271384,0.01115153366234677,0.0066218901583327576,False
2426,816.1261616355443,17463.855087906562,18053.855087906562,17194.855087906562,17786.855087906562,0.01442983319065164,475.9262294094227,0.0002708135333524559,8.931999566355103,0.04099389286310072,0.006606192152983345,False
2427,816.404236517208,17396.858557555734,17989.858557555734,17134.858557555734,17729.858557555734,0.014556916267950921,480.1176964209733,0.0002678308743063341,8.83362520161512,0.04148304846835077,0.006456393254480175,False
2428,816.6823016123665,17284.862027421535,17871.862027421535,17019.862027421535,17618.862027421535,0.014503885754388646,478.36863861622396,0.000517933752058641,17.082543813523614,0.08028841391304757,0.0064509152294322785,False
2429,816.9603568966484,17204.865497520128,17794.865497520128,16939.865497520128,17543.865497520128,0.014643427951520812,482.97103358830475,0.0005719034402554748,18.862577571818292,0.08859340853592713,0.006455372354519488,False
2430,817.2384023456825,17139.868967867656,17730.868967867656,16871.868967867656,17481.868967867656,0.0147225228822508,485.57975065733564,0.0007021439758355258,23.15818419428672,0.10813474991638464,0.006493231605736913,False
2431,817.5164379350973,17067.872438480274,17650.872438480274,16803.872438480274,17399.872438480274,0.014586787966356887,481.1029278232058,0.0005499003756721695,18.136870252528638,0.08466437501451915,0.006495062127109149,False
2432,817.7944636405216,17049.875909374117,17614.875909374117,16779.875909374117,17362.875909374117,0.01415836557236931,466.9726567472268,0.0006745510206894786,22.248110534569776,0.1022790510051326,0.006595202185202403,False
2433,818.0724794375841,17009.879380565337,17567.879380565337,16742.879380565337,17307.879380565337,0.014018106973945533,462.34663335470935,0.0003956044510345265,13.047866335726098,0.0592818310749683,0.006673283261683361,False
2434,818.3504853019132,16965.882852070063,17518.882852070063,16701.882852070063,17260.882852070063,0.013929944619329261,459.4388535866411,0.0003676272379974366,12.125119043071834,0.05547233968042821,0.006627217098022334,False
2435,818.6284812091376,16885.88632390443,17443.88632390443,16626.88632390443,17183.88632390443,0.014119386587024297,465.6870478786866,0.00019107689089135904,6.302117495586515,0.028874940019819436,0.006617395248620638,False
2436,818.9064671348862,16823.889796084564,17378.889796084564,16562.889796084564,17124.889796084564,0.014095614390066628,464.9029908550635,0.0003960587457228666,13.062849929452057,0.06007923659124686,0.00659227327433401,False
2437,819.1844430547873,16789.8932686266,17352.8932686266,16531.8932686266,17097.8932686266,0.014323960213964114,472.43431609860977,0.0002960487380286505,9.764309659703883,0.04501055400459579,0.006577318244037221,False
2438,819.4624089444698,16682.896741546654,17248.896741546654,16426.896741546654,16994.896741546654,0.01448986059578211,477.9060594052042,0.0002731424213453272,9.008811187565243,0.04151502317317138,0.006579363335676576,False
2439,819.7403647795621,16592.900214860845,17152.900214860845,16339.900214860845,16902.900214860845,0.014415259692333711,475.4455648021389,0.0002965679156770925,9.781433229834533,0.04545368627272052,0.006524617473216483,False
2440,820.0183105356932,16548.903688585287,17104.903688585287,16294.90368858529,16850.903688585287,0.014351404717578668,473.33949351478054,0.00021999377236992142,7.255857028576202,0.033294889260347675,0.006607433670966478,False
2441,820.2962461884914,16506.907162736094,17048.907162736094,16255.907162736095,16794.907162736094,0.014030837128080334,462.76650059621716,0.00013556004414312303,4.471055196217264,0.02058081679539308,0.006586718374241955,False
2442,820.5741717135854,16430.910637329373,16961.910637329373,16178.91063732937,16709.910637329373,0.013813137167575143,455.58629830441674,0.0002117139450580393,6.9827709200507115,0.03204630748255303,0.006606500457917117,False
2443,820.8520870866041,16360.91411238122,16899.91411238122,16108.91411238122,16645.91411238122,0.014076932684715002,464.28682894456426,0.00016445079680378963,5.423932945871229,0.02469574775341559,0.006659073393760468,False
2444,821.1299922831759,16293.917587907741,16834.91758790774,16037.917587907741,16589.91758790774,0.014185479337965769,467.8669257283661,0.0005107718002268589,16.846327588049746,0.07713078776995226,0.006622151996557717,False
2445,821.4078872789294,16226.921063925032,16776.92106392503,15978.921063925032,16534.92106392503,0.014476137627008697,477.4534470500687,0.0003785370131022918,12.484946357827141,0.058241806628358136,0.006499403693256672,False
2446,821.6857720494935,16183.924540449181,16731.92454044918,15930.924540449181,16494.92454044918,0.014462052466277155,476.9888888428449,0.0006473001273532147,21.34931879233602,0.09929112685488227,0.006519214232499026,False
2447,821.9636465704967,16122.92801749628,16673.92801749628,15869.92801749628,16433.92801749628,0.014594007250362322,481.34103498427595,0.0005724162363473818,18.87949066480087,0.08695700648321104,0.006582750022080157,False
2448,822.2415108175676,16072.93149508241,16611.93149508241,15821.93149508241,16368.93149508241,0.014325037790229922,472.46985682886714,0.0004357935695843817,14.373387941000942,0.06585275245910022,0.006617697109244508,False
2449,822.519364766335,16022.934973223651,16546.93497322365,15770.934973223651,16311.934973223651,0.013975490026118765,460.9410368367072,0.0006725503953017367,22.18212570406837,0.10270526058052311,0.006548353915858506,False
2450,822.7972083924274,15989.938451936081,16499.938451936083,15740.938451936081,16260.938451936081,0.013635532137631115,449.7285111000455,0.0004794530619010775,15.813369767656923,0.0729045982744652,0.006576444740784008,False
2451,823.0750416714734,15937.941931235773,16433.94193123577,15691.941931235773,16195.941931235773,0.013309507904930767,438.975546619091,0.00042001074579972077,13.85283723788308,0.0641674464836911,0.006545542464534121,False
2452,823.3528645791018,15883.945411138793,16366.945411138793,15640.945411138793,16133.945411138793,0.013009248069007313,429.07234609930117,0.0004683348283294267,15.446667054497539,0.07248398338164187,0.00646121814061398,False
2453,823.6306770909412,15847.948891661208,16313.948891661208,15605.948891661208,16082.948891661208,0.012586035446959161,415.1139042525624,0.0004894661014672903,16.143620859454813,0.07602590907175863,0.006438148618588666,False
2454,823.9084791826202,15785.952372819076,16235.952372819076,15544.952372819076,16001.952372819076,0.012206980492222694,402.61187509095305,0.00037659720279603105,12.420967336543185,0.057999655362932064,0.006493093802704156,False
2455,824.1862708297674,15685.955854628455,16141.955854628455,15450.955854628455,15910.955854628455,0.012445166826432626,410.4677610488603,0.0002957522599562456,9.754531189693921,0.04615532290954529,0.006407760607283751,False
2456,824.4640520080115,15614.959337105398,16081.959337105398,15380.959337105398,15852.959337105398,0.012798102055014008,422.10830673952773,0.000328819593262605,10.845161348004808,0.0514341261295071,0.006393023815251824,False
2457,824.7418226929813,15506.962820265953,15981.962820265953,15278.962820265953,15752.962820265953,0.013103370390711867,432.1766981094914,0.00016500351904294788,5.4421628871130565,0.025983293101234733,0.006350369770300858,False
2458,825.0195828603051,15448.966304126165,15925.966304126165,15224.966304126165,15693.966304126165,0.013206366585233902,435.5737290976353,-2.9990893004703742e-05,-0.9891626906397732,-0.004716972276194138,0.00635808125395677,False
2459,825.297332485612,15354.969788702074,15815.969788702074,15132.969788702074,15588.969788702074,0.012846860432815044,423.71646052705734,4.6389902711323205e-05,1.53003650065574,0.007361599659912275,0.006301606288635915,False
2460,825.5750715445303,15303.973274009715,15767.973274009715,15078.973274009715,15538.973274009715,0.012971676570147516,427.833159093509,7.88716943424285e-05,2.6013542637377327,0.012337212879212807,0.006392991278874732,False
2461,825.8528000126886,15208.976760065125,15690.976760065125,14986.976760065125,15464.976760065125,0.01354998289546737,446.9069172732922,8.52549503578947e-05,2.811887464409949,0.013440083357111226,0.00634333494016507,False
2462,826.1305178657158,15150.980246884328,15646.980246884328,14925.980246884328,15420.980246884328,0.013989802317549815,461.4130862918182,0.00017931601196548644,5.914218987836705,0.027982224627610065,0.006408211439649273,False
2463,826.4082250792404,15065.98373448335,15569.98373448335,14837.98373448335,15346.98373448335,0.014290664648926825,471.3361583780813,0.00035747751319432225,11.790359784855525,0.05547563834843558,0.006443864799699113,False
2464,826.685921628891,15000.987222878211,15514.987222878211,14766.987222878211,15293.987222878211,0.014631581118972692,482.580300149423,0.0005972428023684091,19.698322996364425,0.09147089499904437,0.006529320636631452,False
2465,826.9636074902966,14941.99071208493,15474.99071208493,14707.99071208493,15251.99071208493,0.015221934917056675,502.0514093041474,0.0005512502696083266,18.181392591952033,0.08378313008401417,0.006579490036425665,False
2466,827.2412826390854,14895.994202119513,15436.994202119513,14663.994202119513,15216.994202119513,0.015493246444684394,510.9998337684595,0.0005833484580445008,19.240058315350723,0.08939466259686614,0.0065255401284433166,False
2467,827.5189470508861,14815.997692997973,15355.997692997973,14586.997692997973,15134.997692997973,0.015547136485536676,512.7772405899161,0.0004693083391069629,15.478775486211362,0.07186590934038084,0.006530333275046484,False
2468,827.7966007013275,14737.001184736311,15264.001184736311,14516.001184736311,15049.001184736311,0.015259272634971698,503.2828857229851,0.0004014087760362932,13.239305174682784,0.06310050816052112,0.006361419071541406,False
2469,828.0742435660383,14671.004677350527,15188.004677350527,14456.004677350527,14977.004677350527,0.01504086666109272,496.0793976261126,0.0003358186881550311,11.07600620930151,0.053785497298023316,0.006243666137253933,False
2470,828.3518756206469,14602.008170856618,15109.008170856618,14387.008170856618,14897.008170856618,0.014823368938944677,488.90586558042565,0.00030519677848210407,10.066031262578406,0.048524819505810654,0.006289498479135156,False
2471,828.629496840782,14542.011665270575,15046.011665270575,14328.011665270575,14834.011665270575,0.014796905505503237,488.03304592072425,0.0002757842682380787,9.095944851117167,0.04377062480243419,0.006300670129404726,False
2472,828.9071072020727,14475.015160608382,14988.015160608382,14261.015160608382,14779.015160608382,0.015125096453469917,498.8574732254888,0.00036995661782462073,12.201946886011285,0.05887646939967546,0.006283607383337086,False
2473,829.184706680147,14416.018656886024,14926.018656886024,14204.018656886024,14718.018656886024,0.015098644444805727,497.9850303789554,0.0003394705939379142,11.196453738142907,0.05419073161114632,0.00626436631957354,False
2474,829.462295250634,14371.02215411948,14871.02215411948,14162.02215411948,14664.02215411948,0.014853161729679926,489.8884944418179,0.00027467691620288066,9.059422053398123,0.04412444434470499,0.006225050995703753,False
2475,829.739872889162,14297.025652324724,14787.025652324724,14092.025652324724,14582.025652324724,0.014635129876706668,482.69734563879933,0.00020930294799842777,6.903251169230714,0.033935773092391715,0.006167619857328454,False
2476,830.0174395713599,14233.029151517725,14720.029151517725,14033.029151517725,14513.029151517725,0.01461133121759468,481.91241583770466,-4.691004515255601e-06,-0.1547191891680768,-0.0007629812055704546,0.006148256970167829,False
2477,830.2949952728562,14157.03265171445,14653.03265171445,13957.03265171445,14451.03265171445,0.01495528364074598,493.2566897238839,0.00015050416391731124,4.963943678156284,0.024657101405094792,0.006103887129499058,False
2478,830.5725399692798,14105.03615293086,14622.03615293086,13902.03615293086,14415.03615293086,0.01563364971858592,515.6306288623337,0.00010367263886197284,3.419341544326926,0.016603684638688894,0.006243953743881715,False
2479,830.8500736362589,14036.03965518291,14560.03965518291,13831.03965518291,14358.03965518291,0.01591797127562736,525.0081514431362,0.00032235069558151155,10.63180350518553,0.051753441880269556,0.0062285846867395364,False
2480,831.1275962494225,13976.043158486556,14512.043158486556,13777.043158486556,14311.043158486556,0.016344328207096488,539.0702992237585,0.00017094434064577474,5.6381036708816055,0.027828669984824316,0.006142742026082995,False
2481,831.4051077843991,13938.046662857745,14482.046662857745,13739.046662857745,14279.046662857745,0.016628028344136635,548.4273260667248,0.00011458593776765558,3.7792850814404346,0.018517375379739,0.006188022622959359,False
2482,831.6826082168175,13889.050168312422,14436.050168312422,13689.050168312422,14231.050168312422,0.016775836036377917,553.3023344411582,8.779850520574187e-05,2.895779249715929,0.014035786069401271,0.00625533224655989,False
2483,831.9600975223061,13828.053674866525,14371.053674866525,13633.053674866525,14170.053674866525,0.016727554819221647,551.7099184146606,5.079591861471833e-05,1.6753561663729215,0.008269564853637673,0.006142514087953959,False
2484,832.2375756764937,13780.057182535993,14312.057182535993,13581.057182535993,14115.057182535993,0.016451042998008245,542.5899773371376,0.00029802109097145507,9.829362005543885,0.048313918310762004,0.006168431404270317,False
2485,832.515042655009,13720.060691336752,14239.060691336752,13521.060691336752,14040.060691336752,0.01612530862784157,531.8465731318199,0.00023291431426281442,7.682003658531244,0.037393048839618345,0.0062288131481816784,False
2486,832.7924984334804,13655.064201284733,14165.064201284733,13452.064201284733,13970.064201284733,0.015924800863680023,525.2334056125626,0.00048466975283954425,15.98542720002888,0.0773926210969983,0.00626248014306292,False
2487,833.0699429875369,13601.067712395856,14106.067712395856,13399.067712395856,13910.067712395856,0.015832961489898073,522.2043500235013,0.0004217007573234996,13.908577370256353,0.06706895071122225,0.006287570520362098,False
2488,833.3473762928069,13564.071224686038,14067.071224686038,13362.071224686038,13868.071224686038,0.015813624808590714,521.5665856292557,0.00032865629288972645,10.839775358458041,0.05174099885669313,0.006351951066890005,False
2489,833.6247983249191,13534.074738171195,14028.074738171195,13332.074738171195,13828.074738171195,0.015569500606222251,513.5148562983804,0.0002944779480820916,9.712501705544923,0.046130447421729615,0.006383591847482897,False
2490,833.9022090595021,13494.078252867235,13993.078252867235,13295.078252867235,13799.078252867235,0.01577003850177319,520.1290176141945,0.0003891411135558999,12.834691880071546,0.06218540957818701,0.006257755897975146,False
2491,834.1796084721847,13417.08176879006,13921.08176879006,13223.08176879006,13730.08176879006,0.016014917871026085,528.205653936241,0.0003255222604703484,10.736408381688989,0.05282204018902095,0.006162621877259638,False
2492,834.4569965385953,13360.085285955574,13866.085285955574,13167.085285955574,13678.085285955574,0.016144636553174354,532.4840487356196,0.0003910221869884156,12.896733635797432,0.0638500430403452,0.006124070844264565,False
2493,834.7343732343627,13328.08880437967,13833.08880437967,13135.08880437967,13643.08880437967,0.016151287236970666,532.703402266624,0.0003284054427624347,10.83150179398558,0.05322045814364366,0.006170661700732796,False
2494,835.0117385351156,13308.092324078236,13804.092324078236,13114.092324078236,13611.092324078236,0.015892050164597802,524.153218716513,0.0002626928486214007,8.664162314655073,0.04205627882540875,0.006246221871220143,False
2495,835.2890924164825,13265.095845067164,13756.095845067164,13075.095845067164,13562.095845067164,0.015784800827748295,520.6159101545184,9.712735596831626e-05,3.203464356639529,0.015622997610429179,0.006216947502026026,False
2496,835.5664348540921,13236.099367362332,13718.099367362332,13043.099367362332,13530.099367362332,0.015533925476935322,512.3415137573696,0.00038625775069347015,12.739592512185368,0.062439753134061846,0.006186087088847899,False
2497,835.8437658235732,13179.10289097962,13656.10289097962,12983.10289097962,13471.10289097962,0.01544093168924941,509.27438317123574,0.000583722669915342,19.252400609425536,0.09391420839538425,0.006215488368467482,False
2498,836.1210853005541,13116.1064159349,13584.1064159349,12920.1064159349,13397.1064159349,0.01522614350657542,502.1902174327185,0.0005187728448883145,17.110218858777046,0.08261431753924392,0.006279454461896198,False
2499,836.3983932606639,13039.109942244038,13506.109942244038,12847.109942244038,13319.109942244038,0.015282333440159345,504.04347955072336,0.0003874296487694079,12.77824417400035,0.062000730736739965,0.006248791653996224,False
2500,836.6756896795309,12986.113469922899,13448.113469922899,12794.113469922899,13257.113469922899,0.015182171526913065,500.7399291165702,0.00025660385231680675,8.463334417766362,0.040469368404284674,0.006340693280739191,False
2501,836.9529745327837,12945.116998987343,13405.116998987343,12751.116998987343,13210.116998987343,0.015164628852995014,500.16133485693683,0.00019380455374976707,6.392081550066507,0.029996771772909533,0.006460847027705642,False
2502,837.2302477960512,12917.120529453223,13365.120529453223,12725.120529453223,13173.120529453223,0.014807167677085072,488.3715139100604,0.00021959324098075501,7.242646661464619,0.0343435830354782,0.006394010804111703,False
2503,837.5075094449619,12893.124061336388,13317.124061336388,12698.124061336388,13129.124061336388,0.014052284028805978,463.4738644624528,0.000443902267657904,14.640829847540203,0.06939611221297029,0.006396644617433448,False
2504,837.7847594551446,12884.127594652684,13301.127594652684,12692.127594652684,13111.127594652684,0.013833442473951792,456.2560099894487,0.00027217195940480547,8.976803312904622,0.04263010226714853,0.006384501676754028,False
2505,838.0619978022278,12837.131129417952,13259.131129417952,12652.131129417952,13069.131129417952,0.014047088212082273,463.30249550556016,3.59428876976365e-05,1.1854719864055596,0.005717634207822807,0.006286321648289395,False
2506,838.33922446184,12784.134665648025,13214.134665648025,12605.134665648025,13028.134665648025,0.01436739163346646,473.86677560445094,-3.2642398656829164e-05,-1.0766149203782334,-0.0053162059470831975,0.00614016819170424,False
2507,838.61643940961,12724.138203358738,13140.138203358738,12542.138203358738,12961.138203358738,0.013971555449665695,460.8112662350037,0.00030000402358145925,9.894763291046274,0.049126275834410996,0.006106793533315595,False
2508,838.8936426211667,12685.141742565915,13088.141742565915,12503.141742565915,12911.141742565915,0.013582665345238916,447.9848531636191,0.0003628290172931637,11.966863638626876,0.05953135171072491,0.0060947552317680365,False
2509,839.1708340721384,12653.145283285376,13066.145283285376,12470.145283285376,12891.145283285376,0.013948988194913012,460.06695073802865,0.00047100148674878925,15.534619054349548,0.07732134675786763,0.006091480638894378,False
2510,839.4480137381539,12628.14882553294,13052.14882553294,12444.14882553294,12876.14882553294,0.01434232562678926,473.0400460167549,0.00047846568943167404,15.780804148208802,0.07798618367588507,0.00613526225902019,False
2511,839.7251815948416,12611.15236932442,13041.15236932442,12423.15236932442,12863.15236932442,0.014561196205253094,480.2588577494113,0.0005544060055753253,18.2854753973416,0.08876520678801611,0.006245758058101812,False
2512,840.0023376178304,12592.15591467562,13027.15591467562,12409.15591467562,12851.15591467562,0.014749518567325834,486.470125094679,0.00045043278010271047,14.856219874777821,0.07344849281007906,0.00613263476035412,False
2513,840.2794817827491,12551.159461602347,12989.159461602347,12374.159461602347,12810.159461602347,0.014897201163246662,491.34100752951747,0.0001416264118438669,4.671136754186932,0.023227627554178287,0.006097325760606598,False
2514,840.5566140652259,12531.163010120394,12985.163010120394,12353.163010120394,12805.163010120394,0.015456026455798508,509.7722403004632,0.00015091263652364587,4.977415963301951,0.024587612047247732,0.0061377508411004315,False
2515,840.8337344408898,12465.166560245556,12929.166560245556,12286.166560245556,12750.166560245556,0.01587244435237403,523.5065778189443,0.0002270151710620713,7.487437516069349,0.03680424067451779,0.006168179723355905,False
2516,841.1108428853692,12439.17011199362,12902.17011199362,12255.17011199362,12727.17011199362,0.015871356604883417,523.4707016203135,0.0005411483457378324,17.84820990896867,0.08726103613210386,0.006201488885813731,False
2517,841.387939374293,12375.173665380371,12847.173665380371,12199.173665380371,12674.173665380371,0.01625629259963562,536.1666998432916,0.00033294717092237705,10.981297535184126,0.054992461343002876,0.006054414783249933,False
2518,841.6650238832897,12331.177220421589,12791.177220421589,12153.177220421589,12619.177220421589,0.015905976718298267,524.6125457304679,0.0004352318639335821,14.354861707960595,0.07138351007617419,0.006097092500342741,False
2519,841.9420963879878,12252.180777133042,12700.180777133042,12077.180777133042,12528.180777133042,0.015596506779591153,514.4055766617014,0.0003259376115471845,10.750107533250002,0.053565341212186326,0.0060848601758375885,False
2520,842.2191568640161,12218.184335530505,12665.184335530505,12049.184335530505,12499.184335530505,0.015604842076638583,514.6804922786997,0.0003191823970082868,10.527306358636793,0.05419577399933483,0.005889433316557197,False
2521,842.4962052870034,12176.187895629737,12632.187895629737,12005.187895629737,12464.187895629737,0.015967235647767614,526.6329939875477,0.0003277899723736176,10.811202286874732,0.05482827087944502,0.005978484586799275,False
2522,842.7732416325781,12149.191457446497,12619.191457446497,11978.191457446497,12451.191457446497,0.016484153383928186,543.6820274611388,0.0003355072822728289,11.065735388747044,0.05602645997364443,0.005988371966221958,False
2523,843.050265876369,12121.195020996543,12589.195020996543,11951.195020996543,12420.195020996543,0.016452522552919496,542.6387761680604,0.0002645592774539289,8.725721060691171,0.04407979943895741,0.006001825798238849,False
2524,843.3272779940046,12097.19858629562,12556.19858629562,11923.19858629562,12387.19858629562,0.016173365758365768,533.4315983101731,0.0004069569291999635,13.422294927958774,0.06683966616082665,0.006088554186084079,False
2525,843.6042779611137,12079.202153359476,12539.202153359476,11904.202153359476,12368.202153359476,0.016231654474890455,535.3540827011001,0.0003746272138248005,12.355992959454511,0.060908629820754484,0.006150642608892625,False
2526,843.8812657533249,12026.205722203847,12493.205722203847,11856.205722203847,12330.205722203847,0.016545262758707865,545.6975430901969,0.00047933351066400953,15.809426716567714,0.08065194505783056,0.00594323559488006,False
2527,844.1582413462667,11981.209292844469,12455.209292844469,11812.209292844469,12293.209292844469,0.016850374988663253,555.7607857646475,0.00048376725081522576,15.95566078625302,0.08161214886418279,0.005927637705267398,False
2528,844.4352047155679,11949.212865297068,12422.212865297068,11784.212865297068,12260.212865297068,0.01685966918942813,556.0673280418144,0.0003377625756934115,11.140119706270866,0.0575420640558815,0.005869837678491967,False
2529,844.7121558368572,11900.216439577373,12370.216439577373,11738.216439577373,12209.216439577373,0.01682243811693622,554.8393690131943,0.00026324151030512194,8.682258330243485,0.04522174751029936,0.005821126444641885,False
2530,844.989094685763,11903.2200157011,12369.2200157011,11733.2200157011,12210.2200157011,0.016677853492993555,550.0706642059765,0.000628421636162689,20.726666471236058,0.10591907034543302,0.00593303579906076,False
2531,845.2660212379143,11879.223593683962,12359.223593683962,11710.223593683962,12198.223593683962,0.017203132427222597,567.3954675666823,0.0005282697727972858,17.42344750327868,0.08865469366318622,0.005958734399379571,False
2532,845.5429354689393,11845.22717354167,12337.22717354167,11681.22717354167,12181.22717354167,0.017674167509962507,582.9311946874363,0.0005284050635613671,17.427909677052185,0.09125029572807168,0.005790721655697734,False
2533,845.8198373544669,11814.23075528993,12318.23075528993,11656.23075528993,12157.23075528993,0.018142886159307144,598.3905209657878,0.00013363746136519153,4.407644375029236,0.023118691988123413,0.0057804940449850736,False
2534,846.096726870126,11815.234338944438,12320.234338944438,11649.234338944438,12160.234338944438,0.018176628784758703,599.5034236784775,0.0004679337570644912,15.433438881148277,0.07916333333007759,0.005910991078576814,False
2535,846.3736039915448,11796.23792452089,12295.23792452089,11633.23792452089,12132.23792452089,0.017993413684680656,593.4606045690019,0.0002468945257161695,8.143100417962387,0.0417089201321716,0.0059194657865460016,False
2536,846.6504686943521,11749.241512034972,12242.241512034972,11585.241512034972,12078.241512034972,0.017851111853301772,588.7671910588524,0.0002475057456662183,8.163259736668579,0.041382094512725204,0.005980986428565355,False
2537,846.9273209541767,11671.24510150237,12162.24510150237,11508.24510150237,12001.24510150237,0.017896561812009878,590.2662262305671,0.00032064074491562275,10.575405737994402,0.05390943917997905,0.005947766287183019,False
2538,847.204160746647,11650.248692938763,12130.248692938763,11489.248692938763,11973.248692938763,0.017534508650593757,578.3249519495749,0.0003858644015265929,12.726619029861581,0.06595258123002032,0.005850633808869864,False
2539,847.4809880473916,11630.252286359822,12095.252286359822,11470.252286359822,11939.252286359822,0.017025795779656867,561.5465321772739,0.0003783632760760436,12.47921614551501,0.06493295515339732,0.005826983773989646,False
2540,847.7578028320395,11612.255881781219,12063.255881781219,11454.255881781219,11910.255881781219,0.016547942872711517,545.7859388835019,0.000406268374459149,13.399584945299466,0.07069739218465504,0.005746582185068632,False
2541,848.0346050762191,11582.259479218612,12017.259479218612,11419.259479218612,11863.259479218612,0.016012148376932663,528.114310199703,0.0005539397197660383,18.270096311242014,0.09423341526847662,0.005878378897632342,False
2542,848.3113947555591,11553.263078687663,11978.263078687663,11390.263078687663,11821.263078687663,0.015689184516506905,517.4622832291126,0.0004409430083762711,14.543227256218188,0.07410263566080622,0.005950436235421127,False
2543,848.5881718456882,11518.266680204026,11938.266680204026,11353.266680204026,11774.266680204026,0.015554146604107326,513.008449035292,0.00025888225345302267,8.538480876323092,0.04218488189307527,0.006136849075676059,False
2544,848.8649363222349,11477.270283783342,11909.270283783342,11315.270283783342,11743.270283783342,0.01604654261849224,529.2487045812992,7.758187437418088e-05,2.5588132900484197,0.01264601731336966,0.006134885984392852,False
2545,849.1416881608279,11450.273889441261,11880.273889441261,11288.273889441261,11716.273889441261,0.0160105779622687,528.062514623153,0.00015139935779263924,4.99346905381708,0.024768255296964543,0.006112637163070339,False
2546,849.418427337096,11417.277497193416,11854.277497193416,11261.277497193416,11694.277497193416,0.016312532716366287,538.0216171069583,7.320205234471328e-05,2.4143575533513513,0.012327115492366291,0.005938295328703986,False
2547,849.6951538266677,11389.281107055438,11825.281107055438,11227.281107055438,11666.281107055438,0.01631516123293776,538.1083111084948,0.0003426790260150636,11.302274572009537,0.05663764023688844,0.006050376120576342,False
2548,849.9718676051715,11349.284719042957,11787.284719042957,11191.284719042957,11635.284719042957,0.01644528266046612,542.3999892970594,0.0004517875863613921,14.90090423292338,0.07706197396048686,0.00586265265658837,False
2549,850.2485686482364,11336.288333171591,11776.288333171591,11174.288333171591,11619.288333171591,0.016537547026789605,545.4430620334534,0.00042210846389436826,13.922024389942067,0.06988601824547773,0.006039955837971676,False
2550,850.5252569314907,11325.291949456958,11766.291949456958,11170.291949456958,11617.291949456958,0.016590213750082346,547.1801212704445,0.0004501657331165039,14.847412103853458,0.07815649570819808,0.005759799349208599,False
2551,850.8019324305633,11306.295567914669,11740.295567914669,11151.295567914669,11592.295567914669,0.016358696083497257,539.5441819880076,0.0004854226422888325,16.010259076601983,0.08438763016434099,0.005752296175914579,False
2552,851.0785951210827,11277.299188560328,11701.299188560328,11121.299188560328,11556.299188560328,0.016028981402593064,528.6694987681542,0.0006342712198445094,20.919598036592333,0.11064589401468361,0.005732442450691722,False
2553,851.3552449786775,11255.302811409536,11687.302811409536,11106.302811409536,11535.302811409536,0.016357112806433538,539.4919621824777,0.00010237653477774764,3.3765933072837697,0.017846561378597886,0.005736485175262981,False
2554,851.6318819789767,11250.306436477887,11679.306436477887,11096.306436477887,11528.306436477887,0.016252701467940216,536.0482567715994,0.00033436882798982756,11.028186773520133,0.057464269677017496,0.005818725790289761,False
2555,851.9085060976084,11249.310063780971,11682.310063780971,11094.310063780971,11530.310063780971,0.016402841435319695,541.0001884824151,0.0003378453379361164,11.142849378997312,0.05768561449640071,0.005856665320904161,False
2556,852.1851173102016,11218.313693334372,11657.313693334372,11063.313693334372,11507.313693334372,0.016670903456367774,549.8414373894317,0.00041782210179912294,13.780651158324076,0.07162531069476366,0.005833442085573652,False
2557,852.461715592385,11204.31732515367,11646.31732515367,11050.31732515367,11499.31732515367,0.016803218800827562,554.2054755698975,0.0004940901838917794,16.29613281740251,0.0857258835196914,0.005763605618346131,False
2558,852.738300919787,11186.320959254435,11639.320959254435,11028.320959254435,11484.320959254435,0.01724036820979068,568.6235819435152,0.0003555563045964938,11.726994287015373,0.05925838778961874,0.00600010087785045,False
2559,853.0148732680364,11130.324595652239,11601.324595652239,10974.324595652239,11442.324595652239,0.017999748242811125,593.6695316110665,0.00013671392277066208,4.509112538748127,0.022553832464305038,0.0060616714692295955,False
2560,853.2914326127618,11112.328234362642,11586.328234362642,10960.328234362642,11430.328234362642,0.01814076661589799,598.3206139689808,9.437482451623777e-05,3.1126800836675557,0.0159032427799551,0.005934313260638296,False
2561,853.5679789295918,11067.3318754012,11534.3318754012,10919.3318754012,11386.3318754012,0.01794950983343041,592.0125632710873,0.0002382622626211639,7.858390236507603,0.04159798041957385,0.005727736303973307,False
2562,853.8445121941551,11079.335518783464,11525.335518783464,10928.335518783464,11381.335518783464,0.0171398627334322,565.3087000757693,0.0004993435515935792,16.469399926521874,0.08745036452798916,0.005710022528651215,False
2563,854.1210323820804,11084.339164524985,11516.339164524985,10934.339164524985,11371.339164524985,0.016604640593436082,547.6559488887481,0.00041443167508722206,13.668827758859493,0.07257935004217883,0.005710049412765186,False
2564,854.3975394689962,11074.342812641298,11485.342812641298,10924.342812641298,11346.342812641298,0.01582599925636843,521.9747209274298,0.0006345816122601822,20.92983543089065,0.11320994258820606,0.0056053523016828324,False
2565,854.6740334305313,11049.346463147942,11463.346463147942,10900.346463147942,11319.346463147942,0.015974827012503853,526.8833731532147,0.00040622398356201725,13.398120840204683,0.07135276990109407,0.005693177491569091,False
2566,854.9505142423143,11067.350116060445,11496.350116060445,10917.350116060445,11344.350116060445,0.016516332479501163,544.7433616719719,0.00014605080047025085,4.817062390926594,0.024951509052774833,0.005853385467040867,False
2567,855.2269818799738,11054.35377139433,11491.35377139433,10902.35377139433,11339.35377139433,0.01683783583890606,555.3472182489947,0.00023019864685039707,7.592435239074007,0.039030020113075506,0.0058979894497486526,False
2568,855.5034363191384,11035.357429165117,11464.357429165117,10889.357429165117,11316.357429165117,0.016563313499624675,546.2928944673805,0.00014108957135559874,4.653430626472186,0.024693610994432062,0.005713606300326499,False
2569,855.7798775354368,10995.36108938832,11410.36108938832,10850.36108938832,11263.36108938832,0.016089891978401896,530.6784575892883,0.0001339239805901414,4.417094381316815,0.023502267672157736,0.005698342919853482,False
2570,856.0563055044977,10961.364752079444,11383.364752079444,10815.364752079444,11239.364752079444,0.016406022336582147,541.1051012921448,0.00029457254344250963,9.71562165936632,0.051896332923168316,0.00567617260893211,False
2571,856.3327202019497,10935.36841725399,11364.36841725399,10785.36841725399,11214.36841725399,0.01671188532363257,551.1931055136432,0.0002279494735614243,7.518252776354643,0.03873753669865552,0.005884459699507322,False
2572,856.6091216034215,10906.37208492746,11341.37208492746,10755.37208492746,11199.37208492746,0.016985288782284662,560.2105262602727,0.000582945471236742,19.226766963372825,0.10114614409290781,0.005763397868150834,False
2573,856.8855096845417,10896.375755115338,11334.375755115338,10744.375755115338,11201.375755115338,0.01711553497700014,564.5063195329226,0.0009746429142004492,32.1457719605894,0.1736229132662766,0.005613561573556188,False
2574,857.1618844209388,10900.379427833113,11351.379427833113,10750.379427833113,11218.379427833113,0.017607025093507502,580.7166966627766,0.0008993068579738715,29.661030473645496,0.16150853286713068,0.005568169322135509,False
2575,857.4382457882417,10895.383103096263,11348.383103096263,10748.383103096263,11213.383103096263,0.017691482953205676,583.5022944017846,0.0007020395071895592,23.15473859875476,0.12653126307634985,0.005548348211508358,False
2576,857.714593762079,10872.386780920262,11320.386780920262,10730.386780920262,11182.386780920262,0.017536371684286383,578.3863987167607,0.00038276149169357704,12.624278541408671,0.06936426603314803,0.0055181365504633414,False
2577,857.990928318079,10857.39046132058,11298.39046132058,10712.39046132058,11164.39046132058,0.017291122931403613,570.2975793461752,0.0006574999744609067,21.685731189512126,0.11932172335305723,0.005510312422453463,False
2578,858.2672494318708,10836.394144312675,11281.394144312675,10691.394144312675,11149.394144312675,0.017477979749537596,576.4605099718433,0.0007389484526297355,24.372073200114073,0.13482053858255028,0.00548097834646521,False
2579,858.5435570790829,10795.397829912008,11250.397829912008,10646.397829912008,11109.397829912008,0.01792922848207348,591.3436416729579,0.0005586000786129627,18.423804741852905,0.09703543396430761,0.005756660796904682,False
2580,858.8198512353439,10757.40151813403,11209.40151813403,10610.40151813403,11068.40151813403,0.01787504687637488,589.5566184300152,0.00047803962009126955,15.766751485786017,0.08333239074988093,0.005736540327111071,False
2581,859.0961318762822,10759.405208994182,11214.405208994182,10614.405208994182,11073.405208994182,0.01798798061803005,593.2814106108328,0.00039754875280613444,13.111993494977924,0.06982101748285194,0.005693826402684156,False
2582,859.3723989775269,10736.408902507907,11202.408902507907,10596.408902507907,11066.408902507907,0.018452377432875464,608.5981937031218,0.000395627028356417,13.048610983258527,0.07189922907967548,0.005502521145504926,False
2583,859.6486525147064,10713.41259869064,11187.41259869064,10573.41259869064,11046.41259869064,0.01880182448981891,620.1236921612092,0.00020425649712239521,6.736808611953734,0.03640596386088583,0.005610522987467066,False
2584,859.9248924634495,10702.416297557807,11177.416297557807,10562.416297557807,11040.416297557807,0.018859586374639397,622.0288005351581,0.0003625827536509474,11.958741346072884,0.06548043929203108,0.005537268191404351,False
2585,860.2011187993847,10689.41999912483,11161.41999912483,10551.41999912483,11025.41999912483,0.018765309428264144,618.919348678315,0.00031892244728300503,10.518732670295663,0.05815752101824793,0.005483769625994506,False
2586,860.4773314981406,10702.423703407128,11170.423703407128,10561.423703407128,11035.423703407128,0.018587506104803593,613.0550213369659,0.00047904037703461536,15.799758553318156,0.0867802515968542,0.005520154277266242,False
2587,860.753530535346,10689.42741042011,11157.42741042011,10552.42741042011,11023.42741042011,0.018609627601547,613.7846347978341,0.0003546456534379537,11.696959097664035,0.06537552856444957,0.005424746250247615,False
2588,861.0297158866293,10669.43112017918,11131.43112017918,10529.43112017918,10998.43112017918,0.018409739256312913,607.1918970167918,0.0005160921097355047,17.021802578667348,0.09420644412292642,0.005478310051296232,False
2589,861.3058875276196,10666.43483269974,11118.43483269974,10525.43483269974,10991.43483269974,0.018024370576391387,594.4816279274472,0.0007899720791942691,26.05493965330254,0.14671901231543538,0.005384251616251925,False
2590,861.582045433945,10671.438547997182,11123.438547997182,10532.438547997182,10991.438547997182,0.018016092053504924,594.208584841614,0.0005095102031707766,16.804717465326917,0.09367238194755664,0.005439278820261351,False
2591,861.8581895812345,10628.442266086895,11081.442266086895,10489.442266086895,10953.442266086895,0.018126670353577425,597.8556896080158,0.0006715561917180653,22.149334780112895,0.12479110593085199,0.005381442745528526,False
2592,862.1343199451167,10634.445986984258,11090.445986984258,10495.445986984258,10953.445986984258,0.018234141268471848,601.4003062796777,0.00031573180049207505,10.41349843255216,0.056826094437965,0.005556105933634909,False
2593,862.4104365012201,10620.449710704648,11082.449710704648,10481.449710704648,10944.449710704648,0.01849286242542865,609.9334738549387,0.0002797126486626389,9.225511094776607,0.05011248752047668,0.005581695551400124,False
2594,862.6865392251735,10605.453437263433,11079.453437263433,10465.453437263433,10939.453437263433,0.018989095097540053,626.3002704372268,0.00024847920946929544,8.195366619065794,0.04400235774739774,0.005646952167784471,False
2595,862.9626280926055,10590.457166675982,11063.457166675982,10445.457166675982,10923.457166675982,0.018976150729916135,625.8733379845818,0.00045650680949313113,15.056554131377425,0.07926838700366322,0.005759002128705289,False
2596,863.2387030791446,10588.460898957648,11071.460898957648,10448.460898957648,10933.460898957648,0.01937209339646927,638.9323593790236,0.00033324093070131316,10.990986350161734,0.05936002281140606,0.0056138949231886205,False
2597,863.5147641604198,10566.464634123786,11045.464634123786,10424.464634123786,10906.464634123786,0.019254285655215708,635.0468124465496,0.0003759494839433754,12.39960420731029,0.06609556064818328,0.005687968757001668,False
2598,863.7908113120593,10551.468372189742,11026.468372189742,10406.468372189742,10883.468372189742,0.019123534608729495,630.7343681013277,0.00034041627691416484,11.227644350477476,0.05829719935822922,0.0058393247130509324,False
2599,864.066844509692,10523.472113170854,11007.472113170854,10382.472113170854,10871.472113170854,0.019528539338889896,644.092275401538,0.00045904354105033573,15.140220870215671,0.08155323446295108,0.005628759473161977,False
2600,864.3428637289467,10515.47585708246,11002.47585708246,10376.47585708246,10865.47585708246,0.019661493650658963,648.4773880669409,0.0003373775531887689,11.127420854769866,0.06013472210436879,0.00561036189047689,False
2601,864.6188689454516,10476.479603939884,10962.479603939884,10336.479603939884,10832.479603939884,0.019693426531136368,649.5306015863902,0.0006618014432712323,21.827602672347098,0.1200695147843823,0.0055118190862991166,False
2602,864.8948601348358,10478.48335375845,10954.48335375845,10342.48335375845,10828.48335375845,0.019293471947045393,636.339258718702,0.0006493307265291182,21.416292221374533,0.12139446570861578,0.0053489318704833914,False
2603,865.1708372727276,10493.487106553477,10952.487106553477,10358.487106553477,10824.487106553477,0.01859291735792393,613.2334958390559,0.0005180803035132638,17.087377388540745,0.09657635382696142,0.005364463276813317,False
2604,865.4468003347557,10511.490862340273,10946.490862340273,10377.490862340273,10825.490862340273,0.01761060175823454,580.8346625834433,0.0007446363701460353,24.55967267551739,0.14320923620568732,0.005199639282179645,False
2605,865.7227492965491,10494.494621134143,10922.494621134143,10358.494621134143,10796.494621134143,0.017360310220706873,572.57952157559,0.0006258176410183711,20.640781237910005,0.11693208028993607,0.005351975603843191,False
2606,865.9986841337361,10487.498382950384,10908.498382950384,10352.498382950384,10780.498382950384,0.017093064715426397,563.7652030748637,0.0005006027157791922,16.51092980806311,0.09311054487714235,0.005376434177672661,False
2607,866.2746048219453,10455.502147804287,10868.502147804287,10316.502147804287,10744.502147804287,0.016824799959796778,554.9172675552101,0.0008290241389771122,27.34295867040123,0.15358241444810905,0.005397910574307418,False
2608,866.5505113368056,10452.505915711143,10858.505915711143,10319.505915711143,10733.505915711143,0.016549650271432993,545.8422524822022,0.0005330453707223792,17.58095676091409,0.10066966484762599,0.005294994987111548,False
2609,866.8264036539455,10417.509686686226,10814.509686686226,10282.509686686226,10687.509686686226,0.01624292101772923,535.7256769656279,0.0005344730334456774,17.628044078403377,0.09902143002747013,0.005397549129490515,False
2610,867.1022817489936,10404.513460744814,10797.513460744814,10277.513460744814,10669.513460744814,0.016101977731956933,531.077071145178,0.000154583671060856,5.098494398668436,0.029408488661190696,0.005256430306289571,False
2611,867.3781455975786,10382.517237902175,10772.517237902175,10255.517237902175,10642.517237902175,0.01601453687406168,528.1930878555186,7.225647465327473e-05,2.3831704135310474,0.013610278631644787,0.005308963659661875,False
2612,867.6539951753292,10386.521018173567,10768.521018173567,10259.521018173567,10638.521018173567,0.01568595576984919,517.3557923776784,6.8214639097737e-05,2.24986218117499,0.012849082143940623,0.005308911433016692,False
2613,867.929830457874,10394.524801574249,10777.524801574249,10264.524801574249,10646.524801574249,0.015714391121578766,518.2936500473952,0.00015463060595499387,5.100042410132119,0.028696537400465533,0.005388476100690997,False
2614,868.2056514208416,10397.528588119469,10781.528588119469,10268.528588119469,10653.528588119469,0.01575021566666742,519.4752188458064,0.00023504340852800731,7.752225662646197,0.04431115265525685,0.0053043848883069615,False
2615,868.4814580398607,10375.53237782447,10761.53237782447,10244.53237782447,10634.53237782447,0.015863726676274417,523.2190505370635,0.0003625317911253034,11.957060494856478,0.06792820475106566,0.00533698472459065,False
2616,868.7572502905599,10343.536170704489,10740.536170704489,10217.536170704489,10617.536170704489,0.01635692452303066,539.4857522000884,0.00032064083548284314,10.575408725091734,0.062109204839386305,0.0051625332559323,False
2617,869.033028148568,10325.539966774757,10729.539966774757,10198.539966774757,10608.539966774757,0.016668329775650245,549.7565519896206,0.00044928493526470367,14.818361539308285,0.08723763521198671,0.005150127398260453,False
2618,869.3087915895134,10308.543766050498,10721.543766050498,10181.543766050498,10600.543766050498,0.017060003634262768,562.6747791253619,0.00045450734910607374,14.990607725047312,0.08814375167451988,0.005156432991239018,False
2619,869.5845405890249,10300.547568546932,10728.547568546932,10173.547568546932,10607.547568546932,0.017680619078294834,583.1439809719078,0.0004619488570072952,15.236044297303806,0.08957848391174572,0.005156917563624042,False
2620,869.8602751227311,10293.551374279268,10733.551374279268,10164.551374279268,10607.551374279268,0.018178202915766155,599.5553418278472,0.00034872565012696033,11.50170494491897,0.06576430706029335,0.005302658322047632,False
2621,870.1359951662607,10316.555183262717,10759.555183262717,10186.555183262717,10632.555183262717,0.018259611730852915,602.2403756666328,0.00035069144489204007,11.566540988272891,0.06577087131552525,0.00533201762235525,False
2622,870.4117006952423,10332.558995512474,10776.558995512474,10201.558995512474,10653.558995512474,0.018272217135070372,602.6561283936486,0.0005559526191933652,18.33648596536841,0.10562670275698724,0.005263371900119156,False
2623,870.6873916853045,10309.562811043734,10746.562811043734,10182.562811043734,10623.562811043734,0.018029332464560788,594.6452814289127,0.00038375980173407584,12.65720490494175,0.07392405043231925,0.005191271304667281,False
2624,870.9630681120759,10307.566629871684,10749.566629871684,10187.566629871684,10622.566629871684,0.018234805131784004,601.4222018871199,-7.580343585658969e-05,-2.5001566495501493,-0.01479498365547061,0.005123590375076929,False
2625,871.2387299511854,10268.570452011505,10702.570452011505,10144.570452011505,10579.570452011505,0.017978108233720504,592.95579862505,0.0002562641722506018,8.45213105519258,0.049777504339763204,0.005148192454596265,False
2626,871.5143771782615,10269.57427747837,10696.57427747837,10143.57427747837,10574.57427747837,0.017692270867796546,583.5282814811483,0.000379607517828201,12.52025385383456,0.07340201002627801,0.005171622925479848,False
2627,871.7900097689328,10269.57810628745,10702.57810628745,10143.57810628745,10580.57810628745,0.017935803629123316,591.5605038432891,0.0003824162404842679,12.612891430825016,0.07396522690576295,0.005170216552860629,False
2628,872.0656276988278,10274.581938453905,10698.581938453905,10147.581938453905,10575.581938453905,0.01756205726868794,579.2335632801271,0.00037965039881546897,12.521668158928264,0.07284483934217865,0.005211767947378032,False
2629,872.3412309435755,10277.585773992889,10686.585773992889,10147.585773992889,10560.585773992889,0.01694786592239411,558.9762416801178,0.00037741142186244886,12.447821992800982,0.0706806202091288,0.005339673318453763,False
2630,872.6168194788044,10272.589612919553,10673.589612919553,10141.589612919553,10549.589612919553,0.016630562154244147,548.5108964500117,0.0004989709082253678,16.45710936496073,0.09371365456904496,0.005324420550238422,False
2631,872.8923932801429,10273.59345524904,10659.59345524904,10139.59345524904,10535.59345524904,0.01601826560263822,528.3160691615723,0.0006201958260021352,20.455361961902895,0.11502712175328092,0.005391735588519543,False
2632,873.16795232322,10287.597300996484,10676.597300996484,10156.597300996484,10557.597300996484,0.016118906514493006,531.6354179766649,0.0006979527003701143,23.019947119587755,0.13379081432414064,0.0052167460366834666,False
2633,873.4434965836642,10267.601150177015,10670.601150177015,10140.601150177015,10551.601150177015,0.016719897030576438,551.4573484488559,0.000534768121046976,17.63777668775367,0.1040829235526767,0.005137904497622303,False
2634,873.7190260371041,10262.60500280576,10682.60500280576,10136.60500280576,10559.60500280576,0.017419556657242444,574.5335935855551,0.0003355929401776536,11.068560566496899,0.06457070908954825,0.005197293709633033,False
2635,873.9945406591684,10241.608858897833,10664.608858897833,10112.608858897833,10543.608858897833,0.017576746139919008,579.7180331285944,0.0005493305046174318,18.118074707303208,0.10502827631807699,0.005230310578017965,False
2636,874.2700404254857,10229.612718468345,10653.612718468345,10103.612718468345,10532.612718468345,0.017637713078569723,581.7288509147257,0.00042171157412982177,13.908934131265255,0.0815430178251649,0.005171645413394031,False
2637,874.5455253116849,10190.6165815324,10616.6165815324,10068.6165815324,10495.6165815324,0.01778567140580972,586.6088275480438,0.00025248257715342406,8.32740610016549,0.049463544212472815,0.005104417428497928,False
2638,874.820995293394,10159.620448105095,10586.620448105095,10036.620448105095,10469.620448105095,0.017879859515662528,589.7153493896468,0.0004635772308546754,15.289751489550213,0.09164876432250638,0.005058194011469435,False
2639,875.0964503462424,10149.624318201524,10567.624318201524,10021.624318201524,10454.624318201524,0.017527398182323295,578.0904337601693,0.0008429148287492326,27.801102816615185,0.16558938330528272,0.005090391738431829,False
2640,875.3718904458583,10134.628191836768,10557.628191836768,10007.628191836768,10442.628191836768,0.017758542978473846,585.7140749919204,0.0007201104429263583,23.75075604355027,0.14073994005281812,0.005116603308599598,False
2641,875.6473155678704,10109.632069025907,10527.632069025907,9982.632069025907,10411.632069025907,0.01759534822464435,580.3315689834801,0.0006783996201060842,22.375045432891397,0.13170031600600204,0.0051510857428403375,False
2642,875.9227256879075,10127.635949784011,10538.635949784011,9998.635949784011,10417.635949784011,0.017276320645405754,569.809368840307,0.0005521000375226792,18.209419723936776,0.1043415748785866,0.005291275679565993,False
2643,876.1981207815982,10127.639834126148,10526.639834126148,9999.639834126148,10400.639834126148,0.016781515653546793,553.4896601536565,0.00029418379773877776,9.702800008933309,0.0547135622781134,0.00537679846622704,False
2644,876.473500824571,10112.643722067374,10515.643722067374,9984.643722067374,10389.643722067374,0.016971156551486403,559.7444155833095,0.00029692585863224166,9.793238940873493,0.05515304427657107,0.005383671246563906,False
2645,876.7488657924546,10122.647613622741,10519.647613622741,9995.647613622741,10391.647613622741,0.01670707350616566,551.0344016593867,0.00016640053370069532,5.488239366979997,0.030815020876879495,0.005399981209344097,False
2646,877.0242156608779,10127.651508807294,10529.651508807294,10005.651508807294,10403.651508807294,0.016905249024183177,557.5706467985502,3.517459856730923e-05,1.1601321959822144,0.006705301783409695,0.005245789034333767,False
2647,877.2995504054691,10098.655407636074,10505.655407636074,9971.655407636074,10381.655407636074,0.017159598361092838,565.9596225593112,0.0003397490367736955,11.205637368139719,0.06378566743211074,0.005326416583087446,False
2648,877.5748700018571,10084.65931012411,10489.65931012411,9956.65931012411,10368.65931012411,0.017100152094746166,563.9989597421437,0.0005088057136987192,16.781481921737168,0.09612474937856078,0.005293181173299381,False
2649,877.8501744256706,10036.66321628643,10441.66321628643,9909.66321628643,10326.66321628643,0.0171803299443423,566.6433937516211,0.000720788580069822,23.77312243195172,0.13941584487374056,0.005170062131191696,False
2650,878.1254636525382,10005.667126138052,10404.667126138052,9880.667126138052,10291.667126138052,0.016982140049656286,560.1066744397116,0.0007173224719892908,23.658802901871354,0.1406205617655494,0.005101120796155342,False
2651,878.4007376580884,9996.671039693989,10400.671039693989,9870.671039693989,10288.671039693989,0.017205959376957278,567.488706311038,0.0008066439465003947,26.604812880482996,0.15799816736131195,0.0051054006509819345,False
2652,878.67599641795,9983.674956969244,10398.674956969244,9855.674956969244,10286.674956969244,0.01768757014306918,583.3732416989533,0.0009010749758876155,29.719346718935526,0.17484638381253478,0.005153523660253231,False
2653,878.9512399077516,9964.678877978817,10395.678877978817,9839.678877978817,10281.678877978817,0.018389548024635414,606.525947755117,0.0006935623563253078,22.875144344708247,0.13504988551240954,0.005135601216496977,False
2654,879.2264681031219,9954.682802737701,10392.682802737701,9831.682802737701,10271.682802737701,0.018700246125103126,616.7734241802822,0.0003134949036674335,10.339720873431247,0.05979509013275177,0.005242820154153792,False
2655,879.5016809796895,9967.686731260881,10411.686731260881,9844.686731260881,10295.686731260881,0.01892671216569234,624.2427502191122,0.0005267066073762726,17.371891021998522,0.10268934719928172,0.0051291260655706725,False
2656,879.7768785130829,9958.690663563337,10411.690663563337,9833.690663563337,10292.690663563337,0.019319013983519952,637.1816887697057,0.0004933640513036901,16.272183438353295,0.09417109546027153,0.005239017863096095,False
2657,880.052060678931,9930.694599660039,10387.694599660039,9805.694599660039,10271.694599660039,0.019539546634601754,644.4553191508954,0.0006241888092818927,20.587058943518855,0.12028685710057822,0.005189168827979065,False
2658,880.3272274528623,9932.698539565954,10391.698539565954,9808.698539565954,10275.698539565954,0.01961928477773314,647.0852507169245,0.0005806828732398406,19.152141725568185,0.11241504909286028,0.005165526127735517,False
2659,880.6023788105053,9902.702483296038,10373.702483296038,9781.702483296038,10251.702483296038,0.020180057009299316,665.5806976289306,0.00020148759576113506,6.645484424968345,0.038462561386173565,0.005238538165416237,False
2660,880.8775147274891,9876.706430865244,10354.706430865244,9756.706430865244,10236.706430865244,0.020525645342575297,676.9789272696224,0.00033136567091903227,10.9291363408405,0.06442760911465452,0.005143224705565875,False
2661,881.1526351794419,9870.71038228852,10352.71038228852,9748.71038228852,10235.71038228852,0.020705655358339202,682.916035961492,0.0004651653141769796,15.342129815590852,0.0899973039472611,0.005168658323915669,False
2662,881.4277401419926,9842.7143375808,10326.7143375808,9723.7143375808,10208.7143375808,0.020847282651194374,687.5872017732835,0.00029157711974345246,9.616826289541791,0.05676129266770011,0.0051369006243470175,False
2663,881.7028295907696,9819.718296757015,10297.718296757015,9708.718296757015,10179.718296757015,0.02064197800247724,680.8158229185733,-6.811806438920126e-05,-2.246676944292062,-0.013702572114766333,0.00497118816954045,False
2664,881.9779035014018,9808.722259832095,10271.722259832095,9691.722259832095,10159.722259832095,0.020030830479786467,660.6588930189565,0.00045004529203458363,14.843439703810532,0.09025355757763824,0.004986454873509491,False
2665,882.2529618495178,9774.72622682095,10225.72622682095,9651.72622682095,10114.72622682095,0.019589558787243336,646.1048250680378,0.0007595789606852817,25.05251072007377,0.14836052906959993,0.005119818360373618,False
2666,882.528004610746,9772.730197738498,10223.730197738498,9655.730197738498,10115.730197738498,0.019593470938985263,646.2338560556324,0.0006186444590995203,20.40419462055945,0.125703320655537,0.004921464730393105,False
2667,882.8030317607154,9747.73417259964,10195.73417259964,9629.73417259964,10086.73417259964,0.01951482667377978,643.6400028828758,0.0006214501847850752,20.49673335116313,0.12482294558738151,0.004978653418734082,False
2668,883.0780432750544,9720.738151419271,10170.738151419271,9606.738151419271,10064.738151419271,0.01965322876960623,648.2047949174585,0.000573298407556367,18.908586525552664,0.11853232102437201,0.004836642044986939,False
2669,883.3530391293917,9709.742134212285,10152.742134212285,9596.742134212285,10048.742134212285,0.019375659521086802,639.049977664724,0.0006122167918031531,20.192196642492718,0.12813880769310582,0.00477776251258261,False
2670,883.6280192993561,9708.746120993563,10156.746120993563,9598.746120993563,10055.746120993563,0.019591452275103664,646.1672762776875,0.0006083427482770562,20.064422543957903,0.13098221899973006,0.004644468179900892,False
2671,883.902983760576,9707.750111777983,10151.750111777983,9598.750111777983,10043.750111777983,0.0194223303521811,640.5892797739474,0.00025888293414100955,8.538503326843738,0.05422243664438534,0.0047744614621227375,False
2672,884.1779324886802,9711.754106580413,10144.754106580413,9598.754106580413,10038.754106580413,0.01894384695827789,624.8078916950536,0.0005211032156295439,17.187079384144454,0.10806203462532099,0.0048222598939242954,False
2673,884.4528654592973,9682.758105415716,10114.758105415716,9566.758105415716,10007.758105415716,0.01895641862472445,625.2225316794699,0.000615587976950431,20.30338541471133,0.12495454077277361,0.004926495453013275,False
2674,884.7277826480558,9685.762108298746,10121.762108298746,9573.762108298746,10014.762108298746,0.019122327724389186,630.6945625189744,0.00043567795045474506,14.369574579079881,0.09014037678694437,0.0048333273720889,False
2675,885.0026840305848,9676.766115244356,10116.766115244356,9566.766115244356,10011.766115244356,0.0193114654606337,636.9327226183026,0.0004340734238259744,14.316653918229122,0.09142138906929813,0.004748051066003202,False
2676,885.2775695825123,9682.770126267385,10128.770126267385,9568.770126267385,10025.770126267385,0.019557093265654434,645.0340439251466,0.0007045279898284171,23.23681398684937,0.14704514114351033,0.00479123610851463,False
2677,885.5524392794675,9665.774141382666,10110.774141382666,9557.774141382666,10003.774141382666,0.019547766218030335,644.7264182895201,0.0002593481915422191,8.553848493883152,0.05459726078508748,0.004750205190020387,False
2678,885.8272930970788,9649.77816060503,10086.77816060503,9546.77816060503,9979.77816060503,0.019235140023037257,634.4153492541508,2.8916547348694505e-05,0.9537285126843926,0.0062239124024684265,0.004646040220171816,False
2679,886.1021310109747,9611.782183949295,10044.782183949295,9507.782183949295,9939.782183949295,0.019136603188888063,631.1653973444537,0.00016104055868242095,5.3114561244801735,0.03467580539582548,0.004644176446491655,False
2680,886.3769529967843,9574.786211430277,10006.786211430277,9466.786211430277,9904.786211430277,0.019165535763546612,632.1196544715059,0.0004770006898625126,15.732485383062567,0.1017489509265273,0.0046880158028062,False
2681,886.6517590301358,9554.79024306278,9991.79024306278,9443.79024306278,9890.79024306278,0.019422150948388985,640.5833626597857,0.0006625084424124322,21.850920990100462,0.1396644990158022,0.004743570822084669,False
2682,886.926549086658,9523.794278861606,9967.794278861606,9412.794278861606,9864.794278861606,0.019789060439516143,652.684808902408,0.0005804053570446603,19.142988658126114,0.1208866546559722,0.004801235989997564,False
2683,887.2013231419796,9504.798318841546,9953.798318841546,9394.798318841546,9847.798318841546,0.020045930882809423,661.1569360509395,0.0004057534605324195,13.382602001672694,0.083616235029843,0.004852567929991159,False
2684,887.4760811717292,9509.802363017385,9956.802363017385,9399.802363017385,9854.802363017385,0.019948395381906375,657.9400102164523,0.0005808012219736779,19.156045115573193,0.12195638381896812,0.004762368346669071,False
2685,887.7508231515354,9495.8064114039,9935.8064114039,9388.8064114039,9835.8064114039,0.019671268964559653,648.7997984666025,0.0005283189938494956,17.425070917040443,0.11343869909558633,0.004657308291276512,False
2686,888.0255490570271,9485.810464015867,9910.810464015867,9374.810464015867,9812.810464015867,0.019034727932694565,627.8053372585409,0.0007961864215256555,26.25990172562581,0.1689035160320957,0.004713853448582806,False
2687,888.3002588638325,9454.814520868047,9868.814520868047,9343.814520868047,9765.814520868047,0.01861197319113896,613.8619972728881,0.0005722895095915045,18.875310950018843,0.11817668913105035,0.0048426598663368564,False
2688,888.5749525475806,9443.818581975196,9849.818581975196,9326.818581975196,9749.818581975196,0.018280595970782177,602.9324800073141,0.000982409458829176,32.40192892732989,0.19955902934975434,0.004922901569677261,False
2689,888.8496300838998,9422.822647352064,9823.822647352064,9311.822647352064,9720.822647352064,0.018099496333299783,596.9594333008388,0.0005688275074110689,18.76112684115401,0.11699677708709781,0.004861907495003964,False
2690,889.124291448419,9407.826717013395,9805.826717013395,9297.826717013395,9698.826717013395,0.01799490484793634,593.5097862675243,0.00034284727481329047,11.307823771025596,0.06945236280340965,0.004936437883096167,False
2691,889.3989366167665,9387.830790973923,9781.830790973923,9276.830790973923,9677.830790973923,0.01785489284928434,588.8918962538204,0.0005234965471716847,17.266016489066715,0.106751724138929,0.004903869716337274,False
2692,889.6735655645714,9371.834869248378,9765.834869248378,9261.834869248378,9666.834869248378,0.0178847487447599,589.8766064421911,0.0007025175884103826,23.170506722320283,0.14708296974329954,0.004776335354368151,False
2693,889.9481782674619,9363.83895185148,9755.83895185148,9247.83895185148,9658.83895185148,0.017810686740768474,587.4338858759562,0.0010739800674139446,35.422120075257226,0.22022736627470568,0.004876687605092143,False
2694,890.222774701067,9346.84303879794,9747.84303879794,9232.84303879794,9647.84303879794,0.018243577836178675,601.7115441178383,0.0008511989783053613,28.074331481840886,0.17357600677719534,0.004903897687875563,False
2695,890.4973548410153,9324.847130102471,9733.847130102471,9215.847130102471,9634.847130102471,0.018642800581841982,614.8787494158945,0.0006667656108542037,21.99133135366344,0.13969306969744197,0.004773075803247335,False
2696,890.771918662935,9320.851225779767,9729.851225779767,9212.851225779767,9633.851225779767,0.018650623678412255,615.1367715845366,0.0007552536109893607,24.909851595435157,0.16124490684386622,0.004683891266845869,False
2697,891.0464661424554,9304.85532584452,9718.85532584452,9195.85532584452,9615.85532584452,0.018905492295371307,623.5428742928269,0.0004902981928526055,16.17106498235671,0.10062877552525877,0.0048723458105632625,False
2698,891.3209972552047,9273.85943031142,9683.85943031142,9166.85943031142,9583.85943031142,0.018787967914692536,619.6666731877193,0.0005318955445248186,17.543033076041866,0.11141532037783802,0.004773989274733707,False
2699,891.5955119768117,9255.86353919514,9653.86353919514,9149.86353919514,9553.86353919514,0.018284212506773614,603.051760966088,0.00048020426249735515,15.838145942307847,0.1008361367335682,0.004762223921431689,False
2700,891.870010282905,9238.86765251035,9612.86765251035,9130.86765251035,9513.86765251035,0.01723421724654871,568.4207102467805,0.0006108404664644518,20.14680253985614,0.1272245654580386,0.004801277679866945,False
2701,892.1444921491133,9225.871770271715,9595.871770271715,9118.871770271715,9497.871770271715,0.017077021766737872,563.2360729056471,0.0006081714614025006,20.058773142798827,0.1277075617562291,0.004762219660597633,False
2702,892.4189575510651,9186.87589249389,9545.87589249389,9077.87589249389,9446.87589249389,0.016647934296583965,549.0838662197461,0.0006560345686542554,21.637399025799482,0.1351091043700535,0.004855591129206415,False
2703,892.6934064643893,9142.880019191523,9503.880019191523,9035.880019191523,9400.880019191523,0.01681792434720914,554.690495399879,0.00038012998240901513,12.53748583390393,0.07722295199916616,0.004922500015450325,False
2704,892.9678388647143,9141.884150379256,9504.884150379256,9035.884150379256,9404.884150379256,0.016911114431162794,557.7641002495277,0.00047168166882163853,15.557052888820522,0.09767246511344665,0.004829218431968312,False
2705,893.242254727669,9086.88828607172,9454.88828607172,8981.88828607172,9354.88828607172,0.01724121293671498,568.6514428130519,0.00042974354445757604,14.173845395471176,0.08892469898666062,0.004832667969132409,False
2706,893.5166540288818,9092.892426283544,9464.892426283544,8992.892426283544,9365.892426283544,0.017413629147090506,574.3380918414168,0.00023613777844604458,7.788320282853306,0.050407396218254484,0.0046845859171858965,False
2707,893.7910367439814,9079.896571029347,9456.896571029347,8978.896571029347,9357.896571029347,0.017667737727264755,582.7191269389855,0.0002875341784531957,9.483481587730353,0.06099365355655045,0.004714165518656912,False
2708,894.0654028485965,9062.900720323738,9441.900720323738,8960.900720323738,9341.900720323738,0.01779220706675781,586.8243873837415,0.0002913747969125191,9.610153257305228,0.061086535299135686,0.004769869423526493,False
2709,894.3397523183556,9021.904874181322,9406.904874181322,8916.904874181322,9310.904874181322,0.018148508673763546,598.5759633108019,0.0006292473833785575,20.753901350094452,0.13193189734984945,0.004769486348778532,False
2710,894.6140851288876,9004.909032616695,9392.909032616695,8896.909032616695,9297.909032616695,0.018320786405978798,604.2580450383667,0.0008253563802414418,27.221988277854848,0.1709696732369227,0.0048275016534522885,False
2711,894.8884012558212,8986.913195644449,9377.913195644449,8881.913195644449,9282.913195644449,0.01849566160893353,610.0257968106722,0.0006821033543241185,22.4972023724647,0.14320964537999586,0.004762970765790317,False
2712,895.1627006747846,8960.917363279163,9351.917363279163,8856.917363279163,9253.917363279163,0.01854818827688453,611.7582367281036,0.0004948360435935821,16.320732838127356,0.1026106746587582,0.004822461651667408,False
2713,895.4369833614068,8923.921535535412,9310.921535535412,8816.921535535412,9211.921535535412,0.01843692375084311,608.0884987868344,0.0005963304723226419,19.668232433783146,0.12069996357993772,0.004940601924272342,False
2714,895.7112492913163,8908.925712427763,9290.925712427763,8799.925712427763,9196.925712427763,0.01823365003471403,601.3841043577962,0.0009300225579749258,30.67409882253287,0.19052684294510652,0.004881320361996858,False
2715,895.9854984401419,8894.929893970775,9284.929893970775,8789.929893970775,9184.929893970775,0.018636099429664245,614.6577313315886,0.0004543350992369799,14.984926562304167,0.092158142807698,0.004929950684716154,False
2716,896.2597307835122,8863.934080179,9252.934080179,8760.934080179,9153.934080179,0.01865295056466578,615.2135171841754,0.00040441748394752855,13.338538685747608,0.08297621876712846,0.004873896279637907,False
2717,896.5339462970556,8824.938271066983,9222.938271066983,8723.938271066983,9125.938271066983,0.019157625668711795,631.8587629172331,0.00040731722615259397,13.434178278782724,0.0849385583891769,0.004795433709697802,False
2718,896.808144956401,8799.94246664926,9197.94246664926,8704.94246664926,9100.94246664926,0.019210855948767012,633.6144094408186,0.00010960785999653694,3.615097612880504,0.023525423618028507,0.00465912375378184,False
2719,897.0823267371769,8764.94666694036,9150.94666694036,8663.94666694036,9056.94666694036,0.018716746388977103,617.3176375655686,0.0005492937405726026,18.116862151828627,0.11542547043005193,0.004758860748204407,False
2720,897.3564916150121,8735.950871954803,9111.950871954803,8637.950871954803,9019.950871954803,0.01830118649115734,603.6115986495225,0.0004922559460857762,16.23563579908523,0.10578584246164598,0.004653325384861872,False
2721,897.6306395655351,8708.955081707107,9080.955081707107,8610.955081707107,8992.955081707107,0.018165476884332274,599.1356105616816,0.0006856235290518681,22.613305134215466,0.14996418826748972,0.004571915048337592,False
2722,897.9047705643749,8677.959296211777,9055.959296211777,8582.959296211777,8967.959296211777,0.01851685307800705,610.7247360041163,0.0005397224033053295,17.801179330285663,0.11965394458165039,0.004510694613473688,False
2723,898.1788845871596,8639.96351548331,9020.96351548331,8545.96351548331,8933.96351548331,0.01874101779660701,618.118159606478,0.0005421223806020524,17.88033562616272,0.12101451179099777,0.004479812979275934,False
2724,898.4529816095181,8612.9677395362,9001.9677395362,8520.9677395362,8911.9677395362,0.019184631679384927,632.7494779145055,0.00030005298257110985,9.896378061434348,0.06647351039596008,0.004513872981640301,False
2725,898.727061607079,8575.971968384929,8967.971968384929,8481.971968384929,8878.971968384929,0.019410889287897613,640.2119294253378,0.0004549627512106143,15.005627843687307,0.09979357338319932,0.0045590385812079685,False
2726,899.0011245554712,8540.976202043974,8935.976202043974,8445.976202043974,8844.976202043974,0.019634491730660196,647.5868079887072,0.00041232362747262163,13.599299917520284,0.08864321854868726,0.0046514965749596855,False
2727,899.2751704303229,8496.980440527803,8896.980440527803,8402.980440527803,8804.980440527803,0.019978017261422475,658.9170020665903,0.0003170256521552346,10.456172380014209,0.0678455821664646,0.00467275306706613,False
2728,899.5491992072632,8460.984683850877,8872.984683850877,8366.984683850877,8776.984683850877,0.020648822972459308,681.0415844163639,0.00012754353506383778,4.206653876484438,0.026637257674075376,0.004788163129418878,False
2729,899.8232108619205,8420.988932027649,8829.988932027649,8327.988932027649,8743.988932027649,0.020597062662883813,679.3344206090032,0.0005723972359586611,18.878863992042966,0.1261687661667478,0.004536758607928104,False
2730,900.0972053699234,8378.993185072566,8788.993185072566,8284.993185072566,8705.993185072566,0.020747290529305944,684.289251415005,0.0007788768116686502,25.688994408614803,0.17269064339535178,0.004510243267120834,False
2731,900.3711827069005,8339.997443000062,8748.997443000062,8245.997443000062,8669.997443000062,0.020792372117711424,685.7761369598431,0.0009834014791116168,32.43464784142168,0.2219356419323738,0.00443102095070998,False
2732,900.6451428484808,8314.001705824572,8722.001705824572,8220.001705824572,8641.001705824572,0.02080605799897231,686.2275260908596,0.0008861252052288111,29.226271858944074,0.19712965573314717,0.0044951390085535975,False
2733,900.9190857702927,8270.005973560514,8679.005973560514,8178.005973560514,8599.005973560514,0.020964164032003154,691.4421953911257,0.0008366631674748722,27.594909887109907,0.18843475499458773,0.004440068221485485,False
2734,901.1930114479646,8232.010246222306,8642.010246222306,8138.010246222305,8565.010246222306,0.02110887457529818,696.2150532832605,0.0011007799486808315,36.30603649143836,0.2480753849175402,0.00443728001892138,False
2735,901.4669198571256,8193.014523824351,8605.014523824351,8100.014523824351,8525.014523824351,0.021307882943113584,702.7787675593664,0.0009014470211154216,29.731617552568878,0.20000139664077599,0.004507203630855225,False
2736,901.7408109734042,8168.018806381052,8578.018806381051,8075.018806381052,8498.018806381051,0.02127026503050061,701.5380497304352,0.0009038803733101841,29.81187462273556,0.19991840718030082,0.004521246372751458,False
2737,902.0146847724288,8142.023093906798,8544.023093906799,8053.023093906798,8464.023093906799,0.020930083682988165,690.3181538454362,0.0006878114388717167,22.685466998950346,0.1552804162664636,0.004429479617644904,False
2738,902.2885412298284,8104.0273864159735,8491.027386415974,8010.0273864159735,8412.027386415974,0.020259341637131292,668.1956713071189,0.001007335333122309,33.22403665444824,0.2207504396840234,0.0045632313782214134,False
2739,902.5623803212313,8067.0316839229545,8447.031683922954,7978.0316839229545,8367.031683922954,0.019990360505186117,659.3241081907912,0.000685296319075851,22.602513061427658,0.153126599615166,0.004475357781065607,False
2740,902.8362020222665,8025.035986442108,8399.035986442108,7944.035986442108,8316.035986442108,0.019782453463002534,652.4668969294577,9.270370346075793e-05,3.057562998645949,0.021265078448838792,0.004359433880471771,False
2741,903.1100063085624,7993.040293987795,8353.040293987795,7911.040293987795,8273.040293987795,0.01913257407930643,631.0325088414663,0.00029896894361888804,9.860624178194826,0.06906315071715619,0.004328921291808662,False
2742,903.3837931557478,7975.044606574366,8329.044606574367,7893.044606574366,8250.044606574367,0.018862067112613914,622.1106204879437,0.0003496724249934316,11.532931570088294,0.08106038849163848,0.0043137274752822205,False
2743,903.6575625394512,7936.048924216168,8292.04892421617,7851.048924216168,8211.04892421617,0.019057519329502465,628.5570454316322,0.000413436785475705,13.636014208263873,0.09249280812915327,0.004469934407207081,False
2744,903.9313144353011,7904.053246927537,8257.053246927537,7816.053246927537,8178.053246927537,0.0189752279381784,625.8429023734096,0.0006871966051345685,22.665188489949628,0.15207671635033268,0.004518749626021007,False
2745,904.2050488189267,7885.057574722801,8237.057574722801,7791.057574722801,8159.057574722801,0.01896723280451321,625.5792060597638,0.0010763512219179074,35.50032573484532,0.2304682695358538,0.0046702794449127415,False
2746,904.4787656659562,7862.061907616281,8207.06190761628,7771.061907616281,8127.061907616281,0.018651250182948317,615.1574350210168,0.0008019490555597059,26.449965508835135,0.1722726273865333,0.004655115950372943,False
2747,904.7524649520182,7840.06624562229,8188.06624562229,7753.06624562229,8108.06624562229,0.018861615342429684,622.0957201576698,0.0005821782354746216,19.201461915247137,0.12780664469543673,0.004555148418628409,False
2748,905.0261466527415,7813.070588755133,8161.070588755133,7727.070588755133,8081.070588755133,0.018925386231679733,624.1990181283298,0.000528634491779055,17.435476701918105,0.11637392172533882,0.004542551148415514,False
2749,905.299810743755,7786.074937029107,8130.074937029107,7699.074937029107,8050.074937029107,0.018775969351693633,619.2709353596409,0.0005854070752567622,19.307955838120733,0.12761392904285057,0.004587328982404363,False
2750,905.5734572006868,7755.079290458501,8099.079290458501,7671.079290458501,8020.079290458501,0.018849408214451222,621.6931034181727,0.00047278197978245506,15.593343457106357,0.1052174536438353,0.004493379790227944,False
2751,905.8470859991659,7713.0836490575975,8061.0836490575975,7631.0836490575975,7984.0836490575975,0.01916538645736474,632.1147300397935,0.00047347778624007644,15.616292616629153,0.10748428944663116,0.004405088303394989,False
2752,906.1206971148209,7684.088012840669,8035.088012840669,7602.088012840669,7957.088012840669,0.019398307609889035,639.7969592385623,0.0004229608596803512,13.950138194656802,0.0950910441068979,0.004447956836028364,False
2753,906.3942905232803,7644.09238182198,7990.09238182198,7564.09238182198,7915.09238182198,0.019225873644149984,634.1097246009874,0.00047329016334599766,15.610104419208369,0.1092428836501632,0.004332457616751044,False
2754,906.667866200173,7602.096756015789,7949.096756015789,7523.096756015789,7870.096756015789,0.019384390422935667,639.3379411596148,0.00019903384184014744,6.564554462987189,0.044855441329884775,0.004437228481966621,False
2755,906.9414241211274,7550.101135436344,7884.101135436344,7470.101135436344,7807.101135436344,0.018799417524786022,620.0443053951054,0.0003639062154955179,12.00239189955687,0.08188092578972576,0.0044443344037175024,False
2756,907.2149642617723,7535.105520097888,7864.105520097888,7457.105520097888,7786.105520097888,0.01855999373501528,612.1476055517335,0.00019000288105993496,6.266694393831585,0.04294773912958477,0.004424048504314643,False
2757,907.4884865977364,7497.109910014653,7819.109910014653,7420.109910014653,7744.109910014653,0.01826344008387323,602.3666427962479,0.00029772978950991236,9.819754271041006,0.06868561470709075,0.004334674600781818,False
2758,907.7619911046479,7464.114305200864,7780.114305200864,7385.114305200864,7703.114305200864,0.018007696117001464,593.9316692078946,0.0003014245978597216,9.941616816718806,0.06742755189050613,0.004470347645858436,False
2759,908.035477758136,7412.1187056707395,7735.1187056707395,7335.1187056707395,7658.1187056707395,0.01852461694897237,610.9808047878178,0.00019033044398529195,6.277498107630663,0.042866693522932486,0.004440054231928816,False
2760,908.3089465338293,7400.123111438487,7716.123111438487,7318.123111438487,7644.123111438487,0.018160203345082244,598.9616781525019,0.0007677582997637107,25.322282515438474,0.17232260747721245,0.0044553544714975215,False
2761,908.582397407356,7367.12752251831,7684.12752251831,7286.12752251831,7612.12752251831,0.01829637620385325,603.4529452632522,0.000712910973441911,23.513302407031347,0.16038622389050103,0.004444963888722949,False
2762,908.8558303543451,7342.131938924399,7665.131938924399,7262.131938924399,7592.131938924399,0.018697450151414892,616.6812070910486,0.0006021617249800347,19.86055940342294,0.1351056644499944,0.00445696875428127,False
2763,909.1292453504253,7322.13636067094,7650.13636067094,7241.13636067094,7574.13636067094,0.019031363832762178,627.6943821716023,0.0004950298995113865,16.327126613771952,0.10800090807431593,0.004583571641552811,False
2764,909.4026423712249,7290.140787772109,7624.140787772109,7213.140787772109,7546.140787772109,0.019454991880195154,641.6665256207359,0.00014550272507818027,4.798985712469403,0.03205784794763982,0.004538755231350224,False
2765,909.6760213923728,7259.145220242076,7594.145220242076,7183.145220242076,7521.145220242076,0.019593413134396987,646.2319495388087,0.0003759145274014608,12.398451267080986,0.08576882332869804,0.0043828807812929475,False
2766,909.9493823894977,7222.149658095001,7562.149658095001,7144.149658095001,7487.149658095001,0.01997878430346568,658.942300725459,0.00038718615102635925,12.77021310661462,0.08561619920727256,0.004522346876074244,False
2767,910.2227253382282,7187.154101345035,7526.154101345035,7112.154101345035,7455.154101345035,0.020016149687452026,660.1746896294816,0.0004393171908721079,14.489604377544424,0.10131526672052453,0.004336140101017082,False
2768,910.4960502141926,7149.158550006324,7481.158550006324,7072.158550006324,7411.158550006324,0.019713930238093022,650.2068569395785,0.0006201856529037993,20.455026431736655,0.14118078803489795,0.004392847366388817,False
2769,910.7693569930201,7104.163004093003,7432.163004093003,7030.163004093003,7359.163004093003,0.019602308432214638,646.5253351583023,0.00026071928514746073,8.5990700429536,0.05902414568918394,0.004417163215210026,False
2770,911.042645650339,7077.1674636192,7400.1674636192,6997.1674636192,7326.1674636192,0.019382075570060612,639.2615924460916,0.0005724980668692613,18.88218960741608,0.12309257920805713,0.004650955163605735,False
2771,911.315916161778,7042.171928599035,7360.171928599035,6963.171928599035,7288.171928599035,0.019181335487453134,632.6407625761659,0.0006301551118387747,20.78384014271171,0.13745556749053198,0.004584427705208668,False
2772,911.5891685029658,6993.176399046618,7309.176399046618,6910.176399046618,7239.176399046618,0.0191939600178604,633.0571461251237,0.0010060653774315066,33.18215084638291,0.21486487672751745,0.004682316592429186,False
2773,911.862402649531,6957.180874976053,7267.180874976053,6882.180874976053,7203.180874976053,0.01893267518038295,624.4394229775646,0.0008655626502236564,28.548075573420306,0.2024977619555406,0.004274430699207901,False
2774,912.1356185771023,6912.185356401436,7224.185356401436,6835.185356401436,7159.185356401436,0.019173504851234553,632.3824917340746,0.0009398056537872866,30.99676588599857,0.213826599427455,0.0043951765416637735,False
2775,912.4088162613083,6866.189843336853,7178.189843336853,6791.189843336853,7112.189843336853,0.01929913297387998,636.5259712828997,0.0007583365634238268,25.011533846934412,0.1727116100486009,0.00439076772667704,False
2776,912.6819956777775,6834.194335796383,7144.194335796383,6764.194335796383,7079.194335796383,0.019265935534341923,635.4310499475906,0.0005018226553795795,16.551165980335327,0.11890584237164249,0.004220336405431813,False
2777,912.9551568021387,6793.198833794094,7101.198833794094,6721.198833794094,7036.198833794094,0.019257346702577945,635.1477722227233,0.0006340134901443965,20.911097569347817,0.14708323215081642,0.004310576269457357,False
2778,913.2282996100207,6764.203337344049,7072.203337344049,6690.203337344049,7010.203337344049,0.0193380844967293,637.810674380607,0.0009532131502872007,31.438973302447152,0.22163984055977295,0.004300730175043297,False
2779,913.5014240770519,6726.207846460303,7038.207846460303,6653.207846460303,6972.207846460303,0.019691804595459623,649.4771067385441,0.0006474296282370715,21.353590003689987,0.14662732019185742,0.004415477466204315,False
2780,913.7745301788611,6680.212361156899,6988.212361156899,6606.212361156899,6924.212361156899,0.0195758253260062,645.6518666493942,0.000842023345973518,27.771699840820133,0.19064419998708879,0.004416726792792769,False
2781,914.0476178910769,6627.2168814478755,6932.2168814478755,6552.2168814478755,6871.2168814478755,0.01954095810945681,644.5018725584642,0.0011044342739925453,36.42656382142604,0.25153933726883526,0.004390702011002636,False
2782,914.3206871893278,6616.2214073472605,6926.2214073472605,6542.2214073472605,6864.2214073472605,0.01988634017113756,655.893298928373,0.0009797053872593019,32.31274296313347,0.22291668632844447,0.004394939667350915,False
2783,914.5937380492426,6587.225938869074,6899.225938869074,6517.225938869074,6834.225938869074,0.020097807843953118,662.8679472722149,0.0005287472346238824,17.4391951979203,0.12084521823403968,0.004375408827512422,False
2784,914.86677044645,6585.230476027327,6896.230476027327,6515.230476027327,6829.230476027327,0.02004078802657033,660.9873138421497,0.00040119823918881997,13.232361226915259,0.09034781940847586,0.004440596815900375,False
2785,915.1397843565785,6539.235018836026,6852.235018836026,6470.235018836026,6785.235018836026,0.020305303934244855,669.7116044763549,0.00033953502711349046,11.198578879708748,0.07652144156254292,0.004437122722472235,False
2786,915.4127797552567,6500.239567309163,6814.239567309163,6430.239567309163,6750.239567309163,0.02048803500686501,675.738459342868,0.000603997836466124,19.92111821964795,0.13726566703250473,0.00440021055172592,False
2787,915.6857566181135,6453.244121460726,6768.244121460726,6383.244121460726,6704.244121460726,0.020697920273718903,682.6609166119567,0.0006104456383646643,20.133780279216126,0.13775402850401866,0.004431417686974258,False
2788,915.9587149207773,6415.2486813046935,6728.2486813046935,6347.2486813046935,6667.2486813046935,0.02068853887887238,682.3514984906996,0.0006726012340318062,22.183802472246384,0.15672207909370145,0.0042916814141399275,False
2789,916.2316546388769,6357.253246855034,6668.253246855034,6290.253246855034,6610.253246855034,0.020742572817436657,684.1336513611635,0.0008073947575874818,26.62957620830207,0.19234289555697312,0.004197684324391002,False
2790,916.5045757480409,6321.257818125711,6636.257818125711,6252.257818125711,6576.257818125711,0.02111974621265737,696.573622735,0.0008222066147986658,27.118102392904007,0.18877337324663268,0.00435552218333489,False
2791,916.7774782238979,6255.262395130676,6572.262395130676,6192.262395130676,6508.262395130676,0.021469362001068512,708.1046863115572,0.00014634101451943549,4.826634260284209,0.033851644536854096,0.004323010492447859,False
2792,917.0503620420765,6217.266977883874,6536.266977883874,6155.266977883874,6475.266977883874,0.021730265951290236,716.7098469968167,0.0002805185910567422,9.252092768984426,0.06659411698178942,0.004212362949920212,False
2793,917.3232271782053,6182.27156639924,6498.27156639924,6118.27156639924,6438.27156639924,0.021649778554869596,714.0552034824153,0.0004907630014117717,16.18639534564204,0.11482664615121545,0.004273947013705206,False
2794,917.5960736079134,6160.276160690703,6470.276160690703,6093.276160690703,6410.276160690703,0.02132263567134346,703.2653435458786,0.0007032423102575139,23.194409572167388,0.15991143152930917,0.004397698798216443,False
2795,917.8689013068288,6128.280760772182,6432.280760772182,6064.280760772182,6373.280760772182,0.021026338721296896,693.4928473320949,0.0005574122426133844,18.384627413815565,0.13021679364827685,0.004280647887237858,False
2796,918.1417102505807,6096.285366657585,6392.285366657585,6033.285366657585,6334.285366657585,0.020590866566862192,679.1300603383288,0.0005528909890540092,18.235506967980314,0.13055353548392323,0.004234975230694491,False
2797,918.4145004147972,6046.289978360817,6340.289978360817,5983.289978360817,6280.289978360817,0.02062014916813674,680.0958620789148,0.0004194963051988333,13.835869905537493,0.09667656742741661,0.004339172525066999,False
2798,918.6872717751074,6008.29459589577,6298.29459589577,5946.29459589577,6243.29459589577,0.020471751786309517,675.2014045024393,0.0006956546809378655,22.944153608391275,0.16734658246642145,0.004156969749157862,False
2799,918.96002430714,5967.2992192763295,6256.2992192763295,5905.2992192763295,6196.2992192763295,0.02053969620841344,677.4423543591759,0.0003507774206847579,11.569376650633444,0.0804439696299685,0.004360518536047974,False
2800,919.2327579865231,5939.3038485163715,6224.3038485163715,5877.3038485163715,6168.3038485163715,0.020355241328180177,671.3586446942257,0.0006323737162513866,20.857014379634393,0.14910207753670818,0.004241213313045215,False
2801,919.5054727888859,5891.308483629764,6175.308483629764,5829.308483629764,6122.308483629764,0.020446893304361398,674.3815195165148,0.0008512766842266768,28.076894386459912,0.20418778614555924,0.004169087193196892,False
2802,919.7781686898567,5866.313124630366,6148.313124630366,5803.313124630366,6095.313124630366,0.020390736892309816,672.5293630091072,0.0009292798711874224,30.64960345119073,0.21996890729960686,0.00422459647863643,False
2803,920.0508456650643,5824.317771532027,6105.317771532027,5766.317771532027,6052.317771532027,0.020463211350956738,674.9197229929403,0.0005599389328948025,18.467962970272083,0.1376948526582567,0.004066520440560756,False
2804,920.3235036901374,5791.322424348591,6069.322424348591,5731.322424348591,6013.322424348591,0.02036246500895795,671.5968968700895,0.0004971845604268207,16.398191859751705,0.11631922749597434,0.00427431105871149,False
2805,920.5961427407044,5746.327083093889,6020.327083093889,5688.327083093889,5962.327083093889,0.020229744461545185,667.2194942445183,0.00020149184340104848,6.645624521061109,0.04680375403811911,0.00430503594299176,False
2806,920.8687627923941,5713.331747781748,5990.331747781748,5654.331747781748,5932.331747781748,0.020561432173366014,678.1592521712139,0.0002827118893186098,9.324432355863223,0.06474119184549437,0.0043668008150561256,False
2807,921.1413638208353,5668.3364184259835,5936.3364184259835,5607.3364184259835,5883.3364184259835,0.020062886971653815,661.7161835018712,0.0008041829032905054,26.523642502431926,0.18715361233588718,0.004296913606173025,False
2808,921.4139458016564,5630.341095040401,5898.341095040401,5569.341095040401,5842.341095040401,0.02019517784776992,666.079414664931,0.0005879139386795983,19.390637463106145,0.13250461462053886,0.004436931803192224,False
2809,921.6865087104862,5570.345777638802,5830.345777638802,5509.345777638802,5776.345777638802,0.019812157308516917,653.4465921905077,0.0007409948932442408,24.43956911309533,0.16796409105908275,0.004411626845785685,False
2810,921.9590525229534,5547.350466234974,5803.350466234974,5486.350466234974,5749.350466234974,0.01959319427461641,646.224731083213,0.0007420419584940399,24.474103525912142,0.16746464411480766,0.004431036547543271,False
2811,922.2315772146864,5511.3551608427,5764.3551608427,5448.3551608427,5710.3551608427,0.01949233269287418,642.8981041113955,0.0009053776462695506,29.861257832127762,0.19940922700480615,0.004540299663504183,False
2812,922.5040827613138,5484.359861475752,5735.359861475752,5425.359861475752,5680.359861475752,0.019434728923990174,640.9982107333835,0.0005125710131199598,16.905669411118993,0.11541511558582568,0.004441108173034742,False
2813,922.7765691384644,5438.364568147894,5685.364568147894,5375.364568147894,5633.364568147894,0.019290000855846586,636.2247748349067,0.0010699327179677122,35.288629983196074,0.23642690557596469,0.004525427067453368,False
2814,923.0490363217673,5394.36928087288,5639.36928087288,5331.36928087288,5582.36928087288,0.01928986076128642,636.2201542218406,0.0006899362117256877,22.755546473839672,0.14503781655369474,0.004756940142368077,False
2815,923.3214842868504,5362.373999664458,5606.373999664458,5303.373999664458,5553.373999664458,0.01932496541194973,637.3779793889223,0.00067970209437207,22.41800377191862,0.15222910064017747,0.004464994482091014,False
2816,923.5939130093426,5320.378724536366,5561.378724536366,5263.378724536366,5510.378724536366,0.01923992301254846,634.5731023018332,0.0006769049798500092,22.32574905558738,0.15598775987424085,0.004339474971598655,False
2817,923.8663224648727,5269.3834555023295,5506.3834555023295,5213.3834555023295,5457.3834555023295,0.019106648129386422,630.1774165180652,0.0007581524373750613,25.005460982822456,0.1779258696610667,0.004261057927210224,False
2818,924.1387126290692,5232.3881925760725,5466.3881925760725,5175.3881925760725,5416.3881925760725,0.01900051267766195,626.6768462288246,0.0007663393387692466,25.275482199256544,0.1752090670262704,0.004373856626120517,False
2819,924.411083477561,5202.392935771305,5440.392935771305,5146.392935771305,5391.392935771305,0.01942711674051505,640.7471449219481,0.0007709262582441638,25.426768445012726,0.17867245880432198,0.004314745895384273,False
2820,924.6834349859763,5179.397685101729,5418.397685101729,5121.397685101729,5369.397685101729,0.01959161870859591,646.1727656040965,0.0009454516830586963,31.182983799038652,0.21399839434652684,0.004418031667694337,False
2821,924.9557671299441,5138.402440581038,5375.402440581038,5080.402440581038,5325.402440581038,0.01958286887374879,645.8841776591269,0.0008714481196328665,28.742190725496016,0.19390181364936596,0.004494275237717541,False
2822,925.2280798850927,5109.407202222917,5347.407202222917,5052.407202222917,5294.407202222917,0.019772740812453372,652.1465532988448,0.0005462542388117372,18.016612994875914,0.11877562766908566,0.0045990431667818805,False
2823,925.5003732270512,5061.411970041041,5301.411970041041,5007.411970041041,5245.411970041041,0.020119866503070995,663.5954882161116,4.641330700648136e-05,1.5308084235045953,0.010013317087653505,0.004635158020084005,False
2824,925.772647131448,5037.41674404908,5277.41674404908,4983.41674404908,5223.41674404908,0.02021350924886822,666.6840228048337,0.00021396056223260337,7.056869076743851,0.046780689740962195,0.004573694048064769,False
2825,926.0449015739116,5017.42152426069,5256.42152426069,4960.42152426069,5202.42152426069,0.020209596435018202,666.5549699795226,0.00047735807741545316,15.744272775769446,0.10106396568294242,0.0047233262042479076,False
2826,926.317136530071,4992.42631068952,5231.42631068952,4937.42631068952,5178.42631068952,0.020308448964945155,669.8153341995468,0.0003887246317086229,12.82095543332457,0.08420014752458153,0.00461667399804897,False
2827,926.5893519755546,4977.43110334921,5209.43110334921,4921.43110334921,5157.43110334921,0.019785041379695736,652.55225186167,0.0005569840279370172,18.370503993703323,0.12015993389155966,0.004635355645582135,False
2828,926.8615478859911,4938.4359022533945,5165.4359022533945,4878.4359022533945,5114.4359022533945,0.019517555490667648,643.7300049996732,0.0009995814305502372,32.96829664930897,0.20785521674151478,0.004809027390413298,False
2829,927.133724237009,4896.440707415693,5115.440707415693,4839.440707415693,5066.440707415693,0.01900255530367525,626.7442163282401,0.0009052358898831679,29.856582408540135,0.19540099744756104,0.004632708643803635,False
2830,927.4058810042371,4864.445518849721,5081.445518849721,4808.445518849721,5030.445518849721,0.018953929899647,625.1404482952411,0.000647820208170332,21.36647215086839,0.1376953985953653,0.004704733889285804,False
2831,927.6780181633043,4832.450336569083,5045.450336569083,4774.450336569083,4993.450336569083,0.018732536229973847,617.8384197110906,0.0007448184294732187,24.565677374807592,0.15288958375637923,0.004871610028450624,False
2832,927.9501356898387,4805.455160587375,5012.455160587375,4751.455160587375,4965.455160587375,0.01831597139115263,604.0992357284814,0.0008164578664097942,26.92849658745979,0.18144858492158034,0.0044996651076813655,False
2833,928.2222335594694,4764.459990918182,4970.459990918182,4711.459990918182,4922.459990918182,0.01838289799537429,606.3066158120589,0.0006437894431844914,21.23352904917067,0.14192006235855067,0.004536282132951748,False
2834,928.4943117478248,4731.464827575083,4938.464827575083,4681.464827575083,4889.464827575083,0.018596348998799035,613.3466785682529,0.0002832125491851224,9.340945170622604,0.06332670834070063,0.004472244912232384,False
2835,928.7663702305335,4697.469670571648,4898.469670571648,4646.469670571648,4852.469670571648,0.01819643867050677,600.1567953498297,0.0006432842486256696,21.216866670727086,0.14556458569787642,0.004419235939439452,False
2836,929.0384089832244,4666.474519921434,4864.474519921434,4612.474519921434,4817.474519921434,0.018047034085557617,595.2291180973028,0.0008384121648107312,27.652595495550827,0.18085938953092784,0.004635712677042729,False
2837,929.310427981526,4640.479375637995,4836.479375637995,4586.479375637995,4791.479375637995,0.017966493323079202,592.5727144581433,0.001023684871661195,33.76327880136637,0.22392465458657598,0.004571559454010044,False
2838,929.5824272010668,4601.4842377348705,4794.4842377348705,4549.4842377348705,4747.4842377348705,0.017843956486313244,588.5311920153503,0.0006574103103317332,21.68277387806245,0.14269600313690214,0.004607068844815616,False
2839,929.8544066174758,4570.489106225594,4760.489106225594,4517.489106225594,4716.489106225594,0.017688897528967785,583.4170216759875,0.0010328242002384282,34.06471306825142,0.22703663888794604,0.004549152089712616,False
2840,930.1263662063814,4547.493981123689,4736.493981123689,4500.493981123689,4693.493981123689,0.017684856842435787,583.2837513408429,0.0005512232059056571,18.180499974151644,0.13011791158814787,0.004236336098372076,False
2841,930.3983059434121,4509.49886244267,4694.49886244267,4465.49886244267,4651.49886244267,0.017460956451124728,575.8990458080721,0.00026197956339970435,8.640636668754041,0.06347466895867662,0.0041273088571798415,False
2842,930.6702258041969,4487.503750196043,4670.503750196043,4441.503750196043,4627.503750196043,0.017358900608536683,572.5330296032835,0.00045784563219539165,15.10071131823554,0.10783320892682748,0.004245868566390087,False
2843,930.9421257643643,4465.508644397304,4644.508644397304,4418.508644397304,4604.508644397304,0.017068841111024465,562.9662576848932,0.0008387425432235286,27.663492070043503,0.20085532477376092,0.004175854158550539,False
2844,931.2140057995427,4445.513545059941,4623.513545059941,4397.513545059941,4580.513545059941,0.01705019643930291,562.3513172213565,0.0006567894649327846,21.662297091819596,0.14973460291122834,0.004386357275894129,False
2845,931.4858658853611,4407.5184521974315,4579.5184521974315,4357.5184521974315,4537.5184521974315,0.01662567409430904,548.3496779588963,0.0009534952138351774,31.44827635114291,0.21292135883539226,0.004478156719694414,False
2846,931.757705997448,4377.523365823245,4548.523365823245,4325.523365823245,4504.523365823245,0.016641957141810628,548.8867270916436,0.0009682245342264688,31.934080297936248,0.20575576232916096,0.00470569826704312,False
2847,932.0295261114321,4336.52828595084,4507.52828595084,4287.52828595084,4463.52828595084,0.01679627720154263,553.9765270345888,0.0006750158817481096,22.2634426293979,0.1468167139390607,0.004597677360006088,False
2848,932.301326202942,4311.533212593669,4483.533212593669,4263.533212593669,4438.533212593669,0.01698865531692906,560.3215616491309,0.0004811681912727378,15.869938339449732,0.10411512494880451,0.004621501357361266,False
2849,932.5731062476062,4271.538145765174,4442.538145765174,4225.538145765174,4397.538145765174,0.017046876493726326,562.2418184378826,0.00028071224872788444,9.258480006037416,0.06153397932894544,0.004561906312401253,False
2850,932.8448662210536,4250.5430854787855,4422.5430854787855,4201.5430854787855,4377.5430854787855,0.017227649857315865,568.2041039455602,0.0005939579612125601,19.589982030473948,0.12534401815472673,0.004738622312868321,False
2851,933.1166060989128,4205.548031747929,4382.548031747929,4161.548031747929,4336.548031747929,0.01790408712632652,590.5144269145612,-1.4837650652500811e-05,-0.4893769065129163,-0.0032431280914260586,0.00457510472427145,False
2852,933.3883258568122,4170.552984586016,4344.552984586016,4125.552984586016,4300.552984586016,0.017751455049567266,585.4803001981122,0.00029067853014878506,9.587188915919683,0.06365964948767297,0.004566134631405282,False
2853,933.6600254703808,4139.557944006453,4307.557944006453,4092.557944006453,4267.557944006453,0.017277162095819962,569.837121643654,0.0009074274548429989,29.928864827474513,0.20140817080949797,0.004505415302645739,False
2854,933.9317049152471,4098.562910022635,4266.562910022635,4053.562910022635,4226.562910022635,0.01744654805756165,575.423826702645,0.000703872012944997,23.2151784904039,0.15843153153914186,0.00444275205893026,False
2855,934.2033641670396,4067.56788264795,4236.56788264795,4020.56788264795,4192.56788264795,0.017679360007494652,583.1024541704144,0.0005133439954030893,16.93116399158646,0.1071534175299994,0.004790738431271872,False
2856,934.475003201387,4035.572861895773,4207.572861895773,3992.572861895773,4166.572861895773,0.018126452461532265,597.8485030703683,0.00039967790336800993,13.182217355875878,0.08976476031126794,0.004452503432105075,False
2857,934.7466219939181,3992.5778477794724,4162.577847779472,3946.5778477794724,4122.577847779472,0.0181089758664254,597.2720882288223,0.0008392155775112653,27.679093735147376,0.18191965138729757,0.004613111179092019,False
2858,935.0182205202615,3962.5828403124074,4131.582840312407,3916.5828403124074,4092.5828403124074,0.01813811047955218,598.2330090092312,0.0009520516841391262,31.400665707540497,0.20719243201875226,0.004595011868256652,False
2859,935.2897987560456,3917.587839507927,4089.587839507927,3876.587839507927,4045.587839507927,0.018660797829677066,615.472336478803,-0.00012879171887296773,-4.247821602129193,-0.027795715799618287,0.004633509703489499,False
2860,935.5613566768994,3906.5928453793713,4076.5928453793713,3865.5928453793713,4036.5928453793713,0.018499187578891248,610.1420907112889,0.00029964973816023685,9.883078213164026,0.06760719498826306,0.004432216692502292,False
2861,935.8328942584513,3865.5978579400708,4032.5978579400708,3822.5978579400708,3993.5978579400708,0.01836824314562638,605.8232680636178,0.000637475475506865,21.0252811235207,0.140434069281807,0.004539322108708908,False
2862,936.1044114763301,3842.602877203347,4007.602877203347,3800.602877203347,3968.602877203347,0.018259176126641557,602.2260085241243,0.000525973984990491,17.347727595780043,0.11662332760862247,0.0045100238157807756,False
2863,936.3759083061644,3811.6079031825116,3978.6079031825116,3770.6079031825116,3939.6079031825116,0.018622922222117443,614.2231193288694,0.0004187043144657232,13.80974838643499,0.0933047253336462,0.004487493135727994,False
2864,936.6473847235827,3792.612935890868,3956.612935890868,3750.612935890868,3919.612935890868,0.018385044548073753,606.3774136320328,0.0007558905775445907,24.930860091298314,0.16954569404368067,0.00445832954831544,False
2865,936.918840704214,3763.617975341709,3926.617975341709,3723.617975341709,3892.617975341709,0.018413116282917696,607.3032784525572,0.0008635493728988003,28.481673455439136,0.2051848374555453,0.004208641260277793,False
2866,937.1902762236864,3750.6230215483192,3911.6230215483192,3707.6230215483192,3878.6230215483192,0.0182535784496714,602.0413853716136,0.0013284222954331286,43.814159580063006,0.30583202367423507,0.0043436337355179395,False
2867,937.461691257629,3708.628074523972,3866.628074523972,3669.628074523972,3832.628074523972,0.01811911828948684,597.6066066602505,0.0007555085412023245,24.918259729709007,0.17930759474154634,0.0042134776404274075,False
2868,937.7330857816704,3692.633134281934,3846.633134281934,3654.633134281934,3812.633134281934,0.017744605896885535,585.2544007460953,0.0006366245790259961,20.99721676904005,0.15251917158769498,0.004174062659787998,False
2869,938.0044597714389,3669.63820083546,3821.63820083546,3625.63820083546,3784.63820083546,0.017626321333697986,581.3531272239826,0.0010135832724726436,33.43010682707575,0.21419799075373416,0.004731992437958821,False
2870,938.2758132025637,3647.643274197797,3793.643274197797,3603.643274197797,3760.643274197797,0.017044131306929087,562.1512764070654,0.00147621442827673,48.68865477285556,0.325698376317947,0.004532458666099239,False
2871,938.5471460506728,3624.648354382181,3770.648354382181,3581.648354382181,3735.648354382181,0.017150152743439957,565.6480862349073,0.0011328908996072959,37.3651231485926,0.24540093573855737,0.004616489730154261,False
2872,938.8184582913955,3590.6534414018406,3739.6534414018406,3549.6534414018406,3704.6534414018406,0.01765786701618692,582.3935701399016,0.0009037660970962445,29.808105552997063,0.1992582040310331,0.004535653131529226,False
2873,939.0897499003598,3559.6585352699935,3709.6585352699935,3519.6585352699935,3672.6585352699935,0.017925596015401758,591.2238352868628,0.0005544239412137442,18.28606695239648,0.11973058086769883,0.004630595936274438,False
2874,939.3610208531949,3523.6636359998483,3676.6636359998483,3485.6636359998483,3638.6636359998483,0.018459455157507434,608.8316319385044,0.00019697969911649724,6.496804518256795,0.042724345521038494,0.0046104790304979555,False
2875,939.6322711255292,3486.6687436046036,3640.6687436046036,3450.6687436046036,3605.6687436046036,0.01877047672525521,619.089776994478,0.0003120784207553025,10.293002289613582,0.07171942490730653,0.004351379297291452,False
2876,939.9035006929913,3472.6738580974497,3624.6738580974497,3430.6738580974497,3591.6738580974497,0.018604937854270726,613.6299570750505,0.001312522631743647,43.28975525129226,0.28358613641924396,0.004628303232014342,False
2877,940.1747095312098,3431.6789794915667,3584.6789794915667,3393.6789794915667,3553.6789794915667,0.01894361467841334,624.8002306168801,0.0010638202820847723,35.0870289997448,0.24717094854380386,0.004303985918863927,False
2878,940.4458976158137,3398.6841078001244,3551.6841078001244,3360.6841078001244,3516.6841078001244,0.019123531244974873,630.7342571576299,0.000582135303926215,19.20004594254067,0.1267704978798933,0.0045920408427972716,False
2879,940.7170649224313,3357.689243036285,3511.689243036285,3322.689243036285,3477.689243036285,0.019475577935639216,642.3454970001314,0.0003254686111217424,10.734638913403728,0.07417175845312683,0.004388039570713747,False
2880,940.9882114266912,3338.694385213199,3486.694385213199,3304.694385213199,3453.694385213199,0.018837215616266115,621.2909659018011,0.000315386362121247,10.402105148988426,0.07355656734212641,0.004287671019969182,False
2881,941.2593371042225,3310.699534344009,3448.699534344009,3269.699534344009,3415.699534344009,0.01773559066177278,584.957059342507,0.0012362244058879528,40.773279387548314,0.257879303734381,0.004793810080863565,False
2882,941.5304419306533,3281.7046904418476,3421.7046904418476,3240.7046904418476,3387.7046904418476,0.018143027344733588,598.3951775579166,0.0011230603811078835,37.040891985228086,0.2292657171728822,0.004898509881706467,False
2883,941.8015258816125,3244.709853519837,3386.709853519837,3205.709853519837,3350.709853519837,0.018602123672001515,613.5371394285424,0.0006104870112606381,20.135144844289243,0.12342016948736492,0.0049464120313263416,False
2884,942.0725889327286,3209.7150235910913,3350.7150235910913,3172.7150235910913,3314.7150235910913,0.018671017877775198,615.8094151471049,0.0003441137229050449,11.349593891101904,0.07075647552099744,0.004863353076467566,False
2885,942.3436310596306,3195.720200668713,3330.720200668713,3158.720200668713,3298.720200668713,0.017969403112959147,592.6686854446154,0.0008649190706133819,28.526848965101635,0.18700424960353101,0.004625130564931561,False
2886,942.6146522379469,3170.7253847657976,3303.7253847657976,3132.7253847657976,3269.7253847657976,0.017845310744243066,588.5758582884577,0.0007436420267745714,24.526877141066734,0.15287176991462673,0.004864482351384223,False
2887,942.8856524433061,3136.730575895429,3266.730575895429,3098.730575895429,3232.730575895429,0.017636100130088213,581.6756524834691,0.0007495933175416282,24.723163219877506,0.15239963167649465,0.004918603209834671,False
2888,943.1566316513367,3114.735774070681,3245.735774070681,3079.735774070681,3213.735774070681,0.01789195132247683,590.1141625947507,0.0006047580800061861,19.946192649592717,0.13131573366726326,0.004605374109537881,False
2889,943.4275898376678,3094.740979304621,3225.740979304621,3054.740979304621,3192.740979304621,0.018005185745432903,593.848871876889,0.0011841097781569963,39.05442942266188,0.23411281066463788,0.005057859818928111,False
2890,943.6985269779278,3072.746191610302,3204.746191610302,3035.746191610302,3170.746191610302,0.01826695103472162,602.4824413350694,0.0006290695983842687,20.748037627287772,0.12716966486158127,0.004946695417252094,False
2891,943.9694430477452,3030.7514110007714,3160.7514110007714,2995.7514110007714,3126.7514110007714,0.018240024459815457,601.5943462963614,0.0003475574989656727,11.46317686422492,0.07135583794003753,0.0048707647334719235,False
2892,944.2403380227488,3009.7566374890653,3136.7566374890653,2975.7566374890653,3104.7566374890653,0.01794944476179111,592.010417071646,0.0004807084745863423,15.854775916831045,0.10241751942452584,0.004693615675202805,False
2893,944.5112118785672,2980.76187108821,3104.76187108821,2942.76187108821,3071.76187108821,0.017701014050200182,583.8166500145486,0.0009314109470480066,30.719890812486938,0.18239868631299827,0.005106456443714154,False
2894,944.7820645908293,2947.767111811222,3070.767111811222,2914.767111811222,3037.767111811222,0.017753711498041995,585.5547226117496,0.0001969038309137458,6.49430222545891,0.04109992158679225,0.004790856607790274,False
2895,945.0528961351633,2923.7723596711085,3042.7723596711085,2889.7723596711085,3012.7723596711085,0.017325906385465523,571.4448107742035,0.0007767791413985335,25.619808833909133,0.16557040413486315,0.004691533764487393,False
2896,945.3237064871981,2908.777614680867,3029.777614680867,2877.777614680867,2997.777614680867,0.01770023318948236,583.790895586745,4.1949050419824024e-05,1.383567857634489,0.0090557426567938,0.004632314765300116,False
2897,945.5944956225625,2879.7828768534846,2998.7828768534846,2848.7828768534846,2968.7828768534846,0.017585277273663564,579.9994078515028,0.00033380891454969086,11.009719651354658,0.07363176908047986,0.004533490349591305,False
2898,945.8652635168849,2860.7881462019404,2980.7881462019404,2829.7881462019404,2949.7881462019404,0.01784541288069217,588.5792269632346,0.00019149016310947634,6.315748082017421,0.04130477668702491,0.004636029497518848,False
2899,946.1360101457938,2839.793422739201,2955.793422739201,2806.793422739201,2926.793422739201,0.017387329422608667,573.4706716473111,0.0007942908080024215,26.1973804071456,0.1697509650158619,0.004679153417055398,False
2900,946.406735484918,2813.7987064782255,2929.7987064782255,2781.7987064782255,2899.7987064782255,0.01754475727160055,578.6629730124635,0.0004973936804952908,16.40508907916967,0.10541065829816078,0.004718627969179179,False
2901,946.6774395098864,2794.8039974319627,2909.8039974319627,2760.8039974319627,2879.8039974319627,0.017512380409991025,577.5951160620509,0.0008149746950346544,26.879578477956102,0.1660403413135836,0.004908293301418202,False
2902,946.9481221963274,2769.8092956133505,2887.8092956133505,2737.8092956133505,2855.8092956133505,0.018118641574673036,597.5908836036606,0.0002073676018833001,6.839419386353825,0.04195184747906107,0.004942990937092843,False
2903,947.2187835198696,2749.814601035319,2866.814601035319,2716.814601035319,2832.814601035319,0.018096194055326,596.8505172320417,6.195555459869925e-05,2.0434244181167287,0.011886109866335351,0.005212433276775776,False
2904,947.4894234561418,2725.819913710786,2839.819913710786,2690.819913710786,2807.819913710786,0.017793640286488964,586.8716579830307,0.0006909764753884259,22.789856556018435,0.13118879835282485,0.005267038680620306,False
2905,947.7600419807726,2689.8252336526616,2804.8252336526616,2655.8252336526616,2772.8252336526616,0.018181742454163777,599.6720832441322,0.0005412622353188137,17.851966226739364,0.10302026602117947,0.005253939406519665,False
2906,948.0306390693904,2675.8305608738447,2789.8305608738447,2639.8305608738447,2759.8305608738447,0.018119217849635744,597.6098903632317,0.0011871493203559416,39.154679913347536,0.22445703011022394,0.00528898257173308,False
2907,948.3012146976242,2659.8358953872257,2775.8358953872257,2630.8358953872257,2745.8358953872257,0.018538944817065552,611.4533679939873,4.187450732287892e-05,1.3811092696113292,0.008834010958874625,0.004740146635296156,False
2908,948.5717688411025,2649.8412372056837,2758.8412372056837,2618.8412372056837,2729.8412372056837,0.017506854529027185,577.4128608927404,0.000521364579100559,17.195699700791465,0.10749782445103101,0.004850001214099535,False
2909,948.842301475454,2627.8465863420884,2734.8465863420884,2595.8465863420884,2706.8465863420884,0.017332961696300178,571.677509755438,0.0008516584008147268,28.08948420188267,0.17397982517236438,0.004895156090489091,False
2910,949.1128125763073,2612.8519428093,2716.8519428093,2582.8519428093,2687.8519428093,0.01695117067178558,559.0852392614652,0.0003546600014005495,11.697432323629073,0.07330776756697291,0.004837959375540079,False
2911,949.383302119291,2594.857306620169,2695.857306620169,2564.857306620169,2668.857306620169,0.016583420375214045,546.9560614879565,0.0006787254403908607,22.385791670741128,0.1440752498724464,0.004710909340721284,False
2912,949.6537700800338,2581.8626777875343,2683.8626777875343,2552.8626777875343,2654.8626777875343,0.016827151394058996,554.9948227997743,0.00018745671585030169,6.182716513307014,0.038956439110887316,0.004811957153391682,False
2913,949.9242164341642,2565.868056324227,2666.868056324227,2534.868056324227,2636.868056324227,0.016767209390253352,553.0178095191948,0.00036583112776054916,12.065879552126262,0.07178725123333901,0.005096045906137886,False
2914,950.1946411573111,2545.8734422430675,2644.8734422430675,2514.8734422430675,2616.8734422430675,0.016568085116869802,546.4502724338236,0.0006984999611388508,23.03799693005533,0.14050293688125975,0.004971426054454358,False
2915,950.4650442251032,2528.878835556866,2627.878835556866,2495.878835556866,2599.878835556866,0.016677315407704073,550.0529170221013,0.0010522948788892414,34.70689697653984,0.20320943837507482,0.005178376001152874,False
2916,950.7354256131687,2516.8842362784217,2617.8842362784217,2488.8842362784217,2588.8842362784217,0.01708719729457354,563.5716832021138,2.073675633141106e-05,0.6839418114261662,0.0042772290934147625,0.0048481752738794015,False
2917,951.0057852971365,2488.8896444205266,2589.8896444205266,2459.8896444205266,2562.8896444205266,0.017275618393573125,569.7862070987691,0.0005386636682668706,17.766260023309428,0.1117400752029378,0.004820684676366751,False
2918,951.2761232526354,2474.8950599959608,2576.8950599959608,2446.8950599959608,2549.8950599959608,0.01753994415788382,578.5042264051633,0.00036701925139210473,12.105066366870915,0.07713834908311686,0.004757935005798998,False
2919,951.5464394552938,2461.9004830174936,2561.9004830174936,2434.9004830174936,2536.9004830174936,0.017291762035765636,570.3186583513998,0.0005304532760641266,17.495464030632775,0.11725183210712778,0.004524051066250931,False
2920,951.8167338807406,2446.9059134978866,2543.9059134978866,2420.9059134978866,2517.9059134978866,0.01688377434485238,556.8623667355274,0.00017781218891337394,5.864619742617833,0.03907571024252539,0.004550453153884434,False
2921,952.0870065046042,2422.9113514498895,2519.9113514498895,2394.9113514498895,2492.9113514498895,0.017047738274787363,562.2702417886959,0.0003696544098788779,12.191979432734911,0.07600967123386969,0.004863254950038002,False
2922,952.3572573025133,2422.916796886243,2515.916796886243,2395.916796886243,2489.916796886243,0.01635777389692519,539.5137663364711,0.0003553288329209772,11.71949179302294,0.0757775532692867,0.004689104063023306,False
2923,952.6274862500966,2401.922249819677,2491.922249819677,2373.922249819677,2467.922249819677,0.015975542636407054,526.9069759337478,0.00088943985963345,29.335596128445218,0.1913706329249958,0.004647734325997917,False
2924,952.8976933229827,2391.927710262912,2483.927710262912,2363.927710262912,2458.927710262912,0.01639090231422497,540.6064111732805,0.0007206673029524213,23.769122457701428,0.15160692653792637,0.004753524917426101,False
2925,953.1678784968003,2374.9331782286586,2468.9331782286586,2347.9331782286586,2441.9331782286586,0.016857941190034163,556.0103349896339,0.00019010161485724653,6.269950842000412,0.03903034163649117,0.004870611090923996,False
2926,953.4380417471781,2371.938653729616,2464.938653729616,2342.938653729616,2438.938653729616,0.016702662695539543,550.8889238536359,0.0007372966013265321,24.317591672026197,0.1482334898195165,0.004973886820206666,False
2927,953.7081830497444,2351.9441367784752,2448.9441367784752,2327.9441367784752,2421.9441367784752,0.01755187629019591,578.8977732095567,-0.0003603089864205773,-11.883747723471288,-0.07774323792306687,0.004634602263120707,False
2928,953.9783023801284,2346.9496273879154,2439.9496273879154,2319.9496273879154,2414.9496273879154,0.016877092017845655,556.6419695449313,0.0005524291212156661,18.220273595848766,0.11632539079521743,0.004748998627377734,False
2929,954.2483997139584,2337.9551255706065,2427.9551255706065,2311.9551255706065,2403.9551255706065,0.0164044845647859,541.0543823459857,0.0005424716119946625,17.89185401155794,0.11830061496804949,0.004585535012993573,False
2930,954.5184750268631,2324.9606313392082,2418.9606313392082,2299.9606313392082,2395.9606313392082,0.01721319690232549,567.727415110595,0.000546078648189785,18.01082164708123,0.12348680817863131,0.0044221618182878975,False
2931,954.788528294471,2296.9661447063704,2389.9661447063704,2270.9661447063704,2363.9661447063704,0.017237154834469776,568.517598071079,0.0001934378589071445,6.3799871833826955,0.039907007574766395,0.004847215330408718,False
2932,955.0585594924111,2288.971665684732,2381.971665684732,2263.971665684732,2358.971665684732,0.017296174365093946,570.4641862471412,0.000555562892090182,18.323631946318642,0.12368798327622309,0.0044916480758642905,False
2933,955.3285685963116,2285.977194286923,2382.977194286923,2259.977194286923,2356.977194286923,0.01804799264865001,595.2607335229415,0.00020333108650602214,6.706286624659128,0.04178461414185703,0.0048661712135409825,False
2934,955.5985555818015,2266.9827305255612,2359.9827305255612,2239.9827305255612,2335.9827305255612,0.01746061321612142,575.8877251962002,0.00076434448965116,25.209687882269918,0.15853265373913808,0.004821369425310143,False
2935,955.8685204245093,2248.988274413257,2339.988274413257,2221.988274413257,2315.988274413257,0.017226490030154126,568.1658504078679,0.0007681034382643476,25.333665908653188,0.15800122011417728,0.0048613766255051,False
2936,956.1384631000637,2240.993825962608,2331.993825962608,2212.993825962608,2307.993825962608,0.017286736242114742,570.1528971128284,0.0009677041868212562,31.91691814676858,0.19445064653926555,0.0049766056531257,False
2937,956.4083835840934,2231.999385186203,2322.999385186203,2203.999385186203,2300.999385186203,0.01735502422095053,572.4051781927209,0.001350009375012503,44.526146839543344,0.2808075215165106,0.004807596918065909,False
2938,956.6782818522267,2211.0049520966204,2303.0049520966204,2184.0049520966204,2280.0049520966204,0.017705156527770372,583.9532776320925,0.0009770149774146197,32.22400759134996,0.20154657726916253,0.0048475890320371475,False
2939,956.9481578800927,2201.010526706428,2295.010526706428,2176.010526706428,2272.010526706428,0.01816256224533336,599.0394796410732,0.0005867849949380347,19.35340252552669,0.12571085848956906,0.004667735166144963,False
2940,957.2180116433199,2191.0161090281845,2283.0161090281845,2167.0161090281845,2260.0161090281845,0.01786340525574908,589.1726533116768,0.00038598972044811414,12.730752311307356,0.08408563348671327,0.004590436016743645,False
2941,957.4878431175367,2178.0216990744366,2269.0216990744366,2152.0216990744366,2246.0216990744366,0.017776446936883936,586.3045851735029,0.0007908547218030346,26.084051061809873,0.16407335910439907,0.004820128789463118,False
2942,957.757652278372,2167.0272968577215,2257.0272968577215,2142.0272968577215,2235.0272968577215,0.017672429613756955,582.8738752176071,0.0007854010670767589,25.90417806563005,0.1690241188197469,0.004646680441590336,False
2943,958.0274391014544,2154.0329023905665,2242.0329023905665,2130.0329023905665,2220.0329023905665,0.017389648917589134,573.5471734672283,0.0005834501279925013,19.2434116039409,0.12754971795389342,0.0045742957126993136,False
2944,958.2972035624126,2159.0385156854886,2243.0385156854886,2134.0385156854886,2223.0385156854886,0.01657634110599526,546.7225723088541,0.0011683926919346527,38.53604688252631,0.26115519119844627,0.0044739401371761975,False
2945,958.5669456368751,2149.044136754994,2235.044136754994,2124.044136754994,2213.044136754994,0.017040768766086584,562.0403727421883,0.0007857698158234838,25.916340174388438,0.16758037183361552,0.0046889131896881465,False
2946,958.8366653004707,2135.0497656115786,2224.0497656115786,2111.0497656115786,2200.0497656115786,0.017736498450061467,584.987000108393,0.00019753489059712304,6.515115900272349,0.04106102695687622,0.0048107635204687246,False
2947,959.106362528828,2123.055402267729,2207.055402267729,2098.055402267729,2184.055402267729,0.01685190764775027,555.8113360829094,0.0005947909409171476,19.617455452012564,0.12271372412631615,0.004846979790988136,False
2948,959.3760372975754,2106.0610467359197,2189.0610467359197,2083.0610467359197,2166.0610467359197,0.01678691739984771,553.667821100859,0.00018177722835596016,5.995395077747389,0.0388573185167974,0.004678069287703956,False
2949,959.6456895823418,2093.0666990286168,2176.0666990286168,2073.0666990286168,2152.0666990286168,0.016889134801366758,557.0391658587808,-0.0006466828515747786,-21.328959739680727,-0.14392689604209627,0.0044931341490588,False
2950,959.9153193587559,2089.0723591582746,2170.0723591582746,2068.0723591582746,2145.0723591582746,0.01652073236804014,544.8884792443312,-0.000644515745379954,-21.25748402222746,-0.13683955081779403,0.004710010676943438,False
2951,960.1849266024462,2080.0780271373374,2157.0780271373374,2057.0780271373374,2136.0780271373374,0.01578622858420023,520.6630005633752,0.000580118813805007,19.13353785978279,0.12781320963337847,0.004538801704996138,False
2952,960.4545112890415,2074.0837029782397,2150.0837029782397,2053.0837029782397,2127.0837029782397,0.01562908831540208,515.4801841974911,-0.0002511637866581505,-8.283909617600273,-0.05525906317854533,0.00454520529685104,False
2953,960.7240733941702,2061.089386693405,2135.089386693405,2037.0893866934045,2113.089386693405,0.015319234760218165,505.2605626509772,0.0005885478644144532,19.41154566632173,0.12280687011422084,0.004792466935009855,False
2954,960.9936128934611,2063.095078295246,2134.095078295246,2038.0950782952461,2113.095078295246,0.014694521212683455,484.6561967369072,0.0010000770458844389,32.984643084789695,0.2085768957846277,0.00479476426246701,False
2955,961.2631297625429,2056.1007777961668,2127.1007777961668,2033.1007777961665,2106.1007777961668,0.014743669027296707,486.27719496908026,0.0005765729843329372,19.016588950639232,0.1254181754226158,0.0045972043716158845,False
2956,961.5326239770441,2037.1064852085588,2109.1064852085588,2015.1064852085588,2090.1064852085588,0.015084775713504606,497.52761046927066,0.0007856363684984029,25.91193880110751,0.18173774566332146,0.004322912478257735,False
2957,961.8020955125934,2018.1122005448044,2090.112200544804,1997.1122005448044,2069.112200544804,0.015224292406946026,502.12916427602295,0.00015728430685180497,5.18756704365444,0.03523235354441045,0.004464200969530685,False
2958,962.0715443448195,2018.1179238172754,2092.1179238172754,1998.1179238172754,2069.1179238172754,0.015639620638652575,515.8275623567048,-0.0004754934179238626,-15.682772386316344,-0.10420241747415344,0.004563170696512918,False
2959,962.3409704493511,2008.1236550383323,2084.1236550383323,1989.1236550383323,2059.1236550383323,0.01613303089084736,532.1012695975584,-0.0011123852573657403,-36.688803965640204,-0.23744245503010525,0.004684862516371393,False
2960,962.6103738018166,2000.1293942203265,2075.1293942203265,1982.1293942203265,2053.1293942203265,0.01598708987281452,527.2878280621746,-0.0007027711277262389,-23.178868981884136,-0.16429575311109298,0.0042774759202146954,False
2961,962.8797543778448,1982.1351413755976,2056.1351413755974,1961.1351413755976,2035.1351413755976,0.015918394440702085,525.0221083167722,0.00016733719197976546,5.519132325832061,0.03684160803981024,0.004542070796664047,False
2962,963.1491121530644,1973.1408965164758,2046.1408965164758,1951.1408965164758,2024.1408965164758,0.015777437642205936,520.3730568182866,0.00017467001059176882,5.7609840968709705,0.03652555835685256,0.004782131155539172,False
2963,963.418447103104,1957.1466596552798,2030.1466596552798,1935.1466596552798,2006.1466596552798,0.015904041950354376,524.5487330168937,-0.0002552475757225184,-8.41860156486166,-0.050673416226159354,0.005037110081217513,False
2964,963.6877592035922,1956.1524308043183,2029.1524308043183,1935.1524308043183,2008.1524308043183,0.015911979006599502,524.81051381515,0.00016951645150949102,5.591008885816109,0.03682934016654594,0.004602755594939273,False
2965,963.9570484301578,1943.1582099758898,2016.1582099758898,1920.1582099758898,1993.1582099758898,0.016016446781603792,528.2560806207866,0.0001883125332022978,6.210943168460744,0.037091358701419525,0.005076992048692217,False
2966,964.2263147584292,1928.1639971822817,2001.1639971822817,1907.1639971822817,1978.1639971822817,0.01613871149369196,532.288627819714,-0.000264457774127147,-8.722373267619105,-0.054101716725459846,0.004888158641418771,False
2967,964.4955581640352,1925.1697924357713,1995.1697924357713,1903.1697924357713,1973.1697924357713,0.015510822208715672,511.57951940958077,0.00017610009183246546,5.8081511821476965,0.0359134884222667,0.0049034527017231145,False
2968,964.7647786226044,1925.1755957486248,1992.1755957486248,1901.1755957486248,1972.1755957486248,0.01485726790614048,490.0239247724629,0.0010660816306262474,35.16161302788328,0.21690033211921037,0.0049150760637854595,False
2969,965.0339761097655,1921.1814071330982,1985.1814071330982,1897.1814071330982,1966.1814071330982,0.014231824057937228,469.3954720072892,0.001282901091285588,42.31277458400126,0.2662689679253856,0.00481806461068751,False
2970,965.303150601147,1913.187226601437,1980.187226601437,1890.187226601437,1960.187226601437,0.014948782082451859,493.042254665396,0.0008439487521477579,27.835203783553368,0.17470620123124375,0.004830674276013218,False
2971,965.5723020723776,1893.1930541658758,1956.1930541658758,1872.1930541658758,1938.1930541658758,0.014216810088874604,468.90027974899795,0.0008295931045992078,27.36172435255486,0.18728921105384755,0.004429476209180524,False
2972,965.8414304990861,1888.1988898386392,1949.1988898386392,1865.1988898386392,1931.1988898386392,0.01380841740330066,455.4306305579378,0.0012934374016115354,42.66028424534403,0.2766195671461918,0.004675870962259012,False
2973,966.110535856901,1875.2047336319401,1940.2047336319401,1856.2047336319401,1920.2047336319401,0.014798869183546184,488.09781215013294,-7.720907697468873e-05,-2.5465176482117045,-0.01730594491477317,0.0044614193189058075,False
2974,966.379618121451,1871.210585557982,1935.210585557982,1853.210585557982,1916.210585557982,0.014605565301568424,481.722243807494,-8.710256203377058e-05,-2.8728255810669907,-0.02053605986679969,0.004241444687965088,False
2975,966.6486772683648,1874.216445628957,1938.216445628957,1854.216445628957,1920.216445628957,0.014582529857593165,480.9624864458483,0.0006072263629609866,20.027601809648445,0.1394095121551126,0.004355702516807908,False
2976,966.9177132732709,1872.2223138570469,1933.2223138570469,1848.2223138570469,1915.2223138570469,0.013924382234295044,459.25539443635967,0.0015406014918893547,50.81227546916091,0.3187732517445482,0.0048329070380219025,False
2977,967.1867261117981,1862.2281902544225,1923.2281902544225,1840.2281902544225,1905.2281902544225,0.013997919486423172,461.68080758314113,0.0010774000086034557,35.53491692423131,0.23307646641663168,0.004622517344490578,False
2978,967.4557157595748,1851.234074833244,1914.234074833244,1830.234074833244,1892.234074833244,0.014533707192447905,479.35221232657733,-6.54849932092208e-05,-2.1598327221936415,-0.013129977556548586,0.0049874413666884075,False
2979,967.7246821922299,1832.2399676056616,1894.2399676056616,1813.2399676056616,1872.2399676056616,0.014452643388816386,476.6785576907823,-0.0005464145421164648,-18.0219001348151,-0.1138298077716856,0.004800276419797151,False
2980,967.993625385392,1829.2458685838137,1891.2458685838137,1809.2458685838137,1869.2458685838137,0.014475909481211783,477.4459223221356,-0.00030706962817627845,-10.127801782127847,-0.06231085216488439,0.004928028064256344,False
2981,968.2625453146896,1824.251777779829,1884.251777779829,1805.251777779829,1866.251777779829,0.014054155542215051,463.53559090851087,0.0003782975448656453,12.477048192032271,0.08680833800680698,0.004357848031095602,False
2982,968.5314419557516,1820.2576952058243,1878.2576952058243,1801.2576952058243,1859.2576952058243,0.013622301092959312,449.29212343578087,0.0001414373657941826,4.664901618102817,0.03152645124994372,0.00448630785218603,False
2983,968.8003152842064,1803.2636208739075,1861.2636208739075,1785.2636208739075,1843.2636208739075,0.013748667674005148,453.45995889485374,0.00013642889120094905,4.499711598456997,0.031811605162449914,0.004288651594418388,False
2984,969.0691652756826,1798.2695547961737,1856.2695547961737,1781.2695547961737,1838.2695547961737,0.013786250126504118,454.69950717468976,-0.00010670067066865727,-3.5192123980816064,-0.025535658788726313,0.004178496883572251,False
2985,969.3379919058092,1802.275496984709,1858.275496984709,1782.275496984709,1840.275496984709,0.0132889221241779,438.29658429958835,0.0006190850778456623,20.4187271529658,0.13645855447846403,0.004536799324980148,False
2986,969.6067951502146,1802.2814474515874,1859.2814474515874,1783.2814474515874,1841.2814474515874,0.013522523645130822,446.00125347923324,0.0003777622639969929,12.459393503850777,0.08558586074353085,0.004413839630929303,False
2987,969.8755749845274,1792.287406208873,1849.287406208873,1773.287406208873,1831.287406208873,0.013596758933036381,448.4496893131904,0.00038062009003525174,12.553650613598847,0.08575975465800297,0.0044382133735469224,False
2988,970.1443313843762,1793.2933732686188,1852.2933732686188,1773.2933732686188,1833.2933732686188,0.014058429361026963,463.6765504362793,0.0003929481253507651,12.960255131212989,0.08406604984106421,0.0046742784524035,False
2989,970.4130643253899,1776.299348642867,1834.299348642867,1757.299348642867,1812.299348642867,0.0139540552950492,460.2340743513091,-0.0005698689930665399,-18.795477227221852,-0.11500091809821156,0.004955342987608742,False
2990,970.681773783197,1772.305332343649,1829.305332343649,1754.305332343649,1806.305332343649,0.013747656181242355,453.42659773743003,-0.00106167563331468,-35.01629397536357,-0.2138664741499115,0.004964198514679255,False
2991,970.9504597334261,1758.3113243829855,1813.3113243829855,1738.3113243829855,1793.3113243829855,0.013376600610291728,441.18840506737894,0.00015153093241132738,4.997808661304418,0.03097241372593079,0.004892448284857513,False
2992,971.2191221517058,1761.3173247728862,1814.3173247728862,1741.3173247728862,1795.3173247728862,0.012875640682126856,424.66569364399373,0.00038766021646651806,12.785848781292714,0.08134115346837055,0.0047658559036448805,False
2993,971.487761013665,1747.32333352535,1802.32333352535,1725.32333352535,1783.32333352535,0.013459428810615244,443.92025321474887,0.0009001674154660456,29.689413468585883,0.1781558298770629,0.005052696934404052,False
2994,971.7563762949322,1741.3293506523655,1795.3293506523655,1719.3293506523655,1776.3293506523655,0.0132632106848256,437.4485669856004,0.0009012040354757309,29.723603375428297,0.17770877138994312,0.0050712411572427975,False
2995,972.0249679711359,1743.3353761659093,1798.3353761659093,1723.3353761659093,1776.3353761659093,0.01348974458738919,444.9201312549877,-0.0003345828006844423,-11.035244042748332,-0.06461084127466352,0.0051784312676276135,False
2996,972.293536017905,1736.341410077948,1786.341410077948,1715.341410077948,1766.341410077948,0.01232934306606293,406.6476499761639,0.00039473553104558447,13.019207528064896,0.0775941274987035,0.00508718306101425,False
2997,972.562080410868,1726.3474524004373,1779.3474524004373,1706.3474524004373,1757.3474524004373,0.013132552634801842,433.1391898591844,-0.00034238488819548184,-11.29257328845705,-0.06544138377454659,0.005231932279657148,False
2998,972.8306011256535,1732.3535031453216,1785.3535031453216,1714.3535031453216,1764.3535031453216,0.013087701408270206,431.65990213315445,-0.0006024765403122058,-19.870942674803928,-0.12454610331097171,0.004837377680198618,False
2999,973.0990981378903,1716.3595623245346,1769.3595623245346,1696.3595623245346,1751.3595623245346,0.013207823561705172,435.6217832441489,0.0006495831318586009,21.424617079684197,0.13630750918435303,0.004765571139445101,False
3000,973.3675714232069,1716.3656299499994,1769.3656299499994,1696.3656299499994,1751.3656299499994,0.013207777572800903,435.6202664334198,0.0006495803374816523,21.4245249152587,0.13630740059127136,0.004765554435517928,False
3001,973.6360209572321,1706.3717060336276,1760.3717060336276,1687.3717060336276,1740.3717060336276,0.013530738344996417,446.27219154768545,-9.948672996241449e-05,-3.2812814702501782,-0.020251248219481984,0.004912622120087732,False
3002,973.9044467155943,1706.37779058732,1757.37779058732,1689.37779058732,1741.37779058732,0.012789943662323848,421.8392258000763,0.0003762771047027876,12.410409828597949,0.090445336778657,0.004160270922796545,False
3003,974.1728486739223,1700.3838836229668,1750.3838836229668,1683.3838836229668,1735.3838836229668,0.012586325939316889,415.1234853011205,0.0006260689234546934,20.64906906084292,0.15455513174456664,0.00405078056217116,False
3004,974.4412268078448,1703.3899851524473,1752.3899851524473,1684.3899851524473,1734.3899851524473,0.012316672993209628,406.2297643416078,0.0003874335569142868,12.778373072833176,0.08282526015979126,0.004677722184836216,False
3005,974.7095810929903,1694.3960951876288,1743.3960951876288,1674.3960951876288,1727.3960951876288,0.01238112701616096,408.35559349764884,0.0011526039897973035,38.01530229898077,0.2516362283769634,0.004580437392626336,False
3006,974.9779115049877,1686.4022137403692,1736.4022137403692,1669.4022137403692,1720.4022137403692,0.012689167218106711,418.51540684279104,0.00037984042647389894,12.527935670531917,0.09021784295217734,0.004210258348509226,False
3007,975.2462180194652,1690.4083408225142,1739.4083408225142,1674.4083408225142,1722.4083408225142,0.012409921327576628,409.3052904123282,-0.0001351801319123616,-4.458524892290427,-0.0322023198995285,0.0041978383027721205,False
3008,975.514500612052,1691.4144764458988,1739.4144764458988,1672.4144764458988,1723.4144764458988,0.012153036909217816,400.83270233676075,0.0008927815754256555,29.44581293939052,0.20018716437001086,0.004459734360268501,False
3009,975.7827592583764,1693.4206206223473,1740.4206206223473,1672.4206206223473,1721.4206206223473,0.011889376371271377,392.1366235941317,0.0006521109554427518,21.50799001484711,0.12803373018427358,0.005093274674604855,False
3010,976.0509939340669,1679.4267733636725,1729.4267733636725,1659.4267733636725,1710.4267733636725,0.012741105618951157,420.2284444745403,0.0004052875599804464,13.367235622169403,0.08105206742735427,0.005000335868590884,False
3011,976.3192046147526,1672.432934681677,1720.432934681677,1651.432934681677,1701.432934681677,0.012289036386890474,405.31825097444926,0.000664857291181889,21.928390959678836,0.12896475001380278,0.00515534121619071,False
3012,976.5873912760618,1667.439104588151,1717.439104588151,1648.439104588151,1699.439104588151,0.0128313648770797,423.2053845280289,0.0004013340056771373,13.236839091074444,0.08402424945434846,0.004776406909712269,False
3013,976.8555538936232,1665.4452830948749,1711.4452830948749,1644.4452830948749,1693.4452830948749,0.011832649938607866,390.2656666087882,0.0009190913396487366,30.31356426526537,0.18194799739124382,0.005051395743985075,False
3014,977.1236924430655,1659.4514702136175,1709.4514702136175,1637.4514702136175,1690.4514702136175,0.012892219862355005,425.21250985651886,0.0009420501138991434,31.070792898229683,0.17690770794810673,0.005325093659432182,False
3015,977.3918069000174,1648.4576659561365,1699.4576659561365,1629.4576659561365,1684.4576659561365,0.013232552131734283,436.4373834619162,0.0011844667866622253,39.06620431357817,0.26662267443907933,0.004442483330249785,False
3016,977.6598972401074,1650.4638703341784,1705.4638703341784,1632.4638703341784,1690.4638703341784,0.014236501663599146,469.54974927411047,0.0009258132657750263,30.53526751806021,0.21532860050695185,0.004299536910542158,False
3017,977.9279634389644,1649.4700833594793,1704.4700833594793,1630.4700833594793,1687.4700833594793,0.014244939850011844,469.8280583986437,0.0006783076739999942,22.372012857046286,0.14455284467657337,0.004692454690308302,False
3018,978.1960054722166,1651.4763050437632,1704.4763050437632,1633.4763050437632,1688.4763050437632,0.013718621289676892,452.468965983723,0.0006635100757539352,21.88395696308612,0.14985255491917285,0.004427752840862926,False
3019,978.464023315493,1643.4825353987437,1698.4825353987437,1626.4825353987437,1680.4825353987437,0.014295992231189759,471.5118732394222,-0.00011139319632547974,-3.6739817576959695,-0.024367490568852672,0.004571385634098334,False
3020,978.7320169444223,1647.4887744361229,1703.4887744361229,1627.4887744361229,1684.4887744361229,0.014516811916122006,478.7949706003303,0.000433307523509471,14.291392915906954,0.08516584548145513,0.005087808628681127,False
3021,978.9999863346328,1646.495022167592,1702.495022167592,1626.495022167592,1684.495022167592,0.014525428725090349,479.0791710722043,0.0006915647386844092,22.809258716019826,0.13937495125410787,0.0049619012057880545,False
3022,979.2679314617535,1644.5012786048308,1700.5012786048308,1625.5012786048308,1684.5012786048308,0.014542747330245494,479.6503750730556,0.0009412821897029564,31.045465144101456,0.20568813982251563,0.004576258944804357,False
3023,979.5358523014128,1638.507543759508,1696.507543759508,1619.507543759508,1679.507543759508,0.015107349903401365,498.27215470187457,0.0006916336576875768,22.811531809608596,0.14654332537196055,0.004719653085065813,False
3024,979.8037488292396,1648.5138176432815,1704.5138176432815,1630.5138176432815,1687.5138176432815,0.014507934489704248,478.50217441716995,0.0004149195559798764,13.684919096200474,0.09097819477585899,0.004560648372965685,False
3025,980.0716210208622,1644.5201002677975,1702.5201002677975,1626.5201002677975,1683.5201002677975,0.015053061928883353,496.48162319168557,-9.419053671426772e-05,-3.1066018845950794,-0.019513885996886044,0.004826846724906474,False
3026,980.3394688519095,1650.526391644691,1709.526391644691,1631.526391644691,1692.526391644691,0.015253336797583075,503.0871093290775,0.0006880092390594422,22.69199086490744,0.14687353173575976,0.004684365051541349,False
3027,980.6072922980102,1649.5326917855864,1706.5326917855864,1630.5326917855864,1688.5326917855864,0.014753685238005862,486.60755065183804,0.00042627748861974804,14.059527588465073,0.08847092581015828,0.004818277696499505,False
3028,980.8750913347926,1664.5390007020962,1721.5390007020962,1647.5390007020962,1706.5390007020962,0.014622890624929002,482.2936693888818,0.0006576232831663389,21.68979816980601,0.15925165739052521,0.0041294595858031215,False
3029,981.1428659378855,1659.545318405822,1717.545318405822,1640.545318405822,1701.545318405822,0.014919088488121087,492.0628975099293,0.0009362001222767164,30.877847878134446,0.20653973302058581,0.0045327846055819455,False
3030,981.4106160829178,1653.5516449083539,1711.5516449083539,1634.5516449083539,1695.5516449083539,0.014972244555002082,493.8160963270366,0.0009401309627950806,31.007495260858832,0.2066652860596,0.004549051177002978,False
3031,981.6783417455181,1651.5579802212715,1711.5579802212715,1632.5579802212715,1695.5579802212715,0.015497790949835609,511.14972110066725,0.0009462401063383506,31.208987656027432,0.20786934922501238,0.004552090579328623,False
3032,981.9460429013146,1659.564324356142,1718.564324356142,1639.564324356142,1704.564324356142,0.015171701807678292,500.3946157693854,0.0017132329993236502,56.506025447067486,0.38857509644786337,0.004409013894572941,False
3033,982.2137195259363,1663.5706773245222,1722.5706773245222,1643.5706773245222,1705.5706773245222,0.015135793376023606,499.21028021570123,0.0009455430332970978,31.185996721914535,0.1978081813614897,0.004780100735920223,False
3034,982.481371595012,1661.5770391379572,1723.5770391379572,1642.5770391379572,1707.5770391379572,0.01591021776665545,524.7524244197576,0.0009443409600715727,31.146349820239493,0.20880654546906047,0.004522563973989497,False
3035,982.74899908417,1663.5834098079813,1724.5834098079813,1641.5834098079813,1706.5834098079813,0.01563962326246141,515.8276488954353,0.0012249417708808247,40.401154369483265,0.23697135639361724,0.00516915541828674,False
3036,983.016601969039,1658.5897893461165,1722.5897893461165,1641.5897893461165,1706.5897893461165,0.016442881167032054,542.3207829957856,0.0004216195835114976,13.905900087313285,0.09888966152882987,0.004263535510115791,False
3037,983.2841802252477,1665.5961777638747,1726.5961777638747,1646.5961777638747,1711.5961777638747,0.015621059619015519,515.2153809147474,0.0011931454021249857,39.35244329355203,0.2720325013174383,0.004386039889890542,False
3038,983.5517338284249,1669.6025750727556,1731.6025750727556,1650.6025750727556,1715.6025750727556,0.015835117100648166,522.2754465970245,0.0009390540228971442,30.971975519351417,0.20862950184725562,0.0045010605623008,False
3039,983.819262754199,1663.6089812842479,1726.6089812842479,1645.6089812842479,1708.6089812842479,0.016142739332176137,532.4214743992355,0.0001732966111458109,5.715686496326839,0.03736484283362019,0.004637959054651284,False
3040,984.086766978199,1664.615396409829,1730.615396409829,1647.615396409829,1711.615396409829,0.016886655889698482,556.9574061414139,-0.0003363131111366949,-11.092313318489119,-0.07269713867802385,0.004626222121701764,False
3041,984.3542464760532,1667.6218204609647,1731.6218204609647,1650.6218204609647,1712.6218204609647,0.01635548065597297,539.43813042959,-0.0003415895870639493,-11.266342585456186,-0.07392462811750612,0.004620781947269037,False
3042,984.6217012233902,1678.6282534491097,1743.6282534491097,1661.6282534491097,1727.6282534491097,0.0164993690676927,544.1838726942925,0.00041706066792160726,13.755537468548027,0.0990141935549606,0.004212130129506191,False
3043,984.8891311958388,1670.634695385707,1736.634695385707,1652.634695385707,1718.634695385707,0.016826976834160953,554.9890654474208,0.00017973205643706525,5.927941009013921,0.03894717942462862,0.00461476438325621,False
3044,985.1565363690278,1675.6411462821886,1741.6411462821886,1657.6411462821886,1721.6411462821886,0.016777660205922043,553.3624993870358,-0.0003255450336424291,-10.73715948877225,-0.06707745728156136,0.004853270336052479,False
3045,985.4239167185856,1679.6476061499748,1741.6476061499748,1660.6476061499748,1723.6476061499748,0.015742111866817315,519.2079384929713,0.00042888489649997585,14.145525380994968,0.09074530098813059,0.004726249093119143,False
3046,985.691272220141,1681.6540750004747,1742.6540750004747,1661.6540750004747,1726.6540750004747,0.015474522162842895,510.3822675958306,0.0011901988234127529,39.255258934062795,0.25868558243320144,0.004600947653200153,False
3047,985.9586028493225,1682.6605528450855,1744.6605528450855,1664.6605528450855,1730.6605528450855,0.015714428144136646,518.2948711291739,0.0011717784606123,38.647716650229995,0.2868535627951694,0.004084936053065585,False
3048,986.2259085817589,1695.667039695194,1758.667039695194,1674.667039695194,1741.667039695194,0.015843045820478185,522.5369524427878,0.001193614512062617,39.36791552534055,0.247879653757793,0.004815298448128849,False
3049,986.4931893930786,1696.6735355621743,1762.6735355621743,1676.6735355621743,1743.6735355621743,0.016573598307360327,546.6321090446495,0.00044306829910660886,14.613323811758733,0.08990392209997591,0.004928242158488963,False
3050,986.7604452589106,1701.6800404573899,1765.6800404573899,1679.6800404573899,1750.6800404573899,0.016034102794852033,528.8384130497632,0.0019461160283303532,64.1869972520924,0.4159891677732118,0.004678285347543792,False
3051,987.0276761548834,1701.6865543921924,1771.6865543921924,1680.6865543921924,1753.6865543921924,0.017507321894088265,577.4282755748326,0.0009579246390807872,31.594368106171487,0.19494264556778212,0.004913879342771687,False
3052,987.2948820566254,1694.6930773779222,1763.6930773779222,1674.6930773779222,1747.6930773779222,0.017331954857348862,571.6443020904989,0.0011979860432254283,39.512097811828085,0.2628985772698835,0.004556837300780114,False
3053,987.5620629397656,1704.6996094259082,1771.6996094259082,1682.6996094259082,1757.6996094259082,0.01674222778182723,552.1938635632201,0.0021958345174523004,72.42323791900594,0.4833073155109287,0.004543350466630062,False
3054,987.8292187799323,1695.7061505474676,1767.7061505474676,1675.7061505474676,1748.7061505474676,0.018059477592816925,595.6395311223397,0.00045949624221887017,15.155151906309015,0.09333694379703038,0.00492298358534308,False
3055,988.0963495527544,1697.7127007539061,1769.7127007539061,1676.7127007539061,1751.7127007539061,0.01803857004871281,594.9499563711825,0.0009656547366983202,31.849322973873313,0.1961629892848041,0.004922716258653208,False
3056,988.3634552338607,1710.7192600565181,1783.7192600565181,1688.7192600565181,1765.7192600565181,0.018147756826727923,598.5511658152225,0.0012164408060566442,40.12077468098255,0.242653965710383,0.005013067898954159,False
3057,988.6305357988795,1708.7258284665863,1781.7258284665863,1687.7258284665863,1764.7258284665863,0.018168491598259666,599.2350421637835,0.0012068536987130118,39.804571729173404,0.2531651731673884,0.004767060506837808,False
3058,988.8975912234396,1717.732405995382,1789.732405995382,1693.732405995382,1776.732405995382,0.017832592827682545,588.1563946678723,0.002944633812621965,97.12021261206132,0.6348389339116457,0.0046383951193387065,False
3059,989.1646214831694,1712.7389926541648,1785.7389926541648,1688.7389926541648,1771.7389926541648,0.018126796703119574,597.8598568814963,0.0027104153114777714,89.3951941288467,0.5678110140717417,0.004773446171890065,False
3060,989.431626553698,1718.7455884541828,1795.7455884541828,1695.7455884541828,1775.7455884541828,0.01903321172884572,627.7553296686219,0.0009868367787457116,32.54795124418047,0.18419786533313434,0.005357482167130169,False
3061,989.6986064106538,1714.7521934066726,1791.7521934066726,1693.7521934066726,1772.7521934066726,0.019076577737590042,629.1856317901733,0.0007215830274948168,23.799324977916626,0.14458539232762024,0.0049907049106299815,False
3062,989.9655610296653,1728.758807522859,1803.758807522859,1707.758807522859,1786.758807522859,0.018444058984009373,608.323833774558,0.0011953387504991982,39.42478453324122,0.25377650825207393,0.004710202527145968,False
3063,990.2324903863613,1726.7654308139554,1802.7654308139554,1703.7654308139554,1785.7654308139554,0.018705875941715768,616.9591073657577,0.0017087333959644492,56.3576190703418,0.3438664960724393,0.00496917674586269,False
3064,990.4993944563706,1731.7720632911635,1809.7720632911635,1707.7720632911635,1793.7720632911635,0.019133150518170404,631.0515210068457,0.002204200547421181,72.69916717235276,0.4445096012026736,0.004958724269301393,False
3065,990.7662732153217,1735.7787049656736,1812.7787049656736,1712.7787049656736,1797.7787049656736,0.01885043480044412,621.7269623820504,0.0021845422976612093,72.05079677461913,0.464714152854073,0.004700830143099143,False
3066,991.0331266388431,1735.7853558486643,1814.7853558486643,1710.7853558486643,1796.7853558486643,0.0193292460586994,637.5191641164298,0.0019714292049094334,65.02187902269122,0.3709332635983874,0.005314781386238567,False
3067,991.2999547025637,1731.7920159513021,1814.7920159513021,1708.7920159513021,1798.7920159513021,0.020331126858268628,670.5632987891431,0.001960618215310305,64.66530986155692,0.4062432107950644,0.0048262178005957345,False
3068,991.5667573821119,1733.7986852847425,1819.7986852847425,1711.7986852847425,1802.7986852847425,0.021024677641830507,693.4380614397882,0.0014698665530966312,48.47928850650237,0.3055190254840212,0.004811047530568619,False
3069,991.8335346531164,1733.805363860129,1822.805363860129,1712.805363860129,1803.805363860129,0.021739955693679033,717.029435068149,0.0007417039966543144,24.462956834059355,0.15070763691704414,0.004921475857673887,False
3070,992.1002864912061,1736.8120516885936,1824.8120516885936,1714.8120516885936,1807.8120516885936,0.021465316495043605,707.9712570194062,0.0014714337057637021,48.5309764955382,0.30651164596966657,0.004800580092507546,False
3071,992.3670128720095,1736.8187487812565,1824.8187487812565,1717.8187487812565,1807.8187487812565,0.0214652357379477,707.9685934806357,0.0007123119354063637,23.49354487347125,0.16111994019545886,0.004421004219230961,False
3072,992.6337137711552,1750.8254551492262,1841.8254551492262,1730.8254551492262,1823.8254551492262,0.02200561872031525,725.7915600968972,0.0007243804293577613,23.891589171354212,0.1565419610883586,0.00462738823713146,False
3073,992.9003891642716,1744.8321708035994,1834.8321708035994,1724.8321708035994,1818.8321708035994,0.02184268611186137,720.4177001939613,0.0012030972728559464,39.6806769085897,0.27310424435733655,0.0044052675771738764,False
3074,993.1670390269877,1750.8388957554616,1840.8388957554616,1730.8388957554616,1823.8388957554616,0.021769596007997803,718.0070349368282,0.000960231174212043,31.67044248302102,0.21293874820965264,0.004509424340499223,False
3075,993.4336633349321,1752.845630015886,1842.845630015886,1730.845630015886,1825.845630015886,0.021745286879561388,717.2052687844331,0.0014604336085465332,48.1681701676664,0.3071288149921301,0.004755117518308908,False
3076,993.7002620637335,1750.8523735959343,1844.8523735959343,1729.8523735959343,1825.8523735959343,0.02271209005820085,749.0924697874923,0.0007445285489092804,24.556116504494412,0.15293640436703432,0.004868223180678914,False
3077,993.9668351890202,1747.8591265066566,1839.8591265066566,1726.8591265066566,1820.8591265066566,0.02227814486528661,734.7800451942672,0.0007412921936127241,24.449374704158345,0.1519393124163528,0.004878870266184915,False
3078,994.2333826864212,1750.865888759091,1843.865888759091,1727.865888759091,1826.865888759091,0.022476448347681557,741.3205108675728,0.001720187427249699,56.73539709792544,0.35229838948371106,0.004882756999742782,False
3079,994.4999045315649,1750.8726603642638,1843.8726603642638,1725.8726603642638,1829.8726603642638,0.022476363629809454,741.3177166940782,0.002935755765702229,96.8273959634414,0.61444037676485,0.004777934323195952,False
3080,994.7664007000802,1756.8794413331898,1850.8794413331898,1732.8794413331898,1836.8794413331898,0.022636170684566154,746.5884892663248,0.0026761334650178513,88.2645067738863,0.5773072205020517,0.0046355447671182215,False
3081,995.0328711675955,1760.886231676872,1855.886231676872,1737.886231676872,1840.886231676872,0.022820052129996042,752.6532858461286,0.002185554883303683,72.08419397751186,0.47335298919992813,0.004617177736635311,False
3082,995.2993159097398,1756.8930314063016,1851.8930314063016,1732.8930314063016,1832.8930314063016,0.022870577217642605,754.3197094378986,0.0014947875635624858,49.30123581437363,0.28601963252522633,0.0052261711909955995,False
3083,995.5657349021413,1743.8998405324576,1838.8998405324576,1721.8998405324576,1818.8998405324576,0.023036537175913783,759.7934177011457,0.0007643618915167995,25.210261832376545,0.14895570118118245,0.005131471205570486,False
3084,995.8321281204289,1730.9066590663076,1820.9066590663076,1708.9066590663076,1804.9066590663076,0.022014035402971418,726.0691599823402,0.0017223697465118572,56.80737457431644,0.3669205514403815,0.004694121764917585,False
3085,996.0984955402312,1716.9134870188072,1804.9134870188072,1694.9134870188072,1786.9134870188072,0.021707977976815614,715.9747427504451,0.0012480132396416738,41.16209990428024,0.25076267425528787,0.004976870035973293,False
3086,996.3648371371767,1705.9203244009007,1793.9203244009007,1683.9203244009007,1776.9203244009007,0.021844406848070395,720.4744536910357,0.0015020092259429296,49.53942141925086,0.30739822597059097,0.004886200046211809,False
3087,996.6311528868944,1685.9271712235195,1770.9271712235195,1664.9271712235195,1753.9271712235195,0.02136189132818602,704.5600776219575,0.0012544238039751791,41.37353379068213,0.26045074333980506,0.004816357165617902,False
3088,996.8974427650126,1665.934027497584,1747.934027497584,1643.934027497584,1729.934027497584,0.020867238019443738,688.2453717633252,0.001277918298049168,42.148431589484176,0.24889074518010607,0.005134454867433587,False
3089,997.16370674716,1640.9408932340025,1724.9408932340025,1618.9408932340025,1706.9408932340025,0.02168128011657271,715.0941912020782,0.0013062096534917737,43.08153995898385,0.25076785664447404,0.005208840044215283,False
3090,997.4299448089654,1630.9477684436715,1712.9477684436715,1608.9477684436715,1695.9477684436715,0.021304067709276845,702.6529331280018,0.0015664593289707596,51.66512128797535,0.30625549585771766,0.005114877447614904,False
3091,997.6961569260573,1603.9546531374751,1684.9546531374751,1583.9546531374751,1668.9546531374751,0.02139613149330141,705.6893902385634,0.0013056611473099798,43.0634490721759,0.27221059356192484,0.004796511150521982,False
3092,997.9623430740645,1585.9615473262866,1662.9615473262866,1565.9615473262866,1645.9615473262866,0.020589553784871883,679.0867620288868,0.0010490376795375088,34.59946769545104,0.21035273234637072,0.00498704089952178,False
3093,998.2285032286156,1566.968451020966,1639.968451020966,1544.968451020966,1622.968451020966,0.019775240792867757,652.229007907744,0.0016152214847090021,53.27339967981493,0.3028714543641607,0.005333026475208599,False
3094,998.4946373653391,1545.9753642323626,1617.9753642323626,1523.9753642323626,1601.9753642323626,0.01976933565916342,652.0342441858817,0.0019085509109157163,62.948020719774945,0.3621300268871126,0.005270347027894133,False
3095,998.7607454598636,1521.9822869713132,1590.9822869713132,1500.9822869713132,1576.9822869713132,0.019255746414950342,635.0949913730411,0.002195501662943057,72.41225967764763,0.4447684552046833,0.0049362800739379846,False
3096,999.0268274878182,1506.9892192486427,1574.9892192486427,1487.9892192486427,1562.9892192486427,0.01916743994888135,632.1824585063471,0.0021887578461281046,72.18983442392766,0.49564466501432175,0.0044159818527752335,False
3097,999.2928834248311,1485.996161075164,1552.996161075164,1469.996161075164,1539.996161075164,0.01915269470781292,631.6961294621569,0.0010507429336010232,34.655710558823785,0.25160773292503447,0.004176115421357451,False
3098,999.5589132465309,1469.0031124616785,1539.0031124616785,1454.0031124616785,1520.0031124616785,0.02021678218837097,666.7919712291882,-0.0009376411333275603,-30.92537545152402,-0.19033759660496188,0.0049262003411422554,False
3099,999.8249169285467,1455.0100734189748,1521.0100734189748,1439.0100734189748,1504.0100734189748,0.019266090261272694,635.4361531669956,-7.917933245052411e-05,-2.611500815182353,-0.016353434304043415,0.004841755620160279,False
3100,1000.0908944465067,1443.01704395783,1507.01704395783,1427.01704395783,1492.01704395783,0.018846703374865693,621.6038921232055,0.0004979206670102862,16.42247020213324,0.10840056535215907,0.004593340130586034,False
3101,1000.3568457760398,1425.0240240890098,1489.0240240890098,1408.0240240890098,1475.0240240890098,0.01907951870928179,629.2826312183414,0.0011095102065463783,36.593978746405696,0.23822697170798685,0.004657366034549566,False
3102,1000.6227708927745,1420.031013823267,1481.031013823267,1402.031013823267,1469.031013823267,0.018266323462126113,602.4617426717435,0.0020070205349718637,66.19575589933117,0.44239669951656246,0.0045366987076645784,False
3103,1000.8886697723395,1386.0380131713425,1447.0380131713425,1369.0380131713425,1435.0380131713425,0.018704798726361924,616.9235785391356,0.0017430995900516444,57.49108838734435,0.3883838669783949,0.004488084439791136,False
3104,1001.1545423903635,1391.0450221439658,1451.0450221439658,1375.0450221439658,1434.0450221439658,0.01833970120845763,604.8818949820796,-9.383309798878525e-05,-3.094812804110461,-0.01850319037499495,0.005071184811219933,False
3105,1001.4203887224752,1373.0520407518536,1432.0520407518536,1358.0520407518536,1419.0520407518536,0.018271802546913855,602.6424544048033,0.0008101075490729442,26.71904977364352,0.18556904506372732,0.00436553170166253,False
3106,1001.6862087443028,1365.059069005711,1421.059069005711,1350.059069005711,1407.059069005711,0.01746068594534205,575.8901239587697,0.000498873204256841,16.45388688270998,0.10966084041849758,0.004549237470303858,False
3107,1001.9520024314754,1347.0661069162313,1401.0661069162313,1330.0661069162313,1387.0661069162313,0.0170697180802513,562.9951819733392,0.0011542149581349088,38.06843542092918,0.23371417699682925,0.004938574856546113,False
3108,1002.2177697596218,1348.073154494095,1402.073154494095,1332.073154494095,1388.073154494095,0.017057213698468087,562.5827611785489,0.000827065317543018,27.278352622160924,0.17332167560708023,0.004771851614324182,False
3109,1002.48351070437,1341.0802117499713,1396.0802117499713,1325.0802117499713,1381.0802117499713,0.017455617035735147,575.7229406653418,0.0005211172263504295,17.187541487169256,0.1052331086100165,0.004952027296671796,False
3110,1002.7492252413492,1341.0872786945167,1397.0872786945167,1327.0872786945167,1382.0872786945167,0.01776649526835491,585.9763582275102,-0.00013051180094910894,-4.304553524526,-0.02823211959336788,0.004622812698050769,False
3111,1003.014913346188,1335.0943553383763,1390.0943553383763,1319.0943553383763,1374.0943553383763,0.01753232008201002,578.2527683574226,0.00020837357879339644,6.8725986193613835,0.040603505572241495,0.005131911047007001,False
3112,1003.2805749945148,1339.1014416921823,1393.1014416921823,1322.1014416921823,1379.1014416921823,0.01716926405839106,566.2784175730148,0.0011621696083782308,38.33079650622767,0.23394925801283856,0.004967613995657357,False
3113,1003.5462101619584,1346.1085377665552,1399.1085377665552,1330.1085377665552,1385.1085377665552,0.016771327991838787,553.1536496565752,0.0008253971252016913,27.223332132287737,0.17266641871971886,0.0047802990953412835,False
3114,1003.8118188241473,1348.1156435721036,1402.1156435721036,1330.1156435721036,1390.1156435721036,0.01705668651981066,562.5653737183242,0.00210484289454475,69.4221429357118,0.43985364326004317,0.004785325589085456,False
3115,1004.0774009567101,1339.1227591194238,1393.1227591194238,1322.1227591194238,1378.1227591194238,0.017168996073776133,566.2695788771244,0.000847127623797881,27.94004965240231,0.165291708331906,0.005125046091827228,False
3116,1004.3429565352758,1357.1298844190994,1412.1298844190994,1340.1298844190994,1398.1298844190994,0.017253230048937803,569.0477924335246,0.001147396706705387,37.84355515716277,0.2341232397527551,0.004900823634241055,False
3117,1004.6084855354729,1352.137019481703,1407.137019481703,1335.137019481703,1395.137019481703,0.017315685484797696,571.1077039863607,0.001775339438869164,58.5544263678828,0.38534056919595966,0.004607195766003915,False
3118,1004.8739879329298,1359.1441643177939,1416.1441643177939,1344.1441643177939,1405.1441643177939,0.017841942282406088,588.4647593367372,0.0014330909167574526,47.266350719503066,0.3492678673296917,0.004103128431808144,False
3119,1005.1394637032755,1353.15131893792,1413.15131893792,1338.15131893792,1403.15131893792,0.018842303000755675,621.4587585356926,0.001756979345436241,57.94887189447434,0.4433850514717468,0.00396264903294377,False
3120,1005.4049128221384,1361.1584833526167,1423.1584833526167,1346.1584833526167,1413.1584833526167,0.019344571715268533,638.0246364838372,0.0017501058378155826,57.72216916537866,0.44447709426305193,0.003937448881853581,False
3121,1005.6703352651471,1372.165657572407,1438.165657572407,1352.165657572407,1425.165657572407,0.02040236823461648,672.9129891268759,0.002433078823079523,80.24805379415909,0.4715173320674339,0.005160104746121097,False
3122,1005.9357310079305,1380.1728416078024,1452.1728416078024,1363.1728416078024,1437.1728416078024,0.022084833053419507,728.4042153072095,0.0008732435606933139,28.801408145596042,0.17655799478200457,0.004945930439295622,False
3123,1006.201100026117,1386.1800354693014,1460.1800354693014,1369.1800354693014,1443.1800354693014,0.022586766581820083,744.9590381128268,0.0002731878543996598,9.01030966519511,0.05230990783156343,0.005222487779548718,False
3124,1006.4664422953354,1390.1872391673908,1464.1872391673908,1373.1872391673908,1447.1872391673908,0.02252331981882814,742.866430507456,0.00027164564449470505,8.959444340882214,0.052162146921623985,0.005207715949707075,False
3125,1006.7317577912142,1404.194452712545,1480.194452712545,1386.194452712545,1463.194452712545,0.02289151926558917,755.0104221983052,0.0005863701509836623,19.339720099930446,0.1104293664922377,0.005309911390507519,False
3126,1006.9970464893823,1420.201676115226,1496.201676115226,1399.201676115226,1479.201676115226,0.02264011605933611,746.7186160192169,0.001506957484602344,49.702625390828416,0.26362807224570173,0.005716225407125299,False
3127,1007.2623083654681,1426.208909385884,1504.208909385884,1406.208909385884,1490.208909385884,0.02312501154820124,762.7114884678552,0.002072298812157876,68.34877069257266,0.4065602543881163,0.005097150520226673,False
3128,1007.5275433951005,1439.2161525349566,1519.2161525349566,1420.2161525349566,1504.2161525349566,0.023493544722039787,774.8664871791984,0.0014622554752563403,48.2282591612277,0.2901042054767945,0.0050404490788166344,False
3129,1007.7927515539078,1451.2234055728686,1532.2234055728686,1429.2234055728686,1518.2234055728686,0.023587818000130552,777.9758180483084,0.0026477446277137252,87.32818324769164,0.49860715529917393,0.005310282051859098,False
3130,1008.0579328175188,1463.230668510034,1545.230668510034,1439.230668510034,1529.230668510034,0.023680523952752365,781.0334552290136,0.00266207039725189,87.80067723910543,0.4549493808351772,0.00585135513837819,False
3131,1008.3230871615622,1470.237941356853,1555.237941356853,1447.237941356853,1539.237941356853,0.024409216617229314,805.0672709786992,0.00235660368994434,77.72574315648706,0.4156718686149552,0.005669384598473531,False
3132,1008.5882145616666,1487.2452241237145,1571.2452241237145,1464.2452241237145,1552.2452241237145,0.023861387654068106,786.9987202647868,0.001485128469313847,48.98265858312425,0.2464451621756796,0.006026202568566414,False
3133,1008.8533149934607,1495.2525168209945,1582.2525168209945,1474.2525168209945,1565.2525168209945,0.024561253067973292,810.0817526971887,0.001451279834851344,47.866259470428076,0.2679108959834557,0.005417024304009513,False
3134,1009.1183884325732,1506.2598194590569,1595.2598194590569,1485.2598194590569,1577.2598194590569,0.024931535420507855,822.2944429986117,0.0011692721311543433,38.56505263652855,0.21210043911663792,0.005512822774078931,False
3135,1009.3834348546326,1514.2671320482532,1605.2671320482532,1493.2671320482532,1588.2671320482532,0.025344817711662523,835.9253616594284,0.0014412248458399515,47.53462479775283,0.2696712338532217,0.005344377393342554,False
3136,1009.6484542352675,1533.2744545989226,1624.2744545989226,1513.2744545989226,1609.2744545989226,0.025039514004662564,825.8558036695729,0.0016729025386341481,55.17584208093308,0.34381200030651915,0.0048657479586015125,False
3137,1009.9134465501066,1538.2817871213922,1632.2817871213922,1520.2817871213922,1618.2817871213922,0.025759236694367933,849.5937707968573,0.0013708170002117818,45.21242605519444,0.309691386807576,0.004426396918373215,False
3138,1010.1784117747787,1563.2891296259766,1655.2891296259766,1539.2891296259766,1639.2891296259766,0.02483455500828406,819.0958251555347,0.0025008015863668895,82.48169287720975,0.45729321230853354,0.005468704802641179,False
3139,1010.4433498849123,1572.2964821229775,1668.2964821229775,1548.2964821229775,1652.2964821229775,0.025738791289210163,848.9194383595434,0.002495059891121521,82.29231969926354,0.4592597621726089,0.005432785749220011,False
3140,1010.708260856136,1571.3038446226851,1667.3038446226851,1546.3038446226851,1651.3038446226851,0.025754578482334537,849.4401331726691,0.0027775778713907025,91.6103565270895,0.4980818994800756,0.005576548503951029,False
3141,1010.9731446640784,1589.3112171353764,1685.3112171353764,1563.3112171353764,1667.3112171353764,0.025471162789875802,840.0924879098858,0.002500065120011396,82.45740266879068,0.42277449425381664,0.005913471966713438,False
3142,1011.2380012843685,1593.3185996713169,1691.3185996713169,1570.3185996713169,1674.3185996713169,0.025922798969711884,854.9883984373557,0.0019275280553241424,63.5739268313655,0.36021241951091626,0.00535108716668146,False
3143,1011.5028306926346,1601.3259922407585,1700.3259922407585,1575.3259922407585,1684.3259922407585,0.0260524407224416,859.2642559428086,0.0030032711897808873,99.05419656357253,0.5355640632614832,0.005607678699522028,False
3144,1011.7676328645056,1610.333394853942,1712.333394853942,1585.333394853942,1696.333394853942,0.026672527249489698,879.7160129954665,0.0027180765743526313,89.64787868204803,0.500000014500921,0.005436152991046812,False
3145,1012.03240777561,1608.3408075210948,1712.3408075210948,1584.3408075210948,1697.3408075210948,0.027212125465737695,897.5130963755664,0.002708318822155574,89.32604750428607,0.523314940024512,0.005175313401197216,False
3146,1012.2971554015762,1633.3482302524324,1736.3482302524324,1608.3482302524324,1722.3482302524324,0.026558042437534273,875.940063255875,0.0031828351790233744,104.97659436324022,0.6231953586345524,0.005107283189651961,False
3147,1012.5618757180332,1627.3556630581572,1731.3556630581572,1602.3556630581572,1717.3556630581572,0.026903812249203556,887.3442784354363,0.003197514696673273,105.4607557109399,0.6239293352058686,0.005124802627878103,False
3148,1012.8265687006095,1633.36310594846,1737.36310594846,1608.36310594846,1721.36310594846,0.02680785313138185,884.1793450284496,0.002680535029934202,88.40967963669493,0.5002517813688855,0.0053583717835031085,False
3149,1013.0912343249339,1644.3705589335189,1749.3705589335189,1621.3705589335189,1733.3705589335189,0.02688212078136433,886.6288482317269,0.002127012300829869,70.15333655396932,0.42086523190159236,0.005053903576732638,False
3150,1013.3558725666347,1644.3780220234987,1748.3780220234987,1622.3780220234987,1736.3780220234987,0.02663367498238469,878.434583560837,0.002858550786683442,94.28101347442907,0.6466821135440074,0.004420333772675027,False
3151,1013.6204834013411,1632.385495228553,1735.385495228553,1609.385495228553,1722.385495228553,0.026573236053845515,876.4411806580349,0.0028970405614235327,95.55048714892291,0.6145448390167898,0.004714123978420366,False
3152,1013.8850668046812,1642.392978558822,1745.392978558822,1617.392978558822,1730.392978558822,0.02641614483413836,871.2599820342707,0.0029130459418141123,96.0783782367065,0.5596626486744763,0.005205003315324808,False
3153,1014.1496227522838,1649.4004720244336,1752.4004720244336,1624.4004720244336,1734.4004720244336,0.026307246973917394,867.6683017063722,0.002149029062523084,70.87949563273435,0.386620811798317,0.005558492965050567,False
3154,1014.4141512197779,1650.4079756355034,1752.4079756355034,1624.4079756355034,1735.4079756355034,0.026043907382094708,858.9828084415171,0.002662568527131596,87.81710660958197,0.47845616856576406,0.005564916291314623,False
3155,1014.6786521827916,1648.415489402134,1749.415489402134,1620.415489402134,1731.415489402134,0.025826280731724768,851.8050240720714,0.0029486317930153653,97.25207440898862,0.4942405702305968,0.005965984928431974,False
3156,1014.9431256169538,1633.4230133344163,1737.4230133344163,1607.4230133344163,1719.4230133344163,0.026806899656553536,884.1478974244558,0.002445653735218989,80.66280082834965,0.4256522541482106,0.005745661420525265,False
3157,1015.2075714978932,1638.4305474424277,1738.4305474424277,1609.4305474424277,1724.4305474424277,0.025729308235859682,848.6066673271445,0.004244159228106465,139.9812923516339,0.7533497668090874,0.005633716787466681,False
3158,1015.4719898012382,1640.4380917362337,1743.4380917362337,1613.4380917362337,1726.4380917362337,0.026446685240761603,872.2672688390999,0.0029520183712151704,97.36377087643496,0.5150489206706657,0.005731530060040181,False
3159,1015.7363805026179,1624.445646225887,1729.445646225887,1595.445646225887,1710.445646225887,0.027201732889834806,897.1703273776187,0.003025531834126287,99.78839940483545,0.4794512652705289,0.006310405359800521,False
3160,1016.0007435776606,1619.4532109214276,1724.4532109214276,1591.4532109214276,1705.4532109214276,0.027283010344475323,899.8510286727741,0.0027629239106806668,91.12703810098617,0.44613167918230406,0.006193068189519098,False
3161,1016.2650790019949,1613.4607858328834,1719.4607858328834,1585.4607858328834,1700.4607858328834,0.027633861105290737,911.4228242350737,0.0027772552284547856,91.59971508488377,0.4469148894338113,0.006214282168967881,False
3162,1016.5293867512498,1612.468370970269,1716.468370970269,1585.468370970269,1699.468370970269,0.02714460059533371,895.2859842157704,0.003010903121005184,99.30591369728415,0.5166120560657987,0.005828170453346326,False
3163,1016.7936668010535,1611.475966343587,1716.475966343587,1585.475966343587,1701.475966343587,0.027413894123586507,904.1678508189648,0.003252261763177229,107.26642903981326,0.598057842430444,0.005438038819055328,False
3164,1017.057919127035,1611.483571962827,1715.483571962827,1585.483571962827,1701.483571962827,0.027160680946358436,895.8163479926528,0.003505332907364281,115.61324731788636,0.6599553699639683,0.005311469634008224,False
3165,1017.3221437048227,1605.4911878379662,1712.4911878379662,1580.4911878379662,1695.4911878379662,0.028020419202158878,924.1723227954122,0.002483038974734616,81.89584460946321,0.4454418540174697,0.0055743279450278915,False
3166,1017.5863405100454,1589.4988139789693,1697.4988139789693,1563.4988139789693,1680.4988139789693,0.028549271318984226,941.6149772287938,0.002791382844024682,92.06567354191452,0.4840301536529533,0.005766960638626011,False
3167,1017.8505095183317,1576.5064503957879,1683.5064503957879,1549.5064503957879,1667.5064503957879,0.028519032700742446,940.6176440391293,0.003355101376322337,110.65829564502019,0.5760015744010959,0.005824812857171166,False
3168,1018.11465070531,1566.5140970983612,1672.5140970983612,1540.5140970983612,1657.5140970983612,0.02843547952579272,937.8618847047269,0.003356074367078271,110.69038692532831,0.6003073583051164,0.00559059341960038,False
3169,1018.3787640466095,1566.521754096616,1669.521754096616,1536.521754096616,1654.521754096616,0.027655652089585606,912.1415367006687,0.004478116281064884,147.69768772413022,0.7271252519720471,0.0061586587302802625,False
3170,1018.6428495178583,1564.529421400466,1669.529421400466,1536.529421400466,1653.529421400466,0.02821034225846349,930.4363844010256,0.003660703977095444,120.73771177977369,0.6088486845343275,0.006012502071668761,False
3171,1018.9069070946854,1541.5370990198123,1645.5370990198123,1516.5370990198123,1633.5370990198123,0.02835369698310765,935.1645245441924,0.0039222662234490585,129.36458445516848,0.7631151705865835,0.00513980900213808,False
3172,1019.1709367527193,1530.5447869645436,1635.5447869645436,1506.5447869645436,1620.5447869645436,0.02881639864244489,950.4253978446903,0.0028625924564599156,94.41431623904316,0.5269190011151862,0.0054326992391647375,False
3173,1019.4349384675886,1511.5524852445355,1618.5524852445355,1488.5524852445355,1602.5524852445355,0.029703555282792,979.6856886018606,0.0023445545820813506,77.32833825254852,0.42730801738067525,0.005486802228643093,False
3174,1019.6989122149221,1504.5601938696514,1611.5601938696514,1481.5601938696514,1595.5601938696514,0.029836964103708213,984.0857919342917,0.002356927868546726,77.73643524820079,0.42761471114414523,0.0055118025809739405,False
3175,1019.9628579703483,1494.5679128497416,1597.5679128497416,1469.5679128497416,1582.5679128497416,0.028943675072876755,954.6232420489721,0.0032290200895689902,106.49986979138794,0.5653557896254865,0.005711483191333404,False
3176,1020.226775709496,1480.5756421946435,1582.5756421946435,1458.5756421946435,1567.5756421946435,0.028933876835777438,954.3000755940362,0.0023656730381213034,78.02486932267595,0.44477511762967786,0.005318807065306597,False
3177,1020.4906654079936,1469.5833819141824,1569.5833819141824,1446.5833819141824,1555.5833819141824,0.028590159621094614,942.9635593775437,0.0029596636761663707,97.61592910377101,0.5510524896394,0.005370928780492631,False
3178,1020.7545270414698,1464.5911320181701,1565.5911320181701,1442.5911320181701,1550.5911320181701,0.02896195249103363,955.226069717997,0.0023920852356451028,78.89599911411824,0.44486535282004863,0.005377099431280546,False
3179,1021.0183605855534,1447.5988925164063,1546.5988925164063,1423.5988925164063,1530.5988925164063,0.028729452674059297,947.5577370512925,0.002744300606268131,90.5128023762137,0.46604801240188676,0.005888450402619979,False
3180,1021.2821660158731,1437.6066634186773,1537.6066634186773,1413.6066634186773,1520.6066634186773,0.029205175305953977,963.2480693961625,0.0024831302932767016,81.89885648692848,0.40908725425769843,0.006069928279194175,False
3181,1021.5459433080574,1420.6144447347574,1519.6144447347574,1394.6144447347574,1504.6144447347574,0.029257186857346084,964.9635196867323,0.0037138808965723365,122.49159835932528,0.6024013912591267,0.00616512669203778,False
3182,1021.809692437735,1409.6222364744076,1509.6222364744076,1387.6222364744076,1495.6222364744076,0.0297655422665944,981.730149621178,0.002785120486001866,91.85912781116122,0.5120712999664283,0.0054389310359406196,False
3183,1022.0734133805345,1385.6300386473758,1487.6300386473758,1365.6300386473758,1474.6300386473758,0.0308476494609379,1017.420319425383,0.0025023658701450215,82.5332862442583,0.49424121299507046,0.005063045744366081,False
3184,1022.3371061120844,1368.637851263398,1464.637851263398,1347.637851263398,1453.637851263398,0.029441706861405483,971.0493772723554,0.0034413156152878384,113.50182246408542,0.688995059819478,0.00499468837438325,False
3185,1022.6007706080135,1365.6456743321967,1461.6456743321967,1346.6456743321967,1447.6456743321967,0.029504072208620717,973.1063175123289,0.0019048643716337577,62.826430905336224,0.37115501898010395,0.005132260845800039,False
3186,1022.8644068439506,1357.6535078634815,1450.6535078634815,1337.6535078634815,1439.6535078634815,0.028774746456931666,949.0516212156709,0.003139600544684252,103.55062524571451,0.6439528589072878,0.004875513015054836,False
3187,1023.1280147955242,1338.6613518669499,1427.6613518669499,1319.6613518669499,1419.6613518669499,0.02795447774850739,921.9974350483756,0.0037677837763167264,124.26942863443037,0.8712977824515463,0.004324335321634147,False
3188,1023.391594438363,1330.6692063522855,1421.6692063522855,1311.6692063522855,1408.6692063522855,0.028728449831805426,947.5246612058359,0.0022562482860847624,74.41581099519988,0.44087500679405717,0.005117659770490704,False
3189,1023.6551457480954,1315.67707132916,1408.67707132916,1296.67707132916,1394.67707132916,0.029662139575723348,978.3197115290086,0.0019796900874074277,65.2943402914334,0.3715892805366636,0.0053276297005884635,False
3190,1023.9186687003503,1314.684946807232,1403.684946807232,1294.684946807232,1390.684946807232,0.02844795226608203,938.2732618965395,0.0026167029525659656,86.30436355328266,0.48917282077305724,0.005349240271425335,False
3191,1024.1821632707563,1292.6928327961468,1376.6928327961468,1271.6928327961468,1364.6928327961468,0.027341710525516174,901.7870840283217,0.0033109765367833506,109.20296568883668,0.6066694031698594,0.0054576290142265855,False
3192,1024.445629434942,1276.7007293055374,1360.7007293055374,1256.7007293055374,1347.7007293055374,0.027673511089740362,912.7305640644903,0.0026880851792481335,88.65869943110135,0.48757287186751924,0.005513196763700434,False
3193,1024.709067168536,1262.7086363450233,1346.7086363450233,1242.7086363450233,1332.7086363450233,0.0279704943774184,922.5256971360071,0.00239540118253654,79.00536601255078,0.41759855909068605,0.005736133735117492,False
3194,1024.9724764471669,1251.7165539242114,1331.7165539242114,1232.7165539242114,1318.7165539242114,0.02690580247843305,887.4099203787864,0.0023824273857988992,78.57746292587694,0.4370180268874105,0.005451554030316207,False
3195,1025.2358572464639,1236.7244820526962,1316.7244820526962,1220.7244820526962,1302.7244820526962,0.027221952425090873,897.8372101508072,0.001012967889968696,33.409810218592725,0.1967378878539272,0.0051488195843639355,False
3196,1025.4992095420548,1226.7324207400584,1300.7324207400584,1207.7324207400584,1285.7324207400584,0.025438121971778006,839.0027322788869,0.0017417483510340608,57.44652168430832,0.29479965359988136,0.00590824422540896,False
3197,1025.7625333095687,1218.7403699958663,1291.7403699958663,1201.7403699958663,1278.7403699958663,0.025264035440607447,833.2609925597718,0.0017076900373410586,56.32320690985512,0.3254787907723819,0.005246701431108926,False
3198,1026.0258285246343,1208.748329829675,1277.748329829675,1188.748329829675,1265.748329829675,0.02410943494124227,795.1798411786802,0.0031480082913076246,103.82793040201318,0.5550121250917761,0.005671963095918083,False
3199,1026.28909516288,1191.7563002510271,1258.7563002510271,1171.7563002510271,1248.7563002510271,0.023754200757281494,783.4634711073121,0.0038861942985436437,128.1748565504207,0.7187256680855686,0.0054070620698647,False
3200,1026.5523331999345,1180.7642812694517,1248.7642812694517,1161.7642812694517,1238.7642812694517,0.024317260948790144,802.0343797473973,0.00355339354477684,117.1983881607888,0.6744614230235461,0.0052684904183953425,False
3201,1026.8155426114267,1168.7722728944652,1236.7722728944652,1150.7722728944652,1224.7722728944652,0.02455984010651128,810.0351502581975,0.002506116581697037,82.65699259505016,0.4566994522173852,0.005487452567611458,False
3202,1027.0787233729852,1170.7802751355712,1237.7802751355712,1153.7802751355712,1224.7802751355712,0.0241681606423506,797.1167382396956,0.001766912821688501,58.27649882093988,0.3230878723657152,0.005468830534401696,False
3203,1027.3418754602383,1147.7882880022598,1213.7882880022598,1130.7882880022598,1202.7882880022598,0.024281153706410416,800.8434869981111,0.0025267351652636383,83.33703682029977,0.4843161252121892,0.005217119632670958,False
3204,1027.604998848815,1132.7963115040088,1200.7963115040088,1118.7963115040088,1190.7963115040088,0.025317518968769638,835.0249917382401,0.0017689358781841705,58.34322347653017,0.39167530654919647,0.004516332402389996,False
3205,1027.8680935143439,1113.8043456502824,1180.8043456502824,1099.8043456502824,1169.8043456502824,0.025369034779787924,836.7240914692603,0.001428764215917453,47.123647031292876,0.2989612795662735,0.0047790945302022825,False
3206,1028.1311594324532,1109.8123904505321,1176.8123904505321,1094.8123904505321,1164.8123904505321,0.025457663187277827,839.6472426407206,0.001458614665335728,48.10817759724716,0.2815555143490024,0.005180557975247826,False
3207,1028.3941965787722,1095.8204459141962,1159.8204459141962,1079.8204459141962,1147.8204459141962,0.02465136116834072,813.0537072499895,0.0018710489354701598,61.71112674231915,0.3431651193325739,0.005452328427519634,False
3208,1028.6572049289289,1088.8285120507003,1149.8285120507003,1069.8285120507003,1139.8285120507003,0.02367358877607453,780.8047185247868,0.003851759468496481,127.03912347518894,0.6734508168714682,0.005719436923976009,False
3209,1028.9201844585527,1078.8365888694564,1137.8365888694564,1064.8365888694564,1126.8365888694564,0.02312422787825579,762.6856413858195,0.0014537468697196354,47.94762746596746,0.2939339590709067,0.004945828220443705,False
3210,1029.1831351432716,1066.844676379864,1127.844676379864,1055.844676379864,1115.844676379864,0.02414809954206781,796.4550809849478,-0.00014438829349688181,-4.7622294164391406,-0.031571641512052925,0.004573354015874009,False
3211,1029.4460569587145,1050.8527745913093,1109.8527745913093,1037.8527745913093,1098.8527745913093,0.02372349685227945,782.4507917822846,0.0010802615521105091,35.629296643914245,0.2220022473138713,0.004865993768897363,False
3212,1029.7089498805099,1045.8608835131656,1102.8608835131656,1030.8608835131656,1090.8608835131656,0.023046813201116092,760.1323426120047,0.0015224953073191272,50.21509544374783,0.27618401036266393,0.0055126120636741485,False
3213,1029.9718138842868,1044.8690031547926,1100.8690031547926,1029.8690031547926,1090.8690031547926,0.022673797905151852,747.8295140917616,0.0023168166138184294,76.4134817554268,0.45237509813111976,0.005121450370256468,False
3214,1030.2346489456734,1042.8771335255378,1097.8771335255378,1026.8771335255378,1086.8771335255378,0.022320594658180638,736.1801285912363,0.002341374097312939,77.2234391796676,0.4223276856273994,0.005543974920409617,False
3215,1030.4974550402987,1020.8852746347347,1076.8852746347347,1008.8852746347347,1065.8852746347347,0.02319249889702425,764.9373630870422,0.0006761802520116773,22.301846008137886,0.14095704101683,0.004797066163803359,False
3216,1030.7602321437912,1015.8934264917043,1068.8934264917043,1001.8934264917043,1058.8934264917043,0.022086256085216794,728.4511498870249,0.0019444689981145888,64.13267473360202,0.3847090509448504,0.005054388487452915,False
3217,1031.0229802317795,1006.9015891057545,1058.9015891057545,990.9015891057545,1046.9015891057545,0.021868573789442975,721.2715302151955,0.0020067603486770835,66.18717440843079,0.3370938168187678,0.005953121204106751,False
3218,1031.2856992798922,1011.9097624861795,1063.9097624861795,998.9097624861795,1052.9097624861795,0.02176300819287725,717.7897549468972,0.0011018866812988436,36.34253885947646,0.21756702685869206,0.005064584910720454,False
3219,1031.5483892637583,988.9179466422606,1039.9179466422606,973.9179466422606,1026.9179466422606,0.021838814782220647,720.2900156050707,0.0011745602007410018,38.73946428675197,0.194122623137028,0.006050609567087391,False
3220,1031.811050159006,978.9261415832668,1027.9261415832668,964.9261415832668,1016.9261415832668,0.021211984696197957,699.6158418028098,0.0015833545807933946,52.222362206053276,0.28977002634806936,0.005464176542854305,False
3221,1032.073681941264,961.9343473184526,1010.9343473184526,949.9343473184526,998.9343473184526,0.021577520152170893,711.6719694778933,0.00026583500608914207,8.767797272597818,0.04997909787977498,0.005318923657417942,False
3222,1032.3362845861614,950.9425638570603,997.9425638570603,938.9425638570603,984.9425638570603,0.020951259677120804,691.0165826428025,-0.00017938078918345798,-5.9163554766439574,-0.03200399289989057,0.005604950286814722,False
3223,1032.5988580693263,936.9507912083188,981.9507912083188,926.9507912083188,971.9507912083188,0.02037294212644505,671.9424542271867,0.00021465602792756014,7.079806997197579,0.04714839589892691,0.004552774783424725,False
3224,1032.8614023663874,926.9590293814435,969.9590293814435,915.9590293814435,960.9590293814435,0.019692851049305456,649.511620985973,0.0011359725911918653,37.46676381461202,0.24606767819196482,0.004616504693093657,False
3225,1033.123917452974,919.9672783856372,962.9672783856372,907.9672783856372,954.9672783856372,0.01983914952384494,654.3368521883012,0.002079143808733662,68.57453306747982,0.44591834467623437,0.004662611066703827,False
3226,1033.3864033047137,917.9755382300889,960.9755382300889,906.9755382300889,952.9755382300889,0.019881224295730696,655.7245666041424,0.0016049546635692503,52.93477833828558,0.3620424019406694,0.004433057163929286,False
3227,1033.6488598972362,915.9838089239747,955.9838089239747,900.9838089239747,947.9838089239747,0.01856273980723505,612.2381767856467,0.003521193481733076,116.13636239869663,0.6508418417982805,0.005410213750246902,False
3228,1033.9112872061692,911.9920904764576,948.9920904764576,896.9920904764576,942.9920904764576,0.01727152095058401,569.6510648163694,0.0044479155491878655,146.70160410641074,0.893424747715178,0.004978500495495399,False
3229,1034.173685207142,911.0003828966874,948.0003828966874,896.0003828966874,940.0003828966874,0.01728995324079179,570.2590004911666,0.0035298820095269953,116.42292830818735,0.648229136156178,0.005445423250269546,False
3230,1034.436053875783,903.0086861937998,941.0086861937998,891.0086861937998,933.0086861937998,0.017901704413411906,590.435840034295,0.002102044706423837,69.32985280983382,0.44170182622827664,0.004758967660091756,False
3231,1034.698393187721,888.0170003769188,926.0170003769188,877.0170003769188,917.0170003769188,0.01819767971485093,600.1977276009127,0.0011716953696685774,38.64497613625315,0.24271666061591712,0.004827420444460988,False
3232,1034.9607031185842,877.025325455154,916.025325455154,867.025325455154,906.025325455154,0.018895346353966804,623.2082398190494,0.0002132077789597439,7.032040702092559,0.04374616973638482,0.004873747353071999,False
3233,1035.222983644002,864.033661437602,902.033661437602,853.033661437602,893.033661437602,0.01869208226955898,616.5041630644236,0.0012095778077147144,39.894418569989284,0.24388103686353196,0.0049597042200191874,False
3234,1035.4852347396022,856.0420083333461,894.0420083333461,847.0420083333461,885.0420083333461,0.01886284823762778,622.1363836327864,0.00019608731292207818,6.4673717458140345,0.04365174442520663,0.004492084234068956,False
3235,1035.7474563810142,843.0503661514565,880.0503661514565,832.0503661514565,871.0503661514565,0.01865400661484444,615.2483479388318,0.0012396449827337813,40.886097201803864,0.2438286372771117,0.005084082807405934,False
3236,1036.0096485438662,835.0587349009902,872.0587349009902,825.0587349009902,863.0587349009902,0.018828713316418066,621.010542181407,0.0007267725008360329,23.97048471672099,0.14927228806986398,0.004868770421043464,False
3237,1036.271811203787,830.0671145909907,867.0671145909907,820.0671145909907,859.0671145909907,0.01893950654948567,624.6647358897657,0.0012381911931591688,40.83814816584061,0.26658059354974434,0.004644716168838901,False
3238,1036.5339443364048,826.075505230488,864.075505230488,817.075505230488,854.075505230488,0.019531949286786636,644.204742650711,-0.00029787390717179313,-9.824507574458153,-0.060710177598814426,0.004906490459313203,False
3239,1036.7960479173491,818.0839068284995,854.0839068284995,809.0839068284995,846.0839068284995,0.018702689304146886,616.8540053605846,0.0007171823304636012,23.654180739783783,0.16132061987222787,0.004445695355197848,False
3240,1037.058121922248,812.0923193940284,848.0923193940284,802.0923193940284,840.0923193940284,0.018837727072141593,621.307834791629,0.0012649294047577496,41.72003058673431,0.26638052424828046,0.004748580656665311,False
3241,1037.32016632673,800.100742936065,834.100742936065,789.100742936065,826.100742936065,0.01807383434730175,596.1130470624232,0.0018267261194526811,60.24926710573834,0.3582617902702418,0.005098858346224297,False
3242,1037.5821811064243,805.1091774635865,837.1091774635865,794.1091774635865,831.1091774635865,0.01692732604125197,558.2987932262556,0.0028505368006943206,94.01669537151326,0.6265888779470953,0.0045492936453541705,False
3243,1037.844166236959,800.1176229855562,832.1176229855562,788.1176229855562,825.1176229855562,0.01703088373876119,561.714343763168,0.0028939403907638217,95.44823700416305,0.5656837804688932,0.005115827058652884,False
3244,1038.106121693963,783.1260795109247,817.1260795109247,773.1260795109247,809.1260795109247,0.01845738472595749,608.7633447540446,0.0013084913464620172,43.15679498914574,0.26556931661826605,0.004927117948429507,False
3245,1038.368047453065,781.1345470486283,817.1345470486283,774.1345470486283,809.1345470486283,0.019567726446169716,645.3847485689499,-0.00036343111834014064,-11.986722196742335,-0.08883430685842544,0.004091112219959548,False
3246,1038.6299434898933,777.1430256075912,810.1430256075912,769.1430256075912,802.1430256075912,0.018060743753001367,595.6812917466274,0.00018396171520714336,6.067444045780576,0.04179175109664449,0.004401866645447021,False
3247,1038.891809780077,761.1515151967228,794.1515151967228,752.1515151967228,784.1515151967228,0.018432252595252756,607.9344342569309,-0.0003376013464084747,-11.134802025557747,-0.06328543335318898,0.005334582201947786,False
3248,1039.1536462992447,761.1600158249205,791.1600158249205,751.1600158249205,783.1600158249205,0.01678836400386014,553.7155331418777,0.0013296800654723495,43.8556434797257,0.2618168990549641,0.005078664021580996,False
3249,1039.4154530230246,754.168527501067,783.168527501067,744.168527501067,776.168527501067,0.01638682180211421,540.4718273068371,0.0018979081330975818,62.59699953675056,0.3914704389750969,0.004848151850409108,False
3250,1039.6772299270456,752.1770502340328,781.1770502340328,742.1770502340328,774.1770502340328,0.01642939743078291,541.8760610321552,0.0019033746142839564,62.77729557654504,0.39157074690637583,0.004860870300760877,False
3251,1039.9389769869367,748.1855840326741,775.1855840326741,740.1855840326741,769.1855840326741,0.015396351633582384,507.80403923030826,0.0012941620675414774,42.684185250924884,0.32180018054797926,0.004021632509148087,False
3252,1040.200694178326,744.1941289058338,769.1941289058338,735.1941289058338,764.1941289058338,0.014349721237996974,473.2839688195871,0.0024519453473494223,80.87031142106292,0.6041898497704346,0.004058236576269947,False
3253,1040.4623814768424,731.2026848623418,757.2026848623418,723.2026848623418,752.2026848623418,0.01517436781003302,500.48254613084674,0.0019004816490404853,62.681879501948345,0.4965325344625311,0.0038275067938854223,False
3254,1040.7240388581147,726.2112519110142,753.2112519110142,717.2112519110142,746.2112519110142,0.015853825554481577,522.892490728677,0.0013608734672496368,44.8844674372981,0.2873804219083456,0.004735442512794629,False
3255,1040.985666297771,721.2198300606537,748.2198300606537,713.2198300606537,743.2198300606537,0.015961554901427318,526.4456310326024,0.001932324163763141,63.732112568861794,0.49826729092746513,0.003878087522394557,False
3256,1041.2472637714407,721.2284193200494,748.2284193200494,713.2284193200494,741.2284193200494,0.01596136826266666,526.4394752939706,0.0007620541600784798,25.134147998805474,0.1707430139202722,0.004463164510111776,False
3257,1041.5088312547518,706.2370196979775,733.2370196979775,699.2370196979775,725.2370196979775,0.016293904745796478,537.4072274825112,-0.00043835329315218205,-14.45781300467695,-0.09644222697335454,0.004545242337397415,False
3258,1041.7703687233331,698.2456312032002,724.2456312032002,691.2456312032002,717.2456312032002,0.015877657051735054,523.6785036007021,0.0001578550520382853,5.206391419582019,0.036736961566569595,0.004296900051253352,False
3259,1042.0318761528135,693.2542538444661,717.2542538444661,685.2542538444661,711.2542538444661,0.01478058949909407,487.4949097339273,0.0013925471405308119,45.92913175857535,0.32052888266558455,0.004344529357074163,False
3260,1042.2933535188217,689.2628876305107,713.2628876305107,680.2628876305107,708.2628876305107,0.014864732312678148,490.27011658988135,0.002652975151851972,87.50069692806903,0.6054768583016867,0.004381629314939222,False
3261,1042.5548007969858,674.2715325700556,698.2715325700556,667.2715325700556,695.2715325700556,0.015189512547302109,500.9820513994555,0.002662338119090873,87.80950726809294,0.8317056513081572,0.003201058108602948,False
3262,1042.8162179629348,679.2801886718094,702.2801886718094,670.2801886718094,700.2801886718094,0.014461468640046927,476.9696330265987,0.004553988207449674,150.20010333526398,1.2953764832727475,0.0035155711611686027,False
3263,1043.0776049922974,673.2888559444668,695.2888559444668,663.2888559444668,691.2888559444668,0.013963842362720802,460.55687241504137,0.0039930127612925505,131.6979539789018,0.8868987978516443,0.004502219160703475,False
3264,1043.3389618607023,675.2975343967089,696.2975343967089,665.2975343967089,692.2975343967089,0.013299693278222403,438.6518396003987,0.0039771776584467695,131.17567900246036,0.8856552323880267,0.004490661278794628,False
3265,1043.6002885437779,665.3062240372037,685.3062240372037,654.3062240372037,683.3062240372037,0.012863089798776787,424.25173912978454,0.005971235293177184,196.94389120446573,1.403372854880157,0.0042549171963904816,False
3266,1043.861585017153,664.3149248746051,685.3149248746051,655.3149248746051,681.3149248746051,0.013516180383751021,445.7920393857118,0.00338166313155072,111.53435816392238,0.798858524955941,0.004233118913936892,False
3267,1044.1228512564562,657.3236369175538,678.3236369175538,648.3236369175538,673.3236369175538,0.013657701287834938,450.4596962722035,0.002774303661606567,91.502366206185,0.6030777585985371,0.0046002420451612,False
3268,1044.384087237316,658.3323601746768,681.3323601746768,649.3323601746768,675.3323601746768,0.014913813171794627,491.88890648903373,0.002136700368427601,70.47286938717195,0.43519037416350226,0.004909806133774541,False
3269,1044.6452929353613,641.3410946545876,666.3410946545876,635.3410946545876,658.3410946545876,0.01660752922878211,547.7512221542257,-0.001163510919685076,-38.37503577249595,-0.24947288779401458,0.004663877225190766,False
3270,1044.9064683262204,633.3498403658857,658.3498403658857,626.3498403658857,651.3498403658857,0.01681306917241704,554.5303615299027,0.00018427079760401088,6.07763823290486,0.038920372424344304,0.004734558950128425,False
3271,1045.1676133855226,633.358597317158,656.358597317158,628.358597317158,651.358597317158,0.01549150811335692,510.9424999473946,0.00012108012772257294,3.9934771166134624,0.03580590720928482,0.003381568494127575,False
3272,1045.428728088896,634.3673655169769,658.3673655169769,629.3673655169769,654.3673655169769,0.016127462301159735,531.9176058047658,0.0007899500912319155,26.05421444408637,0.25971205200234354,0.003041638172512638,False
3273,1045.6898124119693,625.3761449739013,650.3761449739013,621.3761449739013,647.3761449739013,0.017023292448304972,561.4639670474121,0.0007788232908200604,25.687229178530174,0.3248720748781365,0.002397322980475335,False
3274,1045.9508663303714,619.384935696477,642.384935696477,616.384935696477,639.384935696477,0.01583470942662371,522.2620006507876,7.567426305215424e-05,2.495896258945095,0.036543752191498365,0.002070785250939812,False
3275,1046.2118898197305,625.3937376932354,646.3937376932354,621.3937376932354,642.3937376932354,0.01434361214036718,473.08247793874125,9.081428686624239e-05,2.995246067900382,0.03312880086389564,0.002741248837811495,False
3276,1046.4728828556756,624.4025509726948,648.4025509726948,620.4025509726948,642.4025509726948,0.016380046112059284,540.2483508066666,-0.0012463641382491949,-41.10770907402815,-0.36504494150110456,0.003414275878263125,False
3277,1046.733845413835,615.4113755433598,637.4113755433598,610.4113755433598,630.4113755433598,0.015254290148492519,503.1185528459664,-0.001252867385876084,-41.32219985026154,-0.3004957423568419,0.004169334899887835,False
3278,1046.994777469838,613.4202114137213,635.4202114137213,607.4202114137213,630.4202114137213,0.015302943396022587,504.723239216181,0.000837946268925421,27.63722926996354,0.21765575477655977,0.0038498695786180186,False
3279,1047.2556789993127,606.4290585922565,627.4290585922565,601.4290585922565,625.4290585922565,0.014784625184984905,487.6280151374152,0.002209022712050073,72.85821229776059,0.886771493637566,0.0024910844878296536,False
3280,1047.516549977888,615.437917087429,633.437917087429,607.437917087429,628.437917087429,0.012519806745902012,412.9295424823076,0.0022406760966177768,73.90220745462153,0.49115942229990084,0.004562013869398244,False
3281,1047.7773903811922,600.4467869076884,618.4467869076884,590.4467869076884,615.4467869076884,0.012827812335827764,423.08821425027753,0.0051819327479626105,170.91103418914037,1.1018835649751644,0.004702795206932238,False
3282,1048.0382001848543,588.4556680614712,609.4556680614712,580.4556680614712,603.4556680614712,0.015228370056251701,502.2636537211375,0.0016479444039077407,54.35267033691531,0.3218187726251177,0.0051207217977535715,False
3283,1048.2989793645029,588.4645605571995,609.4645605571995,582.4645605571995,605.4645605571995,0.015228143922727672,502.2561953621936,0.0015910775835996475,52.47708307196581,0.4352834162194529,0.003655268095023148,False
3284,1048.5597278957664,586.4734644032826,608.4734644032826,582.4734644032826,602.4734644032826,0.015993276553129248,527.4918777830444,-0.0013314982398243535,-43.91561069156552,-0.36600025383863705,0.0036379708097453592,False
3285,1048.8204457542738,586.482379608115,605.482379608115,580.482379608115,600.482379608115,0.013846540461758886,456.6880091586364,0.0008646862663385709,28.519170590775502,0.21437169608166493,0.004033584107153626,False
3286,1049.0811329156534,578.4913061800783,597.4913061800783,571.4913061800783,593.4913061800783,0.014034753878089053,462.89568324431576,0.0023699795803032164,78.16690813596989,0.5777311616692151,0.0041022187092275425,False
3287,1049.341789355534,574.5002441275401,593.5002441275401,567.5002441275401,589.5002441275401,0.014130684358261645,466.0596721214398,0.00238725223542058,78.73659660799058,0.5779517809184692,0.004130538765062385,False
3288,1049.6024150495443,571.5091934588543,592.5091934588543,565.5091934588543,584.5091934588543,0.015671872339181422,516.8912912315944,-0.0013201956081280025,-43.54282614065801,-0.2517703931710017,0.005243649149927369,False
3289,1049.863009973313,564.5181541823608,584.5181541823608,559.5181541823608,579.5181541823608,0.015120091345916705,498.6923942579001,0.0001327717676598006,4.37909197698076,0.034964370655657044,0.0037973447017648192,False
3290,1050.1235741024686,561.5271263063862,578.5271263063862,554.5271263063862,575.5271263063862,0.012952986166132949,427.21671028282185,0.003190016091706967,105.21343595746168,0.8279439588066776,0.0038529372160704734,False
3291,1050.3841074126397,568.536109839243,585.536109839243,562.536109839243,583.536109839243,0.01279562949211272,422.0267564178408,0.003121700788354406,102.96025365757129,1.0245842281171282,0.003046797620622304,False
3292,1050.644609879455,558.5451047892298,578.5451047892298,554.5451047892298,574.5451047892298,0.015278973352304081,503.93265679052143,0.00010827945426537464,3.5712839996249386,0.03530198398285181,0.003067234247173534,False
3293,1050.9050814785433,562.5541111646319,579.5541111646319,556.5541111646319,575.5541111646319,0.012929688045369462,426.44828928856697,0.0016490772176357728,54.39003291478343,0.43030229355049077,0.0038323691096995593,False
3294,1051.1655221855333,556.5631289737207,572.5631289737207,549.5631289737207,568.5631289737207,0.012308945627009385,405.9748995617897,0.0024521593154736166,80.87736853954902,0.5741733552153073,0.004270764731940739,False
3295,1051.4259319760529,546.5721582247531,565.5721582247531,540.5721582247531,559.5721582247531,0.014840516584041714,489.47143095921126,0.0001619073298435407,5.3400440592829455,0.034354238450407575,0.004712877861555969,False
3296,1051.6863108257319,544.5811989259732,561.5811989259732,537.5811989259732,557.5811989259732,0.013349915981997426,440.3082899364898,0.002514133853102665,82.921419057908,0.5764371938493545,0.0043615052601198145,False
3297,1051.9466587101979,538.5902510856108,557.5902510856108,533.5902510856108,553.5902510856108,0.015056683877494275,496.60108267002715,0.0009238633222895375,30.470954283225865,0.2574389061663412,0.003588670166632055,False
3298,1052.2069756050803,544.5993147118816,562.5993147118816,540.5993147118816,558.5993147118816,0.014122108309735334,465.7768160146206,0.00010279943254314777,3.390541364496414,0.032632668900397,0.0031501999685320603,False
3299,1052.4672614860074,550.6083898129878,565.6083898129878,546.6083898129878,561.6083898129878,0.011673018232100436,385.00067739037564,8.427549015256781e-05,2.779582808062287,0.026973391594530643,0.0031243935289789896,False
3300,1052.7275163286079,535.617476397118,551.617476397118,530.617476397118,549.617476397118,0.012783278130162301,421.61938253877594,0.0024957057801515085,82.31362247709887,0.8833305277425968,0.002825336271949563,False
3301,1052.9877401085103,525.6265744724465,541.6265744724465,519.6265744724465,538.6265744724465,0.013022650471065236,429.51438549034475,0.0025737726921562527,84.88843332772757,0.6957883272715524,0.003699074260485201,False
3302,1053.2479328013435,527.635684047134,541.635684047134,521.635684047134,540.635684047134,0.011373109571613959,375.1090593746503,0.004164304902054234,137.34752882866462,1.4435764290453637,0.0028847138386764093,False
3303,1053.5080943827359,542.6448051293269,556.6448051293269,536.6448051293269,552.6448051293269,0.011062510624069849,364.86485322132006,0.0016966517523930164,55.959141070350256,0.42625218575701673,0.003980394257403728,False
3304,1053.7682248283163,536.6539377271586,550.6539377271586,528.6539377271586,545.6539377271586,0.011184428843969592,368.885972379564,0.002561393367870082,84.48013719205431,0.4886148374785704,0.005242152246312862,False
3305,1054.0283241137133,519.6630818487477,532.6630818487477,513.6630818487477,529.6630818487477,0.010730732905959205,353.9221266979976,0.0025906171397481123,85.44399861548675,0.6911624616667985,0.0037482028950192306,False
3306,1054.2883922145556,517.6722375021996,530.6722375021996,510.67223750219955,527.6722375021996,0.010771493182084868,355.2664862806671,0.00345050374952704,113.80486644428902,0.8240255928058969,0.00418737449376748,False
3307,1054.548429106472,518.6814046956051,532.6814046956051,513.6814046956051,530.6814046956051,0.011566857987884828,381.4992893926647,0.002573167525998685,84.86847367582232,0.8811462987927674,0.0029202500532818513,False
3308,1054.8084347650906,510.6905834370418,526.6905834370418,507.6905834370418,525.6905834370418,0.013397703764582334,441.8844314536493,0.0017333856605075658,57.170702572790674,1.0244299796202763,0.0016920489394014776,False
3309,1055.0684091660407,502.699773734573,517.699773734573,496.699773734573,515.699773734573,0.012769285417567704,421.1578734654299,0.003533693282874579,116.54863211429512,1.024888426061749,0.0034478809527132624,False
3310,1055.3283522849506,502.7089755962479,518.7089755962479,498.7089755962479,515.7089755962479,0.013607123580017269,448.7915371565854,0.000950381945159659,31.345594206290514,0.317400868824426,0.0029942638426909097,False
3311,1055.588264097449,496.7181890301026,511.7181890301026,492.7181890301026,509.7181890301026,0.012920790790209467,426.15483911180866,0.0018107457994216095,59.722202561286906,0.694811703314335,0.002606095710224994,True
3312,1055.8481445791642,497.7274140441582,512.7274140441582,492.7274140441582,509.7274140441582,0.01289497686380836,425.30344155952866,0.0018362885421442134,60.56465590583548,0.5296948308991077,0.0034666914514292772,True
3313,1056.1079937057254,497.7366506464223,512.7366506464223,492.7366506464223,509.7366506464223,0.012894741086626941,425.29566513249364,0.001836252804997423,60.56347721961674,0.5296942879243094,0.0034666275375425876,True
3314,1056.367811452761,495.74589884488887,511.74589884488887,490.74589884488887,507.74589884488887,0.01379524078660623,454.99603804277154,0.0009945045339959293,32.80084992956762,0.2546616826494746,0.0039051989433557654,True
3315,1056.6275977958999,487.7551586475374,503.7551586475374,483.7551586475374,498.7551586475374,0.014017635193359966,462.3310730393383,-0.0007558438100835202,-24.92931760212923,-0.19115039079706936,0.003954183964425923,True
3316,1056.8873527107703,493.76443006233353,508.76443006233353,491.76443006233353,505.76443006233353,0.012996939385009421,428.66637982881764,-0.0008057693003585657,-26.575965212263327,-0.372081325862047,0.0021655730732837502,True
3317,1057.147076173001,482.77371309722935,499.77371309722935,481.77371309722935,497.77371309722935,0.015029794691629022,495.7142208004784,-0.0008409364491038848,-27.73585169745735,-0.6365989611344369,0.0013209830685323657,True
3318,1057.406768158221,485.78300776016226,500.78300776016226,482.78300776016226,498.78300776016226,0.01320726474157576,435.6033521816692,0.0009524089558342556,31.412449279012947,0.43014868211893825,0.0022141389603767513,True
3319,1057.6664286420582,480.79231405905625,495.79231405905625,476.79231405905625,493.79231405905625,0.013342273480243801,440.05622416450194,0.001872806401681422,61.76909167207191,0.6957276081462489,0.0026918673051820868,True
3320,1057.926057600142,477.80163200182096,491.80163200182096,473.80163200182096,489.80163200182096,0.012542336761195089,413.6726297436294,0.0018813387744351356,62.05050726010671,0.69411667457094,0.002710407116495311,True
3321,1058.1856550081009,472.8109615963522,485.8109615963522,468.8109615963522,483.8109615963522,0.011779773159333054,388.5216792839812,0.0018981730193875952,62.60573604337276,0.6925888469539324,0.002740692443627889,True
3322,1058.445220841563,477.82030285053156,489.82030285053156,473.82030285053156,487.82030285053156,0.010772183269720953,355.2892468214346,0.0018740222315853147,61.80919229791556,0.6905217424483134,0.002713922120599393,True
3323,1058.7047550761577,471.8296557722267,484.8296557722267,468.8296557722267,482.8296557722267,0.011803942645158712,389.3188397295519,0.0009749191713218208,32.15488350113071,0.4270904986271097,0.0022826992744060487,True
3324,1058.9642576875128,467.83902036929135,480.83902036929135,463.83902036929135,476.83902036929135,0.011903262124867657,392.5946049348909,0.00010124417536751772,3.3392457137721294,0.027522933432479163,0.003678538685416499,True
3325,1059.2237286512577,463.8483966495651,475.8483966495651,459.8483966495651,471.8483966495651,0.011092550571131411,365.8556338178643,9.525650272821512e-05,3.1417596843419346,0.025649647000424904,0.0037137549193810397,True
3326,1059.4831679430208,460.8577846208734,472.8577846208734,456.8577846208734,469.8577846208734,0.0111636153750565,368.1995004259481,0.0010217818180221615,33.70051209222828,0.3119937396069751,0.0032750074386406636,True
3327,1059.7425755384306,460.8671842910278,474.8671842910278,456.8671842910278,470.8671842910278,0.012996373081450338,428.6477019470975,0.0001120867224967282,3.696855708580756,0.030051852826587278,0.0037297774331426104,True
3328,1060.0019514131159,468.87659566782577,480.87659566782577,463.87659566782577,477.87659566782577,0.010975085273851012,361.98138140742515,0.001938214630270151,63.92639253572651,0.5256907235280242,0.0036869865560160034,True
3329,1060.2612955427055,453.88601875905033,464.88601875905033,449.88601875905033,461.88601875905033,0.01039967997120684,343.0033050532894,0.0010326397491156013,34.05862948251354,0.31028944507619366,0.0033279886425464124,True
3330,1060.5206079028274,457.8954535724713,468.8954535724713,453.8954535724713,463.8954535724713,0.010309690369249894,340.0352588271439,-0.0008454068210905167,-27.88329396207297,-0.19970858513022408,0.004233202195785684,True
3331,1060.779888469111,446.904900115843,455.904900115843,441.904900115843,453.904900115843,0.008659143537132997,285.59675493771755,0.0029769103274278653,98.18475991396627,0.8761174083182144,0.0033978440551047954,True
3332,1061.0391372171846,451.9143583969071,463.9143583969071,448.9143583969071,460.9143583969071,0.011381674250879725,375.3915404993593,7.506681114673348e-05,2.47586121827095,0.026292087886748552,0.0028551103080926422,True
3333,1061.298354122677,447.9238284233902,458.9238284233902,444.9238284233902,457.9238284233902,0.01053644145327926,347.5139861977769,0.0019711359873049103,65.01220808976524,1.0197643033025159,0.0019329329149111894,True
3334,1061.5575391612163,448.93331020300525,460.93331020300525,447.93331020300525,459.93331020300525,0.011456263736860458,377.8516585303421,2.5240705111388706e-05,0.8324915092629226,0.026406536266275926,0.0009558506597332073,True
3335,1061.816692308432,440.9428037434509,451.9428037434509,438.9428037434509,449.9428037434509,0.010701216298614945,352.94860694536374,4.816055717829851e-05,1.5884364068028844,0.024694611456571293,0.0019502455935779817,True
3336,1062.0758135399522,447.95230905241147,457.95230905241147,444.95230905241147,455.95230905241147,0.009588473543329415,316.2480119468862,0.0010174810220682229,33.558662801611206,0.42226589888576493,0.0024095742155666724,True
3337,1062.3349028314055,439.96182613755764,449.96182613755764,436.96182613755764,446.96182613755764,0.009760674668969323,321.92756702857315,6.626028003563038e-05,2.1854033113424975,0.022550027297611006,0.0029383680632018624,True
3338,1062.5939601584207,447.97135500654554,457.97135500654554,444.97135500654554,455.97135500654554,0.009588070346833233,316.2347136789435,0.0010174357536402463,33.55716975370444,0.4222649621723707,0.0024094723568964358,True
3339,1062.8529854966268,445.98089566701697,454.98089566701697,442.98089566701697,454.98089566701697,0.00867690593060415,286.18259601005155,0.002931258473691179,96.67906581983584,1.9999999999999705,0.0014656292368456112,True
3340,1063.111978821652,443.9904481266003,452.9904481266003,439.9904481266003,450.9904481266003,0.008715417526199757,287.45278938222657,0.002008677822051627,66.25041671075553,0.6864834581878276,0.0029260396563001168,True
3341,1063.3709401091248,429.00001239290896,438.00001239290896,427.00001239290896,437.00001239290896,0.009016818061583751,297.3936125679178,0.0010367435953790687,34.193982958360664,0.6861102001048828,0.0015110453032480585,True
3342,1063.6298693346741,426.0095884735424,435.0095884735424,425.0095884735424,433.0095884735424,0.00907945561158856,299.45953062804784,-0.0009806703329854147,-32.344568901447815,-0.6490288036921877,0.0015109812190253935,True
3343,1063.8887664739286,425.0191763760863,435.0191763760863,424.0191763760863,432.0191763760863,0.010099876447375047,333.1151546654276,-0.0019823499490407986,-65.38206811899693,-0.9841861614140975,0.0020142022177923333,True
3344,1064.147631502517,423.0287761081115,432.0287761081115,422.0287761081115,431.0287761081115,0.009142763971799311,301.5475734187792,2.143686944642252e-05,0.7070330135617269,0.021075882306411994,0.0010171279728536302,True
3345,1064.4064643960676,421.038387677175,430.038387677175,417.038387677175,427.038387677175,0.009185530983655274,302.95811936389134,0.001105352858840447,36.45686068052902,0.3076419684896218,0.003592984612168531,True
3346,1064.6652651302095,425.0480110908197,435.0480110908197,421.0480110908197,431.0480110908197,0.010099199189725547,333.09281728458575,9.482614184597171e-05,3.1275654778485773,0.023362205416167525,0.004058955058256121,True
3347,1064.924033680571,413.05764635657397,423.05764635657397,411.05764635657397,421.05764635657397,0.010388882851715905,342.64719335747765,4.994442923612376e-05,1.6472722568791482,0.023977592596852226,0.0020829626258092506,True
3348,1065.182770022781,415.067293481952,427.067293481952,412.067293481952,423.067293481952,0.01237779955276535,408.24584676070134,-0.0009364925568933515,-30.887492986473944,-0.25879866989193695,0.0036186142582741634,True
3349,1065.4414741324679,420.0769524744537,431.0769524744537,416.0769524744537,427.0769524744537,0.011225949302653582,370.25540438087245,0.00010652591175120546,3.5134484816496183,0.025969693248340264,0.004101931845421916,True
3350,1065.7001459852604,410.0866233415654,420.0866233415654,409.0866233415654,418.0866233415654,0.01046324946287586,345.09996050839965,-0.0010122557225049084,-33.386321438696825,-0.6462091035352383,0.0015664522783215623,True
3351,1065.958785556787,399.09630609075793,411.09630609075793,398.09630609075793,406.09630609075793,0.012865866331044674,424.3433150001103,-0.004224975039942439,-139.34855750178804,-1.3194603207964852,0.00320204781708938,True
3352,1066.2173928226769,411.1060007294891,420.1060007294891,408.1060007294891,418.1060007294891,0.009405068949927764,310.1989429492928,0.0011083510933697152,36.55574875744202,0.4219621696093096,0.0026266598600436764,True
3353,1066.4759677585582,409.11570726520154,418.11570726520154,406.11570726520154,416.11570726520154,0.00945032912906885,311.69171879198007,0.001113993493512811,36.741846974201906,0.4220679395055271,0.0026393700853419664,True
3354,1066.7345103400596,401.125425705324,410.125425705324,399.125425705324,410.125425705324,0.0096365031761588,317.8321301934657,0.00217079624647251,71.59742311290938,2.000000000000017,0.0010853981232362459,True
3355,1066.9930205428102,411.13515605727093,421.13515605727093,410.13515605727093,420.13515605727093,0.010436882748613053,344.23033085050844,2.514335598227148e-05,0.8292807303617451,0.02405958568083168,0.0010450452603721783,True
3356,1067.2514983424383,413.14489832844265,423.14489832844265,411.14489832844265,423.14489832844265,0.01038671485458683,342.5756882551401,0.002107488584282736,69.50940334437718,2.0000000000000218,0.0010537442921413566,True
3357,1067.5099437145723,413.1546525262247,423.1546525262247,409.1546525262247,422.1546525262247,0.010386472542971344,342.56769630873464,0.003197613477591484,105.46401371325499,1.217513695541854,0.002626347029442151,True
3358,1067.7683566348412,397.16441865798856,405.16441865798856,395.16441865798856,404.16441865798856,0.008660965033352687,285.65683171173606,0.0011192789424173278,36.91617218882004,0.685470906931115,0.0016328613382417519,True
3359,1068.0267370788736,392.1741967310918,398.1741967310918,389.1741967310918,398.1741967310918,0.006594096915781891,217.48717674169146,0.003334977991861378,109.99458412715839,1.999999999999996,0.0016674889959306923,True
3360,1068.285085022298,383.18398675287676,390.18398675287676,380.18398675287676,391.18398675287676,0.007862090238933705,259.3082617972641,0.004525157702812942,149.2492126920776,3.931664210394026,0.0011509522331154107,True
3361,1068.5434004407432,380.1937887306724,387.1937887306724,376.1937887306724,387.1937887306724,0.007923364376101015,261.32921163618846,0.004593396754927585,151.49988006586517,1.999999999999994,0.0022966983774637996,True
3362,1068.8016833098377,387.2036026717926,394.2036026717926,385.2036026717926,394.2036026717926,0.0077811995522487415,256.64031692224955,0.0022490492034802087,74.17837011879294,1.9999999999999896,0.0011245246017401102,True
3363,1069.0599336052103,384.2134285835375,393.2134285835375,383.2134285835375,392.2134285835375,0.010055801201355656,331.6614604077635,2.5938496035346134e-05,0.8555061206564574,0.023183149503923566,0.0011188512600911384,True
3364,1069.3181513024897,382.2232664731923,390.2232664731923,381.2232664731923,390.2232664731923,0.00899604033768988,296.70831956017,0.0011377214029677628,37.524443302895406,2.000000000000037,0.0005688607014838709,True
3365,1069.5763363773044,372.23311634802803,379.23311634802803,370.23311634802803,378.23311634802803,0.008091246621233264,266.8663209606637,0.00119304175751969,39.34902487661367,0.6843877997590212,0.0017432247593247136,True
3366,1069.834488805283,374.24297821530195,384.24297821530195,374.24297821530195,382.24297821530195,0.011452279219339539,377.7202407672473,-0.002266423612306598,-74.75141464201852,-1.999999999999989,0.0011332118061533052,True
3367,1070.0926085620542,365.2528520822559,374.2528520822559,365.2528520822559,374.2528520822559,0.01057150285696831,348.6703849887443,0.0,0.0,nan,0.0,True
3368,1070.3506956232468,371.2627379561179,380.2627379561179,371.2627379561179,379.2627379561179,0.010402407723561668,343.0932720595496,-0.0011435949066140663,-37.71816379895904,-2.000000000000141,0.0005717974533069928,True
3369,1070.6087499644889,361.27263584410184,370.27263584410184,360.27263584410184,368.27263584410184,0.010686549983683132,352.4648810510581,-0.0011483767401108177,-37.87587871885472,-0.6458887680936427,0.0017779791147325276,True
3370,1070.86677156141,370.28254575340657,379.28254575340657,367.28254575340657,375.28254575340657,0.010429616401997197,343.99067146562334,-0.001071540391290305,-35.341654428623485,-0.2633604917501865,0.004068721106075115,True
3371,1071.1247603896381,359.29246769121687,367.29246769121687,359.29246769121687,367.29246769121687,0.009563909445465792,315.4378363668489,0.0,0.0,nan,0.0,True
3372,1071.382716424802,359.30240166470344,367.30240166470344,356.30240166470344,366.30240166470344,0.009563647913195703,315.4292104828537,0.0024573684829866417,81.04917783353608,1.0185197369221894,0.0024126861698453017,True
3373,1071.6406396425305,361.3123476810217,369.3123476810217,358.3123476810217,368.3123476810217,0.009511024570540047,313.6935820304575,0.0024434797624997492,80.59109863848823,1.018418167116542,0.002399289252093763,True
3374,1071.8985300184522,363.3223057473133,371.3223057473133,361.3223057473133,371.3223057473133,0.009458976884186343,311.97693993290017,0.0023972886999158536,79.06762030318703,2.000000000000008,0.001198644349957922,True
3375,1072.1563875281954,358.3322758707054,365.3322758707054,354.3322758707054,365.3322758707054,0.008402114453546971,277.1193954988776,0.004875214196423932,160.79481165246574,1.9999999999999627,0.0024376070982120115,True
3376,1072.4142121473892,355.34225805831056,362.34225805831056,353.34225805831056,361.34225805831056,0.008472128667786677,279.4286114508509,0.0012510454044073489,41.26210707170952,0.6852208630034808,0.0018257549820122649,True
3377,1072.6720038516619,357.35225231722666,364.35225231722666,356.35225231722666,365.35225231722666,0.008424934834416939,277.8720596272589,0.0024073460949945134,79.39933433301854,180.4258951957179,1.334257531261315e-05,True
3378,1072.9297626166426,360.36225865453775,370.36225865453775,360.36225865453775,368.36225865453775,0.011887423681468825,392.07221977998813,-0.002351596747291365,-77.56060366345105,-2.000000000000058,0.0011757983736456483,True
3379,1073.1874884179595,350.3722770773127,356.3722770773127,346.3722770773127,356.3722770773127,0.007374176373445482,243.21583694312062,0.004986610954601079,164.46891088751653,1.9999999999999811,0.0024933054773005627,True
3380,1073.4451812312413,361.38230759260637,366.38230759260637,357.38230759260637,367.38230759260637,0.005967606918344323,196.82421977581708,0.006017582074316607,198.4725054650408,3.2972203651007908,0.0018250469813935713,True
3381,1073.7028410321168,358.3923502074588,364.3923502074588,355.3923502074588,363.3923502074588,0.007210519943733503,237.81810389365683,0.002457185352120637,81.04313779264339,1.014500967546981,0.0024220630938006932,True
3382,1073.9604677962147,347.40240492889575,354.40240492889575,347.40240492889575,354.40240492889575,0.008663839721486604,285.7516449688422,0.0,0.0,nan,0.0,True
3383,1074.2180614991635,348.4124717639288,357.4124717639288,348.4124717639288,356.4124717639288,0.011076010356633944,365.31010277704104,-0.0012168102836605417,-40.132960828982334,-1.9999999999999494,0.0006084051418302862,True
3384,1074.475622116592,344.42255071955424,355.42255071955424,346.42255071955424,353.42255071955424,0.013653400594115154,450.3178503534837,-0.004965298745866547,-163.7659894462637,155.5202867634148,-3.192701639896027e-05,True
3385,1074.7331496241284,334.43264180275446,343.43264180275446,335.43264180275446,343.43264180275446,0.011532911112910382,380.37965010138805,-0.0012966631206314909,-42.76667523892087,1.999999999999907,-0.0006483315603157756,True
3386,1074.990643997402,338.4427450204969,345.4427450204969,335.4427450204969,344.4427450204969,0.008890867232826134,293.23948949320067,0.002607771068167347,86.0097712314456,1.0175000090791815,0.0025629199458458295,True
3387,1075.2481052120409,339.45286037973506,346.45286037973506,338.45286037973506,347.45286037973506,0.008864678717894996,292.375737223834,0.0025330237906717075,83.54444890463122,171.4761871691162,1.4771869100247401e-05,True
3388,1075.505533243674,331.4629878874073,337.4629878874073,330.4629878874073,339.4629878874073,0.007791106551149049,256.9670705699938,0.003878497702442375,127.92100663314392,-6.185474222822471,-0.0006270332011298225,True
3389,1075.76292806793,333.47312755043754,341.47312755043754,333.47312755043754,340.47312755043754,0.010295689605909283,339.573484223272,-0.0012736921419934082,-42.009044079598254,-1.9999999999998948,0.0006368460709967376,True
3390,1076.0202896604374,333.4832793757355,341.4832793757355,332.4832793757355,342.4832793757355,0.010295379872542903,339.56326856580483,0.0025741840016217724,84.90199917845223,149.99234908261224,1.716210204964503e-05,True
3391,1076.277617996825,323.49344337019625,331.49344337019625,323.49344337019625,330.49344337019625,0.010609460161177047,349.92229666588787,-0.0013120949098690791,-43.27564808481941,-1.999999999999973,0.0006560474549345485,True
3392,1076.534913052721,325.5036195406997,329.5036195406997,323.5036195406997,332.5036195406997,0.005304367400318478,174.9491863753022,0.006612865708708217,218.10621098345803,-10.500698986801728,-0.0006297548112768391,True
3393,1076.7921748037545,322.5138078941118,330.5138078941118,321.5138078941118,329.5138078941118,0.010641294778166105,350.97226924894665,3.269404938729785e-05,1.0783184700362085,0.024538876431285248,0.001332336852457326,True
3394,1077.0494032255544,333.524008437284,342.524008437284,334.524008437284,341.524008437284,0.011563916083672129,381.4022592079956,-0.0025699690636003334,-84.7629816629181,169.01175765290495,-1.5205859635388278e-05,True
3395,1077.3065982937487,319.5342211770526,327.5342211770526,321.5342211770526,328.5342211770526,0.010739305669110036,354.20487444622796,-0.0013858939858794033,-45.70969673357632,0.6871480028038145,-0.0020168784311741434,True
3396,1077.5637599839663,315.5444461202396,322.5444461202396,316.5444461202396,323.5444461202396,0.00952902760963603,314.28736010132343,-2.9776453703769454e-05,-0.9820900317545807,0.021906221535465682,-0.0013592692676627069,True
3397,1077.8208882718359,313.5546832736525,320.5546832736525,312.5546832736525,320.5546832736525,0.009588834456325456,316.2599156161166,0.0013872811185834145,45.75544728583765,2.000000000000032,0.0006936405592916962,True
3398,1078.0779831329862,313.5649326440839,321.5649326440839,314.5649326440839,322.5649326440839,0.010941194248312355,360.8635841479335,-3.434887237900759e-05,-1.1328980106573,0.02515213832394918,-0.0013656442222370227,True
3399,1078.3350445430458,306.5751942383124,313.5751942383124,306.5751942383124,313.5751942383124,0.009804687864921013,323.3792147445783,0.0,0.0,nan,0.0,True
3400,1078.5920724776431,311.58546806310096,317.58546806310096,311.58546806310096,317.58546806310096,0.008283427404062913,273.20484713270014,0.0,0.0,nan,0.0,True
3401,1078.8490669124071,307.59575412519894,314.59575412519894,307.59575412519894,314.59575412519894,0.009772520543925257,322.3182688840517,0.0,0.0,nan,0.0,True
3402,1079.106027822966,317.60605243134023,323.60605243134023,315.60605243134023,324.60605243134023,0.00812786573470463,268.0740962944793,0.004083424297370665,134.67991647924788,5.81904350706872,0.0007017346222640026,True
3403,1079.3629551849492,313.61636298824465,320.61636298824465,314.61636298824465,320.61636298824465,0.009586969258935256,316.1983974856369,-0.001382592248828,-45.60079850553626,2.000000000000055,-0.000691296124413981,True
3404,1079.6198489739845,314.62668580261675,320.62668580261675,314.62668580261675,321.62668580261675,0.008204110353361948,270.5888040801414,0.0013524096627857748,44.60531337558973,-2.0000000000000613,-0.0006762048313928667,True
3405,1079.8767091657012,312.63702088114724,319.63702088114724,313.63702088114724,320.63702088114724,0.009616670585111422,317.1780096536168,-3.032585959416613e-05,-1.0002105928433025,0.022107369563076212,-0.001371753410447187,True
3406,1080.1335357357275,321.6473682305116,327.6473682305116,320.6473682305116,327.6473682305116,0.008026681627627768,264.7368317591936,0.0013523225651997511,44.60244071412802,2.000000000000104,0.0006761612825998404,True
3407,1080.3903286596924,309.6577278573707,317.6577278573707,310.6577278573707,316.6577278573707,0.011077502363339391,365.3593122943095,-0.002769572656330939,-91.34632770786021,179.2326836723909,-1.5452386247774325e-05,True
3408,1080.647087913224,309.66809976837067,314.66809976837067,307.66809976837067,314.66809976837067,0.006956248368161353,229.43169286525725,0.002813999902579808,92.8116316729793,2.0000000000000413,0.001406999951289875,True
3409,1080.9038134719515,302.67848397014313,309.67848397014313,302.67848397014313,310.67848397014313,0.00992948218482163,327.4951937262683,0.0014001450149321148,46.1797256266791,-1.9999999999999638,-0.0007000725074660701,True
3410,1081.1605053115036,302.6888804693049,311.6888804693049,303.6888804693049,310.6888804693049,0.012724841979498733,419.69203546004945,-0.0028280223826535004,-93.27412254035562,153.5941689112611,-1.841230303663017e-05,True
3411,1081.4171634075085,297.6992892724579,305.6992892724579,299.6992892724579,305.6992892724579,0.011516631212762621,379.8427047749857,-0.0029079152180726247,-95.90915618318974,2.0000000000000435,-0.0014539576090362807,True
3412,1081.673787735595,299.7097103861897,308.7097103861897,301.7097103861897,307.7097103861897,0.012849476307709018,423.8027375794978,-0.004297562791031436,-141.74265410849574,5.809931101190081,-0.0007396925567931678,True
3413,1081.9303782713919,298.720143817073,306.720143817073,298.720143817073,303.720143817073,0.011477789475448849,378.5616226350043,-0.004268702316699653,-140.79077500177172,-2.0000000000000173,0.0021343511583498077,True
3414,1082.1869349905276,296.73058957166563,302.73058957166563,295.73058957166563,300.73058957166563,0.00869398720859796,286.7459724622724,-0.0014126305960244475,-46.59152633516612,-0.6502669426772325,0.002172385682422154,True
3415,1082.443457868631,284.7410476565108,289.7410476565108,283.7410476565108,289.7410476565108,0.007559947507349447,249.34295942082923,0.0015279106710120007,50.39370552116026,2.000000000000047,0.0007639553355059823,True
3416,1082.6999468813306,293.751518078137,297.751518078137,292.751518078137,298.751518078137,0.005873864723686874,193.7324051546483,0.0029371002585175787,96.87174016254761,236.60076360113786,1.2413739557784985e-05,True
3417,1082.9564020042549,292.7620008430579,298.7620008430579,291.7620008430579,297.7620008430579,0.008810652671595528,290.59384465685247,2.9892795238984152e-05,0.985927220129895,0.020320974099771367,0.001471031609617596,True
3418,1083.2128232130328,299.77249595777243,307.77249595777243,299.77249595777243,306.77249595777243,0.01143802262580122,377.25002834571285,-0.0014133867200351504,-46.61646489437368,-2.0000000000001,0.0007066933600175399,True
3419,1083.469210483293,289.7830034287649,295.7830034287649,289.7830034287649,295.7830034287649,0.008900305210348548,293.5507738300428,0.0,0.0,nan,0.0,True
3420,1083.7255637906637,298.7935232625043,302.7935232625043,297.7935232625043,304.7935232625043,0.0057754020426042845,190.48489896895387,0.004315084133162598,142.32054480095906,-6.150253925076394,-0.0007016107279032384,True
3421,1083.9818831107743,284.8040554654458,290.8040554654458,285.8040554654458,291.8040554654458,0.00905428962656348,298.6295035442893,-3.135323751468112e-05,-1.0340956761584152,0.020811403511297306,-0.0015065412333993364,True
3422,1084.2381684192526,283.8146000440288,289.8146000440288,284.8146000440288,289.8146000440288,0.009085527465661122,299.6597931380921,-0.001527515398628978,-50.3806686071255,2.000000000000069,-0.0007637576993144628,True
3423,1084.4944196917281,279.82515700467843,284.82515700467843,279.82515700467843,285.82515700467843,0.0076915893415424865,253.68478381701297,0.0015221052746124874,50.20223134525375,-2.000000000000073,-0.000761052637306216,True
3424,1084.7506369038285,282.83572635380483,287.83572635380483,282.83572635380483,286.83572635380483,0.007610431419700207,251.00802496479534,-0.001511454651908238,-49.85095142139576,-2.0000000000000253,0.0007557273259541095,True
3425,1085.006820031183,281.84630809780356,287.84630809780356,280.84630809780356,286.84630809780356,0.00914831321376084,301.7305990828973,3.223220842683665e-05,1.063085984393922,0.021101073580642383,0.0015275150955544603,True
3426,1085.2629690494205,284.85690224305495,290.85690224305495,284.85690224305495,291.85690224305495,0.009052627256544142,298.57467508683357,0.0014905941987197122,49.16292982761746,-2.0000000000000333,-0.0007452970993598436,True
3427,1085.519083934169,271.86750879592523,276.86750879592523,271.86750879592523,277.86750879592523,0.00791468537341702,261.0429598848443,0.001565774427639664,51.64253180244765,-1.9999999999999305,-0.0007828872138198592,True
3428,1085.7751646610577,268.87812776276496,274.87812776276496,268.87812776276496,275.87812776276496,0.009584708697911988,316.1238394315042,0.001577085887977267,52.01560754050115,-1.999999999999954,-0.0007885429439886516,True
3429,1086.0312112057147,276.88875914991013,282.88875914991013,276.88875914991013,283.88875914991013,0.009310365646538237,307.0754289419379,0.0015325058546967595,50.54526433792796,-1.9999999999999754,-0.0007662529273483892,True
3430,1086.2872235437694,278.8994029636824,283.8994029636824,278.8994029636824,284.8994029636824,0.007716894633328306,254.51940553055658,0.0015270599193584209,50.365645943388074,-1.9999999999999667,-0.0007635299596792231,True
3431,1086.5432016508498,266.9100592103878,270.9100592103878,264.9100592103878,271.9100592103878,0.006460189569190916,213.07063098463098,0.004866635161348855,160.5118570429906,5.8410766633839355,0.0008331743344264629,True
3432,1086.7991455025847,267.9207278963181,272.9207278963181,266.9207278963181,272.9207278963181,0.008030206459717663,264.8530881305377,0.0016240139326276423,53.56339309345395,2.00000000000003,0.0008120069663138089,True
3433,1087.0550550746027,268.93140902774985,272.93140902774985,266.93140902774985,272.93140902774985,0.006411989992591141,211.48090763529086,0.003241848352738141,106.92297287506875,2.000000000000005,0.0016209241763690666,True
3434,1087.3109303425326,277.94210261094486,282.94210261094486,278.94210261094486,283.94210261094486,0.007743237955610919,255.38826367177225,-2.7514170607724313e-05,-0.9074751800419563,0.01779729884727222,-0.0015459745236531435,True
3435,1087.566771282003,262.95280865214977,269.95280865214977,263.95280865214977,270.95280865214977,0.01141003637063906,376.32698282476764,-4.266674837400189e-05,-1.4072390447281578,0.02622192442668876,-0.0016271402388215082,True
3436,1087.8225778686424,279.9635271575971,284.9635271575971,280.9635271575971,286.9635271575971,0.007687821272786878,253.5605049891625,0.0014889341732300361,49.10817869767811,-0.6493511109249996,-0.0022929569968842462,True
3437,1088.07835007808,281.97425813350355,287.97425813350355,281.97425813350355,288.97425813350355,0.009144205426907259,301.5951156381053,0.0015054893272402857,49.65420247503505,-1.9999999999999387,-0.0007527446636201659,True
3438,1088.3340878859435,268.9850015860716,275.9850015860716,269.9850015860716,274.9850015860716,0.011157416235120073,367.9950397605652,-0.0031880479047893626,-105.1485210158894,181.65625990468422,-1.7549892893656098e-05,True
3439,1088.5897912678622,261.9957575214885,268.9957575214885,262.9957575214885,268.9957575214885,0.011451171684467045,377.68371193917,-0.001654483909553011,-54.56835697880763,1.9999999999999762,-0.0008272419547765154,True
3440,1088.845460199465,260.00652594592657,268.00652594592657,262.00652594592657,268.00652594592657,0.013161120671951201,434.0814237729437,-0.003327860139548746,-109.75982239652114,2.000000000000013,-0.0016639300697743622,True
3441,1089.1010946563797,257.01730686554333,262.01730686554333,258.01730686554333,263.01730686554333,0.008367609891879577,275.9813625282382,-3.212118508480813e-05,-1.0594242012083441,0.01922953663058599,-0.0016704086896049812,True
3442,1089.3566946142355,261.0281002864813,266.0281002864813,263.0281002864813,266.0281002864813,0.008240250479521753,271.78078140561456,-0.003314885616591003,-109.33189535758177,1.9999999999999853,-0.0016574428082955137,True
3443,1089.612260048661,253.03890621486812,258.0389062148681,254.03890621486812,258.0389062148681,0.008497890690097477,280.27829709713285,-0.0017129325490722333,-56.496115966244474,1.9999999999999813,-0.0008564662745361247,True
3444,1089.8677909352848,261.04972465681635,266.04972465681635,262.04972465681635,266.04972465681635,0.00823957432279729,271.7584803355944,-0.0016604682399172848,-54.76573277298198,2.0000000000000164,-0.0008302341199586356,True
3445,1090.1232872497355,256.0605556184239,264.0605556184239,258.0605556184239,263.0605556184239,0.013360849241964337,440.66889183135964,-0.005026744173681524,-165.79258881079244,5.807422019817963,-0.000865572392797982,True
3446,1090.3787489676417,262.07139910577325,270.07139910577325,264.07139910577325,269.07139910577325,0.013058967053000062,430.7121826981793,-0.004912796522343917,-162.0343557574609,5.811615612552238,-0.0008453409258060696,True
3447,1090.6341760646324,259.0822551249323,266.0822551249323,264.0822551249323,266.0822551249323,0.011578244043973158,381.8748254553736,-0.008301551366978112,-273.80261352529965,1.9999999999999938,-0.004150775683489069,True
3448,1090.8895685163357,255.093123681954,262.093123681954,256.093123681954,261.093123681954,0.011756874996849482,387.7664497544901,-0.003359358333775089,-110.79869904972185,172.39498605453034,-1.948640393005681e-05,True
3449,1091.1449262983806,253.10400478287602,261.104004782876,254.10400478287602,260.104004782876,0.013514516118450224,445.7371484178898,-0.0033789868659022722,-111.44608929746113,146.91620366644668,-2.2999415868203373e-05,True
3450,1091.4002493863957,259.11489843372124,265.11489843372124,260.11489843372124,265.11489843372124,0.009941749583457218,327.8997983187233,-0.0016728432054051064,-55.173885146323755,1.999999999999921,-0.0008364216027025863,True
3451,1091.6555377560096,268.12580464049756,278.12580464049756,269.12580464049756,283.12580464049756,0.0159026719356359,524.5035470517765,0.0061214403829749735,201.89797078952154,-1.3087135400316487,-0.004677448651464963,True
3452,1091.910791382851,261.1367234091979,270.1367234091979,262.1367234091979,272.1367234091979,0.014715677299458267,485.35396894776807,0.001543607532599467,50.91142101032642,-0.6347801617347543,-0.002431719870358,True
3453,1092.1660102425483,253.14765474579985,260.14765474579985,253.14765474579985,262.14765474579985,0.011846006770805632,390.70620301005823,0.003326061687632654,109.70050567207312,-1.9999999999999811,-0.0016630308438163426,True
3454,1092.4211943107305,247.15859865626635,253.15859865626635,246.15859865626635,255.15859865626635,0.010416958819177381,343.57319777862494,0.005178238625337821,170.78919426011544,-6.250846306414801,-0.0008284060064032868,True
3455,1092.676343563026,248.16955514654546,253.16955514654546,247.16955514654546,255.16955514654546,0.008662976278859631,285.72316681609175,0.005170904271005415,170.54729183778954,-6.215583025591135,-0.000831925862741353,True
3456,1092.9314579750635,245.18052422256983,250.18052422256983,244.18052422256983,251.18052422256983,0.008767528917722553,289.1715326101656,0.003507411802361967,115.68181364464238,165.1199008091613,2.1241605555563452e-05,True
3457,1093.1865375224716,241.19150589025685,246.19150589025685,241.19150589025685,247.19150589025685,0.008911055741858988,293.9053489563322,0.0017604784365516067,58.0642792743721,-1.9999999999999676,-0.0008802392182758177,True
3458,1093.441582180879,240.20250015550982,245.20250015550982,239.20250015550982,247.20250015550982,0.008947370602314979,295.1030893861762,0.005339773596257553,176.1169571394114,-6.222947022958014,-0.0008580779454746742,True
3459,1093.6965919259148,237.21350702421637,242.21350702421637,237.21350702421637,244.21350702421637,0.009058943608989983,298.7830016671517,0.0035713224528065232,117.78972123326838,-2.0000000000000013,-0.0017856612264032605,True
3460,1093.9515667332068,244.22452650224864,251.22452650224864,246.22452650224864,251.22452650224864,0.012272760083068265,404.78142426242295,-0.0035420346851087366,-116.82374909318457,2.0000000000000266,-0.0017710173425543446,True
3461,1094.2065065783843,236.23555859546445,244.23555859546445,238.23555859546445,244.23555859546445,0.014463624777322841,477.04074696605016,-0.0036613149959012683,-120.75786446432073,2.0000000000000213,-0.0018306574979506146,True
3462,1094.4614114370756,243.24660330970642,251.24660330970642,247.24660330970642,252.24660330970642,0.014053414585942923,463.5111526132033,-0.005358421683264596,-176.73201024624217,1.2166234643314437,-0.004404338598063407,True
3463,1094.7162812849092,246.25766065080165,251.25766065080165,248.25766065080165,255.25766065080165,0.008729562400070941,287.9193170543099,0.0033465636724617723,110.37670422587581,-0.6452835382176924,-0.005186190990870711,True
3464,1094.9711160975144,246.26873062456275,252.26873062456275,247.26873062456275,255.26873062456275,0.010454150055556367,344.7998429285075,0.0033742693547448247,111.29049586351789,-0.9788826475723421,-0.0034470621816753136,True
3465,1095.2259158505192,238.27981323678705,243.27981323678705,239.27981323678705,246.27981323678705,0.009018822705303948,297.45972993146984,0.0035039318255846736,115.56703669579161,-0.98128022941357,-0.0035707759318443456,True
3466,1095.4806805195524,236.29090849325644,244.29090849325644,238.29090849325644,244.29090849325644,0.014460292532653797,476.9308425326548,-0.003660460956394161,-120.72969644622827,1.9999999999999731,-0.001830230478197105,True
3467,1095.735410080243,230.30201639973802,237.30201639973802,232.30201639973802,239.30201639973802,0.013003688086506504,428.88896618962167,-0.00011030954482450263,-3.638240653412879,0.02981271103559524,-0.0037000843262055987,True
3468,1095.990104508219,231.3131369619839,237.3131369619839,232.3131369619839,238.3131369619839,0.011121481808418042,366.8098468355793,-4.726761025719388e-05,-1.5589851404155297,0.025552310306104394,-0.0018498370476465976,True
3469,1096.24476377911,223.32427018573094,228.32427018573094,222.32427018573094,228.32427018573094,0.009616154738835496,317.16099595915387,0.0019490480568407423,64.28370171534101,1.9999999999999714,0.0009745240284203851,True
3470,1096.4993878685436,232.33541607670054,237.33541607670054,231.33541607670054,237.33541607670054,0.009247133519565333,304.9899004836292,0.0018732908138398008,61.78506860326519,1.9999999999999893,0.0009366454069199054,True
3471,1096.753976752149,233.34657464059956,239.34657464059956,235.34657464059956,241.34657464059956,0.011025786407828194,363.65361137721965,-9.252875584555252e-05,-3.0517928585653635,0.025279787700159106,-0.0036601872192530385,True
3472,1097.0085304055547,233.35774588311938,239.35774588311938,235.35774588311938,241.35774588311938,0.01102526522768034,363.6364217604489,-9.252004477236161e-05,-3.0515055490611758,0.025278597878777398,-0.0036600148954478466,True
3473,1097.2630488043894,225.3689298099364,229.3689298099364,227.3689298099364,232.3689298099364,0.007640545854526358,252.0012623243853,0.0018063943340176653,59.57868208570389,-0.38107395139304223,-0.004740272399659609,True
3474,1097.517531924282,225.3801264267115,229.3801264267115,225.3801264267115,231.3801264267115,0.007640169600550132,251.98885267738243,0.003770266265777078,124.35130635490023,-2.0000000000000115,-0.001885133132888528,True
3475,1097.7719797408604,218.39133573909112,222.39133573909112,219.39133573909112,225.39133573909112,0.0078824587658361,259.98005862812147,0.003835286260945989,126.49580246432203,-0.9829755178574188,-0.0039017108679427963,True
3476,1098.026392229754,232.4025577527059,235.4025577527059,234.4025577527059,239.4025577527059,0.005570273875169275,183.71934083788307,0.0035961658739610226,118.60910948256225,-0.6515352977540398,-0.0055195257821911686,True
3477,1098.2807693665914,226.4137924731715,231.4137924731715,228.4137924731715,233.4137924731715,0.009486360449092032,312.8801074623624,-8.2170102986584e-05,-2.7101427139105,0.02174755595972413,-0.0037783603425948532,True
3478,1098.5351111270008,223.4250399060884,228.4250399060884,225.4250399060884,231.4250399060884,0.009611865279140696,317.0195205621914,0.001796326781859198,59.24663305403067,-0.3767089041397906,-0.004768474443047967,True
3479,1098.789417486611,231.436300057042,236.436300057042,232.436300057042,240.436300057042,0.009282676860852625,306.16219458959523,0.005413405685251534,178.54549820537096,-1.182178262724642,-0.0045791788395558135,True
3480,1099.0436884210508,229.4475729316025,236.4475729316025,232.4475729316025,238.4475729316025,0.013051392321582372,430.4623521343204,-0.001983501968297819,-65.42006413557988,0.426578204695132,-0.004649796793334515,True
3481,1099.2979239059487,226.45885853532468,231.45885853532468,226.45885853532468,233.45885853532468,0.009484493096593962,312.8185182518953,0.0037365507484460186,123.23929772500458,-2.0000000000000147,-0.0018682753742229957,True
3482,1099.5521239169336,227.4701568737487,230.4701568737487,227.4701568737487,231.4701568737487,0.005690270305954849,187.67707535163788,0.001880308548048091,62.01652822837812,-1.9999999999999516,-0.0009401542740240683,True
3483,1099.8062884296337,212.4814679523986,217.4814679523986,214.4814679523986,218.4814679523986,0.010101197661312778,333.1587310782191,-0.002076365923996036,-68.48291258985915,0.6851489066589048,-0.003030532346787698,True
3484,1100.060417419678,223.4927917767841,227.4927917767841,226.4927917767841,229.4927917767841,0.007704119804234486,254.09806481499587,-0.0019894556054023326,-65.61642760153171,0.41480378272798196,-0.004796136602994694,True
3485,1100.314510862695,212.50412835239922,217.50412835239922,214.50412835239922,217.50412835239922,0.010100132947735123,333.12361458645375,-0.004068283466715077,-134.18054005896406,2.0000000000000164,-0.0020341417333575216,True
3486,1100.5685687343134,215.51547768472278,221.51547768472278,218.51547768472278,221.51547768472278,0.011925611192542544,393.33172416342194,-0.0060037385749764525,-198.01591775846498,1.9999999999999925,-0.0030018692874882375,True
3487,1100.822591010162,214.52683977921834,219.52683977921834,216.52683977921834,220.52683977921834,0.010005990350777158,330.01859385578854,-0.0020562738063491376,-67.82023231724645,0.6849758691784339,-0.003001965322976196,True
3488,1101.0765776658689,212.53821464133466,217.53821464133466,215.53821464133466,217.53821464133466,0.010098531804058244,333.070805502467,-0.006087253055227648,-200.77040086037562,1.9999999999999707,-0.0030436265276138686,True
3489,1101.3305286770635,210.54960227650486,217.54960227650486,213.54960227650486,216.54960227650486,0.014203868269178374,468.47343133236393,-0.008145244760695922,-268.64729310150847,3.9316355968339205,-0.0020717191509953643,True
3490,1101.584444019374,222.56100269014655,229.56100269014655,224.56100269014655,230.56100269014655,0.013449043764120419,443.5777325525055,-0.001997530384863345,-65.88275080093507,0.692024031770243,-0.002886504359904281,True
3491,1101.8383236684288,212.5724158876626,219.5724158876626,215.5724158876626,219.5724158876626,0.014070871983229323,464.0869342702776,-0.00608628049435077,-200.7383237583823,1.999999999999995,-0.0030431402471753927,True
3492,1102.0921675998572,218.58384187444062,225.58384187444062,221.58384187444062,225.58384187444062,0.013689933826845024,451.5227931599277,-0.0059200330615161185,-195.2551339797747,2.0000000000000147,-0.0029600165307580376,True
3493,1102.3459757892874,215.59528065585255,222.59528065585255,218.59528065585255,223.59528065585255,0.013876702434595939,457.6828144217485,-0.004054851170178396,-133.7375146851743,1.0203178250837723,-0.003974105980012135,True
3494,1102.599748212348,221.60673223725507,228.60673223725507,224.60673223725507,229.60673223725507,0.01350606600154499,445.4584458006356,-0.003944217678954712,-130.08858959859742,1.0197809195817162,-0.003867710802603085,True
3495,1102.8534848446677,216.61819662399034,221.61819662399034,218.61819662399034,222.61819662399034,0.009910480613539207,326.8684819650293,-0.0020361277955750264,-67.15577453601742,0.6848022598164247,-0.0029733076466786955,True
3496,1103.1071856618755,218.6296738213839,223.6296738213839,220.6296738213839,225.6296738213839,0.009820323503169807,323.89491095934676,-8.803086569201396e-05,-2.9034429869632845,0.022509678603422324,-0.003910800649043027,True
3497,1103.3608506395997,221.64116383474743,226.64116383474743,223.64116383474743,227.64116383474743,0.00968836971400958,319.54279763263145,-0.0019893160775975487,-65.6118256812494,0.6843984396935984,-0.002906663665814544,True
3498,1103.6144797534691,216.65266666937623,219.65266666937623,216.65266666937623,222.65266666937623,0.005972441221419511,196.9836652526981,0.005891420823834464,194.31144223955297,-2.000000000000003,-0.002945710411917227,True
3499,1103.8680729791122,221.66418233055083,224.66418233055083,222.66418233055083,227.66418233055083,0.005838316227480621,192.5599410286196,0.003806031396435589,125.53091554051909,-0.9865668000659025,-0.0038578547303450175,True
3500,1104.1216302921578,225.6757108235363,231.6757108235363,226.6757108235363,230.6757108235363,0.01139568513445075,375.8536488897024,-0.0037988038688712084,-125.2925364895473,182.93998552127857,-2.0765301025069518e-05,True
3501,1104.3751516682344,220.68725215358245,226.68725215358245,223.68725215358245,229.68725215358245,0.011649850926954902,384.2365709701687,-0.00015419332662023819,-5.0856200185327225,0.026645280597346627,-0.0057868907049750855,True
3502,1104.6286370829707,216.69880632592344,222.69880632592344,219.69880632592344,224.69880632592344,0.011861370167430786,391.21292012384083,-0.002088302162770143,-68.87659483400131,0.4238462837627037,-0.004927027185967515,True
3503,1104.8820865119953,216.71037334577863,220.71037334577863,217.71037334577863,222.71037334577863,0.007943045067501946,261.97832220641203,0.0019182783309431711,63.26885147882689,-0.6483821272314605,-0.0029585613951668673,True
3504,1105.1354999309367,211.7219532183517,216.7219532183517,213.7219532183517,220.7219532183517,0.010137014270066701,334.34003811962896,0.003859381814352074,127.29052446329297,-0.6418467369795782,-0.0060129336054798215,True
3505,1105.3888773154242,207.7335459488313,212.7335459488313,210.7335459488313,216.7335459488313,0.01032934474561157,340.68350147205996,0.001863116780647758,61.44950760328692,-0.26026277017242044,-0.007158598901462046,True
3506,1105.6422186410855,211.74515154238998,217.74515154238998,212.74515154238998,220.74515154238998,0.012135018687572375,400.23842351350083,0.0038964834938136836,128.5142158377962,-0.975477215377043,-0.003994438242524823,True
3507,1105.8955238835501,208.7567700041859,213.7567700041859,210.7567700041859,216.7567700041859,0.010279309789098311,339.03324343529715,0.0019118268874616807,63.05606931219836,-0.3750975675340446,-0.005096878926809248,True
3508,1106.1487930184462,213.76840133936116,219.76840133936116,215.76840133936116,220.76840133936116,0.012021739610347556,396.50224143971815,-0.0020726706584569266,-68.3610349651176,0.689052950551003,-0.003007999104857631,True
3509,1106.4020260214024,203.78004555304278,210.78004555304278,206.78004555304278,213.78004555304278,0.014667839046924149,483.77616282559825,-0.0002093004351902475,-6.903168291534939,0.033529262558722406,-0.006242321459461965,True
3510,1106.6552228680475,209.79170265034236,216.79170265034236,213.79170265034236,220.79170265034236,0.014254348601167779,470.1383787884869,-0.00026244605969423,-8.65602269709916,0.0325158971700909,-0.00807131534219624,True
3511,1106.9083835340102,212.80337263635602,218.80337263635602,214.80337263635602,220.80337263635602,0.012075505291690485,398.27554662315896,-0.00011089855760449373,-3.657667532972198,0.027675238833166624,-0.004007140038538364,True
3512,1107.161507994919,208.81505551616465,215.81505551616465,210.81505551616465,215.81505551616465,0.014319930317116656,472.30140162994064,-0.004139815127359947,-136.53980458297548,1.9999999999999971,-0.0020699075636799766,True
3513,1107.4145962264026,207.8267512948339,212.8267512948339,209.8267512948339,213.8267512948339,0.010324766912042328,340.53251489857104,-0.002123585804545443,-70.04032350418652,0.6855551525718112,-0.003097614825851666,True
3514,1107.6676482040898,202.83845997741332,207.83845997741332,203.83845997741332,210.83845997741332,0.010575611176628023,348.80588600660235,0.0040880946467408315,134.83395441831493,-0.9780429577870663,-0.004179872278811364,True
3515,1107.920663903609,205.85018156893807,213.85018156893807,207.85018156893807,214.85018156893807,0.016558368929022755,546.1298121356912,-0.0021730521118942282,-71.67182629623312,0.6981406948434091,-0.00311262776678795,True
3516,1108.1736433005885,206.86191607442674,215.86191607442674,209.86191607442674,215.86191607442674,0.018495484655932683,610.019960528758,-0.006253090673219918,-206.24007408407124,2.0000000000000298,-0.0031265453366099124,True
3517,1108.426586370658,211.87366349888362,218.87366349888362,212.87366349888362,217.87366349888362,0.014116531159351789,465.5928698720823,-0.004033729437908095,-133.0408755580836,143.5819263327488,-2.809357375913729e-05,True
3518,1108.6794930894453,205.8854238472968,210.8854238472968,206.8854238472968,210.8854238472968,0.010420962066318555,343.70523328396456,-0.002104292655315051,-69.40399488934133,2.000000000000007,-0.0010521463276575219,True
3519,1108.9323634325792,199.89719712463943,205.89719712463943,202.89719712463943,205.89719712463943,0.012843729949997693,423.6132106236242,-0.006469342952133437,-213.37252879402473,1.9999999999999856,-0.0032346714760667417,True
3520,1109.1851973756886,204.9089833358687,211.9089833358687,206.9089833358687,210.9089833358687,0.01458836934189286,481.15508491235374,-0.006272637891758833,-206.88478243875227,5.797105550173818,-0.0010820292708955,True
3521,1109.4379948944018,203.9207824859268,209.9207824859268,207.9207824859268,209.9207824859268,0.012593947602574866,415.37486377572054,-0.008436411971776083,-278.25059974172757,2.000000000000013,-0.0042182059858880145,True
3522,1109.6907559643475,201.93259457974023,206.93259457974023,204.93259457974023,209.93259457974023,0.010622477643198907,350.35164058505956,-0.00015364288303616053,-5.06746523212513,0.024280648223072264,-0.006327791648089693,True
3523,1109.9434805611547,201.94441962222027,207.94441962222027,203.94441962222027,211.94441962222027,0.012715413459636043,419.38106305670465,0.003994746322452048,131.7551304698003,-0.6363753464631884,-0.006277342993649624,True
3524,1110.1961686604516,207.95625761826273,215.95625761826273,209.95625761826273,214.95625761826273,0.016393799556567407,540.7019683155913,-0.00617253016814363,-203.58301929253582,5.7656769143425,-0.001070564698620045,True
3525,1110.4488202378673,203.96810857274727,210.96810857274727,204.96810857274727,210.96810857274727,0.014654540608610931,483.3375523773817,-0.002124024869242215,-70.05480478077789,1.9999999999999836,-0.0010620124346211162,True
3526,1110.7014352690298,211.97997249053924,219.97997249053924,213.97997249053924,219.97997249053924,0.01608831194210994,530.6263446712229,-0.00407829589137757,-134.51077086994468,1.9999999999999976,-0.0020391479456887875,True
3527,1110.9540137295685,202.99184937648738,208.99184937648738,203.99184937648738,207.99184937648738,0.012650748809843666,417.24828698471896,-0.004217247570973994,-139.09368933245867,164.79283213032858,-2.5591207557126806e-05,True
3528,1111.2065555951115,202.00373923542566,206.00373923542566,203.00373923542566,209.00373923542566,0.008515694823371384,280.86551483589665,0.004134323723564001,136.35868654313134,-0.9816071100570729,-0.004211790726865886,True
3529,1111.4590608412875,197.01564207217257,202.01564207217257,197.01564207217257,203.01564207217257,0.010884289797953261,358.98675576480537,0.0021445028142230756,70.73021044985438,-2.0,-0.0010722514071115378,True
3530,1111.7115294437256,202.0275578915307,208.0275578915307,204.0275578915307,210.0275578915307,0.01271025664838918,419.2109805824259,-0.00012280534131706503,-4.0503782872717125,0.029122775213630592,-0.004216814517717643,True
3531,1111.963961378054,206.0394866982872,211.0394866982872,207.0394866982872,214.0394866982872,0.010413262627477162,343.4512896071432,0.004027455899449552,132.8339610730594,-0.9783806348977063,-0.004116450955584008,True
3532,1112.2163566199013,205.0514284972137,212.0514284972137,208.0514284972137,215.0514284972137,0.014578403296320954,480.8263837812671,-0.0002067735977155892,-6.819827880335822,0.03332630539750382,-0.006204516079693513,True
3533,1112.4687151448964,199.06338329306686,205.06338329306686,201.06338329306686,207.06338329306686,0.0128967373297826,425.3615054277697,-0.00012641763462158465,-4.16951931331306,0.029547902391389137,-0.00427839624441244,True
3534,1112.721036928668,201.07535109058722,208.07535109058722,202.07535109058722,209.07535109058722,0.014861800419680795,490.1734165961374,-7.230769651041073e-05,-2.3848598180452427,0.03413393034245893,-0.0021183524951554657,True
3535,1112.9733219468444,201.08733189450004,208.08733189450004,202.08733189450004,208.08733189450004,0.014860929930457432,490.1447060318264,-0.0021543782955632685,-71.0559245822177,1.9999999999999425,-0.0010771891477816653,True
3536,1113.2255701750544,201.0993257095147,206.0993257095147,203.0993257095147,207.0993257095147,0.01066595650995612,351.7856650010979,-0.0021957531727504823,-72.42055499975754,0.686174890397337,-0.003199990561413589,True
3537,1113.4777815889267,194.11133254032552,199.11133254032552,197.11133254032552,200.11133254032552,0.011045087902531697,364.29021524330966,-0.004484997892752022,-147.92465774237283,1.0151178773271243,-0.004418204026276566,True
3538,1113.72995616409,199.1233523916112,205.1233523916112,203.1233523916112,207.1233523916112,0.012892910363093927,425.23528402228635,-0.004423699227802131,-145.90289892562282,0.6884266373807437,-0.006425810663911809,True
3539,1113.982093876173,190.1353852680345,197.1353852680345,192.1353852680345,198.1353852680345,0.01570163691960722,517.8729896576843,-0.0023469487630899503,-77.40730337465988,0.6962313904559916,-0.0033709321286890465,True
3540,1114.234194700804,192.1474311742429,199.1474311742429,194.1474311742429,198.1474311742429,0.01554012602571108,512.546020889235,-0.006683328238857183,-220.43021333645612,5.7844192355879045,-0.001155401772703274,True
3541,1114.4862586136119,197.15949011486873,203.15949011486873,199.15949011486873,205.15949011486873,0.013019427844372301,429.40809648821306,-0.00012882253679931052,-4.248838042117768,0.029827570507357886,-0.004318908131238261,True
3542,1114.7382855902254,197.17156209452764,203.17156209452764,200.17156209452764,206.17156209452764,0.013018642548964232,429.3821957950035,-0.00019225942740349992,-6.3411200353890536,0.029752441459245684,-0.006461971454236895,True
3543,1114.990275606273,193.18364711782078,200.18364711782078,197.18364711782078,201.18364711782078,0.015458236473553216,509.8451313313593,-0.006736454651398457,-222.1824340911076,1.2176574401572435,-0.005532306894563497,True
3544,1115.2422286373835,196.19574518933337,203.19574518933337,199.19574518933337,203.19574518933337,0.015225025018969142,502.15332736045895,-0.006590472886393426,-217.36764863493295,2.0000000000000133,-0.0032952364431966907,True
3545,1115.4941446591854,192.20785631363492,197.20785631363492,194.20785631363492,199.20785631363492,0.011153077186869562,367.85192882880267,-0.00011340964947715443,-3.74048862112096,0.025548729310115884,-0.004438954599290012,True
3546,1115.7460236473073,196.2199804952793,202.2199804952793,198.2199804952793,204.2199804952793,0.013080835956501181,431.4334651029786,-0.00013003464603339107,-4.288815952450136,0.029967537655844097,-0.004339183536757231,True
3547,1115.997865577378,187.23211773880507,194.23211773880507,190.23211773880507,195.23211773880507,0.015940695831137594,525.7576550497334,-0.0046732732790444615,-154.13437572766566,1.0233019758439879,-0.004566856499216754,True
3548,1116.249670425026,192.24426804873497,198.24426804873497,195.24426804873497,200.24426804873497,0.01334723941255945,440.22001105041136,-0.0023654388549082302,-78.01714546806744,0.42680706568957205,-0.005542173607380426,True
3549,1116.5014381658802,195.2564314295762,203.2564314295762,197.2564314295762,202.2564314295762,0.017438948667761578,575.1731828535045,-0.006567780324763161,-216.61920025374656,5.751452887069917,-0.0011419341258151422,True
3550,1116.7531687755688,201.2686078858203,208.2686078858203,203.2686078858203,209.2686078858203,0.01484777139561049,489.71070989399755,-0.002213998976819292,-73.02233996970693,0.6946378977826211,-0.003187270639691095,True
3551,1117.004862229721,195.28079742194313,202.28079742194313,198.28079742194313,203.28079742194313,0.015295117181098272,504.46511419766796,-0.004479418332189261,-147.7406321070581,1.0223696378745806,-0.004381407825746459,True
3552,1117.256518503965,195.29300004240508,199.29300004240508,195.29300004240508,200.29300004240508,0.0088053678374903,290.41953971960726,0.002173726749538066,71.69407726378114,-2.000000000000014,-0.0010868633747690253,True
3553,1117.5081375739296,189.30521575165085,194.30521575165085,188.30521575165085,194.30521575165085,0.011321878717336281,373.4193581159002,0.002300230401122384,75.86643359732847,2.0000000000000098,0.0011501152005611863,True
3554,1117.7597194152436,197.31744455410967,204.31744455410967,198.31744455410967,205.31744455410967,0.015139965825184367,499.3478963593009,-7.503320571284472e-05,-2.474752840424401,0.034771099000079984,-0.002157918727638494,True
3555,1118.0112640035354,195.32968645419464,200.32968645419464,196.32968645419464,203.32968645419464,0.01097705835836885,362.0464578821476,0.004237759586494416,139.77021871954446,-0.9772078867587256,-0.0043365998616226135,True
3556,1118.2627713144336,192.34194145630363,198.34194145630363,194.34194145630363,200.34194145630363,0.013340564576493213,439.99986092677807,-0.00013522346816397836,-4.459954212959417,0.030559460413735372,-0.004424929836234945,True
3557,1118.5142413235671,190.3542095648188,197.3542095648188,193.3542095648188,200.3542095648188,0.015683908921960248,517.2882830319301,-0.00023906891417290604,-7.884995300224773,0.03583375680353549,-0.0066716117844869294,True
3558,1118.7656740065645,198.36649078410642,205.36649078410642,201.36649078410642,205.36649078410642,0.01506127165384318,496.7523971772885,-0.006518891201508137,-215.00673420632393,1.9999999999999916,-0.0032594456007540825,True
3559,1119.0170693390544,193.3787851185175,198.3787851185175,196.3787851185175,201.3787851185175,0.01108639879694229,365.652735374388,-0.00016725125992093047,-5.5162981059069125,0.02533297867165644,-0.006602115846252929,True
3560,1119.2684272966653,200.39109257238692,206.39109257238692,200.39109257238692,208.39109257238692,0.012812536936466428,422.58439947122145,0.004188201550231883,138.13569051511297,-2.000000000000003,-0.0020941007751159387,True
3561,1119.519747855026,193.40341315003434,199.40341315003434,193.40341315003434,202.40341315003434,0.01326845360610497,437.6214895497502,0.006485244008284442,213.89697904910304,-2.0000000000000115,-0.0032426220041422023,True
3562,1119.771030989765,194.41574685576325,201.41574685576325,194.41574685576325,203.41574685576325,0.015361983023074557,506.6704902146739,0.004291148509461206,141.53109761981307,-1.9999999999999802,-0.002145574254730624,True
3563,1120.0222766765114,188.4280936938619,194.4280936938619,191.4280936938619,196.4280936938619,0.013613363636439378,448.9973473336705,-0.002415436246295536,-79.6661645280164,0.4273367323813231,-0.005652301951286937,True
3564,1120.2734848908933,198.44045366860246,205.44045366860246,200.44045366860246,206.44045366860246,0.015055754194309276,496.5704197644388,-0.002246326435836353,-74.0885675187784,0.695026188630997,-0.0032320025814580803,True
3565,1120.5246556085394,190.45282678424155,197.45282678424155,191.45282678424155,198.45282678424155,0.01567593255225631,517.0252055931674,-8.042617696776139e-05,-2.6526243681652204,0.035998606862259086,-0.0022341469289490793,True
3566,1120.7757888050787,186.4652130450204,191.4652130450204,186.4652130450204,192.4652130450204,0.011492057611435742,379.03221575075446,0.0022623654417562034,74.61756764719667,-2.0000000000000187,-0.001131182720878091,True
3567,1121.0268844561397,190.47761245516404,196.47761245516404,190.47761245516404,197.47761245516404,0.013469133300114736,444.2403276767897,0.002204795810307896,72.71880019356917,-2.0000000000000036,-0.0011023979051539461,True
3568,1121.2779425373508,185.49002501888208,191.49002501888208,187.49002501888208,193.49002501888208,0.013825596095504301,455.9972199355586,-0.00014518235057962847,-4.788419088096134,0.03166452392711825,-0.004585016054995568,True
3569,1121.5289630243408,179.5024507403682,186.5024507403682,183.5024507403682,189.5024507403682,0.016614160678856776,547.969941316662,-0.0026411986090435127,-87.11228179254698,0.3201108646034794,-0.008250887117858869,True
3570,1121.7799458927384,190.51488962380063,198.51488962380063,195.51488962380063,201.51488962380063,0.017864163140491225,589.197649943508,-0.004736859233461897,-156.2315741588223,0.5332809182837186,-0.00888248401744195,True
3571,1122.0308911181721,184.52734167334143,191.52734167334143,187.52734167334143,193.52734167334143,0.016170055583193368,533.3224217751659,-0.002492321724915446,-82.20200922229998,0.43286675548692716,-0.005757711104683611,True
3572,1122.2817986762711,187.53980689313744,195.53980689313744,190.53980689313744,195.53980689313744,0.018141717472227002,598.3519752093634,-0.006892256250395808,-227.3210983131449,2.000000000000003,-0.0034461281251978986,True
3573,1122.5326685426633,193.5522852873196,200.5522852873196,194.5522852873196,201.5522852873196,0.015429311683607774,508.89113096050875,-7.792150998014828e-05,-2.570015186230023,0.03543380879284477,-0.0021990723728204783,True
3574,1122.7835006929777,188.56477686000267,195.56477686000267,189.56477686000267,196.56477686000267,0.015830065267596644,522.1088265242869,-8.20115605049028e-05,-2.704913649616401,0.03635156744246513,-0.002256066691889017,True
3575,1123.0342951028426,190.5772816152862,196.5772816152862,191.5772816152862,200.5772816152862,0.013462197195602633,444.0115603706386,0.0064755373644178535,213.57683353150702,-1.1750955883186365,-0.005510647328429898,True
3576,1123.2850517478876,190.58979955725385,196.58979955725385,193.58979955725385,198.58979955725385,0.013461326560942606,443.9828450095208,-0.002386859256099121,-78.72363532394621,0.427034156224612,-0.005589387221858847,True
3577,1123.53577060374,182.60233068997331,188.60233068997331,186.60233068997331,190.60233068997331,0.014040738854373928,463.09308034230935,-0.004829595800979964,-159.29022108315695,0.6903417199820806,-0.006995949485865243,True
3578,1123.7864516460295,193.61487501749662,198.61487501749662,197.61487501749662,201.61487501749662,0.011073051158031526,365.21250218704705,-0.002370112258567418,-78.17128414400628,0.3079725430096268,-0.007695855725987013,True
3579,1124.0370948503844,184.6274325438601,191.6274325438601,187.6274325438601,193.6274325438601,0.016161450519107768,533.0386086742121,-0.002490899480323508,-82.15510060617146,0.43284943708171686,-0.005754655699952442,True
3580,1124.2877001924332,184.6400032730844,192.6400032730844,186.6400032730844,193.6400032730844,0.018420677782380875,607.5526725987434,-0.0024303298745462637,-80.15738769338088,0.7016431150193946,-0.003463769290288105,True
3581,1124.5382676478048,185.65258720917382,194.65258720917382,188.65258720917382,196.65258720917382,0.020559174656322034,678.0847945139166,-0.0025222757452451963,-83.18995577461544,0.44245624574579845,-0.005700621856956006,True
3582,1124.7887971921277,181.6651843561176,187.6651843561176,183.6651843561176,190.6651843561176,0.014112005871038539,465.44361635158356,0.0021325527528142287,70.336072306164,-0.36632915201975597,-0.0058214115394759,True
3583,1125.0392888010306,180.67779471788867,183.67779471788867,179.67779471788867,186.67779471788867,0.007151875405621102,235.8838837588479,0.009446377763148689,311.5613944383613,-4.084361270538265,-0.002312816408109702,True
3584,1125.2897424501418,185.69041829844423,189.69041829844423,184.69041829844423,190.69041829844423,0.009255899679420013,305.27902686166254,0.004628606822773641,152.66118211321515,150.15162412215102,3.082621882936269e-05,True
3585,1125.5401581150907,178.70305510172625,183.70305510172625,179.70305510172625,186.70305510172625,0.011984401712893314,395.27075909929965,0.004611562300249042,152.0990179336269,-0.9751119571176946,-0.004729264436342496,True
3586,1125.790535771505,186.7157051316599,192.7157051316599,187.7157051316599,194.7157051316599,0.013736259301335041,453.0507046824199,0.0021641132519351763,71.37700390575071,-0.6361639837618006,-0.003401816681193142,True
3587,1126.0408753950142,183.7283683921553,188.7283683921553,185.7283683921553,190.7283683921553,0.011660967045777852,384.60320393447074,-0.0001239169853817796,-4.0870426451456865,0.02670586275136245,-0.004640066734989033,True
3588,1126.2911769612463,195.74104488710623,200.74104488710623,196.74104488710623,202.74104488710623,0.010954278086806745,361.29511664304727,0.002092428758053811,69.01269862035184,-0.6419899857682881,-0.003259285665569597,True
3589,1126.5414404458306,185.75373462039124,193.75373462039124,187.75373462039124,193.75373462039124,0.0183125282155118,603.9856725584652,-0.0046510302306646874,-153.40075323833463,1.999999999999989,-0.0023255151153323567,True
3590,1126.791665824395,180.7664375958725,186.7664375958725,182.7664375958725,186.7664375958725,0.014181035712351343,467.7203656153253,-0.004778647470420835,-157.60983805049506,2.0000000000000013,-0.0023893237352104156,True
3591,1127.0418530725688,179.7791538173965,184.7791538173965,182.7791538173965,186.7791538173965,0.011913641994289022,392.93695484636964,-0.0025119008610212136,-82.84777028542499,0.42349349609169196,-0.0059313800192987,True
3592,1127.2920021659802,183.791883288794,189.791883288794,187.791883288794,190.791883288794,0.013951307348508243,460.1434412983433,-0.007068229768993727,-233.12507484396676,1.2152294806295216,-0.005816374505111736,True
3593,1127.5421130802579,182.8046260138799,187.8046260138799,184.8046260138799,187.8046260138799,0.011719103929381022,386.5206805565011,-0.0047256565451208495,-155.86208594984865,1.9999999999999876,-0.0023628282725604395,True
3594,1127.792185791031,186.81738199645292,191.81738199645292,187.81738199645292,192.81738199645292,0.011470677551968492,378.3270564497176,-6.027826071454412e-05,-1.9881037402300876,0.026341229027736227,-0.002288361740869175,True
3595,1128.0422202739276,184.83015124029635,189.83015124029635,185.83015124029635,191.83015124029635,0.01159237486443715,382.34088961654805,0.0022083139802939467,72.83483683472508,-0.640551749324596,-0.003447518459862789,True
3596,1128.2922165045766,183.84293374917752,190.84293374917752,186.84293374917752,193.84293374917752,0.016229142334739568,535.271227038532,-0.00025584607621587097,-8.438341369150407,0.037069401603870164,-0.0069018129547891004,True
3597,1128.5421744586065,178.85572952684743,185.85572952684743,182.85572952684743,188.85572952684743,0.01667309694113057,549.913783127503,-0.002651504795190303,-87.45220147475158,0.3202314614254395,-0.008279963447025836,True
3598,1128.792094111646,179.86853857704182,185.86853857704182,181.86853857704182,188.86853857704182,0.014250678187171096,470.017320819851,0.0021513646747350432,70.95652903282388,-0.36599951915028484,-0.005878053281954343,True
3599,1129.041975439324,176.8813609034803,181.8813609034803,178.8813609034803,183.8813609034803,0.01210612410490284,399.2854194421038,-0.00013350507551630059,-4.403278011464238,0.027719618276892972,-0.004816266738694241,True
3600,1129.2918184172688,182.89419650986656,188.89419650986656,185.89419650986656,186.89419650986656,0.014018690161707596,462.3658681129335,-0.011688706011292963,-385.51809332306595,9.568720723107587,-0.0012215536799047551,True
3601,1129.5416230211092,184.90704539988837,190.90704539988837,188.90704539988837,191.90704539988837,0.013868497140207792,457.4121865657124,-0.0070257335408595275,-231.72345991517224,1.2151401955705654,-0.00578182959173745,True
3602,1129.7913892264737,182.91990757721783,187.91990757721783,186.91990757721783,189.91990757721783,0.011711816899379456,386.2803389900799,-0.004796884249119629,-158.2113253447706,0.6856470468746626,-0.006996142214839156,True
3603,1130.0411170089913,179.93278304551063,185.93278304551063,182.93278304551063,186.93278304551063,0.014245672570098063,469.85222504722776,-0.004851742355422659,-160.0206609996177,1.0202653443890501,-0.00475537308221319,True
3604,1130.29080634429,181.94567180840727,188.94567180840727,185.94567180840727,190.94567180840727,0.016395219067394395,540.7487867664056,-0.0048714743524503334,-160.67146373725313,0.6950701864699459,-0.007008607831665315,True
3605,1130.5404572079992,179.9585738695314,186.9585738695314,183.9585738695314,187.9585738695314,0.016572843751286898,546.607222199309,-0.007230736652065754,-238.48489342895584,1.218912141927951,-0.005932122917923281,True
3606,1130.790069575747,184.97148923249188,189.97148923249188,185.97148923249188,191.97148923249188,0.011583634136217746,382.05260202730216,0.002206730984092832,72.78262629263418,-0.6405714510062958,-0.0034449412015259227,True
3607,1131.0396434231625,188.98441790088077,194.98441790088077,192.98441790088077,196.98441790088077,0.013573908983176751,447.69604993737744,-0.004664279826988298,-153.83775277507067,0.6895632762786179,-0.006764107062313591,True
3608,1131.289178725874,188.99735987827466,193.99735987827466,190.99735987827466,195.99735987827466,0.011340082115203076,374.0197444401715,-0.0001172248642994627,-3.8663224253498925,0.02597484960961716,-0.004513014167984261,True
3609,1131.5386754595102,181.01031516823377,186.01031516823377,183.01031516823377,188.01031516823377,0.011833704053064796,390.3004335192731,-0.00012759554462280116,-4.208369261060625,0.027099286716072656,-0.004708446608195186,True
3610,1131.7881335996997,183.02328377430285,189.02328377430285,188.02328377430285,191.02328377430285,0.014008960474788182,462.04496258702,-0.007134287213836797,-235.30378822430933,0.8766476744084555,-0.008138146512110322,True
3611,1132.0375531220714,180.0362657000103,187.0362657000103,185.0362657000103,190.0362657000103,0.016565826680932056,546.3757844694783,-0.0049861940951463485,-164.45516198648193,0.5302339819252571,-0.00940376185819266,True
3612,1132.2869340022537,186.049260948869,193.049260948869,190.049260948869,195.049260948869,0.01604019415708614,529.0393189799804,-0.00476207015550234,-157.06308335980316,0.6944626947627938,-0.006857200813542491,True
3613,1132.5362762158752,179.06226952437555,186.06226952437555,183.06226952437555,189.06226952437555,0.01665422937356445,549.2914910904968,-0.002648204714404667,-87.34335787383782,0.3201928552324016,-0.008270655235209897,True
3614,1132.7855797385646,176.0752914300108,182.0752914300108,182.0752914300108,186.0752914300108,0.014552597874336418,479.97526672252127,-0.005114903779795321,-168.70027792747192,0.42641446685441486,-0.011995145984438741,True
3615,1133.0348445459506,176.08832666923922,181.08832666923922,180.08832666923922,184.08832666923922,0.012159889223345868,401.0587060599227,-0.0026192018938546793,-86.38678388963302,0.3101337224817668,-0.00844539533751821,True
3616,1133.2840706136622,188.1013752455101,191.1013752455101,189.1013752455101,194.1013752455101,0.00687184165830625,226.64778215558815,0.0044620835243744245,147.16889370843282,-0.9841908771708187,-0.004533758265674285,True
3617,1133.5332579173273,184.11443716225563,188.11443716225563,184.11443716225563,190.11443716225563,0.009334282860802352,307.8642689411468,0.004592970650343333,151.48582624102613,-2.000000000000006,-0.002296485325171659,True
3618,1133.782406432575,190.12751242289323,195.12751242289323,189.12751242289323,196.12751242289323,0.011273541951218005,371.8251099678745,0.00451026769774758,148.7581090269822,128.41776465596536,3.51218362181487e-05,True
3619,1134.031516135034,191.14060103082352,196.14060103082352,194.14060103082352,198.14060103082352,0.011214554479035802,369.87957914661337,-0.002357448253275057,-77.75359863036363,0.4221263334645903,-0.00558469838620672,True
3620,1134.2805870003328,185.1537029894314,189.1537029894314,188.1537029894314,193.1537029894314,0.009282445564888098,306.1545659625126,0.002107823001846766,69.52043313856774,-0.26235371316971595,-0.008034279280366886,True
3621,1134.5296190041001,185.16681830208563,191.16681830208563,187.16681830208563,193.16681830208563,0.013849347797914956,456.7806010059428,-0.00014567902464467618,-4.804800442745318,0.031718627327028244,-0.004592854007920431,True
3622,1134.7786121219647,193.17994697213953,199.17994697213953,195.17994697213953,200.17994697213953,0.013283569894682566,438.1200565207157,-0.0022981956991364356,-75.79932484899098,0.6913831111383157,-0.003324055306113294,True
3623,1135.0275663295547,186.19308900292936,190.19308900292936,187.19308900292936,193.19308900292936,0.009231174964715637,304.4635538006086,0.0044706006550499534,147.44980658069107,-0.9800608442320898,-0.004561554194681471,True
3624,1135.2764816024992,186.20624439777635,190.20624439777635,187.20624439777635,194.20624439777635,0.00923052966787335,304.44227055436863,0.006712329342006199,221.38673067716707,-1.1812792246580046,-0.0056822546286205144,True
3625,1135.525357916427,183.21941315998538,188.21941315998538,184.21941315998538,190.21941315998538,0.011692927227919009,385.6573179201774,0.0022265157805548205,73.43517046659503,-0.6403251022978603,-0.0034771646036751984,True
3626,1135.7741952469664,188.23259529284496,196.23259529284496,191.23259529284496,197.23259529284496,0.018076317495646387,596.1949465142818,-0.004659547112428214,-153.68165790095162,1.026939236451892,-0.004537315302633776,True
3627,1136.022993569746,182.24579079962837,191.24579079962837,186.24579079962837,192.24579079962837,0.02093437886307062,690.4598179128075,-0.007164005485107629,-236.283959277129,1.225253640594017,-0.0058469571097413235,True
3628,1136.2717528603946,188.25899968359204,196.25899968359204,191.25899968359204,198.25899968359204,0.01807383422075951,596.113042888794,-0.002462803620805856,-81.2284401031992,0.437075596622836,-0.005634731473995043,True
3629,1136.5204730945409,182.27222194797673,187.27222194797673,184.27222194797673,191.27222194797673,0.011752875559167469,387.6345398931209,0.004439154814819005,146.41265667230385,-0.6379047161855703,-0.006958962212042383,True
3630,1136.7691542478135,182.28545759600752,189.28545759600752,186.28545759600752,193.28545759600752,0.016365226503950676,539.7595689811758,-0.00034499962957576513,-11.37881295523323,0.03727940211986813,-0.009254430327676765,True
3631,1137.017796295841,173.29870663089264,180.29870663089264,175.29870663089264,183.29870663089264,0.017197289847040272,567.2027669914604,0.002183398869148097,72.01308409882768,-0.359401908983746,-0.00607508979382422,True
3632,1137.266399214252,184.31196905582487,189.31196905582487,186.31196905582487,191.31196905582487,0.01162453382336228,383.40155967840894,-0.0001231479127720165,-4.061677013923941,0.026622874699080347,-0.004625642954187456,True
3633,1137.5149629786754,178.32524487398064,184.32524487398064,181.32524487398064,184.32524487398064,0.014371990469929896,474.0184548975375,-0.007245443574231863,-238.96995863520303,1.9999999999999858,-0.0036227217871159572,True
3634,1137.7634875647393,181.33853408852087,186.33853408852087,183.33853408852087,187.33853408852087,0.011812573962236877,389.6035187093829,-0.002439210939674986,-80.45030388887716,0.6882555290456455,-0.0035440484481937466,True
3635,1138.0119729480732,180.35183670258948,186.35183670258948,183.35183670258948,188.35183670258948,0.014213108030717042,468.778178089422,-0.0025285132775045953,-83.39568269950871,0.4285297133740507,-0.00590043863608947,True
3636,1138.260419104305,186.36515271931535,193.36515271931535,192.36515271931535,196.36515271931535,0.01601350092534512,528.1589200893344,-0.007075482873709951,-233.36429748316823,0.6920497871667238,-0.010223950653430914,True
3637,1138.5088260090636,180.3784821418103,187.3784821418103,182.3784821418103,188.3784821418103,0.016534988546971715,545.3586779912637,-0.0024772922360591625,-81.70630508859199,0.6977850171848107,-0.00355022274059955,True
3638,1138.7571936379777,179.39182497317097,188.39182497317097,183.39182497317097,189.39182497317097,0.02125940518446515,701.179869181337,-0.007278148563173787,-240.04863791474526,1.2256386259685876,-0.00593824999389365,True
3639,1139.0055219666756,185.4051812164771,191.4051812164771,188.4051812164771,193.4051812164771,0.013831823177001447,456.2026021723457,-0.00245656065815591,-81.02253407261145,0.4277713915489033,-0.005742695062568422,True
3640,1139.2538109707866,178.41855087479325,186.41855087479325,182.41855087479325,186.41855087479325,0.01904911997797834,628.2800171633532,-0.00962899370343493,-317.5844519984994,1.9999999999999913,-0.004814496851717486,True
3641,1139.5020606259386,174.4319339511669,180.4319339511669,177.4319339511669,183.4319339511669,0.014687408210207989,484.4215949640938,-0.000244249534722513,-8.05586305535411,0.03353387552202484,-0.0072836655745946045,True
3642,1139.750270907761,176.44533044863033,183.44533044863033,180.44533044863033,186.44533044863033,0.016896491956368276,557.2818202950999,-0.0026906289928821624,-88.74259975171981,0.3206884872285084,-0.008390163975437445,True
3643,1139.998441791882,176.45874037019894,183.45874037019894,179.45874037019894,185.45874037019894,0.01689523256885598,557.2402830477752,-0.002612541917193841,-86.16712386042337,0.43432557715517167,-0.006015169390451203,True
3644,1140.2465732539301,177.4721637188727,184.4721637188727,178.4721637188727,185.4721637188727,0.016800597539230695,554.1190208526731,-9.234793611884173e-05,-3.045829043904405,0.038573604327747854,-0.0023940707052986336,True
3645,1140.4946652695344,193.485600497635,200.485600497635,196.485600497635,201.485600497635,0.015434536009498212,509.063440209645,-0.0045212504829214625,-149.12034436727754,1.0225710658735043,-0.004421453563287852,True
3646,1140.7427178143232,183.4990507094535,190.4990507094535,185.4990507094535,190.4990507094535,0.016258993980294487,536.2557970555868,-0.00470786958639084,-155.2754346636426,2.000000000000025,-0.0023539347931953907,True
3647,1140.9907308639251,175.51251435727931,182.51251435727931,178.51251435727931,181.51251435727931,0.016984560252959954,560.1864978318118,-0.00974665456199222,-321.4651544309104,3.918643885789141,-0.002487251928489396,True
3648,1141.238704393969,173.52599144404758,179.52599144404758,174.52599144404758,180.52599144404758,0.014762799394299189,486.9081546838889,-8.317440458164432e-05,-2.7432666915069603,0.0338935083508494,-0.0024539921840094755,True
