Index,Wavelength,Reference intensity,Sample intensity,Absorbance,Weak signal flag
1,171.0036843215852,101.18123892976382,94.18123892976382,0.031135593717407876,True
2,171.23380252856805,108.21817939208108,104.21817939208108,0.016356741186203647,True
3,171.46397004958132,112.25510465070784,110.25510465070784,0.007807393277844446,True
4,171.69418686025367,113.29201469477994,115.29201469477994,-0.0075999284098245004,True
5,171.92445293621375,111.32890951345053,108.32890951345053,0.01186358372845281,True
6,172.15476825309023,121.36578909588934,113.36578909588934,0.029614268603846833,True
7,172.3851327865117,117.40265343128226,113.40265343128226,0.015054696127648403,True
8,172.61554651210685,116.4395025088329,117.4395025088329,-0.0037138616050841414,True
9,172.8460094055043,110.47633631776102,113.47633631776102,-0.011636042298568825,True
10,173.07652144233273,115.51315484730344,116.51315484730344,-0.0037435165993990258,True
11,173.30708259822075,115.54995808671333,115.54995808671333,0.0,True
12,173.537692848797,121.58674602526139,117.58674602526139,0.01452786346283989,True
13,173.76835216969016,115.62351865223445,115.62351865223445,0.0,True
14,173.99906053652884,117.6602759569364,117.6602759569364,0.0,True
15,174.22981792494173,114.69701792868773,112.69701792868773,0.007639702236091794,True
16,174.46062431055742,121.73374455682597,116.73374455682597,0.018214564276258238,True
17,174.6914796690046,114.77045583070549,109.77045583070549,0.01934463886700519,True
18,174.92238397591188,119.80715173969702,115.80715173969702,0.014747363164636599,True
19,175.15333720690793,114.84383227318858,108.84383227318858,0.023303851811243503,True
20,175.38433933762138,120.88049742058479,117.88049742058479,0.01091427867177494,True
21,175.6153903436809,115.91714717130685,112.91714717130685,0.01138778695195076,True
22,175.8464902007151,116.95378151479326,116.95378151479326,0.0,True
23,176.07763888435264,113.99040044049866,115.99040044049866,-0.007553768468755523,True
24,176.3088363702222,119.02700393789519,118.02700393789519,0.003664119092155003,True
25,176.54008263395235,114.06359199647136,116.06359199647136,-0.00754896330051744,True
26,176.7713776511718,119.10016460573274,118.10016460573274,0.0036618587868842024,True
27,177.00272139750916,117.13672175520128,114.13672175520128,0.011267670938770565,True
28,177.2341138485931,120.17326343441641,116.17326343441641,0.014701665730023704,True
29,177.46555498005225,116.20978963293396,118.20978963293396,-0.0074107294479019035,True
30,177.69704476751525,124.24630034032634,121.24630034032634,0.010614970095931483,True
31,177.92858318661078,124.28279554618348,121.28279554618348,0.010611814653240507,True
32,178.16017021296744,125.31927524011166,125.31927524011166,0.0,True
33,178.39180582221388,122.3557394117338,118.3557394117338,0.014435022899263952,True
34,178.62348998997876,124.39218805069027,116.39218805069027,0.028869274554396567,True
35,178.85522269189076,122.42862114663762,116.42862114663762,0.021823204094406645,True
36,179.08700390357845,124.4650386892497,124.4650386892497,0.0,True
37,179.31883360067053,121.5014406682169,124.5014406682169,-0.01059294941255579,True
38,179.55071175879564,129.53782707324672,125.53782707324672,0.013622000522226767,True
39,179.7826383535824,126.57419789406322,120.57419789406322,0.021090802415863235,True
40,180.01461336065947,125.61055312040753,121.61055312040753,0.01405486423331415,True
41,180.2466367556555,122.64689274203738,117.64689274203738,0.01807608863992041,True
42,180.47870851419913,125.68321674872777,119.68321674872777,0.021244034257071043,True
43,180.710828611919,123.71952513026986,121.71952513026986,0.007077995034796628,True
44,180.94299702444374,129.75581787647207,126.75581787647207,0.010158937627521649,True
45,181.17521372740205,125.7920949771601,124.7920949771601,0.003466274448156766,True
46,181.40747869642252,127.8283564221756,128.8283564221756,-0.003384261216132486,True
47,181.63979190713383,129.8646022013777,126.86460220137769,0.01015032751374253,True
48,181.8721533351646,130.90083230464234,128.90083230464234,0.006686686352241311,True
49,182.10456295614347,126.93704672186186,127.93704672186186,-0.0034079313793793074,True
50,182.33702074569914,134.97324544294588,131.97324544294588,0.009761793801929798,True
51,182.56952667946018,133.00942845782106,126.00942845782106,0.02347938556176802,True
52,182.80208073305528,138.0455957564302,132.0455957564302,0.01929863500555661,True
53,183.0346828821131,136.08174732873385,131.08174732873385,0.016257655181916165,True
54,183.26733310226223,136.11788316470847,137.11788316470847,-0.0031789134109227084,True
55,183.50003136913136,134.15400325434848,131.15400325434848,0.009822085634851435,True
56,183.7327776583491,142.19010758766422,135.19010758766422,0.021924469157375892,True
57,183.96557194554416,136.2261961546833,131.2261961546833,0.016240089836382365,True
58,184.1984142063451,139.26226894545016,138.26226894545016,0.0031297871157346716,True
59,184.4313044163806,135.29832595002608,133.29832595002608,0.006467727806993761,True
60,184.66424255127936,139.33436715848939,133.33436715848939,0.01911614544119765,True
61,184.89722858666994,136.37039256093522,127.37039256093522,0.029651603352463807,True
62,185.13026249818105,140.4064021474751,134.4064021474751,0.018966955030487728,True
63,185.36334426144128,137.44239590823827,133.44239590823827,0.012826886255296462,True
64,185.59647385207933,138.47837383337037,136.47837383337037,0.00631811577964358,True
65,185.8296512457238,134.51433591303407,135.51433591303407,-0.0032166692844954347,True
66,186.06287641800333,138.55028213740843,137.55028213740843,0.003145928963051632,True
67,186.29614934454662,140.58621249669022,135.58621249669022,0.0157272016540967,True
68,186.52947000098226,143.62212698109238,141.62212698109238,0.006090241509918468,True
69,186.76283836293894,147.65802558084533,139.65802558084533,0.024191159029302137,True
70,186.99625440604527,152.69390828619612,140.69390828619612,0.03554641733428415,True
71,187.22971810592992,143.72977508740837,139.72977508740837,0.01225778597823316,True
72,187.4632294382215,144.76562597476322,140.76562597476322,0.012168836653176576,True
73,187.6967883785487,145.80146093855797,143.80146093855797,0.0059985774113924745,True
74,187.93039490254014,149.8372799691076,146.8372799691076,0.008783549605442394,True
75,188.16404898582445,146.87308305674355,147.87308305674355,-0.002946916351742922,True
76,188.3977506040303,146.908870191814,144.908870191814,0.005953048383956363,True
77,188.63149973278635,147.94464136468446,146.94464136468446,0.0029454861338462355,True
78,188.86529634772123,151.980396565737,145.980396565737,0.01749303428291371,True
79,189.09914042446354,152.01613578537103,145.01613578537103,0.020473360281243077,True
80,189.333031938642,154.05185901400205,148.05185901400205,0.01725307853338855,True
81,189.5669708658852,150.08756624206353,148.08756624206353,0.005826119588817345,True
82,189.8009571818218,154.12325746000488,152.12325746000488,0.005672562920434481,True
83,190.03499086208046,153.158932658293,150.158932658293,0.008591158528533566,True
84,190.2690718822898,158.1945918274116,154.1945918274116,0.011122490587079351,True
85,190.5032002180785,154.23023495786128,152.23023495786128,0.005668602515200255,True
86,190.73737584507518,160.26586204015916,161.26586204015916,-0.0027014185516857168,True
87,190.97159873890848,162.30147306484014,157.30147306484014,0.013589671910486122,True
88,191.20586887520705,164.33706802245501,159.33706802245501,0.013418712947114695,True
89,191.44018622959956,160.37264690357233,152.37264690357233,0.022223285313587575,True
90,191.67455077771461,162.40820969877723,152.40820969877723,0.02759961738630005,True
91,191.9089624951809,165.44375639867167,155.44375639867167,0.027077099452318013,True
92,192.14342135762703,172.47928699387467,171.47928699387467,0.002525279137578907,True
93,192.37792734068165,170.5148014750223,163.5148014750223,0.018205012320431414,True
94,192.61248041997345,176.550299832767,169.550299832767,0.017569897334458424,True
95,192.84708057113102,173.58578205777872,173.58578205777872,0.0,True
96,193.08172776978301,180.62124814074423,179.62124814074423,0.002411129180485685,True
97,193.31642199155812,179.6566980723669,177.6566980723669,0.004861827428435554,True
98,193.55116321208493,179.69213184336763,178.69213184336763,0.002423631018549707,True
99,193.7859514069921,180.72754944448366,181.72754944448366,-0.002396410397707799,True
100,194.0207865519083,189.76295086646928,186.76295086646928,0.006920697942876948,True
101,194.25566862246217,186.79833610009587,186.79833610009587,0.0,True
102,194.49059759428232,192.83370513615182,189.83370513615182,0.006809621639511893,True
103,194.72557344299744,189.86905796544238,186.86905796544238,0.006916799392641716,True
104,194.96059614423615,192.9043945787896,191.9043945787896,0.0022572013517921236,True
105,195.19566567362713,187.9397149670324,189.9397149670324,-0.004597218083948411,True
106,195.43078200679898,196.9750191210269,189.9750191210269,0.015714654415657323,True
107,195.66594511938035,195.01030703164588,189.01030703164588,0.013572078488154643,True
108,195.9011549869999,204.04557868977963,195.04557868977963,0.019591078676539923,True
109,196.13641158528628,197.08083408633456,192.08083408633456,0.011160358708658235,True
110,196.37171488986812,205.1160732122346,201.1160732122346,0.008552912855468919,True
111,196.6070648763741,201.15129605842048,192.15129605842048,0.01987951704149694,True
112,196.8424615204328,206.18650261585003,196.18650261585003,0.021591106927002647,True
113,197.07790479767291,201.2216928754974,198.2216928754974,0.00652361756489663,True
114,197.3133946837231,203.2568668283543,198.2568668283543,0.01081698823371443,True
115,197.54893115421194,199.29202446542945,194.29202446542945,0.011034945352015426,True
116,197.78451418476814,204.32716577774818,199.32716577774818,0.010759619352493017,True
117,198.02014375102033,205.36229075635265,197.36229075635265,0.01725652281255608,True
118,198.25581982859714,208.3973993923023,204.3973993923023,0.008416929223441715,True
119,198.49154239312722,206.43249167667364,198.43249167667364,0.01716526884440445,True
120,198.72731142023923,211.46756760055973,196.46756760055973,0.0319529015302492,True
121,198.9631268855618,208.50262715507074,197.50262715507074,0.023538654569082516,True
122,199.19898876472357,205.53767033133386,201.53767033133386,0.008535195664431897,True
123,199.4348970333532,202.57269712049333,198.57269712049333,0.008661375808935615,True
124,199.67085166707932,206.60770751371,201.60770751371,0.010639387590276276,True
125,199.9068526415306,204.6427015021618,200.6427015021618,0.008572893686705253,True
126,200.14289993233567,213.67767907704388,205.67767907704388,0.016571994856467945,True
127,200.37899351512317,212.71264022956825,204.71264022956825,0.016648638643356514,True
128,200.61513336552173,215.74758495096353,207.74758495096353,0.016409959134342397,True
129,200.85131945916004,215.7825132324756,211.7825132324756,0.008126149254442154,True
130,201.0875517716667,217.81742506536762,212.81742506536762,0.010085435469897692,True
131,201.32383027867039,215.8523204409189,208.8523204409189,0.014317416910155837,True
132,201.56015495579976,218.8871993504265,210.8871993504265,0.016170145235549254,True
133,201.7965257786834,218.92206178520382,212.92206178520382,0.012068866711257528,True
134,202.03294272295,220.9569077365818,214.9569077365818,0.011956177456720762,True
135,202.2694057642282,217.99173719590772,212.99173719590772,0.010077276588298708,True
136,202.50591487814663,221.0265501545466,216.0265501545466,0.009937314935668544,True
137,202.74247004033396,225.06134660387966,217.06134660387966,0.015718420089465356,True
138,202.97907122641882,230.09612653530553,221.09612653530553,0.017328173686910392,True
139,203.21571841202984,224.1308899402395,220.1308899402395,0.007820726206724807,True
140,203.4524115727957,227.1656368101144,224.1656368101144,0.00577359784552029,True
141,203.689150684345,228.2003671363791,223.2003671363791,0.009621434164605716,True
142,203.92593572230646,236.23508091050053,221.23508091050053,0.028490397289886,True
143,204.16276666230863,236.26977812396194,223.26977812396194,0.024578232663609152,True
144,204.39964347998023,235.30445876826343,224.30445876826343,0.020792250010609883,True
145,204.63656615094988,233.33912283492236,223.33912283492236,0.019022754828072058,True
146,204.87353465084618,237.37377031547317,231.37377031547317,0.011118604325955768,True
147,205.11054895529784,234.40840120146686,219.40840120146686,0.028719919948068065,True
148,205.3476090399335,240.44301548447174,227.44301548447174,0.02413956129521858,True
149,205.58471488038177,236.47761315607318,226.47761315607318,0.01876475390561933,True
150,205.8218664522713,232.5121942078731,227.5121942078731,0.009441055644738617,True
151,206.05906373123076,231.54675863149055,221.54675863149055,0.019173305373837747,True
152,206.2963066928888,238.581306418562,227.581306418562,0.020499826216504258,True
153,206.53359531287404,240.61583756074037,229.61583756074037,0.020322369757470787,True
154,206.7709295668151,247.65035204969558,235.65035204969558,0.021570856784225854,True
155,207.00830943034072,242.68484987711486,232.68484987711486,0.01827455814198115,True
156,207.24573487907944,246.71933103470224,235.71933103470224,0.01980797889943488,True
157,207.48320588865994,241.7537955141786,238.7537955141786,0.005423016823200541,True
158,207.7207224347109,248.78824330728185,239.78824330728185,0.016001967508848965,True
159,207.9582844928609,244.8226744057672,233.8226744057672,0.01996501423515073,True
160,208.19589203873866,246.85708880140623,235.85708880140623,0.01979666931539259,True
161,208.43354504797279,243.89148648598825,236.89148648598825,0.012647187541159515,True
162,208.67124349619192,247.9258674513187,236.9258674513187,0.01970936205984571,True
163,208.9089873590247,244.9602316892208,237.9602316892208,0.012591201017872849,True
164,209.1467766120998,253.99457919153429,249.99457919153429,0.006893856248867451,True
165,209.38461123104585,250.02890995011603,241.02890995011603,0.015921090817888284,True
166,209.6224911914915,249.06322395683992,240.06322395683992,0.01598397124032911,True
167,209.86041646906537,248.09752120359644,239.09752120359644,0.016047351486357803,True
168,210.09838703939613,253.13180168229383,246.13180168229383,0.012178979521101108,True
169,210.3364028781124,251.16606538485644,245.16606538485644,0.010500605031445566,True
170,210.57446396084288,256.20031230322616,248.20031230322616,0.013777331182408868,True
171,210.81257026321617,254.23454242936168,247.23454242936168,0.01212540889770441,True
172,211.0507217608609,264.2687557552388,251.26875575523877,0.02190733073878049,True
173,211.28891842940578,255.30295227285023,247.30295227285023,0.013826535981341686,True
174,211.52716024447938,259.3371319742057,248.3371319742057,0.018823042464506546,True
175,211.7654471817104,260.37129485133164,254.37129485133164,0.010125002158383318,True
176,212.00377921672748,264.4054408962718,252.40544089627178,0.020171675351952977,True
177,212.24215632515921,260.43957010108693,248.43957010108693,0.020486200727434165,True
178,212.48057848263431,264.4736824578547,251.4736824578547,0.021889920827450404,True
179,212.71904566478136,260.5077779586693,250.5077779586693,0.016999479800109192,True
180,212.95755784722905,265.5418565956429,258.5418565956429,0.011602124234845195,True
181,213.19611500560603,263.57591836090364,249.57591836090364,0.023703050522251416,True
182,213.4347171155409,266.6099632465971,254.6099632465971,0.020000980813319465,True
183,213.67336415266234,269.64399124488614,256.64399124488614,0.021459646235403643,True
184,213.91205609259902,270.67800234795004,261.67800234795004,0.014685746930450683,True
185,214.1507929109795,272.71199654798556,256.71199654798556,0.02625807849470856,True
186,214.38957458343248,276.74597383720584,263.74597383720584,0.020895472664201338,True
187,214.62840108558663,272.77993420784173,258.77993420784173,0.022881822183112768,True
188,214.86727239307055,275.8138776521405,262.8138776521405,0.020967820011945245,True
189,215.1061884815129,275.84780416236663,264.84780416236663,0.017673154606716132,True
190,215.34514932654236,275.8817137308017,267.8817137308017,0.012779846486418204,True
191,215.5841549037875,273.91560634974417,262.91560634974417,0.017800410837497754,True
192,215.823205188877,279.9494820115094,272.9494820115094,0.0109973937972057,True
193,216.06230015743955,274.98334070842975,266.98334070842975,0.01282222080571199,True
194,216.30143978510375,274.0171824328547,270.0171824328547,0.006386395213745349,True
195,216.54062404749823,271.0510071771507,267.0510071771507,0.006456805139793035,True
196,216.77985292025167,283.08481493370095,272.08481493370095,0.017212269364436303,True
197,217.01912637899272,279.11860569490614,265.11860569490614,0.02234857992635855,True
198,217.25844439934997,286.15237945318336,274.15237945318336,0.018605341952150137,True
199,217.49780695695213,281.186136200967,271.186136200967,0.01572642070954762,True
200,217.73721402742783,286.21987593070844,273.21987593070844,0.02018749934145278,True
201,217.97666558640566,287.25359863487597,274.25359863487597,0.020113143212467852,True
202,218.21616160951436,288.2873043059549,274.2873043059549,0.021619810936823785,True
203,218.45570207238248,287.3209929364475,269.3209929364475,0.028097151655809994,True
204,218.69528695063875,291.3546645188733,280.3546645188733,0.016714189181094477,True
205,218.93491621991174,291.3883190457682,272.3883190457682,0.029283658525673082,True
206,219.17458985583013,294.42195650968574,275.42195650968574,0.028971635318596433,True
207,219.41430783402257,294.45557690319606,275.45557690319606,0.02896821457398878,True
208,219.6540701301177,295.48918021888653,282.48918021888653,0.01953976485181463,True
209,219.89387671974418,291.52276644936114,278.52276644936114,0.01981177642641138,True
210,220.13372757853062,296.55633558724116,279.55633558724116,0.025637867548625598,True
211,220.3736226821057,293.5898876251649,278.5898876251649,0.022775744547376197,True
212,220.61356200609805,303.62342255578733,284.62342255578733,0.028064634810347815,True
213,220.8535455261363,297.65694037178105,288.65694037178105,0.01333400931877967,True
214,221.0935732178491,306.6904410658349,296.6904410658349,0.014396685887643057,True
215,221.33364505686512,296.7239246306549,291.7239246306549,0.007380516975383867,True
216,221.573761018813,306.75739105896446,296.75739105896446,0.014393491153957532,True
217,221.81392107932135,304.79084034350353,290.79084034350353,0.02042118882175931,True
218,222.05412521401888,304.8242724770291,290.8242724770291,0.020418895605435264,True
219,222.29437339853416,304.85768745231553,286.85768745231553,0.026430657933542406,True
220,222.53466560849589,312.89108526215387,292.89108526215387,0.028687036375167296,True
221,222.7750018195327,306.92446589935207,292.92446589935207,0.020275862040481228,True
222,223.0153820072732,312.95782935673515,299.95782935673515,0.01842561872654068,True
223,223.25580614734608,313.99117562714514,297.99117562714514,0.02271403931898482,True
224,223.49627421537997,314.0245047034409,301.0245047034409,0.018361688798666228,True
225,223.73678618700353,310.0578165784989,298.0578165784989,0.017142168708709465,True
226,223.97734203784537,315.09111124521155,301.09111124521155,0.01973821730933622,True
227,224.21794174353417,309.1243886964892,296.1243886964892,0.018659093341559983,True
228,224.45858527969855,314.1576489252586,303.1576489252586,0.015479107798455221,True
229,224.69927262196717,313.1908919244638,304.1908919244638,0.01266291733640169,True
230,224.94000374596868,322.2241176870655,309.2241176870655,0.01788468416236043,True
231,225.18077862733173,318.25732620604185,304.25732620604185,0.019537365397727317,True
232,225.42159724168494,321.29051747438734,306.29051747438734,0.020764356449100917,True
233,225.66245956465696,320.3236914851143,302.3236914851143,0.02511687890015734,True
234,225.90336557187644,322.3568482312512,305.3568482312512,0.023529236554269837,True
235,226.144315238972,317.3899877058441,304.3899877058441,0.01816285941165556,True
236,226.38530854157236,328.4231099019555,314.4231099019555,0.018919250282469432,True
237,226.6263454553061,322.4562148126654,308.4562148126654,0.019277226779909104,True
238,226.86742595580188,325.4893024310704,312.4893024310704,0.01770156500513858,True
239,227.10855001868836,326.5223727502844,312.5223727502844,0.019031830814540074,True
240,227.34971761959417,327.55542576343805,316.55542576343805,0.014835035927390945,True
241,227.59092873414795,328.58846146367887,317.58846146367887,0.014787593540071042,True
242,227.83218333797836,330.6214798441715,317.6214798441715,0.017421200574328187,True
243,228.07348140671402,322.654480898098,314.654480898098,0.010903780013144944,True
244,228.31482291598363,323.68746461865635,320.68746461865635,0.00404389680660026,True
245,228.55620784141576,330.7204309990627,315.7204309990627,0.020158338260011458,True
246,228.7976361586391,332.75338003254933,315.75338003254933,0.022774467405919756,True
247,229.0391078432823,323.78631171236566,314.78631171236566,0.012242645638092953,True
248,229.280622870974,329.8192260317785,319.8192260317785,0.013371400273935463,True
249,229.52218121734282,329.852122984071,312.852122984071,0.02298017721458676,True
250,229.76378285801744,336.88500256254383,316.88500256254383,0.026579991982500956,True
251,230.00542776862648,334.9178647605145,315.9178647605145,0.025364128328822816,True
252,230.2471159247986,341.95070957131725,325.95070957131725,0.020811578455826412,True
253,230.48884730216244,337.9835369883033,323.9835369883033,0.018372604145417328,True
254,230.73062187634665,340.01634700484124,320.01634700484124,0.026327633747714376,True
255,230.97243962297986,332.0491396143161,316.0491396143161,0.021447746880179527,True
256,231.21430051769073,334.08191481013046,323.08191481013046,0.014540318026873484,True
257,231.4562045361079,336.1146725857036,326.1146725857036,0.013117132293804304,True
258,231.69815165386,339.1474129344713,323.1474129344713,0.020987825170782556,True
259,231.9401418465757,337.18013584988717,319.18013584988717,0.023826126062480663,True
260,232.18217508988363,342.21284132542087,327.21284132542087,0.019465963111446903,True
261,232.42425135941244,342.2455293545602,325.2455293545602,0.02212644808866802,True
262,232.6663706307908,340.27819993080857,328.27819993080857,0.015592083361728484,True
263,232.9085328796473,342.31085304768726,325.31085304768726,0.022122116274750928,True
264,233.15073808161063,346.3434886987343,330.3434886987343,0.020541276277941063,True
265,233.3929862123094,343.3761068775045,326.3761068775045,0.02205171467776184,True
266,233.6352772473723,345.4087075775701,330.4087075775701,0.019281797533924755,True
267,233.87761116242797,341.4412907925198,329.4412907925198,0.015538008666507069,True
268,234.119987933105,343.47385651595937,334.47385651595937,0.011531508699500601,True
269,234.36240753503208,347.50640474151146,333.50640474151146,0.01785863466129674,True
270,234.60486994383785,348.5389354628162,333.5389354628162,0.019104762091344717,True
271,234.84737513515094,348.5714486735301,333.5714486735301,0.019102940310344388,True
272,235.08992308460003,347.6039443673267,338.6039443673267,0.011392683015426732,True
273,235.33251376781374,342.6364225378968,335.6364225378968,0.008964443538666681,True
274,235.57514716042067,348.66888317894814,335.66888317894814,0.016502107053354684,True
275,235.81782323804956,347.7013262842049,330.7013262842049,0.021770410610811967,True
276,236.06054197632898,351.7337518474087,337.7337518474087,0.017639579999060316,True
277,236.30330335088763,354.7661598623181,336.7661598623181,0.022613742322688327,True
278,236.5461073373541,354.7985503227085,342.7985503227085,0.014942860026071996,True
279,236.7889539113571,352.8309232223719,338.8309232223719,0.01758360195489869,True
280,237.03184304852522,356.86327855511786,345.86327855511786,0.013597407108071738,True
281,237.2747747244871,357.8956163147727,339.8956163147727,0.022410815508195552,True
282,237.51774891487142,359.92793649517944,347.92793649517944,0.014726255207361615,True
283,237.76076559530682,357.96023909019823,342.96023909019823,0.01859101622010726,True
284,238.00382474142194,357.99252409370615,348.99252409370615,0.011057833563788208,True
285,238.2469263288454,359.0247914995971,342.0247914995971,0.02106685184110209,True
286,238.4900703332059,363.0570413017824,351.0570413017824,0.014597175800733303,True
287,238.73325673013204,360.0892734941897,347.0892734941897,0.015968992230663316,True
288,238.97648549525246,361.1214880707637,346.1214880707637,0.018424769134033278,True
289,239.21975660419585,362.15368502546653,343.15368502546653,0.02340424162841061,True
290,239.46307003259082,364.18586435227667,350.18586435227667,0.01702447360172056,True
291,239.70642575606604,362.2180260451901,346.2180260451901,0.01962038357290292,True
292,239.94982375025012,367.25017009821886,344.25017009821886,0.02808784209405436,True
293,240.1932639907717,366.2822965053931,347.2822965053931,0.023133283710400833,True
294,240.4367464532595,365.3144052607588,349.3144052607588,0.019450302134430067,True
295,240.6802711133421,370.3464963583797,350.3464963583797,0.024110461701701277,True
296,240.92383794664812,373.37856979233584,355.37856979233584,0.021458152602000864,True
297,241.16744692880627,368.4106255567249,358.4106255567249,0.011951271043976513,True
298,241.4110980354452,370.4426636456608,354.4426636456608,0.019175006678004376,True
299,241.65479124219348,373.4746840532748,358.4746840532748,0.017802677890394213,True
300,241.89852652467982,379.5066867737146,359.5066867737146,0.023512459804027268,True
301,242.14230385853284,375.5386718011457,353.5386718011457,0.02621773993356603,True
302,242.3861232193812,379.5706391297497,359.5706391297497,0.02350838910272065,True
303,242.62998458285352,374.60258875372574,355.60258875372574,0.022605860381044392,True
304,242.87388792457847,375.63452066728905,357.63452066728905,0.02132606450696778,True
305,243.1178332201847,380.66643486467274,358.66643486467274,0.025853848800867538,True
306,243.3618204453008,380.6983313401263,363.6983313401263,0.019839664736464122,True
307,243.6058495755555,381.73021008791625,360.73021008791625,0.024574016608470473,True
308,243.84992058657738,385.762071102326,363.762071102326,0.025502110818501594,True
309,244.0940334539951,381.79391437765594,359.79391437765594,0.025775188322552607,True
310,244.33818815343733,389.82573990822334,366.82573990822334,0.02641070966472934,True
311,244.58238466053268,384.8575476883625,364.8575476883625,0.02317667341777679,True
312,244.8266229509098,385.8893377124243,366.8893377124243,0.021927688225285975,True
313,245.07090300019738,381.921109974777,364.921109974777,0.019774676671239503,True
314,245.315224784024,380.95286446980526,367.95286446980526,0.015079055271939274,True
315,245.55958827801834,385.984601191911,367.984601191911,0.020740333472561042,True
316,245.80399345780904,391.01632013551307,374.01632013551307,0.019304331265806555,True
317,246.04844029902478,388.0480212950472,370.0480212950472,0.020627386945737,True
318,246.29292877729415,391.0797046649657,370.0797046649657,0.02397000969670979,True
319,246.53745886824584,389.1113702397379,367.1113702397379,0.025276085766993105,True
320,246.78203054750844,389.1430180138507,369.1430180138507,0.02291458419049017,True
321,247.02664379071064,389.17464798180686,372.17464798180686,0.019397754988979804,True
322,247.27129857348106,388.20626013812694,370.20626013812694,0.02061877611625187,True
323,247.51599487144836,389.2378544773476,374.2378544773476,0.017067355369299125,True
324,247.7607326602412,390.2694309940232,380.2694309940232,0.011273120359099954,True
325,248.00551191548817,384.3009896827241,365.3009896827241,0.022020654080605988,True
326,248.250332612818,391.33253053803855,370.33253053803855,0.02395408849146698,True
327,248.49519472785926,393.364053554571,374.364053554571,0.021500529539945405,True
328,248.7400982362406,399.3955587269429,377.3955587269429,0.02460644622591849,True
329,248.98504311359073,395.4270460497926,374.4270460497926,0.023699158798767418,True
330,249.23002933553826,398.4585155177756,378.4585155177756,0.02236483109424051,True
331,249.47505687771184,396.48996712556414,380.48996712556414,0.017888992654553782,True
332,249.72012571574004,398.521400867847,379.521400867847,0.02121537787052363,True
333,249.96523582525163,394.5528167393304,376.5528167393304,0.020279247571401725,True
334,250.21038718187515,396.5842147347371,377.5842147347371,0.021321594050099257,True
335,250.4555797612393,389.61559484880695,376.61559484880695,0.01473803246979081,True
336,250.70081353897274,392.6469570762963,379.6469570762963,0.014622312822338775,True
337,250.94608849070406,391.67830141197874,382.67830141197874,0.010095675133345756,True
338,251.19140459206193,398.7096278506449,377.7096278506449,0.023498667753787065,True
339,251.43676181867502,394.74093638710156,380.74093638710156,0.01568259333078766,True
340,251.68216014617195,396.772227016173,382.772227016173,0.015600846166020473,True
341,251.92759955018136,395.8034997327004,377.8034997327004,0.020213653327147092,True
342,252.17308000633193,400.8347545315412,380.8347545315412,0.022228795437491452,True
343,252.41860149025226,396.8659914075706,377.8659914075706,0.02130607813206988,True
344,252.664163977571,402.8972103556798,378.8972103556798,0.026672852582961454,True
345,252.90976744391685,395.9284113707772,376.9284113707772,0.021357793265250946,True
346,253.1554118649184,399.9595944477885,382.9595944477885,0.0188631647826297,True
347,253.40109721620428,397.99075958165554,380.99075958165554,0.018958546309602253,True
348,253.64682347340317,400.02190676733744,380.02190676733744,0.02227514294096307,True
349,253.89259061214375,395.05303599980994,376.05303599980994,0.021406304487092163,True
350,254.13839860805462,401.084147274066,383.084147274066,0.019941316515562062,True
351,254.38424743676438,398.1152405851151,377.1152405851151,0.023534719330999727,True
352,254.63013707390178,402.1463159279838,379.1463159279838,0.025577254064824206,True
353,254.87606749509538,398.1773732977151,377.1773732977151,0.02353094559623923,True
354,255.12203867597387,405.2084126893694,382.2084126893694,0.02537821137199259,True
355,255.3680505921659,404.2394340980236,385.2394340980236,0.020907941027362636,True
356,255.61410321930006,399.2704375187718,379.2704375187718,0.02231816302373426,True
357,255.86019653300502,397.3014229467242,376.3014229467242,0.02358425993187314,True
358,256.1063305089095,404.33239037700855,382.33239037700855,0.024297441245085146,True
359,256.352505122642,398.36333980476934,376.36333980476934,0.024672051002442477,True
360,256.5987203498313,400.39427122516736,385.39427122516736,0.01658260033327325,True
361,256.844976166106,401.42518463338115,383.42518463338115,0.019923980419334866,True
362,257.0912725470947,403.4560800246054,382.4560800246054,0.023214695177551495,True
363,257.33760946842614,398.4869573940516,379.4869573940516,0.021217257167503764,True
364,257.58398690572886,400.5178167369486,383.5178167369486,0.018836295740964553,True
365,257.83040483463157,397.54865804854126,379.54865804854126,0.02012283155592406,True
366,258.0768632307629,402.5794813240925,388.5794813240925,0.015371771746552645,True
367,258.32336206975145,396.6102865588807,376.6102865588807,0.022471795997693007,True
368,258.569901327226,396.64107374820196,379.64107374820196,0.019024492052781866,True
369,258.81648097881504,398.6718428873687,381.6718428873687,0.0189254418190169,True
370,259.06310100014724,399.70259397171094,379.70259397171094,0.02229340266288925,True
371,259.3097613668514,396.7333269965743,380.7333269965743,0.017877790391531798,True
372,259.55646205455594,396.7640419573222,385.7640419573222,0.01221056239703387,True
373,259.8032030388896,398.79473884933486,379.79473884933486,0.021200475863847868,True
374,260.0499842954811,403.8254176680084,384.8254176680084,0.020929901520158438,True
375,260.29680579995903,398.85607840875673,385.85607840875673,0.014390868812638007,True
376,260.543667527952,405.88672106701006,392.88672106701006,0.014137492620584802,True
377,260.7905694550887,401.9173456382157,381.9173456382157,0.02216736625681796,True
378,261.03751155699774,402.94795211783753,385.94795211783753,0.018720212062732656,True
379,261.28449380930783,403.97854050135606,386.97854050135606,0.01867141349904381,True
380,261.5315161876475,406.0091107842693,386.0091107842693,0.02193822395734907,True
381,261.7785786676455,409.03966296209114,391.03966296209114,0.019544611964139143,True
382,262.02568122493045,409.07019703035303,390.07019703035303,0.020655070263916678,True
383,262.27282383513096,406.10071298460275,384.10071298460275,0.02418863865225937,True
384,262.5200064738757,405.13121082040516,386.13121082040516,0.02086079511627351,True
385,262.7672291167934,405.16169053334147,388.16169053334147,0.018615703911831892,True
386,263.0144917395125,407.1921521190104,385.1921521190104,0.02412196892690931,True
387,263.2617943176618,404.22259557302687,381.22259557302687,0.025441952470451917,True
388,263.5091368268699,407.25302089102274,387.25302089102274,0.021869500172206718,True
389,263.7565192427655,405.28342806864634,385.28342806864634,0.021978516514545143,True
390,264.00394154097717,415.3138171015637,395.3138171015637,0.021434385749536565,True
391,264.2514036971336,409.34418798545653,387.34418798545653,0.023991584643421417,True
392,264.4989056868634,409.37454071602406,390.37454071602406,0.02063934381223535,True
393,264.7464474857953,403.4048752889819,386.4048752889819,0.01869854521665577,True
394,264.99402906955777,404.43519170006266,392.43519170006266,0.013080992558481417,True
395,265.24165041377967,403.46548994501563,387.46548994501563,0.017573366029456708,True
396,265.48931149408946,409.49577001960665,394.49577001960665,0.016207069126863254,True
397,265.73701228611594,407.5260319196186,388.5260319196186,0.020735233197749378,True
398,265.98475276548766,408.5562756408515,390.5562756408515,0.019568265234850724,True
399,266.2325329078332,404.5865011791209,387.5865011791209,0.01864274558338292,True
400,266.4803526887814,406.61670853026044,391.61670853026044,0.016324007596858713,True
401,266.7282120839608,406.64689769011966,390.64689769011966,0.017433083691945912,True
402,266.97611106899996,412.6770686545656,397.6770686545656,0.01607978809730993,True
403,267.22404961952765,409.7072214194809,393.7072214194809,0.01730023807174721,True
404,267.4720277111725,410.7373559807661,392.7373559807661,0.0194619911148305,True
405,267.72004531956304,405.767472334338,390.767472334338,0.016358823930231175,True
406,267.9681024203281,406.79757047613,394.79757047613,0.013003879090322579,True
407,268.21619898909614,404.82765040209256,384.82765040209256,0.02200389873088099,True
408,268.46433500149595,414.8577121081926,390.8577121081926,0.025880482388313954,True
409,268.7125104331561,410.8877555904139,393.8877555904139,0.018350719002889208,True
410,268.96072525970527,410.9177808447571,392.9177808447571,0.01945325151219172,True
411,269.2089794567721,408.9477878672392,388.9477878672392,0.021776557501006835,True
412,269.4572729999852,411.97777665389435,388.97777665389435,0.024948999864101477,True
413,269.7056058649732,411.00774720077334,392.00774720077334,0.020555358078648146,True
414,269.9539780273649,410.03769950394326,394.03769950394326,0.017286013386112273,True
415,270.2023894627887,411.0676335594885,396.0676335594885,0.01614392932615592,True
416,270.4508401468734,412.09754936350964,397.09754936350964,0.016102825016842588,True
417,270.6993300552477,411.1274469121247,390.1274469121247,0.02276996568063553,True
418,270.9478591635401,413.15732620146764,397.15732620146764,0.017152879956209593,True
419,271.1964274473793,412.18718722768926,396.18718722768926,0.017194061419160606,True
420,271.445034882394,409.21702998695764,394.21702998695764,0.01621831736471324,True
421,271.69368144421276,410.246854475457,389.246854475457,0.022820148133182398,True
422,271.9423671084643,416.27666068938834,395.27666068938834,0.022480890094342842,True
423,272.1910918507771,412.3064486249698,395.3064486249698,0.01828622834378663,True
424,272.4398556467801,419.33621827843535,396.33621827843535,0.024498613099523225,True
425,272.6886584721017,414.3659696460368,393.3659696460368,0.022587295090919335,True
426,272.9375003023706,414.3957027240415,393.3957027240415,0.022585631561003884,True
427,273.18638111321553,412.4254175087344,393.4254175087344,0.020483008349829298,True
428,273.43530088026506,409.45511399641646,401.45511399641646,0.00856930510520245,True
429,273.68425957914786,409.48479218340594,396.48479218340594,0.01401124327006422,True
430,273.93325718549255,410.51445206603717,396.51445206603717,0.015069429955235334,True
431,274.1822936749278,413.5440936406617,398.5440936406617,0.01604544514390428,True
432,274.4313690230822,415.5737169036472,399.5737169036472,0.017051159116262902,True
433,274.6804832055845,411.6033218513787,395.6033218513787,0.01721894140670195,True
434,274.92963619806324,413.6329084802576,395.6329084802576,0.019322675016137138,True
435,275.17882797614715,415.6624767867013,392.6624767867013,0.024721419445749907,True
436,275.42805851546484,414.6920267671451,394.6920267671451,0.02146733208129347,True
437,275.67732779164487,413.7215584180401,396.7215584180401,0.018222350627826976,True
438,275.9266357803161,419.7510717358541,399.7510717358541,0.021202176913691844,True
439,276.1759824571069,413.7805667170719,396.7805667170719,0.01821969669998733,True
440,276.4253677976461,413.8100433581949,399.8100433581949,0.014947327444853427,True
441,276.67479177756235,416.83950165574106,394.83950165574106,0.023548272918556084,True
442,276.92425437248426,418.8689416062448,399.8689416062448,0.020160486215982286,True
443,277.1737555580404,411.8983632062575,398.8983632062575,0.013927811889457194,True
444,277.4232953098595,426.927766452347,403.927766452347,0.024050693199076,True
445,277.67287360357017,423.9571513410981,398.9571513410981,0.02639571112998492,True
446,277.9224904148011,422.9865178691116,399.9865178691116,0.024281171994845682,True
447,278.17214571918083,417.0158660330055,397.0158660330055,0.021344715797058635,True
448,278.4218394923381,423.04519582941407,403.04519582941407,0.021033018627557427,True
449,278.6715717099016,421.0745072549887,400.0745072549887,0.02221807008674342,True
450,278.9213423474999,417.10380030639703,401.10380030639703,0.01698737002093296,True
451,279.17115138076156,415.1330749803233,398.1330749803233,0.01815907820907862,True
452,279.4209987853154,417.16233127346845,395.16233127346845,0.023529546905578156,True
453,279.67088453678997,422.1915691825502,398.1915691825502,0.025417495982879925,True
454,279.9208086108139,424.2207887043023,399.2207887043023,0.026378798754125476,True
455,280.17077098301587,417.2499898354763,397.2499898354763,0.021332440004516156,True
456,280.42077162902456,419.2791725728389,399.2791725728389,0.021226632766704917,True
457,280.6708105244685,415.30833691317457,394.30833691317457,0.022534689723245793,True
458,280.92088764497646,420.33748285328375,400.33748285328375,0.021171864983630766,True
459,281.171002966177,416.36661038998386,396.36661038998386,0.021378832208254463,True
460,281.4211564636988,420.3957195201083,402.3957195201083,0.019004933111445264,True
461,281.67134811317055,417.4248102405081,393.4248102405081,0.025716514390645952,True
462,281.9215778902209,420.4538825480497,400.4538825480497,0.021165858524535567,True
463,282.1718457704783,416.4829364396171,398.4829364396171,0.019187483724305,True
464,282.4221517295716,419.5119719121103,400.5119719121103,0.020128856775693305,True
465,282.6724957431294,415.54098896244614,395.54098896244614,0.02142237398048672,True
466,282.9228777867803,414.569987587558,399.569987587558,0.016004998398783332,True
467,283.173297836153,415.5989677843959,396.5989677843959,0.02032288069093953,True
468,283.42375586687615,415.6279295499262,402.6279295499262,0.013800825981635081,True
469,283.6742518545783,414.65687288113213,397.65687288113213,0.018180375190906563,True
470,283.92478577488816,419.68579777501327,395.68579777501327,0.025573810323775845,True
471,284.17535760343446,415.7147042285858,397.7147042285858,0.01922373825944521,True
472,284.4259673158457,422.74359223888246,404.74359223888246,0.01889705159604033,True
473,284.6766148877506,416.77246180295265,399.77246180295265,0.018086140699593096,True
474,284.92730029477775,419.80131291786256,404.80131291786256,0.015801880084421616,True
475,285.17802351255585,416.8301455806941,400.8301455806941,0.016998743596991498,True
476,285.42878451671356,421.8589597885468,407.8589597885468,0.014657270177229075,True
477,285.67958328287943,418.8877555385359,398.8877555385359,0.0212469605428853,True
478,285.93041978668225,419.9165328277936,401.9165328277936,0.019027102633149644,True
479,286.18129400375057,417.94529165346853,398.94529165346853,0.020206093164745847,True
480,286.43220590971305,419.97403201272596,397.97403201272596,0.023367702688558357,True
481,286.6831554801983,420.0027539027474,395.0027539027474,0.026652014542887355,True
482,286.934142690835,422.0314573207313,401.0314573207313,0.022166383085482133,True
483,287.18516751725184,421.0601422638922,403.0601422638922,0.018974279016765114,True
484,287.4362299350774,430.0888087294618,410.0888087294618,0.02068022438647268,True
485,287.68732991994034,423.1174567146875,401.1174567146875,0.02318938057168616,True
486,287.93846744746935,423.14608621683374,401.14608621683374,0.023187768968597974,True
487,288.189642493293,424.17469723318163,401.17469723318163,0.02421122499892139,True
488,288.44085503303995,424.2032897610284,403.2032897610284,0.022049965325413826,True
489,288.6921050423389,423.23186379768777,405.23186379768777,0.018874769873363156,True
490,288.9433924968185,425.26041934049044,408.26041934049044,0.017717685785761713,True
491,289.1947173721073,418.28895638678296,404.28895638678296,0.014784520295486893,True
492,289.446079643834,421.3174749339289,403.3174749339289,0.01896243315956119,True
493,289.6974792876273,421.34597497930827,400.34597497930827,0.022203383031236205,True
494,289.94891627911574,421.3744565203174,401.3744565203174,0.021118474865708104,True
495,290.20039059392803,422.40291955436874,402.40291955436874,0.021065788285754207,True
496,290.4519022076928,425.43136407889233,404.43136407889233,0.021984676021388875,True
497,290.7034510960387,421.4597900913334,395.4597900913334,0.02765381501649002,True
498,290.9550372345944,421.48819758915465,398.48819758915465,0.02436995511932156,True
499,291.2066605989885,415.5165865698348,393.5165865698348,0.023625322188039602,True
500,291.4583211648496,421.5449570308692,403.5449570308692,0.01895197373307301,True
501,291.7100189078065,420.5733089697694,400.5733089697694,0.02115969942203947,True
502,291.96175380348774,426.60164238406355,406.60164238406355,0.020853394568362358,True
503,292.21352582752195,421.6299572712967,404.6299572712967,0.017873427254846554,True
504,292.4653349555378,427.65825362902956,402.65825362902956,0.026160252528121285,True
505,292.71718116316396,423.68653145483995,399.68653145483995,0.025325144709040216,True
506,292.96906442602904,424.714790746322,401.714790746322,0.024179563289529325,True
507,293.2209847197617,421.7430315010861,404.7430315010861,0.017868535232003394,True
508,293.4729420199906,424.771253716759,408.771253716759,0.016674771271771454,True
509,293.72493630234436,418.7994573909841,403.7994573909841,0.01584037930129584,True
510,293.97696754245163,421.8276425214217,405.8276425214217,0.01679341059904332,True
511,294.22903571594105,418.85580910574754,404.85580910574754,0.01476416787889709,True
512,294.4811407984413,420.8839571416545,405.8839571416545,0.015760486183869223,True
513,294.733282765581,420.91208662685153,398.91208662685153,0.02331420164743481,True
514,294.98546159298877,423.9401975590645,403.9401975590645,0.020987524317042795,True
515,295.2376772562933,420.96828993603526,401.96828993603526,0.020057588932322585,True
516,295.4899297311232,424.996363755522,400.996363755522,0.025244779822124874,True
517,295.74221899310714,426.0244190152996,398.0244190152996,0.029524775763301578,True
518,295.99454501787375,428.05245571315936,397.05245571315936,0.03264910650187636,True
519,296.2469077810517,422.08047384690894,399.08047384690894,0.024334782220723553,True
520,296.4993072582696,426.10847341437216,406.10847341437216,0.020878119386915948,True
521,296.75174342515606,427.13645441338963,404.13645441338963,0.02403861135696844,True
522,297.00421625733986,429.1644168418179,408.1644168418179,0.021788565388696206,True
523,297.25672573044955,423.1923606975306,402.1923606975306,0.022104002100228424,True
524,297.5092718201137,423.220285978417,401.220285978417,0.023183593181209057,True
525,297.7618545019611,421.2481926823832,401.2481926823832,0.02112496134080632,True
526,298.01447375162036,423.2760808073515,403.2760808073515,0.021021263519368182,True
527,298.2671295447201,418.3039503512607,401.3039503512607,0.018018531103624197,True
528,298.51982185688894,425.3318013120661,403.3318013120661,0.023065389394393038,True
529,298.77255066375557,426.3596336877388,402.3596336877388,0.025161676316970465,True
530,299.02531594094864,433.3874474762672,406.3874474762672,0.02793604340623272,True
531,299.2781176640967,420.415242675655,403.415242675655,0.017926149920124916,True
532,299.5309558088285,424.4430192839229,404.4430192839229,0.020962051373376936,True
533,299.78383035077263,431.47077729910825,404.47077729910825,0.028064237460940042,True
534,300.0367412655578,428.498516719264,408.498516719264,0.02075883899391829,True
535,300.28968852881263,425.52623754245974,407.52623754245974,0.018770768506190163,True
536,300.5426721161657,429.5539397667817,411.5539397667817,0.01859094313149083,True
537,300.79569200324573,428.58162339033197,403.58162339033197,0.026102162609026407,True
538,301.04874816568133,428.6092884112295,407.6092884112295,0.02181750647492635,True
539,301.30184057910117,427.63693482760914,409.63693482760914,0.018676100190575216,True
540,301.5549692191338,430.6645626376221,411.6645626376221,0.01959565399092233,True
541,301.80813406140805,425.69217183943647,404.69217183943647,0.021970860199809497,True
542,302.0613350815524,427.7197624312357,410.7197624312357,0.01761371680843222,True
543,302.31457225519557,426.74733441122066,409.74733441122066,0.01765468009194412,True
544,302.56784555796617,428.77488777760755,407.77488777760755,0.02180886506629862,True
545,302.82115496549284,425.80242252862945,406.80242252862945,0.019824597448436905,True
546,303.0745004534043,428.8299386625358,410.8299386625358,0.018623013224430246,True
547,303.3278819973291,430.8574361775918,412.8574361775918,0.01853348155080757,True
548,303.581299572896,430.88491507207937,409.88491507207937,0.0216993547190767,True
549,303.8347531557335,428.91237534429683,407.91237534429683,0.021801695805268306,True
550,304.08824272147035,430.9398169925587,408.9398169925587,0.02275722459373183,True
551,304.3417682457351,424.96724001519556,407.96724001519556,0.017730161921240446,True
552,304.5953297041566,426.9946444105542,410.9946444105542,0.016586265203422563,True
553,304.84892707236327,422.02203017699844,407.02203017699844,0.01571720620345365,True
554,305.10256032598386,430.04939731290733,409.04939731290733,0.021742586251311005,True
555,305.3562294406469,428.076745816677,409.076745816677,0.019716844027797432,True
556,305.60993439198126,432.1040756867196,409.1040756867196,0.023754556512301486,True
557,305.8636751556154,426.13138692146345,405.13138692146345,0.021947632783188346,True
558,306.117451707178,431.158679519353,406.158679519353,0.025941394725221882,True
559,306.37126402229774,422.18595347884934,404.18595347884934,0.018922563258681902,True
560,306.6251120766033,430.2132087984296,410.2132087984296,0.020674099892552204,True
561,306.87899584572324,424.2404454765874,404.2404454765874,0.02097230631780079,True
562,307.13291530528625,428.2676635118321,410.2676635118321,0.01864799600822901,True
563,307.3868704309209,423.2948629026896,406.2948629026896,0.017801666674367975,True
564,307.64086119825595,431.322043647702,411.322043647702,0.020619669349977644,True
565,307.89488758292,427.34920574542775,408.34920574542775,0.019751185926884574,True
566,308.1489495605417,425.3763491944417,409.3763491944417,0.0166505909305982,True
567,308.4030471067497,426.4034739933343,404.4034739933343,0.023005856611403776,True
568,308.6571801971726,432.43058014071266,409.43058014071266,0.02373612156776233,True
569,308.911348807439,427.45766763519987,406.45766763519987,0.021877791029378934,True
570,309.16555291317775,430.48473647543597,408.48473647543597,0.022781924222677156,True
571,309.41979249001736,426.51178666007604,405.51178666007604,0.021927555411966747,True
572,309.6740675135864,431.53881818779223,408.53881818779223,0.023786539630075758,True
573,309.9283779595137,430.5658310572726,402.5658310572726,0.029202651900146256,True
574,310.18272380342773,428.59282526722154,405.59282526722154,0.02395463264436738,True
575,310.4371050209572,420.6198008163592,402.6198008163592,0.018994583734999657,True
576,310.6915215877308,433.6467577034225,406.6467577034225,0.02791878968783128,True
577,310.9459734793771,428.6736959271643,408.6736959271643,0.020750149885795276,True
578,311.20046067152475,430.7006154863534,412.7006154863534,0.018540375816616845,True
579,311.4549831398025,423.72751637977535,403.72751637977535,0.020998317387749762,True
580,311.7095408598389,427.75439860623123,409.75439860623123,0.01867085978896282,True
581,311.9641338072626,424.7812621645387,404.7812621645387,0.020944950758512795,True
582,312.2187619577023,430.80810705353133,410.80810705353133,0.020644861810866392,True
583,312.47342528678655,429.8349332720593,407.8349332720593,0.022817285584263516,True
584,312.7281237701441,436.8617408189882,408.8617408189882,0.028767538618228703,True
585,312.9828573834036,430.88852969320055,406.88852969320055,0.02488948613133715,True
586,313.23762610219353,431.9152998935947,412.9152998935947,0.019537613255542513,True
587,313.4924299021427,427.9420514190847,410.9420514190847,0.017604379623766913,True
588,313.7472687588797,432.96878426860144,411.96878426860144,0.021592276288001706,True
589,314.0021426480332,425.99549844109174,404.99549844109174,0.02195481384951303,True
590,314.2570515452318,430.0221939355183,409.0221939355183,0.02174399671045282,True
591,314.5119954261042,435.04887075086003,408.04887075086003,0.027825865390973994,True
592,314.76697426627896,434.07552888611235,414.07552888611235,0.020485737828026655,True
593,315.0219880413848,426.10216834028597,410.10216834028597,0.01662167868896659,True
594,315.27703672705036,428.12878911240887,408.12878911240887,0.020777201859351373,True
595,315.53212029890426,425.155391201524,409.155391201524,0.016659412543198318,True
596,315.7872387325752,428.181974606691,410.181974606691,0.018651809191228497,True
597,316.0423920036917,428.20853932698583,408.20853932698583,0.020773238242820905,True
598,316.2975800878826,432.23508536149984,410.23508536149984,0.022687215842277234,True
599,316.55280296077626,428.26161270934085,412.26161270934085,0.016536250266681318,True
600,316.8080605980016,434.28812136963325,414.28812136963325,0.020475469504060064,True
601,317.0633529751872,430.31461134151664,410.31461134151664,0.020669110301804225,True
602,317.3186800679616,434.341082624147,407.341082624147,0.02787269620143445,True
603,317.5740418519535,431.367535216697,407.367535216697,0.024861041589166914,True
604,317.8294383027916,431.39396911835433,409.39396911835433,0.022732628701708182,True
605,318.08486939610447,428.4203843283235,408.4203843283235,0.02076271680591517,True
606,318.3403351075208,430.44678084582506,414.44678084582506,0.01645069356926564,True
607,318.5958354126692,428.473158670095,411.473158670095,0.01758211065412791,True
608,318.8513702871784,431.499517800386,413.499517800386,0.01850530728917761,True
609,319.1069397066769,431.52585823596655,407.52585823596655,0.02485165426787305,True
610,319.3625436467934,431.5521799761211,407.5521799761211,0.024850094281211346,True
611,319.6181820831566,425.5784830201503,406.5784830201503,0.01983527104484107,True
612,319.8738549913952,433.60476736737087,414.60476736737087,0.019459756949433776,True
613,320.1295623471377,433.6310330171152,412.6310330171152,0.02155846799971339,True
614,320.38530412601284,435.6572799687324,416.6572799687324,0.01936600126717375,True
615,320.6410803036492,431.6835082215864,411.6835082215864,0.020601987660330563,True
616,320.89689085567545,440.7097177750586,415.7097177750586,0.025362450088926274,True
617,321.1527357577203,431.73590862854553,410.73590862854553,0.021655498837781298,True
618,321.4086149854122,431.76208078145964,412.76208078145964,0.019544704932205132,True
619,321.6645285143801,428.7882342332298,407.7882342332298,0.021808168911425105,True
620,321.92047632025236,435.81436898330094,412.81436898330094,0.02354673948644739,True
621,322.1764583786578,428.84048503113354,408.84048503113354,0.020741883695757163,True
622,322.43247466522496,432.8665823762042,408.8665823762042,0.0247724431493368,True
623,322.6885251555826,432.8926610180058,407.8926610180058,0.02583433175564672,True
624,322.9446098253593,431.91872095604685,408.91872095604685,0.023765034677144983,True
625,323.2007286501836,425.9447621898521,412.9447621898521,0.013461320254180814,True
626,323.4568816056843,436.97078471896225,415.97078471896225,0.021389572123285787,True
627,323.71306866749,431.9967885429335,417.9967885429335,0.014307573172744772,True
628,323.9692898112294,433.02277366133853,414.02277366133853,0.019486506996232812,True
629,324.22554501253103,431.0487400737661,406.0487400737661,0.025948212759071616,True
630,324.4818342470236,433.0746877798201,413.0746877798201,0.02053421768330978,True
631,324.73815749033565,431.1006167791213,412.1006167791213,0.019575379681827824,True
632,324.994514718096,439.1265270713061,415.1265270713061,0.024409186879161847,True
633,325.2509059059332,438.1524186560264,415.1524186560264,0.02341764095226787,True
634,325.50733102947595,435.1782915329504,418.1782915329504,0.01730573887517728,True
635,325.76379006435286,427.2041457017626,413.2041457017626,0.014470788377404205,True
636,326.0202829861925,433.22998116216263,412.22998116216263,0.021578929335148662,True
637,326.27680977062363,432.25579791386645,411.25579791386645,0.021628793527994766,True
638,326.5333703932748,432.2815959566062,418.2815959566062,0.014297989782928405,True
639,326.78996482977476,431.3073752901296,412.3073752901296,0.019565781115732896,True
640,327.04659305575206,440.33313591420006,415.33313591420006,0.025384787011586883,True
641,327.30325504683543,431.3588778285973,407.3588778285973,0.0248615551093772,True
642,327.55995077865344,433.38460103311695,416.38460103311695,0.017378816145861144,True
643,327.8166802268348,428.41030552757,410.41030552757,0.01864165185134158,True
644,328.07344336700805,431.43599131178416,410.43599131178416,0.021670934804060717,True
645,328.330240174802,433.46165838560205,414.46165838560205,0.01946632782298216,True
646,328.5870706258451,439.48730674888293,420.48730674888293,0.019193446035258816,True
647,328.84393469576617,434.5129364015015,412.5129364015015,0.02256513830474846,True
648,329.10083236019375,437.5385473433487,413.5385473433487,0.02450032273311482,True
649,329.35776359475653,432.56413957433097,409.56413957433097,0.023728588841940238,True
650,329.61472837508313,436.58971309437084,407.58971309437084,0.029850284086298678,True
651,329.87172667680215,431.61526790340645,407.61526790340645,0.02484635610367281,True
652,330.1287584755424,427.6408040013921,411.6408040013921,0.016560719608817515,True
653,330.3858237469324,434.6663213882978,412.6663213882978,0.022556965103464822,True
654,330.6429224666007,436.6918200641089,414.6918200641089,0.022449588124110353,True
655,330.90005461017614,437.7173000288276,412.7173000288276,0.025541037953335725,True
656,331.1572201532873,435.74276128247106,413.74276128247106,0.022499772617712178,True
657,331.41441907156275,436.76820382507276,409.76820382507276,0.02771275868788961,True
658,331.67165134063123,438.79362765668156,413.79362765668156,0.02547651361498423,True
659,331.92891693612137,428.81903277736274,409.81903277736274,0.019681928915693515,True
660,332.1862158336617,430.84441918719654,412.84441918719654,0.018534053618081175,True
661,332.44354800888107,431.8697868862796,409.8697868862796,0.022706916425292923,True
662,332.70091343740796,430.8951358747245,406.8951358747245,0.02488909339704782,True
663,332.958312094871,429.9204661526592,411.9204661526592,0.01857474969282415,True
664,333.215743956899,433.9457777202276,412.9457777202276,0.021542437145432868,True
665,333.4732089991205,434.9710705775892,409.9710705775892,0.025707161483795163,True
666,333.73070719716407,437.9963447249197,413.9963447249197,0.024473979492317003,True
667,333.9882385266585,432.0216001624101,413.0216001624101,0.019532696219631527,True
668,334.2458029632324,439.0468368902675,416.0468368902675,0.02336862811316391,True
669,334.5034004825144,432.07205490871456,413.07205490871456,0.01953036324600516,True
670,334.76103106013306,430.09725421799,413.09725421799,0.017514361675360718,True
671,335.01869467171707,432.12243481834776,413.12243481834776,0.01952803428883268,True
672,335.2763912928952,434.1475967100582,418.1475967100582,0.016307796227971207,True
673,335.534120899296,431.1727398934065,412.1727398934065,0.01957203036563725,True
674,335.79188346654803,439.1978643686948,417.1978643686948,0.02231814304743566,True
675,336.04967897028007,439.2229701362396,413.2229701362396,0.026500589453189873,True
676,336.30750738612073,439.2480571963745,417.2480571963745,0.022315526097461697,True
677,336.5653686896986,436.2731255494475,412.2731255494475,0.024573435456222748,True
678,336.8232628566424,437.29817519582343,416.29817519582343,0.021373157876948153,True
679,337.0811898625807,437.3232061358822,413.3232061358822,0.024512733836154377,True
680,337.3391496831422,439.3482183700196,415.3482183700196,0.02439651769905468,True
681,337.5971422939555,434.373211898647,411.373211898647,0.02362702658650042,True
682,337.85516767064934,435.39818672219167,418.39818672219167,0.017296822334347702,True
683,338.1132257888523,437.4231428410965,412.4231428410965,0.02555872919031472,True
684,338.37131662419296,436.44808025581983,411.44808025581983,0.02561754723809947,True
685,338.62944015230005,432.47299896683603,408.47299896683603,0.024795643968702402,True
686,338.88759634880216,435.49789897463484,412.49789897463484,0.023564323282117928,True
687,339.1457851893281,432.52278027972216,415.52278027972216,0.0174141478187253,True
688,339.4040066495063,431.5476428826189,418.5476428826189,0.013283848358340183,True
689,339.66226070496543,432.5724867838619,412.5724867838619,0.02055863042784016,True
690,339.9205473313343,436.5973119840039,414.5973119840039,0.022454575497688284,True
691,340.1788665042414,431.6221184836129,411.6221184836129,0.02060498851128347,True
692,340.43721819931545,436.64690628327276,415.64690628327276,0.021405835119225645,True
693,340.69560239218504,437.67167538358285,418.67167538358285,0.019274861135898092,True
694,340.9540190584788,435.69642578515845,415.69642578515845,0.020407706837514403,True
695,341.2124681738255,433.72115748863007,411.72115748863007,0.022607423066194912,True
696,341.4709497138537,438.74587049464435,420.74587049464435,0.01819317969700993,True
697,341.72946365419205,431.7705648038627,415.7705648038627,0.016399292292749727,True
698,341.9880099704692,434.7952404169632,419.7952404169632,0.015247271038133866,True
699,342.2465886383138,439.8198973346389,413.8198973346389,0.026463504207867986,True
700,342.50519963335444,442.8445355575982,412.8445355575982,0.030464749492724152,True
701,342.76384293121987,440.86915508656557,411.86915508656557,0.029550446139051684,True
702,343.0225185075386,443.89375592228134,411.89375592228134,0.03249382767360996,True
703,343.2812263379394,441.9183380655006,415.9183380655006,0.026333954571613923,True
704,343.53996639805086,441.94290151699465,420.94290151699465,0.021142972374336006,True
705,343.79873866350164,439.96744627755015,413.96744627755015,0.026454353445574254,True
706,344.0575431099204,437.9919723479693,417.9919723479693,0.020298209584890894,True
707,344.3163797129357,441.0164797290697,417.0164797290697,0.02430160047815767,True
708,344.5752484481763,444.04096842168497,421.04096842168497,0.023098685231635916,True
709,344.83414929127076,441.06543842666406,417.06543842666406,0.02429882608646116,True
710,345.0930822178478,443.08988974487124,423.08988974487124,0.020059193127177678,True
711,345.35204720353596,436.11432237718645,414.11432237718645,0.02248009843815567,True
712,345.611044223964,437.1387363245053,415.1387363245053,0.022426033476598342,True
713,345.8700732547605,441.1631315877389,419.1631315877389,0.0222161345596425,True
714,346.1291342715541,445.1875081678138,420.1875081678138,0.02509983261577382,True
715,346.3882272499735,438.211866065672,416.211866065672,0.022369675725871285,True
716,346.64735216564725,445.23620528227116,423.23620528227116,0.02200766076573068,True
717,346.9065089942041,445.2605258185845,419.2605258185845,0.026130220170197525,True
718,347.1656977112726,447.28482767560035,421.28482767560035,0.026008348193851276,True
719,347.42491829248155,443.3091108543231,417.3091108543231,0.026248790476681307,True
720,347.68417071345937,444.333375355772,420.333375355772,0.024115060495609197,True
721,347.9434549498349,443.3576211809825,420.3576211809825,0.023135252569277218,True
722,348.2027709772367,444.3818483310049,421.3818483310049,0.023080487226342147,True
723,348.4621187712934,436.40605680690555,418.40605680690555,0.018292806747859908,True
724,348.72149830763374,445.4302466097654,426.4302466097654,0.0189317026138675,True
725,348.98090956188616,445.45441774068195,426.45441774068195,0.01893065262888889,True
726,349.24035250967955,450.47857020076754,428.47857020076754,0.021745029775632897,True
727,349.4998271266424,448.5027039911497,422.5027039911497,0.0259355729663815,True
728,349.75933338840343,445.5268191129719,424.5268191129719,0.020968720503211417,True
729,350.01887127059126,446.5509155673931,422.5509155673931,0.02399193708585086,True
730,350.27844074883444,447.57499335558714,429.57499335558714,0.017826821841012724,True
731,350.5380417987618,441.59905247874394,421.59905247874394,0.020128506721973975,True
732,350.79767439600187,447.62309293806834,425.62309293806834,0.021887300401481815,True
733,351.0573385161833,443.64711473478087,420.64711473478087,0.023119747036082376,True
734,351.3170341349347,453.6711178701173,429.6711178701173,0.023604969837256976,True
735,351.57676122788484,451.69510234532913,428.69510234532913,0.022696859690445128,True
736,351.83651977066233,450.7190681616828,426.7190681616828,0.023763881795412892,True
737,352.0963097388957,452.7430153204605,427.7430153204605,0.024668832360822155,True
738,352.3561311082137,458.76694382295955,432.76694382295955,0.02533803701819659,True
739,352.6159838542449,449.7908536704929,429.7908536704929,0.019753450889779197,True
740,352.875867952618,451.8147448643888,430.8147448643888,0.02066984106992434,True
741,353.1357833789617,452.8386174059906,427.8386174059906,0.024663473621580504,True
742,353.39573010890456,453.86247129665753,430.86247129665753,0.02258560545049459,True
743,353.6557081180752,448.88630653776386,423.88630653776386,0.024886970170098152,True
744,353.91571738210234,458.91012313069905,429.91012313069905,0.028349966325880258,True
745,354.1757578766146,458.9339210768683,426.9339210768683,0.03138949672017931,True
746,354.4358295772406,456.9577003776917,437.9577003776917,0.01844383348014793,True
747,354.6959324596091,456.98146103460545,430.98146103460545,0.025439992748976077,True
748,354.9560664993486,459.0052030490601,437.0052030490601,0.021331000730067565,True
749,355.21623167208776,462.0289264225221,435.0289264225221,0.026151030947019115,True
750,355.4764279534553,462.0526311564731,437.0526311564731,0.024157708543362102,True
751,355.7366553190798,464.07631725241026,437.07631725241026,0.026032130952028266,True
752,355.9969137445899,465.09998471184576,442.09998471184576,0.022025825348320118,True
753,356.25720320561436,461.1236335363071,435.1236335363071,0.025204708842167484,True
754,356.5175236777817,467.1472637273373,445.1472637273373,0.020950101192048202,True
755,356.7778751367206,470.1708752864945,440.1708752864945,0.02863441999335881,True
756,357.03825755805974,477.1944682153521,452.1944682153521,0.023370155321363877,True
757,357.29867091742767,470.21804251549884,452.21804251549884,0.016951403458613633,True
758,357.5591151904532,482.2415981885388,457.2415981885388,0.02311893586132684,True
759,357.81959035276486,481.26513523609106,457.26513523609106,0.02221631148840781,True
760,358.08009637999123,485.28865365979027,458.28865365979027,0.024861032281205085,True
761,358.3406332477611,484.31215346128624,452.31215346128624,0.029687110251704965,True
762,358.60120093170303,492.33563464224403,461.33563464224403,0.02824426878166877,True
763,358.86179940744574,487.3590972043439,460.3590972043439,0.02475234744814916,True
764,359.12242865061785,500.38254114928145,465.38254114928145,0.03149206163815778,False
765,359.3830886368479,499.40596647876737,471.40596647876737,0.02505865163813076,True
766,359.6437793417646,512.4293731945274,488.42937319452744,0.020832242490013766,False
767,359.9045007409967,514.4527612983029,485.4527612983029,0.025198526881628328,False
768,360.16525281017266,523.4761307918504,492.47613079185044,0.026511697650344224,False
769,360.4260355249213,522.4994816769415,492.4994816769415,0.02568008619249307,False
770,360.6868488608711,536.5228139553628,501.52281395536284,0.02929750012285977,False
771,360.94769279365084,545.5461276289163,505.54612762891634,0.03307068929352508,False
772,361.20856729888914,550.5694226994194,515.5694226994194,0.028524935672395463,False
773,361.46947235221455,557.5926991687045,522.5926991687045,0.028153740534979387,False
774,361.7304079292559,564.615957038619,528.615957038619,0.02861287910739782,False
775,361.9913740056416,575.6391963110254,532.6391963110254,0.033717235651377256,False
776,362.2523705570005,584.6624169878021,546.6624169878021,0.029185960412503983,False
777,362.5133975589611,592.685619070842,552.685619070842,0.03034622529407614,False
778,362.7744549871521,601.708802562053,564.708802562053,0.02756180746976938,False
779,363.0355428172022,608.7319674633586,572.7319674633586,0.026474684996809918,False
780,363.29666102474,626.7551137766973,582.7551137766973,0.03161179289165021,False
781,363.5578095853941,640.7782415040228,591.7782415040228,0.034548763283879354,False
782,363.81898847479323,651.8013506473039,605.8013506473039,0.03178501879786422,False
783,364.0801976685659,664.8244412085241,612.8244412085241,0.03537089932426693,False
784,364.34143714234096,676.8475131896828,628.8475131896828,0.03194548979161585,False
785,364.60270687174693,686.8705665927939,638.8705665927939,0.03146202641111449,False
786,364.86400683241243,704.8936014198866,652.8936014198866,0.033281155942834456,False
787,365.1253369999661,722.9166176730052,666.9166176730052,0.035016669040406435,False
788,365.3866973500367,737.9396153542093,684.9396153542093,0.03236853997596476,False
789,365.6480878582528,743.9625944655729,690.9625944655729,0.03209656299012341,False
790,365.90950850024296,767.9855550091859,708.9855550091859,0.03471566460694429,False
791,366.17095925163596,778.008496987153,724.008496987153,0.031240677023399076,False
792,366.43244008806045,805.0314204015936,740.0314204015936,0.03656267174178041,False
793,366.69395098514497,819.0543252546424,755.0543252546424,0.03533450835885893,False
794,366.9554919185182,838.0772115484494,776.0772115484494,0.03337910060561674,False
795,367.21706286380885,852.1000792851796,787.1000792851796,0.034460649572943,False
796,367.4786637966455,876.1229284670128,809.1229284670128,0.03455053799525463,False
797,367.74029469265685,892.1457590961436,823.1457590961436,0.034959070349121095,False
798,368.0019555274714,915.1685711747823,846.1685711747823,0.03404420660618113,False
799,368.263646276718,934.1913647051538,864.1913647051538,0.033825926145881154,False
800,368.5253669160252,957.2141396894979,883.2141396894979,0.034943092045136404,False
801,368.7871174210216,984.2368961300697,899.2368961300697,0.03922552351303166,False
802,369.0488977673359,1009.2596340291395,924.2596340291395,0.03820891757949408,False
803,369.3107079305968,1025.2823533889919,941.2823533889919,0.03712356572869736,False
804,369.57254788643274,1051.305054211927,965.305054211927,0.03706417220991609,False
805,369.83441761047266,1074.32773650026,984.32773650026,0.03799706541381857,False
806,370.0963170783449,1107.3504002563207,1012.3504002563207,0.03895420806032574,False
807,370.35824626567836,1130.3730454824538,1032.3730454824538,0.03938513601198237,False
808,370.62020514810155,1162.3956721810196,1060.3956721810196,0.0398860377645579,False
809,370.8821937012431,1188.4182803543927,1087.4182803543927,0.038572693980867975,False
810,371.14421190073176,1217.440870004963,1109.440870004963,0.040343716568270266,False
811,371.40625972219607,1235.463441135135,1131.463441135135,0.038189372655642505,False
812,371.6683371412648,1272.485993747329,1160.485993747329,0.04001310756244158,False
813,371.9304441335664,1293.508527843979,1178.508527843979,0.04043656679481028,False
814,372.1925806747297,1325.531043427535,1207.531043427535,0.040491598709506936,False
815,372.45474674038326,1355.5535405004612,1242.5535405004612,0.03780156448696103,False
816,372.7169423061558,1387.5760190652368,1267.5760190652368,0.03928277119907687,False
817,372.9791673476758,1419.5984791243566,1287.5984791243566,0.0423850703605623,False
818,373.2414218405721,1448.6209206803296,1316.6209206803296,0.041494001290401004,False
819,373.50370576047317,1476.6433437356798,1341.6433437356798,0.041638531729282065,False
820,373.7660190830078,1514.665748292946,1370.665748292946,0.043385244379910856,False
821,374.0283617838046,1540.6881343546827,1395.6881343546827,0.042926351555667284,False
822,374.2907338384921,1572.710501923458,1424.710501923458,0.04292216122468416,False
823,374.5531352226991,1600.7328510018558,1450.7328510018558,0.042731412323935285,False
824,374.8155659120542,1638.7551815924744,1480.7551815924744,0.04403081686116197,False
825,375.078025882186,1671.7774936979274,1511.7774936979274,0.043690598669110486,False
826,375.34051510872314,1705.7997873208428,1539.7997873208428,0.044463800618640276,False
827,375.60303356729435,1738.8220624638639,1569.8220624638639,0.04440471353856898,False
828,375.86558123352813,1776.844319129648,1605.844319129648,0.043945938427346044,False
829,376.12815808305334,1810.8665573208682,1637.8665573208682,0.04360793296601705,False
830,376.39076409149845,1851.8887770402118,1675.8887770402118,0.04336970712639664,False
831,376.6533992344921,1880.9109782903813,1697.9109782903813,0.04445332491165813,False
832,376.9160634876631,1919.933161074094,1734.933161074094,0.04400336170910423,False
833,377.17875682663987,1956.9553253940815,1768.9553253940815,0.04386404639415797,False
834,377.4414792270512,1997.9774712530907,1796.9774712530907,0.046047954526737364,False
835,377.70423066452577,2032.999598653883,1834.999598653883,0.044501319301069577,False
836,377.9670111146922,2073.021707599235,1875.0217075992348,0.043597549792772396,False
837,378.229820553179,2097.0437980919373,1900.0437980919373,0.042843889044226674,False
838,378.49265895561496,2140.0658701347966,1932.0658701347963,0.0444052121357752,False
839,378.75552629762865,2181.0879237306326,1963.0879237306324,0.04573342172708489,False
840,379.01842255484877,2221.109958882281,2000.109958882281,0.04551618710757424,False
841,379.2813477029039,2256.1319755925924,2034.1319755925922,0.04498537395314717,False
842,379.54430171742274,2293.153973864431,2071.153973864431,0.04422082997724742,False
843,379.80728457403393,2330.175953700677,2103.175953700677,0.04451310853896311,False
844,380.07029624836605,2372.197915104224,2137.197915104224,0.045306178029554625,False
845,380.3333367160479,2412.2198580779823,2179.2198580779823,0.044115840629685876,False
846,380.596405952708,2456.2417826248743,2209.2417826248743,0.046027866496046455,False
847,380.85950393397496,2495.2636887478393,2241.2636887478393,0.0466234916833806,False
848,381.12263063547755,2538.285576449831,2279.285576449831,0.0467417396907175,False
849,381.3857860328443,2573.307445733816,2310.307445733816,0.04682189884281878,False
850,381.64897010170387,2617.3292966027775,2354.3292966027775,0.04599115950125266,False
851,381.912182817685,2656.3511290597135,2383.3511290597135,0.04709745175722446,False
852,382.1754241564163,2706.3729431076345,2429.3729431076345,0.0468934526852844,False
853,382.4386940935263,2741.3947387495687,2467.3947387495687,0.04573294059898174,False
854,382.7019926046438,2778.416515988556,2503.416515988556,0.04526423881512878,False
855,382.9653196653974,2830.4382748276535,2540.4382748276535,0.04694504109024487,False
856,383.22867525141567,2882.4600152699313,2584.4600152699313,0.04739347409578951,False
857,383.4920593383273,2915.481737318474,2617.481737318474,0.04682666512547707,False
858,383.755471901761,2959.5034409763825,2659.5034409763825,0.04641829269148257,False
859,384.01891291734535,3001.525126246771,2696.525126246771,0.04653751185251281,False
860,384.282382360709,3049.5467931327685,2744.5467931327685,0.04576466200395394,False
861,384.54588020748054,3087.568441637519,2780.568441637519,0.04548300392874416,False
862,384.8094064332887,3138.59007176418,2817.59007176418,0.046856788299852625,False
863,385.07296101376215,3176.6116835159255,2855.6116835159255,0.04626497872004486,False
864,385.33654392452945,3229.633276895943,2891.633276895943,0.04800999726657717,False
865,385.6001551412193,3267.6548519074336,2933.6548519074336,0.046827160421797714,False
866,385.86379463946037,3318.676408553615,2980.676408553615,0.04665007783869539,False
867,386.1274623948812,3363.6979468377185,3029.6979468377185,0.04541765751716514,False
868,386.3911583831105,3413.719466762989,3073.719466762989,0.04556360107585388,False
869,386.65488257977694,3452.7409683326887,3106.7409683326887,0.04585895344999808,False
870,386.91863496050905,3501.762451550091,3149.762451550091,0.04600888013793356,False
871,387.1824155009357,3546.783916418486,3191.783916418486,0.04580124844109708,False
872,387.4462241766853,3592.805362941178,3228.805362941178,0.046391824415264134,False
873,387.7100609633866,3635.826791121485,3258.826791121485,0.04754190745268595,False
874,387.9739258366683,3673.8482009627405,3286.8482009627405,0.04834156062029979,False
875,388.2378187721589,3700.8695924682925,3324.8695924682925,0.0465291659904994,False
876,388.50173974548716,3739.890965641502,3364.890965641502,0.04588794466853684,False
877,388.7656887322817,3770.9123204857474,3386.9123204857474,0.04664248062159666,False
878,389.02966570817114,3831.933657004419,3444.933657004419,0.04623711882605215,False
879,389.2936706487842,3882.9549752009216,3499.9549752009216,0.045099897263204174,False
880,389.5577035297494,3934.9762750786767,3541.9762750786767,0.04569647037111345,False
881,389.8217643266955,3974.997556641118,3577.997556641118,0.0456968263811238,False
882,390.085853015251,4031.018819891696,3627.018819891696,0.04586501672250915,False
883,390.34996957104477,4075.040064833872,3663.040064833872,0.046290214152097074,False
884,390.6141139697053,4137.0612914711255,3713.061291471126,0.046959836930609046,False
885,390.8782861868612,4189.082499806949,3760.0824998069497,0.046921539574069325,False
886,391.1424861981412,4244.10368984485,3815.10368984485,0.046279639783849136,False
887,391.406713979174,4299.124861588349,3867.1248615883483,0.04599186394341233,False
888,391.6709695055881,4365.14601504098,3922.1460150409803,0.046475017823682484,False
889,391.9352527530122,4435.167150206296,3984.1671502062964,0.04657244157777311,False
890,392.19956369707495,4498.188267087861,4041.1882670878613,0.04652854501530997,False
891,392.4639023134051,4541.209365689254,4078.209365689254,0.04670200718931687,False
892,392.72826857763107,4587.230446014068,4113.230446014068,0.04736751629829765,False
893,392.9926624653817,4618.25150806591,4147.25150806591,0.04671720698106746,False
894,393.2570839522856,4669.272551848403,4191.272551848403,0.04690332179794763,False
895,393.52153301397135,4728.293577365184,4239.293577365184,0.04741094068946779,False
896,393.78600962606765,4780.314584619904,4297.314584619904,0.04625933041080232,False
897,394.0505137642031,4847.3355736162275,4344.3355736162275,0.04757972180981872,False
898,394.31504540400636,4908.356544357835,4406.356544357835,0.04685646689981811,False
899,394.57960452110615,4955.37749684842,4453.37749684842,0.046387234023101624,False
900,394.844191091131,5014.398431091691,4502.398431091691,0.04677491448599487,False
901,395.10880508970956,5051.419347091371,4543.419347091371,0.04603060022725512,False
902,395.3734464924706,5120.440244851196,4601.440244851196,0.04641351575030817,False
903,395.63811527504265,5181.461124374919,4650.461124374919,0.04695622583235831,False
904,395.9028114130544,5244.481985666304,4701.481985666304,0.04746782159430441,False
905,396.1675348821345,5305.5028287291325,4761.5028287291325,0.046982503749507507,False
906,396.4322856579115,5364.5236535671975,4823.5236535671975,0.04616675199142528,False
907,396.6970637160142,5431.544460184309,4885.544460184309,0.04601036895479831,False
908,396.96186903207115,5503.565248584288,4960.565248584288,0.045112953223565004,False
909,397.22670158171104,5583.586018770973,5017.586018770973,0.046418384582154415,False
910,397.4915613405625,5655.606770748216,5079.606770748216,0.04664911232871615,False
911,397.75644828425413,5720.627504519881,5143.627504519881,0.04617415988536014,False
912,398.0213623884146,5783.648220089848,5208.648220089848,0.04547684272554002,False
913,398.2863036286726,5850.668917462012,5265.668917462012,0.045751973521674406,False
914,398.55127198065674,5917.689596640283,5326.689596640283,0.045694791385139745,False
915,398.81626741999565,5997.71025762858,5396.71025762858,0.04585637968762967,False
916,399.081289922318,6086.730900430843,5466.730900430843,0.04665640535519778,False
917,399.34633946325243,6149.751525051021,5526.751525051021,0.046387629114559965,False
918,399.6114160184276,6229.77213149308,5594.77213149308,0.046689758692117035,False
919,399.87651956347213,6317.7927197610015,5668.7927197610015,0.04707479581076846,False
920,400.1416500740146,6396.813289858776,5740.813289858776,0.04699025230678938,False
921,400.4068075256838,6460.833841790414,5805.833841790414,0.04642396957902915,False
922,400.6719918941083,6559.854375559937,5899.854375559937,0.0460529062253088,False
923,400.9372031549168,6656.874891171379,5981.874891171379,0.04643306925651706,False
924,401.2024412837378,6754.895388628794,6068.895388628794,0.04650897610971879,False
925,401.4677062562,6825.915867936244,6138.915867936244,0.0460692495864645,False
926,401.7329980479322,6913.936329097809,6214.936329097809,0.04628869204607878,False
927,401.9983166345629,6998.956772117581,6287.956772117581,0.04652376378190339,False
928,402.2636619917207,7101.977196999668,6382.977196999668,0.04635598060865297,False
929,402.5290340950344,7215.997603748191,6469.997603748191,0.04739226049375634,False
930,402.7944329201325,7311.017992367286,6563.017992367286,0.04687425783439065,False
931,403.05985844264376,7412.0383628611,6661.0383628611,0.04639572356000373,False
932,403.3253106381968,7533.0587152337985,6767.0587152337985,0.04657140777500796,False
933,403.5907894824202,7652.079049489559,6857.079049489559,0.0476402917302423,False
934,403.8562949509426,7773.099365632574,6970.099365632574,0.04735525000705692,False
935,404.12182701939275,7873.119663667047,7074.119663667047,0.046474450405831244,False
936,404.3873856633992,7972.1399435972,7148.1399435972,0.04738186736527758,False
937,404.65297085859066,8048.160205427265,7212.160205427265,0.04763124755244441,False
938,404.91858258059574,8096.180449161493,7261.180449161493,0.04727294960187698,False
939,405.1842208050431,8167.200674804143,7336.200674804143,0.04660202415276283,False
940,405.44988550756136,8255.220882359494,7412.220882359493,0.04678034532724452,False
941,405.71557666377913,8346.241071831833,7494.241071831833,0.04676326546843209,False
942,405.9812942493252,8448.261243225466,7580.261243225466,0.047083161715519226,False
943,406.24703823982804,8529.281396544713,7654.281396544713,0.04700801853856762,False
944,406.5128086109164,8645.301531793903,7756.3015317939025,0.047125461000802636,False
945,406.7786053382189,8741.321648977384,7854.321648977384,0.04646841853440342,False
946,407.0444283973642,8851.341748099516,7952.341748099517,0.04651407368498767,False
947,407.3102777639809,8930.361829164674,8030.361829164674,0.04613394143779783,False
948,407.5761534136977,9049.381892177245,8132.381892177245,0.04640115154884006,False
949,407.8420553221432,9134.401937141633,8211.401937141633,0.04626280697979813,False
950,408.1079834649461,9213.421964062252,8278.421964062252,0.04647340250768899,False
951,408.37393781773494,9311.441972943536,8358.441972943536,0.04689160938315308,False
952,408.63991835613854,9408.461963789923,8452.461963789923,0.046535408387843515,False
953,408.90592505578536,9495.481936605876,8538.481936605876,0.046136347952037395,False
954,409.1719578923042,9591.501891395868,8621.501891395868,0.046303688959993754,False
955,409.4380168413236,9679.521828164381,8699.521828164381,0.04635852138804812,False
956,409.70410187847216,9768.541746915917,8771.541746915917,0.0467538021663607,False
957,409.97021297937874,9849.56164765499,8833.56164765499,0.047281058517422696,False
958,410.2363501196717,9951.581530386125,8921.581530386125,0.0474502567401036,False
959,410.50251327497995,10033.601395113868,8995.601395113868,0.04742664068851248,False
960,410.76870242093196,10130.621241842773,9091.621241842773,0.046994743829131276,False
961,411.03491753315643,10219.64107057741,9182.64107057741,0.046468033956041065,False
962,411.3011585872821,10298.660881322361,9251.660881322361,0.04656105237699989,False
963,411.5674255589374,10363.680674082221,9309.680674082221,0.04657923827492819,False
964,411.8337184237512,10459.700448861608,9403.700448861608,0.046220460729797394,False
965,412.10003715735184,10552.72020566514,9485.72020566514,0.04629411303538763,False
966,412.36638173536835,10644.73994449746,9562.73994449746,0.046552710461754424,False
967,412.63275213342916,10739.759665363219,9634.759665363219,0.04715367696742355,False
968,412.89914832716295,10810.779368267084,9698.779368267084,0.047139924203645454,False
969,413.16557029219837,10879.799053213734,9777.799053213734,0.046379766451174136,False
970,413.4320180041641,10968.818720207864,9854.818720207864,0.046511219207248544,False
971,413.6984914386887,11044.838369254185,9929.838369254185,0.046217185345030706,False
972,413.9649905714008,11133.858000357413,10014.858000357413,0.04600088221972675,False
973,414.2315153779291,11218.877613522289,10079.877613522289,0.04649415125513091,False
974,414.4980658339024,11304.897208753559,10149.897208753559,0.046804973787575165,False
975,414.76464191494904,11388.916786055986,10228.916786055986,0.046652774193780285,False
976,415.0312435966979,11471.93634543435,10308.93634543435,0.04642287055624225,False
977,415.2978708547775,11537.955886893438,10360.955886893438,0.04672904954361449,False
978,415.56452366481653,11614.975410438057,10440.975410438057,0.046277221755379974,False
979,415.83120200244366,11685.994916073025,10516.994916073025,0.04577402905616842,False
980,416.09790584328744,11751.014403803172,10580.014403803172,0.04558909964909522,False
981,416.3646351629767,11834.033873633347,10645.033873633347,0.04598576031552602,False
982,416.6313899371399,11909.053325568406,10708.053325568406,0.04616671463417307,False
983,416.8981701414058,11987.072759613224,10780.072759613224,0.04609144932271348,False
984,417.16497575140295,12062.092175772688,10858.092175772688,0.04566911880925491,False
985,417.43180674276005,12133.111574051698,10914.111574051698,0.04598380208966832,False
986,417.6986630911058,12212.130954455168,10979.130954455168,0.046223487531490165,False
987,417.9655447720687,12289.150316988025,11053.150316988025,0.04603578017207117,False
988,418.2324517612775,12338.169661655214,11097.169661655214,0.04603851201643874,False
989,418.4993840343609,12425.188988461687,11171.188988461687,0.04620360407497305,False
990,418.7663415669474,12497.208297412413,11237.208297412413,0.046154577297321774,False
991,419.0333243346657,12554.227588512378,11290.227588512378,0.04608730094041388,False
992,419.3003323131445,12658.246861766575,11383.246861766575,0.04610740681316724,False
993,419.5673654780124,12724.266117180015,11437.266117180015,0.04631051723398321,False
994,419.83442380489805,12801.285354757722,11508.285354757722,0.04624295664853931,False
995,420.1015072694301,12853.304574504731,11563.304574504731,0.04593283379326174,False
996,420.3686158472372,12927.323776426096,11632.323776426096,0.04584214431666791,False
997,420.6357495139479,12983.34296052688,11690.34296052688,0.04555927703919322,False
998,420.9029082451911,13082.36212681216,11783.36212681216,0.0454169418230762,False
999,421.17009201659516,13124.381275287029,11813.381275287029,0.04570461756392157,False
1000,421.43730080378884,13221.40040595659,11895.40040595659,0.0458983926815745,False
1001,421.7045345824008,13274.419518825965,11947.419518825965,0.04574142509869996,False
1002,421.9717933280597,13360.438613900285,12027.438613900285,0.04564756694759444,False
1003,422.23907701639416,13428.457691184696,12079.457691184696,0.045978698164275474,False
1004,422.50638562303277,13506.476750684356,12135.476750684356,0.04648523278607361,False
1005,422.7737191236043,13575.495792404441,12202.495792404441,0.046307032896783985,False
1006,423.04107749373725,13655.514816350134,12286.514816350134,0.045879369089997256,False
1007,423.30846070906034,13706.533822526637,12334.533822526637,0.04580490189728686,False
1008,423.57586874520223,13813.552810939163,12409.552810939163,0.046549260790566656,False
1009,423.84330157779164,13876.571781592942,12470.571781592942,0.04639582002140213,False
1010,424.11075918245695,13945.59073449321,12544.59073449321,0.04598041859781532,False
1011,424.37824153482717,14013.609669645222,12595.609669645222,0.04633082298537093,False
1012,424.64574861053063,14058.628587054249,12658.628587054249,0.0455562999666088,False
1013,424.9132803851961,14130.64748672557,12711.64748672557,0.04596022158510959,False
1014,425.1808368344523,14217.666368664479,12779.666368664479,0.0463088027741133,False
1015,425.4484179339277,14274.685232876283,12839.685232876283,0.04601216345800018,False
1016,425.7160236592511,14348.704079366307,12896.704079366307,0.046333944137460115,False
1017,425.9836539860511,14406.722908139884,12966.722908139884,0.045734972939061876,False
1018,426.2513088899563,14490.741719202362,13030.741719202362,0.046121478949666915,False
1019,426.5189883465954,14560.760512559104,13107.760512559104,0.045655560954798405,False
1020,426.786692331597,14651.779288215483,13182.779288215483,0.04588338691418068,False
1021,427.0544208205897,14723.79804617689,13240.79804617689,0.046105690382709646,False
1022,427.32217378920234,14792.816786448724,13314.816786448724,0.04571568354492874,False
1023,427.5899512130635,14860.835509036406,13360.835509036406,0.04620960986446844,False
1024,427.8577530678016,14928.854213945358,13429.854213945358,0.04595517873815826,False
1025,428.12557932904554,15025.872901181028,13516.872901181028,0.04596348081525923,False
1026,428.39342997242386,15107.89157074887,13592.89157074887,0.04589200665230836,False
1027,428.66130497356517,15160.910222654351,13649.910222654351,0.04559548104825267,False
1028,428.9292043080982,15255.928856902956,13726.928856902956,0.04586527194099656,False
1029,429.1971279516516,15334.947473500179,13791.947473500179,0.046056698263125646,False
1030,429.4650758798539,15399.966072451529,13839.966072451529,0.04638473856210827,False
1031,429.7330480683338,15452.984653762527,13905.984653762527,0.04581062753083459,False
1032,430.0010444927201,15544.003217438714,13990.003217438714,0.04574506311450897,False
1033,430.26906512864116,15599.021763485634,14040.021763485634,0.04572958299718331,False
1034,430.5371099517258,15694.040291908852,14119.040291908852,0.04592958566808025,False
1035,430.8051789376028,15805.058802713942,14221.058802713942,0.04586418377856317,False
1036,431.0732720619005,15891.077295906493,14285.077295906493,0.046270745442497624,False
1037,431.3413893002478,15933.095771492108,14337.095771492108,0.045838980298848454,False
1038,431.6095306282731,16016.114229476403,14397.114229476403,0.04628170716187789,False
1039,431.8776960216053,16116.132669865006,14491.132669865006,0.046158501352014235,False
1040,432.1458854558729,16184.15109266356,14560.15109266356,0.04592404255279454,False
1041,432.41409890670445,16268.169497877718,14639.169497877718,0.045822249424001156,False
1042,432.68233634972887,16380.18788551315,14738.18788551315,0.04587479023754085,False
1043,432.9505977605746,16446.20625557554,14786.20625557554,0.04620897258291122,False
1044,433.2188831148703,16550.224608070577,14884.224608070579,0.046077677040521486,False
1045,433.4871923882447,16644.242943003977,14990.242943003977,0.045455374820197646,False
1046,433.75552555632635,16704.261260381456,15055.261260381456,0.045138977478217074,False
1047,434.0238825947439,16790.27956020875,15126.27956020875,0.04532580459557213,False
1048,434.2922634791262,16879.297842491607,15205.297842491607,0.04535944500681333,False
1049,434.5606681851016,16980.316107235787,15292.316107235787,0.04547250411753899,False
1050,434.82909668829893,17076.334354447066,15355.334354447066,0.04613537227724922,False
1051,435.09754896434674,17178.352584131233,15443.352584131231,0.04623992550120447,False
1052,435.36602498887373,17263.370796294083,15522.370796294083,0.046167545162717614,False
1053,435.6345247375086,17352.388990941432,15597.388990941434,0.046307371384063635,False
1054,435.9030481858799,17435.40716807911,15677.407168079111,0.04615785605357924,False
1055,436.17159530961624,17550.425327712954,15775.425327712956,0.046306568621081706,False
1056,436.4401660843464,17624.44346984882,15840.443469848818,0.04634807613297359,False
1057,436.7087604856989,17684.461594492568,15907.461594492568,0.04599095881659733,False
1058,436.9773784893025,17805.479701650085,16018.479701650083,0.045932383361844464,False
1059,437.2460200707857,17921.497791327256,16119.497791327256,0.04602279597515634,False
1060,437.51468520577725,18033.515863529992,16217.515863529992,0.046096074798816715,False
1061,437.78337386990586,18100.533918264213,16293.533918264211,0.04567609658588209,False
1062,438.0520860388001,18209.551955535844,16387.551955535844,0.045785178548659204,False
1063,438.3208216880885,18341.569975350834,16498.569975350834,0.045990203961231074,False
1064,438.5895807933998,18422.58797771514,16578.58797771514,0.0458031008872614,False
1065,438.85836333036275,18528.605962634734,16678.605962634734,0.04568299706128306,False
1066,439.12716927460576,18596.6239301156,16725.6239301156,0.046051781050948364,False
1067,439.3959986017577,18690.64188016373,16800.64188016373,0.04629834175428604,False
1068,439.66485128744716,18802.65981278514,16899.65981278514,0.04634132621258431,False
1069,439.9337273073028,18892.67772798585,16987.67772798585,0.04615950299482706,False
1070,440.202626636953,18985.6956257719,17072.6956257719,0.04612441634700009,False
1071,440.4715492520269,19115.71350614933,17201.71350614933,0.045818802741865144,False
1072,440.7404951281527,19246.731369124216,17294.731369124216,0.046443164099358294,False
1073,441.00946424095923,19378.74921470262,17423.74921470262,0.046184130917428456,False
1074,441.2784565660752,19451.76704289064,17486.76704289064,0.04624953530890865,False
1075,441.5474720791291,19551.784853694364,17572.784853694364,0.046345817715469965,False
1076,441.8165107557496,19652.80264711992,17679.80264711992,0.04594708015998922,False
1077,442.08557257156554,19753.820423173427,17753.820423173427,0.04635927863989473,False
1078,442.3546575022053,19827.838181861025,17835.838181861025,0.045981842403325666,False
1079,442.6237655232977,19919.85592318887,17931.85592318887,0.04566095213502892,False
1080,442.8928966104713,20018.873647163124,18029.873647163124,0.04544695523904319,False
1081,443.16205073935487,20102.891353789968,18110.891353789968,0.045318700241518795,False
1082,443.43122788557696,20230.909043075597,18195.909043075597,0.04604164029635216,False
1083,443.7004280247661,20285.926715026206,18270.926715026206,0.045434276568122746,False
1084,443.9696511325511,20402.94436964802,18353.94436964802,0.045963434392380466,False
1085,444.2388971845605,20486.962006947266,18427.962006947266,0.04600025384636367,False
1086,444.50816615642316,20601.979626930188,18528.979626930188,0.046057449568093156,False
1087,444.7774580237674,20691.99722960304,18599.99722960304,0.04628953205905171,False
1088,445.0467727622221,20796.014814972095,18694.014814972095,0.046277535619358594,False
1089,445.3161103474158,20857.03238304363,18753.03238304363,0.046181011865093186,False
1090,445.5854707549772,20929.049933823942,18830.049933823942,0.04589804246792935,False
1091,445.854853960535,20997.067467319335,18903.067467319335,0.04562635931412908,False
1092,446.1242599397177,21095.084983536137,18988.084983536137,0.04570011252799214,False
1093,446.393688668154,21184.10248248067,19051.10248248067,0.046089955503477005,False
1094,446.6631401214727,21306.11996415929,19147.11996415929,0.0464009096699165,False
1095,446.93261427530217,21392.137428578346,19225.137428578346,0.046384726959690196,False
1096,447.20211110527123,21474.154875744218,19315.154875744218,0.04601788617887799,False
1097,447.4716305870086,21593.172305663284,19424.172305663284,0.04597392838344035,False
1098,447.7411726961426,21634.189718341946,19447.189718341946,0.04628378287101106,False
1099,448.01073740830225,21715.207113786608,19522.207113786608,0.04623505995043379,False
1100,448.2803246991159,21758.224492003694,19581.224492003694,0.045783606825170686,False
1101,448.5499345442124,21827.24185299964,19652.24185299964,0.045586760396809714,False
1102,448.8195669192204,21933.259196780895,19736.259196780895,0.04583833081980289,False
1103,449.0892217997683,21980.276523353918,19755.276523353918,0.0463500387009577,False
1104,449.35889916148506,22083.293832725183,19872.293832725183,0.04581585101922723,False
1105,449.6285989799992,22167.311124901174,19952.311124901174,0.04571980844887546,False
1106,449.89832123093925,22209.328399888393,19987.328399888393,0.045780677718197556,False
1107,450.1680658899339,22332.345657693346,20092.345657693346,0.04590370027883055,False
1108,450.43783293261197,22424.362898322564,20165.362898322564,0.04611407106051757,False
1109,450.70762233460187,22509.38012178258,20259.38012178258,0.04573738219894127,False
1110,450.97743407153246,22604.397328079944,20351.397328079944,0.04559869922208492,False
1111,451.24726811903224,22652.414517221216,20371.414517221216,0.046093314312517036,False
1112,451.51712445272995,22721.431689212972,20423.431689212972,0.046306975914106985,False
1113,451.78700304825406,22734.4488440618,20446.4488440618,0.04606653970548208,False
1114,452.0569038812333,22806.4659817743,20480.4659817743,0.04671815988260949,False
1115,452.32682692729657,22838.483102357084,20526.483102357084,0.04635270929187268,False
1116,452.59677216207206,22955.500205816777,20626.500205816777,0.04646121512513424,False
1117,452.86673956118875,22995.517292160017,20680.517292160017,0.046081785841725176,False
1118,453.13672910027526,23054.534361393456,20751.534361393456,0.045706141260386336,False
1119,453.4067407549601,23124.551413523754,20805.551413523754,0.04589408626836139,False
1120,453.67677450087194,23210.568448557588,20880.568448557588,0.045943459224581824,False
1121,453.94683031363945,23256.585466501645,20917.585466501645,0.04603439979525948,False
1122,454.21690816889134,23308.60246736263,20968.60246736263,0.04594674874279996,False
1123,454.4870080422562,23363.61945114725,21015.61945114725,0.04599792810975192,False
1124,454.7571299093627,23474.636417862235,21088.636417862235,0.04655037515500496,False
1125,455.02727374583947,23519.653367514322,21131.653367514322,0.04649743868632277,False
1126,455.2974395273151,23593.67030011026,21177.67030011026,0.0469173234525593,False
1127,455.56762722941824,23663.687215656817,21242.687215656817,0.04687296176999644,False
1128,455.83783682777766,23717.704114160762,21295.704114160762,0.04678064278262065,False
1129,456.10806829802186,23779.72099562889,21362.72099562889,0.04655018629845542,False
1130,456.37832161577956,23824.737860068,21415.737860068,0.046295088643375254,False
1131,456.64859675667935,23900.754707484903,21473.754707484903,0.04650362686043698,False
1132,456.91889369635,23994.771537886427,21566.771537886427,0.046331481460152944,False
1133,457.18921241042005,24039.788351279407,21610.788351279407,0.046260029746788146,False
1134,457.4595528745182,24066.805147670697,21619.805147670697,0.04656666631970559,False
1135,457.729915064273,24124.821927067158,21671.821927067158,0.04656869283212682,False
1136,458.00029895531316,24243.83868947567,21787.83868947567,0.0463872344661489,False
1137,458.27070452326734,24304.855434903115,21831.855434903115,0.04660239535622563,False
1138,458.54113174376414,24415.872163356395,21912.872163356395,0.04697293727577307,False
1139,458.8115805924323,24468.888874842425,21955.888874842425,0.0470632245887973,False
1140,459.08205104490037,24528.90556936813,22011.90556936813,0.04702053026030001,False
1141,459.352543076797,24622.92224694044,22101.92224694044,0.04690954693810144,False
1142,459.62305666375096,24679.93890756632,22162.93890756632,0.04671673099554242,False
1143,459.89359178139057,24728.95555125272,22190.95555125272,0.047029770421521434,False
1144,460.1641484053449,24820.972178006617,22270.972178006617,0.04707961239171508,False
1145,460.4347265112424,24850.988787835002,22303.988787835002,0.046961135314597,False
1146,460.7053260747116,24879.00538074487,22325.00538074487,0.04704144179598651,False
1147,460.97594707138126,24969.021956743236,22394.021956743236,0.04726943156675572,False
1148,461.24658947688,25082.03851583712,22493.03851583712,0.04731470349933295,False
1149,461.51725326683663,25191.055058033566,22596.055058033566,0.04721373283168645,False
1150,461.78793841687957,25265.071583339613,22677.071583339613,0.04693356208491581,False
1151,462.0586449026375,25348.08809176233,22747.08809176233,0.04701939825839969,False
1152,462.3293726997391,25455.104583308785,22832.104583308785,0.04722894061591929,False
1153,462.60012178381305,25460.121057986064,22846.121057986064,0.047047990586895926,False
1154,462.87089213048796,25539.137515801267,22924.137515801267,0.046913221571764,False
1155,463.14168371539256,25638.153956761504,22982.153956761504,0.0474960214929771,False
1156,463.41249651415535,25721.170380873897,23054.170380873897,0.047541227771705066,False
1157,463.68333050240506,25788.186788145576,23112.186788145576,0.04757976848508909,False
1158,463.9541856557704,25855.203178583695,23188.203178583695,0.047280857878488236,False
1159,464.2250619498798,25927.219552195413,23248.219552195413,0.047366246936308996,False
1160,464.4959593603621,26040.235908987892,23355.235908987892,0.0472606559499725,False
1161,464.76687786284594,26135.252248968325,23419.252248968325,0.047653671711960235,False
1162,465.03781743295986,26187.268572143905,23468.268572143905,0.04760915262272759,False
1163,465.30877804633246,26334.284878521834,23589.284878521834,0.047806754135188485,False
1164,465.5797596785926,26365.30116810934,23601.30116810934,0.048096789789701964,False
1165,465.8507623053688,26470.317440913655,23693.317440913655,0.04813327642913524,False
1166,466.1217859022896,26517.333696942016,23736.333696942016,0.048116214985873075,False
1167,466.39283044498393,26600.34993620169,23818.34993620169,0.047975678382343755,False
1168,466.6638959090802,26701.366158699933,23922.366158699933,0.047729348876539346,False
1169,466.934982270207,26800.382364444034,24020.382364444034,0.04756107384120627,False
1170,467.2060895039932,26921.398553441286,24114.398553441286,0.04782118303714318,False
1171,467.47721758606735,27027.41472569899,24208.41472569899,0.047838154932732815,False
1172,467.74836649205804,27206.430881224467,24370.430881224467,0.047808364113254495,False
1173,468.019536197594,27318.447020025043,24442.447020025043,0.048311324734837645,False
1174,468.2907266783038,27446.463142108063,24548.463142108063,0.04846207923721554,False
1175,468.56193790981615,27572.47924748088,24666.47924748088,0.04836865332441465,False
1176,468.8331698677596,27663.495336150852,24736.495336150852,0.04856888432956318,False
1177,469.10442252776295,27765.511408125367,24814.511408125367,0.04879994861512996,False
1178,469.37569586545465,27900.527463411807,24952.527463411807,0.04849787149293836,False
1179,469.6469898564635,28008.54350201758,25046.54350201758,0.04854272486491033,False
1180,469.91830447641803,28124.55952395009,25160.55952395009,0.048365434638830286,False
1181,470.18963970094705,28157.575529216774,25191.575529216774,0.048339927774811844,False
1182,470.4609955056791,28325.59151782506,25339.59151782506,0.04837937827704864,False
1183,470.73237186624283,28434.607489782404,25440.607489782404,0.04831976013795729,False
1184,471.0037687582668,28547.623445096266,25532.623445096266,0.04847451928844905,False
1185,471.2751861573797,28645.63938377412,25619.63938377412,0.04848550792411858,False
1186,471.5466240392104,28756.65530582345,25722.65530582345,0.04842257369753761,False
1187,471.8180823793872,28857.671211251753,25777.671211251753,0.04901760093349838,False
1188,472.08956115353897,28999.68710006654,25871.68710006654,0.04956856188043543,False
1189,472.36106033729425,29136.702972275336,25980.702972275336,0.049789508857721244,False
1190,472.63257990628176,29238.718827885667,26090.718827885667,0.0494722943828645,False
1191,472.9041198361301,29381.734666905082,26220.734666905082,0.04943257667824832,False
1192,473.17568010246794,29556.75048934114,26381.75048934114,0.04935307680578095,False
1193,473.4472606809238,29616.76629520141,26429.76629520141,0.049444315451040596,False
1194,473.7188615471266,29697.78208449347,26515.78208449347,0.04921957498749104,False
1195,473.9904826767047,29854.797857224916,26645.797857224916,0.04938540609337467,False
1196,474.2621240452869,29997.81361340335,26756.81361340335,0.049655208996810134,False
1197,474.53378562850185,30106.82935303639,26845.82935303639,0.04978819572914251,False
1198,474.80546740197815,30207.845076131667,26931.845076131667,0.049853637752830825,False
1199,475.0771693413444,30336.86078269682,27038.86078269682,0.04998224886778552,False
1200,475.34889142222926,30461.8764727395,27137.8764727395,0.0501807913704123,False
1201,475.6206336202615,30540.892146267368,27218.892146267368,0.05001127458667181,False
1202,475.8923959110697,30661.907803288108,27319.907803288108,0.050119944041385395,False
1203,476.1641782702824,30734.923443809403,27382.923443809403,0.05015232346178485,False
1204,476.4359806735283,30912.939067838954,27536.939067838954,0.050224634261346435,False
1205,476.7078030964361,31072.95467538447,27677.95467538447,0.0502485577512883,False
1206,476.9796455146345,31210.970266453674,27781.970266453674,0.050544227765349135,False
1207,477.251507903752,31397.985841054306,27948.985841054306,0.05053573561093083,False
1208,477.52339023941727,31449.00139919411,27971.00139919411,0.050898844866226076,False
1209,477.7952924972591,31608.01694088084,28111.01694088084,0.05092069256301546,False
1210,478.0672146529058,31693.032466122273,28200.032466122273,0.05071418721250927,False
1211,478.33915668198654,31829.047974926187,28294.047974926187,0.05112856324151081,False
1212,478.6111185601295,31906.06346730038,28366.06346730038,0.05107415448767239,False
1213,478.88310026296347,32035.07894325265,28465.07894325265,0.051313405956216265,False
1214,479.15510176611724,32133.09440279082,28532.09440279082,0.05161889765144272,False
1215,479.4271230452191,32230.109845922718,28618.109845922718,0.051620839353108045,False
1216,479.6991640758981,32327.125272656183,28705.125272656183,0.05160763966327003,False
1217,479.9712248337827,32384.14068299907,28753.14068299907,0.051647088225226054,False
1218,480.2433052945016,32504.15607695924,28854.15607695924,0.05173051806325757,False
1219,480.5154054336833,32592.17145454457,28931.17145454457,0.05174727725475626,False
1220,480.78752522695663,32713.186815762943,29054.186815762943,0.0515141291113368,False
1221,481.05966464995015,32848.20216062226,29156.202160622262,0.05178065201347054,False
1222,481.3318236782925,32950.21748913044,29225.217489130442,0.05210053372423946,False
1223,481.6040022876123,33093.232801295395,29316.2328012954,0.05263103267126997,False
1224,481.8762004535382,33189.24809712506,29402.248097125062,0.05261687571652415,False
1225,482.14841815169893,33263.26337662739,29473.26337662739,0.05253662950760174,False
1226,482.42065535772304,33332.27863981033,29545.278639810327,0.052376913494538865,False
1227,482.69291204723925,33431.29388668185,29596.29388668185,0.052915854207322324,False
1228,482.9651881958762,33582.30911724993,29694.309117249933,0.0534373296707832,False
1229,483.23748377926245,33687.32433152258,29758.324331522574,0.05385804505946408,False
1230,483.50979877302666,33712.33952950777,29834.33952950777,0.05307246432117369,False
1231,483.78213315279754,33761.35471121354,29873.354711213542,0.0531358691974589,False
1232,484.0544868942037,33853.369876647914,29943.36987664791,0.053301231304371116,False
1233,484.3268599728739,33980.38502581892,30021.385025818916,0.053797571086538556,False
1234,484.59925236443655,34045.40015873461,30049.40015873461,0.05422263599358594,False
1235,484.87166404452046,34132.41527540305,30125.415275403047,0.05423397855553594,False
1236,485.1440949887542,34218.43037583231,30220.430375832308,0.053959439328947624,False
1237,485.4165451727665,34312.44546003047,30295.44546003047,0.05407432879400858,False
1238,485.689014572186,34395.46052800563,30368.46052800563,0.05407835194982291,False
1239,485.9615031626413,34447.4755797659,30418.475579765898,0.05401995531489128,False
1240,486.2340109197611,34512.49061531939,30434.490615319388,0.05461026422757305,False
1241,486.5065378191739,34575.505634674235,30469.505634674235,0.054903132095319516,False
1242,486.77908383650845,34662.52063783858,30536.520637838574,0.055040589576934605,False
1243,487.05164894739335,34734.535624820564,30575.535624820564,0.05538742326912003,False
1244,487.3242331274573,34838.55059562836,30636.550595628363,0.0558202125575618,False
1245,487.596836352329,34884.56555027015,30664.56555027015,0.05599650261283251,False
1246,487.86945859763694,34947.58048875411,30730.58048875411,0.05584634980567751,False
1247,488.1420998390098,35016.59541108844,30779.595411088445,0.05601101141637388,False
1248,488.4147600520764,35061.61031728136,30810.61031728136,0.0561315573882775,False
1249,488.6874392124653,35150.62520734108,30883.62520734108,0.05620478064108176,False
1250,488.9601372958049,35243.64008127584,30941.640081275833,0.05653742741812736,False
1251,489.2328542777242,35254.65493909387,30943.654939093867,0.05664485880615138,False
1252,489.5055901338517,35344.66978080344,30988.669780803437,0.0571209943566394,False
1253,489.7783448398159,35360.684606412804,30999.684606412804,0.057163389347426555,False
1254,490.0511183712457,35421.699415930256,31059.699415930256,0.057072144891593665,False
1255,490.32391070376957,35401.71420936407,31027.714209364072,0.05727450920668109,False
1256,490.5967218130162,35515.728986722555,31088.728986722555,0.05781776635000966,False
1257,490.8695516746143,35545.74374801402,31128.74374801402,0.05762601133770594,False
1258,491.1424002641925,35618.75849324679,31162.758493246787,0.058042883900947986,False
1259,491.41526755737925,35767.77322242919,31276.773222429194,0.058269962130088185,False
1260,491.68815352980346,35756.787935569584,31264.78793556958,0.058303011540554985,False
1261,491.9610581570937,35790.80263267631,31277.80263267631,0.0585352029831221,False
1262,492.2339814148785,35936.81731375775,31361.817313757747,0.059138391213204446,False
1263,492.50692327878664,35916.83197882227,31353.83197882227,0.05900739633408502,False
1264,492.77988372444656,35940.84662787827,31379.84662787827,0.058937486599623945,False
1265,493.0528627274873,35990.86126093415,31407.86126093415,0.05915387560401615,False
1266,493.32586026353715,36082.875877998325,31457.87587799832,0.05957174987220808,False
1267,493.5988763082248,36135.890479079215,31490.89047907921,0.0597538197831652,False
1268,493.87191083717903,36235.90506418525,31544.905064185252,0.06020988844771976,False
1269,494.1449638260285,36214.91963332489,31493.91963332489,0.06066081085540389,False
1270,494.41803525040166,36304.93418650659,31554.934186506587,0.06089837509353565,False
1271,494.6911250859274,36399.94872373881,31645.94872373881,0.060782651807912653,False
1272,494.96423330823404,36419.963245030034,31637.963245030034,0.06113098599006853,False
1273,495.2373598929506,36461.97775038875,31638.977750388756,0.06161777864177228,False
1274,495.5105048157054,36465.99223982348,31644.992239823474,0.0615830417044677,False
1275,495.78366805212727,36488.00671334271,31643.006713342707,0.06187239576045964,False
1276,496.0568495778449,36609.02117095498,31728.021170954977,0.06214513049307654,False
1277,496.3300493684868,36685.03561266881,31761.035612668817,0.06259429024973977,False
1278,496.6032673996816,36755.05003849277,31802.050038492776,0.06286190175747638,False
1279,496.87650364705803,36732.06444843541,31771.064448435412,0.06301357209329,False
1280,497.1497580862448,36871.078842505296,31882.078842505292,0.06313921375505177,False
1281,497.4230306928704,36978.093220711,31932.093220711,0.06371712450449174,False
1282,497.69632144256354,37080.10758306112,31990.107583061123,0.06412528489929914,False
1283,497.9696303109529,37085.121929564266,31955.121929564266,0.06465923223292401,False
1284,498.2429572736671,37083.13626022904,31933.13626022904,0.06493488279328313,False
1285,498.51630230633475,37063.15057506407,31904.150575064068,0.06509514767585935,False
1286,498.7896653845845,37058.164874077986,31890.16487407799,0.06522714460955924,False
1287,499.0630464840451,37149.17915727945,31961.179157279446,0.06532642854928437,False
1288,499.33644558034507,37266.1934246771,32071.193424677094,0.06519991269714961,False
1289,499.6098626491131,37306.207676279606,32085.207676279606,0.06547624885899869,False
1290,499.8832976659779,37369.22191209566,32106.22191209566,0.0659248520980991,False
1291,500.1567506065679,37366.23613213395,32060.236132133945,0.06651263723044695,False
1292,500.43022144651206,37444.250336403165,32078.25033640316,0.06717446782051274,False
1293,500.70371016143883,37476.264524912025,32109.26452491202,0.06712593774334455,False
1294,500.97721672697685,37576.27869766925,32175.27869766925,0.06739145089520555,False
1295,501.2507411187547,37660.292854683576,32209.292854683576,0.06790250274285686,False
1296,501.5242833124013,37752.30699596375,32278.30699596375,0.06803274815543457,False
1297,501.79784328354503,37771.32112151852,32278.321121518526,0.0682512374777952,False
1298,502.0714210078146,37780.335231356665,32269.335231356665,0.06847578841588468,False
1299,502.3450164608388,37827.34932548695,32310.34932548695,0.06846425661039375,False
1300,502.618629618246,37901.36340391817,32368.36340391817,0.06853409153838311,False
1301,502.8922604556651,37951.37746665912,32359.37746665912,0.06922738546629549,False
1302,503.1659089487247,37977.39151371861,32346.391513718612,0.06969929295384839,False
1303,503.4395750730532,38000.40554510547,32360.405545105466,0.06977427587363219,False
1304,503.7132588042796,38127.419560828515,32439.41956082852,0.0701643387288206,False
1305,503.98696011803236,38141.43356089661,32447.433560896603,0.07021666029930547,False
1306,504.2606789899402,38246.44754531858,32513.44754531858,0.07052808056472347,False
1307,504.53441539563164,38332.461514103314,32570.46151410331,0.07074279587751243,False
1308,504.80816931073537,38421.47546725967,32637.475467259672,0.07085748030443159,False
1309,505.0819407108801,38519.48940479654,32670.489404796543,0.07152488143188056,False
1310,505.3557295716944,38650.50332672283,32741.50332672283,0.07205653772437684,False
1311,505.629535868807,38660.51723304743,32744.517233047434,0.07212906827403784,False
1312,505.90335957784646,38776.53112377927,32834.53112377927,0.07223813635086436,False
1313,506.17720067444145,38861.544998927275,32850.544998927275,0.07297748362271059,False
1314,506.4510591342207,38949.558858500386,32913.558858500386,0.0731276992514382,False
1315,506.72493493281274,39093.57270250755,32999.57270250755,0.07359704534311232,False
1316,506.99882804584627,39227.58653095773,33083.58653095773,0.07397900457327222,False
1317,507.27273844895,39340.60034385989,33151.60034385989,0.07433648487465035,False
1318,507.54666611775235,39454.61414122302,33225.61414122302,0.07462478324502941,False
1319,507.82061102788225,39564.62792305612,33304.62792305612,0.07480249974187847,False
1320,508.0945731549681,39743.641689368174,33401.641689368174,0.07549984588345658,False
1321,508.3685524746387,39827.655440168215,33437.655440168215,0.07594892301753603,False
1322,508.6425489625226,39980.669175465264,33542.669175465264,0.07625243998011931,False
1323,508.9165625942486,40074.68289526835,33574.68289526835,0.07685817498096191,False
1324,509.1905933454452,40213.69659958652,33684.69659958652,0.07694135699226824,False
1325,509.46464119174107,40317.71028842883,33756.71028842883,0.07713574334035248,False
1326,509.73870610876486,40475.72396180435,33869.72396180435,0.07738296826580508,False
1327,510.0127880721452,40644.73761972217,34001.73761972217,0.07750321259986932,False
1328,510.28688705751085,40699.751262191356,34023.751262191356,0.07780956031278154,False
1329,510.5610030404903,40813.76488922102,34105.76488922102,0.07797886447651123,False
1330,510.8351359967122,40946.77850082027,34186.77850082027,0.07836156104984748,False
1331,511.10928590180526,41007.79209699823,34229.79209699823,0.07846212568931933,False
1332,511.3834527313983,41184.80567776402,34341.80567776402,0.07891389474595638,False
1333,511.65763646111964,41342.819243126796,34462.819243126796,0.07904928646404534,False
1334,511.93183706659806,41525.8327930957,34551.8327930957,0.07984726154788689,False
1335,512.2060545234623,41720.846327679894,34694.846327679894,0.0800881414892824,False
1336,512.4802888073409,41851.859846888554,34751.859846888554,0.08073671020764446,False
1337,512.7545398938624,41996.873350730864,34881.873350730864,0.08061715764532312,False
1338,513.0288077586557,42093.88683921602,34955.88683921602,0.08069870445434005,False
1339,513.3030923773493,42203.90031235322,35026.90031235322,0.0809508821914289,False
1340,513.5773937255719,42299.91377015168,35052.91377015168,0.08161535756046044,False
1341,513.8517117789521,42361.927212620634,35110.927212620634,0.08153341116313824,False
1342,514.1260465131185,42482.9406397693,35194.9406397693,0.08173433362421939,False
1343,514.4003979036997,42576.95405160695,35233.95405160695,0.08221320521468013,False
1344,514.6747659263247,42705.967448142816,35329.967448142816,0.08234532740011975,False
1345,514.9491505566216,42827.98082938618,35390.98082938618,0.08283500071739747,False
1346,515.2235517702196,42871.99419534631,35406.99419534631,0.0830846254567462,False
1347,515.4979695427469,42869.0075460325,35375.0075460325,0.08344688816652437,False
1348,515.7724038498324,42881.02088145405,35367.02088145405,0.0836666373525723,False
1349,516.0468546671046,42965.03420162026,35425.03420162026,0.0838048836260333,False
1350,516.3213219701922,42993.04750654046,35436.04750654046,0.08395295537026967,False
1351,516.595805734724,42991.060796223974,35398.060796223974,0.08439869055939293,False
1352,516.8703059363284,43045.07407068014,35409.07407068014,0.08480888914925794,False
1353,517.1448225506341,42971.0873299183,35358.0873299183,0.084687578973128,False
1354,517.4193555532698,42988.100573947835,35353.100573947835,0.08492074752717862,False
1355,517.6939049198643,43028.1138027781,35338.1138027781,0.08550894358782188,False
1356,517.9684706260459,43020.12701641848,35328.12701641848,0.08555107515304332,False
1357,518.2430526474436,43032.14021487837,35321.14021487837,0.08575823161697137,False
1358,518.5176509596857,42984.15339816716,35278.15339816716,0.08580253311874232,False
1359,518.7922655384011,42956.166566294276,35208.166566294276,0.08638210756109939,False
1360,519.0668963592184,43004.17971926913,35214.17971926913,0.08679309178584432,False
1361,519.3415433977661,42936.19285710116,35138.19285710116,0.087044110864102,False
1362,519.6162066296731,42942.20597979981,35140.20597979981,0.08708004792040472,False
1363,519.8908860305678,42916.21908737453,35089.21908737453,0.08744775062504762,False
1364,520.1655815760789,42908.23217983478,35056.23217983478,0.08777538537013314,False
1365,520.4402932418352,42931.24525719003,35056.24525719003,0.08800808714475526,False
1366,520.7150210034653,42963.25831944977,35071.25831944977,0.08814586250671319,False
1367,520.9897648365976,42938.2713666235,35041.2713666235,0.08826470153306343,False
1368,521.264524716861,42997.28439872071,35067.28439872071,0.08853889195584137,False
1369,521.5393006198841,43002.29741575092,35066.29741575092,0.08860174659749209,False
1370,521.8140925212955,43054.31041772366,35131.31041772366,0.08832228819217194,False
1371,522.0889003967238,43057.32340464845,35096.32340464845,0.08878540570679368,False
1372,522.3637242217977,43056.33637653485,35078.33637653485,0.088998084994003,False
1373,522.638563972146,43002.349333392405,35042.349333392405,0.08889896815440819,False
1374,522.913419623397,43037.362275230684,35071.362275230684,0.0888930104313179,False
1375,523.1882911511797,43199.37520205926,35165.37520205926,0.0893622100632209,False
1376,523.4631785311225,43211.38811388771,35175.38811388771,0.08935931972490781,False
1377,523.7380817388541,43230.40101072565,35191.40101072565,0.08935270717416312,False
1378,524.0130007500034,43202.413892582656,35164.413892582656,0.08940463012157504,False
1379,524.2879355401985,43268.42675946837,35178.42675946837,0.08989469138318437,False
1380,524.5628860850686,43274.4396113924,35146.4396113924,0.09035011574232857,False
1381,524.837852360242,43301.45244836438,35168.45244836438,0.09034920595987689,False
1382,525.1128343413475,43442.46527039398,35239.46527039398,0.0908851528650285,False
1383,525.3878320040136,43513.47807749082,35273.47807749082,0.09117551368853896,False
1384,525.6628453238692,43609.490869664594,35364.490869664594,0.09101360634309438,False
1385,525.9378742765426,43610.50364692496,35358.50364692496,0.0910972246436391,False
1386,526.2129188376629,43640.516409281605,35371.516409281605,0.09123620224750936,False
1387,526.4879789828583,43703.52915674423,35452.52915674423,0.09086928576179149,False
1388,526.7630546877576,43823.54188932254,35550.54188932254,0.09086125004920532,False
1389,527.0381459279896,43969.55460702625,35647.55460702625,0.09112232345787774,False
1390,527.3132526791828,44106.56730986508,35749.56730986508,0.09123246943165238,False
1391,527.5883749169658,44151.57999784877,35791.57999784877,0.09116537926700435,False
1392,527.8635126169673,44241.59267098706,35866.59267098706,0.09114063229374254,False
1393,528.138665754816,44222.60532928971,35874.60532928971,0.09085719308583301,False
1394,528.4138343061405,44338.61797276648,35974.61797276648,0.09078596139786492,False
1395,528.6890182465694,44451.63060142715,36076.63060142715,0.09066172707956442,False
1396,528.9642175517314,44552.643215281496,36168.643215281496,0.09054125742841337,False
1397,529.2394321972552,44630.65581433932,36228.65581433932,0.09058104774317875,False
1398,529.5146621587693,44714.668398610425,36308.668398610425,0.09043969271516741,False
1399,529.7899074119024,44842.68096810463,36369.68096810463,0.09095207798829691,False
1400,530.0651679322832,44900.693522831745,36399.693522831745,0.09115532203588364,False
1401,530.3404436955403,44967.70606280161,36446.70606280161,0.09124244919673671,False
1402,530.6157346773024,45058.71858802408,36538.71858802408,0.09102552420058453,False
1403,530.8910408531981,45143.73109850899,36578.73109850899,0.09136881446658075,False
1404,531.1663621988561,45334.74359426622,36772.74359426622,0.09090513022467928,False
1405,531.4416986899049,45367.75607530563,36784.75607530563,0.09107941872991737,False
1406,531.7170503019732,45446.76854163711,36851.76854163711,0.09104467368752535,False
1407,531.9924170106899,45504.78099327055,36915.78099327055,0.09084496769824443,False
1408,532.2677987916832,45577.79343021585,36970.79343021585,0.09089452467232,False
1409,532.5431956205821,45730.805852482925,37104.805852482925,0.09077869091107052,False
1410,532.8186074730152,45783.818260081694,37178.818260081694,0.09041642748727417,False
1411,533.0940343246108,45816.830653022094,37223.830653022094,0.09020398013752601,False
1412,533.3694761509979,45906.84303131406,37289.84303131406,0.09028687254983414,False
1413,533.6449329278051,46002.855394967555,37387.855394967555,0.09005423485541686,False
1414,533.9204046306611,46109.86774399252,37468.86774399252,0.09012330701386342,False
1415,534.1958912351944,46164.88007839894,37544.88007839894,0.08976099024796835,False
1416,534.4713927170337,46227.8923981968,37591.8923981968,0.08980990481945567,False
1417,534.7469090518075,46316.90470339607,37687.90470339607,0.08953753528511263,False
1418,535.0224402151447,46430.91699400676,37795.91699400676,0.0893623743745666,False
1419,535.2979861826739,46512.92927003888,37860.92927003888,0.08938242195951734,False
1420,535.5735469300234,46555.94153150245,37923.94153150245,0.0890616457571599,False
1421,535.8491224328224,46575.95377840749,37933.95377840749,0.0891336464172713,False
1422,536.124712666699,46659.96601076405,38023.96601076405,0.08888700502258542,False
1423,536.4003176072823,46644.978228582164,38011.978228582164,0.08888442285617337,False
1424,536.6759372302007,46702.9904318719,38082.9904318719,0.08861364607140305,False
1425,536.9515715110829,46669.00262064332,38088.00262064332,0.08824032117905302,False
1426,537.2272204255576,46728.0147949065,38158.0147949065,0.087991558678743,False
1427,537.5028839492533,46773.02695467152,38239.02695467152,0.08748864402400507,False
1428,537.7785620577987,46928.03909994849,38374.03909994849,0.087394893758368,False
1429,538.0542547268226,47017.0512307475,38462.0512307475,0.08722294598376636,False
1430,538.3299619319534,47074.06334707867,38510.06334707867,0.08720745441477719,False
1431,538.6056836488199,47070.07544895212,38513.07544895212,0.0871366939905304,False
1432,538.8814198530507,47150.08753637799,38593.08753637799,0.08697297883683949,False
1433,539.1571705202746,47103.09960936643,38566.09960936643,0.08684376810172535,False
1434,539.43293562612,47164.111667927566,38608.111667927566,0.08693309825634643,False
1435,539.7087151462156,47215.12371207159,38680.12371207159,0.0865932775196106,False
1436,539.9845090561901,47257.13574180865,38727.13574180865,0.08645201771355546,False
1437,540.2603173316722,47322.14775714894,38823.14775714894,0.0859737024271651,False
1438,540.5361399482904,47380.159758102636,38904.159758102636,0.08560048078509737,False
1439,540.8119768816736,47379.17174467995,38922.17174467995,0.08539039971860589,False
1440,541.08782810745,47452.18371689109,39031.18371689109,0.08484448062481423,False
1441,541.3636936012488,47528.19567474628,39116.19567474628,0.08459471739801633,False
1442,541.6395733386981,47610.207618255736,39238.207618255736,0.08399091454115835,False
1443,541.915467295427,47561.2195474297,39225.2195474297,0.08368759905509235,False
1444,542.1913754470639,47563.23146227841,39233.23146227841,0.08361727260744795,False
1445,542.4672977692376,47507.24336281213,39205.24336281213,0.08341567690207041,False
1446,542.7432342375765,47530.255249041125,39248.255249041125,0.0831497912844382,False
1447,543.0191848277094,47482.26712097567,39236.26712097567,0.08284376434651451,False
1448,543.295149515265,47520.278978626055,39315.278978626055,0.08231761986712934,False
1449,543.5711282758718,47527.29082200256,39364.29082200256,0.08184062739703137,False
1450,543.8471210851586,47488.30265111549,39325.30265111549,0.08191457342699308,False
1451,544.1231279187539,47497.31446597516,39371.31446597516,0.08148914042479431,False
1452,544.3991487522865,47550.326266591896,39446.326266591896,0.08114693868023738,False
1453,544.6751835613849,47490.33805297602,39421.33805297602,0.08087389988406096,False
1454,544.9512323216778,47487.34982513788,39454.34982513788,0.0804830421788298,False
1455,545.2272950087939,47473.36158308781,39465.36158308781,0.08023389896625349,False
1456,545.5033715983617,47394.37332683618,39446.37332683618,0.07971970453609387,False
1457,545.7794620660101,47451.38505639336,39521.38505639336,0.07941673719479014,False
1458,546.0555663873674,47525.396771769716,39642.396771769716,0.07876584734606923,False
1459,546.3316845380625,47504.40847297564,39674.40847297564,0.07822345426098923,False
1460,546.6078164937242,47533.42016002153,39741.42016002153,0.07775568153031341,False
1461,546.8839622299806,47633.431832917784,39836.431832917784,0.0776314405933084,False
1462,547.1601217224608,47666.44349167482,39890.44349167482,0.07734388466613226,False
1463,547.4362949467933,47630.455136303055,39879.455136303055,0.07713551544824278,False
1464,547.7124818786068,47683.466766812926,39957.466766812926,0.07676987579756311,False
1465,547.9886824935298,47604.47838321487,39950.47838321487,0.07612582672273625,False
1466,548.2648967671911,47526.489985519336,39909.489985519336,0.07585956330816725,False
1467,548.5411246752193,47524.50157373679,39928.50157373679,0.07563455836719257,False
1468,548.8173661932431,47633.51314787769,40080.51314787769,0.07497934038286663,False
1469,549.093621296891,47654.52470795252,40175.52470795252,0.07414258485352364,False
1470,549.3698899617916,47629.53625397177,40200.53625397177,0.07364450663172584,False
1471,549.6461721635739,47595.54778594592,40181.54778594592,0.0735396678809719,False
1472,549.9224678778662,47586.55930388549,40176.55930388549,0.07351156343892767,False
1473,550.1987770802973,47533.57080780099,40186.57080780099,0.07291949186146865,False
1474,550.4750997464959,47606.58229770294,40280.58229770294,0.07257126425251323,False
1475,550.7514358520903,47616.59377360187,40327.59377360187,0.07215601543386098,False
1476,551.0277853727096,47680.60523550832,40409.60523550832,0.07185715169236465,False
1477,551.3041482839822,47588.616683432854,40405.616683432854,0.07106134131936276,False
1478,551.5805245615368,47609.62811738601,40493.62811738601,0.07030809907944778,False
1479,551.8569141810019,47655.63953737837,40532.63953737837,0.07030941566672616,False
1480,552.1333171180064,47684.6509434205,40543.6509434205,0.07045575369777089,False
1481,552.4097333481789,47599.66233552299,40518.66233552299,0.06994877258836248,False
1482,552.6861628471478,47681.67371369644,40607.67371369644,0.06974338069452424,False
1483,552.962605590542,47746.68507795144,40717.68507795144,0.06916014599395162,False
1484,553.23906155399,47886.69642829862,40862.69642829862,0.0688878560311629,False
1485,553.5155307131206,47868.70776474859,40901.70776474859,0.06831026224564869,False
1486,553.7920130435623,47859.71908731198,40970.71908731198,0.0674965587619983,False
1487,554.0685085209439,47821.730395999446,40958.730395999446,0.06727880042310246,False
1488,554.3450171208938,47951.74169082161,41109.74169082161,0.06685963818500114,False
1489,554.6215388190408,48014.752971789145,41204.752971789145,0.0664273840016626,False
1490,554.8980735910135,48084.76423891271,41325.76423891271,0.06578659728611436,False
1491,555.1746214124406,48166.77549220298,41404.77549220298,0.06569713947320172,False
1492,555.4511822589508,48163.78673167065,41473.78673167065,0.06494693458623887,False
1493,555.7277561061726,48111.79795732639,41465.79795732639,0.064561559714165,False
1494,556.0043429297347,48116.809169180924,41500.809169180924,0.06424025517729176,False
1495,556.2809427052657,48072.820367244945,41497.820367244945,0.06387431593019058,False
1496,556.5575554083945,48152.83155152919,41595.83155152919,0.06357201941743193,False
1497,556.8341810147493,48217.84272204437,41719.84272204437,0.06286511350753718,False
1498,557.1108194999591,48265.85387880122,41793.85387880122,0.06252757377987934,False
1499,557.3874708396526,48317.8650218105,41876.8650218105,0.06213357410621311,False
1500,557.6641350094579,48344.87615108296,41963.87615108296,0.06147485538686229,False
1501,557.9408119850043,48456.887266629354,42120.887266629354,0.060858001927043756,False
1502,558.2175017419202,48550.898368460454,42207.898368460454,0.060803542209466405,False
1503,558.4942042558341,48560.90945658705,42253.90945658705,0.06041991432708358,False
1504,558.7709195023748,48667.920531019925,42409.920531019925,0.059775331563144005,False
1505,559.0476474571709,48734.93159176987,42485.93159176987,0.05959521529409673,False
1506,559.3243880958511,48770.94263884771,42554.94263884771,0.059211140210944466,False
1507,559.6011413940439,48829.95367226424,42621.95367226424,0.059052959554416966,False
1508,559.8779073273781,48930.964692030284,42730.964692030284,0.05884108058291545,False
1509,560.1546858714822,48968.97569815669,42804.97569815669,0.05842676499501914,False
1510,560.4314770019851,48984.98669065429,42839.98669065429,0.05821366715093695,False
1511,560.7082806945151,49015.997669533936,42926.997669533936,0.057607331854220636,False
1512,560.9850969247011,49083.00863480648,43047.00863480648,0.056988198336850676,False
1513,561.2619256681718,49144.01958648279,43155.01958648279,0.05643935734437858,False
1514,561.5387669005554,49253.03052457375,43307.03052457375,0.05587455161116004,False
1515,561.8156205974811,49318.04144909023,43418.04144909023,0.05533559236875929,False
1516,562.0924867345773,49380.05236004314,43528.05236004314,0.054782310786991806,False
1517,562.3693652874725,49505.06325744337,43682.06325744337,0.054346476351767474,False
1518,562.6462562317956,49608.074141301826,43809.074141301826,0.05398829249216698,False
1519,562.9231595431752,49702.08501162944,43898.08501162944,0.05392903264161733,False
1520,563.2000751972397,49869.09586843712,44042.09586843712,0.05396351655847781,False
1521,563.4770031696181,49991.10671173582,44197.10671173582,0.053498911413552584,False
1522,563.7539434359388,50037.11754153647,44298.11754153647,0.052907012424545805,False
1523,564.0308959718305,50096.12835785003,44389.12835785003,0.05252754590290709,False
1524,564.3078607529219,50171.13916068746,44476.13916068746,0.05232688159418162,False
1525,564.5848377548416,50265.14995005973,44600.14995005973,0.05193066361704266,False
1526,564.8618269532183,50440.16072597781,44791.16072597781,0.05158414479516504,False
1527,565.1388283236805,50548.17148845269,44911.17148845269,0.05135106660340029,False
1528,565.415841841857,50623.18223749537,45004.18223749537,0.051096567357004616,False
1529,565.6928674833764,50680.19297311685,45131.19297311685,0.05036144628857037,False
1530,565.9699052238673,50722.20369532814,45215.20369532814,0.04991362211346006,False
1531,566.2469550389583,50909.21440414026,45428.21440414026,0.04947072853223182,False
1532,566.5240169042783,51054.22509956424,45620.22509956424,0.04887426501753288,False
1533,566.8010907954557,51111.23578161112,45717.23578161112,0.0484364179676439,False
1534,567.0781766881191,51165.24645029193,45824.24645029193,0.04787973835205958,False
1535,567.3552745578974,51222.25710561775,45909.25710561775,0.0475584465570124,False
1536,567.6323843804191,51251.26774759961,45964.26774759961,0.0472842667335693,False
1537,567.9095061313128,51406.27837624861,46143.27837624861,0.046907716768208006,False
1538,568.1866397862073,51532.288991575806,46292.288991575806,0.04657077798272774,False
1539,568.4637853207308,51633.299593592295,46409.299593592295,0.04632486512840696,False
1540,568.7409427105126,51632.31018230918,46460.31018230918,0.045839452153930184,False
1541,569.018111931181,51732.32075773754,46554.32075773754,0.04580196714457124,False
1542,569.2952929583647,51944.331319888515,46759.331319888515,0.045669868040303964,False
1543,569.5724857676922,51974.34186877321,46843.34186877321,0.04514112805893334,False
1544,569.8496903347924,52097.35240440275,46995.35240440275,0.04476074234993825,False
1545,570.1269066352936,52128.362926788286,47077.362926788286,0.04426195874619147,False
1546,570.4041346448248,52146.37343594095,47138.37343594095,0.04384951781846584,False
1547,570.6813743390145,52232.3839318719,47278.3839318719,0.04327722478333782,False
1548,570.9586256934914,52336.394414592294,47389.394414592294,0.043122640779638885,False
1549,571.235888683884,52408.404884113304,47475.404884113304,0.04293226438858672,False
1550,571.5131632858211,52423.4153404461,47519.4153404461,0.0426542228210707,False
1551,571.7904494749312,52458.42578360189,47564.42578360189,0.04253299563600681,False
1552,572.067747226843,52493.43621359184,47648.43621359184,0.04205635057486712,False
1553,572.3450565171853,52563.44663042718,47749.44663042718,0.04171549164935507,False
1554,572.6223773215866,52716.45703411909,47929.45703411909,0.04134370537617592,False
1555,572.8997096156754,52843.46742467882,48088.46742467882,0.04095037056982043,False
1556,573.1770533750807,52880.47780211757,48146.47780211757,0.040730849139454656,False
1557,573.4544085754309,52892.488166446594,48176.488166446594,0.040558858720574194,False
1558,573.7317751923547,52895.49851767712,48221.49851767712,0.04017801226438806,False
1559,574.0091532014807,52879.50885582041,48234.50885582041,0.03992955206229436,False
1560,574.2865425784375,52851.51918088771,48241.51918088771,0.03963649954181347,False
1561,574.563943298854,52827.52949289031,48250.52949289031,0.039358217574903105,False
1562,574.8413553383587,52951.53979183946,48397.53979183946,0.039055308020953645,False
1563,575.1187786725801,52938.55007774646,48435.55007774646,0.038607805992312075,False
1564,575.3962132771469,52986.560350622596,48517.560350622596,0.0382667732351872,False
1565,575.673659127688,53072.57061047916,48611.57061047916,0.03813047043008493,False
1566,575.9511161998317,53125.58085732748,48667.58085732748,0.038063932417988826,False
1567,576.2285844692069,53175.591091178845,48762.591091178845,0.03762555154169504,False
1568,576.5060639114422,53169.6013120446,48789.6013120446,0.03733613454811802,False
1569,576.7835545021661,53064.61151993606,48713.61151993606,0.03715466075387264,False
1570,577.0610562170074,53078.621714864574,48762.621714864574,0.03683258972467274,False
1571,577.3385690315946,52891.63189684149,48612.63189684149,0.036637832276270134,False
1572,577.6160929215565,52974.642065878164,48737.642065878164,0.0362035168647331,False
1573,577.8936278625216,53058.65222198595,48848.65222198595,0.035903628337433414,False
1574,578.1711738301187,53046.66236517623,48883.66236517623,0.03549432798239832,False
1575,578.4487307999764,53111.67249546037,48950.67249546037,0.03543131502402331,False
1576,578.7262987477233,53033.68261284976,48930.68261284976,0.03497051072223691,False
1577,579.0038776489879,53032.692717355814,48953.692717355814,0.03475822138406815,False
1578,579.2814674793991,53012.70280898992,48973.70280898992,0.03441700549383267,False
1579,579.5590682145854,52980.71288776348,48984.71288776348,0.03405723081869899,False
1580,579.8366798301756,53042.722953687924,49072.722953687924,0.03378565368258664,False
1581,580.114302301798,53049.73300677467,49104.73300677467,0.0335598484580038,False
1582,580.3919356050817,53056.74304703517,49131.74304703517,0.03337841489229206,False
1583,580.6695797156551,53030.75307448085,49085.75307448085,0.033572336118213746,False
1584,580.9472346091468,52880.76308912316,48976.76308912316,0.03330763466380553,False
1585,581.2249002611856,52741.77309097356,48903.77309097356,0.03281235826353337,False
1586,581.5025766474,52764.783080043526,48958.783080043526,0.0325135426181847,False
1587,581.7802637434188,52681.79305634451,48906.79305634451,0.032291362060162275,False
1588,582.0579615248704,52608.803019888015,48894.803019888015,0.03179571979127703,False
1589,582.3356699673836,52501.81297068552,48847.81297068552,0.031329176416750634,False
1590,582.6133890465871,52541.82290874851,48872.82290874851,0.031437711581434206,False
1591,582.8911187381095,52597.832834088505,48917.832834088505,0.031500641868850966,False
1592,583.1688590175795,52521.84274671701,48852.84274671701,0.03145011467016635,False
1593,583.4466098606256,52424.85264664555,48800.85264664555,0.03110980839851916,False
1594,583.7243712428766,52305.86253388565,48712.86253388565,0.030906717145414382,False
1595,584.0021431399608,52259.87240844884,48695.87240844884,0.03067619425003706,False
1596,584.2799255275073,52119.88227034667,48613.88227034667,0.030243121136298592,False
1597,584.5577183811447,51949.89211959069,48462.89211959069,0.030175322064784318,False
1598,584.8355216765013,51851.90195619245,48415.90195619245,0.029776664293685497,False
1599,585.1133353892061,51757.91178016352,48356.91178016352,0.029518188305358784,False
1600,585.3911594948875,51708.92159151548,48349.92159151548,0.029169706366680297,False
1601,585.6689939691742,51697.9313902599,48337.9313902599,0.02918510489996261,False
1602,585.9468387876949,51714.94117640837,48364.94117640837,0.029085371127018287,False
1603,586.2246939260782,51716.950949972495,48406.950949972495,0.028725184259419435,False
1604,586.5025593599528,51753.960710963875,48452.960710963875,0.02862327209523638,False
1605,586.7804350649474,51681.97045939411,48388.97045939411,0.028592681481842217,False
1606,587.0583210166905,51590.98019527484,48287.98019527484,0.02873473929116225,False
1607,587.3362171908108,51421.98991861767,48146.98991861767,0.02857973804377978,False
1608,587.6141235629369,51285.99962943425,48066.99962943425,0.028151810831116755,False
1609,587.8920401086975,51150.00932773621,47980.00932773621,0.027785389183811387,False
1610,588.1699668037213,51028.01901353521,47921.01901353521,0.027282664169818466,False
1611,588.447903623637,50951.028686842896,47861.028686842896,0.02717092795604945,False
1612,588.725850544073,50938.03834767094,47863.03834767094,0.027041951842054827,False
1613,589.003807540658,50822.04799603101,47797.04799603101,0.02665108711871802,False
1614,589.2817745890209,50745.05763193478,47738.05763193478,0.02652900564044117,False
1615,589.55975166479,50612.06725539395,47633.06725539395,0.02634552836391617,False
1616,589.8377387435943,50581.0768664202,47620.0768664202,0.026197979105742935,False
1617,590.1157358010622,50453.08646502523,47520.08646502523,0.02601051713565434,False
1618,590.3937428128223,50478.09605122077,47559.09605122077,0.025869374235049383,False
1619,590.6717597545035,50346.105625018514,47399.105625018514,0.026195735578730842,False
1620,590.9497866017341,50301.11518643019,47409.11518643019,0.02571576356513459,False
1621,591.2278233301431,50239.124735467536,47369.124735467536,0.02554670441776467,False
1622,591.5058699153589,50078.134272142284,47266.134272142284,0.025098055917193343,False
1623,591.7839263330103,50003.14379646618,47201.14379646618,0.02504478739241804,False
1624,592.0619925587258,49852.15330845099,47053.15330845099,0.025095188555903973,False
1625,592.3400685681341,49865.16280810845,47059.16280810845,0.02515304461246827,False
1626,592.618154336864,49889.17229545034,47119.17229545034,0.024808645732926946,False
1627,592.896249840544,49901.181770488445,47155.181770488445,0.024581407519493052,False
1628,593.1743550548026,49785.19123323454,47044.19123323454,0.024594172966512985,False
1629,593.4524699552688,49668.2006837004,46934.2006837004,0.02458900123170623,False
1630,593.7305945175709,49531.21012189785,46853.21012189785,0.024139586888393263,False
1631,594.0087287173377,49445.21954783867,46805.21954783867,0.023830022880729145,False
1632,594.2868725301978,49412.22896153468,46809.22896153468,0.02350295762651681,False
1633,594.56502593178,49358.238362997705,46789.238362997705,0.023213675179179476,False
1634,594.8431888977128,49400.24775223956,46839.24775223956,0.02311921540441096,False
1635,595.1213614036249,49360.25712927208,46795.25712927208,0.023175575405904394,False
1636,595.3995434251448,49316.26649410712,46751.26649410712,0.023196810319690522,False
1637,595.6777349379013,49160.27584675651,46625.27584675651,0.02299289690345196,False
1638,595.9559359175231,49046.28518723211,46546.28518723211,0.02272109299088665,False
1639,596.2341463396386,49026.294515545786,46564.294515545786,0.022376042377241875,False
1640,596.5123661798767,49014.3038317094,46558.3038317094,0.022325688450226627,False
1641,596.790595413866,49043.31313573484,46607.31313573484,0.02212573437700231,False
1642,597.068834017235,49007.32242763398,46545.32242763398,0.022384931889448394,False
1643,597.3470819656123,49010.331707418714,46557.331707418714,0.02229955979527814,False
1644,597.625339234627,48884.34097510093,46454.34097510093,0.022143461368395526,False
1645,597.9036057999072,48844.35023069255,46439.35023069255,0.02192820206618562,False
1646,598.1818816370817,48768.35947420548,46431.35947420548,0.021326746885275197,False
1647,598.4601667217793,48750.36870565163,46402.36870565163,0.021437754087054138,False
1648,598.7384610296285,48675.37792504293,46319.37792504293,0.021546614021362057,False
1649,599.0167645362582,48698.38713239132,46358.38713239132,0.021386259930809053,False
1650,599.2950772172967,48741.39632770873,46403.39632770873,0.02134819823216269,False
1651,599.5733990483727,48742.40551100712,46408.40551100712,0.021310311174820552,False
1652,599.8517300051152,48690.41468229843,46395.41468229843,0.020968412522146002,False
1653,600.1300700631524,48702.42384159464,46467.42384159464,0.0204019800741502,False
1654,600.4084191981132,48657.4329889077,46456.4329889077,0.02010333239791772,False
1655,600.6867773856261,48611.442124249596,46408.442124249596,0.020141515280731517,False
1656,600.9651446013198,48583.4512476323,46395.4512476323,0.020012959686834933,False
1657,601.243520820823,48552.46035906781,46372.46035906781,0.019951103705412896,False
1658,601.5219060197644,48454.46945856812,46329.46945856812,0.019476515808586142,False
1659,601.8003001737725,48392.47854614524,46297.47854614524,0.01922052708465028,False
1660,602.078703258476,48549.48762181117,46448.48762181117,0.019213073054213246,False
1661,602.3571152495035,48568.49668557793,46469.49668557793,0.01918669256881425,False
1662,602.6355361224837,48459.50573745754,46387.50573745754,0.01897795916644588,False
1663,602.9139658530453,48311.51477746204,46284.51477746204,0.018614939559072993,False
1664,603.1924044168169,48192.523805603465,46185.523805603465,0.01847379709952351,False
1665,603.470851789427,48159.53282189386,46135.53282189386,0.018646724669575978,False
1666,603.7493079465045,48068.54182634527,46081.54182634527,0.018333946308026802,False
1667,604.0277728636778,48005.55081896976,46035.55081896976,0.018198113295159066,False
1668,604.3062465165756,47937.55979977939,45992.55979977939,0.017988341356676416,False
1669,604.5847288808268,47914.56876878624,45959.56876878624,0.018091638730301608,False
1670,604.8632199320598,47929.577726002375,45972.577726002375,0.018104747007389156,False
1671,605.1417196459032,47904.586671439894,45990.586671439894,0.017708147738386894,False
1672,605.4202279979858,47934.59560511089,46006.59560511089,0.017828970303856422,False
1673,605.6987449639362,47957.604527027455,46041.604527027455,0.017707031875824914,False
1674,605.977270519383,47922.6134372017,46005.6134372017,0.01772966812870318,False
1675,606.2558046399548,48010.62233564573,46073.62233564573,0.0178849774433972,False
1676,606.5343473012804,48000.63122237167,46053.63122237167,0.01798306951390042,False
1677,606.8128984789884,47974.640097391646,46052.640097391646,0.017757192969200176,False
1678,607.0914581487074,47913.648960717794,46016.648960717794,0.017544257540139854,False
1679,607.370026286066,47888.657812362246,46027.657812362246,0.017213789412366585,False
1680,607.648602866693,47828.66665233716,45981.66665233716,0.017103565295557305,False
1681,607.9271878662169,47800.675480654674,45963.675480654674,0.01701928403628136,False
1682,608.2057812602663,47726.68429732697,45875.68429732697,0.0171787084015905,False
1683,608.48438302447,47660.69310236619,45816.69310236619,0.017136613711361572,False
1684,608.7629931344566,47681.70189578452,45848.70189578452,0.017024704120247838,False
1685,609.0416115658547,47564.710677594136,45760.710677594136,0.016792098841615973,False
1686,609.3202382942931,47521.71944780723,45743.71944780723,0.01656067161788496,False
1687,609.5988732954002,47521.72820643599,45800.72820643599,0.01601984299659428,False
1688,609.8775165448047,47569.73695349261,45873.73695349261,0.015766629958808825,False
1689,610.1561680181354,47485.745688989315,45805.745688989315,0.0156433047271274,False
1690,610.4348276910209,47518.7544129383,45820.7544129383,0.015802812836073002,False
1691,610.7134955390896,47528.76312535179,45819.76312535179,0.015903672804152266,False
1692,610.9921715379706,47559.77182624201,45882.77182624201,0.01559011616565635,False
1693,611.2708556632922,47561.7805156212,45871.7805156212,0.015712506810757497,False
1694,611.549547890683,47656.78919350159,45966.78919350159,0.015680609948326936,False
1695,611.828248195772,47754.79785989542,46014.79785989542,0.01611949255197623,False
1696,612.1069565541875,47830.80651481496,46137.80651481496,0.015650760499738573,False
1697,612.3856729415583,47910.81515827246,46222.81515827246,0.015577167783812006,False
1698,612.6643973335129,47930.823790280185,46249.823790280185,0.01550481086826441,False
1699,612.9431297056801,48006.8324108504,46342.8324108504,0.015320477522031849,False
1700,613.2218700336886,48135.841019995394,46494.841019995394,0.015063797060359594,False
1701,613.5006182931669,48254.84961772744,46659.84961772744,0.014597631765279222,False
1702,613.7793744597436,48400.85820405884,46814.85820405884,0.014469349960757225,False
1703,614.0581385090476,48506.86677900189,46930.86677900189,0.01434464760676057,False
1704,614.3369104167073,48727.875342568885,47117.875342568885,0.014591776620707262,False
1705,614.6156901583514,48913.88389477214,47289.88389477214,0.014663900602608844,False
1706,614.8944777096086,49124.89243562398,47484.89243562398,0.014746153886292765,False
1707,615.1732730461076,49368.900965136716,47719.900965136716,0.014753925508758784,False
1708,615.4520761434768,49544.90948332268,47904.90948332268,0.014619015408135833,False
1709,615.7308869773451,49771.91799019421,48187.91799019421,0.014046214304765546,False
1710,616.0097055233412,50013.92648576365,48422.92648576365,0.014039918511250533,False
1711,616.2885317570934,50126.934970043345,48531.934970043345,0.014043543330805779,False
1712,616.5673656542307,50379.94344304565,48793.94344304565,0.013891757151861975,False
1713,616.8462071903814,50614.95190478293,49047.95190478293,0.013657951249596664,False
1714,617.1250563411744,50749.96035526755,49179.96035526755,0.013647533012970439,False
1715,617.4039130822383,50835.96879451188,49228.96879451188,0.013950365790677354,False
1716,617.6827773892018,51047.9772225283,49459.9772225283,0.013724625810736676,False
1717,617.9616492376933,51270.9856393292,49716.9856393292,0.013366877127612394,False
1718,618.2405286033418,51520.99404492698,49940.99404492698,0.013527051233509215,False
1719,618.5194154617757,51701.00243933402,50118.00243933402,0.013505210856107673,False
1720,618.7983097886237,51988.01082256274,50434.01082256274,0.013179693374986728,False
1721,619.0772115595145,52187.01919462554,50624.01919462554,0.01320586948918189,False
1722,619.3561207500766,52386.027555534856,50831.027555534856,0.013086577938188718,False
1723,619.6350373359388,52470.03590530309,50895.03590530309,0.01323593630073493,False
1724,619.9139612927296,52655.044243942684,51040.044243942684,0.0135289398439258,False
1725,620.1928925960779,52770.052571466076,51169.052571466076,0.01338015103778365,False
1726,620.471831221612,52873.060887885695,51320.060887885695,0.012947290020662292,False
1727,620.7507771449608,53019.069193214,51468.069193214,0.012894222808527827,False
1728,621.0297303417528,53050.077487463444,51498.077487463444,0.012895006211291648,False
1729,621.3086907876168,53104.08577064649,51583.08577064649,0.012620617844283736,False
1730,621.5876584581814,53195.09404277559,51693.09404277559,0.012439053765473202,False
1731,621.8666333290751,53249.10230386324,51792.10230386324,0.012048750738193557,False
1732,622.1456153759267,53401.1105539219,51930.1105539219,0.012131041744367112,False
1733,622.4246045743648,53532.11879296406,52068.11879296406,0.012042546014808727,False
1734,622.7036009000179,53662.12702100221,52192.12702100221,0.012062886618623427,False
1735,622.982604328515,53856.13523804885,52368.13523804885,0.01216807534441415,False
1736,623.2616148354844,54013.14344411649,52537.14344411649,0.012032997403817415,False
1737,623.540632396555,54087.15163921763,52619.15163921763,0.011950269218845186,False
1738,623.8196569873552,54131.15982336478,52686.15982336478,0.011750787487031324,False
1739,624.0986885835138,54231.16799657047,52793.16799657047,0.011671234300080116,False
1740,624.3777271606593,54235.17615884723,52777.17615884723,0.011834905514531825,False
1741,624.6567726944206,54295.18431020758,52850.18431020758,0.01171480551196195,False
1742,624.9358251604261,54258.192450664064,52762.192450664064,0.012142487965406247,False
1743,625.2148845343046,54167.20058022924,52718.20058022924,0.011775813204089365,False
1744,625.4939507916847,54087.20869891564,52656.20869891564,0.01164498295718071,False
1745,625.773023908195,54094.21680673583,52701.21680673583,0.011330194663923036,False
1746,626.0521038594642,54065.22490370238,52706.22490370238,0.011056103053839689,False
1747,626.3311906211209,54044.23298982784,52701.23298982784,0.010928581581467573,False
1748,626.6102841687938,54065.24106512481,52735.24106512481,0.010817208142388122,False
1749,626.8893844781114,54039.24912960584,52753.24912960584,0.010460092450219092,False
1750,627.1684915247026,53981.25718328354,52687.25718328354,0.010537404267814849,False
1751,627.4476052841959,53927.26522617049,52620.26522617049,0.010655364024478023,False
1752,627.7267257322198,53865.2732582793,52539.2732582793,0.010824806183757809,False
1753,628.0058528444033,53783.28127962256,52471.28127962256,0.010725625464667463,False
1754,628.2849865963747,53849.289290212895,52501.289290212895,0.011010007158584278,False
1755,628.5641269637629,53854.2972900629,52513.2972900629,0.01095107510592836,False
1756,628.8432739221963,53767.30527918522,52429.30527918522,0.010944167882185064,False
1757,629.1224274473037,53802.31325759246,52478.31325759246,0.010821081150822563,False
1758,629.4015875147138,53697.32122529727,52353.32122529727,0.0110083828266689,False
1759,629.6807541000552,53565.329182312285,52247.329182312285,0.010819683422315707,False
1760,629.9599271789564,53477.33712865014,52193.33712865014,0.010554708110380588,False
1761,630.2391067270462,53479.3450643235,52215.3450643235,0.010387927650004855,False
1762,630.5182927199531,53365.352989345,52106.352989345,0.010368709212482582,False
1763,630.797485133306,53370.36090372732,52094.36090372732,0.010509425169109575,False
1764,631.0766839427333,53441.36880748312,52157.36880748312,0.010561898964180312,False
1765,631.3558891238638,53270.376700625086,52011.376700625086,0.010387418538639599,False
1766,631.6351006523261,53114.38458316587,51858.38458316587,0.010393169697408137,False
1767,631.9143185037487,53004.392455118184,51792.392455118184,0.010045887998238237,False
1768,632.1935426537605,52975.4003164947,51808.4003164947,0.009674064385197944,False
1769,632.4727730779899,52854.40816730812,51740.40816730812,0.009251363778885767,False
1770,632.7520097520658,52837.41600757114,51709.41600757114,0.009371937473000767,False
1771,633.0312526516166,52735.42383729648,51615.42383729648,0.009322942930287945,False
1772,633.3105017522711,52584.43165649684,51461.43165649684,0.009375320224776629,False
1773,633.5897570296578,52533.43946518494,51375.43946518494,0.009680285975592355,False
1774,633.8690184594055,52503.44726337352,51298.44726337352,0.010083599396132927,False
1775,634.1482860171428,52563.45505107528,51366.45505107528,0.010004309292866572,False
1776,634.4275596784984,52568.46282830298,51384.46282830298,0.009893457070981186,False
1777,634.7068394191008,52446.47059506935,51277.47059506935,0.009789673255915914,False
1778,634.9861252145787,52261.47835138714,51076.47835138714,0.009960745057114693,False
1779,635.2654170405609,52127.486097269095,50925.486097269095,0.010131597976819494,False
1780,635.5447148726759,52047.493832727974,50852.493832727974,0.010087566591336876,False
1781,635.8240186865522,51922.501557776544,50743.501557776544,0.009975175601365452,False
1782,636.1033284578186,51763.50927242757,50635.50927242757,0.009568529058295791,False
1783,636.3826441621039,51691.51697669382,50601.51697669382,0.009255740778942447,False
1784,636.6619657750366,51656.524670588085,50523.524670588085,0.009631543901072397,False
1785,636.9412932722452,51462.53235412314,50325.53235412314,0.009702775399581816,False
1786,637.2206266293585,51201.540027311785,50064.540027311785,0.009752793376587812,False
1787,637.4999658220052,51052.5476901668,49977.5476901668,0.009242477436358053,False
1788,637.7793108258138,50946.555342701,49890.555342701,0.00909648712224696,False
1789,638.0586616164131,50890.562984927186,49813.562984927186,0.009289648986447916,False
1790,638.3380181694317,50780.57061685817,49710.57061685817,0.00924882835469363,False
1791,638.6173804604981,50708.57823850676,49660.57823850676,0.00906966192615496,False
1792,638.8967484652411,50566.585849885785,49517.585849885785,0.009104168766870311,False
1793,639.1761221592893,50453.593451008084,49412.593451008084,0.009054454678627822,False
1794,639.4555015182714,50424.601041886475,49363.601041886475,0.009235637097295397,False
1795,639.734886517816,50289.6086225338,49235.6086225338,0.009198944959925074,False
1796,640.0142771335516,50102.6161929629,49069.6161929629,0.009047742801316348,False
1797,640.293673341107,49885.623753186635,48898.623753186635,0.008678770740097761,False
1798,640.5730751161109,49799.63130321785,48808.63130321785,0.008729498131322885,False
1799,640.8524824341919,49609.638843069406,48619.638843069406,0.008754336906422583,False
1800,641.1318952709786,49390.64637275417,48385.64637275417,0.008928162722217586,False
1801,641.4113136020995,49270.65389228501,48281.65389228501,0.00880618754852733,False
1802,641.6907374031836,49164.66140167479,48168.66140167479,0.008888474993253225,False
1803,641.9701666498593,49056.66890093642,48060.66890093642,0.008908243984075907,False
1804,642.2496013177553,49056.67639008276,48067.67639008276,0.00884499256384138,False
1805,642.5290413825002,48968.683869126704,48016.683869126704,0.008526268159051456,False
1806,642.8084868197227,48916.69133808116,47967.69133808116,0.00850825765465526,False
1807,643.0879376050514,48759.69879695902,47823.69879695902,0.008417851757585233,False
1808,643.367393714115,48574.706245773195,47648.706245773195,0.008359069693530055,False
1809,643.6468551225421,48384.7136845366,47463.7136845366,0.008346459924042525,False
1810,643.9263218059615,48128.72111326214,47226.72111326214,0.00821652751350091,False
1811,644.2057937400016,47949.72853196274,47042.72853196274,0.008293649375154047,False
1812,644.4852709002911,47801.735940651335,46914.735940651335,0.00813439224546647,False
1813,644.7647532624587,47632.74333934086,46776.74333934086,0.007875612446359979,False
1814,645.0442408021332,47507.75072804424,46658.75072804424,0.007831362545286111,False
1815,645.323733494943,47332.75810677442,46499.75810677442,0.0077111181100848565,False
1816,645.6032313165168,47267.76547554436,46434.76547554436,0.0077218156278276145,False
1817,645.8827342424834,47127.772834366995,46263.772834366995,0.00803586952734376,False
1818,646.1622422484712,46813.780183255294,45988.780183255294,0.007721821146879594,False
1819,646.441755310109,46659.787522222214,45869.787522222214,0.007416028386440963,False
1820,646.7212734030254,46449.79485128073,45667.79485128073,0.007373758791774652,False
1821,647.0007965028492,46287.80217044381,45510.80217044381,0.007352069755383456,False
1822,647.2803245852087,46171.80947972443,45411.80947972443,0.007208087795673951,False
1823,647.5598576257329,46012.81677913557,45237.81677913557,0.007377183115451958,False
1824,647.8393956000502,45911.824068690235,45138.824068690235,0.007374306659096859,False
1825,648.1189384837895,45739.8313484014,44977.8313484014,0.0072960472889672424,False
1826,648.3984862525792,45611.83861828207,44879.83861828207,0.007026292464830546,False
1827,648.6780388820481,45415.84587834524,44665.84587834524,0.007231844374904159,False
1828,648.9575963478247,45344.85312860393,44584.85312860393,0.007340659233914968,False
1829,649.2371586255376,45269.86036907114,44524.86036907114,0.00720658877344323,False
1830,649.5167256908159,45083.86759975989,44315.86759975989,0.007461909515475669,False
1831,649.7962975192877,44883.87482068322,44081.87482068322,0.007830285504692497,False
1832,650.0758740865818,44856.88203185413,44116.88203185413,0.00722427179680113,False
1833,650.3554553683271,44736.88923328567,43996.88923328567,0.007243811159286639,False
1834,650.6350413401518,44618.896424990875,43897.896424990875,0.007075115051275624,False
1835,650.914631977685,44498.90360698278,43765.90360698278,0.007213411181905391,False
1836,651.1942272565551,44288.91077927443,43562.91077927443,0.007178108911847536,False
1837,651.4738271523906,44168.91794187889,43448.91794187889,0.0071377947772099295,False
1838,651.7534316408206,44049.92509480921,43325.92509480921,0.007197329710465707,False
1839,652.0330406974733,44017.93223807844,43290.93223807844,0.007232699397250807,False
1840,652.3126542979776,43946.939371699664,43203.939371699664,0.007405286621845529,False
1841,652.592272417962,43870.94649568594,43126.94649568594,0.00742829419967912,False
1842,652.8718950330552,43858.95361005035,43134.95361005035,0.0072289307298273545,False
1843,653.151522118886,43841.960714805966,43139.960714805966,0.0070102232949077106,False
1844,653.4311536510828,43793.96780996588,43122.96780996588,0.006705652580338294,False
1845,653.7107896052743,43727.97489554318,43074.97489554318,0.00653433200827455,False
1846,653.9904299570893,43698.981971550966,43077.981971550966,0.006215969425083778,False
1847,654.2700746821563,43629.98903800232,42995.98903800232,0.0063571603820627084,False
1848,654.549723756104,43626.99609491037,42962.99609491037,0.006660751000833556,False
1849,654.8293771545609,43659.0031422882,42997.0031422882,0.006635628676574708,False
1850,655.1090348531559,43625.01018014894,42949.01018014894,0.006782381951940099,False
1851,655.3886968275175,43595.017208505706,42895.017208505706,0.007030007039671899,False
1852,655.6683630532743,43531.02422737161,42818.02422737161,0.007172262089647869,False
1853,655.948033506055,43496.03123675979,42800.03123675979,0.007005545908635585,False
1854,656.2277081614884,43598.038236683366,42883.038236683366,0.007181400665180814,False
1855,656.5073869952029,43627.04522715549,42883.04522715549,0.007470182017841687,False
1856,656.7870699828272,43611.05220818929,42894.05220818929,0.007199489017433933,False
1857,657.06675709999,43607.05917979792,42879.05917979792,0.007311551413185428,False
1858,657.3464483223199,43555.066141994525,42844.066141994525,0.007147996492084624,False
1859,657.6261436254457,43551.07309479226,42851.07309479226,0.00703715827269731,False
1860,657.9058429849958,43516.08003820428,42830.08003820428,0.006900880892751302,False
1861,658.1855463765991,43513.08697224376,42816.08697224376,0.007012920837556189,False
1862,658.465253775884,43503.093896923856,42824.093896923856,0.006831962027371989,False
1863,658.7449651584792,43579.10081225775,42901.10081225775,0.006809828983261124,False
1864,659.0246805000136,43678.107718258616,43018.107718258616,0.006612512300824835,False
1865,659.3043997761156,43714.11461493963,43050.11461493963,0.006647374579345023,False
1866,659.5841229624137,43685.12150231399,42994.12150231399,0.0069244685128989165,False
1867,659.863850034537,43684.128380394875,42990.128380394875,0.00695493271174833,False
1868,660.1435809681136,43573.13524919548,42920.13524919548,0.006557728326415803,False
1869,660.4233157387727,43548.14210872902,42902.14210872902,0.0064906543666003865,False
1870,660.7030543221425,43547.148959008686,42909.148959008686,0.00640982590909806,False
1871,660.9827966938518,43563.15580004768,42910.15580004768,0.006559241972715951,False
1872,661.2625428295295,43593.16263185923,42970.16263185923,0.006251380317904376,False
1873,661.5422927048038,43667.16945445655,43041.16945445655,0.006270978610469163,False
1874,661.8220462953036,43726.17626785285,43108.17626785285,0.006181851160313425,False
1875,662.1018035766575,43739.183072061365,43116.183072061365,0.006230360069864637,False
1876,662.3815645244941,43678.18986709532,43094.18986709532,0.005845911055608543,False
1877,662.6613291144423,43590.19665296796,43002.19665296796,0.005898187373763893,False
1878,662.9410973221303,43562.20342969252,42978.20342969252,0.005861581584090227,False
1879,663.2208691231871,43567.210197282235,43011.210197282235,0.005578088636522966,False
1880,663.5006444932411,43513.21695575036,42977.21695575036,0.005382903331052358,False
1881,663.7804234079211,43613.22370511015,43081.22370511015,0.005330158307853576,False
1882,664.0602058428558,43618.230445374844,43090.230445374844,0.0052892259515744736,False
1883,664.3399917736738,43657.23717655772,43116.23717655772,0.0054153959095491425,False
1884,664.6197811760036,43646.24389867204,43055.24389867204,0.005920821447456472,False
1885,664.899574025474,43652.25061173106,43038.25061173106,0.006152029741040228,False
1886,665.1793702977136,43663.25731574807,43077.25731574807,0.005868086888200447,False
1887,665.4591699683509,43774.26401073634,43191.26401073634,0.0058229388526453985,False
1888,665.7389730130149,43819.27069670915,43243.27069670915,0.005746610826148325,False
1889,666.0187794073339,43783.27737367978,43197.27737367978,0.005851892246261333,False
1890,666.2985891269367,43859.284041661536,43262.284041661536,0.005952093602680765,False
1891,666.5784021474519,43881.2907006677,43286.2907006677,0.005929021455269344,False
1892,666.8582184445082,43885.29735071157,43291.29735071157,0.005918444406781047,False
1893,667.1380379937343,44030.30399180645,43400.30399180645,0.006258912421361175,False
1894,667.4178607707587,44129.310623965655,43495.310623965655,0.006284706343756816,False
1895,667.69768675121,44163.31724720248,43538.31724720248,0.006190047606703138,False
1896,667.977515910717,44151.323861530254,43524.323861530254,0.006211697076557922,False
1897,668.2573482249082,44093.33046696229,43492.33046696229,0.005960224025874608,False
1898,668.5371836694126,44067.337063511906,43473.337063511906,0.005893828990661265,False
1899,668.8170222198584,44040.34365119243,43454.34365119243,0.00581750457487845,False
1900,669.0968638518744,43950.350230017204,43378.350230017204,0.005689309355492807,False
1901,669.3767085410893,44000.35679999955,43423.35679999955,0.005732805080333257,False
1902,669.6565562631317,43983.36336115281,43399.36336115281,0.005805077575547436,False
1903,669.9364069936304,43944.369913490336,43381.369913490336,0.005599979606716659,False
1904,670.2162607082138,43869.376457025464,43328.376457025464,0.005389045511574598,False
1905,670.4961173825106,43896.382991771556,43338.382991771556,0.0055560331563895,False
1906,670.7759769921496,43860.389517741954,43271.389517741954,0.00587164290939321,False
1907,671.0558395127592,43860.39603495002,43277.39603495002,0.005811427050913641,False
1908,671.3357049199684,43778.40254340913,43179.40254340913,0.0059832814111569115,False
1909,671.6155731894055,43733.40904313263,43160.40904313263,0.0057277801972678575,False
1910,671.8954442966993,43770.415534133914,43229.415534133914,0.0054013057342375045,False
1911,672.1753182174784,43791.42201642634,43265.42201642634,0.00524810380816363,False
1912,672.4551949273715,43779.42849002329,43272.42849002329,0.005058818952786376,False
1913,672.7350744020073,43843.43495493815,43309.43495493815,0.00532205435840488,False
1914,673.0149566170143,43967.44141118431,43413.44141118431,0.005506979536415299,False
1915,673.294841548021,43968.447858775144,43445.447858775144,0.005196856231277658,False
1916,673.5747291706565,43963.45429772406,43421.45429772406,0.005387443473316109,False
1917,673.8546194605491,43943.460728044454,43398.460728044454,0.005419930330433058,False
1918,674.1345123933276,43739.46714974973,43172.46714974973,0.0056666202807244955,False
1919,674.4144079446205,43655.473562853294,43089.473562853294,0.0056675154777982885,False
1920,674.6943060900566,43638.47996736855,43040.47996736855,0.0059925089292698535,False
1921,674.9742068052644,43531.48636330891,42963.48636330891,0.005703980334007094,False
1922,675.2541100658726,43363.4927506878,42844.4927506878,0.005229250121021773,False
1923,675.53401584751,43223.499129518634,42724.499129518634,0.005042941915488719,False
1924,675.813924125805,43122.50549981484,42623.50549981484,0.005054821570024525,False
1925,676.0938348763865,43006.51186158984,42515.51186158984,0.004986807474047134,False
1926,676.3737480748828,43026.518214857075,42521.518214857075,0.005127441144991152,False
1927,676.6536636969229,43081.52455962998,42584.52455962998,0.005039260744315008,False
1928,676.9335817181353,42990.530895921984,42507.530895921984,0.004906929160268157,False
1929,677.2135021141485,42913.53722374654,42413.53722374654,0.0050898200325383836,False
1930,677.4934248605913,42798.5435431171,42303.5435431171,0.005052242555220629,False
1931,677.7733499330924,42790.5498540471,42293.5498540471,0.005073728539309964,False
1932,678.0532773072804,42685.55615655,42202.55615655,0.004942187845735936,False
1933,678.3332069587839,42586.56245063926,42101.56245063926,0.004974372186067256,False
1934,678.6131388632315,42495.56873632835,42018.56873632835,0.004902390861096348,False
1935,678.8930729962518,42437.575013630725,41941.575013630725,0.005105823987770994,False
1936,679.1730093334737,42393.58128255985,41899.58128255985,0.005090423084304485,False
1937,679.4529478505257,42291.58754312921,41810.58754312921,0.004967717499799451,False
1938,679.7328885230364,42165.593795352266,41683.593795352266,0.0049930655754065936,False
1939,680.0128313266345,42084.600039242505,41599.600039242505,0.005034049005318931,False
1940,680.2927762369486,42049.60627481341,41572.60627481341,0.004954681500275784,False
1941,680.5727232296074,41949.61250207848,41484.61250207848,0.004840915703712408,False
1942,680.8526722802396,41914.618721051185,41442.618721051185,0.004918329651730985,False
1943,681.1326233644737,41775.624931745035,41307.624931745035,0.004892730305683717,False
1944,681.4125764579384,41734.63113417351,41234.63113417351,0.005234465481734115,False
1945,681.6925315362623,41630.63732835013,41152.63732835013,0.005015386751270503,False
1946,681.9724885750742,41553.643514288386,41129.643514288386,0.004454164343253256,False
1947,682.2524475500026,41494.64969200179,41081.64969200179,0.004344227531179539,False
1948,682.5324084366763,41381.65586150385,40980.65586150385,0.004228960059159301,False
1949,682.8123712107238,41321.66202280809,40885.66202280809,0.004606746947664188,False
1950,683.0923358477737,41245.66817592802,40789.66817592802,0.004828171181899607,False
1951,683.3723023234547,41132.674320877166,40672.674320877166,0.0048842177343960775,False
1952,683.6522706133954,41112.68045766905,40655.68045766905,0.004854558476498255,False
1953,683.9322406932248,41048.6865863172,40600.6865863172,0.004765887914855252,False
1954,684.2122125385711,40929.69270683514,40496.69270683514,0.004618927446684794,False
1955,684.4921861250632,40827.69881923643,40423.69881923643,0.004318852887062215,False
1956,684.7721614283295,40731.704923534584,40350.704923534584,0.004081462693519069,False
1957,685.0521384239989,40655.711019743154,40260.711019743154,0.004240120328779246,False
1958,685.3321170876999,40669.71710787569,40240.71710787569,0.0046054400893531374,False
1959,685.6120973950613,40486.723187945725,40044.723187945725,0.004767332444520018,False
1960,685.8920793217114,40349.72925996683,39899.72925996683,0.004870676236504615,False
1961,686.1720628432794,40184.73532395254,39755.73532395254,0.004661321601166206,False
1962,686.4520479353932,40095.741379916435,39672.741379916435,0.004606036907610231,False
1963,686.7320345736822,39966.74742787206,39558.74742787206,0.0044562741446851255,False
1964,687.0120227337748,39890.75346783299,39473.75346783299,0.0045638150484307504,False
1965,687.2920123912992,39806.75949981279,39395.75949981279,0.004507347405607555,False
1966,687.5720035218847,39736.76552382503,39307.76552382503,0.004714156934734241,False
1967,687.8519961011594,39664.77153988329,39248.77153988329,0.004578889022177881,False
1968,688.1319901047524,39627.77754800113,39211.77754800113,0.004583186218574437,False
1969,688.4119855082921,39602.783548192165,39200.783548192165,0.00443096429800234,False
1970,688.6919822874072,39523.789540469945,39104.789540469945,0.004628625177116735,False
1971,688.9719804177263,39410.79552484808,38990.79552484808,0.004653105245687018,False
1972,689.2519798748781,39318.80150134015,38885.80150134015,0.004809216467453542,False
1973,689.5319806344912,39230.80746995976,38789.80746995976,0.004909623088122509,False
1974,689.8119826721942,39111.81343072049,38677.81343072049,0.004846038435383518,False
1975,690.0919859636159,38993.81938363596,38600.81938363596,0.004399252152773533,False
1976,690.3719904843848,38977.82532871975,38577.82532871975,0.004479862696055173,False
1977,690.6519962101296,38936.831265985486,38541.831265985486,0.004428259368782205,False
1978,690.932003116479,38805.83719544677,38414.83719544677,0.004398060363554022,False
1979,691.2120111790616,38692.84311711722,38293.84311711722,0.0045016887536260645,False
1980,691.492020373506,38580.84903101044,38187.84903101044,0.004446583743165272,False
1981,691.7720306754409,38457.854937140066,38079.854937140066,0.004289771647479597,False
1982,692.052042060495,38362.8608355197,37972.8608355197,0.004437668706890958,False
1983,692.3320545042967,38228.86672616298,37833.86672616298,0.004510694125316336,False
1984,692.6120679824749,38186.87260908353,37780.87260908353,0.004642107987072646,False
1985,692.8920824706581,38153.87848429499,37706.87848429499,0.00511811081110087,False
1986,693.1720979444751,38159.884351810986,37699.884351810986,0.005267031885785606,False
1987,693.4521143795545,38099.89021164515,37632.89021164515,0.005356150735290471,False
1988,693.7321317515248,37954.896063811124,37516.896063811124,0.0050409063660814615,False
1989,694.0121500360148,37783.90190832256,37371.90190832256,0.004761604822728158,False
1990,694.292169208653,37746.907745193086,37373.907745193086,0.004312870460491153,False
1991,694.5721892450682,37616.913574436374,37267.913574436374,0.004048079626695297,False
1992,694.852210120889,37573.919396066056,37196.919396066056,0.004379525756576741,False
1993,695.132231811744,37491.9252100958,37106.9252100958,0.004482773102194145,False
1994,695.4122542932618,37424.93101653925,37020.93101653925,0.004713672144992972,False
1995,695.6922775410711,37401.93681541008,37012.93681541008,0.004540546374097919,False
1996,695.9723015308007,37289.94260672195,36903.94260672195,0.004518948752550759,False
1997,696.2523262380789,37172.94839048851,36792.94839048851,0.004462417472798629,False
1998,696.5323516385348,37081.95416672345,36704.95416672345,0.004437926676003797,False
1999,696.8123777077966,36980.95993544044,36599.95993544044,0.004497570204690914,False
2000,697.0924044214933,36951.96569665315,36601.96569665315,0.004133136408764031,False
2001,697.3724317552532,36904.97145037525,36564.97145037525,0.004019635026985177,False
2002,697.6524596847053,36862.97719662042,36502.97719662042,0.004262120478532353,False
2003,697.932488185478,36790.98293540235,36408.98293540235,0.0045328435924878435,False
2004,698.2125172332,36737.98866673474,36393.98866673474,0.004085720339855005,False
2005,698.4925468035,36588.994390631255,36269.994390631255,0.003802985117159433,False
2006,698.7725768720065,36483.00010710559,36173.00010710559,0.0037060148086936564,False
2007,699.0526074143484,36438.00581617145,36116.00581617145,0.0038548865369433883,False
2008,699.3326384061542,36460.011517842526,36134.011517842526,0.0039006228590798566,False
2009,699.6126698230524,36403.017212132516,36090.017212132516,0.0037502918349806387,False
2010,699.8927016406719,36338.02289905512,36020.02289905512,0.003817309681970255,False
2011,700.1727338346412,36262.02857862405,35914.02857862405,0.004187971934922186,False
2012,700.4527663805891,36183.03425085301,35828.03425085301,0.0042820025661280126,False
2013,700.7327992541439,36118.039915755704,35783.039915755704,0.0040469407287243055,False
2014,701.0128324309346,36040.04557334586,35724.04557334586,0.003824696754906418,False
2015,701.2928658865898,35963.05122363718,35646.05122363718,0.0038451047525650964,False
2016,701.5728995967379,35858.05686664338,35536.05686664338,0.00391751543887064,False
2017,701.8529335370077,35775.0625023782,35442.0625023782,0.004061414061425005,False
2018,702.132967683028,35768.06813085535,35393.06813085535,0.004577272001047032,False
2019,702.4130020104271,35669.073752088545,35295.073752088545,0.004577738077703563,False
2020,702.6930364948341,35705.07936609153,35338.07936609153,0.004487060979024618,False
2021,702.9730711118773,35668.08497287804,35292.08497287804,0.004602476392217699,False
2022,703.2531058371853,35590.090572461784,35252.090572461784,0.004144215956730225,False
2023,703.533140646387,35601.09616485653,35291.09616485653,0.0037982221483633155,False
2024,703.8131755151109,35580.10175007599,35283.10175007599,0.0036404286008079327,False
2025,704.0932104189857,35480.10732813392,35189.10732813392,0.0035766750531249186,False
2026,704.3732453336398,35416.112899044056,35097.112899044056,0.003929500694540766,False
2027,704.6532802347023,35369.11846282015,35065.11846282015,0.0037489251842889536,False
2028,704.9333150978015,35328.12401947595,35017.12401947595,0.0038401020006717064,False
2029,705.2133498985661,35290.12956902521,34983.12956902521,0.0037945942962898326,False
2030,705.4933846126249,35293.13511148167,34986.13511148167,0.0037942697351690726,False
2031,705.7734192156064,35282.1406468591,34962.1406468591,0.003956911310999512,False
2032,706.0534536831393,35306.146175171256,34994.146175171256,0.003854913357273832,False
2033,706.3334879908522,35320.151696431894,35019.151696431894,0.0037169386300147044,False
2034,706.6135221143738,35284.15721065478,34968.15721065478,0.003907002437708762,False
2035,706.8935560293327,35322.16271785369,34984.16271785369,0.004175802529563741,False
2036,707.1735897113575,35344.16821804237,34992.16821804237,0.004346912040996334,False
2037,707.453623136077,35393.17371123461,35066.17371123461,0.004031127746394707,False
2038,707.7336562791197,35437.179197444166,35134.179197444166,0.0037293326816740914,False
2039,708.0136891161144,35449.18467668483,35143.18467668483,0.0037651362335699335,False
2040,708.2937216226894,35618.19014897037,35314.19014897037,0.003722596937934092,False
2041,708.5737537744739,35680.195614314565,35418.195614314565,0.00320079448618099,False
2042,708.853785547096,35756.20107273121,35471.20107273121,0.0034754766892254436,False
2043,709.1338169161846,35923.20652423407,35600.20652423407,0.003922577665267448,False
2044,709.4138478573684,36135.21196883694,35793.21196883694,0.004129934286861907,False
2045,709.693878346276,35879.21740655361,35581.21740655361,0.0036221583638410414,False
2046,709.9739083585359,34460.22283739787,34168.22283739787,0.0036956906928912524,False
2047,710.253937869777,33063.22826138353,32792.22826138353,0.00357432702322094,False
2048,710.5339668556278,32037.233678524353,31768.233678524353,0.003661940351970223,False
2049,710.8139952917168,30793.23908883416,30560.23908883416,0.003298626378135601,False
2050,711.0940231536729,29763.244492326747,29524.244492326747,0.003501478818195726,False
2051,711.3740504171246,28473.24988901591,28233.24988901591,0.0036761675792479987,False
2052,711.6540770577005,26957.25527891546,26718.25527891546,0.003867576333160343,False
2053,711.9341030510295,25508.260662039203,25262.260662039203,0.0042086342959848895,False
2054,712.21412837274,24649.266038400947,24411.266038400947,0.004213688403211208,False
2055,712.4941529984609,25159.2714080145,24912.2714080145,0.004284733448000699,False
2056,712.7741769038204,24735.27677089368,24476.27677089368,0.004571418753792139,False
2057,713.0542000644475,24233.2821270523,23984.2821270523,0.004485514312620437,False
2058,713.3342224559708,23561.287476504178,23323.287476504178,0.004409252921617669,False
2059,713.6142440540189,22785.29281926313,22572.29281926313,0.004078938653428099,False
2060,713.8942648342203,22901.29815534298,22682.29815534298,0.004173046052567131,False
2061,714.1742847722039,21822.303484757555,21619.303484757555,0.004058893199209735,False
2062,714.4543038435983,20767.308807520676,20565.308807520676,0.0042449856244354605,False
2063,714.734322024032,19868.31412364617,19666.31412364617,0.004438045969457514,False
2064,715.0143392891338,19529.31943314787,19341.31943314787,0.004201011438304605,False
2065,715.2943556145322,19233.324736039605,19039.324736039605,0.00440282302133059,False
2066,715.5743709758559,18778.330032335212,18609.330032335212,0.003926229520744957,False
2067,715.8543853487336,18225.335322048522,18073.335322048522,0.0036372211944156957,False
2068,716.1343987087938,17501.340605193378,17351.340605193378,0.0037382819483782305,False
2069,716.4144110316654,16840.345881783618,16699.345881783618,0.0036515471358811386,False
2070,716.6944222929768,16164.351151833082,16033.351151833082,0.0035339721152642693,False
2071,716.9744324683568,15294.356415355614,15169.356415355614,0.0035640511195122026,False
2072,717.254441533434,15327.36167236506,15197.36167236506,0.0036992062699768716,False
2073,717.5344494638371,16611.366922875266,16473.366922875266,0.003622999438828429,False
2074,717.8144562351945,19361.372166900084,19195.372166900084,0.0037395963110414135,False
2075,718.0944618231351,23092.377404453367,22915.377404453367,0.0033416324211133896,False
2076,718.3744662032875,27848.382635548962,27619.382635548962,0.003586010755155434,False
2077,718.6544693512803,32696.387860200728,32401.387860200728,0.00393616364764619,False
2078,718.9344712427421,34489.39307842252,34182.39307842252,0.0038830879940232417,False
2079,719.2144718533017,34846.3982902282,34581.3982902282,0.003315346367808858,False
2080,719.4944711585877,34777.403495631625,34519.403495631625,0.0032338717733533437,False
2081,719.7744691342285,34626.408694646656,34383.408694646656,0.003058521215459884,False
2082,720.054465755853,34448.41388728716,34192.41388728716,0.0032394685921886992,False
2083,720.3344609990899,34204.419073567005,33928.419073567005,0.0035185950249383862,False
2084,720.6144548395675,34045.42425350006,33737.42425350006,0.0039468279658843915,False
2085,720.8944472529149,33899.429427100185,33588.429427100185,0.004002691513832312,False
2086,721.1744382147605,33862.434594381266,33556.434594381266,0.003942368824604629,False
2087,721.4544277007328,33787.43975535716,33498.43975535716,0.0037307048075549136,False
2088,721.7344156864607,33778.44491004175,33468.44491004175,0.004004118062402388,False
2089,722.0144021475728,33772.450058448914,33468.450058448914,0.003926967717933843,False
2090,722.2943870596977,33657.45520059252,33362.45520059252,0.003823272780145538,False
2091,722.574370398464,33567.46033648647,33285.46033648647,0.0036639168210215287,False
2092,722.8543521395004,33511.46546614462,33217.46546614462,0.0038269279033591517,False
2093,723.1343322584355,33442.470589580866,33135.470589580866,0.004005210992221688,False
2094,723.414310730898,33416.4757068091,33121.4757068091,0.0038509665203273536,False
2095,723.6942875325166,33365.48081784319,33062.48081784319,0.003961950281355851,False
2096,723.9742626389199,33229.485922697044,32942.485922697044,0.0037672535484709834,False
2097,724.2542360257363,33100.491021384536,32825.491021384536,0.003623205040996032,False
2098,724.5342076685947,33113.496113919566,32847.496113919566,0.003502765938479672,False
2099,724.8141775431238,33090.50120031602,32791.50120031602,0.003942045988674292,False
2100,725.0941456249523,32968.506280587804,32696.5062805878,0.0035979213311916392,False
2101,725.3741118897084,32901.5113547488,32654.511354748804,0.003272658718729489,False
2102,725.6540763130213,32838.51642281292,32561.51642281292,0.0036789061295779456,False
2103,725.9340388705192,32806.52148479406,32548.521484794055,0.0034289185134051187,False
2104,726.213999537831,32744.52654070611,32498.52654070611,0.003275044431466432,False
2105,726.4939582905853,32667.53159056298,32439.53159056298,0.003041745144434232,False
2106,726.7739151044107,32580.53663437858,32356.53663437858,0.0029962037062954364,False
2107,727.0538699549359,32520.541672166804,32316.541672166804,0.002732891798721323,False
2108,727.3338228177894,32472.546703941563,32290.546703941563,0.002440952080086577,False
2109,727.6137736686001,32444.55172971677,32267.55172971677,0.002375763138077582,False
2110,727.8937224829964,32475.556749506333,32268.556749506333,0.002777063711774355,False
2111,728.173669236607,32394.561763324156,32211.561763324156,0.0024603272384970975,False
2112,728.4536139050607,32365.566771184163,32162.566771184163,0.0027325157517353307,False
2113,728.7335564639859,32343.57177310026,32146.57177310026,0.002653313339072552,False
2114,729.0134968890115,32310.576769086365,32097.576769086365,0.002872464332271078,False
2115,729.2934351557661,32259.581759156394,32041.581759156394,0.002944785276551514,False
2116,729.5733712398782,32219.586743324267,31994.586743324267,0.0030434607508920755,False
2117,729.8533051169765,32139.5917216039,31936.5917216039,0.002751789199889725,False
2118,730.1332367626896,32083.596694009222,31889.596694009222,0.002634021636174219,False
2119,730.4131661526463,32054.601660554148,31877.601660554148,0.0024047448924168994,False
2120,730.6930932624751,32046.606621252606,31836.606621252606,0.002855278095193089,False
2121,730.9730180678048,31927.611576118517,31705.611576118517,0.0030302964825291686,False
2122,731.2529405442638,31868.616525165813,31635.616525165813,0.003186907816986126,False
2123,731.532860667481,31823.621468408415,31575.621468408415,0.0033976929653697467,False
2124,731.8127784130849,31718.626405860257,31447.626405860257,0.0037265001949743077,False
2125,732.0926937567042,31675.631337535266,31416.631337535266,0.0035656639307114647,False
2126,732.3726066739674,31587.636263447377,31321.636263447377,0.0036726865854043414,False
2127,732.6525171405034,31542.64118361052,31303.64118361052,0.0033031987779321387,False
2128,732.9324251319407,31530.646098038633,31301.646098038633,0.003165693093123839,False
2129,733.212330623908,31441.651006745644,31231.651006745644,0.00291039979025438,False
2130,733.4922335920337,31412.655909745496,31202.655909745496,0.002913095231809578,False
2131,733.7721340119468,31350.660807052125,31151.660807052125,0.002765493879277412,False
2132,734.0520318592758,31311.665698679466,31120.665698679466,0.002657293199735728,False
2133,734.3319271096493,31180.670584641466,30998.670584641466,0.002542382082181607,False
2134,734.611819738696,31074.67546495206,30885.67546495206,0.002649497958845165,False
2135,734.8917097220445,31051.680339625193,30824.680339625193,0.0031865251474738777,False
2136,735.1715970353235,30998.68520867481,30763.68520867481,0.003304915115014615,False
2137,735.4514816541617,30955.690072114852,30699.690072114852,0.003606498768661648,False
2138,735.7313635541876,30863.694929959267,30605.694929959267,0.0036456725716890567,False
2139,736.0112427110299,30850.699782222004,30589.699782222004,0.0036898048325965777,False
2140,736.2911191003174,30755.704628917007,30489.704628917007,0.0037724642538723018,False
2141,736.5709926976783,30665.709470058227,30406.709470058227,0.0036835922696930967,False
2142,736.8508634787418,30607.71430565961,30370.71430565961,0.0033758925190192956,False
2143,737.1307314191362,30580.719135735115,30353.719135735115,0.003235782793608362,False
2144,737.4105964944902,30535.72396029869,30312.72396029869,0.003183256315220368,False
2145,737.6904586804325,30520.728779364286,30292.728779364286,0.003256503076775496,False
2146,737.9703179525917,30437.733592945857,30205.733592945857,0.0033229238373568303,False
2147,738.2501742865966,30315.738401057366,30085.738401057366,0.0033074758735327234,False
2148,738.5300276580756,30250.74320371276,30028.74320371276,0.003198892911277456,False
2149,738.8098780426574,30141.748000926,29927.748000926,0.0030943962743397854,False
2150,739.0897254159709,30118.752792711042,29884.752792711042,0.0033873162228320593,False
2151,739.3695697536444,30096.757579081852,29844.757579081852,0.0036516545814447516,False
2152,739.6494110313067,30065.76236005238,29819.76236005238,0.0035680423269127013,False
2153,739.9292492245864,29943.767135636597,29708.767135636597,0.003421807052071636,False
2154,740.2090843091123,29853.771905848458,29634.771905848458,0.0031976214279215228,False
2155,740.488916260513,29780.77667070193,29563.77667070193,0.0031761068977777416,False
2156,740.768745054417,29716.78143021097,29494.78143021097,0.0032565878044736015,False
2157,741.0485706664529,29575.786184389548,29334.786184389548,0.003553370806681492,False
2158,741.3283930722497,29516.790933251632,29258.790933251632,0.0038127634790721767,False
2159,741.6082122474356,29417.79567681118,29156.79567681118,0.00387033378627733,False
2160,741.8880281676396,29387.80041508217,29148.80041508217,0.003546395126379061,False
2161,742.1678408084902,29321.805148078558,29093.805148078558,0.003390177529372845,False
2162,742.4476501456159,29275.80987581432,29031.80987581432,0.003634806997863919,False
2163,742.7274561546457,29202.814598303426,28958.814598303426,0.0036439307744296845,False
2164,743.0072588112077,29138.819315559846,28881.819315559846,0.003847403766945077,False
2165,743.2870580909313,29036.824027597548,28803.824027597548,0.0034989636195453086,False
2166,743.5668539694444,28963.828734430503,28730.828734430503,0.0035078174947559162,False
2167,743.8466464223761,28895.83343607269,28667.83343607269,0.003440352745736633,False
2168,744.126435425355,28853.838132538076,28636.838132538076,0.003278526406554754,False
2169,744.4062209540097,28840.84282384064,28628.84282384064,0.0032041535206090523,False
2170,744.6860029839685,28780.847509994357,28547.847509994357,0.003530210182610783,False
2171,744.9657814908605,28729.852191013197,28506.852191013197,0.003384127739394262,False
2172,745.2455564503144,28624.85686691114,28402.85686691114,0.003381298519545095,False
2173,745.5253278379585,28524.861537702167,28308.861537702167,0.0033011407551478693,False
2174,745.8050956294215,28496.86620340025,28294.86620340025,0.003089458679379237,False
2175,746.0848598003323,28415.870864019365,28210.870864019365,0.003144477503572896,False
2176,746.3646203263193,28309.875519573496,28103.875519573496,0.003171746578505966,False
2177,746.6443771830111,28162.88017007662,27962.88017007662,0.003095165695821527,False
2178,746.9241303460366,28086.88481554272,27895.88481554272,0.002963432086088255,False
2179,747.2038797910244,28048.889455985776,27862.889455985776,0.0028895189240448816,False
2180,747.483625493603,28031.894091419766,27810.894091419766,0.0034374924571990107,False
2181,747.763367429401,27907.898721858677,27675.898721858677,0.003625405587315175,False
2182,748.0431055740473,27775.90334731649,27560.90334731649,0.003374744190390474,False
2183,748.3228399031702,27662.907967807183,27457.907967807183,0.0032303868425625796,False
2184,748.6025703923987,27551.912583344747,27341.912583344747,0.0033228613906381823,False
2185,748.8822970173613,27448.91719394316,27230.91719394316,0.0034629475287691887,False
2186,749.1620197536865,27379.92179961641,27137.92179961641,0.0038556167295141362,False
2187,749.4417385770032,27315.926400378485,27061.926400378485,0.0040572253224956875,False
2188,749.72145346294,27250.930996243365,27050.930996243365,0.0031991274683200953,False
2189,750.0011643871252,27138.935587225038,26936.935587225038,0.0032446224717042715,False
2190,750.2808713251878,27077.940173337494,26899.940173337494,0.002864310250759613,False
2191,750.5605742527564,26980.944754594715,26804.944754594715,0.0028422362194537084,False
2192,750.8402731454597,26927.949331010695,26742.949331010695,0.00299397995403666,False
2193,751.1199679789262,26833.953902599413,26651.953902599413,0.0029556159377782457,False
2194,751.3996587287845,26737.958469374866,26551.958469374866,0.003031684277456016,False
2195,751.6793453706633,26632.96303135104,26441.96303135104,0.003125792545875654,False
2196,751.9590278801915,26575.96758854192,26381.96758854192,0.003181902998793111,False
2197,752.2387062329973,26506.9721409615,26297.9721409615,0.0034378606749278415,False
2198,752.5183804047095,26455.97668862377,26259.97668862377,0.0032294630083935026,False
2199,752.7980503709571,26406.98123154272,26201.98123154272,0.003384625555816513,False
2200,753.0777161073684,26327.98576973234,26121.98576973234,0.0034114460186638663,False
2201,753.357377589572,26200.990303206618,25995.990303206618,0.0034113401011278805,False
2202,753.6370347931967,26057.99483197955,25863.99483197955,0.0032453887884341557,False
2203,753.9166876938712,25871.999356065127,25681.999356065127,0.0032011610047468684,False
2204,754.1963362672238,25689.003875477338,25518.003875477338,0.0029005652047299534,False
2205,754.4759804888837,25492.00839023018,25348.00839023018,0.0024602105425946407,False
2206,754.7556203344789,25347.012900337642,25211.012900337642,0.0023364912322524486,False
2207,755.0352557796386,25261.017405813716,25107.017405813716,0.0026557144376505794,False
2208,755.3148867999912,25111.0219066724,24935.0219066724,0.003054632818207793,False
2209,755.5945133711654,24989.02640292768,24827.02640292768,0.0028246298177920723,False
2210,755.8741354687896,24872.030894593554,24712.030894593554,0.0028028102489901486,False
2211,756.1537530684928,24780.035381684018,24625.035381684018,0.002725058967235393,False
2212,756.4333661459035,24627.03986421306,24492.03986421306,0.0023872557469776755,False
2213,756.7129746766504,24535.044342194677,24409.044342194677,0.0022360708750203363,False
2214,756.992578636362,24463.048815642866,24332.048815642866,0.0023319028581922628,False
2215,757.2721780006672,24384.053284571615,24264.053284571615,0.002142547663378654,False
2216,757.5517727451944,24291.057748994925,24184.057748994925,0.0019172552579560375,False
2217,757.8313628455722,24187.062208926785,24071.062208926785,0.0020878663452683554,False
2218,758.1109482774295,24138.066664381196,24009.066664381196,0.002327204896753111,False
2219,758.3905290163948,24067.071115372146,23917.071115372146,0.0027152463900054925,False
2220,758.6701050380967,24066.075561913636,23922.075561913636,0.0026064181110701905,False
2221,758.949676318164,24055.08000401966,23895.08000401966,0.002898316710082701,False
2222,759.2292428322253,23999.08444170421,23838.08444170421,0.0029233199716385103,False
2223,759.5088045559091,23939.088874981284,23788.088874981284,0.0027480646737529104,False
2224,759.7883614648441,23906.093303864876,23753.093303864876,0.002788435503401519,False
2225,760.0679135346592,23907.097728368983,23742.097728368983,0.003007768557243579,False
2226,760.3474607409827,23875.102148507598,23724.102148507598,0.00275545306788095,False
2227,760.6270030594433,23853.106564294718,23685.106564294718,0.003069605351253152,False
2228,760.9065404656699,23922.11097574434,23738.11097574434,0.0033533449243182407,False
2229,761.1860729352908,23962.115382870456,23785.115382870456,0.0032198925124477065,False
2230,761.4656004439349,23966.11978568706,23779.11978568706,0.0034019510265778166,False
2231,761.7451229672307,24087.124184208154,23905.124184208154,0.0032939475563629776,False
2232,762.024640480807,24194.12857844773,24038.12857844773,0.0028093304944236588,False
2233,762.3041529602923,24210.13296841978,24055.13296841978,0.0027894128335707756,False
2234,762.5836603813153,24249.137354138304,24076.137354138304,0.0031094811891545066,False
2235,762.8631627195047,24271.141735617293,24107.141735617293,0.0029444851183010596,False
2236,763.142659950489,24344.146112870745,24191.146112870745,0.0027381014015317104,False
2237,763.4221520498969,24428.150485912654,24279.150485912654,0.0026570997926764007,False
2238,763.7016389933572,24534.154854757013,24382.154854757013,0.002699016917141661,False
2239,763.9811207564984,24668.15921941782,24486.15921941782,0.0032160737621785033,False
2240,764.2605973149491,24760.163579909065,24567.163579909065,0.003398491974233318,False
2241,764.540068644338,24837.167936244747,24658.167936244747,0.003141267750189806,False
2242,764.8195347202939,24962.172288438855,24798.172288438855,0.0028627033645163467,False
2243,765.0989955184451,25044.176636505388,24890.176636505388,0.0026787795525386768,False
2244,765.3784510144205,25123.180980458335,24969.180980458335,0.002670329699168412,False
2245,765.6579011838488,25206.185320311695,25033.185320311695,0.0029910104917158765,False
2246,765.9373460023585,25350.18965607946,25186.18965607946,0.002818743488544978,False
2247,766.2167854455782,25427.193987775616,25278.193987775616,0.002552394001726068,False
2248,766.4962194891368,25474.198315414164,25309.198315414164,0.002822136620509107,False
2249,766.7756481086626,25479.202639009094,25320.202639009094,0.0027186557693405717,False
2250,767.0550712797844,25573.2069585744,25405.2069585744,0.0028624561450801855,False
2251,767.334488978131,25637.21127412407,25464.21127412407,0.0029405534585910525,False
2252,767.6139011793309,25628.2155856721,25472.2155856721,0.00265164688805507,False
2253,767.8933078590127,25698.219893232475,25550.219893232475,0.0025083987834517768,False
2254,768.172708992805,25729.224196819196,25572.224196819196,0.0026581879716568177,False
2255,768.4521045563367,25750.228496446245,25583.228496446245,0.00282573738818496,False
2256,768.7314945252364,25792.232792127616,25616.232792127616,0.0029736786179956603,False
2257,769.0108788751323,25753.2370838773,25577.2370838773,0.0029781968545353255,False
2258,769.2902575816536,25729.241371709282,25573.241371709282,0.002641203480585355,False
2259,769.5696306204287,25758.24565563756,25605.24565563756,0.0025873339434539723,False
2260,769.8489979670862,25836.249935676115,25684.249935676115,0.0025625897630556027,False
2261,770.1283595972549,25858.254211838936,25681.254211838936,0.002982970845300602,False
2262,770.4077154865632,25851.258484140017,25658.258484140017,0.003254514202088395,False
2263,770.6870656106402,25789.26275259334,25597.26275259334,0.003245400530256814,False
2264,770.966409945114,25703.267017212893,25512.267017212893,0.0032392762144043746,False
2265,771.2457484656136,25618.271278012668,25434.271278012668,0.0031305210936251734,False
2266,771.5250811477675,25549.275535006644,25368.275535006644,0.003087643874404179,False
2267,771.8044079672043,25511.27978820881,25347.27978820881,0.002800887107139407,False
2268,772.0837288995529,25533.28403763315,25369.28403763315,0.0027984655458101818,False
2269,772.3630439204418,25537.288283293656,25377.288283293656,0.0027295658936970883,False
2270,772.6423530054994,25520.292525204302,25340.292525204302,0.003074024140434091,False
2271,772.9216561303547,25479.29676337908,25306.29676337908,0.0029588405203228585,False
2272,773.2009532706362,25411.300997831968,25267.300997831968,0.002468046522154888,False
2273,773.4802444019726,25393.30522857695,25255.30522857695,0.0023666112957723756,False
2274,773.7595294999924,25349.30945562801,25230.30945562801,0.0020435558755211958,False
2275,774.0388085403243,25333.313678999126,25184.313678999126,0.002561880627945874,False
2276,774.3180814985972,25222.317898704285,25093.317898704285,0.0022269066078355938,False
2277,774.5973483504395,25200.32211475746,25053.32211475746,0.0025407698051332626,False
2278,774.8766090714796,25144.326327172632,24996.326327172632,0.002563818641653928,False
2279,775.1558636373468,25093.33053596379,24937.33053596379,0.002708345534208341,False
2280,775.4351120236691,25039.334741144896,24915.334741144896,0.002156059760571597,False
2281,775.7143542060755,24991.33894272994,24873.33894272994,0.0020554367017472652,False
2282,775.9935901601946,25016.343140732897,24864.343140732897,0.0026468346969586833,False
2283,776.2728198616551,24984.347335167746,24831.347335167746,0.0026677241019767302,False
2284,776.5520432860854,24957.351526048453,24836.351526048453,0.0021106980411296564,False
2285,776.8312604091143,24941.355713389003,24812.355713389003,0.002252057669635937,False
2286,777.1104712063704,24913.359897203365,24788.359897203365,0.002184508903192292,False
2287,777.3896756534825,24806.364077505514,24688.364077505514,0.0020708001788856596,False
2288,777.6688737260791,24744.368254309426,24627.368254309426,0.002058365903025428,False
2289,777.948065399789,24696.372427629067,24582.372427629067,0.002009371764744665,False
2290,778.2272506502406,24654.376597478415,24540.376597478415,0.0020128024369893307,False
2291,778.5064294530627,24630.380763871435,24519.380763871435,0.0019616278065515583,False
2292,778.7856017838839,24647.3849268221,24509.3849268221,0.0024384350773479163,False
2293,779.0647676183328,24583.389086344378,24442.389086344378,0.0024981017362729744,False
2294,779.3439269320381,24525.39324245224,24386.39324245224,0.002468406894689418,False
2295,779.6230797006285,24485.39739515965,24324.39739515965,0.002865066959420674,False
2296,779.9022258997326,24433.401544480574,24269.401544480574,0.0029248650888152815,False
2297,780.1813655049791,24383.405690428983,24200.405690428983,0.003271718039351332,False
2298,780.4604984919964,24347.409833018835,24186.409833018835,0.0028813585474297327,False
2299,780.7396248364134,24311.4139722641,24169.4139722641,0.0025440981683248444,False
2300,781.0187445138588,24247.41810817874,24121.41810817874,0.0022626646733251107,False
2301,781.297857499961,24155.422240776712,24030.422240776712,0.0022532315287350155,False
2302,781.5769637703489,24087.426370071982,23952.426370071982,0.0024408863078162536,False
2303,781.8560633006508,24030.43049607851,23884.43049607851,0.002646660734608608,False
2304,782.1351560664957,23990.434618810257,23825.434618810257,0.0029972841688575185,False
2305,782.4142420435121,23961.438738281176,23801.438738281176,0.0029096813550134096,False
2306,782.6933212073285,23907.442854505232,23728.442854505232,0.0032638871724266737,False
2307,782.9723935335738,23820.446967496377,23652.446967496377,0.0030738289365976608,False
2308,783.2514589978765,23729.451077268564,23578.451077268564,0.0027724201025766874,False
2309,783.5305175758655,23707.455183835755,23568.455183835755,0.0025538210250109195,False
2310,783.809569243169,23668.459287211896,23538.459287211896,0.0023919555468577013,False
2311,784.0886139754159,23682.463387410946,23550.463387410946,0.0024274176837963293,False
2312,784.3676517482347,23652.467484446854,23530.467484446854,0.002245898645626672,False
2313,784.6466825372544,23659.471578333567,23523.471578333567,0.0025036256392835256,False
2314,784.9257063181033,23619.47566908504,23478.47566908504,0.002600355351038469,False
2315,785.2047230664101,23525.47975671522,23399.47975671522,0.00233228698757514,False
2316,785.4837327578035,23486.483841238052,23338.483841238052,0.002745364302138152,False
2317,785.7627353679121,23472.487922667486,23319.487922667486,0.002840114841885431,False
2318,786.0417308723648,23408.492001017465,23275.492001017465,0.0024745669677090866,False
2319,786.3207192467898,23336.49607630193,23210.49607630193,0.002351225539898012,False
2320,786.5997004668161,23334.50014853483,23219.50014853483,0.0021456358933101966,False
2321,786.8786745080722,23334.5042177301,23209.5042177301,0.0023327144601342944,False
2322,787.1576413461868,23360.508283901687,23211.508283901687,0.0027789262033287424,False
2323,787.4366009567884,23331.512347063526,23158.512347063526,0.003232232835695212,False
2324,787.7155533155059,23255.516407229556,23080.516407229556,0.003280466241036067,False
2325,787.9944983979676,23132.520464413716,22969.520464413716,0.0030710265359822114,False
2326,788.2734361798025,23055.524518629943,22909.524518629943,0.0027589313587606987,False
2327,788.5523666366391,22979.528569892165,22839.528569892165,0.002653979391008411,False
2328,788.8312897441061,22949.53261821432,22810.53261821432,0.0026384192566358423,False
2329,789.1102054778319,22936.536663610346,22813.536663610346,0.0023352246715500546,False
2330,789.3891138134454,22944.54070609416,22797.54070609416,0.002791368763627052,False
2331,789.6680147265753,22933.544745679705,22776.544745679705,0.0029833458015409596,False
2332,789.94690819285,22925.5487823809,22771.5487823809,0.0029271707381800165,False
2333,790.2257941878981,22933.55281621168,22779.55281621168,0.0029261456776162606,False
2334,790.5046726873486,22893.556847185966,22730.556847185966,0.003103196796951676,False
2335,790.78354366683,22830.560875317682,22673.560875317682,0.0029968495861757804,False
2336,791.0624071019708,22712.564900620753,22587.564900620753,0.0023967678794418806,False
2337,791.3412629683999,22681.5689231091,22563.5689231091,0.0022652982173819764,False
2338,791.6201112417455,22646.57294279664,22522.57294279664,0.002384488348589457,False
2339,791.8989518976367,22610.5769596973,22503.5769596973,0.0020600894690917075,False
2340,792.177784911702,22578.58097382499,22487.58097382499,0.0017539035879320113,False
2341,792.45661025957,22521.584985193636,22429.584985193636,0.001777713378763729,False
2342,792.7354279168693,22471.588993817142,22392.588993817142,0.0015294741180985547,False
2343,793.0142378592287,22405.592999709428,22326.592999709428,0.0015339871716060806,False
2344,793.2930400622769,22412.597002884406,22315.597002884406,0.0018836723334126218,False
2345,793.5718345016421,22390.601003355983,22291.601003355983,0.0019244899370852873,False
2346,793.8506211529534,22343.605001138072,22218.605001138072,0.002436456927037563,False
2347,794.1293999918393,22267.608996244577,22131.608996244577,0.002660597953610287,False
2348,794.4081709939285,22171.61298868941,22041.61298868941,0.0025539165758945146,False
2349,794.6869341348495,22126.61697848647,22000.61697848647,0.0024801578767036565,False
2350,794.965689390231,22052.62096564966,21947.62096564966,0.0020727616558131904,False
2351,795.2444367357017,22016.62495019289,21914.62495019289,0.0020167018628177336,False
2352,795.5231761468903,21981.62893213005,21882.62893213005,0.0019603763431158463,False
2353,795.8019075994252,21949.632911475048,21851.632911475048,0.00194336530897031,False
2354,796.0806310689353,21914.636888241774,21822.636888241774,0.001827052663027746,False
2355,796.3593465310491,21830.64086244413,21749.64086244413,0.0016143949579794311,False
2356,796.6380539613955,21784.644834096005,21691.644834096005,0.0018579988646291313,False
2357,796.9167533356027,21712.64880321129,21621.64880321129,0.001823998916760133,False
2358,797.1954446292998,21681.652769803884,21564.652769803884,0.0023499153382434317,False
2359,797.4741278181151,21642.65673388767,21532.65673388767,0.002212954234118476,False
2360,797.7528028776774,21610.660695476538,21494.660695476538,0.0023374506853136323,False
2361,798.0314697836154,21587.66465458437,21464.66465458437,0.0024815552362417942,False
2362,798.3101285115577,21564.668611225057,21453.668611225057,0.002241220725378947,False
2363,798.5887790371328,21539.672565412475,21426.672565412475,0.002284364167011441,False
2364,798.8674213359694,21497.67651716051,21377.67651716051,0.00243102249753586,False
2365,799.1460553836963,21429.680466483045,21329.680466483045,0.00203134595187059,False
2366,799.424681155942,21394.68441339395,21261.68441339395,0.0027082170779605718,False
2367,799.7032986283352,21320.688357907104,21184.688357907104,0.0027791425771504243,False
2368,799.9819077765047,21228.69230003638,21084.69230003638,0.0029559746836103295,False
2369,800.2605085760789,21198.696239795652,21058.696239795652,0.0028776716382621966,False
2370,800.5391010026865,21121.700177198793,20976.700177198793,0.0029917026950460014,False
2371,800.8176850319562,21069.704112259667,20921.704112259667,0.0030613809915837403,False
2372,801.0962606395166,21043.70804499215,20894.70804499215,0.0030859606111762377,False
2373,801.3748278009964,20967.711975410097,20838.711975410097,0.0026801702072548244,False
2374,801.6533864920242,20903.715903527376,20792.715903527376,0.0023122746613591367,False
2375,801.9319366882287,20837.71982935785,20724.71982935785,0.0023615263097197838,False
2376,802.2104783652384,20791.723752915383,20686.723752915383,0.0021987813309485463,False
2377,802.4890114986821,20719.727674213827,20612.727674213827,0.0022485774426226914,False
2378,802.7675360641883,20691.731593267043,20581.731593267043,0.0023149259805743763,False
2379,803.046052037386,20619.73551008888,20509.73551008888,0.002323030456157899,False
2380,803.3245593939033,20559.7394246932,20436.7394246932,0.002605998517746318,False
2381,803.6030581093693,20508.743337093845,20372.743337093845,0.002889536180303587,False
2382,803.8815481594123,20441.74724730467,20306.74724730467,0.002877650833111795,False
2383,804.1600295196613,20377.751155339516,20231.751155339516,0.0031227798393509355,False
2384,804.4385021657447,20359.755061212236,20217.755061212236,0.0030396181524687186,False
2385,804.7169660732912,20273.758964936667,20180.758964936667,0.0019967835502438915,False
2386,804.9954212179294,20251.762866526653,20152.762866526653,0.002128238803465782,False
2387,805.2738675752881,20172.766765996035,20069.766765996035,0.002223141804951686,False
2388,805.5523051209959,20092.77066335865,19986.77066335865,0.0022971980662351587,False
2389,805.8307338306813,20031.77455862833,19921.77455862833,0.0023914027550406866,False
2390,806.1091536799729,19954.77845181891,19852.77845181891,0.0022256143077723813,False
2391,806.3875646444997,19849.78234294423,19751.78234294423,0.0021494578026791944,False
2392,806.66596669989,19757.786232018105,19683.786232018105,0.001629642398240464,False
2393,806.9443598217725,19677.79011905437,19596.79011905437,0.0017913827568573763,False
2394,807.2227439857761,19611.794004066855,19542.794004066855,0.0015306686544824693,False
2395,807.5011191675292,19555.797887069377,19462.797887069377,0.0020702673942811288,False
2396,807.7794853426605,19515.80176807576,19424.80176807576,0.0020298026330607412,False
2397,808.0578424867987,19459.80564709982,19374.80564709982,0.0019011437829017884,False
2398,808.3361905755722,19414.80952415538,19362.80952415538,0.0011647608672149439,False
2399,808.6145295846101,19367.81339925625,19300.81339925625,0.0015049802289464314,False
2400,808.8928594895407,19343.817272416247,19264.817272416247,0.0017772869907111736,False
2401,809.1711802659927,19296.82114364918,19209.82114364918,0.0019624502149409332,False
2402,809.4494918895947,19243.82501296886,19162.82501296886,0.0018318653236698984,False
2403,809.7277943359754,19142.82888038909,19073.82888038909,0.0015682350874587673,False
2404,810.0060875807636,19040.83274592368,18968.83274592368,0.001645330980557834,False
2405,810.2843715995878,18987.836609586426,18920.836609586426,0.0015351505665781534,False
2406,810.5626463680766,18927.840471391133,18868.840471391133,0.00135585424990164,False
2407,810.8409118618587,18876.844331351596,18831.844331351596,0.0010365388803457091,False
2408,811.1191680565628,18839.848189481614,18797.848189481614,0.0009692610104235894,False
2409,811.3974149278174,18781.852045794978,18738.852045794978,0.0009954328603210517,False
2410,811.6756524512513,18694.855900305483,18626.855900305483,0.0015825671451568967,False
2411,811.9538806024931,18623.859753026914,18553.859753026914,0.0016354230470178334,False
2412,812.2320993571714,18528.863603973063,18457.863603973063,0.001667351962032298,False
2413,812.5103086909149,18411.867453157705,18336.867453157705,0.0017726940233003788,False
2414,812.7885085793522,18306.871300594634,18238.871300594634,0.0016161695863219552,False
2415,813.066698998112,18211.875146297625,18149.875146297625,0.0014810224346106825,False
2416,813.3448799228228,18197.878990280456,18118.878990280456,0.001889448293013116,False
2417,813.6230513291134,18102.8828325569,18007.8828325569,0.0022850842514426095,False
2418,813.9012131926124,18042.886673140736,17966.886673140736,0.0018331928565578405,False
2419,814.1793654889484,17973.890512045728,17878.890512045728,0.0023015270314161885,False
2420,814.4575081937502,17901.894349285652,17792.894349285652,0.0026523897406293567,False
2421,814.7356412826463,17842.89818487427,17751.89818487427,0.0022205989631289683,False
2422,815.0137647312653,17756.902018825345,17671.902018825345,0.002083903354518885,False
2423,815.291878515236,17714.905851152642,17615.905851152642,0.0024338680129648406,False
2424,815.569982610187,17688.909681869914,17603.909681869914,0.0020919327502136355,False
2425,815.8480769917469,17634.913510990926,17549.913510990926,0.002098353517721942,False
2426,816.1261616355443,17565.917338529427,17472.917338529427,0.002305412382247061,False
2427,816.404236517208,17485.92116449917,17395.92116449917,0.0022410851891054204,False
2428,816.6823016123665,17372.924988913903,17292.924988913903,0.002004486851038798,False
2429,816.9603568966484,17300.928811787377,17228.928811787377,0.0018111425975778348,False
2430,817.2384023456825,17268.932633133332,17193.932633133332,0.001890274491842334,False
2431,817.5164379350973,17245.93645296551,17159.93645296551,0.00217110627192168,False
2432,817.7944636405216,17218.940271297655,17146.940271297655,0.0018197845045712932,False
2433,818.0724794375841,17180.9440881435,17091.9440881435,0.00225556104716355,False
2434,818.3504853019132,17105.947903516782,17036.947903516782,0.0017553496467339969,False
2435,818.6284812091376,16999.951717431235,16939.951717431235,0.0015355197524127586,False
2436,818.9064671348862,16913.95552990058,16849.95552990058,0.001646425384867279,False
2437,819.1844430547873,16822.959340938552,16761.959340938552,0.0015776124264982518,False
2438,819.4624089444698,16719.963150558873,16655.963150558873,0.0016655646143456226,False
2439,819.7403647795621,16601.966958775265,16553.966958775265,0.0012574611679865139,False
2440,820.0183105356932,16536.970765601443,16487.970765601443,0.0012887499109773988,False
2441,820.2962461884914,16494.974571051134,16439.974571051134,0.0014505089171966685,False
2442,820.5741717135854,16404.978375138042,16351.97837513804,0.001405358122973583,False
2443,820.8520870866041,16340.982177875881,16295.982177875881,0.0011976153086548224,False
2444,821.1299922831759,16275.98597927836,16233.98597927836,0.001122140518062278,False
2445,821.4078872789294,16185.989779359188,16150.989779359188,0.0009401195170171232,False
2446,821.6857720494935,16117.993578132067,16069.993578132067,0.0012952751896344507,False
2447,821.9636465704967,16022.997375610696,15951.997375610696,0.001928692037820001,False
2448,822.2415108175676,15933.001171808775,15881.001171808775,0.001419710285189025,False
2449,822.519364766335,15886.004966739998,15813.004966739998,0.0020002866519225906,False
2450,822.7972083924274,15867.008760418059,15779.008760418059,0.0024153442303510857,False
2451,823.0750416714734,15820.012552856648,15735.012552856648,0.0023397300508792153,False
2452,823.3528645791018,15751.016344069452,15676.016344069452,0.00207287454097208,False
2453,823.6306770909412,15719.020134070155,15641.020134070155,0.002160395149588324,False
2454,823.9084791826202,15681.02392287244,15588.02392287244,0.0025833537438608133,False
2455,824.1862708297674,15618.027710489985,15524.027710489985,0.0026217797590974735,False
2456,824.4640520080115,15571.031496936466,15481.031496936466,0.0025174889557592187,False
2457,824.7418226929813,15466.035282225559,15397.035282225559,0.0019418916284109663,False
2458,825.0195828603051,15375.039066370933,15298.039066370933,0.0021804623069077078,False
2459,825.297332485612,15259.042849386255,15201.042849386255,0.0016539093581265647,False
2460,825.5750715445303,15195.04663128519,15131.04663128519,0.0018330675082439284,False
2461,825.8528000126886,15091.050412081402,15033.050412081402,0.001672356046287904,False
2462,826.1305178657158,15066.054191788551,14985.054191788551,0.0023412073709352904,False
2463,826.4082250792404,15013.057970420292,14934.057970420292,0.0022913287358979116,False
2464,826.685921628891,14968.061747990278,14874.061747990278,0.0027359860180063726,False
2465,826.9636074902966,14883.06552451216,14809.06552451216,0.002164739078303611,False
2466,827.2412826390854,14821.069299999588,14745.069299999588,0.0022327199211345304,False
2467,827.5189470508861,14716.073074466207,14637.073074466207,0.002337694687695112,False
2468,827.7966007013275,14615.076847925655,14539.076847925655,0.002264271207120909,False
2469,828.0742435660383,14554.080620391576,14484.080620391576,0.0020938428138260715,False
2470,828.3518756206469,14490.084391877603,14416.084391877603,0.0022235988524116697,False
2471,828.629496840782,14445.088162397371,14366.088162397371,0.0023816695069232775,False
2472,828.9071072020727,14397.09193196451,14314.09193196451,0.0025109756938974793,False
2473,829.184706680147,14358.095700592647,14267.095700592647,0.0027612692914124955,False
2474,829.462295250634,14313.099468295408,14227.099468295408,0.002617321523964847,False
2475,829.739872889162,14266.103235086412,14179.103235086412,0.002656597889800432,False
2476,830.0174395713599,14222.107000979277,14146.107000979277,0.0023270030033370965,False
2477,830.2949952728562,14161.11076598762,14084.11076598762,0.0023678878149388143,False
2478,830.5725399692798,14103.114530125054,14040.114530125054,0.0019443822884461215,False
2479,830.8500736362589,14016.118293405187,13974.118293405187,0.0013033388891305435,False
2480,831.1275962494225,13955.122055841624,13909.122055841624,0.0014339211382199892,False
2481,831.4051077843991,13881.12581744797,13837.12581744797,0.00137880076319403,False
2482,831.6826082168175,13818.129578237826,13761.129578237826,0.0017951766271274944,False
2483,831.9600975223061,13739.133338224785,13692.133338224785,0.0014882185984511,False
2484,832.2375756764937,13692.137097422445,13668.137097422445,0.0007619127034182593,False
2485,832.515042655009,13643.140855844395,13619.140855844395,0.0007646513500602148,False
2486,832.7924984334804,13590.14461350422,13558.14461350422,0.001023816251615721,False
2487,833.0699429875369,13540.14837041551,13503.14837041551,0.001188383650922289,False
2488,833.3473762928069,13507.152126591844,13452.152126591844,0.0017720212227294967,False
2489,833.6247983249191,13468.155882046796,13403.155882046796,0.002101065748509861,False
2490,833.9022090595021,13411.159636793947,13364.159636793947,0.001524677364670067,False
2491,834.1796084721847,13330.163390846865,13283.163390846865,0.0015339579329979962,False
2492,834.4569965385953,13265.167144219122,13217.167144219122,0.0015743444465797611,False
2493,834.7343732343627,13195.170896924279,13140.170896924279,0.0018140057888159783,False
2494,835.0117385351156,13153.1746489759,13097.1746489759,0.0018529679437587316,False
2495,835.2890924164825,13102.178400387545,13062.178400387545,0.0013278975624986915,False
2496,835.5664348540921,13080.182151172768,13021.182151172768,0.0019633776822095255,False
2497,835.8437658235732,13017.185901345123,12974.185901345123,0.001436990698397671,False
2498,836.1210853005541,12968.189650918159,12912.189650918159,0.0018794569167259318,False
2499,836.3983932606639,12918.19339990542,12848.19339990542,0.002359716848224808,False
2500,836.6756896795309,12881.19714832045,12810.19714832045,0.002400413644990384,False
2501,836.9529745327837,12840.200896176788,12791.200896176788,0.0016604987670972235,False
2502,837.2302477960512,12820.20464348797,12759.20464348797,0.0020713546054529613,False
2503,837.5075094449619,12791.208390267528,12725.208390267528,0.0022466712293625875,False
2504,837.7847594551446,12757.212136528993,12705.212136528993,0.001773856582767784,False
2505,838.0619978022278,12709.215882285887,12669.215882285887,0.0013690202627510153,False
2506,838.33922446184,12672.219627551738,12623.219627551738,0.0016825528124798743,False
2507,838.61643940961,12605.22337234006,12551.22337234006,0.0018644873245466254,False
2508,838.8936426211667,12568.227116664373,12501.227116664373,0.002321374793034628,False
2509,839.1708340721384,12522.230860538186,12454.230860538186,0.002364794346516494,False
2510,839.4480137381539,12490.234603975008,12408.234603975008,0.0028605996596060257,False
2511,839.7251815948416,12459.238346988348,12369.238346988348,0.003148535856561151,False
2512,840.0023376178304,12422.242089591706,12332.242089591706,0.0031579470862273334,False
2513,840.2794817827491,12359.24583179858,12291.24583179858,0.0023960657728520894,False
2514,840.5566140652259,12313.249573622465,12239.249573622465,0.0026178914643863343,False
2515,840.8337344408898,12226.253315076854,12162.253315076854,0.002279345026353723,False
2516,841.1108428853692,12182.257056175235,12135.257056175235,0.0016787790044535083,False
2517,841.387939374293,12142.260796931092,12102.260796931092,0.0014330491093473541,False
2518,841.6650238832897,12119.264537357907,12067.264537357907,0.001867431890291897,False
2519,841.9420963879878,12069.268277469157,12010.268277469157,0.00212823246419579,False
2520,842.2191568640161,12037.272017278316,11983.272017278316,0.0019526569836699477,False
2521,842.4962052870034,12010.275756798856,11941.275756798856,0.002502251441417342,False
2522,842.7732416325781,11976.279496044242,11916.279496044242,0.0021812417580868893,False
2523,843.050265876369,11940.28323502794,11876.28323502794,0.0023340823522905617,False
2524,843.3272779940046,11903.286973763408,11856.286973763408,0.001718201455881751,False
2525,843.6042779611137,11888.290712264103,11835.290712264103,0.001940486592057164,False
2526,843.8812657533249,11860.294450543477,11809.294450543477,0.0018715198600093253,False
2527,844.1582413462667,11834.298188614981,11787.298188614981,0.0017282377752847375,False
2528,844.4352047155679,11829.301926492059,11763.301926492059,0.0024298725784817083,False
2529,844.7121558368572,11824.305664188154,11754.305664188154,0.0025786678124981727,False
2530,844.989094685763,11840.309401716702,11769.309401716702,0.0026120710736298467,False
2531,845.2660212379143,11829.31313909114,11757.31313909114,0.002651443191010635,False
2532,845.5429354689393,11811.316876324898,11731.316876324898,0.0029515552632214132,False
2533,845.8198373544669,11770.320613431402,11694.320613431402,0.002813296459545978,False
2534,846.096726870126,11739.324350424078,11678.324350424078,0.0022625690268024954,False
2535,846.3736039915448,11672.328087316344,11621.328087316344,0.0019017241263079368,False
2536,846.6504686943521,11611.331824121617,11561.331824121617,0.0018741701967632696,False
2537,846.9273209541767,11551.33556085331,11495.33556085331,0.0021105467876475414,False
2538,847.204160746647,11535.339297524828,11465.339297524828,0.002643461797625644,False
2539,847.4809880473916,11483.343034149579,11431.343034149579,0.0019710810575598128,False
2540,847.7578028320395,11448.346770740964,11391.346770740964,0.002167703066338031,False
2541,848.0346050762191,11405.35050731238,11354.35050731238,0.001946339772607044,False
2542,848.3113947555591,11380.35424387722,11314.35424387722,0.0025260087943293056,False
2543,848.5881718456882,11337.357980448875,11266.357980448875,0.002728313316139762,False
2544,848.8649363222349,11300.361717040729,11239.361717040729,0.0023506968177034768,False
2545,849.1416881608279,11287.365453666165,11204.365453666165,0.0032053207264077584,False
2546,849.418427337096,11276.369190338562,11201.369190338562,0.002898174760142321,False
2547,849.6951538266677,11272.372927071294,11197.372927071294,0.002899205653452768,False
2548,849.9718676051715,11264.376663877732,11193.376663877732,0.0027460459198808494,False
2549,850.2485686482364,11253.380400771242,11173.380400771242,0.0030984149898173915,False
2550,850.5252569314907,11233.384137765186,11149.384137765186,0.003259731530889812,False
2551,850.8019324305633,11198.387874872926,11134.387874872926,0.0024891597212894166,False
2552,851.0785951210827,11155.391612107813,11096.391612107813,0.0023030454881838103,False
2553,851.3552449786775,11130.3953494832,11058.3953494832,0.002818478291053615,False
2554,851.6318819789767,11110.399087012434,11049.399087012434,0.0023909992413258707,False
2555,851.9085060976084,11088.402824708859,11033.402824708859,0.002159520438776307,False
2556,852.1851173102016,11037.406562585815,10988.406562585815,0.0019323204640769591,False
2557,852.461715592385,11021.410300656635,10971.410300656635,0.001974713648690037,False
2558,852.738300919787,11013.41403893465,10952.41403893465,0.0024121131608708084,False
2559,853.0148732680364,10974.417777433191,10913.417777433191,0.002420708243884466,False
2560,853.2914326127618,10968.42151616558,10898.42151616558,0.0027805310106974613,False
2561,853.5679789295918,10932.425255145132,10855.425255145132,0.003069675396693914,False
2562,853.8445121941551,10927.428994385169,10847.428994385169,0.003191177172705806,False
2563,854.1210323820804,10902.432733898997,10824.432733898997,0.003118269882956528,False
2564,854.3975394689962,10858.436473699927,10789.436473699927,0.0027685325763522066,False
2565,854.6740334305313,10813.440213801261,10741.440213801261,0.002901367892069938,False
2566,854.9505142423143,10821.443954216296,10752.443954216296,0.002778026988572545,False
2567,855.2269818799738,10793.44769495833,10737.44769495833,0.0022591299978067607,False
2568,855.5034363191384,10769.451436040652,10726.451436040652,0.0017375113520071471,False
2569,855.7798775354368,10730.455177476551,10693.455177476551,0.0015000913969781173,False
2570,856.0563055044977,10714.458919279308,10665.458919279308,0.0019906967869340944,False
2571,856.3327202019497,10700.462661462201,10641.462661462201,0.0024012303782941303,False
2572,856.6091216034215,10678.466404038507,10626.466404038507,0.0021200121218346198,False
2573,856.8855096845417,10679.470147021495,10622.470147021495,0.0023241868307048246,False
2574,857.1618844209388,10690.47389042443,10635.47389042443,0.0022401114087591037,False
2575,857.4382457882417,10670.477634260576,10610.477634260576,0.0024489255892042204,False
2576,857.714593762079,10642.48137854319,10580.48137854319,0.0025374717739569098,False
2577,857.990928318079,10608.485123285525,10553.485123285525,0.0022574694141262413,False
2578,858.2672494318708,10592.488868500832,10534.488868500832,0.0023845477138366824,False
2579,858.5435570790829,10559.492614202354,10508.492614202354,0.0021026274322089693,False
2580,858.8198512353439,10531.496360403335,10470.496360403335,0.0025228118345160637,False
2581,859.0961318762822,10535.500107117008,10483.500107117008,0.0021488518866000865,False
2582,859.3723989775269,10525.503854356608,10468.503854356608,0.0023582773369710684,False
2583,859.6486525147064,10510.507602135363,10460.507602135363,0.002070931238226375,False
2584,859.9248924634495,10506.511350466499,10454.511350466499,0.0021547955660222496,False
2585,860.2011187993847,10497.51509936323,10441.51509936323,0.002322987143224054,False
2586,860.4773314981406,10488.518848838776,10440.518848838776,0.001992081239727261,False
2587,860.753530535346,10468.522598906347,10427.522598906347,0.001704255177430613,False
2588,861.0297158866293,10432.52634957915,10403.52634957915,0.0012089188187023548,False
2589,861.3058875276196,10427.530100870386,10402.530100870386,0.0010424710399877417,False
2590,861.582045433945,10439.533852793254,10419.533852793254,0.0008328169237847641,False
2591,861.8581895812345,10407.53760536095,10387.53760536095,0.0008353797452697786,False
2592,862.1343199451167,10406.541358586659,10385.541358586659,0.0008772750036823601,False
2593,862.4104365012201,10394.545112483569,10373.545112483569,0.0008782884829093342,False
2594,862.6865392251735,10380.54886706486,10354.54886706486,0.0010891352037226227,False
2595,862.9626280926055,10366.552622343706,10321.552622343706,0.001889325511105972,False
2596,863.2387030791446,10369.556378333282,10317.556378333282,0.0021833264881605616,False
2597,863.5147641604198,10343.560135046753,10285.560135046753,0.002442096026686105,False
2598,863.7908113120593,10323.563892497283,10266.563892497283,0.002404535704102431,False
2599,864.066844509692,10318.56765069803,10249.56765069803,0.0029138695586149316,False
2600,864.3428637289467,10320.571409662149,10262.571409662149,0.002447551070385143,False
2601,864.6188689454516,10307.57516940279,10254.57516940279,0.0022388376834508415,False
2602,864.8948601348358,10306.578929933094,10270.578929933094,0.0015196090156333866,False
2603,865.1708372727276,10306.582691266205,10259.582691266205,0.0019849958224475456,False
2604,865.4468003347557,10309.58645341526,10253.58645341526,0.002365447318943179,False
2605,865.7227492965491,10300.590216393388,10241.590216393388,0.002494715200636238,False
2606,865.9986841337361,10286.593980213716,10235.593980213716,0.0021585480277145686,False
2607,866.2746048219453,10267.597744889368,10214.597744889368,0.0022475773093648967,False
2608,866.5505113368056,10246.601510433462,10207.601510433462,0.0016561393570209853,False
2609,866.8264036539455,10202.60527685911,10154.60527685911,0.002048038331061778,False
2610,867.1022817489936,10180.609044179422,10137.609044179422,0.0018382212968663342,False
2611,867.3781455975786,10145.612812407502,10105.612812407502,0.0017156296798306807,False
2612,867.6539951753292,10144.61658155645,10097.61658155645,0.0020167614082868017,False
2613,867.929830457874,10146.620351639358,10100.620351639358,0.0019733632678575514,False
2614,868.2056514208416,10151.624122669318,10093.624122669318,0.002488401086361127,False
2615,868.4814580398607,10131.627894659418,10063.627894659418,0.0029246607901552927,False
2616,868.7572502905599,10118.631667622736,10050.631667622736,0.002928429876100669,False
2617,869.033028148568,10109.63544157235,10037.63544157235,0.003104076576401294,False
2618,869.3087915895134,10093.639216521333,10019.639216521333,0.0031956935093580096,False
2619,869.5845405890249,10077.64299248275,9989.64299248275,0.0038090013189357283,False
2620,869.8602751227311,10050.646769469664,9975.646769469664,0.003252947267718966,False
2621,870.1359951662607,10057.650547495132,9980.650547495132,0.003337692107057462,False
2622,870.4117006952423,10064.654326572208,9994.654326572208,0.0030310852345583773,False
2623,870.6873916853045,10044.658106713941,9969.658106713941,0.00325489397289342,False
2624,870.9630681120759,10055.661887933373,9976.661887933373,0.003425408087177042,False
2625,871.2387299511854,10019.665670243545,9953.665670243545,0.002870181207529091,False
2626,871.5143771782615,10022.669453657487,9950.669453657487,0.00313110775189031,False
2627,871.7900097689328,10036.673238188232,9974.673238188232,0.002691107673966851,False
2628,872.0656276988278,10044.677023848802,9994.677023848802,0.0021672124865047826,False
2629,872.3412309435755,10024.68081065222,9977.68081065222,0.0020409468243750986,False
2630,872.6168194788044,10015.684598611497,9971.684598611497,0.0019121063791208996,False
2631,872.8923932801429,10002.688387739647,9943.688387739647,0.002569233445294995,False
2632,873.16795232322,10005.69217804967,9941.69217804967,0.002786825753235454,False
2633,873.4434965836642,9991.695969554572,9924.695969554572,0.002921999139482131,False
2634,873.7190260371041,9950.699762267346,9881.699762267346,0.0030219681813547367,False
2635,873.9945406591684,9922.703556200982,9860.703556200982,0.002722114131130468,False
2636,874.2700404254857,9909.707351368468,9861.707351368468,0.0021087187133882507,False
2637,874.5455253116849,9894.711147782784,9852.711147782784,0.001847369795473753,False
2638,874.820995293394,9897.714945456904,9850.714945456904,0.0020671900804813638,False
2639,875.0964503462424,9899.718744403803,9856.718744403803,0.0018904918683744774,False
2640,875.3718904458583,9898.722544636445,9856.722544636445,0.0018466195662902567,False
2641,875.6473155678704,9875.72634616779,9832.72634616779,0.0018950947236310175,False
2642,875.9227256879075,9879.730149010797,9829.730149010797,0.0022034870919432456,False
2643,876.1981207815982,9852.733953178416,9803.733953178416,0.00216523882059344,False
2644,876.473500824571,9824.737758683596,9774.737758683596,0.0022158522745128377,False
2645,876.7488657924546,9818.741565539276,9752.741565539276,0.0029291131662124836,False
2646,877.0242156608779,9808.745373758391,9739.745373758391,0.0030658575218035938,False
2647,877.2995504054691,9779.749183353877,9721.749183353877,0.0025833044976055312,False
2648,877.5748700018571,9789.752994338658,9727.752994338658,0.00275919971181124,False
2649,877.8501744256706,9782.756806725654,9720.756806725654,0.0027611792534705916,False
2650,878.1254636525382,9752.760620527784,9706.760620527784,0.0020532451062160255,False
2651,878.4007376580884,9743.76443575796,9705.76443575796,0.0016970294160079823,False
2652,878.67599641795,9741.768252429085,9708.768252429085,0.001473659263896005,False
2653,878.9512399077516,9728.772070554063,9697.772070554063,0.001386056137301533,False
2654,879.2264681031219,9709.77589014579,9677.77589014579,0.0014336452790574138,False
2655,879.5016809796895,9701.779711217157,9668.779711217157,0.0014797437136745168,False
2656,879.7768785130829,9674.78353378105,9628.78353378105,0.002069833405662631,False
2657,880.052060678931,9648.78735785035,9612.78735785035,0.0016233999332002113,False
2658,880.3272274528623,9642.791183437932,9602.791183437932,0.0018052770717882415,False
2659,880.6023788105053,9622.795010556669,9582.795010556669,0.0018090362623852897,False
2660,880.8775147274891,9614.798839219424,9581.798839219424,0.001493153345228735,False
2661,881.1526351794419,9620.80266943906,9585.80266943906,0.0015828225158873728,False
2662,881.4277401419926,9610.806501228428,9577.806501228428,0.0014937746704466665,False
2663,881.7028295907696,9603.810334600385,9565.810334600385,0.0017218089198250037,False
2664,881.9779035014018,9614.814169567768,9558.814169567768,0.002536876141641869,False
2665,882.2529618495178,9585.818006143423,9524.818006143423,0.0027724931133176586,False
2666,882.528004610746,9577.821844340182,9521.821844340182,0.0025467030772245184,False
2667,882.8030317607154,9545.825684170874,9498.825684170874,0.0021435815961073365,False
2668,883.0780432750544,9505.829525648325,9478.829525648325,0.0012353088760316865,False
2669,883.3530391293917,9477.83336878535,9447.83336878535,0.0013768440024101347,False
2670,883.6280192993561,9464.837213594767,9424.837213594767,0.0018392911226187796,False
2671,883.902983760576,9430.841060089382,9405.841060089382,0.0011527898972049128,False
2672,884.1779324886802,9412.844908281997,9383.844908281997,0.0013400816942857124,False
2673,884.4528654592973,9371.848758185413,9353.848758185413,0.0008349278391512593,False
2674,884.7277826480558,9371.85260981242,9334.85260981242,0.0017179847114855858,False
2675,885.0026840305848,9356.856463175805,9322.856463175805,0.0015809695523063365,False
2676,885.2775695825123,9347.86031828835,9316.86031828835,0.0014426298234752344,False
2677,885.5524392794675,9328.864175162835,9299.864175162835,0.0013521642392689483,False
2678,885.8272930970788,9309.868033812027,9278.868033812027,0.0014485268251715523,False
2679,886.1021310109747,9299.871894248692,9254.871894248692,0.0021065545528927147,False
2680,886.3769529967843,9281.875756485591,9244.875756485591,0.0017346718535720567,False
2681,886.6517590301358,9269.879620535481,9252.879620535481,0.0007971823386854275,False
2682,886.926549086658,9255.883486411109,9230.883486411109,0.001174609782454075,False
2683,887.2013231419796,9234.887354125221,9212.887354125221,0.001035841263502448,False
2684,887.4760811717292,9246.891223690556,9212.891223690556,0.0015998053199326426,False
2685,887.7508231515354,9236.895095119846,9199.895095119846,0.0017431361139355153,False
2686,888.0255490570271,9225.898968425821,9187.898968425821,0.001792483418851622,False
2687,888.3002588638325,9201.902843621201,9175.902843621201,0.001228837028222023,False
2688,888.5749525475806,9198.906720718705,9169.906720718705,0.0013712971150035278,False
2689,888.8496300838998,9175.910599731045,9149.910599731045,0.001232322850133316,False
2690,889.124291448419,9165.914480670926,9133.914480670926,0.0015188598336481225,False
2691,889.3989366167665,9147.918363551049,9124.918363551049,0.001093292574996001,False
2692,889.6735655645714,9145.92224838411,9116.92224838411,0.0013792539889560167,False
2693,889.9481782674619,9139.926135182797,9102.926135182797,0.0017616672684500805,False
2694,890.222774701067,9115.930023959796,9084.930023959796,0.0014793962397577562,False
2695,890.4973548410153,9083.933914727784,9055.933914727784,0.0013407214721986211,False
2696,890.771918662935,9060.937807499435,9035.937807499435,0.0011999164038431218,False
2697,891.0464661424554,9029.941702287417,8998.941702287417,0.0014935081563355124,False
2698,891.3209972552047,8982.94559910439,8954.94559910439,0.0013558177196238191,False
2699,891.5955119768117,8950.949497963014,8913.949497963014,0.0017989375489619625,False
2700,891.870010282905,8919.953398875938,8874.953398875938,0.0021965041533464225,False
2701,892.1444921491133,8885.957301855804,8835.957301855804,0.0024506135141902355,False
2702,892.4189575510651,8835.961206915257,8787.961206915257,0.0023656693653669424,False
2703,892.6934064643893,8778.965114066928,8728.965114066928,0.002480565417690168,False
2704,892.9678388647143,8772.969023323445,8727.969023323445,0.002233399684523299,False
2705,893.242254727669,8722.972934697433,8676.972934697433,0.0022962821676847664,False
2706,893.5166540288818,8717.976848201506,8683.976848201506,0.0016970544148512366,False
2707,893.7910367439814,8699.980763848278,8662.980763848278,0.0018509423208764742,False
2708,894.0654028485965,8683.984681650354,8642.984681650354,0.002055305416404666,False
2709,894.3397523183556,8648.988601620335,8609.988601620335,0.0019627482467440976,False
2710,894.6140851288876,8628.992523770812,8582.992523770812,0.00232135848086825,False
2711,894.8884012558212,8598.996448114378,8563.996448114378,0.0017712910597093203,False
2712,895.1627006747846,8582.000374663612,8545.000374663612,0.0018764430578004918,False
2713,895.4369833614068,8555.004303431095,8511.004303431095,0.0022394222321959153,False
2714,895.7112492913163,8536.008234429395,8490.008234429395,0.0023467139025272633,False
2715,895.9854984401419,8520.012167671079,8480.012167671079,0.002043739584381297,False
2716,896.2597307835122,8509.016103168708,8464.016103168708,0.0023028645959572696,False
2717,896.5339462970556,8508.020040934834,8455.020040934834,0.0027138628843029265,False
2718,896.808144956401,8482.023980982007,8437.023980982007,0.00231021246746596,False
2719,897.0823267371769,8440.02792332277,8399.02792332277,0.0021148583515691243,False
2720,897.3564916150121,8405.031867969657,8356.031867969657,0.0025392768112248816,False
2721,897.6306395655351,8369.035814935203,8320.035814935203,0.0025502306220732468,False
2722,897.9047705643749,8323.039764231931,8285.039764231931,0.001987372360900725,False
2723,898.1788845871596,8296.04371587236,8255.04371587236,0.0021516544158698358,False
2724,898.4529816095181,8274.047669869004,8233.047669869004,0.0021573886874581448,False
2725,898.727061607079,8241.05162623437,8205.05162623437,0.0019013168140892885,False
2726,899.0011245554712,8214.05558498096,8181.055584980961,0.0017482940016110141,False
2727,899.2751704303229,8192.05954612127,8150.0595461212715,0.0022323186236965333,False
2728,899.5491992072632,8166.063509667792,8123.063509667792,0.0022929044728033877,False
2729,899.8232108619205,8141.067475633005,8092.067475633005,0.002621858847269621,False
2730,900.0972053699234,8115.071444029391,8061.071444029391,0.002899577396285288,False
2731,900.3711827069005,8088.075414869421,8033.075414869421,0.002963347893936337,False
2732,900.6451428484808,8054.079388165563,8002.079388165563,0.002813050410238933,False
2733,900.9190857702927,8026.083363930274,7977.083363930274,0.002659535637944683,False
2734,901.1930114479646,8000.087342176011,7944.087342176011,0.0030507180803153993,False
2735,901.4669198571256,7958.09132291522,7911.09132291522,0.0025725206884173652,False
2736,901.7408109734042,7927.095306160346,7874.095306160346,0.002913412593533304,False
2737,902.0146847724288,7888.099291923823,7845.099291923823,0.002373924046090849,False
2738,902.2885412298284,7859.103280218084,7807.103280218084,0.0028830713943208664,False
2739,902.5623803212313,7830.107271055551,7786.107271055551,0.0024473290527264593,False
2740,902.8362020222665,7790.111264448644,7746.111264448644,0.0024599297876659663,False
2741,903.1100063085624,7745.115260409774,7697.115260409774,0.0026998952309873064,False
2742,903.3837931557478,7716.1192589513485,7660.1192589513485,0.0031634002670350024,False
2743,903.6575625394512,7676.123260085767,7631.123260085767,0.0025534713849328645,False
2744,903.9313144353011,7649.127263825422,7599.127263825422,0.002848168868605653,False
2745,904.2050488189267,7614.131270182705,7569.131270182705,0.0025743227263522713,False
2746,904.4787656659562,7589.135279169996,7537.135279169996,0.002985984144007764,False
2747,904.7524649520182,7551.139290799671,7517.139290799671,0.0019598837869013045,False
2748,905.0261466527415,7504.143305084099,7479.143305084099,0.001449264424506657,False
2749,905.299810743755,7475.147322035646,7442.147322035646,0.0019214933570421418,False
2750,905.5734572006868,7440.151341666666,7393.151341666666,0.0027521731869286797,False
2751,905.8470859991659,7403.155363989514,7366.155363989514,0.002175989082041685,False
2752,906.1206971148209,7375.159389016532,7340.159389016532,0.002065919978955698,False
2753,906.3942905232803,7321.163416760061,7293.163416760061,0.001664156072468616,False
2754,906.667866200173,7273.167447232434,7244.167447232434,0.0017351059019347808,False
2755,906.9414241211274,7220.171480445977,7203.171480445977,0.0010237584492319457,False
2756,907.2149642617723,7198.17551641301,7178.17551641301,0.0012083588139565516,False
2757,907.4884865977364,7156.179555145847,7141.179555145847,0.0009112759312327736,False
2758,907.7619911046479,7139.183596656798,7107.183596656798,0.001951016228189515,False
2759,908.035477758136,7094.187640958164,7064.187640958164,0.0018404447821405187,False
2760,908.3089465338293,7071.191688062238,7040.191688062238,0.0019081262605867473,False
2761,908.582397407356,7042.195737981313,7009.195737981313,0.0020399039164964087,False
2762,908.8558303543451,7012.199790727671,6976.199790727671,0.0022353716412986807,False
2763,909.1292453504253,6984.203846313587,6943.203846313587,0.002556990588354757,False
2764,909.4026423712249,6955.2079047513325,6922.2079047513325,0.002065477479893491,False
2765,909.6760213923728,6914.2119660531735,6887.2119660531735,0.001699240024542884,False
2766,909.9493823894977,6875.216030231365,6856.216030231365,0.001201855769445127,False
2767,910.2227253382282,6847.22009729816,6820.22009729816,0.001715897944068224,False
2768,910.4960502141926,6817.224167265804,6792.224167265804,0.0015955641982174976,False
2769,910.7693569930201,6782.2282401465345,6759.2282401465345,0.001475289265041164,False
2770,911.042645650339,6760.232315952586,6727.232315952586,0.0021251950448229703,False
2771,911.315916161778,6724.236394696183,6695.236394696183,0.0018770572851528999,False
2772,911.5891685029658,6678.2404763895465,6647.2404763895465,0.002020663010102611,False
2773,911.862402649531,6635.24456104489,6599.24456104489,0.0023627115132528465,False
2774,912.1356185771023,6589.248648674419,6560.248648674419,0.0019155957234949662,False
2775,912.4088162613083,6552.252739290336,6509.252739290336,0.0028595065428613418,False
2776,912.6819956777775,6522.256832904834,6485.256832904834,0.0024707164770380228,False
2777,912.9551568021387,6477.260929530101,6443.260929530101,0.0022856733851884647,False
2778,913.2282996100207,6438.265029178318,6414.265029178318,0.0016219498625202756,False
2779,913.5014240770519,6399.269131861662,6362.269131861662,0.0025183391726688975,False
2780,913.7745301788611,6343.273237592299,6313.273237592299,0.0020588331711329662,False
2781,914.0476178910769,6280.2773463823905,6257.2773463823905,0.001593418259590075,False
2782,914.3206871893278,6258.281458244095,6231.281458244095,0.0018777229205754827,False
2783,914.5937380492426,6212.28557318956,6196.28557318956,0.0011199864157664728,False
2784,914.86677044645,6197.289691230927,6167.289691230927,0.002107448967003709,False
2785,915.1397843565785,6156.293812380333,6122.293812380333,0.0024051707861254845,False
2786,915.4127797552567,6123.2979366499085,6086.2979366499085,0.0026321829462948457,False
2787,915.6857566181135,6082.302064051774,6047.302064051774,0.0025063223651543695,False
2788,915.9587149207773,6050.306194598049,6013.306194598049,0.002664035563926641,False
2789,916.2316546388769,6010.31032830084,5972.31032830084,0.002754530266655568,False
2790,916.5045757480409,5984.314465172253,5948.314465172253,0.0026204868809672375,False
2791,916.7774782238979,5931.318605224384,5900.318605224384,0.0022757898179770666,False
2792,917.0503620420765,5905.322748469322,5872.322748469322,0.002433721648626845,False
2793,917.3232271782053,5873.3268949191515,5828.3268949191515,0.0033402711065258816,False
2794,917.5960736079134,5838.33104458595,5801.33104458595,0.002761068118875669,False
2795,917.8689013068288,5804.335197481787,5765.335197481787,0.002927922467822841,False
2796,918.1417102505807,5774.339353618726,5740.339353618726,0.0025647359642563708,False
2797,918.4145004147972,5731.343513008825,5706.343513008825,0.001898527090905385,False
2798,918.6872717751074,5696.347675664133,5681.347675664133,0.0011451213627408684,False
2799,918.96002430714,5661.351841596695,5635.351841596695,0.0019991099676725816,False
2800,919.2327579865231,5633.3560108185475,5602.3560108185475,0.002396494868419095,False
2801,919.5054727888859,5587.3601833417215,5550.3601833417215,0.0028855015952588183,False
2802,919.7781686898567,5558.36435917824,5524.36435917824,0.002664697311331339,False
2803,920.0508456650643,5518.368538340121,5492.368538340121,0.002051030269438939,False
2804,920.3235036901374,5484.372720839373,5466.372720839373,0.0014277215658488288,False
2805,920.5961427407044,5450.376906688001,5412.376906688001,0.0030385034798313436,False
2806,920.8687627923941,5405.381095898002,5377.381095898002,0.0022555023674752715,False
2807,921.1413638208353,5348.385288481365,5316.385288481365,0.002606237992263238,False
2808,921.4139458016564,5310.389484450075,5265.389484450075,0.003695873313616337,False
2809,921.6865087104862,5253.393683816106,5210.393683816106,0.0035694088933697116,False
2810,921.9590525229534,5232.3978865914305,5189.3978865914305,0.003583790951088589,False
2811,922.2315772146864,5194.40209278801,5155.40209278801,0.0032730213359896173,False
2812,922.5040827613138,5156.406302417801,5117.406302417801,0.0032972308923971292,False
2813,922.7765691384644,5118.410515492754,5079.410515492754,0.0033218012587701382,False
2814,923.0490363217673,5081.414732024809,5041.414732024809,0.0034322162105766487,False
2815,923.3214842868504,5043.418952025904,5002.418952025904,0.0035449850563041194,False
2816,923.5939130093426,5010.423175507968,4971.423175507968,0.0033936749545284404,False
2817,923.8663224648727,4959.427402482922,4923.427402482922,0.0031639988262032424,False
2818,924.1387126290692,4925.431632962682,4898.431632962682,0.0023872442478270126,False
2819,924.411083477561,4899.435866959155,4860.435866959155,0.0034708601521545126,False
2820,924.6834349859763,4873.440104484244,4833.440104484244,0.0035792916431686863,False
2821,924.9557671299441,4825.444345549843,4791.444345549843,0.0030708630164064804,False
2822,925.2280798850927,4786.44859016784,4756.44859016784,0.0027305915869770886,False
2823,925.5003732270512,4730.452838350115,4704.452838350115,0.002393597879947146,False
2824,925.772647131448,4706.457090108543,4681.457090108543,0.0023130564477852537,False
2825,926.0449015739116,4692.461345454989,4653.461345454989,0.0036245930270921213,False
2826,926.317136530071,4667.465604401315,4642.465604401315,0.002332431443618359,False
2827,926.5893519755546,4646.469866959373,4629.469866959373,0.0015918633950041967,False
2828,926.8615478859911,4614.47413314101,4586.47413314101,0.002643267341505472,False
2829,927.133724237009,4579.478402958063,4550.478402958063,0.0027589577036650154,False
2830,927.4058810042371,4562.482676422366,4528.482676422366,0.0032485177664526867,False
2831,927.6780181633043,4531.486953545744,4510.486953545744,0.002017302994206358,False
2832,927.9501356898387,4498.491234340015,4480.491234340015,0.0017412465551574308,False
2833,928.2222335594694,4466.495518816989,4444.495518816989,0.002144429945891426,False
2834,928.4943117478248,4444.4998069884705,4423.4998069884705,0.002056879017789057,False
2835,928.7663702305335,4411.504098866257,4382.504098866257,0.0028643561267570773,False
2836,929.0384089832244,4374.508394462138,4351.508394462138,0.002289428603579719,False
2837,929.310427981526,4335.512693787898,4308.512693787898,0.0027130853093828315,False
2838,929.5824272010668,4293.516996855309,4264.516996855309,0.0029433367971344092,False
2839,929.8544066174758,4253.521303676144,4230.521303676144,0.0023547259287962806,False
2840,930.1263662063814,4229.525614262162,4204.525614262162,0.0025746568410256595,False
2841,930.3983059434121,4191.529928625119,4173.529928625119,0.0018690392831886581,False
2842,930.6702258041969,4171.534246776762,4159.534246776762,0.0012511090002553609,False
2843,930.9421257643643,4141.538568728832,4118.538568728832,0.00241857278885886,False
2844,931.2140057995427,4119.54289449306,4097.54289449306,0.0023255206716295525,False
2845,931.4858658853611,4081.547224081174,4073.547224081174,0.0008520703204109779,False
2846,931.757705997448,4054.5515575048926,4038.5515575048926,0.0017171956577676322,False
2847,932.0295261114321,4011.5558947759273,3992.5558947759273,0.002061842930721564,False
2848,932.301326202942,3984.560235905983,3965.560235905983,0.0020758454907650794,False
2849,932.5731062476062,3942.5645809067564,3927.5645809067564,0.001655481119239363,False
2850,932.8448662210536,3915.568929789939,3893.568929789939,0.0024470060717997257,False
2851,933.1166060989128,3873.573282567212,3853.573282567212,0.0022481543377083604,False
2852,933.3883258568122,3856.577639250253,3831.577639250253,0.0028244487585865263,False
2853,933.6600254703808,3829.581999850729,3805.581999850729,0.0027302889355621256,False
2854,933.9317049152471,3800.5863643803027,3778.5863643803027,0.0025212528538580323,False
2855,934.2033641670396,3778.5907328506273,3767.5907328506273,0.001266135119149425,False
2856,934.475003201387,3752.59510527335,3742.59510527335,0.0011588624901940812,False
2857,934.7466219939181,3721.59948166011,3712.59948166011,0.0010515328594047702,False
2858,935.0182205202615,3697.6038620225404,3688.6038620225404,0.001058365109015918,False
2859,935.2897987560456,3662.608246372265,3646.608246372265,0.001901359144668283,False
2860,935.5613566768994,3647.612634720903,3631.612634720903,0.001909192982455882,False
2861,935.8328942584513,3607.617027080063,3593.617027080063,0.001688635686887719,False
2862,936.1044114763301,3586.62142346135,3571.62142346135,0.0018201189601848528,False
2863,936.3759083061644,3557.6258238763585,3534.6258238763585,0.0028168228080595117,False
2864,936.6473847235827,3534.630228336677,3511.630228336677,0.0028352084402712696,False
2865,936.918840704214,3486.6346368538875,3473.6346368538875,0.0016223035655181526,False
2866,937.1902762236864,3470.6390494395628,3461.6390494395628,0.0011276675509585303,False
2867,937.461691257629,3427.643466105269,3421.643466105269,0.0007608872525709029,False
2868,937.7330857816704,3409.6478868625663,3393.6478868625663,0.002042752440183048,False
2869,938.0044597714389,3375.6523117230054,3366.6523117230054,0.0011594411338423747,False
2870,938.2758132025637,3349.6567406981303,3336.6567406981303,0.0016887737598788321,False
2871,938.5471460506728,3324.661173799479,3308.661173799479,0.002095096490828048,False
2872,938.8184582913955,3301.6656110385793,3274.6656110385793,0.0035661272223503635,False
2873,939.0897499003598,3268.6700524269545,3240.6700524269545,0.0037362682848280115,False
2874,939.3610208531949,3237.674497976118,3209.674497976118,0.003772192866033985,False
2875,939.6322711255292,3208.6789476975773,3177.6789476975773,0.004216248103091669,False
2876,939.9035006929913,3184.683401602832,3156.683401602832,0.0038352377012234257,False
2877,940.1747095312098,3151.6878597033747,3123.6878597033747,0.0038755691244760845,False
2878,940.4458976158137,3117.692322010689,3093.692322010689,0.0033561339488499603,False
2879,940.7170649224313,3092.696788536253,3061.696788536253,0.004375164712433979,False
2880,940.9882114266912,3064.7012592915357,3042.7012592915357,0.0031288325597049345,False
2881,941.2593371042225,3034.705734288,3014.705734288,0.0028716582860903806,False
2882,941.5304419306533,3009.710213537099,2985.710213537099,0.003477028297730191,False
2883,941.8015258816125,2979.7146970502818,2952.7146970502818,0.003953197314927963,False
2884,942.0725889327286,2951.7191848389866,2925.7191848389866,0.003842398499455454,False
2885,942.3436310596306,2920.7236769146457,2898.7236769146457,0.003283653425387203,False
2886,942.6146522379469,2888.7281732886836,2874.7281732886836,0.002109891821743637,False
2887,942.8856524433061,2856.732673972517,2850.732673972517,0.0009131086016204202,False
2888,943.1566316513367,2842.7371789775557,2825.7371789775557,0.002604943715413437,False
2889,943.4275898376678,2820.741688315201,2797.741688315201,0.0035557029224520267,False
2890,943.6985269779278,2800.7462019968466,2781.7462019968466,0.0029562519465605973,False
2891,943.9694430477452,2765.7507200338796,2744.7507200338796,0.0033101264450638873,False
2892,944.2403380227488,2746.755242437679,2727.755242437679,0.003014562967812968,False
2893,944.5112118785672,2717.759769219615,2696.759769219615,0.0033688048535506095,False
2894,944.7820645908293,2688.7643003910525,2681.7643003910525,0.0011321280718794128,False
2895,945.0528961351633,2661.7688359633466,2651.7688359633466,0.0016346736259607827,False
2896,945.3237064871981,2640.773375947846,2632.773375947846,0.0013176553404655495,False
2897,945.5944956225625,2614.7779203558903,2606.7779203558903,0.0013307752247575585,False
2898,945.8652635168849,2589.782469198814,2589.782469198814,0.0,False
2899,946.1360101457938,2570.787022487941,2552.787022487941,0.003051515511338078,False
2900,946.406735484918,2545.7915802345897,2527.7915802345897,0.0030815828677807967,False
2901,946.6774395098864,2522.796142450069,2507.796142450069,0.002589928249397274,False
2902,946.9481221963274,2508.800709145682,2492.800709145682,0.002778604223946703,False
2903,947.2187835198696,2482.8052803327228,2463.8052803327228,0.0033362787043709633,False
2904,947.4894234561418,2463.809856022477,2441.809856022477,0.003895345834800515,False
2905,947.7600419807726,2431.8144362262246,2413.8144362262246,0.00322655194488181,False
2906,948.0306390693904,2416.8190209552367,2401.8190209552367,0.002703850429963751,False
2907,948.3012146976242,2398.8236102207757,2378.8236102207757,0.0036360744001553047,False
2908,948.5717688411025,2385.8282040340982,2361.8282040340982,0.0043908638097922255,False
2909,948.842301475454,2368.8328024064513,2341.8328024064513,0.004978523378633709,False
2910,949.1128125763073,2350.837405349075,2327.837405349075,0.004269949912294654,False
2911,949.383302119291,2329.8420128732014,2312.8420128732014,0.003180504703080297,False
2912,949.6537700800338,2323.8466249900553,2306.8466249900553,0.003188740416153179,False
2913,949.9242164341642,2305.8512417108527,2289.8512417108527,0.0030240163764672203,False
2914,950.1946411573111,2286.8558630468024,2278.8558630468024,0.0015219355138003455,False
2915,950.4650442251032,2271.860489009105,2261.860489009105,0.0019158443508286882,False
2916,950.7354256131687,2263.865119608954,2248.865119608954,0.0028871396582192408,False
2917,951.0057852971365,2249.8697548575337,2221.8697548575337,0.005438780319229246,False
2918,951.2761232526354,2236.8743947660214,2215.8743947660214,0.004096459140321943,False
2919,951.5464394552938,2220.8790393455874,2203.8790393455874,0.0033371508175033776,False
2920,951.8167338807406,2210.8836886073914,2192.8836886073914,0.0035502984328685,False
2921,952.0870065046042,2190.888342562588,2161.888342562588,0.005786984832463637,False
2922,952.3572573025133,2183.8930012223227,2160.8930012223227,0.004598093616472143,False
2923,952.6274862500966,2168.8976645977327,2140.8976645977327,0.005643152706089903,False
2924,952.8976933229827,2150.902332699948,2131.902332699948,0.0038533857764360456,False
2925,953.1678784968003,2135.9070055400903,2113.9070055400903,0.004496462163248033,False
2926,953.4380417471781,2123.911683129273,2100.911683129273,0.004728657697444205,False
2927,953.7081830497444,2104.916365478602,2083.916365478602,0.004354559427034143,False
2928,953.9783023801284,2098.9210525991757,2079.9210525991757,0.003949252835979323,False
2929,954.2483997139584,2079.925744502083,2066.925744502083,0.002722955849708702,False
2930,954.5184750268631,2064.930441198406,2054.930441198406,0.0021083009703633006,False
2931,954.788528294471,2047.9351426992189,2030.9351426992189,0.0036201440230308854,False
2932,955.0585594924111,2039.9398490155872,2029.9398490155872,0.0021341925958809987,False
2933,955.3285685963116,2034.9445601585687,2019.9445601585687,0.003213131975109405,False
2934,955.5985555818015,2019.949276139213,2008.949276139213,0.002371492411379685,False
2935,955.8685204245093,1995.9539969685618,1994.9539969685618,0.0002176419459691896,False
2936,956.1384631000637,1995.9587226576489,1986.9587226576489,0.0019627105223053816,False
2937,956.4083835840934,1987.9634532174996,1976.9634532174996,0.002409755170951357,False
2938,956.6782818522267,1974.9681886591313,1965.9681886591313,0.0019836184895966292,False
2939,956.9481578800927,1965.9729289935535,1956.9729289935535,0.0019927153400270117,False
2940,957.2180116433199,1959.9776742317674,1950.9776742317674,0.0019988247824419053,False
2941,957.4878431175367,1949.9824243847663,1935.9824243847663,0.0031292866966871158,False
2942,957.757652278372,1944.987179463535,1927.987179463535,0.003812601336444251,False
2943,958.0274391014544,1930.9919394790506,1913.9919394790506,0.003840356440352466,False
2944,958.2972035624126,1928.9967044422817,1912.9967044422817,0.003617263822231323,False
2945,958.5669456368751,1915.001474364189,1896.001474364189,0.004330441951896478,False
2946,958.8366653004707,1906.006249255725,1891.006249255725,0.003431356162221631,False
2947,959.106362528828,1890.0110291278338,1871.0110291278338,0.004387990937240417,False
2948,959.3760372975754,1877.0158139914518,1862.0158139914518,0.0034845664999614266,False
2949,959.6456895823418,1866.0206038575066,1853.0206038575066,0.003036186449388029,False
2950,959.9153193587559,1863.0253987369183,1847.0253987369183,0.003745908166235334,False
2951,960.1849266024462,1854.030198640598,1842.030198640598,0.0028200578640375324,False
2952,960.4545112890415,1847.0350035794493,1836.0350035794493,0.0025941692642657134,False
2953,960.7240733941702,1840.0398135643673,1826.0398135643673,0.0033169777643432506,False
2954,960.9936128934611,1833.0446286062386,1826.0446286062386,0.001661651229714391,False
2955,961.2631297625429,1830.049448715942,1818.049448715942,0.002857133386916998,False
2956,961.5326239770441,1819.0542739043476,1803.0542739043476,0.0038368573527116736,False
2957,961.8020955125934,1808.0591041823177,1793.0591041823177,0.0036180178087874414,False
2958,962.0715443448195,1804.063939560706,1795.063939560706,0.0021720031159783385,False
2959,962.3409704493511,1788.0687800503583,1782.0687800503583,0.0014597585111700332,False
2960,962.6103738018166,1775.0736256621112,1778.0736256621112,-0.0007333688491654349,False
2961,962.8797543778448,1763.0784764067942,1764.0784764067942,-0.00024625753792618206,False
2962,963.1491121530644,1762.0833322952276,1760.0833322952276,0.000493212922541618,False
2963,963.418447103104,1753.0881933382238,1746.0881933382238,0.0017375891311060977,False
2964,963.6877592035922,1753.0930595465868,1742.0930595465868,0.002733619847842331,False
2965,963.9570484301578,1740.097930931112,1727.097930931112,0.0032567267305603524,False
2966,964.2263147584292,1734.1028075025868,1725.1028075025868,0.002259859396380312,False
2967,964.4955581640352,1721.1076892717897,1715.1076892717897,0.00151665088045849,False
2968,964.7647786226044,1713.112576249492,1708.112576249492,0.0012694130662128775,False
2969,965.0339761097655,1703.117468446455,1695.117468446455,0.002044804045723643,False
2970,965.303150601147,1696.122365873433,1679.122365873433,0.004374834544421097,False
2971,965.5723020723776,1681.1272685411711,1666.1272685411711,0.003892420348808318,False
2972,965.8414304990861,1680.1321764604065,1668.1321764604065,0.003112989625174128,False
2973,966.110535856901,1665.1370896418673,1651.1370896418673,0.0036668613861267096,False
2974,966.379618121451,1661.142008096274,1653.142008096274,0.0020965991966535253,False
2975,966.6486772683648,1660.1469318343377,1658.1469318343377,0.0005235154598536839,False
2976,966.9177132732709,1650.151860866762,1645.151860866762,0.0013179204463663122,False
2977,967.1867261117981,1640.1567952042417,1635.1567952042417,0.0013259640864264409,False
2978,967.4557157595748,1636.1617348574628,1627.1617348574628,0.0023955089241828762,False
2979,967.7246821922299,1619.1666798371032,1616.1666798371032,0.0008054093190900644,False
2980,967.993625385392,1616.1716301538322,1610.1716301538322,0.0016153085305298475,False
2981,968.2625453146896,1611.1765858183107,1602.1765858183107,0.0024327612614846593,False
2982,968.5314419557516,1606.181546841191,1594.181546841191,0.003256854334343857,False
2983,968.8003152842064,1595.1865132331166,1586.1865132331166,0.00245721625959061,False
2984,969.0691652756826,1593.191485004723,1585.191485004723,0.0021862457891776584,False
2985,969.3379919058092,1589.1964621666368,1578.1964621666368,0.0030165240759282776,False
2986,969.6067951502146,1585.2014447294764,1580.2014447294764,0.0013720049493472913,False
2987,969.8755749845274,1581.2064327038513,1571.2064327038513,0.0027553239831009666,False
2988,970.1443313843762,1578.2114261003626,1572.2114261003626,0.0016542351069497852,False
2989,970.4130643253899,1567.2164249296025,1558.2164249296025,0.0025011966844864634,False
2990,970.681773783197,1562.2214292021552,1555.2214292021552,0.0019503590735772294,False
2991,970.9504597334261,1549.226438928596,1551.226438928596,-0.0005602982006186599,False
2992,971.2191221517058,1552.2314541194914,1549.2314541194914,0.0008401737441983909,False
2993,971.487761013665,1542.2364747854,1540.2364747854,0.0005635663961389698,False
2994,971.7563762949322,1540.2415009368708,1535.2415009368708,0.0014121192159637112,False
2995,972.0249679711359,1535.2465325844448,1532.2465325844448,0.0008494779505111188,False
2996,972.293536017905,1531.251569738654,1524.251569738654,0.001989895970056654,False
2997,972.562080410868,1524.2566124100224,1517.2566124100224,0.0019990488393094035,False
2998,972.8306011256535,1527.2616606090646,1523.2616606090646,0.0011389383002926518,False
2999,973.0990981378903,1518.266714346287,1511.266714346287,0.0020069537801778495,False
3000,973.3675714232069,1519.2717736321872,1511.2717736321872,0.0022928982021976447,False
3001,973.6360209572321,1517.2768384772537,1508.2768384772537,0.002583766333862439,False
3002,973.9044467155943,1520.281908891967,1506.281908891967,0.004017867442469521,False
3003,974.1728486739223,1517.2869848867986,1507.2869848867986,0.002871783389797824,False
3004,974.4412268078448,1513.292066472211,1505.292066472211,0.0023019825432452306,False
3005,974.7095810929903,1499.2971536586585,1494.2971536586585,0.0014507472996246101,False
3006,974.9779115049877,1498.3022464565863,1489.3022464565863,0.002616586077521021,False
3007,975.2462180194652,1498.3073448764308,1485.3073448764308,0.0037845798336173294,False
3008,975.514500612052,1495.3124489286201,1484.3124489286201,0.003206619066350502,False
3009,975.7827592583764,1487.317558623573,1479.317558623573,0.0023422929613827618,False
3010,976.0509939340669,1480.3226739717,1480.3226739717,0.0,False
3011,976.3192046147526,1470.3277949834023,1469.3277949834023,0.0002954730480248403,False
3012,976.5873912760618,1471.332921669073,1469.332921669073,0.0005907431473040399,False
3013,976.8555538936232,1469.3380540390954,1461.3380540390954,0.002371032728878454,False
3014,977.1236924430655,1466.343192103845,1460.343192103845,0.001780696801741993,False
3015,977.3918069000174,1460.3483358736883,1454.3483358736883,0.001788021784485578,False
3016,977.6598972401074,1463.3534853589822,1457.3534853589822,0.0017843423411643923,False
3017,977.9279634389644,1457.3586405700755,1451.3586405700755,0.0017916973947036913,False
3018,978.1960054722166,1459.3638015173083,1456.3638015173083,0.0008936938444564394,False
3019,978.464023315493,1461.3689682110112,1455.3689682110112,0.0017867704427175727,False
3020,978.7320169444223,1461.374140661506,1457.374140661506,0.0011903589126076243,False
3021,978.9999863346328,1462.3793188791064,1458.3793188791064,0.0011895395882504031,False
3022,979.2679314617535,1468.3845028741166,1456.3845028741166,0.0035637433356330186,False
3023,979.5358523014128,1458.3896926568316,1457.3896926568316,0.0002978925642443291,False
3024,979.8037488292396,1459.3948882375382,1470.3948882375382,-0.0032611635053108557,False
3025,980.0716210208622,1455.4000896265138,1460.4000896265138,-0.0014894536006904166,False
3026,980.3394688519095,1465.4052968340275,1464.4052968340275,0.0002964659215218446,False
3027,980.6072922980102,1467.4105098703383,1457.4105098703383,0.0029697282071872323,False
3028,980.8750913347926,1469.4157287456976,1461.4157287456976,0.0023709070511047977,False
3029,981.1428659378855,1461.420953470347,1451.420953470347,0.0029819413616488702,False
3030,981.4106160829178,1460.4261840545194,1458.4261840545194,0.0005951579526465897,False
3031,981.6783417455181,1463.4314205084388,1451.4314205084388,0.0035758548580899535,False
3032,981.9460429013146,1473.43666284232,1460.43666284232,0.0038487450466293404,False
3033,982.2137195259363,1475.4419110663691,1465.4419110663691,0.0029535077343816364,False
3034,982.481371595012,1468.447165190783,1463.447165190783,0.0014812774745229856,False
3035,982.74899908417,1462.4524252257495,1457.4524252257495,0.001487359789566727,False
3036,983.016601969039,1468.457691181448,1459.457691181448,0.002669928694786052,False
3037,983.2841802252477,1474.4629630680479,1463.4629630680479,0.0032521321126429163,False
3038,983.5517338284249,1476.4682408957103,1467.4682408957103,0.0026553986732989598,False
3039,983.819262754199,1474.4735246745872,1462.4735246745872,0.0035489661179900684,False
3040,984.086766978199,1470.4788144148213,1464.4788144148213,0.0017756784601501493,False
3041,984.3542464760532,1472.4841101265463,1467.4841101265463,0.0014772095073220868,False
3042,984.6217012233902,1477.489411819887,1472.489411819887,0.001472196662230497,False
3043,984.8891311958388,1473.4947195049588,1469.4947195049588,0.0011805540137497792,False
3044,985.1565363690278,1477.5000331918682,1474.5000331918682,0.0008827126456259363,False
3045,985.4239167185856,1477.5053528907129,1477.5053528907129,0.0,False
3046,985.691272220141,1483.510678611581,1478.510678611581,0.0014662112187256852,False
3047,985.9586028493225,1489.5160103645517,1476.5160103645517,0.0038070151491688014,False
3048,986.2259085817589,1496.5213481596952,1490.5213481596952,0.0017447158684422914,False
3049,986.4931893930786,1497.5266920070724,1485.5266920070724,0.0034941123900678757,False
3050,986.7604452589106,1501.532041916735,1489.532041916735,0.003484754320342741,False
3051,987.0276761548834,1500.5373978987257,1491.5373978987257,0.0026126767491469346,False
3052,987.2948820566254,1501.542759963078,1495.542759963078,0.0017388695485795601,False
3053,987.5620629397656,1503.5481281198163,1491.5481281198163,0.003480062891592528,False
3054,987.8292187799323,1496.5535023789557,1488.5535023789557,0.002327798747324537,False
3055,988.0963495527544,1502.558882750502,1499.558882750502,0.0008679765293448104,False
3056,988.3634552338607,1510.5642692444524,1507.5642692444524,0.0008633720255369033,False
3057,988.6305357988795,1513.5696618707939,1509.5696618707939,0.0011492549666578583,False
3058,988.8975912234396,1522.5750606395054,1511.5750606395054,0.003148993978570018,False
3059,989.1646214831694,1524.5804655605555,1513.5804655605555,0.0031448368167939565,False
3060,989.431626553698,1530.5858766439046,1525.5858766439046,0.0014210420893888624,False
3061,989.6986064106538,1530.591293899503,1525.591293899503,0.0014210370516257408,False
3062,989.9655610296653,1545.5967173372921,1533.5967173372921,0.0033850164188578315,False
3063,990.2324903863613,1540.6021469672041,1538.6021469672041,0.0005641646367294909,False
3064,990.4993944563706,1543.6075827991622,1538.6075827991622,0.0014090348646298878,False
3065,990.7662732153217,1542.6130248430795,1539.6130248430795,0.0008454174587710558,False
3066,991.0331266388431,1545.6184731088606,1543.6184731088606,0.0005623324466729796,False
3067,991.2999547025637,1541.6239276064002,1535.6239276064002,0.0016935718643042216,False
3068,991.5667573821119,1541.6293883455846,1539.6293883455846,0.0005637884700625872,False
3069,991.8335346531164,1538.6348553362895,1536.6348553362895,0.0005648864444311474,False
3070,992.1002864912061,1543.6403285883828,1537.6403285883828,0.0016913552998375763,False
3071,992.3670128720095,1542.6458081117214,1536.6458081117214,0.0016924478184715966,False
3072,992.6337137711552,1553.6512939161544,1549.6512939161544,0.0011195678413500232,False
3073,992.9003891642716,1554.6567860115201,1550.6567860115201,0.0011188428144988894,False
3074,993.1670390269877,1562.6622844076492,1557.6622844076492,0.0013918258951442556,False
3075,993.4336633349321,1561.667789114361,1555.667789114361,0.0016717931347243907,False
3076,993.7002620637335,1570.673300141467,1563.673300141467,0.0019398406209371725,False
3077,993.9668351890202,1568.678817498769,1566.678817498769,0.0005540606098138153,False
3078,994.2333826864212,1575.6843411960588,1565.6843411960588,0.002765011005107395,False
3079,994.4999045315649,1579.6898712431191,1572.6898712431191,0.0019287437544586877,False
3080,994.7664007000802,1575.6954076497236,1571.6954076497236,0.001103885068514302,False
3081,995.0328711675955,1574.700950425636,1570.700950425636,0.0011045830827577387,False
3082,995.2993159097398,1573.7064995806109,1565.7064995806109,0.0022133840794441827,False
3083,995.5657349021413,1560.7120551243931,1552.7120551243931,0.00223186008626933,False
3084,995.8321281204289,1550.717617066719,1541.717617066719,0.002527885680175391,False
3085,996.0984955402312,1536.7231854173137,1525.7231854173137,0.0031198977990248974,False
3086,996.3648371371767,1520.728760185895,1516.728760185895,0.0011438375155329824,False
3087,996.6311528868944,1502.7343413821693,1500.7343413821693,0.0005783906435740581,False
3088,996.8974427650126,1488.7399290158348,1484.7399290158348,0.0011684484566494375,False
3089,997.16370674716,1467.7455230965797,1464.7455230965797,0.0008885850832669286,False
3090,997.4299448089654,1455.7511236340824,1454.7511236340824,0.00029843268418730306,False
3091,997.6961569260573,1441.7567306380129,1436.7567306380129,0.0015087472215445155,False
3092,997.9623430740645,1422.7623441180301,1424.7623441180301,-0.0006100660761428884,False
3093,998.2285032286156,1400.7679640837848,1396.7679640837848,0.0012419351572644697,False
3094,998.4946373653391,1389.7735905449174,1383.7735905449174,0.0018790168590303083,False
3095,998.7607454598636,1362.7792235110592,1359.7792235110592,0.0009571026652911882,False
3096,999.0268274878182,1349.7848629918315,1344.7848629918315,0.0016117414820235852,False
3097,999.2928834248311,1326.7905089968465,1320.7905089968465,0.0019684167053477283,False
3098,999.5589132465309,1308.7961615357067,1305.7961615357067,0.000996624985073275,False
3099,999.8249169285467,1290.8018206180047,1290.8018206180047,0.0,False
3100,1000.0908944465067,1281.8074862533242,1278.8074862533242,0.001017633698018362,False
3101,1000.3568457760398,1263.8131584512387,1263.8131584512387,0.0,False
3102,1000.6227708927745,1257.818837221312,1251.818837221312,0.002076612000762408,False
3103,1000.8886697723395,1239.8245225730989,1231.8245225730989,0.002811376473435577,False
3104,1001.1545423903635,1231.830214516144,1231.830214516144,0.0,False
3105,1001.4203887224752,1219.8359130599827,1217.8359130599827,0.0007126383046277048,False
3106,1001.6862087443028,1212.8416182141405,1206.8416182141405,0.0021538126916193123,False
3107,1001.9520024314754,1200.8473299881332,1195.8473299881332,0.0018120585788889245,False
3108,1002.2177697596218,1200.8530483914672,1199.8530483914672,0.0003618056434339809,False
3109,1002.48351070437,1194.858773433639,1195.858773433639,-0.00036331728756551756,False
3110,1002.7492252413492,1200.8645051241356,1193.8645051241356,0.0025389678906401042,False
3111,1003.014913346188,1196.8702434724341,1188.8702434724341,0.0029126125801140074,False
3112,1003.2805749945148,1195.8759884880021,1192.8759884880021,0.0010908492327867884,False
3113,1003.5462101619584,1194.8817401802976,1191.8817401802976,0.0010917580586126334,False
3114,1003.8118188241473,1195.8874985587684,1190.8874985587684,0.0018195896878895038,False
3115,1004.0774009567101,1188.893263632853,1180.893263632853,0.0029322211207950394,False
3116,1004.3429565352758,1194.89903541198,1192.89903541198,0.0007275231331678414,False
3117,1004.6084855354729,1194.904813905569,1194.904813905569,0.0,False
3118,1004.8739879329298,1208.9105991230283,1202.9105991230283,0.0021608337043641803,False
3119,1005.1394637032755,1210.9163910737577,1197.9163910737577,0.004687650483726464,False
3120,1005.4049128221384,1219.922189767147,1207.922189767147,0.004293171561067714,False
3121,1005.6703352651471,1226.927995212576,1213.927995212576,0.0046261489178501085,False
3122,1005.9357310079305,1231.933807419415,1226.933807419415,0.001766240190721938,False
3123,1006.201100026117,1237.9396263970239,1229.9396263970239,0.002815671002719063,False
3124,1006.4664422953354,1247.9454521547534,1239.9454521547534,0.002793022655567053,False
3125,1006.7317577912142,1256.9512847019446,1250.9512847019446,0.002078048720726876,False
3126,1006.9970464893823,1271.9571240479281,1263.9571240479281,0.0027401300209680558,False
3127,1007.2623083654681,1280.9629702020252,1272.9629702020252,0.0027208049880693293,False
3128,1007.5275433951005,1295.968823173547,1283.968823173547,0.004040075444025072,False
3129,1007.7927515539078,1312.974682971795,1299.974682971795,0.004321457524140822,False
3130,1008.0579328175188,1318.9805496060605,1313.9805496060605,0.001649454692235393,False
3131,1008.3230871615622,1328.9864230856258,1323.9864230856258,0.0016370125941450612,False
3132,1008.5882145616666,1338.9923034197623,1340.9923034197623,-0.0006482045626946207,False
3133,1008.8533149934607,1344.9981906177322,1347.9981906177322,-0.0009676091611165726,False
3134,1009.1183884325732,1364.0040846887875,1357.0040846887875,0.0022345159519082483,False
3135,1009.3834348546326,1370.0099856421705,1363.0099856421705,0.002224695064795015,False
3136,1009.6484542352675,1389.0158934871135,1385.0158934871135,0.0012524579853440384,False
3137,1009.9134465501066,1394.0218082328388,1389.0218082328388,0.0015605035673873183,False
3138,1010.1784117747787,1411.027729888559,1407.027729888559,0.001232892055581382,False
3139,1010.4433498849123,1417.0336584634767,1413.0336584634767,0.0012276591966563632,False
3140,1010.708260856136,1422.0395939667844,1416.0395939667844,0.0018362918022994637,False
3141,1010.9731446640784,1433.045536407665,1426.045536407665,0.0021265971389434757,False
3142,1011.2380012843685,1443.051485795291,1439.051485795291,0.0012054940854792954,False
3143,1011.5028306926346,1451.057442138825,1446.057442138825,0.001499060031943628,False
3144,1011.7676328645056,1460.0634054474206,1452.0634054474206,0.0023861355091322383,False
3145,1012.03240777561,1459.06937573022,1462.06937573022,-0.0008920383553288746,False
3146,1012.2971554015762,1477.0753529963558,1470.0753529963558,0.002063055061252074,False
3147,1012.5618757180332,1478.0813372549517,1478.0813372549517,0.0,False
3148,1012.8265687006095,1483.08732851512,1480.08732851512,0.0008793837972222936,False
3149,1013.0912343249339,1489.0933267859637,1485.0933267859637,0.0011681707823638777,False
3150,1013.3558725666347,1495.0993320765754,1484.0993320765754,0.003207077841241882,False
3151,1013.6204834013411,1491.1053443960382,1486.1053443960382,0.0014587307906798086,False
3152,1013.8850668046812,1492.111363753425,1489.111363753425,0.0008740600784176412,False
3153,1014.1496227522838,1489.117390157798,1489.117390157798,0.0,False
3154,1014.4141512197779,1493.1234236182102,1492.1234236182102,0.0002909605271333997,False
3155,1014.6786521827916,1488.1294641437044,1490.1294641437044,-0.0005832864873648895,False
3156,1014.9431256169538,1484.1355117433127,1481.1355117433127,0.0008787620962248642,False
3157,1015.2075714978932,1488.141566426058,1481.141566426058,0.002047677415193965,False
3158,1015.4719898012382,1487.1476282009526,1484.1476282009526,0.0008769804250378774,False
3159,1015.7363805026179,1480.1536970769985,1472.1536970769985,0.002353660303721175,False
3160,1016.0007435776606,1481.1597730631881,1472.1597730631881,0.0026469620883977107,False
3161,1016.2650790019949,1476.1658561685038,1470.1658561685038,0.0017688235731224441,False
3162,1016.5293867512498,1475.171946401917,1465.171946401917,0.0029540500851414813,False
3163,1016.7936668010535,1462.1780437723899,1457.1780437723899,0.0014876393750140398,False
3164,1017.057919127035,1462.184148288874,1450.184148288874,0.003578917736428544,False
3165,1017.3221437048227,1448.1902599603109,1450.1902599603109,-0.0005993616750443855,False
3166,1017.5863405100454,1439.1963787956322,1441.1963787956322,-0.0006031046294682361,False
3167,1017.8505095183317,1434.2025048037588,1429.2025048037588,0.0015167079817634173,False
3168,1018.11465070531,1422.2086379936022,1418.2086379936022,0.0012231858260138445,False
3169,1018.3787640466095,1414.2147783740631,1413.2147783740631,0.00030720093377751694,False
3170,1018.6428495178583,1412.220925954032,1404.220925954032,0.002467201797109747,False
3171,1018.9069070946854,1400.22708074239,1389.22708074239,0.0034252321691420557,False
3172,1019.1709367527193,1388.233242748007,1380.233242748007,0.002509956717265825,False
3173,1019.4349384675886,1370.239411979743,1365.239411979743,0.0015876378268991494,False
3174,1019.6989122149221,1367.245588446448,1362.245588446448,0.001591120613837838,False
3175,1019.9628579703483,1357.2517721569618,1346.2517721569618,0.003534129388351456,False
3176,1020.226775709496,1345.257963120114,1339.257963120114,0.001941334156310217,False
3177,1020.4906654079936,1333.2641613447236,1328.2641613447236,0.0016317504086199005,False
3178,1020.7545270414698,1325.2703668395993,1320.2703668395993,0.0016416114614116282,False
3179,1021.0183605855534,1308.2765796135402,1307.2765796135402,0.00033208616046064536,False
3180,1021.2821660158731,1301.2827996753347,1296.2827996753347,0.001671930897105502,False
3181,1021.5459433080574,1288.2890270337605,1280.2890270337605,0.002705284415342132,False
3182,1021.809692437735,1281.2952616975858,1273.2952616975858,0.002720097159349052,False
3183,1022.0734133805345,1265.3015036755683,1264.3015036755683,0.00034336969339821867,False
3184,1022.3371061120844,1246.307752976455,1245.307752976455,0.00034860475397117366,False
3185,1022.6007706080135,1237.3140096089828,1234.3140096089828,0.0010542719821947056,False
3186,1022.8644068439506,1232.3202735818788,1233.3202735818788,-0.00035227722566066676,False
3187,1023.1280147955242,1224.326544903859,1219.326544903859,0.001777237079141201,False
3188,1023.391594438363,1214.3328235836293,1209.3328235836293,0.0017918936076086454,False
3189,1023.6551457480954,1199.3391096298856,1201.3391096298856,-0.0007236198152562548,False
3190,1023.9186687003503,1192.3454030513128,1193.3454030513128,-0.0003640828109221168,False
3191,1024.1821632707563,1177.3517038565865,1178.3517038565865,-0.00036871747654488435,False
3192,1024.445629434942,1168.3580120543706,1163.3580120543706,0.001862555916216277,False
3193,1024.709067168536,1160.3643276533198,1149.3643276533198,0.004136655107150025,False
3194,1024.9724764471669,1146.3706506620777,1137.3706506620777,0.0034230414537335225,False
3195,1025.2358572464639,1130.3769810892777,1127.3769810892777,0.0011541418899678178,False
3196,1025.4992095420548,1120.383318943543,1117.383318943543,0.0011644504875490266,False
3197,1025.7625333095687,1108.389664233486,1109.389664233486,-0.0003916480830722827,False
3198,1026.0258285246343,1099.3960169677093,1094.3960169677093,0.0019796554421645336,False
3199,1026.28909516288,1085.4023771548043,1079.4023771548043,0.00240739822713414,False
3200,1026.5523331999345,1074.4087448033526,1068.4087448033526,0.0024321004603330065,False
3201,1026.8155426114267,1063.4151199219252,1055.4151199219252,0.0032795193307990135,False
3202,1027.0787233729852,1060.4215025190824,1049.4215025190824,0.004528566889170178,False
3203,1027.3418754602383,1041.4278926033744,1039.4278926033744,0.0008348384712174593,False
3204,1027.604998848815,1032.4342901833406,1028.4342901833406,0.0016858717975549889,False
3205,1027.8680935143439,1022.4406952675104,1009.4406952675104,0.005557317793657051,False
3206,1028.1311594324532,1016.4471078644019,1001.4471078644019,0.006456767822975176,False
3207,1028.3941965787722,1001.4535279825238,987.4535279825238,0.006114135048117,False
3208,1028.6572049289289,994.4599556303735,981.4599556303735,0.005714715152738608,False
3209,1028.9201844585527,981.4663908164382,975.4663908164382,0.0026631216780545214,False
3210,1029.1831351432716,973.4728335491945,969.4728335491945,0.001788192445422364,False
3211,1029.4460569587145,963.4792838371084,952.4792838371084,0.004986842483597093,False
3212,1029.7089498805099,952.4857416886359,950.4857416886359,0.0009128768257447685,False
3213,1029.9718138842868,942.4922071122216,942.4922071122216,0.0,False
3214,1030.2346489456734,940.4986801163002,940.4986801163002,0.0,False
3215,1030.4974550402987,926.5051607092958,922.5051607092958,0.0018790383346881624,False
3216,1030.7602321437912,924.5116488996218,916.5116488996218,0.0037743984314572805,False
3217,1031.0229802317795,911.5181446956808,905.5181446956808,0.0028681610571667606,False
3218,1031.2856992798922,908.5246481058653,900.5246481058653,0.003841109814851712,False
3219,1031.5483892637583,895.5311591385571,884.5311591385571,0.0053675650146340044,False
3220,1031.811050159006,887.5376778021268,878.5376778021268,0.004426407016797075,False
3221,1032.073681941264,872.5442041049357,865.5442041049357,0.003498185472934867,False
3222,1032.3362845861614,859.5507380553331,857.5507380553331,0.0010116925163501545,False
3223,1032.5988580693263,853.5572796616584,843.5572796616584,0.005118093010673083,False
3224,1032.8614023663874,841.5638289322405,836.5638289322405,0.0025879781256365345,False
3225,1033.123917452974,834.5703858753973,831.5703858753973,0.0015639553101457785,False
3226,1033.3864033047137,827.5769504994362,823.5769504994362,0.002104202794085496,False
3227,1033.6488598972362,821.5835228126541,818.5835228126541,0.0015887222001414298,False
3228,1033.9112872061692,816.5901028233368,812.5901028233368,0.00213258350702072,False
3229,1034.173685207142,815.5966905397602,805.5966905397602,0.0053577814354660545,False
3230,1034.436053875783,808.6032859701888,803.6032859701888,0.0026937979404285895,False
3231,1034.698393187721,799.6098891228769,789.6098891228769,0.0054655777613466265,False
3232,1034.9607031185842,793.6165000060678,784.6165000060678,0.004953251778335286,False
3233,1035.222983644002,778.6231186279942,773.6231186279942,0.0027978549635366105,False
3234,1035.4852347396022,771.6297449968781,768.6297449968781,0.001691773498854337,False
3235,1035.7474563810142,758.6363791209312,760.6363791209312,-0.0011434279471389034,False
3236,1036.0096485438662,754.6430210083538,753.6430210083538,0.000575878226596262,False
3237,1036.271811203787,749.6496706673361,745.6496706673361,0.0023235241577320384,False
3238,1036.5339443364048,744.6563281060569,741.6563281060569,0.0017531778520339409,False
3239,1036.7960479173491,737.6629933326849,731.6629933326849,0.0035469070838534756,False
3240,1037.058121922248,729.6696663553778,729.6696663553778,0.0,False
3241,1037.32016632673,717.6763471822824,721.6763471822824,-0.0024138383962528875,False
3242,1037.5821811064243,716.683035821535,718.683035821535,-0.0012102689942101374,False
3243,1037.844166236959,715.6897322812608,715.6897322812608,0.0,False
3244,1038.106121693963,704.6964365695749,701.6964365695749,0.0018528043574736544,False
3245,1038.368047453065,695.7031486945807,696.7031486945807,-0.000623804355646776,False
3246,1038.6299434898933,691.7098686643715,691.7098686643715,0.0,False
3247,1038.891809780077,683.7165964870294,682.7165964870294,0.0006356616066841335,False
3248,1039.1536462992447,686.723332170626,679.723332170626,0.0044496255087731265,False
3249,1039.4154530230246,673.730075723222,669.730075723222,0.002586132620356768,False
3250,1039.6772299270456,669.7368271528671,666.7368271528671,0.0019497363525492143,False
3251,1039.9389769869367,665.7435864676004,665.7435864676004,0.0,False
3252,1040.200694178326,665.75035367545,657.75035367545,0.0052503155471137165,False
3253,1040.4623814768424,653.7571287844332,647.7571287844332,0.004004236351556229,False
3254,1040.7240388581147,646.7639118025565,644.7639118025565,0.001345057601129035,False
3255,1040.985666297771,643.7707027378156,633.7707027378156,0.006799049332612971,False
3256,1041.2472637714407,641.7775015981949,634.7775015981949,0.00476296256198497,False
3257,1041.5088312547518,630.7843083916684,628.7843083916684,0.001379185988299912,False
3258,1041.7703687233331,625.7911231261994,617.7911231261994,0.005587734617955158,False
3259,1042.0318761528135,614.7979458097398,612.7979458097398,0.0014151069390740045,False
3260,1042.2933535188217,612.8047764502307,610.8047764502307,0.0014197171561162083,False
3261,1042.5548007969858,606.8116150556025,601.8116150556025,0.003593319643803901,False
3262,1042.8162179629348,603.8184616337744,600.8184616337744,0.0021631183870244076,False
3263,1043.0776049922974,601.8253161926548,592.8253161926548,0.006543711071130995,False
3264,1043.3389618607023,605.8321787401417,592.8321787401417,0.009420568159070837,False
3265,1043.6002885437779,592.8390492841213,581.8390492841213,0.008133937207180978,False
3266,1043.861585017153,587.8459278324692,581.8459278324692,0.004455514901251014,False
3267,1044.1228512564562,576.8528143930503,578.8528143930503,-0.0015031333399305616,False
3268,1044.384087237316,582.8597089737182,577.8597089737182,0.0037416205973737366,False
3269,1044.6452929353613,570.8666115823157,569.8666115823157,0.0007614306032871416,False
3270,1044.9064683262204,566.8735222266748,566.8735222266748,0.0,False
3271,1045.1676133855226,565.880440914616,565.880440914616,0.0,False
3272,1045.428728088896,562.8873676539492,559.8873676539492,0.00232083338771576,False
3273,1045.6898124119693,562.8943024524735,554.8943024524735,0.006216587221435698,False
3274,1045.9508663303714,557.9012453179766,552.9012453179766,0.003909762705043918,False
3275,1046.2118898197305,555.9081962582352,551.9081962582352,0.0031362335649129745,False
3276,1046.4728828556756,555.9151552810151,551.9151552810151,0.0031361941630112518,False
3277,1046.733845413835,546.9221223940713,543.9221223940713,0.002388767666313703,False
3278,1046.994777469838,539.9290976051473,541.9290976051473,-0.001605737160648637,False
3279,1047.2556789993127,538.9360809219759,534.9360809219759,0.003235368274764842,False
3280,1047.516549977888,543.9430723522787,536.9430723522787,0.005625206484703495,False
3281,1047.7773903811922,531.9500719037667,527.9500719037667,0.0032780185664817185,False
3282,1048.0382001848543,524.9570795841387,523.9570795841387,0.0008280841853172462,False
3283,1048.2989793645029,521.9640954010838,515.9640954010838,0.005021148747590133,False
3284,1048.5597278957664,517.9711193622791,514.9711193622791,0.0025226717626652827,False
3285,1048.8204457542738,512.9781514753911,513.9781514753911,-0.0008457898703581419,False
3286,1049.0811329156534,509.98519174807484,509.98519174807484,0.0,False
3287,1049.341789355534,506.99224018797463,507.99224018797463,-0.0008557660354855031,False
3288,1049.6024150495443,503.99929680272317,511.99929680272317,-0.006839433998160117,False
3289,1049.863009973313,503.0063615999427,500.0063615999427,0.00259794776436941,False
3290,1050.1235741024686,500.01343458724364,495.01343458724364,0.0043646875355904695,False
3291,1050.3841074126397,494.02051577222596,493.02051577222596,0.0008799930633376403,True
3292,1050.644609879455,493.02760516247804,492.02760516247804,0.0008817670858282622,True
3293,1050.9050814785433,492.0347027655773,488.0347027655773,0.003545029695872528,True
3294,1051.1655221855333,488.0418085890901,487.0418085890901,0.0008907843932767213,True
3295,1051.4259319760529,482.04892264057094,482.04892264057094,0.0,True
3296,1051.6863108257319,480.05604492756447,479.05604492756447,0.0009056181104751238,True
3297,1051.9466587101979,475.0631754576027,472.0631754576027,0.002751243911041011,True
3298,1052.2069756050803,478.07031423820786,473.07031423820786,0.004566080655802048,True
3299,1052.4672614860074,477.0774612768896,468.0774612768896,0.008271169914932097,True
3300,1052.7275163286079,475.08461658114766,467.08461658114766,0.007375403981310573,True
3301,1052.9877401085103,468.0917801584699,469.0917801584699,-0.0009268080771240665,True
3302,1053.2479328013435,469.09895201633276,467.09895201633276,0.0018555698136434285,True
3303,1053.5080943827359,470.10613216220213,466.10613216220213,0.003711099639256143,True
3304,1053.7682248283163,468.113320603532,465.113320603532,0.0027922219023869136,True
3305,1054.0283241137133,462.1205173477656,457.1205173477656,0.004724536313650384,True
3306,1054.2883922145556,460.12772240233494,456.12772240233494,0.003791931548224245,True
3307,1054.548429106472,459.13493577466056,451.13493577466056,0.007633879622971351,True
3308,1054.8084347650906,454.14215747215144,450.14215747215144,0.0038421306863749604,True
3309,1055.0684091660407,445.1493875022061,446.1493875022061,-0.0009745209492289254,True
3310,1055.3283522849506,446.1566258722112,447.1566258722112,-0.0009723233422607925,True
3311,1055.588264097449,445.1638725895423,439.1638725895423,0.005893305714095097,True
3312,1055.8481445791642,446.1711276615638,438.1711276615638,0.007857705800287879,True
3313,1056.1079937057254,439.1783910956285,436.1783910956285,0.0029768171636242935,True
3314,1056.367811452761,438.1856628990781,437.1856628990781,0.0009922524488168267,True
3315,1056.6275977958999,433.1929430792429,427.1929430792429,0.006057303298880502,True
3316,1056.8873527107703,433.2002316434423,424.2002316434423,0.009117778845683863,True
3317,1057.147076173001,427.2075285989838,420.2075285989838,0.00717506845311388,True
3318,1057.406768158221,427.21483395316386,424.21483395316386,0.003060473193746505,True
3319,1057.6664286420582,423.22214771326753,422.22214771326753,0.0010273762252213825,True
3320,1057.926057600142,421.22946988656895,423.22946988656895,-0.0020571529222782694,True
3321,1058.1856550081009,418.23680048033,417.23680048033,0.0010396371322773813,True
3322,1058.445220841563,419.244139501802,416.244139501802,0.0031188685178593807,True
3323,1058.7047550761577,416.25148695822486,409.25148695822486,0.007365531894326268,True
3324,1058.9642576875128,411.25884285682673,410.25884285682673,0.001057298470761766,True
3325,1059.2237286512577,407.26620720482447,402.26620720482447,0.005364825382956488,True
3326,1059.4831679430208,407.27358000942377,403.27358000942377,0.004286467501693947,True
3327,1059.7425755384306,401.28096127781896,400.28096127781896,0.0010836211027418893,True
3328,1060.0019514131159,404.2883510171928,401.2883510171928,0.003234675147560323,True
3329,1060.2612955427055,403.29574923471637,396.29574923471637,0.007604230527482884,True
3330,1060.5206079028274,400.3031559375502,400.3031559375502,0.0,True
3331,1060.779888469111,392.3105711328426,389.3105711328426,0.0033338142308743635,True
3332,1061.0391372171846,397.3179948277307,395.3179948277307,0.0021916511954779647,True
3333,1061.298354122677,392.3254270293403,388.3254270293403,0.004450627631604148,True
3334,1061.5575391612163,395.33286774478574,387.33286774478574,0.008878571537941672,True
3335,1061.816692308432,391.34031698116996,386.34031698116996,0.005584560643636985,True
3336,1062.0758135399522,391.34777474558405,389.34777474558405,0.0022251718087486568,True
3337,1062.3349028314055,386.3552410451084,379.3552410451084,0.007940719470009728,True
3338,1062.5939601584207,387.3627158868112,382.3627158868112,0.005642279345147627,True
3339,1062.8529854966268,387.3701992777494,378.3701992777494,0.010209283304773827,True
3340,1063.111978821652,383.37769122496866,378.37769122496866,0.005701314739831047,True
3341,1063.3709401091248,377.3851917355032,375.3851917355032,0.002307718333872755,True
3342,1063.6298693346741,374.3927008163753,370.3927008163753,0.004664953492816712,True
3343,1063.8887664739286,371.40021847459616,370.40021847459616,0.001170920704145959,True
3344,1064.147631502517,372.4077447171653,369.4077447171653,0.0035127078558630505,True
3345,1064.4064643960676,370.41527955107085,365.41527955107085,0.005902189857233061,True
3346,1064.6652651302095,373.4228229832893,366.4228229832893,0.008218341511902783,True
3347,1064.924033680571,362.4303750207855,356.4303750207855,0.007249880881140699,True
3348,1065.182770022781,363.43793567051307,361.43793567051307,0.002396523880099836,True
3349,1065.4414741324679,364.4455049394139,358.4455049394139,0.007209459504872109,True
3350,1065.7001459852604,361.45308283441864,355.45308283441864,0.00726964799350484,True
3351,1065.958785556787,352.46066936244574,346.46066936244574,0.007456721555615814,True
3352,1066.2173928226769,358.4682645304026,355.4682645304026,0.003649879397417525,True
3353,1066.4759677585582,349.47586834518484,351.47586834518484,-0.0024783199054836244,True
3354,1066.7345103400596,349.4834808136766,349.4834808136766,0.0,True
3355,1066.9930205428102,349.4911019427507,347.4911019427507,0.0024924347938723177,True
3356,1067.2514983424383,351.4987317392679,344.4987317392679,0.008736134952554852,True
3357,1067.5099437145723,345.5063702100774,342.5063702100774,0.00378740574550516,True
3358,1067.7683566348412,341.5140173620173,341.5140173620173,0.0,True
3359,1068.0267370788736,332.5216732019135,336.5216732019135,-0.0051930824383411645,True
3360,1068.285085022298,336.5293377365808,336.5293377365808,0.0,True
3361,1068.5434004407432,333.5370109728217,331.5370109728217,0.002612014763534171,True
3362,1068.8016833098377,337.54469291742794,332.54469291742794,0.006481262819566588,True
3363,1069.0599336052103,334.55238357717894,328.55238357717894,0.007859506182318723,True
3364,1069.3181513024897,337.56008295884294,328.56008295884294,0.011736285443590892,True
3365,1069.5763363773044,323.5677910691759,326.5677910691759,-0.004008064560711422,True
3366,1069.834488805283,325.5755079149228,326.5755079149228,-0.0013318842162139111,True
3367,1070.0926085620542,321.5832335028167,324.5832335028167,-0.004032684683276202,True
3368,1070.3506956232468,325.5909678395792,322.5909678395792,0.0040201452009839996,True
3369,1070.6087499644889,315.5987109319194,308.5987109319194,0.009741113047391389,True
3370,1070.86677156141,317.606462786536,313.606462786536,0.005504327023256659,True
3371,1071.1247603896381,314.61422341011485,310.61422341011485,0.005557014041731892,True
3372,1071.382716424802,314.621992809331,313.621992809331,0.0013825674694099746,True
3373,1071.6406396425305,312.62977099084696,314.62977099084696,-0.0027694816870946614,True
3374,1071.8985300184522,311.6375579613143,315.6375579613143,-0.0055388821606996725,True
3375,1072.1563875281954,308.64535372737237,306.64535372737237,0.002823354919529092,True
3376,1072.4142121473892,309.6531582956493,305.6531582956493,0.005646626250613072,True
3377,1072.6720038516619,306.6609716727605,301.6609716727605,0.007139381818929117,True
3378,1072.9297626166426,304.66879386531105,309.66879386531105,-0.007069469299974246,True
3379,1073.1874884179595,299.6766248798931,303.6766248798931,-0.005758495142522291,True
3380,1073.4451812312413,306.68446472308756,305.68446472308756,0.0014184092205351412,True
3381,1073.7028410321168,301.6923134014637,301.6923134014637,0.0,True
3382,1073.9604677962147,296.7001709215788,297.7001709215788,-0.0014612874894857747,True
3383,1074.2180614991635,292.70803728997817,297.70803728997817,-0.0073559119269429995,True
3384,1074.475622116592,292.7159125131957,298.7159125131957,-0.00881202593597201,True
3385,1074.7331496241284,288.72379659775356,288.72379659775356,0.0,True
3386,1074.990643997402,296.7316895501622,293.7316895501622,0.004413126039345922,True
3387,1075.2481052120409,294.7395913769194,289.7395913769194,0.007430633789969701,True
3388,1075.505533243674,291.74750208451223,288.74750208451223,0.004488910449829204,True
3389,1075.76292806793,289.7554216794156,287.7554216794156,0.0030080558529560044,True
3390,1076.0202896604374,288.7633501680923,288.7633501680923,0.0,True
3391,1076.277617996825,281.7712875569937,280.7712875569937,0.0015440429171967984,True
3392,1076.534913052721,277.77923385255895,278.77923385255895,-0.0015606444765599067,True
3393,1076.7921748037545,276.7871890612155,278.7871890612155,-0.0031268278383217367,True
3394,1077.0494032255544,285.79515318937933,279.79515318937933,0.009214672238047384,True
3395,1077.3065982937487,277.80312624345424,272.80312624345424,0.007887785840349786,True
3396,1077.5637599839663,274.81110822983237,275.81110822983237,-0.0015774698019888518,True
3397,1077.8208882718359,270.81909915489337,270.81909915489337,0.0,True
3398,1078.0779831329862,270.82709902500596,270.82709902500596,0.0,True
3399,1078.3350445430458,263.8351078465264,260.8351078465264,0.00496653938377012,True
3400,1078.5920724776431,265.8431256257991,262.8431256257991,0.004928811471360493,True
3401,1078.8490669124071,266.8511523691568,259.8511523691568,0.011544435458540253,True
3402,1079.106027822966,271.85918808292035,264.85918808292035,0.011328972127444886,True
3403,1079.3629551849492,267.86723277339865,263.86723277339865,0.006534128628285588,True
3404,1079.6198489739845,268.87528644688837,267.87528644688837,0.001618237618423047,True
3405,1079.8767091657012,264.8833491096748,267.8833491096748,-0.004891061025099961,True
3406,1080.1335357357275,269.8914207680307,267.8914207680307,0.003230274010879714,True
3407,1080.3903286596924,261.8995014282177,263.8995014282177,-0.0033038980604935546,True
3408,1080.647087913224,264.907591096485,265.907591096485,-0.0016363322310758886,True
3409,1080.9038134719515,262.9156897790699,258.9156897790699,0.006658135254611559,True
3410,1081.1605053115036,259.92379748219764,259.92379748219764,0.0,True
3411,1081.4171634075085,254.93191421208167,252.93191421208167,0.0034205761677059067,True
3412,1081.673787735595,256.9400399749236,249.9400399749236,0.011995952406954386,True
3413,1081.9303782713919,255.94817477691322,251.94817477691322,0.0068408203637603995,True
3414,1082.1869349905276,255.9563186242276,250.9563186242276,0.008567720257154576,True
3415,1082.443457868631,245.96447152303267,244.96447152303267,0.001769278787541117,True
3416,1082.6999468813306,248.97263347948183,246.97263347948183,0.0035027803681268355,True
3417,1082.9564020042549,251.9808044997169,248.9808044997169,0.0052015922868183274,True
3418,1083.2128232130328,253.98898458986764,253.98898458986764,0.0,True
3419,1083.469210483293,244.99717375605132,247.99717375605132,-0.005285657065842365,True
3420,1083.7255637906637,247.00537200437384,253.00537200437384,-0.010423343917651484,True
3421,1083.9818831107743,240.0135793409288,242.0135793409288,-0.003603921200624473,True
3422,1084.2381684192526,246.02179577179754,246.02179577179754,0.0,True
3423,1084.4944196917281,242.03002130305003,240.03002130305003,0.0036036753548349754,True
3424,1084.7506369038285,246.03825594074374,237.03825594074374,0.01618419676607626,True
3425,1085.006820031183,242.04649969092407,234.04649969092407,0.014596656184431922,True
3426,1085.2629690494205,241.0547525596246,240.0547525596246,0.001805389844551725,True
3427,1085.519083934169,233.0630145528669,233.0630145528669,0.0,True
3428,1085.7751646610577,237.07128567665995,238.07128567665995,-0.0018280623514746511,True
3429,1086.0312112057147,235.07956593700146,237.07956593700146,-0.003679243289455337,True
3430,1086.2872235437694,234.08785533987657,239.08785533987657,-0.00917863359279128,True
3431,1086.5432016508498,229.09615389125815,234.09615389125815,-0.009376480231597628,True
3432,1086.7991455025847,231.10446159710796,231.10446159710796,0.0,True
3433,1087.0550550746027,228.1127784633743,225.1127784633743,0.005749466041850179,True
3434,1087.3109303425326,236.1211044959948,232.1211044959948,0.0074201776491672035,True
3435,1087.566771282003,223.12943970089373,223.12943970089373,0.0,True
3436,1087.8225778686424,228.13778408398412,235.13778408398412,-0.013125202228004618,True
3437,1088.07835007808,227.14613765116633,233.14613765116633,-0.011322868680375239,True
3438,1088.3340878859435,229.15450040832934,226.15450040832934,0.005723156354628831,True
3439,1088.5897912678622,220.16287236134917,221.16287236134917,-0.0019681390916583613,True
3440,1088.845460199465,220.17125351609002,224.17125351609002,-0.00781930527792618,True
3441,1089.1010946563797,218.17964387840425,222.17964387840425,-0.00789003777760493,True
3442,1089.3566946142355,221.18804345413173,223.18804345413173,-0.0039092779933341485,True
3443,1089.612260048661,219.1964522491005,219.1964522491005,0.0,True
3444,1089.8677909352848,224.20487026912588,222.20487026912588,0.0038914687403345844,True
3445,1090.1232872497355,217.2132975200118,216.2132975200118,0.0020040083256581505,True
3446,1090.3787489676417,222.22173400754923,219.22173400754923,0.0059029234688467705,True
3447,1090.6341760646324,216.2301797375178,215.2301797375178,0.0020131409526424975,True
3448,1090.8895685163357,212.23863471568416,214.23863471568416,-0.004073348773949563,True
3449,1091.1449262983806,213.24709894780335,214.24709894780335,-0.002031818331967684,True
3450,1091.4002493863957,220.25557243961794,218.25557243961794,0.003961564018302851,True
3451,1091.6555377560096,216.26405519685864,217.26405519685864,-0.0020035390635023053,True
3452,1091.910791382851,213.27254722524344,213.27254722524344,0.0,True
3453,1092.1660102425483,209.28104853047853,212.28104853047853,-0.006181321562994957,True
3454,1092.4211943107305,213.28955911825756,209.28955911825756,0.0082220334070332,True
3455,1092.676343563026,209.29807899426237,208.29807899426237,0.0020799775272626487,True
3456,1092.9314579750635,208.30660816416253,208.30660816416253,0.0,True
3457,1093.1865375224716,202.31514663361486,203.31514663361486,-0.0021413359354672,True
3458,1093.441582180879,203.32369440826437,204.32369440826437,-0.0021307402670666343,True
3459,1093.6965919259148,202.33225149374402,202.33225149374402,0.0,True
3460,1093.9515667332068,206.34081789567426,204.34081789567426,0.004230020311680162,True
3461,1094.2065065783843,201.34939361966303,197.34939361966303,0.008714529721442607,True
3462,1094.4614114370756,204.35797867130623,203.35797867130623,0.002130381923707924,True
3463,1094.7162812849092,200.36657305618792,198.36657305618792,0.004356779749535711,True
3464,1094.9711160975144,202.3751767798792,201.3751767798792,0.0021513064502708835,True
3465,1095.2259158505192,197.3837898479394,194.3837898479394,0.006651438151930532,True
3466,1095.4806805195524,201.39241226591548,199.39241226591548,0.00433447636072476,True
3467,1095.735410080243,197.40104403934174,194.40104403934174,0.006650852296588918,True
3468,1095.990104508219,194.4096851737404,195.4096851737404,-0.002228188066571196,True
3469,1096.24476377911,191.41833567462186,192.41833567462186,-0.0022629180425394763,True
3470,1096.4993878685436,195.42699554748333,194.42699554748333,0.002227990192811877,True
3471,1096.753976752149,197.43566479781043,195.43566479781043,0.00442178597312379,True
3472,1097.0085304055547,199.44434343107628,195.44434343107628,0.008798617958592797,True
3473,1097.2630488043894,194.45303145274147,188.45303145274147,0.013611590134270489,True
3474,1097.517531924282,196.46172886825434,191.46172886825434,0.011195985326794495,True
3475,1097.7719797408604,192.47043568305116,186.47043568305116,0.013754043857453503,True
3476,1098.026392229754,197.4791519025555,193.4791519025555,0.008887078390695849,True
3477,1098.2807693665914,190.48787753217857,186.48787753217857,0.009216736641359614,True
3478,1098.5351111270008,189.49661257731987,189.49661257731987,0.0,True
3479,1098.789417486611,191.50535704336562,188.50535704336562,0.0068572304154239285,True
3480,1099.0436884210508,193.5141109356905,188.5141109356905,0.011368774800684373,True
3481,1099.2979239059487,190.5228742596562,185.5228742596562,0.011549660629274903,True
3482,1099.5521239169336,189.53164702061258,186.53164702061258,0.006929211679537881,True
3483,1099.8062884296337,179.54042922389635,182.54042922389635,-0.007196808283157078,True
3484,1100.060417419678,185.5492208748326,182.5492208748326,0.007079151368027407,True
3485,1100.314510862695,179.5580219787339,178.5580219787339,0.0024254462654357415,True
3486,1100.5685687343134,186.5668325408999,182.5668325408999,0.00941255751800431,True
3487,1100.822591010162,180.5756525666186,175.5756525666186,0.012194901749176174,True
3488,1101.0765776658689,176.5844820611651,178.5844820611651,-0.004891182690922575,True
3489,1101.3305286770635,173.59332102980193,177.59332102980193,-0.009893616939740224,True
3490,1101.584444019374,186.60216947777985,181.60216947777985,0.011795656205531557,True
3491,1101.8383236684288,174.61102741033642,180.61102741033642,-0.01467259539444984,True
3492,1102.0921675998572,180.61989483269758,182.61989483269758,-0.004782503272412989,True
3493,1102.3459757892874,178.6287717500761,180.6287717500761,-0.004835516763739395,True
3494,1102.599748212348,187.63765816767295,183.63765816767295,0.00935825824388087,True
3495,1102.8534848446677,178.64655409067586,175.64655409067586,0.0073550094863797785,True
3496,1103.1071856618755,182.655459524261,182.655459524261,0.0,True
3497,1103.3608506395997,178.66437447359158,179.66437447359158,-0.0024240065059860263,True
3498,1103.6144797534691,184.67329894381828,178.67329894381828,0.0143444512539562,True
3499,1103.8680729791122,185.68223294007953,182.68223294007953,0.007074038745696901,True
3500,1104.1216302921578,188.69117646750124,178.69117646750124,0.023648484111619704,True
3501,1104.3751516682344,175.7001295311968,176.7001295311968,-0.00246478619950307,True
3502,1104.6286370829707,177.70909213626715,176.70909213626715,0.002450752549697679,True
3503,1104.8820865119953,175.71806428780064,172.71806428780064,0.0074786483644930105,True
3504,1105.1354999309367,176.72704599087342,176.72704599087342,0.0,True
3505,1105.3888773154242,168.73603725054863,168.73603725054863,0.0,True
3506,1105.6422186410855,173.7450380718774,172.7450380718774,0.002506829012593343,True
3507,1105.8955238835501,175.75404845989806,169.75404845989806,0.01508519714107311,True
3508,1106.1487930184462,174.7630684196365,173.7630684196365,0.0024921842454481598,True
3509,1106.4020260214024,171.7720979561061,171.7720979561061,0.0,True
3510,1106.6552228680475,178.7811370743077,171.7811370743077,0.017346221978286502,True
3511,1106.9083835340102,172.79018577922966,174.79018577922966,-0.004997972389612594,True
3512,1107.161507994919,170.7992440758478,175.7992440758478,-0.012531059052075673,True
3513,1107.4145962264026,172.80831196912527,172.80831196912527,0.0,True
3514,1107.6676482040898,170.81738946401265,175.81738946401265,-0.012529746936318349,True
3515,1107.920663903609,169.82647656544805,167.82647656544805,0.005144922406592282,True
3516,1108.1736433005885,170.83557327835706,169.83557327835706,0.0025496478563613784,True
3517,1108.426586370658,172.84467960765278,166.84467960765278,0.015343653613197552,True
3518,1108.6794930894453,174.85379555823556,167.85379555823556,0.017743897908403902,True
3519,1108.9323634325792,167.86292113499326,165.86292113499326,0.00520546659908863,True
3520,1109.1851973756886,174.872056342801,167.872056342801,0.017742006657034615,True
3521,1109.4379948944018,168.8812011865216,169.8812011865216,-0.0025640138358044608,True
3522,1109.6907559643475,165.89035567100518,171.89035567100518,-0.015430371934998532,True
3523,1109.9434805611547,169.8995198010889,166.8995198010889,0.007737064253494676,True
3524,1110.1961686604516,172.90869358159807,170.90869358159807,0.005052675016050418,True
3525,1110.4488202378673,168.9178770173446,165.9178770173446,0.007782432398940361,True
3526,1110.7014352690298,175.92707011312837,171.92707011312837,0.009988407789543793,True
3527,1110.9540137295685,167.93627287373624,168.93627287373624,-0.0025783980502014276,True
3528,1111.2065555951115,166.94548530394263,165.94548530394263,0.002609237417678807,True
3529,1111.4590608412875,162.95470740850942,161.95470740850942,0.0026733349876890324,True
3530,1111.7115294437256,167.96393919218553,167.96393919218553,0.0,True
3531,1111.963961378054,168.97318065970785,164.97318065970785,0.01040443145769708,True
3532,1112.2163566199013,169.98243181579983,170.98243181579983,-0.00254745150275873,True
3533,1112.4687151448964,163.99169266517288,163.99169266517288,0.0,True
3534,1112.721036928668,170.00096321252545,167.00096321252545,0.007732406026869632,True
3535,1112.9733219468444,169.01024346254349,163.01024346254349,0.01569813130464409,True
3536,1113.2255701750544,171.0195334199002,165.0195334199002,0.015510362399422628,True
3537,1113.4777815889267,166.02883308925584,161.02883308925584,0.013279869749135588,True
3538,1113.72995616409,168.03814247525884,164.03814247525884,0.010463029313961612,True
3539,1113.982093876173,163.04746158254397,161.04746158254397,0.005360157952102936,True
3540,1114.234194700804,166.05679041573376,164.05679041573376,0.00526242870247285,True
3541,1114.4862586136119,164.0661289794382,165.0661289794382,-0.0026390352678277223,True
3542,1114.7382855902254,168.0754772782543,165.0754772782543,0.007821791569149179,True
3543,1114.990275606273,165.0848353167662,158.0848353167662,0.018816969683692196,True
3544,1115.2422286373835,165.09420309954612,161.09420309954612,0.010651911471786946,True
3545,1115.4941446591854,166.10358063115245,163.10358063115245,0.007915499211529845,True
3546,1115.7460236473073,168.11296791613177,167.11296791613177,0.0025910630634551537,True
3547,1115.997865577378,159.12236495901766,159.12236495901766,0.0,True
3548,1116.249670425026,166.131771764331,162.131771764331,0.010584568098273179,True
3549,1116.5014381658802,164.1411883365795,157.1411883365795,0.018927540217286473,True
3550,1116.7531687755688,163.15061468025874,159.15061468025874,0.010780394042602887,True
3551,1117.004862229721,158.16005079985143,158.16005079985143,0.0,True
3552,1117.256518503965,156.16949669982728,158.16949669982728,-0.005526522023102658,True
3553,1117.5081375739296,155.17895238464325,155.17895238464325,0.0,True
3554,1117.7597194152436,162.18841785874383,162.18841785874383,0.0,True
3555,1118.0112640035354,157.19789312656053,157.19789312656053,0.0,True
3556,1118.2627713144336,157.20737819251212,157.20737819251212,0.0,True
3557,1118.5142413235671,155.21687306100466,154.21687306100466,0.002807037042802901,True
3558,1118.7656740065645,161.22637773643146,161.22637773643146,0.0,True
3559,1119.0170693390544,155.2358922231731,160.2358922231731,-0.013767660807314857,True
3560,1119.2684272966653,161.24541652559697,163.24541652559697,-0.0053536178804345835,True
3561,1119.519747855026,158.25495064805818,157.25495064805818,0.002752978175145817,True
3562,1119.771030989765,160.26449459489868,157.26449459489868,0.00820663472598262,True
3563,1120.0222766765114,158.27404837044764,151.27404837044764,0.019645281418677083,True
3564,1120.2734848908933,162.28361197902177,160.28361197902177,0.0053855446554750015,True
3565,1120.5246556085394,156.29318542492456,158.29318542492456,-0.005522176082186564,True
3566,1120.7757888050787,160.302768712447,156.302768712447,0.010974352369955651,True
3567,1121.0268844561397,157.31236184586714,159.31236184586714,-0.005486624709029843,True
3568,1121.2779425373508,156.32196482945005,158.32196482945005,-0.005521165865839338,True
3569,1121.5289630243408,152.33157766744785,154.33157766744785,-0.00566485581251239,True
3570,1121.7799458927384,160.3412003641006,156.3412003641006,0.010971688455844853,True
3571,1122.0308911181721,154.35083292363447,154.35083292363447,0.0,True
3572,1122.2817986762711,162.36047535026364,154.36047535026364,0.02194420684778463,True
3573,1122.5326685426633,159.37012764818883,155.37012764818883,0.011039397946425134,True
3574,1122.7835006929777,162.37978982159825,154.37978982159825,0.021941529605332768,True
3575,1123.0342951028426,158.3894618746674,154.3894618746674,0.011108629827271703,True
3576,1123.2850517478876,158.39914381155836,155.39914381155836,0.008304208106617882,True
3577,1123.53577060374,154.4088356364207,148.4088356364207,0.01721239028627554,True
3578,1123.7864516460295,159.41853735339123,154.41853735339123,0.01383938569382379,True
3579,1124.0370948503844,151.4282489665934,154.4282489665934,-0.00851984665446237,True
3580,1124.2877001924332,153.43797048013857,153.43797048013857,0.0,True
3581,1124.5382676478048,150.44770189812425,153.44770189812425,-0.008574830386471433,True
3582,1124.7887971921277,150.45744322463565,153.45744322463565,-0.008574280655918136,True
3583,1125.0392888010306,149.46719446374527,146.46719446374527,0.008805519927003649,True
3584,1125.2897424501418,151.47695561951195,153.47695561951195,-0.0056966078179084495,True
3585,1125.5401581150907,147.48672669598227,150.48672669598227,-0.008745258718509298,True
3586,1125.790535771505,148.49650769718983,150.49650769718983,-0.005810182005863227,True
3587,1126.0408753950142,147.50629862715505,147.50629862715505,0.0,True
3588,1126.2911769612463,158.5160994898854,154.5160994898854,0.011099640824780913,True
3589,1126.5414404458306,151.52591028937582,148.52591028937582,0.008684678934787042,True
3590,1126.791665824395,151.53573102960786,143.53573102960786,0.023555022900000205,True
3591,1127.0418530725688,146.54556171455056,141.54556171455056,0.01507641368192232,True
3592,1127.2920021659802,150.55540234815953,155.55540234815953,-0.014188754673171062,True
3593,1127.5421130802579,147.56525293437812,151.56525293437812,-0.011615542031640133,True
3594,1127.792185791031,152.5751134771358,156.5751134771358,-0.011239033492955425,True
3595,1128.0422202739276,148.58498398035,148.58498398035,0.0,True
3596,1128.2922165045766,151.59486444792446,151.59486444792446,0.0,True
3597,1128.5421744586065,150.6047548837505,146.6047548837505,0.011690627439193985,True
3598,1128.792094111646,150.61465529170619,152.61465529170619,-0.005729007910396481,True
3599,1129.041975439324,146.62456567565664,146.62456567565664,0.0,True
3600,1129.2918184172688,150.63448603945403,151.63448603945403,-0.002873573581616084,True
3601,1129.5416230211092,151.6444163869378,148.6444163869378,0.008677823828566914,True
3602,1129.7913892264737,154.6543567219337,151.6543567219337,0.008507267667245291,True
3603,1130.0411170089913,153.6643070482553,148.6643070482553,0.01436629096734476,True
3604,1130.29080634429,154.67426736970242,155.67426736970242,-0.0027987629153362805,True
3605,1130.5404572079992,149.6842376900629,147.6842376900629,0.00584192429806959,True
3606,1130.790069575747,152.69421801311046,157.69421801311046,-0.013993177679499286,True
3607,1131.0396434231625,149.7042083426063,152.7042083426063,-0.008616996861156329,True
3608,1131.289178725874,151.7142086822987,151.7142086822987,0.0,True
3609,1131.5386754595102,149.72421903592272,146.72421903592272,0.008790249887640662,True
3610,1131.7881335996997,148.73423940720068,149.73423940720068,-0.002910163972336614,True
3611,1132.0375531220714,149.74426979984173,149.74426979984173,0.0,True
3612,1132.2869340022537,149.75431021754162,148.75431021754162,0.0029097726282870627,True
3613,1132.5362762158752,147.76436066398355,146.76436066398355,0.0029490920190733856,True
3614,1132.7855797385646,149.7744211428378,144.7744211428378,0.01474581262582072,True
3615,1133.0348445459506,149.78449165776078,144.78449165776078,0.01474480419339503,True
3616,1133.2840706136622,152.7945722123966,152.7945722123966,0.0,True
3617,1133.5332579173273,153.80466281037616,151.80466281037616,0.005684390437419569,True
3618,1133.782406432575,155.81476345531723,152.81476345531723,0.008443291190160894,True
3619,1134.031516135034,153.8248741508246,154.8248741508246,-0.002814167216459763,True
3620,1134.2805870003328,152.83499490048962,154.83499490048962,-0.005646317335540003,True
3621,1134.5296190041001,148.84512570789093,150.84512570789093,-0.005796664086641465,True
3622,1134.7786121219647,150.85526657659443,151.85526657659443,-0.002869381895708323,True
3623,1135.0275663295547,150.86541751015193,148.86541751015193,0.005795879194067924,True
3624,1135.2764816024992,151.87557851210317,149.87557851210317,0.0057570727600303505,True
3625,1135.525357916427,148.88574958597428,152.88574958597428,-0.011513875113465317,True
3626,1135.7741952469664,153.8959307352784,153.8959307352784,0.0,True
3627,1136.022993569746,148.9061219635155,147.9061219635155,0.002926403031104615,True
3628,1136.2717528603946,147.91632327417256,153.91632327417256,-0.017268577352027713,True
3629,1136.5204730945409,145.9265346707234,147.9265346707234,-0.0059118142144721966,True
3630,1136.7691542478135,147.93675615662892,147.93675615662892,0.0,True
3631,1137.017796295841,142.94698773533628,140.94698773533628,0.006119209343998144,True
3632,1137.266399214252,146.95722941028043,145.95722941028043,0.0029653447011222813,True
3633,1137.5149629786754,143.96748118488222,142.96748118488222,0.003027140621986074,True
3634,1137.7634875647393,146.97774306255042,146.97774306255042,0.0,True
3635,1138.0119729480732,149.98801504667972,147.98801504667972,0.005830012617283672,True
3636,1138.260419104305,155.9982971406523,150.9982971406523,0.014147808038415739,True
3637,1138.5088260090636,150.00858934783673,147.00858934783673,0.00877341681218604,True
3638,1138.7571936379777,152.01889167158902,147.01889167158902,0.01452441746624547,True
3639,1139.0055219666756,149.02920411525133,149.02920411525133,0.0,True
3640,1139.2538109707866,147.03952668215334,147.03952668215334,0.0,True
3641,1139.5020606259386,144.04985937561082,141.04985937561082,0.009140181142425029,True
3642,1139.750270907761,149.0602021989273,146.0602021989273,0.008829808488632403,True
3643,1139.998441791882,143.0705551553924,145.0705551553924,-0.0060290106625702795,True
3644,1140.2465732539301,148.08091824828261,153.08091824828261,-0.014421959845242006,True
3645,1140.4946652695344,148.09129148086186,155.09129148086186,-0.020057891908723705,True
3646,1140.7427178143232,149.10167485638044,152.10167485638044,-0.008651474378652898,True
3647,1140.9907308639251,144.11206837807526,146.11206837807526,-0.00598573725381797,True
3648,1141.238704393969,145.12247204917048,144.12247204917048,0.0030029649341648114,True
