Index,Wavelength,Reference intensity,Sample intensity,Absorbance,Weak signal flag
1,171.0036843215852,70.18123892976382,75.18123892976382,-0.029888447606750395,True
2,171.23380252856805,84.21817939208108,85.21817939208108,-0.00512640294764017,True
3,171.46397004958132,90.25510465070784,87.25510465070784,0.01468093037975773,True
4,171.69418686025367,90.29201469477994,92.29201469477994,-0.00951478296348533,True
5,171.92445293621375,86.32890951345053,89.32890951345053,-0.014835777312672499,True
6,172.15476825309023,94.36578909588934,92.36578909588934,0.009303431034249134,True
7,172.3851327865117,87.40265343128226,87.40265343128226,0.0,True
8,172.61554651210685,92.4395025088329,94.4395025088329,-0.009296091097438437,True
9,172.8460094055043,85.47633631776102,94.47633631776102,-0.043477144314352706,True
10,173.07652144233273,88.51315484730344,98.51315484730344,-0.04648640696304351,True
11,173.30708259822075,88.54995808671333,95.54995808671333,-0.033042140924592664,True
12,173.537692848797,91.58674602526139,99.58674602526139,-0.03636891283254985,True
13,173.76835216969016,88.62351865223445,95.62351865223445,-0.033015731367033375,True
14,173.99906053652884,92.6602759569364,93.6602759569364,-0.004661843769426755,True
15,174.22981792494173,90.69701792868773,91.69701792868773,-0.004762204328319374,True
16,174.46062431055742,99.73374455682597,97.73374455682597,0.008797586578954141,True
17,174.6914796690046,89.77045583070549,92.77045583070549,-0.014276260101112475,True
18,174.92238397591188,92.80715173969702,97.80715173969702,-0.022789167582286256,True
19,175.15333720690793,94.84383227318858,96.84383227318858,-0.00906287304778537,True
20,175.38433933762138,98.88049742058479,102.88049742058479,-0.0172224128926203,True
21,175.6153903436809,95.91714717130685,92.91714717130685,0.013800386000964044,True
22,175.8464902007151,93.95378151479326,95.95378151479326,-0.009147830283037037,True
23,176.07763888435264,89.99040044049866,90.99040044049866,-0.004799391975541697,True
24,176.3088363702222,96.02700393789519,99.02700393789519,-0.013360260669971794,True
25,176.54008263395235,89.06359199647136,95.06359199647136,-0.02831401362470979,True
26,176.7713776511718,95.10016460573274,96.10016460573274,-0.004542862909008877,True
27,177.00272139750916,93.13672175520128,96.13672175520128,-0.013768361199500544,True
28,177.2341138485931,95.17326343441641,95.17326343441641,0.0,True
29,177.46555498005225,93.20978963293396,95.20978963293396,-0.009220077771909741,True
30,177.69704476751525,95.24630034032634,100.24630034032634,-0.02222023830710706,True
31,177.92858318661078,99.28279554618348,102.28279554618348,-0.012928592183179247,True
32,178.16017021296744,104.31927524011166,103.31927524011166,0.0041832100897031144,True
33,178.39180582221388,98.3557394117338,99.3557394117338,-0.0043932521058778875,True
34,178.62348998997876,99.39218805069027,97.39218805069027,0.008828128429681465,True
35,178.85522269189076,96.42862114663762,100.42862114663762,-0.017651543270227617,True
36,179.08700390357845,102.4650386892497,101.4650386892497,0.004259283069059717,True
37,179.31883360067053,102.5014406682169,97.5014406682169,0.021718936664974934,True
38,179.55071175879564,103.53782707324672,100.53782707324672,0.012769551718683601,True
39,179.7826383535824,103.57419789406322,99.57419789406322,0.017104761994832258,True
40,180.01461336065947,103.61055312040753,99.61055312040753,0.017098640502837693,True
41,180.2466367556555,97.64689274203738,97.64689274203738,0.0,True
42,180.47870851419913,100.68321674872777,99.68321674872777,0.004335038362181876,True
43,180.710828611919,101.71952513026986,98.71952513026986,0.013001266427257581,True
44,180.94299702444374,101.75581787647207,102.75581787647207,-0.004247170989136998,True
45,181.17521372740205,100.7920949771601,108.7920949771601,-0.033170867751337235,True
46,181.40747869642252,104.8283564221756,106.8283564221756,-0.008207770074563327,True
47,181.63979190713383,101.86460220137769,102.86460220137769,-0.004242657388031587,True
48,181.8721533351646,102.90083230464234,105.90083230464234,-0.012480485833595033,True
49,182.10456295614347,104.93704672186186,105.93704672186186,-0.0041190241090931735,True
50,182.33702074569914,109.97324544294588,110.97324544294588,-0.003931245485151741,True
51,182.56952667946018,108.00942845782106,112.00942845782106,-0.015792913222866106,True
52,182.80208073305528,113.0455957564302,113.0455957564302,0.0,True
53,183.0346828821131,116.08174732873385,114.08174732873385,0.007547772313761093,True
54,183.26733310226223,115.11788316470847,117.11788316470847,-0.007480419158470516,True
55,183.50003136913136,107.15400325434848,111.15400325434848,-0.015916707755231928,True
56,183.7327776583491,110.19010758766422,113.19010758766422,-0.011665865616967978,True
57,183.96557194554416,110.2261961546833,114.2261961546833,-0.015480894190701842,True
58,184.1984142063451,116.26226894545016,120.26226894545016,-0.014690598980394334,True
59,184.4313044163806,112.29832595002608,115.29832595002608,-0.011449719483355806,True
60,184.66424255127936,115.33436715848939,119.33436715848939,-0.014806797362983595,True
61,184.89722858666994,111.37039256093522,114.37039256093522,-0.011543861293365026,True
62,185.13026249818105,118.40640214747509,116.40640214747509,0.00739831860269164,True
63,185.36334426144128,114.44239590823827,113.44239590823827,0.003811551144645939,True
64,185.59647385207933,119.47837383337037,117.47837383337037,0.007331376711024105,True
65,185.8296512457238,114.51433591303407,117.51433591303407,-0.011230991789855285,True
66,186.06287641800333,115.55028213740843,119.55028213740843,-0.014779595156600827,True
67,186.29614934454662,119.58621249669022,121.58621249669022,-0.007203218824590854,True
68,186.52947000098226,117.62212698109238,120.62212698109238,-0.01093795374251766,True
69,186.76283836293894,120.65802558084533,122.65802558084533,-0.00713975524733803,True
70,186.99625440604527,127.69390828619612,123.69390828619612,0.013821867587161548,True
71,187.22971810592992,122.72977508740837,122.72977508740837,0.0,True
72,187.4632294382215,123.76562597476322,126.76562597476322,-0.010401462607079803,True
73,187.6967883785487,120.80146093855797,127.80146093855797,-0.02446363185611833,True
74,187.93039490254014,121.83727996910761,128.8372799691076,-0.02426135259449505,True
75,188.16404898582445,126.87308305674355,131.87308305674355,-0.016786666173656265,True
76,188.3977506040303,127.908870191814,130.908870191814,-0.010068411834502286,True
77,188.63149973278635,126.94464136468446,127.94464136468446,-0.0034077282928712195,True
78,188.86529634772123,127.98039656573701,127.98039656573701,0.0,True
79,189.09914042446354,129.01613578537103,126.01613578537103,0.010217871937743853,True
80,189.333031938642,129.05185901400205,132.05185901400205,-0.009980254533097279,True
81,189.5669708658852,127.08756624206353,131.08756624206353,-0.013458437539913732,True
82,189.8009571818218,134.12325746000488,134.12325746000488,0.0,True
83,190.03499086208046,128.158932658293,132.158932658293,-0.013347640707076697,True
84,190.2690718822898,131.1945918274116,131.1945918274116,0.0,True
85,190.5032002180785,136.23023495786128,136.23023495786128,0.0,True
86,190.73737584507518,144.26586204015916,143.26586204015916,0.0030208578502197944,True
87,190.97159873890848,142.30147306484014,140.30147306484014,0.006147164969052816,True
88,191.20586887520705,142.33706802245501,144.33706802245501,-0.006059863427594315,True
89,191.44018622959956,139.37264690357233,141.37264690357233,-0.0061878412711410214,True
90,191.67455077771461,142.40820969877723,144.40820969877723,-0.006056857164407885,True
91,191.9089624951809,138.44375639867167,147.44375639867167,-0.027353012288758905,True
92,192.14342135762703,148.47928699387467,148.47928699387467,0.0,True
93,192.37792734068165,148.5148014750223,146.5148014750223,0.005888238066294224,True
94,192.61248041997345,160.550299832767,155.550299832767,0.013740268387125082,True
95,192.84708057113102,156.58578205777872,155.58578205777872,0.002782418498978667,True
96,193.08172776978301,162.62124814074423,166.62124814074423,-0.01055309338449767,True
97,193.31642199155812,162.6566980723669,160.6566980723669,0.005373115086154377,True
98,193.55116321208493,162.69213184336763,163.69213184336763,-0.002661254779619911,True
99,193.7859514069921,165.72754944448366,169.72754944448366,-0.010357632204413703,True
100,194.0207865519083,173.76295086646928,172.76295086646928,0.0025065698425730436,True
101,194.25566862246217,172.79833610009587,171.79833610009587,0.002520602989233216,True
102,194.49059759428232,175.83370513615182,173.83370513615182,0.004968140641638323,True
103,194.72557344299744,169.86905796544238,170.86905796544238,-0.002549146740419647,True
104,194.96059614423615,177.9043945787896,176.9043945787896,0.0024480545303152824,True
105,195.19566567362713,177.9397149670324,181.9397149670324,-0.00965461943711321,True
106,195.43078200679898,179.9750191210269,182.9750191210269,-0.0071795728376348915,True
107,195.66594511938035,179.01030703164588,178.01030703164588,0.0024328881892808642,True
108,195.9011549869999,184.04557868977963,180.04557868977963,0.009542927855879601,True
109,196.13641158528628,179.08083408633456,180.08083408633456,-0.0024183850484447715,True
110,196.37171488986812,185.1160732122346,183.1160732122346,0.004717662558306792,True
111,196.6070648763741,183.15129605842048,181.15129605842048,0.004768550699486677,True
112,196.8424615204328,187.18650261585003,188.18650261585003,-0.0023139410839277167,True
113,197.07790479767291,185.2216928754974,185.2216928754974,0.0,True
114,197.3133946837231,185.2568668283543,183.2568668283543,0.004714057646149192,True
115,197.54893115421194,183.29202446542945,183.29202446542945,0.0,True
116,197.78451418476814,189.32716577774818,187.32716577774818,0.004612171184560379,True
117,198.02014375102033,188.36229075635265,187.36229075635265,0.002311775852573485,True
118,198.25581982859714,194.3973993923023,193.3973993923023,0.00223982088412516,True
119,198.49154239312722,185.43249167667364,186.43249167667364,-0.002335769960703617,True
120,198.72731142023923,189.46756760055973,192.46756760055973,-0.006822678100223725,True
121,198.9631268855618,189.50262715507074,188.50262715507074,0.0022978278216541506,True
122,199.19898876472357,192.53767033133386,196.53767033133386,-0.008930091184630139,True
123,199.4348970333532,188.57269712049333,187.57269712049333,0.0023091895407243122,True
124,199.67085166707932,193.60770751371,191.60770751371,0.004509667757623177,True
125,199.9068526415306,195.6427015021618,189.6427015021618,0.013527517767440631,True
126,200.14289993233567,199.67767907704388,193.67767907704388,0.013249947948962748,True
127,200.37899351512317,195.71264022956825,192.71264022956825,0.0067086743261506486,True
128,200.61513336552173,201.74758495096353,194.74758495096353,0.015336263912191873,True
129,200.85131945916004,201.7825132324756,192.7825132324756,0.01981588923260825,True
130,201.0875517716667,199.81742506536762,195.81742506536762,0.00878202272339808,True
131,201.32383027867039,192.8523204409189,196.8523204409189,-0.008915669741287477,True
132,201.56015495579976,203.8871993504265,201.8871993504265,0.004281176931756274,True
133,201.7965257786834,205.92206178520382,203.92206178520382,0.0042386644514603375,True
134,202.03294272295,209.9569077365818,207.9569077365818,0.00415681684953503,True
135,202.2694057642282,210.99173719590772,201.99173719590772,0.018931843621820186,True
136,202.50591487814663,211.0265501545466,207.0265501545466,0.008311053987956665,True
137,202.74247004033396,212.06134660387966,205.06134660387966,0.014577709892125175,True
138,202.97907122641882,209.09612653530553,208.09612653530553,0.0020819912664023347,True
139,203.21571841202984,209.1308899402395,210.1308899402395,-0.0020717142668462535,True
140,203.4524115727957,210.1656368101144,213.1656368101144,-0.0061554878558798,True
141,203.689150684345,211.2003671363791,212.2003671363791,-0.0020514621458278728,True
142,203.92593572230646,216.23508091050053,214.23508091050053,0.004035565252768391,True
143,204.16276666230863,213.26977812396194,214.26977812396194,-0.0020316027723392854,True
144,204.39964347998023,216.30445876826343,214.30445876826343,0.0040342648482114,True
145,204.63656615094988,216.33912283492236,219.33912283492236,-0.0059810378465345706,True
146,204.87353465084618,222.37377031547317,221.37377031547317,0.0019573977422553605,True
147,205.11054895529784,222.40840120146686,222.40840120146686,0.0,True
148,205.3476090399335,224.44301548447174,220.44301548447174,0.007809751800201019,True
149,205.58471488038177,220.47761315607318,219.47761315607318,0.0019742701249415026,True
150,205.8218664522713,221.5121942078731,220.5121942078731,0.0019650283296849046,True
151,206.05906373123076,222.54675863149055,219.54675863149055,0.005894243611078161,True
152,206.2963066928888,224.581306418562,219.581306418562,0.00977823922596883,True
153,206.53359531287404,219.61583756074037,216.61583756074037,0.0059734497067451976,True
154,206.7709295668151,224.65035204969558,227.65035204969558,-0.005761222746355202,True
155,207.00830943034072,222.68484987711486,223.68484987711486,-0.0019458991446246112,True
156,207.24573487907944,227.71933103470224,226.71933103470224,0.0019113478634001635,True
157,207.48320588865994,226.7537955141786,221.7537955141786,0.009683503317912989,True
158,207.7207224347109,228.78824330728185,226.78824330728185,0.003813166699086589,True
159,207.9582844928609,229.8226744057672,226.8226744057672,0.005706407363461718,True
160,208.19589203873866,232.85708880140623,232.85708880140623,0.0,True
161,208.43354504797279,232.89148648598825,225.89148648598825,0.013253749565046885,True
162,208.67124349619192,237.9258674513187,228.9258674513187,0.016746792875011827,True
163,208.9089873590247,230.9602316892208,229.9602316892208,0.0018844690042005279,True
164,209.1467766120998,238.99457919153429,237.99457919153429,0.0018209852804783027,True
165,209.38461123104585,238.02890995011603,237.02890995011603,0.0018283884831406822,True
166,209.6224911914915,236.06322395683992,237.06322395683992,-0.0018358522569542426,True
167,209.86041646906537,232.09752120359644,233.09752120359644,-0.0018671529627944548,True
168,210.09838703939613,239.13180168229383,237.13180168229383,0.0036475349510613543,True
169,210.3364028781124,241.16606538485644,238.16606538485644,0.0054363159671907664,True
170,210.57446396084288,245.20031230322616,246.20031230322616,-0.0017675805021857883,True
171,210.81257026321617,240.23454242936168,240.23454242936168,0.0,True
172,211.0507217608609,246.26875575523877,242.26875575523877,0.007111907304962277,True
173,211.28891842940578,244.30295227285023,239.30295227285023,0.008980658702247056,True
174,211.52716024447938,251.3371319742057,242.3371319742057,0.01583669123800423,True
175,211.7654471817104,247.37129485133164,243.37129485133164,0.007079949597939682,True
176,212.00377921672748,250.40544089627178,245.40544089627178,0.008759573879699929,True
177,212.24215632515921,248.43957010108693,243.43957010108693,0.008829596658449616,True
178,212.48057848263431,254.4736824578547,253.4736824578547,0.0017100001810531219,True
179,212.71904566478136,253.5077779586693,249.5077779586693,0.006907200086956618,True
180,212.95755784722905,255.5418565956429,252.5418565956429,0.005128676843045006,True
181,213.19611500560603,247.57591836090364,244.57591836090364,0.005294705763829385,True
182,213.4347171155409,254.6099632465971,251.6099632465971,0.005147559906674543,True
183,213.67336415266234,257.64399124488614,253.64399124488614,0.006795439869077112,True
184,213.91205609259902,257.67800234795004,259.67800234795004,-0.003357816601463561,True
185,214.1507929109795,255.71199654798556,256.71199654798556,-0.001695061273774785,True
186,214.38957458343248,261.74597383720584,262.74597383720584,-0.0016560597739276612,True
187,214.62840108558663,262.77993420784173,258.77993420784173,0.006661601450709633,True
188,214.86727239307055,264.8138776521405,259.8138776521405,0.008278396014419688,True
189,215.1061884815129,259.84780416236663,255.84780416236663,0.006737357228038938,True
190,215.34514932654236,258.8817137308017,258.8817137308017,0.0,True
191,215.5841549037875,255.91560634974417,256.91560634974417,-0.001693715287194438,True
192,215.823205188877,264.9494820115094,264.9494820115094,0.0,True
193,216.06230015743955,258.98334070842975,262.98334070842975,-0.006656409295113544,True
194,216.30143978510375,265.0171824328547,269.0171824328547,-0.006505987365702191,True
195,216.54062404749823,261.0510071771507,261.0510071771507,0.0,True
196,216.77985292025167,268.08481493370095,265.08481493370095,0.004887364631340148,True
197,217.01912637899272,269.11860569490614,261.11860569490614,0.013105905980401162,True
198,217.25844439934997,273.15237945318336,269.15237945318336,0.00640676447485232,True
199,217.49780695695213,272.186136200967,270.186136200967,0.003202939917726796,True
200,217.73721402742783,276.21987593070844,274.21987593070844,0.0031559958497763742,True
201,217.97666558640566,276.25359863487597,273.25359863487597,0.004742053959470918,True
202,218.21616160951436,277.2873043059549,274.2873043059549,0.004724279446824759,True
203,218.45570207238248,272.3209929364475,273.3209929364475,-0.0015918678524926783,True
204,218.69528695063875,280.3546645188733,279.3546645188733,0.0015518588720074128,True
205,218.93491621991174,277.3883190457682,279.3883190457682,-0.0031200759524555584,True
206,219.17458985583013,280.42195650968574,278.42195650968574,0.0031085340714104063,True
207,219.41430783402257,277.45557690319606,272.45557690319606,0.007897756708375352,True
208,219.6540701301177,282.48918021888653,277.48918021888653,0.0077557644115247995,True
209,219.89387671974418,279.52276644936114,275.52276644936114,0.006259695463557697,True
210,220.13372757853062,285.55633558724116,280.55633558724116,0.007671719734136875,True
211,220.3736226821057,285.5898876251649,280.5898876251649,0.007670810428551088,True
212,220.61356200609805,290.62342255578733,291.62342255578733,-0.0014917896509729427,True
213,220.8535455261363,285.65694037178105,286.65694037178105,-0.0015176809037430914,True
214,221.0935732178491,293.6904410658349,289.6904410658349,0.005955646490162826,True
215,221.33364505686512,292.7239246306549,287.7239246306549,0.0074822436627871415,True
216,221.573761018813,298.75739105896446,292.75739105896446,0.00881079000710734,True
217,221.81392107932135,298.79084034350353,289.79084034350353,0.013282625474920538,True
218,222.05412521401888,296.8242724770291,294.8242724770291,0.0029361764841430524,True
219,222.29437339853416,292.85768745231553,292.85768745231553,0.0,True
220,222.53466560849589,300.89108526215387,297.89108526215387,0.004351814103965136,True
221,222.7750018195327,296.92446589935207,293.92446589935207,0.004410246247549969,True
222,223.0153820072732,297.95782935673515,293.95782935673515,0.005869769946223346,True
223,223.25580614734608,299.99117562714514,294.99117562714514,0.007299455266365172,True
224,223.49627421537997,301.0245047034409,298.0245047034409,0.004349875610428585,True
225,223.73678618700353,305.0578165784989,293.0578165784989,0.017428847932686304,True
226,223.97734203784537,305.09111124521155,304.09111124521155,0.0014258291065088215,True
227,224.21794174353417,305.1243886964892,303.1243886964892,0.0028560422197075083,True
228,224.45858527969855,304.1576489252586,307.1576489252586,-0.004262592183083604,True
229,224.69927262196717,302.1908919244638,303.1908919244638,-0.0014347801288281906,True
230,224.94000374596868,308.2241176870655,309.2241176870655,-0.0014067409597805659,True
231,225.18077862733173,305.25732620604185,304.25732620604185,0.0014250514564439626,True
232,225.42159724168494,310.29051747438734,306.29051747438734,0.005634952099282345,True
233,225.66245956465696,313.3236914851143,306.3236914851143,0.009812647603932866,True
234,225.90336557187644,315.3568482312512,315.3568482312512,0.0,True
235,226.144315238972,310.3899877058441,310.3899877058441,0.0,True
236,226.38530854157236,316.4231099019555,313.4231099019555,0.004137179068904713,True
237,226.6263454553061,314.4562148126654,309.4562148126654,0.006960973350054133,True
238,226.86742595580188,315.4893024310704,313.4893024310704,0.0027619123591952257,True
239,227.10855001868836,312.5223727502844,313.5223727502844,-0.0013874243155531844,True
240,227.34971761959417,316.55542576343805,319.55542576343805,-0.004096434143065828,True
241,227.59092873414795,319.58846146367887,317.58846146367887,0.0027263756269793227,True
242,227.83218333797836,321.6214798441715,318.6214798441715,0.004069995496184338,True
243,228.07348140671402,318.654480898098,314.654480898098,0.005486109096663829,True
244,228.31482291598363,321.68746461865635,317.68746461865635,0.0054340591488949794,True
245,228.55620784141576,320.7204309990627,315.7204309990627,0.006823939866372318,True
246,228.7976361586391,321.75338003254933,320.75338003254933,0.0013518763056657992,True
247,229.0391078432823,317.78631171236566,316.78631171236566,0.0013687790029805085,True
248,229.280622870974,320.8192260317785,317.8192260317785,0.004080221054533381,True
249,229.52218121734282,323.852122984071,320.852122984071,0.004041831142982017,True
250,229.76378285801744,325.88500256254383,319.88500256254383,0.008070495245433424,True
251,230.00542776862648,322.9178647605145,319.9178647605145,0.004053579614819962,True
252,230.2471159247986,330.95070957131725,325.95070957131725,0.006611385764470079,True
253,230.48884730216244,329.9835369883033,323.9835369883033,0.007969330914549447,True
254,230.73062187634665,332.01634700484124,328.01634700484124,0.005263979227505532,True
255,230.97243962297986,328.0491396143161,319.0491396143161,0.012081325265768843,True
256,231.21430051769073,337.08191481013046,328.08191481013046,0.011753161293367455,True
257,231.4562045361079,331.1146725857036,326.1146725857036,0.006608086871666896,True
258,231.69815165386,333.1474129344713,332.1474129344713,0.001305570980210103,True
259,231.9401418465757,330.18013584988717,327.18013584988717,0.003964013485908034,True
260,232.18217508988363,332.21284132542087,330.21284132542087,0.0026224575097513196,True
261,232.42425135941244,330.2455293545602,328.2455293545602,0.0026381273464739416,True
262,232.6663706307908,335.27819993080857,331.27819993080857,0.005212458485004446,True
263,232.9085328796473,336.31085304768726,329.31085304768726,0.009134838681602094,True
264,233.15073808161063,338.3434886987343,332.3434886987343,0.007770648595667137,True
265,233.3929862123094,335.3761068775045,331.3761068775045,0.0052109276370173934,True
266,233.6352772473723,342.4087075775701,337.4087075775701,0.006388514084788631,True
267,233.87761116242797,340.4412907925198,337.4412907925198,0.0038440048086682975,True
268,234.119987933105,346.47385651595937,340.47385651595937,0.007586700145487708,True
269,234.36240753503208,342.50640474151146,336.50640474151146,0.007675362463524595,True
270,234.60486994383785,350.5389354628162,340.5389354628162,0.012569489361471543,True
271,234.84737513515094,346.5714486735301,338.5714486735301,0.01014244992523698,True
272,235.08992308460003,344.6039443673267,340.6039443673267,0.005070571106415816,True
273,235.33251376781374,343.6364225378968,337.6364225378968,0.007649899110604161,True
274,235.57514716042067,344.66888317894814,345.66888317894814,-0.0012582095514239184,True
275,235.81782323804956,344.7013262842049,340.7013262842049,0.005069130221570076,True
276,236.06054197632898,346.7337518474087,345.7337518474087,0.001254339825297684,True
277,236.30330335088763,347.7661598623181,342.7661598623181,0.0062893808098305115,True
278,236.5461073373541,351.7985503227085,346.7985503227085,0.006216772119219859,True
279,236.7889539113571,347.8309232223719,348.8309232223719,-0.0012467878997433777,True
280,237.03184304852522,354.86327855511786,346.86327855511786,0.00990273590985902,True
281,237.2747747244871,350.8956163147727,340.8956163147727,0.012556526140973358,True
282,237.51774891487142,355.92793649517944,353.92793649517944,0.0024472327276520538,True
283,237.76076559530682,351.96023909019823,348.96023909019823,0.003717658257266767,True
284,238.00382474142194,350.99252409370615,354.99252409370615,-0.004921340816664251,True
285,238.2469263288454,351.0247914995971,348.0247914995971,0.003727608101132838,True
286,238.4900703332059,350.0570413017824,351.0570413017824,-0.0012388704981965992,True
287,238.73325673013204,351.0892734941897,354.0892734941897,-0.0036952097067321226,True
288,238.97648549525246,355.1214880707637,354.1214880707637,0.0012246713307037603,True
289,239.21975660419585,353.15368502546653,355.15368502546653,-0.002452582900971054,True
290,239.46307003259082,360.18586435227667,359.18586435227667,0.001207427938339463,True
291,239.70642575606604,358.2180260451901,357.2180260451901,0.001214070114196799,True
292,239.94982375025012,360.25017009821886,357.25017009821886,0.003631750301035903,True
293,240.1932639907717,359.2822965053931,358.2822965053931,0.0012104687641659076,True
294,240.4367464532595,363.3144052607588,363.3144052607588,0.0,True
295,240.6802711133421,360.3464963583797,366.3464963583797,-0.007171738636970729,True
296,240.92383794664812,364.37856979233584,367.37856979233584,-0.0035609922330761684,True
297,241.16744692880627,363.4106255567249,360.4106255567249,0.0036000349650347993,True
298,241.4110980354452,364.4426636456608,358.4426636456608,0.007209516180896238,True
299,241.65479124219348,365.4746840532748,365.4746840532748,0.0,True
300,241.89852652467982,369.5066867737146,371.5066867737146,-0.0023443330550861957,True
301,242.14230385853284,367.5386718011457,364.5386718011457,0.0035594346697967023,True
302,242.3861232193812,372.5706391297497,365.5706391297497,0.008237318793331427,True
303,242.62998458285352,367.60258875372574,361.60258875372574,0.007147030162705986,True
304,242.87388792457847,372.63452066728905,364.63452066728905,0.009425303459631905,True
305,243.1178332201847,371.66643486467274,365.66643486467274,0.007068244253877366,True
306,243.3618204453008,376.6983313401263,368.6983313401263,0.009322524339348492,True
307,243.6058495755555,378.73021008791625,364.73021008791625,0.016358211971432148,True
308,243.84992058657738,380.762071102326,374.762071102326,0.006898050049459171,True
309,244.0940334539951,378.79391437765594,372.79391437765594,0.0069341789446280555,True
310,244.33818815343733,384.82573990822334,378.82573990822334,0.006824632917578902,True
311,244.58238466053268,377.8575476883625,374.8575476883625,0.0034618419437877396,True
312,244.8266229509098,376.8893377124243,375.8893377124243,0.001153844420796538,True
313,245.07090300019738,379.921109974777,374.921109974777,0.005753531298369161,True
314,245.315224784024,384.95286446980526,379.95286446980526,0.0056778325917483585,True
315,245.55958827801834,380.984601191911,375.984601191911,0.005737364172369152,True
316,245.80399345780904,382.01632013551307,377.01632013551307,0.0057217666381726585,True
317,246.04844029902478,381.0480212950472,376.0480212950472,0.005736402934194918,True
318,246.29292877729415,385.0797046649657,379.0797046649657,0.006820096462277808,True
319,246.53745886824584,380.1113702397379,379.1113702397379,0.0011440509086287352,True
320,246.78203054750844,382.1430180138507,379.1430180138507,0.003422866382210409,True
321,247.02664379071064,383.17464798180686,383.17464798180686,0.0,True
322,247.27129857348106,389.20626013812694,386.20626013812694,0.0033605078907420604,True
323,247.51599487144836,385.2378544773476,382.2378544773476,0.0033952607657385023,True
324,247.7607326602412,391.2694309940232,381.2694309940232,0.011243932490418544,True
325,248.00551191548817,389.3009896827241,381.3009896827241,0.009017575280256249,True
326,248.250332612818,394.33253053803855,387.33253053803855,0.007778632552254283,True
327,248.49519472785926,393.364053554571,389.364053554571,0.0044388160703252785,True
328,248.7400982362406,401.3955587269429,390.3955587269429,0.012067694551669377,True
329,248.98504311359073,393.4270460497926,384.4270460497926,0.010050277577881123,True
330,249.23002933553826,390.4585155177756,385.4585155177756,0.005597254294445213,True
331,249.47505687771184,389.48996712556414,386.48996712556414,0.0033580505873210143,True
332,249.72012571574004,395.521400867847,391.521400867847,0.0044144813498755466,True
333,249.96523582525163,396.5528167393304,393.5528167393304,0.0032980139660873163,True
334,250.21038718187515,394.5842147347371,390.5842147347371,0.004425019884156386,True
335,250.4555797612393,392.61559484880695,388.61559484880695,0.0044473214361744505,True
336,250.70081353897274,390.6469570762963,390.6469570762963,0.0,True
337,250.94608849070406,393.67830141197874,394.67830141197874,-0.0011017722519824505,True
338,251.19140459206193,390.7096278506449,392.7096278506449,-0.0022174355415976142,True
339,251.43676181867502,390.74093638710156,386.74093638710156,0.004468768509922625,True
340,251.68216014617195,398.772227016173,392.772227016173,0.00658413254595643,True
341,251.92759955018136,390.8034997327004,392.8034997327004,-0.002216904265710909,True
342,252.17308000633193,395.8347545315412,394.8347545315412,0.001098549288901224,True
343,252.41860149025226,393.8659914075706,388.8659914075706,0.005548519783502708,True
344,252.664163977571,398.8972103556798,390.8972103556798,0.008798428035515404,True
345,252.90976744391685,393.9284113707772,385.9284113707772,0.008910552894872036,True
346,253.1554118649184,395.9595944477885,393.9595944477885,0.0021991890615284237,True
347,253.40109721620428,395.99075958165554,387.99075958165554,0.008863669284616944,True
348,253.64682347340317,399.02190676733744,392.02190676733744,0.007686402893771311,True
349,253.89259061214375,394.05303599980994,387.05303599980994,0.007784199534153159,True
350,254.13839860805462,403.084147274066,391.084147274066,0.0131255062672244,True
351,254.38424743676438,399.1152405851151,390.1152405851151,0.009905394864265955,True
352,254.63013707390178,400.1463159279838,392.1463159279838,0.008770683454045528,True
353,254.87606749509538,392.1773732977151,394.1773732977151,-0.0022091577382359613,True
354,255.12203867597387,401.2084126893694,393.2084126893694,0.008747229909572227,True
355,255.3680505921659,396.2394340980236,391.2394340980236,0.00551507266694317,True
356,255.61410321930006,401.2704375187718,394.2704375187718,0.007642950675315408,True
357,255.86019653300502,398.3014229467242,395.3014229467242,0.0032834802915034634,True
358,256.1063305089095,399.33239037700855,401.33239037700855,-0.0021696739790451696,True
359,256.352505122642,394.36333980476934,396.36333980476934,-0.0021969432383268633,True
360,256.5987203498313,400.39427122516736,395.39427122516736,0.005457482405929871,True
361,256.844976166106,399.42518463338115,389.42518463338115,0.011011410135549307,True
362,257.0912725470947,397.4560800246054,391.4560800246054,0.006606102089092482,True
363,257.33760946842614,392.4869573940516,389.4869573940516,0.003332310229812545,True
364,257.58398690572886,400.5178167369486,394.5178167369486,0.006555219045764514,True
365,257.83040483463157,396.54865804854126,388.54865804854126,0.00885107117739957,True
366,258.0768632307629,404.5794813240925,394.5794813240925,0.010869355696964154,True
367,258.32336206975145,394.6102865588807,389.6102865588807,0.005537987419164495,True
368,258.569901327226,398.64107374820196,395.64107374820196,0.003280672102178703,True
369,258.81648097881504,399.6718428873687,393.6718428873687,0.006569199758633437,True
370,259.06310100014724,397.70259397171094,394.70259397171094,0.0032884430604049825,True
371,259.3097613668514,395.7333269965743,391.7333269965743,0.0044121052237616094,True
372,259.55646205455594,401.7640419573222,394.7640419573222,0.007633477591243375,True
373,259.8032030388896,396.79473884933486,393.79473884933486,0.0032959955477260285,True
374,260.0499842954811,400.8254176680084,398.8254176680084,0.002172425104987886,True
375,260.29680579995903,400.85607840875673,395.85607840875673,0.00545115547650068,True
376,260.543667527952,405.88672106701006,398.88672106701006,0.007555264338731112,True
377,260.7905694550887,397.9173456382157,395.9173456382157,0.0021883417571338694,True
378,261.03751155699774,399.94795211783753,398.94795211783753,0.0010872372894179705,True
379,261.28449380930783,401.97854050135606,395.97854050135606,0.00653121844205538,True
380,261.5315161876475,403.0091107842693,399.0091107842693,0.004332052027812533,True
381,261.7785786676455,399.03966296209114,404.03966296209114,-0.005407935176604041,True
382,262.02568122493045,402.07019703035303,402.07019703035303,0.0,True
383,262.27282383513096,402.10071298460275,396.10071298460275,0.00652921903385249,True
384,262.5200064738757,404.13121082040516,397.13121082040516,0.007588372137195558,True
385,262.7672291167934,402.16169053334147,399.16169053334147,0.0032518445453000116,True
386,263.0144917395125,405.1921521190104,401.1921521190104,0.0043085962037137686,True
387,263.2617943176618,401.22259557302687,393.22259557302687,0.008746917567491972,True
388,263.5091368268699,408.25302089102274,398.25302089102274,0.01077032824285697,True
389,263.7565192427655,407.28342806864634,403.28342806864634,0.004286363342312506,True
390,264.00394154097717,415.3138171015637,404.3138171015637,0.01165779666662306,True
391,264.2514036971336,407.34418798545653,401.34418798545653,0.0064445459693825875,True
392,264.4989056868634,410.37454071602406,398.37454071602406,0.012888833896729858,True
393,264.7464474857953,402.4048752889819,392.4048752889819,0.010928839251199845,True
394,264.99402906955777,407.43519170006266,396.43519170006266,0.011886337913682314,True
395,265.24165041377967,403.46548994501563,401.46548994501563,0.002158174484449424,True
396,265.48931149408946,407.49577001960665,410.49577001960665,-0.0031855813258391957,True
397,265.73701228611594,409.5260319196186,402.5260319196186,0.007487541282377486,True
398,265.98475276548766,410.5562756408515,403.5562756408515,0.007468589669136997,True
399,266.2325329078332,410.5865011791209,401.5865011791209,0.009625560878796456,True
400,266.4803526887814,409.61670853026044,402.61670853026044,0.007485869402162688,True
401,266.7282120839608,405.64689769011966,395.64689769011966,0.010840394198313898,True
402,266.97611106899996,408.6770686545656,405.6770686545656,0.003199810205246053,True
403,267.22404961952765,406.7072214194809,399.7072214194809,0.007539889096274919,True
404,267.4720277111725,407.7373559807661,402.7373559807661,0.005358587816138586,True
405,267.72004531956304,406.767472334338,402.767472334338,0.004291827244110967,True
406,267.9681024203281,405.79757047613,403.79757047613,0.0021457409680419766,True
407,268.21619898909614,404.82765040209256,403.82765040209256,0.001074115764406491,True
408,268.46433500149595,416.8577121081926,406.8577121081926,0.010545288015942851,True
409,268.7125104331561,411.8877555904139,405.8877555904139,0.006372931481841201,True
410,268.96072525970527,411.9177808447571,403.9177808447571,0.008517567471756962,True
411,269.2089794567721,405.9477878672392,399.9477878672392,0.00646688012039515,True
412,269.4572729999852,410.97777665389435,405.97777665389435,0.005316077513025834,True
413,269.7056058649732,412.00774720077334,402.00774720077334,0.010670959807664799,True
414,269.9539780273649,416.03769950394326,407.03769950394326,0.00949805116976953,True
415,270.2023894627887,414.0676335594885,407.0676335594885,0.007404711843816326,True
416,270.4508401468734,416.09754936350964,409.09754936350964,0.007368280060550903,True
417,270.6993300552477,415.1274469121247,404.1274469121247,0.011663101308429314,True
418,270.9478591635401,415.15732620146764,406.15732620146764,0.009518414862026836,True
419,271.1964274473793,415.18718722768926,403.18718722768926,0.012737220284896392,True
420,271.445034882394,413.21702998695764,409.21702998695764,0.00422451284507406,True
421,271.69368144421276,409.246854475457,405.246854475457,0.004265697511423944,True
422,271.9423671084643,415.27666068938834,405.27666068938834,0.010585929592808742,True
423,272.1910918507771,413.3064486249698,403.3064486249698,0.010637015257972227,True
424,272.4398556467801,416.33621827843535,406.33621827843535,0.010558658693796562,True
425,272.6886584721017,410.3659696460368,404.3659696460368,0.00639673952740882,True
426,272.9375003023706,409.3957027240415,408.3957027240415,0.0010621160737819904,True
427,273.18638111321553,409.4254175087344,408.4254175087344,0.0010620388944712032,True
428,273.43530088026506,412.45511399641646,407.45511399641646,0.005296919720805436,True
429,273.68425957914786,412.48479218340594,407.48479218340594,0.005296536275189728,True
430,273.93325718549255,414.51445206603717,407.51445206603717,0.007396661707591956,True
431,274.1822936749278,417.5440936406617,408.5440936406617,0.009463408517379484,True
432,274.4313690230822,415.5737169036472,417.5737169036472,-0.002085082656446813,True
433,274.6804832055845,411.6033218513787,411.6033218513787,0.0,True
434,274.92963619806324,408.6329084802576,410.6329084802576,-0.0021204123772406627,True
435,275.17882797614715,410.6624767867013,405.6624767867013,0.005320184212038891,True
436,275.42805851546484,413.6920267671451,404.6920267671451,0.009552502648787483,True
437,275.67732779164487,413.7215584180401,405.7215584180401,0.008480066941622144,True
438,275.9266357803161,414.7510717358541,409.7510717358541,0.005267418759695601,True
439,276.1759824571069,414.7805667170719,410.7805667170719,0.004208510917885104,True
440,276.4253677976461,416.8100433581949,407.8100433581949,0.00948025789812688,True
441,276.67479177756235,417.83950165574106,406.83950165574106,0.011586381193380768,True
442,276.92425437248426,420.8689416062448,413.8689416062448,0.007284041372251922,True
443,277.1737555580404,415.8983632062575,410.8983632062575,0.005252799901223064,True
444,277.4232953098595,422.927766452347,414.927766452347,0.008293700543184238,True
445,277.67287360357017,414.9571513410981,409.9571513410981,0.005264786888313835,True
446,277.9224904148011,417.9865178691116,408.9865178691116,0.009453282015455386,True
447,278.17214571918083,415.0158660330055,409.0158660330055,0.006324545139243741,True
448,278.4218394923381,419.04519582941407,416.04519582941407,0.003120354547395938,True
449,278.6715717099016,412.0745072549887,413.0745072549887,-0.0010526454904111768,True
450,278.9213423474999,413.10380030639703,412.10380030639703,0.0010525707571473883,True
451,279.17115138076156,413.1330749803233,404.1330749803233,0.009565570166269282,True
452,279.4209987853154,412.16233127346845,407.16233127346845,0.005300705485207383,True
453,279.67088453678997,414.1915691825502,409.1915691825502,0.0052745775330836735,True
454,279.9208086108139,419.2207887043023,416.2207887043023,0.0031190428656420206,True
455,280.17077098301587,413.2499898354763,411.2499898354763,0.0021069513374040298,True
456,280.42077162902456,415.2791725728389,413.2791725728389,0.0020966312290963754,True
457,280.6708105244685,418.30833691317457,410.30833691317457,0.008386178849078354,True
458,280.92088764497646,421.33748285328375,415.33748285328375,0.006228969834878756,True
459,281.171002966177,421.36661038998386,416.36661038998386,0.005184223666614519,True
460,281.4211564636988,419.3957195201083,418.3957195201083,0.0010367608641350598,True
461,281.67134811317055,415.4248102405081,412.4248102405081,0.0031476469078221925,True
462,281.9215778902209,420.4538825480497,417.4538825480497,0.0031098626058727085,True
463,282.1718457704783,417.4829364396171,411.4829364396171,0.006286899090702223,True
464,282.4221517295716,424.5119719121103,411.5119719121103,0.013507468102747852,True
465,282.6724957431294,421.54098896244614,409.54098896244614,0.012542435384440881,True
466,282.9228777867803,421.569987587558,412.569987587558,0.00937205298536113,True
467,283.173297836153,418.5989677843959,405.5989677843959,0.013701312001712809,True
468,283.42375586687615,424.6279295499262,410.6279295499262,0.01456007081931574,True
469,283.6742518545783,414.65687288113213,412.65687288113213,0.0020997853844666767,True
470,283.92478577488816,419.68579777501327,413.68579777501327,0.006253661464469047,True
471,284.17535760343446,417.7147042285858,407.7147042285858,0.010523388834872768,True
472,284.4259673158457,416.74359223888246,410.74359223888246,0.006298133935789045,True
473,284.6766148877506,413.77246180295265,412.77246180295265,0.0010508677299919196,True
474,284.92730029477775,418.80131291786256,414.80131291786256,0.004167912160697875,True
475,285.17802351255585,416.8301455806941,412.8301455806941,0.004187717325333632,True
476,285.42878451671356,423.8589597885468,414.8589597885468,0.009320893901432628,True
477,285.67958328287943,418.8877555385359,411.8877555385359,0.007318784145803291,True
478,285.93041978668225,420.9165328277936,411.9165328277936,0.009386761068770327,True
479,286.18129400375057,420.94529165346853,406.94529165346853,0.014689628152679275,True
480,286.43220590971305,419.97403201272596,411.97403201272596,0.008352595791380752,True
481,286.6831554801983,417.0027539027474,409.0027539027474,0.008412690866702821,True
482,286.934142690835,419.0314573207313,411.0314573207313,0.008371566479713467,True
483,287.18516751725184,417.0601422638922,412.0601422638922,0.005238078898251255,True
484,287.4362299350774,421.0888087294618,415.0888087294618,0.00623267487729929,True
485,287.68732991994034,418.1174567146875,413.1174567146875,0.005224753109861799,True
486,287.93846744746935,420.14608621683374,413.14608621683374,0.007296679331042376,True
487,288.189642493293,416.17469723318163,413.17469723318163,0.003141954734901092,True
488,288.44085503303995,421.2032897610284,416.2032897610284,0.005186245888103177,True
489,288.6921050423389,418.23186379768777,415.23186379768777,0.00312644456935865,True
490,288.9433924968185,424.26041934049044,421.26041934049044,0.0030818611523521517,True
491,289.1947173721073,420.28895638678296,416.28895638678296,0.004153088766771074,True
492,289.446079643834,428.3174749339289,418.3174749339289,0.010259786225661234,True
493,289.6974792876273,425.34597497930827,411.34597497930827,0.014535075369393606,True
494,289.94891627911574,428.3744565203174,413.3744565203174,0.015479929509769615,True
495,290.20039059392803,424.40291955436874,410.40291955436874,0.01456792120936062,True
496,290.4519022076928,426.43136407889233,415.43136407889233,0.01134985796919074,True
497,290.7034510960387,425.4597900913334,409.4597900913334,0.016647262033865115,True
498,290.9550372345944,426.48819758915465,417.48819758915465,0.009262814764095963,True
499,291.2066605989885,422.5165865698348,413.5165865698348,0.009350828320228164,True
500,291.4583211648496,424.5449570308692,416.5449570308692,0.00826180548722178,True
501,291.7100189078065,422.5733089697694,414.5733089697694,0.00830072426655265,True
502,291.96175380348774,424.60164238406355,419.60164238406355,0.005144490290865616,True
503,292.21352582752195,425.6299572712967,411.6299572712967,0.01452521350023041,True
504,292.4653349555378,426.65825362902956,415.65825362902956,0.011343742792642489,True
505,292.71718116316396,420.68653145483995,413.68653145483995,0.007287226387407343,True
506,292.96906442602904,421.714790746322,414.714790746322,0.007269308540564733,True
507,293.2209847197617,420.7430315010861,415.7430315010861,0.005191953261941141,True
508,293.4729420199906,423.771253716759,414.771253716759,0.009322843860470994,True
509,293.72493630234436,418.7994573909841,409.7994573909841,0.009434731299275046,True
510,293.97696754245163,420.8276425214217,413.8276425214217,0.007284762240744641,True
511,294.22903571594105,422.85580910574754,411.85580910574754,0.01144710525656806,True
512,294.4811407984413,425.8839571416545,415.8839571416545,0.010319113065065857,True
513,294.733282765581,421.91208662685153,408.91208662685153,0.013592019284727471,True
514,294.98546159298877,423.9401975590645,412.9401975590645,0.011417436642944402,True
515,295.2376772562933,420.96828993603526,414.96828993603526,0.006234472095581151,True
516,295.4899297311232,422.996363755522,418.996363755522,0.004126380049489119,True
517,295.74221899310714,426.0244190152996,415.0244190152996,0.011360842575566119,True
518,295.99454501787375,427.05245571315936,421.05245571315936,0.006145018924949973,True
519,296.2469077810517,421.08047384690894,418.08047384690894,0.0031052183729150086,True
520,296.4993072582696,421.10847341437216,419.10847341437216,0.0020675388840168236,True
521,296.75174342515606,421.13645441338963,417.13645441338963,0.004144691052899747,True
522,297.00421625733986,428.1644168418179,423.1644168418179,0.005101430356418944,True
523,297.25672573044955,423.1923606975306,418.1923606975306,0.005161724277117275,True
524,297.5092718201137,428.220285978417,418.220285978417,0.010262142517937832,True
525,297.7618545019611,422.2481926823832,415.2481926823832,0.007260048455314767,True
526,298.01447375162036,424.2760808073515,417.2760808073515,0.007225057761940377,True
527,298.2671295447201,423.3039503512607,412.3039503512607,0.011434825542453252,True
528,298.51982185688894,426.3318013120661,416.3318013120661,0.010308143589751084,True
529,298.77255066375557,419.3596336877388,417.3596336877388,0.0020761817060997744,True
530,299.02531594094864,427.3874474762672,424.3874474762672,0.003059232764066752,True
531,299.2781176640967,425.415242675655,419.415242675655,0.00616883682199454,True
532,299.5309558088285,422.4430192839229,417.4430192839229,0.00517093501499566,True
533,299.78383035077263,425.47077729910825,418.47077729910825,0.0072046010191868974,True
534,300.0367412655578,427.498516719264,419.498516719264,0.008204182635788437,True
535,300.28968852881263,427.52623754245974,415.52623754245974,0.012364321185503742,True
536,300.5426721161657,431.5539397667817,420.5539397667817,0.011213379930635776,True
537,300.79569200324573,422.58162339033197,416.58162339033197,0.0062104991060152465,True
538,301.04874816568133,425.6092884112295,417.6092884112295,0.008240947722802108,True
539,301.30184057910117,423.63693482760914,415.63693482760914,0.008279683696118534,True
540,301.5549692191338,430.6645626376221,418.6645626376221,0.012272935072759934,True
541,301.80813406140805,423.69217183943647,411.69217183943647,0.012477830884045839,True
542,302.0613350815524,427.7197624312357,419.7197624312357,0.008199898558749216,True
543,302.31457225519557,425.74733441122066,424.74733441122066,0.0010212754952086006,True
544,302.56784555796617,422.77488777760755,419.77488777760755,0.0030927287373293936,True
545,302.82115496549284,424.80242252862945,416.80242252862945,0.008256750245302832,True
546,303.0745004534043,428.8299386625358,420.8299386625358,0.008178469110357328,True
547,303.3278819973291,431.8574361775918,428.8574361775918,0.0030274572071112495,True
548,303.581299572896,429.88491507207937,423.88491507207937,0.006104244255312904,True
549,303.8347531557335,424.91237534429683,421.91237534429683,0.0030771157674215556,True
550,304.08824272147035,427.9398169925587,422.9398169925587,0.005104123585433739,True
551,304.3417682457351,421.96724001519556,416.96724001519556,0.0051768002689982166,True
552,304.5953297041566,425.9946444105542,425.9946444105542,0.0,True
553,304.84892707236327,429.02203017699844,428.02203017699844,0.001013471066611188,True
554,305.10256032598386,432.04939731290733,429.04939731290733,0.003026107399563243,True
555,305.3562294406469,427.076745816677,425.076745816677,0.002038577714415947,True
556,305.60993439198126,427.1040756867196,424.1040756867196,0.0030612696511384055,True
557,305.8636751556154,424.13138692146345,420.13138692146345,0.00411528490878833,True
558,306.117451707178,427.158679519353,417.158679519353,0.010287951236267134,True
559,306.37126402229774,422.18595347884934,418.18595347884934,0.004134338695489131,True
560,306.6251120766033,428.2132087984296,420.2132087984296,0.00819035984080661,True
561,306.87899584572324,427.2404454765874,423.2404454765874,0.004085196399409444,True
562,307.13291530528625,432.2676635118321,426.2676635118321,0.006070360143728982,True
563,307.3868704309209,426.2948629026896,425.2948629026896,0.0010199622385341466,True
564,307.64086119825595,429.322043647702,428.322043647702,0.0010127620189949301,True
565,307.89488758292,427.34920574542775,420.34920574542775,0.007172669983488606,True
566,308.1489495605417,430.3763491944417,424.3763491944417,0.006097224838987506,True
567,308.4030471067497,422.4034739933343,416.4034739933343,0.006213137220558244,True
568,308.6571801971726,431.43058014071266,425.43058014071266,0.0060822210232160095,True
569,308.911348807439,425.45766763519987,422.45766763519987,0.003073157963031149,True
570,309.16555291317775,428.48473647543597,422.48473647543597,0.006124332672683884,True
571,309.41979249001736,424.51178666007604,418.51178666007604,0.006182059372179504,True
572,309.6740675135864,433.53881818779223,423.53881818779223,0.010134768944623014,True
573,309.9283779595137,429.5658310572726,421.5658310572726,0.008164325991747873,True
574,310.18272380342773,433.59282526722154,418.59282526722154,0.015290307041232081,True
575,310.4371050209572,427.6198008163592,417.6198008163592,0.010276724984238008,True
576,310.6915215877308,430.6467577034225,423.6467577034225,0.007117294835771739,True
577,310.9459734793771,428.6736959271643,422.6736959271643,0.006121613949668567,True
578,311.20046067152475,428.7006154863534,424.7006154863534,0.004071216647408176,True
579,311.4549831398025,429.72751637977535,420.72751637977535,0.00919224675571017,True
580,311.7095408598389,431.75439860623123,427.75439860623123,0.004042286651875696,True
581,311.9641338072626,431.7812621645387,424.7812621645387,0.007098440490598783,True
582,312.2187619577023,435.80810705353133,421.80810705353133,0.01418038235950322,True
583,312.47342528678655,435.8349332720593,420.8349332720593,0.015210253922660484,True
584,312.7281237701441,438.8617408189882,428.8617408189882,0.010010417353720833,True
585,312.9828573834036,433.88852969320055,422.88852969320055,0.01115226361429968,True
586,313.23762610219353,435.9152998935947,425.9152998935947,0.01007887104303513,True
587,313.4924299021427,426.9420514190847,423.9420514190847,0.003062435506937986,True
588,313.7472687588797,431.96878426860144,420.96878426860144,0.011202470984170305,True
589,314.0021426480332,429.99549844109174,414.99549844109174,0.015420523201175247,True
590,314.2570515452318,433.0221939355183,418.0221939355183,0.015310815805925158,True
591,314.5119954261042,433.04887075086003,425.04887075086003,0.008098043737982199,True
592,314.76697426627896,437.07552888611235,429.07552888611235,0.008022745285724591,True
593,315.0219880413848,433.10216834028597,424.10216834028597,0.009119865128218631,True
594,315.27703672705036,433.12878911240887,425.12878911240887,0.008096535519710759,True
595,315.53212029890426,425.155391201524,423.155391201524,0.002047812172500822,True
596,315.7872387325752,425.181974606691,423.181974606691,0.0020476838360186907,True
597,316.0423920036917,427.20853932698583,419.20853932698583,0.008209804377580917,True
598,316.2975800878826,435.23508536149984,421.23508536149984,0.01419936051840388,True
599,316.55280296077626,434.26161270934085,416.26161270934085,0.01838507839582634,True
600,316.8080605980016,437.28812136963325,426.28812136963325,0.011064449108838716,True
601,317.0633529751872,429.31461134151664,424.31461134151664,0.005087682533892616,True
602,317.3186800679616,432.341082624147,427.341082624147,0.005051859821295884,True
603,317.5740418519535,430.367535216697,420.367535216697,0.010210334584763645,True
604,317.8294383027916,432.39396911835433,422.39396911835433,0.010161919159644286,True
605,318.08486939610447,431.4203843283235,425.4203843283235,0.006082365776392916,True
606,318.3403351075208,433.44678084582506,429.44678084582506,0.0040264302528048735,True
607,318.5958354126692,432.473158670095,419.473158670095,0.013254981933241225,True
608,318.8513702871784,434.499517800386,427.499517800386,0.007053669612434248,True
609,319.1069397066769,433.52585823596655,421.52585823596655,0.01219078536934493,True
610,319.3625436467934,432.5521799761211,426.5521799761211,0.006066339273463663,True
611,319.6181820831566,428.5784830201503,419.5784830201503,0.009217154857534302,True
612,319.8738549913952,433.60476736737087,426.60476736737087,0.007068344065652034,True
613,320.1295623471377,432.6310330171152,426.6310330171152,0.006065225841672546,True
614,320.38530412601284,435.6572799687324,428.6572799687324,0.007034771794883504,True
615,320.6410803036492,428.6835082215864,421.6835082215864,0.007150159833912474,True
616,320.89689085567545,433.7097177750586,424.7097177750586,0.009106954946931882,True
617,321.1527357577203,428.73590862854553,423.73590862854553,0.005094590265284296,True
618,321.4086149854122,428.76208078145964,423.76208078145964,0.005094277454318257,True
619,321.6645285143801,429.7882342332298,423.7882342332298,0.006105627102464141,True
620,321.92047632025236,434.81436898330094,429.81436898330094,0.0050229572997791076,True
621,322.1764583786578,428.84048503113354,428.84048503113354,0.0,True
622,322.43247466522496,431.8665823762042,425.8665823762042,0.006076037401950456,True
623,322.6885251555826,428.8926610180058,425.8926610180058,0.0030484585115242977,True
624,322.9446098253593,433.91872095604685,420.91872095604685,0.013210145661731848,True
625,323.2007286501836,431.9447621898521,420.9447621898521,0.011203102101045945,True
626,323.4568816056843,437.97078471896225,427.97078471896225,0.01003101836177192,True
627,323.71306866749,436.9967885429335,425.9967885429335,0.011071920279866048,True
628,323.9692898112294,433.02277366133853,430.02277366133853,0.003019281421179861,True
629,324.22554501253103,433.0487400737661,430.0487400737661,0.0030190997486807328,True
630,324.4818342470236,435.0746877798201,433.0746877798201,0.0020010162418493127,True
631,324.73815749033565,433.1006167791213,428.1006167791213,0.005042948671995217,True
632,324.994514718096,439.1265270713061,435.1265270713061,0.003974112624207139,True
633,325.2509059059332,437.1524186560264,429.1524186560264,0.008021321070855918,True
634,325.50733102947595,436.1782915329504,430.1782915329504,0.006015556651738277,True
635,325.76379006435286,428.2041457017626,428.2041457017626,0.0,True
636,326.0202829861925,428.22998116216263,429.22998116216263,-0.0010129794926435432,True
637,326.27680977062363,433.25579791386645,429.25579791386645,0.004028213395158922,True
638,326.5333703932748,438.2815959566062,431.2815959566062,0.006992308488477438,True
639,326.78996482977476,434.3073752901296,431.3073752901296,0.00301031991738517,True
640,327.04659305575206,441.33313591420006,433.33313591420006,0.007944636383377949,True
641,327.30325504683543,438.3588778285973,426.3588778285973,0.012054496013521578,True
642,327.55995077865344,438.38460103311695,426.38460103311695,0.012053778781503799,True
643,327.8166802268348,431.41030552757,420.41030552757,0.011217161957807986,True
644,328.07344336700805,432.43599131178416,426.43599131178416,0.0060679806421469465,True
645,328.330240174802,432.46165838560205,423.46165838560205,0.009133515404054389,True
646,328.5870706258451,433.48730674888293,429.48730674888293,0.004026052079317876,True
647,328.84393469576617,428.5129364015015,425.5129364015015,0.0030511693995537463,True
648,329.10083236019375,439.5385473433487,436.5385473433487,0.0029743695989267595,True
649,329.35776359475653,433.56413957433097,432.56413957433097,0.0010028414620157444,True
650,329.61472837508313,433.58971309437084,433.58971309437084,0.0,True
651,329.87172667680215,430.61526790340645,423.61526790340645,0.007117819593937248,True
652,330.1287584755424,433.6408040013921,426.6408040013921,0.00706775186288945,True
653,330.3858237469324,434.6663213882978,424.6663213882978,0.010108171520188324,True
654,330.6429224666007,436.6918200641089,424.6918200641089,0.012101160787935954,True
655,330.90005461017614,433.7173000288276,427.7173000288276,0.006049928875165738,True
656,331.1572201532873,436.74276128247106,424.74276128247106,0.012099729475127342,True
657,331.41441907156275,435.76820382507276,424.76820382507276,0.011103538400405264,True
658,331.67165134063123,440.79362765668156,427.79362765668156,0.013000996396123555,True
659,331.92891693612137,433.81903277736274,423.81903277736274,0.010128145713339743,True
660,332.1862158336617,439.84441918719654,428.84441918719654,0.01099932323473691,True
661,332.44354800888107,436.8697868862796,424.8697868862796,0.012096161867820986,True
662,332.70091343740796,437.8951358747245,428.8951358747245,0.009019000182171001,True
663,332.958312094871,433.9204661526592,428.9204661526592,0.005033365095690884,True
664,333.215743956899,435.9457777202276,432.9457777202276,0.0029989671663801258,True
665,333.4732089991205,431.9710705775892,426.9710705775892,0.005056212364061397,True
666,333.73070719716407,436.9963447249197,428.9963447249197,0.00802421252789835,True
667,333.9882385266585,429.0216001624101,431.0216001624101,-0.0020198765113143497,True
668,334.2458029632324,435.0468368902675,431.0468368902675,0.004011552864728896,True
669,334.5034004825144,432.07205490871456,425.07205490871456,0.007093623875092671,True
670,334.76103106013306,434.09725421799,428.09725421799,0.006044596505156461,True
671,335.01869467171707,432.12243481834776,426.12243481834776,0.006072414613787408,True
672,335.2763912928952,437.1475967100582,430.1475967100582,0.007010594342109238,True
673,335.534120899296,430.1727398934065,428.1727398934065,0.0020238716371906978,True
674,335.79188346654803,440.1978643686948,431.1978643686948,0.008971330015731766,True
675,336.04967897028007,434.2229701362396,426.2229701362396,0.008075942507787062,True
676,336.30750738612073,438.2480571963745,430.2480571963745,0.008001081564529677,True
677,336.5653686896986,434.2731255494475,426.2731255494475,0.008075001069547163,True
678,336.8232628566424,437.29817519582343,432.29817519582343,0.004994262771997457,True
679,337.0811898625807,433.3232061358822,426.3232061358822,0.007072974480161616,True
680,337.3391496831422,437.3482183700196,431.3482183700196,0.0059993530966039625,True
681,337.5971422939555,436.373211898647,430.373211898647,0.006012850919266732,True
682,337.85516767064934,442.39818672219167,434.39818672219167,0.007925334497855836,True
683,338.1132257888523,437.4231428410965,434.4231428410965,0.0029888034377603388,True
684,338.37131662419296,436.44808025581983,434.44808025581983,0.0019947050638853573,True
685,338.62944015230005,433.47299896683603,427.47299896683603,0.006053362428250466,True
686,338.88759634880216,437.49789897463484,431.49789897463484,0.005997286307911794,True
687,339.1457851893281,435.52278027972216,427.52278027972216,0.00805161518434725,True
688,339.4040066495063,439.5476428826189,429.5476428826189,0.0099946152371896,True
689,339.66226070496543,439.5724867838619,427.5724867838619,0.0120207500646244,True
690,339.9205473313343,437.5973119840039,431.5973119840039,0.005995914400616831,True
691,340.1788665042414,436.6221184836129,430.6221184836129,0.006009399328819589,True
692,340.43721819931545,440.64690628327276,432.64690628327276,0.007957122787394058,True
693,340.69560239218504,438.67167538358285,436.67167538358285,0.0019845709103936855,True
694,340.9540190584788,440.69642578515845,431.69642578515845,0.008961075285748934,True
695,341.2124681738255,440.72115748863007,428.72115748863007,0.011988983403700611,True
696,341.4709497138537,442.74587049464435,431.74587049464435,0.010926326824640294,True
697,341.72946365419205,439.7705648038627,427.7705648038627,0.012015260180352412,True
698,341.9880099704692,439.7952404169632,431.7952404169632,0.007972674104888684,True
699,342.2465886383138,439.8198973346389,434.8198973346389,0.0049654636748981944,True
700,342.50519963335444,437.8445355575982,436.8445355575982,0.0009930264032331187,True
701,342.76384293121987,437.86915508656557,435.86915508656557,0.0019882165419886797,True
702,343.0225185075386,441.89375592228134,436.89375592228134,0.004942027082736623,True
703,343.2812263379394,441.9183380655006,430.9183380655006,0.010947047416792905,True
704,343.53996639805086,445.94290151699465,438.94290151699465,0.006871225143235305,True
705,343.79873866350164,442.96744627755015,432.96744627755015,0.009916566968376277,True
706,344.0575431099204,442.9919723479693,435.9919723479693,0.00691736330837102,True
707,344.3163797129357,444.0164797290697,431.0164797290697,0.012905213769366318,True
708,344.5752484481763,442.04096842168497,436.04096842168497,0.005935226175223611,True
709,344.83414929127076,444.06543842666406,436.06543842666406,0.00789530656215813,True
710,345.0930822178478,448.08988974487124,440.08988974487124,0.007823753473093125,True
711,345.35204720353596,439.11432237718645,430.11432237718645,0.008993698139010787,True
712,345.611044223964,442.1387363245053,430.1387363245053,0.011950010765180463,True
713,345.8700732547605,440.1631315877389,433.1631315877389,0.006962178071338572,True
714,346.1291342715541,445.1875081678138,437.1875081678138,0.007875225370918816,True
715,346.3882272499735,440.211866065672,434.211866065672,0.005960057331654959,True
716,346.64735216564725,449.23620528227116,439.23620528227116,0.009776619219966219,True
717,346.9065089942041,449.2605258185845,442.2605258185845,0.006820083145053035,True
718,347.1656977112726,452.28482767560035,444.28482767560035,0.007750536829163013,True
719,347.42491829248155,444.3091108543231,444.3091108543231,0.0,True
720,347.68417071345937,445.333375355772,444.333375355772,0.0009763086334377795,True
721,347.9434549498349,438.3576211809825,437.3576211809825,0.0009918627646674121,True
722,348.2027709772367,444.3818483310049,439.3818483310049,0.004914199546359209,True
723,348.4621187712934,444.40605680690555,436.40605680690555,0.007889199846648827,True
724,348.72149830763374,451.4302466097654,443.4302466097654,0.007765340957117606,True
725,348.98090956188616,449.45441774068195,448.45441774068195,0.0009673468937990673,True
726,349.24035250967955,455.47857020076754,442.47857020076754,0.012575706570333588,True
727,349.4998271266424,450.5027039911497,438.5027039911497,0.011725126277838109,True
728,349.75933338840343,449.5268191129719,440.5268191129719,0.008783253938845105,True
729,350.01887127059126,449.5509155673931,444.5509155673931,0.0048573774715448366,True
730,350.27844074883444,453.57499335558714,448.57499335558714,0.004814043508970365,True
731,350.5380417987618,449.59905247874394,444.59905247874394,0.0048568544911860405,True
732,350.79767439600187,453.62309293806834,450.62309293806834,0.002881711300247751,True
733,351.0573385161833,453.64711473478087,445.64711473478087,0.007727053938688096,True
734,351.3170341349347,458.6711178701173,449.6711178701173,0.008606399872334764,True
735,351.57676122788484,454.69510234532913,446.69510234532913,0.007709085510552595,True
736,351.83651977066233,455.7190681616828,449.7190681616828,0.005755898563396188,True
737,352.0963097388957,453.7430153204605,449.7430153204605,0.003845525484497314,True
738,352.3561311082137,453.76694382295955,450.76694382295955,0.002880794718201052,True
739,352.6159838542449,452.7908536704929,444.7908536704929,0.007741797388700611,True
740,352.875867952618,456.8147448643888,449.8147448643888,0.0067064259840376545,True
741,353.1357833789617,454.8386174059906,450.8386174059906,0.003836221462192604,True
742,353.39573010890456,462.86247129665753,456.86247129665753,0.005666485136048254,True
743,353.6557081180752,457.88630653776386,454.88630653776386,0.0028547923512758353,True
744,353.91571738210234,460.91012313069905,457.91012313069905,0.002836002103518696,True
745,354.1757578766146,460.9339210768683,452.9339210768683,0.007603822891244988,True
746,354.4358295772406,464.9577003776917,454.9577003776917,0.009442424586010916,True
747,354.6959324596091,463.98146103460545,452.98146103460545,0.01042019991229987,True
748,354.9560664993486,467.0052030490601,458.0052030490601,0.008451307480420577,True
749,355.21623167208776,466.0289264225221,456.0289264225221,0.009420482871031727,True
750,355.4764279534553,467.0526311564731,461.0526311564731,0.005615318217567664,True
751,355.7366553190798,465.07631725241026,461.07631725241026,0.0037514091400478095,True
752,355.9969137445899,473.09998471184576,465.09998471184576,0.007406608778444877,True
753,356.25720320561436,468.1236335363071,464.1236335363071,0.0037268837349661095,True
754,356.5175236777817,476.1472637273373,468.1472637273373,0.007358803593981781,True
755,356.7778751367206,477.1708752864945,461.1708752864945,0.014812055984592115,True
756,357.03825755805974,487.1944682153521,470.1944682153521,0.015424833120408986,True
757,357.29867091742767,485.21804251549884,469.21804251549884,0.014562238062349029,True
758,357.5591151904532,488.2415981885388,485.2415981885388,0.002676754103345089,True
759,357.81959035276486,490.26513523609106,488.26513523609106,0.0017752954599689868,True
760,358.08009637999123,496.28865365979027,491.28865365979027,0.004397612110812154,True
761,358.3406332477611,491.31215346128624,487.31215346128624,0.003550264569420106,True
762,358.60120093170303,501.33563464224403,495.33563464224403,0.005229002682890624,False
763,358.86179940744574,506.3590972043439,498.3590972043439,0.006916226465179901,False
764,359.12242865061785,517.3825411492815,506.38254114928145,0.00933304570838828,False
765,359.3830886368479,524.4059664787674,506.40596647876737,0.015168810372760539,False
766,359.6437793417646,533.4293731945274,526.4293731945274,0.005736812738112017,False
767,359.9045007409967,537.4527612983029,525.4527612983029,0.009806619891029721,False
768,360.16525281017266,545.4761307918504,533.4761307918504,0.009660758622027841,False
769,360.4260355249213,545.4994816769415,537.4994816769415,0.006416292478607511,False
770,360.6868488608711,555.5228139553628,545.5228139553628,0.00788898139745189,False
771,360.94769279365084,565.5461276289163,548.5461276289163,0.013254879485213098,False
772,361.20856729888914,572.5694226994194,558.5694226994194,0.010750993597002321,False
773,361.46947235221455,585.5926991687045,570.5926991687045,0.011269443067171177,False
774,361.7304079292559,593.615957038619,584.615957038619,0.006634901522005046,False
775,361.9913740056416,596.6391963110254,587.6391963110254,0.00660102491105269,False
776,362.2523705570005,615.6624169878021,600.6624169878021,0.01071218365818371,False
777,362.5133975589611,625.685619070842,611.685619070842,0.009827902936868726,False
778,362.7744549871521,635.708802562053,623.708802562053,0.008276351677389493,False
779,363.0355428172022,646.7319674633586,630.7319674633586,0.010879485369595224,False
780,363.29666102474,659.7551137766973,643.7551137766973,0.010662073177418135,False
781,363.5578095853941,678.7782415040228,658.7782415040228,0.012988665779445074,False
782,363.81898847479323,693.8013506473039,672.8013506473039,0.013348286327094621,False
783,364.0801976685659,702.8244412085241,682.8244412085241,0.01253779799963502,False
784,364.34143714234096,717.8475131896828,705.8475131896828,0.007321311247043834,False
785,364.60270687174693,729.8705665927939,719.8705665927939,0.0059914333667424775,False
786,364.86400683241243,752.8936014198866,734.8936014198866,0.010509140163138283,False
787,365.1253369999661,775.9166176730052,754.9166176730052,0.011916067753245328,False
788,365.3866973500367,790.9396153542093,773.9396153542093,0.009436251056965786,False
789,365.6480878582528,801.9625944655729,780.9625944655729,0.011523879078294195,False
790,365.90950850024296,822.9855550091859,805.9855550091859,0.009064954183960049,False
791,366.17095925163596,848.008496987153,823.008496987153,0.012995884857313112,False
792,366.43244008806045,868.0314204015936,846.0314204015936,0.011148953335752056,False
793,366.69395098514497,886.0543252546424,865.0543252546424,0.010416967981679008,False
794,366.9554919185182,907.0772115484494,886.0772115484494,0.01017268896456477,False
795,367.21706286380885,930.1000792851796,901.1000792851796,0.013756653493683855,False
796,367.4786637966455,951.1229284670128,923.1229284670128,0.01297711314301238,False
797,367.74029469265685,971.1457590961436,946.1457590961436,0.01132637090967094,False
798,368.0019555274714,1000.1685711747823,975.1685711747823,0.010993507454439716,False
799,368.263646276718,1024.1913647051538,997.1913647051538,0.011602600809609414,False
800,368.5253669160252,1046.2141396894979,1018.2141396894979,0.011781461580833956,False
801,368.7871174210216,1074.2368961300697,1041.2368961300697,0.013550515838055626,False
802,369.0488977673359,1105.2596340291395,1071.2596340291395,0.013569568498813698,False
803,369.3107079305968,1125.2823533889919,1092.2823533889919,0.012926590974539607,False
804,369.57254788643274,1147.305054211927,1123.305054211927,0.00918119382434314,False
805,369.83441761047266,1179.32773650026,1146.32773650026,0.012325712084539663,False
806,370.0963170783449,1216.3504002563207,1182.3504002563207,0.01231249965815726,False
807,370.35824626567836,1241.3730454824538,1205.3730454824538,0.012780835551442667,False
808,370.62020514810155,1272.3956721810196,1244.3956721810196,0.0096636912362296,False
809,370.8821937012431,1299.4182803543927,1268.4182803543927,0.010486479751770118,False
810,371.14421190073176,1337.440870004963,1296.440870004963,0.013521876784316295,False
811,371.40625972219607,1365.463441135135,1321.463441135135,0.014224924161032538,False
812,371.6683371412648,1401.485993747329,1356.485993747329,0.014173447981383593,False
813,371.9304441335664,1428.508527843979,1384.508527843979,0.013587202242256277,False
814,372.1925806747297,1465.531043427535,1424.531043427535,0.012323104421977683,False
815,372.45474674038326,1496.5535405004612,1447.5535405004612,0.014457622817939058,False
816,372.7169423061558,1524.5760190652368,1482.5760190652368,0.012132113168677934,False
817,372.9791673476758,1562.5984791243566,1520.5984791243566,0.01183284549803896,False
818,373.2414218405721,1594.6209206803296,1559.6209206803296,0.009638405374703762,False
819,373.50370576047317,1631.6433437356798,1586.6433437356798,0.012145919482073374,False
820,373.7660190830078,1667.665748292946,1617.665748292946,0.01322021896035785,False
821,374.0283617838046,1695.6881343546827,1650.6881343546827,0.011680951727911476,False
822,374.2907338384921,1737.710501923458,1689.710501923458,0.012165122481476448,False
823,374.5531352226991,1771.7328510018558,1724.7328510018558,0.011676402365316219,False
824,374.8155659120542,1812.7551815924744,1762.7551815924744,0.012147155238515207,False
825,375.078025882186,1851.7774936979274,1802.7774936979274,0.011646673828109213,False
826,375.34051510872314,1886.7997873208428,1840.7997873208428,0.010719263136381923,False
827,375.60303356729435,1925.8220624638639,1875.8220624638639,0.011424518227351278,False
828,375.86558123352813,1974.844319129648,1922.844319129648,0.011588741511300613,False
829,376.12815808305334,2012.8665573208682,1955.8665573208682,0.012475763453577069,False
830,376.39076409149845,2056.8887770402116,2000.8887770402118,0.011987860276161928,False
831,376.6533992344921,2085.9109782903815,2026.9109782903813,0.012461094887013465,False
832,376.9160634876631,2132.9331610740937,2073.9331610740937,0.012182490547045486,False
833,377.17875682663987,2165.9553253940812,2107.9553253940812,0.011788092212545365,False
834,377.4414792270512,2206.9774712530907,2148.9774712530907,0.011566037320868083,False
835,377.70423066452577,2249.999598653883,2187.999598653883,0.012135202645124956,False
836,377.9670111146922,2300.021707599235,2235.021707599235,0.01245018934313646,False
837,378.229820553179,2336.0437980919373,2272.0437980919373,0.012064282034845846,False
838,378.49265895561496,2380.0658701347966,2319.0658701347966,0.01127589225423514,False
839,378.75552629762865,2424.0879237306326,2358.0879237306326,0.01198837383328403,False
840,379.01842255484877,2469.109958882281,2397.109958882281,0.01285247494879657,False
841,379.2813477029039,2507.1319755925924,2437.1319755925924,0.012298148109929343,False
842,379.54430171742274,2549.153973864431,2477.153973864431,0.012443066380773775,False
843,379.80728457403393,2586.175953700677,2512.175953700677,0.012608015044314401,False
844,380.07029624836605,2638.197915104224,2557.197915104224,0.013543031112826478,False
845,380.3333367160479,2681.2198580779823,2603.2198580779823,0.01282157875130338,False
846,380.596405952708,2728.2417826248743,2651.2417826248743,0.012433520340984824,False
847,380.85950393397496,2769.2636887478393,2693.2636887478393,0.012085435287314351,False
848,381.12263063547755,2819.285576449831,2738.285576449831,0.012660330650395051,False
849,381.3857860328443,2862.307445733816,2780.307445733816,0.012623457548654134,False
850,381.64897010170387,2910.3292966027775,2829.3292966027775,0.012258634572001135,False
851,381.912182817685,2955.3511290597135,2872.3511290597135,0.012371558450398251,False
852,382.1754241564163,3001.3729431076345,2926.3729431076345,0.010990290409433516,False
853,382.4386940935263,3048.3947387495687,2965.3947387495687,0.011988690710849143,False
854,382.7019926046438,3093.416515988556,3015.416515988556,0.011091090717943689,False
855,382.9653196653974,3139.4382748276535,3059.4382748276535,0.011210253133727033,False
856,383.22867525141567,3203.4600152699313,3111.4600152699313,0.012655083286629972,False
857,383.4920593383273,3237.481737318474,3152.481737318474,0.011554747899142789,False
858,383.755471901761,3294.5034409763825,3209.5034409763825,0.011352119850089736,False
859,384.01891291734535,3340.525126246771,3247.525126246771,0.012262222797424126,False
860,384.282382360709,3392.5467931327685,3298.5467931327685,0.012203197208092265,False
861,384.54588020748054,3437.568441637519,3341.568441637519,0.012300992960645948,False
862,384.8094064332887,3481.59007176418,3393.59007176418,0.01111825462405328,False
863,385.07296101376215,3535.6116835159255,3441.6116835159255,0.011702692985914987,False
864,385.33654392452945,3598.633276895943,3499.633276895943,0.012115054154002389,False
865,385.6001551412193,3650.6548519074336,3541.6548519074336,0.013164539660669241,False
866,385.86379463946037,3693.676408553615,3591.676408553615,0.012161643514695964,False
867,386.1274623948812,3746.6979468377185,3642.6979468377185,0.012225521376933826,False
868,386.3911583831105,3806.719466762989,3696.719466762989,0.012734378514262878,False
869,386.65488257977694,3852.7409683326887,3742.7409683326887,0.012580040004005512,False
870,386.91863496050905,3910.762451550091,3801.762451550091,0.012276459715285291,False
871,387.1824155009357,3959.783916418486,3844.783916418486,0.012799550608847582,False
872,387.4462241766853,4006.805362941178,3891.805362941178,0.012647134193497323,False
873,387.7100609633866,4045.826791121485,3942.826791121485,0.011199587050113115,False
874,387.9739258366683,4088.8482009627405,3981.8482009627405,0.011516288109461717,False
875,388.2378187721589,4131.8695924682925,4016.8695924682925,0.012258873522765973,False
876,388.50173974548716,4170.890965641502,4058.890965641502,0.011821451797945942,False
877,388.7656887322817,4203.912320485748,4097.912320485748,0.011090987585922998,False
878,389.02966570817114,4269.933657004419,4163.933657004419,0.010917325958968044,False
879,389.2936706487842,4340.954975200922,4223.954975200922,0.011866001083706269,False
880,389.5577035297494,4394.976275078677,4277.976275078677,0.011718163291942465,False
881,389.8217643266955,4433.997556641118,4327.997556641118,0.010508442541267012,False
882,390.085853015251,4500.018819891696,4383.018819891696,0.011440994637046713,False
883,390.34996957104477,4547.040064833872,4430.040064833872,0.011321126916996431,False
884,390.6141139697053,4608.0612914711255,4487.0612914711255,0.01155624510795197,False
885,390.8782861868612,4664.082499806949,4548.082499806949,0.010937889801869384,False
886,391.1424861981412,4741.10368984485,4614.10368984485,0.011792103696863284,False
887,391.406713979174,4807.124861588349,4676.124861588349,0.011999303611691204,False
888,391.6709695055881,4879.14601504098,4742.14601504098,0.012368892981354783,False
889,391.9352527530122,4954.167150206296,4813.167150206296,0.012539711309308624,False
890,392.19956369707495,5017.188267087861,4879.188267087861,0.012112821973406476,False
891,392.4639023134051,5071.209365689254,4923.209365689254,0.012863235748896867,False
892,392.72826857763107,5120.230446014068,4979.230446014068,0.01212728117094431,False
893,392.9926624653817,5160.25150806591,5022.25150806591,0.011772411592654776,False
894,393.2570839522856,5210.272551848403,5075.272551848403,0.011401072389468823,False
895,393.52153301397135,5270.293577365184,5138.293577365184,0.011015893767251116,False
896,393.78600962606765,5340.314584619904,5204.314584619904,0.011203300554602325,False
897,394.0505137642031,5399.3355736162275,5260.3355736162275,0.011326870036761336,False
898,394.31504540400636,5469.356544357835,5330.356544357835,0.01117997602087022,False
899,394.57960452110615,5523.37749684842,5382.37749684842,0.0112305721750035,False
900,394.844191091131,5601.398431091691,5450.398431091691,0.011868214495925683,False
901,395.10880508970956,5655.419347091371,5502.419347091371,0.011911127712057046,False
902,395.3734464924706,5723.440244851196,5566.440244851196,0.012079601635898,False
903,395.63811527504265,5791.461124374919,5637.461124374919,0.011704585429405124,False
904,395.9028114130544,5857.481985666304,5711.481985666304,0.010962150280815468,False
905,396.1675348821345,5933.5028287291325,5781.5028287291325,0.011270411278750473,False
906,396.4322856579115,6003.5236535671975,5847.5236535671975,0.01143423883980229,False
907,396.6970637160142,6076.544460184309,5917.544460184309,0.011515150257843462,False
908,396.96186903207115,6156.565248584288,5996.565248584288,0.011435922979508302,False
909,397.22670158171104,6237.586018770973,6073.586018770973,0.011571361086608644,False
910,397.4915613405625,6326.606770748216,6151.606770748216,0.01218227552462089,False
911,397.75644828425413,6402.627504519881,6224.627504519881,0.012244868540155357,False
912,398.0213623884146,6475.648220089848,6298.648220089848,0.012035894671253015,False
913,398.2863036286726,6544.668917462012,6377.668917462012,0.011225711241122621,False
914,398.55127198065674,6623.689596640283,6458.689596640283,0.010955559145471435,False
915,398.81626741999565,6710.71025762858,6536.71025762858,0.011409252963333501,False
916,399.081289922318,6797.730900430843,6619.730900430843,0.011523633077212757,False
917,399.34633946325243,6877.751525051021,6691.751525051021,0.011906675287185697,False
918,399.6114160184276,6966.77213149308,6786.77213149308,0.011368338074534544,False
919,399.87651956347213,7048.7927197610015,6875.7927197610015,0.010791963872941311,False
920,400.1416500740146,7132.813289858776,6950.813289858776,0.011225233167709922,False
921,400.4068075256838,7221.833841790414,7034.833841790414,0.011393647925052043,False
922,400.6719918941083,7325.854375559937,7128.854375559937,0.011838538175757725,False
923,400.9372031549168,7433.874891171379,7238.874891171379,0.01154417701649665,False
924,401.2024412837378,7544.895388628794,7342.895388628794,0.011785881552446463,False
925,401.4677062562,7635.915867936244,7425.915867936244,0.01211111014748445,False
926,401.7329980479322,7746.936329097809,7531.936329097809,0.012223346510211765,False
927,401.9983166345629,7841.956772117581,7618.956772117581,0.012528934460956613,False
928,402.2636619917207,7952.977196999668,7734.977196999668,0.012070699512168633,False
929,402.5290340950344,8065.997603748191,7845.997603748191,0.012009917495786936,False
930,402.7944329201325,8175.017992367286,7955.017992367286,0.011847550915510315,False
931,403.05985844264376,8285.0383628611,8071.0383628611,0.01136511212676367,False
932,403.3253106381968,8414.0587152338,8192.0587152338,0.011612481920974244,False
933,403.5907894824202,8538.07904948956,8310.07904948956,0.011755016363124784,False
934,403.8562949509426,8683.099365632574,8440.099365632574,0.012327211306953675,False
935,404.12182701939275,8788.119663667047,8557.119663667047,0.011568356619434639,False
936,404.3873856633992,8907.1399435972,8657.1399435972,0.012363837750630718,False
937,404.65297085859066,9003.160205427266,8742.160205427266,0.012776217265088161,False
938,404.91858258059574,9060.180449161493,8807.180449161493,0.012299952851711933,False
939,405.1842208050431,9125.200674804142,8878.200674804142,0.01191746672395448,False
940,405.44988550756136,9220.220882359494,8968.220882359494,0.012035029112865024,False
941,405.71557666377913,9329.241071831833,9069.241071831833,0.012275369443361855,False
942,405.9812942493252,9437.261243225466,9183.261243225466,0.01184903820039079,False
943,406.24703823982804,9531.281396544713,9282.281396544713,0.011496561502649614,False
944,406.5128086109164,9642.301531793903,9395.301531793903,0.011269985654140259,False
945,406.7786053382189,9763.321648977384,9502.321648977384,0.011767870226349354,False
946,407.0444283973642,9879.341748099516,9625.341748099516,0.01131185079485311,False
947,407.3102777639809,9982.361829164674,9723.361829164674,0.011416860450251254,False
948,407.5761534136977,10117.381892177245,9854.381892177245,0.01143875453309898,False
949,407.8420553221432,10215.401937141633,9953.401937141633,0.011283917083938715,False
950,408.1079834649461,10295.421964062252,10024.421964062252,0.011584811748013853,False
951,408.37393781773494,10396.441972943536,10125.441972943536,0.011470744780351875,False
952,408.63991835613854,10492.461963789923,10222.461963789923,0.011321900239674599,False
953,408.90592505578536,10597.481936605876,10320.481936605876,0.011502706927725122,False
954,409.1719578923042,10702.501891395868,10418.501891395868,0.01168003835050581,False
955,409.4380168413236,10804.521828164381,10525.521828164381,0.011361914990674056,False
956,409.70410187847216,10903.541746915917,10604.541746915917,0.012075684589568475,False
957,409.97021297937874,10990.56164765499,10689.56164765499,0.012059990385244572,False
958,410.2363501196717,11093.581530386125,10793.581530386125,0.011906203132365246,False
959,410.50251327497995,11194.601395113868,10892.601395113868,0.011877023006644985,False
960,410.76870242093196,11307.621241842773,10995.621241842773,0.012151481403692828,False
961,411.03491753315643,11408.64107057741,11101.64107057741,0.01184673496571437,False
962,411.3011585872821,11493.660881322361,11203.660881322361,0.01109842431348671,False
963,411.5674255589374,11568.680674082221,11279.680674082221,0.010987028557118778,False
964,411.8337184237512,11680.700448861608,11387.700448861608,0.011032852010716283,False
965,412.10003715735184,11788.72020566514,11487.72020566514,0.011232810872201961,False
966,412.36638173536835,11895.73994449746,11576.73994449746,0.011805183832439378,False
967,412.63275213342916,11987.759665363219,11668.759665363219,0.011713332454830987,False
968,412.89914832716295,12076.779368267084,11749.779368267084,0.011921420498866471,False
969,413.16557029219837,12170.799053213734,11846.799053213734,0.011718070070224957,False
970,413.4320180041641,12251.818720207864,11941.818720207864,0.011130088097149892,False
971,413.6984914386887,12345.838369254185,12032.838369254185,0.011152503826383518,False
972,413.9649905714008,12439.858000357413,12120.858000357413,0.011282059593991752,False
973,414.2315153779291,12527.877613522289,12200.877613522289,0.011486431298038901,False
974,414.4980658339024,12606.897208753559,12295.897208753559,0.01084798790513837,False
975,414.76464191494904,12712.916786055986,12381.916786055986,0.011457323306357929,False
976,415.0312435966979,12824.93634543435,12471.93634543435,0.012121332612543327,False
977,415.2978708547775,12883.955886893438,12533.955886893438,0.011961067305972671,False
978,415.56452366481653,12979.975410438057,12635.975410438057,0.011665097629281905,False
979,415.83120200244366,13062.994916073025,12711.994916073025,0.011829047316843144,False
980,416.09790584328744,13139.014403803172,12777.014403803172,0.012133404353234883,False
981,416.3646351629767,13218.033873633347,12857.033873633347,0.012026072380628628,False
982,416.6313899371399,13308.053325568406,12952.053325568406,0.011775908619481853,False
983,416.8981701414058,13382.072759613224,13029.072759613224,0.011609877485842772,False
984,417.16497575140295,13472.092175772688,13118.092175772688,0.011564367402985902,False
985,417.43180674276005,13566.111574051698,13196.111574051698,0.012009405705571546,False
986,417.6986630911058,13649.130954455168,13286.130954455168,0.011706471815727091,False
987,417.9655447720687,13726.150316988025,13359.150316988025,0.01176991404586687,False
988,418.2324517612775,13774.169661655214,13415.169661655214,0.011469258486422154,False
989,418.4993840343609,13860.188988461687,13505.188988461687,0.011268486089769887,False
990,418.7663415669474,13942.208297412413,13577.208297412413,0.011521085966722378,False
991,419.0333243346657,14003.227588512378,13646.227588512378,0.011215537209512405,False
992,419.3003323131445,14106.246861766575,13749.246861766575,0.011132570200250855,False
993,419.5673654780124,14188.266117180015,13808.266117180015,0.011790177257164004,False
994,419.83442380489805,14287.285354757722,13895.285354757722,0.012082248909535943,False
995,420.1015072694301,14361.304574504731,13963.304574504731,0.012205681646000964,False
996,420.3686158472372,14447.323776426096,14044.323776426096,0.012286572703400982,False
997,420.6357495139479,14517.34296052688,14129.34296052688,0.011765169951095776,False
998,420.9029082451911,14615.36212681216,14224.36212681216,0.011776780272691521,False
999,421.17009201659516,14666.381275287029,14271.381275287029,0.01185696202541802,False
1000,421.43730080378884,14768.40040595659,14364.40040595659,0.01204595605307559,False
1001,421.7045345824008,14797.419518825965,14404.419518825965,0.01169022516908798,False
1002,421.9717933280597,14892.438613900285,14496.438613900285,0.011704497793652912,False
1003,422.23907701639416,14955.457691184696,14569.457691184696,0.011356321926532974,False
1004,422.50638562303277,15044.476750684356,14655.476750684356,0.01137713666541589,False
1005,422.7737191236043,15125.495792404441,14725.495792404441,0.011639693161018738,False
1006,423.04107749373725,15207.514816350134,14823.514816350134,0.011107056467007336,False
1007,423.30846070906034,15273.533822526637,14870.533822526637,0.011612971862269169,False
1008,423.57586874520223,15379.552810939163,14968.552810939163,0.011763893800475739,False
1009,423.84330157779164,15456.571781592942,15049.571781592942,0.011589032378426966,False
1010,424.11075918245695,15547.59073449321,15131.59073449321,0.011778513623418285,False
1011,424.37824153482717,15627.609669645222,15210.609669645222,0.011745933591640235,False
1012,424.64574861053063,15668.628587054249,15245.628587054249,0.011885650746814237,False
1013,424.9132803851961,15745.64748672557,15323.64748672557,0.0117983715512645,False
1014,425.1808368344523,15841.666368664479,15413.666368664479,0.01189490827171461,False
1015,425.4484179339277,15900.685232876283,15480.685232876283,0.011625660182877884,False
1016,425.7160236592511,15960.704079366307,15554.704079366307,0.01119029231780914,False
1017,425.9836539860511,16042.722908139884,15618.722908139884,0.011632562223780327,False
1018,426.2513088899563,16116.741719202362,15698.741719202362,0.011412401764881312,False
1019,426.5189883465954,16190.760512559104,15778.760512559104,0.01119436434650286,False
1020,426.786692331597,16304.779288215483,15875.779288215483,0.01157987176561814,False
1021,427.0544208205897,16379.79804617689,15959.79804617689,0.01128115132050232,False
1022,427.32217378920234,16455.816786448726,16042.816786448724,0.01103881966253462,False
1023,427.5899512130635,16536.835509036406,16108.835509036406,0.011388259661878494,False
1024,427.8577530678016,16618.85421394536,16175.854213945358,0.011733853915196808,False
1025,428.12557932904554,16719.87290118103,16262.872901181028,0.01203570387292938,False
1026,428.39342997242386,16811.89157074887,16358.89157074887,0.01186270649010843,False
1027,428.66130497356517,16880.91022265435,16428.91022265435,0.011787103805976156,False
1028,428.9292043080982,16964.928856902956,16508.928856902956,0.011833146755083927,False
1029,429.1971279516516,17041.94747350018,16582.94747350018,0.01185749728365048,False
1030,429.4650758798539,17107.966072451527,16653.966072451527,0.011680704741284662,False
1031,429.7330480683338,17190.984653762527,16724.984653762527,0.011935024682157283,False
1032,430.0010444927201,17304.003217438712,16836.003217438712,0.011907587110367726,False
1033,430.26906512864116,17373.021763485634,16905.021763485634,0.011859629489754015,False
1034,430.5371099517258,17466.040291908852,17002.040291908852,0.01169341663927502,False
1035,430.8051789376028,17567.058802713942,17097.058802713942,0.011777649639987675,False
1036,431.0732720619005,17648.077295906493,17181.077295906493,0.011647005560590085,False
1037,431.3413893002478,17718.09577149211,17242.09577149211,0.01182699178459528,False
1038,431.6095306282731,17819.114229476403,17341.114229476403,0.011809112856605459,False
1039,431.8776960216053,17930.132669865005,17448.132669865005,0.011834548219859466,False
1040,432.1458854558729,18000.15109266356,17519.15109266356,0.011763092387323112,False
1041,432.41409890670445,18093.16949787772,17604.16949787772,0.011899110285936564,False
1042,432.68233634972887,18200.18788551315,17707.18788551315,0.011926275871713497,False
1043,432.9505977605746,18263.20625557554,17791.20625557554,0.01137162931233964,False
1044,433.2188831148703,18370.224608070577,17914.224608070577,0.010916451261381452,False
1045,433.4871923882447,18501.242943003977,18023.242943003977,0.011367969195115716,False
1046,433.75552555632635,18597.261260381456,18103.261260381456,0.011692173167117143,False
1047,434.0238825947439,18692.27956020875,18188.27956020875,0.011870646831474672,False
1048,434.2922634791262,18795.297842491607,18305.297842491607,0.011472412607516835,False
1049,434.5606681851016,18903.316107235787,18403.316107235787,0.011641910898293183,False
1050,434.82909668829893,19013.334354447066,18498.334354447066,0.01192566046331089,False
1051,435.09754896434674,19112.352584131233,18593.352584131233,0.011956443806474173,False
1052,435.36602498887373,19187.370796294083,18675.370796294083,0.011746234967990654,False
1053,435.6345247375086,19282.388990941432,18755.388990941432,0.012034763856300259,False
1054,435.9030481858799,19377.40716807911,18845.40716807911,0.012090139858282611,False
1055,436.17159530961624,19483.425327712954,18959.425327712954,0.011840141921424395,False
1056,436.4401660843464,19574.44346984882,19054.44346984882,0.01169315458163645,False
1057,436.7087604856989,19664.461594492568,19148.461594492568,0.011548172013266602,False
1058,436.9773784893025,19794.479701650085,19260.479701650085,0.011876991333098613,False
1059,437.2460200707857,19900.497791327256,19374.497791327256,0.011633486068682334,False
1060,437.51468520577725,20012.515863529992,19500.515863529992,0.0112555889129411,False
1061,437.78337386990586,20109.533918264213,19599.533918264213,0.011156261154213693,False
1062,438.0520860388001,20211.551955535844,19698.551955535844,0.011165360083602036,False
1063,438.3208216880885,20346.569975350834,19814.569975350834,0.011506554850815113,False
1064,438.5895807933998,20446.58797771514,19903.58797771514,0.011689472727289507,False
1065,438.85836333036275,20565.605962634734,20016.605962634734,0.011751070514917344,False
1066,439.12716927460576,20634.6239301156,20081.6239301156,0.011797728430903893,False
1067,439.3959986017577,20742.64188016373,20201.64188016373,0.011477401371024704,False
1068,439.66485128744716,20885.65981278514,20316.65981278514,0.011995891179687253,False
1069,439.9337273073028,20986.67772798585,20440.67772798585,0.011448402429487,False
1070,440.202626636953,21083.6956257719,20517.6956257719,0.011818155015497893,False
1071,440.4715492520269,21236.71350614933,20665.71350614933,0.011836903874882967,False
1072,440.7404951281527,21350.731369124216,20784.731369124216,0.011668340501280414,False
1073,441.00946424095923,21482.74921470262,20918.74921470262,0.011554145210879715,False
1074,441.2784565660752,21568.76704289064,20993.76704289064,0.011734946050856815,False
1075,441.5474720791291,21692.784853694364,21121.784853694364,0.01158469440801105,False
1076,441.8165107557496,21813.80264711992,21251.80264711992,0.011335605465984631,False
1077,442.08557257156554,21912.820423173427,21348.820423173427,0.011324395532780517,False
1078,442.3546575022053,21999.838181861025,21431.838181861025,0.011360064881944652,False
1079,442.6237655232977,22094.85592318887,21519.85592318887,0.011451814572062536,False
1080,442.8928966104713,22190.873647163124,21609.873647163124,0.01152217302220131,False
1081,443.16205073935487,22292.891353789968,21707.891353789968,0.011548760156286158,False
1082,443.43122788557696,22423.909043075597,21831.909043075597,0.011619609858379128,False
1083,443.7004280247661,22477.926715026206,21912.926715026206,0.011055864655490404,False
1084,443.9696511325511,22590.94436964802,22021.94436964802,0.011078724902309598,False
1085,444.2388971845605,22699.962006947266,22096.962006947266,0.011692561347538379,False
1086,444.50816615642316,22793.979626930188,22204.979626930188,0.011369776725063155,False
1087,444.7774580237674,22872.99722960304,22284.99722960304,0.011310492941943326,False
1088,445.0467727622221,23023.014814972095,22405.014814972095,0.011816957539409737,False
1089,445.3161103474158,23110.03238304363,22505.03238304363,0.011520911844819822,False
1090,445.5854707549772,23213.049933823942,22605.049933823942,0.011526734904055902,False
1091,445.854853960535,23312.067467319335,22708.067467319335,0.011400615441105244,False
1092,446.1242599397177,23433.084983536137,22819.084983536137,0.011531241789550886,False
1093,446.393688668154,23521.10248248067,22908.10248248067,0.011468556836874082,False
1094,446.6631401214727,23627.11996415929,22990.11996415929,0.011869548928530583,False
1095,446.93261427530217,23696.137428578346,23077.137428578346,0.011495623557602712,False
1096,447.20211110527123,23787.154875744218,23160.154875744218,0.01160104096405555,False
1097,447.4716305870086,23920.172305663284,23276.172305663284,0.011852740239028606,False
1098,447.7411726961426,23985.189718341946,23337.189718341946,0.011894601208168902,False
1099,448.01073740830225,24094.207113786608,23442.207113786608,0.011914140564809822,False
1100,448.2803246991159,24141.224492003694,23496.224492003694,0.011761211667599037,False
1101,448.5499345442124,24238.24185299964,23579.24185299964,0.011971277572226312,False
1102,448.8195669192204,24352.259196780895,23672.259196780895,0.012299550153044826,False
1103,449.0892217997683,24396.276523353918,23728.276523353918,0.012057352419032911,False
1104,449.35889916148506,24518.293832725183,23868.293832725183,0.011668869796393706,False
1105,449.6285989799992,24610.311124901174,23957.311124901174,0.011679031177336261,False
1106,449.89832123093925,24628.328399888393,23968.328399888393,0.011797189435417264,False
1107,450.1680658899339,24764.345657693346,24100.345657693346,0.011803585751323106,False
1108,450.43783293261197,24832.362898322564,24179.362898322564,0.011573192915452404,False
1109,450.70762233460187,24917.38012178258,24279.38012178258,0.0112647829870693,False
1110,450.97743407153246,25006.397328079944,24357.397328079944,0.011420246850164477,False
1111,451.24726811903224,25061.414517221216,24396.414517221216,0.011679576008325771,False
1112,451.51712445272995,25139.431689212972,24470.431689212972,0.011713824727303144,False
1113,451.78700304825406,25198.4488440618,24514.4488440618,0.011951673988106929,False
1114,452.0569038812333,25266.4659817743,24584.4659817743,0.011883722357427663,False
1115,452.32682692729657,25305.483102357084,24602.483102357084,0.012235690566607386,False
1116,452.59677216207206,25422.500205816777,24734.500205816777,0.011915120243485318,False
1117,452.86673956118875,25462.517292160017,24782.517292160017,0.0117559190651105,False
1118,453.13672910027526,25547.534361393456,24860.534361393456,0.01183853265973671,False
1119,453.4067407549601,25605.551413523754,24925.551413523754,0.011689358033409597,False
1120,453.67677450087194,25715.568448557588,25021.568448557588,0.011881599476390078,False
1121,453.94683031363945,25764.585466501645,25070.585466501645,0.011858683333515068,False
1122,454.21690816889134,25834.60246736263,25133.60246736263,0.011947041522186733,False
1123,454.4870080422562,25885.61945114725,25185.61945114725,0.011905925263250686,False
1124,454.7571299093627,25962.636417862235,25264.636417862235,0.011835738793756469,False
1125,455.02727374583947,26009.653367514322,25318.653367514322,0.011693961381254947,False
1126,455.2974395273151,26093.67030011026,25398.67030011026,0.011724190127335544,False
1127,455.56762722941824,26162.687215656817,25456.687215656817,0.011880462642336982,False
1128,455.83783682777766,26203.704114160762,25479.704114160762,0.012168306439544722,False
1129,456.10806829802186,26275.72099562889,25551.72099562889,0.012134485064849836,False
1130,456.37832161577956,26349.737860068,25612.737860068,0.012320294369789042,False
1131,456.64859675667935,26446.754707484903,25719.754707484903,0.012105564828991212,False
1132,456.91889369635,26524.771537886427,25811.771537886427,0.011833839465517996,False
1133,457.18921241042005,26606.788351279407,25863.788351279407,0.012300317257041877,False
1134,457.4595528745182,26667.805147670697,25923.805147670697,0.012288524742050508,False
1135,457.729915064273,26715.821927067158,25978.821927067158,0.012149086992035159,False
1136,458.00029895531316,26833.83868947567,26086.83868947567,0.012261352008126804,False
1137,458.27070452326734,26889.855434903115,26137.855434903115,0.012318515770543083,False
1138,458.54113174376414,27003.872163356395,26247.872163356395,0.012331941154814246,False
1139,458.8115805924323,27056.888874842425,26299.888874842425,0.012323944496068785,False
1140,459.08205104490037,27125.90556936813,26372.90556936813,0.012226265810515058,False
1141,459.352543076797,27234.92224694044,26476.92224694044,0.012258639671625438,False
1142,459.62305666375096,27273.93890756632,26530.93890756632,0.011995243794808064,False
1143,459.89359178139057,27299.95555125272,26537.95555125272,0.01229447759090478,False
1144,460.1641484053449,27396.972178006617,26658.972178006617,0.011859167278700766,False
1145,460.4347265112424,27461.988787835002,26711.988787835002,0.012025761743107705,False
1146,460.7053260747116,27491.00538074487,26752.00538074487,0.011834279720506352,False
1147,460.97594707138126,27565.021956743236,26831.021956743236,0.011721128083150534,False
1148,461.24658947688,27675.03851583712,26929.03851583712,0.011867386485888733,False
1149,461.51725326683663,27792.055058033566,27045.055058033566,0.011832791561027388,False
1150,461.78793841687957,27878.071583339613,27156.071583339613,0.011395784103524835,False
1151,462.0586449026375,27969.08809176233,27229.08809176233,0.01164520983718981,False
1152,462.3293726997391,28104.104583308785,27344.104583308785,0.011906046488475,False
1153,462.60012178381305,28108.121057986064,27349.121057986064,0.011888441716712352,False
1154,462.87089213048796,28206.137515801267,27423.137515801267,0.012226477453806535,False
1155,463.14168371539256,28287.153956761504,27503.153956761504,0.012206754251031597,False
1156,463.41249651415535,28358.170380873897,27566.170380873897,0.012301771390836568,False
1157,463.68333050240506,28438.186788145576,27629.186788145576,0.012533799946500791,False
1158,463.9541856557704,28519.203178583695,27689.203178583695,0.012826929150952363,False
1159,464.2250619498798,28599.219552195413,27816.219552195413,0.012056076216470066,False
1160,464.4959593603621,28738.235908987892,27932.235908987892,0.01235440420239423,False
1161,464.76687786284594,28808.252248968325,28010.252248968325,0.012199891200235445,False
1162,465.03781743295986,28883.268572143905,28081.268572143905,0.012229615402356639,False
1163,465.30877804633246,29065.284878521834,28253.284878521834,0.012305635479776748,False
1164,465.5797596785926,29109.30116810934,28287.30116810934,0.012440265072585105,False
1165,465.8507623053688,29230.317440913655,28404.317440913655,0.01244917422493608,False
1166,466.1217859022896,29273.333696942016,28475.333696942016,0.012003361248939986,False
1167,466.39283044498393,29342.34993620169,28536.34993620169,0.012096470135306002,False
1168,466.6638959090802,29442.366158699933,28595.366158699933,0.01267704749873822,False
1169,466.934982270207,29553.382364444034,28718.382364444034,0.012447219245349105,False
1170,467.2060895039932,29661.398553441286,28813.398553441286,0.012597137897832745,False
1171,467.47721758606735,29770.41472569899,28929.41472569899,0.012445237283035067,False
1172,467.74836649205804,29973.430881224467,29114.430881224467,0.01262815182031311,False
1173,468.019536197594,30098.447020025043,29228.447020025043,0.012738347191893847,False
1174,468.2907266783038,30228.463142108063,29364.463142108063,0.0125940023606361,False
1175,468.56193790981615,30379.47924748088,29513.47924748088,0.012559915020335202,False
1176,468.8331698677596,30471.495336150852,29617.495336150852,0.01234543825915217,False
1177,469.10442252776295,30554.511408125367,29713.511408125367,0.012121365593652136,False
1178,469.37569586545465,30708.527463411807,29843.527463411807,0.012408836797320829,False
1179,469.6469898564635,30830.54350201758,29933.54350201758,0.012823049619264976,False
1180,469.91830447641803,30978.55952395009,30106.55952395009,0.012400090937225001,False
1181,470.18963970094705,31061.575529216774,30167.575529216774,0.012683071841158126,False
1182,470.4609955056791,31240.59151782506,30342.59151782506,0.01266657782026916,False
1183,470.73237186624283,31357.607489782404,30453.607489782404,0.01270417374433296,False
1184,471.0037687582668,31492.623445096266,30573.623445096266,0.012861928025819584,False
1185,471.2751861573797,31618.63938377412,30708.63938377412,0.012682602934862513,False
1186,471.5466240392104,31732.65530582345,30820.65530582345,0.012664545842080873,False
1187,471.8180823793872,31816.671211251753,30894.671211251753,0.012771162337499524,False
1188,472.08956115353897,31922.68710006654,31004.68710006654,0.012672088266253562,False
1189,472.36106033729425,32090.702972275336,31163.702972275336,0.01273017441868261,False
1190,472.63257990628176,32226.718827885667,31296.718827885667,0.01271728178779935,False
1191,472.9041198361301,32355.734666905082,31418.734666905082,0.01276257470229349,False
1192,473.17568010246794,32534.75048934114,31572.75048934114,0.013035062950653662,False
1193,473.4472606809238,32613.76629520141,31661.76629520141,0.012865815876675842,False
1194,473.7188615471266,32746.78208449347,31769.78208449347,0.013154393853129,False
1195,473.9904826767047,32910.79785722491,31935.797857224916,0.013060640353932321,False
1196,474.2621240452869,33045.81361340335,32044.81361340335,0.013358699121466791,False
1197,474.53378562850185,33130.82935303639,32137.82935303639,0.013215767182201386,False
1198,474.80546740197815,33217.84507613166,32223.845076131667,0.013194094367091872,False
1199,475.0771693413444,33369.86078269682,32368.86078269682,0.01322698006383709,False
1200,475.34889142222926,33521.876472739496,32522.8764727395,0.013139371760985475,False
1201,475.6206336202615,33640.89214626737,32662.892146267368,0.012812867789156373,False
1202,475.8923959110697,33771.90780328811,32767.907803288108,0.01310688196833192,False
1203,476.1641782702824,33860.9234438094,32855.9234438094,0.013085119953003765,False
1204,476.4359806735283,34064.93906783895,33055.93906783895,0.013058117147669761,False
1205,476.7078030964361,34275.95467538447,33254.95467538447,0.013133199620424186,False
1206,476.9796455146345,34399.970266453674,33396.970266453674,0.012850997272046215,False
1207,477.251507903752,34564.98584105431,33544.98584105431,0.013008770415990554,False
1208,477.52339023941727,34575.00139919411,33543.00139919411,0.013160286047456936,False
1209,477.7952924972591,34746.01694088084,33689.01694088084,0.013416688785445824,False
1210,478.0672146529058,34840.03246612228,33801.03246612228,0.013148584858820265,False
1211,478.33915668198654,35034.04797492619,33963.04797492619,0.013483661766670997,False
1212,478.6111185601295,35141.06346730038,34068.06346730038,0.013467452683503809,False
1213,478.88310026296347,35254.07894325265,34185.07894325265,0.013372785527691972,False
1214,479.15510176611724,35335.09440279082,34269.09440279082,0.013303628043857612,False
1215,479.4271230452191,35421.10984592272,34369.10984592272,0.01309388064078294,False
1216,479.6991640758981,35526.12527265619,34502.12527265619,0.01270199517886979,False
1217,479.9712248337827,35660.14068299907,34582.14068299907,0.013331178972651252,False
1218,480.2433052945016,35822.15607695924,34720.15607695924,0.013570052988086804,False
1219,480.5154054336833,35915.171454544565,34821.171454544565,0.013434566471198062,False
1220,480.78752522695663,36074.18681576294,34949.18681576294,0.013759474808362938,False
1221,481.05966464995015,36211.20216062226,35120.20216062226,0.013285935869651034,False
1222,481.3318236782925,36328.21748913044,35227.21748913044,0.013365748239327565,False
1223,481.6040022876123,36410.232801295395,35306.232801295395,0.013372075230518433,False
1224,481.8762004535382,36490.24809712506,35378.24809712506,0.01344049295523092,False
1225,482.14841815169893,36544.26337662739,35443.26337662739,0.01328551026398252,False
1226,482.42065535772304,36642.27863981033,35524.27863981033,0.013457205054527624,False
1227,482.69291204723925,36745.29388668185,35628.29388668185,0.013406699172927666,False
1228,482.9651881958762,36913.30911724993,35779.30911724993,0.013551029271406763,False
1229,483.23748377926245,37051.32433152258,35891.32433152258,0.013814252261923921,False
1230,483.50979877302666,37121.33952950777,35952.33952950777,0.013896482897304578,False
1231,483.78213315279754,37169.35471121354,35991.35471121354,0.013986827708488522,False
1232,484.0544868942037,37252.369876647914,36093.369876647914,0.013726474301856908,False
1233,484.3268599728739,37392.38502581892,36223.38502581892,0.013794134859846357,False
1234,484.59925236443655,37436.40015873461,36289.40015873461,0.013514291173351737,False
1235,484.87166404452046,37497.41527540305,36339.41527540305,0.013623397568952362,False
1236,485.1440949887542,37619.43037583231,36440.43037583231,0.01382871776375423,False
1237,485.4165451727665,37781.44546003047,36577.44546003047,0.014065197927922506,False
1238,485.689014572186,37926.46052800563,36706.46052800563,0.01419980516469102,False
1239,485.9615031626413,37955.4755797659,36751.4755797659,0.013999656690400897,False
1240,486.2340109197611,37972.49061531939,36752.49061531939,0.014182308083801116,False
1241,486.5065378191739,38035.505634674235,36813.505634674235,0.014182018116394612,False
1242,486.77908383650845,38166.52063783858,36932.52063783858,0.014273621124236443,False
1243,487.05164894739335,38248.535624820564,36997.535624820564,0.014442015468176956,False
1244,487.3242331274573,38339.55059562836,37115.55059562836,0.014091110369678824,False
1245,487.596836352329,38392.56555027015,37133.56555027015,0.014480482430812024,False
1246,487.86945859763694,38406.58048875411,37155.58048875411,0.014381590927666896,False
1247,488.1420998390098,38472.59541108844,37217.59541108844,0.014403174962441641,False
1248,488.4147600520764,38513.61031728136,37224.61031728136,0.014784071803362074,False
1249,488.6874392124653,38625.62520734108,37317.62520734108,0.014961523497611784,False
1250,488.9601372958049,38738.64008127584,37400.64008127584,0.015265335898862135,False
1251,489.2328542777242,38744.65493909387,37433.65493909387,0.014949564673034202,False
1252,489.5055901338517,38848.66978080344,37531.66978080344,0.014978266125436906,False
1253,489.7783448398159,38856.684606412804,37565.684606412804,0.014674434321599232,False
1254,490.0511183712457,38924.699415930256,37633.699415930256,0.014648355712487408,False
1255,490.32391070376957,38911.71420936407,37652.71420936407,0.014284075614764047,False
1256,490.5967218130162,39067.728986722555,37796.728986722555,0.014363949701671866,False
1257,490.8695516746143,39117.74374801402,37852.74374801402,0.014276432673069467,False
1258,491.1424002641925,39137.75849324679,37870.75849324679,0.014291945559495686,False
1259,491.41526755737925,39301.77322242919,37985.77322242919,0.014791174225275027,False
1260,491.68815352980346,39289.787935569584,37978.787935569584,0.014738584297318396,False
1261,491.9610581570937,39308.80263267631,38002.80263267631,0.014674189007420823,False
1262,492.2339814148785,39452.81731375775,38144.81731375775,0.01464248221233062,False
1263,492.50692327878664,39449.83197882227,38119.83197882227,0.014894180115137715,False
1264,492.77988372444656,39507.84662787827,38138.84662787827,0.015315803904040533,False
1265,493.0528627274873,39596.86126093415,38243.86126093415,0.01509902789474651,False
1266,493.32586026353715,39708.875877998325,38329.875877998325,0.015350179858513825,False
1267,493.5988763082248,39734.890479079215,38364.890479079215,0.01523805756209011,False
1268,493.87191083717903,39808.90506418525,38429.90506418525,0.01531092096655562,False
1269,494.1449638260285,39760.91963332489,38377.91963332489,0.015374991602235278,False
1270,494.41803525040166,39847.93418650659,38473.93418650659,0.01523921368942497,False
1271,494.6911250859274,40018.94872373881,38609.94872373881,0.01556645091149991,False
1272,494.96423330823404,40082.963245030034,38676.963245030034,0.015507452733307265,False
1273,495.2373598929506,40182.97775038875,38755.97775038875,0.015703418990394714,False
1274,495.5105048157054,40235.99223982348,38802.99223982348,0.015749498803396194,False
1275,495.78366805212727,40227.00671334271,38792.00671334271,0.015775471707688334,False
1276,496.0568495778449,40342.02117095498,38906.02117095498,0.01574083417989435,False
1277,496.3300493684868,40432.03561266881,38984.03561266881,0.015838811994194554,False
1278,496.6032673996816,40501.05003849277,39045.05003849277,0.015900299229239544,False
1279,496.87650364705803,40504.06444843541,39027.06444843541,0.01613271981770349,False
1280,497.1497580862448,40590.078842505296,39109.078842505296,0.016142307997844236,False
1281,497.4230306928704,40595.093220711,39140.093220711,0.015851687345802994,False
1282,497.69632144256354,40700.10758306112,39222.10758306112,0.01606463061657345,False
1283,497.9696303109529,40770.121929564266,39253.121929564266,0.016467806961294396,False
1284,498.2429572736671,40792.13626022904,39297.13626022904,0.01621554691014455,False
1285,498.51630230633475,40836.15057506407,39328.15057506407,0.016341272533730522,False
1286,498.7896653845845,40827.164874077986,39322.164874077986,0.016311802813633137,False
1287,499.0630464840451,40849.17915727945,39357.17915727945,0.016159370302769097,False
1288,499.33644558034507,40931.1934246771,39427.1934246771,0.01625854402365954,False
1289,499.6098626491131,40957.207676279606,39446.207676279606,0.016325083387239304,False
1290,499.8832976659779,41085.22191209566,39543.22191209566,0.016613585085755344,False
1291,500.1567506065679,41141.23613213395,39590.23613213395,0.01668924432633809,False
1292,500.43022144651206,41249.250336403165,39671.250336403165,0.016940171550900048,False
1293,500.70371016143883,41276.264524912025,39691.264524912025,0.017005451703934076,False
1294,500.97721672697685,41330.27869766925,39744.27869766925,0.016993714257209278,False
1295,501.2507411187547,41374.292854683576,39809.292854683576,0.016746120999286924,False
1296,501.5242833124013,41476.30699596375,39930.30699596375,0.01649743115187266,False
1297,501.79784328354503,41513.32112151852,39953.32112151852,0.016634593013169836,False
1298,502.0714210078146,41547.335231356665,39977.335231356665,0.016729332188749075,False
1299,502.3450164608388,41608.34932548695,39992.34932548695,0.01720356968848724,False
1300,502.618629618246,41715.36340391817,40067.36340391817,0.01750526627513185,False
1301,502.8922604556651,41794.37746665912,40158.37746665912,0.01734170320010402,False
1302,503.1659089487247,41808.39151371861,40176.39151371861,0.01729253181015435,False
1303,503.4395750730532,41805.40554510547,40169.40554510547,0.017337035998882606,False
1304,503.7132588042796,41927.419560828515,40286.419560828515,0.017339463047221896,False
1305,503.98696011803236,41985.43356089661,40334.43356089661,0.017422679989069562,False
1306,504.2606789899402,42108.44754531858,40448.44754531858,0.01746737256052941,False
1307,504.53441539563164,42228.461514103314,40540.461514103314,0.017716570895936888,False
1308,504.80816931073537,42370.47546725967,40680.47546725967,0.017677317286545,False
1309,505.0819407108801,42430.48940479654,40747.48940479654,0.017577185566347336,False
1310,505.3557295716944,42513.50332672283,40833.50332672283,0.01751025250370732,False
1311,505.629535868807,42534.51723304743,40867.51723304743,0.01736325349517362,False
1312,505.90335957784646,42677.53112377927,40972.53112377927,0.017706493928643256,False
1313,506.17720067444145,42758.544998927275,41042.544998927275,0.01778863546239986,False
1314,506.4510591342207,42866.558858500386,41145.558858500386,0.017795656137787094,False
1315,506.72493493281274,43017.57270250755,41264.57270250755,0.018068549044776016,False
1316,506.99882804584627,43169.58653095773,41418.58653095773,0.017982615212436773,False
1317,507.27273844895,43316.60034385989,41547.60034385989,0.018108418773865834,False
1318,507.54666611775235,43443.61414122302,41689.61414122302,0.017898072184512958,False
1319,507.82061102788225,43571.62792305612,41759.62792305612,0.01844716588669834,False
1320,508.0945731549681,43745.641689368174,41920.641689368174,0.01850686954904935,False
1321,508.3685524746387,43841.655440168215,41981.655440168215,0.018827384654008024,False
1322,508.6425489625226,44039.669175465264,42162.669175465264,0.018915951121978285,False
1323,508.9165625942486,44161.68289526835,42274.68289526835,0.018965256337081602,False
1324,509.1905933454452,44334.69659958652,42446.69659958652,0.018899843688915355,False
1325,509.46464119174107,44406.71028842883,42495.71028842883,0.019103508629783574,False
1326,509.73870610876486,44453.72396180435,42572.72396180435,0.01877670954717471,False
1327,510.0127880721452,44619.73761972217,42731.73761972217,0.01877645905924654,False
1328,510.28688705751085,44744.751262191356,42803.751262191356,0.019260266509360986,False
1329,510.5610030404903,44908.76488922102,42971.76488922102,0.0191479200536283,False
1330,510.8351359967122,45089.77850082027,43144.77850082027,0.01914985815756286,False
1331,511.10928590180526,45169.79209699823,43209.79209699823,0.019265914921252698,False
1332,511.3834527313983,45343.80567776402,43337.80567776402,0.01965104947257173,False
1333,511.65763646111964,45562.819243126796,43529.819243126796,0.01982372486564611,False
1334,511.93183706659806,45783.8327930957,43715.8327930957,0.020073390641064708,False
1335,512.2060545234623,45986.846327679894,43922.846327679894,0.019943151782448917,False
1336,512.4802888073409,46101.859846888554,44053.859846888554,0.01973448030824716,False
1337,512.7545398938624,46280.873350730864,44232.873350730864,0.019656393890223157,False
1338,513.0288077586557,46397.88683921602,44330.88683921602,0.019791781907388218,False
1339,513.3030923773493,46515.90031235322,44436.90031235322,0.019857673921769497,False
1340,513.5773937255719,46604.91377015168,44533.91377015168,0.01974084489294958,False
1341,513.8517117789521,46687.927212620634,44625.927212620634,0.019617340397944848,False
1342,514.1260465131185,46844.9406397693,44783.9406397693,0.019540387490126206,False
1343,514.4003979036997,46942.95405160695,44860.95405160695,0.01970191021571677,False
1344,514.6747659263247,47096.967448142816,44994.967448142816,0.019829002049936654,False
1345,514.9491505566216,47212.98082938618,45086.98082938618,0.02001026631531156,False
1346,515.2235517702196,47259.99419534631,45125.99419534631,0.02006688075734716,False
1347,515.4979695427469,47259.0075460325,45136.0075460325,0.019961455653381092,False
1348,515.7724038498324,47280.02088145405,45129.02088145405,0.020221748505607588,False
1349,516.0468546671046,47388.03420162026,45213.03420162026,0.02040504014825955,False
1350,516.3213219701922,47385.04750654046,45215.04750654046,0.0203583288871153,False
1351,516.595805734724,47331.060796223974,45154.060796223974,0.0204494247105694,False
1352,516.8703059363284,47410.07407068014,45182.07407068014,0.020904470624703665,False
1353,517.1448225506341,47406.0873299183,45158.0873299183,0.02109857311716982,False
1354,517.4193555532698,47446.100573947835,45217.100573947835,0.02089781418695458,False
1355,517.6939049198643,47478.1138027781,45250.1138027781,0.020873781314451865,False
1356,517.9684706260459,47412.12701641848,45197.12701641848,0.020778609710402775,False
1357,518.2430526474436,47401.14021487837,45201.14021487837,0.020639398391668173,False
1358,518.5176509596857,47350.15339816716,45181.15339816716,0.020364076778994357,False
1359,518.7922655384011,47338.166566294276,45151.166566294276,0.020542457831526428,False
1360,519.0668963592184,47408.17971926913,45201.17971926913,0.020703510759972153,False
1361,519.3415433977661,47362.19285710116,45124.19285710116,0.021022355205312888,False
1362,519.6162066296731,47342.20597979981,45100.20597979981,0.021069965281117844,False
1363,519.8908860305678,47350.21908737453,45086.21908737453,0.021278175736475335,False
1364,520.1655815760789,47382.23217983478,45112.23217983478,0.02132119973181099,False
1365,520.4402932418352,47393.24525719003,45134.24525719003,0.021210263567971416,False
1366,520.7150210034653,47409.25831944977,45165.25831944977,0.02105866268495641,False
1367,520.9897648365976,47374.2713666235,45120.2713666235,0.021170840463478544,False
1368,521.264524716861,47385.28439872071,45126.28439872071,0.02121391541515042,False
1369,521.5393006198841,47298.29741575092,45035.29741575092,0.021292472640536002,False
1370,521.8140925212955,47366.31041772366,45061.31041772366,0.02166573963727499,False
1371,522.0889003967238,47441.32340464845,45139.32340464845,0.02160175030363275,False
1372,522.3637242217977,47492.33637653485,45181.33637653485,0.021664462777692704,False
1373,522.638563972146,47502.349333392405,45148.349333392405,0.02207321242660194,False
1374,522.913419623397,47545.362275230684,45189.362275230684,0.022071948393560876,False
1375,523.1882911511797,47625.37520205926,45296.37520205926,0.021774960740441673,False
1376,523.4631785311225,47617.38811388771,45285.38811388771,0.02180747583761202,False
1377,523.7380817388541,47685.40101072565,45330.40101072565,0.021995878171302347,False
1378,524.0130007500034,47733.413892582656,45376.413892582656,0.0219923256856833,False
1379,524.2879355401985,47836.42675946837,45462.42675946837,0.022106117260542426,False
1380,524.5628860850686,47809.4396113924,45395.4396113924,0.02250142705013101,False
1381,524.837852360242,47874.45244836438,45469.45244836438,0.022384095493200955,False
1382,525.1128343413475,47971.46527039398,45595.46527039398,0.022061332286463023,False
1383,525.3878320040136,47988.47807749082,45636.47807749082,0.021824855737136363,False
1384,525.6628453238692,48085.490869664594,45715.490869664594,0.02195066643802309,False
1385,525.9378742765426,48107.50364692496,45758.50364692496,0.02174100733967402,False
1386,526.2129188376629,48215.516409281605,45862.516409281605,0.021728942454823378,False
1387,526.4879789828583,48314.52915674423,45935.52915674423,0.021929027914735444,False
1388,526.7630546877576,48404.54188932254,46023.54188932254,0.0219060760815501,False
1389,527.0381459279896,48521.55460702625,46155.55460702625,0.02171073316686794,False
1390,527.3132526791828,48614.56730986508,46224.56730986508,0.021893570112114617,False
1391,527.5883749169658,48700.57999784877,46275.57999784877,0.022182262744480197,False
1392,527.8635126169673,48849.59267098706,46428.59267098706,0.022075427067958005,False
1393,528.138665754816,48858.60532928971,46412.60532928971,0.022305118034049977,False
1394,528.4138343061405,48981.61797276648,46497.61797276648,0.022602421766335694,False
1395,528.6890182465694,49103.63060142715,46635.63060142715,0.022395750357067767,False
1396,528.9642175517314,49239.643215281496,46769.643215281496,0.022350840540941913,False
1397,529.2394321972552,49412.65581433932,46936.65581433932,0.022326053470867104,False
1398,529.5146621587693,49493.668398610425,47024.668398610425,0.022223902536964442,False
1399,529.7899074119024,49544.68096810463,47097.68096810463,0.02199751268478601,False
1400,530.0651679322832,49591.693522831745,47131.693522831745,0.022095894419637222,False
1401,530.3404436955403,49639.70606280161,47183.70606280161,0.022037151476662017,False
1402,530.6157346773024,49699.71858802408,47221.71858802408,0.022212140907554332,False
1403,530.8910408531981,49707.73109850899,47263.73109850899,0.02189593751772022,False
1404,531.1663621988561,49952.74359426622,47486.74359426622,0.021986957480262918,False
1405,531.4416986899049,50020.75607530563,47536.75607530563,0.022120709908216026,False
1406,531.7170503019732,50137.76854163711,47649.76854163711,0.022104205712092408,False
1407,531.9924170106899,50219.78099327055,47737.78099327055,0.022012586712515422,False
1408,532.2677987916832,50290.79343021585,47810.79343021585,0.02196253650885627,False
1409,532.5431956205821,50477.805852482925,47970.805852482925,0.022123454762988676,False
1410,532.8186074730152,50628.818260081694,48130.818260081694,0.021974545456253644,False
1411,533.0940343246108,50719.830653022094,48189.830653022094,0.022222394701025182,False
1412,533.3694761509979,50794.84303131406,48248.84303131406,0.022332718814339445,False
1413,533.6449329278051,50839.855394967555,48305.855394967555,0.022204529655108784,False
1414,533.9204046306611,50912.86774399252,48351.86774399252,0.022414305274849895,False
1415,534.1958912351944,50997.88007839894,48427.88007839894,0.022456665063777078,False
1416,534.4713927170337,51039.8923981968,48487.8923981968,0.022276442899333348,False
1417,534.7469090518075,51117.90470339607,48580.90470339607,0.022107445765323815,False
1418,535.0224402151447,51202.91699400676,48692.91699400676,0.021828910994573295,False
1419,535.2979861826739,51257.92927003888,48738.92927003888,0.021885073394488433,False
1420,535.5735469300234,51302.94153150245,48792.94153150245,0.021785265973942713,False
1421,535.8491224328224,51321.95377840749,48826.95377840749,0.021643550883850136,False
1422,536.124712666699,51410.96601076405,48912.96601076405,0.021631765723784672,False
1423,536.4003176072823,51411.978228582164,48920.978228582164,0.021569182313536318,False
1424,536.6759372302007,51549.9904318719,49055.9904318719,0.02153654054339643,False
1425,536.9515715110829,51568.00262064332,49061.00262064332,0.02164389094719138,False
1426,537.2272204255576,51624.0147949065,49130.0147949065,0.021504881646031183,False
1427,537.5028839492533,51611.02695467152,49132.02695467152,0.021377819297256483,False
1428,537.7785620577987,51688.03909994849,49211.03909994849,0.021327521221706756,False
1429,538.0542547268226,51805.0512307475,49312.0512307475,0.02141903928800687,False
1430,538.3299619319534,51952.06334707867,49430.06334707867,0.02161163380256693,False
1431,538.6056836488199,52007.07544895212,49495.07544895212,0.021500441853826314,False
1432,538.8814198530507,52091.08753637799,49593.08753637799,0.02134227737419416,False
1433,539.1571705202746,52041.09960936643,49542.09960936643,0.02137205629666865,False
1434,539.43293562612,52074.111667927566,49578.111667927566,0.021331888724848216,False
1435,539.7087151462156,52056.12371207159,49577.12371207159,0.021190498888145906,False
1436,539.9845090561901,52059.13574180865,49591.13574180865,0.02109289923972874,False
1437,540.2603173316722,52152.14775714894,49704.14775714894,0.02087956682595097,False
1438,540.5361399482904,52218.159758102636,49772.159758102636,0.02083507615628292,False
1439,540.8119768816736,52179.17174467995,49764.17174467995,0.020580400896165484,False
1440,541.08782810745,52236.18371689109,49803.18371689109,0.020714334296263077,False
1441,541.3636936012488,52239.19567474628,49802.19567474628,0.02074799118194593,False
1442,541.6395733386981,52311.207618255736,49890.207618255736,0.02057943468694489,False
1443,541.915467295427,52319.2195474297,49897.2195474297,0.020584911090729907,False
1444,542.1913754470639,52328.23146227841,49885.23146227841,0.020764065492903064,False
1445,542.4672977692376,52302.24336281213,49868.24336281213,0.02069624693208605,False
1446,542.7432342375765,52327.255249041125,49927.255249041125,0.020390263672971788,False
1447,543.0191848277094,52286.26712097567,49876.26712097567,0.020493695092561656,False
1448,543.295149515265,52348.278978626055,49922.278978626055,0.02060800532227398,False
1449,543.5711282758718,52385.29082200256,49953.29082200256,0.020645255332708327,False
1450,543.8471210851586,52320.30265111549,49903.30265111549,0.02054095891258515,False
1451,544.1231279187539,52317.31446597516,49899.31446597516,0.020550863659724593,False
1452,544.3991487522865,52314.326266591896,49912.326266591896,0.020412825076903396,False
1453,544.6751835613849,52224.33805297602,49835.33805297602,0.02033553537559078,False
1454,544.9512323216778,52221.34982513788,49824.34982513788,0.02040645318639826,False
1455,545.2272950087939,52197.36158308781,49824.36158308781,0.020206808658268422,False
1456,545.5033715983617,52101.37332683618,49766.37332683618,0.01991317777369314,False
1457,545.7794620660101,52188.38505639336,49867.38505639336,0.019757262735051958,False
1458,546.0555663873674,52365.396771769716,50041.396771769716,0.019714975165003576,False
1459,546.3316845380625,52383.40847297564,50049.40847297564,0.01979480461433394,False
1460,546.6078164937242,52408.42016002153,50080.42016002153,0.01973310437007873,False
1461,546.8839622299806,52442.431832917784,50115.431832917784,0.019711345437125254,False
1462,547.1601217224608,52406.44349167482,50085.44349167482,0.019673164087805253,False
1463,547.4362949467933,52263.455136303055,49958.455136303055,0.019589117307166996,False
1464,547.7124818786068,52292.466766812926,49957.466766812926,0.01983872092975059,False
1465,547.9886824935298,52247.47838321487,49955.47838321487,0.019482212747064954,False
1466,548.2648967671911,52262.489985519336,49977.489985519336,0.01941565652964302,False
1467,548.5411246752193,52299.50157373679,50018.50157373679,0.019366872722381946,False
1468,548.8173661932431,52388.51314787769,50097.51314787769,0.019419904873404562,False
1469,549.093621296891,52370.52470795252,50075.52470795252,0.019461416512220223,False
1470,549.3698899617916,52324.53625397177,50058.53625397177,0.019227241539856558,False
1471,549.6461721635739,52314.54778594592,50056.54778594592,0.019161580942401227,False
1472,549.9224678778662,52267.55930388549,50034.55930388549,0.01896214172785897,False
1473,550.1987770802973,52233.57080780099,50042.57080780099,0.018610103876282494,False
1474,550.4750997464959,52336.58229770294,50148.58229770294,0.01854669876683266,False
1475,550.7514358520903,52368.59377360187,50171.59377360187,0.018613014933626965,False
1476,551.0277853727096,52401.60523550832,50213.60523550832,0.018523187111343768,False
1477,551.3041482839822,52258.616683432854,50092.616683432854,0.018384191027868424,False
1478,551.5805245615368,52311.62811738601,50133.62811738601,0.01846910179197575,False
1479,551.8569141810019,52388.63953737837,50236.63953737837,0.01821653996372283,False
1480,552.1333171180064,52439.6509434205,50298.6509434205,0.01810345518197074,False
1481,552.4097333481789,52439.66233552299,50285.66233552299,0.01821571176556223,False
1482,552.6861628471478,52477.67371369644,50365.67371369644,0.01783992728293769,False
1483,552.962605590542,52459.68507795144,50360.68507795144,0.01773404976837859,False
1484,553.23906155399,52551.69642829862,50438.69642829862,0.017822886261977797,False
1485,553.5155307131206,52568.70776474859,50458.70776474859,0.017791177246984233,False
1486,553.7920130435623,52557.71908731198,50442.71908731198,0.01783802040338399,False
1487,554.0685085209439,52478.730395999446,50376.730395999446,0.017753342687961842,False
1488,554.3450171208938,52607.74169082161,50502.74169082161,0.017734703380488055,False
1489,554.6215388190408,52657.752971789145,50579.752971789145,0.017485618866931008,False
1490,554.8980735910135,52675.76423891271,50629.76423891271,0.017204940157722018,False
1491,555.1746214124406,52739.77549220298,50700.77549220298,0.017123674591968358,False
1492,555.4511822589508,52770.78673167065,50763.78673167065,0.016839558003688325,False
1493,555.7277561061726,52761.79795732639,50784.79795732639,0.016585857535781515,False
1494,556.0043429297347,52768.809169180924,50784.809169180924,0.01664346871741405,False
1495,556.2809427052657,52749.820367244945,50753.820367244945,0.016752246788405888,False
1496,556.5575554083945,52822.83155152919,50830.83155152919,0.016694463246809774,False
1497,556.8341810147493,52885.84272204437,50905.84272204437,0.016571797732843507,False
1498,557.1108194999591,52939.85387880122,50964.85387880122,0.016511954869895026,False
1499,557.3874708396526,52970.8650218105,50973.8650218105,0.01668950047750862,False
1500,557.6641350094579,52926.87615108296,50970.87615108296,0.016354162979490054,False
1501,557.9408119850043,53072.887266629354,51101.887266629354,0.016435775168532597,False
1502,558.2175017419202,53190.898368460454,51226.898368460454,0.016339263931735407,False
1503,558.4942042558341,53225.90945658705,51272.90945658705,0.016235128873905925,False
1504,558.7709195023748,53359.920531019925,51407.920531019925,0.016185137260344585,False
1505,559.0476474571709,53450.93159176987,51509.93159176987,0.016064305780334395,False
1506,559.3243880958511,53513.94263884771,51572.94263884771,0.016045036788763192,False
1507,559.6011413940439,53619.95367226424,51667.95367226424,0.016105172917421928,False
1508,559.8779073273781,53683.964692030284,51779.964692030284,0.015682832094377697,False
1509,560.1546858714822,53679.97569815669,51814.97569815669,0.015357011747223391,False
1510,560.4314770019851,53667.98669065429,51781.98669065429,0.015536594647603237,False
1511,560.7082806945151,53711.997669533936,51782.997669533936,0.015884117330812367,False
1512,560.9850969247011,53740.00863480648,51842.00863480648,0.01561591181468818,False
1513,561.2619256681718,53872.01958648279,51960.01958648279,0.01569395083275393,False
1514,561.5387669005554,54006.03052457375,52102.03052457375,0.015587608561785104,False
1515,561.8156205974811,54034.04144909023,52162.04144909023,0.015312871692115024,False
1516,562.0924867345773,54114.05236004314,52232.05236004314,0.015372966571938143,False
1517,562.3693652874725,54241.06325744337,52402.06325744337,0.014979807122030247,False
1518,562.6462562317956,54346.074141301826,52497.074141301826,0.01503307771347478,False
1519,562.9231595431752,54400.08501162944,52550.08501162944,0.015026155441392776,False
1520,563.2000751972397,54534.09586843712,52688.09586843712,0.014955613689589718,False
1521,563.4770031696181,54654.10671173582,52822.10671173582,0.014807082170242843,False
1522,563.7539434359388,54735.11754153647,52939.11754153647,0.014489357414723163,False
1523,564.0308959718305,54781.12835785003,53004.12835785003,0.014321276399054034,False
1524,564.3078607529219,54842.13916068746,53056.13916068746,0.014378742800514458,False
1525,564.5848377548416,54966.14995005973,53166.14995005973,0.01446010647248547,False
1526,564.8618269532183,55152.16072597781,53378.16072597781,0.014198926659568182,False
1527,565.1388283236805,55271.17148845269,53514.17148845269,0.014029863650653108,False
1528,565.415841841857,55396.18223749537,53647.18223749537,0.013932919265644866,False
1529,565.6928674833764,55521.19297311685,53782.19297311685,0.013820282508721547,False
1530,565.9699052238673,55555.20369532814,53818.20369532814,0.013795546184977518,False
1531,566.2469550389583,55617.21440414026,53883.21440414026,0.01375573770477133,False
1532,566.5240169042783,55622.22509956424,53922.22509956424,0.013480553248633015,False
1533,566.8010907954557,55629.23578161112,53919.23578161112,0.01355936562397275,False
1534,567.0781766881191,55724.24645029193,54014.24645029193,0.0135358826486159,False
1535,567.3552745578974,55860.25710561775,54114.25710561775,0.013791229560330779,False
1536,567.6323843804191,55942.26774759961,54198.26774759961,0.013754661409668403,False
1537,567.9095061313128,56157.27837624861,54379.27837624861,0.013972611733064317,False
1538,568.1866397862073,56263.288991575806,54497.288991575806,0.013850217679349972,False
1539,568.4637853207308,56341.299593592295,54601.299593592295,0.013623880701962273,False
1540,568.7409427105126,56354.31018230918,54631.31018230918,0.013485522068833387,False
1541,569.018111931181,56427.32075773754,54702.32075773754,0.013483678133971179,False
1542,569.2952929583647,56579.331319888515,54851.331319888515,0.013470637478892784,False
1543,569.5724857676922,56585.34186877321,54859.34186877321,0.013453350888484579,False
1544,569.8496903347924,56768.35240440275,55056.35240440275,0.013298854705101922,False
1545,570.1269066352936,56830.362926788286,55132.362926788286,0.013173823144936545,False
1546,570.4041346448248,56833.37343594095,55151.37343594095,0.013047102898126888,False
1547,570.6813743390145,56913.3839318719,55210.3839318719,0.01319364124782739,False
1548,570.9586256934914,57017.394414592294,55324.394414592294,0.01309069820134301,False
1549,571.235888683884,57129.404884113304,55447.404884113304,0.012978475456967595,False
1550,571.5131632858211,57158.4153404461,55488.4153404461,0.012877857666253028,False
1551,571.7904494749312,57188.42578360189,55552.42578360189,0.012605114119279885,False
1552,572.067747226843,57275.43621359184,55653.43621359184,0.012476421320225282,False
1553,572.3450565171853,57326.44663042718,55740.44663042718,0.012184578688477325,False
1554,572.6223773215866,57501.45703411909,55910.45703411909,0.012185807084922796,False
1555,572.8997096156754,57667.46742467882,56052.46742467882,0.01233614401386694,False
1556,573.1770533750807,57715.47780211757,56107.47780211757,0.012271549036132234,False
1557,573.4544085754309,57715.488166446594,56083.488166446594,0.012457356178309084,False
1558,573.7317751923547,57749.49851767712,56157.49851767712,0.012140462956741063,False
1559,574.0091532014807,57744.50885582041,56171.50885582041,0.011994601948130337,False
1560,574.2865425784375,57707.51918088771,56169.51918088771,0.011731698325196762,False
1561,574.563943298854,57742.52949289031,56193.52949289031,0.011809494030737121,False
1562,574.8413553383587,57906.53979183946,56321.53979183946,0.012053094814053852,False
1563,575.1187786725801,57802.55007774646,56233.55007774646,0.011951496832221025,False
1564,575.3962132771469,57764.560350622596,56194.560350622596,0.011967194476154986,False
1565,575.673659127688,57819.57061047916,56229.57061047916,0.012110095024215298,False
1566,575.9511161998317,57838.58085732748,56277.58085732748,0.011882207830113425,False
1567,576.2285844692069,57878.591091178845,56341.591091178845,0.011688843433197538,False
1568,576.5060639114422,57919.6013120446,56357.6013120446,0.011873063323609627,False
1569,576.7835545021661,57889.61151993606,56333.61151993606,0.011833040622716309,False
1570,577.0610562170074,57957.621714864574,56415.621714864574,0.01171117739179884,False
1571,577.3385690315946,57776.63189684149,56269.63189684149,0.011478146833638042,False
1572,577.6160929215565,57817.642065878164,56341.642065878164,0.011230875925295808,False
1573,577.8936278625216,57908.65222198595,56458.65222198595,0.011012950711589684,False
1574,578.1711738301187,57879.66236517623,56431.66236517623,0.011003145128876584,False
1575,578.4487307999764,57932.67249546037,56510.67249546037,0.010793087850165499,False
1576,578.7262987477233,57861.68261284976,56415.68261284976,0.010991211399568929,False
1577,579.0038776489879,57816.692717355814,56384.692717355814,0.01089202716187302,False
1578,579.2814674793991,57798.70280898992,56366.70280898992,0.010895460200480562,False
1579,579.5590682145854,57789.71288776348,56350.71288776348,0.01095112216246653,False
1580,579.8366798301756,57824.722953687924,56378.722953687924,0.010998326330872875,False
1581,580.114302301798,57766.73300677467,56319.73300677467,0.011017219451828278,False
1582,580.3919356050817,57718.74304703517,56322.74304703517,0.010633067015431588,False
1583,580.6695797156551,57614.75307448085,56222.75307448085,0.010621596918625482,False
1584,580.9472346091468,57489.76308912316,56091.76308912316,0.010691427888100903,False
1585,581.2249002611856,57435.77309097356,56055.77309097356,0.01056212458601972,False
1586,581.5025766474,57481.783080043526,56088.783080043526,0.01065421392773373,False
1587,581.7802637434188,57444.79305634451,56063.79305634451,0.010568192160947301,False
1588,582.0579615248704,57432.803019888015,56049.803019888015,0.010585921971526741,False
1589,582.3356699673836,57299.81297068552,55921.81297068552,0.010571961731436218,False
1590,582.6133890465871,57236.82290874851,55896.82290874851,0.010288395073459857,False
1591,582.8911187381095,57186.832834088505,55859.832834088505,0.010196413076953521,False
1592,583.1688590175795,57039.84274671701,55746.84274671701,0.009958043629514333,False
1593,583.4466098606256,56955.85264664555,55681.85264664555,0.009824681076970957,False
1594,583.7243712428766,56838.86253388565,55568.86253388565,0.009813871098215132,False
1595,584.0021431399608,56763.87240844884,55507.87240844884,0.009717433849675697,False
1596,584.2799255275073,56663.88227034667,55389.88227034667,0.009875884397654694,False
1597,584.5577183811447,56631.89211959069,55315.89211959069,0.010211151049607315,False
1598,584.8355216765013,56654.90195619245,55323.90195619245,0.010324689313897583,False
1599,585.1133353892061,56561.91178016352,55221.91178016352,0.01041264227535845,False
1600,585.3911594948875,56485.92159151548,55146.92159151548,0.010418944556377397,False
1601,585.6689939691742,56415.9313902599,55105.9313902599,0.010203415302684864,False
1602,585.9468387876949,56363.94117640837,55061.94117640837,0.010149834860389255,False
1603,586.2246939260782,56402.950949972495,55106.950949972495,0.010095444146426442,False
1604,586.5025593599528,56437.960710963875,55131.960710963875,0.01016787489218766,False
1605,586.7804350649474,56316.97045939411,55014.97045939411,0.010158400029964596,False
1606,587.0583210166905,56102.98019527484,54805.98019527484,0.010157982195007,False
1607,587.3362171908108,55897.98991861767,54616.98991861767,0.010068429629403764,False
1608,587.6141235629369,55787.99962943425,54473.99962943425,0.01035152581831626,False
1609,587.8920401086975,55669.00932773621,54380.00932773621,0.010174215030361856,False
1610,588.1699668037213,55540.01901353521,54281.01901353521,0.009958032048108786,False
1611,588.447903623637,55547.028686842896,54310.028686842896,0.009780800494928422,False
1612,588.725850544073,55519.03834767094,54308.03834767094,0.00957781905043136,False
1613,589.003807540658,55404.04799603101,54178.04799603101,0.009718143226207768,False
1614,589.2817745890209,55303.05763193478,54083.05763193478,0.009687906690558128,False
1615,589.55975166479,55161.06725539395,53968.06725539395,0.009495795240999624,False
1616,589.8377387435943,55089.0768664202,53888.0768664202,0.009572809949608062,False
1617,590.1157358010622,54906.08646502523,53733.08646502523,0.009378702197832,False
1618,590.3937428128223,54903.09605122077,53736.09605122077,0.009330723949514058,False
1619,590.6717597545035,54738.105625018514,53572.105625018514,0.00935104684432683,False
1620,590.9497866017341,54674.11518643019,53508.11518643019,0.009362110101304654,False
1621,591.2278233301431,54658.124735467536,53458.124735467536,0.009641007396429264,False
1622,591.5058699153589,54540.134272142284,53315.134272142284,0.009865695496031762,False
1623,591.7839263330103,54443.14379646618,53250.14379646618,0.009622410528426667,False
1624,592.0619925587258,54265.15330845099,53110.15330845099,0.009343479243914958,False
1625,592.3400685681341,54306.16280810845,53169.16280810845,0.009189295234256175,False
1626,592.618154336864,54248.17229545034,53125.17229545034,0.009084759152848645,False
1627,592.896249840544,54186.181770488445,53114.181770488445,0.008678054014648766,False
1628,593.1743550548026,54092.19123323454,53002.19123323454,0.008840750024423692,False
1629,593.4524699552688,54021.2006837004,52921.2006837004,0.008934543694155955,False
1630,593.7305945175709,53940.21012189785,52826.21012189785,0.009063179412406891,False
1631,594.0087287173377,53883.21954783867,52832.21954783867,0.008554680800452035,False
1632,594.2868725301978,53855.22896153468,52804.22896153468,0.008559171091948677,False
1633,594.56502593178,53795.238362997705,52728.238362997705,0.008700574277324515,False
1634,594.8431888977128,53763.24775223956,52730.24775223956,0.008425684014689216,False
1635,595.1213614036249,53658.25712927208,52616.25712927208,0.008516611070322146,False
1636,595.3995434251448,53607.26649410712,52534.26649410712,0.008780989705416272,False
1637,595.6777349379013,53479.27584675651,52404.27584675651,0.008818793902756682,False
1638,595.9559359175231,53389.28518723211,52322.28518723211,0.008767402624410649,False
1639,596.2341463396386,53339.294515545786,52292.294515545786,0.008609568753321974,False
1640,596.5123661798767,53275.3038317094,52267.3038317094,0.008295837264489524,False
1641,596.790595413866,53309.31313573484,52338.31313573484,0.007983365675657083,False
1642,597.068834017235,53241.32242763398,52269.32242763398,0.008001963771209757,False
1643,597.3470819656123,53271.331707418714,52243.331707418714,0.008462688306487078,False
1644,597.625339234627,53154.34097510093,52132.34097510093,0.008431510866658908,False
1645,597.9036057999072,53112.35023069255,52092.35023069255,0.008421567677174554,False
1646,598.1818816370817,53085.35947420548,52044.35947420548,0.008601094672435503,False
1647,598.4601667217793,53058.36870565163,52010.36870565163,0.008663960812598938,False
1648,598.7384610296285,53022.37792504293,51989.37792504293,0.008544579940963313,False
1649,599.0167645362582,53058.38713239132,52034.38713239132,0.008463600421078967,False
1650,599.2950772172967,53078.39632770873,52005.39632770873,0.008869382493429627,False
1651,599.5733990483727,53018.40551100712,51924.40551100712,0.009055129566994091,False
1652,599.8517300051152,52868.41468229843,51791.41468229843,0.008938513869448253,False
1653,600.1300700631524,52836.42384159464,51793.42384159464,0.008658794014749076,False
1654,600.4084191981132,52818.4329889077,51807.4329889077,0.008393438539716323,False
1655,600.6867773856261,52780.442124249596,51797.442124249596,0.008164710016651967,False
1656,600.9651446013198,52747.4512476323,51769.4512476323,0.008127917887450287,False
1657,601.243520820823,52742.46035906781,51761.46035906781,0.008153864443235993,False
1658,601.5219060197644,52621.46945856812,51679.46945856812,0.007844925082942206,False
1659,601.8003001737725,52517.47854614524,51573.47854614524,0.007877441856246505,False
1660,602.078703258476,52581.48762181117,51651.48762181117,0.007750034678350941,False
1661,602.3571152495035,52591.49668557793,51653.49668557793,0.007815804011734245,False
1662,602.6355361224837,52539.50573745754,51580.50573745754,0.008000386866519407,False
1663,602.9139658530453,52491.51477746204,51535.51477746204,0.00798248715126277,False
1664,603.1924044168169,52489.523805603465,51531.523805603465,0.007999647894166287,False
1665,603.470851789427,52479.53282189386,51539.53282189386,0.007849482664275355,False
1666,603.7493079465045,52429.54182634527,51520.54182634527,0.007595640775250032,False
1667,604.0277728636778,52427.55081896976,51515.55081896976,0.0076212221018317145,False
1668,604.3062465165756,52300.55979977939,51402.55979977939,0.00752159037325794,False
1669,604.5847288808268,52228.56876878624,51340.56876878624,0.007447449302397313,False
1670,604.8632199320598,52190.577726002375,51283.577726002375,0.007613788819125882,False
1671,605.1417196459032,52188.586671439894,51250.586671439894,0.0078766946314472,False
1672,605.4202279979858,52143.59560511089,51216.59560511089,0.007790267700946128,False
1673,605.6987449639362,52110.604527027455,51186.604527027455,0.007769789878650617,False
1674,605.977270519383,52046.6134372017,51117.6134372017,0.007821906722951353,False
1675,606.2558046399548,52099.62233564573,51176.62233564573,0.007762956159213955,False
1676,606.5343473012804,52043.63122237167,51144.63122237167,0.0075675393444009885,False
1677,606.8128984789884,52066.640097391646,51145.640097391646,0.00775093494751584,False
1678,607.0914581487074,51991.648960717794,51068.648960717794,0.007779223089723928,False
1679,607.370026286066,51939.657812362246,51023.657812362246,0.007727494759784084,False
1680,607.648602866693,51860.66665233716,50978.66665233716,0.0074496228821349705,False
1681,607.9271878662169,51853.675480654674,50994.675480654674,0.0072547130099705984,False
1682,608.2057812602663,51831.68429732697,50953.68429732697,0.007419729774617105,False
1683,608.48438302447,51848.69310236619,50972.69310236619,0.007400234236596462,False
1684,608.7629931344566,51928.70189578452,51042.70189578452,0.0074738110389133,False
1685,609.0416115658547,51873.710677594136,50967.710677594136,0.007652188681237107,False
1686,609.3202382942931,51859.71944780723,50961.71944780723,0.007586090315840268,False
1687,609.5988732954002,51869.72820643599,50964.72820643599,0.007644259855306885,False
1688,609.8775165448047,51938.73695349261,51017.73695349261,0.007770193994301362,False
1689,610.1561680181354,51886.745688989315,50958.745688989315,0.007837703185701218,False
1690,610.4348276910209,51900.7544129383,50986.7544129383,0.00771630304411624,False
1691,610.7134955390896,51908.76312535179,50984.76312535179,0.00780027477874894,False
1692,610.9921715379706,51933.77182624201,50997.77182624201,0.007898664019253538,False
1693,611.2708556632922,51925.7805156212,50988.7805156212,0.007908408105032572,False
1694,611.549547890683,51970.78919350159,51036.78919350159,0.007875967369154921,False
1695,611.828248195772,51893.79785989542,50956.79785989542,0.007913326810341183,False
1696,612.1069565541875,51862.80651481496,50958.80651481496,0.007636766557630418,False
1697,612.3856729415583,51950.81515827246,51059.81515827246,0.007513128164069865,False
1698,612.6643973335129,52023.823790280185,51160.823790280185,0.00726474114335266,False
1699,612.9431297056801,52209.8324108504,51323.8324108504,0.007433220971572322,False
1700,613.2218700336886,52432.841019995394,51525.841019995394,0.007578300962770835,False
1701,613.5006182931669,52619.84961772744,51684.84961772744,0.007786345593341134,False
1702,613.7793744597436,52746.85820405884,51806.85820405884,0.0078093410146292735,False
1703,614.0581385090476,52860.86677900189,51894.86677900189,0.008009878742398153,False
1704,614.3369104167073,53024.875342568885,52069.875342568885,0.007893118238631648,False
1705,614.6156901583514,53178.88389477214,52250.88389477214,0.007645576699191786,False
1706,614.8944777096086,53367.89243562398,52487.89243562398,0.007220917570867221,False
1707,615.1732730461076,53538.900965136716,52681.900965136716,0.0070080142563036674,False
1708,615.4520761434768,53658.90948332268,52836.90948332268,0.006704435109393207,False
1709,615.7308869773451,53911.91799019421,53058.91799019421,0.006926393384722768,False
1710,616.0097055233412,54212.92648576365,53323.92648576365,0.0071807306884159325,False
1711,616.2885317570934,54391.934970043345,53484.934970043345,0.007303036831047099,False
1712,616.5673656542307,54736.94344304565,53857.94344304565,0.007030776455299393,False
1713,616.8462071903814,55048.95190478293,54176.95190478293,0.0069344875340031885,False
1714,617.1250563411744,55274.96035526755,54383.96035526755,0.00705760911502973,False
1715,617.4039130822383,55427.96879451188,54492.96879451188,0.0073884947379719785,False
1716,617.6827773892018,55663.9772225283,54720.9772225283,0.007420389158290284,False
1717,617.9616492376933,55897.9856393292,54976.9856393292,0.007215233759741608,False
1718,618.2405286033418,56091.99404492698,55161.99404492698,0.007260922204047985,False
1719,618.5194154617757,56267.00243933402,55331.00243933402,0.007285240766941169,False
1720,618.7983097886237,56556.01082256274,55645.01082256274,0.007052537698058015,False
1721,619.0772115595145,56721.01919462554,55800.01919462554,0.007109677558045223,False
1722,619.3561207500766,56862.027555534856,55912.027555534856,0.007317099966753859,False
1723,619.6350373359388,56878.03590530309,55954.03590530309,0.007113173863459863,False
1724,619.9139612927296,56994.044243942684,56098.044243942684,0.006881754561903366,False
1725,620.1928925960779,57105.052571466076,56220.052571466076,0.006783288304835932,False
1726,620.471831221612,57290.060887885695,56422.060887885695,0.006630338548022112,False
1727,620.7507771449608,57538.069193214,56664.069193214,0.0066475250521644295,False
1728,621.0297303417528,57642.077487463444,56763.077487463444,0.006673691612011326,False
1729,621.3086907876168,57763.08577064649,56871.08577064649,0.006758865904307911,False
1730,621.5876584581814,57872.09404277559,56975.09404277559,0.006784146454246198,False
1731,621.8666333290751,57966.10230386324,57061.10230386324,0.006833941892575987,False
1732,622.1456153759267,58087.1105539219,57193.1105539219,0.006736056657617213,False
1733,622.4246045743648,58234.11879296406,57334.11879296406,0.006764366122373435,False
1734,622.7036009000179,58405.12702100221,57508.12702100221,0.006721749468385187,False
1735,622.982604328515,58567.13523804885,57705.13523804885,0.006439518221285902,False
1736,623.2616148354844,58642.14344411649,57797.14344411649,0.00630346147624013,False
1737,623.540632396555,58687.15163921763,57851.15163921763,0.006231022844690119,False
1738,623.8196569873552,58692.15982336478,57848.15982336478,0.006290543088737165,False
1739,624.0986885835138,58714.16799657047,57884.16799657047,0.006183115833119975,False
1740,624.3777271606593,58621.17615884723,57769.17615884723,0.0063583536025143975,False
1741,624.6567726944206,58712.18431020758,57842.18431020758,0.006483553060434613,False
1742,624.9358251604261,58729.192450664064,57828.192450664064,0.006714411493695724,False
1743,625.2148845343046,58744.20058022924,57815.20058022924,0.006922961393052529,False
1744,625.4939507916847,58708.20869891564,57772.20869891564,0.006979857971196696,False
1745,625.773023908195,58733.21680673583,57805.21680673583,0.0069167533086133695,False
1746,626.0521038594642,58745.22490370238,57820.22490370238,0.006892794204316344,False
1747,626.3311906211209,58736.23298982784,57847.23298982784,0.006623499734724585,False
1748,626.6102841687938,58740.24106512481,57890.24106512481,0.006330366450302618,False
1749,626.8893844781114,58669.24912960584,57811.24912960584,0.006398176701140831,False
1750,627.1684915247026,58587.25718328354,57685.25718328354,0.00673833336095794,False
1751,627.4476052841959,58473.26522617049,57594.26522617049,0.006578104081807773,False
1752,627.7267257322198,58395.2732582793,57519.2732582793,0.006564304835103307,False
1753,628.0058528444033,58272.28127962256,57390.28127962256,0.0066236671502883935,False
1754,628.2849865963747,58304.289290212895,57445.289290212895,0.006446084960077969,False
1755,628.5641269637629,58268.2972900629,57415.2972900629,0.006404709473270921,False
1756,628.8432739221963,58145.30527918522,57308.30527918522,0.006297089334992279,False
1757,629.1224274473037,58232.31325759246,57390.31325759246,0.006325447348380455,False
1758,629.4015875147138,58184.32122529727,57286.32122529727,0.006755038320471407,False
1759,629.6807541000552,58092.329182312285,57163.329182312285,0.007001275550777729,False
1760,629.9599271789564,57993.33712865014,57078.33712865014,0.006906787946102187,False
1761,630.2391067270462,57963.3450643235,57075.3450643235,0.006704894840403429,False
1762,630.5182927199531,57906.352989345,57022.352989345,0.006681079198947813,False
1763,630.797485133306,57962.36090372732,57099.36090372732,0.006514819355450712,False
1764,631.0766839427333,58046.36880748312,57206.36880748312,0.006330675210789715,False
1765,631.3558891238638,57901.376700625086,57077.376700625086,0.006224885366199216,False
1766,631.6351006523261,57766.38458316587,56954.38458316587,0.006148023781911767,False
1767,631.9143185037487,57655.392455118184,56827.392455118184,0.006282203941553476,False
1768,632.1935426537605,57569.4003164947,56762.4003164947,0.00613095333906823,False
1769,632.4727730779899,57377.40816730812,56585.40816730812,0.006036473621342793,False
1770,632.7520097520658,57340.41600757114,56516.41600757114,0.00628622621483332,False
1771,633.0312526516166,57228.42383729648,56381.42383729648,0.006475745706406933,False
1772,633.3105017522711,57052.43165649684,56217.43165649684,0.0064031588087585965,False
1773,633.5897570296578,56978.43946518494,56174.43946518494,0.006171803018628295,False
1774,633.8690184594055,56858.44726337352,56056.44726337352,0.006169425800516349,False
1775,634.1482860171428,56794.45505107528,55993.45505107528,0.0061686705294101835,False
1776,634.4275596784984,56681.46282830298,55879.46282830298,0.00618882736871393,False
1777,634.7068394191008,56567.47059506935,55745.47059506935,0.006357173708513051,False
1778,634.9861252145787,56439.47835138714,55612.47835138714,0.006410741386653379,False
1779,635.2654170405609,56340.486097269095,55541.486097269095,0.0062030939119068085,False
1780,635.5447148726759,56235.493832727974,55401.493832727974,0.0064890381570549905,False
1781,635.8240186865522,56101.501557776544,55227.501557776544,0.006819088733465847,False
1782,636.1033284578186,55974.50927242757,55114.50927242757,0.006724349911915341,False
1783,636.3826441621039,55929.51697669382,55089.51697669382,0.006572104144633829,False
1784,636.6619657750366,55849.524670588085,55039.524670588085,0.006344806620069452,False
1785,636.9412932722452,55663.53235412314,54872.53235412314,0.006215759537753727,False
1786,637.2206266293585,55426.540027311785,54667.540027311785,0.005988237224626845,False
1787,637.4999658220052,55306.5476901668,54553.5476901668,0.005953551470017713,False
1788,637.7793108258138,55166.555342701,54406.555342701,0.006024636833999957,False
1789,638.0586616164131,55044.562984927186,54290.562984927186,0.005990082833451108,False
1790,638.3380181694317,54881.57061685817,54173.57061685817,0.005639070468148106,False
1791,638.6173804604981,54838.57823850676,54115.57823850676,0.0057638832609455595,False
1792,638.8967484652411,54724.585849885785,53998.585849885785,0.005800097170505031,False
1793,639.1761221592893,54579.593451008084,53859.593451008084,0.005767225503104361,False
1794,639.4555015182714,54518.601041886475,53779.601041886475,0.005927127090173688,False
1795,639.734886517816,54427.6086225338,53676.6086225338,0.006034184626843057,False
1796,640.0142771335516,54292.6161929629,53520.6161929629,0.0062196645624945516,False
1797,640.293673341107,54041.623753186635,53287.623753186635,0.006102035261545618,False
1798,640.5730751161109,53903.63130321785,53131.63130321785,0.006264872825294685,False
1799,640.8524824341919,53739.638843069406,52977.638843069406,0.006202145083317235,False
1800,641.1318952709786,53539.64637275417,52771.64637275417,0.0062748548306720215,False
1801,641.4113136020995,53397.65389228501,52629.65389228501,0.006291662072980125,False
1802,641.6907374031836,53229.66140167479,52502.66140167479,0.00597238490130554,False
1803,641.9701666498593,53094.66890093642,52389.66890093642,0.005805263133567273,False
1804,642.2496013177553,53055.67639008276,52338.67639008276,0.00590912016164201,False
1805,642.5290413825002,52939.683869126704,52192.683869126704,0.006171713709397634,False
1806,642.8084868197227,52836.69133808116,52076.69133808116,0.006292230248364461,False
1807,643.0879376050514,52611.69879695902,51862.69879695902,0.006227212553608214,False
1808,643.367393714115,52399.706245773195,51618.706245773195,0.0065217369928566955,False
1809,643.6468551225421,52248.7136845366,51481.7136845366,0.006422608041638137,False
1810,643.9263218059615,52093.72111326214,51342.72111326214,0.00630649856356058,False
1811,644.2057937400016,51966.72853196274,51207.72853196274,0.006389865623714547,False
1812,644.4852709002911,51826.735940651335,51101.735940651335,0.006118204244189621,False
1813,644.7647532624587,51708.74333934086,50966.74333934086,0.00627709935239144,False
1814,645.0442408021332,51596.75072804424,50825.75072804424,0.006538550916773395,False
1815,645.323733494943,51417.75810677442,50617.75810677442,0.006810230748343444,False
1816,645.6032313165168,51297.76547554436,50504.76547554436,0.0067660889546962534,False
1817,645.8827342424834,51091.772834366995,50307.772834366995,0.006715881351222045,False
1818,646.1622422484712,50812.780183255294,50030.780183255294,0.0067356823053259345,False
1819,646.441755310109,50709.787522222214,49966.787522222214,0.0064103622598790195,False
1820,646.7212734030254,50557.79485128073,49805.79485128073,0.006508247927274681,False
1821,647.0007965028492,50427.80217044381,49697.80217044381,0.006332857445066256,False
1822,647.2803245852087,50230.80947972443,49506.80947972443,0.006305238307700432,False
1823,647.5598576257329,49925.81677913557,49240.81677913557,0.005999930442662882,False
1824,647.8393956000502,49752.824068690235,49096.824068690235,0.005764337415366301,False
1825,648.1189384837895,49487.8313484014,48827.8313484014,0.005830986763783472,False
1826,648.3984862525792,49322.83861828207,48633.83861828207,0.006109513740709673,False
1827,648.6780388820481,49141.84587834524,48453.84587834524,0.006123211955041334,False
1828,648.9575963478247,49085.85312860393,48374.85312860393,0.006336684117108587,False
1829,649.2371586255376,49059.86036907114,48362.86036907114,0.00621432898612372,False
1830,649.5167256908159,48903.86759975989,48234.86759975989,0.005982116229177308,False
1831,649.7962975192877,48701.87482068322,48045.87482068322,0.005889574639132237,False
1832,650.0758740865818,48688.88203185413,48013.88203185413,0.006062981534083253,False
1833,650.3554553683271,48519.88923328567,47838.88923328567,0.006138713484607054,False
1834,650.6350413401518,48403.896424990875,47758.896424990875,0.00582604005979484,False
1835,650.914631977685,48334.90360698278,47677.90360698278,0.005943705564055785,False
1836,651.1942272565551,48142.91077927443,47436.91077927443,0.00641594586992262,False
1837,651.4738271523906,47985.91794187889,47272.91794187889,0.006501396862376831,False
1838,651.7534316408206,47754.92509480921,47089.92509480921,0.006090168578163276,False
1839,652.0330406974733,47648.93223807844,46985.93223807844,0.006085324982638613,False
1840,652.3126542979776,47536.939371699664,46854.939371699664,0.006275836328131335,False
1841,652.592272417962,47452.94649568594,46780.94649568594,0.0061941798198680955,False
1842,652.8718950330552,47416.95361005035,46790.95361005035,0.005771752185015929,False
1843,653.151522118886,47398.960714805966,46750.960714805966,0.005978279405044297,False
1844,653.4311536510828,47344.96780996588,46691.96780996588,0.006031648166203307,False
1845,653.7107896052743,47323.97489554318,46663.97489554318,0.0060994855242286075,False
1846,653.9904299570893,47308.981971550966,46641.981971550966,0.006166605943315919,False
1847,654.2700746821563,47245.98903800232,46595.98903800232,0.00601641043051594,False
1848,654.549723756104,47225.99609491037,46597.99609491037,0.0058138862219952354,False
1849,654.8293771545609,47262.0031422882,46625.0031422882,0.0058932506417234245,False
1850,655.1090348531559,47236.01018014894,46587.01018014894,0.006008367952880771,False
1851,655.3886968275175,47216.017208505706,46537.017208505706,0.00629080671522585,False
1852,655.6683630532743,47165.02422737161,46508.02422737161,0.006092171829692961,False
1853,655.948033506055,47155.03123675979,46506.03123675979,0.006018757902278646,False
1854,656.2277081614884,47194.038236683366,46552.038236683366,0.005948439161260352,False
1855,656.5073869952029,47167.04522715549,46503.04522715549,0.006157277417670777,False
1856,656.7870699828272,47124.05220818929,46457.05220818929,0.006190978973166938,False
1857,657.06675709999,47128.05917979792,46446.05917979792,0.006330683879792778,False
1858,657.3464483223199,47081.066141994525,46437.066141994525,0.005981515257567882,False
1859,657.6261436254457,47132.07309479226,46477.07309479226,0.006077772094846355,False
1860,657.9058429849958,47141.08003820428,46504.08003820428,0.005908470907574499,False
1861,658.1855463765991,47119.08697224376,46476.08697224376,0.005967310781123465,False
1862,658.465253775884,47103.093896923856,46452.093896923856,0.006044138817457642,False
1863,658.7449651584792,47157.10081225775,46511.10081225775,0.0059904787043647675,False
1864,659.0246805000136,47313.107718258616,46671.107718258616,0.005933366425362285,False
1865,659.3043997761156,47342.11461493963,46694.11461493963,0.005985507526017646,False
1866,659.5841229624137,47305.12150231399,46657.12150231399,0.005990220686646221,False
1867,659.863850034537,47316.128380394875,46688.128380394875,0.005802737057529979,False
1868,660.1435809681136,47216.13524919548,46577.13524919548,0.005917662667863383,False
1869,660.4233157387727,47183.14210872902,46534.14210872902,0.006015147086080681,False
1870,660.7030543221425,47140.148959008686,46482.148959008686,0.0061047524111399725,False
1871,660.9827966938518,47140.15580004768,46513.15580004768,0.005815207256861606,False
1872,661.2625428295295,47162.16263185923,46525.16263185923,0.005905811642172358,False
1873,661.5422927048038,47214.16945445655,46561.16945445655,0.006048474661083784,False
1874,661.8220462953036,47223.17626785285,46568.17626785285,0.006065964559732602,False
1875,662.1018035766575,47289.183072061365,46621.183072061365,0.006178521474484099,False
1876,662.3815645244941,47328.18986709532,46642.18986709532,0.0063409620777760845,False
1877,662.6613291144423,47278.19665296796,46609.19665296796,0.006189285176933723,False
1878,662.9410973221303,47231.20342969252,46608.20342969252,0.0057666485022712256,False
1879,663.2208691231871,47289.210197282235,46656.210197282235,0.0058526017827645145,False
1880,663.5006444932411,47189.21695575036,46573.21695575036,0.005706533817168137,False
1881,663.7804234079211,47243.22370511015,46622.22370511015,0.005746540726961477,False
1882,664.0602058428558,47265.230445374844,46665.230445374844,0.0055483648401328835,False
1883,664.3399917736738,47396.23717655772,46786.23717655772,0.005625745983567786,False
1884,664.6197811760036,47425.24389867204,46799.24389867204,0.005770736506379164,False
1885,664.899574025474,47386.25061173106,46782.25061173106,0.0055712358364730236,False
1886,665.1793702977136,47387.25731574807,46742.25731574807,0.0059518914179005865,False
1887,665.4591699683509,47479.26401073634,46839.26401073634,0.005893915866790287,False
1888,665.7389730130149,47481.27069670915,46870.27069670915,0.005624871282215029,False
1889,666.0187794073339,47394.27737367978,46766.27737367978,0.005793104754068992,False
1890,666.2985891269367,47370.284041661536,46734.284041661536,0.005870395065543952,False
1891,666.5784021474519,47397.2907006677,46724.2907006677,0.006210800185765371,False
1892,666.8582184445082,47478.29735071157,46824.29735071157,0.006023867015196532,False
1893,667.1380379937343,47627.30399180645,46978.30399180645,0.005958664530020382,False
1894,667.4178607707587,47671.310623965655,47021.310623965655,0.005962362080351332,False
1895,667.69768675121,47671.31724720248,47006.31724720248,0.0061009251337515525,False
1896,667.977515910717,47599.323861530254,46977.323861530254,0.005712510836025001,False
1897,668.2573482249082,47627.33046696229,47012.33046696229,0.005644459488412675,False
1898,668.5371836694126,47699.337063511906,47043.337063511906,0.006014221906530913,False
1899,668.8170222198584,47672.34365119243,47040.34365119243,0.005796017287085255,False
1900,669.0968638518744,47563.350230017204,46945.350230017204,0.0056798541103360856,False
1901,669.3767085410893,47618.35679999955,46973.35679999955,0.005922808071653771,False
1902,669.6565562631317,47668.36336115281,47000.36336115281,0.006129025685929637,False
1903,669.9364069936304,47692.369913490336,47024.369913490336,0.006125918702800664,False
1904,670.2162607082138,47608.376457025464,46952.376457025464,0.006025792770577902,False
1905,670.4961173825106,47589.382991771556,46950.382991771556,0.005870934780383217,False
1906,670.7759769921496,47541.389517741954,46899.389517741954,0.005904681329582995,False
1907,671.0558395127592,47593.39603495002,46927.39603495002,0.0061202388469041155,False
1908,671.3357049199684,47543.40254340913,46875.40254340913,0.006145249436809735,False
1909,671.6155731894055,47554.40904313263,46887.40904313263,0.0061345544108588135,False
1910,671.8954442966993,47563.415534133914,46916.415534133914,0.005948209667510472,False
1911,672.1753182174784,47638.42201642634,46964.42201642634,0.0061883854879585766,False
1912,672.4551949273715,47631.42849002329,46932.42849002329,0.006420579314264522,False
1913,672.7350744020073,47636.43495493815,46959.43495493815,0.00621638945681704,False
1914,673.0149566170143,47673.44141118431,47034.44141118431,0.005860512913176866,False
1915,673.294841548021,47637.447858775144,46974.447858775144,0.006086802354325699,False
1916,673.5747291706565,47578.45429772406,46904.45429772406,0.006196241214417511,False
1917,673.8546194605491,47561.460728044454,46897.460728044454,0.006105855996341094,False
1918,674.1345123933276,47361.46714974973,46729.46714974973,0.005834318524284082,False
1919,674.4144079446205,47322.473562853294,46647.473562853294,0.00623931004183641,False
1920,674.6943060900566,47217.47996736855,46556.47996736855,0.006122667899670062,False
1921,674.9742068052644,47036.48636330891,46398.48636330891,0.005931059384030864,False
1922,675.2541100658726,46948.4927506878,46262.4927506878,0.006392624048628677,False
1923,675.53401584751,46895.499129518634,46224.499129518634,0.006258948595569071,False
1924,675.813924125805,46866.50549981484,46211.50549981484,0.006112455097593116,False
1925,676.0938348763865,46766.51186158984,46129.51186158984,0.00595611975594183,False
1926,676.3737480748828,46779.518214857075,46138.518214857075,0.0059921020676830215,False
1927,676.6536636969229,46849.52455962998,46220.52455962998,0.005870317913775377,False
1928,676.9335817181353,46767.530895921984,46149.530895921984,0.0057771509859837105,False
1929,677.2135021141485,46659.53722374654,46064.53722374654,0.005573714595620295,False
1930,677.4934248605913,46488.5435431171,45890.5435431171,0.0056227385669213835,False
1931,677.7733499330924,46381.5498540471,45736.5498540471,0.006081856217223583,False
1932,678.0532773072804,46189.55615655,45539.55615655,0.006154995532361195,False
1933,678.3332069587839,46069.56245063926,45449.56245063926,0.0058843809618679506,False
1934,678.6131388632315,46005.56873632835,45415.56873632835,0.005605646764838031,False
1935,678.8930729962518,45983.575013630725,45407.575013630725,0.0054744235918650205,False
1936,679.1730093334737,45979.58128255985,45410.58128255985,0.00540795084188883,False
1937,679.4529478505257,45905.58754312921,45333.58754312921,0.005445461294926847,False
1938,679.7328885230364,45792.593795352266,45194.593795352266,0.005708756289501637,False
1939,680.0128313266345,45748.600039242505,45107.600039242505,0.0061280877163080736,False
1940,680.2927762369486,45704.60627481341,45057.60627481341,0.0061918563153429305,False
1941,680.5727232296074,45602.61250207848,44985.61250207848,0.005916085429665099,False
1942,680.8526722802396,45504.618721051185,44931.618721051185,0.0055034148972107014,False
1943,681.1326233644737,45338.624931745035,44769.624931745035,0.005484888346341165,False
1944,681.4125764579384,45305.63113417351,44711.63113417351,0.005731671018401738,False
1945,681.6925315362623,45162.63732835013,44592.63732835013,0.005516136708227359,False
1946,681.9724885750742,45024.643514288386,44451.643514288386,0.005562460139909892,False
1947,682.2524475500026,44858.64969200179,44274.64969200179,0.0056910629039312165,False
1948,682.5324084366763,44736.65586150385,44166.65586150385,0.005568999443075733,False
1949,682.8123712107238,44706.66202280809,44118.66202280809,0.005749911712886775,False
1950,683.0923358477737,44706.66817592802,44121.66817592802,0.005720380578986054,False
1951,683.3723023234547,44648.674320877166,44036.674320877166,0.005994055301249038,False
1952,683.6522706133954,44588.68045766905,43971.68045766905,0.006051556886105274,False
1953,683.9322406932248,44447.6865863172,43847.6865863172,0.005902476897291183,False
1954,684.2122125385711,44289.69270683514,43723.69270683514,0.005585833660272806,False
1955,684.4921861250632,44207.69881923643,43632.69881923643,0.005685832502891786,False
1956,684.7721614283295,44077.704923534584,43518.704923534584,0.005543010528007307,False
1957,685.0521384239989,43966.711019743154,43422.711019743154,0.0054070445693269785,False
1958,685.3321170876999,44008.71710787569,43410.71710787569,0.005941748617190697,False
1959,685.6120973950613,43811.723187945725,43207.723187945725,0.006028953081845403,False
1960,685.8920793217114,43638.72925996683,43044.72925996683,0.005952115077472119,False
1961,686.1720628432794,43437.73532395254,42852.73532395254,0.005888626227234913,False
1962,686.4520479353932,43368.741379916435,42786.741379916435,0.0058676064531013195,False
1963,686.7320345736822,43233.74742787206,42644.74742787206,0.005957334517048167,False
1964,687.0120227337748,43130.75346783299,42516.75346783299,0.006226950198621492,False
1965,687.2920123912992,43039.75949981279,42443.75949981279,0.006055990872839481,False
1966,687.5720035218847,42988.76552382503,42403.76552382503,0.005950549620323484,False
1967,687.8519961011594,42931.77153988329,42340.77153988329,0.0060200420750744065,False
1968,688.1319901047524,42821.77754800113,42236.77754800113,0.0059739147365026595,False
1969,688.4119855082921,42746.783548192165,42170.783548192165,0.005891771673113937,False
1970,688.6919822874072,42619.789540469945,42064.789540469945,0.0056925804218151774,False
1971,688.9719804177263,42549.79552484808,41967.79552484808,0.005981320116565548,False
1972,689.2519798748781,42452.80150134015,41888.80150134015,0.0058084202863502256,False
1973,689.5319806344912,42367.80746995976,41814.80746995976,0.005705888402739735,False
1974,689.8119826721942,42279.81343072049,41752.81343072049,0.005447317336597389,False
1975,690.0919859636159,42190.81938363596,41652.81938363596,0.00557355671967643,False
1976,690.3719904843848,42150.82532871975,41603.82532871975,0.005672818342972951,False
1977,690.6519962101296,42137.831265985486,41564.831265985486,0.005946157936079176,False
1978,690.932003116479,42108.83719544677,41528.83719544677,0.006023477798477826,False
1979,691.2120111790616,42068.84311711722,41458.84311711722,0.0063433899761472495,False
1980,691.492020373506,41993.84903101044,41405.84903101044,0.0061239882791900395,False
1981,691.7720306754409,41899.854937140066,41324.854937140066,0.0060011816438381846,False
1982,692.052042060495,41784.8608355197,41217.8608355197,0.005933511495593219,False
1983,692.3320545042967,41582.86672616298,41026.86672616298,0.005846075710837476,False
1984,692.6120679824749,41470.87260908353,40941.87260908353,0.005575471019716187,False
1985,692.8920824706581,41355.87848429499,40842.87848429499,0.0054209082977802235,False
1986,693.1720979444751,41260.884351810986,40753.884351810986,0.005369523335262254,False
1987,693.4521143795545,41052.89021164515,40577.89021164515,0.005054275021402928,False
1988,693.7321317515248,40818.896063811124,40337.896063811124,0.0051480125403171855,False
1989,694.0121500360148,40658.90190832256,40163.90190832256,0.005319747554816344,False
1990,694.292169208653,40663.907745193086,40153.907745193086,0.005481294553148695,False
1991,694.5721892450682,40610.913574436374,40108.913574436374,0.005401860939910704,False
1992,694.852210120889,40597.919396066056,40068.919396066056,0.005696146714508486,False
1993,695.132231811744,40506.9252100958,39987.9252100958,0.005600406943267364,False
1994,695.4122542932618,40465.93101653925,39939.93101653925,0.0056822264071849996,False
1995,695.6922775410711,40462.93681541008,39909.93681541008,0.005976360619652738,False
1996,695.9723015308007,40316.94260672195,39794.94260672195,0.0056597077293401455,False
1997,696.2523262380789,40189.94839048851,39652.94839048851,0.005841963726323428,False
1998,696.5323516385348,40069.95416672345,39500.95416672345,0.006211259304075672,False
1999,696.8123777077966,39951.95993544044,39392.95993544044,0.006119475134988361,False
2000,697.0924044214933,40004.96569665315,39430.96569665315,0.006276488916969723,False
2001,697.3724317552532,39986.97145037525,39404.97145037525,0.0063674954181529835,False
2002,697.6524596847053,39942.97719662042,39363.97719662042,0.006341460839304678,False
2003,697.932488185478,39833.98293540235,39281.98293540235,0.006060330339324256,False
2004,698.2125172332,39807.98866673474,39246.98866673474,0.006163895112133471,False
2005,698.4925468035,39704.994390631255,39145.994390631255,0.00615780946701573,False
2006,698.7725768720065,39612.00010710559,39076.00010710559,0.0059166694306862395,False
2007,699.0526074143484,39496.00581617145,38970.00581617145,0.005822707555560125,False
2008,699.3326384061542,39452.011517842526,38920.011517842526,0.005896191122155491,False
2009,699.6126698230524,39375.017212132516,38831.017212132516,0.006041989227078186,False
2010,699.8927016406719,39264.02289905512,38713.02289905512,0.006137709885266998,False
2011,700.1727338346412,39133.02857862405,38589.02857862405,0.006079614075843436,False
2012,700.4527663805891,39061.03425085301,38494.03425085301,0.006350309873536336,False
2013,700.7327992541439,39033.039915755704,38464.039915755704,0.0063774790316304085,False
2014,701.0128324309346,38972.04557334586,38412.04557334586,0.006285766282077938,False
2015,701.2928658865898,38921.05122363718,38395.05122363718,0.005909310343100762,False
2016,701.5728995967379,38849.05686664338,38313.05686664338,0.0060336757318053,False
2017,701.8529335370077,38827.0625023782,38265.0625023782,0.006332107789654616,False
2018,702.132967683028,38842.06813085535,38274.06813085535,0.006397720079705622,False
2019,702.4130020104271,38771.073752088545,38232.073752088545,0.006079973521000482,False
2020,702.6930364948341,38721.07936609153,38186.07936609153,0.006042384081851071,False
2021,702.9730711118773,38623.08497287804,38083.08497287804,0.006114837821364221,False
2022,703.2531058371853,38571.090572461784,38003.090572461784,0.006443001711494362,False
2023,703.533140646387,38559.09616485653,37993.09616485653,0.006422158493140766,False
2024,703.8131755151109,38489.10175007599,37922.10175007599,0.006445376585876078,False
2025,704.0932104189857,38364.10732813392,37829.10732813392,0.0060990041559668825,False
2026,704.3732453336398,38259.112899044056,37731.112899044056,0.006035280836154844,False
2027,704.6532802347023,38180.11846282015,37655.11846282015,0.0060132533329260215,False
2028,704.9333150978015,38104.12401947595,37598.12401947595,0.005805805937197788,False
2029,705.2133498985661,38093.12956902521,37615.12956902521,0.005484091780690199,False
2030,705.4933846126249,38184.13511148167,37655.13511148167,0.006058747832118916,False
2031,705.7734192156064,38187.1406468591,37657.1406468591,0.006069800339807963,False
2032,706.0534536831393,38216.146175171256,37693.146175171256,0.005984500740457959,False
2033,706.3334879908522,38192.151696431894,37680.151696431894,0.005861484102541341,False
2034,706.6135221143738,38166.15721065478,37665.15721065478,0.0057386503964690205,False
2035,706.8935560293327,38202.16271785369,37687.16271785369,0.005894507307388814,False
2036,707.1735897113575,38191.16821804237,37682.16821804237,0.005827059094576484,False
2037,707.453623136077,38269.17371123461,37758.17371123461,0.00583810509534743,False
2038,707.7336562791197,38364.179197444166,37849.179197444166,0.005869445127274628,False
2039,708.0136891161144,38335.18467668483,37839.18467668483,0.005655789716420805,False
2040,708.2937216226894,38461.19014897037,37939.19014897037,0.005934662796238942,False
2041,708.5737537744739,38443.195614314565,37904.195614314565,0.006132196820925242,False
2042,708.853785547096,38490.20107273121,37957.20107273121,0.0060559993728208404,False
2043,709.1338169161846,38674.20652423407,38147.20652423407,0.005958671502606295,False
2044,709.4138478573684,38913.21196883694,38378.21196883694,0.0060123425559619114,False
2045,709.693878346276,38725.21740655361,38184.21740655361,0.006109970528556593,False
2046,709.9739083585359,37256.22283739787,36741.22283739787,0.006045215951533576,False
2047,710.253937869777,35742.22826138353,35270.22826138353,0.005773353698102497,False
2048,710.5339668556278,34591.23367852435,34129.23367852435,0.005839514231764964,False
2049,710.8139952917168,33231.23908883416,32795.23908883416,0.005735733652551365,False
2050,711.0940231536729,32035.244492326747,31637.244492326747,0.0054293921214113115,False
2051,711.3740504171246,30640.24988901591,30248.24988901591,0.005592050704409886,False
2052,711.6540770577005,29031.25527891546,28636.25527891546,0.005949589347289348,False
2053,711.9341030510295,27488.260662039203,27109.260662039203,0.006029587005560265,False
2054,712.21412837274,26554.266038400947,26193.266038400947,0.005944648012446328,False
2055,712.4941529984609,27081.2714080145,26701.2714080145,0.00613710846524405,False
2056,712.7741769038204,26544.27677089368,26183.27677089368,0.00594690051728182,False
2057,713.0542000644475,25991.2821270523,25647.2821270523,0.005786354209507699,False
2058,713.3342224559708,25262.287476504178,24937.287476504178,0.005623461108115018,False
2059,713.6142440540189,24444.29281926313,24133.29281926313,0.0055608951109779045,False
2060,713.8942648342203,24563.29815534298,24248.29815534298,0.0056054163883511995,False
2061,714.1742847722039,23378.303484757555,23075.303484757555,0.005665570569121131,False
2062,714.4543038435983,22233.308807520676,21938.308807520676,0.005800954726122927,False
2063,714.734322024032,21295.31412364617,21005.31412364617,0.005954870090171964,False
2064,715.0143392891338,20956.31943314787,20667.31943314787,0.006030857734231313,False
2065,715.2943556145322,20655.324736039605,20361.324736039605,0.006225996811910617,False
2066,715.5743709758559,20188.330032335212,19908.330032335212,0.006065564134446346,False
2067,715.8543853487336,19591.335322048522,19338.335322048522,0.005644951475111832,False
2068,716.1343987087938,18790.340605193378,18552.340605193378,0.005535943478566177,False
2069,716.4144110316654,18061.345881783618,17816.345881783618,0.005931474227800155,False
2070,716.6944222929768,17293.35115183308,17078.35115183308,0.005433221236115773,False
2071,716.9744324683568,16338.356415355614,16135.356415355614,0.005429802788321408,False
2072,717.254441533434,16371.36167236506,16159.36167236506,0.00566060168029262,False
2073,717.5344494638371,17755.366922875266,17512.366922875266,0.005984803540325782,False
2074,717.8144562351945,20716.372166900084,20426.372166900084,0.006122464003959916,False
2075,718.0944618231351,24771.377404453367,24436.377404453367,0.005913332145465978,False
2076,718.3744662032875,29918.382635548962,29483.382635548962,0.00636080345028977,False
2077,718.6544693512803,35157.387860200724,34659.387860200724,0.006195712073109117,False
2078,718.9344712427421,37158.39307842252,36636.39307842252,0.006144214587981836,False
2079,719.2144718533017,37600.3982902282,37077.3982902282,0.006083193079071283,False
2080,719.4944711585877,37569.403495631625,37030.403495631625,0.0062758553590265154,False
2081,719.7744691342285,37443.408694646656,36916.408694646656,0.0061559329231942244,False
2082,720.054465755853,37278.41388728716,36736.41388728716,0.006360666474489133,False
2083,720.3344609990899,37046.419073567005,36527.419073567005,0.0061272479613946424,False
2084,720.6144548395675,36883.42425350006,36379.42425350006,0.005975412541616856,False
2085,720.8944472529149,36759.429427100185,36268.429427100185,0.005840012488191119,False
2086,721.1744382147605,36651.434594381266,36162.434594381266,0.005833317109157299,False
2087,721.4544277007328,36495.43975535716,36010.43975535716,0.005810176133666894,False
2088,721.7344156864607,36415.44491004175,35919.44491004175,0.005956003796585122,False
2089,722.0144021475728,36389.450058448914,35867.450058448914,0.006274990018104602,False
2090,722.2943870596977,36251.45520059252,35732.45520059252,0.006262586753951367,False
2091,722.574370398464,36200.46033648647,35684.46033648647,0.0062349599772120925,False
2092,722.8543521395004,36165.46546614462,35639.46546614462,0.0063628773337047,False
2093,723.1343322584355,36070.470589580866,35560.470589580866,0.006184308758994061,False
2094,723.414310730898,36054.4757068091,35548.4757068091,0.006138201336409143,False
2095,723.6942875325166,36045.48081784319,35534.48081784319,0.0062008485422290595,False
2096,723.9742626389199,35927.485922697044,35431.485922697044,0.0060374617684838885,False
2097,724.2542360257363,35738.491021384536,35262.491021384536,0.00582322285189706,False
2098,724.5342076685947,35658.496113919566,35185.496113919566,0.005799344050348154,False
2099,724.8141775431238,35565.50120031602,35080.50120031602,0.0059631437245807025,False
2100,725.0941456249523,35437.506280587804,34976.506280587804,0.005686726533146437,False
2101,725.3741118897084,35396.5113547488,34937.5113547488,0.005668494122210509,False
2102,725.6540763130213,35343.51642281292,34886.51642281292,0.005652151126792732,False
2103,725.9340388705192,35350.52148479406,34899.52148479406,0.005576352526978384,False
2104,726.213999537831,35360.52654070611,34894.52654070611,0.005761413244479068,False
2105,726.4939582905853,35347.53159056298,34882.53159056298,0.0057510950741013495,False
2106,726.7739151044107,35345.53663437858,34856.53663437858,0.006050346565838315,False
2107,727.0538699549359,35329.5416721668,34833.5416721668,0.006140370154231734,False
2108,727.3338228177894,35249.54670394157,34759.54670394157,0.006079432278761516,False
2109,727.6137736686001,35161.55172971677,34667.55172971677,0.006144860598668255,False
2110,727.8937224829964,35105.55674950633,34624.55674950633,0.005991642596952278,False
2111,728.173669236607,34967.561763324156,34469.561763324156,0.006229588708628455,False
2112,728.4536139050607,34888.56677118416,34368.56677118416,0.006521707234362834,False
2113,728.7335564639859,34843.57177310026,34341.57177310026,0.006302499204095109,False
2114,729.0134968890115,34790.576769086365,34310.576769086365,0.0060336099645948195,False
2115,729.2934351557661,34744.5817591564,34262.5817591564,0.0060670033054569285,False
2116,729.5733712398782,34666.58674332427,34187.58674332427,0.00604263771664643,False
2117,729.8533051169765,34567.5917216039,34100.5917216039,0.005907208834821485,False
2118,730.1332367626896,34521.596694009226,34062.596694009226,0.005813122049380152,False
2119,730.4131661526463,34503.60166055415,34043.60166055415,0.00582893104148212,False
2120,730.6930932624751,34527.606621252606,34042.606621252606,0.006143668697402999,False
2121,730.9730180678048,34445.61157611852,33972.61157611852,0.006004966315834687,False
2122,731.2529405442638,34387.61652516581,33918.61652516581,0.005963945128421484,False
2123,731.532860667481,34269.62146840841,33831.62146840841,0.005586494395599373,False
2124,731.8127784130849,34140.626405860254,33691.626405860254,0.005749508892844046,False
2125,732.0926937567042,34107.63133753527,33659.63133753527,0.005742205149240112,False
2126,732.3726066739674,34053.63626344738,33589.63626344738,0.0059581919310430975,False
2127,732.6525171405034,34075.64118361052,33583.64118361052,0.00631625532940176,False
2128,732.9324251319407,34037.64609803863,33549.64609803863,0.006271575123629612,False
2129,733.212330623908,33914.65100674565,33461.65100674565,0.0058399870265264655,False
2130,733.4922335920337,33865.655909745496,33416.655909745496,0.005796504663904113,False
2131,733.7721340119468,33752.660807052125,33331.660807052125,0.005451061376142648,False
2132,734.0520318592758,33682.66569867947,33242.66569867947,0.00571061274806726,False
2133,734.3319271096493,33562.67058464146,33128.67058464146,0.005652501886847879,False
2134,734.611819738696,33485.67546495206,33061.67546495206,0.005534205329998455,False
2135,734.8917097220445,33468.68033962519,33013.68033962519,0.005944646746633637,False
2136,735.1715970353235,33474.68520867481,33002.68520867481,0.006167224693038722,False
2137,735.4514816541617,33453.690072114856,32962.690072114856,0.006421382043876066,False
2138,735.7313635541876,33341.69492995927,32857.69492995927,0.006350580425149079,False
2139,736.0112427110299,33313.69978222201,32826.69978222201,0.006395644309064003,False
2140,736.2911191003174,33186.70462891701,32715.704628917007,0.00620785146230518,False
2141,736.5709926976783,33094.709470058224,32611.709470058227,0.006385008238143312,False
2142,736.8508634787418,33022.71430565961,32571.71430565961,0.005972150440800442,False
2143,737.1307314191362,32925.71913573512,32492.719135735115,0.005749212664463125,False
2144,737.4105964944902,32815.72396029869,32396.72396029869,0.005580894379475956,False
2145,737.6904586804325,32763.728779364286,32328.728779364286,0.0058046944036063116,False
2146,737.9703179525917,32697.733592945857,32267.733592945857,0.005749188376332658,False
2147,738.2501742865966,32614.738401057366,32190.738401057366,0.005682960667764613,False
2148,738.5300276580756,32567.74320371276,32142.74320371276,0.005704726358901965,False
2149,738.8098780426574,32448.748000926,32013.748000926,0.005861422656912614,False
2150,739.0897254159709,32446.752792711042,32012.752792711042,0.005848219021594513,False
2151,739.3695697536444,32412.757579081852,31990.757579081852,0.005691456246691789,False
2152,739.6494110313067,32401.76236005238,31979.76236005238,0.0056934003013092045,False
2153,739.9292492245864,32307.767135636597,31876.767135636597,0.005832674095666387,False
2154,740.2090843091123,32245.771905848458,31785.771905848458,0.006240015050228556,False
2155,740.488916260513,32196.77667070193,31724.77667070193,0.0064138216438458006,False
2156,740.768745054417,32150.78143021097,31666.78143021097,0.006587608491625369,False
2157,741.0485706664529,31972.786184389548,31491.786184389548,0.0065831892632798,False
2158,741.3283930722497,31881.790933251632,31396.790933251632,0.006657448450598076,False
2159,741.6082122474356,31732.79567681118,31249.79567681118,0.006661153264528659,False
2160,741.8880281676396,31638.80041508217,31176.80041508217,0.006388466112979411,False
2161,742.1678408084902,31526.805148078558,31056.805148078558,0.006523185321004007,False
2162,742.4476501456159,31430.80987581432,31000.80987581432,0.005982531961100506,False
2163,742.7274561546457,31380.814598303426,30955.814598303426,0.00592197611957009,False
2164,743.0072588112077,31366.819315559846,30918.819315559846,0.006247580902913078,False
2165,743.2870580909313,31330.824027597548,30907.824027597548,0.005903386407447002,False
2166,743.5668539694444,31292.828734430503,30880.828734430503,0.005755876457523794,False
2167,743.8466464223761,31254.83343607269,30823.83343607269,0.006030539595952976,False
2168,744.126435425355,31197.838132538076,30780.838132538076,0.005844059363894523,False
2169,744.4062209540097,31123.84282384064,30699.84282384064,0.005957061456504755,False
2170,744.6860029839685,30970.847509994357,30542.847509994357,0.006043565999220652,False
2171,744.9657814908605,30840.852191013197,30409.852191013197,0.006112060687964917,False
2172,745.2455564503144,30689.85686691114,30266.85686691114,0.006027539985295712,False
2173,745.5253278379585,30560.861537702167,30163.861537702167,0.005678654658972697,False
2174,745.8050956294215,30540.86620340025,30167.86620340025,0.005336757127469369,False
2175,746.0848598003323,30499.870864019365,30140.870864019365,0.005142204268918489,False
2176,746.3646203263193,30475.875519573496,30126.875519573496,0.005002097995819467,False
2177,746.6443771830111,30391.88017007662,30059.88017007662,0.004770323207934942,False
2178,746.9241303460366,30337.88481554272,29980.88481554272,0.005140852221510953,False
2179,747.2038797910244,30286.889455985776,29903.889455985776,0.005526993820080707,False
2180,747.483625493603,30195.894091419766,29824.894091419766,0.005368983304964547,False
2181,747.763367429401,30015.898721858677,29649.898721858677,0.005328137087294159,False
2182,748.0431055740473,29864.90334731649,29509.90334731649,0.00519332649128809,False
2183,748.3228399031702,29771.907967807183,29395.907967807183,0.005519788784072054,False
2184,748.6025703923987,29675.912583344747,29304.912583344747,0.005463652887241151,False
2185,748.8822970173613,29617.91719394316,29230.91719394316,0.005712071925381852,False
2186,749.1620197536865,29529.92179961641,29141.92179961641,0.005744108420799005,False
2187,749.4417385770032,29420.926400378485,29037.926400378485,0.0056907434395836445,False
2188,749.72145346294,29335.930996243365,28968.930996243365,0.005467406129086266,False
2189,750.0011643871252,29199.935587225038,28848.935587225038,0.005252099408502047,False
2190,750.2808713251878,29124.940173337494,28769.940173337494,0.005326083151600364,False
2191,750.5605742527564,28994.944754594715,28628.944754594715,0.005516945116265487,False
2192,750.8402731454597,28889.949331010695,28522.949331010695,0.005552349717174725,False
2193,751.1199679789262,28801.953902599413,28427.953902599413,0.005676348425298245,False
2194,751.3996587287845,28733.958469374866,28351.958469374866,0.005812395676696883,False
2195,751.6793453706633,28625.96303135104,28256.96303135104,0.005634622649657396,False
2196,751.9590278801915,28522.96758854192,28155.96758854192,0.005624251828917681,False
2197,752.2387062329973,28427.9721409615,28059.9721409615,0.0056586456597258975,False
2198,752.5183804047095,28401.97668862377,28026.97668862377,0.005772314335044648,False
2199,752.7980503709571,28354.98123154272,27985.98123154272,0.005688825615923059,False
2200,753.0777161073684,28249.98576973234,27879.98576973234,0.005725685632760018,False
2201,753.357377589572,28088.990303206618,27713.990303206618,0.005837067503123097,False
2202,753.6370347931967,27950.99483197955,27577.99483197955,0.005834584032742492,False
2203,753.9166876938712,27791.999356065127,27417.999356065127,0.005884029147203043,False
2204,754.1963362672238,27664.003875477338,27281.003875477338,0.006054689497337707,False
2205,754.4759804888837,27535.00839023018,27129.00839023018,0.006451293275988274,False
2206,754.7556203344789,27415.012900337642,27019.012900337642,0.006318975910574928,False
2207,755.0352557796386,27274.017405813716,26872.017405813716,0.0064488411845169515,False
2208,755.3148867999912,27078.0219066724,26695.0219066724,0.006186653668908926,False
2209,755.5945133711654,26943.02640292768,26571.02640292768,0.0060380457530499945,False
2210,755.8741354687896,26770.030894593554,26401.030894593554,0.006027987074845822,False
2211,756.1537530684928,26603.035381684018,26245.035381684018,0.00588402946677325,False
2212,756.4333661459035,26452.03986421306,26062.03986421306,0.006450763788540234,False
2213,756.7129746766504,26357.044342194677,25997.044342194677,0.00597273227923592,False
2214,756.992578636362,26262.048815642866,25916.048815642866,0.00575981494584926,False
2215,757.2721780006672,26200.053284571615,25845.053284571615,0.005924742683951212,False
2216,757.5517727451944,26155.057748994925,25789.057748994925,0.0061202085896566,False
2217,757.8313628455722,26067.062208926785,25699.062208926785,0.006174812716550144,False
2218,758.1109482774295,26027.066664381196,25660.066664381196,0.006167444127912326,False
2219,758.3905290163948,25961.071115372146,25566.071115372146,0.006658614212850528,False
2220,758.6701050380967,25950.075561913636,25565.075561913636,0.006491546077684871,False
2221,758.949676318164,25928.08000401966,25542.08000401966,0.006514097211828759,False
2222,759.2292428322253,25852.08444170421,25462.08444170421,0.006601611717673276,False
2223,759.5088045559091,25767.088874981284,25396.088874981284,0.00629851717559907,False
2224,759.7883614648441,25689.093303864876,25328.093303864876,0.006146278740826452,False
2225,760.0679135346592,25671.097728368983,25311.097728368983,0.006133459366614802,False
2226,760.3474607409827,25679.102148507598,25331.102148507598,0.005925748643719977,False
2227,760.6270030594433,25676.106564294718,25333.106564294718,0.005840719485035392,False
2228,760.9065404656699,25720.11097574434,25364.11097574434,0.006053193436289634,False
2229,761.1860729352908,25764.115382870456,25389.115382870456,0.0063676661617988175,False
2230,761.4656004439349,25772.11978568706,25401.11978568706,0.006297278700636215,False
2231,761.7451229672307,25903.124184208154,25541.124184208154,0.00611213896127871,False
2232,762.024640480807,26005.12857844773,25633.12857844773,0.006257389425488299,False
2233,762.3041529602923,26030.13296841978,25645.13296841978,0.006471431402079631,False
2234,762.5836603813153,26119.137354138304,25721.137354138304,0.00666866064921629,False
2235,762.8631627195047,26212.141735617293,25827.141735617293,0.006426161740172339,False
2236,763.142659950489,26337.146112870745,25958.146112870745,0.006295040470040459,False
2237,763.4221520498969,26435.150485912654,26078.150485912654,0.005904999905067871,False
2238,763.7016389933572,26587.154854757013,26208.154854757013,0.0062354189056681815,False
2239,763.9811207564984,26725.15921941782,26332.15921941782,0.006433828844646307,False
2240,764.2605973149491,26797.163579909065,26410.163579909065,0.0063177361987857596,False
2241,764.540068644338,26886.167936244747,26497.167936244747,0.0063294487313638684,False
2242,764.8195347202939,27017.172288438855,26655.172288438855,0.005858398311132523,False
2243,765.0989955184451,27111.176636505388,26734.176636505388,0.0060815533826253584,False
2244,765.3784510144205,27172.180980458335,26777.180980458335,0.006359644658496527,False
2245,765.6579011838488,27199.185320311695,26806.185320311695,0.006320880395219808,False
2246,765.9373460023585,27287.18965607946,26913.18965607946,0.005993637546792556,False
2247,766.2167854455782,27328.193987775616,26960.193987775616,0.005887919065636457,False
2248,766.4962194891368,27363.198315414164,26991.198315414164,0.005944691866820858,False
2249,766.7756481086626,27399.202639009094,27005.202639009094,0.006290483888290215,False
2250,767.0550712797844,27506.2069585744,27110.2069585744,0.006297873342806643,False
2251,767.334488978131,27553.21127412407,27196.21127412407,0.0056638159920810605,False
2252,767.6139011793309,27571.2155856721,27190.2155856721,0.0060432630777827925,False
2253,767.8933078590127,27642.219893232475,27266.219893232475,0.00594798461950191,False
2254,768.172708992805,27644.224196819196,27289.224196819196,0.0056132171512483075,False
2255,768.4521045563367,27665.228496446245,27311.228496446245,0.005593025810040712,False
2256,768.7314945252364,27713.232792127616,27349.232792127616,0.005742041973386022,False
2257,769.0108788751323,27727.2370838773,27326.2370838773,0.00632676392557359,False
2258,769.2902575816536,27722.241371709282,27317.241371709282,0.006391500466090646,False
2259,769.5696306204287,27718.24565563756,27310.24565563756,0.006440132789284242,False
2260,769.8489979670862,27722.249935676115,27330.249935676115,0.006184871334538442,False
2261,770.1283595972549,27690.254211838936,27307.254211838936,0.006048909498144241,False
2262,770.4077154865632,27712.258484140017,27321.258484140017,0.0061712210686598904,False
2263,770.6870656106402,27681.26275259334,27313.26275259334,0.005812315075777876,False
2264,770.966409945114,27648.267017212893,27279.267017212893,0.005835218256527147,False
2265,771.2457484656136,27643.271278012668,27272.271278012668,0.005868127551548012,False
2266,771.5250811477675,27609.275535006644,27229.275535006644,0.006018924330646552,False
2267,771.8044079672043,27578.27978820881,27205.27978820881,0.005913976610305872,False
2268,772.0837288995529,27549.28403763315,27180.28403763315,0.00585632585093707,False
2269,772.3630439204418,27475.288283293656,27112.288283293656,0.00577608425542776,False
2270,772.6423530054994,27411.292525204302,27060.292525204302,0.005597027252816557,False
2271,772.9216561303547,27369.29676337908,27009.29676337908,0.005750361953208437,False
2272,773.2009532706362,27326.300997831968,26964.300997831968,0.005791681309238028,False
2273,773.4802444019726,27285.30522857695,26917.30522857695,0.005897237188699931,False
2274,773.7595294999924,27229.30945562801,26867.30945562801,0.0058124501060237725,False
2275,774.0388085403243,27173.313678999126,26827.313678999126,0.005565414865548905,False
2276,774.3180814985972,27073.317898704285,26722.317898704285,0.005667356621481689,False
2277,774.5973483504395,27051.32211475746,26708.32211475746,0.00554189041932314,False
2278,774.8766090714796,26983.326327172632,26648.326327172632,0.005425547654391058,False
2279,775.1558636373468,26945.33053596379,26600.33053596379,0.00559648220433567,False
2280,775.4351120236691,26940.334741144896,26612.334741144896,0.005320010102990642,False
2281,775.7143542060755,26874.33894272994,26571.33894272994,0.004924350970070666,False
2282,775.9935901601946,26885.343140732897,26576.343140732897,0.005020361257760957,False
2283,776.2728198616551,26828.347335167746,26531.347335167746,0.004834615113581559,False
2284,776.5520432860854,26798.351526048453,26483.351526048453,0.005135134495098066,False
2285,776.8312604091143,26741.355713389003,26409.355713389003,0.005425614800444895,False
2286,777.1104712063704,26707.359897203365,26353.359897203365,0.005794965777211946,False
2287,777.3896756534825,26617.364077505514,26260.364077505514,0.005864302088055756,False
2288,777.6688737260791,26591.368254309426,26239.368254309426,0.005787309809549176,False
2289,777.948065399789,26574.372427629067,26211.372427629067,0.005973255945013704,False
2290,778.2272506502406,26527.376597478415,26132.376597478415,0.006515394675832002,False
2291,778.5064294530627,26474.380763871435,26072.380763871435,0.00664512075740762,False
2292,778.7856017838839,26439.3849268221,26046.3849268221,0.0065038932163125306,False
2293,779.0647676183328,26386.389086344378,26004.389086344378,0.006333306659721335,False
2294,779.3439269320381,26333.39324245224,25968.39324245224,0.006061745497866776,False
2295,779.6230797006285,26260.39739515965,25883.39739515965,0.0062800136926921156,False
2296,779.9022258997326,26166.401544480574,25799.401544480574,0.0061343697332433495,False
2297,780.1813655049791,26096.405690428983,25741.405690428983,0.005948435987015954,False
2298,780.4604984919964,26054.409833018835,25717.409833018835,0.00565401442402709,False
2299,780.7396248364134,26062.4139722641,25705.4139722641,0.005990036440507747,False
2300,781.0187445138588,26039.41810817874,25696.41810817874,0.00575868491885237,False
2301,781.297857499961,25967.422240776712,25626.422240776712,0.005740862162108946,False
2302,781.5769637703489,25923.426370071982,25567.426370071982,0.006005388953656434,False
2303,781.8560633006508,25820.43049607851,25470.43049607851,0.0059271934654114575,False
2304,782.1351560664957,25729.434618810257,25384.434618810257,0.0058627481689581,False
2305,782.4142420435121,25679.438738281176,25336.438738281176,0.005839956472378485,False
2306,782.6933212073285,25627.442854505232,25249.442854505232,0.006453474209393717,False
2307,782.9723935335738,25567.446967496377,25207.446967496377,0.00615850162447353,False
2308,783.2514589978765,25528.451077268564,25149.451077268564,0.006495954661446954,False
2309,783.5305175758655,25538.455183835755,25185.455183835755,0.006044818942217821,False
2310,783.809569243169,25490.459287211896,25157.459287211896,0.005710882124191574,False
2311,784.0886139754159,25456.463387410946,25124.463387410946,0.005701273103327044,False
2312,784.3676517482347,25368.467484446854,25032.467484446854,0.00579057145699444,False
2313,784.6466825372544,25359.471578333567,25014.471578333567,0.0059488667985413924,False
2314,784.9257063181033,25343.47566908504,24994.47566908504,0.006022144278094182,False
2315,785.2047230664101,25325.47975671522,24968.47975671522,0.006165580741250522,False
2316,785.4837327578035,25293.483841238052,24953.483841238052,0.005877464226659058,False
2317,785.7627353679121,25296.487922667486,24957.487922667486,0.0058593597866481075,False
2318,786.0417308723648,25246.492001017465,24898.492001017465,0.006027996980657355,False
2319,786.3207192467898,25125.49607630193,24774.49607630193,0.006109815683406046,False
2320,786.5997004668161,25059.50014853483,24703.50014853483,0.006213912837285773,False
2321,786.8786745080722,24987.5042177301,24641.5042177301,0.006055665027566142,False
2322,787.1576413461868,24956.508283901687,24608.508283901687,0.006098533750699862,False
2323,787.4366009567884,24908.512347063526,24569.512347063526,0.0059512534747043775,False
2324,787.7155533155059,24852.516407229556,24500.516407229556,0.00619513092348535,False
2325,787.9944983979676,24792.520464413716,24414.520464413716,0.006672481835659424,False
2326,788.2734361798025,24747.524518629943,24380.524518629943,0.006488718478659118,False
2327,788.5523666366391,24735.528569892165,24355.528569892165,0.006723635994956454,False
2328,788.8312897441061,24769.53261821432,24398.53261821432,0.006554104172391815,False
2329,789.1102054778319,24777.536663610346,24427.536663610346,0.006178453645067944,False
2330,789.3891138134454,24744.54070609416,24385.54070609416,0.006347007354222408,False
2331,789.6680147265753,24655.544745679705,24326.544745679705,0.0058341746866996756,False
2332,789.94690819285,24603.5487823809,24274.5487823809,0.005846587718355299,False
2333,790.2257941878981,24573.55281621168,24227.55281621168,0.006158401811997041,False
2334,790.5046726873486,24506.556847185966,24156.556847185966,0.006247265257396452,False
2335,790.78354366683,24444.560875317682,24081.560875317682,0.006497607140805141,False
2336,791.0624071019708,24337.564900620753,23991.564900620753,0.006218545987334983,False
2337,791.3412629683999,24316.5689231091,23978.5689231091,0.006079035619720631,False
2338,791.6201112417455,24289.57294279664,23954.57294279664,0.006031446393241301,False
2339,791.8989518976367,24305.5769596973,23927.5769596973,0.0068072129553124845,False
2340,792.177784911702,24250.58097382499,23905.58097382499,0.006222844748292137,False
2341,792.45661025957,24216.584985193636,23885.584985193636,0.0059770169443578445,False
2342,792.7354279168693,24214.588993817142,23881.588993817142,0.00601388216097753,False
2343,793.0142378592287,24148.592999709428,23825.592999709428,0.005848113288314742,False
2344,793.2930400622769,24102.597002884406,23769.597002884406,0.006042020763202924,False
2345,793.5718345016421,24029.601003355983,23681.601003355983,0.006335499991076306,False
2346,793.8506211529534,23922.605001138072,23579.605001138072,0.006271943822472119,False
2347,794.1293999918393,23834.608996244577,23496.608996244577,0.0062028418645127485,False
2348,794.4081709939285,23760.61298868941,23411.61298868941,0.006426304317407146,False
2349,794.6869341348495,23747.61697848647,23415.61697848647,0.006114430142832941,False
2350,794.965689390231,23701.62096564966,23387.62096564966,0.005792001866044338,False
2351,795.2444367357017,23677.62495019289,23366.62495019289,0.005742149222646404,False
2352,795.5231761468903,23654.62893213005,23338.62893213005,0.00584080061964933,False
2353,795.8019075994252,23613.632911475048,23289.632911475048,0.0060001642911594625,False
2354,796.0806310689353,23535.636888241774,23205.636888241774,0.00613246275777787,False
2355,796.3593465310491,23430.64086244413,23083.64086244413,0.006479858458512148,False
2356,796.6380539613955,23347.644834096005,23011.644834096005,0.006295415746926755,False
2357,796.9167533356027,23261.64880321129,22946.64880321129,0.00592122575646855,False
2358,797.1954446292998,23226.652769803884,22910.652769803884,0.005949164160670401,False
2359,797.4741278181151,23178.65673388767,22863.65673388767,0.0059425726458327615,False
2360,797.7528028776774,23110.660695476538,22806.660695476538,0.005750659992489151,False
2361,798.0314697836154,23066.66465458437,22758.66465458437,0.005838025245162554,False
2362,798.3101285115577,23056.668611225057,22734.668611225057,0.0061079294332551754,False
2363,798.5887790371328,23021.672565412475,22695.672565412475,0.006193815518000687,False
2364,798.8674213359694,22978.67651716051,22633.67651716051,0.006569906776744371,False
2365,799.1460553836963,22924.680466483045,22582.680466483045,0.006527801486350137,False
2366,799.424681155942,22884.68441339395,22554.68441339395,0.006308172954804506,False
2367,799.7032986283352,22833.688357907104,22505.688357907104,0.006283768569463537,False
2368,799.9819077765047,22743.69230003638,22425.69230003638,0.006115112181531635,False
2369,800.2605085760789,22696.696239795652,22389.696239795652,0.00591444377064308,False
2370,800.5391010026865,22612.700177198793,22314.700177198793,0.0057613684569346214,False
2371,800.8176850319562,22589.704112259667,22281.704112259667,0.005962139657985443,False
2372,801.0962606395166,22567.70804499215,22270.70804499215,0.005753430152741128,False
2373,801.3748278009964,22523.711975410097,22209.711975410097,0.00609703863593229,False
2374,801.6533864920242,22497.715903527376,22172.715903527376,0.00631953582757876,False
2375,801.9319366882287,22413.71982935785,22099.71982935785,0.0061271710436843424,False
2376,802.2104783652384,22359.723752915383,22044.723752915383,0.00616177272038605,False
2377,802.4890114986821,22285.727674213827,21954.727674213827,0.006498764751449967,False
2378,802.7675360641883,22263.731593267043,21941.731593267043,0.006327059439362867,False
2379,803.046052037386,22192.73551008888,21875.73551008888,0.006248173454598824,False
2380,803.3245593939033,22095.7394246932,21783.7394246932,0.006176106257024676,False
2381,803.6030581093693,22035.743337093845,21730.743337093845,0.006053122897332557,False
2382,803.8815481594123,21984.74724730467,21676.74724730467,0.006127363290701073,False
2383,804.1600295196613,21927.751155339516,21640.751155339516,0.005721762861183901,False
2384,804.4385021657447,21882.755061212236,21604.755061212236,0.005552652258090196,False
2385,804.7169660732912,21766.758964936667,21493.758964936667,0.005481393803685817,False
2386,804.9954212179294,21696.762866526653,21425.762866526653,0.005458648445478631,False
2387,805.2738675752881,21612.766765996035,21320.766765996035,0.0059075474883882925,False
2388,805.5523051209959,21541.77066335865,21252.77066335865,0.005865842204987763,False
2389,805.8307338306813,21482.77455862833,21187.77455862833,0.006005027636612463,False
2390,806.1091536799729,21409.77845181891,21103.77845181891,0.0062519542545386815,False
2391,806.3875646444997,21314.78234294423,20999.78234294423,0.006466108771561602,False
2392,806.66596669989,21226.786232018105,20916.786232018105,0.006389288320977465,False
2393,806.9443598217725,21115.79011905437,20813.79011905437,0.006256165735957327,False
2394,807.2227439857761,21054.794004066855,20744.794004066855,0.006441870086397319,False
2395,807.5011191675292,20974.797887069377,20670.797887069377,0.006340544066399416,False
2396,807.7794853426605,20923.80176807576,20605.80176807576,0.006651079362282777,False
2397,808.0578424867987,20835.80564709982,20536.80564709982,0.006277404632607349,False
2398,808.3361905755722,20801.80952415538,20499.80952415538,0.006351289567907495,False
2399,808.6145295846101,20742.81339925625,20443.81339925625,0.006305752204506951,False
2400,808.8928594895407,20730.817272416247,20428.817272416247,0.006373199796632872,False
2401,809.1711802659927,20690.82114364918,20392.82114364918,0.006300416331277755,False
2402,809.4494918895947,20668.82501296886,20359.82501296886,0.006541747396717486,False
2403,809.7277943359754,20610.82888038909,20286.82888038909,0.006881291678000497,False
2404,810.0060875807636,20532.83274592368,20197.83274592368,0.007144097962692197,False
2405,810.2843715995878,20465.836609586426,20160.836609586426,0.0065209526196662515,False
2406,810.5626463680766,20385.840471391133,20111.840471391133,0.005876805835017158,False
2407,810.8409118618587,20299.844331351596,20046.844331351596,0.005446689567399971,False
2408,811.1191680565628,20248.848189481614,19977.848189481614,0.005851615754690891,False
2409,811.3974149278174,20191.852045794978,19919.852045794978,0.005890046928889566,False
2410,811.6756524512513,20120.855900305483,19836.855900305483,0.006173612265138015,False
2411,811.9538806024931,20061.859753026914,19766.859753026914,0.006433509117740158,False
2412,812.2320993571714,19957.863603973063,19661.863603973063,0.00648937120620189,False
2413,812.5103086909149,19841.867453157705,19560.867453157705,0.006194433894978957,False
2414,812.7885085793522,19769.871300594634,19463.871300594634,0.00677461783831029,False
2415,813.066698998112,19647.875146297625,19359.875146297625,0.006413037542871209,False
2416,813.3448799228228,19578.878990280456,19296.878990280456,0.00630074876567615,False
2417,813.6230513291134,19463.8828325569,19176.8828325569,0.006451466799417733,False
2418,813.9012131926124,19380.886673140736,19103.886673140736,0.006251908924613945,False
2419,814.1793654889484,19283.890512045728,19016.890512045728,0.006055150939187953,False
2420,814.4575081937502,19201.894349285652,18935.894349285652,0.006058254001521883,False
2421,814.7356412826463,19139.89818487427,18861.89818487427,0.0063542269730241805,False
2422,815.0137647312653,19047.902018825345,18763.902018825345,0.006523991933848848,False
2423,815.291878515236,19007.905851152642,18739.905851152642,0.006166867512452239,False
2424,815.569982610187,18992.909681869914,18731.909681869914,0.006009447906673392,False
2425,815.8480769917469,18939.913510990926,18678.913510990926,0.0060263802758940745,False
2426,816.1261616355443,18858.917338529427,18596.917338529427,0.0060757962587419685,False
2427,816.404236517208,18776.92116449917,18512.92116449917,0.006149431141038114,False
2428,816.6823016123665,18631.924988913903,18382.924988913903,0.005843112010995991,False
2429,816.9603568966484,18567.928811787377,18303.928811787377,0.006219144350167676,False
2430,817.2384023456825,18500.932633133332,18247.932633133332,0.005979952802511099,False
2431,817.5164379350973,18434.93645296551,18170.93645296551,0.006264335309361625,False
2432,817.7944636405216,18391.940271297655,18138.940271297655,0.006015637130411633,False
2433,818.0724794375841,18343.9440881435,18099.9440881435,0.005815484697295819,False
2434,818.3504853019132,18291.947903516782,18054.947903516782,0.005663716181970116,False
2435,818.6284812091376,18211.951717431235,17965.951717431235,0.005906262056423835,False
2436,818.9064671348862,18143.95552990058,17886.95552990058,0.006195545516631587,False
2437,819.1844430547873,18071.959340938552,17815.959340938552,0.006196027926295075,False
2438,819.4624089444698,18000.963150558873,17728.963150558873,0.0066124055285390225,False
2439,819.7403647795621,17914.966958775265,17626.966958775265,0.007038421078219199,False
2440,820.0183105356932,17836.970765601443,17551.970765601443,0.00699521364276436,False
2441,820.2962461884914,17764.974571051134,17482.974571051134,0.006949264283318566,False
2442,820.5741717135854,17663.978375138042,17405.978375138042,0.0063900847435891025,False
2443,820.8520870866041,17555.98217787588,17304.98217787588,0.006253974937497815,False
2444,821.1299922831759,17425.98597927836,17189.98597927836,0.0059218378082657955,False
2445,821.4078872789294,17319.989779359188,17093.989779359188,0.005704191446489333,False
2446,821.6857720494935,17233.993578132067,17003.993578132067,0.005834994503422432,False
2447,821.9636465704967,17141.997375610696,16894.997375610696,0.006303295627524382,False
2448,822.2415108175676,17051.001171808774,16820.001171808774,0.005923862526899349,False
2449,822.519364766335,17012.004966739998,16768.004966739998,0.006274106893300252,False
2450,822.7972083924274,16976.00876041806,16737.00876041806,0.006157747226910691,False
2451,823.0750416714734,16921.01255285665,16673.01255285665,0.006412270503510965,False
2452,823.3528645791018,16864.016344069452,16628.016344069452,0.006120571724409412,False
2453,823.6306770909412,16857.020134070157,16600.020134070157,0.006672190743683061,False
2454,823.9084791826202,16797.02392287244,16556.02392287244,0.0062762954821015396,False
2455,824.1862708297674,16729.027710489987,16504.027710489987,0.005880756389487806,False
2456,824.4640520080115,16690.031496936466,16459.031496936466,0.006052879942642273,False
2457,824.7418226929813,16605.03528222556,16375.035282225559,0.006057558309329969,False
2458,825.0195828603051,16529.039066370933,16295.039066370933,0.006192200127011332,False
2459,825.297332485612,16416.042849386253,16192.042849386255,0.005966832589782186,False
2460,825.5750715445303,16349.04663128519,16134.04663128519,0.005749124716483501,False
2461,825.8528000126886,16246.050412081402,16035.050412081402,0.005677466900768086,False
2462,826.1305178657158,16220.054191788551,15987.054191788551,0.006283853767287152,False
2463,826.4082250792404,16149.057970420292,15910.057970420292,0.006475431469610804,False
2464,826.685921628891,16055.061747990278,15821.061747990278,0.006376354661062413,False
2465,826.9636074902966,15958.06552451216,15715.06552451216,0.006664047809468452,False
2466,827.2412826390854,15843.069299999588,15626.069299999588,0.005989575853668465,False
2467,827.5189470508861,15710.073074466207,15494.073074466207,0.006012605247368823,False
2468,827.7966007013275,15598.076847925655,15389.076847925655,0.005858487296179182,False
2469,828.0742435660383,15535.080620391576,15327.080620391576,0.005854069603125001,False
2470,828.3518756206469,15501.084391877603,15265.084391877603,0.006662871076378474,False
2471,828.629496840782,15453.088162397371,15246.088162397371,0.005856855525388265,False
2472,828.9071072020727,15402.09193196451,15207.09193196451,0.005533539871932868,False
2473,829.184706680147,15334.095700592647,15135.095700592647,0.0056729979897815605,False
2474,829.462295250634,15306.099468295408,15119.099468295408,0.005338607050308396,False
2475,829.739872889162,15254.103235086412,15056.103235086412,0.005674097316752511,False
2476,830.0174395713599,15179.107000979277,14981.107000979277,0.005702316488374525,False
2477,830.2949952728562,15091.11076598762,14884.11076598762,0.00599831342397958,False
2478,830.5725399692798,15010.114530125054,14798.114530125054,0.00617762178393084,False
2479,830.8500736362589,14911.118293405187,14696.118293405187,0.006307576505317529,False
2480,831.1275962494225,14848.122055841624,14628.122055841624,0.006482953516845277,False
2481,831.4051077843991,14793.12581744797,14566.12581744797,0.006715894068576359,False
2482,831.6826082168175,14737.129578237826,14519.129578237826,0.00647232093839376,False
2483,831.9600975223061,14687.133338224785,14476.133338224785,0.006284462965707083,False
2484,832.2375756764937,14662.137097422445,14443.137097422445,0.006535742347564803,False
2485,832.515042655009,14603.140855844395,14395.140855844395,0.006230355466269764,False
2486,832.7924984334804,14534.14461350422,14330.14461350422,0.006138903943961601,False
2487,833.0699429875369,14466.14837041551,14267.14837041551,0.00601573738911558,False
2488,833.3473762928069,14421.152126591844,14213.152126591844,0.006309553766424681,False
2489,833.6247983249191,14363.155882046796,14157.155882046796,0.006273859828001878,False
2490,833.9022090595021,14305.159636793947,14109.159636793947,0.0059915613492928736,False
2491,834.1796084721847,14239.163390846865,14035.163390846865,0.006267000616998459,False
2492,834.4569965385953,14182.167144219122,13979.167144219122,0.006261301825469859,False
2493,834.7343732343627,14148.170896924279,13940.170896924279,0.006432199106497165,False
2494,835.0117385351156,14123.1746489759,13916.1746489759,0.006412459151444157,False
2495,835.2890924164825,14077.178400387545,13870.178400387545,0.006433567397026352,False
2496,835.5664348540921,14032.182151172768,13834.182151172768,0.006171723991396573,False
2497,835.8437658235732,13959.185901345123,13751.185901345123,0.006519937696474567,False
2498,836.1210853005541,13884.189650918159,13663.189650918159,0.006968440709898309,False
2499,836.3983932606639,13821.19339990542,13602.19339990542,0.006936598617703222,False
2500,836.6756896795309,13786.19714832045,13568.19714832045,0.006922339458632588,False
2501,836.9529745327837,13761.200896176788,13556.200896176788,0.00651833880765641,False
2502,837.2302477960512,13716.20464348797,13520.20464348797,0.006250690902250976,False
2503,837.5075094449619,13664.208390267528,13459.208390267528,0.006564959335826137,False
2504,837.7847594551446,13641.212136528993,13441.212136528993,0.006414527336358151,False
2505,838.0619978022278,13602.215882285887,13400.215882285887,0.006497868239939888,False
2506,838.33922446184,13548.219627551738,13349.219627551738,0.006426349959732041,False
2507,838.61643940961,13478.22337234006,13270.22337234006,0.006754416354543027,False
2508,838.8936426211667,13406.227116664373,13207.227116664373,0.006494926356729093,False
2509,839.1708340721384,13354.230860538186,13141.230860538186,0.0069828349076785975,False
2510,839.4480137381539,13314.234603975008,13104.234603975008,0.006904545563070211,False
2511,839.7251815948416,13289.238346988348,13079.238346988348,0.006917636579930333,False
2512,840.0023376178304,13246.242089591706,13061.242089591706,0.0061082088310290905,False
2513,840.2794817827491,13202.24583179858,13011.24583179858,0.006328932834441267,False
2514,840.5566140652259,13171.249573622465,12981.249573622465,0.006310479385685275,False
2515,840.8337344408898,13102.253315076854,12899.253315076854,0.006781420199022812,False
2516,841.1108428853692,13064.257056175235,12860.257056175235,0.006835067585026091,False
2517,841.387939374293,13026.260796931092,12827.260796931092,0.006685844204749738,False
2518,841.6650238832897,13007.264537357907,12809.264537357907,0.006661778060734407,False
2519,841.9420963879878,12958.268277469157,12763.268277469157,0.00658506899871567,False
2520,842.2191568640161,12941.272017278316,12753.272017278316,0.006355342948975796,False
2521,842.4962052870034,12931.275756798856,12742.275756798856,0.006394373592133596,False
2522,842.7732416325781,12914.279496044242,12727.279496044242,0.006334599856154145,False
2523,843.050265876369,12880.28323502794,12682.28323502794,0.006727965070933664,False
2524,843.3272779940046,12827.286973763408,12635.286973763408,0.0065497008380541,False
2525,843.6042779611137,12796.290712264103,12603.290712264103,0.006600144060538483,False
2526,843.8812657533249,12752.294450543477,12559.294450543477,0.006623089510774587,False
2527,844.1582413462667,12697.298188614981,12504.298188614981,0.006651997153886469,False
2528,844.4352047155679,12654.301926492059,12459.301926492059,0.00674448211307094,False
2529,844.7121558368572,12581.305664188154,12387.305664188154,0.00674885950772499,False
2530,844.989094685763,12560.309401716702,12367.309401716702,0.006725111657780355,False
2531,845.2660212379143,12519.31313909114,12341.31313909114,0.006219130438837045,False
2532,845.5429354689393,12485.316876324898,12309.316876324898,0.006165617397838016,False
2533,845.8198373544669,12433.320613431402,12252.320613431402,0.006368780070952821,False
2534,846.096726870126,12408.324350424078,12220.324350424078,0.006630404247561241,False
2535,846.3736039915448,12369.328087316344,12169.328087316344,0.007079509094459888,False
2536,846.6504686943521,12330.331824121617,12130.331824121617,0.007102083026991428,False
2537,846.9273209541767,12283.33556085331,12080.33556085331,0.0072373181888646465,False
2538,847.204160746647,12275.339297524828,12079.339297524828,0.006990324742554228,False
2539,847.4809880473916,12243.343034149579,12064.343034149579,0.006396340423150325,False
2540,847.7578028320395,12218.346770740964,12036.346770740964,0.006517755346179952,False
2541,848.0346050762191,12187.35050731238,12002.35050731238,0.0066429961751936556,False
2542,848.3113947555591,12168.35424387722,11985.35424387722,0.00658096962617241,False
2543,848.5881718456882,12129.357980448875,11945.357980448875,0.006638644526424601,False
2544,848.8649363222349,12102.361717040729,11922.361717040729,0.0065078351253475275,False
2545,849.1416881608279,12084.365453666165,11903.365453666165,0.006554083286404688,False
2546,849.418427337096,12085.369190338562,11898.369190338562,0.006772481637345323,False
2547,849.6951538266677,12071.372927071294,11891.372927071294,0.006524667713217247,False
2548,849.9718676051715,12047.376663877732,11862.376663877732,0.006720778876909154,False
2549,850.2485686482364,12021.380400771242,11847.380400771242,0.006332006853886877,False
2550,850.5252569314907,12010.384137765186,11831.384137765186,0.006521342885184685,False
2551,850.8019324305633,11983.387874872926,11807.387874872926,0.0064257865362186105,False
2552,851.0785951210827,11957.391612107813,11774.391612107813,0.0066979766978065534,False
2553,851.3552449786775,11912.3953494832,11732.3953494832,0.006612409295898882,False
2554,851.6318819789767,11879.399087012434,11702.399087012434,0.00651956787341176,False
2555,851.9085060976084,11861.402824708859,11681.402824708859,0.006641054697167723,False
2556,852.1851173102016,11819.406562585815,11625.406562585815,0.007187521785572036,False
2557,852.461715592385,11805.410300656635,11603.410300656635,0.007495436394305072,False
2558,852.738300919787,11777.41403893465,11593.41403893465,0.006838596864958132,False
2559,853.0148732680364,11732.417777433191,11539.417777433191,0.007203622295836836,False
2560,853.2914326127618,11717.42151616558,11516.42151616558,0.007514501031483678,False
2561,853.5679789295918,11671.425255145132,11479.425255145132,0.0072037485037476715,False
2562,853.8445121941551,11655.428994385169,11469.428994385169,0.0069864658821398315,False
2563,854.1210323820804,11628.432733898997,11441.432733898997,0.007040773339498675,False
2564,854.3975394689962,11607.436473699927,11420.436473699927,0.007053613118737892,False
2565,854.6740334305313,11574.440213801261,11391.440213801261,0.006921360807081032,False
2566,854.9505142423143,11585.443954216296,11408.443954216296,0.00668626740797655,False
2567,855.2269818799738,11577.44769495833,11405.44769495833,0.0065004904066610905,False
2568,855.5034363191384,11549.451436040652,11386.451436040652,0.006172958854590336,False
2569,855.7798775354368,11508.455177476551,11336.455177476551,0.006539755353613457,False
2570,856.0563055044977,11475.458919279308,11306.458919279308,0.006443453471177006,False
2571,856.3327202019497,11453.462661462201,11294.462661462201,0.006071230339011508,False
2572,856.6091216034215,11408.466404038507,11250.466404038507,0.006056740702133664,False
2573,856.8855096845417,11376.470147021495,11212.470147021495,0.00630623177218297,False
2574,857.1618844209388,11372.47389042443,11211.47389042443,0.006192238559630813,False
2575,857.4382457882417,11367.477634260576,11202.477634260576,0.006350022877622537,False
2576,857.714593762079,11343.48137854319,11192.48137854319,0.005819981945372331,False
2577,857.990928318079,11319.485123285525,11164.485123285525,0.005987973686814617,False
2578,858.2672494318708,11308.488868500832,11152.488868500832,0.0060327764340530835,False
2579,858.5435570790829,11276.492614202354,11122.492614202354,0.005971913761812765,False
2580,858.8198512353439,11248.496360403335,11086.496360403335,0.00630015337485748,False
2581,859.0961318762822,11261.500107117008,11094.500107117008,0.00648850660817863,False
2582,859.3723989775269,11246.503854356608,11080.503854356608,0.006458027280022861,False
2583,859.6486525147064,11231.507602135363,11062.507602135363,0.006584473249185165,False
2584,859.9248924634495,11210.511350466499,11057.511350466499,0.005968028888205608,False
2585,860.2011187993847,11194.51509936323,11037.51509936323,0.006133975758119111,False
2586,860.4773314981406,11197.518848838776,11036.518848838776,0.006289692827540762,False
2587,860.753530535346,11174.522598906347,10997.522598906347,0.006934115064054046,False
2588,861.0297158866293,11125.52634957915,10958.52634957915,0.00656841042545699,False
2589,861.3058875276196,11120.530100870386,10951.530100870386,0.0066506887995729565,False
2590,861.582045433945,11110.533852793254,10956.533852793254,0.006061742040444532,False
2591,861.8581895812345,11066.53760536095,10920.53760536095,0.0057677454333645685,False
2592,862.1343199451167,11056.541358586659,10893.541358586659,0.006450208205032494,False
2593,862.4104365012201,11046.545112483569,10885.545112483569,0.006376288523690282,False
2594,862.6865392251735,11048.54886706486,10880.54886706486,0.006654437068659015,False
2595,862.9626280926055,11043.552622343706,10862.552622343706,0.007176911573018419,False
2596,863.2387030791446,11056.556378333282,10878.556378333282,0.007048617944470381,False
2597,863.5147641604198,11032.560135046753,10862.560135046753,0.006744109615359782,False
2598,863.7908113120593,11004.563892497283,10843.563892497283,0.006400793510702999,False
2599,864.066844509692,10995.56765069803,10848.56765069803,0.005845253354534965,False
2600,864.3428637289467,11011.571409662149,10870.571409662149,0.005596926222173053,False
2601,864.6188689454516,11024.57516940279,10867.57516940279,0.006229210156212336,False
2602,864.8948601348358,11042.578929933094,10870.578929933094,0.0068178384391748646,False
2603,865.1708372727276,11039.582691266205,10877.582691266205,0.006420263400712162,False
2604,865.4468003347557,11034.58645341526,10882.58645341526,0.00602393565076526,False
2605,865.7227492965491,11005.590216393388,10849.590216393388,0.00620000278928999,False
2606,865.9986841337361,10969.593980213716,10813.593980213716,0.006220494223655534,False
2607,866.2746048219453,10914.597744889368,10761.597744889368,0.0061309798846118065,False
2608,866.5505113368056,10882.601510433462,10729.601510433462,0.0061491339630730885,False
2609,866.8264036539455,10841.60527685911,10690.60527685911,0.0060912967255080065,False
2610,867.1022817489936,10824.609044179422,10676.609044179422,0.005978879728335353,False
2611,867.3781455975786,10807.612812407502,10666.612812407502,0.005703246584671053,False
2612,867.6539951753292,10819.61658155645,10676.61658155645,0.005778224172834707,False
2613,867.929830457874,10846.620351639358,10677.620351639358,0.006819964219779909,False
2614,868.2056514208416,10850.624122669318,10688.624122669318,0.006532914420542707,False
2615,868.4814580398607,10835.627894659418,10683.627894659418,0.006135329192529033,False
2616,868.7572502905599,10825.631667622736,10661.631667622736,0.006629571853959766,False
2617,869.033028148568,10800.63544157235,10638.63544157235,0.006563380398597317,False
2618,869.3087915895134,10774.639216521333,10617.639216521333,0.006374772850798436,False
2619,869.5845405890249,10748.64299248275,10597.64299248275,0.006144353230811451,False
2620,869.8602751227311,10719.646769469664,10562.646769469664,0.006407718270361758,False
2621,870.1359951662607,10706.650547495132,10554.650547495132,0.006209769160452813,False
2622,870.4117006952423,10714.654326572208,10557.654326572208,0.006410726061342531,False
2623,870.6873916853045,10681.658106713941,10523.658106713941,0.0064719429147021825,False
2624,870.9630681120759,10680.661887933373,10526.661887933373,0.006307493254751579,False
2625,871.2387299511854,10625.665670243545,10483.665670243545,0.005842984381341803,False
2626,871.5143771782615,10607.669453657487,10461.669453657487,0.006018984227079629,False
2627,871.7900097689328,10600.673238188232,10449.673238188232,0.006230737501252792,False
2628,872.0656276988278,10596.677023848802,10445.677023848802,0.006233104177259039,False
2629,872.3412309435755,10565.68081065222,10420.68081065222,0.006001393009306983,False
2630,872.6168194788044,10549.684598611497,10405.684598611497,0.0059688177485047265,False
2631,872.8923932801429,10540.688387739647,10385.688387739647,0.006433686680865889,False
2632,873.16795232322,10554.69217804967,10398.69217804967,0.006466849445274822,False
2633,873.4434965836642,10539.695969554572,10393.695969554572,0.0060580743616729165,False
2634,873.7190260371041,10540.699762267346,10393.699762267346,0.006099275795553674,False
2635,873.9945406591684,10542.703556200982,10392.703556200982,0.006223455480101926,False
2636,874.2700404254857,10552.707351368468,10390.707351368468,0.0067187810866996735,False
2637,874.5455253116849,10529.711147782784,10378.711147782784,0.006273032560577454,False
2638,874.820995293394,10521.714945456904,10364.714945456904,0.006529169251154908,False
2639,875.0964503462424,10503.718744403803,10343.718744403803,0.0066663810853913015,False
2640,875.3718904458583,10485.722544636445,10317.722544636445,0.007014516948660239,False
2641,875.6473155678704,10441.72634616779,10291.72634616779,0.006284077220618505,False
2642,875.9227256879075,10454.730149010797,10291.730149010797,0.006824437150148377,False
2643,876.1981207815982,10441.733953178416,10283.733953178416,0.006621790910115545,False
2644,876.473500824571,10415.737758683596,10267.737758683596,0.0062152688301948785,False
2645,876.7488657924546,10410.741565539276,10258.741565539276,0.0063875763932134694,False
2646,877.0242156608779,10403.745373758391,10244.745373758391,0.00668854574827457,False
2647,877.2995504054691,10376.749183353877,10225.749183353877,0.006366183350246352,False
2648,877.5748700018571,10375.752994338658,10225.752994338658,0.006324326340647714,False
2649,877.8501744256706,10353.756806725654,10215.756806725654,0.00582741418634241,False
2650,878.1254636525382,10327.760620527784,10190.760620527784,0.005799562990822646,False
2651,878.4007376580884,10318.76443575796,10185.76443575796,0.005634070066936751,False
2652,878.67599641795,10299.768252429085,10169.768252429085,0.005516396691651729,False
2653,878.9512399077516,10282.772070554063,10142.772070554063,0.005953543191920608,False
2654,879.2264681031219,10266.77589014579,10136.77589014579,0.005534237102759712,False
2655,879.5016809796895,10269.779711217157,10132.779711217157,0.0058325268958482135,False
2656,879.7768785130829,10256.78353378105,10112.78353378105,0.006140478786227654,False
2657,880.052060678931,10232.78735785035,10089.78735785035,0.006111935794303585,False
2658,880.3272274528623,10232.791183437932,10085.791183437932,0.006284139471540944,False
2659,880.6023788105053,10211.795010556669,10062.795010556669,0.006383462526431859,False
2660,880.8775147274891,10184.798839219424,10027.798839219424,0.006746842345226243,False
2661,881.1526351794419,10169.80266943906,10026.80266943906,0.006150058161072297,False
2662,881.4277401419926,10143.806501228428,9994.806501228428,0.006426565582993212,False
2663,881.7028295907696,10121.810334600385,9964.810334600385,0.006789158150613959,False
2664,881.9779035014018,10110.814169567768,9958.814169567768,0.006578499844581668,False
2665,882.2529618495178,10064.818006143423,9920.818006143423,0.0062584435748668284,False
2666,882.528004610746,10065.821844340182,9915.821844340182,0.006520524241179281,False
2667,882.8030317607154,10022.825684170874,9862.825684170874,0.006988819764049946,False
2668,883.0780432750544,9986.829525648325,9839.829525648325,0.006440062193529422,False
2669,883.3530391293917,9959.83336878535,9815.83336878535,0.006324895294783394,False
2670,883.6280192993561,9938.837213594767,9809.837213594767,0.005673776759574114,False
2671,883.902983760576,9909.841060089382,9790.841060089382,0.005246688576290781,False
2672,884.1779324886802,9891.844908281997,9764.844908281997,0.005611948623251378,False
2673,884.4528654592973,9860.848758185413,9725.848758185413,0.005986786026478396,False
2674,884.7277826480558,9858.85260981242,9715.85260981242,0.006345456040661522,False
2675,885.0026840305848,9858.856463175805,9726.856463175805,0.005854036544208134,False
2676,885.2775695825123,9864.86031828835,9725.86031828835,0.006162912240796662,False
2677,885.5524392794675,9845.864175162835,9703.864175162835,0.006309131247464818,False
2678,885.8272930970788,9832.868033812027,9689.868033812027,0.006362348127329542,False
2679,886.1021310109747,9803.871894248692,9668.871894248692,0.0060218215813096195,False
2680,886.3769529967843,9783.875756485591,9654.875756485591,0.005764239598747182,False
2681,886.6517590301358,9777.879620535481,9642.879620535481,0.006037941020151705,False
2682,886.926549086658,9746.883486411109,9609.883486411109,0.006147652406428586,False
2683,887.2013231419796,9721.887354125221,9584.887354125221,0.0061635714490500615,False
2684,887.4760811717292,9716.891223690556,9590.891223690556,0.005668375608644929,False
2685,887.7508231515354,9685.895095119846,9559.895095119846,0.005686634428886839,False
2686,888.0255490570271,9664.898968425821,9538.898968425821,0.00569906954410375,False
2687,888.3002588638325,9641.902843621201,9514.902843621201,0.005758392934033771,False
2688,888.5749525475806,9642.906720718705,9511.906720718705,0.005940383008479277,False
2689,888.8496300838998,9622.910599731045,9488.910599731045,0.006090096135925355,False
2690,889.124291448419,9595.914480670926,9467.914480670926,0.005832042364318649,False
2691,889.3989366167665,9579.918363551049,9458.918363551049,0.00552033095299653,False
2692,889.6735655645714,9573.92224838411,9451.92224838411,0.005569755709552698,False
2693,889.9481782674619,9566.926135182797,9434.926135182797,0.0060339163734142755,False
2694,890.222774701067,9547.930023959796,9413.930023959796,0.006138261670069193,False
2695,890.4973548410153,9524.933914727784,9375.933914727784,0.006847433558225291,False
2696,890.771918662935,9508.937807499435,9355.937807499435,0.007044680711799338,False
2697,891.0464661424554,9467.941702287417,9322.941702287417,0.00670260662655297,False
2698,891.3209972552047,9417.94559910439,9275.94559910439,0.006597984543458139,False
2699,891.5955119768117,9387.949497963014,9244.949497963014,0.006666201568322022,False
2700,891.870010282905,9359.953398875938,9208.953398875938,0.007063411222797728,False
2701,892.1444921491133,9324.957301855804,9176.957301855804,0.006948140847011718,False
2702,892.4189575510651,9270.961206915257,9130.961206915257,0.006608266158428601,False
2703,892.6934064643893,9212.965114066928,9082.965114066928,0.0061717805112500605,False
2704,892.9678388647143,9227.969023323445,9085.969023323445,0.006734876154378067,False
2705,893.242254727669,9180.972934697433,9049.972934697433,0.006241426718968701,False
2706,893.5166540288818,9198.976848201506,9068.976848201506,0.006181232628401463,False
2707,893.7910367439814,9181.980763848278,9032.980763848278,0.0071052932054963,False
2708,894.0654028485965,9163.984681650354,9016.984681650354,0.0070230226772989785,False
2709,894.3397523183556,9123.988601620335,8986.988601620335,0.006570543184789616,False
2710,894.6140851288876,9110.992523770812,8965.992523770812,0.0069673178714448804,False
2711,894.8884012558212,9086.996448114378,8945.996448114378,0.006791636891430458,False
2712,895.1627006747846,9072.000374663612,8932.000374663612,0.006754326868304349,False
2713,895.4369833614068,9052.004303431095,8903.004303431095,0.00720816845110083,False
2714,895.7112492913163,9023.008234429395,8875.008234429395,0.0071825890311619425,False
2715,895.9854984401419,9008.012167671079,8863.012167671079,0.007047618605626761,False
2716,896.2597307835122,8986.016103168708,8835.016103168708,0.007359847112777955,False
2717,896.5339462970556,8952.020040934834,8803.020040934834,0.007289355207540924,False
2718,896.808144956401,8910.023980982007,8785.023980982007,0.006135921573707879,False
2719,897.0823267371769,8867.02792332277,8738.02792332277,0.006364647900506537,False
2720,897.3564916150121,8835.031867969657,8712.031867969657,0.0060886649784920675,False
2721,897.6306395655351,8799.035814935203,8683.035814935203,0.0057634930617946846,False
2722,897.9047705643749,8768.039764231931,8647.039764231931,0.006035054603714148,False
2723,898.1788845871596,8720.04371587236,8605.04371587236,0.005765581171751268,False
2724,898.4529816095181,8669.047669869004,8564.047669869004,0.005292315049157837,False
2725,898.727061607079,8638.05162623437,8534.05162623437,0.005260529556696496,False
2726,899.0011245554712,8615.05558498096,8515.05558498096,0.005070596577614503,False
2727,899.2751704303229,8595.05954612127,8472.05954612127,0.006259890241086746,False
2728,899.5491992072632,8574.06350966779,8448.06350966779,0.006429526005558643,False
2729,899.8232108619205,8543.067475633006,8424.067475633006,0.0060919997297036845,False
2730,900.0972053699234,8518.071444029392,8405.071444029392,0.005799868990033496,False
2731,900.3711827069005,8485.075414869421,8373.075414869421,0.005770703812979553,False
2732,900.6451428484808,8458.079388165563,8333.079388165563,0.006466237837978578,False
2733,900.9190857702927,8431.083363930275,8311.083363930275,0.006225744988944872,False
2734,901.1930114479646,8407.08734217601,8284.08734217601,0.006400890203006902,False
2735,901.4669198571256,8376.091322915221,8252.091322915221,0.00647737821800086,False
2736,901.7408109734042,8337.095306160347,8218.095306160347,0.0062435926807144475,False
2737,902.0146847724288,8303.099291923823,8185.099291923823,0.0062162793029703935,False
2738,902.2885412298284,8261.103280218083,8149.103280218084,0.005928229734606692,False
2739,902.5623803212313,8247.10727105555,8133.107271055551,0.006045143082296644,False
2740,902.8362020222665,8215.111264448644,8100.111264448644,0.00612246538212745,False
2741,903.1100063085624,8169.115260409774,8057.115260409774,0.005995447236279041,False
2742,903.3837931557478,8143.1192589513485,8030.1192589513485,0.006068800009144068,False
2743,903.6575625394512,8106.123260085767,7979.123260085767,0.006858029221442802,False
2744,903.9313144353011,8072.127263825422,7947.127263825422,0.006777832513863357,False
2745,904.2050488189267,8033.131270182705,7914.131270182705,0.006481614320624216,False
2746,904.4787656659562,7997.135279169996,7884.135279169996,0.006180375113687426,False
2747,904.7524649520182,7958.139290799671,7844.139290799671,0.00626623934002817,False
2748,905.0261466527415,7921.143305084099,7805.143305084099,0.00640698911822121,False
2749,905.299810743755,7878.147322035646,7761.147322035646,0.006498170604607643,False
2750,905.5734572006868,7837.151341666666,7723.151341666666,0.006363688134481921,False
2751,905.8470859991659,7793.155363989514,7678.155363989514,0.006456438778391522,False
2752,906.1206971148209,7761.159389016532,7654.159389016532,0.006029100863544249,False
2753,906.3942905232803,7714.163416760061,7604.163416760061,0.006237393247488524,False
2754,906.667866200173,7676.167447232434,7566.167447232434,0.0062684913717684495,False
2755,906.9414241211274,7644.171480445977,7527.171480445977,0.006698610911574298,False
2756,907.2149642617723,7625.17551641301,7513.17551641301,0.00642631015487903,False
2757,907.4884865977364,7581.179555145847,7459.179555145847,0.007045721249482069,False
2758,907.7619911046479,7540.183596656798,7425.183596656798,0.006674724097660612,False
2759,908.035477758136,7487.187640958164,7375.187640958164,0.006545643186859616,False
2760,908.3089465338293,7470.191688062238,7348.191688062238,0.007151269153300697,False
2761,908.582397407356,7436.195737981313,7322.195737981313,0.006709478569251003,False
2762,908.8558303543451,7417.199790727671,7315.199790727671,0.006013785431137309,False
2763,909.1292453504253,7401.203846313587,7299.203846313587,0.00602687340308623,False
2764,909.4026423712249,7376.2079047513325,7268.2079047513325,0.006405807513084644,False
2765,909.6760213923728,7329.2119660531735,7222.2119660531735,0.006387051513787926,False
2766,909.9493823894977,7291.216030231365,7182.216030231365,0.0065415021553484765,False
2767,910.2227253382282,7244.22009729816,7155.22009729816,0.0053686394163379595,False
2768,910.4960502141926,7214.224167265804,7113.224167265804,0.006123137666917594,False
2769,910.7693569930201,7153.2282401465345,7053.2282401465345,0.006114144728001311,False
2770,911.042645650339,7118.232315952586,7018.232315952586,0.006144417822692219,False
2771,911.315916161778,7074.236394696183,6965.236394696183,0.0067437076027482305,False
2772,911.5891685029658,7020.2404763895465,6913.2404763895465,0.006670324985584859,False
2773,911.862402649531,6975.24456104489,6878.24456104489,0.006081825715358447,False
2774,912.1356185771023,6928.248648674419,6824.248648674419,0.006568623307392913,False
2775,912.4088162613083,6891.252739290336,6789.252739290336,0.006476201934545098,False
2776,912.6819956777775,6861.256832904834,6766.256832904834,0.0060551976181369115,False
2777,912.9551568021387,6827.260929530101,6732.260929530101,0.006085561319021308,False
2778,913.2282996100207,6801.265029178318,6703.265029178318,0.0063033080266238365,False
2779,913.5014240770519,6765.269131861662,6666.269131861662,0.006402235022451506,False
2780,913.7745301788611,6703.273237592299,6609.273237592299,0.00613321573831886,False
2781,914.0476178910769,6633.2773463823905,6536.2773463823905,0.006397684286770999,False
2782,914.3206871893278,6605.281458244095,6504.281458244095,0.0066920019904140385,False
2783,914.5937380492426,6567.28557318956,6469.28557318956,0.006529579055824124,False
2784,914.86677044645,6542.289691230927,6450.289691230927,0.0061505508587113246,False
2785,915.1397843565785,6491.293812380333,6403.293812380333,0.005927837146257137,False
2786,915.4127797552567,6458.2979366499085,6363.2979366499085,0.006435818320616864,False
2787,915.6857566181135,6417.302064051774,6316.302064051774,0.00688959105866639,False
2788,915.9587149207773,6382.306194598049,6286.306194598049,0.006582104975401464,False
2789,916.2316546388769,6330.31032830084,6243.31032830084,0.006010078393637211,False
2790,916.5045757480409,6305.314465172253,6211.314465172253,0.006523233858020943,False
2791,916.7774782238979,6258.318605224384,6169.318605224384,0.00622046959268899,False
2792,917.0503620420765,6247.322748469322,6155.322748469322,0.006443113316446479,False
2793,917.3232271782053,6208.3268949191515,6123.3268949191515,0.005987131366532291,False
2794,917.5960736079134,6188.33104458595,6095.33104458595,0.006576240581022751,False
2795,917.8689013068288,6154.335197481787,6070.335197481787,0.005968473499750697,False
2796,918.1417102505807,6122.339353618726,6038.339353618726,0.005999881681747679,False
2797,918.4145004147972,6084.343513008825,6001.343513008825,0.005965239483411746,False
2798,918.6872717751074,6059.347675664133,5977.347675664133,0.005917354791143488,False
2799,918.96002430714,6025.351841596695,5930.351841596695,0.0069019516098024185,False
2800,919.2327579865231,5976.3560108185475,5884.3560108185475,0.006737520244881483,False
2801,919.5054727888859,5916.3601833417215,5825.3601833417215,0.006731822580642208,False
2802,919.7781686898567,5867.36435917824,5799.36435917824,0.005062663220971806,False
2803,920.0508456650643,5836.368538340121,5750.368538340121,0.006447028370483821,False
2804,920.3235036901374,5808.372720839373,5721.372720839373,0.006554236126710543,False
2805,920.5961427407044,5762.376906688001,5681.376906688001,0.006148059647087461,False
2806,920.8687627923941,5724.381095898002,5648.381095898002,0.005804547991002274,False
2807,921.1413638208353,5680.385288481365,5603.385288481365,0.005927308423000689,False
2808,921.4139458016564,5632.389484450075,5561.389484450075,0.00550936762633608,False
2809,921.6865087104862,5563.393683816106,5496.393683816106,0.005261961244307699,False
2810,921.9590525229534,5529.3978865914305,5458.3978865914305,0.005612652076929896,False
2811,922.2315772146864,5498.40209278801,5426.40209278801,0.005724524650759525,False
2812,922.5040827613138,5464.406302417801,5398.406302417801,0.005277415630752607,False
2813,922.7765691384644,5423.410515492754,5350.410515492754,0.005885373864869827,False
2814,923.0490363217673,5384.414732024809,5316.414732024809,0.00551965105033023,False
2815,923.3214842868504,5341.418952025904,5266.418952025904,0.006141238053451857,False
2816,923.5939130093426,5305.423175507968,5229.423175507968,0.0062662429308565455,False
2817,923.8663224648727,5264.427402482922,5172.427402482922,0.007656737207422359,False
2818,924.1387126290692,5215.431632962682,5124.431632962682,0.007644553366729557,False
2819,924.411083477561,5175.435866959155,5093.435866959155,0.006936089066803283,False
2820,924.6834349859763,5134.440104484244,5065.440104484244,0.005875907512514281,False
2821,924.9557671299441,5090.444345549843,5016.444345549843,0.006359695241727677,False
2822,925.2280798850927,5059.44859016784,4982.44859016784,0.006660361070219803,False
2823,925.5003732270512,5011.452838350115,4942.452838350115,0.00602111376551803,False
2824,925.772647131448,4992.457090108543,4923.457090108543,0.006044183599395799,False
2825,926.0449015739116,4974.461345454989,4890.461345454989,0.007396229924240703,False
2826,926.317136530071,4945.465604401315,4870.465604401315,0.006636705029443218,False
2827,926.5893519755546,4923.469866959373,4847.469866959373,0.00675616617746373,False
2828,926.8615478859911,4880.47413314101,4811.47413314101,0.006183859987764049,False
2829,927.133724237009,4832.478402958063,4772.478402958063,0.005425950036243671,False
2830,927.4058810042371,4798.482676422366,4733.482676422366,0.005923139216636469,False
2831,927.6780181633043,4760.486953545744,4698.486953545744,0.005693354007317313,False
2832,927.9501356898387,4735.491234340015,4673.491234340015,0.005723604586975783,False
2833,928.2222335594694,4698.495518816989,4636.495518816989,0.005768972611231428,False
2834,928.4943117478248,4670.4998069884705,4603.4998069884705,0.00627522918932572,False
2835,928.7663702305335,4631.504098866257,4567.504098866257,0.006043106977304098,False
2836,929.0384089832244,4597.508394462138,4540.508394462138,0.005418047943214738,False
2837,929.310427981526,4569.512693787898,4510.512693787898,0.005643978725536775,False
2838,929.5824272010668,4537.516996855309,4476.516996855309,0.005878027047272732,False
2839,929.8544066174758,4517.521303676144,4450.521303676144,0.006489325028237802,False
2840,930.1263662063814,4488.525614262162,4422.525614262162,0.006433350951603968,False
2841,930.3983059434121,4454.529928625119,4386.529928625119,0.006680784343275685,False
2842,930.6702258041969,4433.534246776762,4358.534246776762,0.007409604752187089,False
2843,930.9421257643643,4392.538568728832,4316.538568728832,0.0075799577794558705,False
2844,931.2140057995427,4366.54289449306,4290.54289449306,0.00762548261601233,False
2845,931.4858658853611,4324.547224081174,4250.547224081174,0.007495798364837647,False
2846,931.757705997448,4285.551557504892,4223.551557504892,0.006328924220949516,False
2847,932.0295261114321,4243.555894775927,4187.555894775927,0.005769309968239446,False
2848,932.301326202942,4209.560235905983,4160.560235905983,0.005084914319109217,False
2849,932.5731062476062,4167.564580906756,4121.564580906756,0.004820229208446748,False
2850,932.8448662210536,4142.568929789939,4091.568929789939,0.005379871503257302,False
2851,933.1166060989128,4100.573282567212,4051.573282567212,0.0052208791204701715,False
2852,933.3883258568122,4071.577639250253,4017.577639250253,0.005798442381792585,False
2853,933.6600254703808,4044.581999850729,3987.581999850729,0.00616401782413783,False
2854,933.9317049152471,4008.5863643803027,3956.5863643803027,0.005670594894027125,False
2855,934.2033641670396,3983.5907328506273,3931.5907328506273,0.005706410665746398,False
2856,934.475003201387,3954.59510527335,3898.59510527335,0.006193891290712684,False
2857,934.7466219939181,3914.59948166011,3859.59948166011,0.006145094855404851,False
2858,935.0182205202615,3872.6038620225404,3817.6038620225404,0.0062122128913415665,False
2859,935.2897987560456,3828.608246372265,3778.608246372265,0.005709062393425264,False
2860,935.5613566768994,3820.612634720903,3763.612634720903,0.006528089736226062,False
2861,935.8328942584513,3779.617027080063,3738.617027080063,0.004736817222887366,False
2862,936.1044114763301,3754.62142346135,3704.62142346135,0.0058223199792000755,False
2863,936.3759083061644,3715.6258238763585,3665.6258238763585,0.005883841189643338,False
2864,936.6473847235827,3702.630228336677,3653.630228336677,0.005785750647689204,False
2865,936.918840704214,3665.6346368538875,3615.6346368538875,0.005964637374692397,False
2866,937.1902762236864,3646.6390494395628,3593.6390494395628,0.006358324465078942,False
2867,937.461691257629,3602.643466105269,3547.643466105269,0.006681317222145061,False
2868,937.7330857816704,3584.6478868625663,3527.6478868625663,0.006961272777987411,False
2869,938.0044597714389,3553.6523117230054,3503.6523117230054,0.006153932298462102,False
2870,938.2758132025637,3530.6567406981303,3484.6567406981303,0.00569549245141631,False
2871,938.5471460506728,3504.661173799479,3452.661173799479,0.006492076251999375,False
2872,938.8184582913955,3482.6656110385793,3434.6656110385793,0.006027315754932622,False
2873,939.0897499003598,3443.6700524269545,3400.6700524269545,0.005457036950712814,False
2874,939.3610208531949,3407.674497976118,3366.674497976118,0.00525697485719728,False
2875,939.6322711255292,3371.6789476975773,3331.6789476975773,0.005183069660658993,False
2876,939.9035006929913,3347.683401602832,3310.683401602832,0.0048267275466760545,False
2877,940.1747095312098,3309.6878597033747,3268.6878597033747,0.005413586903322584,False
2878,940.4458976158137,3278.692322010689,3240.692322010689,0.00506286347977303,False
2879,940.7170649224313,3240.696788536253,3201.696788536253,0.0052581983689884496,False
2880,940.9882114266912,3215.7012592915357,3170.7012592915357,0.006120370607447621,False
2881,941.2593371042225,3181.705734288,3140.705734288,0.0056327632124034315,False
2882,941.5304419306533,3149.710213537099,3105.710213537099,0.006109668432098129,False
2883,941.8015258816125,3116.7146970502818,3079.7146970502818,0.005186563354899345,False
2884,942.0725889327286,3088.7191848389866,3041.7191848389866,0.00665930863441316,False
2885,942.3436310596306,3065.7236769146457,3019.7236769146457,0.006565803799216956,False
2886,942.6146522379469,3037.7281732886836,3000.7281732886836,0.005322253243098523,False
2887,942.8856524433061,3000.732673972517,2963.732673972517,0.005388279089630546,False
2888,943.1566316513367,2977.7371789775557,2941.7371789775557,0.0052824940735390095,False
2889,943.4275898376678,2955.741688315201,2909.741688315201,0.006812040703418684,False
2890,943.6985269779278,2925.7462019968466,2886.7462019968466,0.005828046833752514,False
2891,943.9694430477452,2882.7507200338796,2854.7507200338796,0.004238898119047393,False
2892,944.2403380227488,2859.755242437679,2826.755242437679,0.0050406585297962,False
2893,944.5112118785672,2835.759769219615,2800.759769219615,0.005393577413064495,False
2894,944.7820645908293,2807.7643003910525,2777.7643003910525,0.0046652557619009044,False
2895,945.0528961351633,2780.7688359633466,2750.7688359633466,0.004710792179135307,False
2896,945.3237064871981,2757.773375947846,2726.773375947846,0.00490952960145991,False
2897,945.5944956225625,2722.7779203558903,2690.7779203558903,0.005134364804310012,False
2898,945.8652635168849,2704.782469198814,2669.782469198814,0.00565646593488792,False
2899,946.1360101457938,2680.787022487941,2642.787022487941,0.006200146920559345,False
2900,946.406735484918,2661.7915802345897,2618.7915802345897,0.0070731110324189425,False
2901,946.6774395098864,2633.796142450069,2600.796142450069,0.0054758449139045455,False
2902,946.9481221963274,2610.800709145682,2579.800709145682,0.00518756418708098,False
2903,947.2187835198696,2582.8052803327228,2549.8052803327228,0.005584649456895801,False
2904,947.4894234561418,2562.809856022477,2530.809856022477,0.0054568684142756885,False
2905,947.7600419807726,2535.8144362262246,2506.8144362262246,0.00499528287550322,False
2906,948.0306390693904,2522.8190209552367,2489.8190209552367,0.005718316318437013,False
2907,948.3012146976242,2500.8236102207757,2472.8236102207757,0.004889922192895996,False
2908,948.5717688411025,2479.8282040340982,2455.8282040340982,0.004223612364785804,False
2909,948.842301475454,2462.8328024064513,2431.8328024064513,0.0055012170565257425,False
2910,949.1128125763073,2450.837405349075,2421.837405349075,0.005169517429952752,False
2911,949.383302119291,2427.8420128732014,2400.8420128732014,0.004856840148724478,False
2912,949.6537700800338,2411.8466249900553,2387.8466249900553,0.004343258576794923,False
2913,949.9242164341642,2387.8512417108527,2370.8512417108527,0.003102962467508492,False
2914,950.1946411573111,2371.8558630468024,2352.8558630468024,0.003492970625863449,False
2915,950.4650442251032,2354.860489009105,2330.860489009105,0.004448902853301132,False
2916,950.7354256131687,2344.865119608954,2316.865119608954,0.0052171151502105675,False
2917,951.0057852971365,2324.8697548575337,2297.8697548575337,0.0050732187387826444,False
2918,951.2761232526354,2309.8743947660214,2282.8743947660214,0.005106347695953925,False
2919,951.5464394552938,2297.8790393455874,2268.8790393455874,0.005515820657044518,False
2920,951.8167338807406,2285.8836886073914,2250.8836886073914,0.00670107465241702,False
2921,952.0870065046042,2257.888342562588,2229.888342562588,0.00541934420468731,False
2922,952.3572573025133,2249.8930012223227,2218.8930012223227,0.006025504419202288,False
2923,952.6274862500966,2227.8976645977327,2195.8976645977327,0.006283141415424168,False
2924,952.8976933229827,2221.902332699948,2185.902332699948,0.007094211375594522,False
2925,953.1678784968003,2206.9070055400903,2175.9070055400903,0.006143702847072334,False
2926,953.4380417471781,2199.911683129273,2165.911683129273,0.006764502213079926,False
2927,953.7081830497444,2182.916365478602,2152.916365478602,0.006009937737270131,False
2928,953.9783023801284,2172.9210525991757,2142.9210525991757,0.00603777616937692,False
2929,954.2483997139584,2161.925744502083,2132.925744502083,0.005865036973207642,False
2930,954.5184750268631,2149.930441198406,2124.930441198406,0.0050796908370004295,False
2931,954.788528294471,2133.935142699219,2105.935142699219,0.0057362237327592035,False
2932,955.0585594924111,2123.9398490155872,2099.9398490155872,0.0049353582404013845,False
2933,955.3285685963116,2115.9445601585685,2089.9445601585685,0.005369518808373408,False
2934,955.5985555818015,2108.949276139213,2073.949276139213,0.007268003961113541,False
2935,955.8685204245093,2089.953996968562,2065.953996968562,0.005016079976545242,False
2936,956.1384631000637,2079.9587226576487,2054.9587226576487,0.005251613600944552,False
2937,956.4083835840934,2067.9634532174996,2042.9634532174996,0.005282261710366824,False
2938,956.6782818522267,2052.9681886591316,2026.9681886591313,0.00553528699604827,False
2939,956.9481578800927,2034.9729289935535,2014.9729289935535,0.004289420427723413,False
2940,957.2180116433199,2029.9776742317674,2007.9776742317674,0.004732381771162059,False
2941,957.4878431175367,2019.9824243847663,1999.9824243847663,0.0043214115700656325,False
2942,957.757652278372,2006.987179463535,1988.987179463535,0.0039126144694038405,False
2943,958.0274391014544,1999.9919394790506,1970.9919394790506,0.0063433971377001575,False
2944,958.2972035624126,1994.9967044422817,1967.9967044422817,0.0059178157700418765,False
2945,958.5669456368751,1979.001474364189,1953.001474364189,0.0057435466111531485,False
2946,958.8366653004707,1967.006249255725,1944.006249255725,0.005108083004635589,False
2947,959.106362528828,1948.0110291278338,1922.0110291278338,0.005835535947636695,False
2948,959.3760372975754,1937.0158139914518,1910.0158139914518,0.00609620335000365,False
2949,959.6456895823418,1926.0206038575066,1902.0206038575066,0.005445711563502294,False
2950,959.9153193587559,1922.0253987369183,1901.0253987369183,0.004771203069244406,False
2951,960.1849266024462,1910.030198640598,1892.030198640598,0.004112169856443243,False
2952,960.4545112890415,1904.0350035794493,1886.0350035794493,0.004125179447558681,False
2953,960.7240733941702,1892.0398135643673,1874.0398135643673,0.004151457735550811,False
2954,960.9936128934611,1892.0446286062386,1865.0446286062386,0.0062421476176658065,False
2955,961.2631297625429,1886.049448715942,1857.049448715942,0.006729606844946257,False
2956,961.5326239770441,1869.0542739043476,1844.0542739043476,0.005848213686277556,False
2957,961.8020955125934,1845.0591041823177,1830.0591041823177,0.00354516673117593,False
2958,962.0715443448195,1845.063939560706,1830.063939560706,0.003545157402296233,False
2959,962.3409704493511,1839.0687800503583,1817.0687800503583,0.0052266052698397274,False
2960,962.6103738018166,1828.0736256621112,1809.0736256621112,0.004537440827158424,False
2961,962.8797543778448,1817.0784764067942,1794.0784764067942,0.005532248133221987,False
2962,963.1491121530644,1813.0833322952276,1791.0833322952276,0.005301973054157631,False
2963,963.418447103104,1803.0881933382238,1780.0881933382238,0.0055754499334355724,False
2964,963.6877592035922,1804.0930595465868,1778.0930595465868,0.006304448983916045,False
2965,963.9570484301578,1796.097930931112,1773.097930931112,0.005597289550231114,False
2966,964.2263147584292,1789.1028075025868,1763.1028075025868,0.006357660228344978,False
2967,964.4955581640352,1777.1076892717897,1755.1076892717897,0.005409977098836291,False
2968,964.7647786226044,1773.112576249492,1746.112576249492,0.00666406983441775,False
2969,965.0339761097655,1759.117468446455,1738.117468446455,0.005215716931948408,False
2970,965.303150601147,1748.122365873433,1726.122365873433,0.005500249434552919,False
2971,965.5723020723776,1728.1272685411711,1704.1272685411711,0.006073697236792522,False
2972,965.8414304990861,1723.1321764604065,1697.1321764604065,0.006602924729857372,False
2973,966.110535856901,1711.1370896418673,1693.1370896418673,0.004592681502200972,False
2974,966.379618121451,1706.142008096274,1686.142008096274,0.0051210277431017704,False
2975,966.6486772683648,1702.1469318343377,1684.1469318343377,0.004617067871983635,False
2976,966.9177132732709,1698.151860866762,1685.151860866762,0.0033374810625295772,False
2977,967.1867261117981,1693.1567952042417,1678.1567952042417,0.0038646420995847096,False
2978,967.4557157595748,1689.1617348574628,1666.1617348574628,0.005954078424414813,False
2979,967.7246821922299,1671.1666798371032,1654.1666798371032,0.004440499471072997,False
2980,967.993625385392,1668.1716301538322,1646.1716301538322,0.0057656182118218146,False
2981,968.2625453146896,1660.1765858183107,1644.1765858183107,0.004205825259325003,False
2982,968.5314419557516,1657.181546841191,1634.181546841191,0.006069786525916966,False
2983,968.8003152842064,1642.1865132331166,1632.1865132331166,0.0026526961261123566,False
2984,969.0691652756826,1639.191485004723,1625.191485004723,0.003725151172678099,False
2985,969.3379919058092,1636.1964621666368,1622.1964621666368,0.0037319993645828823,False
2986,969.6067951502146,1635.2014447294764,1624.2014447294764,0.00293136970178892,False
2987,969.8755749845274,1629.2064327038513,1611.2064327038513,0.004824929047536595,False
2988,970.1443313843762,1625.2114261003626,1611.2114261003626,0.0037573339139882794,False
2989,970.4130643253899,1615.2164249296025,1599.2164249296025,0.004323480640580751,False
2990,970.681773783197,1611.2214292021552,1592.2214292021552,0.005151764699174802,False
2991,970.9504597334261,1597.226438928596,1578.226438928596,0.0051971759289906605,False
2992,971.2191221517058,1596.2314541194914,1580.2314541194914,0.0043751623609904365,False
2993,971.487761013665,1585.2364747854,1571.2364747854,0.0038525041804319433,False
2994,971.7563762949322,1577.2415009368708,1559.2415009368708,0.00498481037040955,False
2995,972.0249679711359,1577.2465325844448,1556.2465325844448,0.005821184521611621,False
2996,972.293536017905,1576.251569738654,1553.251569738654,0.0063837308916716295,False
2997,972.562080410868,1564.2566124100224,1542.2566124100224,0.006151358545442792,False
2998,972.8306011256535,1569.2616606090646,1544.2616606090646,0.006974475069482017,False
2999,973.0990981378903,1558.266714346287,1539.266714346287,0.005327915799394319,False
3000,973.3675714232069,1557.2717736321872,1542.2717736321872,0.004203501571006155,False
3001,973.6360209572321,1551.2768384772537,1528.2768384772537,0.0064872769648512555,False
3002,973.9044467155943,1550.281908891967,1537.281908891967,0.003657162708851938,False
3003,974.1728486739223,1545.2869848867986,1528.2869848867986,0.004804232176467024,False
3004,974.4412268078448,1545.292066472211,1524.292066472211,0.005942385688000947,False
3005,974.7095810929903,1538.2971536586585,1519.2971536586585,0.00539751225240308,False
3006,974.9779115049877,1536.3022464565863,1510.3022464565863,0.007412797226671258,False
3007,975.2462180194652,1536.3073448764308,1512.3073448764308,0.006838045445596614,False
3008,975.514500612052,1535.3124489286201,1514.3124489286201,0.00598127873689684,False
3009,975.7827592583764,1526.317558623573,1508.317558623573,0.005152113550844046,False
3010,976.0509939340669,1515.3226739717,1500.3226739717,0.0043204489936285815,False
3011,976.3192046147526,1510.3277949834023,1495.3277949834023,0.00433480890745296,False
3012,976.5873912760618,1509.332921669073,1495.332921669073,0.0040471500422684025,False
3013,976.8555538936232,1495.3380540390954,1487.3380540390954,0.002329695924613866,False
3014,977.1236924430655,1494.343192103845,1485.343192103845,0.0026235393390971976,False
3015,977.3918069000174,1491.3483358736883,1474.3483358736883,0.004978990015059054,False
3016,977.6598972401074,1496.3534853589822,1480.3534853589822,0.004668769011650938,False
3017,977.9279634389644,1498.3586405700755,1479.3586405700755,0.005542303962440407,False
3018,978.1960054722166,1497.3638015173083,1477.3638015173083,0.005839876234946033,False
3019,978.464023315493,1491.3689682110112,1473.3689682110112,0.005273583632931576,False
3020,978.7320169444223,1494.374140661506,1478.374140661506,0.00467498634367136,False
3021,978.9999863346328,1491.3793188791064,1475.3793188791064,0.004684424942395404,False
3022,979.2679314617535,1495.3845028741166,1476.3845028741166,0.0055533977075261625,False
3023,979.5358523014128,1486.3896926568316,1473.3896926568316,0.0038150577025065292,False
3024,979.8037488292396,1493.3948882375382,1482.3948882375382,0.0032107517122107,False
3025,980.0716210208622,1488.4000896265138,1476.4000896265138,0.003515624613318507,False
3026,980.3394688519095,1492.4052968340275,1480.4052968340275,0.003506151451298535,False
3027,980.6072922980102,1494.4105098703383,1478.4105098703383,0.004674871954788189,False
3028,980.8750913347926,1502.4157287456976,1487.4157287456976,0.004357751919261582,False
3029,981.1428659378855,1500.420953470347,1483.420953470347,0.004948711297634717,False
3030,981.4106160829178,1502.4261840545194,1479.4261840545194,0.006699842884934521,False
3031,981.6783417455181,1498.4314205084388,1486.4314205084388,0.0034919941975021665,False
3032,981.9460429013146,1501.43666284232,1488.43666284232,0.003776657556115721,False
3033,982.2137195259363,1501.4419110663691,1483.4419110663691,0.005237989752568378,False
3034,982.481371595012,1504.447165190783,1489.447165190783,0.0043518381204841325,False
3035,982.74899908417,1503.4524252257495,1486.4524252257495,0.004938676060437518,False
3036,983.016601969039,1503.457691181448,1490.457691181448,0.003771558662540611,False
3037,983.2841802252477,1505.4629630680479,1486.4629630680479,0.005515982872376925,False
3038,983.5517338284249,1506.4682408957103,1494.4682408957103,0.0034732901494112854,False
3039,983.819262754199,1505.4735246745872,1489.4735246745872,0.0046403343389171585,False
3040,984.086766978199,1509.4788144148213,1492.4788144148213,0.004918846985344573,False
3041,984.3542464760532,1512.4841101265463,1495.4841101265463,0.004909017822417593,False
3042,984.6217012233902,1519.489411819887,1506.489411819887,0.0037315945211138356,False
3043,984.8891311958388,1512.4947195049588,1497.4947195049588,0.004328567450770379,False
3044,985.1565363690278,1513.5000331918682,1496.5000331918682,0.004905704008186925,False
3045,985.4239167185856,1514.5053528907129,1498.5053528907129,0.004612513997733713,False
3046,985.691272220141,1521.510678611581,1505.510678611581,0.00459116445150289,False
3047,985.9586028493225,1519.5160103645517,1506.5160103645517,0.0037315289195576757,False
3048,986.2259085817589,1525.5213481596952,1513.5213481596952,0.0034297384993475363,False
3049,986.4931893930786,1526.5266920070724,1513.5266920070724,0.0037143181158953227,False
3050,986.7604452589106,1534.532041916735,1523.532041916735,0.0031243687339191457,False
3051,987.0276761548834,1538.5373978987257,1524.5373978987257,0.003969974937390512,False
3052,987.2948820566254,1537.542759963078,1518.542759963078,0.005400177069268042,False
3053,987.5620629397656,1536.5481281198163,1519.5481281198163,0.004831707986763691,False
3054,987.8292187799323,1533.5535023789557,1520.5535023789557,0.003697226294940266,False
3055,988.0963495527544,1531.558882750502,1526.558882750502,0.0014201378174138995,False
3056,988.3634552338607,1539.5642692444524,1531.5642692444524,0.0022625973938687925,False
3057,988.6305357988795,1540.5696618707939,1528.5696618707939,0.0033961054158971387,False
3058,988.8975912234396,1555.5750606395054,1529.5750606395054,0.007320177895011191,False
3059,989.1646214831694,1554.5804655605555,1534.5804655605555,0.005623540627235228,False
3060,989.431626553698,1559.5858766439046,1542.5858766439046,0.004759942831403478,False
3061,989.6986064106538,1555.591293899503,1541.591293899503,0.003926254901404982,False
3062,989.9655610296653,1567.5967173372921,1550.5967173372921,0.004735485143270011,False
3063,990.2324903863613,1566.6021469672041,1550.6021469672041,0.004458336431645426,False
3064,990.4993944563706,1575.6075827991622,1559.6075827991622,0.004432724178797774,False
3065,990.7662732153217,1576.6130248430795,1561.6130248430795,0.004151687441243707,False
3066,991.0331266388431,1579.6184731088606,1558.6184731088606,0.005812384729744142,False
3067,991.2999547025637,1574.6239276064002,1552.6239276064002,0.006110571766079989,False
3068,991.5667573821119,1581.6293883455846,1552.6293883455846,0.008036923750520567,False
3069,991.8335346531164,1576.6348553362895,1564.6348553362895,0.003318122679136536,False
3070,992.1002864912061,1577.6403285883828,1569.6403285883828,0.0022078509776984074,False
3071,992.3670128720095,1580.6458081117214,1565.6458081117214,0.004141044365696778,False
3072,992.6337137711552,1590.6512939161544,1573.6512939161544,0.004666479908676959,False
3073,992.9003891642716,1586.6567860115201,1570.6567860115201,0.004401698491538359,False
3074,993.1670390269877,1598.6622844076492,1582.6622844076492,0.004368476179536345,False
3075,993.4336633349321,1596.667789114361,1579.667789114361,0.004648801429527031,False
3076,993.7002620637335,1603.673300141467,1587.673300141467,0.004354757287156996,False
3077,993.9668351890202,1601.678817498769,1586.678817498769,0.004086408136768205,False
3078,994.2333826864212,1604.6843411960588,1591.6843411960588,0.00353267095011362,False
3079,994.4999045315649,1604.6898712431191,1590.6898712431191,0.0038055956673713727,False
3080,994.7664007000802,1604.6954076497236,1589.6954076497236,0.0040786901081160285,False
3081,995.0328711675955,1608.700950425636,1596.700950425636,0.0032517345974341807,False
3082,995.2993159097398,1604.7064995806109,1588.7064995806109,0.00435193935655274,False
3083,995.5657349021413,1590.7120551243931,1569.7120551243931,0.005771578768784861,False
3084,995.8321281204289,1579.717617066719,1564.717617066719,0.004143489153587898,False
3085,996.0984955402312,1567.7231854173137,1549.7231854173137,0.005015250701141885,False
3086,996.3648371371767,1552.728760185895,1540.728760185895,0.0033694077837054014,False
3087,996.6311528868944,1539.7343413821693,1521.7343413821693,0.005106954579410208,False
3088,996.8974427650126,1526.7399290158348,1512.7399290158348,0.00400079357602117,False
3089,997.16370674716,1512.7455230965797,1493.7455230965797,0.005489259660524402,False
3090,997.4299448089654,1496.7511236340824,1480.7511236340824,0.004667521981861221,False
3091,997.6961569260573,1475.7567306380129,1457.7567306380129,0.005329717342472704,False
3092,997.9623430740645,1454.7623441180301,1444.7623441180301,0.0029956372200143845,False
3093,998.2285032286156,1431.7679640837848,1421.7679640837848,0.003043916535162436,False
3094,998.4946373653391,1414.7735905449174,1404.7735905449174,0.0030806102895256674,False
3095,998.7607454598636,1386.7792235110592,1377.7792235110592,0.002827695069850847,False
3096,999.0268274878182,1372.7848629918315,1360.7848629918315,0.003813012128927419,False
3097,999.2928834248311,1352.7905089968465,1337.7905089968465,0.00484243713685466,False
3098,999.5589132465309,1336.7961615357067,1328.7961615357067,0.002606824949698375,False
3099,999.8249169285467,1323.8018206180047,1310.8018206180047,0.004285938118228137,False
3100,1000.0908944465067,1307.8074862533242,1296.8074862533242,0.003668310098806854,False
3101,1000.3568457760398,1291.8131584512387,1282.8131584512387,0.003036297914214676,False
3102,1000.6227708927745,1285.818837221312,1274.818837221312,0.003731311723824463,False
3103,1000.8886697723395,1260.8245225730989,1252.8245225730989,0.0027644014924843624,False
3104,1001.1545423903635,1257.830214516144,1247.830214516144,0.003466525493057704,False
3105,1001.4203887224752,1245.8359130599827,1234.8359130599827,0.003851594203153561,False
3106,1001.6862087443028,1234.8416182141405,1224.8416182141405,0.0035313236134277616,False
3107,1001.9520024314754,1220.8473299881332,1210.8473299881332,0.003571969271187335,False
3108,1002.2177697596218,1222.8530483914672,1209.8530483914672,0.004641647435446156,False
3109,1002.48351070437,1216.858773433639,1203.858773433639,0.004664635532235903,False
3110,1002.7492252413492,1219.8645051241356,1208.8645051241356,0.00393396871055133,False
3111,1003.014913346188,1217.8702434724341,1199.8702434724341,0.006466736320573614,False
3112,1003.2805749945148,1213.8759884880021,1199.8759884880021,0.005037958321140771,False
3113,1003.5462101619584,1214.8817401802976,1199.8817401802976,0.005395560329276706,False
3114,1003.8118188241473,1220.8874985587684,1205.8874985587684,0.005368853890385673,False
3115,1004.0774009567101,1217.893263632853,1200.893263632853,0.006104819651890323,False
3116,1004.3429565352758,1227.89903541198,1211.89903541198,0.005696218395234878,False
3117,1004.6084855354729,1221.904813905569,1214.904813905569,0.002495122885876235,False
3118,1004.8739879329298,1239.9105991230283,1225.9105991230283,0.0049315725600380935,False
3119,1005.1394637032755,1238.9163910737577,1222.9163910737577,0.005645232772061379,False
3120,1005.4049128221384,1247.922189767147,1236.922189767147,0.0038451265173634983,False
3121,1005.6703352651471,1251.927995212576,1240.927995212576,0.0038327687806417126,False
3122,1005.9357310079305,1258.933807419415,1250.933807419415,0.0027685664381862356,False
3123,1006.201100026117,1264.9396263970239,1252.9396263970239,0.004139653032025843,False
3124,1006.4664422953354,1273.9454521547534,1259.9454521547534,0.004799089500015543,False
3125,1006.7317577912142,1281.9512847019446,1267.9512847019446,0.00476895385330206,False
3126,1006.9970464893823,1297.9571240479281,1283.9571240479281,0.0047098251545955655,False
3127,1007.2623083654681,1305.9629702020252,1295.9629702020252,0.003338270421157414,False
3128,1007.5275433951005,1320.968823173547,1309.968823173547,0.0036316080274309253,False
3129,1007.7927515539078,1331.974682971795,1320.974682971795,0.0036014759568175473,False
3130,1008.0579328175188,1345.9805496060605,1331.9805496060605,0.004540901016276909,False
3131,1008.3230871615622,1353.9864230856258,1341.9864230856258,0.003866187456500463,False
3132,1008.5882145616666,1366.9923034197623,1348.9923034197623,0.005756597522878385,False
3133,1008.8533149934607,1375.9981906177322,1357.9981906177322,0.005718671524550097,False
3134,1009.1183884325732,1386.0040846887875,1376.0040846887875,0.003144787074638162,False
3135,1009.3834348546326,1395.0099856421705,1379.0099856421705,0.005009905364385341,False
3136,1009.6484542352675,1408.0158934871135,1394.0158934871135,0.004339831810548967,False
3137,1009.9134465501066,1418.0218082328388,1402.0218082328388,0.004928140992044229,False
3138,1010.1784117747787,1436.027729888559,1423.027729888559,0.003949463208017334,False
3139,1010.4433498849123,1448.0336584634767,1435.0336584634767,0.003916569339508889,False
3140,1010.708260856136,1458.0395939667844,1442.0395939667844,0.004792132741031769,False
3141,1010.9731446640784,1470.045536407665,1455.045536407665,0.004454202737738683,False
3142,1011.2380012843685,1479.051485795291,1469.051485795291,0.0029462752944986923,False
3143,1011.5028306926346,1491.057442138825,1475.057442138825,0.004685441650605616,False
3144,1011.7676328645056,1500.0634054474206,1485.0634054474206,0.004364619978435732,False
3145,1012.03240777561,1501.06937573022,1496.06937573022,0.001449031629199628,False
3146,1012.2971554015762,1521.0753529963558,1508.0753529963558,0.003727687048237672,False
3147,1012.5618757180332,1518.0813372549517,1504.0813372549517,0.0040237187036285165,False
3148,1012.8265687006095,1521.08732851512,1508.08732851512,0.0037276575738498107,False
3149,1013.0912343249339,1525.0933267859637,1518.0933267859637,0.001997949571341901,False
3150,1013.3558725666347,1528.0993320765754,1515.0993320765754,0.003710479157453672,False
3151,1013.6204834013411,1526.1053443960382,1512.1053443960382,0.004002464874204515,False
3152,1013.8850668046812,1535.111363753425,1521.111363753425,0.003978875767576385,False
3153,1014.1496227522838,1535.117390157798,1519.117390157798,0.004550256137020213,False
3154,1014.4141512197779,1539.1234236182102,1518.1234236182102,0.005966366483528,False
3155,1014.6786521827916,1534.1294641437044,1514.1294641437044,0.005699000303650839,False
3156,1014.9431256169538,1531.1355117433127,1518.1355117433127,0.0037030899697217488,False
3157,1015.2075714978932,1524.141566426058,1516.141566426058,0.0022855528397569135,False
3158,1015.4719898012382,1529.1476282009526,1516.1476282009526,0.003707924575473826,False
3159,1015.7363805026179,1526.1536970769985,1504.1536970769985,0.006306057589850383,False
3160,1016.0007435776606,1519.1597730631881,1495.1597730631881,0.006915847948907428,False
3161,1016.2650790019949,1520.1658561685038,1495.1658561685038,0.007201602922787141,False
3162,1016.5293867512498,1518.171946401917,1496.171946401917,0.006339454683215103,False
3163,1016.7936668010535,1510.1780437723899,1494.1780437723899,0.004625801471099763,False
3164,1017.057919127035,1509.184148288874,1495.184148288874,0.0040475508698957115,False
3165,1017.3221437048227,1501.1902599603109,1489.1902599603109,0.0034855509005278914,False
3166,1017.5863405100454,1491.1963787956322,1478.1963787956322,0.0038027063423614676,False
3167,1017.8505095183317,1481.2025048037588,1468.2025048037588,0.003828477139152538,False
3168,1018.11465070531,1474.2086379936022,1454.2086379936022,0.005932231557809711,False
3169,1018.3787640466095,1461.2147783740631,1450.2147783740631,0.003281729431908107,False
3170,1018.6428495178583,1455.220925954032,1446.220925954032,0.0026942899929168294,False
3171,1018.9069070946854,1441.22708074239,1427.22708074239,0.0042393363695363085,False
3172,1019.1709367527193,1433.233242748007,1413.233242748007,0.006103028173574397,False
3173,1019.4349384675886,1416.239411979743,1400.239411979743,0.004934378630923854,False
3174,1019.6989122149221,1411.245588446448,1393.245588446448,0.0055749207442671485,False
3175,1019.9628579703483,1400.2517721569618,1376.2517721569618,0.007508239775922612,False
3176,1020.226775709496,1390.257963120114,1371.257963120114,0.005976228698722396,False
3177,1020.4906654079936,1377.2641613447236,1357.2641613447236,0.006352864915250936,False
3178,1020.7545270414698,1369.2703668395993,1348.2703668395993,0.006712220024504028,False
3179,1021.0183605855534,1354.2765796135402,1333.2765796135402,0.0067871176484692155,False
3180,1021.2821660158731,1345.2827996753347,1323.2827996753347,0.007160922011335848,False
3181,1021.5459433080574,1330.2890270337605,1312.2890270337605,0.005916511389480616,False
3182,1021.809692437735,1331.2952616975858,1302.2952616975858,0.009564925868673337,False
3183,1022.0734133805345,1309.3015036755683,1290.3015036755683,0.006348463259433662,False
3184,1022.3371061120844,1288.307752976455,1273.307752976455,0.0050862369255079915,False
3185,1022.6007706080135,1277.3140096089828,1264.3140096089828,0.004442725258991512,False
3186,1022.8644068439506,1271.3202735818788,1256.3202735818788,0.005154604526451608,False
3187,1023.1280147955242,1256.326544903859,1243.326544903859,0.004517330177093098,False
3188,1023.391594438363,1246.3328235836293,1240.3328235836293,0.0020957959919366176,False
3189,1023.6551457480954,1232.3391096298856,1222.3391096298856,0.003538523958682866,False
3190,1023.9186687003503,1225.3454030513128,1214.3454030513128,0.003916292721626825,False
3191,1024.1821632707563,1204.3517038565865,1193.3517038565865,0.003984873860409407,False
3192,1024.445629434942,1192.3580120543706,1178.3580120543706,0.005129415218792803,False
3193,1024.709067168536,1181.3643276533198,1167.3643276533198,0.005177434815693124,False
3194,1024.9724764471669,1174.3706506620777,1154.3706506620777,0.007459912526973209,False
3195,1025.2358572464639,1152.3769810892777,1142.3769810892777,0.0037851311137855207,False
3196,1025.4992095420548,1143.383318943543,1135.383318943543,0.00304934263224617,False
3197,1025.7625333095687,1128.389664233486,1120.389664233486,0.0030900057361446516,False
3198,1026.0258285246343,1121.3960169677093,1107.3960169677093,0.005456052087820301,False
3199,1026.28909516288,1105.4023771548043,1093.4023771548043,0.004740380440225397,False
3200,1026.5523331999345,1099.4087448033526,1083.4087448033526,0.00636685036254029,False
3201,1026.8155426114267,1090.4151199219252,1071.4151199219252,0.007634093996502708,False
3202,1027.0787233729852,1081.4215025190824,1067.4215025190824,0.005659053511287217,False
3203,1027.3418754602383,1070.4278926033744,1054.4278926033744,0.006540531450031113,False
3204,1027.604998848815,1059.4342901833406,1044.4342901833406,0.006192903563516005,False
3205,1027.8680935143439,1039.4406952675104,1024.4406952675104,0.006312893718700947,False
3206,1028.1311594324532,1029.447107864402,1021.4471078644019,0.0033881547379558696,False
3207,1028.3941965787722,1015.4535279825238,1008.4535279825238,0.0030041631472148157,False
3208,1028.6572049289289,1007.4599556303735,996.4599556303735,0.004767942328616874,False
3209,1028.9201844585527,999.4663908164382,984.4663908164382,0.0065673004900988225,False
3210,1029.1831351432716,985.4728335491945,982.4728335491945,0.0013241061242168365,False
3211,1029.4460569587145,974.4792838371084,969.4792838371084,0.002234077653855014,False
3212,1029.7089498805099,971.4857416886359,959.4857416886359,0.005397905581556068,False
3213,1029.9718138842868,964.4922071122216,950.4922071122216,0.006350162462897515,False
3214,1030.2346489456734,959.4986801163002,944.4986801163002,0.006843026301424327,False
3215,1030.4974550402987,946.5051607092958,932.5051607092958,0.006471742268247803,False
3216,1030.7602321437912,943.5116488996218,924.5116488996218,0.00883487880906105,False
3217,1031.0229802317795,929.5181446956808,914.5181446956808,0.007065545241442774,False
3218,1031.2856992798922,921.5246481058653,909.5246481058653,0.0056924828918668334,False
3219,1031.5483892637583,906.5311591385571,895.5311591385571,0.0053020348824997674,False
3220,1031.811050159006,897.5376778021268,892.5376778021268,0.0024261303301102853,False
3221,1032.073681941264,884.5442041049357,875.5442041049357,0.004441463719060047,False
3222,1032.3362845861614,877.5507380553331,866.5507380553331,0.005478239323497252,False
3223,1032.5988580693263,862.5572796616584,859.5572796616584,0.0015131220587156497,False
3224,1032.8614023663874,853.5638289322405,848.5638289322405,0.0025514874226103437,False
3225,1033.123917452974,844.5703858753973,835.5703858753973,0.0046528097986216,False
3226,1033.3864033047137,844.5769504994362,832.5769504994362,0.006214841363170227,False
3227,1033.6488598972362,836.5835228126541,825.5835228126541,0.005748289929006989,False
3228,1033.9112872061692,825.5901028233368,822.5901028233368,0.0015809980973018251,False
3229,1034.173685207142,816.5966905397602,813.5966905397602,0.0015984421622824234,False
3230,1034.436053875783,815.6032859701888,809.6032859701888,0.0032067046430740162,False
3231,1034.698393187721,804.6098891228769,799.6098891228769,0.0027072094116543295,False
3232,1034.9607031185842,798.6165000060678,795.6165000060678,0.0016344975716672493,False
3233,1035.222983644002,790.6231186279942,778.6231186279942,0.006642214901022916,False
3234,1035.4852347396022,784.6297449968781,768.6297449968781,0.008947580934570744,False
3235,1035.7474563810142,772.6363791209312,760.6363791209312,0.006798060117074076,False
3236,1036.0096485438662,766.6430210083538,757.6430210083538,0.005128559406090341,False
3237,1036.271811203787,755.6496706673361,746.6496706673361,0.00520361953297603,False
3238,1036.5339443364048,754.6563281060569,744.6563281060569,0.0057933336341632466,False
3239,1036.7960479173491,746.6629933326849,736.6629933326849,0.0058557736524643715,False
3240,1037.058121922248,738.6696663553778,729.6696663553778,0.005323972735006343,False
3241,1037.32016632673,727.6763471822824,722.6763471822824,0.002994417868891552,False
3242,1037.5821811064243,725.683035821535,717.683035821535,0.004814290015566146,False
3243,1037.844166236959,715.6897322812608,709.6897322812608,0.003656264660712163,False
3244,1038.106121693963,712.6964365695749,697.6964365695749,0.009238082502079333,False
3245,1038.368047453065,706.7031486945807,694.7031486945807,0.0074377590161109845,False
3246,1038.6299434898933,702.7098686643715,693.7098686643715,0.005598179908370364,False
3247,1038.891809780077,693.7165964870294,678.7165964870294,0.009493615676443962,False
3248,1039.1536462992447,688.723332170626,681.723332170626,0.00443663790952392,False
3249,1039.4154530230246,680.730075723222,673.730075723222,0.004489003883280754,False
3250,1039.6772299270456,673.7368271528671,672.7368271528671,0.0006450843807646997,False
3251,1039.9389769869367,664.7435864676004,669.7435864676004,-0.0032544075579361864,False
3252,1040.200694178326,666.75035367545,659.75035367545,0.004583623025582112,False
3253,1040.4623814768424,659.7571287844332,647.7571287844332,0.007971890300260914,False
3254,1040.7240388581147,652.7639118025565,643.7639118025565,0.006029509044987764,False
3255,1040.985666297771,649.7707027378156,637.7707027378156,0.00809556052621459,False
3256,1041.2472637714407,646.7775015981949,634.7775015981949,0.008133378730078087,False
3257,1041.5088312547518,629.7843083916684,627.7843083916684,0.0013813794086726158,False
3258,1041.7703687233331,622.7911231261994,624.7911231261994,-0.0013924367880166818,False
3259,1042.0318761528135,616.7979458097398,616.7979458097398,0.0,False
3260,1042.2933535188217,615.8047764502307,609.8047764502307,0.004252231393404635,False
3261,1042.5548007969858,605.8116150556025,605.8116150556025,0.0,False
3262,1042.8162179629348,606.8184616337744,603.8184616337744,0.0021523977792706137,False
3263,1043.0776049922974,601.8253161926548,593.8253161926548,0.005811744015526689,False
3264,1043.3389618607023,601.8321787401417,593.8321787401417,0.005811677300215777,False
3265,1043.6002885437779,592.8390492841213,585.8390492841213,0.00515848579654796,False
3266,1043.861585017153,591.8459278324692,584.8459278324692,0.005167193469071933,False
3267,1044.1228512564562,583.8528143930503,573.8528143930503,0.007502862086139249,False
3268,1044.384087237316,583.8597089737182,573.8597089737182,0.007502772717920571,False
3269,1044.6452929353613,572.8666115823157,568.8666115823157,0.0030430664534737317,False
3270,1044.9064683262204,570.8735222266748,564.8735222266748,0.004588682217085866,False
3271,1045.1676133855226,563.880440914616,560.880440914616,0.002316735150378951,False
3272,1045.428728088896,568.8873676539492,561.8873676539492,0.005377021811066908,False
3273,1045.6898124119693,563.8943024524735,554.8943024524735,0.0069874409450748605,False
3274,1045.9508663303714,558.9012453179766,550.9012453179766,0.006261323190306753,False
3275,1046.2118898197305,554.9081962582352,548.9081962582352,0.00472142391337723,False
3276,1046.4728828556756,552.9151552810151,549.9151552810151,0.002362805314609771,False
3277,1046.733845413835,542.9221223940713,545.9221223940713,-0.002393155400842025,False
3278,1046.994777469838,545.9290976051473,541.9290976051473,0.0031937724313405055,False
3279,1047.2556789993127,539.9360809219759,533.9360809219759,0.004853080468311479,False
3280,1047.516549977888,539.9430723522787,534.9430723522787,0.004040405734971397,False
3281,1047.7773903811922,530.9500719037667,518.9500719037667,0.0099281074895357,False
3282,1048.0382001848543,523.9570795841387,511.9570795841387,0.010062159812370975,False
3283,1048.2989793645029,518.9640954010838,510.9640954010838,0.00674692811275706,False
3284,1048.5597278957664,515.9711193622791,507.97111936227907,0.006786372161127066,False
3285,1048.8204457542738,514.9781514753911,508.9781514753911,0.0050896639001204004,False
3286,1049.0811329156534,513.9851917480748,507.98519174807484,0.005099554494571548,False
3287,1049.341789355534,506.99224018797463,503.99224018797463,0.0025774624540650425,False
3288,1049.6024150495443,502.99929680272317,499.99929680272317,0.0025979843627927566,False
3289,1049.863009973313,498.0063615999427,494.0063615999427,0.00350234891513482,True
3290,1050.1235741024686,498.01343458724364,491.01343458724364,0.006147683610762756,True
3291,1050.3841074126397,495.02051577222596,487.02051577222596,0.00707594204716547,True
3292,1050.644609879455,493.02760516247804,484.02760516247804,0.008001105464317728,True
3293,1050.9050814785433,490.0347027655773,482.0347027655773,0.0071485313266801635,True
3294,1051.1655221855333,485.0418085890901,481.0418085890901,0.0035963509239253927,True
3295,1051.4259319760529,480.04892264057094,470.04892264057094,0.009142437744634647,True
3296,1051.6863108257319,477.05604492756447,471.05604492756447,0.005496821959286649,True
3297,1051.9466587101979,473.0631754576027,470.0631754576027,0.002762912601785338,True
3298,1052.2069756050803,471.07031423820786,469.07031423820786,0.0018477879750982112,True
3299,1052.4672614860074,474.0774612768896,467.0774612768896,0.006460397454206739,True
3300,1052.7275163286079,475.08461658114766,462.08461658114766,0.012049457516447868,True
3301,1052.9877401085103,465.0917801584699,460.0917801584699,0.00469418965840734,True
3302,1053.2479328013435,464.09895201633276,460.09895201633276,0.0037593436800506972,True
3303,1053.5080943827359,466.10613216220213,460.10613216220213,0.0056267951582106256,True
3304,1053.7682248283163,463.113320603532,460.113320603532,0.002822466279316108,True
3305,1054.0283241137133,456.1205173477656,448.1205173477656,0.007684779556553838,True
3306,1054.2883922145556,454.12772240233494,449.12772240233494,0.004808151673862004,True
3307,1054.548429106472,455.13493577466056,447.13493577466056,0.007701569153349918,True
3308,1054.8084347650906,452.14215747215144,447.14215747215144,0.004829384321886025,True
3309,1055.0684091660407,441.1493875022061,439.1493875022061,0.0019733992207275975,True
3310,1055.3283522849506,439.1566258722112,441.1566258722112,-0.001973366768091277,True
3311,1055.588264097449,432.1638725895423,439.1638725895423,-0.006978147534350953,True
3312,1055.8481445791642,433.1711276615638,432.1711276615638,0.0010037523824972738,True
3313,1056.1079937057254,430.1783910956285,432.1783910956285,-0.002014457447481973,True
3314,1056.367811452761,427.1856628990781,431.1856628990781,-0.004047643368600663,True
3315,1056.6275977958999,419.1929430792429,420.1929430792429,-0.001034791493473652,True
3316,1056.8873527107703,424.2002316434423,422.2002316434423,0.002052434085477658,True
3317,1057.147076173001,419.2075285989838,418.2075285989838,0.0010372268437367866,True
3318,1057.406768158221,419.21483395316386,418.21483395316386,0.0010372087471324995,True
3319,1057.6664286420582,416.22214771326753,413.22214771326753,0.003141595244669606,True
3320,1057.926057600142,411.22946988656895,412.22946988656895,-0.0010548059518641962,True
3321,1058.1856550081009,409.23680048033,405.23680048033,0.004265802826050618,True
3322,1058.445220841563,412.244139501802,408.244139501802,0.004234531399884349,True
3323,1058.7047550761577,407.25148695822486,403.25148695822486,0.004286701190370582,True
3324,1058.9642576875128,406.25884285682673,398.25884285682673,0.008637399621098548,True
3325,1059.2237286512577,399.26620720482447,394.26620720482447,0.005472999232094177,True
3326,1059.4831679430208,396.27358000942377,393.27358000942377,0.003300346785562871,True
3327,1059.7425755384306,394.28096127781896,387.28096127781896,0.007779659111422391,True
3328,1060.0019514131159,400.2883510171928,392.2883510171928,0.008767539709247336,True
3329,1060.2612955427055,393.29574923471637,385.29574923471637,0.00892503485602843,True
3330,1060.5206079028274,392.3031559375502,385.3031559375502,0.00781923564340578,True
3331,1060.779888469111,392.3105711328426,376.3105711328426,0.018083592231469457,True
3332,1061.0391372171846,391.3179948277307,383.3179948277307,0.008970611821917527,True
3333,1061.298354122677,385.3254270293403,376.3254270293403,0.010264105267702918,True
3334,1061.5575391612163,383.33286774478574,380.33286774478574,0.0034122000961066476,True
3335,1061.816692308432,375.34031698116996,376.34031698116996,-0.0011555299378257658,True
3336,1062.0758135399522,381.34777474558405,376.34777474558405,0.005731864022716069,True
3337,1062.3349028314055,376.3552410451084,369.3552410451084,0.008153702392305553,True
3338,1062.5939601584207,379.3627158868112,377.3627158868112,0.00229565691805173,True
3339,1062.8529854966268,374.3701992777494,371.3701992777494,0.003494219909826381,True
3340,1063.111978821652,372.37769122496866,370.37769122496866,0.0023388347861914636,True
3341,1063.3709401091248,370.3851917355032,362.3851917355032,0.009483172303382324,True
3342,1063.6298693346741,371.3927008163753,361.3927008163753,0.011853987355633583,True
3343,1063.8887664739286,360.40021847459616,362.40021847459616,-0.002403405244829022,True
3344,1064.147631502517,363.4077447171653,357.4077447171653,0.007230219423391043,True
3345,1064.4064643960676,359.41527955107085,349.41527955107085,0.01225464371096077,True
3346,1064.6652651302095,359.4228229832893,355.4228229832893,0.004860338923846255,True
3347,1064.924033680571,354.4303750207855,346.4303750207855,0.009914970298942146,True
3348,1065.182770022781,353.43793567051307,351.43793567051307,0.0024645227055008836,True
3349,1065.4414741324679,354.4455049394139,352.4455049394139,0.0024574970379606107,True
3350,1065.7001459852604,349.45308283441864,351.45308283441864,-0.0024784810400096694,True
3351,1065.958785556787,342.46066936244574,340.46066936244574,0.0025437525459108485,True
3352,1066.2173928226769,350.4682645304026,343.4682645304026,0.008762082312466215,True
3353,1066.4759677585582,345.47586834518484,341.47586834518484,0.0050576990155344805,True
3354,1066.7345103400596,339.4834808136766,340.4834808136766,-0.0012773996959129284,True
3355,1066.9930205428102,341.4911019427507,339.4911019427507,0.0025509960648768654,True
3356,1067.2514983424383,340.4987317392679,343.4987317392679,-0.0038096392744783342,True
3357,1067.5099437145723,334.5063702100774,340.5063702100774,-0.007720848408614698,True
3358,1067.7683566348412,328.5140173620173,332.5140173620173,-0.00525605281505219,True
3359,1068.0267370788736,323.5216732019135,330.5216732019135,-0.009296562603888251,True
3360,1068.285085022298,325.5293377365808,325.5293377365808,0.0,True
3361,1068.5434004407432,317.5370109728217,316.5370109728217,0.0013698553384603434,True
3362,1068.8016833098377,322.54469291742794,321.54469291742794,0.001348554534234164,True
3363,1069.0599336052103,320.55238357717894,318.55238357717894,0.0027181515264088248,True
3364,1069.3181513024897,321.56008295884294,317.56008295884294,0.005436225306633471,True
3365,1069.5763363773044,310.5677910691759,308.5677910691759,0.002805821568321771,True
3366,1069.834488805283,311.5755079149228,305.5755079149228,0.008444769359486473,True
3367,1070.0926085620542,306.5832335028167,303.5832335028167,0.004270617986681279,True
3368,1070.3506956232468,308.5909678395792,311.5909678395792,-0.0042016496550991295,True
3369,1070.6087499644889,300.5987109319194,299.5987109319194,0.001447173439750156,True
3370,1070.86677156141,306.606462786536,306.606462786536,0.0,True
3371,1071.1247603896381,301.61422341011485,300.61422341011485,0.001442292815462396,True
3372,1071.382716424802,299.621992809331,299.621992809331,0.0,True
3373,1071.6406396425305,295.62977099084696,298.62977099084696,-0.0043849342651540914,True
3374,1071.8985300184522,296.6375579613143,299.6375579613143,-0.004370111730376907,True
3375,1072.1563875281954,296.64535372737237,296.64535372737237,0.0,True
3376,1072.4142121473892,295.6531582956493,296.6531582956493,-0.001466453699303276,True
3377,1072.6720038516619,291.6609716727605,294.6609716727605,-0.004444298326269691,True
3378,1072.9297626166426,295.66879386531105,293.66879386531105,0.002947690140140189,True
3379,1073.1874884179595,287.6766248798931,285.6766248798931,0.003029868539726267,True
3380,1073.4451812312413,294.68446472308756,290.68446472308756,0.005935419116223798,True
3381,1073.7028410321168,288.6923134014637,285.6923134014637,0.0045366649191338464,True
3382,1073.9604677962147,284.7001709215788,283.7001709215788,0.00152813043206335,True
3383,1074.2180614991635,283.70803728997817,280.70803728997817,0.004616791668881867,True
3384,1074.475622116592,281.7159125131957,282.7159125131957,-0.0015388747304800761,True
3385,1074.7331496241284,279.72379659775356,276.72379659775356,0.004682906657585365,True
3386,1074.990643997402,284.7316895501622,275.7316895501622,0.01394912317730004,True
3387,1075.2481052120409,281.7395913769194,274.7395913769194,0.010926632403196704,True
3388,1075.505533243674,270.74750208451223,272.74750208451223,-0.003196323343767271,True
3389,1075.76292806793,272.7554216794156,267.7554216794156,0.008035118549003092,True
3390,1076.0202896604374,272.7633501680923,271.7633501680923,0.0015951282824749776,True
3391,1076.277617996825,268.7712875569937,266.7712875569937,0.0032437869263468107,True
3392,1076.534913052721,266.77923385255895,268.77923385255895,-0.0032436906667192267,True
3393,1076.7921748037545,261.7871890612155,263.7871890612155,-0.003305310123974856,True
3394,1077.0494032255544,267.79515318937933,264.79515318937933,0.004892680959772291,True
3395,1077.3065982937487,261.80312624345424,259.80312624345424,0.00333045555473355,True
3396,1077.5637599839663,259.81110822983237,258.81110822983237,0.0016748029927848994,True
3397,1077.8208882718359,259.81909915489337,255.81909915489337,0.006738107380563844,True
3398,1078.0779831329862,253.82709902500596,255.82709902500596,-0.003408559865905617,True
3399,1078.3350445430458,249.8351078465264,252.8351078465264,-0.0051839113371081975,True
3400,1078.5920724776431,251.84312562579908,255.84312562579908,-0.00684365145128996,True
3401,1078.8490669124071,251.8511523691568,251.8511523691568,0.0,True
3402,1079.106027822966,257.85918808292035,252.85918808292035,0.008503871765663504,True
3403,1079.3629551849492,252.86723277339865,250.86723277339865,0.0034486166315804484,True
3404,1079.6198489739845,250.87528644688837,253.87528644688837,-0.005162545057668733,True
3405,1079.8767091657012,249.88334910967478,252.88334910967478,-0.005182916504440882,True
3406,1080.1335357357275,251.89142076803068,254.89142076803068,-0.005141842059892947,True
3407,1080.3903286596924,240.89950142821772,249.89950142821772,-0.015929488498825407,True
3408,1080.647087913224,244.90759109648502,247.90759109648502,-0.005287578739243373,True
3409,1080.9038134719515,241.9156897790699,238.9156897790699,0.00541936490632377,True
3410,1081.1605053115036,239.92379748219764,241.92379748219764,-0.003605264241300319,True
3411,1081.4171634075085,237.93191421208167,235.93191421208167,0.003666007276096925,True
3412,1081.673787735595,238.9400399749236,236.9400399749236,0.0036504746234390286,True
3413,1081.9303782713919,233.94817477691322,232.94817477691322,0.0018603492890989883,True
3414,1082.1869349905276,236.9563186242276,230.9563186242276,0.011138445587847236,True
3415,1082.443457868631,231.96447152303267,228.96447152303267,0.005653373967229024,True
3416,1082.6999468813306,232.97263347948183,230.97263347948183,0.0037443828235241253,True
3417,1082.9564020042549,231.9808044997169,226.9808044997169,0.009462919243924315,True
3418,1083.2128232130328,235.98898458986764,230.98898458986764,0.009300461862681983,True
3419,1083.469210483293,231.99717375605132,229.99717375605132,0.003760194879197646,True
3420,1083.7255637906637,236.00537200437384,230.00537200437384,0.011183909069898473,True
3421,1083.9818831107743,228.0135793409288,229.0135793409288,-0.0019005223944717471,True
3422,1084.2381684192526,225.02179577179754,230.02179577179754,-0.00954440342540692,True
3423,1084.4944196917281,223.03002130305003,223.03002130305003,0.0,True
3424,1084.7506369038285,225.03825594074374,225.03825594074374,0.0,True
3425,1085.006820031183,224.04649969092407,223.04649969092407,0.0019427510908046487,True
3426,1085.2629690494205,224.0547525596246,224.0547525596246,0.0,True
3427,1085.519083934169,215.0630145528669,219.0630145528669,-0.00800333070854906,True
3428,1085.7751646610577,213.07128567665995,217.07128567665995,-0.008077452084898018,True
3429,1086.0312112057147,214.07956593700146,215.07956593700146,-0.0020239358114844327,True
3430,1086.2872235437694,217.08785533987657,219.08785533987657,-0.0039827758859158,True
3431,1086.5432016508498,211.09615389125815,212.09615389125815,-0.0020524725154360533,True
3432,1086.7991455025847,212.10446159710796,214.10446159710796,-0.004075913440708075,True
3433,1087.0550550746027,211.1127784633743,212.1127784633743,-0.002052311269954546,True
3434,1087.3109303425326,215.1211044959948,214.1211044959948,0.002023544090076044,True
3435,1087.566771282003,212.12943970089373,209.12943970089373,0.006185770962870689,True
3436,1087.8225778686424,214.13778408398412,215.13778408398412,-0.002023386839087063,True
3437,1088.07835007808,207.14613765116633,209.14613765116633,-0.004173008716222451,True
3438,1088.3340878859435,208.15450040832934,206.15450040832934,0.004192984989895197,True
3439,1088.5897912678622,203.16287236134917,206.16287236134917,-0.006366112036004704,True
3440,1088.845460199465,205.17125351609002,208.17125351609002,-0.006304245518752262,True
3441,1089.1010946563797,199.17964387840425,203.17964387840425,-0.008635243240117666,True
3442,1089.3566946142355,204.18804345413173,209.18804345413173,-0.010506550254229082,True
3443,1089.612260048661,197.1964522491005,196.1964522491005,0.0022079473847556887,True
3444,1089.8677909352848,198.20487026912588,202.20487026912588,-0.00867728999908464,True
3445,1090.1232872497355,196.2132975200118,200.2132975200118,-0.008764482037880645,True
3446,1090.3787489676417,199.22173400754923,203.22173400754923,-0.008633436862457964,True
3447,1090.6341760646324,199.2301797375178,198.2301797375178,0.0021853520127639997,True
3448,1090.8895685163357,196.23863471568416,196.23863471568416,0.0,True
3449,1091.1449262983806,192.24709894780335,197.24709894780335,-0.011150829532214537,True
3450,1091.4002493863957,196.25557243961794,197.25557243961794,-0.0022072839482364733,True
3451,1091.6555377560096,202.26405519685864,201.26405519685864,0.0021524912874636946,True
3452,1091.910791382851,201.27254722524344,201.27254722524344,0.0,True
3453,1092.1660102425483,193.28104853047853,194.28104853047853,-0.0022411657331106744,True
3454,1092.4211943107305,195.28955911825756,192.28955911825756,0.006723321279540364,True
3455,1092.676343563026,192.29807899426237,191.29807899426237,0.0022643368901405295,True
3456,1092.9314579750635,190.30660816416253,189.30660816416253,0.0022880946594982954,True
3457,1093.1865375224716,187.31514663361486,185.31514663361486,0.004661979019064173,True
3458,1093.441582180879,185.32369440826437,186.32369440826437,-0.0023371375291312843,True
3459,1093.6965919259148,183.33225149374402,184.33225149374402,-0.0023624557133232462,True
3460,1093.9515667332068,182.34081789567426,193.34081789567426,-0.025439652960216025,True
3461,1094.2065065783843,181.34939361966303,180.34939361966303,0.00240142131394891,True
3462,1094.4614114370756,186.35797867130623,186.35797867130623,0.0,True
3463,1094.7162812849092,181.36657305618792,185.36657305618792,-0.009474174008038003,True
3464,1094.9711160975144,180.3751767798792,185.3751767798792,-0.011874808454429649,True
3465,1095.2259158505192,180.3837898479394,181.3837898479394,-0.00240096466575194,True
3466,1095.4806805195524,179.39241226591548,180.39241226591548,-0.0024141963231640727,True
3467,1095.735410080243,174.40104403934174,172.40104403934174,0.005009188946918502,True
3468,1095.990104508219,177.4096851737404,173.4096851737404,0.009903975433977742,True
3469,1096.24476377911,174.41833567462186,172.41833567462186,0.0050086894669285065,True
3470,1096.4993878685436,176.42699554748333,173.42699554748333,0.007448337959665395,True
3471,1096.753976752149,175.43566479781043,172.43566479781043,0.007490791193977469,True
3472,1097.0085304055547,180.44434343107628,180.44434343107628,0.0,True
3473,1097.2630488043894,176.45303145274147,171.45303145274147,0.01248395565529381,True
3474,1097.517531924282,172.46172886825434,170.46172886825434,0.005065846576851047,True
3475,1097.7719797408604,168.47043568305116,167.47043568305116,0.002585548837093011,True
3476,1098.026392229754,175.4791519025555,173.4791519025555,0.004978236454498618,True
3477,1098.2807693665914,170.48787753217857,175.48787753217857,-0.012553617253743377,True
3478,1098.5351111270008,173.49661257731987,173.49661257731987,0.0,True
3479,1098.789417486611,172.50535704336562,173.50535704336562,-0.002510301984238465,True
3480,1099.0436884210508,171.5141109356905,171.5141109356905,0.0,True
3481,1099.2979239059487,169.5228742596562,165.5228742596562,0.010370288097749729,True
3482,1099.5521239169336,165.53164702061258,167.53164702061258,-0.005215821854574009,True
3483,1099.8062884296337,161.54042922389635,164.54042922389635,-0.00799139338530158,True
3484,1100.060417419678,163.5492208748326,167.5492208748326,-0.010493933102515854,True
3485,1100.314510862695,159.5580219787339,159.5580219787339,0.0,True
3486,1100.5685687343134,159.5668325408999,163.5668325408999,-0.010752619458541496,True
3487,1100.822591010162,161.5756525666186,162.5756525666186,-0.0026795872962681235,True
3488,1101.0765776658689,159.5844820611651,161.5844820611651,-0.005408992080008518,True
3489,1101.3305286770635,154.59332102980193,156.59332102980193,-0.005582507769629698,True
3490,1101.584444019374,162.60216947777985,167.60216947777985,-0.013153300170337476,True
3491,1101.8383236684288,158.61102741033642,167.61102741033642,-0.02396920989921221,True
3492,1102.0921675998572,160.61989483269758,167.61989483269758,-0.01852622662402612,True
3493,1102.3459757892874,157.6287717500761,160.6287717500761,-0.00818784700567137,True
3494,1102.599748212348,164.63765816767295,160.63765816767295,0.010681815775024094,True
3495,1102.8534848446677,159.64655409067586,158.64655409067586,0.0027289055255728316,True
3496,1103.1071856618755,156.655459524261,161.655459524261,-0.013644841576532509,True
3497,1103.3608506395997,159.66437447359158,163.66437447359158,-0.010746131088121766,True
3498,1103.6144797534691,159.67329894381828,161.67329894381828,-0.005406002023615249,True
3499,1103.8680729791122,156.68223294007953,159.68223294007953,-0.008236844785487918,True
3500,1104.1216302921578,159.69117646750124,164.69117646750124,-0.01338941151846485,True
3501,1104.3751516682344,154.7001295311968,160.7001295311968,-0.016525549486990285,True
3502,1104.6286370829707,158.70909213626715,159.70909213626715,-0.0027278335921911002,True
3503,1104.8820865119953,156.71806428780064,154.71806428780064,0.005578035588675679,True
3504,1105.1354999309367,157.72704599087342,151.72704599087342,0.016843167135707725,True
3505,1105.3888773154242,152.73603725054863,149.73603725054863,0.008615183222057928,True
3506,1105.6422186410855,158.7450380718774,155.7450380718774,0.00828594010646907,True
3507,1105.8955238835501,150.75404845989806,152.75404845989806,-0.005723745397133936,True
3508,1106.1487930184462,152.7630684196365,154.7630684196365,-0.005648958614678399,True
3509,1106.4020260214024,151.7720979561061,150.7720979561061,0.0028709594785858317,True
3510,1106.6552228680475,154.7811370743077,155.7811370743077,-0.0027968366991852353,True
3511,1106.9083835340102,149.79018577922966,154.79018577922966,-0.014260062067760097,True
3512,1107.161507994919,155.7992440758478,150.7992440758478,0.014166181668791142,True
3513,1107.4145962264026,148.80831196912527,148.80831196912527,0.0,True
3514,1107.6676482040898,152.81738946401265,151.81738946401265,0.0028512571241399625,True
3515,1107.920663903609,151.82647656544805,147.82647656544805,0.011595287835217483,True
3516,1108.1736433005885,151.83557327835706,152.83557327835706,-0.0028509167761735362,True
3517,1108.426586370658,151.84467960765278,149.84467960765278,0.005758252068794364,True
3518,1108.6794930894453,152.85379555823556,151.85379555823556,0.0028505757897461107,True
3519,1108.9323634325792,146.86292113499326,148.86292113499326,-0.005874374725860898,True
3520,1109.1851973756886,149.872056342801,150.872056342801,-0.0028881435356055978,True
3521,1109.4379948944018,145.8812011865216,148.8812011865216,-0.008840533423272593,True
3522,1109.6907559643475,147.89035567100518,151.89035567100518,-0.011590345658922481,True
3523,1109.9434805611547,144.8995198010889,146.8995198010889,-0.00595342991414772,True
3524,1110.1961686604516,147.90869358159807,148.90869358159807,-0.0029263523221621976,True
3525,1110.4488202378673,140.9178770173446,149.9178770173446,-0.02688733181272486,True
3526,1110.7014352690298,145.92707011312837,155.92707011312837,-0.028785655622827963,True
3527,1110.9540137295685,140.93627287373624,145.93627287373624,-0.01514046824304395,True
3528,1111.2065555951115,140.94548530394263,147.94548530394263,-0.021050547468605938,True
3529,1111.4590608412875,137.95470740850942,141.95470740850942,-0.012413274452452418,True
3530,1111.7115294437256,145.96393919218553,143.96393919218553,0.005991853881902409,True
3531,1111.963961378054,145.97318065970785,143.97318065970785,0.005991471912772836,True
3532,1112.2163566199013,150.98243181579983,147.98243181579983,0.008716256239841793,True
3533,1112.4687151448964,142.99169266517288,143.99169266517288,-0.0030266298457351363,True
3534,1112.721036928668,150.00096321252545,146.00096321252545,0.011738326866648356,True
3535,1112.9733219468444,146.01024346254349,141.01024346254349,0.015132662695358512,True
3536,1113.2255701750544,148.0195334199002,145.0195334199002,0.00889252740153863,True
3537,1113.4777815889267,143.02883308925584,137.02883308925584,0.018611636056605933,True
3538,1113.72995616409,148.03814247525884,146.03814247525884,0.005907326773675997,True
3539,1113.982093876173,141.04746158254397,139.04746158254397,0.0062022097105752065,True
3540,1114.234194700804,143.05679041573376,143.05679041573376,0.0,True
3541,1114.4862586136119,141.0661289794382,143.0661289794382,-0.006114077407820706,True
3542,1114.7382855902254,148.0754772782543,143.0754772782543,0.014917937813388652,True
3543,1114.990275606273,146.0848353167662,142.0848353167662,0.012057407057801553,True
3544,1115.2422286373835,144.09420309954612,144.09420309954612,0.0,True
3545,1115.4941446591854,140.10358063115245,139.10358063115245,0.0031109255002323656,True
3546,1115.7460236473073,144.11296791613177,142.11296791613177,0.006069352855623891,True
3547,1115.997865577378,141.12236495901766,135.12236495901766,0.018868608045491512,True
3548,1116.249670425026,142.131771764331,138.131771764331,0.012397587452017434,True
3549,1116.5014381658802,140.1411883365795,138.1411883365795,0.00624260817008555,True
3550,1116.7531687755688,142.15061468025874,140.15061468025874,0.006153735130963108,True
3551,1117.004862229721,135.16005079985143,136.16005079985143,-0.0032013584388480925,True
3552,1117.256518503965,134.16949669982728,138.16949669982728,-0.012758384979126448,True
3553,1117.5081375739296,134.17895238464325,135.17895238464325,-0.0032246796511921348,True
3554,1117.7597194152436,137.18841785874383,142.18841785874383,-0.015546774238413788,True
3555,1118.0112640035354,132.19789312656053,140.19789312656053,-0.02551695342909364,True
3556,1118.2627713144336,137.20737819251212,137.20737819251212,0.0,True
3557,1118.5142413235671,132.21687306100466,135.21687306100466,-0.009744006650345064,True
3558,1118.7656740065645,136.22637773643146,141.22637773643146,-0.01565461132600595,True
3559,1119.0170693390544,138.2358922231731,137.2358922231731,0.0031531097857127694,True
3560,1119.2684272966653,141.24541652559697,142.24541652559697,-0.0030639176479755207,True
3561,1119.519747855026,138.25495064805818,138.25495064805818,0.0,True
3562,1119.771030989765,141.26449459489868,137.26449459489868,0.01247480468273859,True
3563,1120.0222766765114,136.27404837044764,134.27404837044764,0.006421074824676592,True
3564,1120.2734848908933,141.28361197902177,137.28361197902177,0.012473092216933332,True
3565,1120.5246556085394,137.29318542492456,134.29318542492456,0.009595006093874819,True
3566,1120.7757888050787,135.302768712447,137.302768712447,-0.006372611185272328,True
3567,1121.0268844561397,132.31236184586714,135.31236184586714,-0.009737052723792178,True
3568,1121.2779425373508,134.32196482945005,135.32196482945005,-0.003221259039780431,True
3569,1121.5289630243408,131.33157766744785,131.33157766744785,0.0,True
3570,1121.7799458927384,136.3412003641006,140.3412003641006,-0.01255807354986577,True
3571,1122.0308911181721,131.35083292363447,129.35083292363447,0.006663601488100323,True
3572,1122.2817986762711,130.36047535026364,136.36047535026364,-0.01954257108242078,True
3573,1122.5326685426633,135.37012764818883,139.37012764818883,-0.012646859375107056,True
3574,1122.7835006929777,135.37978982159825,139.37978982159825,-0.012645969772510753,True
3575,1123.0342951028426,131.3894618746674,132.3894618746674,-0.003292882966695912,True
3576,1123.2850517478876,134.39914381155836,135.39914381155836,-0.0032194160646183364,True
3577,1123.53577060374,131.4088356364207,131.4088356364207,0.0,True
3578,1123.7864516460295,135.41853735339123,136.41853735339123,-0.003195270118605695,True
3579,1124.0370948503844,131.4282489665934,130.4282489665934,0.0033170579808671605,True
3580,1124.2877001924332,130.43797048013857,130.43797048013857,0.0,True
3581,1124.5382676478048,127.44770189812425,127.44770189812425,0.0,True
3582,1124.7887971921277,125.45744322463565,128.45744322463565,-0.01026284117353429,True
3583,1125.0392888010306,126.46719446374527,125.46719446374527,0.003447697351509918,True
3584,1125.2897424501418,130.47695561951195,131.47695561951195,-0.003315824448136352,True
3585,1125.5401581150907,123.48672669598227,123.48672669598227,0.0,True
3586,1125.790535771505,123.49650769718983,126.49650769718983,-0.010423859170295174,True
3587,1126.0408753950142,122.50629862715505,126.50629862715505,-0.01395373075127799,True
3588,1126.2911769612463,131.5160994898854,132.5160994898854,-0.0032897242092604557,True
3589,1126.5414404458306,125.52591028937582,128.52591028937582,-0.010257308979697403,True
3590,1126.791665824395,127.53573102960786,127.53573102960786,0.0,True
3591,1127.0418530725688,127.54556171455056,127.54556171455056,0.0,True
3592,1127.2920021659802,131.55540234815953,129.55540234815953,0.006653159771717067,True
3593,1127.5421130802579,127.56525293437812,127.56525293437812,0.0,True
3594,1127.792185791031,128.5751134771358,134.5751134771358,-0.019807838405362422,True
3595,1128.0422202739276,127.58498398034999,127.58498398034999,0.0,True
3596,1128.2922165045766,130.59486444792446,131.59486444792446,-0.00331284211339092,True
3597,1128.5421744586065,129.6047548837505,128.6047548837505,0.0033639090489551533,True
3598,1128.792094111646,127.61465529170619,129.61465529170619,-0.006753557481120374,True
3599,1129.041975439324,126.62456567565664,120.62456567565664,0.0210822061124387,True
3600,1129.2918184172688,128.63448603945403,126.63448603945403,0.006805423551742101,True
3601,1129.5416230211092,128.6444163869378,129.6444163869378,-0.003362875949525284,True
3602,1129.7913892264737,130.6543567219337,134.6543567219337,-0.013096513480519654,True
3603,1130.0411170089913,125.6643070482553,130.6643070482553,-0.016945028861068825,True
3604,1130.29080634429,129.67426736970242,131.67426736970242,-0.006647107632406139,True
3605,1130.5404572079992,125.6842376900629,128.6842376900629,-0.01024453881409671,True
3606,1130.790069575747,129.69421801311046,130.69421801311046,-0.0033357596340072653,True
3607,1131.0396434231625,131.7042083426063,131.7042083426063,0.0,True
3608,1131.289178725874,131.7142086822987,132.7142086822987,-0.0032847948538501396,True
3609,1131.5386754595102,123.72421903592272,125.72421903592272,-0.006964225418052871,True
3610,1131.7881335996997,131.73423940720068,126.73423940720068,0.0168047055365058,True
3611,1132.0375531220714,125.74426979984173,124.74426979984173,0.003467598077185488,True
3612,1132.2869340022537,129.75431021754162,130.75431021754162,-0.003334220682097335,True
3613,1132.5362762158752,123.76436066398355,123.76436066398355,0.0,True
3614,1132.7855797385646,124.77442114283781,125.77442114283781,-0.0034667634786414085,True
3615,1133.0348445459506,126.78449165776078,125.78449165776078,0.0034390347190027433,True
3616,1133.2840706136622,131.7945722123966,134.7945722123966,-0.00977487999421226,True
3617,1133.5332579173273,125.80466281037616,127.80466281037616,-0.006849960809402935,True
3618,1133.782406432575,127.81476345531723,131.81476345531723,-0.01338303400801573,True
3619,1134.031516135034,132.8248741508246,126.8248741508246,0.02007497305945101,True
3620,1134.2805870003328,131.83499490048962,129.83499490048962,0.006638941508091891,True
3621,1134.5296190041001,128.84512570789093,129.84512570789093,-0.0033576576061676426,True
3622,1134.7786121219647,133.85526657659443,130.85526657659443,0.009844256782998169,True
3623,1135.0275663295547,126.86541751015193,126.86541751015193,0.0,True
3624,1135.2764816024992,127.87557851210317,130.87557851210317,-0.010071002929238532,True
3625,1135.525357916427,123.88574958597428,125.88574958597428,-0.006955217318368989,True
3626,1135.7741952469664,129.8959307352784,130.8959307352784,-0.00333059941349127,True
3627,1136.022993569746,128.9061219635155,128.9061219635155,0.0,True
3628,1136.2717528603946,129.91632327417256,132.91632327417256,-0.00991459811350965,True
3629,1136.5204730945409,125.92653467072341,127.92653467072341,-0.006843383366525551,True
3630,1136.7691542478135,127.93675615662892,129.93675615662892,-0.006736685534614192,True
3631,1137.017796295841,120.94698773533628,124.94698773533628,-0.014130734027452664,True
3632,1137.266399214252,123.95722941028043,128.95722941028043,-0.01717383325030436,True
3633,1137.5149629786754,120.96748118488222,123.96748118488222,-0.010639139391081078,True
3634,1137.7634875647393,124.97774306255042,128.97774306255042,-0.013682095495180853,True
3635,1138.0119729480732,121.98801504667972,127.98801504667972,-0.020852139036573677,True
3636,1138.260419104305,125.99829714065231,134.9982971406523,-0.029963614674839975,True
3637,1138.5088260090636,127.00858934783673,128.00858934783673,-0.0034060192347830074,True
3638,1138.7571936379777,125.01889167158902,131.01889167158902,-0.020358276844720625,True
3639,1139.0055219666756,126.02920411525133,127.02920411525133,-0.0034323834212798636,True
3640,1139.2538109707866,125.03952668215334,129.03952668215334,-0.013675440329312576,True
3641,1139.5020606259386,123.04985937561082,123.04985937561082,0.0,True
3642,1139.750270907761,122.0602021989273,127.0602021989273,-0.017435457067992665,True
3643,1139.998441791882,121.07055515539241,121.07055515539241,0.0,True
3644,1140.2465732539301,123.08091824828261,122.08091824828261,0.0035429404241110675,True
3645,1140.4946652695344,125.09129148086186,128.09129148086186,-0.010292528116574471,True
3646,1140.7427178143232,121.10167485638044,127.10167485638044,-0.021001123868840343,True
3647,1140.9907308639251,121.11206837807526,120.11206837807526,0.003600775408330775,True
3648,1141.238704393969,126.12247204917048,121.12247204917048,0.017567748518938227,True
