Index	Wavelength	Intensity
1	160.74480261307292	-0.0662105715239585
2	161.00366845694796	-0.029490817841489932
3	161.26254309473086	0.043418792060163525
4	161.52142654030783	-0.0424328977899068
5	161.78031880756518	-0.05886162140662544
6	162.0392199103891	0.04866147155752434
7	162.29812986266592	-0.028893564953951425
8	162.55704867828183	-0.060002529025864476
9	162.81597637112313	-0.0971984990299547
10	163.07491295507606	0.007684588751828021
11	163.33385844402687	-0.06973570792170339
12	163.59281285186182	-0.006313674510935807
13	163.85177619246718	-0.07735198547828508
14	164.1107484797292	-0.05226322709348441
15	164.36972972753412	-0.07097485855554866
16	164.62871994976823	0.0
17	164.88771916031777	-0.02120816384203864
18	165.14672737306896	-0.03616266310305829
19	165.4057446019081	0.025688528580350558
20	165.66477086072146	0.038138326945444403
21	165.92380616339526	0.0
22	166.18285052381574	0.06748709928344321
23	166.4419039558692	0.13764006132676992
24	166.7009664734419	0.12522304103376922
25	166.96003809042006	0.06686376426845482
26	167.21911882068994	-0.032684890773978535
27	167.47820867813783	0.04038470959984266
28	167.73730767664995	0.0
29	167.99641583011257	0.18706348799014474
30	168.25553315241197	0.07143733984241606
31	168.51465965743435	0.0
32	168.773795359066	0.009547702586756942
33	169.0329402711932	0.10045427174132109
34	169.2920944077022	0.04969443745711947
35	169.5512577824792	0.0344153324123928
36	169.81043040941054	-0.02369007265141949
37	170.0696123023824	0.0
38	170.3288034752811	0.0
39	170.5880039419928	0.020550901499198655
40	170.84721371640387	-0.00741862463302594
41	171.10643281240053	0.0
42	171.365661243869	0.08648004553698617
43	171.62489902469557	0.14262435121687392
44	171.88414616876645	0.09033712592894902
45	172.14340268996796	-0.01363561835734411
46	172.40266860218634	0.12318104746590526
47	172.66194391930782	0.06475792394554089
48	172.92122865521867	0.0
49	173.18052282380518	0.03460020765766988
50	173.43982643895353	-0.07555110800536968
51	173.69913951455004	-0.06752930292243417
52	173.95846206448095	-0.06888743308007639
53	174.2177941026325	-0.04471958991296419
54	174.47713564289097	0.014257243414153919
55	174.7364866991426	0.024812431591544653
56	174.99584728527367	-0.005665660494410796
57	175.2552174151704	-0.01235873510149606
58	175.51459710271905	-0.02389007479020638
59	175.77398636180592	0.02823457543762227
60	176.03338520631723	-0.028894595203666464
61	176.29279365013923	-0.1436579693600572
62	176.5522117071582	-0.011438368415111304
63	176.81163939126037	0.0
64	177.07107671633204	0.0071546887992566715
65	177.33052369625943	0.015988343052527915
66	177.5899803449288	-0.06094619443819686
67	177.84944667622642	-0.055840428594586794
68	178.10892270403852	0.04044298454359979
69	178.3684084422514	0.07479094141786854
70	178.62790390475126	0.06610994211898845
71	178.8874091054244	0.06294793581042128
72	179.14692405815705	0.020769287460297783
73	179.4064487768355	-0.018130227980339256
74	179.66598327534598	-0.03453047670908892
75	179.92552756757476	-0.019603200982599975
76	180.18508166740807	-0.04530270733669977
77	180.44464558873221	-0.02881341183187729
78	180.7042193454334	0.06364815069882747
79	180.9638029513979	0.023418062467654915
80	181.22339642051196	0.06374256684574138
81	181.48299976666186	0.24462238139496095
82	181.74261300373385	0.07678517282016807
83	182.00223614561418	0.04247437471149754
84	182.26186920618912	-0.09210616582412778
85	182.5215121993449	-0.007697409297324185
86	182.7811651389678	-0.039485692036058236
87	183.04082803894406	-0.04073808007135075
88	183.30050091315996	-0.045546424676003526
89	183.5601837755017	-0.007905704903180197
90	183.81987663985564	-0.036173559542733894
91	184.07957952010793	0.007869006483041155
92	184.33929243014487	0.021768255519063372
93	184.59901538385273	0.0
94	184.85874839511774	0.009975550962770308
95	185.11849147782618	0.0
96	185.37824464586427	0.01881764728975689
97	185.63800791311832	-0.03293764707263654
98	185.89778129347454	0.07305741495032929
99	186.15756480081922	0.07143457387990833
100	186.41735844903857	0.07764463625846238
101	186.6771622520189	-0.01174357733670778
102	186.93697622364644	0.0
103	187.19680037780745	0.10169448744918007
104	187.45663472838817	0.04073785480697632
105	187.71647928927487	0.10995477827843157
106	187.97633407435382	0.07729523698397023
107	188.23619909751127	0.025440211348449475
108	188.49607437263347	0.06935361211567581
109	188.75595991360666	0.032678438350406305
110	189.0158557343171	0.0499122578980893
111	189.2757618486511	0.08011684102612378
112	189.53567827049486	0.04865155471062164
113	189.79560501373464	0.02213849113268057
114	190.0555420922567	0.027318148818107294
115	190.31548951994733	0.00864512707250688
116	190.57544731069277	-0.007316066214871233
117	190.83541547837922	-0.03126273650788415
118	191.09539403689303	0.04178488548509705
119	191.35538300012038	0.034196213265723474
120	191.61538238194757	0.02162051405360453
121	191.87539219626083	-0.059816991509339765
122	192.13541245694643	-0.031554710734903395
123	192.39544317789063	-0.083845658991909
124	192.65548437297969	-0.09558560607481856
125	192.91553605609985	-0.04637452271464341
126	193.17559824113738	0.040374359299518894
127	193.43567094197851	-0.039642470224935035
128	193.6957541725095	-0.01966250698829309
129	193.95584794661667	0.028214740715601705
130	194.21595227818622	-0.005559838024402256
131	194.4760671811044	0.030099180148057725
132	194.7361926692575	0.10353321496361119
133	194.99632875653174	0.08325431803025923
134	195.2564754568134	0.015773084956376884
135	195.5166327839887	0.06767396253805416
136	195.776800751944	0.03053984429329999
137	196.03697937456542	0.005429940268340686
138	196.2971686657393	0.04729639961275351
139	196.55736863935186	0.09721975568083831
140	196.81757930928939	0.06954705044387524
141	197.07780068943813	0.09915779495302361
142	197.33803279368433	0.05523864681631855
143	197.59827563591426	0.03408767828679802
144	197.85852923001414	0.039569919462614504
145	198.11879358987028	0.016166211630547492
146	198.3790687293689	0.03963098579281329
147	198.63935466239627	0.023541433926144637
148	198.89965140283863	0.047931798071568034
149	199.15995896458227	0.13439260627722358
150	199.4202773615134	0.0633164427609425
151	199.6806066075183	0.0
152	199.94094671648327	0.03205444504987377
153	200.20129770229448	0.00891338179720535
154	200.46165957883827	0.025325524880819367
155	200.72203236000084	0.0
156	200.98241605966845	-0.00416322237724133
157	201.24281069172736	-0.04530849026735238
158	201.50321627006386	0.003928103357566965
159	201.76363280856418	0.033364849988390156
160	202.02406032111458	0.03572590564492231
161	202.2844988216013	0.05773845357451914
162	202.5449483239106	0.05578610578942235
163	202.8054088419288	0.018309401772348265
164	203.06588038954206	-0.00784008873993795
165	203.32636298063667	-0.017565179348574166
166	203.58685662909892	0.02347255925345276
167	203.84736134881504	0.015036845157419891
168	204.10787715367127	-0.05100177449564243
169	204.3684040575539	0.03954989017072855
170	204.6289420743492	0.04772868662184292
171	204.88949121794337	0.01288315394105637
172	205.15005150222268	-0.01933971393930222
173	205.41062294107343	-0.07560670817716265
174	205.6712055483818	0.0
175	205.93179933803412	0.04385213545028219
176	206.19240432391663	0.029035502027082476
177	206.45302051991558	0.026534679036048652
178	206.71364793991722	0.027401759590425137
179	206.9742865978078	0.043205665127051665
180	207.23493650747355	0.02158952114687195
181	207.49559768280082	0.05124007929900971
182	207.75627013767576	-0.007689527177943914
183	208.01695388598472	0.020188356174843873
184	208.27764894161385	-0.0037536629114925685
185	208.53835531844953	0.011973693976939311
186	208.7990730303779	0.024735007406303924
187	209.0598020912853	0.022951966985742443
188	209.32054251505795	-0.007197802889617382
189	209.5812943155821	0.027080614290538683
190	209.84205750674403	0.016403558887304853
191	210.10283210242997	0.0045940971785224
192	210.3636181165262	0.01637152160898615
193	210.62441556291895	-0.02696633564669434
194	210.88522445549452	0.004063021395698604
195	211.14604480813912	-0.02714922322852663
196	211.40687663473904	-0.05175083114698855
197	211.6677199491805	0.03989989465925853
198	211.92857476534982	0.08213915565120572
199	212.18944109713317	0.04941479257015562
200	212.45031895841686	0.017356651364325938
201	212.71120836308717	0.036897683768441644
202	212.9721093250303	-0.020916463606661374
203	213.23302185813253	0.03272035113980365
204	213.4939459762801	0.018239292224978363
205	213.7548816933593	-0.02026186820375391
206	214.01582902325634	0.014115852277083937
207	214.27678797985754	-0.03830070279952033
208	214.53775857704912	0.0
209	214.7987408287173	0.06354486706947964
210	215.0597347487484	0.054771260990224724
211	215.32074035102866	0.06665695412858806
212	215.5817576494443	0.11343332986945887
213	215.84278665788165	-0.008223325785369521
214	216.10382739022688	-0.017621559174469625
215	216.3648798603663	-0.05072293776405884
216	216.62594408218615	-0.029076079072101524
217	216.88702006957266	0.02948938854925803
218	217.14810783641215	-0.04822346595100411
219	217.40920739659083	-0.025472093879105467
220	217.67031876399497	-0.006815565014987406
221	217.93144195251082	-0.011130576629775664
222	218.19257697602464	0.0
223	218.45372384842267	0.03426997954371401
224	218.7148825835912	0.048550368738780166
225	218.97605319541645	0.13680164819898072
226	219.23723569778474	0.02748600295288747
227	219.49843010458224	0.01534001443057805
228	219.75963642969526	0.004026034429086013
229	220.02085468701003	-0.007653782367513484
230	220.28208489041285	0.04964580843837909
231	220.5433270537899	0.01815141713959743
232	220.80458119102752	0.03748610260299298
233	221.06584731601194	0.04760634231981263
234	221.32712544262938	0.003514741176871718
235	221.58841558476612	0.029410223731367625
236	221.84971775630842	0.025257712031500814
237	222.11103197114255	0.02358875519681001
238	222.37235824315474	0.04794028692943382
239	222.63369658623122	0.003389269860354661
240	222.89504701425835	-0.01905756346535249
241	223.1564095411223	-0.02181780905590052
242	223.4177841807093	-0.01316321569490965
243	223.67917094690569	0.013669298792711096
244	223.94056985359768	0.024383283413356757
245	224.20198091467157	-0.0036859499579862515
246	224.46340414401354	-0.0075901609209440505
247	224.7248395555099	-0.03793617941334852
248	224.98628716304688	0.015558438191994352
249	225.24774698051075	0.04456931601170595
250	225.50921902178777	0.04179331089036544
251	225.7707033007642	0.02208600355405669
252	226.0321998313263	0.005493240514821712
253	226.2937086273603	-0.012128940675672025
254	226.55522970275246	-0.024553143676724606
255	226.8167630713891	0.041630124529732186
256	227.07830874715637	0.010334678347570242
257	227.3398667439406	0.05388567127165441
258	227.601437075628	0.033588058626928
259	227.8630197561049	0.0
260	228.12461479925747	0.02227125849548448
261	228.38622221897202	0.01911147345805884
262	228.6478420291348	0.0
263	228.90947424363208	-0.044956604329576294
264	229.17111887635002	-0.03577122770352189
265	229.432775941175	-0.04953941685519023
266	229.69444545199323	-0.003414221597586875
267	229.95612742269097	0.010920315568917571
268	230.21782186715444	0.030929410104274344
269	230.47952879926996	0.08429060162677116
270	230.74124823292374	-0.02882465350274411
271	231.00298018200203	-0.056619568471519145
272	231.26472466039112	-0.007337814577353507
273	231.52648168197726	0.03984284229612147
274	231.7882512606467	0.046283972634152064
275	232.05003341028566	0.021043610624738047
276	232.31182814478046	-0.03451005029763802
277	232.5736354780173	-0.03781088541754916
278	232.8354554238825	-0.022769795813128338
279	233.09728799626225	-0.010287376147209764
280	233.35913320904285	-0.012042280363381166
281	233.62099107611056	0.040215172418411986
282	233.8828616113516	-0.0030162019907041815
283	234.14474482865222	0.04696072325212207
284	234.40664074189874	0.01791758882031159
285	234.66854936497734	0.05419043570117619
286	234.93047071177432	0.05641276664534432
287	235.19240479617596	0.010378627122711277
288	235.45435163206847	-0.027989577462439852
289	235.7163112333381	-0.017681485698393454
290	235.97828361387116	-0.016722131458375204
291	236.24026878755387	-0.01113804074713871
292	236.50226676827248	0.010585112819599854
293	236.76427756991328	-0.023905419270195096
294	237.02630120636246	-0.009700798829893937
295	237.28833769150637	0.005832588028566113
296	237.55038703923117	-0.002561733574241829
297	237.81244926342322	0.00864917986370443
298	238.07452437796866	0.015997781622979122
299	238.33661239675382	0.03186323865750747
300	238.598713333665	0.037678412344911406
301	238.86082720258833	0.003100358631384308
302	239.12295401741017	-0.01176315588570566
303	239.3850937920167	-0.06339881698084354
304	239.64724654029425	-0.029987335075137705
305	239.90941227612905	0.006433358413436715
306	240.17159101340732	0.0032501226086813204
307	240.43378276601538	0.015767490816909514
308	240.69598754783942	-0.008001123748438817
309	240.95820537276575	-0.012826091312296508
310	241.22043625468058	0.0
311	241.4826802074702	0.0057650128449106604
312	241.74493724502088	0.014846465370581754
313	242.00720738121885	0.006121906995447321
314	242.26949062995035	-0.002740164617134593
315	242.53178700510168	0.014324924055062261
316	242.79409652055904	0.003108582932710849
317	243.05641919020871	0.009960045570870603
318	243.31875502793702	-0.030329659953418343
319	243.5811040476301	-0.003946997786283747
320	243.84346626317432	-0.01994966449109219
321	244.10584168845585	0.006000807556455059
322	244.368230337361	-0.034298851052247774
323	244.630632223776	0.006075736830160732
324	244.8930473615871	0.0062012140246448366
325	245.15547576468055	0.020493061392927277
326	245.41791744694268	0.01844618965556125
327	245.68037242225967	0.0026826356716241327
328	245.94284070451778	-0.010013083599753083
329	246.2053223076033	-0.006048539435279962
330	246.46781724540244	0.008287668235386908
331	246.73032553180155	0.011752777917993404
332	246.9928471806868	-0.0027942357738473
333	247.25538220594444	-0.01772487617689635
334	247.51793062146078	-0.027824162776011442
335	247.78049244112205	-0.015430019856647223
336	248.0430676788145	0.0028981764025785717
337	248.3056563484244	-0.03990876627352713
338	248.568258463838	0.003145618399928972
339	248.83087403894157	-0.026933273351587447
340	249.09350308762134	0.030009623867260707
341	249.3561456237636	0.04746550348885777
342	249.61880166125457	0.02089968973009954
343	249.88147121398055	0.00638241287630126
344	250.14415429582772	0.07244089020413481
345	250.40685092068242	0.01699272273770152
346	250.66956110243086	0.018046803567818584
347	250.93228485495933	0.006270804699621435
348	251.19502219215403	-0.009103711009169152
349	251.45777312790125	0.007637747432888035
350	251.7205376760873	0.008497451629536499
351	251.98331585059833	-0.0028304640585994395
352	252.24610766532066	0.010923385180002012
353	252.50891313414056	0.01555147435315464
354	252.77173227094423	0.01367960921096867
355	253.03456508961798	0.0168836927124122
356	253.29741160404805	0.03093242463943406
357	253.56027182812068	0.009107269974149831
358	253.82314577572214	0.007840905510420946
359	254.0860334607387	0.012609796736525932
360	254.34893489705655	0.011003872277594483
361	254.61185009856206	0.0
362	254.8747790791414	-0.02927039504526191
363	255.13772185268084	-0.052540900281365314
364	255.40067843306664	0.043236292950549496
365	255.6636488341851	0.027948842878118656
366	255.9266330699224	0.04126912435708895
367	256.18963115416483	0.041194273930654605
368	256.4526431007987	0.010406117229890544
369	256.71566892371015	0.015815763306330895
370	256.97870863678554	0.012876879539944448
371	257.2417622539111	0.013159449943705246
372	257.50482978897304	0.03473092234202489
373	257.76791125585765	0.0061504263217881435
374	258.03100666845125	-0.0028604158933288964
375	258.29411604064	-0.002749878984473494
376	258.5572393863102	0.0048380231184643385
377	258.820376719348	0.010747844432221708
378	259.0835280536399	-0.027026926605706634
379	259.346693403072	0.012162147647509074
380	259.6098727815305	0.02651712516084581
381	259.8730662029017	0.005360096115685965
382	260.13627368107194	0.002882780450185541
383	260.3994952299274	0.0088182146744286
384	260.66273086335434	-0.010970628173666496
385	260.925980595239	0.013924571471407987
386	261.18924443946776	0.021106770921831157
387	261.4525224099267	-0.01280603220629252
388	261.71581452050214	-0.05772356008161298
389	261.97912078508045	-0.02907535886210129
390	262.2424412175477	-0.022866663351728163
391	262.5057758317903	-0.018475504351218173
392	262.76912464169436	0.027818241019472587
393	263.0324876611463	0.04400932425881937
394	263.2958649040322	0.02968153552023711
395	263.5592563842385	0.005551001550562239
396	263.8226621156514	0.023122937722134848
397	264.086082112157	0.02176293628332814
398	264.34951638764176	-0.008231751502603588
399	264.61296495599186	0.037818660174563895
400	264.87642783109357	0.006205103669087712
401	265.13990502683305	-0.030410285904738966
402	265.4033965570967	0.0179506024474372
403	265.6669024357707	0.018711113336387093
404	265.9304226767413	0.009314301203100932
405	266.19395729389475	0.027903694327954948
406	266.4575063011174	-0.010416374760775504
407	266.7210697122954	-0.02509274208184085
408	266.98464754131504	-0.026545900989321643
409	267.2482398020626	0.0
410	267.51184650842424	0.002848077424020945
411	267.77546767428635	0.019150831480504883
412	268.0391033135352	-0.005822216346145844
413	268.3027534400569	0.049234049400091365
414	268.56641806773774	0.011475728286686429
415	268.8300972104641	-0.009467955222269462
416	269.0937908821221	-0.03566245189517375
417	269.3574990965981	0.0138158107770251
418	269.6212218677782	-0.024712563214524905
419	269.88495920954887	-0.028506437115991295
420	270.14871113579625	-0.01480823103388787
421	270.4124776604066	-0.017718666835225504
422	270.67625879726614	-0.008533535697372653
423	270.94005456026116	0.008472541937758982
424	271.20386496327797	0.007854537729323022
425	271.4676900202028	0.020687417575970906
426	271.73152974492183	0.06442366655111574
427	271.9953841513214	0.0333822571252234
428	272.25925325328774	0.06119706537577957
429	272.5231370647071	0.06241423369419055
430	272.78703559946575	0.018486894408528874
431	273.0509488714499	0.012439697524294994
432	273.3148768945459	-0.017804165254734997
433	273.5788196826399	-0.010084584553609542
434	273.8427772496182	-0.008523279013864722
435	274.10674960936717	0.0
436	274.37073677577285	-0.005656325391567957
437	274.63473876272167	-0.04249188331308843
438	274.8987555840998	-0.01535143250295249
439	275.1627872537935	-0.005835166669215932
440	275.42683378568904	0.0061623135557243944
441	275.6908951936727	-0.008540874833189258
442	275.9549714916308	-0.005135103082344973
443	276.21906269344936	-0.011262961205712492
444	276.4831688130149	-0.013548518685588647
445	276.7472898642135	-0.0173799130049484
446	277.0114258609315	0.0
447	277.2755768170552	-0.008239263341910195
448	277.5397427464707	-0.007435336417932048
449	277.80392366306444	0.005400740137266193
450	278.06811958072257	0.011434974298849284
451	278.3323305133313	0.052299817483783886
452	278.596556474777	0.019431823178199765
453	278.86079747894587	0.038506300725562395
454	279.1250535397242	-0.017453997733888584
455	279.38932467099823	-0.01211415229855154
456	279.6536108866542	0.008985326430192208
457	279.91791220057826	0.00943453180162079
458	280.18222862665687	-0.024405140806325946
459	280.4465601787762	-0.005837569312042439
460	280.7109068708225	0.0027077281520814078
461	280.975268716682	-0.02598104439974712
462	281.239645730241	-0.005749161855873597
463	281.5040379253858	0.0422038283602956
464	281.7684453160025	0.008816985569214642
465	282.0328679159775	0.036119139636978756
466	282.297305739197	-0.02623624419231352
467	282.56175879954725	0.012815605041300481
468	282.82622711091454	-0.0120933166389083
469	283.09071068718515	0.002989941378321041
470	283.35520954224523	-0.008125601369930815
471	283.61972368998113	-0.02448362007488054
472	283.88425314427906	0.044006221257202
473	284.1487979190253	-0.0027377389749650184
474	284.41335802810613	0.008106372668782695
475	284.6779334854077	-0.009592906247760881
476	284.9425243048164	-0.01732583544744848
477	285.20713050021845	-0.006505800235342346
478	285.47175208550004	-0.03378612727728863
479	285.7363890745475	-0.023126395778288764
480	286.00104148124706	-0.018510179191865477
481	286.2657093194849	0.012879372599840216
482	286.53039260314745	0.040505623165773365
483	286.79509134612084	0.04827811162013152
484	287.05980556229133	0.020912073797855445
485	287.3245352655452	0.017003622510038157
486	287.5892804697687	0.03587265331481139
487	287.8540411888481	0.035538167600215526
488	288.1188174366697	0.06504267627275731
489	288.3836092271197	0.04679291587460406
490	288.64841657408425	-0.025797523173166418
491	288.91323949144976	-0.007473840024261902
492	289.1780779931025	0.007645165218215199
493	289.44293209292863	-0.005567343549587462
494	289.70780180481444	-0.008163134624441428
495	289.97268714264624	-0.02031088214134416
496	290.2375881203102	-0.048818955646943794
497	290.50250475169264	-0.02661768199514995
498	290.76743705067975	0.013746110419467062
499	291.03238503115784	0.033276143672916494
500	291.29734870701316	0.006131217240711494
501	291.56232809213196	0.01041762067927445
502	291.82732320040054	0.024702892696305344
503	292.09233404570506	0.024973911114992198
504	292.35736064193185	0.007730626213620004
505	292.6224030029671	-0.018928594172860535
506	292.88746114269713	-0.03088876082636785
507	293.15253507500825	0.01317606236500653
508	293.4176248137866	0.02414721413000568
509	293.6827303729184	-0.014977009120564265
510	293.9478517662901	0.017657454635128793
511	294.21298900778777	0.018657391076705918
512	294.4781421112978	0.0027438897041468673
513	294.74331109070636	0.027463448374718147
514	295.00849595989973	-0.0025628047578983943
515	295.27369673276417	0.017827253594224768
516	295.53891342318593	0.01627325841988294
517	295.8041460450513	-0.03213782684557905
518	296.06939461224647	-0.025922409452503146
519	296.3346591386577	0.021275498610469908
520	296.59993963817135	0.039124358128484485
521	296.86523612467363	0.005582219217836522
522	297.1305486120507	0.010237684259516478
523	297.3958771141889	0.045225829193784914
524	297.6612216449745	0.010601181845999974
525	297.9265822182937	0.020208021474972786
526	298.1919588480328	-0.006071756067373571
527	298.45735154807807	-0.031450846461825506
528	298.7227603323157	-0.02891782526665392
529	298.98818521463204	-0.01118452510300454
530	299.25362620891326	-0.006933369924161844
531	299.51908332904566	0.036210005942168604
532	299.7845565889155	0.03271395048260821
533	300.050046002409	0.03984798429734042
534	300.3155515834124	-0.013465053962829366
535	300.58107334581206	0.0058740811196241775
536	300.8466113034941	0.0026732419254506673
537	301.1121654703449	-0.030585916595134887
538	301.3777358602507	-0.01637596991078777
539	301.64332248709763	-0.016681088466799464
540	301.90892536477213	-0.039551799671337866
541	302.17454450716025	-0.02774817462369204
542	302.4401799281485	-0.02000406758363537
543	302.7058316416229	0.0028555476066259846
544	302.9714996614698	-0.005405845218940226
545	303.2371840015755	0.0156268519537387
546	303.5028846758262	0.0
547	303.7686016981081	0.004621530758640804
548	304.0343350823076	-0.02453810222398104
549	304.3000848423109	0.007591695874916516
550	304.56585099200424	0.005490074665082466
551	304.8316335452738	0.012653157384266981
552	305.097432516006	-0.043090569237062795
553	305.3632479180869	-0.02758715127835929
554	305.629079765403	-0.026080949079685983
555	305.89492807184035	0.019852833846223238
556	306.16079285128524	0.0322354703162097
557	306.42667411762403	0.006347896883349449
558	306.6925718847429	-0.009148403045638492
559	306.9584861665281	0.02928717719051633
560	307.2244169768659	0.00791575806100073
561	307.49036432964255	0.0
562	307.75632823874435	0.03603310971057298
563	308.0223087180575	-0.005934606045459733
564	308.28830578146824	0.013836597340902269
565	308.55431944286295	-0.02219980746595156
566	308.8203497161277	-0.022980437562542318
567	309.08639661514894	0.0
568	309.3524601538128	-0.007226329448057718
569	309.6185403460055	0.0026418891422090645
570	309.88463720561344	-0.01629041971172632
571	310.1507507465228	0.00997939515109653
572	310.41688098261983	0.008161095418257502
573	310.6830279277908	0.0
574	310.94919159592195	0.005778173220550412
575	311.2153720008995	-0.0165893280151442
576	311.48156915660985	0.008924258497748945
577	311.7477830769391	-0.002662995236572607
578	312.0140137757736	-0.010880216148500304
579	312.2802612669995	0.029807078595745013
580	312.5465255645032	0.03567514247075645
581	312.81280668217084	0.0030491441623551573
582	313.07910463388873	-0.004962890033066007
583	313.34541943354316	0.002391428592946322
584	313.61175109502034	-0.009860029691963862
585	313.8780996322065	-0.024469529363068943
586	314.144465058988	-0.027486069906079876
587	314.4108473892509	-0.039520546486774374
588	314.6772466368816	0.00562070485033444
589	314.9436628157664	0.0367354502195152
590	315.2100959397915	0.006002460363977343
591	315.4765460228431	0.007266929378280131
592	315.7430130788075	-0.0026420346223374747
593	316.0094971215709	-0.016190286569223417
594	316.2759981650197	-0.010097361060131394
595	316.54251622304014	0.01172762476226693
596	316.8090513095183	0.005940323317660619
597	317.07560343834064	0.009386676854116639
598	317.34217262339325	0.01869669003082706
599	317.60875887856247	-0.0034474234862664293
600	317.8753622177345	-0.008089546964526411
601	318.1419826547957	0.04497277482994877
602	318.40862020363227	0.04952685163475588
603	318.67527487813044	0.028806645765875882
604	318.94194669217654	0.011512636572629084
605	319.2086356596567	0.04029814739433456
606	319.4753417944573	0.02144155253660103
607	319.7420651104645	0.04502627299384683
608	320.00880562156465	0.0027018459124340693
609	320.275563341644	-0.015099553715307665
610	320.5423382845887	0.01563400296291472
611	320.8091304642851	0.007330442312590516
612	321.0759398946194	-0.02150709225532445
613	321.34276658947795	0.015543464181877993
614	321.6096105627469	0.0
615	321.87647182831256	0.002988349173269415
616	322.1433504000612	-0.0026255129887018894
617	322.41024629187905	0.0
618	322.6771595176523	-0.030796185945660054
619	322.9440900912673	-0.009132809096355214
620	323.21103802661037	-0.010841087766580387
621	323.47800333756754	-0.023748879861597478
622	323.74498603802533	-0.008356603281471036
623	324.0119861418698	0.03887685712965302
624	324.2790036629873	0.005845939842857858
625	324.546038615264	0.0285061375584348
626	324.8130910125863	0.005240468049546055
627	325.0801608688404	0.013715859582463661
628	325.34724819791245	-0.013708673310301785
629	325.6143530136888	-0.002562255824613763
630	325.8814753300557	-0.009922612544516558
631	326.14861516089945	0.010032484245913067
632	326.4157725201062	-0.016194318667042476
633	326.6829474215623	-0.028910925791721307
634	326.9501398791539	0.0024274415977462737
635	327.21734990676737	0.009442014835115923
636	327.4845775182889	0.030771311576127856
637	327.7518227276048	0.05636994349174666
638	328.0190855486013	0.0499920931007561
639	328.2863659951647	0.030572794016179548
640	328.5536640811811	0.02097272662296835
641	328.82097982053693	-0.005109812324062087
642	329.08831322711836	-0.01303749915009606
643	329.3556643148117	0.030632687103649508
644	329.62303309750314	0.05066184239562474
645	329.890419589079	-0.009123290061946137
646	330.15782380342546	0.007714347141322378
647	330.42524575442883	-0.002934890356218287
648	330.6926854559753	-0.016253830829695507
649	330.9601429219513	-0.01450685467615979
650	331.2276181662429	-0.04043589363280721
651	331.49511120273644	-0.008443965328796856
652	331.76262204531815	0.0058735520759083636
653	332.0301507078743	0.029058029920468787
654	332.29769720429124	0.06607684676291457
655	332.56526154845506	-0.01916798419300239
656	332.83284375425205	0.0
657	333.10044383556857	0.011045131762310978
658	333.36806180629077	0.03211706040283315
659	333.63569768030493	0.029266370826860514
660	333.9033514714974	-0.025717169253618926
661	334.1710231937543	-0.023395208386057388
662	334.4387128609619	-0.0632551826396622
663	334.7064204870066	-0.03992732782625305
664	334.9741460857745	0.0051747907325765475
665	335.24188967115197	-0.005465223810246084
666	335.5096512570252	-0.022148569437206635
667	335.7774308572804	-0.02184319547593957
668	336.04522848580393	0.0
669	336.31304415648196	0.02719904330988461
670	336.58087788320086	0.037697685077379105
671	336.84872967984677	-0.00825093998261694
672	337.116599560306	-0.012409844939051399
673	337.3844875384648	-0.008567857810074807
674	337.6523936282093	-0.012258569159137476
675	337.920317843426	-0.03503613883868194
676	338.18826019800105	-0.040473481722098206
677	338.45622070582067	-0.06104757968869127
678	338.7241993807711	-0.03846543905753927
679	338.99219623673866	0.010787293616914174
680	339.2602112876096	0.010649791753958644
681	339.5282445472701	0.03235791966277918
682	339.79629602960654	0.025662150479357604
683	340.0643657485051	0.005189895413792679
684	340.332453717852	0.021795243256672637
685	340.60055995153357	0.023881287737410967
686	340.868684463436	0.005091442526437284
687	341.1368272674456	0.022039177833425974
688	341.40498837744866	0.025511247406901222
689	341.6731678073313	-0.008387814724151114
690	341.94136557098	0.043636539855381205
691	342.20958168228077	0.05299346644547593
692	342.47781615511997	0.014519431595647562
693	342.74606900338387	0.008264739397107757
694	343.01434024095875	0.014219320059180258
695	343.2826298817308	-0.006147034842325597
696	343.55093793958633	-0.018219460404553963
697	343.81926442841166	0.012194924467115394
698	344.08760936209285	0.014283715472921456
699	344.3559727545163	0.0
700	344.62435461956824	0.07882436832287422
701	344.89275497113493	0.03481122355918652
702	345.1611738231026	0.03137095326794693
703	345.4296111893575	0.021594237511146617
704	345.698067083786	0.03218404183091864
705	345.9665415202742	0.0
706	346.23503451270847	0.034044662395270806
707	346.50354607497496	0.012128969000728025
708	346.77207622096	-0.025925084595943712
709	347.04062496454986	0.03230666878158387
710	347.3091923196307	0.0024680687681943067
711	347.57777830008894	0.012273996057727526
712	347.8463829198107	0.005964883186176561
713	348.1150061926823	-0.018294721381597108
714	348.38364813259	0.024030469791852034
715	348.65230875341996	0.06400315713169419
716	348.92098806905847	0.015706130052187284
717	349.1896860933919	0.0226637061824599
718	349.45840284030646	-0.007296032123253228
719	349.72713832368834	0.0
720	349.9958925574238	0.0027020063742104216
721	350.2646655553991	-0.04187570298652072
722	350.5334573315006	-0.019109321301526636
723	350.8022678996145	0.0031709956808280574
724	351.071097273627	-0.0026802612550758296
725	351.33994546742434	0.007796737617548968
726	351.6088124948929	0.00977706011879396
727	351.87769836991885	0.017059867315647424
728	352.1466031063885	0.05404243943170662
729	352.415526718188	0.059842377639575915
730	352.6844692192037	0.04428548229857434
731	352.9534306233218	0.022267236469564466
732	353.2224109444287	-0.0024042123346258854
733	353.4914101964104	0.008157807724394114
734	353.76042839315335	-0.0022181711332441407
735	354.02946554854384	-0.00996332102993261
736	354.298521676468	0.0
737	354.56759679081205	0.02878649354386191
738	354.83669090546243	0.03074305690807621
739	355.1058040343052	0.0027989364980742833
740	355.37493619122677	0.013222407988275899
741	355.6440873901133	0.0
742	355.9132576448511	0.01805643854145197
743	356.1824469693264	-0.01174132523079691
744	356.4516553774255	-0.007464955007419032
745	356.7208828830346	-0.02679827862945499
746	356.9901295000399	-0.02433108635381551
747	357.25939524232786	-0.005523321966302482
748	357.5286801237845	0.0025876395968914075
749	357.79798415829623	0.02812631564754961
750	358.0673073597493	-0.005217351084158848
751	358.3366497420299	-0.010888091547678303
752	358.6060113190243	0.013820698994901558
753	358.87539210461875	-0.012005769288797765
754	359.1447921126995	-0.007433412464217098
755	359.41421135715296	0.011440611767175304
756	359.6836498518652	-0.014646659826053935
757	359.9531076107225	-0.00277507187733706
758	360.2225846476112	0.013037183077532741
759	360.49208097641747	0.012876876593045847
760	360.7615966110276	-0.010643757435994742
761	361.0311315653279	0.01179480428239325
762	361.3006858532045	0.009963288230531704
763	361.5702594885438	-0.013663459102608388
764	361.839852485232	0.03620946368856743
765	362.10946485715533	0.03533165032323304
766	362.3790966182	-0.004223506769575165
767	362.64874778225237	-0.025386983411716336
768	362.9184183631987	0.0
769	363.18810837492515	0.02033636415925773
770	363.45781783131804	-0.0025629983923910367
771	363.72754674626356	0.02009732181706792
772	363.9972951336481	0.025887472393900587
773	364.2670630073578	-0.004172617030669435
774	364.536850381279	0.021912379661585588
775	364.80665726929783	0.004898748117794254
776	365.07648368530073	0.0
777	365.34632964317376	0.022758894631981944
778	365.6161951568033	0.029109119787192175
779	365.88608024007556	0.04510693223579798
780	366.1559849068768	0.0070362866849524655
781	366.4259091710934	0.007071735859558262
782	366.69585304661143	0.002246580933293378
783	366.9658165473171	0.03478334487061294
784	367.23579968709697	0.029532661536487377
785	367.50580247983703	0.019113599675580954
786	367.7758249394236	0.006071310199405872
787	368.04586707974295	0.01037494037504434
788	368.31592891468136	0.012125001390846346
789	368.5860104581251	-0.010449607986713657
790	368.85611172396034	-0.003583523846783071
791	369.12623272607345	0.0
792	369.3963734783506	0.012826703588924957
793	369.6665339946781	0.029631075291405476
794	369.93671428894214	0.008097623912844793
795	370.206914375029	-0.007098204675264612
796	370.47713426682503	0.02311463648567821
797	370.7473739782163	0.026130150495768716
798	371.0176335230893	0.029256204965234185
799	371.28791291533	0.03266630012371168
800	371.5582121688249	0.032553917011855095
801	371.82853129746024	0.003191434121055102
802	372.0988703151221	0.004376032948151327
803	372.36922923569693	0.01248487187630552
804	372.63960807307086	0.018458876039925
805	372.9100068411302	0.01670892126827179
806	373.1804255537612	0.0014099803718898066
807	373.4508642248501	0.0
808	373.72132286828315	0.010444833102797367
809	373.99180149794665	0.026198463851988183
810	374.2623001277268	0.024398173810440172
811	374.53281877150994	0.03148796087656669
812	374.8033574431823	0.008675427186861581
813	375.07391615663005	0.013401329097685426
814	375.34449492573947	0.022093080442013482
815	375.6150937643969	0.01491218347058735
816	375.88571268648855	0.0172037732256083
817	376.15635170590065	0.016337755766384493
818	376.42701083651946	0.0
819	376.6976900922313	0.0
820	376.9683894869224	0.015815287296765044
821	377.23910903447893	0.02190787718796648
822	377.50984874878725	0.026789682365308154
823	377.7806086437337	0.017827444130591008
824	378.05138873320425	0.02067221552017158
825	378.3221890310854	0.010949193267402424
826	378.59300955126326	0.027280114274551823
827	378.86385030762426	0.01952345215630705
828	379.13471131405447	0.014816233028038792
829	379.4055925844402	0.014596223892592837
830	379.67649413266787	0.00086225085292055
831	379.94741597262356	0.010523682577333368
832	380.2183581181936	0.004201700045087524
833	380.4893205832641	0.009189457261317454
834	380.7603033817214	0.017475702238436367
835	381.03130652745193	0.0156292209553477
836	381.3023300343418	0.010788863425346726
837	381.5733739162772	0.014811738781959021
838	381.8444381871445	0.021089317110182304
839	382.11552286082986	0.005359006586443421
840	382.3866279512196	0.0043512799504174735
841	382.65775347220006	0.01303147755647278
842	382.9288994376573	0.002166094582423008
843	383.2000658614777	0.007095795966754244
844	383.4712527575475	0.009649458380902445
845	383.742460139753	0.006081773238774367
846	384.01368802198033	0.0013195226765930414
847	384.2849364181159	0.008648552699172014
848	384.5562053420458	0.0019478182477631549
849	384.8274948076564	0.0071521247685538795
850	385.098804828834	0.011354272889754718
851	385.37013541946476	0.010792910458939084
852	385.64148659343493	0.0012205071151329722
853	385.9128583646308	-0.0012051530510940886
854	386.1842507469387	0.001196739926499427
855	386.4556637542447	0.0011982808275058708
856	386.7270974004353	0.0
857	386.99855169939656	0.0069120290484850945
858	387.27002666501477	0.010722991605403893
859	387.54152231117627	0.011959628081269205
860	387.8130386517672	0.005863923639312186
861	388.08457570067395	0.002141332953570268
862	388.3561334717827	-0.0005202204235262709
863	388.62771197897973	0.003707893504957791
864	388.8993112361512	0.0010421486978256097
865	389.1709312571835	0.007115357391992764
866	389.44257205596284	0.004943126555294723
867	389.7142336463755	0.00539711694339157
868	389.9859160423076	0.007133590179482877
869	390.2576192576456	0.0019010732981155148
870	390.5293433062757	0.007465053166193026
871	390.801088202084	0.0037321946695785587
872	391.0728539589569	0.0009038519641690548
873	391.34464059078067	0.006664143950335026
874	391.6164481114415	0.009808764413647439
875	391.88827653482565	0.004417270229219498
876	392.1601258748194	0.004675602158973326
877	392.4319961453091	0.007909961923593452
878	392.7038873601808	0.006823453644113914
879	392.97579953332087	0.002137400244331241
880	393.2477326786156	0.007058424893475053
881	393.51968680995117	0.009414211157198505
882	393.79166194121393	0.011813967545564413
883	394.06365808629005	0.01456275460672558
884	394.33567525906585	0.00901328789608438
885	394.6077134734275	0.006166694965795253
886	394.87977274326136	0.007267758927768061
887	395.1518530824536	0.004571719610813432
888	395.4239545048905	0.0033335478193720117
889	395.69607702445836	0.005508676494784524
890	395.9682206550434	0.006867006975466774
891	396.24038541053187	0.007526841921406622
892	396.5125713048101	0.005241863502129741
893	396.78477835176415	0.005575340763262258
894	397.0570065652805	0.00925589717493279
895	397.3292559592453	0.006820762579672482
896	397.60152654754484	0.012651490753562965
897	397.8738183440653	0.012118173181683586
898	398.14613136269304	0.012582896598541234
899	398.4184656173143	0.0034864697286319545
900	398.6908211218153	0.0018749338829768514
901	398.96319789008226	0.0009425089762021812
902	399.23559593600146	0.003346780189778691
903	399.50801527345925	0.007579587234052386
904	399.7804559163418	0.009339719126914411
905	400.05291787853537	0.01072305111926547
906	400.32540117392625	0.009666528264506338
907	400.5979058164006	0.006381521277934517
908	400.87043181984484	0.009220422869994757
909	401.14297919814504	0.008464049506393274
910	401.4155479651876	0.006920396609254106
911	401.6881381348587	0.008058214218446054
912	401.96074972104475	0.006871665429430419
913	402.2333827376317	0.007269306019079761
914	402.5060371985061	0.004730129226665432
915	402.77871311755405	0.006819843627082782
916	403.0514105086619	0.005214299459324098
917	403.32412938571576	0.005115830263058389
918	403.59686976260207	0.009259680066235619
919	403.86963165320697	0.005157106515541081
920	404.14241507141674	0.009209445881373166
921	404.41522003111766	0.011067789238133804
922	404.6880465461959	0.004492716998636616
923	404.96089463053784	0.00398709467392664
924	405.23376429802966	0.003861832537077968
925	405.5066555625576	0.0025079246821510144
926	405.779568438008	0.0029406620119231575
927	406.05250293826714	0.0010978201514269302
928	406.3254590772211	0.0036877482932858516
929	406.59843686875627	0.00494227446364251
930	406.87143632675884	0.0067214250851930805
931	407.1444574651152	0.005395719349609367
932	407.41750029771146	0.004873387883410839
933	407.6905648384339	0.006023998593404788
934	407.9636511011688	0.005925204296862016
935	408.2367590998025	0.0021427647308931244
936	408.50988884822107	0.002672542561364135
937	408.7830403603109	0.002074717873367615
938	409.0562136499583	0.004148448468925
939	409.3294087310494	0.005223034379840289
940	409.6026256174704	0.0038929080838376916
941	409.87586432310775	0.0036768293856076426
942	410.14912486184767	0.004665235180654186
943	410.4224072475762	0.0057016656636321526
944	410.6957114941799	0.003292714575827798
945	410.9690376155448	0.006321250793389037
946	411.2423856255573	0.006098673073859277
947	411.5157555381036	0.006264273170462336
948	411.78914736706986	0.006798243813682859
949	412.0625611263424	0.007144148939106664
950	412.33599682980764	0.0074771164671739885
951	412.60945449135164	0.0067810668246111065
952	412.88293412486075	0.006528445324356096
953	413.1564357442211	0.005538391924022665
954	413.42995936331914	0.00525836918735297
955	413.70350499604103	0.004936634834618023
956	413.9770726562729	0.004404105594754181
957	414.2506623579012	0.0037571412306221497
958	414.5242741148121	0.004467520814463413
959	414.79790794089195	0.0032704943880280998
960	415.0715638500268	0.0023400405027248876
961	415.34524185610314	0.004908067988212764
962	415.6189419730071	0.006701086440860638
963	415.8926642146249	0.005994952343596343
964	416.1664085948429	0.004365189216176366
965	416.44017512754726	0.0036193873794384567
966	416.7139638266244	0.0060246477565210595
967	416.9877747059603	0.00448654375437134
968	417.26160777944153	0.0051157953614777525
969	417.53546306095404	0.005861687429875504
970	417.80934056438434	0.005804603321678409
971	418.0832403036186	0.005651117660790961
972	418.3571622925431	0.00465292012039847
973	418.63110654504396	0.005799682462206404
974	418.9050730750075	0.0038395793090827343
975	419.17906189632004	0.0030375870631400644
976	419.4530730228679	0.005358748353200638
977	419.72710646853716	0.00473215057979532
978	420.0011622472142	0.004177649113898095
979	420.2752403727852	0.0028224048983632446
980	420.5493408591366	0.0027892574612606714
981	420.82346372015434	0.0035138960640725353
982	421.0976089697248	0.005334961542514677
983	421.3717766217344	0.004256842837506506
984	421.64596669006926	0.005384992037208897
985	421.92017918861563	0.004404456883678886
986	422.1944141312598	0.0044778707418015665
987	422.46867153188805	0.005143592612369738
988	422.74295140438664	0.005910196256702992
989	423.01725376264164	0.005558219873380751
990	423.29157862053955	0.0064950793713776855
991	423.56592599196654	0.006370675965805088
992	423.8402958908089	0.005551773192483654
993	424.11468833095273	0.004848287132292736
994	424.3891033262845	0.004696914304494734
995	424.66354089069034	0.004325097506618105
996	424.9380010380564	0.004614379462492372
997	425.21248378226926	0.00330372666079651
998	425.4869891372149	0.004756009699397433
999	425.7615171167797	0.005818512512134575
1000	426.0360677348499	0.005438131149111445
1001	426.3106410053117	0.0051089368736793725
1002	426.5852369420513	0.003816466240420749
1003	426.85985555895525	0.0036996474383432444
1004	427.1344968699094	0.004057858090250019
1005	427.40916088880033	0.005353485538930112
1006	427.68384762951416	0.00539234426279016
1007	427.9585571059372	0.004895792506013795
1008	428.2332893319556	0.0035628286375646466
1009	428.5080443214557	0.003820938253770898
1010	428.78282208832377	0.003886857976709904
1011	429.057622646446	0.004370223243250763
1012	429.33244600970875	0.00474272665231557
1013	429.6072921919981	0.005372908120255945
1014	429.8821612072005	0.004652401303376241
1015	430.1570530692021	0.003779229899450114
1016	430.4319677918892	0.005813520588531344
1017	430.706905389148	0.005226020763209592
1018	430.98186587486487	0.004974112905217896
1019	431.2568492629258	0.004513006060389017
1020	431.53185556721746	0.004382281469308539
1021	431.80688480162576	0.004915553044038872
1022	432.0819369800371	0.003781143288911073
1023	432.3570121163377	0.004572864351697222
1024	432.63211022441396	0.004277764606401619
1025	432.90723131815184	0.00283434916375452
1026	433.1823754114379	0.00492693139197274
1027	433.4575425181581	0.004707048500303277
1028	433.73273265219905	0.0039753434587478376
1029	434.00794582744663	0.003788136162170915
1030	434.28318205778737	0.0033506504752419514
1031	434.5584413571074	0.004260693471931786
1032	434.83372373929296	0.0027801037648543087
1033	435.1090292182305	0.0036800057099664373
1034	435.38435780780605	0.003820020782246475
1035	435.65970952190594	0.0050487566984805015
1036	435.9350843744164	0.004359151974104427
1037	436.2104823792238	0.005174737588896388
1038	436.4859035502143	0.004888050094855103
1039	436.76134790127423	0.004289960037129104
1040	437.0368154462898	0.005629761771258462
1041	437.3123061991471	0.004720975779724839
1042	437.58782017373267	0.00499954685846379
1043	437.86335738393257	0.004020747397475303
1044	438.1389178436332	0.0037552206732921717
1045	438.4145015667207	0.004407289931182821
1046	438.6901085670813	0.004155676881268984
1047	438.9657388586014	0.004896581249766937
1048	439.2413924551672	0.003793988136392765
1049	439.517069370665	0.003301182687978893
1050	439.79276961898086	0.0031359292862224537
1051	440.06849321400125	0.003786081143025926
1052	440.34424016961225	0.004493853167465066
1053	440.62001049970036	0.004472568979214599
1054	440.8958042181516	0.003944960562619831
1055	441.17162133885233	0.004857469069854569
1056	441.44746187568876	0.004958554985976006
1057	441.7233258425473	0.0044396697370113905
1058	441.999213253314	0.005470912663012785
1059	442.27512412187514	0.004582261400814409
1060	442.5510584621171	0.003425363660517958
1061	442.8270162879261	0.002571981462615325
1062	443.10299761318834	0.002897034833985218
1063	443.37900245179014	0.004525873028293542
1064	443.65503081761767	0.00414532757168335
1065	443.9310827245573	0.003024392679357533
1066	444.2071581864951	0.0031539046213362766
1067	444.4832572173176	0.003993841509411793
1068	444.7593798309108	0.004096175017981712
1069	445.0355260411611	0.004010854526539545
1070	445.31169586195483	0.004755215342095699
1071	445.587889307178	0.004160488921156235
1072	445.8641063907171	0.005877424417552364
1073	446.1403471264582	0.004478077522337151
1074	446.4166115282877	0.0040654598915229245
1075	446.6928996100918	0.0037333423396391013
1076	446.9692113857567	0.0018830595277626403
1077	447.24554686916883	0.0018714148982767068
1078	447.52190607421426	0.0009294912346289707
1079	447.79828901477924	0.0023315776497395313
1080	448.0746957047502	0.002915884329964481
1081	448.35112615801336	0.002292356144974507
1082	448.6275803884547	0.0022777855750588903
1083	448.90405840996084	0.002570205195820994
1084	449.18056023641793	0.004266305528323619
1085	449.45708588171215	0.003969731151650398
1086	449.73363535972976	0.00439513617125878
1087	450.01020868435705	0.003627648186345867
1088	450.2868058694803	0.0026698733226580692
1089	450.5634269289858	0.003526095394017791
1090	450.8400718767597	0.003211187909333689
1091	451.11674072668825	0.00457351278122862
1092	451.3934334926578	0.004428248053620843
1093	451.67015018855443	0.004350120481695364
1094	451.9468908282647	0.0021862159728382492
1095	452.2236554256747	0.0018408327177532632
1096	452.5004439946706	0.0024916509400276505
1097	452.7772565491389	0.0035263589388113176
1098	453.05409310296557	0.004491918780974985
1099	453.33095367003693	0.005232415555200072
1100	453.6078382642394	0.004876586238022859
1101	453.88474689945906	0.003195438411564829
1102	454.1616795895824	0.0036115849927640105
1103	454.4386363484954	0.003867404730866747
1104	454.71561719008446	0.002986164294607626
1105	454.9926221282358	0.00407618551094038
1106	455.2696511768356	0.004806748058319524
1107	455.5467043497704	0.0036287503912552075
1108	455.8237816609261	0.0034502742263992363
1109	456.1008831241892	0.00437125099367219
1110	456.3780087534459	0.003934169622247598
1111	456.6551585625823	0.004482999012307063
1112	456.9323325654849	0.004659787112247127
1113	457.20953077603974	0.004388460068542315
1114	457.48675320813334	0.00421923495376926
1115	457.7639998756516	0.0032945501183607793
1116	458.0412707924811	0.0031705879423696527
1117	458.31856597250794	0.003154485557097031
1118	458.5958854296184	0.0025381035120469824
1119	458.8732291776988	0.003922575372786853
1120	459.1505972306352	0.004891018986283594
1121	459.42798960231414	0.003983128729364134
1122	459.7054063066216	0.005140609966246412
1123	459.98284735744403	0.004546923880568746
1124	460.26031276866763	0.004521447872354451
1125	460.5378025541786	0.003730586653055994
1126	460.8153167278633	0.004113573883462478
1127	461.09285530360796	0.004248558917699327
1128	461.3704182952987	0.004280398814017746
1129	461.648005716822	0.0035793032168150336
1130	461.92561758206386	0.002752096050392907
1131	462.20325390491075	0.0035403602594688112
1132	462.48091469924896	0.002259058673266
1133	462.7585999789644	0.0027234863320100182
1134	463.03630975794374	0.0039223002825787365
1135	463.3140440500731	0.0036767507150846784
1136	463.59180286923856	0.003972086876970815
1137	463.8695862293266	0.004147993554698104
1138	464.1473941442234	0.004453347543845246
1139	464.42522662781505	0.004257078507839523
1140	464.7030836939881	0.004884017513184883
1141	464.98096535662876	0.004854907755125344
1142	465.25887162962306	0.004015506835673561
1143	465.5368025268574	0.004140303996647836
1144	465.81475806221806	0.004338552371171209
1145	466.0927382495912	0.004021915513989429
1146	466.37074310286323	0.0037943544786466403
1147	466.6487726359203	0.0038677134505239125
1148	466.9268268626487	0.0037030513273515336
1149	467.20490579693455	0.0025892363781435715
1150	467.4830094526643	0.003665804912450669
1151	467.7611378437242	0.003772637159829739
1152	468.03929098400033	0.0028023865222602264
1153	468.31746888737916	0.0031861274264685093
1154	468.59567156774665	0.0030429167490490724
1155	468.8738990389894	0.0020874608687914235
1156	469.1521513149936	0.004105743061873719
1157	469.4304284096453	0.004685526994009872
1158	469.70873033683085	0.005165448328779676
1159	469.9870571104366	0.004902070627522165
1160	470.26540874434875	0.0044323974275311435
1161	470.5437852524534	0.0041188483218219055
1162	470.82218664863717	0.004063793736136725
1163	471.1006129467859	0.0049792653395381034
1164	471.37906416078613	0.00397054056431483
1165	471.657540304524	0.0037946102238980315
1166	471.93604139188585	0.0029013656132774544
1167	472.2145674367579	0.0034450524735406985
1168	472.49311845302634	0.004311228089701065
1169	472.7716944545774	0.003386378820513031
1170	473.0502954552976	0.003683794935074066
1171	473.32892146907284	0.003270072989063438
1172	473.60757250978963	0.003399894971446317
1173	473.88624859133415	0.0038542691174537607
1174	474.16494972759267	0.0034479303951995242
1175	474.44367593245124	0.0036549318281516043
1176	474.7224272197965	0.00340807612524838
1177	475.00120360351445	0.0037733615573514634
1178	475.2800050974914	0.0032219222446854185
1179	475.55883171561356	0.003208467641130255
1180	475.83768347176726	0.003362556825271772
1181	476.1165603798388	0.0038424653046751317
1182	476.39546245371423	0.004192818956820755
1183	476.67438970728006	0.0034035679530005857
1184	476.95334215442244	0.0030145968175570243
1185	477.23231980902756	0.002774277183565994
1186	477.5113226849818	0.003342035247689472
1187	477.7903507961712	0.0032479071098287533
1188	478.0694041564823	0.0024399703079144687
1189	478.3484827798012	0.0015684291537659703
1190	478.62758668001413	0.0018041006395421177
1191	478.90671587100746	0.0022204495431425633
1192	479.18587036666736	0.0033629339117249345
1193	479.4650501808801	0.003283854165323218
1194	479.74425532753196	0.0029507962834435884
1195	480.0234858205091	0.003937862970427638
1196	480.30274167369794	0.003958381403321137
1197	480.5820229009846	0.0037020160793473887
1198	480.8613295162554	0.0037129829589363154
1199	481.1406615333966	0.0034192681555216997
1200	481.4200189662945	0.002621298494546846
1201	481.6994018288352	0.0028778931691187653
1202	481.9788101349051	0.001964744662579451
1203	482.25824389839045	0.002324185373739539
1204	482.5377031331774	0.002871391637769531
1205	482.8171878531523	0.0026191514750443907
1206	483.0966980722013	0.0030970445980795748
1207	483.37623380421087	0.003299357590724637
1208	483.655795063067	0.0029377335233038574
1209	483.9353818626562	0.002084733236014882
1210	484.2149942168645	0.0029696099231610864
1211	484.49463213957836	0.00279096177878649
1212	484.7742956446839	0.0016134153721945011
1213	485.0539847460674	0.0021086739855309205
1214	485.3336994576151	0.002414471551631543
1215	485.6134397932133	0.0026853333200755245
1216	485.89320576674834	0.0026749394016328367
1217	486.17299739210625	0.002509436113317559
1218	486.4528146831734	0.003178761780771939
1219	486.7326576538361	0.004861490549706308
1220	487.0125263179807	0.00416096604740646
1221	487.29242068949316	0.003717163956272042
1222	487.57234078225997	0.0037640941774403783
1223	487.8522866101673	0.0039286438110093785
1224	488.13225818710146	0.003459794686666645
1225	488.4122555269487	0.002817355907832451
1226	488.69227864359516	0.0028082386269845153
1227	488.97232755092716	0.0025824952760269988
1228	489.25240226283097	0.0026885439079732637
1229	489.53250279319286	0.0027588706058345666
1230	489.81262915589923	0.0023658837587593293
1231	490.092781364836	0.0031533421303741316
1232	490.3729594338897	0.004400118366888271
1233	490.6531633769465	0.004130499229414369
1234	490.93339320789266	0.003954368069795301
1235	491.21364894061446	0.0037936079325703396
1236	491.49393058899807	0.0034937557741490117
1237	491.7742381669299	0.0032836578206531367
1238	492.05457168829594	0.0037067390826863414
1239	492.33493116698276	0.0034738634380284067
1240	492.6153166168764	0.0032379676670133673
1241	492.8957280518632	0.002910370904090513
1242	493.1761654858294	0.00406354317643841
1243	493.45662893266126	0.003233420701215626
1244	493.73711840624514	0.003029426373233227
1245	494.0176339204671	0.0025104644226805876
1246	494.2981754892136	0.0031765055399494693
1247	494.5787431263707	0.003814283496981192
1248	494.8593368458247	0.0035822672440035943
1249	495.13995666146195	0.003935560317295232
1250	495.4206025871687	0.003975277993018223
1251	495.70127463683104	0.0032551926264580205
1252	495.98197282433546	0.0035506528837275834
1253	496.2626971635681	0.004191737702676724
1254	496.54344766841507	0.004155333987206662
1255	496.82422435276294	0.003332965717803793
1256	497.10502723049774	0.0023285962565658797
1257	497.38585631550586	0.0030474041281023582
1258	497.66671162167347	0.0037051990916442384
1259	497.94759316288673	0.004053426622226727
1260	498.22850095303215	0.004137322008040089
1261	498.5094350059959	0.004083183405366794
1262	498.790395335664	0.00384730446145523
1263	499.071381955923	0.004720419052001727
1264	499.35239488065895	0.003837086715063799
1265	499.6334341237583	0.002933262863477741
1266	499.9144996991072	0.0033872106108832224
1267	500.1955916205919	0.002752261016682934
1268	500.4767099020986	0.003209768583071636
1269	500.7578545575137	0.00313374944447336
1270	501.03902560072333	0.0033710610887729554
1271	501.32022304561383	0.0035494686493182993
1272	501.6014469060714	0.002359328076154314
1273	501.88269719598236	0.0027925256080218144
1274	502.16397392923295	0.002849054692239126
1275	502.4452771197093	0.0028242956050936676
1276	502.72660678129796	0.002850286714896976
1277	503.0079629278848	0.0032006734852690023
1278	503.2893455733564	0.003799067508563239
1279	503.57075473159887	0.004167064544291954
1280	503.8521904164984	0.004593901026391272
1281	504.13365264194147	0.0037826563280370156
1282	504.41514142181416	0.0027159594729413254
1283	504.69665677000273	0.0032369475339468676
1284	504.9781987003935	0.003097537158233452
1285	505.25976722687255	0.003312829208191231
1286	505.54136236332636	0.0035397957363140446
1287	505.82298412364116	0.003693668543635614
1288	506.10463252170314	0.0029012261040854714
1289	506.3863075713987	0.0028217254467012664
1290	506.6680092866138	0.0028468052058982
1291	506.949737681235	0.003587012910425105
1292	507.2314927691483	0.0031741228502516097
1293	507.5132745642401	0.0031844590584302274
1294	507.7950830803966	0.003185249599239825
1295	508.0769183315041	0.0025843593296730302
1296	508.3587803314489	0.0029360726373324135
1297	508.64066909411724	0.002976199450881157
1298	508.92258463339533	0.0027085944005729983
1299	509.2045269631694	0.0037205472028303166
1300	509.4864960973257	0.003392038012496455
1301	509.76849204975053	0.004741560357626669
1302	510.0505148343302	0.004397312656842658
1303	510.3325644649509	0.0037183322164017524
1304	510.6146409554989	0.003923492235705628
1305	510.89674431986043	0.003934917814974308
1306	511.1788745719218	0.0036636825068695335
1307	511.4610317255692	0.0038605411217199643
1308	511.74321579468904	0.0032803002681664273
1309	512.0254267931673	0.0030021578484491864
1310	512.3076647348904	0.0026927750178051663
1311	512.5899296337448	0.002949489109020209
1312	512.8722215036163	0.0028578066935792787
1313	513.1545403583916	0.002009830454008736
1314	513.4368862119566	0.002147281150437732
1315	513.7192590781978	0.002147684295809345
1316	514.0016589710013	0.002227669580544548
1317	514.2840859042535	0.002036890547391469
1318	514.5665398918405	0.001350759017740947
1319	514.8490209476488	0.001794325559811391
1320	515.1315290855645	0.002038425970412567
1321	515.4140643194737	0.0017959149391653417
1322	515.6966266632629	0.0022087371193575734
1323	515.9792161308183	0.0021559803202634478
1324	516.2618327360259	0.0026553696088111502
1325	516.5444764927724	0.0022123778025391625
1326	516.8271474149439	0.0013290295687161066
1327	517.1098455164264	0.0023255033202923053
1328	517.3925708111065	0.0026882257807789144
1329	517.6753233128702	0.0020479939096755824
1330	517.9581030356039	0.0012429813550440304
1331	518.2409099931938	0.002043426394973642
1332	518.5237441995262	0.0009642439488740806
1333	518.8066056684874	0.0015153339019448795
1334	519.0894944139634	0.0020386156902731964
1335	519.3724104498408	0.0017073745185198022
1336	519.6553537900055	0.001077166301714831
1337	519.9383244483441	0.000801987788795177
1338	520.2213224387428	0.0002767670807613245
1339	520.5043477750877	0.0007213857548866522
1340	520.7874004712651	0.0006948592625492501
1341	521.0704805411613	0.0010310288958892875
1342	521.3535879986625	0.0014784891166049962
1343	521.6367228576551	0.0015952956302859572
1344	521.9198851320251	0.00019636838131726622
1345	522.203074835659	0.0007594796721517772
1346	522.4862919824429	0.0010436728721491062
1347	522.7695365862631	0.0017856442951640727
1348	523.0528086610061	0.001959538070938912
1349	523.3361082205577	0.001990470580469893
1350	523.6194352788044	0.0010274339531902983
1351	523.9027898496325	0.0012606376063847508
1352	524.1861719469283	0.001439949146488522
1353	524.4695815845778	0.0012151947482193317
1354	524.7530187764675	0.0006670394392050488
1355	525.0364835364835	0.0006987224035023819
1356	525.3199758785122	0.0010831852454391978
1357	525.6034958164398	0.0013224658512007448
1358	525.8870433641524	0.001443433652547664
1359	526.1706185355365	0.001541054288239314
1360	526.4542213444782	0.0015475980243414614
1361	526.7378518048639	0.0010183079035412743
1362	527.0215099305797	0.0005112149090518694
1363	527.3051957355119	0.0013311146492167626
1364	527.5889092335468	0.0015173832984245513
1365	527.8726504385706	0.0018334114682024365
1366	528.1564193644697	0.002089771838455707
1367	528.4402160251301	0.002260623062898667
1368	528.7240404344383	0.002983401701547751
1369	529.0078926062804	0.0026885900523147756
1370	529.2917725545427	0.002476428679727478
1371	529.5756802931115	0.0027049321658846413
1372	529.8596158358731	0.0020872070767816815
1373	530.1435791967135	0.0019087134435426616
1374	530.4275703895194	0.0026832024288243896
1375	530.7115894281766	0.0041311222057294214
1376	530.9956363265717	0.003920091773636462
1377	531.2797110985906	0.0032927866301360534
1378	531.5638137581199	0.003560831228672969
1379	531.8479443190457	0.0034102762240424515
1380	532.1321027952542	0.0030928786386401584
1381	532.4162892006319	0.0028505800966328117
1382	532.7005035490648	0.002035970184907332
1383	532.9847458544392	0.002904034699445509
1384	533.2690161306415	0.0024796366815694154
1385	533.5533143915578	0.0027261097466601734
1386	533.8376406510745	0.0025713908168522
1387	534.1219949230776	0.0025437593133849443
1388	534.4063772214536	0.0015433240485192288
1389	534.6907875600888	0.0023256729591167574
1390	534.9752259528692	0.0030463686786244
1391	535.2596924136811	0.00292555858810726
1392	535.5441869564112	0.0029306007943859084
1393	535.8287095949452	0.002914237420239011
1394	536.1132603431695	0.0032671420360360776
1395	536.3978392149705	0.002972560060197906
1396	536.6824462242344	0.0027713389267366604
1397	536.9670813848473	0.003953260288918386
1398	537.2517447106958	0.0038991489875947424
1399	537.5364362156658	0.004019530510135358
1400	537.8211559136437	0.0036105471129466837
1401	538.1059038185159	0.002639891695142264
1402	538.3906799441684	0.003287583990741951
1403	538.6754843044876	0.0030519207237360855
1404	538.9603169133597	0.0022370698435244846
1405	539.245177784671	0.002140775891523352
1406	539.5300669323077	0.003581202434414601
1407	539.8149843701561	0.004286548810069357
1408	540.0999301121026	0.002891405227067529
1409	540.3849041720332	0.002940386721904939
1410	540.6699065638343	0.0029122318296425083
1411	540.9549373013921	0.002086234542134948
1412	541.2399963985929	0.001945564842812866
1413	541.5250838693229	0.0013631740275117446
1414	541.8101997274683	0.0016269334882281516
1415	542.0953439869156	0.001595318177990317
1416	542.3805166615509	0.0021261626159470855
1417	542.6657177652604	0.0016889880255573373
1418	542.9509473119305	0.00214197189800598
1419	543.2362053154473	0.0016220429033456548
1420	543.521491789697	0.0031464989560184005
1421	543.8068067485663	0.004505395218594359
1422	544.0921502059409	0.0039058055701661847
1423	544.3775221757073	0.0029682424043345965
1424	544.6629226717519	0.0026265405644850777
1425	544.9483517079607	0.002332254755969517
1426	545.2338092982202	0.0021063746951630437
1427	545.5192954564163	0.0016062755226095042
1428	545.8048101964357	0.00172715286224722
1429	546.0903535321643	0.0022847506753569473
1430	546.3759254774885	0.0022532200250628535
1431	546.6615260462946	0.0020258048048014776
1432	546.9471552524687	0.0015157251861584258
1433	547.2328131098974	0.0020460029028393444
1434	547.5184996324665	0.0029468274529133322
1435	547.8042148340626	0.0023932394839552987
1436	548.0899587285718	0.0019184768455255893
1437	548.3757313298803	0.001682255311294712
1438	548.6615326518745	0.0028845410348240837
1439	548.9473627084406	0.002200809645929825
1440	549.2332215134649	0.0005007597630521434
1441	549.5191090808336	0.0004197993902547203
1442	549.8050254244329	0.0010513757522374561
1443	550.0909705581491	0.0019951297883403383
1444	550.3769444958685	0.0018753820171467134
1445	550.6629472514775	0.002787545465168183
1446	550.948978838862	0.002923844229917234
1447	551.2350392719086	0.0035062408477909593
1448	551.5211285645033	0.0023941293381850278
1449	551.8072467305325	0.0027905044922650903
1450	552.0933937838823	0.0026732436364756253
1451	552.3795697384393	0.0018528311711570836
1452	552.6657746080894	0.002077938494249446
1453	552.952008406719	0.002270029760096452
1454	553.2382711482144	0.002314414233589602
1455	553.5245628464617	0.0016562076689434061
1456	553.8108835153473	0.002432330640737382
1457	554.0972331687574	0.00203994574333148
1458	554.3836118205784	0.0016373336904615572
1459	554.6700194846962	0.0009629226577686767
1460	554.9564561749975	0.0003225395252120344
1461	555.2429219053682	0.0013450796059713914
1462	555.5294166896947	0.0013954063025152042
1463	555.8159405418633	0.001361060046425786
1464	556.1024934757602	9.43706352847217e-05
1465	556.3890755052716	-0.00037954311164764684
1466	556.6756866442839	0.000571811384765893
1467	556.9623269066833	0.0003357102678049035
1468	557.2489963063559	0.0006712330261670964
1469	557.5356948571882	0.0025061527665903188
1470	557.8224225730664	0.0013551743227943728
1471	558.1091794678766	0.0011704434798953081
1472	558.3959655555052	0.001709483501720304
1473	558.6827808498384	0.001371514680045424
1474	558.9696253647625	0.0016181567400810142
1475	559.2564991141636	0.0019796126498601027
1476	559.5434021119282	0.0019284672284025281
1477	559.8303343719424	0.0001993452387388107
1478	560.1172959080926	0.0007994884542107742
1479	560.4042867342647	0.001503014039908995
1480	560.6913068643454	0.0014073538672083402
1481	560.9783563122207	0.00015098820833232823
1482	561.265435091777	-0.0006068694304386192
1483	561.5525432169005	-0.00040647144897006413
1484	561.8396807014774	-0.0009150930809687329
1485	562.1268475593939	-0.0006627989821123043
1486	562.4140438045364	-0.000615315680029162
1487	562.7012694507911	-0.0012926636663069607
1488	562.9885245120443	-0.0016582567886930908
1489	563.2758090021821	-0.0014525289249752084
1490	563.563122935091	0.00020822448938207086
1491	563.8504663246571	-0.0004697139355414369
1492	564.1378391847667	-0.0012044290920418118
1493	564.4252415293059	-0.00026252771842822146
1494	564.7126733721611	-0.0001573638600782921
1495	565.0001347272188	-5.25941829014542e-05
1496	565.2876256083648	-0.0005796571773402537
1497	565.5751460294856	-0.00026447435975758684
1498	565.8626960044675	0.0005283355491675627
1499	566.1502755471965	0.0011603583111151274
1500	566.4378846715592	0.0009009590903513349
1501	566.7255233914417	0.0004783775468711366
1502	567.0131917207302	0.0002123905079823887
1503	567.300889673311	-0.0011190829595585142
1504	567.5886172630703	-0.00047936975631232055
1505	567.8763745038946	-0.0005857506148924705
1506	568.1641614096698	5.33545275040685e-05
1507	568.4519779942824	-0.0018186302611253099
1508	568.7398242716185	-0.0018163866076416177
1509	569.0277002555645	-0.0023491669785152595
1510	569.3156059600067	-0.0026182020994164014
1511	569.6035413988311	-0.001606034834929306
1512	569.8915065859242	-0.002348275759713902
1513	570.1795015351721	-0.003162616342816284
1514	570.4675262604611	-0.002301819509412897
1515	570.7555807756776	-0.0018228437747422812
1516	571.0436650947076	-0.0024127303515833003
1517	571.3317792314376	-0.003159841263944029
1518	571.6199231997538	-0.002572132734992277
1519	571.9080970135421	-0.0022494964070988725
1520	572.1963006866894	-0.0016543164957982643
1521	572.4845342330815	-0.0020289878662064055
1522	572.7727976666047	-0.0011147673174067838
1523	573.0610910011454	-0.0016938229995734067
1524	573.3494142505898	-0.0008469077569124051
1525	573.6377674288241	-0.001326441881509584
1526	573.9261505497346	-0.0018031848671731469
1527	574.2145636272077	-0.0027571345271185854
1528	574.5030066751293	-0.0017972466149768706
1529	574.791479707386	-0.0013612702784658343
1530	575.0799827378639	-0.00031485918251458153
1531	575.3685157804492	-0.001835233572650618
1532	575.6570788490283	-0.004020533176866567
1533	575.9456719574874	-0.003491651385504885
1534	576.2342951197127	-0.004052501243961317
1535	576.5229483495906	-0.0028464459641785347
1536	576.8116316610071	-0.003005458463027054
1537	577.1003450678488	-0.0038731953042977735
1538	577.3890885840017	-0.0035489757643684485
1539	577.6778622233521	-0.004620619505094075
1540	577.9666659997863	-0.004655709194335114
1541	578.2554999271905	-0.004187094438733749
1542	578.5443640194511	-0.004845486903094168
1543	578.8332582904543	-0.0036562383540166476
1544	579.1221827540862	-0.003957214493318505
1545	579.4111374242332	-0.0032389816363417962
1546	579.7001223147814	-0.003780038389906243
1547	579.9891374396174	-0.004072507669416524
1548	580.278182812627	-0.0030043057332162014
1549	580.567258447697	-0.0033062534293063785
1550	580.8563643587131	-0.0030394652619048375
1551	581.1455005595619	-0.0023882740485341434
1552	581.4346670641295	-0.001486533293840261
1553	581.7238638863023	-0.003254408786718919
1554	582.0130910399664	-0.003145423037953364
1555	582.3023485390082	-0.0020142274723450324
1556	582.5916363973139	-0.002295484089770304
1557	582.8809546287697	-0.0023326438144679823
1558	583.1703032472619	-0.003001239823609272
1559	583.4596822666767	-0.003137535180643067
1560	583.7490917009005	-0.003361503148158327
1561	584.0385315638196	-0.004686937488347148
1562	584.3280018693198	-0.003700645909276921
1563	584.617502631288	-0.0028904483333684317
1564	584.9070338636099	-0.00462727630739255
1565	585.1965955801721	-0.005038802931459715
1566	585.4861877948607	-0.005071857000103898
1567	585.7758105215621	-0.005626269582941613
1568	586.0654637741624	-0.005596046233261834
1569	586.355147566548	-0.005819519207875599
1570	586.6448619126049	-0.005804568612188539
1571	586.9346068262197	-0.005894906637941772
1572	587.2243823212784	-0.005751646291609052
1573	587.5141884116673	-0.005417763065851323
1574	587.8040251112728	-0.0057957460893961815
1575	588.0938924339811	-0.005539893772533976
1576	588.3837903936784	-0.004153702311187699
1577	588.6737190042509	-0.004420452511201699
1578	588.9636782795849	-0.004454675021650969
1579	589.2536682335667	-0.00314274717949713
1580	589.5436888800825	-0.0038455831389672033
1581	589.8337402330187	-0.003745726688968246
1582	590.1238223062614	-0.0036359985571587077
1583	590.413935113697	-0.0036748903000135467
1584	590.7040786692116	-0.003872377306577371
1585	590.9942529866914	-0.003908649169922902
1586	591.2844580800229	-0.004367665574118604
1587	591.5746939630923	-0.005207164896338492
1588	591.8649606497856	-0.005481062863027402
1589	592.1552581539894	-0.005477782748262335
1590	592.4455864895898	-0.006424853497819882
1591	592.735945670473	-0.006027148335895959
1592	593.0263357105252	-0.005436376677497298
1593	593.3167566236331	-0.005246462419146357
1594	593.6072084236823	-0.004476567078021578
1595	593.8976911245595	-0.004681572468983434
1596	594.1882047401509	-0.00624910649492333
1597	594.4787492843427	-0.006747180504329361
1598	594.769324771021	-0.006407118377276639
1599	595.0599312140723	-0.006815330223971226
1600	595.3505686273829	-0.007756694072611244
1601	595.6412370248388	-0.007352092536682407
1602	595.9319364203263	-0.006801195694512574
1603	596.2226668277319	-0.006162689024819722
1604	596.5134282609415	-0.0060810314781543145
1605	596.8042207338417	-0.005883483522728762
1606	597.0950442603186	-0.0049865909857898984
1607	597.3858988542584	-0.006020451419693954
1608	597.6767845295474	-0.005832761776897399
1609	597.9677013000719	-0.005930085543767479
1610	598.2586491797181	-0.004993511546246132
1611	598.5496281823723	-0.00446287731042788
1612	598.8406383219208	-0.003963241356093997
1613	599.1316796122497	-0.004383394374780248
1614	599.4227520672455	-0.005411502995529497
1615	599.7138557007942	-0.005789524749459007
1616	600.0049905267822	-0.0059082053137708
1617	600.2961565590957	-0.005939355296472027
1618	600.5873538116209	-0.0060955770607239845
1619	600.8785822982443	-0.005963135156616284
1620	601.1698420328519	-0.007232136480903506
1621	601.46113302933	-0.008221512516469099
1622	601.7524553015651	-0.008116909475644354
1623	602.043808863443	-0.007770683896334215
1624	602.3351937288504	-0.008247109461164049
1625	602.6266099116733	-0.007451892736144728
1626	602.918057425798	-0.008506720432162341
1627	603.2095362851109	-0.008287034811300352
1628	603.5010465034981	-0.008985702285759616
1629	603.7925880948459	-0.009216690089475819
1630	604.0841610730405	-0.009524645019505411
1631	604.3757654519682	-0.007986677590032677
1632	604.6674012455153	-0.006740939663843595
1633	604.959068467568	-0.0069089190188823925
1634	605.2507671320126	-0.007129726255976696
1635	605.5424972527353	-0.006637907350241747
1636	605.8342588436225	-0.006153853986567903
1637	606.1260519185604	-0.00646387531636457
1638	606.4178764914351	-0.006770529164922819
1639	606.7097325761329	-0.007008447507046987
1640	607.0016201865402	-0.005776676968162779
1641	607.2935393365431	-0.006322921816808806
1642	607.5854900400279	-0.006304147435690564
1643	607.877472310881	-0.005708391203848246
1644	608.1694861629885	-0.005368991579253973
1645	608.4615316102368	-0.005675823430865094
1646	608.7536086665119	-0.00608653521187432
1647	609.0457173457003	-0.006367881531345513
1648	609.3378576616881	-0.006275163744328388
1649	609.6300296283617	-0.006000525932367503
1650	609.9222332596072	-0.006397556876089794
1651	610.2144685693111	-0.007169768106503699
1652	610.5067355713593	-0.006545736059961452
1653	610.7990342796384	-0.006279645000898956
1654	611.0913647080343	-0.007173095960169242
1655	611.3837268704336	-0.007887496174321565
1656	611.6761207807225	-0.00788133446146673
1657	611.9685464527871	-0.008207766974921428
1658	612.2610039005137	-0.008639459318062042
1659	612.5534931377887	-0.008845634463977
1660	612.8460141784981	-0.007980437844208427
1661	613.1385670365283	-0.007837126127577766
1662	613.4311517257656	-0.008253132522984031
1663	613.7237682600963	-0.007634366235904168
1664	614.0164166534065	-0.0076711087395884515
1665	614.3090969195825	-0.006748625661636148
1666	614.6018090725106	-0.006469232887866998
1667	614.8945531260771	-0.006075686559951682
1668	615.1873290941681	-0.006546371174501845
1669	615.4801369906701	-0.006310448278455033
1670	615.772976829469	-0.007294365696067013
1671	616.0658486244514	-0.006191944598064471
1672	616.3587523895034	-0.005094141024779223
1673	616.6516881385112	-0.004020560936231555
1674	616.9446558853612	-0.004863976207455176
1675	617.2376556439395	-0.003893814742586671
1676	617.5306874281326	-0.0034929326430614286
1677	617.8237512518266	-0.003714547949426007
1678	618.1168471289077	-0.003935429433501493
1679	618.4099750732621	-0.003574774153412922
1680	618.7031350987763	-0.003848829906654163
1681	618.9963272193363	-0.0046970826153153195
1682	619.2895514488287	-0.004520862840860177
1683	619.5828078011393	-0.004497892673273846
1684	619.8760962901548	-0.0054223987193454
1685	620.1694169297612	-0.006575458637962216
1686	620.4627697338448	-0.005661276565572686
1687	620.7561547162918	-0.005023126447186114
1688	621.0495718909885	-0.004569380906319507
1689	621.3430212718213	-0.0051320752019133505
1690	621.6365028726763	-0.005495385673445117
1691	621.9300167074397	-0.005705250267451893
1692	622.2235627899979	-0.00609604661676332
1693	622.517141134237	-0.006119617418850624
1694	622.8107517540435	-0.005309546631938698
1695	623.1043946633035	-0.0050914844483318615
1696	623.3980698759034	-0.0044001118856322715
1697	623.6917774057291	-0.0032762848621830194
1698	623.9855172666671	-0.0035755265031918227
1699	624.2792894726038	-0.0037441387989692954
1700	624.5730940374252	-0.003088440709096018
1701	624.8669309750177	-0.0033986845754075674
1702	625.1608002992674	-0.0027279903813132327
1703	625.4547020240607	-0.003399389723497448
1704	625.7486361632839	-0.003220065515513316
1705	626.0426027308231	-0.0034450520202976196
1706	626.3366017405647	-0.0025670281232777464
1707	626.6306332063948	-0.002246041024173681
1708	626.9246971421999	-0.002913782637638927
1709	627.2187935618659	-0.002955493104230834
1710	627.5129224792794	-0.0035923263331560608
1711	627.8070839083265	-0.004521368179435236
1712	628.1012778628934	-0.005169841012016739
1713	628.3955043568666	-0.005472731639708265
1714	628.689763404132	-0.006141821971956451
1715	628.9840550185761	-0.006241202048636365
1716	629.2783792140851	-0.005625777180104681
1717	629.5727360045453	-0.006084704986216461
1718	629.8671254038428	-0.006180470573007243
1719	630.1615474258641	-0.0066701099492332385
1720	630.4560020844951	-0.007482114572307841
1721	630.7504893936226	-0.007215599376426513
1722	631.0450093671324	-0.0078090743259247005
1723	631.3395620189108	-0.00796155443398976
1724	631.6341473628443	-0.007673683004598389
1725	631.9287654128188	-0.00762101445165207
1726	632.2234161827209	-0.007712752045833704
1727	632.5180996864367	-0.006841834230011537
1728	632.8128159378525	-0.007029384856035581
1729	633.1075649508545	-0.007153308404948753
1730	633.402346739329	-0.006880702763083795
1731	633.6971613171621	-0.006781094823685976
1732	633.9920086982404	-0.007453326753040977
1733	634.2868888964499	-0.007251295180270481
1734	634.5818019256769	-0.006875672385970137
1735	634.8767477998077	-0.0067738172890369165
1736	635.1717265327284	-0.006236366483164362
1737	635.4667381383255	-0.0061864918615968925
1738	635.7617826304851	-0.0059268883904440555
1739	636.0568600230935	-0.005268779987629358
1740	636.3519703300369	-0.005517541343360915
1741	636.6471135652017	-0.005812064767229995
1742	636.942289742474	-0.005922287198504458
1743	637.2374988757401	-0.007017642778666011
1744	637.5327409788863	-0.00681273892633887
1745	637.8280160657988	-0.006560762985718925
1746	638.1233241503639	-0.006839398729724056
1747	638.4186652464679	-0.007001961628429603
1748	638.714039367997	-0.007623172017609903
1749	639.0094465288373	-0.00858557656747981
1750	639.3048867428754	-0.008247773587376238
1751	639.6003600239973	-0.008457499255201227
1752	639.8958663860893	-0.00900456079312802
1753	640.1914058430377	-0.008906629796635679
1754	640.4869784087288	-0.0085157631589711
1755	640.7825840970487	-0.008864118924853635
1756	641.0782229218838	-0.008626464150740478
1757	641.3738948971203	-0.009100212532404561
1758	641.6696000366445	-0.009343467684946547
1759	641.9653383543425	-0.009431409512825692
1760	642.2611098641008	-0.008892576102261688
1761	642.5569145798055	-0.007941606352853818
1762	642.8527525153429	-0.008451855940634934
1763	643.1486236845991	-0.00842947846927686
1764	643.4445281014607	-0.007422018205173314
1765	643.7404657798136	-0.007527381348754674
1766	644.0364367335443	-0.00665926078520227
1767	644.3324409765389	-0.006359888514123447
1768	644.6284785226838	-0.005419829969334276
1769	644.9245493858652	-0.005199134397295077
1770	645.2206535799693	-0.004871474628467647
1771	645.5167911188825	-0.004755542850207906
1772	645.8129620164907	-0.004807886572401437
1773	646.1091662866805	-0.00450854786035417
1774	646.4054039433382	-0.004626065791146702
1775	646.7016750003498	-0.003953884734484512
1776	646.9979794716018	-0.004769844203442934
1777	647.2943173709803	-0.005402610328891932
1778	647.5906887123714	-0.005642181894029762
1779	647.8870935096618	-0.006464097211614715
1780	648.1835317767373	-0.006701927766723749
1781	648.4800035274844	-0.0064993290243622335
1782	648.7765087757894	-0.006422930326954209
1783	649.0730475355384	-0.006782608110520638
1784	649.3696198206177	-0.007797174291106566
1785	649.6662256449137	-0.007813345351613403
1786	649.9628650223124	-0.007678774365835095
1787	650.2595379667002	-0.0077603810457068136
1788	650.5562444919635	-0.007879571616104322
1789	650.8529846119883	-0.007934101050513892
1790	651.149758340661	-0.007728612601460181
1791	651.4465656918679	-0.008343297438014877
1792	651.743406679495	-0.008793168612365466
1793	652.0402813174288	-0.008541471708354568
1794	652.3371896195555	-0.007704935035531858
1795	652.6341315997614	-0.0067994768508159165
1796	652.9311072719327	-0.007051270129156921
1797	653.2281166499556	-0.006971950228239592
1798	653.5251597477164	-0.006858520018531085
1799	653.8222365791014	-0.006224138430574094
1800	654.1193471579969	-0.006313454370927626
1801	654.4164914982889	-0.0061057781829572805
1802	654.7136696138641	-0.005526426701372684
1803	655.0108815186084	-0.0057218415227308864
1804	655.308127226408	-0.005767152001211903
1805	655.6054067511494	-0.00515329429430162
1806	655.9027201067188	-0.005506975461450693
1807	656.2000673070024	-0.0050532142909386225
1808	656.4974483658865	-0.004700577035781731
1809	656.7948632972573	-0.004871840010222407
1810	657.092312115001	-0.005362753482387712
1811	657.3897948330042	-0.005257595190718389
1812	657.6873114651528	-0.004679905561673881
1813	657.9848620253331	-0.00447335720188075
1814	658.2824465274314	-0.005495286994186578
1815	658.5800649853339	-0.0061429939642770985
1816	658.877717412927	-0.006399891234030149
1817	659.1754038240971	-0.006223303784087052
1818	659.47312423273	-0.006448885266840875
1819	659.7708786527122	-0.006787940780590267
1820	660.0686670979301	-0.006660944277515016
1821	660.3664895822697	-0.006680647091137024
1822	660.6643461196173	-0.007076679478635182
1823	660.9622367238594	-0.0073226366288872856
1824	661.260161408882	-0.007682902511042706
1825	661.5581201885715	-0.0073337887697456595
1826	661.8561130768139	-0.007828692628524838
1827	662.1541400874958	-0.007043716537009839
1828	662.4522012345033	-0.006944127466670434
1829	662.7502965317226	-0.006727687087009524
1830	663.04842599304	-0.007164231623937848
1831	663.3465896323419	-0.006652525896782383
1832	663.6447874635144	-0.006929532120739879
1833	663.9430195004437	-0.006559259146249217
1834	664.2412857570162	-0.006473784848143606
1835	664.539586247118	-0.006011729408887513
1836	664.8379209846355	-0.005688262822838368
1837	665.136289983455	-0.004715411827989075
1838	665.4346932574626	-0.004212336276748085
1839	665.7331308205446	-0.003961787808504884
1840	666.0316026865873	-0.004193894268405171
1841	666.3301088694769	-0.0041641048511811335
1842	666.6286493830999	-0.003798995965088636
1843	666.9272242413421	-0.0038521298778620146
1844	667.2258334580902	-0.004135855411133308
1845	667.5244770472301	-0.003881048398007904
1846	667.8231550226483	-0.003465702557246103
1847	668.1218673982308	-0.0027298529575957905
1848	668.4206141878643	-0.004233046125511449
1849	668.7193954054346	-0.004941338953270605
1850	669.0182110648283	-0.00537972767298626
1851	669.3170611799313	-0.005479747489343765
1852	669.6159457646303	-0.005495673769496514
1853	669.9148648328111	-0.0058293098736888855
1854	670.2138183983603	-0.006267344886135866
1855	670.512806475164	-0.006811764883531949
1856	670.8118290771084	-0.007016039720852275
1857	671.1108862180799	-0.007283478844974749
1858	671.4099779119647	-0.007266534487421701
1859	671.7091041726491	-0.007274289968786306
1860	672.0082650140192	-0.006621413755190034
1861	672.3074604499614	-0.006410860023630833
1862	672.6066904943619	-0.006721619047858413
1863	672.905955161107	-0.007026965201576581
1864	673.2052544640829	-0.006217159796688243
1865	673.504588417176	-0.0056295577926987524
1866	673.8039570342723	-0.004930413146617114
1867	674.1033603292583	-0.004730562685760249
1868	674.40279831602	-0.004606051627591531
1869	674.702271008444	-0.004291305090123743
1870	675.0017784204163	-0.004376679584497441
1871	675.3013205658233	-0.004281153976282782
1872	675.6008974585511	-0.0034906608745289393
1873	675.900509112486	-0.003565870756826553
1874	676.2001555415144	-0.0028819838407446413
1875	676.4998367595224	-0.002061909964215658
1876	676.7995527803963	-0.0014585840927886988
1877	677.0993036180224	-0.0018509559906990246
1878	677.3990892862868	-0.002224929680275821
1879	677.698909799076	-0.0024744847700092576
1880	677.9987651702761	-0.0023871391092070335
1881	678.2986554137734	-0.002651834078608203
1882	678.5985805434541	-0.003000298490519196
1883	678.8985405732046	-0.0033265921478426554
1884	679.1985355169109	-0.0033525417710053972
1885	679.4985653884595	-0.003192185980259057
1886	679.7986302017366	-0.003556031506540407
1887	680.0987299706284	-0.0038098446848990127
1888	680.3988647090213	-0.004469133234944648
1889	680.6990344308011	-0.005125309019393237
1890	680.9992391498547	-0.005825399965643204
1891	681.299478880068	-0.005838770139594997
1892	681.5997536353273	-0.006323604977488436
1893	681.9000634295188	-0.006740146779890679
1894	682.2004082765288	-0.006718894099209137
1895	682.5007881902437	-0.00652648884631524
1896	682.8012031845496	-0.006341471330847958
1897	683.1016532733328	-0.0056871207126162155
1898	683.4021384704794	-0.005651647565650316
1899	683.702658789876	-0.005245823595652812
1900	684.0032142454086	-0.0053311090622790505
1901	684.3038048509635	-0.005074985836858146
1902	684.6044306204268	-0.004803446250843046
1903	684.9050915676852	-0.005000700983679201
1904	685.2057877066245	-0.004706432653166555
1905	685.5065190511312	-0.004519070599791344
1906	685.8072856150915	-0.003737527688905703
1907	686.1080874123917	-0.0035520604889187125
1908	686.408924456918	-0.0029207493488859182
1909	686.7097967625566	-0.0026587399489416083
1910	687.0107043431939	-0.0026022829089184735
1911	687.311647212716	-0.00282362926989846
1912	687.6126253850092	-0.0025770532252550227
1913	687.9136388739599	-0.0022864537263500113
1914	688.2146876934543	-0.0017217714317853193
1915	688.5157718573784	-0.0020115641917678602
1916	688.8168913796188	-0.002107259621110022
1917	689.1180462740616	-0.0021543595004429204
1918	689.419236554593	-0.0023380906174240617
1919	689.7204622350995	-0.002245509071216629
1920	690.021723329467	-0.0023588986820295074
1921	690.323019851582	-0.003019927947610063
1922	690.6243518153308	-0.003128261522416713
1923	690.9257192345995	-0.002835690485203052
1924	691.2271221232743	-0.003737963502070482
1925	691.5285604952417	-0.004379577731912029
1926	691.8300343643876	-0.0037682614064678756
1927	692.1315437445987	-0.0033475132451656047
1928	692.4330886497611	-0.0041661841125913545
1929	692.7346690937608	-0.005080834508121822
1930	693.0362850904843	-0.004887679626807633
1931	693.3379366538178	-0.0052951249226130615
1932	693.6396237976476	-0.004931768686450772
1933	693.9413465358599	-0.005311807358872675
1934	694.243104882341	-0.004827324417349184
1935	694.5448988509771	-0.005379151085339235
1936	694.8467284556544	-0.005693129052590687
1937	695.1485937102594	-0.006014956658198268
1938	695.450494628678	-0.005731613895281083
1939	695.752431224797	-0.004838116268884488
1940	696.054403512502	-0.0037404245769092105
1941	696.3564115056797	-0.0024097943275038706
1942	696.6584552182161	-0.002528839743522269
1943	696.9605346639977	-0.0030874975979764264
1944	697.2626498569107	-0.0034562541803681976
1945	697.5648008108411	-0.0029603554248124548
1946	697.8669875396755	-0.0032453860687007207
1947	698.1692100572999	-0.0023666107021299183
1948	698.4714683776008	-0.0019850741486510106
1949	698.7737625144641	-0.002454602740595493
1950	699.0760924817765	-0.0021918149316700573
1951	699.3784582934239	-0.0016294732808265985
1952	699.6808599632927	-0.001678148471256848
1953	699.9832975052692	-0.0017115122519476655
1954	700.2857709332395	-0.0014954860891157077
1955	700.5882802610901	-0.0015298613010509743
1956	700.890825502707	-0.0011626139200036608
1957	701.1934066719766	-0.0012333608722262682
1958	701.4960237827851	-0.0010469613914011859
1959	701.7986768490189	-0.0013042899587052896
1960	702.101365884564	-0.0010519093388488448
1961	702.4040909033068	-0.0017194050451263207
1962	702.7068519191336	-0.001720415745414951
1963	703.0096489459305	-0.0011258866319316587
1964	703.3124819975841	-0.0015042545658588112
1965	703.6153510879802	-0.0018522545987166984
1966	703.9182562310054	-0.0023895594806954057
1967	704.2211974405458	-0.0029976139161799076
1968	704.5241747304877	-0.003474563755241951
1969	704.8271881147173	-0.0037397608711103466
1970	705.1302376071209	-0.0036683638284181253
1971	705.4333232215848	-0.003450630723554052
1972	705.7364449719951	-0.0037675635593276127
1973	706.0396028722382	-0.00372194749703064
1974	706.3427969362004	-0.0038259922244398606
1975	706.6460271777679	-0.003907661844322769
1976	706.9492936108269	-0.003597465120118643
1977	707.2525962492638	-0.003814059668718619
1978	707.5559351069645	-0.0038588935847025177
1979	707.8593101978158	-0.003971706469077973
1980	708.1627215357034	-0.004214116234158114
1981	708.466169134514	-0.004256468947956722
1982	708.7696530081336	-0.0037146299676819824
1983	709.0731731704485	-0.0033025251678011533
1984	709.3767296353451	-0.0023397883227793503
1985	709.6803224167094	-0.0023978573145821075
1986	709.983951528428	-0.0022208324276281606
1987	710.2876169843868	-0.0020091426948769223
1988	710.5913187984722	-0.002108284451391958
1989	710.8950569845706	-0.0017329282541094432
1990	711.198831556568	-0.0011908422655403067
1991	711.5026425283509	-0.0015214324753066396
1992	711.8064899138053	-0.0010887342358221394
1993	712.1103737268177	-0.0004915009353737042
1994	712.4142939812742	0.0006750943737120277
1995	712.7182506910611	0.0008940435789245161
1996	713.0222438700647	0.001022558443246515
1997	713.3262735321713	7.301218975766127e-05
1998	713.630339691267	0.0009513575238071601
1999	713.934442361238	0.0014125791158769727
2000	714.2385815559708	0.0012874521970682104
2001	714.5427572893517	0.000774011175490544
2002	714.8469695752666	0.0005538518609354104
2003	715.151218427602	-0.00027765163840922014
2004	715.4555038602441	0.00011115771761836596
2005	715.7598258870793	-0.00044548584619353237
2006	716.0641845219936	-0.000929923595353163
2007	716.3685797788735	-0.0021602931856610774
2008	716.673011671605	-0.0013979078121511862
2009	716.9774802140745	-0.0014573573339372679
2010	717.2819854201683	-0.0020224916850748787
2011	717.5865273037728	-0.0020433761961459215
2012	717.8911058787737	-0.002559201027856853
2013	718.1957211590578	-0.0034708769337019963
2014	718.5003731585113	-0.003953715862515091
2015	718.8050618910202	-0.003823039606971204
2016	719.1097873704708	-0.0040981843346102765
2017	719.4145496107496	-0.0032775339189855387
2018	719.7193486257427	-0.00228915584810476
2019	720.0241844293363	-0.002370249401429331
2020	720.3290570354168	-0.002102453337712742
2021	720.6339664578702	-0.0025062029644986913
2022	720.938912710583	-0.0026631244945418972
2023	721.2438958074415	-0.002299756736388462
2024	721.5489157623318	-0.0018051378127764714
2025	721.8539725891402	-0.0010405353241569608
2026	722.1590663017529	-0.000618589139655051
2027	722.4641969140562	-0.0004836923151612494
2028	722.7693644399363	-0.0008897359821391878
2029	723.0745688932797	-0.0002710787395840803
2030	723.3798102879724	0.0004838209012731462
2031	723.6850886379007	0.0008517712548976623
2032	723.9904039569509	0.0015116429247018317
2033	724.2957562590093	0.0014368148064380915
2034	724.601145557962	0.0014554821982334888
2035	724.9065718676954	0.0022691345792097938
2036	725.2120352020959	0.002955130911271397
2037	725.5175355750494	0.002136950305656118
2038	725.8230730004423	0.000793958537876707
2039	726.1286474921609	0.0011220849032506828
2040	726.4342590640915	0.0005776349376710444
2041	726.7399077301204	0.000711643131022009
2042	727.0455935041336	0.0014955516031214737
2043	727.3513164000175	0.0013346187221588647
2044	727.6570764316585	0.0007960177850830332
2045	727.9628736129426	0.00028597040119432757
2046	728.2687079577562	-0.00039751353730468577
2047	728.5745794799855	-0.00045751194049991007
2048	728.8804881935168	0.000150415627699557
2049	729.1864341122365	-0.00024665522648110853
2050	729.4924172500306	-0.0007222673071082833
2051	729.7984376207854	-0.0012704673899109546
2052	730.1044952383872	-0.0011629352022791747
2053	730.4105901167225	-0.0019429558310697938
2054	730.7167222696771	-0.0014755874653865754
2055	731.0228917111376	-0.0025065722214347684
2056	731.3290984549901	-0.0028419424645773255
2057	731.635342515121	-0.003054292142913618
2058	731.9416239054163	-0.0015871839874558467
2059	732.2479426397625	-0.0016472708322708125
2060	732.5542987320458	-0.0012412230173160664
2061	732.8606921961524	-0.002120707683839697
2062	733.1671230459685	-0.0019197297122316153
2063	733.4735912953805	-0.0014728878713712401
2064	733.7800969582746	-0.0017912471154231868
2065	734.086640048537	-0.0018587011847240643
2066	734.393220580054	-0.0021324885470987882
2067	734.699838566712	-0.001024021684988861
2068	735.0064940223971	-4.111745265451242e-05
2069	735.3131869609954	0.0006852908677617148
2070	735.6199173963935	0.0016086965744965
2071	735.9266853424774	0.001661179223228443
2072	736.2334908131335	0.000664869875921825
2073	736.540333822248	0.0014013970795338899
2074	736.8472143837071	0.00011227539708528355
2075	737.154132511397	0.0002484546349084788
2076	737.4610882192043	5.08902816070273e-05
2077	737.7680815210149	0.002148712788938951
2078	738.0751124307153	0.002620229209247987
2079	738.3821809621916	0.002605024495619908
2080	738.68928712933	0.0019859763015412373
2081	738.9964309460169	0.001830819713267306
2082	739.3036124261384	0.0021636475765437826
2083	739.610831583581	0.0021579441349042455
2084	739.9180884322309	0.0026566238300714004
2085	740.225382985974	0.0022144363003056486
2086	740.5327152586971	0.0022824671137065813
2087	740.840085264286	0.0020232438739723546
2088	741.1474930166273	0.0019251866846364451
2089	741.454938529607	0.0017035243567470686
2090	741.7624218171114	0.001501955134374075
2091	742.069942893027	0.0011515017134505826
2092	742.3775017712398	0.000566428994231572
2093	742.6850984656361	0.0005471546435705691
2094	742.9927329901021	0.0006112502103217511
2095	743.3004053585242	8.46203876905774e-05
2096	743.6081155847887	-0.00021200525944694787
2097	743.9158636827817	-0.0006164249293989961
2098	744.2236496663894	-0.0006799431217157949
2099	744.5314735494983	-0.0010655911490274452
2100	744.8393353459945	-0.0013247130789234274
2101	745.1472350697642	-0.0010293817424789887
2102	745.4551727346937	-0.0011177019296831883
2103	745.7631483546695	-0.0004304175015939477
2104	746.0711619435775	-0.0008410852557867631
2105	746.3792135153041	-0.0011678559838811983
2106	746.6873030837355	-0.0018667988419955668
2107	746.9954306627582	-0.0023516404524693184
2108	747.3035962662581	-0.0013307404931138518
2109	747.6117999081217	-0.0010733217584942031
2110	747.9200416022352	-0.0007454488719037803
2111	748.2283213624847	0.0003521503538430917
2112	748.5366392027568	0.0005733482346368125
2113	748.8449951369375	0.000640853919961982
2114	749.153389178913	0.0006640501558018947
2115	749.4618213425698	0.0012869788772949795
2116	749.770291641794	0.002070110124039683
2117	750.0788000904718	0.002478016814285175
2118	750.3873467024896	0.001969156530847704
2119	750.6959314917334	0.0022198188112941323
2120	751.0045544720899	0.003236269002005953
2121	751.3132156574451	0.003986689434418888
2122	751.6219150616851	0.003837877180448541
2123	751.9306526986963	0.003918742508199363
2124	752.239428582365	0.004253840462896711
2125	752.5482427265777	0.004347563670246101
2126	752.8570951452201	0.003835786795806534
2127	753.1659858521788	0.00378110333092466
2128	753.47491486134	0.0030931323365737543
2129	753.78388218659	0.002691787369983189
2130	754.092887841815	0.0024634140277655847
2131	754.4019318409013	0.0019883169424436014
2132	754.7110141977349	0.0027307753801264155
2133	755.0201349262026	0.002697570209645077
2134	755.3292940401901	0.0025454832451632767
2135	755.638491553584	0.0028579100389783557
2136	755.9477274802704	0.0026287568451410894
2137	756.2570018341356	0.001787756757204848
2138	756.5663146290658	0.0011564206000888016
2139	756.8756658789475	0.002104212655935299
2140	757.1850555976666	0.001971369057685407
2141	757.4944837991097	0.0010722137639714486
2142	757.8039504971628	0.00011948216807462204
2143	758.1134557057122	-7.194658267216756e-05
2144	758.4229994386442	-0.00021653315678672622
2145	758.7325817098451	-0.0008913768402618144
2146	759.042202533201	-0.00084539795533609
2147	759.3518619225985	4.848774812060735e-05
2148	759.6615598919234	-0.000510674817459521
2149	759.9712964550623	0.00012201960384970984
2150	760.2810716259013	0.000464143755414942
2151	760.5908854183268	0.0006619927915269236
2152	760.9007378462247	0.000540851579809026
2153	761.2106289234817	0.0010871184163426942
2154	761.5205586639838	0.001561931932739297
2155	761.8305270816173	0.0015415827227726238
2156	762.1405341902686	0.0018230737872591105
2157	762.4505800038237	0.0010787643967309908
2158	762.7606645361691	0.0016589886139817148
2159	763.0707878011908	0.001643506510639737
2160	763.3809498127753	0.0012387334058612523
2161	763.6911505848087	0.0016010448141392036
2162	764.0013901311773	0.002474369951073456
2163	764.3116684657675	0.003663284415360246
2164	764.6219856024652	0.00408304055668525
2165	764.932341555157	0.0036056756478730608
2166	765.2427363377292	0.003383408670441752
2167	765.5531699640676	0.004018331023996267
2168	765.863642448059	0.004392818566095607
2169	766.1741538035892	0.004928615883321773
2170	766.4847040445447	0.00461579301991929
2171	766.795293184812	0.0038910834694669038
2172	767.1059212382768	0.003510204232735576
2173	767.4165882188256	0.0036028461159541857
2174	767.7272941403448	0.003950973804819719
2175	768.0380390167205	0.004017496897101471
2176	768.3488228618389	0.0039606050889723805
2177	768.6596456895867	0.004355658457996879
2178	768.9705075138495	0.003612882264000217
2179	769.2814083485139	0.003955827399016712
2180	769.5923482074662	0.0040197960963104604
2181	769.9033271045926	0.00393254633505505
2182	770.2143450537793	0.0037246062752677458
2183	770.5254020689126	0.003052149948430277
2184	770.8364981638788	0.0034526282940653534
2185	771.147633352564	0.002718176915323994
2186	771.4588076488545	0.0020340486198127576
2187	771.7700210666369	0.002436175868429531
2188	772.081273619797	0.0014321628530065543
2189	772.3925653222212	0.0010459853463630812
2190	772.703896187796	0.0015892684121661983
2191	773.0152662304072	0.0011109851243589267
2192	773.3266754639413	0.00042825661185821444
2193	773.6381239022846	0.0007757574204820771
2194	773.9496115593233	0.0017029480690142049
2195	774.2611384489439	0.0013958846668106768
2196	774.5727045850322	0.0011102785601841477
2197	774.8843099814748	0.0009410485345707286
2198	775.1959546521576	0.0017108642163656627
2199	775.5076386109674	0.002134414603162931
2200	775.8193618717901	0.001932241907121159
2201	776.1311244485119	0.0024524546750410753
2202	776.4429263550192	0.001799184022631011
2203	776.7547676051981	0.002776774837977716
2204	777.0666482129352	0.00391817537518858
2205	777.3785681921164	0.004722940597691653
2206	777.6905275566281	0.004601927791625267
2207	778.0025263203565	0.004788193849815022
2208	778.314564497188	0.005460874214020986
2209	778.6266421010087	0.0063396581309418
2210	778.938759145705	0.006312790236558507
2211	779.250915645163	0.006516385990111284
2212	779.563111613269	0.0066775575670719465
2213	779.8753470639093	0.007532332246604544
2214	780.1876220109701	0.007111171433259467
2215	780.4999364683379	0.008453256963046418
2216	780.8122904498986	0.008758613356534604
2217	781.1246839695386	0.008279286709203007
2218	781.4371170411442	0.008106060447493103
2219	781.7495896786016	0.008220196415378845
2220	782.0621018957971	0.00820432724913053
2221	782.3746537066169	0.007895738238566865
2222	782.6872451249473	0.00805490099791339
2223	782.9998761646746	0.008345495186234356
2224	783.3125468396848	0.008087743651809158
2225	783.6252571638646	0.007793835760020532
2226	783.9380071510999	0.007220427694423303
2227	784.2507968152771	0.006545363387685352
2228	784.5636261702824	0.007580386705482467
2229	784.8764952300022	0.00566779555235376
2230	785.1894040083226	0.0037185823040325316
2231	785.5023525191299	0.004146898092767607
2232	785.8153407763103	0.004369390130204818
2233	786.1283687937502	0.0030748221772281966
2234	786.4414365853356	0.0041433804296053655
2235	786.754544164953	0.0042388933289899825
2236	787.0676915464886	0.0034884995346191757
2237	787.3808787438287	0.002626280108878491
2238	787.6941057708594	0.0019220453036929944
2239	788.0073726414671	0.0021488508435627955
2240	788.320679369538	0.0019125569607281849
2241	788.6340259689583	0.0017114559330481899
2242	788.9474124536143	0.0022913811143249986
2243	789.2608388373924	0.0027143668112042784
2244	789.5743051341786	0.0036940803548754122
2245	789.8878113578594	0.003009260758728154
2246	790.2013575223209	0.0019223897539546227
2247	790.5149436414493	0.001527611279993731
2248	790.8285697291311	0.0010396466147595234
2249	791.1422357992524	0.0002919525713712349
2250	791.4559418656994	0.00178003425188834
2251	791.7696879423584	0.0012623926078106447
2252	792.0834740431158	0.002204300325807024
2253	792.3973001818574	0.0028840740682149267
2254	792.7111663724701	0.00356632035893761
2255	793.0250726288398	0.0034433158788784164
2256	793.3390189648528	0.004353207613115335
2257	793.6530053943954	0.003192989802102511
2258	793.9670319313539	0.0029332139365580126
2259	794.2810985896143	0.002771814846945086
2260	794.5952053830631	0.0028710438058693944
2261	794.9093523255865	0.003269428345615204
2262	795.2235394310707	0.004056236500207991
2263	795.5377667134019	0.004629251654234667
2264	795.8520341864665	0.004698820641664184
2265	796.1663418641509	0.004383157063845608
2266	796.4806897603411	0.00495677175573486
2267	796.7950778889234	0.005243478652855175
2268	797.109506263784	0.005179871497800425
2269	797.4239748988093	0.005528007536305751
2270	797.7384838078856	0.006107278099320663
2271	798.0530330048988	0.0057069554831516165
2272	798.3676225037356	0.0045586312259766875
2273	798.6822523182819	0.00488462527295283
2274	798.9969224624243	0.004488377676385312
2275	799.3116329500489	0.003668487131620071
2276	799.6263837950419	0.003708689182909606
2277	799.9411750112894	0.003783257803975978
2278	800.2560066126779	0.004242828526085408
2279	800.5708786130938	0.004018663897999095
2280	800.885791026423	0.003164093429834098
2281	801.2007438665518	0.0020058672564806554
2282	801.5157371473667	0.0014562332392394528
2283	801.8307708827539	0.0006274049771058625
2284	802.1458450865996	0.002166977533793143
2285	802.4609597727899	0.0016470141065493414
2286	802.7761149552111	0.0017886279819535182
2287	803.0913106477498	0.0017290964500779593
2288	803.406546864292	0.0024408013760460956
2289	803.7218236187239	0.001775127401709478
2290	804.0371409249317	0.0014630780577417045
2291	804.3524987968018	0.0006085413332712705
2292	804.6678972482206	0.0018334836689014374
2293	804.9833362930741	0.0013691266784525207
2294	805.2988159452485	0.001594165008744405
2295	805.6143362186305	0.00228971889184602
2296	805.9298971271058	0.002880880422616944
2297	806.245498684561	0.0027825755775935383
2298	806.5611409048822	0.002606430131580483
2299	806.8768238019559	0.0033511209011614644
2300	807.1925473896681	0.0026558209723190726
2301	807.5083116819051	0.00288916308969632
2302	807.8241166925533	0.0025607083630113485
2303	808.1399624354988	0.0025354025933588325
2304	808.4558489246277	0.002579218683618402
2305	808.7717761738268	0.004242579316140984
2306	809.0877441969818	0.004863488776609024
2307	809.4037530079792	0.0051078795478461435
2308	809.7198026207053	0.0056607753480711585
2309	810.0358930490463	0.005678156934416966
2310	810.3520243068883	0.005584651657640139
2311	810.6681964081179	0.005208091465829659
2312	810.9844093666211	0.005838325169094513
2313	811.3006631962842	0.006784196995154048
2314	811.6169579109934	0.0069649676054261015
2315	811.933293524635	0.00719723917363261
2316	812.2496700510954	0.0069451145636435134
2317	812.5660875042608	0.006596012704315163
2318	812.8825458980173	0.007223349804350102
2319	813.1990452462513	0.008241710908380486
2320	813.5155855628489	0.007762127736371406
2321	813.8321668616966	0.007396270379742835
2322	814.1487891566804	0.006370768611894996
2323	814.4654524616867	0.006075783944622867
2324	814.7821567906019	0.006221369414620317
2325	815.0989021573118	0.005421939134937088
2326	815.4156885757033	0.00553909628486954
2327	815.732516059662	0.005656489404172172
2328	816.0493846230746	0.006069002003491833
2329	816.3662942798271	0.006308034652333933
2330	816.683245043806	0.005299268559367532
2331	817.0002369288975	0.0040125100998678175
2332	817.3172699489876	0.0035683419804329753
2333	817.6343441179629	0.0038621987049544024
2334	817.9514594497093	0.0024418068758414076
2335	818.2686159581134	0.0025298825202198397
2336	818.5858136570613	0.0035003252676402957
2337	818.9030525604393	0.00263192790676437
2338	819.2203326821334	0.0035202484127156955
2339	819.5376540360304	0.0040379514535448515
2340	819.855016636016	0.00379771123111551
2341	820.1724204959768	0.0038543237202934085
2342	820.4898656297988	0.003651623728073133
2343	820.8073520513686	0.002818936350876215
2344	821.1248797745722	0.0023125386168817755
2345	821.4424488132959	0.00245152746472149
2346	821.760059181426	0.003265958299734422
2347	822.0777108928486	0.003114711245886084
2348	822.3954039614503	0.0030357481954093775
2349	822.713138401117	0.0045397399682298705
2350	823.0309142257352	0.0047822713599438614
2351	823.348731449191	0.004710220843428439
2352	823.6665900853707	0.004983945618405216
2353	823.9844901481605	0.006549976370316693
2354	824.3024316514467	0.0068062899500053176
2355	824.6204146091158	0.007111819367219885
2356	824.9384390350536	0.006563105357862782
2357	825.2565049431468	0.004425477533916126
2358	825.5746123472812	0.004986044291643649
2359	825.8927612613436	0.005127645696858946
2360	826.2109516992198	0.005931617166838122
2361	826.5291836747962	0.006694035994825337
2362	826.8474572019592	0.0087745206933485
2363	827.1657722945947	0.009346628804213806
2364	827.4841289665893	0.007520540807486263
2365	827.8025272318292	0.008272188921896918
2366	828.1209671042006	0.008788590809641061
2367	828.4394485975897	0.009162674387649854
2368	828.7579717258828	0.008368889106474908
2369	829.0765365029663	0.00788711043313066
2370	829.3951429427261	0.007945863368178187
2371	829.713791059049	0.006881247054969375
2372	830.0324808658206	0.007892188744238934
2373	830.3512123769277	0.008722863096332361
2374	830.6699856062563	0.008758818725127548
2375	830.9888005676927	0.009166397043435396
2376	831.3076572751231	0.008320290087881273
2377	831.626555742434	0.008504853574511011
2378	831.9454959835113	0.007344930301072885
2379	832.2644780122414	0.007591298207536415
2380	832.5835018425108	0.0074863140475043355
2381	832.9025674882054	0.008081982158508015
2382	833.2216749632115	0.007855529022166501
2383	833.5408242814156	0.007535209211407105
2384	833.8600154567039	0.006198532386481364
2385	834.1792485029624	0.004603494626293843
2386	834.4985234340776	0.004267513881505704
2387	834.8178402639355	0.0061809220726905395
2388	835.1371990064229	0.006349477918877735
2389	835.4565996754254	0.006004119040786078
2390	835.7760422848296	0.005256384816369405
2391	836.0955268485218	0.00556523161547228
2392	836.4150533803881	0.005373263039626614
2393	836.734621894315	0.006109063085911144
2394	837.0542324041883	0.006939869466854257
2395	837.3738849238946	0.006549593700845975
2396	837.6935794673201	0.006443161041342899
2397	838.0133160483512	0.005678808659765816
2398	838.3330946808738	0.005197575889943828
2399	838.6529153787745	0.005320409784025709
2400	838.9727781559393	0.00430097600622235
2401	839.2926830262546	0.0045386601960987595
2402	839.6126300036067	0.003792187975075558
2403	839.9326191018818	0.005050524088158618
2404	840.252650334966	0.005754042241797571
2405	840.5727237167458	0.005343539508054674
2406	840.8928392611073	0.006504753456197767
2407	841.2129969819368	0.006651664363152297
2408	841.5331968931206	0.006961902457787854
2409	841.853439008545	0.0076423586943924265
2410	842.1737233420961	0.006861461706218235
2411	842.4940499076602	0.0073707013899207505
2412	842.8144187191236	0.007310299546515624
2413	843.1348297903726	0.007410189147415587
2414	843.4552831352933	0.009323827925360616
2415	843.7757787677721	0.008512033085815236
2416	844.0963167016952	0.008607536069030891
2417	844.416896950949	0.008128259643113431
2418	844.7375195294196	0.009892973319041492
2419	845.0581844509932	0.01119596844369727
2420	845.3788917295561	0.01084907328065955
2421	845.6996413789947	0.012502393976061902
2422	846.0204334131951	0.011975632604727395
2423	846.3412678460436	0.011415037897609576
2424	846.6621446914265	0.01074097253646469
2425	846.9830639632299	0.01094337331972397
2426	847.3040256753403	0.011507913511646352
2427	847.6250298416438	0.009990269229180287
2428	847.9460764760267	0.010803464802503833
2429	848.2671655923754	0.010791071732374305
2430	848.5882972045758	0.00985176559183635
2431	848.9094713265144	0.009283925573780908
2432	849.2306879720775	0.009184949135378801
2433	849.5519471551512	0.009628063498123288
2434	849.8732488896218	0.010710932527142662
2435	850.1945931893756	0.01004127391111891
2436	850.5159800682989	0.009004813735001158
2437	850.8374095402778	0.008203285119010322
2438	851.1588816191987	0.009176118822248279
2439	851.4803963189479	0.008967601413775523
2440	851.8019536534115	0.009504491605881361
2441	852.1235536364758	0.010035173514784394
2442	852.4451962820272	0.009386404701150892
2443	852.7668816039517	0.00773162450823438
2444	853.0886096161356	0.006919484898351668
2445	853.4103803324655	0.008175016799683778
2446	853.7321937668272	0.008985698235162473
2447	854.0540499331073	0.008550334499153342
2448	854.3759488451918	0.008820618371100375
2449	854.6978905169672	0.008208814626250616
2450	855.0198749623195	0.008004917924124177
2451	855.3419021951352	0.007477836254880895
2452	855.6639722293004	0.0069405126503322605
2453	855.9860850787012	0.007133050906856707
2454	856.3082407572243	0.006947566991119012
2455	856.6304392787556	0.008095136018413683
2456	856.9526806571815	0.008376828739682039
2457	857.2749649063883	0.008838979335764737
2458	857.5972920402621	0.006384972609238416
2459	857.9196620726893	0.006617358881290601
2460	858.2420750175561	0.007638363401933315
2461	858.5645308887487	0.007614385826136747
2462	858.8870297001533	0.008826231574041022
2463	859.2095714656564	0.008669229711152452
2464	859.5321561991441	0.007604421911594085
2465	859.8547839145026	0.009993167985915543
2466	860.1774546256183	0.010723505811325142
2467	860.5001683463774	0.010753892545085398
2468	860.8229250906661	0.011218450011249626
2469	861.1457248723707	0.009970460062476373
2470	861.4685677053775	0.01176612026579592
2471	861.7914536035727	0.012766332077763147
2472	862.1143825808426	0.009948887046838257
2473	862.4373546510734	0.010887197051728865
2474	862.7603698281513	0.012303673970703458
2475	863.0834281259627	0.012192720503727385
2476	863.4065295583938	0.012628592077639625
2477	863.7296741393309	0.012140289590375561
2478	864.0528618826601	0.00990506622254192
2479	864.3760928022677	0.010910094210417817
2480	864.6993669120402	0.013098960259410713
2481	865.0226842258636	0.013038320337159235
2482	865.3460447576243	0.011900912285889747
2483	865.6694485212083	0.01327138909743801
2484	865.9928955305022	0.012218321824447253
2485	866.316385799392	0.012500945545999972
2486	866.6399193417642	0.014014129308170767
2487	866.9634961715047	0.013643824240033249
2488	867.2871163025002	0.01420584700736515
2489	867.6107797486367	0.01483916552616107
2490	867.9344865238005	0.014550187410803045
2491	868.2582366418776	0.013117121236062903
2492	868.5820301167547	0.011324531925351522
2493	868.9058669623179	0.011088801743747717
2494	869.2297471924531	0.012301028384754572
2495	869.5536708210471	0.01139028725246959
2496	869.8776378619859	0.011136543788927119
2497	870.2016483291559	0.01213127214655921
2498	870.525702236443	0.011970616771863727
2499	870.8497995977339	0.010323215441442036
2500	871.1739404269144	0.0125848931385329
2501	871.4981247378711	0.01206878398132993
2502	871.8223525444903	0.009909477713545905
2503	872.1466238606579	0.00971098760112919
2504	872.4709387002605	0.007988419150874171
2505	872.7952970771843	0.0067310030263934995
2506	873.1196990053153	0.008306685592608635
2507	873.44414449854	0.009501004973172002
2508	873.7686335707447	0.011107003424454575
2509	874.0931662358154	0.00978196326774968
2510	874.4177425076386	0.01064002504920073
2511	874.7423624001005	0.011358720675577963
2512	875.0670259270872	0.010220243640494524
2513	875.3917331024852	0.01172522546053183
2514	875.7164839401805	0.011651483868079553
2515	876.0412784540596	0.011738138514269216
2516	876.3661166580085	0.010578329718754229
2517	876.6909985659138	0.009907605632069525
2518	877.0159241916615	0.010916289468618213
2519	877.3408935491378	0.010689507211500488
2520	877.6659066522293	0.010887805066554245
2521	877.9909635148218	0.010519757097872121
2522	878.3160641508019	0.01089224208802542
2523	878.6412085740557	0.010162244482716387
2524	878.9663967984695	0.010674836944970137
2525	879.2916288379295	0.011621961677877215
2526	879.6169047063221	0.012235455577682427
2527	879.9422244175336	0.01241513032481922
2528	880.2675879854498	0.013164205692375757
2529	880.5929954239575	0.013290294540350845
2530	880.9184467469427	0.012952125870767613
2531	881.2439419682917	0.012163534419535776
2532	881.5694811018906	0.014360118893469536
2533	881.895064161626	0.014199075913664368
2534	882.2206911613838	0.015290500667793699
2535	882.5463621150506	0.016427142870227115
2536	882.8720770365122	0.01745354609103062
2537	883.1978359396554	0.01762701213607685
2538	883.523638838366	0.017974395514038743
2539	883.8494857465306	0.017473893131755187
2540	884.1753766780351	0.018433090424115627
2541	884.501311646766	0.014344804005500447
2542	884.8272906666097	0.013499334216707248
2543	885.1533137514521	0.012965567337283292
2544	885.4793809151797	0.012928777029949252
2545	885.8054921716786	0.013612039208664413
2546	886.1316475348352	0.015197188360308596
2547	886.4578470185356	0.015708679818337543
2548	886.7840906366663	0.016036306580746854
2549	887.1103784031133	0.015917841627694954
2550	887.4367103317629	0.014494895898996937
2551	887.7630864365016	0.013684992865386023
2552	888.0895067312154	0.012338668351155484
2553	888.4159712297906	0.013231123115097046
2554	888.7424799461135	0.013760215206165695
2555	889.0690328940702	0.015164173890427061
2556	889.3956300875474	0.014871228692187755
2557	889.7222715404307	0.014736553583499594
2558	890.0489572666071	0.014912416609005504
2559	890.3756872799621	0.012733800285726071
2560	890.7024615943825	0.013159495664380454
2561	891.0292802237544	0.012929514397401587
2562	891.3561431819641	0.011370263835711552
2563	891.6830504828976	0.010713995246208276
2564	892.0100021404415	0.009789475326025913
2565	892.3369981684818	0.008806163217747102
2566	892.6640385809048	0.0107663711709657
2567	892.9911233915971	0.013236169809508029
2568	893.3182526144444	0.011763448318579551
2569	893.6454262633333	0.01183628250298504
2570	893.9726443521502	0.011913737183610601
2571	894.2999068947809	0.009679876482026275
2572	894.627213905112	0.010932734494929978
2573	894.9545653970295	0.009602255092823784
2574	895.28196138442	0.0099078950774646
2575	895.6094018811694	0.011838364961633131
2576	895.9368869011643	0.012616681715101045
2577	896.2644164582907	0.01192523510091881
2578	896.591990566435	0.009650884685150437
2579	896.9196092394833	0.011826130082091048
2580	897.247272491322	0.01192543107163556
2581	897.5749803358374	0.012702907779056463
2582	897.9027327869154	0.014012075570647658
2583	898.2305298584427	0.013445796464247985
2584	898.5583715643053	0.013192740104151631
2585	898.8862579183897	0.013160444869183467
2586	899.2141889345819	0.011784082330129599
2587	899.5421646267681	0.015157638277522499
2588	899.8701850088348	0.013888144913905364
2589	900.1982500946682	0.01397188201083443
2590	900.5263598981545	0.014531645433812343
2591	900.8545144331799	0.015972301919102566
2592	901.1827137136308	0.015420533443784336
2593	901.5109577533933	0.017596311032441046
2594	901.8392465663538	0.015676436343161983
2595	902.1675801663987	0.017375096433657377
2596	902.4959585674138	0.01862375389890892
2597	902.8243817832856	0.019531392566605094
2598	903.1528498279004	0.017553432155622932
2599	903.4813627151444	0.01601135178707728
2600	903.8099204589039	0.015088926337746273
2601	904.1385230730652	0.017671845194994235
2602	904.4671705715144	0.01575427363786492
2603	904.795862968138	0.01548871345665981
2604	905.1246002768219	0.016348800196587316
2605	905.4533825114526	0.017101430422408307
2606	905.7822096859163	0.014297498601264847
2607	906.1110818140994	0.014407297394335643
2608	906.439998909888	0.018429457643944935
2609	906.7689609871684	0.016536616382439813
2610	907.0979680598267	0.01574208105905985
2611	907.4270201417494	0.014027985874868538
2612	907.7561172468226	0.016404887026945723
2613	908.0852593889326	0.014934623443514433
2614	908.4144465819656	0.013897290641716215
2615	908.743678839808	0.013389868908198758
2616	909.072956176346	0.012528414154930308
2617	909.4022786054659	0.014588808697009199
2618	909.731646141054	0.015078696225382836
2619	910.0610587969961	0.017288753046203482
2620	910.390516587179	0.014335587824776872
2621	910.7200195254887	0.01405307225022405
2622	911.0495676258115	0.014176059808253772
2623	911.3791609020337	0.014938579957819933
2624	911.7087993680416	0.0147575643714077
2625	912.0384830377213	0.015135776725294928
2626	912.3682119249592	0.012682678742492641
2627	912.6979860436414	0.014352061581858635
2628	913.0278054076543	0.015645240372436857
2629	913.3576700308842	0.013937444629106035
2630	913.6875799272171	0.01284187642059236
2631	914.0175351105395	0.013197068179200707
2632	914.3475355947376	0.009735778002346967
2633	914.6775813936977	0.009829665840356496
2634	915.0076725213058	0.010669876045333747
2635	915.3378089914485	0.010341835538669037
2636	915.6679908180118	0.011909144111731447
2637	915.9982180148821	0.011651961138875627
2638	916.3284905959457	0.013825615016235766
2639	916.6588085750888	0.013655206718580854
2640	916.9891719661974	0.014022323245516475
2641	917.319580783158	0.011981052468426958
2642	917.650035039857	0.010223690757232416
2643	917.9805347501805	0.013369853477709814
2644	918.3110799280147	0.016366715061601242
2645	918.6416705872459	0.016514792456420492
2646	918.9723067417605	0.015315108594557668
2647	919.3029884054445	0.015675024367164152
2648	919.6337155921843	0.017196263469617848
2649	919.9644883158661	0.015922950826318602
2650	920.2953065903763	0.012730422896742703
2651	920.626170429601	0.015715741537070928
2652	920.9570798474265	0.014427906461297374
2653	921.2880348577388	0.01606529696282364
2654	921.6190354744247	0.019298030276392687
2655	921.9500817113701	0.021115455689912344
2656	922.2811735824614	0.018655321404324257
2657	922.6123111015847	0.018208296697239112
2658	922.9434942826265	0.01704663726443153
2659	923.2747231394728	0.017735711311371933
2660	923.6059976860099	0.016616633108604766
2661	923.937317936124	0.02031533181956954
2662	924.2686839037017	0.016318859051137613
2663	924.6000956026289	0.015719395398764328
2664	924.931553046792	0.01622245466883487
2665	925.2630562500774	0.019613280278159374
2666	925.5946052263711	0.019505838178269584
2667	925.9261999895592	0.020095993736105225
2668	926.2578405535285	0.01785794880924164
2669	926.5895269321649	0.018595606487775057
2670	926.9212591393547	0.019171223083059477
2671	927.2530371889841	0.017136320024474683
2672	927.5848610949394	0.014936846520608124
2673	927.916730871107	0.016389323820082943
2674	928.2486465313731	0.015072821148591698
2675	928.5806080896238	0.015132591005451232
2676	928.9126155597455	0.015844791651660958
2677	929.2446689556242	0.01630783271580824
2678	929.5767682911467	0.014343683760414366
2679	929.9089135801987	0.015773193735218793
2680	930.2411048366668	0.016450158215118305
2681	930.573342074437	0.017230727166018138
2682	930.9056253073959	0.015435827986646822
2683	931.2379545494294	0.016952685790122494
2684	931.5703298144239	0.014733793256530474
2685	931.9027511162657	0.015923901690027796
2686	932.235218468841	0.015433218521720294
2687	932.5677318860362	0.016161981882642323
2688	932.9002913817372	0.01730965580243229
2689	933.2328969698307	0.01477742220629789
2690	933.5655486642028	0.013441231505147014
2691	933.8982464787393	0.013933540072807359
2692	934.2309904273272	0.012554939248646363
2693	934.5637805238524	0.01508700949651324
2694	934.896616782201	0.015342324351568468
2695	935.2294992162596	0.014873753845677323
2696	935.5624278399142	0.013090959211904356
2697	935.8954026670511	0.014397108217414039
2698	936.2284237115567	0.015770636666549417
2699	936.5614909873171	0.013803457412762407
2700	936.8946045082185	0.011584480495719283
2701	937.2277642881475	0.013875811763849874
2702	937.56097034099	0.015762736306354098
2703	937.8942226806323	0.017740401666521695
2704	938.2275213209608	0.01672022503128288
2705	938.5608662758616	0.015881993010633935
2706	938.8942575592213	0.014680297926038135
2707	939.2276951849257	0.01671637187215227
2708	939.5611791668612	0.015174527718034648
2709	939.8947095189143	0.016053479255884674
2710	940.2282862549708	0.01420464402749058
2711	940.5619093889175	0.014878426501623217
2712	940.8955789346403	0.015532288404962262
2713	941.2292949060255	0.017301310821596756
2714	941.5630573169594	0.01668937525615106
2715	941.8968661813283	0.017360889932254868
2716	942.2307215130184	0.024043268788275417
2717	942.5646233259158	0.021152937832793657
2718	942.8985716339072	0.018104760959568787
2719	943.2325664508785	0.021897879655080874
2720	943.5666077907159	0.019851307129371207
2721	943.9006956673059	0.01778860078988756
2722	944.2348300945346	0.015597092750339067
2723	944.5690110862884	0.019985048628943923
2724	944.9032386564533	0.018798352198625103
2725	945.2375128189158	0.020214883683883262
2726	945.571833587562	0.02152122251433634
2727	945.9062009762783	0.017983396722939436
2728	946.2406149989508	0.021301918470978943
2729	946.575075669466	0.01950950090693849
2730	946.9095830017098	0.01742499344575341
2731	947.2441370095688	0.022709194493003026
2732	947.578737706929	0.02328940114335875
2733	947.913385107677	0.021688326608333447
2734	948.2480792256986	0.018376228482033012
2735	948.5828200748804	0.0203435351638602
2736	948.9176076691083	0.021065241328474642
2737	949.2524420222691	0.020323221100565756
2738	949.5873231482485	0.02021364886269636
2739	949.9222510609331	0.020385135356820364
2740	950.2572257742091	0.02110521003452773
2741	950.5922473019626	0.020132729667887043
2742	950.9273156580801	0.01668077852180263
2743	951.2624308564476	0.01621866634935253
2744	951.5975929109518	0.014462805793205202
2745	951.9328018354782	0.015809687184200946
2746	952.2680576439137	0.01789943945803883
2747	952.6033603501445	0.019195041193125494
2748	952.9387099680565	0.016752005696172394
2749	953.2741065115363	0.017102861144865613
2750	953.60954999447	0.01850107243441779
2751	953.9450404307437	0.01768108715706286
2752	954.2805778342441	0.017625753038125025
2753	954.616162218857	0.02044458558604195
2754	954.9517935984688	0.017653056320024972
2755	955.287471986966	0.016153434843049416
2756	955.6231973982345	0.01516560150119491
2757	955.9589698461609	0.01291515612374118
2758	956.2947893446312	0.010015011244704813
2759	956.6306559075316	0.012478122866294359
2760	956.9665695487487	0.01204984573022392
2761	957.3025302821684	0.016414381753819395
2762	957.6385381216771	0.015501204763483732
2763	957.9745930811612	0.015929856483426923
2764	958.3106951745066	0.017510038603417807
2765	958.6468444155998	0.015094087073954803
2766	958.983040818327	0.01747739816576888
2767	959.3192843965747	0.017399446646503704
2768	959.6555751642288	0.02023260761048851
2769	959.9919131351757	0.017105093878809843
2770	960.3282983233017	0.016558700883722608
2771	960.6647307424929	0.015586670373339644
2772	961.0012104066357	0.01742367454970468
2773	961.3377373296163	0.016497620484993907
2774	961.6743115253211	0.01859442675135995
2775	962.010933007636	0.019530536212159354
2776	962.3476017904476	0.01789611514672831
2777	962.6843178876422	0.018754575275270982
2778	963.0210813131057	0.014030609614881064
2779	963.3578920807246	0.01661317885759621
2780	963.6947502043851	0.0182827059364305
2781	964.0316556979735	0.019035445430206334
2782	964.3686085753761	0.015835156966614958
2783	964.7056088504789	0.019263337613122638
2784	965.0426565371685	0.01691642973015595
2785	965.3797516493308	0.019689360334874513
2786	965.7168942008526	0.02358399444743858
2787	966.0540842056196	0.024013791637251418
2788	966.3913216775181	0.021270176985022343
2789	966.7286066304347	0.022937262884324936
2790	967.0659390782555	0.02204853531808994
2791	967.4033190348667	0.026001391277336756
2792	967.7407465141546	0.02208406890691483
2793	968.0782215300054	0.019537207719203982
2794	968.4157440963054	0.01846312892733905
2795	968.7533142269408	0.020596865895939218
2796	969.0909319357979	0.018427908220525972
2797	969.4285972367633	0.022821460589182576
2798	969.7663101437226	0.0227483281794302
2799	970.1040706705625	0.02328601396827149
2800	970.441878831169	0.025988497675731536
2801	970.7797346394286	0.024694073025302004
2802	971.1176381092274	0.019725800814263877
2803	971.4555892544518	0.02176336441846583
2804	971.7935880889878	0.01984296783016303
2805	972.131634626722	0.01678416057633359
2806	972.4697288815405	0.01586806278441431
2807	972.8078708673295	0.015260736355797598
2808	973.1460605979752	0.0216606929426348
2809	973.4842980873639	0.024617350951133307
2810	973.822583349382	0.021174291110590864
2811	974.1609163979156	0.01568404625114752
2812	974.499297246851	0.01742140737041683
2813	974.8377259100746	0.020727006878490793
2814	975.1762024014723	0.024260069434455172
2815	975.5147267349308	0.020887825095646566
2816	975.8532989243361	0.01724927808644275
2817	976.1919189835744	0.01561093605357566
2818	976.5305869265321	0.01688419523324669
2819	976.8693027670954	0.016994123662333348
2820	977.2080665191506	0.015621617633185347
2821	977.546878196584	0.016078533215641753
2822	977.8857378132818	0.016446332090249684
2823	978.2246453831299	0.016684590866887866
2824	978.5636009200151	0.020302885683634763
2825	978.9026044378237	0.020407002548581892
2826	979.2416559504414	0.017870815990896963
2827	979.5807554717546	0.012277156207533325
2828	979.91990301565	0.017156180627051317
2829	980.2590985960135	0.01446311387025894
2830	980.5983422267315	0.011200917782344236
2831	980.9376339216901	0.014049829585501895
2832	981.2769736947756	0.012682077685938155
2833	981.6163615598743	0.014490073996558852
2834	981.9557975308726	0.016333562581062187
2835	982.2952816216565	0.020563076096949903
2836	982.6348138461124	0.02410572363694092
2837	982.9743942181265	0.02286328604956513
2838	983.3140227515851	0.015173467144768938
2839	983.6536994603745	0.01993469902917933
2840	983.9934243583807	0.019466985520758352
2841	984.3331974594903	0.01799460224852527
2842	984.6730187775894	0.015542911604815
2843	985.0128883265642	0.018280186112015234
2844	985.352806120301	0.017691968667940056
2845	985.692772172686	0.021453336830432865
2846	986.0327864976057	0.019580031211629934
2847	986.3728491089461	0.020006205742722168
2848	986.7129600205935	0.019294343319527812
2849	987.0531192464343	0.017460521501823006
2850	987.3933268003547	0.018110496495259615
2851	987.7335826962408	0.017348129549125017
2852	988.073886947979	0.014765121193836233
2853	988.4142395694555	0.014752031811389312
2854	988.7546405745567	0.018988175745814677
2855	989.0950899771684	0.015535285881376659
2856	989.4355877911775	0.02093733570353277
2857	989.7761340304698	0.024783118968523067
2858	990.1167287089319	0.02029522153225913
2859	990.4573718404497	0.02354766311160247
2860	990.7980634389097	0.02416818720348035
2861	991.1388035181978	0.022906558782674932
2862	991.4795920922008	0.02561399167239345
2863	991.8204291748048	0.019691479801876886
2864	992.1613147798957	0.02182934866028221
2865	992.5022489213601	0.01591040113879609
2866	992.8432316130841	0.017924060959927098
2867	993.184262868954	0.014877252343263321
2868	993.5253427028562	0.02048885314396202
2869	993.8664711286767	0.019448434322118954
2870	994.2076481603018	0.022969476467817957
2871	994.548873811618	0.016743664133395265
2872	994.8901480965113	0.018252065548412102
2873	995.2314710288682	0.021448548105719924
2874	995.5728426225746	0.0217372520075052
2875	995.9142628915171	0.023313971528720438
2876	996.2557318495818	0.021926445587976948
2877	996.5972495106549	0.021875978223091865
2878	996.9388158886228	0.017867293292846118
2879	997.2804309973717	0.021971963245380022
2880	997.6220948507878	0.026720710575707487
2881	997.9638074627575	0.021400977589235353
2882	998.3055688471667	0.0191214869708137
2883	998.6473790179022	0.02096006591068966
2884	998.9892379888498	0.01734983013353853
2885	999.3311457738959	0.019798327490047635
2886	999.6731023869269	0.022198144095840245
2887	1000.0151078418289	0.026120019788422266
2888	1000.3571621524881	0.017319681686120244
2889	1000.699265332791	0.017226472891110914
2890	1001.0414173966237	0.01833813663125727
2891	1001.3836183578723	0.018753546506043512
2892	1001.7258682304233	0.023790796786868518
2893	1002.068167028163	0.016786368802324377
2894	1002.4105147649773	0.016742087915550388
2895	1002.7529114547528	0.008748962411505625
2896	1003.0953571113758	0.0196772445319116
2897	1003.4378517487322	0.02290006893052131
2898	1003.7803953807086	0.009977325340484953
2899	1004.1229880211911	0.01745148016073441
2900	1004.4656296840657	0.016168410964735362
2901	1004.8083203832192	0.014626453769956502
2902	1005.1510601325374	0.01366485570556192
2903	1005.493848945907	0.01567105987398701
2904	1005.8366868372138	0.0172648057973913
2905	1006.1795738203442	0.016012843495950863
2906	1006.5225099091847	0.02152852785630022
2907	1006.8654951176211	0.021828917473991738
2908	1007.2085294595402	0.01653076778944102
2909	1007.5516129488279	0.020011717730674818
2910	1007.8947455993704	0.019119969576312068
2911	1008.2379274250543	0.012823592330678065
2912	1008.5811584397654	0.009617146114257503
2913	1008.9244386573904	0.016718056429841827
2914	1009.2677680918152	0.019331560328466366
2915	1009.6111467569264	0.015142629618051191
2916	1009.95457466661	0.022502617442563818
2917	1010.2980518347522	0.020441513963395636
2918	1010.6415782752396	0.011791409523085555
2919	1010.985154001958	0.02450427009305272
2920	1011.3287790287941	0.01585503862507417
2921	1011.6724533696338	0.013344852152169299
2922	1012.0161770383636	0.01754183600366752
2923	1012.3599500488696	0.02062694545667545
2924	1012.7037724150382	0.01850409079517079
2925	1013.0476441507554	0.021657826997443543
2926	1013.3915652699079	0.016011638059250762
2927	1013.7355357863815	0.014796637808895938
2928	1014.0795557140627	0.011161865972021172
2929	1014.4236250668378	0.017883014558703666
2930	1014.7677438585927	0.024782975506670548
2931	1015.1119121032142	0.023567687107230555
2932	1015.456129814588	0.026002908611671306
2933	1015.8003970066009	0.01691555220106953
2934	1016.1447136931387	0.017435785687676432
2935	1016.489079888088	0.024007759964772793
2936	1016.8334956053347	0.02501012288091682
2937	1017.1779608587655	0.019524404447418806
2938	1017.5224756622662	0.015190058732055929
2939	1017.8670400297232	0.014849980887002618
2940	1018.2116539750231	0.012631105399588966
2941	1018.5563175120516	0.02352881646224897
2942	1018.9010306546954	0.017886457227103445
2943	1019.2457934168406	0.019210565466313712
2944	1019.5906058123733	0.019084902710764722
2945	1019.9354678551801	0.022288782835798163
2946	1020.2803795591469	0.009485241037027093
2947	1020.6253409381601	0.005360751212117139
2948	1020.9703520061062	0.01454540673900087
2949	1021.315412776871	0.02104798791960053
2950	1021.6605232643411	0.021668064571607762
2951	1022.0056834824026	0.016215357339699397
2952	1022.3508934449418	0.019234019306397912
2953	1022.696153165845	0.019392238518895148
2954	1023.0414626589983	0.022162973152282973
2955	1023.3868219382881	0.01740163911367392
2956	1023.7322310176007	0.01775689548482665
2957	1024.0776899108223	0.018331021022001702
2958	1024.423198631839	0.024827579948745068
2959	1024.7687571945373	0.022929456386386642
2960	1025.1143656128033	0.017730511015711947
2961	1025.4600239005233	0.0226230015823035
2962	1025.8057320715836	0.01955032401910578
2963	1026.1514901398705	0.01698406227120964
2964	1026.49729811927	0.012658671322224757
2965	1026.8431560236686	0.019714823190665053
2966	1027.1890638669524	0.01966999795001418
2967	1027.535021663008	0.017752313702864297
2968	1027.881029425721	0.027109328610010967
2969	1028.2270871689782	0.02321228087596801
2970	1028.573194906666	0.016273011848864934
2971	1028.91935265267	0.016809051725951964
2972	1029.2655604208771	0.015059215216919393
2973	1029.6118182251732	0.018038294194000184
2974	1029.9581260794446	0.021871911692044575
2975	1030.3044839975776	0.017618822852653707
2976	1030.6508919934583	0.013663977379577504
2977	1030.9973500809733	0.007538634234251694
2978	1031.3438582740087	0.008184363927720324
2979	1031.6904165864505	0.02114494372540664
2980	1032.0370250321853	0.01888818619125545
2981	1032.3836836250991	0.016232977537978525
2982	1032.7303923790787	0.0126912581332786
2983	1033.0771513080097	0.02188603704251101
2984	1033.4239604257784	0.007173229545629898
2985	1033.7708197462714	0.01898107133422518
2986	1034.1177292833747	0.019234929186300317
2987	1034.464689050975	0.020863185283583763
2988	1034.811699062958	0.014815455655542688
2989	1035.1587593332101	0.021359245677231117
2990	1035.5058698756177	0.01874076074813567
2991	1035.8530307040671	0.017982495430070054
2992	1036.2002418324444	0.0209435670325435
2993	1036.5475032746358	0.018923003843495163
2994	1036.8948150445278	0.009401498895058785
2995	1037.2421771560066	0.012479288258667285
2996	1037.589589622958	0.01654544869852322
2997	1037.9370524592691	0.00534671985971978
2998	1038.2845656788254	0.013250482404842247
2999	1038.6321292955136	0.012534252529066627
3000	1038.9797433232195	0.012401896379727623
3001	1039.32740777583	0.011404389457021942
3002	1039.6751226672307	0.013958270991326627
3003	1040.0228880113086	0.01930601409255477
3004	1040.3707038219493	0.021092910874013673
3005	1040.718570113039	0.020604740442023813
3006	1041.0664868984645	0.02436989624458802
3007	1041.4144541921119	0.018069346912878804
3008	1041.7624720078672	0.014112137625755508
3009	1042.1105403596168	0.01907546196108628
3010	1042.458659261247	0.00897929436659321
3011	1042.806828726644	0.013058994279947885
3012	1043.155048769694	0.016287060421957433
3013	1043.5033194042835	0.014472795228990917
3014	1043.8516406442986	0.026199631293700648
3015	1044.2000125036254	0.013399390096643933
3016	1044.5484349961505	0.01292046376110679
3017	1044.8969081357598	0.010941051552658938
3018	1045.2454319363396	0.01529901199462109
3019	1045.5940064117765	0.017611929648614452
3020	1045.9426315759565	0.018391254253646187
3021	1046.2913074427659	0.023603906384645275
3022	1046.6400340260907	0.016694158750971747
3023	1046.9888113398176	0.01709799074656292
3024	1047.3376393978326	0.016354317174347793
3025	1047.686518214022	0.01771462944161919
3026	1048.035447802272	0.020784359756047793
3027	1048.384428176469	0.02232089027025394
3028	1048.7334593504993	0.017617798000790684
3029	1049.082541338249	0.013948973105873504
3030	1049.4316741536043	0.014125990703640135
3031	1049.7808578104516	0.011869955532071505
3032	1050.130092322677	0.006698101335630298
3033	1050.4793777041668	0.009095321945352935
3034	1050.8287139688075	0.011424843477891872
3035	1051.1781011304852	0.014521814303046466
3036	1051.527539203086	0.0273289804157606
3037	1051.8770282004964	0.021905694291790356
3038	1052.2265681366023	0.015557005728362357
3039	1052.5761590252905	0.012838491665623473
3040	1052.9258008804466	0.01507160190695334
3041	1053.2754937159573	0.015706695166753614
3042	1053.625237545709	0.012622167190968056
3043	1053.9750323835876	0.025829077108551885
3044	1054.3248782434796	0.01877228941997942
3045	1054.6747751392709	0.008149470229035189
3046	1055.0247230848481	0.011457718584596127
3047	1055.3747220940973	0.01623385629447581
3048	1055.724772180905	0.018000165196334246
3049	1056.074873359157	0.01636462462329166
3050	1056.42502564274	0.018927972789533197
3051	1056.7752290455398	0.021073796483109378
3052	1057.1254835814432	0.02621501174945203
3053	1057.4757892643363	0.018357312804597632
3054	1057.826146108105	0.017673975531440154
3055	1058.1765541266357	0.015392367781376402
3056	1058.527013333815	0.021365435819914055
3057	1058.8775237435289	0.011003178286139222
3058	1059.2280853696634	0.014072366544482044
3059	1059.5786982261052	0.022862926147106857
3060	1059.9293623267404	0.022206158105096917
3061	1060.2800776854551	0.020368419653854154
3062	1060.630844316136	0.02078395997719771
3063	1060.981662232669	0.026705208760578678
3064	1061.33253144894	0.021513579230797764
3065	1061.683451978836	0.01883445593817791
3066	1062.034423836243	0.020614723831288276
3067	1062.3854470350468	0.026041600542882813
3068	1062.7365215891343	0.02519868672652192
3069	1063.0876475123914	0.02623824623243399
3070	1063.4388248187045	0.020036007397871924
3071	1063.7900535219599	0.02152615457233611
3072	1064.1413336360433	0.02094875567839965
3073	1064.492665174842	0.0296139011760152
3074	1064.8440481522414	0.03556677982391645
3075	1065.195482582128	0.02851405202091734
3076	1065.546968478388	0.02735433453832496
3077	1065.8985058549079	0.01741440021404861
3078	1066.2500947255737	0.02203807369393611
3079	1066.601735104272	0.029782682395422217
3080	1066.9534270048885	0.024365169970165405
3081	1067.3051704413097	0.028573897138022178
3082	1067.6569654274222	0.027317320093759465
3083	1068.0088119771117	0.030578519427837868
3084	1068.3607101042649	0.033913483599282784
3085	1068.712659822768	0.031543292518700985
3086	1069.0646611465068	0.032544429190505465
3087	1069.4167140893683	0.02821618846211457
3088	1069.768818665238	0.025663733791629804
3089	1070.1209748880026	0.03212992320634556
3090	1070.4731827715484	0.021554101267366333
3091	1070.8254423297617	0.029367282533066374
3092	1071.1777535765282	0.02413379690821315
3093	1071.5301165257347	0.020189993466040695
3094	1071.8825311912672	0.025942032468108046
3095	1072.2349975870122	0.029112583513570524
3096	1072.5875157268558	0.02026566717278833
3097	1072.9400856246841	0.028520208237711175
3098	1073.2927072943835	0.026789158319723862
3099	1073.6453807498403	0.022931785159244083
3100	1073.998106004941	0.02571387711891128
3101	1074.3508830735714	0.02981358497356229
3102	1074.7037119696179	0.03252505545746797
3103	1075.056592706967	0.037796753740840294
3104	1075.4095252995044	0.02373538270606099
3105	1075.7625097611171	0.017269021368640232
3106	1076.1155461056908	0.017484033584116165
3107	1076.468634347112	0.024895644690564902
3108	1076.8217744992667	0.0193857552677766
3109	1077.1749665760412	0.022525012252753985
3110	1077.5282105913222	0.018430951327605496
3111	1077.8815065589956	0.0256943381475344
3112	1078.2348544929478	0.03199944042257908
3113	1078.5882544070648	0.032177124903794055
3114	1078.9417063152332	0.027344948887753826
3115	1079.2952102313388	0.024226695550439444
3116	1079.6487661692684	0.023872397154911615
3117	1080.0023741429077	0.024513138397987275
3118	1080.3560341661434	0.02101367942489674
3119	1080.7097462528616	0.02166448297804792
3120	1081.0635104169487	0.03268654281663389
3121	1081.4173266722908	0.03289335707246192
3122	1081.771195032774	0.0295601675075946
3123	1082.1251155122848	0.0367933711122179
3124	1082.4790881247093	0.03220405094216281
3125	1082.8331128839338	0.027184464699382304
3126	1083.1871898038448	0.03103013686058702
3127	1083.5413188983282	0.029376022421968035
3128	1083.8955001812706	0.03243409773809338
3129	1084.2497336665579	0.030117072524107863
3130	1084.6040193680767	0.03419199156072992
3131	1084.9583572997128	0.031116701687894377
3132	1085.3127474753528	0.03806207265069705
3133	1085.667189908883	0.03230277324181523
3134	1086.0216846141893	0.026484128531621288
3135	1086.3762316051586	0.03281454758118851
3136	1086.7308308956765	0.027470291446398887
3137	1087.0854824996295	0.04332188281150883
3138	1087.440186430904	0.039613867639539495
3139	1087.7949427033861	0.0282363546257908
3140	1088.149751330962	0.03270881679523045
3141	1088.504612327518	0.03774412926610229
3142	1088.8595257069405	0.03864310896529751
3143	1089.2144914831158	0.0325130445446688
3144	1089.5695096699299	0.03113980973471038
3145	1089.924580281269	0.031156641246403154
3146	1090.2797033310198	0.033066694958035305
3147	1090.6348788330681	0.03643801937040238
3148	1090.9901068013003	0.03408426998060529
3149	1091.3453872496027	0.030127083597540325
3150	1091.7007201918616	0.03437329271323758
3151	1092.0561056419633	0.031003748977236244
3152	1092.4115436137938	0.023861022820298255
3153	1092.7670341212395	0.029283307786490544
3154	1093.1225771781867	0.029516063158199796
3155	1093.4781727985219	0.03298031556562564
3156	1093.8338209961307	0.031813139436234816
3157	1094.1895217849	0.04237515658710787
3158	1094.5452751787157	0.04096918193908886
3159	1094.901081191464	0.04033808262506528
3160	1095.2569398370315	0.04045663498248861
3161	1095.6128511293043	0.04000434495488394
3162	1095.9688150821685	0.03425825717157406
3163	1096.3248317095106	0.03665464367818914
3164	1096.6809010252166	0.03619658666390265
3165	1097.037023043173	0.033664217095158176
3166	1097.3931977772659	0.04135109189529086
3167	1097.7494252413815	0.04296319007985798
3168	1098.1057054494065	0.04387484366904115
3169	1098.4620384152265	0.05196266252768095
3170	1098.818424152728	0.04415347034794477
3171	1099.1748626757976	0.046574160037649276
3172	1099.531353998321	0.04958743489283497
3173	1099.8878981341852	0.042325349734576544
3174	1100.2444950972756	0.03929222739542534
3175	1100.6011449014788	0.039575704390950796
3176	1100.9578475606813	0.04292720366230271
3177	1101.3146030887692	0.04076898902208245
3178	1101.671411499629	0.03556411892809286
3179	1102.028272807146	0.036934562911518365
3180	1102.3851870252076	0.040458328012739186
3181	1102.7421541676995	0.04759871439386227
3182	1103.099174248508	0.046020947086488226
3183	1103.4562472815194	0.05455773456222789
3184	1103.81337328062	0.047841119388525824
3185	1104.170552259696	0.04972855089564216
3186	1104.5277842326336	0.04757476835881047
3187	1104.8850692133194	0.04721933978124564
3188	1105.242407215639	0.045092906359525564
3189	1105.5997982534793	0.047176959284339626
3190	1105.9572423407262	0.04622261121786233
3191	1106.3147394912662	0.03966970637467454
3192	1106.6722897189854	0.04721818552795172
3193	1107.0298930377699	0.0458645161987233
3194	1107.3875494615063	0.05200543255279126
3195	1107.7452590040805	0.048414158345052104
3196	1108.103021679379	0.05082967188360175
3197	1108.460837501288	0.053513661888812146
3198	1108.8187064836939	0.05026347175363644
3199	1109.1766286404825	0.053338441150012565
3200	1109.5346039855406	0.04463423133966971
3201	1109.8926325327543	0.053468604739373614
3202	1110.2507142960096	0.0468449237124891
3203	1110.608849289193	0.0439917388717653
3204	1110.9670375261906	0.04842925861452189
3205	1111.3252790208887	0.04683610711304636
3206	1111.6835737871738	0.04450371279179838
3207	1112.0419218389318	0.047601711930677235
3208	1112.4003231900492	0.0521553267984699
3209	1112.758777854412	0.05505575896304042
3210	1113.117285845907	0.05201742500279916
3211	1113.4758471784198	0.04373016554601384
3212	1113.8344618658368	0.04152187413484901
3213	1114.1931299220446	0.03965541697933169
3214	1114.5518513609293	0.02876791022153606
3215	1114.910626196377	0.035167590839807354
3216	1115.269454442274	0.03697134746874237
3217	1115.6283361125068	0.03745580798406057
3218	1115.9872712209615	0.036838886603786786
3219	1116.3462597815242	0.03722402326891519
3220	1116.7053018080812	0.04274275423639281
3221	1117.064397314519	0.03830424733220103
3222	1117.4235463147238	0.03854045328022295
3223	1117.7827488225817	0.04832262464880645
3224	1118.1420048519788	0.05046555652372061
3225	1118.5013144168017	0.048630036644819755
3226	1118.8606775309365	0.04551054403552099
3227	1119.2200942082695	0.03710428698301373
3228	1119.5795644626871	0.04954947006055695
3229	1119.9390883080753	0.041756266090221164
3230	1120.2986657583203	0.028225830796499752
3231	1120.6582968273087	0.03161950133032698
3232	1121.0179815289264	0.03454721679037471
3233	1121.37771987706	0.040185452316514964
3234	1121.7375118855953	0.03819703267633352
3235	1122.097357568419	0.02928353827562843
3236	1122.4572569394172	0.03184937215306604
3237	1122.8172100124762	0.0332828009540976
3238	1123.1772168014822	0.025265334870604266
3239	1123.5372773203214	0.02424446430032596
3240	1123.8973915828801	0.03001802268020452
3241	1124.2575596030447	0.03338999451601346
3242	1124.617781394701	0.03252446922035035
3243	1124.978056971736	0.028275899383722655
3244	1125.338386348035	0.03574957397275389
3245	1125.6987695374853	0.037279597325517694
3246	1126.0592065539727	0.04547853928774295
3247	1126.4196974113831	0.05324890677201693
3248	1126.780242123603	0.04032337954525119
3249	1127.140840704519	0.036936761900805005
3250	1127.5014931680169	0.03993007340158589
3251	1127.8621995279832	0.04317641706407592
3252	1128.2229597983041	0.04095244023447343
3253	1128.5837739928659	0.03338538450983561
3254	1128.9446421255545	0.031881865541509014
3255	1129.305564210257	0.038971811372947356
3256	1129.6665402608587	0.038342309419418005
3257	1130.0275702912465	0.03581026267612214
3258	1130.3886543153062	0.032335961824450817
3259	1130.7497923469243	0.03634148585499686
3260	1131.1109843999873	0.048839907003585016
3261	1131.472230488381	0.04282453276542098
3262	1131.833530625992	0.03920624251133146
3263	1132.1948848267064	0.04943596695989389
3264	1132.55629310441	0.040488849828935844
3265	1132.9177554729902	0.04138263371378552
3266	1133.2792719463323	0.04056881607166901
3267	1133.6408425383227	0.039134365416780115
3268	1134.0024672628479	0.028442051970075745
3269	1134.364146133794	0.040184534278046115
3270	1134.7258791650474	0.04849960884334319
3271	1135.0876663704942	0.042339693520148484
3272	1135.4495077640208	0.03149637837607689
3273	1135.8114033595132	0.02555539015399915
3274	1136.173353170858	0.03755917930552437
3275	1136.5353572119411	0.041432969422425574
3276	1136.8974154966493	0.04497201118608038
3277	1137.2595280388682	0.039771684982597116
3278	1137.6216948524843	0.02542168788601027
3279	1137.983915951384	0.01959123507374398
3280	1138.3461913494536	0.03146965483179511
3281	1138.708521060579	0.05714785223790498
3282	1139.0709050986468	0.03818939469201496
3283	1139.4333434775433	0.019796630610587618
3284	1139.7958362111542	0.03316867734332271
3285	1140.1583833133666	0.039748740136535635
3286	1140.5209847980661	0.04677954110927362
3287	1140.883640679139	0.04865687817488619
3288	1141.246350970472	0.051127954224883296
3289	1141.6091156859507	0.03727369731473879
3290	1141.9719348394622	0.04190215062652972
3291	1142.334808444892	0.03981892587250775
3292	1142.6977365161265	0.03871503745260254
3293	1143.0607190670526	0.03603646170076109
3294	1143.4237561115556	0.030917628202323515
3295	1143.7868476635224	0.04520428643027568
3296	1144.149993736839	0.03386665944517562
3297	1144.5131943453916	0.0391710378007663
3298	1144.8764495030669	0.024588916389037246
3299	1145.2397592237505	0.028594774989371276
3300	1145.6031235213293	0.0329624869481119
3301	1145.9665424096893	0.03301702091304929
3302	1146.3300159027162	0.024075531341323744
3303	1146.6935440142972	0.009935529270575894
3304	1147.057126758318	0.03397498379273325
3305	1147.420764148665	0.05072278441914213
3306	1147.7844561992245	0.018019743792485634
3307	1148.1482029238825	0.025546092142997037
3308	1148.5120043365255	0.04090006058580347
3309	1148.87586045104	0.041613818810215
3310	1149.2397712813115	0.025237169063800025
3311	1149.603736841227	0.030912906576510416
3312	1149.9677571446723	0.019692245851666148
3313	1150.3318322055338	0.01651419822678257
3314	1150.6959620376979	0.03223349399516181
3315	1151.0601466550509	0.04706458835221041
3316	1151.4243860714787	0.029914153525565715
3317	1151.7886803008678	0.03406731575289232
3318	1152.1530293571043	0.016406029602498828
3319	1152.5174332540746	0.0276275472221159
3320	1152.881892005665	0.021075237914495448
3321	1153.2464056257618	0.04549206776853163
3322	1153.6109741282507	0.022084636251405495
3323	1153.9755975270189	0.024289044426248366
3324	1154.3402758359518	0.02658517957271392
3325	1154.705009068936	0.03766323667975559
3326	1155.069797239858	0.031025796875406155
3327	1155.4346403626037	0.02489192880179389
3328	1155.7995384510596	0.01940942018410431
3329	1156.1644915191114	0.03270943217443869
3330	1156.5294995806462	0.030804811831765425
3331	1156.8945626495497	0.035460444434805324
3332	1157.259680739708	0.014129391760568094
3333	1157.6248538650082	0.038731649172936464
3334	1157.9900820393357	0.03265823481454111
3335	1158.3553652765772	0.04694660053064808
3336	1158.7207035906188	0.012564544180659012
3337	1159.0860969953467	0.023668264408554338
3338	1159.4515455046471	0.023206948572436117
3339	1159.8170491324065	0.008149204151607664
3340	1160.1826078925112	0.0383855466891364
3341	1160.5482217988472	0.029669036677776987
3342	1160.9138908653008	0.020065017244251332
3343	1161.2796151057585	0.0324158265921847
3344	1161.6453945341061	0.016910680446760695
3345	1162.0112291642304	0.02273615236123779
3346	1162.3771190100172	0.010248733690015593
3347	1162.743064085353	0.018803849582470195
3348	1163.109064404124	-0.003144228089361484
3349	1163.4751199802165	0.014758074597620829
3350	1163.8412308275165	0.01713363158245975
3351	1164.2073969599105	0.021895076612648515
3352	1164.573618391285	0.025468789976834813
3353	1164.9398951355258	0.021601764630245015
3354	1165.3062272065192	0.04207541293411008
3355	1165.6726146181518	0.036562129855828934
3356	1166.0390573843097	0.00863760764796505
3357	1166.405555518879	0.006976948125881833
3358	1166.7721090357459	0.009658641278413696
3359	1167.138717948797	0.016399545255623503
3360	1167.5053822719185	0.02503749481371762
3361	1167.8721020189962	0.030973861354280353
3362	1168.238877203917	0.02673228232748336
3363	1168.6057078405668	0.013784185549513522
3364	1168.9725939428315	0.04932141776863238
3365	1169.3395355245982	0.04454651163316883
3366	1169.7065325997523	0.03820544040706831
3367	1170.0735851821808	0.009660012019378678
3368	1170.4406932857696	0.0
3369	1170.8078569244049	0.01161223093304242
3370	1171.175076111973	0.011970993442221958
3371	1171.5423508623603	0.042399133653078167
3372	1171.9096811894528	0.038023312678069576
3373	1172.277067107137	0.028193918262890395
3374	1172.6445086292993	0.047676407510110666
3375	1173.0120057698255	0.027938205401960774
3376	1173.379558542602	0.023291110101032044
3377	1173.747166961515	0.04396984072981741
3378	1174.114831040451	0.040237205719319775
3379	1174.4825507932965	0.035394814860205216
3380	1174.850326233937	0.03394122730482473
3381	1175.2181573762591	0.0425601985154596
3382	1175.5860442341493	0.0439140602880454
3383	1175.9539868214936	0.02729866048989568
3384	1176.3219851521785	0.026184695076377433
3385	1176.6900392400898	0.05230469398322349
3386	1177.0581490991144	0.034215955897896874
3387	1177.426314743138	0.030178912439521175
3388	1177.794536186047	0.03318336531576895
3389	1178.1628134417276	0.021912155607162108
3390	1178.5311465240663	0.0135653681716657
3391	1178.8995354469491	0.004484659820338249
3392	1179.2679802242628	0.010899307790043417
3393	1179.636480869893	0.024097161615204952
3394	1180.0050373977258	0.022777013557203046
3395	1180.3736498216483	0.03012383261343185
3396	1180.742318155546	0.04646260629163879
3397	1181.1110424133055	0.032522673459202456
3398	1181.4798226088133	0.041791863566781835
3399	1181.848658755955	0.05021775428166268
3400	1182.2175508686175	0.06359396535082282
3401	1182.5864989606866	0.022115378010729242
3402	1182.9555030460488	0.048680157503558925
3403	1183.3245631385903	0.023785405671067544
3404	1183.6936792521974	0.02156198437957665
3405	1184.0628514007562	0.023193893028694852
3406	1184.4320795981532	0.019086285914953413
3407	1184.8013638582745	0.01689745559406219
3408	1185.1707041950062	0.04695010605731302
3409	1185.5401006222348	0.05806303235561781
3410	1185.9095531538467	0.04786307241628502
3411	1186.2790618037277	0.033080915653256146
3412	1186.6486265857643	0.03873557337888093
3413	1187.0182475138429	0.046693775359646576
3414	1187.3879246018496	0.053896945798662235
3415	1187.7576578636706	0.01119879313866877
3416	1188.1274473131923	0.04390738240059693
3417	1188.4972929643009	0.035471493586165255
3418	1188.8671948308825	0.044003369549954555
3419	1189.2371529268237	0.042897898667452077
3420	1189.6071672660103	0.02502639719791215
3421	1189.977237862329	0.015746229212440354
3422	1190.3473647296657	0.04200219227865327
3423	1190.717547881907	0.04202645435875805
3424	1191.087787332939	0.03694056238648311
3425	1191.4580830966477	0.05153103774926932
3426	1191.8284351869197	0.045300581197776184
3427	1192.1988436176412	0.029782259729294082
3428	1192.5693084026984	-0.021650615619032785
3429	1192.9398295559772	-0.005079317103175242
3430	1193.3104070913646	0.02721870787883815
3431	1193.6810410227465	0.015225628907204806
3432	1194.0517313640091	0.023449721941176803
3433	1194.4224781290386	0.053041567533131995
3434	1194.7932813317213	0.011320664263934526
3435	1195.1641409859435	0.005737513157166255
3436	1195.5350571055917	0.022571206254933047
3437	1195.9060297045514	-0.022563656734800604
3438	1196.2770587967098	-0.010685407154302164
3439	1196.6481443959526	0.0113809665638604
3440	1197.0192865161662	0.011376141868964199
3441	1197.3904851712368	0.030009371901977343
3442	1197.7617403750507	0.01739240091975902
3443	1198.1330521414939	0.04477691074815846
3444	1198.5044204844532	0.0055689360671288025
3445	1198.8758454178146	0.01821999679259581
3446	1199.2473269554641	0.00853798883735091
3447	1199.6188651112884	-0.017239715735366472
3448	1199.9904598991734	0.04278169594226603
3449	1200.3621113330055	0.08474854126949381
3450	1200.7338194266708	0.043638781229621934
3451	1201.1055841940558	0.005870717837531811
3452	1201.477405649047	0.013973239309911265
3453	1201.84928380553	0.005376161640597311
3454	1202.221218677391	0.009297928383706177
3455	1202.593210278517	0.006002860279755742
3456	1202.965258622794	0.0
3457	1203.337363724108	0.020878257975310476
3458	1203.7095255963454	0.010227292991442268
3459	1204.0817442533923	0.003461476014657087
3460	1204.4540197091353	-0.005713243146403688
3461	1204.8263519774605	0.018158716235531145
3462	1205.198741072254	0.014509962073995379
3463	1205.5711870074022	0.031706954045992226
3464	1205.9436897967912	0.03602647995459069
3465	1206.3162494543076	0.019838624498657392
3466	1206.6888659938375	0.006815864065771191
3467	1207.0615394292668	0.007585652778099192
3468	1207.4342697744821	0.04629250590099589
3469	1207.8070570433697	0.04068398259521716
3470	1208.1799012498157	0.02214155907534915
3471	1208.5528024077066	0.010236765682228177
3472	1208.9257605309283	0.0
3473	1209.2987756333673	0.01580599089325699
3474	1209.6718477289098	-0.029387348671771715
3475	1210.044976831442	-0.004795885195189683
3476	1210.4181629548502	-0.030638557759101813
3477	1210.7914061130207	-0.02186595511236789
3478	1211.1647063198398	-0.03836824401599007
3479	1211.5380635891936	-0.04992566804689053
3480	1211.9114779349684	-0.009517135892171024
3481	1212.2849493710505	0.0
3482	1212.6584779113261	-0.020118496405749673
3483	1213.0320635696817	0.08037916337926539
3484	1213.405706360003	0.09976078776829636
3485	1213.7794062961768	0.07484420289106028
3486	1214.1531633920893	0.036783121617432434
3487	1214.5269776616265	0.038248008570178044
3488	1214.9008491186748	-0.004322789379076552
3489	1215.2747777771203	-0.013497148629519706
3490	1215.6487636508496	-0.041356812232645965
3491	1216.0228067537487	0.06079083762417515
3492	1216.3969070997039	0.05191704877224113
3493	1216.7710647026015	0.02744076623110553
3494	1217.1452795763275	0.03737593855235032
3495	1217.5195517347686	0.012296057388745694
3496	1217.8938811918108	0.0037752368883092117
3497	1218.2682679613401	0.014054880514998211
3498	1218.6427120572434	-0.00416862335832613
3499	1219.0172134934064	-0.03401174298427596
3500	1219.391772283716	0.0
3501	1219.7663884420574	0.023141445228741966
3502	1220.1410619823178	-0.01448114902940768
3503	1220.5157929183829	0.046557294352779256
3504	1220.8905812641394	0.07005429160499459
3505	1221.2654270334733	0.04615110282522957
3506	1221.640330240271	-0.01209088195136877
3507	1222.0152908984182	-0.004223133981937864
3508	1222.390309021802	0.0
3509	1222.7653846243084	-0.004620939294735331
3510	1223.1405177198233	0.022951779533333997
3511	1223.5157083222332	0.015563237927482503
3512	1223.890956445424	0.036142965569859284
3513	1224.2662621032828	-0.02535988686847555
3514	1224.641625309695	-0.07343058214270025
3515	1225.0170460785475	-0.012846158013140319
3516	1225.392524423726	0.01223399840468566
3517	1225.768060359117	0.007547973322032841
3518	1226.143653898607	0.04315183475219791
3519	1226.5193050560817	0.0
3520	1226.8950138454281	0.0044405145809560745
3521	1227.2707802805317	-0.03139370062843817
3522	1227.6466043752794	-0.0465157831218666
3523	1228.0224861435568	-0.019192155750961407
3524	1228.3984255992507	-0.0494023333130066
3525	1228.774422756247	0.05878954162624144
3526	1229.1504776284323	-0.0038346143293875785
3527	1229.5265902296928	-0.014751069497616303
3528	1229.9027605739143	-0.00514515801846859
3529	1230.2789886749836	0.016816599270455323
3530	1230.6552745467868	-0.01363499898988203
3531	1231.03161820321	-0.029344390073280175
3532	1231.4080196581394	0.028497734105920387
3533	1231.7844789254616	0.019678632436366673
3534	1232.1609960190626	-0.004779368359459345
3535	1232.537570952829	-0.07179200649340481
3536	1232.9142037406464	-0.03577554804167631
3537	1233.2908943964014	0.031438129171105465
3538	1233.6676429339807	-0.014776855609185294
3539	1234.0444493672699	-0.013012218821161856
3540	1234.4213137101556	0.06886625560423905
3541	1234.798235976524	0.058044085380772756
3542	1235.175216180261	0.021830448843966038
3543	1235.5522543352533	0.09314270280874871
3544	1235.9293504553875	0.034311628043131176
3545	1236.3065045545488	-0.029464514708887446
3546	1236.6837166466244	-0.04224652891130289
3547	1237.0609867455	-0.013704794404695832
3548	1237.4383148650622	-0.12764584806002593
3549	1237.815701019197	-0.08133147949117438
3550	1238.193145221791	0.053268396297064036
3551	1238.57064748673	0.04971335459950057
3552	1238.9482078279004	0.06085389799837889
3553	1239.3258262591887	0.030875360653212537
3554	1239.703502794481	0.01351090788650038
3555	1240.0812374476636	0.023476081781381046
3556	1240.4590302326226	0.01126639310266489
3557	1240.8368811632442	0.011709888170647147
3558	1241.2147902534152	-0.01883198201630056
3559	1241.5927575170213	-0.01592143857308868
3560	1241.970782967949	-0.02195605693459168
3561	1242.3488666200842	-0.04066411038312612
3562	1242.7270084873137	-0.02516316825225835
3563	1243.1052085835236	-0.054879813549294075
3564	1243.4834669226	0.0
3565	1243.861783518429	0.01563735557689462
3566	1244.2401583848973	0.005916165086771062
3567	1244.6185915358908	-0.005264816059557925
3568	1244.997082985296	0.03617552804101158
3569	1245.375632746999	0.031510180490768334
3570	1245.754240834886	0.015022571470594062
3571	1246.1329072628437	0.09940592927473439
3572	1246.5116320447576	0.01199754805880635
3573	1246.8904151945144	-0.028493394119837808
3574	1247.2692567260005	0.06562312014807879
3575	1247.648156653102	0.019380534345589097
3576	1248.0271149897048	0.03981740755026403
3577	1248.4061317496958	0.08795740625398579
3578	1248.7852069469611	-0.012849931479434643
3579	1249.1643405953864	0.0334309919760496
3580	1249.5435327088587	0.053640530838264505
3581	1249.9227833012637	0.08856576782089885
3582	1250.3020923864879	0.01139430313495479
3583	1250.6814599784175	-0.01866386186695623
3584	1251.0608860909388	-0.025888477031418777
3585	1251.440370737938	0.055677246172762145
3586	1251.8199139333017	-0.04210980237567349
3587	1252.1995156909156	-0.02907479209083219
3588	1252.5791760246664	-0.0038693226570998824
3589	1252.95889494844	0.0
3590	1253.3386724761228	-0.05894554460752883
3591	1253.7185086216011	0.03892007408577387
3592	1254.098403398761	0.05864649687674419
3593	1254.4783568214893	0.0313451374178153
3594	1254.8583689036716	0.019039935086261995
3595	1255.2384396591942	0.025908144502582903
3596	1255.6185691019439	-0.047758083828314514
3597	1255.9987572458065	-0.0230109093318466
3598	1256.3790041046684	-0.005422133025072957
3599	1256.7593096924156	0.0
3600	1257.139674022935	-0.04041749393172097
3601	1257.5200971101121	0.047506852112712855
3602	1257.9005789678336	0.09945516254678807
3603	1258.2811196099858	0.04505728090701973
3604	1258.6617190504546	0.07585455129602653
3605	1259.0423773031268	-0.06286325774043888
3606	1259.4230943818882	0.0056554196527131085
3607	1259.8038703006248	-0.009505475793697859
3608	1260.1847050732235	0.030120855664768402
3609	1260.5655987135704	0.021046221302989353
3610	1260.9465512355514	-0.04904439321733407
3611	1261.3275626530533	-0.005095396547814315
3612	1261.7086329799617	-0.03938021956581792
3613	1262.0897622301636	-0.021212392772560276
3614	1262.4709504175446	0.0377887822671333
3615	1262.8521975559916	0.04569659866050095
3616	1263.2335036593902	0.004401186618075118
3617	1263.6148687416269	-0.04785078940882512
3618	1263.996292816588	-0.061922110704927424
3619	1264.3777758981598	-0.02049989807548152
3620	1264.7593180002286	-0.026478151554133685
3621	1265.1409191366806	-0.020291847668814797
3622	1265.522579321402	-0.004050708486365208
3623	1265.904298568279	0.01492475654166182
3624	1266.286076891198	0.020960254792771086
3625	1266.6679143040449	0.060197704598515506
3626	1267.0498108207066	0.026308514744127605
3627	1267.431766455069	0.07714328935440525
3628	1267.8137812210182	0.04292457458912165
3629	1268.1958551324408	0.014832275872447023
3630	1268.5779882032227	0.004775616632041589
3631	1268.9601804472504	0.0
3632	1269.3424318784103	0.004766026463483795
3633	1269.7247425105882	0.051939175501521974
3634	1270.1071123576708	0.07747453035674513
3635	1270.4895414335438	0.021215298734149315
3636	1270.872029752094	-0.024361224684764555
3637	1271.2545773272075	-0.03775399907503727
3638	1271.6371841727705	-0.021143735154910588
3639	1272.0198503026693	-0.036877780958341363
3640	1272.4025757307902	-0.02109609024930461
3641	1272.7853604710192	0.006035724131685172
3642	1273.168204537243	0.0715841301993765
3643	1273.5511079433475	0.09364973103408683
3644	1273.934070703219	-0.01604025074216903
3645	1274.3170928307438	-0.02157021860857175
3646	1274.7001743398082	-0.03550040635826775
3647	1275.0833152442985	-0.04082719461678441
3648	1275.466515558101	-0.024784393659977467
