Index	Wavelength	Intensity
1	160.74480261307292	-0.006929843409089535
2	161.00366845694796	-0.00798701210598081
3	161.26254309473086	-0.005521796103889014
4	161.52142654030783	0.00343188241230994
5	161.78031880756518	-0.010901693721096664
6	162.0392199103891	0.0006774349496180039
7	162.29812986266592	-0.01676473159908804
8	162.55704867828183	-0.006937331812264139
9	162.81597637112313	0.010264853762951047
10	163.07491295507606	-0.00501807260320601
11	163.33385844402687	-0.002795345802563626
12	163.59281285186182	-0.013221991422144426
13	163.85177619246718	-0.007041214126814041
14	164.1107484797292	-0.008474638364977574
15	164.36972972753412	-0.008020451124552729
16	164.62871994976823	-0.0029712845950615268
17	164.88771916031777	-0.013679844655653936
18	165.14672737306896	-0.002732847112747986
19	165.4057446019081	-0.001545971449390698
20	165.66477086072146	-0.007848749751357334
21	165.92380616339526	0.0009034892168202661
22	166.18285052381574	-0.01203841079281568
23	166.4419039558692	-0.024402170691852323
24	166.7009664734419	0.0030713804685591605
25	166.96003809042006	0.004671446065721561
26	167.21911882068994	-0.007919726766041206
27	167.47820867813783	-0.008596781252042452
28	167.73730767664995	-0.026436427594170166
29	167.99641583011257	-0.016028829172467875
30	168.25553315241197	-0.004951153338029505
31	168.51465965743435	-0.0039939737123103084
32	168.773795359066	-0.0005599631200116107
33	169.0329402711932	0.006848432427278478
34	169.2920944077022	-0.017418391671545522
35	169.5512577824792	-0.016366095264614893
36	169.81043040941054	-0.008038394317947714
37	170.0696123023824	0.005002176392561056
38	170.3288034752811	0.005469752049698409
39	170.5880039419928	-0.015300963929147664
40	170.84721371640387	-0.011496703827083076
41	171.10643281240053	-0.01722484312194027
42	171.365661243869	-0.002305268937164419
43	171.62489902469557	0.004625558110922152
44	171.88414616876645	-0.00964914367376754
45	172.14340268996796	-0.012959261101275096
46	172.40266860218634	-0.023743307313736348
47	172.66194391930782	-0.007759677273694954
48	172.92122865521867	-0.011039208282266066
49	173.18052282380518	-0.015822369815082154
50	173.43982643895353	-0.014159337131807037
51	173.69913951455004	-0.006137928970888148
52	173.95846206448095	-0.009578441409560875
53	174.2177941026325	-0.008021409163137923
54	174.47713564289097	-0.0035584734311399887
55	174.7364866991426	0.0
56	174.99584728527367	-0.004613089009023732
57	175.2552174151704	-0.005422519027885616
58	175.51459710271905	-0.003056644252835258
59	175.77398636180592	-0.0032402217843013528
60	176.03338520631723	-0.005958857018247057
61	176.29279365013923	-0.01020313368317991
62	176.5522117071582	-0.008019701419562186
63	176.81163939126037	-0.0014184809765523144
64	177.07107671633204	0.002618187660564685
65	177.33052369625943	-0.012557056470406868
66	177.5899803449288	-0.013041834548502709
67	177.84944667622642	-0.004403477719364247
68	178.10892270403852	-0.01275421448817374
69	178.3684084422514	-0.004744449603706764
70	178.62790390475126	0.0015830690945070845
71	178.8874091054244	-0.0016829241420293604
72	179.14692405815705	-0.007300950791296155
73	179.4064487768355	-0.011164801844544927
74	179.66598327534598	-0.012833961528053023
75	179.92552756757476	-0.0027506015996593618
76	180.18508166740807	-0.00839497416451622
77	180.44464558873221	-0.016584870795884932
78	180.7042193454334	-0.01618201656287908
79	180.9638029513979	-0.005216703164686469
80	181.22339642051196	-0.009172662830092574
81	181.48299976666186	-0.003313049066275643
82	181.74261300373385	-0.021242457750641403
83	182.00223614561418	-0.018819291145593702
84	182.26186920618912	-0.0006771622756179331
85	182.5215121993449	0.005548110466628346
86	182.7811651389678	-0.0035695225254018964
87	183.04082803894406	-0.002002878544319236
88	183.30050091315996	0.0031680899934397287
89	183.5601837755017	-0.0069219447207093995
90	183.81987663985564	-0.017121810796321114
91	184.07957952010793	-0.013582839569131429
92	184.33929243014487	-0.006892388234896124
93	184.59901538385273	-0.0019221310132940949
94	184.85874839511774	-0.0004940786164727878
95	185.11849147782618	-0.0014938534883060627
96	185.37824464586427	-0.00515067074155714
97	185.63800791311832	-0.0048706858073806
98	185.89778129347454	-0.0029517549808851552
99	186.15756480081922	-0.007220942894732343
100	186.41735844903857	-0.008068973902913642
101	186.6771622520189	-0.010629259076980915
102	186.93697622364644	-0.009031057422461564
103	187.19680037780745	-0.013062773466372624
104	187.45663472838817	-0.009061618260064847
105	187.71647928927487	-0.009129430363414202
106	187.97633407435382	-0.005600481179678444
107	188.23619909751127	-0.012901361229451276
108	188.49607437263347	-0.0036734905515156293
109	188.75595991360666	-0.007106652367106862
110	189.0158557343171	0.002296344075325356
111	189.2757618486511	-0.004961792465964441
112	189.53567827049486	0.003323327554927612
113	189.79560501373464	-0.007735411534621667
114	190.0555420922567	-0.005925159890298161
115	190.31548951994733	-0.008261974302068594
116	190.57544731069277	-0.013862896246033032
117	190.83541547837922	-0.009483145144701468
118	191.09539403689303	-0.0034109263865446824
119	191.35538300012038	-0.0021865891301814256
120	191.61538238194757	-0.002199518752945198
121	191.87539219626083	-0.007142331620523662
122	192.13541245694643	-0.006207210062717987
123	192.39544317789063	-0.003978736010661139
124	192.65548437297969	0.002742116813503244
125	192.91553605609985	-0.002676540797434209
126	193.17559824113738	-0.002268519079569058
127	193.43567094197851	-0.002237750472562783
128	193.6957541725095	-0.0032408812880344645
129	193.95584794661667	-0.006905994151249491
130	194.21595227818622	-0.007311773606737772
131	194.4760671811044	-0.010704616904268934
132	194.7361926692575	-0.004592397414340288
133	194.99632875653174	0.0008567226482915739
134	195.2564754568134	-0.007800434356865967
135	195.5166327839887	-0.009112942541538657
136	195.776800751944	-0.002556351529491598
137	196.03697937456542	-0.004651716974328929
138	196.2971686657393	-0.008084396945569053
139	196.55736863935186	-0.006593991715211387
140	196.81757930928939	-0.0031037796994784154
141	197.07780068943813	-0.002423671055990719
142	197.33803279368433	-0.001676337322794615
143	197.59827563591426	-0.00239572649629733
144	197.85852923001414	-0.0069388995148321345
145	198.11879358987028	-0.006215290473881419
146	198.3790687293689	-0.005264502584149197
147	198.63935466239627	-0.0021183525237228676
148	198.89965140283863	-0.0018659247752190926
149	199.15995896458227	-0.0026437411191841307
150	199.4202773615134	-0.01436854595194027
151	199.6806066075183	-0.011697542105074378
152	199.94094671648327	-0.006773488438404159
153	200.20129770229448	-0.012099667120693162
154	200.46165957883827	-0.001650423822482529
155	200.72203236000084	-0.0025003324382261737
156	200.98241605966845	-0.008658298700470366
157	201.24281069172736	-0.009754487092462724
158	201.50321627006386	-0.0093989237395506
159	201.76363280856418	-0.00995153581204883
160	202.02406032111458	0.0018660768074960446
161	202.2844988216013	0.00037705185318517284
162	202.5449483239106	0.00598775149875969
163	202.8054088419288	0.007742925387313096
164	203.06588038954206	-0.003951780965999058
165	203.32636298063667	-0.010441506067539906
166	203.58685662909892	-0.006372435639687364
167	203.84736134881504	0.0
168	204.10787715367127	0.0007676980346091735
169	204.3684040575539	-0.00456019865972317
170	204.6289420743492	-0.006049884439215934
171	204.88949121794337	-0.0031060806527066164
172	205.15005150222268	-0.005368912913550706
173	205.41062294107343	-0.005912852429375461
174	205.6712055483818	-0.0066966809371432024
175	205.93179933803412	-0.011340671557048555
176	206.19240432391663	-0.005798975001770912
177	206.45302051991558	-0.010824523230150937
178	206.71364793991722	-0.006439186594330806
179	206.9742865978078	0.0
180	207.23493650747355	-0.003467309977931004
181	207.49559768280082	-0.002556920697678881
182	207.75627013767576	-0.005794707795648534
183	208.01695388598472	-0.006189097607151423
184	208.27764894161385	-0.002600719016964405
185	208.53835531844953	-0.002948643228953511
186	208.7990730303779	-0.004731828718178092
187	209.0598020912853	-0.005335025122727941
188	209.32054251505795	-0.008234488225532846
189	209.5812943155821	-0.006659682986744012
190	209.84205750674403	-0.009899010472277262
191	210.10283210242997	-0.007780645033207654
192	210.3636181165262	-0.0043410474007817244
193	210.62441556291895	-0.007891756805553743
194	210.88522445549452	0.002807620327806752
195	211.14604480813912	0.0015351093655118398
196	211.40687663473904	-0.0006148053495600682
197	211.6677199491805	0.001808897161985177
198	211.92857476534982	0.002162831606622192
199	212.18944109713317	0.0036734778756716702
200	212.45031895841686	-0.0014107300115782308
201	212.71120836308717	-0.004076130328150706
202	212.9721093250303	-0.005665315105574721
203	213.23302185813253	-0.00734706502257623
204	213.4939459762801	-0.004469559631683897
205	213.7548816933593	-0.006676103244713747
206	214.01582902325634	-0.010624797074249575
207	214.27678797985754	-0.003390055010648517
208	214.53775857704912	-0.0010322860080531635
209	214.7987408287173	-0.0055100822532340036
210	215.0597347487484	-0.0017562300349288223
211	215.32074035102866	-0.002949143207649317
212	215.5817576494443	-0.0009449765058337284
213	215.84278665788165	0.0006398916100583307
214	216.10382739022688	-0.0011538475880526124
215	216.3648798603663	-0.009315277444502956
216	216.62594408218615	-0.004607629992083365
217	216.88702006957266	-0.00026201603851329656
218	217.14810783641215	0.00028901645981282254
219	217.40920739659083	0.0003198478586638294
220	217.67031876399497	0.0
221	217.93144195251082	-0.005348447693089206
222	218.19257697602464	-0.0032823085600205515
223	218.45372384842267	-0.0018912656116496396
224	218.7148825835912	-0.006164155646426814
225	218.97605319541645	-0.0026376352513602206
226	219.23723569778474	-0.007817564788014318
227	219.49843010458224	-0.006053955256824953
228	219.75963642969526	-0.0043257361319951285
229	220.02085468701003	-0.006041052590821731
230	220.28208489041285	-0.004147497196786276
231	220.5433270537899	-0.008110999433655253
232	220.80458119102752	-0.004437153970389269
233	221.06584731601194	-0.002488019353302108
234	221.32712544262938	-0.0005854647337420883
235	221.58841558476612	-0.0014640076271171846
236	221.84971775630842	-0.005344062759617938
237	222.11103197114255	-0.006260538276872385
238	222.37235824315474	-0.00604038526112501
239	222.63369658623122	-0.00671114892024003
240	222.89504701425835	0.0010424163773019477
241	223.1564095411223	-0.0007717854894519412
242	223.4177841807093	-0.0035126520003626012
243	223.67917094690569	-0.004121925611952388
244	223.94056985359768	-0.0038261684746317705
245	224.20198091467157	-0.007056153806096387
246	224.46340414401354	-0.0029120189254441633
247	224.7248395555099	0.0
248	224.98628716304688	-0.0089377421125504
249	225.24774698051075	-0.004100352618474282
250	225.50921902178777	0.001748851470960058
251	225.7707033007642	0.0
252	226.0321998313263	-0.005754590628591807
253	226.2937086273603	-0.00473707010010664
254	226.55522970275246	0.0011160187466268355
255	226.8167630713891	0.001601105684344721
256	227.07830874715637	-0.0005470106603971837
257	227.3398667439406	-0.0007697838935184337
258	227.601437075628	-0.003169698958920658
259	227.8630197561049	-0.005492339318956752
260	228.12461479925747	-0.005788837413282201
261	228.38622221897202	-0.008781791710694032
262	228.6478420291348	-0.0055636285577455695
263	228.90947424363208	-0.0065960228864803145
264	229.17111887635002	-0.007355971020805014
265	229.432775941175	-0.008830222332965725
266	229.69444545199323	-0.006220288506522514
267	229.95612742269097	-0.006254769206822499
268	230.21782186715444	-0.005786416180342033
269	230.47952879926996	-0.0011513587671643528
270	230.74124823292374	-0.0005286748916636198
271	231.00298018200203	-0.004815399570318412
272	231.26472466039112	-0.0047003539009319185
273	231.52648168197726	-0.005938112491816055
274	231.7882512606467	-0.004597139774956641
275	232.05003341028566	-0.0038691769489641852
276	232.31182814478046	-0.000856407079296649
277	232.5736354780173	-0.001388869066824537
278	232.8354554238825	-0.001046411059347508
279	233.09728799626225	-0.0010734744315655225
280	233.35913320904285	-0.0007632937211807494
281	233.62099107611056	-0.0043797454424779935
282	233.8828616113516	-0.001513472588958968
283	234.14474482865222	-0.0020768974884144325
284	234.40664074189874	-0.002183749929313895
285	234.66854936497734	-0.0061555117551323575
286	234.93047071177432	-0.008356094767066662
287	235.19240479617596	-0.003979646187207851
288	235.45435163206847	-0.005032468761281104
289	235.7163112333381	-0.002312025027235878
290	235.97828361387116	-0.0059908077509504
291	236.24026878755387	-0.0014394666127472027
292	236.50226676827248	0.0011007535889126683
293	236.76427756991328	-0.0018173326579741026
294	237.02630120636246	-0.0013346798809753856
295	237.28833769150637	-0.0021569683332066988
296	237.55038703923117	-0.0011026893753141372
297	237.81244926342322	-0.0011396436606905757
298	238.07452437796866	-0.002804308179470881
299	238.33661239675382	-0.003042460091196889
300	238.598713333665	-0.003424157368560742
301	238.86082720258833	-0.0030987538133986975
302	239.12295401741017	-0.004583958156452833
303	239.3850937920167	-0.003590912307808988
304	239.64724654029425	-0.001970987818790518
305	239.90941227612905	-0.0002505229715691488
306	240.17159101340732	-0.003794766624755399
307	240.43378276601538	-0.001664111975288431
308	240.69598754783942	-0.0026461513079371283
309	240.95820537276575	-0.0033268024306628056
310	241.22043625468058	-0.0010549993003867136
311	241.4826802074702	-0.001825811326154619
312	241.74493724502088	-0.004649991504380629
313	242.00720738121885	-0.009596998189205355
314	242.26949062995035	-0.0048827870208186614
315	242.53178700510168	-0.003206008298011901
316	242.79409652055904	-0.004661622944096779
317	243.05641919020871	-0.004722605758746296
318	243.31875502793702	0.0002683456247917777
319	243.5811040476301	0.003879987747204999
320	243.84346626317432	-0.0020702912091389663
321	244.10584168845585	-0.002590922990127326
322	244.368230337361	-0.0017582952294649702
323	244.630632223776	-0.0002321031673462666
324	244.8930473615871	-0.007839167022079855
325	245.15547576468055	-0.0018016152389899343
326	245.41791744694268	0.0002480898599702975
327	245.68037242225967	-0.0023830313963612896
328	245.94284070451778	-0.005854759734648257
329	246.2053223076033	-0.009730616019915308
330	246.46781724540244	-0.0011356366063314252
331	246.73032553180155	-0.003820938929331269
332	246.9928471806868	-0.0042372532822604935
333	247.25538220594444	-0.004400085410255767
334	247.51793062146078	-0.006941029721817017
335	247.78049244112205	-0.0009328001117156217
336	248.0430676788145	-0.0018857107599741666
337	248.3056563484244	-0.003303290827833124
338	248.568258463838	-0.0007343294793496143
339	248.83087403894157	-0.0004496057756494892
340	249.09350308762134	-0.0016114577058983111
341	249.3561456237636	-0.001651606489690028
342	249.61880166125457	-0.003813154049199958
343	249.88147121398055	-0.005155023658059774
344	250.14415429582772	0.0
345	250.40685092068242	-0.0025342089983223467
346	250.66956110243086	-0.006112197042590786
347	250.93228485495933	-0.005838908434081605
348	251.19502219215403	-0.005317053698181736
349	251.45777312790125	-0.0073533951364219375
350	251.7205376760873	-0.00655318545046155
351	251.98331585059833	0.0009183782742288551
352	252.24610766532066	0.00046755864098427984
353	252.50891313414056	0.0014648610352986729
354	252.77173227094423	-0.0036707812712741773
355	253.03456508961798	-0.003397137218918593
356	253.29741160404805	-0.0021814527376053097
357	253.56027182812068	-0.0007104412928125205
358	253.82314577572214	-0.002159012224365497
359	254.0860334607387	-0.006134586440107056
360	254.34893489705655	-0.0024671756850455236
361	254.61185009856206	0.0006787751307658409
362	254.8747790791414	0.0014914814111622154
363	255.13772185268084	0.0018788049359384662
364	255.40067843306664	-0.0015900931493890433
365	255.6636488341851	-0.0011724914296312547
366	255.9266330699224	0.002117837267439175
367	256.18963115416483	0.0005009762060904737
368	256.4526431007987	-0.0002641001529104696
369	256.71566892371015	0.0014138207547444832
370	256.97870863678554	-0.0019203782927735638
371	257.2417622539111	-0.008963111741227742
372	257.50482978897304	-0.0037755080793707213
373	257.76791125585765	0.0002296493850082921
374	258.03100666845125	0.0014003810420699788
375	258.29411604064	0.0035820250804833296
376	258.5572393863102	-0.00271365544068456
377	258.820376719348	-0.0037294372774140183
378	259.0835280536399	-0.004100788740398773
379	259.346693403072	-0.0074882582351734756
380	259.6098727815305	-0.006467540035455418
381	259.8730662029017	-0.008380105466393605
382	260.13627368107194	-0.004971545774727616
383	260.3994952299274	0.0006622059470288237
384	260.66273086335434	0.001307377422379553
385	260.925980595239	0.001545719722738924
386	261.18924443946776	0.0019054307369351891
387	261.4525224099267	-0.00048106998656831883
388	261.71581452050214	-0.004285824536870864
389	261.97912078508045	-0.0035219284594750263
390	262.2424412175477	-0.0007738181633610557
391	262.5057758317903	-0.0021298595133944745
392	262.76912464169436	-0.0010990820633006212
393	263.0324876611463	-0.003092175231562853
394	263.2958649040322	-0.0032928215894286322
395	263.5592563842385	-0.00460126452152913
396	263.8226621156514	-0.003571420934168693
397	264.086082112157	-0.0031927408913430028
398	264.34951638764176	-0.00043956304358172966
399	264.61296495599186	-0.002281966226507633
400	264.87642783109357	-0.0033961675167258087
401	265.13990502683305	-0.0029978451959353854
402	265.4033965570967	-0.00516864383156526
403	265.6669024357707	-0.005978149368148281
404	265.9304226767413	-0.004568177282023242
405	266.19395729389475	-0.004257895237466167
406	266.4575063011174	-0.004077656709990826
407	266.7210697122954	-0.00204706448238242
408	266.98464754131504	0.0006919648597241997
409	267.2482398020626	-0.0006963532449449644
410	267.51184650842424	-0.0018376602050018836
411	267.77546767428635	-0.0051596851282060055
412	268.0391033135352	-0.002778143089958046
413	268.3027534400569	-0.0004598030879230195
414	268.56641806773774	-0.0023000753305463424
415	268.8300972104641	-0.0025525866071146584
416	269.0937908821221	-0.002288013580958402
417	269.3574990965981	-0.003385371768476089
418	269.6212218677782	-0.005494345911908303
419	269.88495920954887	-0.003161613592213559
420	270.14871113579625	-0.004116607216638844
421	270.4124776604066	-0.003344837493063454
422	270.67625879726614	-0.0033723116074706235
423	270.94005456026116	0.0
424	271.20386496327797	-0.0029680796075337275
425	271.4676900202028	0.0024384375402156265
426	271.73152974492183	0.002078766685565226
427	271.9953841513214	0.002271526932025216
428	272.25925325328774	-0.0016037968662602556
429	272.5231370647071	-0.006549993563146089
430	272.78703559946575	-0.00743073872664673
431	273.0509488714499	-0.015067817856504542
432	273.3148768945459	-0.0073373311260078785
433	273.5788196826399	-0.004908020174281383
434	273.8427772496182	-0.00022650942550668987
435	274.10674960936717	0.00022220609952132588
436	274.37073677577285	-0.00022612453160693544
437	274.63473876272167	-0.0019031984997455217
438	274.8987555840998	-0.0029610689606443014
439	275.1627872537935	-0.0020158177738911843
440	275.42683378568904	-0.00497255362579782
441	275.6908951936727	-0.00455272189157314
442	275.9549714916308	-0.003997144184203434
443	276.21906269344936	0.000431271664786544
444	276.4831688130149	-0.0005742992626552508
445	276.7472898642135	-0.0022027356465180673
446	277.0114258609315	-0.0015511237557550345
447	277.2755768170552	-0.0025502530861445994
448	277.5397427464707	-0.0026604086644073446
449	277.80392366306444	-0.005298141278873518
450	278.06811958072257	-0.0031181314983972676
451	278.3323305133313	-0.006710849497022922
452	278.596556474777	-0.00531935728311774
453	278.86079747894587	-0.0060944705970965764
454	279.1250535397242	-0.003805787190459223
455	279.38932467099823	-0.0038331935390249093
456	279.6536108866542	0.0
457	279.91791220057826	-0.0018433148307279144
458	280.18222862665687	-0.002186813311279883
459	280.4465601787762	-0.0026903831127722553
460	280.7109068708225	-0.006988733821329872
461	280.975268716682	-0.0019933357140070732
462	281.239645730241	-0.0015361683045589012
463	281.5040379253858	-0.00043286150382182816
464	281.7684453160025	0.00021920223275707194
465	282.0328679159775	-0.0004461442439627188
466	282.297305739197	-0.004333330975617398
467	282.56175879954725	-0.003307779047215395
468	282.82622711091454	-0.00630857043162152
469	283.09071068718515	-0.003648798168810406
470	283.35520954224523	-0.004394566317549676
471	283.61972368998113	-0.0015865466893920206
472	283.88425314427906	-0.0017737365611437638
473	284.1487979190253	-0.0023917242510432214
474	284.41335802810613	-0.005657117068542709
475	284.6779334854077	-0.00875401357116561
476	284.9425243048164	-0.005099510382473418
477	285.20713050021845	-0.004737577065178039
478	285.47175208550004	-0.004270014179239157
479	285.7363890745475	-0.003362275393990718
480	286.00104148124706	-0.005518413838799626
481	286.2657093194849	0.001395001627543716
482	286.53039260314745	-0.00047076459998286117
483	286.79509134612084	-0.002223521200574807
484	287.05980556229133	0.001432765806582789
485	287.3245352655452	0.0006418328337569999
486	287.5892804697687	-0.005143597452056413
487	287.8540411888481	-0.0033736746710215162
488	288.1188174366697	-0.0054496687804139335
489	288.3836092271197	-0.0035617254325718568
490	288.64841657408425	-0.0028571067542568283
491	288.91323949144976	-0.006478488430721615
492	289.1780779931025	-0.005312326552264462
493	289.44293209292863	-0.007184135259718064
494	289.70780180481444	-0.004883296191232382
495	289.97268714264624	-0.0017738000788044975
496	290.2375881203102	0.0010910081333088588
497	290.50250475169264	-0.002058853808969047
498	290.76743705067975	-0.003769577117452228
499	291.03238503115784	-0.0050535882206321535
500	291.29734870701316	-0.006808583821105192
501	291.56232809213196	-0.0022598509110637465
502	291.82732320040054	-0.00041134307292180395
503	292.09233404570506	-0.0036212903168748754
504	292.35736064193185	-0.005669326608144938
505	292.6224030029671	-0.003429838355171761
506	292.88746114269713	-0.0018066507661733445
507	293.15253507500825	-0.0024897275508187137
508	293.4176248137866	-0.0038483615822283235
509	293.6827303729184	-0.0035939265572436526
510	293.9478517662901	-0.00434047795879412
511	294.21298900778777	-0.00512112538110089
512	294.4781421112978	-0.0061764370711105505
513	294.74331109070636	-0.006603791966752388
514	295.00849595989973	-0.005786121238193806
515	295.27369673276417	-0.008781269842135243
516	295.53891342318593	-0.0025504997506942996
517	295.8041460450513	0.0010133015487080413
518	296.06939461224647	-0.0013064163627655061
519	296.3346591386577	-0.0038072339029578887
520	296.59993963817135	-0.004938173060914034
521	296.86523612467363	-0.0032597250036832995
522	297.1305486120507	-0.0016906126617988117
523	297.3958771141889	-0.0010864357003339804
524	297.6612216449745	-0.0021474923829242305
525	297.9265822182937	-0.00706378958519312
526	298.1919588480328	-0.007499445341454316
527	298.45735154807807	-0.002986893641414616
528	298.7227603323157	-0.005486384400822002
529	298.98818521463204	-0.005637578235360564
530	299.25362620891326	0.0011539761611776972
531	299.51908332904566	-0.0025951327745080493
532	299.7845565889155	-0.0020915061084450246
533	300.050046002409	0.0004294741983333698
534	300.3155515834124	-0.0027661207370946236
535	300.58107334581206	-0.006785328179835287
536	300.8466113034941	-0.005508693238737169
537	301.1121654703449	-0.006740563346407369
538	301.3777358602507	-0.004498145419981497
539	301.64332248709763	-0.0029158799157209957
540	301.90892536477213	0.0002073196497791555
541	302.17454450716025	-0.0024921390352691994
542	302.4401799281485	-0.0019880754116044625
543	302.7058316416229	-0.0008657008863879747
544	302.9714996614698	0.00043718101822711754
545	303.2371840015755	-0.0031253082406536275
546	303.5028846758262	0.0006571794229718835
547	303.7686016981081	0.003035496978147193
548	304.0343350823076	0.0014450469606245376
549	304.3000848423109	0.0024078441045644783
550	304.56585099200424	0.003034724421510467
551	304.8316335452738	0.001847428773267379
552	305.097432516006	0.004315430426045158
553	305.3632479180869	0.0012650041616137577
554	305.629079765403	0.0019136530333558974
555	305.89492807184035	-0.002169164902805877
556	306.16079285128524	-0.002582208412463469
557	306.42667411762403	-0.004911632761152587
558	306.6925718847429	-0.0067502235793548
559	306.9584861665281	-0.0035287359771439186
560	307.2244169768659	-0.005085136573574624
561	307.49036432964255	-0.003985619623042558
562	307.75632823874435	0.0004295741700147141
563	308.0223087180575	-0.00221794614634265
564	308.28830578146824	-0.0012778277470476157
565	308.55431944286295	-0.0029596624190744865
566	308.8203497161277	-0.0025013935809875387
567	309.08639661514894	-0.001474987557063353
568	309.3524601538128	-0.004375403539164118
569	309.6185403460055	-0.0029361086634719638
570	309.88463720561344	-0.005677311250809512
571	310.1507507465228	-0.006262614504322667
572	310.41688098261983	-0.0026173213460037857
573	310.6830279277908	-0.004687167178334039
574	310.94919159592195	-0.0038315396457955747
575	311.2153720008995	-0.0039092103859021685
576	311.48156915660985	-0.003198977375213963
577	311.7477830769391	-0.001243344598408883
578	312.0140137757736	-0.004116786797356384
579	312.2802612669995	-0.002261941895977719
580	312.5465255645032	0.001330743250729361
581	312.81280668217084	-0.0023612652735129796
582	313.07910463388873	-0.005842998969868228
583	313.34541943354316	-0.004741066274606244
584	313.61175109502034	-0.005371294174138837
585	313.8780996322065	-0.004190600493228728
586	314.144465058988	-0.003083991269226684
587	314.4108473892509	-0.001492817814221752
588	314.6772466368816	-0.0028263459312284026
589	314.9436628157664	-0.0030958284040162863
590	315.2100959397915	-0.002342080961046243
591	315.4765460228431	-0.0007974441387984854
592	315.7430130788075	-0.0046011727175875716
593	316.0094971215709	-0.004142741683775567
594	316.2759981650197	-0.005264786074663835
595	316.54251622304014	-0.003988642753425486
596	316.8090513095183	-0.0006928311783916771
597	317.07560343834064	-0.003909194637507529
598	317.34217262339325	-0.003976320967836912
599	317.60875887856247	-0.0021740456385109875
600	317.8753622177345	-0.006565454996085563
601	318.1419826547957	0.0002164861489914863
602	318.40862020363227	-0.00508838639098512
603	318.67527487813044	-0.003486854949872044
604	318.94194669217654	-0.0015618442453097096
605	319.2086356596567	0.0
606	319.4753417944573	-0.0032691700700666526
607	319.7420651104645	-0.001417482189560694
608	320.00880562156465	-0.0004342023067713393
609	320.275563341644	-0.002434837738304041
610	320.5423382845887	-0.0030515518943678406
611	320.8091304642851	-0.004417156905014238
612	321.0759398946194	-0.001243869072739551
613	321.34276658947795	-0.00158791150458758
614	321.6096105627469	-0.0022464031025343912
615	321.87647182831256	-0.00021396581431229128
616	322.1433504000612	-0.002060856358786679
617	322.41024629187905	-0.0002160702144729583
618	322.6771595176523	-0.00093317183516729
619	322.9440900912673	-0.0009044505413364841
620	323.21103802661037	-0.0019442998293590734
621	323.47800333756754	-0.006343590963769085
622	323.74498603802533	-0.005490392413935304
623	324.0119861418698	-0.00607669209508244
624	324.2790036629873	-0.0015926768638921253
625	324.546038615264	0.0013711745642342366
626	324.8130910125863	-0.0006248821980555624
627	325.0801608688404	-0.0019234363193842033
628	325.34724819791245	-0.0037359150728033612
629	325.6143530136888	-0.0032763942635941393
630	325.8814753300557	-0.002248682934155652
631	326.14861516089945	-0.0011996649168122388
632	326.4157725201062	-0.0036307749748625416
633	326.6829474215623	-0.002721262983095912
634	326.9501398791539	-0.0022334834034880274
635	327.21734990676737	-0.0027786975451653496
636	327.4845775182889	-0.0007418970755819731
637	327.7518227276048	-0.0034906350644689317
638	328.0190855486013	-0.0016640615474394624
639	328.2863659951647	-0.001048264723174397
640	328.5536640811811	-0.005096952576766173
641	328.82097982053693	-0.0025877944088839246
642	329.08831322711836	-0.004046877515234346
643	329.3556643148117	-0.002735079224845388
644	329.62303309750314	-0.0028673325224207523
645	329.890419589079	-0.004722656205040933
646	330.15782380342546	-0.002122875716878576
647	330.42524575442883	-0.0046356947095036165
648	330.6926854559753	-0.004636610764398551
649	330.9601429219513	-0.001967694648693785
650	331.2276181662429	-0.0010891457786442523
651	331.49511120273644	-0.0028344705653725803
652	331.76262204531815	-0.0029208225690309096
653	332.0301507078743	-0.00492920016109641
654	332.29769720429124	-0.0006504041833893213
655	332.56526154845506	-0.00421688705176538
656	332.83284375425205	-0.0035436251812618934
657	333.10044383556857	-0.0012437870283656838
658	333.36806180629077	-0.00322875970639395
659	333.63569768030493	-0.0026224900437337483
660	333.9033514714974	-0.0022052566942134207
661	334.1710231937543	-0.002921073507965418
662	334.4387128609619	-0.0013176498134215761
663	334.7064204870066	-0.0008214774358799232
664	334.9741460857745	-0.0012486840501072796
665	335.24188967115197	-0.0013315640240057023
666	335.5096512570252	-0.0008102378851974879
667	335.7774308572804	-0.0035915942550637735
668	336.04522848580393	-0.0014882156713558001
669	336.31304415648196	-0.003763274483735137
670	336.58087788320086	-0.005414096653866459
671	336.84872967984677	-0.00021246332344651109
672	337.116599560306	-0.00019956528084031473
673	337.3844875384648	-0.0021619496130828096
674	337.6523936282093	-0.0023518610641672997
675	337.920317843426	0.0032838511069154122
676	338.18826019800105	0.0
677	338.45622070582067	-0.001608707063550422
678	338.7241993807711	-0.003489371147293539
679	338.99219623673866	-0.00020671066625809463
680	339.2602112876096	-0.00224169524351749
681	339.5282445472701	-0.002617950435583484
682	339.79629602960654	-0.004356863982873898
683	340.0643657485051	0.0002040456112233114
684	340.332453717852	-0.0017064397390591916
685	340.60055995153357	-0.0009333955643708101
686	340.868684463436	0.0020988069472828476
687	341.1368272674456	-0.0012665604505628042
688	341.40498837744866	-0.0057952317534167835
689	341.6731678073313	-0.0015071627687706704
690	341.94136557098	-0.0019839013390754293
691	342.20958168228077	0.0013447070831899483
692	342.47781615511997	-0.006846950742288604
693	342.74606900338387	-0.000882705760358104
694	343.01434024095875	-0.0004509516352673615
695	343.2826298817308	-0.0006755124787113072
696	343.55093793958633	0.0004226005698814309
697	343.81926442841166	-0.0032111462308296547
698	344.08760936209285	0.003973120359786116
699	344.3559727545163	-0.00020907995499620701
700	344.62435461956824	-0.00442985606774955
701	344.89275497113493	-0.002286436574654991
702	345.1611738231026	-0.0008747143040595775
703	345.4296111893575	-0.004120269052061987
704	345.698067083786	0.0017180988428819827
705	345.9665415202742	0.00115269672534527
706	346.23503451270847	-0.0024324975893683337
707	346.50354607497496	-0.0032653271654035296
708	346.77207622096	-0.0017254087248886032
709	347.04062496454986	0.00041092270277284093
710	347.3091923196307	0.00019945913655419704
711	347.57777830008894	0.0
712	347.8463829198107	-0.0011013896013095522
713	348.1150061926823	-0.0032122758730098243
714	348.38364813259	-0.003588750811667253
715	348.65230875341996	0.0014347376969044833
716	348.92098806905847	0.0008111946416039255
717	349.1896860933919	0.0016919753537921738
718	349.45840284030646	-0.0028924522985315807
719	349.72713832368834	-0.003951320003367793
720	349.9958925574238	-0.006324988200536335
721	350.2646655553991	-0.0025760953312286335
722	350.5334573315006	-0.0016070978308170703
723	350.8022678996145	-0.0042227349875213135
724	351.071097273627	-0.0010603610111279685
725	351.33994546742434	0.0028606131059300917
726	351.6088124948929	-0.0010184785899397674
727	351.87769836991885	-0.0029970919394929625
728	352.1466031063885	-0.0037624703161693077
729	352.415526718188	-0.0036754742792015887
730	352.6844692192037	-0.004961236341778578
731	352.9534306233218	-0.00021493266038749787
732	353.2224109444287	0.002705636516999473
733	353.4914101964104	-0.003031638658887486
734	353.76042839315335	-0.004413926480244687
735	354.02946554854384	-0.0029304322907642713
736	354.298521676468	-0.0016563210999601084
737	354.56759679081205	-0.002981107573365887
738	354.83669090546243	-0.003569811509027191
739	355.1058040343052	0.0014202896943902121
740	355.37493619122677	-0.004402903651224839
741	355.6440873901133	-0.0030367875372101613
742	355.9132576448511	-0.0018721685207649978
743	356.1824469693264	-0.003252548788398101
744	356.4516553774255	0.0005933040253517079
745	356.7208828830346	-0.0008517314344600499
746	356.9901295000399	0.0006392357230553179
747	357.25939524232786	-0.004261215923093506
748	357.5286801237845	-0.004651612040328138
749	357.79798415829623	-0.005977055481841776
750	358.0673073597493	-0.004346718045113892
751	358.3366497420299	-0.0003954939585191597
752	358.6060113190243	0.0004155296997360263
753	358.87539210461875	-0.00321554691934199
754	359.1447921126995	-0.003281313495273502
755	359.41421135715296	-0.0039441384366286
756	359.6836498518652	-0.004687236158501283
757	359.9531076107225	-0.0032579795472034542
758	360.2225846476112	0.00039161927433072215
759	360.49208097641747	-0.004945926133777099
760	360.7615966110276	-0.0027497649213551103
761	361.0311315653279	-0.001497012751616471
762	361.3006858532045	-0.0034447379085239
763	361.5702594885438	-0.0013694222076731635
764	361.839852485232	-0.005610174375932873
765	362.10946485715533	-0.005490849351748684
766	362.3790966182	-0.004711911331849406
767	362.64874778225237	-0.0038189528335731493
768	362.9184183631987	-0.003796036893570611
769	363.18810837492515	-0.0049485880000157394
770	363.45781783131804	-0.0018938526509649706
771	363.72754674626356	-0.003255356633845432
772	363.9972951336481	-0.0018160787397022685
773	364.2670630073578	-0.0020079210922346376
774	364.536850381279	-0.000688647426025879
775	364.80665726929783	-0.0014334954972973284
776	365.07648368530073	-0.0032280105008859732
777	365.34632964317376	-0.0010672871337454367
778	365.6161951568033	-0.0011418058507782919
779	365.88608024007556	-0.003852816826050886
780	366.1559849068768	-0.002712009338501677
781	366.4259091710934	-0.003661708199201354
782	366.69585304661143	-0.0037468721985916497
783	366.9658165473171	-0.004092492118792571
784	367.23579968709697	-0.0035800759305371164
785	367.50580247983703	-0.0031665044254002507
786	367.7758249394236	-0.005790045120079569
787	368.04586707974295	-0.005773320343352938
788	368.31592891468136	-0.003241479918595696
789	368.5860104581251	-0.004553401968764014
790	368.85611172396034	-0.0042136385041433
791	369.12623272607345	-0.0031092166520428084
792	369.3963734783506	-0.004934585235379997
793	369.6665339946781	-0.006271916655519666
794	369.93671428894214	-0.005324926967149872
795	370.206914375029	-0.0037324308382050593
796	370.47713426682503	-0.005558507459318947
797	370.7473739782163	-0.0026726396617599815
798	371.0176335230893	0.0003621601580643231
799	371.28791291533	-0.0019395132308811128
800	371.5582121688249	-0.0032014336583991816
801	371.82853129746024	-0.005114198593736584
802	372.0988703151221	-0.00649175958480221
803	372.36922923569693	-0.006273014271083312
804	372.63960807307086	-0.006365953441881372
805	372.9100068411302	-0.006476301253590994
806	373.1804255537612	-0.002873287154437709
807	373.4508642248501	-0.0008696643505584125
808	373.72132286828315	-0.003913397796132074
809	373.99180149794665	-0.006312741875113684
810	374.2623001277268	-0.004570868194877209
811	374.53281877150994	-0.0051111923481652975
812	374.8033574431823	-0.006012677315167281
813	375.07391615663005	-0.007262992542930469
814	375.34449492573947	-0.004027259506493135
815	375.6150937643969	-0.0030394227725284912
816	375.88571268648855	-0.0027254549214322603
817	376.15635170590065	-0.003590220501835814
818	376.42701083651946	-0.0028332650554753237
819	376.6976900922313	-0.0032294670263857284
820	376.9683894869224	-0.004239098818402923
821	377.23910903447893	-0.003293547279794467
822	377.50984874878725	-0.0049198812020600545
823	377.7806086437337	-0.0037165067686406776
824	378.05138873320425	-0.003827838260984585
825	378.3221890310854	-0.0038467890787399223
826	378.59300955126326	-0.005526631302235686
827	378.86385030762426	-0.004212700857933545
828	379.13471131405447	-0.00544434961977996
829	379.4055925844402	-0.0045790792716828505
830	379.67649413266787	-0.0035324678780077837
831	379.94741597262356	-0.00411978463294687
832	380.2183581181936	-0.004191383606459074
833	380.4893205832641	-0.005122264762535353
834	380.7603033817214	-0.0032739786045985833
835	381.03130652745193	-0.003570922079012356
836	381.3023300343418	-0.0043994219630660615
837	381.5733739162772	-0.004717783146945954
838	381.8444381871445	-0.004553109171435481
839	382.11552286082986	-0.0039812525032887165
840	382.3866279512196	-0.0030429977311036555
841	382.65775347220006	-0.004073579023097292
842	382.9288994376573	-0.004236866885232226
843	383.2000658614777	-0.004120939144115985
844	383.4712527575475	-0.004338174937994121
845	383.742460139753	-0.0044700912106344776
846	384.01368802198033	-0.004154310502333563
847	384.2849364181159	-0.004205345452749277
848	384.5562053420458	-0.005546752569738264
849	384.8274948076564	-0.004024318213646873
850	385.098804828834	-0.005271547669523275
851	385.37013541946476	-0.004225585992326082
852	385.64148659343493	-0.004831213059734171
853	385.9128583646308	-0.005394289417038894
854	386.1842507469387	-0.005963955376594266
855	386.4556637542447	-0.004577044567975843
856	386.7270974004353	-0.0047676479283531885
857	386.99855169939656	-0.0040900424125677
858	387.27002666501477	-0.003749240496409066
859	387.54152231117627	-0.004250000100047761
860	387.8130386517672	-0.004049181022736941
861	388.08457570067395	-0.003849052785322094
862	388.3561334717827	-0.004013537667528106
863	388.62771197897973	-0.00450442416950566
864	388.8993112361512	-0.003995082814438328
865	389.1709312571835	-0.0051111928094311745
866	389.44257205596284	-0.004615974036321091
867	389.7142336463755	-0.004052504726188449
868	389.9859160423076	-0.004490275244744984
869	390.2576192576456	-0.004786655521031336
870	390.5293433062757	-0.0039430361147287365
871	390.801088202084	-0.004047041088818504
872	391.0728539589569	-0.004933703337398827
873	391.34464059078067	-0.005138422570737819
874	391.6164481114415	-0.005539328062672722
875	391.88827653482565	-0.0049166899697263705
876	392.1601258748194	-0.00447511888939046
877	392.4319961453091	-0.0041617644059734026
878	392.7038873601808	-0.004667247216855586
879	392.97579953332087	-0.004304608403106217
880	393.2477326786156	-0.004111688001095488
881	393.51968680995117	-0.004744557835796256
882	393.79166194121393	-0.004360531848049447
883	394.06365808629005	-0.0039494629227436176
884	394.33567525906585	-0.004256520670568721
885	394.6077134734275	-0.004067803241574305
886	394.87977274326136	-0.004518412607269183
887	395.1518530824536	-0.0040833629646209796
888	395.4239545048905	-0.00357682071724512
889	395.69607702445836	-0.0032820836345567577
890	395.9682206550434	-0.003545288412359704
891	396.24038541053187	-0.0032632556332716956
892	396.5125713048101	-0.003754245818762324
893	396.78477835176415	-0.003912861379530182
894	397.0570065652805	-0.005153598554092508
895	397.3292559592453	-0.004244046551610832
896	397.60152654754484	-0.0036080549154883946
897	397.8738183440653	-0.0035717238914860284
898	398.14613136269304	-0.0039169076018717545
899	398.4184656173143	-0.004481693973995441
900	398.6908211218153	-0.004395754496241961
901	398.96319789008226	-0.004121530107250299
902	399.23559593600146	-0.003943589629839427
903	399.50801527345925	-0.003780414731576734
904	399.7804559163418	-0.003993006667626566
905	400.05291787853537	-0.003911497636181512
906	400.32540117392625	-0.003406659528561294
907	400.5979058164006	-0.0037999549692263332
908	400.87043181984484	-0.0033843174539499
909	401.14297919814504	-0.0038313027257188834
910	401.4155479651876	-0.0033868471404197445
911	401.6881381348587	-0.002880978111943184
912	401.96074972104475	-0.002651110943879887
913	402.2333827376317	-0.0031938243083592514
914	402.5060371985061	-0.003444945341493489
915	402.77871311755405	-0.00367370339221224
916	403.0514105086619	-0.0032375273321733223
917	403.32412938571576	-0.003665035559485031
918	403.59686976260207	-0.003849913336885827
919	403.86963165320697	-0.003555426626047413
920	404.14241507141674	-0.00377033451422634
921	404.41522003111766	-0.004086309178294136
922	404.6880465461959	-0.004259055794141017
923	404.96089463053784	-0.00373786332070314
924	405.23376429802966	-0.0033413493602998637
925	405.5066555625576	-0.0027789129911411797
926	405.779568438008	-0.0027651316529342614
927	406.05250293826714	-0.0028290515989680297
928	406.3254590772211	-0.0025666822638559235
929	406.59843686875627	-0.003126104924374263
930	406.87143632675884	-0.0034629331073888258
931	407.1444574651152	-0.0036391902575519225
932	407.41750029771146	-0.003523785905200463
933	407.6905648384339	-0.003210472568085169
934	407.9636511011688	-0.0037973624714655757
935	408.2367590998025	-0.0034363046731271944
936	408.50988884822107	-0.00317017678820423
937	408.7830403603109	-0.0035714693265212474
938	409.0562136499583	-0.0025424765565389834
939	409.3294087310494	-0.0029024913821063666
940	409.6026256174704	-0.0030689973986434927
941	409.87586432310775	-0.0027099433608193664
942	410.14912486184767	-0.002852605102043854
943	410.4224072475762	-0.003244168099461553
944	410.6957114941799	-0.0038830425001891507
945	410.9690376155448	-0.003896130584987814
946	411.2423856255573	-0.003721167293099354
947	411.5157555381036	-0.0032421604059067253
948	411.78914736706986	-0.003495653188241243
949	412.0625611263424	-0.0032896145510820296
950	412.33599682980764	-0.0033983490399805564
951	412.60945449135164	-0.0027666152622220714
952	412.88293412486075	-0.00253579479903338
953	413.1564357442211	-0.0026686086413592806
954	413.42995936331914	-0.002717747495910462
955	413.70350499604103	-0.0025422482666244196
956	413.9770726562729	-0.002163474027906822
957	414.2506623579012	-0.0024412434671898077
958	414.5242741148121	-0.0026973487679201385
959	414.79790794089195	-0.0029742536744681142
960	415.0715638500268	-0.003710398660659181
961	415.34524185610314	-0.0038760114682667747
962	415.6189419730071	-0.0034222663604608684
963	415.8926642146249	-0.0032893116871341448
964	416.1664085948429	-0.003144878710137439
965	416.44017512754726	-0.003275555541717246
966	416.7139638266244	-0.00266214109293435
967	416.9877747059603	-0.0027620700439247013
968	417.26160777944153	-0.0026930222671909007
969	417.53546306095404	-0.0023602184748541958
970	417.80934056438434	-0.002550960373203693
971	418.0832403036186	-0.002439133921400834
972	418.3571622925431	-0.002395864123644958
973	418.63110654504396	-0.00229607393071516
974	418.9050730750075	-0.002878200829604004
975	419.17906189632004	-0.0031311377733339177
976	419.4530730228679	-0.0028456156783668285
977	419.72710646853716	-0.0032488680365779436
978	420.0011622472142	-0.003006191919105031
979	420.2752403727852	-0.0034136528974111307
980	420.5493408591366	-0.0032020365327549366
981	420.82346372015434	-0.0027952437470597663
982	421.0976089697248	-0.0023535684577572404
983	421.3717766217344	-0.0017020839146633055
984	421.64596669006926	-0.0020712901755229507
985	421.92017918861563	-0.002408846361534356
986	422.1944141312598	-0.0024797771244517495
987	422.46867153188805	-0.0020809364059422393
988	422.74295140438664	-0.002415352126580126
989	423.01725376264164	-0.0027765801328397685
990	423.29157862053955	-0.0030386645346745984
991	423.56592599196654	-0.003159284405687514
992	423.8402958908089	-0.0033540085681107823
993	424.11468833095273	-0.002959009956687329
994	424.3891033262845	-0.0030587171234929336
995	424.66354089069034	-0.0026663771037707157
996	424.9380010380564	-0.0022911596255303767
997	425.21248378226926	-0.002626419766886056
998	425.4869891372149	-0.002700096058775712
999	425.7615171167797	-0.002309480675598508
1000	426.0360677348499	-0.0022039149695801913
1001	426.3106410053117	-0.002519774000712142
1002	426.5852369420513	-0.0023328607240791326
1003	426.85985555895525	-0.0026004596866108444
1004	427.1344968699094	-0.002566908281080923
1005	427.40916088880033	-0.0026002989807514085
1006	427.68384762951416	-0.003071651655443538
1007	427.9585571059372	-0.0031089681227634597
1008	428.2332893319556	-0.002876784292420667
1009	428.5080443214557	-0.0029004871534311864
1010	428.78282208832377	-0.00262139763570061
1011	429.057622646446	-0.0025037718392535093
1012	429.33244600970875	-0.002299219029333503
1013	429.6072921919981	-0.0020134329852151646
1014	429.8821612072005	-0.0019909793780970714
1015	430.1570530692021	-0.002149475990319084
1016	430.4319677918892	-0.0021916081916960183
1017	430.706905389148	-0.0022644494942806546
1018	430.98186587486487	-0.002367092746216615
1019	431.2568492629258	-0.0023522011134588313
1020	431.53185556721746	-0.0026328724464563754
1021	431.80688480162576	-0.002466349277999166
1022	432.0819369800371	-0.0026698595591110753
1023	432.3570121163377	-0.0023248011876905693
1024	432.63211022441396	-0.0023983017934253426
1025	432.90723131815184	-0.002475966957710761
1026	433.1823754114379	-0.0023113822179035622
1027	433.4575425181581	-0.002013343222370159
1028	433.73273265219905	-0.001987411822778613
1029	434.00794582744663	-0.002016261789624508
1030	434.28318205778737	-0.0019656893333994106
1031	434.5584413571074	-0.0020338330578217887
1032	434.83372373929296	-0.0020805625891459354
1033	435.1090292182305	-0.0020371008767528518
1034	435.38435780780605	-0.0019081827837441492
1035	435.65970952190594	-0.0019988319860724897
1036	435.9350843744164	-0.00200250919619532
1037	436.2104823792238	-0.001965941176823649
1038	436.4859035502143	-0.0023226802970252227
1039	436.76134790127423	-0.0024260122902234928
1040	437.0368154462898	-0.0024041389808528105
1041	437.3123061991471	-0.0018039884574840264
1042	437.58782017373267	-0.0018287034089271344
1043	437.86335738393257	-0.002054536384872038
1044	438.1389178436332	-0.0020352805162684967
1045	438.4145015667207	-0.0016768696902456168
1046	438.6901085670813	-0.0017627664373702843
1047	438.9657388586014	-0.0015006358493953886
1048	439.2413924551672	-0.0014877627907277505
1049	439.517069370665	-0.001913247539835451
1050	439.79276961898086	-0.0021049700275844923
1051	440.06849321400125	-0.0017959053006595877
1052	440.34424016961225	-0.0023175669551648245
1053	440.62001049970036	-0.0020882438128930585
1054	440.8958042181516	-0.0021551957281422405
1055	441.17162133885233	-0.0020079845850825744
1056	441.44746187568876	-0.001735732488459597
1057	441.7233258425473	-0.002024322208718973
1058	441.999213253314	-0.0022262888933421163
1059	442.27512412187514	-0.0021441527159505452
1060	442.5510584621171	-0.0021391327134473743
1061	442.8270162879261	-0.0014977160165823482
1062	443.10299761318834	-0.0013674660341342199
1063	443.37900245179014	-0.0011201877260559046
1064	443.65503081761767	-0.0013591976305018757
1065	443.9310827245573	-0.001660470138306909
1066	444.2071581864951	-0.0018883555760177472
1067	444.4832572173176	-0.001794050847298943
1068	444.7593798309108	-0.0018786077619881102
1069	445.0355260411611	-0.002205718287720018
1070	445.31169586195483	-0.002302367497492037
1071	445.587889307178	-0.0018923398973647368
1072	445.8641063907171	-0.0017937752600781772
1073	446.1403471264582	-0.002080164996371275
1074	446.4166115282877	-0.0019646915305442055
1075	446.6928996100918	-0.0017768479956685361
1076	446.9692113857567	-0.0018636097364807453
1077	447.24554686916883	-0.0019885720326276403
1078	447.52190607421426	-0.0017323935216250422
1079	447.79828901477924	-0.0016197759462351163
1080	448.0746957047502	-0.0014071573450601946
1081	448.35112615801336	-0.0011963353345154218
1082	448.6275803884547	-0.0014192565100993781
1083	448.90405840996084	-0.0014085076429910227
1084	449.18056023641793	-0.0015491658081078431
1085	449.45708588171215	-0.0017650004020706182
1086	449.73363535972976	-0.0015541511964572087
1087	450.01020868435705	-0.0015733718925218195
1088	450.2868058694803	-0.0016128526568882787
1089	450.5634269289858	-0.0017883206701750573
1090	450.8400718767597	-0.0018021245871290528
1091	451.11674072668825	-0.001531530548345672
1092	451.3934334926578	-0.0013583372196309107
1093	451.67015018855443	-0.0012911335383737174
1094	451.9468908282647	-0.0010295736387907573
1095	452.2236554256747	-0.0005955635498328546
1096	452.5004439946706	-0.0007753311609664465
1097	452.7772565491389	-0.000719705756333615
1098	453.05409310296557	-0.0010414712728000688
1099	453.33095367003693	-0.001230030943809764
1100	453.6078382642394	-0.0014922581373841097
1101	453.88474689945906	-0.0014909481161239008
1102	454.1616795895824	-0.0015090179945174424
1103	454.4386363484954	-0.0015916013953540594
1104	454.71561719008446	-0.0017128836116156573
1105	454.9926221282358	-0.0018620292916636564
1106	455.2696511768356	-0.0017417340600368234
1107	455.5467043497704	-0.002108810982700792
1108	455.8237816609261	-0.0018919396516607783
1109	456.1008831241892	-0.0018366891712070883
1110	456.3780087534459	-0.001360877391629148
1111	456.6551585625823	-0.0012151583900046853
1112	456.9323325654849	-0.0009926656971254427
1113	457.20953077603974	-0.0008942866326492858
1114	457.48675320813334	-0.0008327720021951284
1115	457.7639998756516	-0.0012109931717223439
1116	458.0412707924811	-0.0009730305039016697
1117	458.31856597250794	-0.0012578237209055947
1118	458.5958854296184	-0.0014259207533267536
1119	458.8732291776988	-0.0014724887103379257
1120	459.1505972306352	-0.0014482340703233544
1121	459.42798960231414	-0.001409879654832842
1122	459.7054063066216	-0.0015701256226913981
1123	459.98284735744403	-0.0018981048051716156
1124	460.26031276866763	-0.0018633041435949169
1125	460.5378025541786	-0.0016977742372680914
1126	460.8153167278633	-0.0014018478257032173
1127	461.09285530360796	-0.0012120622962664188
1128	461.3704182952987	-0.0009233356806914105
1129	461.648005716822	-0.0010285588653485055
1130	461.92561758206386	-0.000787376246452903
1131	462.20325390491075	-0.0005872497935737951
1132	462.48091469924896	-0.0007281799546127092
1133	462.7585999789644	-0.0006710340279677616
1134	463.03630975794374	-0.0006352455820573275
1135	463.3140440500731	-0.00047337482860791594
1136	463.59180286923856	-0.0008186604020378423
1137	463.8695862293266	-0.0010539226315963764
1138	464.1473941442234	-0.0011368515769853923
1139	464.42522662781505	-0.0013174436031479515
1140	464.7030836939881	-0.0014724958530148498
1141	464.98096535662876	-0.0014962410881535129
1142	465.25887162962306	-0.001667879394203649
1143	465.5368025268574	-0.0015350082594116881
1144	465.81475806221806	-0.0017435373803856835
1145	466.0927382495912	-0.0016769386912140242
1146	466.37074310286323	-0.001522740706608636
1147	466.6487726359203	-0.0013094208643640826
1148	466.9268268626487	-0.0010692331272593
1149	467.20490579693455	-0.0009979564979860466
1150	467.4830094526643	-0.0009421324190755766
1151	467.7611378437242	-0.0011423964730973213
1152	468.03929098400033	-0.0009222037581253007
1153	468.31746888737916	-0.000814722703298181
1154	468.59567156774665	-0.0009467721291097771
1155	468.8738990389894	-0.0013765489496146163
1156	469.1521513149936	-0.0011562720564039213
1157	469.4304284096453	-0.0012329114638615418
1158	469.70873033683085	-0.0012248719250657738
1159	469.9870571104366	-0.0014271123262213907
1160	470.26540874434875	-0.0015225587236658556
1161	470.5437852524534	-0.0014292238193928095
1162	470.82218664863717	-0.0015253802585126713
1163	471.1006129467859	-0.0015693688750932544
1164	471.37906416078613	-0.0016198873712400261
1165	471.657540304524	-0.0012442009578812856
1166	471.93604139188585	-0.001293409225064327
1167	472.2145674367579	-0.0013345137415248472
1168	472.49311845302634	-0.0008877339561725021
1169	472.7716944545774	-0.0007422800999751504
1170	473.0502954552976	-0.0006346025296564544
1171	473.32892146907284	-0.00039570026159822195
1172	473.60757250978963	-0.0003648017568206652
1173	473.88624859133415	-0.0003726052489581697
1174	474.16494972759267	-0.0007883112374099467
1175	474.44367593245124	-0.0011391954775285633
1176	474.7224272197965	-0.0015451943510816216
1177	475.00120360351445	-0.0014766319698206135
1178	475.2800050974914	-0.001418850136051297
1179	475.55883171561356	-0.001431344410867952
1180	475.83768347176726	-0.0013104432177885059
1181	476.1165603798388	-0.00147560009208827
1182	476.39546245371423	-0.0015588295826645185
1183	476.67438970728006	-0.0013070397319779486
1184	476.95334215442244	-0.0011440585023938334
1185	477.23231980902756	-0.000993033043930715
1186	477.5113226849818	-0.0011434383317211983
1187	477.7903507961712	-0.0009425681426273729
1188	478.0694041564823	-0.0005194098785618512
1189	478.3484827798012	-0.0005190688125887102
1190	478.62758668001413	-0.0007389059545248324
1191	478.90671587100746	-0.0007351100115187705
1192	479.18587036666736	-0.0008415259375758935
1193	479.4650501808801	-0.0007940350560802573
1194	479.74425532753196	-0.000742434427056794
1195	480.0234858205091	-0.0010354597002525901
1196	480.30274167369794	-0.0011842970560528069
1197	480.5820229009846	-0.0013121968977530694
1198	480.8613295162554	-0.0014657563018720659
1199	481.1406615333966	-0.0014554071649562825
1200	481.4200189662945	-0.001205634389325441
1201	481.6994018288352	-0.0010004543857829028
1202	481.9788101349051	-0.0008500657882224592
1203	482.25824389839045	-0.0008910010838816449
1204	482.5377031331774	-0.0008700232512187064
1205	482.8171878531523	-0.0005760817025064813
1206	483.0966980722013	-0.0005607663986230886
1207	483.37623380421087	-0.0004778674372323634
1208	483.655795063067	-0.00035666925714973005
1209	483.9353818626562	-0.00015119040723840014
1210	484.2149942168645	-0.0003872093674003567
1211	484.49463213957836	-0.0004130234048936558
1212	484.7742956446839	-0.0004403676606214246
1213	485.0539847460674	-0.0005533057471935576
1214	485.3336994576151	-0.0009524069040864921
1215	485.6134397932133	-0.0009047517090637772
1216	485.89320576674834	-0.001087117795667297
1217	486.17299739210625	-0.0012258997483872048
1218	486.4528146831734	-0.0011454769360967857
1219	486.7326576538361	-0.0009385774843804195
1220	487.0125263179807	-0.0009673918432941788
1221	487.29242068949316	-0.0008957562842405971
1222	487.57234078225997	-0.0009285586623209859
1223	487.8522866101673	-0.0007663746153658833
1224	488.13225818710146	-0.0008964223745845744
1225	488.4122555269487	-0.0008434755643486672
1226	488.69227864359516	-0.0008717553945513124
1227	488.97232755092716	-0.0005349075524149524
1228	489.25240226283097	-0.00023240572005939203
1229	489.53250279319286	4.578219238231072e-05
1230	489.81262915589923	-5.040697902224485e-05
1231	490.092781364836	-0.00032106681627974226
1232	490.3729594338897	-4.067500433578326e-05
1233	490.6531633769465	-0.0001884149359561023
1234	490.93339320789266	-0.0005409579714895028
1235	491.21364894061446	-0.0007341140831114315
1236	491.49393058899807	-0.000770457161272527
1237	491.7742381669299	-0.0007702438769617084
1238	492.05457168829594	-0.0008677025432774338
1239	492.33493116698276	-0.000647464297384121
1240	492.6153166168764	-0.0004678436955080173
1241	492.8957280518632	-0.0003535194435458774
1242	493.1761654858294	0.00023099926393873533
1243	493.45662893266126	0.0001281078070169586
1244	493.73711840624514	4.652512779961523e-05
1245	494.0176339204671	1.159596665592823e-05
1246	494.2981754892136	0.00013185247930889928
1247	494.5787431263707	0.0002835947049881917
1248	494.8593368458247	7.596254698938856e-05
1249	495.13995666146195	0.00024559068793602196
1250	495.4206025871687	0.0001945667974003497
1251	495.70127463683104	5.7167956558015675e-05
1252	495.98197282433546	-0.00013006211746515494
1253	496.2626971635681	-0.00022374068902570725
1254	496.54344766841507	-0.0002711483599743667
1255	496.82422435276294	-0.0004768914621830149
1256	497.10502723049774	-0.0003941447144547481
1257	497.38585631550586	-0.0004252509519578129
1258	497.66671162167347	-0.0004886151526958756
1259	497.94759316288673	-0.0005478873014214074
1260	498.22850095303215	-0.00045564162258017633
1261	498.5094350059959	-0.000643263151650032
1262	498.790395335664	-0.00038575651491851355
1263	499.071381955923	3.157591302554459e-05
1264	499.35239488065895	6.0875675088936896e-05
1265	499.6334341237583	0.0003738717520890165
1266	499.9144996991072	0.00014595309425356347
1267	500.1955916205919	0.0003341701864116267
1268	500.4767099020986	0.0006510439827779941
1269	500.7578545575137	0.0008122565507228003
1270	501.03902560072333	0.0006738050791140434
1271	501.32022304561383	0.0006602256658439678
1272	501.6014469060714	0.0005185757269070138
1273	501.88269719598236	0.0003470736009136555
1274	502.16397392923295	3.1164701454053976e-05
1275	502.4452771197093	0.00029383250085936993
1276	502.72660678129796	0.0002981193806488191
1277	503.0079629278848	0.00027986377353201935
1278	503.2893455733564	6.44287187227888e-05
1279	503.57075473159887	-7.787310396340072e-05
1280	503.8521904164984	-1.7763295644501192e-05
1281	504.13365264194147	7.54885780073698e-05
1282	504.41514142181416	0.00029497753664431365
1283	504.69665677000273	0.0003283621171313237
1284	504.9781987003935	0.00037706663480575837
1285	505.25976722687255	0.0002613321090233075
1286	505.54136236332636	-3.545220501789111e-05
1287	505.82298412364116	-0.000214408771585818
1288	506.10463252170314	-6.178158582120677e-05
1289	506.3863075713987	0.00026468938911058287
1290	506.6680092866138	0.00036789309852643077
1291	506.949737681235	0.0006437044831650085
1292	507.2314927691483	0.0013554547983432616
1293	507.5132745642401	0.0015292641477187424
1294	507.7950830803966	0.0013930673976855024
1295	508.0769183315041	0.0014376883078246981
1296	508.3587803314489	0.0009352286595445284
1297	508.64066909411724	0.0006720184227429124
1298	508.92258463339533	0.0005252138572611384
1299	509.2045269631694	0.00045857685511537205
1300	509.4864960973257	0.00038993519221091916
1301	509.76849204975053	0.0004275697338890579
1302	510.0505148343302	0.0005365810613589079
1303	510.3325644649509	0.0007139445832763897
1304	510.6146409554989	0.0008509338645184735
1305	510.89674431986043	0.0007350898973202624
1306	511.1788745719218	0.000633658430990513
1307	511.4610317255692	0.0005913704905827824
1308	511.74321579468904	0.0004806638942062006
1309	512.0254267931673	0.0009494959236450814
1310	512.3076647348904	0.0012659298078413301
1311	512.5899296337448	0.0016185191099782137
1312	512.8722215036163	0.0014965907699907206
1313	513.1545403583916	0.0015604762379425269
1314	513.4368862119566	0.0018454029401564862
1315	513.7192590781978	0.0020794613517902535
1316	514.0016589710013	0.002190579877495518
1317	514.2840859042535	0.0021566093730379936
1318	514.5665398918405	0.0021773315086330443
1319	514.8490209476488	0.0021098199116004264
1320	515.1315290855645	0.00202612293043966
1321	515.4140643194737	0.0019401108140840776
1322	515.6966266632629	0.0017126933986505637
1323	515.9792161308183	0.0017095825266773277
1324	516.2618327360259	0.001654658340505182
1325	516.5444764927724	0.0017335158178301932
1326	516.8271474149439	0.001974801077060257
1327	517.1098455164264	0.0020795343868923286
1328	517.3925708111065	0.002212780545172285
1329	517.6753233128702	0.002363834001743268
1330	517.9581030356039	0.0025903761190306926
1331	518.2409099931938	0.0026964239866460785
1332	518.5237441995262	0.002813912841073104
1333	518.8066056684874	0.002847219886297256
1334	519.0894944139634	0.0029258765445939706
1335	519.3724104498408	0.0032631531942050812
1336	519.6553537900055	0.0036289736499564764
1337	519.9383244483441	0.0037761999842341075
1338	520.2213224387428	0.0036806277094181003
1339	520.5043477750877	0.003649337222438629
1340	520.7874004712651	0.0035793819048372207
1341	521.0704805411613	0.003544253197956441
1342	521.3535879986625	0.003384862188137711
1343	521.6367228576551	0.003337198379437174
1344	521.9198851320251	0.003421874836416615
1345	522.203074835659	0.003361831461191052
1346	522.4862919824429	0.0029768609606372278
1347	522.7695365862631	0.0028204731469114817
1348	523.0528086610061	0.0027945921686574563
1349	523.3361082205577	0.0031206369187013454
1350	523.6194352788044	0.003215875189303041
1351	523.9027898496325	0.002960222007378956
1352	524.1861719469283	0.0028983765627982796
1353	524.4695815845778	0.002605585107975603
1354	524.7530187764675	0.002525355861497659
1355	525.0364835364835	0.0025169380546204143
1356	525.3199758785122	0.0027285653360875207
1357	525.6034958164398	0.0029584878260640783
1358	525.8870433641524	0.002666900273420459
1359	526.1706185355365	0.0027078682142604067
1360	526.4542213444782	0.0028723225017681002
1361	526.7378518048639	0.0029219439613305015
1362	527.0215099305797	0.0030295190577280962
1363	527.3051957355119	0.0030635918731618944
1364	527.5889092335468	0.0031878446642303548
1365	527.8726504385706	0.0029990463466524433
1366	528.1564193644697	0.0028763538436821696
1367	528.4402160251301	0.0024123891505908913
1368	528.7240404344383	0.0022293374822101534
1369	529.0078926062804	0.0020414436474302674
1370	529.2917725545427	0.0019844974053529548
1371	529.5756802931115	0.0018190797466571308
1372	529.8596158358731	0.0015214748567702998
1373	530.1435791967135	0.0015016281900478497
1374	530.4275703895194	0.0015058395495096673
1375	530.7115894281766	0.001837944327542624
1376	530.9956363265717	0.0018446062151306797
1377	531.2797110985906	0.0017172679909410041
1378	531.5638137581199	0.0018109924880321672
1379	531.8479443190457	0.0020931239008407597
1380	532.1321027952542	0.001889499502009335
1381	532.4162892006319	0.0020882775065165274
1382	532.7005035490648	0.0021701662939096725
1383	532.9847458544392	0.002045035048442011
1384	533.2690161306415	0.0022372239712949524
1385	533.5533143915578	0.002288016261797966
1386	533.8376406510745	0.0021915050967820245
1387	534.1219949230776	0.00212193888777641
1388	534.4063772214536	0.0024313332566613002
1389	534.6907875600888	0.0023816209420882265
1390	534.9752259528692	0.0024316570371661667
1391	535.2596924136811	0.0024377851123448292
1392	535.5441869564112	0.002356371334820886
1393	535.8287095949452	0.0021092854327453806
1394	536.1132603431695	0.001986313851092348
1395	536.3978392149705	0.001702225597418208
1396	536.6824462242344	0.0015397577234010488
1397	536.9670813848473	0.0013934379411103457
1398	537.2517447106958	0.0012784559500709928
1399	537.5364362156658	0.0013449687453456311
1400	537.8211559136437	0.0014655692717188658
1401	538.1059038185159	0.0018086301122012388
1402	538.3906799441684	0.0023147089419175404
1403	538.6754843044876	0.0022449179168682358
1404	538.9603169133597	0.0023237550254650756
1405	539.245177784671	0.002305757716759037
1406	539.5300669323077	0.0022317812558565447
1407	539.8149843701561	0.0023349262431058867
1408	540.0999301121026	0.002651956066910137
1409	540.3849041720332	0.002984586886503694
1410	540.6699065638343	0.0030457303970664335
1411	540.9549373013921	0.002891204009595228
1412	541.2399963985929	0.002943578021616263
1413	541.5250838693229	0.0028332354197895216
1414	541.8101997274683	0.0025070561324773183
1415	542.0953439869156	0.0024858552613010805
1416	542.3805166615509	0.0026972314315400073
1417	542.6657177652604	0.0025854470585123454
1418	542.9509473119305	0.002695104573251201
1419	543.2362053154473	0.0026649708159770394
1420	543.521491789697	0.002713964798323732
1421	543.8068067485663	0.002547670847497857
1422	544.0921502059409	0.0025820071578979537
1423	544.3775221757073	0.0029249867634277642
1424	544.6629226717519	0.0031432667275752076
1425	544.9483517079607	0.0032776382474131414
1426	545.2338092982202	0.0031485560425669316
1427	545.5192954564163	0.003243480394511455
1428	545.8048101964357	0.003438351459913071
1429	546.0903535321643	0.0035568753339666713
1430	546.3759254774885	0.0035518752080712698
1431	546.6615260462946	0.003610413938838781
1432	546.9471552524687	0.0038602119231845675
1433	547.2328131098974	0.004090663077629718
1434	547.5184996324665	0.0040773455330287214
1435	547.8042148340626	0.004224662755754223
1436	548.0899587285718	0.004334987739766596
1437	548.3757313298803	0.0045885777506096395
1438	548.6615326518745	0.004469049949612463
1439	548.9473627084406	0.004369686240045831
1440	549.2332215134649	0.00401764798767347
1441	549.5191090808336	0.003926351888592705
1442	549.8050254244329	0.0038010747044071006
1443	550.0909705581491	0.0036158577079615432
1444	550.3769444958685	0.003545066265248527
1445	550.6629472514775	0.003614013252988178
1446	550.948978838862	0.0037733502568764784
1447	551.2350392719086	0.0035021101387449397
1448	551.5211285645033	0.0034284181022134277
1449	551.8072467305325	0.003371721030927624
1450	552.0933937838823	0.0035628360408572124
1451	552.3795697384393	0.003835468197150325
1452	552.6657746080894	0.004089190407927501
1453	552.952008406719	0.004621775222326087
1454	553.2382711482144	0.004638516346095313
1455	553.5245628464617	0.004682259545707422
1456	553.8108835153473	0.004827433348459423
1457	554.0972331687574	0.004958260418737766
1458	554.3836118205784	0.005054176923522237
1459	554.6700194846962	0.005025433043469852
1460	554.9564561749975	0.004992410554165367
1461	555.2429219053682	0.00517536579652099
1462	555.5294166896947	0.005221809061629777
1463	555.8159405418633	0.005306062366562166
1464	556.1024934757602	0.005550397831876428
1465	556.3890755052716	0.00580236079496769
1466	556.6756866442839	0.0059095669483339355
1467	556.9623269066833	0.005920652790015836
1468	557.2489963063559	0.005766508958870612
1469	557.5356948571882	0.0054276725632595646
1470	557.8224225730664	0.005167341180626341
1471	558.1091794678766	0.005044873487789189
1472	558.3959655555052	0.004832939086729888
1473	558.6827808498384	0.004546385109784277
1474	558.9696253647625	0.004380819277318998
1475	559.2564991141636	0.0045136886101265405
1476	559.5434021119282	0.004701117036061918
1477	559.8303343719424	0.00489270369323147
1478	560.1172959080926	0.004890304788809985
1479	560.4042867342647	0.005018471609976031
1480	560.6913068643454	0.005461966256399263
1481	560.9783563122207	0.005916917830270317
1482	561.265435091777	0.00598768244621759
1483	561.5525432169005	0.006207812801463569
1484	561.8396807014774	0.006607160051946616
1485	562.1268475593939	0.0065794561840873175
1486	562.4140438045364	0.006176047227203859
1487	562.7012694507911	0.006283398662794261
1488	562.9885245120443	0.006444405300851395
1489	563.2758090021821	0.0066818782162015086
1490	563.563122935091	0.006622887488760575
1491	563.8504663246571	0.006639188844692702
1492	564.1378391847667	0.00672249984644726
1493	564.4252415293059	0.006362328625656274
1494	564.7126733721611	0.00622231415792498
1495	565.0001347272188	0.006081372934929565
1496	565.2876256083648	0.006442085224607118
1497	565.5751460294856	0.006366685710979387
1498	565.8626960044675	0.006309904227331215
1499	566.1502755471965	0.006224589097159054
1500	566.4378846715592	0.006200815022619569
1501	566.7255233914417	0.006287914718710078
1502	567.0131917207302	0.006506432860873747
1503	567.300889673311	0.006814771102194867
1504	567.5886172630703	0.006814742406450845
1505	567.8763745038946	0.006870153877890505
1506	568.1641614096698	0.00693924786050974
1507	568.4519779942824	0.007143168418252944
1508	568.7398242716185	0.007251036390057188
1509	569.0277002555645	0.00740502546545316
1510	569.3156059600067	0.0074427932278218175
1511	569.6035413988311	0.007876212312078117
1512	569.8915065859242	0.007982909429706421
1513	570.1795015351721	0.007998515857848394
1514	570.4675262604611	0.008197089772992381
1515	570.7555807756776	0.008192179398213047
1516	571.0436650947076	0.00833757749420826
1517	571.3317792314376	0.00821627048434742
1518	571.6199231997538	0.00797504602089716
1519	571.9080970135421	0.007713612486491497
1520	572.1963006866894	0.007913946485409645
1521	572.4845342330815	0.008120015031603157
1522	572.7727976666047	0.007944579412529428
1523	573.0610910011454	0.007627205274883245
1524	573.3494142505898	0.007327183003732889
1525	573.6377674288241	0.0072330989492400384
1526	573.9261505497346	0.007451954465204719
1527	574.2145636272077	0.007481170327123769
1528	574.5030066751293	0.007330920875698252
1529	574.791479707386	0.007677961777223825
1530	575.0799827378639	0.007729607181988861
1531	575.3685157804492	0.007828457081492095
1532	575.6570788490283	0.008161613773567446
1533	575.9456719574874	0.008042469782681583
1534	576.2342951197127	0.008204174982006129
1535	576.5229483495906	0.008407511921898533
1536	576.8116316610071	0.008507867716196053
1537	577.1003450678488	0.008603540787571657
1538	577.3890885840017	0.009010498248480804
1539	577.6778622233521	0.009111294678822072
1540	577.9666659997863	0.009385539298174716
1541	578.2554999271905	0.0096905749637188
1542	578.5443640194511	0.009737480823967866
1543	578.8332582904543	0.009806904593128628
1544	579.1221827540862	0.0094661006014681
1545	579.4111374242332	0.009805542891636486
1546	579.7001223147814	0.009977640425965151
1547	579.9891374396174	0.00977382143801687
1548	580.278182812627	0.009555195576656421
1549	580.567258447697	0.009465970199195014
1550	580.8563643587131	0.009308233899685416
1551	581.1455005595619	0.008753208067196833
1552	581.4346670641295	0.008576094901777735
1553	581.7238638863023	0.008634784985384359
1554	582.0130910399664	0.008784760378279657
1555	582.3023485390082	0.008838740561788017
1556	582.5916363973139	0.008687223920797314
1557	582.8809546287697	0.008737991324575683
1558	583.1703032472619	0.008922075112382893
1559	583.4596822666767	0.008984177882161253
1560	583.7490917009005	0.00909068263816738
1561	584.0385315638196	0.00909372070612282
1562	584.3280018693198	0.009398474925543273
1563	584.617502631288	0.009848217545270713
1564	584.9070338636099	0.010336855517696333
1565	585.1965955801721	0.010406075424513321
1566	585.4861877948607	0.010338612935109742
1567	585.7758105215621	0.01048308436729823
1568	586.0654637741624	0.010907202166599414
1569	586.355147566548	0.011025714822548585
1570	586.6448619126049	0.010805846874922686
1571	586.9346068262197	0.010714280535005864
1572	587.2243823212784	0.010779841271410292
1573	587.5141884116673	0.010660697212498287
1574	587.8040251112728	0.010437756160649472
1575	588.0938924339811	0.010215680738768692
1576	588.3837903936784	0.0096886585257877
1577	588.6737190042509	0.009330740580529654
1578	588.9636782795849	0.009222508293254194
1579	589.2536682335667	0.00947880847377982
1580	589.5436888800825	0.009424700674561129
1581	589.8337402330187	0.008847315456929551
1582	590.1238223062614	0.008758470883133829
1583	590.413935113697	0.008654960927454467
1584	590.7040786692116	0.008927029624514467
1585	590.9942529866914	0.008988658062466473
1586	591.2844580800229	0.00882170674174874
1587	591.5746939630923	0.008517916086434605
1588	591.8649606497856	0.008473048834788423
1589	592.1552581539894	0.008773857329026585
1590	592.4455864895898	0.00910187168372469
1591	592.735945670473	0.00945733037020156
1592	593.0263357105252	0.00975998993193733
1593	593.3167566236331	0.009999820217219874
1594	593.6072084236823	0.010142476889263684
1595	593.8976911245595	0.010314804224411382
1596	594.1882047401509	0.010711658823650716
1597	594.4787492843427	0.011129016372902584
1598	594.769324771021	0.011251033156825185
1599	595.0599312140723	0.011290563285039546
1600	595.3505686273829	0.011116378538564424
1601	595.6412370248388	0.010759595628987918
1602	595.9319364203263	0.010704514890566934
1603	596.2226668277319	0.010642286000157566
1604	596.5134282609415	0.010636693558454646
1605	596.8042207338417	0.010564923139589065
1606	597.0950442603186	0.010626483965391786
1607	597.3858988542584	0.010365618768498747
1608	597.6767845295474	0.010135300685561973
1609	597.9677013000719	0.009874179897280613
1610	598.2586491797181	0.009634046946429223
1611	598.5496281823723	0.009409721733063335
1612	598.8406383219208	0.009432795868321015
1613	599.1316796122497	0.009370681034694198
1614	599.4227520672455	0.009206413589057655
1615	599.7138557007942	0.009414661614723402
1616	600.0049905267822	0.009510257876729029
1617	600.2961565590957	0.009809670217653272
1618	600.5873538116209	0.009976749894037473
1619	600.8785822982443	0.009705438450358447
1620	601.1698420328519	0.0099350683814685
1621	601.46113302933	0.010403159923723197
1622	601.7524553015651	0.010957966756671073
1623	602.043808863443	0.011007346291335207
1624	602.3351937288504	0.011288426802877905
1625	602.6266099116733	0.011398627535549846
1626	602.918057425798	0.011027434728233672
1627	603.2095362851109	0.01130692715646025
1628	603.5010465034981	0.011366915362228261
1629	603.7925880948459	0.011704643233791792
1630	604.0841610730405	0.01171539850564311
1631	604.3757654519682	0.011358268813546853
1632	604.6674012455153	0.010952963239582341
1633	604.959068467568	0.010779911321267377
1634	605.2507671320126	0.01039107386123125
1635	605.5424972527353	0.010395376016867583
1636	605.8342588436225	0.010161883923470743
1637	606.1260519185604	0.010175179465607179
1638	606.4178764914351	0.010002604843819695
1639	606.7097325761329	0.00982709032556911
1640	607.0016201865402	0.00997049177361742
1641	607.2935393365431	0.01002808168656009
1642	607.5854900400279	0.009665150351808373
1643	607.877472310881	0.009685568940283669
1644	608.1694861629885	0.009448240795349776
1645	608.4615316102368	0.00937516206228624
1646	608.7536086665119	0.009300557154086618
1647	609.0457173457003	0.009394805044139894
1648	609.3378576616881	0.009836158346789912
1649	609.6300296283617	0.010025999915691287
1650	609.9222332596072	0.01006103940614052
1651	610.2144685693111	0.010367224786753839
1652	610.5067355713593	0.010799536568802571
1653	610.7990342796384	0.0107596140252325
1654	611.0913647080343	0.010807190108026058
1655	611.3837268704336	0.010708219805005692
1656	611.6761207807225	0.010678450515399458
1657	611.9685464527871	0.010322949959349445
1658	612.2610039005137	0.0106077970601498
1659	612.5534931377887	0.010636838533475164
1660	612.8460141784981	0.010572303508932849
1661	613.1385670365283	0.010593613103454533
1662	613.4311517257656	0.010726958056435398
1663	613.7237682600963	0.010706591912019874
1664	614.0164166534065	0.010564225197614727
1665	614.3090969195825	0.010218505921987144
1666	614.6018090725106	0.009908584702154223
1667	614.8945531260771	0.009534290230246207
1668	615.1873290941681	0.009088209516395307
1669	615.4801369906701	0.008789864602031516
1670	615.772976829469	0.008352098159893455
1671	616.0658486244514	0.008027604832503858
1672	616.3587523895034	0.007779094227281201
1673	616.6516881385112	0.00750354514906519
1674	616.9446558853612	0.007474418456234942
1675	617.2376556439395	0.007540063211501185
1676	617.5306874281326	0.007540707641213496
1677	617.8237512518266	0.00757118829093593
1678	618.1168471289077	0.007859909467792053
1679	618.4099750732621	0.007615921543428876
1680	618.7031350987763	0.007670687480931505
1681	618.9963272193363	0.007765198247838541
1682	619.2895514488287	0.007784916660288977
1683	619.5828078011393	0.007898710942645869
1684	619.8760962901548	0.00795414874041301
1685	620.1694169297612	0.00806128213399568
1686	620.4627697338448	0.008304655522296185
1687	620.7561547162918	0.008317417181171252
1688	621.0495718909885	0.008310075528596847
1689	621.3430212718213	0.008312494125982454
1690	621.6365028726763	0.0081391453247379
1691	621.9300167074397	0.008130042221263617
1692	622.2235627899979	0.008077706251616728
1693	622.517141134237	0.008248422158713261
1694	622.8107517540435	0.008281171213284649
1695	623.1043946633035	0.008153295992428276
1696	623.3980698759034	0.008061343024441172
1697	623.6917774057291	0.007923240337765026
1698	623.9855172666671	0.007564183260890794
1699	624.2792894726038	0.00732688786378468
1700	624.5730940374252	0.006514883081804157
1701	624.8669309750177	0.006301901060904652
1702	625.1608002992674	0.006527489853492279
1703	625.4547020240607	0.006756732615052181
1704	625.7486361632839	0.006787496583832367
1705	626.0426027308231	0.006973145189842578
1706	626.3366017405647	0.007089100025254846
1707	626.6306332063948	0.007345739433838197
1708	626.9246971421999	0.00750784498053032
1709	627.2187935618659	0.0075077727594656495
1710	627.5129224792794	0.007386776931509085
1711	627.8070839083265	0.007505590167178566
1712	628.1012778628934	0.007570133607661201
1713	628.3955043568666	0.007815647765565667
1714	628.689763404132	0.00828002594792364
1715	628.9840550185761	0.008916070366644881
1716	629.2783792140851	0.009754682250417989
1717	629.5727360045453	0.010228238815298043
1718	629.8671254038428	0.010382857170003734
1719	630.1615474258641	0.010466102332355011
1720	630.4560020844951	0.01080448227530217
1721	630.7504893936226	0.011073889569397944
1722	631.0450093671324	0.011222365585542807
1723	631.3395620189108	0.011371554247500661
1724	631.6341473628443	0.011650047441335399
1725	631.9287654128188	0.01149043152451604
1726	632.2234161827209	0.011411912039320828
1727	632.5180996864367	0.011302271867294968
1728	632.8128159378525	0.010966287271757955
1729	633.1075649508545	0.01055104385330051
1730	633.402346739329	0.010654609786103789
1731	633.6971613171621	0.010960664757009629
1732	633.9920086982404	0.010920850877609252
1733	634.2868888964499	0.010693395795872255
1734	634.5818019256769	0.010346209202298505
1735	634.8767477998077	0.010052696746907766
1736	635.1717265327284	0.00954136479126447
1737	635.4667381383255	0.009289327940503241
1738	635.7617826304851	0.009020062645383284
1739	636.0568600230935	0.009441511531850601
1740	636.3519703300369	0.009689987802109553
1741	636.6471135652017	0.009748965762342306
1742	636.942289742474	0.009869070556270475
1743	637.2374988757401	0.009869446177124994
1744	637.5327409788863	0.010448320461287216
1745	637.8280160657988	0.010976595895842435
1746	638.1233241503639	0.011018472738218679
1747	638.4186652464679	0.011156061235762679
1748	638.714039367997	0.01142370605342269
1749	639.0094465288373	0.011748734790989831
1750	639.3048867428754	0.012051332882317878
1751	639.6003600239973	0.01215753566894575
1752	639.8958663860893	0.012299754258890185
1753	640.1914058430377	0.012581130640677715
1754	640.4869784087288	0.012751496862187652
1755	640.7825840970487	0.01282924968669972
1756	641.0782229218838	0.012802895528483302
1757	641.3738948971203	0.012745870526183856
1758	641.6696000366445	0.01230157271402305
1759	641.9653383543425	0.011790676222392524
1760	642.2611098641008	0.01145460910352931
1761	642.5569145798055	0.011387039873066948
1762	642.8527525153429	0.011209551878635341
1763	643.1486236845991	0.011002091994575983
1764	643.4445281014607	0.010441105426759485
1765	643.7404657798136	0.010106709260571391
1766	644.0364367335443	0.009776947439864401
1767	644.3324409765389	0.009537759402694848
1768	644.6284785226838	0.00928285203534009
1769	644.9245493858652	0.009274863174379581
1770	645.2206535799693	0.009280393288330304
1771	645.5167911188825	0.0088212005977518
1772	645.8129620164907	0.008722396789089525
1773	646.1091662866805	0.00881555258790922
1774	646.4054039433382	0.008867720554398762
1775	646.7016750003498	0.008818990682068597
1776	646.9979794716018	0.008922230325804244
1777	647.2943173709803	0.009147595598059211
1778	647.5906887123714	0.00910193567572453
1779	647.8870935096618	0.00929430087893066
1780	648.1835317767373	0.01002204775245171
1781	648.4800035274844	0.010135404916075208
1782	648.7765087757894	0.010043703193592109
1783	649.0730475355384	0.010182966501813107
1784	649.3696198206177	0.010470922769737982
1785	649.6662256449137	0.010830378190634283
1786	649.9628650223124	0.011157717886449849
1787	650.2595379667002	0.01116354728506425
1788	650.5562444919635	0.011168747498598452
1789	650.8529846119883	0.011182566182019878
1790	651.149758340661	0.011243056620269849
1791	651.4465656918679	0.011073664928841924
1792	651.743406679495	0.0111199069523224
1793	652.0402813174288	0.011340300472348625
1794	652.3371896195555	0.011085199206613189
1795	652.6341315997614	0.010953734955236329
1796	652.9311072719327	0.010674640839979726
1797	653.2281166499556	0.010221083832006974
1798	653.5251597477164	0.009509498995780482
1799	653.8222365791014	0.008953653712569832
1800	654.1193471579969	0.008097020047665885
1801	654.4164914982889	0.007618475186164398
1802	654.7136696138641	0.007512850137094484
1803	655.0108815186084	0.007445466811506215
1804	655.308127226408	0.007133823738081662
1805	655.6054067511494	0.007180283841889496
1806	655.9027201067188	0.007433103132599918
1807	656.2000673070024	0.007589574316421035
1808	656.4974483658865	0.007611159038481792
1809	656.7948632972573	0.007685683932151413
1810	657.092312115001	0.007654998737820794
1811	657.3897948330042	0.007434755733422805
1812	657.6873114651528	0.007827195324853162
1813	657.9848620253331	0.007964358068684787
1814	658.2824465274314	0.008169347203624257
1815	658.5800649853339	0.008640551503015391
1816	658.877717412927	0.009134152899399992
1817	659.1754038240971	0.009307355537618136
1818	659.47312423273	0.00959316568752142
1819	659.7708786527122	0.009876483728354502
1820	660.0686670979301	0.009872413603371518
1821	660.3664895822697	0.009606182855725388
1822	660.6643461196173	0.00954586608921423
1823	660.9622367238594	0.009796455413743159
1824	661.260161408882	0.010034524692287697
1825	661.5581201885715	0.010345956181663842
1826	661.8561130768139	0.010512847248195761
1827	662.1541400874958	0.009906589194263609
1828	662.4522012345033	0.009677517282521607
1829	662.7502965317226	0.009422934409697633
1830	663.04842599304	0.009261125220801124
1831	663.3465896323419	0.009063971929408889
1832	663.6447874635144	0.008856314574483347
1833	663.9430195004437	0.008700490130514849
1834	664.2412857570162	0.008609341294774165
1835	664.539586247118	0.008579047509463767
1836	664.8379209846355	0.008274971052296553
1837	665.136289983455	0.007929175391227776
1838	665.4346932574626	0.007295440392952368
1839	665.7331308205446	0.007087476470307188
1840	666.0316026865873	0.0069096296244723215
1841	666.3301088694769	0.00702452607514757
1842	666.6286493830999	0.006747201762466121
1843	666.9272242413421	0.006562182641691863
1844	667.2258334580902	0.006668082569186598
1845	667.5244770472301	0.0063725231168774675
1846	667.8231550226483	0.006615013582438153
1847	668.1218673982308	0.006940105653194423
1848	668.4206141878643	0.007244603505665108
1849	668.7193954054346	0.0076755703693353276
1850	669.0182110648283	0.008089140955376679
1851	669.3170611799313	0.008249980947700882
1852	669.6159457646303	0.00874071236260919
1853	669.9148648328111	0.008853079376547857
1854	670.2138183983603	0.008871057523706477
1855	670.512806475164	0.008881060604419028
1856	670.8118290771084	0.00896182591172079
1857	671.1108862180799	0.008886542675087553
1858	671.4099779119647	0.00899393799097243
1859	671.7091041726491	0.009086846043040742
1860	672.0082650140192	0.009296366268826533
1861	672.3074604499614	0.00934741424273046
1862	672.6066904943619	0.009147664646277285
1863	672.905955161107	0.008692009500340853
1864	673.2052544640829	0.008390194130797569
1865	673.504588417176	0.00821843753541337
1866	673.8039570342723	0.008041505632405696
1867	674.1033603292583	0.007914940499611643
1868	674.40279831602	0.007909961329180084
1869	674.702271008444	0.007594763754363068
1870	675.0017784204163	0.00737846362672397
1871	675.3013205658233	0.00718957424571884
1872	675.6008974585511	0.006779757443038844
1873	675.900509112486	0.006696976168089077
1874	676.2001555415144	0.006687076110025908
1875	676.4998367595224	0.006253483466247422
1876	676.7995527803963	0.006046378929208623
1877	677.0993036180224	0.005954787342191301
1878	677.3990892862868	0.005699316169388995
1879	677.698909799076	0.005389423303984379
1880	677.9987651702761	0.00488765842253891
1881	678.2986554137734	0.00509738065931446
1882	678.5985805434541	0.005091649717053635
1883	678.8985405732046	0.0052688385033141175
1884	679.1985355169109	0.005503615592366938
1885	679.4985653884595	0.005656369739567857
1886	679.7986302017366	0.006082457411419644
1887	680.0987299706284	0.006523908142403039
1888	680.3988647090213	0.006858489215258274
1889	680.6990344308011	0.00732527052084168
1890	680.9992391498547	0.007647168646069255
1891	681.299478880068	0.008037176821400224
1892	681.5997536353273	0.008073619497770367
1893	681.9000634295188	0.008177950632894624
1894	682.2004082765288	0.00835654631813343
1895	682.5007881902437	0.00838446925520822
1896	682.8012031845496	0.008459464983750525
1897	683.1016532733328	0.00846176235250086
1898	683.4021384704794	0.008711842792906785
1899	683.702658789876	0.008763736070248863
1900	684.0032142454086	0.008608355030158159
1901	684.3038048509635	0.008578045586176484
1902	684.6044306204268	0.008387252311083554
1903	684.9050915676852	0.008094254253027072
1904	685.2057877066245	0.007915135863180987
1905	685.5065190511312	0.00752011401096134
1906	685.8072856150915	0.007053399021743156
1907	686.1080874123917	0.006762723787525208
1908	686.408924456918	0.006278529512217185
1909	686.7097967625566	0.006160795169557559
1910	687.0107043431939	0.006166507341986862
1911	687.311647212716	0.0060908365585090425
1912	687.6126253850092	0.005780161074728339
1913	687.9136388739599	0.00547941165306639
1914	688.2146876934543	0.005278386306389345
1915	688.5157718573784	0.005392208986259318
1916	688.8168913796188	0.004658111467959289
1917	689.1180462740616	0.004493224520533405
1918	689.419236554593	0.004483114340986987
1919	689.7204622350995	0.004563390702781808
1920	690.021723329467	0.004724869055651104
1921	690.323019851582	0.004878501729984712
1922	690.6243518153308	0.005155389553361635
1923	690.9257192345995	0.005467598392723065
1924	691.2271221232743	0.005723053886806466
1925	691.5285604952417	0.006036366171718055
1926	691.8300343643876	0.006530518580473018
1927	692.1315437445987	0.006599750702007003
1928	692.4330886497611	0.006803326590872545
1929	692.7346690937608	0.006868528739767983
1930	693.0362850904843	0.007255046830214118
1931	693.3379366538178	0.0074719521077289035
1932	693.6396237976476	0.008060747644639581
1933	693.9413465358599	0.00855620902453733
1934	694.243104882341	0.008490309726378249
1935	694.5448988509771	0.008448194503471108
1936	694.8467284556544	0.008671610213384636
1937	695.1485937102594	0.00872637821077986
1938	695.450494628678	0.008601771966725477
1939	695.752431224797	0.008123987701911304
1940	696.054403512502	0.00777187484275148
1941	696.3564115056797	0.007388576723508155
1942	696.6584552182161	0.0069340617089717485
1943	696.9605346639977	0.006132486433079947
1944	697.2626498569107	0.00589283536819823
1945	697.5648008108411	0.005707343757789763
1946	697.8669875396755	0.006135523966098391
1947	698.1692100572999	0.006111284968518828
1948	698.4714683776008	0.006334351720113518
1949	698.7737625144641	0.006275117421176245
1950	699.0760924817765	0.006042870445268132
1951	699.3784582934239	0.005520939156303027
1952	699.6808599632927	0.005157994553340226
1953	699.9832975052692	0.005237075740540434
1954	700.2857709332395	0.0048599176891136716
1955	700.5882802610901	0.004727528083024025
1956	700.890825502707	0.004491845273645285
1957	701.1934066719766	0.004092730418187855
1958	701.4960237827851	0.0037374795912381007
1959	701.7986768490189	0.003435665427005978
1960	702.101365884564	0.0037484016653001107
1961	702.4040909033068	0.00399820024423605
1962	702.7068519191336	0.003947977798997447
1963	703.0096489459305	0.004272371882329202
1964	703.3124819975841	0.004341307760782402
1965	703.6153510879802	0.004896800174627949
1966	703.9182562310054	0.005300240060919652
1967	704.2211974405458	0.005593550722625857
1968	704.5241747304877	0.005797640217725183
1969	704.8271881147173	0.0056214381219251396
1970	705.1302376071209	0.005647263171601956
1971	705.4333232215848	0.006037533076739544
1972	705.7364449719951	0.006297709533134368
1973	706.0396028722382	0.006410700972383764
1974	706.3427969362004	0.006858487381044967
1975	706.6460271777679	0.006743986758799636
1976	706.9492936108269	0.007078859463141952
1977	707.2525962492638	0.007178690119425987
1978	707.5559351069645	0.006998811272752645
1979	707.8593101978158	0.006455858733123798
1980	708.1627215357034	0.0061447128513148945
1981	708.466169134514	0.00619609862770187
1982	708.7696530081336	0.006279758514568223
1983	709.0731731704485	0.00618473587708711
1984	709.3767296353451	0.005881780411767683
1985	709.6803224167094	0.005725769148739287
1986	709.983951528428	0.005368865597288182
1987	710.2876169843868	0.004625482910826283
1988	710.5913187984722	0.004080662029118244
1989	710.8950569845706	0.003988146739751802
1990	711.198831556568	0.004062771300954089
1991	711.5026425283509	0.003955408600397944
1992	711.8064899138053	0.0038448617570698185
1993	712.1103737268177	0.003567413667929233
1994	712.4142939812742	0.002951165322098724
1995	712.7182506910611	0.00284124218154909
1996	713.0222438700647	0.002686075446054327
1997	713.3262735321713	0.0023890155186089695
1998	713.630339691267	0.0025458499554852146
1999	713.934442361238	0.0028363412119305474
2000	714.2385815559708	0.0032937503750119675
2001	714.5427572893517	0.003386663844933542
2002	714.8469695752666	0.0031955978277246524
2003	715.151218427602	0.0030979869677316856
2004	715.4555038602441	0.0031462771701813216
2005	715.7598258870793	0.0031222286515969907
2006	716.0641845219936	0.0035994058004943457
2007	716.3685797788735	0.0041280610427757184
2008	716.673011671605	0.004527758899586747
2009	716.9774802140745	0.0048743338591889385
2010	717.2819854201683	0.005010314219766822
2011	717.5865273037728	0.005191047897338576
2012	717.8911058787737	0.005619890621761722
2013	718.1957211590578	0.005710296026441816
2014	718.5003731585113	0.006158573383516994
2015	718.8050618910202	0.0064628064697579615
2016	719.1097873704708	0.006791806381339521
2017	719.4145496107496	0.006902246852060933
2018	719.7193486257427	0.0066397874057398
2019	720.0241844293363	0.006368828466063158
2020	720.3290570354168	0.0059147161159364406
2021	720.6339664578702	0.00581796273992745
2022	720.938912710583	0.005688902499444874
2023	721.2438958074415	0.005376963142908959
2024	721.5489157623318	0.005015654782829739
2025	721.8539725891402	0.004923357359195809
2026	722.1590663017529	0.00458498524691858
2027	722.4641969140562	0.004099698116578898
2028	722.7693644399363	0.003613782642850356
2029	723.0745688932797	0.0032215567343817073
2030	723.3798102879724	0.0027507805611313623
2031	723.6850886379007	0.0024008436019363815
2032	723.9904039569509	0.0022236794818894356
2033	724.2957562590093	0.002134079573429858
2034	724.601145557962	0.0021073615925102937
2035	724.9065718676954	0.0018717409179730589
2036	725.2120352020959	0.0018199944374998518
2037	725.5175355750494	0.0017993512091460375
2038	725.8230730004423	0.0018338698086317344
2039	726.1286474921609	0.0017367620845779757
2040	726.4342590640915	0.001986155690847175
2041	726.7399077301204	0.0021497022874703347
2042	727.0455935041336	0.002488144505264481
2043	727.3513164000175	0.00279333993268618
2044	727.6570764316585	0.0031074351525489765
2045	727.9628736129426	0.003349416556398897
2046	728.2687079577562	0.00393686833744527
2047	728.5745794799855	0.004306169726044276
2048	728.8804881935168	0.004164226448704592
2049	729.1864341122365	0.004193362817176635
2050	729.4924172500306	0.0042450943637094675
2051	729.7984376207854	0.004234685227247462
2052	730.1044952383872	0.004176083845514624
2053	730.4105901167225	0.0040979475279975044
2054	730.7167222696771	0.004752881039503468
2055	731.0228917111376	0.005122357393482535
2056	731.3290984549901	0.005370809189962396
2057	731.635342515121	0.0055469818808856815
2058	731.9416239054163	0.005767134614758628
2059	732.2479426397625	0.006107136807520993
2060	732.5542987320458	0.005779482901384216
2061	732.8606921961524	0.0053165593822176085
2062	733.1671230459685	0.004950752340208275
2063	733.4735912953805	0.004587751851081319
2064	733.7800969582746	0.004540900428667186
2065	734.086640048537	0.0045803508630277955
2066	734.393220580054	0.00472930919497061
2067	734.699838566712	0.0051039641378685845
2068	735.0064940223971	0.005108715616048928
2069	735.3131869609954	0.005008693565980072
2070	735.6199173963935	0.004541114800018729
2071	735.9266853424774	0.003747784579871029
2072	736.2334908131335	0.002979480902170602
2073	736.540333822248	0.0026632748385442408
2074	736.8472143837071	0.0023518330923243307
2075	737.154132511397	0.00215504883273969
2076	737.4610882192043	0.0020842588048213075
2077	737.7680815210149	0.0015582875690572965
2078	738.0751124307153	0.001074451195019587
2079	738.3821809621916	0.0010524032425401936
2080	738.68928712933	0.0014098618211409028
2081	738.9964309460169	0.0011664916352318085
2082	739.3036124261384	0.0009968513667670848
2083	739.610831583581	0.0011481154757307032
2084	739.9180884322309	0.0010751778899730643
2085	740.225382985974	0.0012452649419937292
2086	740.5327152586971	0.0014225740142712866
2087	740.840085264286	0.0014344725654167017
2088	741.1474930166273	0.0014754457367816623
2089	741.454938529607	0.0019006996568511315
2090	741.7624218171114	0.0025961160999504536
2091	742.069942893027	0.002994106240607523
2092	742.3775017712398	0.0031627968498084366
2093	742.6850984656361	0.0035742666510173112
2094	742.9927329901021	0.003527861432817001
2095	743.3004053585242	0.0036545760443095175
2096	743.6081155847887	0.004053302658461067
2097	743.9158636827817	0.0045578028657812806
2098	744.2236496663894	0.005050981957767724
2099	744.5314735494983	0.005160436498994693
2100	744.8393353459945	0.005047463259840828
2101	745.1472350697642	0.00494477017124102
2102	745.4551727346937	0.0046416783419624555
2103	745.7631483546695	0.004569958455025387
2104	746.0711619435775	0.0049046471432480565
2105	746.3792135153041	0.004941089978679509
2106	746.6873030837355	0.004675930187949376
2107	746.9954306627582	0.004568704622324652
2108	747.3035962662581	0.004587066452245181
2109	747.6117999081217	0.004637770077056914
2110	747.9200416022352	0.004106034323443437
2111	748.2283213624847	0.0035051727421774584
2112	748.5366392027568	0.0029087593084565575
2113	748.8449951369375	0.0027721759731437496
2114	749.153389178913	0.0026673127932513923
2115	749.4618213425698	0.00256721935258639
2116	749.770291641794	0.002128599047243179
2117	750.0788000904718	0.0017221426070479944
2118	750.3873467024896	0.001357051636595716
2119	750.6959314917334	0.0008774405031122768
2120	751.0045544720899	0.000694927975583259
2121	751.3132156574451	0.00040614833684400023
2122	751.6219150616851	5.4896113174727156e-05
2123	751.9306526986963	8.351871891118622e-05
2124	752.239428582365	3.679472141416685e-05
2125	752.5482427265777	-5.310368348114881e-05
2126	752.8570951452201	-0.00017610365218061308
2127	753.1659858521788	-0.00010065585695811041
2128	753.47491486134	0.00015016548973627157
2129	753.78388218659	-0.00016724937398373483
2130	754.092887841815	3.515335992563146e-05
2131	754.4019318409013	-5.6016902746706456e-05
2132	754.7110141977349	6.234389504515255e-05
2133	755.0201349262026	0.0005819493968017505
2134	755.3292940401901	0.0011547199889116284
2135	755.638491553584	0.0014738426911259518
2136	755.9477274802704	0.0015650614879648046
2137	756.2570018341356	0.0017157713149693165
2138	756.5663146290658	0.0015482774723167456
2139	756.8756658789475	0.0018334514642772736
2140	757.1850555976666	0.0025291461084988556
2141	757.4944837991097	0.003057811050047246
2142	757.8039504971628	0.0032135438313424434
2143	758.1134557057122	0.0037504406157708773
2144	758.4229994386442	0.0038590566169179517
2145	758.7325817098451	0.003747741023465735
2146	759.042202533201	0.003886148475056977
2147	759.3518619225985	0.004172395955563779
2148	759.6615598919234	0.004324311583718334
2149	759.9712964550623	0.004359852424188458
2150	760.2810716259013	0.004375267729796296
2151	760.5908854183268	0.004034512929334355
2152	760.9007378462247	0.0036348930027722587
2153	761.2106289234817	0.0034427718658520496
2154	761.5205586639838	0.0027755489305590943
2155	761.8305270816173	0.0019728903284755876
2156	762.1405341902686	0.0014966403361682155
2157	762.4505800038237	0.001571669710698776
2158	762.7606645361691	0.001305384961153078
2159	763.0707878011908	0.0010129165599352193
2160	763.3809498127753	0.0007919495100242564
2161	763.6911505848087	0.00031074428428342314
2162	764.0013901311773	8.359613311805998e-05
2163	764.3116684657675	-0.0004942634483065926
2164	764.6219856024652	-0.0008490825912908354
2165	764.932341555157	-0.0007603275124348301
2166	765.2427363377292	-0.0006849361722872468
2167	765.5531699640676	-0.0008797309025405488
2168	765.863642448059	-0.0009944139738543446
2169	766.1741538035892	-0.001228476875813501
2170	766.4847040445447	-0.0013728872597133976
2171	766.795293184812	-0.001374873307523043
2172	767.1059212382768	-0.0010710373182508213
2173	767.4165882188256	-0.0009532237635935471
2174	767.7272941403448	-0.0007927138467776996
2175	768.0380390167205	-0.0008668958658297325
2176	768.3488228618389	-0.0005553385831065976
2177	768.6596456895867	-0.0005152518906146343
2178	768.9705075138495	-0.00030586632875722296
2179	769.2814083485139	0.00023311634275373312
2180	769.5923482074662	0.00043930716521152426
2181	769.9033271045926	0.00041250257818852785
2182	770.2143450537793	0.0008224750935985905
2183	770.5254020689126	0.0009784745933850147
2184	770.8364981638788	0.0006847130134299892
2185	771.147633352564	0.000903133576987116
2186	771.4588076488545	0.00102208715060755
2187	771.7700210666369	0.001302610219824247
2188	772.081273619797	0.0013114183355598275
2189	772.3925653222212	0.0012329060815737861
2190	772.703896187796	0.0013790544830302328
2191	773.0152662304072	0.001346652513231218
2192	773.3266754639413	0.0011511456332733677
2193	773.6381239022846	0.001043936580402428
2194	773.9496115593233	0.0008417840729819416
2195	774.2611384489439	0.0008875895115742303
2196	774.5727045850322	0.0007125721318697113
2197	774.8843099814748	0.0004990232225217551
2198	775.1959546521576	0.00035698234920270906
2199	775.5076386109674	0.0004895435235006278
2200	775.8193618717901	0.0007737586419916654
2201	776.1311244485119	0.0006011177671812866
2202	776.4429263550192	0.00045752223602377195
2203	776.7547676051981	5.7906619866770696e-05
2204	777.0666482129352	-0.00034978006269228274
2205	777.3785681921164	-0.0007959147955050843
2206	777.6905275566281	-0.0011915685720608183
2207	778.0025263203565	-0.0014104506665118361
2208	778.314564497188	-0.001764750148942775
2209	778.6266421010087	-0.0020637303896480475
2210	778.938759145705	-0.002562505824647544
2211	779.250915645163	-0.00309844336003897
2212	779.563111613269	-0.0033760718277841203
2213	779.8753470639093	-0.0033505314530437387
2214	780.1876220109701	-0.0040077978641061395
2215	780.4999364683379	-0.004631285189723238
2216	780.8122904498986	-0.004904127926793998
2217	781.1246839695386	-0.004979542707561031
2218	781.4371170411442	-0.005117203342690883
2219	781.7495896786016	-0.0045256834545494215
2220	782.0621018957971	-0.00455835170772024
2221	782.3746537066169	-0.004515869642910589
2222	782.6872451249473	-0.004492312059828205
2223	782.9998761646746	-0.004215591694963441
2224	783.3125468396848	-0.0037607587434495596
2225	783.6252571638646	-0.00330818020793049
2226	783.9380071510999	-0.0034334812406654172
2227	784.2507968152771	-0.0032751339397114145
2228	784.5636261702824	-0.0027533680463594275
2229	784.8764952300022	-0.0023317667003006698
2230	785.1894040083226	-0.0016462161369267818
2231	785.5023525191299	-0.0010570926989311388
2232	785.8153407763103	-0.0004018887818738074
2233	786.1283687937502	2.5846208394936964e-05
2234	786.4414365853356	0.00047629217242578346
2235	786.754544164953	0.0008674768853396376
2236	787.0676915464886	0.0009323892968910094
2237	787.3808787438287	0.0009705174909881302
2238	787.6941057708594	0.0012659352149005441
2239	788.0073726414671	0.0014879617740293197
2240	788.320679369538	0.0018794806817252327
2241	788.6340259689583	0.0022632471632321382
2242	788.9474124536143	0.002754571366731763
2243	789.2608388373924	0.0031586830817306693
2244	789.5743051341786	0.0034351651139472245
2245	789.8878113578594	0.0037260505361616063
2246	790.2013575223209	0.003844274154881415
2247	790.5149436414493	0.0037432106512179978
2248	790.8285697291311	0.0032441834012380756
2249	791.1422357992524	0.0032852214979546654
2250	791.4559418656994	0.003162470909689226
2251	791.7696879423584	0.0027712849220462065
2252	792.0834740431158	0.002268838238282302
2253	792.3973001818574	0.001959890868063462
2254	792.7111663724701	0.0015412808370570128
2255	793.0250726288398	0.0010268984924517077
2256	793.3390189648528	0.0009382525641661034
2257	793.6530053943954	0.0010946375424836959
2258	793.9670319313539	0.0011853536938730557
2259	794.2810985896143	0.0010574586755141737
2260	794.5952053830631	0.000761570221928101
2261	794.9093523255865	0.00026798948532925996
2262	795.2235394310707	0.00012454128910667413
2263	795.5377667134019	-0.0003108002621885104
2264	795.8520341864665	-0.00047304099990153693
2265	796.1663418641509	-0.0008118128949474628
2266	796.4806897603411	-0.0009843674065426128
2267	796.7950778889234	-0.0010372623787927276
2268	797.109506263784	-0.0011557740901632443
2269	797.4239748988093	-0.0015155461943631942
2270	797.7384838078856	-0.0015193219041097696
2271	798.0530330048988	-0.0010680467676534686
2272	798.3676225037356	-0.0007506980501901885
2273	798.6822523182819	-0.0003847605278694608
2274	798.9969224624243	-0.0003801199538193171
2275	799.3116329500489	-2.8484275254869083e-06
2276	799.6263837950419	0.0005199330011345366
2277	799.9411750112894	0.0010417781542623062
2278	800.2560066126779	0.0013807802483558002
2279	800.5708786130938	0.0018273015119207254
2280	800.885791026423	0.0017894799095466989
2281	801.2007438665518	0.0019374093741583262
2282	801.5157371473667	0.0019499059523317794
2283	801.8307708827539	0.002407073568333142
2284	802.1458450865996	0.0022888682129826054
2285	802.4609597727899	0.0026195656785512706
2286	802.7761149552111	0.002752565422169269
2287	803.0913106477498	0.00291195729267103
2288	803.406546864292	0.002928072552101499
2289	803.7218236187239	0.002951144521866211
2290	804.0371409249317	0.0028415283626226726
2291	804.3524987968018	0.002811709974362018
2292	804.6678972482206	0.0022927271726593218
2293	804.9833362930741	0.001970787657579115
2294	805.2988159452485	0.0017877172685398918
2295	805.6143362186305	0.002022349455246455
2296	805.9298971271058	0.002528745681061447
2297	806.245498684561	0.0025709999036773257
2298	806.5611409048822	0.0024277293785956006
2299	806.8768238019559	0.0021096723240323573
2300	807.1925473896681	0.001946315648678203
2301	807.5083116819051	0.0021086146008143253
2302	807.8241166925533	0.0017081177741367643
2303	808.1399624354988	0.0012566886727239774
2304	808.4558489246277	0.0006225544990539542
2305	808.7717761738268	1.8615373767297007e-05
2306	809.0877441969818	-0.00042075005453862596
2307	809.4037530079792	-0.0007787157816022259
2308	809.7198026207053	-0.0015422711319034953
2309	810.0358930490463	-0.0016588053673838345
2310	810.3520243068883	-0.0015163664118840947
2311	810.6681964081179	-0.0015393588983800444
2312	810.9844093666211	-0.0014688207382511566
2313	811.3006631962842	-0.001732526716847975
2314	811.6169579109934	-0.00158729247780763
2315	811.933293524635	-0.0012932156490822104
2316	812.2496700510954	-0.0015536842015696716
2317	812.5660875042608	-0.0017866147923972081
2318	812.8825458980173	-0.0019406950152052278
2319	813.1990452462513	-0.0021542591371506493
2320	813.5155855628489	-0.002501380576907239
2321	813.8321668616966	-0.0027659450402235863
2322	814.1487891566804	-0.003262268785651327
2323	814.4654524616867	-0.0028861715093251284
2324	814.7821567906019	-0.0024663679694030835
2325	815.0989021573118	-0.0025449960092671802
2326	815.4156885757033	-0.002646304185361718
2327	815.732516059662	-0.0023453573902919777
2328	816.0493846230746	-0.0017019650148510405
2329	816.3662942798271	-0.00134660129535118
2330	816.683245043806	-0.001086681234804045
2331	817.0002369288975	-0.0008530881058955215
2332	817.3172699489876	-0.0006755083801024101
2333	817.6343441179629	-0.0009519750862012974
2334	817.9514594497093	-0.0007886222273913316
2335	818.2686159581134	-0.0004291500498109186
2336	818.5858136570613	6.111661669429928e-05
2337	818.9030525604393	0.0004416981860948244
2338	819.2203326821334	0.00034428999673053503
2339	819.5376540360304	0.00010248353337212097
2340	819.855016636016	0.00015074432527650887
2341	820.1724204959768	0.00030248365383153024
2342	820.4898656297988	0.0004550833279690017
2343	820.8073520513686	0.0004496730392954197
2344	821.1248797745722	0.0006938992654971982
2345	821.4424488132959	0.0005001387413036151
2346	821.760059181426	0.0003164482937624564
2347	822.0777108928486	0.0007753192112531143
2348	822.3954039614503	0.00041024540582289303
2349	822.713138401117	-3.165265319984405e-05
2350	823.0309142257352	-0.0004913164704389136
2351	823.348731449191	-0.0006417932227474942
2352	823.6665900853707	-0.0010245545205843653
2353	823.9844901481605	-0.0014396165946067856
2354	824.3024316514467	-0.001824839900985244
2355	824.6204146091158	-0.0016601061027801951
2356	824.9384390350536	-0.001312489926969229
2357	825.2565049431468	-0.001606672202521482
2358	825.5746123472812	-0.0012928100073420087
2359	825.8927612613436	-0.0014766070054102226
2360	826.2109516992198	-0.0020613993391473346
2361	826.5291836747962	-0.0026138633285890545
2362	826.8474572019592	-0.0030458221987511433
2363	827.1657722945947	-0.0034892612369818734
2364	827.4841289665893	-0.0034448736620746167
2365	827.8025272318292	-0.003792128267650491
2366	828.1209671042006	-0.0038543115889489747
2367	828.4394485975897	-0.003971768945162368
2368	828.7579717258828	-0.004575539983419637
2369	829.0765365029663	-0.004989296303044579
2370	829.3951429427261	-0.005067483709840305
2371	829.713791059049	-0.005147915901881136
2372	830.0324808658206	-0.005028763358019297
2373	830.3512123769277	-0.004427031274572303
2374	830.6699856062563	-0.0038903692739674918
2375	830.9888005676927	-0.0040167502512365024
2376	831.3076572751231	-0.003990586221164678
2377	831.626555742434	-0.003795131728787713
2378	831.9454959835113	-0.003904293381122908
2379	832.2644780122414	-0.0038666131386563022
2380	832.5835018425108	-0.0034732165156147474
2381	832.9025674882054	-0.003409502945361726
2382	833.2216749632115	-0.0032118659379595325
2383	833.5408242814156	-0.0031521333362234346
2384	833.8600154567039	-0.003258358021536759
2385	834.1792485029624	-0.0031857067881612025
2386	834.4985234340776	-0.0025275576180312283
2387	834.8178402639355	-0.0020453566438311988
2388	835.1371990064229	-0.00183920371285739
2389	835.4565996754254	-0.0017260779348021013
2390	835.7760422848296	-0.0018264865357850385
2391	836.0955268485218	-0.0018022913603226154
2392	836.4150533803881	-0.0019229859684919037
2393	836.734621894315	-0.002181411140114686
2394	837.0542324041883	-0.001985167084756782
2395	837.3738849238946	-0.0021174741093753797
2396	837.6935794673201	-0.002028481899887872
2397	838.0133160483512	-0.0016041662194144304
2398	838.3330946808738	-0.0019150040541961967
2399	838.6529153787745	-0.001413221330768585
2400	838.9727781559393	-0.0009206554612204732
2401	839.2926830262546	-0.0010573680749395298
2402	839.6126300036067	-0.0015378262014176995
2403	839.9326191018818	-0.0019860078812298423
2404	840.252650334966	-0.001986735655135716
2405	840.5727237167458	-0.0023404045923510093
2406	840.8928392611073	-0.002797139316903159
2407	841.2129969819368	-0.003071843902455412
2408	841.5331968931206	-0.003555000400013888
2409	841.853439008545	-0.003619998266378195
2410	842.1737233420961	-0.003933350337318777
2411	842.4940499076602	-0.0036346811920984815
2412	842.8144187191236	-0.004054860740658105
2413	843.1348297903726	-0.0042165509083348035
2414	843.4552831352933	-0.004645221682868442
2415	843.7757787677721	-0.004765072257082235
2416	844.0963167016952	-0.004880928276044242
2417	844.416896950949	-0.004834536217102252
2418	844.7375195294196	-0.00539453473597426
2419	845.0581844509932	-0.005560547774858697
2420	845.3788917295561	-0.005888453673094102
2421	845.6996413789947	-0.006173071256601873
2422	846.0204334131951	-0.00652960166737529
2423	846.3412678460436	-0.006785265935870522
2424	846.6621446914265	-0.007008130619942909
2425	846.9830639632299	-0.006820329619420633
2426	847.3040256753403	-0.006693860975180198
2427	847.6250298416438	-0.0068084121266315184
2428	847.9460764760267	-0.006458796072210609
2429	848.2671655923754	-0.006347570820066576
2430	848.5882972045758	-0.006157501195824824
2431	848.9094713265144	-0.005962774452900216
2432	849.2306879720775	-0.005900744802000717
2433	849.5519471551512	-0.006167673083709779
2434	849.8732488896218	-0.0061021559007053035
2435	850.1945931893756	-0.006083996381362164
2436	850.5159800682989	-0.00614395838519588
2437	850.8374095402778	-0.005656293986578746
2438	851.1588816191987	-0.005398680745790213
2439	851.4803963189479	-0.004835404535347795
2440	851.8019536534115	-0.004978959217218205
2441	852.1235536364758	-0.004840955784184074
2442	852.4451962820272	-0.00463700267989874
2443	852.7668816039517	-0.004691502035206079
2444	853.0886096161356	-0.004247981652141187
2445	853.4103803324655	-0.004102733002310864
2446	853.7321937668272	-0.003910323217606549
2447	854.0540499331073	-0.003657208310780315
2448	854.3759488451918	-0.0032634926959348685
2449	854.6978905169672	-0.0035172759498603022
2450	855.0198749623195	-0.0036569037050852003
2451	855.3419021951352	-0.003733519686413011
2452	855.6639722293004	-0.0032424032875487583
2453	855.9860850787012	-0.0035099781664635543
2454	856.3082407572243	-0.003428563684677242
2455	856.6304392787556	-0.0034190619826201776
2456	856.9526806571815	-0.003802224609667572
2457	857.2749649063883	-0.00367944026893941
2458	857.5972920402621	-0.0038228730531595745
2459	857.9196620726893	-0.003916012798564794
2460	858.2420750175561	-0.004428721099792565
2461	858.5645308887487	-0.004919007822948461
2462	858.8870297001533	-0.005236585195813459
2463	859.2095714656564	-0.0054346196443956
2464	859.5321561991441	-0.005722273872481011
2465	859.8547839145026	-0.006097463370638664
2466	860.1774546256183	-0.006026410646277528
2467	860.5001683463774	-0.006312500516089534
2468	860.8229250906661	-0.006109639935364438
2469	861.1457248723707	-0.006366021883086286
2470	861.4685677053775	-0.006718485132132777
2471	861.7914536035727	-0.006901811445378395
2472	862.1143825808426	-0.007205446249655655
2473	862.4373546510734	-0.007394956684698776
2474	862.7603698281513	-0.007347541232229107
2475	863.0834281259627	-0.007343197089388669
2476	863.4065295583938	-0.0076822034829957565
2477	863.7296741393309	-0.007869491784501043
2478	864.0528618826601	-0.008475954623088146
2479	864.3760928022677	-0.008406032584177556
2480	864.6993669120402	-0.008870976221449486
2481	865.0226842258636	-0.009173384689703296
2482	865.3460447576243	-0.009331948269420454
2483	865.6694485212083	-0.009330906361481716
2484	865.9928955305022	-0.009058416285436056
2485	866.316385799392	-0.008621129719386994
2486	866.6399193417642	-0.008910619889444141
2487	866.9634961715047	-0.009030284638878274
2488	867.2871163025002	-0.008868267562570115
2489	867.6107797486367	-0.008498144977509343
2490	867.9344865238005	-0.008310368708393719
2491	868.2582366418776	-0.007932159464226778
2492	868.5820301167547	-0.007846933039812574
2493	868.9058669623179	-0.007733564543548768
2494	869.2297471924531	-0.007605971040243221
2495	869.5536708210471	-0.007723923188635099
2496	869.8776378619859	-0.007707160303792079
2497	870.2016483291559	-0.007470819568466658
2498	870.525702236443	-0.007138487302474855
2499	870.8497995977339	-0.006874701546203864
2500	871.1739404269144	-0.006507501068492925
2501	871.4981247378711	-0.006681619605813683
2502	871.8223525444903	-0.006122093074025623
2503	872.1466238606579	-0.006107285431666121
2504	872.4709387002605	-0.006210067340971513
2505	872.7952970771843	-0.005832000390522398
2506	873.1196990053153	-0.005589808608698308
2507	873.44414449854	-0.005353633787454612
2508	873.7686335707447	-0.00519846903357296
2509	874.0931662358154	-0.005654325579633432
2510	874.4177425076386	-0.005648567808568347
2511	874.7423624001005	-0.005691260993721323
2512	875.0670259270872	-0.005762889714227245
2513	875.3917331024852	-0.006300470121656962
2514	875.7164839401805	-0.006754800679164626
2515	876.0412784540596	-0.006842907540155877
2516	876.3661166580085	-0.006855769203084993
2517	876.6909985659138	-0.0069201460348108645
2518	877.0159241916615	-0.007203160627359013
2519	877.3408935491378	-0.0069042992293634475
2520	877.6659066522293	-0.006761605301184774
2521	877.9909635148218	-0.006970381622460128
2522	878.3160641508019	-0.006975924528345264
2523	878.6412085740557	-0.0074519244536094585
2524	878.9663967984695	-0.007459206878221468
2525	879.2916288379295	-0.007829878352925835
2526	879.6169047063221	-0.008062257771300008
2527	879.9422244175336	-0.008592816138944104
2528	880.2675879854498	-0.00894328180371851
2529	880.5929954239575	-0.009470674217121031
2530	880.9184467469427	-0.009500951341857605
2531	881.2439419682917	-0.009837286989306136
2532	881.5694811018906	-0.010031881333432443
2533	881.895064161626	-0.01011064795397243
2534	882.2206911613838	-0.010063364614052215
2535	882.5463621150506	-0.010141880140935259
2536	882.8720770365122	-0.011035512403440102
2537	883.1978359396554	-0.01156063615212458
2538	883.523638838366	-0.011779172641534342
2539	883.8494857465306	-0.01226565045227614
2540	884.1753766780351	-0.01226549183610963
2541	884.501311646766	-0.012343943378924397
2542	884.8272906666097	-0.01210584025478348
2543	885.1533137514521	-0.011978260682352374
2544	885.4793809151797	-0.01154226148282498
2545	885.8054921716786	-0.01184053031834304
2546	886.1316475348352	-0.011864124707917142
2547	886.4578470185356	-0.011692021568304617
2548	886.7840906366663	-0.011470396505259372
2549	887.1103784031133	-0.011360553542850767
2550	887.4367103317629	-0.011107897601254996
2551	887.7630864365016	-0.01093378271131709
2552	888.0895067312154	-0.010490852111296401
2553	888.4159712297906	-0.010397585449928156
2554	888.7424799461135	-0.010211527316890276
2555	889.0690328940702	-0.009976138235920529
2556	889.3956300875474	-0.009423374212196712
2557	889.7222715404307	-0.00881593587415547
2558	890.0489572666071	-0.008870642837104708
2559	890.3756872799621	-0.008746852712255988
2560	890.7024615943825	-0.008753559062510503
2561	891.0292802237544	-0.008874752898231567
2562	891.3561431819641	-0.007888527050657972
2563	891.6830504828976	-0.007795684955027692
2564	892.0100021404415	-0.007954419552468051
2565	892.3369981684818	-0.008045835912826012
2566	892.6640385809048	-0.007934887694579578
2567	892.9911233915971	-0.0072108543604646426
2568	893.3182526144444	-0.007135383734642144
2569	893.6454262633333	-0.006890881936148393
2570	893.9726443521502	-0.006951797795051361
2571	894.2999068947809	-0.007136106246785328
2572	894.627213905112	-0.007058684690341417
2573	894.9545653970295	-0.007297709056247746
2574	895.28196138442	-0.006928461611300201
2575	895.6094018811694	-0.007441860559886297
2576	895.9368869011643	-0.007756813501288302
2577	896.2644164582907	-0.008397678589207732
2578	896.591990566435	-0.00865056548793227
2579	896.9196092394833	-0.009060845633105188
2580	897.247272491322	-0.009333828902141121
2581	897.5749803358374	-0.009818669508417548
2582	897.9027327869154	-0.00997082188556331
2583	898.2305298584427	-0.010017980876745108
2584	898.5583715643053	-0.009977061240023547
2585	898.8862579183897	-0.010121252578308605
2586	899.2141889345819	-0.0102548465366149
2587	899.5421646267681	-0.010196840134947836
2588	899.8701850088348	-0.010731761223641684
2589	900.1982500946682	-0.010863571769282092
2590	900.5263598981545	-0.011060773665454899
2591	900.8545144331799	-0.011441309870387183
2592	901.1827137136308	-0.011715379842533473
2593	901.5109577533933	-0.011489876771026336
2594	901.8392465663538	-0.011956531304710687
2595	902.1675801663987	-0.01197071225411966
2596	902.4959585674138	-0.012237846359088414
2597	902.8243817832856	-0.01212867931582224
2598	903.1528498279004	-0.012246898176475092
2599	903.4813627151444	-0.012365324258078014
2600	903.8099204589039	-0.012470351032960098
2601	904.1385230730652	-0.012849676573302032
2602	904.4671705715144	-0.013157252289322557
2603	904.795862968138	-0.013255596398437463
2604	905.1246002768219	-0.013331966786902703
2605	905.4533825114526	-0.013056027017738394
2606	905.7822096859163	-0.012424458080018649
2607	906.1110818140994	-0.012705455096847174
2608	906.439998909888	-0.012234099199289236
2609	906.7689609871684	-0.011960956782763946
2610	907.0979680598267	-0.011671921463552861
2611	907.4270201417494	-0.01143896106334628
2612	907.7561172468226	-0.010948617057770392
2613	908.0852593889326	-0.01078870927919712
2614	908.4144465819656	-0.01055970768500915
2615	908.743678839808	-0.010244385327250513
2616	909.072956176346	-0.010119275279013969
2617	909.4022786054659	-0.00998412251037216
2618	909.731646141054	-0.010169061069516242
2619	910.0610587969961	-0.010563306931560115
2620	910.390516587179	-0.010345662643572126
2621	910.7200195254887	-0.01009552132952182
2622	911.0495676258115	-0.010753325417420441
2623	911.3791609020337	-0.010428920606079521
2624	911.7087993680416	-0.010983616705225746
2625	912.0384830377213	-0.010397609232282534
2626	912.3682119249592	-0.010042538544076279
2627	912.6979860436414	-0.009792716683204939
2628	913.0278054076543	-0.009590596193589424
2629	913.3576700308842	-0.009170687985030271
2630	913.6875799272171	-0.009285010073157077
2631	914.0175351105395	-0.00894331925848576
2632	914.3475355947376	-0.008888925782736834
2633	914.6775813936977	-0.009137054680397041
2634	915.0076725213058	-0.009043691548502385
2635	915.3378089914485	-0.00843553832255509
2636	915.6679908180118	-0.008769138219440677
2637	915.9982180148821	-0.009046922548182096
2638	916.3284905959457	-0.009264201302512574
2639	916.6588085750888	-0.009093533223654804
2640	916.9891719661974	-0.009221257687619269
2641	917.319580783158	-0.009052419076810975
2642	917.650035039857	-0.008881476830080679
2643	917.9805347501805	-0.009344318602167966
2644	918.3110799280147	-0.010142321128987233
2645	918.6416705872459	-0.010019536419626692
2646	918.9723067417605	-0.009754637470886616
2647	919.3029884054445	-0.009867481238861327
2648	919.6337155921843	-0.010267064689770723
2649	919.9644883158661	-0.010434668384416259
2650	920.2953065903763	-0.010280424111975274
2651	920.626170429601	-0.010394617619362787
2652	920.9570798474265	-0.01109575534792998
2653	921.2880348577388	-0.011290972178115085
2654	921.6190354744247	-0.011553685310123274
2655	921.9500817113701	-0.011825214818131225
2656	922.2811735824614	-0.012268714946540355
2657	922.6123111015847	-0.013028099474951977
2658	922.9434942826265	-0.01344665286320655
2659	923.2747231394728	-0.013669077948837203
2660	923.6059976860099	-0.013735234823582552
2661	923.937317936124	-0.013562278176483497
2662	924.2686839037017	-0.013333716820400136
2663	924.6000956026289	-0.013483215506364988
2664	924.931553046792	-0.013690354275054448
2665	925.2630562500774	-0.014161330211829316
2666	925.5946052263711	-0.01442525822980899
2667	925.9261999895592	-0.014861136089533345
2668	926.2578405535285	-0.01471235852638219
2669	926.5895269321649	-0.014426824594948026
2670	926.9212591393547	-0.014433746476501771
2671	927.2530371889841	-0.014797016964265584
2672	927.5848610949394	-0.014710350382131693
2673	927.916730871107	-0.014783108416863805
2674	928.2486465313731	-0.014939103377619297
2675	928.5806080896238	-0.014843844725682792
2676	928.9126155597455	-0.014580304596949398
2677	929.2446689556242	-0.014264343184615488
2678	929.5767682911467	-0.014176127808654447
2679	929.9089135801987	-0.014006621730924608
2680	930.2411048366668	-0.013722247040672386
2681	930.573342074437	-0.013010376131707508
2682	930.9056253073959	-0.012507076495401533
2683	931.2379545494294	-0.012397279069004995
2684	931.5703298144239	-0.012418331967600223
2685	931.9027511162657	-0.012788197021555717
2686	932.235218468841	-0.012330793278828087
2687	932.5677318860362	-0.011915257448311713
2688	932.9002913817372	-0.011813285699463244
2689	933.2328969698307	-0.011245429937517272
2690	933.5655486642028	-0.011160005544491418
2691	933.8982464787393	-0.011113713721932999
2692	934.2309904273272	-0.010359620886979639
2693	934.5637805238524	-0.010840097441184925
2694	934.896616782201	-0.010807444629366511
2695	935.2294992162596	-0.01072203911614509
2696	935.5624278399142	-0.010349299345391761
2697	935.8954026670511	-0.009948776165129434
2698	936.2284237115567	-0.010438290513697494
2699	936.5614909873171	-0.00996143100308013
2700	936.8946045082185	-0.009976962118198082
2701	937.2277642881475	-0.010409167244564291
2702	937.56097034099	-0.010205634886417975
2703	937.8942226806323	-0.010197214119146002
2704	938.2275213209608	-0.010051258051122388
2705	938.5608662758616	-0.009976242706758648
2706	938.8942575592213	-0.010640144058193865
2707	939.2276951849257	-0.011083122224765577
2708	939.5611791668612	-0.010930625650564067
2709	939.8947095189143	-0.011178098639229812
2710	940.2282862549708	-0.01090101479668908
2711	940.5619093889175	-0.01151373948067462
2712	940.8955789346403	-0.011750116040473609
2713	941.2292949060255	-0.011857518955689518
2714	941.5630573169594	-0.011859386434087578
2715	941.8968661813283	-0.012088950905023859
2716	942.2307215130184	-0.012046400643071217
2717	942.5646233259158	-0.012470023124641606
2718	942.8985716339072	-0.012769848055724498
2719	943.2325664508785	-0.012782538138369276
2720	943.5666077907159	-0.013785134219371255
2721	943.9006956673059	-0.01394777624476501
2722	944.2348300945346	-0.014038273742406614
2723	944.5690110862884	-0.015214983381835752
2724	944.9032386564533	-0.014642267727833778
2725	945.2375128189158	-0.014666783924472215
2726	945.571833587562	-0.014716063080412792
2727	945.9062009762783	-0.015396405762105686
2728	946.2406149989508	-0.015180963004648376
2729	946.575075669466	-0.015408505405983635
2730	946.9095830017098	-0.015763769480413654
2731	947.2441370095688	-0.015806110604182116
2732	947.578737706929	-0.015449870114606535
2733	947.913385107677	-0.01524899280476368
2734	948.2480792256986	-0.015794410297428563
2735	948.5828200748804	-0.01590236756356793
2736	948.9176076691083	-0.01539767545122117
2737	949.2524420222691	-0.015303288765713248
2738	949.5873231482485	-0.015165822412273485
2739	949.9222510609331	-0.014787045116834905
2740	950.2572257742091	-0.014823069068752977
2741	950.5922473019626	-0.015015419032075232
2742	950.9273156580801	-0.014375043839522032
2743	951.2624308564476	-0.014200258548916267
2744	951.5975929109518	-0.014123493574049103
2745	951.9328018354782	-0.014318322601342233
2746	952.2680576439137	-0.014641947846289236
2747	952.6033603501445	-0.01416625241576913
2748	952.9387099680565	-0.013812330214714796
2749	953.2741065115363	-0.013425992633981065
2750	953.60954999447	-0.013897989371664922
2751	953.9450404307437	-0.013407823564136681
2752	954.2805778342441	-0.01347022136225067
2753	954.616162218857	-0.013323837820609611
2754	954.9517935984688	-0.012708794686649585
2755	955.287471986966	-0.012299196642712937
2756	955.6231973982345	-0.011875155677057471
2757	955.9589698461609	-0.012265230953618325
2758	956.2947893446312	-0.01252192293788053
2759	956.6306559075316	-0.01223919548406902
2760	956.9665695487487	-0.01157969232292378
2761	957.3025302821684	-0.010869957678059233
2762	957.6385381216771	-0.01030195806900503
2763	957.9745930811612	-0.010971672958489618
2764	958.3106951745066	-0.011032382119331285
2765	958.6468444155998	-0.011016257201696071
2766	958.983040818327	-0.011647875116812697
2767	959.3192843965747	-0.01124162624452173
2768	959.6555751642288	-0.011043785923747617
2769	959.9919131351757	-0.010862805488749712
2770	960.3282983233017	-0.010992313369115164
2771	960.6647307424929	-0.011210756008413692
2772	961.0012104066357	-0.011247424406490625
2773	961.3377373296163	-0.011959633890005764
2774	961.6743115253211	-0.012072570631427918
2775	962.010933007636	-0.012645507269137586
2776	962.3476017904476	-0.012757923118644774
2777	962.6843178876422	-0.011728100975567125
2778	963.0210813131057	-0.012258379379943328
2779	963.3578920807246	-0.013610770757323448
2780	963.6947502043851	-0.013544647396245127
2781	964.0316556979735	-0.013478987801628173
2782	964.3686085753761	-0.013051191346961928
2783	964.7056088504789	-0.013103827334908037
2784	965.0426565371685	-0.013628953492866934
2785	965.3797516493308	-0.01461242888544964
2786	965.7168942008526	-0.014581688889312676
2787	966.0540842056196	-0.014291248872541058
2788	966.3913216775181	-0.014744975971077445
2789	966.7286066304347	-0.014548383301017478
2790	967.0659390782555	-0.01476452990800649
2791	967.4033190348667	-0.015337419211950434
2792	967.7407465141546	-0.016070907433695072
2793	968.0782215300054	-0.01510283635655883
2794	968.4157440963054	-0.015244456850798506
2795	968.7533142269408	-0.015883760134797132
2796	969.0909319357979	-0.015725186019241645
2797	969.4285972367633	-0.016167451716558263
2798	969.7663101437226	-0.015317561906881131
2799	970.1040706705625	-0.015613171872522381
2800	970.441878831169	-0.015591508058717542
2801	970.7797346394286	-0.01550794918915449
2802	971.1176381092274	-0.015993906093513265
2803	971.4555892544518	-0.016236346658628407
2804	971.7935880889878	-0.016589164658491463
2805	972.131634626722	-0.01614763942537427
2806	972.4697288815405	-0.015480415066230782
2807	972.8078708673295	-0.01570536114726562
2808	973.1460605979752	-0.015483523935508692
2809	973.4842980873639	-0.016091842248676175
2810	973.822583349382	-0.016205963133186483
2811	974.1609163979156	-0.01628947465329045
2812	974.499297246851	-0.015385649958157242
2813	974.8377259100746	-0.015864020474601698
2814	975.1762024014723	-0.015488267901043599
2815	975.5147267349308	-0.015323557368220046
2816	975.8532989243361	-0.014975372790457147
2817	976.1919189835744	-0.01582398007375297
2818	976.5305869265321	-0.015923874328766855
2819	976.8693027670954	-0.015026225984277896
2820	977.2080665191506	-0.015224498993905511
2821	977.546878196584	-0.01483100539526241
2822	977.8857378132818	-0.013949369261257808
2823	978.2246453831299	-0.013517118218932768
2824	978.5636009200151	-0.014472966707103282
2825	978.9026044378237	-0.01396914177263141
2826	979.2416559504414	-0.013058995359581037
2827	979.5807554717546	-0.012660411075251864
2828	979.91990301565	-0.01271409893147143
2829	980.2590985960135	-0.012412956283498923
2830	980.5983422267315	-0.01230238235695843
2831	980.9376339216901	-0.011751840172614911
2832	981.2769736947756	-0.01127454166071657
2833	981.6163615598743	-0.011169507867107489
2834	981.9557975308726	-0.012187004230916502
2835	982.2952816216565	-0.011327474167729855
2836	982.6348138461124	-0.012086668581721357
2837	982.9743942181265	-0.011762434099280036
2838	983.3140227515851	-0.012181012047769158
2839	983.6536994603745	-0.012270535937090437
2840	983.9934243583807	-0.012066860248309105
2841	984.3331974594903	-0.011846332986463353
2842	984.6730187775894	-0.01194228172909107
2843	985.0128883265642	-0.012468823596031447
2844	985.352806120301	-0.012203448742509653
2845	985.692772172686	-0.01368855665838592
2846	986.0327864976057	-0.01340833787574812
2847	986.3728491089461	-0.012666388565041407
2848	986.7129600205935	-0.013724617447590988
2849	987.0531192464343	-0.01441150493975465
2850	987.3933268003547	-0.013459851089273054
2851	987.7335826962408	-0.0133733286996929
2852	988.073886947979	-0.013437899942870845
2853	988.4142395694555	-0.013876318229739558
2854	988.7546405745567	-0.0140913465978352
2855	989.0950899771684	-0.014407191233589038
2856	989.4355877911775	-0.013534007201496917
2857	989.7761340304698	-0.013413467523563588
2858	990.1167287089319	-0.014554419257893277
2859	990.4573718404497	-0.01430732525046909
2860	990.7980634389097	-0.013813785755771843
2861	991.1388035181978	-0.014552405730837013
2862	991.4795920922008	-0.014695409146109794
2863	991.8204291748048	-0.01476045214656867
2864	992.1613147798957	-0.015001715726888454
2865	992.5022489213601	-0.015957163465987162
2866	992.8432316130841	-0.01720191350619526
2867	993.184262868954	-0.01734277508845002
2868	993.5253427028562	-0.01722762081097504
2869	993.8664711286767	-0.01881018602682624
2870	994.2076481603018	-0.01792603213987188
2871	994.548873811618	-0.01683362991460186
2872	994.8901480965113	-0.01622897349599721
2873	995.2314710288682	-0.01676072263483976
2874	995.5728426225746	-0.017314129650390125
2875	995.9142628915171	-0.01678488071919257
2876	996.2557318495818	-0.015173831986632984
2877	996.5972495106549	-0.016242471227400676
2878	996.9388158886228	-0.017038317839270047
2879	997.2804309973717	-0.01707291446222777
2880	997.6220948507878	-0.01669008095813825
2881	997.9638074627575	-0.01689070537821966
2882	998.3055688471667	-0.016180460782310713
2883	998.6473790179022	-0.01645238468946959
2884	998.9892379888498	-0.016194039496963044
2885	999.3311457738959	-0.015417622671480606
2886	999.6731023869269	-0.015570960782078879
2887	1000.0151078418289	-0.015984722709500923
2888	1000.3571621524881	-0.015269003841267259
2889	1000.699265332791	-0.015727707538061665
2890	1001.0414173966237	-0.01471743957467993
2891	1001.3836183578723	-0.015374325140727747
2892	1001.7258682304233	-0.015577115054667825
2893	1002.068167028163	-0.014245711138433674
2894	1002.4105147649773	-0.014500006414462266
2895	1002.7529114547528	-0.014045323771509922
2896	1003.0953571113758	-0.01400360930109754
2897	1003.4378517487322	-0.014906956684110122
2898	1003.7803953807086	-0.014925960719238069
2899	1004.1229880211911	-0.014155362318190281
2900	1004.4656296840657	-0.013657932505924609
2901	1004.8083203832192	-0.014055307198450322
2902	1005.1510601325374	-0.013462775263992284
2903	1005.493848945907	-0.012722526367220417
2904	1005.8366868372138	-0.011817739034896928
2905	1006.1795738203442	-0.011721846197219795
2906	1006.5225099091847	-0.011925775248919294
2907	1006.8654951176211	-0.012621342903260238
2908	1007.2085294595402	-0.012898973132859507
2909	1007.5516129488279	-0.012701541268423294
2910	1007.8947455993704	-0.01250954071843917
2911	1008.2379274250543	-0.012766029642715762
2912	1008.5811584397654	-0.012794756927315909
2913	1008.9244386573904	-0.013346049326712607
2914	1009.2677680918152	-0.013664439892060995
2915	1009.6111467569264	-0.014202345509360847
2916	1009.95457466661	-0.013564861159352236
2917	1010.2980518347522	-0.012866704698837746
2918	1010.6415782752396	-0.01379234478159007
2919	1010.985154001958	-0.013342880028276487
2920	1011.3287790287941	-0.013628895960904733
2921	1011.6724533696338	-0.01397086200205765
2922	1012.0161770383636	-0.013375437410761819
2923	1012.3599500488696	-0.013280693954112422
2924	1012.7037724150382	-0.013194854595090757
2925	1013.0476441507554	-0.014203283992602801
2926	1013.3915652699079	-0.013852722573278098
2927	1013.7355357863815	-0.013416742099461478
2928	1014.0795557140627	-0.013093465994414199
2929	1014.4236250668378	-0.012713416096417464
2930	1014.7677438585927	-0.012750636226021296
2931	1015.1119121032142	-0.014479703103899469
2932	1015.456129814588	-0.015088339534883479
2933	1015.8003970066009	-0.01519651836716692
2934	1016.1447136931387	-0.01629907298106179
2935	1016.489079888088	-0.016362079238112795
2936	1016.8334956053347	-0.01704299488746268
2937	1017.1779608587655	-0.016684491006691043
2938	1017.5224756622662	-0.016851942924644918
2939	1017.8670400297232	-0.0178858010147068
2940	1018.2116539750231	-0.018099265939131224
2941	1018.5563175120516	-0.016838896456287198
2942	1018.9010306546954	-0.01737591150292435
2943	1019.2457934168406	-0.01653331294512313
2944	1019.5906058123733	-0.016442636607207396
2945	1019.9354678551801	-0.016697949089923933
2946	1020.2803795591469	-0.017979696447220524
2947	1020.6253409381601	-0.018159689017462087
2948	1020.9703520061062	-0.0165171145127541
2949	1021.315412776871	-0.017178867142394392
2950	1021.6605232643411	-0.017533438535654592
2951	1022.0056834824026	-0.017269235800988
2952	1022.3508934449418	-0.016834452375838756
2953	1022.696153165845	-0.01718253880154214
2954	1023.0414626589983	-0.01648084828233363
2955	1023.3868219382881	-0.01567114442743374
2956	1023.7322310176007	-0.01600179163884331
2957	1024.0776899108223	-0.016081844796521447
2958	1024.423198631839	-0.016222336297366968
2959	1024.7687571945373	-0.01643224131292977
2960	1025.1143656128033	-0.015722655704107292
2961	1025.4600239005233	-0.014364350297916998
2962	1025.8057320715836	-0.0141941917174436
2963	1026.1514901398705	-0.015001819165115574
2964	1026.49729811927	-0.015636566400439655
2965	1026.8431560236686	-0.014877831388236104
2966	1027.1890638669524	-0.013752495279492597
2967	1027.535021663008	-0.013556763275220268
2968	1027.881029425721	-0.013285768496222303
2969	1028.2270871689782	-0.014103562689419457
2970	1028.573194906666	-0.013077425112534489
2971	1028.91935265267	-0.01317576313591291
2972	1029.2655604208771	-0.012362099590902037
2973	1029.6118182251732	-0.01241023993341842
2974	1029.9581260794446	-0.01342158882170586
2975	1030.3044839975776	-0.012881423973700937
2976	1030.6508919934583	-0.013205924649389817
2977	1030.9973500809733	-0.012792368845902026
2978	1031.3438582740087	-0.01316528833180197
2979	1031.6904165864505	-0.012316612434223896
2980	1032.0370250321853	-0.01207932576621001
2981	1032.3836836250991	-0.011253050563713063
2982	1032.7303923790787	-0.010451516652043134
2983	1033.0771513080097	-0.011927749723485459
2984	1033.4239604257784	-0.012982367663298432
2985	1033.7708197462714	-0.011225758423880265
2986	1034.1177292833747	-0.010959400942832433
2987	1034.464689050975	-0.010529548499948582
2988	1034.811699062958	-0.009583631338866968
2989	1035.1587593332101	-0.01053532354471087
2990	1035.5058698756177	-0.010433978678623385
2991	1035.8530307040671	-0.009003069622795543
2992	1036.2002418324444	-0.010074235611952347
2993	1036.5475032746358	-0.009597074631981938
2994	1036.8948150445278	-0.01070716958022192
2995	1037.2421771560066	-0.009544291804272874
2996	1037.589589622958	-0.009618526460407843
2997	1037.9370524592691	-0.009492622203447713
2998	1038.2845656788254	-0.009005969262813501
2999	1038.6321292955136	-0.009232906031313715
3000	1038.9797433232195	-0.00922516189462901
3001	1039.32740777583	-0.008633247035486947
3002	1039.6751226672307	-0.009048011284372746
3003	1040.0228880113086	-0.010042383430208638
3004	1040.3707038219493	-0.011462986513981904
3005	1040.718570113039	-0.011950650108890078
3006	1041.0664868984645	-0.010268712089218007
3007	1041.4144541921119	-0.011251316044929738
3008	1041.7624720078672	-0.011538900916640905
3009	1042.1105403596168	-0.011539428021760636
3010	1042.458659261247	-0.013837466393324198
3011	1042.806828726644	-0.012238306645859474
3012	1043.155048769694	-0.013644877052266757
3013	1043.5033194042835	-0.013752850834056045
3014	1043.8516406442986	-0.013042775809279242
3015	1044.2000125036254	-0.012908706716557437
3016	1044.5484349961505	-0.013760753289255767
3017	1044.8969081357598	-0.013207877612726996
3018	1045.2454319363396	-0.012888380064821963
3019	1045.5940064117765	-0.0128172292597194
3020	1045.9426315759565	-0.013136070926025954
3021	1046.2913074427659	-0.013783933107091936
3022	1046.6400340260907	-0.01509440978236177
3023	1046.9888113398176	-0.014239210290517813
3024	1047.3376393978326	-0.014336924666925184
3025	1047.686518214022	-0.014534922346227275
3026	1048.035447802272	-0.014639442267880299
3027	1048.384428176469	-0.014825461827873051
3028	1048.7334593504993	-0.015319731019340465
3029	1049.082541338249	-0.01641315049234306
3030	1049.4316741536043	-0.01520098792600149
3031	1049.7808578104516	-0.014943936149476518
3032	1050.130092322677	-0.014752214082038539
3033	1050.4793777041668	-0.014041223158257917
3034	1050.8287139688075	-0.014437646985808354
3035	1051.1781011304852	-0.014008191879620352
3036	1051.527539203086	-0.01412652592046624
3037	1051.8770282004964	-0.015571472209721155
3038	1052.2265681366023	-0.015851457743484766
3039	1052.5761590252905	-0.01578481098356846
3040	1052.9258008804466	-0.01694688535412684
3041	1053.2754937159573	-0.01661838536628995
3042	1053.625237545709	-0.015455787821059754
3043	1053.9750323835876	-0.01597206213704581
3044	1054.3248782434796	-0.01611026615881137
3045	1054.6747751392709	-0.015763904315134497
3046	1055.0247230848481	-0.015042382061441572
3047	1055.3747220940973	-0.014863534492995876
3048	1055.724772180905	-0.01481047532646833
3049	1056.074873359157	-0.015045660612882495
3050	1056.42502564274	-0.014983560094564174
3051	1056.7752290455398	-0.015283082854220692
3052	1057.1254835814432	-0.015800199156563152
3053	1057.4757892643363	-0.016270026235392625
3054	1057.826146108105	-0.015623368865037738
3055	1058.1765541266357	-0.014102822169806984
3056	1058.527013333815	-0.015352080520651063
3057	1058.8775237435289	-0.016973946589087605
3058	1059.2280853696634	-0.015196964770249158
3059	1059.5786982261052	-0.01765894734555136
3060	1059.9293623267404	-0.016880288044306566
3061	1060.2800776854551	-0.017458658012608978
3062	1060.630844316136	-0.015463600012693963
3063	1060.981662232669	-0.017035271884832066
3064	1061.33253144894	-0.017083453966928258
3065	1061.683451978836	-0.017365026122793104
3066	1062.034423836243	-0.018002483313956305
3067	1062.3854470350468	-0.017816561757470175
3068	1062.7365215891343	-0.0181360524777084
3069	1063.0876475123914	-0.02036990717894412
3070	1063.4388248187045	-0.020320482765877414
3071	1063.7900535219599	-0.020059907097144978
3072	1064.1413336360433	-0.019366256846844156
3073	1064.492665174842	-0.0209045951236006
3074	1064.8440481522414	-0.021192940822678707
3075	1065.195482582128	-0.021599859997626508
3076	1065.546968478388	-0.023496722326934633
3077	1065.8985058549079	-0.024439969704563084
3078	1066.2500947255737	-0.025972816496490855
3079	1066.601735104272	-0.025792208940840146
3080	1066.9534270048885	-0.025224561230614673
3081	1067.3051704413097	-0.025297963539386598
3082	1067.6569654274222	-0.024351622503017308
3083	1068.0088119771117	-0.02493376228093196
3084	1068.3607101042649	-0.025362127090272222
3085	1068.712659822768	-0.025637187937438948
3086	1069.0646611465068	-0.02638264800549518
3087	1069.4167140893683	-0.026271058748992153
3088	1069.768818665238	-0.026163964522234847
3089	1070.1209748880026	-0.026883142856049747
3090	1070.4731827715484	-0.025457871165239118
3091	1070.8254423297617	-0.02602773083155395
3092	1071.1777535765282	-0.026289642066035856
3093	1071.5301165257347	-0.026806038203685024
3094	1071.8825311912672	-0.026712931636508643
3095	1072.2349975870122	-0.02577530532722906
3096	1072.5875157268558	-0.02543277995059042
3097	1072.9400856246841	-0.024556380994406643
3098	1073.2927072943835	-0.024392996206119854
3099	1073.6453807498403	-0.025278228077864714
3100	1073.998106004941	-0.025268212316188306
3101	1074.3508830735714	-0.024989008264057373
3102	1074.7037119696179	-0.02497014678387208
3103	1075.056592706967	-0.024981284626654107
3104	1075.4095252995044	-0.02414589478938464
3105	1075.7625097611171	-0.02323016920875523
3106	1076.1155461056908	-0.024467586382839995
3107	1076.468634347112	-0.024619171994592397
3108	1076.8217744992667	-0.022679814398254287
3109	1077.1749665760412	-0.02233891020501024
3110	1077.5282105913222	-0.021987601912046534
3111	1077.8815065589956	-0.022294569728847604
3112	1078.2348544929478	-0.023333188102142653
3113	1078.5882544070648	-0.023202888670671256
3114	1078.9417063152332	-0.023192174789716982
3115	1079.2952102313388	-0.022387615044819804
3116	1079.6487661692684	-0.02272948004409738
3117	1080.0023741429077	-0.023431173494149714
3118	1080.3560341661434	-0.02464346383785584
3119	1080.7097462528616	-0.026654263778197605
3120	1081.0635104169487	-0.027306692600576866
3121	1081.4173266722908	-0.028172017186956236
3122	1081.771195032774	-0.02877423316983341
3123	1082.1251155122848	-0.02868537587052936
3124	1082.4790881247093	-0.029329766940965764
3125	1082.8331128839338	-0.030255286343081687
3126	1083.1871898038448	-0.030805567348121538
3127	1083.5413188983282	-0.030943397819942403
3128	1083.8955001812706	-0.031118237940762794
3129	1084.2497336665579	-0.031811178877088245
3130	1084.6040193680767	-0.0348071538444302
3131	1084.9583572997128	-0.034089328022192424
3132	1085.3127474753528	-0.03367660419277696
3133	1085.667189908883	-0.03390511175489806
3134	1086.0216846141893	-0.033977362376360384
3135	1086.3762316051586	-0.03574292643277725
3136	1086.7308308956765	-0.03649320576194046
3137	1087.0854824996295	-0.03561071813603308
3138	1087.440186430904	-0.033740934209959876
3139	1087.7949427033861	-0.03556069569026253
3140	1088.149751330962	-0.037745305285310296
3141	1088.504612327518	-0.03678377219826808
3142	1088.8595257069405	-0.03899051461931578
3143	1089.2144914831158	-0.037968421912855
3144	1089.5695096699299	-0.038046933529050246
3145	1089.924580281269	-0.03956136377112629
3146	1090.2797033310198	-0.03861525778712367
3147	1090.6348788330681	-0.040501614593269245
3148	1090.9901068013003	-0.041254395151563296
3149	1091.3453872496027	-0.04111382386460473
3150	1091.7007201918616	-0.04055515095064532
3151	1092.0561056419633	-0.04211221260802429
3152	1092.4115436137938	-0.042473327281165284
3153	1092.7670341212395	-0.04335964095077506
3154	1093.1225771781867	-0.043156381622969704
3155	1093.4781727985219	-0.04216454740196005
3156	1093.8338209961307	-0.04393389125801425
3157	1094.1895217849	-0.04409108899665089
3158	1094.5452751787157	-0.044483571397606586
3159	1094.901081191464	-0.04571014682429939
3160	1095.2569398370315	-0.04580339618796329
3161	1095.6128511293043	-0.047329537510493826
3162	1095.9688150821685	-0.046352514366911124
3163	1096.3248317095106	-0.04621514407880911
3164	1096.6809010252166	-0.0461501613813292
3165	1097.037023043173	-0.046498206406418024
3166	1097.3931977772659	-0.04865077197841242
3167	1097.7494252413815	-0.04818062808332397
3168	1098.1057054494065	-0.047994854915043156
3169	1098.4620384152265	-0.04836766522412262
3170	1098.818424152728	-0.04730669244184515
3171	1099.1748626757976	-0.04734548701008529
3172	1099.531353998321	-0.04785223499216901
3173	1099.8878981341852	-0.04919863163784593
3174	1100.2444950972756	-0.04905721506902108
3175	1100.6011449014788	-0.04849521578216021
3176	1100.9578475606813	-0.04933494832260032
3177	1101.3146030887692	-0.05057127162781429
3178	1101.671411499629	-0.049999261555101565
3179	1102.028272807146	-0.05015437703509998
3180	1102.3851870252076	-0.05054173063232231
3181	1102.7421541676995	-0.05088409653439442
3182	1103.099174248508	-0.05143134701442917
3183	1103.4562472815194	-0.05352655870135762
3184	1103.81337328062	-0.05314499329103693
3185	1104.170552259696	-0.05298501605213787
3186	1104.5277842326336	-0.05240912732723466
3187	1104.8850692133194	-0.052709325863695616
3188	1105.242407215639	-0.052217085566224376
3189	1105.5997982534793	-0.05253689050335964
3190	1105.9572423407262	-0.050741025824794166
3191	1106.3147394912662	-0.051787175323457536
3192	1106.6722897189854	-0.05268892871874874
3193	1107.0298930377699	-0.05151747803006173
3194	1107.3875494615063	-0.05219803755663306
3195	1107.7452590040805	-0.05151011034534838
3196	1108.103021679379	-0.05235126328676989
3197	1108.460837501288	-0.052059868304484974
3198	1108.8187064836939	-0.05196113257448066
3199	1109.1766286404825	-0.052951607271782844
3200	1109.5346039855406	-0.053158921643398825
3201	1109.8926325327543	-0.052389508495331825
3202	1110.2507142960096	-0.05004079374912618
3203	1110.608849289193	-0.05158206040583893
3204	1110.9670375261906	-0.05155551880297393
3205	1111.3252790208887	-0.050581477437786376
3206	1111.6835737871738	-0.05057472475631409
3207	1112.0419218389318	-0.052847205395007466
3208	1112.4003231900492	-0.05272160157145925
3209	1112.758777854412	-0.052824310747720496
3210	1113.117285845907	-0.05216774467771717
3211	1113.4758471784198	-0.05116540167838043
3212	1113.8344618658368	-0.05187655362569215
3213	1114.1931299220446	-0.04978947503500539
3214	1114.5518513609293	-0.047821400875305856
3215	1114.910626196377	-0.0481399989980483
3216	1115.269454442274	-0.04855094070193424
3217	1115.6283361125068	-0.04853126558671376
3218	1115.9872712209615	-0.044644677450307244
3219	1116.3462597815242	-0.04470940571358926
3220	1116.7053018080812	-0.045667445008193884
3221	1117.064397314519	-0.047299985437949804
3222	1117.4235463147238	-0.04654555494581019
3223	1117.7827488225817	-0.04652637132489674
3224	1118.1420048519788	-0.048140705734261324
3225	1118.5013144168017	-0.04543023208127794
3226	1118.8606775309365	-0.04625698370491902
3227	1119.2200942082695	-0.04509977846989417
3228	1119.5795644626871	-0.043693713843129006
3229	1119.9390883080753	-0.04262855843510753
3230	1120.2986657583203	-0.04138654017458062
3231	1120.6582968273087	-0.04338865887941982
3232	1121.0179815289264	-0.04323771308134868
3233	1121.37771987706	-0.044483862025148084
3234	1121.7375118855953	-0.042615558352689306
3235	1122.097357568419	-0.0441769085483591
3236	1122.4572569394172	-0.045055268420685655
3237	1122.8172100124762	-0.04232650988686599
3238	1123.1772168014822	-0.041074361593416486
3239	1123.5372773203214	-0.040345433606156965
3240	1123.8973915828801	-0.04058925844730633
3241	1124.2575596030447	-0.03891753362574617
3242	1124.617781394701	-0.037805683812765056
3243	1124.978056971736	-0.03942097357714821
3244	1125.338386348035	-0.03976739176730761
3245	1125.6987695374853	-0.03983667452758987
3246	1126.0592065539727	-0.03880552443451729
3247	1126.4196974113831	-0.040049980730963726
3248	1126.780242123603	-0.0392088807819858
3249	1127.140840704519	-0.03880246284987021
3250	1127.5014931680169	-0.03862169738882742
3251	1127.8621995279832	-0.036787052688911887
3252	1128.2229597983041	-0.03708094119157966
3253	1128.5837739928659	-0.03869712632841272
3254	1128.9446421255545	-0.03832730683063034
3255	1129.305564210257	-0.039903326938372424
3256	1129.6665402608587	-0.04037411373956974
3257	1130.0275702912465	-0.040758217015393935
3258	1130.3886543153062	-0.04171044583240877
3259	1130.7497923469243	-0.0402379508828009
3260	1131.1109843999873	-0.03887706802612677
3261	1131.472230488381	-0.040093696607819175
3262	1131.833530625992	-0.03912360349954506
3263	1132.1948848267064	-0.03872256173291131
3264	1132.55629310441	-0.03873113183139663
3265	1132.9177554729902	-0.040541554911725355
3266	1133.2792719463323	-0.03811719796112548
3267	1133.6408425383227	-0.040994045768697245
3268	1134.0024672628479	-0.037758934453878186
3269	1134.364146133794	-0.039786388670944035
3270	1134.7258791650474	-0.040463382038531094
3271	1135.0876663704942	-0.03867492945138828
3272	1135.4495077640208	-0.038350116515871134
3273	1135.8114033595132	-0.03863348277185885
3274	1136.173353170858	-0.039457614750052716
3275	1136.5353572119411	-0.03577845080550559
3276	1136.8974154966493	-0.03440631721945737
3277	1137.2595280388682	-0.03666316223810563
3278	1137.6216948524843	-0.03800296318262159
3279	1137.983915951384	-0.03736205308877482
3280	1138.3461913494536	-0.03660138686232462
3281	1138.708521060579	-0.0379168987511119
3282	1139.0709050986468	-0.0407357492964586
3283	1139.4333434775433	-0.038090254611360404
3284	1139.7958362111542	-0.0371951986672249
3285	1140.1583833133666	-0.036758679329496245
3286	1140.5209847980661	-0.03761093668216895
3287	1140.883640679139	-0.037150787993605064
3288	1141.246350970472	-0.038573036013443945
3289	1141.6091156859507	-0.03846300559703058
3290	1141.9719348394622	-0.03683187515947387
3291	1142.334808444892	-0.03523723586503926
3292	1142.6977365161265	-0.03529575715754926
3293	1143.0607190670526	-0.036251727452043164
3294	1143.4237561115556	-0.03838422192721578
3295	1143.7868476635224	-0.03822554268389674
3296	1144.149993736839	-0.03836748980729148
3297	1144.5131943453916	-0.03663634934968354
3298	1144.8764495030669	-0.03700860910247069
3299	1145.2397592237505	-0.033498726689112024
3300	1145.6031235213293	-0.035033890348600126
3301	1145.9665424096893	-0.03667384054686741
3302	1146.3300159027162	-0.038854350528427985
3303	1146.6935440142972	-0.032435951909247765
3304	1147.057126758318	-0.03229315069682202
3305	1147.420764148665	-0.035345405903194335
3306	1147.7844561992245	-0.03412818481001312
3307	1148.1482029238825	-0.033861057654303944
3308	1148.5120043365255	-0.0371630723438413
3309	1148.87586045104	-0.03617485970580448
3310	1149.2397712813115	-0.03353332401751482
3311	1149.603736841227	-0.03452406293684869
3312	1149.9677571446723	-0.0344795517872826
3313	1150.3318322055338	-0.03155770480705461
3314	1150.6959620376979	-0.034702987629761234
3315	1151.0601466550509	-0.033110185283153064
3316	1151.4243860714787	-0.033544983719593476
3317	1151.7886803008678	-0.034165234529468805
3318	1152.1530293571043	-0.03235147741590835
3319	1152.5174332540746	-0.029119451438126942
3320	1152.881892005665	-0.029691937958507157
3321	1153.2464056257618	-0.030513077126518663
3322	1153.6109741282507	-0.030664835263610885
3323	1153.9755975270189	-0.03015709035091615
3324	1154.3402758359518	-0.029787691121255448
3325	1154.705009068936	-0.03132439983472716
3326	1155.069797239858	-0.033772153707157755
3327	1155.4346403626037	-0.031636028335570075
3328	1155.7995384510596	-0.028474224125856578
3329	1156.1644915191114	-0.02964485472172543
3330	1156.5294995806462	-0.03005726701891871
3331	1156.8945626495497	-0.033476130985938844
3332	1157.259680739708	-0.029837467865045774
3333	1157.6248538650082	-0.03038844033881177
3334	1157.9900820393357	-0.028283258305948772
3335	1158.3553652765772	-0.02943471723294086
3336	1158.7207035906188	-0.02462778604207176
3337	1159.0860969953467	-0.023604454573219275
3338	1159.4515455046471	-0.025106818563998767
3339	1159.8170491324065	-0.02506432922728114
3340	1160.1826078925112	-0.026579087672712064
3341	1160.5482217988472	-0.028078235640757593
3342	1160.9138908653008	-0.03187650619763635
3343	1161.2796151057585	-0.026637649550659448
3344	1161.6453945341061	-0.027884495440820115
3345	1162.0112291642304	-0.028413633958146153
3346	1162.3771190100172	-0.029289910692375645
3347	1162.743064085353	-0.029666963229591243
3348	1163.109064404124	-0.026638480939895404
3349	1163.4751199802165	-0.028600901070763494
3350	1163.8412308275165	-0.028108466169071082
3351	1164.2073969599105	-0.030220511367851054
3352	1164.573618391285	-0.027529549136498646
3353	1164.9398951355258	-0.02838877216986783
3354	1165.3062272065192	-0.02861546618006637
3355	1165.6726146181518	-0.026049826057976375
3356	1166.0390573843097	-0.025644716857590167
3357	1166.405555518879	-0.02564217620890666
3358	1166.7721090357459	-0.029882843044241093
3359	1167.138717948797	-0.029773761195532253
3360	1167.5053822719185	-0.027642832035743376
3361	1167.8721020189962	-0.028184729230502168
3362	1168.238877203917	-0.024445855584622176
3363	1168.6057078405668	-0.02751623012346871
3364	1168.9725939428315	-0.026411558416799062
3365	1169.3395355245982	-0.03163968645434893
3366	1169.7065325997523	-0.028729372600399605
3367	1170.0735851821808	-0.027999396618097343
3368	1170.4406932857696	-0.026992375323686934
3369	1170.8078569244049	-0.028022723631132042
3370	1171.175076111973	-0.026367771791299316
3371	1171.5423508623603	-0.030198995566229802
3372	1171.9096811894528	-0.03445079454629217
3373	1172.277067107137	-0.03093059641017633
3374	1172.6445086292993	-0.027598451589021165
3375	1173.0120057698255	-0.029036909893548037
3376	1173.379558542602	-0.030466695371295847
3377	1173.747166961515	-0.025538512884999195
3378	1174.114831040451	-0.024139188009257073
3379	1174.4825507932965	-0.02643733543053134
3380	1174.850326233937	-0.03108571744217417
3381	1175.2181573762591	-0.027482344798795355
3382	1175.5860442341493	-0.03054729645226892
3383	1175.9539868214936	-0.026070587264233877
3384	1176.3219851521785	-0.02407082799901626
3385	1176.6900392400898	-0.03156687277137564
3386	1177.0581490991144	-0.024734300749435133
3387	1177.426314743138	-0.0274918354906536
3388	1177.794536186047	-0.029139158488022038
3389	1178.1628134417276	-0.028310770778542077
3390	1178.5311465240663	-0.026447580883491847
3391	1178.8995354469491	-0.027305227034918514
3392	1179.2679802242628	-0.024893225223208554
3393	1179.636480869893	-0.02290106310941107
3394	1180.0050373977258	-0.024621220366140686
3395	1180.3736498216483	-0.027167830509494777
3396	1180.742318155546	-0.025506775014033214
3397	1181.1110424133055	-0.021428081507117867
3398	1181.4798226088133	-0.024020686889465664
3399	1181.848658755955	-0.027025433076261055
3400	1182.2175508686175	-0.02537739492429974
3401	1182.5864989606866	-0.021620537650440086
3402	1182.9555030460488	-0.02104876938878814
3403	1183.3245631385903	-0.02303400596762972
3404	1183.6936792521974	-0.02270601304228269
3405	1184.0628514007562	-0.021376224105834406
3406	1184.4320795981532	-0.02303076064960689
3407	1184.8013638582745	-0.02710948077926565
3408	1185.1707041950062	-0.023661641897200998
3409	1185.5401006222348	-0.024288803714678835
3410	1185.9095531538467	-0.019276705922467843
3411	1186.2790618037277	-0.018803784347436733
3412	1186.6486265857643	-0.023088217581855273
3413	1187.0182475138429	-0.020486171108025593
3414	1187.3879246018496	-0.02325669033027904
3415	1187.7576578636706	-0.0231451641146767
3416	1188.1274473131923	-0.020683802916944622
3417	1188.4972929643009	-0.021891943996597312
3418	1188.8671948308825	-0.022729083190071962
3419	1189.2371529268237	-0.01936960463955646
3420	1189.6071672660103	-0.020232996518715428
3421	1189.977237862329	-0.02328031427748748
3422	1190.3473647296657	-0.029602680851366085
3423	1190.717547881907	-0.028489108508624638
3424	1191.087787332939	-0.02462759796119547
3425	1191.4580830966477	-0.023458498818061252
3426	1191.8284351869197	-0.02425352389842221
3427	1192.1988436176412	-0.02472646246894814
3428	1192.5693084026984	-0.023230502065424315
3429	1192.9398295559772	-0.02232027838525661
3430	1193.3104070913646	-0.022871695283307177
3431	1193.6810410227465	-0.028050114894723616
3432	1194.0517313640091	-0.022134510101172015
3433	1194.4224781290386	-0.021563295254400257
3434	1194.7932813317213	-0.016233690841877077
3435	1195.1641409859435	-0.017862593178542628
3436	1195.5350571055917	-0.01638823496693725
3437	1195.9060297045514	-0.01772598443073857
3438	1196.2770587967098	-0.02203935333399731
3439	1196.6481443959526	-0.020635282956608523
3440	1197.0192865161662	-0.019830344998075917
3441	1197.3904851712368	-0.017201637204220837
3442	1197.7617403750507	-0.018025798499924934
3443	1198.1330521414939	-0.022017798315274645
3444	1198.5044204844532	-0.02128396085640606
3445	1198.8758454178146	-0.015559167938080527
3446	1199.2473269554641	-0.017601158506468196
3447	1199.6188651112884	-0.013816684341124444
3448	1199.9904598991734	-0.015398108254019388
3449	1200.3621113330055	-0.01889885176079774
3450	1200.7338194266708	-0.015579634827732579
3451	1201.1055841940558	-0.014325501383184508
3452	1201.477405649047	-0.016306333784631713
3453	1201.84928380553	-0.018849456213128276
3454	1202.221218677391	-0.021150690558865648
3455	1202.593210278517	-0.01894286766556731
3456	1202.965258622794	-0.013033948224208364
3457	1203.337363724108	-0.01861039912400091
3458	1203.7095255963454	-0.021343427326073548
3459	1204.0817442533923	-0.02588247079710225
3460	1204.4540197091353	-0.02663425223879305
3461	1204.8263519774605	-0.022527424861702814
3462	1205.198741072254	-0.01819040014997902
3463	1205.5711870074022	-0.018407938324935553
3464	1205.9436897967912	-0.01414026532116154
3465	1206.3162494543076	-0.012520459598712874
3466	1206.6888659938375	-0.015189603874232528
3467	1207.0615394292668	-0.016070871879391678
3468	1207.4342697744821	-0.01483993601554858
3469	1207.8070570433697	-0.018555634297427546
3470	1208.1799012498157	-0.021294820337978176
3471	1208.5528024077066	-0.0146596285291211
3472	1208.9257605309283	-0.014766730571493188
3473	1209.2987756333673	-0.026664706720595094
3474	1209.6718477289098	-0.02478463874220474
3475	1210.044976831442	-0.022358642857951586
3476	1210.4181629548502	-0.01678903260007709
3477	1210.7914061130207	-0.02170456598701503
3478	1211.1647063198398	-0.02695633184211396
3479	1211.5380635891936	-0.016574378796010366
3480	1211.9114779349684	-0.01340913916851637
3481	1212.2849493710505	-0.009785098161511428
3482	1212.6584779113261	-0.008630643952179017
3483	1213.0320635696817	-0.026232814229544942
3484	1213.405706360003	-0.02021861979532214
3485	1213.7794062961768	-0.019211614134854532
3486	1214.1531633920893	-0.018091557918742087
3487	1214.5269776616265	-0.017570182493369592
3488	1214.9008491186748	-0.01885371846089933
3489	1215.2747777771203	-0.0243630640313881
3490	1215.6487636508496	-0.00924396927593061
3491	1216.0228067537487	-0.014519466945083001
3492	1216.3969070997039	-0.016022495042350017
3493	1216.7710647026015	-0.015378007885441575
3494	1217.1452795763275	-0.010869015386342747
3495	1217.5195517347686	-0.010140388053916732
3496	1217.8938811918108	-0.011570971098138679
3497	1218.2682679613401	-0.0074427526342577995
3498	1218.6427120572434	-0.008554510861086377
3499	1219.0172134934064	-0.014644484821818942
3500	1219.391772283716	-0.015211322370420482
3501	1219.7663884420574	-0.01784294625740979
3502	1220.1410619823178	-0.010177145277647941
3503	1220.5157929183829	-0.013680291430896357
3504	1220.8905812641394	-0.00995799832223314
3505	1221.2654270334733	-0.013110546683807425
3506	1221.640330240271	-0.006749752344613078
3507	1222.0152908984182	-0.005545907651800203
3508	1222.390309021802	-0.011820702228945315
3509	1222.7653846243084	-0.016861081332863747
3510	1223.1405177198233	-0.015795535942004772
3511	1223.5157083222332	-0.014471065543007441
3512	1223.890956445424	-0.02098318659455556
3513	1224.2662621032828	-0.023354159894280378
3514	1224.641625309695	-0.025278898050261237
3515	1225.0170460785475	-0.009502931021726143
3516	1225.392524423726	-0.015490525426903613
3517	1225.768060359117	-0.01974592851161599
3518	1226.143653898607	-0.012329016304995886
3519	1226.5193050560817	-0.011602481698834577
3520	1226.8950138454281	-0.017676577792910285
3521	1227.2707802805317	-0.013398242333435227
3522	1227.6466043752794	-0.013708915823250739
3523	1228.0224861435568	-0.016919929293392606
3524	1228.3984255992507	-0.009477084844217453
3525	1228.774422756247	-0.0029019236274562083
3526	1229.1504776284323	-0.0012250710851302023
3527	1229.5265902296928	-0.011203988162737436
3528	1229.9027605739143	-0.004677387539056622
3529	1230.2789886749836	-0.01372968935974215
3530	1230.6552745467868	-0.018050248589090583
3531	1231.03161820321	-0.011819929766144155
3532	1231.4080196581394	-0.00783002220812281
3533	1231.7844789254616	-0.013604214517452869
3534	1232.1609960190626	-0.012803274434676763
3535	1232.537570952829	-0.00598591711747297
3536	1232.9142037406464	-0.013034427837075091
3537	1233.2908943964014	-0.0062779705621999376
3538	1233.6676429339807	-0.009413169580250812
3539	1234.0444493672699	-0.02063928075839352
3540	1234.4213137101556	-0.016848295697403582
3541	1234.798235976524	-0.014009481749217439
3542	1235.175216180261	-0.009995173099858416
3543	1235.5522543352533	-0.01000840260115394
3544	1235.9293504553875	-0.016384124664769985
3545	1236.3065045545488	-0.01777135697789041
3546	1236.6837166466244	-0.010816250775007514
3547	1237.0609867455	-0.02239827596291915
3548	1237.4383148650622	-0.01371757017974376
3549	1237.815701019197	-0.007952936574215856
3550	1238.193145221791	0.0009643320212223667
3551	1238.57064748673	-0.015571716003328982
3552	1238.9482078279004	-0.006505424851595797
3553	1239.3258262591887	-0.0033029707371632607
3554	1239.703502794481	-0.012394413148928774
3555	1240.0812374476636	-0.014773714479950182
3556	1240.4590302326226	-0.019753540530143155
3557	1240.8368811632442	-0.006484550370733586
3558	1241.2147902534152	-0.018346787485887448
3559	1241.5927575170213	-0.011680204663272272
3560	1241.970782967949	-0.011443283551069964
3561	1242.3488666200842	-0.018872839227149343
3562	1242.7270084873137	-0.010105659287442406
3563	1243.1052085835236	-0.010455571524724094
3564	1243.4834669226	-0.007745381439245246
3565	1243.861783518429	-0.013453435818270305
3566	1244.2401583848973	-0.0251240782608014
3567	1244.6185915358908	-0.021951521484060498
3568	1244.997082985296	-0.016335831488522443
3569	1245.375632746999	-0.01864509098478989
3570	1245.754240834886	-0.022157451871561415
3571	1246.1329072628437	-0.030657086580931615
3572	1246.5116320447576	-0.010908707624876628
3573	1246.8904151945144	-0.007357447906966344
3574	1247.2692567260005	-0.0156640584670663
3575	1247.648156653102	-0.011773694367078955
3576	1248.0271149897048	-0.010742913203387983
3577	1248.4061317496958	-0.012556342207789886
3578	1248.7852069469611	-0.016851827133267147
3579	1249.1643405953864	-0.02073360224725565
3580	1249.5435327088587	-0.019094781894667515
3581	1249.9227833012637	-0.01971730217428081
3582	1250.3020923864879	-0.01965828563925611
3583	1250.6814599784175	-0.022381326626155298
3584	1251.0608860909388	-0.016924982918645904
3585	1251.440370737938	-0.020708553364059
3586	1251.8199139333017	-0.01510950538182403
3587	1252.1995156909156	-0.00786101682793093
3588	1252.5791760246664	-0.010426645406633425
3589	1252.95889494844	-0.018536890060344743
3590	1253.3386724761228	-0.03127246759885246
3591	1253.7185086216011	-0.026579501038292964
3592	1254.098403398761	-0.027669040905972622
3593	1254.4783568214893	-0.011190176986127278
3594	1254.8583689036716	0.0005817628016876399
3595	1255.2384396591942	-0.01142806848640357
3596	1255.6185691019439	-0.008708940700108712
3597	1255.9987572458065	-0.00466451337500702
3598	1256.3790041046684	-0.008466975036833819
3599	1256.7593096924156	-0.01330923028886986
3600	1257.139674022935	-0.01852610760723585
3601	1257.5200971101121	-0.015552033589320884
3602	1257.9005789678336	-0.0072588537628033535
3603	1258.2811196099858	-0.018690252663065964
3604	1258.6617190504546	-0.023193378145499124
3605	1259.0423773031268	-0.02373502744543648
3606	1259.4230943818882	-0.016296788000865804
3607	1259.8038703006248	-0.011994576918024566
3608	1260.1847050732235	-0.012128730790334998
3609	1260.5655987135704	-0.008758805358109559
3610	1260.9465512355514	-0.013266056659113101
3611	1261.3275626530533	-0.021983285333770867
3612	1261.7086329799617	-0.014359319358907621
3613	1262.0897622301636	-0.007504020253878583
3614	1262.4709504175446	-0.012449089665742265
3615	1262.8521975559916	-0.002170836554505522
3616	1263.2335036593902	-0.003407328336860252
3617	1263.6148687416269	-0.019871698598850237
3618	1263.996292816588	-0.018815084819030378
3619	1264.3777758981598	-0.011255582504205268
3620	1264.7593180002286	-0.012443368317898464
3621	1265.1409191366806	-0.013046899998111278
3622	1265.522579321402	-0.014498757301270102
3623	1265.904298568279	-0.01224503084576447
3624	1266.286076891198	-0.005929777204110629
3625	1266.6679143040449	-0.010517779379658105
3626	1267.0498108207066	-0.01350407526473356
3627	1267.431766455069	-0.014266692825039583
3628	1267.8137812210182	-0.01150190134045457
3629	1268.1958551324408	-0.014461394460029581
3630	1268.5779882032227	-0.016301532756131526
3631	1268.9601804472504	-0.016129986698908846
3632	1269.3424318784103	-0.02113013048628792
3633	1269.7247425105882	-0.01548569100745604
3634	1270.1071123576708	-0.006356587937084758
3635	1270.4895414335438	-0.017141970501472804
3636	1270.872029752094	-0.0015222426720605305
3637	1271.2545773272075	-0.011289010450282536
3638	1271.6371841727705	-0.024149035747078412
3639	1272.0198503026693	-0.016083955668980052
3640	1272.4025757307902	-0.025290365761899906
3641	1272.7853604710192	-0.03277545530655085
3642	1273.168204537243	-0.032084189396089716
3643	1273.5511079433475	-0.026249927196517028
3644	1273.934070703219	-0.021922466957349247
3645	1274.3170928307438	-0.01155815489230407
3646	1274.7001743398082	-0.012068677110081515
3647	1275.0833152442985	-0.03387753639927196
3648	1275.466515558101	-0.03440724107253636
