Index	Wavelength	Intensity
1	171.0036843215852	-0.11584778065087299
2	171.23380252856805	0.05187875846873278
3	171.46397004958132	-0.20302935326930305
4	171.69418686025367	0.004088711426797332
5	171.92445293621375	0.05269338305703357
6	172.15476825309023	-0.06383260294573571
7	172.3851327865117	0.22238123500527401
8	172.61554651210685	nan
9	172.8460094055043	0.024521137987011825
10	173.07652144233273	0.07047883819916008
11	173.30708259822075	-0.24405759268771124
12	173.537692848797	-0.13143855539132915
13	173.76835216969016	-0.20972977180908603
14	173.99906053652884	-0.17972968591306715
15	174.22981792494173	nan
16	174.46062431055742	-0.05125442535810078
17	174.6914796690046	0.1078327622854504
18	174.92238397591188	-0.11956650637460109
19	175.15333720690793	0.3797102415886867
20	175.38433933762138	-0.08776018263374018
21	175.6153903436809	0.10603273813655759
22	175.8464902007151	0.11303891171605085
23	176.07763888435264	0.09073635351268686
24	176.3088363702222	0.08098137649536308
25	176.54008263395235	0.11360458780006327
26	176.7713776511718	0.11728839412331099
27	177.00272139750916	0.15349663470376818
28	177.2341138485931	0.08170822704432083
29	177.46555498005225	0.045427919318001234
30	177.69704476751525	-0.13509616663077262
31	177.92858318661078	-0.021853099378381962
32	178.16017021296744	0.0
33	178.39180582221388	0.09036034276032004
34	178.62348998997876	-0.020614739109762734
35	178.85522269189076	0.03016131212823492
36	179.08700390357845	0.10637379685488833
37	179.31883360067053	0.13257052428280677
38	179.55071175879564	-0.0407141592131703
39	179.7826383535824	-0.09418369477437066
40	180.01461336065947	0.48944877532913744
41	180.2466367556555	0.10138113763594103
42	180.47870851419913	0.05414320878072619
43	180.710828611919	0.06571681870991888
44	180.94299702444374	0.020239506506261346
45	181.17521372740205	0.055706034107327385
46	181.40747869642252	0.1960256194463887
47	181.63979190713383	0.03361055271311233
48	181.8721533351646	0.03269738928135566
49	182.10456295614347	-0.010417780683834213
50	182.33702074569914	0.011493013381264638
51	182.56952667946018	0.5141127809389916
52	182.80208073305528	0.0076489304517148166
53	183.0346828821131	-0.051648462933370116
54	183.26733310226223	-0.0109973641405017
55	183.50003136913136	0.14061588058875552
56	183.7327776583491	-0.06991936259219178
57	183.96557194554416	-0.0039936886854820275
58	184.1984142063451	0.0026600065593186464
59	184.4313044163806	-0.2107684512639367
60	184.66424255127936	-0.11886458138342644
61	184.89722858666994	0.17699396690312658
62	185.13026249818105	-0.035449266919314555
63	185.36334426144128	0.10803930341350734
64	185.59647385207933	0.13560853586142205
65	185.8296512457238	0.17246184224952318
66	186.06287641800333	0.0007497065599191173
67	186.29614934454662	-0.039898716779832796
68	186.52947000098226	-0.14292262412010598
69	186.76283836293894	-0.09310391346877803
70	186.99625440604527	-0.03777606966626591
71	187.22971810592992	-0.09202089087819457
72	187.4632294382215	0.11052825873107783
73	187.6967883785487	-0.00390041545888066
74	187.93039490254014	-0.3028281503480921
75	188.16404898582445	-0.0016183657168441085
76	188.3977506040303	-0.059783754686766936
77	188.63149973278635	-0.03579875952453525
78	188.86529634772123	0.015040257440118984
79	189.09914042446354	0.12477438777519685
80	189.333031938642	0.057291715041727975
81	189.5669708658852	0.012864939114668947
82	189.8009571818218	-0.005989108542401525
83	190.03499086208046	0.07651890936463406
84	190.2690718822898	0.09996943631735548
85	190.5032002180785	0.7835693839636609
86	190.73737584507518	-0.027166805520142695
87	190.97159873890848	-0.015829068914772523
88	191.20586887520705	-0.07611999480076502
89	191.44018622959956	0.08058210853453328
90	191.67455077771461	0.0
91	191.9089624951809	0.09563335751916105
92	192.14342135762703	-0.08448932245983534
93	192.37792734068165	0.08396575519116352
94	192.61248041997345	-0.03285356769829065
95	192.84708057113102	-0.015875977026305145
96	193.08172776978301	-0.005857140800982532
97	193.31642199155812	-0.4160311844344667
98	193.55116321208493	0.15306969315634633
99	193.7859514069921	-0.05344809859105348
100	194.0207865519083	-0.02035230374971332
101	194.25566862246217	-0.012531873955464108
102	194.49059759428232	-0.06410894896238659
103	194.72557344299744	-0.06325272794749445
104	194.96059614423615	-0.14270063095140287
105	195.19566567362713	-0.22297841396576457
106	195.43078200679898	0.09125336891102996
107	195.66594511938035	0.0893581996475562
108	195.9011549869999	-0.04467018955138745
109	196.13641158528628	0.17103446717573015
110	196.37171488986812	-0.053637162240206836
111	196.6070648763741	-0.2163713817395528
112	196.8424615204328	-0.05064128935787614
113	197.07790479767291	-0.020031035045671098
114	197.3133946837231	0.11396249767912107
115	197.54893115421194	0.09003235034890503
116	197.78451418476814	0.012528891008752827
117	198.02014375102033	-0.004605651180637781
118	198.25581982859714	0.0019619626068295704
119	198.49154239312722	-0.014556881486519194
120	198.72731142023923	0.0004290969359167507
121	198.9631268855618	0.023892549750668436
122	199.19898876472357	0.07324145580176145
123	199.4348970333532	0.004207134308648943
124	199.67085166707932	0.011831036892444718
125	199.9068526415306	-0.03311917882177515
126	200.14289993233567	-0.035325750700868755
127	200.37899351512317	0.07272770822315244
128	200.61513336552173	0.06143563781690564
129	200.85131945916004	0.0012285486504749425
130	201.0875517716667	-0.036586844025097126
131	201.32383027867039	0.039753093294439906
132	201.56015495579976	0.003897805860400213
133	201.7965257786834	0.04691840441442886
134	202.03294272295	0.1460070675453893
135	202.2694057642282	-0.06327816728787153
136	202.50591487814663	-0.048450124648704324
137	202.74247004033396	0.019406252398714696
138	202.97907122641882	-0.0279660352789297
139	203.21571841202984	-0.02571351381338704
140	203.4524115727957	-0.034729432550454686
141	203.689150684345	-0.01699969843415295
142	203.92593572230646	0.028358743592222964
143	204.16276666230863	-0.00758199371869641
144	204.39964347998023	-0.016205314919865807
145	204.63656615094988	-0.007506639449127636
146	204.87353465084618	-0.0015776680733290312
147	205.11054895529784	-0.009262368931176664
148	205.3476090399335	0.00359509660770331
149	205.58471488038177	-0.008681546486371847
150	205.8218664522713	-0.3113215081913673
151	206.05906373123076	0.07710763815196357
152	206.2963066928888	0.06963303863378442
153	206.53359531287404	0.0400071515343947
154	206.7709295668151	0.01982161647510539
155	207.00830943034072	0.009219073365203698
156	207.24573487907944	-0.008177617862394224
157	207.48320588865994	0.005999193558903274
158	207.7207224347109	0.0
159	207.9582844928609	0.005017237159317992
160	208.19589203873866	-0.03398022959278002
161	208.43354504797279	-0.06972256454752511
162	208.67124349619192	-0.09075241826576894
163	208.9089873590247	-0.07725086795829046
164	209.1467766120998	-0.007340876566819622
165	209.38461123104585	0.002799769196834308
166	209.6224911914915	0.013640779865134348
167	209.86041646906537	-0.012448862611870995
168	210.09838703939613	-0.0017839486847402164
169	210.3364028781124	-0.028151443438339384
170	210.57446396084288	-0.010980152922449693
171	210.81257026321617	-0.006800825088851436
172	211.0507217608609	-0.008212880300120018
173	211.28891842940578	-0.01919013892176753
174	211.52716024447938	-0.02043292027012194
175	211.7654471817104	-0.0352361827901236
176	212.00377921672748	-0.02290716705970258
177	212.24215632515921	-0.0537725492428106
178	212.48057848263431	0.0017055999577783101
179	212.71904566478136	-0.031846308653107794
180	212.95755784722905	-0.01175164698688198
181	213.19611500560603	-0.042286779384367104
182	213.4347171155409	-0.0582995935452957
183	213.67336415266234	0.0005735230922574138
184	213.91205609259902	-0.0050732977312246096
185	214.1507929109795	-0.022025400611980925
186	214.38957458343248	-0.017413790235169885
187	214.62840108558663	0.0025414131590633503
188	214.86727239307055	0.01452419296193247
189	215.1061884815129	0.00439505827002344
190	215.34514932654236	0.01964714458431823
191	215.5841549037875	0.0024054847451582605
192	215.823205188877	-0.021880776682529208
193	216.06230015743955	-0.004727894303007662
194	216.30143978510375	-0.02341043060165005
195	216.54062404749823	-0.20759307511857022
196	216.77985292025167	-0.0149793783778491
197	217.01912637899272	-0.07499253122741598
198	217.25844439934997	-0.015207447375819153
199	217.49780695695213	0.053280603845352485
200	217.73721402742783	0.016408768594648498
201	217.97666558640566	-0.002650293521453433
202	218.21616160951436	0.0028756570163774274
203	218.45570207238248	-0.0030501507093085678
204	218.69528695063875	-0.018564285172047824
205	218.93491621991174	0.0002917268348279151
206	219.17458985583013	-0.03468337258626632
207	219.41430783402257	-0.06784832265092158
208	219.6540701301177	-0.018495896345039394
209	219.89387671974418	-0.05706579631565113
210	220.13372757853062	-0.016742542840207195
211	220.3736226821057	-0.0402986486721467
212	220.61356200609805	-0.03427059677339426
213	220.8535455261363	-0.02329596429491059
214	221.0935732178491	-0.015253716570632958
215	221.33364505686512	0.01774663915803317
216	221.573761018813	-0.004306907259623839
217	221.81392107932135	-0.019398821276978243
218	222.05412521401888	-0.011808658949509561
219	222.29437339853416	-0.043575402807126566
220	222.53466560849589	-0.012491071531940151
221	222.7750018195327	-0.024310234678429785
222	223.0153820072732	0.0007945381865429799
223	223.25580614734608	0.0009342964782289472
224	223.49627421537997	0.0
225	223.73678618700353	0.03567930055750018
226	223.97734203784537	0.007105016417564478
227	224.21794174353417	-0.057268901648047675
228	224.45858527969855	0.013819834554013099
229	224.69927262196717	-0.0018994018563165465
230	224.94000374596868	0.006649029066499478
231	225.18077862733173	0.023197397571026828
232	225.42159724168494	-0.00024618595959386737
233	225.66245956465696	-0.02271352130553141
234	225.90336557187644	-0.0010841673876354728
235	226.144315238972	0.014400016229356431
236	226.38530854157236	-0.010986380026059167
237	226.6263454553061	0.011078811185177284
238	226.86742595580188	-0.007988319892077843
239	227.10855001868836	-0.022352720328612373
240	227.34971761959417	-0.01071446781022348
241	227.59092873414795	-0.00704718945080756
242	227.83218333797836	0.0016431301657228396
243	228.07348140671402	0.002121371115354211
244	228.31482291598363	0.026559319262915326
245	228.55620784141576	-0.0016862151016260483
246	228.7976361586391	0.013878842915053919
247	229.0391078432823	0.018415109048228438
248	229.280622870974	-0.02196587430473653
249	229.52218121734282	-0.007658889460778112
250	229.76378285801744	0.007373720025541867
251	230.00542776862648	-0.015801424330318226
252	230.2471159247986	-0.01722346141348453
253	230.48884730216244	0.0
254	230.73062187634665	0.012570243399907956
255	230.97243962297986	-0.04856156282312361
256	231.21430051769073	0.005191989130763403
257	231.4562045361079	-0.00783719715124033
258	231.69815165386	-0.00604923691343849
259	231.9401418465757	-0.018289981380405336
260	232.18217508988363	-0.02946667705394015
261	232.42425135941244	-0.0009531654270044519
262	232.6663706307908	-0.023621440858530282
263	232.9085328796473	-0.005718460641251408
264	233.15073808161063	0.003086074160784224
265	233.3929862123094	-0.023242703520179986
266	233.6352772473723	-0.014694127366166333
267	233.87761116242797	-0.021979504345987055
268	234.119987933105	-0.01912736582636378
269	234.36240753503208	-0.0228107314189506
270	234.60486994383785	-0.008254959561607024
271	234.84737513515094	-0.01201303241504474
272	235.08992308460003	-0.01884113878398782
273	235.33251376781374	0.017181838957248664
274	235.57514716042067	0.011856225984498266
275	235.81782323804956	-0.01863934246844659
276	236.06054197632898	-0.017525227304313287
277	236.30330335088763	-0.02402625568480951
278	236.5461073373541	-0.03943304475775131
279	236.7889539113571	-0.030042581381509104
280	237.03184304852522	-0.018383203270569273
281	237.2747747244871	-0.016958950095936575
282	237.51774891487142	0.009593885546784016
283	237.76076559530682	0.0023524297293675196
284	238.00382474142194	-0.015799744913359934
285	238.2469263288454	0.014791636733161216
286	238.4900703332059	0.02580233170748851
287	238.73325673013204	-0.014470967031597125
288	238.97648549525246	-0.03322218856164488
289	239.21975660419585	-0.03181270474613857
290	239.46307003259082	-0.003209721149050292
291	239.70642575606604	0.018134550393728174
292	239.94982375025012	-0.01589286386762091
293	240.1932639907717	-0.02514872856720618
294	240.4367464532595	-0.007118214479200432
295	240.6802711133421	-0.010801119906805115
296	240.92383794664812	-0.011284831075941304
297	241.16744692880627	-0.005236754604631321
298	241.4110980354452	-0.012698822803997306
299	241.65479124219348	0.0012951090449530916
300	241.89852652467982	0.006536147814026934
301	242.14230385853284	-0.005446489716930815
302	242.3861232193812	-0.009266701326671588
303	242.62998458285352	-0.007905683530236133
304	242.87388792457847	-0.020204530011099554
305	243.1178332201847	-0.006058302307662553
306	243.3618204453008	0.0004882184502139411
307	243.6058495755555	7.559935297667174e-05
308	243.84992058657738	-0.011577327341204636
309	244.0940334539951	-0.009504758771034879
310	244.33818815343733	-0.01160508513387621
311	244.58238466053268	-0.012878463656914045
312	244.8266229509098	-0.018034057731184047
313	245.07090300019738	-0.00023773165637000428
314	245.315224784024	0.0050962956104432374
315	245.55958827801834	-0.006965541538062546
316	245.80399345780904	-0.016250338250617304
317	246.04844029902478	-0.004242638530702155
318	246.29292877729415	-0.011220939730259477
319	246.53745886824584	0.02759173811350825
320	246.78203054750844	-0.003700117725796423
321	247.02664379071064	-0.007011486144940013
322	247.27129857348106	-0.00434829352785686
323	247.51599487144836	0.00015575144987780556
324	247.7607326602412	-0.01501231311617871
325	248.00551191548817	-0.014438024148106078
326	248.250332612818	-0.008959872373748758
327	248.49519472785926	-0.018553495682537127
328	248.7400982362406	-0.013674657291990596
329	248.98504311359073	-0.020036888107935854
330	249.23002933553826	0.008296457628630379
331	249.47505687771184	0.013249616751362067
332	249.72012571574004	-0.007734351846979015
333	249.96523582525163	-0.006700685092872178
334	250.21038718187515	-0.006662202505401439
335	250.4555797612393	-0.010861220090373167
336	250.70081353897274	-0.014842361533245932
337	250.94608849070406	-0.01275781632983515
338	251.19140459206193	-0.007116968332656421
339	251.43676181867502	-0.011785689916622618
340	251.68216014617195	0.009084115803631821
341	251.92759955018136	-0.005537739866491985
342	252.17308000633193	-0.005508995963726327
343	252.41860149025226	-0.005450592654435917
344	252.664163977571	-0.007142866248909251
345	252.90976744391685	-0.004124190188669392
346	253.1554118649184	0.011266862542763791
347	253.40109721620428	0.00566027598175467
348	253.64682347340317	-0.015591086427766111
349	253.89259061214375	-0.04122664170599285
350	254.13839860805462	-5.065901351802111e-05
351	254.38424743676438	0.005452643228738307
352	254.63013707390178	0.003684275624494603
353	254.87606749509538	-0.005683607962974508
354	255.12203867597387	0.0001369471645892809
355	255.3680505921659	-0.008615319833043365
356	255.61410321930006	0.0
357	255.86019653300502	0.0
358	256.1063305089095	0.0044790725775466075
359	256.352505122642	0.005183990954875083
360	256.5987203498313	0.003527802144772281
361	256.844976166106	-0.0189905456526354
362	257.0912725470947	-0.026198475824614577
363	257.33760946842614	-0.0005663466457379567
364	257.58398690572886	-0.0068677131635855706
365	257.83040483463157	-0.013682759083458259
366	258.0768632307629	0.001350238809593597
367	258.32336206975145	0.0028249193889713776
368	258.569901327226	-0.007373549844057626
369	258.81648097881504	-0.025950450578018577
370	259.06310100014724	0.0012765039544133162
371	259.3097613668514	-0.0035205218682417463
372	259.55646205455594	0.001728593602840292
373	259.8032030388896	-0.019180957422719837
374	260.0499842954811	-0.021331667183105824
375	260.29680579995903	-0.014598914956256247
376	260.543667527952	-0.00701036613526263
377	260.7905694550887	-0.009574088283990489
378	261.03751155699774	0.0017962881702056138
379	261.28449380930783	0.0007139412404685143
380	261.5315161876475	-0.011203739247193027
381	261.7785786676455	-0.007671753307792166
382	262.02568122493045	-0.01096536212984839
383	262.27282383513096	-0.00885684223757868
384	262.5200064738757	0.006507205026279768
385	262.7672291167934	-0.0018105103487490101
386	263.0144917395125	-0.009611766812811168
387	263.2617943176618	-0.020731266684451785
388	263.5091368268699	-0.0040758518820154825
389	263.7565192427655	0.00876813896130976
390	264.00394154097717	-0.00040404826748874985
391	264.2514036971336	-0.00935753091490588
392	264.4989056868634	-0.003210504646734046
393	264.7464474857953	-0.0010877518300302595
394	264.99402906955777	-0.011569791444430329
395	265.24165041377967	-0.011618061019859807
396	265.48931149408946	-0.011051068690248456
397	265.73701228611594	-0.012407120161486826
398	265.98475276548766	-0.0065218919632086154
399	266.2325329078332	-0.02441151287989819
400	266.4803526887814	-0.0262362713359109
401	266.7282120839608	-0.03410362995675675
402	266.97611106899996	-0.00973855131958928
403	267.22404961952765	-0.01878452973040005
404	267.4720277111725	-0.017428894027032755
405	267.72004531956304	0.0037221543211996538
406	267.9681024203281	-0.018987385258140272
407	268.21619898909614	-0.018074342813346928
408	268.46433500149595	0.0041546298458116325
409	268.7125104331561	-0.0114372145656286
410	268.96072525970527	-0.02187777573874733
411	269.2089794567721	0.0011849415974295343
412	269.4572729999852	-0.005737461901038774
413	269.7056058649732	0.0008840908094657918
414	269.9539780273649	-0.0020188527963389204
415	270.2023894627887	-0.01771123364744911
416	270.4508401468734	-0.02378100407516763
417	270.6993300552477	-0.015097706711437361
418	270.9478591635401	-0.003278181697520712
419	271.1964274473793	0.0008634011742573245
420	271.445034882394	0.0041803510126345155
421	271.69368144421276	0.011736321151163905
422	271.9423671084643	-0.011316753846634334
423	272.1910918507771	-0.005482269238566302
424	272.4398556467801	-0.003063417512519337
425	272.6886584721017	0.0014106621376243757
426	272.9375003023706	-0.003238352540328538
427	273.18638111321553	0.0013608262168918097
428	273.43530088026506	0.005310189284092123
429	273.68425957914786	0.006861886219871109
430	273.93325718549255	-0.013833559570394543
431	274.1822936749278	-0.015420691101414209
432	274.4313690230822	-0.015907207971088497
433	274.6804832055845	-0.015453920956362905
434	274.92963619806324	-0.0076058680595514055
435	275.17882797614715	-0.002041894139580325
436	275.42805851546484	-0.0006177622507344115
437	275.67732779164487	0.013774447232254072
438	275.9266357803161	0.0059566480815194545
439	276.1759824571069	0.0
440	276.4253677976461	0.0016997932575761423
441	276.67479177756235	-0.013861424391804421
442	276.92425437248426	-0.022977176128274483
443	277.1737555580404	-0.008557287876612476
444	277.4232953098595	0.0047059894845586665
445	277.67287360357017	0.0015048896161372052
446	277.9224904148011	-0.012876879842279953
447	278.17214571918083	-0.0015472268131520662
448	278.4218394923381	0.0
449	278.6715717099016	-0.006199241972426643
450	278.9213423474999	0.005123942361805833
451	279.17115138076156	0.014467908795813354
452	279.4209987853154	0.024811418216918596
453	279.67088453678997	-0.005197725831612711
454	279.9208086108139	0.001178927129323774
455	280.17077098301587	-0.004149073944987069
456	280.42077162902456	-0.016248362696110158
457	280.6708105244685	0.0038216366488003596
458	280.92088764497646	-0.006946769038323608
459	281.171002966177	0.0
460	281.4211564636988	-0.001604035115960918
461	281.67134811317055	-0.015372781798832044
462	281.9215778902209	-0.007850260624047676
463	282.1718457704783	-0.00936933614907135
464	282.4221517295716	-0.0067027059370380875
465	282.6724957431294	-0.009299412051044027
466	282.9228777867803	-0.009064961280085207
467	283.173297836153	-0.025500401869862625
468	283.42375586687615	-0.003999115443248405
469	283.6742518545783	-0.008617281642785355
470	283.92478577488816	-0.01827431714797356
471	284.17535760343446	-0.017319782334881757
472	284.4259673158457	-0.020262419840407653
473	284.6766148877506	-0.007209725928476109
474	284.92730029477775	-0.008632873297001699
475	285.17802351255585	-0.02526851068833294
476	285.42878451671356	-0.003789330910382066
477	285.67958328287943	-0.01695987413518168
478	285.93041978668225	-0.001905069286136952
479	286.18129400375057	-0.024671296665731767
480	286.43220590971305	-0.0033818387093034583
481	286.6831554801983	-0.015572123972586886
482	286.934142690835	-0.0059455859539017004
483	287.18516751725184	-0.0013272921767288086
484	287.4362299350774	-0.0013368985718088438
485	287.68732991994034	-0.0068318359469264865
486	287.93846744746935	-0.0033689774911925536
487	288.189642493293	-0.0030802808990854
488	288.44085503303995	0.0
489	288.6921050423389	0.015858563861710737
490	288.9433924968185	0.01554868092735217
491	289.1947173721073	0.011070033251403388
492	289.446079643834	0.004727036093021039
493	289.6974792876273	-0.009750782752308297
494	289.94891627911574	-0.014623738065596345
495	290.20039059392803	-0.015730156183336154
496	290.4519022076928	-0.006710193715746848
497	290.7034510960387	-0.014026879272971787
498	290.9550372345944	0.01074384642935921
499	291.2066605989885	0.0
500	291.4583211648496	-0.013442102220926838
501	291.7100189078065	-0.010437806815532379
502	291.96175380348774	-0.004136053330853419
503	292.21352582752195	-0.006826607378924288
504	292.4653349555378	-0.00655173266015797
505	292.71718116316396	-0.005888575527584851
506	292.96906442602904	-0.02844087071581218
507	293.2209847197617	-0.015626901937002946
508	293.4729420199906	-0.01171435545860421
509	293.72493630234436	0.0009142302288085752
510	293.97696754245163	-0.009367036602085918
511	294.22903571594105	-0.011738976135751311
512	294.4811407984413	-0.011039028322255024
513	294.733282765581	-0.009872288143916887
514	294.98546159298877	-0.010733822329044698
515	295.2376772562933	-0.0013970215580459597
516	295.4899297311232	-0.018319665144358337
517	295.74221899310714	-0.018374377380900718
518	295.99454501787375	-0.031157161444992233
519	296.2469077810517	-0.023586082047533565
520	296.4993072582696	-0.01686207671999192
521	296.75174342515606	-0.01702652513155616
522	297.00421625733986	-0.006463996743941529
523	297.25672573044955	-0.011186538704244547
524	297.5092718201137	-0.005091110912348819
525	297.7618545019611	-0.000752687138331585
526	298.01447375162036	0.0027116421063859836
527	298.2671295447201	0.0
528	298.51982185688894	0.003934336806728124
529	298.77255066375557	0.003646224240645808
530	299.02531594094864	0.003187295153227644
531	299.2781176640967	-0.011362040350472322
532	299.5309558088285	-0.023713167567959124
533	299.78383035077263	-0.007293441221641396
534	300.0367412655578	-0.013315596026317201
535	300.28968852881263	-0.009904786615250655
536	300.5426721161657	0.004657723840058282
537	300.79569200324573	0.0007052643664299018
538	301.04874816568133	-0.013700377332254312
539	301.30184057910117	-0.001618225684050864
540	301.5549692191338	0.005083177842349987
541	301.80813406140805	-0.016079742194298162
542	302.0613350815524	-0.00037218248551216626
543	302.31457225519557	-0.0005966747844887133
544	302.56784555796617	-0.00029417004615870344
545	302.82115496549284	-0.0048671506301166
546	303.0745004534043	-0.009970565684264063
547	303.3278819973291	-0.008219231743511543
548	303.581299572896	-0.010442383892200775
549	303.8347531557335	-0.00880747866922869
550	304.08824272147035	-0.009764643826666596
551	304.3417682457351	-0.012183534518632754
552	304.5953297041566	-0.008581468340029503
553	304.84892707236327	-0.010208921736338248
554	305.10256032598386	0.0027829502790360865
555	305.3562294406469	-0.0010033527583442007
556	305.60993439198126	-0.011051923575499925
557	305.8636751556154	-0.015289348937326645
558	306.117451707178	-0.006291048979780998
559	306.37126402229774	-0.011193157848213632
560	306.6251120766033	-0.00503442281501927
561	306.87899584572324	0.00022381316891506142
562	307.13291530528625	0.0035503538416905706
563	307.3868704309209	-0.0004730340774293303
564	307.64086119825595	0.003476906042204028
565	307.89488758292	-0.0012223321008088986
566	308.1489495605417	0.00642363477225751
567	308.4030471067497	-0.007000070084975141
568	308.6571801971726	-0.0027046007992316628
569	308.911348807439	-0.01636861259070451
570	309.16555291317775	0.001586383556108338
571	309.41979249001736	0.017344981464428744
572	309.6740675135864	-0.005842929353379822
573	309.9283779595137	-0.003271098303938062
574	310.18272380342773	-0.016503212047338112
575	310.4371050209572	-0.03992950045820093
576	310.6915215877308	0.0025185805683167143
577	310.9459734793771	-0.006487281920566414
578	311.20046067152475	-0.0029863507488320446
579	311.4549831398025	-0.01908544684569964
580	311.7095408598389	0.0036944045016439817
581	311.9641338072626	-0.007990663834298525
582	312.2187619577023	-0.0011241109060097947
583	312.47342528678655	-0.011989266503619608
584	312.7281237701441	-0.003909684186008684
585	312.9828573834036	0.0029627948547388595
586	313.23762610219353	0.01076096676402603
587	313.4924299021427	0.013267486658865388
588	313.7472687588797	-0.0006543781066804563
589	314.0021426480332	0.004876030370172755
590	314.2570515452318	-0.002406281244503956
591	314.5119954261042	-0.005235618218027094
592	314.76697426627896	-0.0017366858311899094
593	315.0219880413848	0.004759778685429493
594	315.27703672705036	-0.012911089693439095
595	315.53212029890426	-0.0026605453518017143
596	315.7872387325752	-0.009394783623854784
597	316.0423920036917	-0.002972869477291705
598	316.2975800878826	0.013284473882487203
599	316.55280296077626	-0.014332172184141645
600	316.8080605980016	-0.017051675978105706
601	317.0633529751872	-0.020540143809646024
602	317.3186800679616	-0.012739062144493146
603	317.5740418519535	-0.001987149074956783
604	317.8294383027916	-0.014400438380853208
605	318.08486939610447	0.008122654403011744
606	318.3403351075208	-0.007120020373906067
607	318.5958354126692	-0.0019056868021697124
608	318.8513702871784	-0.0054189079386602985
609	319.1069397066769	0.001154890399432
610	319.3625436467934	-0.016856745228323176
611	319.6181820831566	0.0
612	319.8738549913952	0.0015375594661816273
613	320.1295623471377	-0.00453976482206066
614	320.38530412601284	-0.003182249655543497
615	320.6410803036492	-0.016430485684694247
616	320.89689085567545	-0.012851391762281358
617	321.1527357577203	-0.007235120981652351
618	321.4086149854122	-0.0012136348321351346
619	321.6645285143801	-0.0057798367065371
620	321.92047632025236	0.02564592348263083
621	322.1764583786578	0.002770512013184549
622	322.43247466522496	0.012151197986096915
623	322.6885251555826	-0.0007492487721907854
624	322.9446098253593	-0.01515063131874005
625	323.2007286501836	-0.029495989781424658
626	323.4568816056843	-0.008225398631942304
627	323.71306866749	0.005362513979987749
628	323.9692898112294	-0.0010744863658155054
629	324.22554501253103	-0.007890264502841639
630	324.4818342470236	-0.018665947768118824
631	324.73815749033565	-0.011643940967486862
632	324.994514718096	-0.013262988820748743
633	325.2509059059332	-0.009023363547526852
634	325.50733102947595	-0.0029706179344037684
635	325.76379006435286	-0.011031649451477431
636	326.0202829861925	-0.007785769550443957
637	326.27680977062363	-0.014416242204113134
638	326.5333703932748	-0.012127268515718194
639	326.78996482977476	-0.011858602531236823
640	327.04659305575206	-0.013105669306608765
641	327.30325504683543	-0.01577048531626156
642	327.55995077865344	-0.009037967095187654
643	327.8166802268348	-0.0032844420407850657
644	328.07344336700805	-0.00860496287435313
645	328.330240174802	-0.017302389770541222
646	328.5870706258451	-0.006829268547515367
647	328.84393469576617	-0.007145715687110844
648	329.10083236019375	-0.00015974635875508282
649	329.35776359475653	-0.003851033886288817
650	329.61472837508313	-0.010427290613777843
651	329.87172667680215	-0.010217542758104072
652	330.1287584755424	-0.0261732263586173
653	330.3858237469324	-0.009767250352368313
654	330.6429224666007	-0.01574492546109875
655	330.90005461017614	-0.00826711641702696
656	331.1572201532873	-0.015600437197933975
657	331.41441907156275	-0.01211764562385429
658	331.67165134063123	-0.0015017382040251324
659	331.92891693612137	-0.005728792526939093
660	332.1862158336617	0.0010156282464922188
661	332.44354800888107	-0.0036162013459144606
662	332.70091343740796	-0.016803515535893848
663	332.958312094871	-0.01166971113889329
664	333.215743956899	-0.016805478095836178
665	333.4732089991205	0.0038921136596684535
666	333.73070719716407	-0.004355924500045373
667	333.9882385266585	-0.013236962487553286
668	334.2458029632324	-0.0005546600232726891
669	334.5034004825144	-0.002287702383449125
670	334.76103106013306	0.0033294295539348577
671	335.01869467171707	0.00894245832528957
672	335.2763912928952	0.0044149478953596395
673	335.534120899296	0.00038125294944677305
674	335.79188346654803	-0.01058598039037722
675	336.04967897028007	-0.009476288929513134
676	336.30750738612073	0.003016662497576327
677	336.5653686896986	0.0010415112766055015
678	336.8232628566424	0.009639258869656392
679	337.0811898625807	0.014745284858479608
680	337.3391496831422	0.002999012167938427
681	337.5971422939555	-0.013837491597954336
682	337.85516767064934	-0.00786419098071094
683	338.1132257888523	-0.009477065371356022
684	338.37131662419296	-0.0135096404853296
685	338.62944015230005	-0.009287786669162043
686	338.88759634880216	-0.01055714836130023
687	339.1457851893281	-0.015190603091775601
688	339.4040066495063	-0.03034633231525066
689	339.66226070496543	-0.029541534905121652
690	339.9205473313343	-0.04301344011620814
691	340.1788665042414	-0.01740323895444514
692	340.43721819931545	-0.01892920889595471
693	340.69560239218504	-0.008424818799264062
694	340.9540190584788	0.005683751400346526
695	341.2124681738255	-0.03468557603454916
696	341.4709497138537	-0.014217953736385739
697	341.72946365419205	-0.019131696853446727
698	341.9880099704692	-0.007676983477878424
699	342.2465886383138	-0.011511044105542545
700	342.50519963335444	-0.014902405075093664
701	342.76384293121987	-0.020252759618941792
702	343.0225185075386	-0.0060427901597990075
703	343.2812263379394	0.013426668709348801
704	343.53996639805086	0.00688976689729431
705	343.79873866350164	0.0030665200734801184
706	344.0575431099204	-0.013922281356776372
707	344.3163797129357	-0.022059200533675702
708	344.5752484481763	-0.0015567754447657837
709	344.83414929127076	-0.00334807788232238
710	345.0930822178478	-0.011858798882445789
711	345.35204720353596	-0.0323810292522367
712	345.611044223964	-0.030319570560529308
713	345.8700732547605	-0.024719096716308057
714	346.1291342715541	-0.017330944050437863
715	346.3882272499735	-0.005233990408157765
716	346.64735216564725	-0.012703824106383807
717	346.9065089942041	-0.006039416814590386
718	347.1656977112726	-0.006398219555698201
719	347.42491829248155	-0.001400048752927618
720	347.68417071345937	-0.02253989777830616
721	347.9434549498349	-0.009877528645933633
722	348.2027709772367	-0.016426579295326038
723	348.4621187712934	-0.018763327827651024
724	348.72149830763374	-0.018754828972265807
725	348.98090956188616	-0.015302103572317581
726	349.24035250967955	-0.003578640729414098
727	349.4998271266424	0.0021247729555234057
728	349.75933338840343	0.006310509682460219
729	350.01887127059126	0.0048532105336136526
730	350.27844074883444	0.006346359835959478
731	350.5380417987618	-0.017313288721900442
732	350.79767439600187	-0.009704867620952537
733	351.0573385161833	-0.005362402033577263
734	351.3170341349347	-0.015607894713304135
735	351.57676122788484	-0.004345512632602975
736	351.83651977066233	0.001780123865612887
737	352.0963097388957	-0.0032234654196698596
738	352.3561311082137	-0.002040036483303662
739	352.6159838542449	-0.0039054705494700175
740	352.875867952618	-0.009659694937911157
741	353.1357833789617	0.007029759362709219
742	353.39573010890456	0.009424475398187733
743	353.6557081180752	0.007790113495347616
744	353.91571738210234	0.006009434129178125
745	354.1757578766146	-0.0030156528334447487
746	354.4358295772406	-0.021276256735219042
747	354.6959324596091	-0.021302962381876966
748	354.9560664993486	-0.017859656390788875
749	355.21623167208776	-0.0014775109680869424
750	355.4764279534553	-0.0020469573023069003
751	355.7366553190798	-0.002335566524889812
752	355.9969137445899	-0.013570751846355544
753	356.25720320561436	-0.010362067086810174
754	356.5175236777817	-0.00030146928338867316
755	356.7778751367206	0.00784184795013761
756	357.03825755805974	0.001715883416608575
757	357.29867091742767	0.0019256820566128999
758	357.5591151904532	0.009226322564508534
759	357.81959035276486	0.0028722283253868417
760	358.08009637999123	-0.009731249783681091
761	358.3406332477611	-0.01085567461967829
762	358.60120093170303	-0.010365418787522597
763	358.86179940744574	-0.005275555842803386
764	359.12242865061785	-0.003817285316493996
765	359.3830886368479	-0.012768076622760808
766	359.6437793417646	-0.006092767452692051
767	359.9045007409967	-0.012669021759969826
768	360.16525281017266	-0.014916405787544423
769	360.4260355249213	-0.014482246337948616
770	360.6868488608711	-0.00824171043121561
771	360.94769279365084	0.003548249494552434
772	361.20856729888914	0.00028778215071575356
773	361.46947235221455	-0.003228377513235753
774	361.7304079292559	-0.004927818249599442
775	361.9913740056416	0.006298689715837706
776	362.2523705570005	0.009242438131430001
777	362.5133975589611	0.007223370855502157
778	362.7744549871521	0.008578565765065192
779	363.0355428172022	-0.005884251802521797
780	363.29666102474	-0.009494475289750703
781	363.5578095853941	-0.009492699841805051
782	363.81898847479323	-0.008480036314095827
783	364.0801976685659	-0.008750537679887793
784	364.34143714234096	-0.010567341193905571
785	364.60270687174693	-0.012919266724473556
786	364.86400683241243	-0.004780353742779693
787	365.1253369999661	-0.004952932942059149
788	365.3866973500367	-0.00417467710336217
789	365.6480878582528	-0.012607917780483811
790	365.90950850024296	-0.0032122736603194904
791	366.17095925163596	-0.009742978791324585
792	366.43244008806045	-0.009962550600348952
793	366.69395098514497	-0.015871494833695085
794	366.9554919185182	-0.012195806054521509
795	367.21706286380885	-0.00588768628814394
796	367.4786637966455	0.0023295551374187514
797	367.74029469265685	0.0028659800581033257
798	368.0019555274714	-0.0013903628341186804
799	368.263646276718	-0.006571984831676534
800	368.5253669160252	0.0007562638664354352
801	368.7871174210216	-0.0027239771881673487
802	369.0488977673359	0.002220634731563376
803	369.3107079305968	0.0030312153766892413
804	369.57254788643274	-0.0012392725330609
805	369.83441761047266	-0.006606528475046851
806	370.0963170783449	-0.005087788618675257
807	370.35824626567836	0.0011773805746331375
808	370.62020514810155	-0.002077713513344609
809	370.8821937012431	-0.0030320982603680327
810	371.14421190073176	0.0027121735315476063
811	371.40625972219607	0.0023183281897229484
812	371.6683371412648	0.002930346889066258
813	371.9304441335664	-0.0030873104678312436
814	372.1925806747297	-0.0014252919043537624
815	372.45474674038326	0.00021116709500277426
816	372.7169423061558	0.0011552603237057312
817	372.9791673476758	0.002123079952397735
818	373.2414218405721	-0.0020949826613938564
819	373.50370576047317	-0.002526351287697637
820	373.7660190830078	-0.0002903247813282276
821	374.0283617838046	-0.001876783980636634
822	374.2907338384921	-0.005707706655951085
823	374.5531352226991	-0.001582033932957738
824	374.8155659120542	-0.0025995978018722916
825	375.078025882186	-0.002999843930380483
826	375.34051510872314	-0.0008970194140634591
827	375.60303356729435	-0.0009859720707431107
828	375.86558123352813	-0.004313141582657935
829	376.12815808305334	-0.005018309315983505
830	376.39076409149845	-0.0023468181287494196
831	376.6533992344921	-0.000814087617878319
832	376.9160634876631	-0.0012861571087776243
833	377.17875682663987	-0.003183302095409715
834	377.4414792270512	-0.000644904449338317
835	377.70423066452577	0.001618121533009457
836	377.9670111146922	-0.002277241277944571
837	378.229820553179	-0.0009318689746213918
838	378.49265895561496	-0.00024796171477970384
839	378.75552629762865	-0.0009048169565249655
840	379.01842255484877	-0.00251701953368063
841	379.2813477029039	-0.003124081926219643
842	379.54430171742274	-0.0013505555715976017
843	379.80728457403393	-0.002393946984288192
844	380.07029624836605	-0.0017926662291145286
845	380.3333367160479	-0.0009370357872486418
846	380.596405952708	-0.0009088261030996627
847	380.85950393397496	-0.00012030365255738008
848	381.12263063547755	0.0004788198791177956
849	381.3857860328443	-0.0012613006467437906
850	381.64897010170387	-0.0025730592757457157
851	381.912182817685	-0.00069060482921365
852	382.1754241564163	-0.0022983967618402895
853	382.4386940935263	-0.003404747139924698
854	382.7019926046438	-0.0031851011202158773
855	382.9653196653974	-0.0023828943357001825
856	383.22867525141567	-0.0006473975733034499
857	383.4920593383273	-0.00017188740364463672
858	383.755471901761	-0.001474002954976677
859	384.01891291734535	-0.001217390910740739
860	384.282382360709	-0.0011525095015244334
861	384.54588020748054	-0.0013592925916053754
862	384.8094064332887	-0.0005750556363571025
863	385.07296101376215	-0.0013878228582563576
864	385.33654392452945	-0.002136010692325321
865	385.6001551412193	-0.00037145005182069243
866	385.86379463946037	-0.0015322054386507043
867	386.1274623948812	-0.0023407341295541353
868	386.3911583831105	-0.002045397849159079
869	386.65488257977694	-0.0018629903612925416
870	386.91863496050905	-0.002414136185268904
871	387.1824155009357	-0.00173420387679689
872	387.4462241766853	-0.0015012516932766244
873	387.7100609633866	-0.0007762867649755098
874	387.9739258366683	-0.002165802710243073
875	388.2378187721589	-0.002734678840454695
876	388.50173974548716	-0.003117453233973614
877	388.7656887322817	-0.002427256725745515
878	389.02966570817114	-0.0015834114275148786
879	389.2936706487842	-0.0025115780723735264
880	389.5577035297494	-0.00302495665731736
881	389.8217643266955	-0.0030174979076660596
882	390.085853015251	-0.001524443301822445
883	390.34996957104477	-0.002195341371991373
884	390.6141139697053	-0.0016539065747118958
885	390.8782861868612	-0.0017506659994475473
886	391.1424861981412	-0.0019086076879029257
887	391.406713979174	-0.0005955676814105152
888	391.6709695055881	-0.00116346286775185
889	391.9352527530122	-0.002029204188999335
890	392.19956369707495	-0.001420221581719464
891	392.4639023134051	-0.0017502938162102062
892	392.72826857763107	-0.0016689681825555048
893	392.9926624653817	-0.0009724879937886384
894	393.2570839522856	-0.0018678080462098067
895	393.52153301397135	-0.0016906591798097048
896	393.78600962606765	-0.001928393560343102
897	394.0505137642031	-0.0021307051075695467
898	394.31504540400636	-0.002384965323393248
899	394.57960452110615	-0.0026421655971953168
900	394.844191091131	-0.0026485140997649552
901	395.10880508970956	-0.0014001723381634119
902	395.3734464924706	-0.0018096951981809262
903	395.63811527504265	-0.0005525505056847293
904	395.9028114130544	-0.0007359451643919935
905	396.1675348821345	-0.0003875803179307761
906	396.4322856579115	-0.002098364902509543
907	396.6970637160142	-0.0032917053643354618
908	396.96186903207115	-0.0032291541101920618
909	397.22670158171104	-0.00247380835288587
910	397.4915613405625	-0.0020433830632308704
911	397.75644828425413	-0.002272836153186364
912	398.0213623884146	-0.0015197365739398486
913	398.2863036286726	-0.0020481762282762075
914	398.55127198065674	-0.001981661357538154
915	398.81626741999565	-0.0010895633911770569
916	399.081289922318	-0.001786273942798813
917	399.34633946325243	-0.0024714260419392547
918	399.6114160184276	-0.002596884439297096
919	399.87651956347213	-0.0018510938731191254
920	400.1416500740146	-0.001771498290251282
921	400.4068075256838	-0.0031288449736632104
922	400.6719918941083	-0.002027550322532476
923	400.9372031549168	-0.001699934813030835
924	401.2024412837378	-0.0014863371479090551
925	401.4677062562	-0.0007634798023041099
926	401.7329980479322	-0.0009875228648837647
927	401.9983166345629	-0.0013197967299002455
928	402.2636619917207	-0.0013149460014731055
929	402.5290340950344	-0.0022446049086707522
930	402.7944329201325	-0.0015425134516131402
931	403.05985844264376	-0.001135919007068408
932	403.3253106381968	-0.0009831227981561253
933	403.5907894824202	-0.000631895259256313
934	403.8562949509426	-0.0012859998462270484
935	404.12182701939275	-0.0014582146792486111
936	404.3873856633992	-0.0013919330363379588
937	404.65297085859066	-0.0016567108902046201
938	404.91858258059574	-0.0016277686368169203
939	405.1842208050431	-0.001034051513316678
940	405.44988550756136	-0.0008176814707196245
941	405.71557666377913	-0.001513672096871789
942	405.9812942493252	-0.00043997842873020904
943	406.24703823982804	-0.0004290904038453643
944	406.5128086109164	-0.0012496955133073791
945	406.7786053382189	-0.001668419355609486
946	407.0444283973642	-0.0016811289982492578
947	407.3102777639809	-0.0014282439581092
948	407.5761534136977	-0.0015068974992056368
949	407.8420553221432	-0.002000884201774906
950	408.1079834649461	-0.0020887893741888767
951	408.37393781773494	-0.0015973725822175685
952	408.63991835613854	-0.0010389152665688738
953	408.90592505578536	-0.00032145391449677754
954	409.1719578923042	-0.0006872705198340745
955	409.4380168413236	-0.0008667645716358475
956	409.70410187847216	-0.0010748459309564027
957	409.97021297937874	-0.0016238355448200737
958	410.2363501196717	-0.0015239770709536498
959	410.50251327497995	-0.0011210500080181549
960	410.76870242093196	-0.001166173166872883
961	411.03491753315643	-0.0009808559349343956
962	411.3011585872821	-0.0012243303802969546
963	411.5674255589374	-0.0022183970345702746
964	411.8337184237512	-0.002045063315366882
965	412.10003715735184	-0.0020018511967977055
966	412.36638173536835	-0.0014937824804311176
967	412.63275213342916	-0.0011548553786630395
968	412.89914832716295	-0.0012396291247029683
969	413.16557029219837	-0.0015277771122414862
970	413.4320180041641	-0.0014792792080415298
971	413.6984914386887	-0.0012726314883935949
972	413.9649905714008	-0.001161263469379394
973	414.2315153779291	-0.0004852909122213156
974	414.4980658339024	-0.0008265367734803194
975	414.76464191494904	-0.002034248966476763
976	415.0312435966979	-0.002053678863294061
977	415.2978708547775	-0.0022442677471716057
978	415.56452366481653	-0.0018247345797117354
979	415.83120200244366	-0.00174310020213884
980	416.09790584328744	-0.0014456203325482618
981	416.3646351629767	-0.001758747131845677
982	416.6313899371399	-0.002021445346850232
983	416.8981701414058	-0.0011422688100807881
984	417.16497575140295	-0.001053267457564757
985	417.43180674276005	-0.0017422428400999854
986	417.6986630911058	-0.0019287081388550623
987	417.9655447720687	-0.0014866950935960373
988	418.2324517612775	-0.00216664887305401
989	418.4993840343609	-0.0024381835220527908
990	418.7663415669474	-0.0014728719012014968
991	419.0333243346657	-0.000994375826849114
992	419.3003323131445	-0.0015581667588358459
993	419.5673654780124	-0.0009576123930498601
994	419.83442380489805	-0.0009250023213309175
995	420.1015072694301	-0.0011654232226444713
996	420.3686158472372	-0.0016856388706818846
997	420.6357495139479	-0.0021948279614617304
998	420.9029082451911	-0.002899388385656878
999	421.17009201659516	-0.0027095863932672195
1000	421.43730080378884	-0.0018938775938107896
1001	421.7045345824008	-0.0014100073437888507
1002	421.9717933280597	-0.0011994487564301794
1003	422.23907701639416	-0.0009329773987001816
1004	422.50638562303277	-0.0010866863586604424
1005	422.7737191236043	-0.0009097396837001457
1006	423.04107749373725	-0.0010793632317583654
1007	423.30846070906034	-0.0013821611599298157
1008	423.57586874520223	-0.0008727255649496092
1009	423.84330157779164	0.00032657842863990927
1010	424.11075918245695	-2.8337175994829194e-05
1011	424.37824153482717	-0.0004591476571509747
1012	424.64574861053063	-0.001127698039979186
1013	424.9132803851961	-0.0009604397655812698
1014	425.1808368344523	-0.00019784013665694305
1015	425.4484179339277	7.602450277342668e-05
1016	425.7160236592511	-9.97311091851887e-05
1017	425.9836539860511	-0.00047134085611722203
1018	426.2513088899563	-0.00018515277215911275
1019	426.5189883465954	-0.00044812423849566576
1020	426.786692331597	-9.283046149050327e-05
1021	427.0544208205897	-0.0005067756425932149
1022	427.32217378920234	-0.0007948459174483829
1023	427.5899512130635	-0.0003301540244618614
1024	427.8577530678016	-5.085070510364503e-05
1025	428.12557932904554	-0.0003782352145496001
1026	428.39342997242386	-0.0004870207193111305
1027	428.66130497356517	-0.0005064985447138285
1028	428.9292043080982	-0.0006913590894614178
1029	429.1971279516516	-0.0014114248637994444
1030	429.4650758798539	-0.0003627979529093814
1031	429.7330480683338	-0.00014327255338769359
1032	430.0010444927201	-0.00010795979646918957
1033	430.26906512864116	0.0002449094748035621
1034	430.5371099517258	-0.00038281700034142625
1035	430.8051789376028	-0.0011901056941026212
1036	431.0732720619005	-0.0016370283172307092
1037	431.3413893002478	-0.0010530413062990861
1038	431.6095306282731	-0.0011438796267401155
1039	431.8776960216053	-0.0013671222383951106
1040	432.1458854558729	-0.0013420878800909663
1041	432.41409890670445	-0.0016080280789022537
1042	432.68233634972887	-0.0027962992358189194
1043	432.9505977605746	-0.002297907276061563
1044	433.2188831148703	-0.001413951518675357
1045	433.4871923882447	-0.001211553399410062
1046	433.75552555632635	-0.0014854076056618946
1047	434.0238825947439	-0.000918379894431704
1048	434.2922634791262	-0.0010677713086349135
1049	434.5606681851016	-0.0007465789514817418
1050	434.82909668829893	-0.00018046606801551792
1051	435.09754896434674	0.00048047073121847096
1052	435.36602498887373	-0.0004083729322318149
1053	435.6345247375086	-0.0010282456595602568
1054	435.9030481858799	-0.0008512689905920755
1055	436.17159530961624	-0.0011769914313813916
1056	436.4401660843464	-0.0010350028526761126
1057	436.7087604856989	-0.0012458982316582586
1058	436.9773784893025	-0.0004414136054499704
1059	437.2460200707857	-0.0010341439872945217
1060	437.51468520577725	-0.0011311662011623562
1061	437.78337386990586	-0.0008784284443365043
1062	438.0520860388001	-0.0008828300417148024
1063	438.3208216880885	-0.0018059840848790852
1064	438.5895807933998	-0.002020626305335231
1065	438.85836333036275	-0.0012762340394427895
1066	439.12716927460576	-0.001039555306412442
1067	439.3959986017577	-0.0014656066836757475
1068	439.66485128744716	-0.001980623789253039
1069	439.9337273073028	-0.0009043025760588335
1070	440.202626636953	0.00044512460012479695
1071	440.4715492520269	0.0007296968748432549
1072	440.7404951281527	0.0005334918306572818
1073	441.00946424095923	-0.00022395378560848694
1074	441.2784565660752	-0.0009773409176978345
1075	441.5474720791291	-0.00032066316859092996
1076	441.8165107557496	-7.916913327889706e-05
1077	442.08557257156554	-0.000370872553229189
1078	442.3546575022053	5.385069753355721e-05
1079	442.6237655232977	0.0001579068654512239
1080	442.8928966104713	-0.0007989135588185158
1081	443.16205073935487	-0.0008243185009195516
1082	443.43122788557696	0.00039183611398907296
1083	443.7004280247661	0.0007290622817127386
1084	443.9696511325511	0.0005614897022035185
1085	444.2388971845605	-0.0002960470974718542
1086	444.50816615642316	-0.0006849279040584294
1087	444.7774580237674	-0.0007760346874907229
1088	445.0467727622221	-0.0005199170361079404
1089	445.3161103474158	-0.0008181436834522587
1090	445.5854707549772	-0.001044709528804367
1091	445.854853960535	-0.00014253742763299312
1092	446.1242599397177	-3.4824037265637764e-05
1093	446.393688668154	-0.0003148528594483042
1094	446.6631401214727	-0.0011810456812416398
1095	446.93261427530217	-0.0013887764142199248
1096	447.20211110527123	-0.001510244823327976
1097	447.4716305870086	-0.001328669936048468
1098	447.7411726961426	-0.0009393087770565769
1099	448.01073740830225	-0.00010054725119687481
1100	448.2803246991159	-3.265660579772822e-05
1101	448.5499345442124	-0.00025056090434683216
1102	448.8195669192204	-0.0001168552502666502
1103	449.0892217997683	-0.0006103011372889273
1104	449.35889916148506	-0.0007993589046444453
1105	449.6285989799992	-0.0011600895845737058
1106	449.89832123093925	-0.0011083844964738334
1107	450.1680658899339	-0.0007100905806479009
1108	450.43783293261197	-0.0006216305902217545
1109	450.70762233460187	-0.0002888831763773591
1110	450.97743407153246	-0.0004953782859553968
1111	451.24726811903224	-0.0017169274485913325
1112	451.51712445272995	-0.0020444250268167184
1113	451.78700304825406	-0.001623633013354016
1114	452.0569038812333	-0.001751796402176585
1115	452.32682692729657	-0.0020902776488652863
1116	452.59677216207206	-0.0017538123555653406
1117	452.86673956118875	-0.0007558482153506517
1118	453.13672910027526	8.370829028803064e-05
1119	453.4067407549601	-0.00027661806132202576
1120	453.67677450087194	-0.0009438102651639891
1121	453.94683031363945	-0.0013388149232106223
1122	454.21690816889134	-0.0015685100149131713
1123	454.4870080422562	-0.0017828951570056364
1124	454.7571299093627	-0.0014114264134962601
1125	455.02727374583947	-0.000954090235322654
1126	455.2974395273151	-0.0012652685329488725
1127	455.56762722941824	-0.0014730383543834448
1128	455.83783682777766	-0.0014394791117391496
1129	456.10806829802186	-0.0013858327184883825
1130	456.37832161577956	-0.0011264563901527474
1131	456.64859675667935	-0.0006940770919811922
1132	456.91889369635	-0.0011694897688342872
1133	457.18921241042005	-0.0013782055585321393
1134	457.4595528745182	-0.0017441478086214837
1135	457.729915064273	-0.002013290939378391
1136	458.00029895531316	-0.0022319989529060607
1137	458.27070452326734	-0.0017864162705929728
1138	458.54113174376414	-0.002082921014611479
1139	458.8115805924323	-0.0021874448324381594
1140	459.08205104490037	-0.0014659106273729617
1141	459.352543076797	-0.0019780569267870613
1142	459.62305666375096	-0.0023983622962607106
1143	459.89359178139057	-0.0017860994160909362
1144	460.1641484053449	-0.001723578075966294
1145	460.4347265112424	-0.0018390339631470434
1146	460.7053260747116	-0.0015104833194460165
1147	460.97594707138126	-0.001938766739374668
1148	461.24658947688	-0.002298766755369367
1149	461.51725326683663	-0.002263677689664371
1150	461.78793841687957	-0.0019950312535614565
1151	462.0586449026375	-0.0015053045860603026
1152	462.3293726997391	-0.0013418441657399938
1153	462.60012178381305	-0.0015903853972953517
1154	462.87089213048796	-0.0023475620181381356
1155	463.14168371539256	-0.002090992917584333
1156	463.41249651415535	-0.0011728556809915153
1157	463.68333050240506	-0.0003414482481532517
1158	463.9541856557704	-0.0005028526340431702
1159	464.2250619498798	-0.0009060224482423202
1160	464.4959593603621	-0.0012800834771911091
1161	464.76687786284594	-0.0009177961686864036
1162	465.03781743295986	-0.0005612349268341449
1163	465.30877804633246	-0.00033794359291431514
1164	465.5797596785926	-0.00034990841522776223
1165	465.8507623053688	-0.0010907755321531327
1166	466.1217859022896	-0.0013296869708869672
1167	466.39283044498393	-0.0006033989186625096
1168	466.6638959090802	4.9488458038487657e-05
1169	466.934982270207	8.888067909872295e-05
1170	467.2060895039932	2.3158824746035908e-05
1171	467.47721758606735	-0.0006046043112929167
1172	467.74836649205804	-0.0010709563924329781
1173	468.019536197594	-0.0006612740599734202
1174	468.2907266783038	-0.0005704643404840851
1175	468.56193790981615	-0.0008051407920711875
1176	468.8331698677596	-0.0011313685182489331
1177	469.10442252776295	-0.001166703888632702
1178	469.37569586545465	-0.0017980327248706242
1179	469.6469898564635	-0.0022532163289202024
1180	469.91830447641803	-0.0016178580629177724
1181	470.18963970094705	-0.0012049068332902878
1182	470.4609955056791	-0.0009602739237800978
1183	470.73237186624283	-0.00042518725475429973
1184	471.0037687582668	-0.0007030988495673194
1185	471.2751861573797	-0.0008080090655013987
1186	471.5466240392104	-0.0005099781527289462
1187	471.8180823793872	0.00015238113406363003
1188	472.08956115353897	1.5378098341029683e-05
1189	472.36106033729425	-0.00019778766725020522
1190	472.63257990628176	-0.000423456330224857
1191	472.9041198361301	-0.0008953790267859042
1192	473.17568010246794	-0.0016083528622895839
1193	473.4472606809238	-0.0020558537557353344
1194	473.7188615471266	-0.0019850116430214547
1195	473.9904826767047	-0.0013571705338201682
1196	474.2621240452869	-0.0007931283828841295
1197	474.53378562850185	-0.0003684634972127886
1198	474.80546740197815	-0.0005688834219757166
1199	475.0771693413444	-0.0006843626002276323
1200	475.34889142222926	-0.0016484604469850905
1201	475.6206336202615	-0.0017616097174873889
1202	475.8923959110697	-0.0008602463357041297
1203	476.1641782702824	0.0003251308952256001
1204	476.4359806735283	0.000468787509997127
1205	476.7078030964361	-0.0001803070220838315
1206	476.9796455146345	-0.00045432595882941625
1207	477.251507903752	-0.0006077410473925232
1208	477.52339023941727	-0.001193253377735926
1209	477.7952924972591	-0.001291355218543632
1210	478.0672146529058	-0.0013719734216966978
1211	478.33915668198654	-0.0013038840218300377
1212	478.6111185601295	-0.0019087032689886017
1213	478.88310026296347	-0.002171807929776064
1214	479.15510176611724	-0.0023571781246191632
1215	479.4271230452191	-0.0020620718401853427
1216	479.6991640758981	-0.001732597055846873
1217	479.9712248337827	-0.0019074338915469231
1218	480.2433052945016	-0.00193142030493295
1219	480.5154054336833	-0.0016328922937081814
1220	480.78752522695663	-0.0007103966196142812
1221	481.05966464995015	-9.703065056420983e-05
1222	481.3318236782925	-0.0006309185283995752
1223	481.6040022876123	-0.00029877861114090826
1224	481.8762004535382	-0.00021128820416433346
1225	482.14841815169893	-0.0007223108098461566
1226	482.42065535772304	-0.0011822072945923802
1227	482.69291204723925	-0.0016534823253252836
1228	482.9651881958762	-0.0019439614757839983
1229	483.23748377926245	-0.002097566926562957
1230	483.50979877302666	-0.0017627463072663139
1231	483.78213315279754	-0.0011880681456820563
1232	484.0544868942037	5.185041297877096e-05
1233	484.3268599728739	0.0008942753157874872
1234	484.59925236443655	0.000768519022563671
1235	484.87166404452046	-0.0004590514416870622
1236	485.1440949887542	-0.0007598209655697514
1237	485.4165451727665	-0.0005049602536324116
1238	485.689014572186	-0.0006262579617617335
1239	485.9615031626413	-0.0011534443954909568
1240	486.2340109197611	-0.001301612768441476
1241	486.5065378191739	-0.0015461510927179912
1242	486.77908383650845	-0.001519162591218288
1243	487.05164894739335	-0.002256378188598044
1244	487.3242331274573	-0.0026830969033772214
1245	487.596836352329	-0.002211890134700848
1246	487.86945859763694	-0.0006321598789985217
1247	488.1420998390098	0.0007826173329208959
1248	488.4147600520764	0.00114722821822182
1249	488.6874392124653	0.0002875931451830254
1250	488.9601372958049	-0.0007137041434101682
1251	489.2328542777242	-0.00015813045723086887
1252	489.5055901338517	-0.00019493937450942942
1253	489.7783448398159	-0.0002862162837727776
1254	490.0511183712457	6.159341026057766e-05
1255	490.32391070376957	0.0001379433430042619
1256	490.5967218130162	-0.0006013747493838536
1257	490.8695516746143	-0.000938902444152157
1258	491.1424002641925	-0.0014503015844598713
1259	491.41526755737925	-0.001060961359204824
1260	491.68815352980346	-0.0009552147874504115
1261	491.9610581570937	-0.0011436039406518472
1262	492.2339814148785	-0.0017857254464279876
1263	492.50692327878664	-0.0019535785915194377
1264	492.77988372444656	-0.0018162488936446742
1265	493.0528627274873	-0.0015422926777756097
1266	493.32586026353715	-0.0010914482353445321
1267	493.5988763082248	-0.0013906624568754793
1268	493.87191083717903	-0.0014965158215517584
1269	494.1449638260285	-0.0011308544989563777
1270	494.41803525040166	-0.0006990809774540668
1271	494.6911250859274	-0.0008865622957554154
1272	494.96423330823404	-0.0012024827256297685
1273	495.2373598929506	-0.0023334954984485625
1274	495.5105048157054	-0.0029621383223031707
1275	495.78366805212727	-0.002440596624783461
1276	496.0568495778449	-0.0011288317840345112
1277	496.3300493684868	-0.0006418390000980248
1278	496.6032673996816	-0.00016111265097744527
1279	496.87650364705803	-0.00026204026636045524
1280	497.1497580862448	-0.0005133489031010118
1281	497.4230306928704	-0.0007520201052537258
1282	497.69632144256354	-0.0018084180565102635
1283	497.9696303109529	-0.0016599372171021837
1284	498.2429572736671	-0.0016230539175991652
1285	498.51630230633475	-0.0010535105396614246
1286	498.7896653845845	-0.0011121322841701814
1287	499.0630464840451	-0.0012091987083351786
1288	499.33644558034507	-0.001376803360039913
1289	499.6098626491131	-0.0015199628010585092
1290	499.8832976659779	-0.0010259044869795975
1291	500.1567506065679	-0.0005811928226488322
1292	500.43022144651206	-0.00042013351018035765
1293	500.70371016143883	-0.0006090725627647068
1294	500.97721672697685	-0.00045626850023187775
1295	501.2507411187547	-0.0007571177918260638
1296	501.5242833124013	-0.001042467646364167
1297	501.79784328354503	-0.0014689842053903224
1298	502.0714210078146	-0.0021845515886316858
1299	502.3450164608388	-0.0025028508628281805
1300	502.618629618246	-0.0019173426057839931
1301	502.8922604556651	-0.0019946811290190644
1302	503.1659089487247	-0.0012660443209084474
1303	503.4395750730532	-0.0007793311925549714
1304	503.7132588042796	-0.00019019134312630182
1305	503.98696011803236	-0.00015546172636961373
1306	504.2606789899402	-0.0002639532344089236
1307	504.53441539563164	-0.000283073186871579
1308	504.80816931073537	-0.0005276477160486926
1309	505.0819407108801	-0.0007973588161396339
1310	505.3557295716944	-0.000966071455580266
1311	505.629535868807	-0.0012113908734074788
1312	505.90335957784646	-0.0016146538841080738
1313	506.17720067444145	-0.0011219131013270262
1314	506.4510591342207	-0.0006471216432843013
1315	506.72493493281274	0.00021644323452938048
1316	506.99882804584627	8.869284283574436e-05
1317	507.27273844895	-0.0003279219496546675
1318	507.54666611775235	-0.001063122455429888
1319	507.82061102788225	-0.0010164802873988384
1320	508.0945731549681	-0.00037287544398773194
1321	508.3685524746387	-0.00047469442854604013
1322	508.6425489625226	-0.0010487751489612973
1323	508.9165625942486	-0.0009266895486923065
1324	509.1905933454452	-0.0009881380712248467
1325	509.46464119174107	-0.0008885884001566197
1326	509.73870610876486	-0.0008841873664571336
1327	510.0127880721452	-0.0014166597876137102
1328	510.28688705751085	-0.0015775623285309093
1329	510.5610030404903	-0.001957840719631722
1330	510.8351359967122	-0.0016915751671498095
1331	511.10928590180526	-0.0010051378298515613
1332	511.3834527313983	-0.0008158808658067264
1333	511.65763646111964	-0.00043937968337752834
1334	511.93183706659806	-0.0003482644035480275
1335	512.2060545234623	-0.0013864278827269375
1336	512.4802888073409	-0.0014987623239812852
1337	512.7545398938624	-0.0010028964241007039
1338	513.0288077586557	-0.0006323007241287905
1339	513.3030923773493	0.0002881556046766681
1340	513.5773937255719	-0.00047801838937717653
1341	513.8517117789521	-0.0013143529996190468
1342	514.1260465131185	-0.002035712708293137
1343	514.4003979036997	-0.0028695908801885384
1344	514.6747659263247	-0.0039735307323131115
1345	514.9491505566216	-0.003236276381461319
1346	515.2235517702196	-0.0026085767762952456
1347	515.4979695427469	-0.001902846037607207
1348	515.7724038498324	-0.00198719719347775
1349	516.0468546671046	-0.0022648642415685517
1350	516.3213219701922	-0.0021384458015729878
1351	516.595805734724	-0.0017133448165759131
1352	516.8703059363284	-0.0020273931333555434
1353	517.1448225506341	-0.0017944486000749417
1354	517.4193555532698	-0.0016593498222880164
1355	517.6939049198643	-0.002340432752818782
1356	517.9684706260459	-0.002619295542327334
1357	518.2430526474436	-0.0018640339948188733
1358	518.5176509596857	-0.001177287471699883
1359	518.7922655384011	-0.0012394966709922094
1360	519.0668963592184	-0.0012884916964573199
1361	519.3415433977661	-0.0016401242911849127
1362	519.6162066296731	-0.0007233584000562489
1363	519.8908860305678	-7.011466546104177e-05
1364	520.1655815760789	-0.0005892497681219862
1365	520.4402932418352	-0.0008329979078398175
1366	520.7150210034653	-0.0006360945042521281
1367	520.9897648365976	-0.00038409363395937833
1368	521.264524716861	0.00011095062660763499
1369	521.5393006198841	7.283416890052109e-05
1370	521.8140925212955	-0.001214652041321664
1371	522.0889003967238	-0.0018165838154188523
1372	522.3637242217977	-0.0014933253714528973
1373	522.638563972146	-0.0019122443583653457
1374	522.913419623397	-0.0025597719774777938
1375	523.1882911511797	-0.0023008509879732944
1376	523.4631785311225	-0.0023517175197648107
1377	523.7380817388541	-0.002203451500364389
1378	524.0130007500034	-0.0028077240932025127
1379	524.2879355401985	-0.0029434533198433475
1380	524.5628860850686	-0.0020857589045253635
1381	524.837852360242	-0.0010636440270001876
1382	525.1128343413475	-0.0005564474665303003
1383	525.3878320040136	-0.0005232013390718271
1384	525.6628453238692	-0.0012913378204004924
1385	525.9378742765426	-0.0019005219817324753
1386	526.2129188376629	-0.00282729267409936
1387	526.4879789828583	-0.003363041529780144
1388	526.7630546877576	-0.0026749830742939145
1389	527.0381459279896	-0.0021906556665240717
1390	527.3132526791828	-0.0019083670047934861
1391	527.5883749169658	-0.0011451176732794489
1392	527.8635126169673	-0.0014902954285046692
1393	528.138665754816	-0.002392222205739548
1394	528.4138343061405	-0.00297282695644874
1395	528.6890182465694	-0.002893531814973896
1396	528.9642175517314	-0.002460418387927897
1397	529.2394321972552	-0.0021005941131402297
1398	529.5146621587693	-0.0009474444672239821
1399	529.7899074119024	0.00023409575944328444
1400	530.0651679322832	0.00011746716402751163
1401	530.3404436955403	-0.0009560808217090279
1402	530.6157346773024	-0.0019557330377707885
1403	530.8910408531981	-0.002016674738844361
1404	531.1663621988561	-0.0011036802679663263
1405	531.4416986899049	-0.001227778707007055
1406	531.7170503019732	-0.0016811085500339773
1407	531.9924170106899	-0.0018256948416096501
1408	532.2677987916832	-0.0014789763684655566
1409	532.5431956205821	-0.001623748339744038
1410	532.8186074730152	-0.002309852876032614
1411	533.0940343246108	-0.0030362425291984123
1412	533.3694761509979	-0.0025989910100673993
1413	533.6449329278051	-0.0021803013638195456
1414	533.9204046306611	-0.002656850524663748
1415	534.1958912351944	-0.0026414528663104044
1416	534.4713927170337	-0.002499834315277876
1417	534.7469090518075	-0.0020037712151046655
1418	535.0224402151447	-0.0014572988400835905
1419	535.2979861826739	-0.0016970371515525624
1420	535.5735469300234	-0.001612392789274243
1421	535.8491224328224	-0.0011472787799642718
1422	536.124712666699	-0.0018761637015906971
1423	536.4003176072823	-0.0021875582537655147
1424	536.6759372302007	-0.0022442184505548496
1425	536.9515715110829	-0.001746524978721846
1426	537.2272204255576	-0.0008644599854351846
1427	537.5028839492533	-0.00011602269707997742
1428	537.7785620577987	-0.0003076318339433823
1429	538.0542547268226	-0.0006346056988312289
1430	538.3299619319534	-0.0005387743839201297
1431	538.6056836488199	-0.0010727819483008633
1432	538.8814198530507	-0.0010138087039421439
1433	539.1571705202746	-0.0007926393674434849
1434	539.43293562612	-5.251019521373794e-05
1435	539.7087151462156	0.00048032202118989363
1436	539.9845090561901	0.0008603676666546923
1437	540.2603173316722	0.0008804732478176619
1438	540.5361399482904	0.0002854919016091924
1439	540.8119768816736	-0.0007979997280511061
1440	541.08782810745	-0.0005481080697119847
1441	541.3636936012488	-5.424907623828926e-06
1442	541.6395733386981	0.0006450823635237631
1443	541.915467295427	0.0014951867159579083
1444	542.1913754470639	0.0006452392725994254
1445	542.4672977692376	-0.0006052008893543698
1446	542.7432342375765	-0.0007007878163295244
1447	543.0191848277094	-0.0007453996355117794
1448	543.295149515265	-0.000622645703520908
1449	543.5711282758718	-0.0009967250645358007
1450	543.8471210851586	-0.0021726117345230245
1451	544.1231279187539	-0.0021544713247863886
1452	544.3991487522865	-0.001422002335201917
1453	544.6751835613849	-0.001508388651918097
1454	544.9512323216778	-0.0011992050430998883
1455	545.2272950087939	-0.0009347236928995816
1456	545.5033715983617	-0.0011485968527766496
1457	545.7794620660101	0.0001449203979719954
1458	546.0555663873674	0.0007385104574852263
1459	546.3316845380625	0.0011361552441829063
1460	546.6078164937242	0.001144340191464789
1461	546.8839622299806	0.0006331378580049889
1462	547.1601217224608	0.0006933994647457063
1463	547.4362949467933	0.0013350279234566227
1464	547.7124818786068	0.0007881252808852046
1465	547.9886824935298	-0.0004376047388492954
1466	548.2648967671911	-0.0009246200974093854
1467	548.5411246752193	-0.0011646593031158503
1468	548.8173661932431	-0.0008166132220399965
1469	549.093621296891	-0.00045448648923275374
1470	549.3698899617916	-0.000986695025406206
1471	549.6461721635739	-0.0012860875677864602
1472	549.9224678778662	-0.0010103863812512062
1473	550.1987770802973	-0.00020116728623784108
1474	550.4750997464959	0.0005702390702161993
1475	550.7514358520903	0.0005354287007269601
1476	551.0277853727096	0.0004346191376256095
1477	551.3041482839822	-0.00016067337882872193
1478	551.5805245615368	-0.0006601410706460475
1479	551.8569141810019	-0.000545555757677561
1480	552.1333171180064	-0.0006025253693788587
1481	552.4097333481789	-0.00041675277724812637
1482	552.6861628471478	-0.0003372368912283735
1483	552.962605590542	-0.0005778577648995788
1484	553.23906155399	-0.0002249548165496936
1485	553.5155307131206	-0.0004781455266046064
1486	553.7920130435623	-0.0007833429738708739
1487	554.0685085209439	-0.0007902961617132827
1488	554.3450171208938	-0.0005810765791333435
1489	554.6215388190408	-0.0005112343208740662
1490	554.8980735910135	-0.0008889541724302081
1491	555.1746214124406	-0.0015369302318247874
1492	555.4511822589508	-0.0018411087901587624
1493	555.7277561061726	-0.0017413742533291827
1494	556.0043429297347	-0.001883045287365128
1495	556.2809427052657	-0.002255243192764815
1496	556.5575554083945	-0.0018237203602989999
1497	556.8341810147493	-0.0006942383760261909
1498	557.1108194999591	-0.00028023190581299637
1499	557.3874708396526	0.0007481520320844152
1500	557.6641350094579	0.0016085718988029536
1501	557.9408119850043	0.0010229431307997947
1502	558.2175017419202	0.000648906733654803
1503	558.4942042558341	0.00024128293075229706
1504	558.7709195023748	0.00043014735518505896
1505	559.0476474571709	0.0004105328230965821
1506	559.3243880958511	0.0006916838289693413
1507	559.6011413940439	0.0006099431107359412
1508	559.8779073273781	0.00041112899114931906
1509	560.1546858714822	-0.00019191780652350922
1510	560.4314770019851	-0.0013829133845605357
1511	560.7082806945151	-0.001526265350785554
1512	560.9850969247011	-0.0009735527617244066
1513	561.2619256681718	-0.0011420445116279744
1514	561.5387669005554	-0.0009995663602779242
1515	561.8156205974811	-0.00022937883935343628
1516	562.0924867345773	0.0008242620675802045
1517	562.3693652874725	0.000583932555953728
1518	562.6462562317956	-4.198613506204395e-05
1519	562.9231595431752	-0.0003440585376329342
1520	563.2000751972397	-5.521137533461701e-06
1521	563.4770031696181	0.0009152194034914955
1522	563.7539434359388	0.0013135185779911789
1523	564.0308959718305	0.0009551298774030416
1524	564.3078607529219	0.0007577860372374335
1525	564.5848377548416	0.00038784153282363926
1526	564.8618269532183	-0.0004993942437289591
1527	565.1388283236805	0.0003859125801002009
1528	565.415841841857	0.0008872002664439532
1529	565.6928674833764	0.0010626908060499141
1530	565.9699052238673	0.000825103417326372
1531	566.2469550389583	0.00036827266563679677
1532	566.5240169042783	-0.0002756711464710609
1533	566.8010907954557	5.484412227315001e-05
1534	567.0781766881191	0.0003397503219155079
1535	567.3552745578974	0.0006786819347168061
1536	567.6323843804191	0.0007447439294100515
1537	567.9095061313128	0.0006531205391944218
1538	568.1866397862073	0.0009491291018642392
1539	568.4637853207308	0.0012221741728303329
1540	568.7409427105126	0.0009967117588125986
1541	569.018111931181	0.0013368579489017162
1542	569.2952929583647	0.001120640304740128
1543	569.5724857676922	0.0009904153050394361
1544	569.8496903347924	0.001096755210559748
1545	570.1269066352936	0.0021758386115622447
1546	570.4041346448248	0.0028828048539347416
1547	570.6813743390145	0.0026049359555631903
1548	570.9586256934914	0.0015246806662015128
1549	571.235888683884	0.0005487646553438974
1550	571.5131632858211	0.00045016953184729563
1551	571.7904494749312	0.0010022694524577068
1552	572.067747226843	0.0008494164912081457
1553	572.3450565171853	0.0012039304076103298
1554	572.6223773215866	0.0018232166800393624
1555	572.8997096156754	0.0024850510672734284
1556	573.1770533750807	0.001821576326394042
1557	573.4544085754309	0.001404091290000532
1558	573.7317751923547	0.0016353224557493252
1559	574.0091532014807	0.001965175616956239
1560	574.2865425784375	0.001399454883295759
1561	574.563943298854	-0.0002007821396737882
1562	574.8413553383587	-0.0013374350382634355
1563	575.1187786725801	-0.000951987274493778
1564	575.3962132771469	1.0672715708039474e-05
1565	575.673659127688	0.0010128834574793123
1566	575.9511161998317	0.0011711836951393325
1567	576.2285844692069	0.001456108484852111
1568	576.5060639114422	0.0014466775520675067
1569	576.7835545021661	0.0014754285907656924
1570	577.0610562170074	0.0005020205904813935
1571	577.3385690315946	0.00013492551285631225
1572	577.6160929215565	0.0009149726041380538
1573	577.8936278625216	0.0014960015804802336
1574	578.1711738301187	0.0010093361925560887
1575	578.4487307999764	6.455622210583406e-05
1576	578.7262987477233	-0.00024138013721942964
1577	579.0038776489879	0.0002507742027154109
1578	579.2814674793991	0.0011407163116796716
1579	579.5590682145854	0.00107193893041704
1580	579.8366798301756	0.0006971105114139467
1581	580.114302301798	0.00019500619112439686
1582	580.3919356050817	-0.00022799883962610137
1583	580.6695797156551	2.087936280941241e-05
1584	580.9472346091468	0.0006351057979722165
1585	581.2249002611856	0.001235094704050808
1586	581.5025766474	0.0008621986646749086
1587	581.7802637434188	0.00040630857564998187
1588	582.0579615248704	3.5800218845995907e-06
1589	582.3356699673836	0.00025964451562980606
1590	582.6133890465871	0.0014161300817671224
1591	582.8911187381095	0.0023938694127212355
1592	583.1688590175795	0.002311993013333751
1593	583.4466098606256	0.0007046235565333625
1594	583.7243712428766	-0.0004684685209929082
1595	584.0021431399608	-0.0005444328139457659
1596	584.2799255275073	0.0004309776504358206
1597	584.5577183811447	0.0013328786401364569
1598	584.8355216765013	0.001204809997455203
1599	585.1133353892061	0.0008480688628815531
1600	585.3911594948875	0.0005701473128817414
1601	585.6689939691742	0.0001928942292559136
1602	585.9468387876949	0.00046689826414468387
1603	586.2246939260782	0.0009887921408075068
1604	586.5025593599528	0.0007783604381383837
1605	586.7804350649474	-0.00048018451244988443
1606	587.0583210166905	-0.0011679522890640972
1607	587.3362171908108	-0.001234296758930678
1608	587.6141235629369	-0.00136579891289707
1609	587.8920401086975	-0.0010983141580608556
1610	588.1699668037213	4.5839744993591766e-05
1611	588.447903623637	0.0006350949103756404
1612	588.725850544073	0.00013197741725944588
1613	589.003807540658	0.000761043394119424
1614	589.2817745890209	0.0019711588086724317
1615	589.55975166479	0.0026488563869989483
1616	589.8377387435943	0.0015342254252889431
1617	590.1157358010622	0.0005375795724858641
1618	590.3937428128223	-0.00029215050951940207
1619	590.6717597545035	-0.0008753110360515855
1620	590.9497866017341	-0.000265605166709983
1621	591.2278233301431	0.0004854439649231955
1622	591.5058699153589	0.0006674308017872357
1623	591.7839263330103	0.0006991596733839228
1624	592.0619925587258	0.00040912607254524336
1625	592.3400685681341	0.0005553174149907532
1626	592.618154336864	0.0017261358098496441
1627	592.896249840544	0.0023211364825902626
1628	593.1743550548026	0.0017836888459580487
1629	593.4524699552688	0.001631598622709854
1630	593.7305945175709	0.0009404556815012372
1631	594.0087287173377	8.60116972208353e-05
1632	594.2868725301978	6.292239862343979e-05
1633	594.56502593178	0.0012124489613139795
1634	594.8431888977128	0.0008028735031794989
1635	595.1213614036249	-3.750800293593655e-05
1636	595.3995434251448	-9.464372104991611e-05
1637	595.6777349379013	0.0004507990270281384
1638	595.9559359175231	0.0002711934459693286
1639	596.2341463396386	-0.0005041016904493868
1640	596.5123661798767	-0.001270074332672207
1641	596.790595413866	-0.0014633948220322268
1642	597.068834017235	-0.0009242761162946301
1643	597.3470819656123	-0.0006709157559276566
1644	597.625339234627	-3.0183488070141193e-05
1645	597.9036057999072	0.0004487854194096929
1646	598.1818816370817	0.0003088201104056894
1647	598.4601667217793	-2.6964719269583978e-05
1648	598.7384610296285	-0.0003007841635268779
1649	599.0167645362582	-0.0008224828834992332
1650	599.2950772172967	-0.000714244691522696
1651	599.5733990483727	-0.00020315470424156663
1652	599.8517300051152	-2.9855591869692652e-05
1653	600.1300700631524	-0.000897700187296643
1654	600.4084191981132	-0.0016484050619169268
1655	600.6867773856261	-0.001051604823135972
1656	600.9651446013198	8.554553294388978e-05
1657	601.243520820823	6.221741641158039e-05
1658	601.5219060197644	-0.000270431874639614
1659	601.8003001737725	-0.0007262365367009891
1660	602.078703258476	-0.0005636967383153661
1661	602.3571152495035	0.0002029535714266617
1662	602.6355361224837	0.0004967597778624093
1663	602.9139658530453	9.118068775076579e-05
1664	603.1924044168169	-0.00012881387957900878
1665	603.470851789427	-0.000294230790262159
1666	603.7493079465045	-0.0002005793854535677
1667	604.0277728636778	-0.0013997664232568326
1668	604.3062465165756	-0.0019164572519746615
1669	604.5847288808268	-0.0013634972327087862
1670	604.8632199320598	-0.0009204061678919004
1671	605.1417196459032	-0.0006184027844563893
1672	605.4202279979858	-0.0008899038549921908
1673	605.6987449639362	-0.001094218617805105
1674	605.977270519383	-0.001323246903058668
1675	606.2558046399548	-0.00211725496172796
1676	606.5343473012804	-0.0028320510853790306
1677	606.8128984789884	-0.0032435968884830177
1678	607.0914581487074	-0.003012899727696767
1679	607.370026286066	-0.002063949861088595
1680	607.648602866693	-0.0009427051949303742
1681	607.9271878662169	3.77164853682891e-05
1682	608.2057812602663	0.0016183169387288705
1683	608.48438302447	0.0021550641105010093
1684	608.7629931344566	0.0016853887723886664
1685	609.0416115658547	0.0012128736274008949
1686	609.3202382942931	0.0007146316341220798
1687	609.5988732954002	0.0006831284269112111
1688	609.8775165448047	0.0009877255793078014
1689	610.1561680181354	0.0012927711446904105
1690	610.4348276910209	0.0014667812838389076
1691	610.7134955390896	0.0017004575734788537
1692	610.9921715379706	0.001302453326671206
1693	611.2708556632922	0.0003430230655471333
1694	611.549547890683	-0.0008372103324761071
1695	611.828248195772	-0.0015997251878997493
1696	612.1069565541875	-0.0015614129690793462
1697	612.3856729415583	-0.0013780246024981749
1698	612.6643973335129	-0.0005831696304645223
1699	612.9431297056801	-0.0009204127569659055
1700	613.2218700336886	-0.0016910521771122547
1701	613.5006182931669	-0.0023660579632488066
1702	613.7793744597436	-0.0021449417021472805
1703	614.0581385090476	-0.0013521339668294656
1704	614.3369104167073	-0.0009823767812263493
1705	614.6156901583514	-0.0010039111084835205
1706	614.8944777096086	-0.0014130508711173977
1707	615.1732730461076	-0.000596638401430245
1708	615.4520761434768	-0.0005890323006685957
1709	615.7308869773451	0.00011752299906467485
1710	616.0097055233412	0.0007203069675885566
1711	616.2885317570934	-2.866555215628834e-05
1712	616.5673656542307	-3.6669223666518924e-05
1713	616.8462071903814	-3.943911940608273e-05
1714	617.1250563411744	-0.0004443689974092304
1715	617.4039130822383	-0.0002232930950627262
1716	617.6827773892018	0.0010480057400664277
1717	617.9616492376933	0.001641113226821046
1718	618.2405286033418	0.0010982998760232232
1719	618.5194154617757	0.0004568790249173237
1720	618.7983097886237	-0.0001629043260897526
1721	619.0772115595145	-0.0009309028590751538
1722	619.3561207500766	-0.0007182408945444752
1723	619.6350373359388	-0.0005303033089831995
1724	619.9139612927296	-0.00015742777012753284
1725	620.1928925960779	-0.00045400183231864705
1726	620.471831221612	-0.0004750534289964005
1727	620.7507771449608	-0.0004177133251785318
1728	621.0297303417528	-0.0007541815109822977
1729	621.3086907876168	-0.0005861602295972376
1730	621.5876584581814	-0.0003405273886539651
1731	621.8666333290751	-0.00033582598986906485
1732	622.1456153759267	-0.000579706997968157
1733	622.4246045743648	-0.0018284731243058058
1734	622.7036009000179	-0.0026022674284352666
1735	622.982604328515	-0.0029453733744886496
1736	623.2616148354844	-0.0027767666656074233
1737	623.540632396555	-0.0017207999784351075
1738	623.8196569873552	-0.0007280671841108435
1739	624.0986885835138	-0.00033052941853006605
1740	624.3777271606593	-0.000582366783023161
1741	624.6567726944206	-0.0009782586646387668
1742	624.9358251604261	-0.0016098722235731566
1743	625.2148845343046	-0.002419033705232266
1744	625.4939507916847	-0.002341974590898901
1745	625.773023908195	-0.0024441613051823744
1746	626.0521038594642	-0.0011422217301015301
1747	626.3311906211209	7.582049979410095e-05
1748	626.6102841687938	0.0011494273470414162
1749	626.8893844781114	0.0011064482342713709
1750	627.1684915247026	0.0005398412212045591
1751	627.4476052841959	0.00011102895325777913
1752	627.7267257322198	3.6198391438197267e-05
1753	628.0058528444033	-0.0004914044412474734
1754	628.2849865963747	-0.0009475402850478241
1755	628.5641269637629	-0.0005920760662786982
1756	628.8432739221963	-0.0007933919081959707
1757	629.1224274473037	-0.001774162026168825
1758	629.4015875147138	-0.0023444805412627234
1759	629.6807541000552	-0.002167415412935912
1760	629.9599271789564	-0.001503777986296766
1761	630.2391067270462	-0.0010830684873503246
1762	630.5182927199531	-0.0005721812148552427
1763	630.797485133306	-5.799726254029566e-05
1764	631.0766839427333	0.0008968231923351423
1765	631.3558891238638	0.0017162642644850176
1766	631.6351006523261	0.001034067610559044
1767	631.9143185037487	-0.00040194493841155983
1768	632.1935426537605	-0.0017076046339316673
1769	632.4727730779899	-0.002880256680167467
1770	632.7520097520658	-0.003634008967740132
1771	633.0312526516166	-0.0038254460561358006
1772	633.3105017522711	-0.003212878272673093
1773	633.5897570296578	-0.0034197716654472982
1774	633.8690184594055	-0.004213342557755533
1775	634.1482860171428	-0.0049768503077173495
1776	634.4275596784984	-0.00585469446937107
1777	634.7068394191008	-0.005683885092752632
1778	634.9861252145787	-0.004619787637484213
1779	635.2654170405609	-0.0027737947561549577
1780	635.5447148726759	-0.001853819541579576
1781	635.8240186865522	-0.0008245856802389182
1782	636.1033284578186	-0.0005291128596198215
1783	636.3826441621039	-0.0014886715872564158
1784	636.6619657750366	-0.0019107462318438007
1785	636.9412932722452	-0.00158232829715051
1786	637.2206266293585	-0.0009156891339564335
1787	637.4999658220052	0.0001962226250094897
1788	637.7793108258138	0.0016785731974299084
1789	638.0586616164131	0.0012775844928410596
1790	638.3380181694317	-0.0015350006466912543
1791	638.6173804604981	-0.0034631118390363973
1792	638.8967484652411	-0.003794868829765548
1793	639.1761221592893	-0.0026796935012954153
1794	639.4555015182714	-0.002585589503517784
1795	639.734886517816	-0.0021560509563178093
1796	640.0142771335516	-0.0008102244961132373
1797	640.293673341107	-0.0002875700589438767
1798	640.5730751161109	-0.0009638658197767269
1799	640.8524824341919	-0.0017327971528471528
1800	641.1318952709786	-0.002382333643629747
1801	641.4113136020995	-0.0028042106527535384
1802	641.6907374031836	-0.003094351437716249
1803	641.9701666498593	-0.0021901369611124644
1804	642.2496013177553	-0.0018267749047605093
1805	642.5290413825002	-0.0032730762828347398
1806	642.8084868197227	-0.004061191579748604
1807	643.0879376050514	-0.003752933893335031
1808	643.367393714115	-0.002797961124608176
1809	643.6468551225421	-0.0017448950167925203
1810	643.9263218059615	-0.0011629422957686146
1811	644.2057937400016	-0.0016002030449034973
1812	644.4852709002911	-0.0024246735433452876
1813	644.7647532624587	-0.003138493014753215
1814	645.0442408021332	-0.004028618955181799
1815	645.323733494943	-0.004288524653413903
1816	645.6032313165168	-0.004725950097200395
1817	645.8827342424834	-0.004463961596625951
1818	646.1622422484712	-0.0034558485038754475
1819	646.441755310109	-0.003129416271240344
1820	646.7212734030254	-0.002798526210543094
1821	647.0007965028492	-0.003165505660627909
1822	647.2803245852087	-0.0032607596556882834
1823	647.5598576257329	-0.003967360700571517
1824	647.8393956000502	-0.0037056158702185957
1825	648.1189384837895	-0.0026121841126577876
1826	648.3984862525792	-0.0020247133130210718
1827	648.6780388820481	-0.0018852552878421067
1828	648.9575963478247	-0.001042446484569099
1829	649.2371586255376	-2.531649033621179e-05
1830	649.5167256908159	0.0004513076734363117
1831	649.7962975192877	7.371911546044142e-05
1832	650.0758740865818	-0.0002961874844808858
1833	650.3554553683271	-0.0010027053203314484
1834	650.6350413401518	-0.002316471970585963
1835	650.914631977685	-0.0029994046641565325
1836	651.1942272565551	-0.0035361788853802024
1837	651.4738271523906	-0.0038642326815738395
1838	651.7534316408206	-0.0032667578338284337
1839	652.0330406974733	-0.0024140110604926306
1840	652.3126542979776	-0.002090277812033881
1841	652.592272417962	-0.002888062687675835
1842	652.8718950330552	-0.0041164950684183695
1843	653.151522118886	-0.005300688964900373
1844	653.4311536510828	-0.005610508354464881
1845	653.7107896052743	-0.005821844517298218
1846	653.9904299570893	-0.005963468901542696
1847	654.2700746821563	-0.005953882351410091
1848	654.549723756104	-0.005572932052336823
1849	654.8293771545609	-0.005639309882083849
1850	655.1090348531559	-0.0060848940099882416
1851	655.3886968275175	-0.005693912289774766
1852	655.6683630532743	-0.006119919526624584
1853	655.948033506055	-0.00687473933119335
1854	656.2277081614884	-0.006911435828717876
1855	656.5073869952029	-0.006248799249098977
1856	656.7870699828272	-0.005732502019636368
1857	657.06675709999	-0.0049883023456238525
1858	657.3464483223199	-0.004106503318409742
1859	657.6261436254457	-0.003070698452873803
1860	657.9058429849958	-0.0027522568006478516
1861	658.1855463765991	-0.0021305253326776453
1862	658.465253775884	-0.0007673234605407968
1863	658.7449651584792	-0.001050351998894538
1864	659.0246805000136	-0.0016864794015580362
1865	659.3043997761156	-0.0033269666129214434
1866	659.5841229624137	-0.004048678549962258
1867	659.863850034537	-0.00468429184721828
1868	660.1435809681136	-0.004601391409028637
1869	660.4233157387727	-0.0040250585096640625
1870	660.7030543221425	-0.0036377410061767083
1871	660.9827966938518	-0.003515523813719522
1872	661.2625428295295	-0.0033801715945917313
1873	661.5422927048038	-0.0034026214590917106
1874	661.8220462953036	-0.003543871548472832
1875	662.1018035766575	-0.00391199310779579
1876	662.3815645244941	-0.0038050483601402754
1877	662.6613291144423	-0.0038640390542158693
1878	662.9410973221303	-0.003521596112854136
1879	663.2208691231871	-0.0036397453961128836
1880	663.5006444932411	-0.005008014542279402
1881	663.7804234079211	-0.006331686076685645
1882	664.0602058428558	-0.007569118890701868
1883	664.3399917736738	-0.0077962167989949135
1884	664.6197811760036	-0.0069350822074967546
1885	664.899574025474	-0.006051914061167493
1886	665.1793702977136	-0.005954866520912296
1887	665.4591699683509	-0.0054705847923265175
1888	665.7389730130149	-0.005229353221864783
1889	666.0187794073339	-0.0036275220850565185
1890	666.2985891269367	-0.0022515751236189888
1891	666.5784021474519	-0.0015434705105474063
1892	666.8582184445082	-0.0015385246516136219
1893	667.1380379937343	-0.001974952089696995
1894	667.4178607707587	-0.002070675987807009
1895	667.69768675121	-0.00198823225285397
1896	667.977515910717	-0.0023458552115624646
1897	668.2573482249082	-0.003191114703349221
1898	668.5371836694126	-0.0038525454641957276
1899	668.8170222198584	-0.0038222931209833683
1900	669.0968638518744	-0.0027590598392070505
1901	669.3767085410893	-0.0018305082005523644
1902	669.6565562631317	-0.0010143435665841173
1903	669.9364069936304	-0.0014568510956500212
1904	670.2162607082138	-0.0021264310244661563
1905	670.4961173825106	-0.0020991257173552675
1906	670.7759769921496	-0.002130530477919765
1907	671.0558395127592	-0.0027802345994875494
1908	671.3357049199684	-0.003402200141484452
1909	671.6155731894055	-0.004400087276946133
1910	671.8954442966993	-0.0051028578039464135
1911	672.1753182174784	-0.004459932023402361
1912	672.4551949273715	-0.003653833668105646
1913	672.7350744020073	-0.0032132403566947146
1914	673.0149566170143	-0.002759205869297017
1915	673.294841548021	-0.002647636008422145
1916	673.5747291706565	-0.003226949598907106
1917	673.8546194605491	-0.004587737522993924
1918	674.1345123933276	-0.004902834788778817
1919	674.4144079446205	-0.00474132531157412
1920	674.6943060900566	-0.003909001601787615
1921	674.9742068052644	-0.0028301973495027753
1922	675.2541100658726	-0.0033939754204609287
1923	675.53401584751	-0.003270528323503854
1924	675.813924125805	-0.002657442369334623
1925	676.0938348763865	-0.0026366109856819347
1926	676.3737480748828	-0.0026669875446363317
1927	676.6536636969229	-0.0027511562731019484
1928	676.9335817181353	-0.0031328741051635522
1929	677.2135021141485	-0.003242746375190146
1930	677.4934248605913	-0.002804285663816866
1931	677.7733499330924	-0.0023506066571950153
1932	678.0532773072804	-0.0023273716967166895
1933	678.3332069587839	-0.0029998871608338164
1934	678.6131388632315	-0.003353666992417381
1935	678.8930729962518	-0.0037407944572955317
1936	679.1730093334737	-0.004181358907697035
1937	679.4529478505257	-0.003857142676980301
1938	679.7328885230364	-0.003964945987674582
1939	680.0128313266345	-0.003917858385304528
1940	680.2927762369486	-0.0036357969995185497
1941	680.5727232296074	-0.0026228818050085725
1942	680.8526722802396	-0.0014939124224719498
1943	681.1326233644737	-0.0012301349297459668
1944	681.4125764579384	-0.0007768939170261068
1945	681.6925315362623	-0.0010736638856616732
1946	681.9724885750742	-0.0016810276373898838
1947	682.2524475500026	-0.0033054582448906935
1948	682.5324084366763	-0.004318510524072693
1949	682.8123712107238	-0.004622710824787355
1950	683.0923358477737	-0.004272638972781255
1951	683.3723023234547	-0.004350391496728416
1952	683.6522706133954	-0.004812678851585187
1953	683.9322406932248	-0.004705287980593432
1954	684.2122125385711	-0.004672551480206889
1955	684.4921861250632	-0.004118554065906204
1956	684.7721614283295	-0.0026276335980592053
1957	685.0521384239989	-0.0018109236193836684
1958	685.3321170876999	-0.0004480728553109027
1959	685.6120973950613	-0.0007873694496041053
1960	685.8920793217114	-0.00047731215445015115
1961	686.1720628432794	-0.00017608342652396247
1962	686.4520479353932	-0.0009542923645764877
1963	686.7320345736822	-0.002423994183555333
1964	687.0120227337748	-0.003400106266880417
1965	687.2920123912992	-0.00416958859956458
1966	687.5720035218847	-0.00391515537637448
1967	687.8519961011594	-0.0033232708341849188
1968	688.1319901047524	-0.0032512042532442127
1969	688.4119855082921	-0.0036680853829449654
1970	688.6919822874072	-0.005000662384713679
1971	688.9719804177263	-0.004464436284120597
1972	689.2519798748781	-0.0028122776018647717
1973	689.5319806344912	-0.0024160639664054396
1974	689.8119826721942	-0.0022828666905401612
1975	690.0919859636159	-0.00207389143612023
1976	690.3719904843848	-0.0029614211593917174
1977	690.6519962101296	-0.004344690883973233
1978	690.932003116479	-0.004864502734695927
1979	691.2120111790616	-0.004904477114990983
1980	691.492020373506	-0.0046086017984024105
1981	691.7720306754409	-0.005089104114571355
1982	692.052042060495	-0.005923974965495932
1983	692.3320545042967	-0.005424875149342416
1984	692.6120679824749	-0.004678501964728202
1985	692.8920824706581	-0.00416406141002656
1986	693.1720979444751	-0.00304496858567729
1987	693.4521143795545	-0.0024526740982286077
1988	693.7321317515248	-0.0017802896788629112
1989	694.0121500360148	-0.0015935279789868612
1990	694.292169208653	-0.0020988257291266535
1991	694.5721892450682	-0.0034088663630469657
1992	694.852210120889	-0.004188446333682712
1993	695.132231811744	-0.0047023181144477105
1994	695.4122542932618	-0.004800563426102933
1995	695.6922775410711	-0.004864644223686458
1996	695.9723015308007	-0.004915066874340197
1997	696.2523262380789	-0.004850367876411981
1998	696.5323516385348	-0.0045498201356896275
1999	696.8123777077966	-0.004745132265815409
2000	697.0924044214933	-0.0044110477274510885
2001	697.3724317552532	-0.003384410224079709
2002	697.6524596847053	-0.0024149677947282455
2003	697.932488185478	-0.0031988085133286635
2004	698.2125172332	-0.0032786803485996344
2005	698.4925468035	-0.0026810021581779742
2006	698.7725768720065	-0.0024279778496669457
2007	699.0526074143484	-0.0026189972507132692
2008	699.3326384061542	-0.0031503513310931763
2009	699.6126698230524	-0.004744039511000747
2010	699.8927016406719	-0.0058914703284815625
2011	700.1727338346412	-0.005697913836296937
2012	700.4527663805891	-0.00504468618633536
2013	700.7327992541439	-0.004664049383056071
2014	701.0128324309346	-0.00382391403447533
2015	701.2928658865898	-0.0038711921911614537
2016	701.5728995967379	-0.00476612706469093
2017	701.8529335370077	-0.0047882613036471545
2018	702.132967683028	-0.005476724059743348
2019	702.4130020104271	-0.005684940368653094
2020	702.6930364948341	-0.005292613256135588
2021	702.9730711118773	-0.005378691429090284
2022	703.2531058371853	-0.005631908299514737
2023	703.533140646387	-0.004700163559677889
2024	703.8131755151109	-0.0035035972502572357
2025	704.0932104189857	-0.0032556479004868955
2026	704.3732453336398	-0.0033501819264182796
2027	704.6532802347023	-0.00295277123735207
2028	704.9333150978015	-0.002756966730334867
2029	705.2133498985661	-0.002600777117508883
2030	705.4933846126249	-0.0024192756712858657
2031	705.7734192156064	-0.0025104888177908853
2032	706.0534536831393	-0.0032134030623893906
2033	706.3334879908522	-0.0037846466136903494
2034	706.6135221143738	-0.0041184732952404685
2035	706.8935560293327	-0.004721340688707984
2036	707.1735897113575	-0.003600419915973461
2037	707.453623136077	-0.002861149201435882
2038	707.7336562791197	-0.003061717695780449
2039	708.0136891161144	-0.003890063808046681
2040	708.2937216226894	-0.004528506853530744
2041	708.5737537744739	-0.005695994639117777
2042	708.853785547096	-0.006623091521084796
2043	709.1338169161846	-0.0067827750953348455
2044	709.4138478573684	-0.006427912590092096
2045	709.693878346276	-0.005855607753113315
2046	709.9739083585359	-0.0051817780753153075
2047	710.253937869777	-0.0046623810369324035
2048	710.5339668556278	-0.004689623540035501
2049	710.8139952917168	-0.004444394256057287
2050	711.0940231536729	-0.004453594223828499
2051	711.3740504171246	-0.003604895315729396
2052	711.6540770577005	-0.003190000757100648
2053	711.9341030510295	-0.0034379445851544198
2054	712.21412837274	-0.0032986455640985485
2055	712.4941529984609	-0.002489157965092973
2056	712.7741769038204	-0.0011084393131267807
2057	713.0542000644475	2.809714811062916e-05
2058	713.3342224559708	-3.356577464086116e-05
2059	713.6142440540189	-0.0011835342324898988
2060	713.8942648342203	-0.0029155736704502278
2061	714.1742847722039	-0.0038975587293667464
2062	714.4543038435983	-0.003741214292829243
2063	714.734322024032	-0.003174444973629946
2064	715.0143392891338	-0.0028311103925945102
2065	715.2943556145322	-0.0032693347095300793
2066	715.5743709758559	-0.0037939680394669904
2067	715.8543853487336	-0.004249129931921567
2068	716.1343987087938	-0.004395697360024559
2069	716.4144110316654	-0.003775164212244402
2070	716.6944222929768	-0.0028589727121794105
2071	716.9744324683568	-0.003142809152273893
2072	717.254441533434	-0.0023172114381966504
2073	717.5344494638371	-0.002440557031856628
2074	717.8144562351945	-0.0035609014425663048
2075	718.0944618231351	-0.005010982518282305
2076	718.3744662032875	-0.005327999611525363
2077	718.6544693512803	-0.005060262798206145
2078	718.9344712427421	-0.00435190149274939
2079	719.2144718533017	-0.00274796999586578
2080	719.4944711585877	-0.002068215668711803
2081	719.7744691342285	-0.0016080368549324722
2082	720.054465755853	-0.0010473463676329304
2083	720.3344609990899	-0.0009849780489978918
2084	720.6144548395675	-0.0009826093396989484
2085	720.8944472529149	-0.002557430068128884
2086	721.1744382147605	-0.00412967132475542
2087	721.4544277007328	-0.005474077754740427
2088	721.7344156864607	-0.0061336671279168965
2089	722.0144021475728	-0.006351736376834751
2090	722.2943870596977	-0.006844570077897644
2091	722.574370398464	-0.006835026893339034
2092	722.8543521395004	-0.0066167026683793505
2093	723.1343322584355	-0.006741698368580391
2094	723.414310730898	-0.006506356631513773
2095	723.6942875325166	-0.005913330395349694
2096	723.9742626389199	-0.005105359493743987
2097	724.2542360257363	-0.0045339380976669175
2098	724.5342076685947	-0.0034576070515633522
2099	724.8141775431238	-0.0034185957570396566
2100	725.0941456249523	-0.003567816029145349
2101	725.3741118897084	-0.0033658488109995083
2102	725.6540763130213	-0.003164524316059939
2103	725.9340388705192	-0.003322431147253552
2104	726.213999537831	-0.004143323207517443
2105	726.4939582905853	-0.004980517201344247
2106	726.7739151044107	-0.004656110011950862
2107	727.0538699549359	-0.004590662883146343
2108	727.3338228177894	-0.005025057324918127
2109	727.6137736686001	-0.005639645015522776
2110	727.8937224829964	-0.006358061201097942
2111	728.173669236607	-0.006182032958286192
2112	728.4536139050607	-0.0060402538293433585
2113	728.7335564639859	-0.005364194690182346
2114	729.0134968890115	-0.005177805404193377
2115	729.2934351557661	-0.005112676669832703
2116	729.5733712398782	-0.006031184288140033
2117	729.8533051169765	-0.006304264244568428
2118	730.1332367626896	-0.005549562414101886
2119	730.4131661526463	-0.005143754906555857
2120	730.6930932624751	-0.004899809134330484
2121	730.9730180678048	-0.00526305534578074
2122	731.2529405442638	-0.006286595808585054
2123	731.532860667481	-0.007392904692563634
2124	731.8127784130849	-0.006080069671963612
2125	732.0926937567042	-0.004135917388625024
2126	732.3726066739674	-0.003807157159962115
2127	732.6525171405034	-0.0033660523784307464
2128	732.9324251319407	-0.002813844499307546
2129	733.212330623908	-0.002877027702257961
2130	733.4922335920337	-0.003051547212095898
2131	733.7721340119468	-0.0024020588239999988
2132	734.0520318592758	-0.0016520778761580403
2133	734.3319271096493	-0.0029203089250777643
2134	734.611819738696	-0.004626001509485375
2135	734.8917097220445	-0.004775780539604653
2136	735.1715970353235	-0.004223101887553326
2137	735.4514816541617	-0.003685497553688539
2138	735.7313635541876	-0.0036891302112459917
2139	736.0112427110299	-0.004214388160292605
2140	736.2911191003174	-0.0046695852440686685
2141	736.5709926976783	-0.004250310827646814
2142	736.8508634787418	-0.003789702631182841
2143	737.1307314191362	-0.0037234716417235535
2144	737.4105964944902	-0.0035769099364249043
2145	737.6904586804325	-0.0035026409992384693
2146	737.9703179525917	-0.0038934917236718627
2147	738.2501742865966	-0.004118704653112279
2148	738.5300276580756	-0.00476122449883374
2149	738.8098780426574	-0.005237794917418975
2150	739.0897254159709	-0.0050224872924829675
2151	739.3695697536444	-0.005572373276057746
2152	739.6494110313067	-0.005646811636733664
2153	739.9292492245864	-0.005366351812070652
2154	740.2090843091123	-0.005543823826134463
2155	740.488916260513	-0.005371189293571332
2156	740.768745054417	-0.005193549682635731
2157	741.0485706664529	-0.004843327165146714
2158	741.3283930722497	-0.005103094815513916
2159	741.6082122474356	-0.006005971996664541
2160	741.8880281676396	-0.0068839829848886085
2161	742.1678408084902	-0.007882906931206279
2162	742.4476501456159	-0.009623821005646469
2163	742.7274561546457	-0.009371589413789296
2164	743.0072588112077	-0.007719087996706116
2165	743.2870580909313	-0.005902210682010399
2166	743.5668539694444	-0.005710249504750176
2167	743.8466464223761	-0.0065547486274267295
2168	744.126435425355	-0.007219744846541544
2169	744.4062209540097	-0.0071816583744239975
2170	744.6860029839685	-0.005535794231730189
2171	744.9657814908605	-0.004057585605987089
2172	745.2455564503144	-0.0025705235621181766
2173	745.5253278379585	-0.0023778450133303576
2174	745.8050956294215	-0.0019609781555642303
2175	746.0848598003323	-0.0029267082619951236
2176	746.3646203263193	-0.004206865062939033
2177	746.6443771830111	-0.005612437311494509
2178	746.9241303460366	-0.006857844796523838
2179	747.2038797910244	-0.00719047326575499
2180	747.483625493603	-0.006782377379075909
2181	747.763367429401	-0.00658332421941484
2182	748.0431055740473	-0.005411968706218108
2183	748.3228399031702	-0.005430580793565915
2184	748.6025703923987	-0.006434835720681603
2185	748.8822970173613	-0.007472646246402738
2186	749.1620197536865	-0.007369780697655884
2187	749.4417385770032	-0.006892602950717903
2188	749.72145346294	-0.00670714328321741
2189	750.0011643871252	-0.0061810394316459735
2190	750.2808713251878	-0.006325695010924821
2191	750.5605742527564	-0.005758106346446584
2192	750.8402731454597	-0.00466253455154674
2193	751.1199679789262	-0.003664318236725417
2194	751.3996587287845	-0.0035899085720378747
2195	751.6793453706633	-0.003150613688810259
2196	751.9590278801915	-0.0029764936557163894
2197	752.2387062329973	-0.002901243696713596
2198	752.5183804047095	-0.0024554151640654442
2199	752.7980503709571	-0.0028717322559221603
2200	753.0777161073684	-0.0034483131240107233
2201	753.357377589572	-0.003724564018742122
2202	753.6370347931967	-0.0038028767031484615
2203	753.9166876938712	-0.00374225454167728
2204	754.1963362672238	-0.0031616145648809112
2205	754.4759804888837	-0.0027042631171480345
2206	754.7556203344789	-0.0028047097562745645
2207	755.0352557796386	-0.003582582096154722
2208	755.3148867999912	-0.0033847459582202165
2209	755.5945133711654	-0.0029290802418228453
2210	755.8741354687896	-0.0027067722632396884
2211	756.1537530684928	-0.0026760908494221827
2212	756.4333661459035	-0.0031549076794669985
2213	756.7129746766504	-0.003435579960101756
2214	756.992578636362	-0.003442759421005198
2215	757.2721780006672	-0.003493089139508661
2216	757.5517727451944	-0.0037017395518801743
2217	757.8313628455722	-0.004326056129596101
2218	758.1109482774295	-0.005505983779036274
2219	758.3905290163948	-0.005567697768702787
2220	758.6701050380967	-0.0044452166989810485
2221	758.949676318164	-0.0038607678402540584
2222	759.2292428322253	-0.004278681653232617
2223	759.5088045559091	-0.004871470040025567
2224	759.7883614648441	-0.004731044452568653
2225	760.0679135346592	-0.0044644162572838805
2226	760.3474607409827	-0.004471745615728473
2227	760.6270030594433	-0.004076795327514572
2228	760.9065404656699	-0.003901735303905668
2229	761.1860729352908	-0.003327733266414997
2230	761.4656004439349	-0.003558731235094542
2231	761.7451229672307	-0.004509784061056614
2232	762.024640480807	-0.00563857580861927
2233	762.3041529602923	-0.005804453092252141
2234	762.5836603813153	-0.0067941758559207106
2235	762.8631627195047	-0.007263083434146094
2236	763.142659950489	-0.008021816062953626
2237	763.4221520498969	-0.00860812155243838
2238	763.7016389933572	-0.007846969437619134
2239	763.9811207564984	-0.006270838591872399
2240	764.2605973149491	-0.005028234906964878
2241	764.540068644338	-0.005146142871567387
2242	764.8195347202939	-0.006348764717648132
2243	765.0989955184451	-0.00792972497212175
2244	765.3784510144205	-0.009848825392518547
2245	765.6579011838488	-0.011361717378933038
2246	765.9373460023585	-0.01147938119290278
2247	766.2167854455782	-0.011266459035278693
2248	766.4962194891368	-0.01005143981859043
2249	766.7756481086626	-0.009191638097552662
2250	767.0550712797844	-0.007538029617336742
2251	767.334488978131	-0.006811608538689694
2252	767.6139011793309	-0.00746410361466001
2253	767.8933078590127	-0.008147526163179195
2254	768.172708992805	-0.009064441054702492
2255	768.4521045563367	-0.009565563640417753
2256	768.7314945252364	-0.010068682969278053
2257	769.0108788751323	-0.009678554117871798
2258	769.2902575816536	-0.009114977315287372
2259	769.5696306204287	-0.009122092651899751
2260	769.8489979670862	-0.00854223558064381
2261	770.1283595972549	-0.008958566505881373
2262	770.4077154865632	-0.009520800010345585
2263	770.6870656106402	-0.009875361891147835
2264	770.966409945114	-0.00933699860311223
2265	771.2457484656136	-0.009395849149076888
2266	771.5250811477675	-0.010178237480667412
2267	771.8044079672043	-0.010458397359748583
2268	772.0837288995529	-0.010460312532230686
2269	772.3630439204418	-0.010677379056597127
2270	772.6423530054994	-0.010678642422632181
2271	772.9216561303547	-0.010048856317992062
2272	773.2009532706362	-0.010400561285944788
2273	773.4802444019726	-0.010973786121931554
2274	773.7595294999924	-0.01150383099132216
2275	774.0388085403243	-0.013385819803772549
2276	774.3180814985972	-0.014350384760818295
2277	774.5973483504395	-0.01436701180739498
2278	774.8766090714796	-0.013939712833594367
2279	775.1558636373468	-0.013302574104703938
2280	775.4351120236691	-0.013081757341134037
2281	775.7143542060755	-0.01373225750401966
2282	775.9935901601946	-0.013746963809229098
2283	776.2728198616551	-0.012284979253511432
2284	776.5520432860854	-0.011032120622403649
2285	776.8312604091143	-0.010595442821179694
2286	777.1104712063704	-0.01159785334986575
2287	777.3896756534825	-0.01226297008087264
2288	777.6688737260791	-0.012082669127672939
2289	777.948065399789	-0.012439190427480026
2290	778.2272506502406	-0.012074347107461601
2291	778.5064294530627	-0.011863593259742254
2292	778.7856017838839	-0.011677671287389932
2293	779.0647676183328	-0.011221803968331733
2294	779.3439269320381	-0.011176616163851818
2295	779.6230797006285	-0.01015455186551963
2296	779.9022258997326	-0.009783792535488965
2297	780.1813655049791	-0.010013708289210076
2298	780.4604984919964	-0.010590209000786267
2299	780.7396248364134	-0.010351269043391481
2300	781.0187445138588	-0.010180859803469472
2301	781.297857499961	-0.010188219836118246
2302	781.5769637703489	-0.009905430126391973
2303	781.8560633006508	-0.008874438299916194
2304	782.1351560664957	-0.008350105206153802
2305	782.4142420435121	-0.008933410882069785
2306	782.6933212073285	-0.009167116809805604
2307	782.9723935335738	-0.009378029434745555
2308	783.2514589978765	-0.008694672043085827
2309	783.5305175758655	-0.008594196164018901
2310	783.809569243169	-0.0074546639204160665
2311	784.0886139754159	-0.006488533088162277
2312	784.3676517482347	-0.004483261686192716
2313	784.6466825372544	-0.0044384814765841656
2314	784.9257063181033	-0.004191029148380657
2315	785.2047230664101	-0.00444228269638846
2316	785.4837327578035	-0.005396682850484804
2317	785.7627353679121	-0.006886685941244062
2318	786.0417308723648	-0.008410947734153164
2319	786.3207192467898	-0.010430765011079018
2320	786.5997004668161	-0.012078281865564977
2321	786.8786745080722	-0.011857544992118347
2322	787.1576413461868	-0.011459926914875098
2323	787.4366009567884	-0.010854848655764221
2324	787.7155533155059	-0.01045561835715448
2325	787.9944983979676	-0.01079404740141356
2326	788.2734361798025	-0.011321141577695728
2327	788.5523666366391	-0.011328205885476256
2328	788.8312897441061	-0.011585215461256904
2329	789.1102054778319	-0.010821830319835565
2330	789.3891138134454	-0.009891791836939827
2331	789.6680147265753	-0.009003177293865003
2332	789.94690819285	-0.008874255168263408
2333	790.2257941878981	-0.008447496885894128
2334	790.5046726873486	-0.0075926043211637095
2335	790.78354366683	-0.006740890247336529
2336	791.0624071019708	-0.0059415434191183
2337	791.3412629683999	-0.004824256118723658
2338	791.6201112417455	-0.004277966495518155
2339	791.8989518976367	-0.0037025442228998465
2340	792.177784911702	-0.004206801694367358
2341	792.45661025957	-0.004363374773542591
2342	792.7354279168693	-0.0052689198957056385
2343	793.0142378592287	-0.0068711302164099
2344	793.2930400622769	-0.006818688070542599
2345	793.5718345016421	-0.006081239352781799
2346	793.8506211529534	-0.0058458744518840935
2347	794.1293999918393	-0.006047869684832924
2348	794.4081709939285	-0.007161736423553784
2349	794.6869341348495	-0.007251747809600376
2350	794.965689390231	-0.00708609858655581
2351	795.2444367357017	-0.006533023330509938
2352	795.5231761468903	-0.007817747921838102
2353	795.8019075994252	-0.008821795043250931
2354	796.0806310689353	-0.009179843407678866
2355	796.3593465310491	-0.009250800181754636
2356	796.6380539613955	-0.008772660591393651
2357	796.9167533356027	-0.009142395270598045
2358	797.1954446292998	-0.010284528854112317
2359	797.4741278181151	-0.011774110369916484
2360	797.7528028776774	-0.012572114651079266
2361	798.0314697836154	-0.012369271692300302
2362	798.3101285115577	-0.012758705416737001
2363	798.5887790371328	-0.01372832134500477
2364	798.8674213359694	-0.01373752369244539
2365	799.1460553836963	-0.013066681429109848
2366	799.424681155942	-0.012155145599824127
2367	799.7032986283352	-0.011786509218876098
2368	799.9819077765047	-0.01186341386459032
2369	800.2605085760789	-0.012699108448552592
2370	800.5391010026865	-0.01420367015382613
2371	800.8176850319562	-0.014643648574372847
2372	801.0962606395166	-0.015080270629607151
2373	801.3748278009964	-0.014389684274479644
2374	801.6533864920242	-0.014253821814665647
2375	801.9319366882287	-0.013945322285870605
2376	802.2104783652384	-0.013378733250563924
2377	802.4890114986821	-0.012892089501852378
2378	802.7675360641883	-0.012178802919464746
2379	803.046052037386	-0.01043394931744765
2380	803.3245593939033	-0.009417152833911289
2381	803.6030581093693	-0.008941095160511944
2382	803.8815481594123	-0.008311780355702063
2383	804.1600295196613	-0.007326085652043828
2384	804.4385021657447	-0.007476266095887217
2385	804.7169660732912	-0.006980931990948711
2386	804.9954212179294	-0.005923424020686654
2387	805.2738675752881	-0.00573649702290845
2388	805.5523051209959	-0.006482445574265007
2389	805.8307338306813	-0.008371307893887292
2390	806.1091536799729	-0.010599948286888317
2391	806.3875646444997	-0.011231225149091011
2392	806.66596669989	-0.01143788101754356
2393	806.9443598217725	-0.011283851560004405
2394	807.2227439857761	-0.01182317052184937
2395	807.5011191675292	-0.012764892535185854
2396	807.7794853426605	-0.013389187144971944
2397	808.0578424867987	-0.013764103038696095
2398	808.3361905755722	-0.014185546813322274
2399	808.6145295846101	-0.014383869433891007
2400	808.8928594895407	-0.014671194586781792
2401	809.1711802659927	-0.014086247110221859
2402	809.4494918895947	-0.013147505010020662
2403	809.7277943359754	-0.012429655066013706
2404	810.0060875807636	-0.011803317798082268
2405	810.2843715995878	-0.01198944303939959
2406	810.5626463680766	-0.011824003008168129
2407	810.8409118618587	-0.010783578531370127
2408	811.1191680565628	-0.00975701982857731
2409	811.3974149278174	-0.008275114162308105
2410	811.6756524512513	-0.00798340210970699
2411	811.9538806024931	-0.00815556102027928
2412	812.2320993571714	-0.008846523216543754
2413	812.5103086909149	-0.010506314213630966
2414	812.7885085793522	-0.010975233503646487
2415	813.066698998112	-0.010625208163156437
2416	813.3448799228228	-0.01088110850710515
2417	813.6230513291134	-0.010933046793472262
2418	813.9012131926124	-0.010912209551728246
2419	814.1793654889484	-0.011328507749276032
2420	814.4575081937502	-0.012007120492236976
2421	814.7356412826463	-0.012957892130049498
2422	815.0137647312653	-0.01338036690706134
2423	815.291878515236	-0.013319538271181028
2424	815.569982610187	-0.012703275762401892
2425	815.8480769917469	-0.01199415929908787
2426	816.1261616355443	-0.011578608412526913
2427	816.404236517208	-0.011489238380727212
2428	816.6823016123665	-0.01100061304606716
2429	816.9603568966484	-0.009942870822626355
2430	817.2384023456825	-0.00900958993017588
2431	817.5164379350973	-0.007357754292083879
2432	817.7944636405216	-0.008314710112319379
2433	818.0724794375841	-0.009157307204764598
2434	818.3504853019132	-0.009557629907085377
2435	818.6284812091376	-0.009782095556071308
2436	818.9064671348862	-0.009827737148904423
2437	819.1844430547873	-0.010476257976016642
2438	819.4624089444698	-0.010167110070698319
2439	819.7403647795621	-0.009196286053910676
2440	820.0183105356932	-0.0077927368127285665
2441	820.2962461884914	-0.006235464880765405
2442	820.5741717135854	-0.005331956648445081
2443	820.8520870866041	-0.005466760470827288
2444	821.1299922831759	-0.006575243929349925
2445	821.4078872789294	-0.008352765145756048
2446	821.6857720494935	-0.008545703282454013
2447	821.9636465704967	-0.009851245277352354
2448	822.2415108175676	-0.01123409703839618
2449	822.519364766335	-0.012307004321176537
2450	822.7972083924274	-0.012290095664938779
2451	823.0750416714734	-0.012346724449980133
2452	823.3528645791018	-0.011149013795365877
2453	823.6306770909412	-0.011149697181269569
2454	823.9084791826202	-0.011463029414971133
2455	824.1862708297674	-0.011396058379562257
2456	824.4640520080115	-0.011982722998717242
2457	824.7418226929813	-0.012385865475217618
2458	825.0195828603051	-0.013031240382057493
2459	825.297332485612	-0.013704574636493255
2460	825.5750715445303	-0.013774638284031089
2461	825.8528000126886	-0.012116840453432275
2462	826.1305178657158	-0.011013502805552564
2463	826.4082250792404	-0.0106713471426494
2464	826.685921628891	-0.010887090432794375
2465	826.9636074902966	-0.011797444299298923
2466	827.2412826390854	-0.012696673656920992
2467	827.5189470508861	-0.014575679894613582
2468	827.7966007013275	-0.01530654326254157
2469	828.0742435660383	-0.014906117578647373
2470	828.3518756206469	-0.014597701049986415
2471	828.629496840782	-0.013807813131816796
2472	828.9071072020727	-0.014091434139750138
2473	829.184706680147	-0.013077466919432165
2474	829.462295250634	-0.012799457683250227
2475	829.739872889162	-0.012402196850549451
2476	830.0174395713599	-0.011231142205108274
2477	830.2949952728562	-0.011464992433730725
2478	830.5725399692798	-0.0115914613618803
2479	830.8500736362589	-0.011923781164317557
2480	831.1275962494225	-0.011135111804997
2481	831.4051077843991	-0.011101751358100851
2482	831.6826082168175	-0.011442709945211748
2483	831.9600975223061	-0.01132055135634294
2484	832.2375756764937	-0.011983194297553089
2485	832.515042655009	-0.013414591235731362
2486	832.7924984334804	-0.01485298937916503
2487	833.0699429875369	-0.01570521608521196
2488	833.3473762928069	-0.015663013271727193
2489	833.6247983249191	-0.014843328992272049
2490	833.9022090595021	-0.01461960221901492
2491	834.1796084721847	-0.015126036422675536
2492	834.4569965385953	-0.015952858866651425
2493	834.7343732343627	-0.016456828110439907
2494	835.0117385351156	-0.01590496124126442
2495	835.2890924164825	-0.01539594119718142
2496	835.5664348540921	-0.014104227068171254
2497	835.8437658235732	-0.012843055190989616
2498	836.1210853005541	-0.012391843248485222
2499	836.3983932606639	-0.012438856653996983
2500	836.6756896795309	-0.011426276957939348
2501	836.9529745327837	-0.01026288021242017
2502	837.2302477960512	-0.009626591898097791
2503	837.5075094449619	-0.010378690241138192
2504	837.7847594551446	-0.011433058880052468
2505	838.0619978022278	-0.011980808845408517
2506	838.33922446184	-0.012833900192343473
2507	838.61643940961	-0.013170561143896444
2508	838.8936426211667	-0.012993302951659482
2509	839.1708340721384	-0.012461339144701482
2510	839.4480137381539	-0.011988615113137865
2511	839.7251815948416	-0.011772475922979662
2512	840.0023376178304	-0.011831449193720967
2513	840.2794817827491	-0.011723181310487423
2514	840.5566140652259	-0.012457742531984024
2515	840.8337344408898	-0.012367564817225805
2516	841.1108428853692	-0.01191842598743999
2517	841.387939374293	-0.010952390104681617
2518	841.6650238832897	-0.010328725506570637
2519	841.9420963879878	-0.009405706484876715
2520	842.2191568640161	-0.008844086647415969
2521	842.4962052870034	-0.008946790201074258
2522	842.7732416325781	-0.009873207297483071
2523	843.050265876369	-0.010780126402446362
2524	843.3272779940046	-0.011414496203491654
2525	843.6042779611137	-0.011751170057328723
2526	843.8812657533249	-0.011172091065675627
2527	844.1582413462667	-0.01069636034703858
2528	844.4352047155679	-0.01033029733508695
2529	844.7121558368572	-0.01025694416589026
2530	844.989094685763	-0.010988208998800403
2531	845.2660212379143	-0.010646697675532661
2532	845.5429354689393	-0.012179519130354095
2533	845.8198373544669	-0.013092901254444782
2534	846.096726870126	-0.01329355081082249
2535	846.3736039915448	-0.01347708675321645
2536	846.6504686943521	-0.013425002300160884
2537	846.9273209541767	-0.013101989933531875
2538	847.204160746647	-0.0136390075209776
2539	847.4809880473916	-0.014701371806231989
2540	847.7578028320395	-0.015145363077465744
2541	848.0346050762191	-0.014770385846661412
2542	848.3113947555591	-0.015071025028725715
2543	848.5881718456882	-0.01499823865532406
2544	848.8649363222349	-0.014523496023792035
2545	849.1416881608279	-0.01470045640006164
2546	849.418427337096	-0.014433831300361341
2547	849.6951538266677	-0.014042209182273394
2548	849.9718676051715	-0.013038114611725788
2549	850.2485686482364	-0.013329096747750395
2550	850.5252569314907	-0.013409383011778683
2551	850.8019324305633	-0.012655050004100377
2552	851.0785951210827	-0.012824217778474641
2553	851.3552449786775	-0.01302691144137733
2554	851.6318819789767	-0.013333185833384109
2555	851.9085060976084	-0.013160450320521301
2556	852.1851173102016	-0.012108269205938795
2557	852.461715592385	-0.011554346166913896
2558	852.738300919787	-0.010518354156574553
2559	853.0148732680364	-0.010435329499018556
2560	853.2914326127618	-0.011249475709906927
2561	853.5679789295918	-0.011117771506085339
2562	853.8445121941551	-0.01044109193235599
2563	854.1210323820804	-0.008360721762904873
2564	854.3975394689962	-0.007729541945479292
2565	854.6740334305313	-0.007575956281946933
2566	854.9505142423143	-0.00897149625315475
2567	855.2269818799738	-0.009014475709513164
2568	855.5034363191384	-0.009771806807072882
2569	855.7798775354368	-0.010477249027270763
2570	856.0563055044977	-0.01035636275054784
2571	856.3327202019497	-0.01029015896346469
2572	856.6091216034215	-0.010759436739532766
2573	856.8855096845417	-0.011930575737486997
2574	857.1618844209388	-0.011653383884653163
2575	857.4382457882417	-0.010944918443595162
2576	857.714593762079	-0.010375953422016942
2577	857.990928318079	-0.009520369326663745
2578	858.2672494318708	-0.010121172224910761
2579	858.5435570790829	-0.010852318054585412
2580	858.8198512353439	-0.011813016321676965
2581	859.0961318762822	-0.012524879901384355
2582	859.3723989775269	-0.013522797664183853
2583	859.6486525147064	-0.013559433997205151
2584	859.9248924634495	-0.013570567666623238
2585	860.2011187993847	-0.013146567736668786
2586	860.4773314981406	-0.011909296230856861
2587	860.753530535346	-0.010814267251493391
2588	861.0297158866293	-0.010532780118908194
2589	861.3058875276196	-0.010403420034773174
2590	861.582045433945	-0.010142407921295369
2591	861.8581895812345	-0.009225432773234891
2592	862.1343199451167	-0.009723923512195774
2593	862.4104365012201	-0.010935235131499924
2594	862.6865392251735	-0.011089070542799895
2595	862.9626280926055	-0.012702796539100683
2596	863.2387030791446	-0.0133638265252011
2597	863.5147641604198	-0.013311795554574173
2598	863.7908113120593	-0.014342394694943389
2599	864.066844509692	-0.015523166942689941
2600	864.3428637289467	-0.016789402206608003
2601	864.6188689454516	-0.015268560573361532
2602	864.8948601348358	-0.01357656577184815
2603	865.1708372727276	-0.012390736584519689
2604	865.4468003347557	-0.011332023790335766
2605	865.7227492965491	-0.011312169805344476
2606	865.9986841337361	-0.010787475314805103
2607	866.2746048219453	-0.010333516613964838
2608	866.5505113368056	-0.01012020983695855
2609	866.8264036539455	-0.00994758697504651
2610	867.1022817489936	-0.009983625173801629
2611	867.3781455975786	-0.01137404500945275
2612	867.6539951753292	-0.013083697058925738
2613	867.929830457874	-0.015563692892670823
2614	868.2056514208416	-0.016754862802121906
2615	868.4814580398607	-0.017110786237354438
2616	868.7572502905599	-0.015988341528989883
2617	869.033028148568	-0.014370819608391427
2618	869.3087915895134	-0.01263137369494205
2619	869.5845405890249	-0.01109678415342999
2620	869.8602751227311	-0.009351484541992014
2621	870.1359951662607	-0.008457850843603225
2622	870.4117006952423	-0.009912943930315603
2623	870.6873916853045	-0.009659172807988912
2624	870.9630681120759	-0.009894149107934402
2625	871.2387299511854	-0.009845412943026655
2626	871.5143771782615	-0.008780076502856081
2627	871.7900097689328	-0.008593300778976048
2628	872.0656276988278	-0.007920337595516073
2629	872.3412309435755	-0.008514422144618845
2630	872.6168194788044	-0.008136184552764165
2631	872.8923932801429	-0.00809867437317565
2632	873.16795232322	-0.008662341589567017
2633	873.4434965836642	-0.008635719865096793
2634	873.7190260371041	-0.009907375924222271
2635	873.9945406591684	-0.010465130164903982
2636	874.2700404254857	-0.011681948842033052
2637	874.5455253116849	-0.011968946617132457
2638	874.820995293394	-0.013724042470877856
2639	875.0964503462424	-0.013396404565421925
2640	875.3718904458583	-0.014178708444654756
2641	875.6473155678704	-0.013294206978106245
2642	875.9227256879075	-0.013042805868014998
2643	876.1981207815982	-0.012367953054640335
2644	876.473500824571	-0.012803784321415317
2645	876.7488657924546	-0.013283785926672675
2646	877.0242156608779	-0.011703069281111943
2647	877.2995504054691	-0.010688343322418137
2648	877.5748700018571	-0.010793133928790027
2649	877.8501744256706	-0.009483684750415958
2650	878.1254636525382	-0.010387921132496696
2651	878.4007376580884	-0.011326806058053272
2652	878.67599641795	-0.011623590627175655
2653	878.9512399077516	-0.011828144138557414
2654	879.2264681031219	-0.01250438133845811
2655	879.5016809796895	-0.012990255134070094
2656	879.7768785130829	-0.013686698180527306
2657	880.052060678931	-0.01264913280214363
2658	880.3272274528623	-0.012662048214575443
2659	880.6023788105053	-0.012281129371349925
2660	880.8775147274891	-0.012784566890855317
2661	881.1526351794419	-0.012206671608147243
2662	881.4277401419926	-0.013397817533994223
2663	881.7028295907696	-0.013455595545695143
2664	881.9779035014018	-0.01317871486914967
2665	882.2529618495178	-0.012515843000393087
2666	882.528004610746	-0.012909956135557295
2667	882.8030317607154	-0.012466546227090258
2668	883.0780432750544	-0.011715887427226103
2669	883.3530391293917	-0.011642467790049911
2670	883.6280192993561	-0.012765427582984323
2671	883.902983760576	-0.013603824425506776
2672	884.1779324886802	-0.014963978260746996
2673	884.4528654592973	-0.015940041988770227
2674	884.7277826480558	-0.01817242666854424
2675	885.0026840305848	-0.01711727980968418
2676	885.2775695825123	-0.015932990885870843
2677	885.5524392794675	-0.014829181927148535
2678	885.8272930970788	-0.014702994214841711
2679	886.1021310109747	-0.014310848729576643
2680	886.3769529967843	-0.014132410925807457
2681	886.6517590301358	-0.015052967448568426
2682	886.926549086658	-0.015439653503378808
2683	887.2013231419796	-0.015044499246629504
2684	887.4760811717292	-0.01446544809590105
2685	887.7508231515354	-0.014112726577363267
2686	888.0255490570271	-0.014187046198783956
2687	888.3002588638325	-0.014079047425981102
2688	888.5749525475806	-0.013548142198978798
2689	888.8496300838998	-0.013497769669558533
2690	889.124291448419	-0.013266539774843697
2691	889.3989366167665	-0.014167658394877054
2692	889.6735655645714	-0.014884038004711123
2693	889.9481782674619	-0.01643441697797949
2694	890.222774701067	-0.016167952717944536
2695	890.4973548410153	-0.0161295271328223
2696	890.771918662935	-0.015125406550698307
2697	891.0464661424554	-0.015739083216874332
2698	891.3209972552047	-0.014489355631870551
2699	891.5955119768117	-0.014101864579013641
2700	891.870010282905	-0.013404331698088738
2701	892.1444921491133	-0.013169626378453217
2702	892.4189575510651	-0.013888820275265917
2703	892.6934064643893	-0.014692522938395874
2704	892.9678388647143	-0.014190737593355568
2705	893.242254727669	-0.01378817854679016
2706	893.5166540288818	-0.01351957673528894
2707	893.7910367439814	-0.015099981064967502
2708	894.0654028485965	-0.01603291955883377
2709	894.3397523183556	-0.01709280307996032
2710	894.6140851288876	-0.017830471253985007
2711	894.8884012558212	-0.017481878843994846
2712	895.1627006747846	-0.017111657882675414
2713	895.4369833614068	-0.016877029593269754
2714	895.7112492913163	-0.01754111606358806
2715	895.9854984401419	-0.017857297505902786
2716	896.2597307835122	-0.017274217565159247
2717	896.5339462970556	-0.015662392740625454
2718	896.808144956401	-0.01528502162694699
2719	897.0823267371769	-0.013924562063287634
2720	897.3564916150121	-0.013158200290448722
2721	897.6306395655351	-0.01281014478958891
2722	897.9047705643749	-0.01213853906585556
2723	898.1788845871596	-0.012010534049392965
2724	898.4529816095181	-0.013198797675181728
2725	898.727061607079	-0.012958643514833175
2726	899.0011245554712	-0.013613866175285233
2727	899.2751704303229	-0.013083540359603539
2728	899.5491992072632	-0.013089654662329774
2729	899.8232108619205	-0.012603389391880944
2730	900.0972053699234	-0.01124730318645372
2731	900.3711827069005	-0.009726621486102129
2732	900.6451428484808	-0.010485182075645146
2733	900.9190857702927	-0.010072723824319889
2734	901.1930114479646	-0.010195893845463856
2735	901.4669198571256	-0.008875128181397428
2736	901.7408109734042	-0.009247976509974401
2737	902.0146847724288	-0.008934223693958333
2738	902.2885412298284	-0.008253704527497838
2739	902.5623803212313	-0.00860699705473638
2740	902.8362020222665	-0.009317654042902274
2741	903.1100063085624	-0.011071166312529822
2742	903.3837931557478	-0.012909957827546378
2743	903.6575625394512	-0.014124864867348007
2744	903.9313144353011	-0.015499243030040355
2745	904.2050488189267	-0.016060201127134154
2746	904.4787656659562	-0.016779143358290692
2747	904.7524649520182	-0.01796118813301712
2748	905.0261466527415	-0.01872165324765302
2749	905.299810743755	-0.018623538336394588
2750	905.5734572006868	-0.019336207164340716
2751	905.8470859991659	-0.01852555719858332
2752	906.1206971148209	-0.01766136336208013
2753	906.3942905232803	-0.016207375225804295
2754	906.667866200173	-0.01486433729890499
2755	906.9414241211274	-0.013461614993292216
2756	907.2149642617723	-0.012614170298066503
2757	907.4884865977364	-0.012524664453664971
2758	907.7619911046479	-0.013034835989764716
2759	908.035477758136	-0.013422444642916656
2760	908.3089465338293	-0.015388254076998863
2761	908.582397407356	-0.01431097477863115
2762	908.8558303543451	-0.014015946916328764
2763	909.1292453504253	-0.01388758959252568
2764	909.4026423712249	-0.013810645199750012
2765	909.6760213923728	-0.012956821915878262
2766	909.9493823894977	-0.012196677819939009
2767	910.2227253382282	-0.01257630871438975
2768	910.4960502141926	-0.012769503763839084
2769	910.7693569930201	-0.013332095727142973
2770	911.042645650339	-0.014227106969639712
2771	911.315916161778	-0.012998929186578696
2772	911.5891685029658	-0.011426781560555474
2773	911.862402649531	-0.010913765486411646
2774	912.1356185771023	-0.009537849511760857
2775	912.4088162613083	-0.010143295884975985
2776	912.6819956777775	-0.01020460204908366
2777	912.9551568021387	-0.01030100911113356
2778	913.2282996100207	-0.011153466003322787
2779	913.5014240770519	-0.011225550308633411
2780	913.7745301788611	-0.011300111852667077
2781	914.0476178910769	-0.011332836008707513
2782	914.3206871893278	-0.012688250744513963
2783	914.5937380492426	-0.013875431349485594
2784	914.86677044645	-0.015208090147201161
2785	915.1397843565785	-0.014964447571890985
2786	915.4127797552567	-0.015192619955377774
2787	915.6857566181135	-0.015518482012023355
2788	915.9587149207773	-0.01590552345082357
2789	916.2316546388769	-0.016413553892136903
2790	916.5045757480409	-0.018164401880475287
2791	916.7774782238979	-0.01737398100451964
2792	917.0503620420765	-0.018395196785490953
2793	917.3232271782053	-0.017977019474675095
2794	917.5960736079134	-0.017514791721603966
2795	917.8689013068288	-0.017413082815673768
2796	918.1417102505807	-0.017042554288554362
2797	918.4145004147972	-0.015129822836403704
2798	918.6872717751074	-0.015143195256895794
2799	918.96002430714	-0.01498711981981666
2800	919.2327579865231	-0.014009225130804943
2801	919.5054727888859	-0.013550775916621904
2802	919.7781686898567	-0.01405366886869032
2803	920.0508456650643	-0.016001424208465245
2804	920.3235036901374	-0.015978225228703312
2805	920.5961427407044	-0.015545483403401374
2806	920.8687627923941	-0.016575864134259446
2807	921.1413638208353	-0.015731490001483057
2808	921.4139458016564	-0.014853783036075978
2809	921.6865087104862	-0.012756768455758224
2810	921.9590525229534	-0.01255881155104445
2811	922.2315772146864	-0.011272389563206031
2812	922.5040827613138	-0.013566169590630825
2813	922.7765691384644	-0.013569845041057405
2814	923.0490363217673	-0.01245344861355753
2815	923.3214842868504	-0.012959665774861802
2816	923.5939130093426	-0.012195666329059926
2817	923.8663224648727	-0.012023006238361347
2818	924.1387126290692	-0.013541492526332334
2819	924.411083477561	-0.013301596146119386
2820	924.6834349859763	-0.013542861597288888
2821	924.9557671299441	-0.012660862102004011
2822	925.2280798850927	-0.013554209042163867
2823	925.5003732270512	-0.014109835681103924
2824	925.772647131448	-0.01301596965975016
2825	926.0449015739116	-0.012542322105062072
2826	926.317136530071	-0.010072379618585488
2827	926.5893519755546	-0.012776221476015245
2828	926.8615478859911	-0.014340391155407556
2829	927.133724237009	-0.013236303275517669
2830	927.4058810042371	-0.012748371180809466
2831	927.6780181633043	-0.014521262588852828
2832	927.9501356898387	-0.015086170706365552
2833	928.2222335594694	-0.014755413521259128
2834	928.4943117478248	-0.01577280437596805
2835	928.7663702305335	-0.01787519327103816
2836	929.0384089832244	-0.01797112512279956
2837	929.310427981526	-0.01902074418804304
2838	929.5824272010668	-0.019122307946409817
2839	929.8544066174758	-0.019876899695094936
2840	930.1263662063814	-0.020565404755076844
2841	930.3983059434121	-0.01964322714521772
2842	930.6702258041969	-0.019752722079648517
2843	930.9421257643643	-0.018584496541772806
2844	931.2140057995427	-0.018563423523879984
2845	931.4858658853611	-0.016853902835243344
2846	931.757705997448	-0.014257910786627956
2847	932.0295261114321	-0.012270965419691762
2848	932.301326202942	-0.012297503655978557
2849	932.5731062476062	-0.01066085154927024
2850	932.8448662210536	-0.013291144552607687
2851	933.1166060989128	-0.014441481815127166
2852	933.3883258568122	-0.014231002640942056
2853	933.6600254703808	-0.01479764036684117
2854	933.9317049152471	-0.0159961768594562
2855	934.2033641670396	-0.017265397008080732
2856	934.475003201387	-0.017242568809283196
2857	934.7466219939181	-0.016324572452496244
2858	935.0182205202615	-0.017756193772351325
2859	935.2897987560456	-0.018476863787332744
2860	935.5613566768994	-0.019226781953430375
2861	935.8328942584513	-0.017066647921791668
2862	936.1044114763301	-0.01591615418624421
2863	936.3759083061644	-0.015966872096393324
2864	936.6473847235827	-0.014617225572727967
2865	936.918840704214	-0.017580401898813595
2866	937.1902762236864	-0.019144522178358832
2867	937.461691257629	-0.01612017728636716
2868	937.7330857816704	-0.01758122754576267
2869	938.0044597714389	-0.02345831130754781
2870	938.2758132025637	-0.020970715361651467
2871	938.5471460506728	-0.01723748212866063
2872	938.8184582913955	-0.016245638978365978
2873	939.0897499003598	-0.01633159043023505
2874	939.3610208531949	-0.01568797992242941
2875	939.6322711255292	-0.014447555557625724
2876	939.9035006929913	-0.016780518956222325
2877	940.1747095312098	-0.016017200717807954
2878	940.4458976158137	-0.015943975466758367
2879	940.7170649224313	-0.014786632534549031
2880	940.9882114266912	-0.015795229348411904
2881	941.2593371042225	-0.017275141599261842
2882	941.5304419306533	-0.019855394592650427
2883	941.8015258816125	-0.017216732260887206
2884	942.0725889327286	-0.01468756522547672
2885	942.3436310596306	-0.01630563862994825
2886	942.6146522379469	-0.015876764354529102
2887	942.8856524433061	-0.015651207606132096
2888	943.1566316513367	-0.018739400994135735
2889	943.4275898376678	-0.01716081408348638
2890	943.6985269779278	-0.01742683302283734
2891	943.9694430477452	-0.017036146662455745
2892	944.2403380227488	-0.018584074372825804
2893	944.5112118785672	-0.017777643510972392
2894	944.7820645908293	-0.016458605877150728
2895	945.0528961351633	-0.018050685958730148
2896	945.3237064871981	-0.018557845978745525
2897	945.5944956225625	-0.01473500046195287
2898	945.8652635168849	-0.014112502131832384
2899	946.1360101457938	-0.014412543090304736
2900	946.406735484918	-0.014343653997309781
2901	946.6774395098864	-0.01643429101675683
2902	946.9481221963274	-0.01676523558169974
2903	947.2187835198696	-0.019469389125442417
2904	947.4894234561418	-0.01783067509584199
2905	947.7600419807726	-0.01588204626727558
2906	948.0306390693904	-0.016209369682449237
2907	948.3012146976242	-0.01866774238910615
2908	948.5717688411025	-0.01840860433185699
2909	948.842301475454	-0.016255387847084975
2910	949.1128125763073	-0.014706251378801126
2911	949.383302119291	-0.013791539510956206
2912	949.6537700800338	-0.013602712809076788
2913	949.9242164341642	-0.013104953105936408
2914	950.1946411573111	-0.010874959485040622
2915	950.4650442251032	-0.010213645615299215
2916	950.7354256131687	-0.012819411298865886
2917	951.0057852971365	-0.010873889757906506
2918	951.2761232526354	-0.013005664067132251
2919	951.5464394552938	-0.0157531756286964
2920	951.8167338807406	-0.016640066648374544
2921	952.0870065046042	-0.01696067570408996
2922	952.3572573025133	-0.01480306641499559
2923	952.6274862500966	-0.01326331615829076
2924	952.8976933229827	-0.012339008814674784
2925	953.1678784968003	-0.013836131009417482
2926	953.4380417471781	-0.01411022754810709
2927	953.7081830497444	-0.00992842188893947
2928	953.9783023801284	-0.010182941322389137
2929	954.2483997139584	-0.011395800165447126
2930	954.5184750268631	-0.010087152479580627
2931	954.788528294471	-0.008323840624572053
2932	955.0585594924111	-0.008546816533043906
2933	955.3285685963116	-0.011677186738997647
2934	955.5985555818015	-0.012223392138459306
2935	955.8685204245093	-0.014330600922625635
2936	956.1384631000637	-0.013733779043034994
2937	956.4083835840934	-0.014591287702553031
2938	956.6782818522267	-0.014204963701402298
2939	956.9481578800927	-0.013071233324673748
2940	957.2180116433199	-0.012233176551144982
2941	957.4878431175367	-0.011222353329078165
2942	957.757652278372	-0.01041632747435639
2943	958.0274391014544	-0.010721984625778502
2944	958.2972035624126	-0.011239309929088372
2945	958.5669456368751	-0.010205778271611364
2946	958.8366653004707	-0.009543709262957799
2947	959.106362528828	-0.010470107447925335
2948	959.3760372975754	-0.009578021031404767
2949	959.6456895823418	-0.008162653876180988
2950	959.9153193587559	-0.007810209089449363
2951	960.1849266024462	-0.012028333490670971
2952	960.4545112890415	-0.014248265826383187
2953	960.7240733941702	-0.014405401818901195
2954	960.9936128934611	-0.01538042407233444
2955	961.2631297625429	-0.01666256021357538
2956	961.5326239770441	-0.016290514968532614
2957	961.8020955125934	-0.01040665501161446
2958	962.0715443448195	-0.014334899343376964
2959	962.3409704493511	-0.013093912309736444
2960	962.6103738018166	-0.014599753528779215
2961	962.8797543778448	-0.01631770850529382
2962	963.1491121530644	-0.014044667447806275
2963	963.418447103104	-0.013362093325817455
2964	963.6877592035922	-0.014888900847237332
2965	963.9570484301578	-0.012723949869980405
2966	964.2263147584292	-0.010730902167341516
2967	964.4955581640352	-0.013303098115465387
2968	964.7647786226044	-0.013384148803861164
2969	965.0339761097655	-0.016065380062738874
2970	965.303150601147	-0.01780871628060788
2971	965.5723020723776	-0.014851642926409357
2972	965.8414304990861	-0.014273187551396095
2973	966.110535856901	-0.012430343395125006
2974	966.379618121451	-0.011670629335315236
2975	966.6486772683648	-0.014573361818792673
2976	966.9177132732709	-0.013834086083549753
2977	967.1867261117981	-0.013419003550892282
2978	967.4557157595748	-0.012423344941425586
2979	967.7246821922299	-0.008840933083928498
2980	967.993625385392	-0.0067075471582872664
2981	968.2625453146896	-0.008724399521982465
2982	968.5314419557516	-0.01057781488295216
2983	968.8003152842064	-0.01004430130749856
2984	969.0691652756826	-0.007737894628007579
2985	969.3379919058092	-0.009872460440810395
2986	969.6067951502146	-0.011193716160039058
2987	969.8755749845274	-0.007717353992692758
2988	970.1443313843762	-0.011011282001791807
2989	970.4130643253899	-0.008678023607506608
2990	970.681773783197	-0.009870973933075448
2991	970.9504597334261	-0.005205965835899391
2992	971.2191221517058	-0.00767617850020616
2993	971.487761013665	-0.007253276217161611
2994	971.7563762949322	-0.008130981525882527
2995	972.0249679711359	-0.009219939604507885
2996	972.293536017905	-0.009687307458528305
2997	972.562080410868	-0.010896970891515687
2998	972.8306011256535	-0.01434010344551765
2999	973.0990981378903	-0.006626920410929028
3000	973.3675714232069	-0.008020230613332395
3001	973.6360209572321	-0.007878480886404297
3002	973.9044467155943	-0.008472880555791845
3003	974.1728486739223	-0.008635041469854207
3004	974.4412268078448	-0.008014371077872999
3005	974.7095810929903	-0.008185808327235165
3006	974.9779115049877	-0.004600947312332737
3007	975.2462180194652	-0.009421878103181798
3008	975.514500612052	-0.007466387620984262
3009	975.7827592583764	-0.010431179686197459
3010	976.0509939340669	-0.009930309802661727
3011	976.3192046147526	-0.009113332304556243
3012	976.5873912760618	-0.008610297628309636
3013	976.8555538936232	-0.010678284224843855
3014	977.1236924430655	-0.006694217957263916
3015	977.3918069000174	-0.004781763810720686
3016	977.6598972401074	-0.009239051796679172
3017	977.9279634389644	-0.007549524830719252
3018	978.1960054722166	-0.010763200820686644
3019	978.464023315493	-0.009143650384867835
3020	978.7320169444223	-0.013415269552868495
3021	978.9999863346328	-0.012149416007119808
3022	979.2679314617535	-0.010128665915613504
3023	979.5358523014128	-0.009598998898282238
3024	979.8037488292396	-0.012656917462179722
3025	980.0716210208622	-0.01185151893304312
3026	980.3394688519095	-0.01083641758855275
3027	980.6072922980102	-0.011540281360608702
3028	980.8750913347926	-0.01539932947039458
3029	981.1428659378855	-0.01592750545876325
3030	981.4106160829178	-0.012303299458390898
3031	981.6783417455181	-0.011482712719794154
3032	981.9460429013146	-0.014572619222580789
3033	982.2137195259363	-0.01543995544844963
3034	982.481371595012	-0.011709128125811638
3035	982.74899908417	-0.011913214380418202
3036	983.016601969039	-0.009972153233836482
3037	983.2841802252477	-0.008937959958739458
3038	983.5517338284249	-0.009725136326270117
3039	983.819262754199	-0.009089194026201008
3040	984.086766978199	-0.011736365557873635
3041	984.3542464760532	-0.011676301485414875
3042	984.6217012233902	-0.015363017583769234
3043	984.8891311958388	-0.012870076986357615
3044	985.1565363690278	-0.014507695555927042
3045	985.4239167185856	-0.015138101236673224
3046	985.691272220141	-0.01686564332142179
3047	985.9586028493225	-0.018601237062335296
3048	986.2259085817589	-0.018356633507905326
3049	986.4931893930786	-0.018703774952711624
3050	986.7604452589106	-0.019355781451292686
3051	987.0276761548834	-0.022253715310716946
3052	987.2948820566254	-0.016882019775625395
3053	987.5620629397656	-0.020500501219717943
3054	987.8292187799323	-0.02042649068513934
3055	988.0963495527544	-0.023101062351657445
3056	988.3634552338607	-0.026070233049538163
3057	988.6305357988795	-0.024216633493956613
3058	988.8975912234396	-0.024665178324783293
3059	989.1646214831694	-0.020835586814028195
3060	989.431626553698	-0.023469115186400394
3061	989.6986064106538	-0.0195271561688361
3062	989.9655610296653	-0.02061496464695492
3063	990.2324903863613	-0.020391785869546944
3064	990.4993944563706	-0.019842613692964917
3065	990.7662732153217	-0.018791776841249275
3066	991.0331266388431	-0.018036990184384247
3067	991.2999547025637	-0.020279019644437707
3068	991.5667573821119	-0.017902355071428483
3069	991.8335346531164	-0.020771122310484946
3070	992.1002864912061	-0.020826273698903414
3071	992.3670128720095	-0.023100312194991784
3072	992.6337137711552	-0.026723414974561863
3073	992.9003891642716	-0.024785258924644754
3074	993.1670390269877	-0.025585052600619135
3075	993.4336633349321	-0.027312948408570487
3076	993.7002620637335	-0.021853406765217465
3077	993.9668351890202	-0.019468200749431494
3078	994.2333826864212	-0.017641868978684735
3079	994.4999045315649	-0.013942152600443805
3080	994.7664007000802	-0.02053879435173811
3081	995.0328711675955	-0.023705617301560386
3082	995.2993159097398	-0.02358395807048118
3083	995.5657349021413	-0.02450395545541814
3084	995.8321281204289	-0.023997632168562724
3085	996.0984955402312	-0.02480229300542662
3086	996.3648371371767	-0.029188660781664044
3087	996.6311528868944	-0.027595890403145057
3088	996.8974427650126	-0.023915493804007704
3089	997.16370674716	-0.022910895507232576
3090	997.4299448089654	-0.022906336892899684
3091	997.6961569260573	-0.023345424309802673
3092	997.9623430740645	-0.022497543922868388
3093	998.2285032286156	-0.02073700262486397
3094	998.4946373653391	-0.019812246866501057
3095	998.7607454598636	-0.02118040044427584
3096	999.0268274878182	-0.022610252244583726
3097	999.2928834248311	-0.01927448356685388
3098	999.5589132465309	-0.01966432110210689
3099	999.8249169285467	-0.02016777920986404
3100	1000.0908944465067	-0.01902394931416164
3101	1000.3568457760398	-0.019845522862217413
3102	1000.6227708927745	-0.019492003101907407
3103	1000.8886697723395	-0.01570123275633538
3104	1001.1545423903635	-0.019938223433084074
3105	1001.4203887224752	-0.01823974556995832
3106	1001.6862087443028	-0.02014433231209123
3107	1001.9520024314754	-0.015511391199432581
3108	1002.2177697596218	-0.017652746917025758
3109	1002.48351070437	-0.0177820413188962
3110	1002.7492252413492	-0.016084080208044138
3111	1003.014913346188	-0.012646564541013372
3112	1003.2805749945148	-0.013287997559290776
3113	1003.5462101619584	-0.015367180369986189
3114	1003.8118188241473	-0.013233873808399355
3115	1004.0774009567101	-0.011686019646588483
3116	1004.3429565352758	-0.017317321171374744
3117	1004.6084855354729	-0.018714355401653907
3118	1004.8739879329298	-0.017497609778935844
3119	1005.1394637032755	-0.01383885164908022
3120	1005.4049128221384	-0.014912225810010171
3121	1005.6703352651471	-0.015153420486029856
3122	1005.9357310079305	-0.015394558446179013
3123	1006.201100026117	-0.018251609790618503
3124	1006.4664422953354	-0.017138512752186003
3125	1006.7317577912142	-0.01962238135082961
3126	1006.9970464893823	-0.017227486071855702
3127	1007.2623083654681	-0.01950501871822241
3128	1007.5275433951005	-0.022786357864232068
3129	1007.7927515539078	-0.024775210465358563
3130	1008.0579328175188	-0.023548743168527883
3131	1008.3230871615622	-0.018271028992018323
3132	1008.5882145616666	-0.019469897055734153
3133	1008.8533149934607	-0.0213615055695017
3134	1009.1183884325732	-0.02164386596835388
3135	1009.3834348546326	-0.019182399414976542
3136	1009.6484542352675	-0.02380542936620622
3137	1009.9134465501066	-0.024979616418256745
3138	1010.1784117747787	-0.029004223490834175
3139	1010.4433498849123	-0.03231108275772651
3140	1010.708260856136	-0.025742080536186623
3141	1010.9731446640784	-0.031863935119140985
3142	1011.2380012843685	-0.02819332126443777
3143	1011.5028306926346	-0.031903798279395296
3144	1011.7676328645056	-0.03070130283163422
3145	1012.03240777561	-0.026196491370671676
3146	1012.2971554015762	-0.03645783121889784
3147	1012.5618757180332	-0.03407697521952677
3148	1012.8265687006095	-0.03269990571854939
3149	1013.0912343249339	-0.03312686751239588
3150	1013.3558725666347	-0.0314478120804105
3151	1013.6204834013411	-0.025669576958678747
3152	1013.8850668046812	-0.029202013134803362
3153	1014.1496227522838	-0.03534670923005284
3154	1014.4141512197779	-0.03909571581203969
3155	1014.6786521827916	-0.03684444538311643
3156	1014.9431256169538	-0.03063546118883792
3157	1015.2075714978932	-0.033600878710036336
3158	1015.4719898012382	-0.036688662002841294
3159	1015.7363805026179	-0.03261612026273425
3160	1016.0007435776606	-0.030102536550805498
3161	1016.2650790019949	-0.030280606977181018
3162	1016.5293867512498	-0.030232778900146223
3163	1016.7936668010535	-0.034643297285732455
3164	1017.057919127035	-0.03492759208161289
3165	1017.3221437048227	-0.03579269963029513
3166	1017.5863405100454	-0.03119429630536885
3167	1017.8505095183317	-0.028739155539763583
3168	1018.11465070531	-0.027765636368258184
3169	1018.3787640466095	-0.03146212125798831
3170	1018.6428495178583	-0.03860504596650277
3171	1018.9069070946854	-0.03525988547497527
3172	1019.1709367527193	-0.03334390476584889
3173	1019.4349384675886	-0.027659263619142116
3174	1019.6989122149221	-0.030314889866111
3175	1019.9628579703483	-0.03198264528564834
3176	1020.226775709496	-0.03152896367844224
3177	1020.4906654079936	-0.03140699783707637
3178	1020.7545270414698	-0.03812409978673084
3179	1021.0183605855534	-0.03493881050602879
3180	1021.2821660158731	-0.037677468672036224
3181	1021.5459433080574	-0.03520292823852922
3182	1021.809692437735	-0.03663916103500087
3183	1022.0734133805345	-0.030942655850201256
3184	1022.3371061120844	-0.031088091217759545
3185	1022.6007706080135	-0.03488468162770589
3186	1022.8644068439506	-0.03355268238914039
3187	1023.1280147955242	-0.028601837970996802
3188	1023.391594438363	-0.029145571760337913
3189	1023.6551457480954	-0.031445159477989815
3190	1023.9186687003503	-0.03642224180365786
3191	1024.1821632707563	-0.0313815108942164
3192	1024.445629434942	-0.0310855844541576
3193	1024.709067168536	-0.027037952974565543
3194	1024.9724764471669	-0.025422206850728934
3195	1025.2358572464639	-0.02502327339919544
3196	1025.4992095420548	-0.022574562055400788
3197	1025.7625333095687	-0.029112788775622428
3198	1026.0258285246343	-0.026438533337825032
3199	1026.28909516288	-0.02464758210524487
3200	1026.5523331999345	-0.022281997068708953
3201	1026.8155426114267	-0.02415793347236997
3202	1027.0787233729852	-0.033263820287540546
3203	1027.3418754602383	-0.024988191187609143
3204	1027.604998848815	-0.02488739449857183
3205	1027.8680935143439	-0.01707421534303913
3206	1028.1311594324532	-0.02008238364674486
3207	1028.3941965787722	-0.01876572555950562
3208	1028.6572049289289	-0.02120619097080209
3209	1028.9201844585527	-0.021109498756361533
3210	1029.1831351432716	-0.021663848407453445
3211	1029.4460569587145	-0.013036609614889921
3212	1029.7089498805099	-0.010194465902806482
3213	1029.9718138842868	-0.02042314102864015
3214	1030.2346489456734	-0.02341152379473796
3215	1030.4974550402987	-0.02002681120382549
3216	1030.7602321437912	-0.018900211734178773
3217	1031.0229802317795	-0.022427618853818082
3218	1031.2856992798922	-0.032583077010344796
3219	1031.5483892637583	-0.02319069405312385
3220	1031.811050159006	-0.021723414432918114
3221	1032.073681941264	-0.013911784822864703
3222	1032.3362845861614	-0.009048830673421993
3223	1032.5988580693263	-0.00022268348262358129
3224	1032.8614023663874	-0.004044145708529373
3225	1033.123917452974	-0.0030281013510953525
3226	1033.3864033047137	-0.01689400567739799
3227	1033.6488598972362	-0.018400679164981337
3228	1033.9112872061692	-0.015422358071717351
3229	1034.173685207142	-0.021171793653048443
3230	1034.436053875783	-0.021837594330058246
3231	1034.698393187721	-0.014780494834809615
3232	1034.9607031185842	-0.004737948945520515
3233	1035.222983644002	-0.00798353265754076
3234	1035.4852347396022	-0.009466442901022276
3235	1035.7474563810142	-0.002844426884018647
3236	1036.0096485438662	-0.001752713916068821
3237	1036.271811203787	-0.011153576883481231
3238	1036.5339443364048	-0.011554975165665365
3239	1036.7960479173491	-0.007713574641566662
3240	1037.058121922248	-0.00808961339672748
3241	1037.32016632673	-0.0027260933478368277
3242	1037.5821811064243	-0.01452775408071652
3243	1037.844166236959	-0.0093257031546225
3244	1038.106121693963	0.00039719590398293314
3245	1038.368047453065	-0.004744424353385929
3246	1038.6299434898933	0.0014409294307256848
3247	1038.891809780077	0.010698446754967006
3248	1039.1536462992447	0.0024676004239448934
3249	1039.4154530230246	-0.0057930323822170116
3250	1039.6772299270456	-0.01242871510914867
3251	1039.9389769869367	-0.010118801925087129
3252	1040.200694178326	-0.005979030779777156
3253	1040.4623814768424	0.001311845407318074
3254	1040.7240388581147	-0.0042195444688447326
3255	1040.985666297771	-0.0055537647351264485
3256	1041.2472637714407	-0.010342284313487271
3257	1041.5088312547518	-0.0038909021188358595
3258	1041.7703687233331	0.006163840008047372
3259	1042.0318761528135	-0.0014720772801738446
3260	1042.2933535188217	-0.0012831750278341214
3261	1042.5548007969858	0.013054300096075139
3262	1042.8162179629348	0.0020864154684736014
3263	1043.0776049922974	0.00035370368238077377
3264	1043.3389618607023	-0.010827135664678328
3265	1043.6002885437779	0.0021141680118925144
3266	1043.861585017153	-0.0032569240001605326
3267	1044.1228512564562	0.0007192019377812997
3268	1044.384087237316	-0.011342021672752528
3269	1044.6452929353613	0.013596713575025288
3270	1044.9064683262204	0.02187523189620072
3271	1045.1676133855226	0.013151183523681526
3272	1045.428728088896	-0.001486765377875232
3273	1045.6898124119693	0.002556152586635607
3274	1045.9508663303714	0.009351676863933622
3275	1046.2118898197305	-0.006766203010915961
3276	1046.4728828556756	-0.014188579974896032
3277	1046.733845413835	-0.003227884421216659
3278	1046.994777469838	0.007031894977061942
3279	1047.2556789993127	0.0005822716671338435
3280	1047.516549977888	-0.011905078168495384
3281	1047.7773903811922	-0.008270591950472306
3282	1048.0382001848543	0.011931352666481487
3283	1048.2989793645029	0.006834020650715145
3284	1048.5597278957664	0.008098938389884347
3285	1048.8204457542738	-0.005180074044091668
3286	1049.0811329156534	0.003401936026848018
3287	1049.341789355534	-0.004331033211862706
3288	1049.6024150495443	-0.0016033017070463673
3289	1049.863009973313	0.011874199002265107
3290	1050.1235741024686	0.022759172193320548
3291	1050.3841074126397	-0.0001859959559077362
3292	1050.644609879455	0.006827749075189848
3293	1050.9050814785433	-0.004291147793832814
3294	1051.1655221855333	-0.00211932481322151
3295	1051.4259319760529	0.007067634580404214
3296	1051.6863108257319	0.005897350677557811
3297	1051.9466587101979	0.013315364059746398
3298	1052.2069756050803	-0.0013876763687752924
3299	1052.4672614860074	-0.00930447597193225
3300	1052.7275163286079	0.0014610215588641284
3301	1052.9877401085103	0.012910750885003958
3302	1053.2479328013435	0.008304310096102302
3303	1053.5080943827359	-0.016880297500000474
3304	1053.7682248283163	-0.01599382615165877
3305	1054.0283241137133	0.014386245386243474
3306	1054.2883922145556	0.012823245445433812
3307	1054.548429106472	-0.008530486001019452
3308	1054.8084347650906	0.011011174766539206
3309	1055.0684091660407	0.017428058012824515
3310	1055.3283522849506	0.01671152428574829
3311	1055.588264097449	0.02277305449989478
3312	1055.8481445791642	0.02571291857009314
3313	1056.1079937057254	0.004224659484554832
3314	1056.367811452761	0.002742719136980626
3315	1056.6275977958999	0.013008667226827864
3316	1056.8873527107703	0.0006008546035222995
3317	1057.147076173001	0.01601117512878475
3318	1057.406768158221	0.008195515474030149
3319	1057.6664286420582	0.0028681060161990513
3320	1057.926057600142	0.01812832012786883
3321	1058.1856550081009	0.024898820689542578
3322	1058.445220841563	0.0007327658379069901
3323	1058.7047550761577	0.0016254003612226897
3324	1058.9642576875128	0.010642757624227825
3325	1059.2237286512577	0.01807846116264078
3326	1059.4831679430208	0.022422124580902397
3327	1059.7425755384306	0.001300471609322812
3328	1060.0019514131159	-0.016890366474509144
3329	1060.2612955427055	0.017392121185444392
3330	1060.5206079028274	0.012094063334483957
3331	1060.779888469111	0.03378025992654643
3332	1061.0391372171846	0.017040187659655454
3333	1061.298354122677	0.02264287197239208
3334	1061.5575391612163	0.006241085396149898
3335	1061.816692308432	0.017423602808177896
3336	1062.0758135399522	0.007889052571000282
3337	1062.3349028314055	0.013248670444733837
3338	1062.5939601584207	-0.010776056903599049
3339	1062.8529854966268	-0.00713272629706195
3340	1063.111978821652	-0.007530723813906126
3341	1063.3709401091248	0.02708177929525872
3342	1063.6298693346741	0.03807877580161516
3343	1063.8887664739286	0.005313861335963774
3344	1064.147631502517	0.020826709760408235
3345	1064.4064643960676	0.02417567718755119
3346	1064.6652651302095	0.004119726934120327
3347	1064.924033680571	0.031488462423526195
3348	1065.182770022781	0.007972307326777991
3349	1065.4414741324679	-0.009333849990930218
3350	1065.7001459852604	0.015031005534881486
3351	1065.958785556787	0.04069609140114136
3352	1066.2173928226769	0.006751033903122636
3353	1066.4759677585582	0.0005908006345667349
3354	1066.7345103400596	0.02445507376199664
3355	1066.9930205428102	-0.006340627864652754
3356	1067.2514983424383	0.001477190420380456
3357	1067.5099437145723	-0.011957405088904388
3358	1067.7683566348412	0.01157249286052138
3359	1068.0267370788736	0.020583629378811474
3360	1068.285085022298	0.055185770443714977
3361	1068.5434004407432	0.0723036292310753
3362	1068.8016833098377	0.02335956344586837
3363	1069.0599336052103	0.014096188834794562
3364	1069.3181513024897	0.01575081571402645
3365	1069.5763363773044	0.05001866090773159
3366	1069.834488805283	0.0260559001148451
3367	1070.0926085620542	0.04726941027888744
3368	1070.3506956232468	0.015527821181436363
3369	1070.6087499644889	0.059910051504200354
3370	1070.86677156141	0.010861571508220036
3371	1071.1247603896381	0.058291963914336636
3372	1071.382716424802	0.04538009469361555
3373	1071.6406396425305	0.03188077675681028
3374	1071.8985300184522	0.015833927752826563
3375	1072.1563875281954	0.03224424007852067
3376	1072.4142121473892	0.04151136607596241
3377	1072.6720038516619	0.017587119894846695
3378	1072.9297626166426	-0.014308066340017966
3379	1073.1874884179595	0.027740784057256884
3380	1073.4451812312413	-0.006061182989277686
3381	1073.7028410321168	-0.0034748698451178422
3382	1073.9604677962147	0.042365404454129174
3383	1074.2180614991635	0.020046683144470334
3384	1074.475622116592	0.018643226926895073
3385	1074.7331496241284	0.05710176062013213
3386	1074.990643997402	0.039320766772051485
3387	1075.2481052120409	0.020911080757310394
3388	1075.505533243674	0.08217019740757145
3389	1075.76292806793	0.02283866910530466
3390	1076.0202896604374	0.009465835440921985
3391	1076.277617996825	0.036783839046960976
3392	1076.534913052721	0.04585964294062354
3393	1076.7921748037545	0.039107696712225
3394	1077.0494032255544	-0.005276494607887858
3395	1077.3065982937487	0.037489809555721676
3396	1077.5637599839663	0.034852169470760364
3397	1077.8208882718359	0.05170426542107015
3398	1078.0779831329862	0.029824695014260147
3399	1078.3350445430458	0.0781593244560946
3400	1078.5920724776431	0.05521280222291616
3401	1078.8490669124071	0.04001670972060471
3402	1079.106027822966	0.023196945126280427
3403	1079.3629551849492	0.018859755879521073
3404	1079.6198489739845	0.014691710823934723
3405	1079.8767091657012	0.004277403062766069
3406	1080.1335357357275	-0.015326793064910554
3407	1080.3903286596924	-0.0030291618414459293
3408	1080.647087913224	-0.002723953078617475
3409	1080.9038134719515	0.015843037377500577
3410	1081.1605053115036	-0.0025930377858997544
3411	1081.4171634075085	0.008723046120792805
3412	1081.673787735595	0.0028042135075583147
3413	1081.9303782713919	0.00578692510171544
3414	1082.1869349905276	0.0033254424062472004
3415	1082.443457868631	0.19178733412739363
3416	1082.6999468813306	0.014913118805744141
3417	1082.9564020042549	0.008377307245534302
3418	1083.2128232130328	-0.0056745887547395985
3419	1083.469210483293	0.02666494027636522
3420	1083.7255637906637	-0.0013666902343441312
3421	1083.9818831107743	0.021961786772766667
3422	1084.2381684192526	0.02802170712097085
3423	1084.4944196917281	0.09620635098883884
3424	1084.7506369038285	0.05546249728494776
3425	1085.006820031183	0.012591487173394547
3426	1085.2629690494205	0.01682197272766381
3427	1085.519083934169	0.17405304147570408
3428	1085.7751646610577	0.37841981447303824
3429	1086.0312112057147	0.07479089883155825
3430	1086.2872235437694	0.04452044407573212
3431	1086.5432016508498	0.24465676055480318
3432	1086.7991455025847	0.15268970920437425
3433	1087.0550550746027	0.13606316442930277
3434	1087.3109303425326	0.017544616005942953
3435	1087.566771282003	0.09493277492852928
3436	1087.8225778686424	-0.01606384479380498
3437	1088.07835007808	-0.017442349230311578
3438	1088.3340878859435	0.03535973775700828
3439	1088.5897912678622	0.07675301988246222
3440	1088.845460199465	0.10463979645003971
3441	1089.1010946563797	0.12861121596501662
3442	1089.3566946142355	0.03822034746715931
3443	1089.612260048661	0.5556863873516703
3444	1089.8677909352848	0.07225486037405615
3445	1090.1232872497355	0.07703619507102444
3446	1090.3787489676417	0.02009250849525182
3447	1090.6341760646324	0.030024957738579362
3448	1090.8895685163357	0.06299699155892136
3449	1091.1449262983806	0.06001001514815515
3450	1091.4002493863957	0.02687068606802561
3451	1091.6555377560096	-0.041895834027963014
3452	1091.910791382851	-0.0051030161869475635
3453	1092.1660102425483	0.03588450593728066
3454	1092.4211943107305	0.0928416556377911
3455	1092.676343563026	0.0599982250364981
3456	1092.9314579750635	0.1319318763895191
3457	1093.1865375224716	0.20124736440904228
3458	1093.441582180879	0.7892893203997211
3459	1093.6965919259148	0.5087331118096334
3460	1093.9515667332068	0.011283330454822355
3461	1094.2065065783843	0.2153384395519252
3462	1094.4614114370756	0.04640960655753397
3463	1094.7162812849092	0.006659243720627386
3464	1094.9711160975144	0.01818427586742556
3465	1095.2259158505192	0.06485560222077548
3466	1095.4806805195524	0.08182077025805627
3467	1095.735410080243	0.4465489115538168
3468	1095.990104508219	0.44423607112854285
3469	1096.24476377911	-0.21359163692934008
3470	1096.4993878685436	0.16340118756627928
3471	1096.753976752149	0.06636793426732428
3472	1097.0085304055547	0.04924852539454101
3473	1097.2630488043894	nan
3474	1097.517531924282	-0.268526116758444
3475	1097.7719797408604	-0.17722669440742225
3476	1098.026392229754	0.02959375459823442
3477	1098.2807693665914	0.051054219384387464
3478	1098.5351111270008	nan
3479	1098.789417486611	0.03692798937210695
3480	1099.0436884210508	-0.011498758922406538
3481	1099.2979239059487	-0.02039035325533043
3482	1099.5521239169336	0.000433242743315701
3483	1099.8062884296337	-0.11397036483828298
3484	1100.060417419678	0.043422905734375704
3485	1100.314510862695	-0.1696399202120256
3486	1100.5685687343134	-0.25913543566992936
3487	1100.822591010162	-0.19879749355747497
3488	1101.0765776658689	-0.10655749685208676
3489	1101.3305286770635	-0.19505510449799413
3490	1101.584444019374	0.0409759868448104
3491	1101.8383236684288	nan
3492	1102.0921675998572	0.06719682242820124
3493	1102.3459757892874	0.08484217090666392
3494	1102.599748212348	0.0116271081571775
3495	1102.8534848446677	0.07144168884949806
3496	1103.1071856618755	0.052588540681667864
3497	1103.3608506395997	-0.012430663931722413
3498	1103.6144797534691	0.06822078793550207
3499	1103.8680729791122	-0.020840958271817596
3500	1104.1216302921578	-0.015206538958012158
3501	1104.3751516682344	-0.011654633168515012
3502	1104.6286370829707	-0.022568072082174633
3503	1104.8820865119953	-0.012694698449546411
3504	1105.1354999309367	0.2664247912943717
3505	1105.3888773154242	nan
3506	1105.6422186410855	-0.005234270474109175
3507	1105.8955238835501	0.029488450141891817
3508	1106.1487930184462	-0.002885866079635091
3509	1106.4020260214024	-0.2593829440337164
3510	1106.6552228680475	0.07600625117946955
3511	1106.9083835340102	0.00460505536373032
3512	1107.161507994919	0.134109916119482
3513	1107.4145962264026	0.031386815792573755
3514	1107.6676482040898	-0.02354507567816711
3515	1107.920663903609	0.03406032628871583
3516	1108.1736433005885	-0.040607121845308805
3517	1108.426586370658	-0.0273135044960564
3518	1108.6794930894453	-0.17759919550573303
3519	1108.9323634325792	-0.10694704716827089
3520	1109.1851973756886	0.2770802951324386
3521	1109.4379948944018	-0.10726165981738774
3522	1109.6907559643475	-0.0024969949642728705
3523	1109.9434805611547	0.05464414802106498
3524	1110.1961686604516	-0.024989788986199815
3525	1110.4488202378673	0.03585426268608271
3526	1110.7014352690298	0.0004169051633408846
3527	1110.9540137295685	-1.2241750069231483
3528	1111.2065555951115	-0.21553259380349815
3529	1111.4590608412875	-0.09242365051957932
3530	1111.7115294437256	-0.33043509221815026
3531	1111.963961378054	0.050546487223889575
3532	1112.2163566199013	-0.03583185414432301
3533	1112.4687151448964	-0.19756402642141715
3534	1112.721036928668	-0.02663500266442758
3535	1112.9733219468444	-0.23770855434340216
3536	1113.2255701750544	-0.1316967496579466
3537	1113.4777815889267	-0.050015109314901704
3538	1113.72995616409	-0.0918999809188071
3539	1113.982093876173	-0.010896087435314068
3540	1114.234194700804	-0.037823854932914985
3541	1114.4862586136119	-0.11107348577580259
3542	1114.7382855902254	-0.04237256199297072
3543	1114.990275606273	0.012934641108278432
3544	1115.2422286373835	-0.01843925065676646
3545	1115.4941446591854	-0.03121668855208066
3546	1115.7460236473073	-0.05333330481739891
3547	1115.997865577378	-0.026373083977034764
3548	1116.249670425026	-0.0035471866673991437
3549	1116.5014381658802	-0.022794716297845154
3550	1116.7531687755688	-0.047053071110505454
3551	1117.004862229721	-0.14439487303472753
3552	1117.256518503965	-0.10025920697238898
3553	1117.5081375739296	-0.05844710939176063
3554	1117.7597194152436	0.023658494854066566
3555	1118.0112640035354	0.19094687505305372
3556	1118.2627713144336	-0.04572525240058249
3557	1118.5142413235671	-0.003229151404775114
3558	1118.7656740065645	-0.18496311814343708
3559	1119.0170693390544	0.18981520634490565
3560	1119.2684272966653	-0.2236689240683843
3561	1119.519747855026	0.12496259710571428
3562	1119.771030989765	0.2523576348398269
3563	1120.0222766765114	0.042531631483391084
3564	1120.2734848908933	-0.0653814438269668
3565	1120.5246556085394	0.009836893545419351
3566	1120.7757888050787	-0.023301633442978763
3567	1121.0268844561397	-0.006209716921510929
3568	1121.2779425373508	0.029211112980456408
3569	1121.5289630243408	0.025136065574188574
3570	1121.7799458927384	nan
3571	1122.0308911181721	0.057418627318367645
3572	1122.2817986762711	0.028701382739788596
3573	1122.5326685426633	-0.24567096741409228
3574	1122.7835006929777	0.03269724746158912
3575	1123.0342951028426	-0.1169562781687827
3576	1123.2850517478876	-0.030576934656765645
3577	1123.53577060374	-0.062309603445449134
3578	1123.7864516460295	-0.08949075671976599
3579	1124.0370948503844	0.013030118802899344
3580	1124.2877001924332	0.01129199303331585
3581	1124.5382676478048	0.2625076050908048
3582	1124.7887971921277	0.010116486481961784
3583	1125.0392888010306	0.02053625094414755
3584	1125.2897424501418	-0.014092186405115678
3585	1125.5401581150907	0.00376704688711691
3586	1125.790535771505	-0.1418634492682867
3587	1126.0408753950142	0.09494502064889605
3588	1126.2911769612463	-0.009541877248214658
3589	1126.5414404458306	-0.15540955563735628
3590	1126.791665824395	0.010443552214671052
3591	1127.0418530725688	-0.018947776825302874
3592	1127.2920021659802	0.01889604302898209
3593	1127.5421130802579	0.09449874583393021
3594	1127.792185791031	nan
3595	1128.0422202739276	-0.07176719804476968
3596	1128.2922165045766	0.06379486211474124
3597	1128.5421744586065	0.02044298893534638
3598	1128.792094111646	0.027389202253118344
3599	1129.041975439324	0.0031891291696535817
3600	1129.2918184172688	0.06729416252312334
3601	1129.5416230211092	nan
3602	1129.7913892264737	-0.005722698592220028
3603	1130.0411170089913	0.025828002392012505
3604	1130.29080634429	0.05487087392302767
3605	1130.5404572079992	0.0636483426298336
3606	1130.790069575747	0.08921820126671691
3607	1131.0396434231625	-0.053155759247709385
3608	1131.289178725874	-0.06889908497477348
3609	1131.5386754595102	-0.0368388281218873
3610	1131.7881335996997	0.026752408851562787
3611	1132.0375531220714	0.027589181947537112
3612	1132.2869340022537	-0.024392234909990276
3613	1132.5362762158752	0.08966633086678708
3614	1132.7855797385646	-0.004499856219173658
3615	1133.0348445459506	0.01377589610371691
3616	1133.2840706136622	0.005987949809756358
3617	1133.5332579173273	0.028504865767292605
3618	1133.782406432575	-0.16971871437534702
3619	1134.031516135034	-0.04771869475206641
3620	1134.2805870003328	0.007003664122364845
3621	1134.5296190041001	-0.14381805883813212
3622	1134.7786121219647	-0.0933438764059996
3623	1135.0275663295547	nan
3624	1135.2764816024992	0.7356425301900623
3625	1135.525357916427	0.30262551182031633
3626	1135.7741952469664	-0.037425313452837
3627	1136.022993569746	-0.1885179805685214
3628	1136.2717528603946	-0.016679048303744285
3629	1136.5204730945409	0.013118118126189538
3630	1136.7691542478135	0.1563039173528983
3631	1137.017796295841	0.004457492070711264
3632	1137.266399214252	-1.4866378807931058
3633	1137.5149629786754	0.05676620331404442
3634	1137.7634875647393	0.1308864242865419
3635	1138.0119729480732	nan
3636	1138.260419104305	-0.025837159895184644
3637	1138.5088260090636	0.8175072435202176
3638	1138.7571936379777	0.1961283314696822
3639	1139.0055219666756	-0.12497899850651459
3640	1139.2538109707866	0.023834319279961824
3641	1139.5020606259386	-0.016890893135877327
3642	1139.750270907761	0.017651167532619666
3643	1139.998441791882	0.05260310243303718
3644	1140.2465732539301	0.06561096036422305
3645	1140.4946652695344	-0.05032572212952938
3646	1140.7427178143232	-0.9417689172640373
3647	1140.9907308639251	0.00152075145228419
3648	1141.238704393969	-0.00904984947157553
