Index	Wavelength	Intensity
1	171.0036843215852	-0.012579533844104413
2	171.23380252856805	-0.0035640135039700063
3	171.46397004958132	-0.01726398798254837
4	171.69418686025367	0.04309183554075235
5	171.92445293621375	-0.03856818500929696
6	172.15476825309023	-0.008873973737971337
7	172.3851327865117	-0.007177887953629482
8	172.61554651210685	0.01654101487180347
9	172.8460094055043	0.018120666932462573
10	173.07652144233273	-0.0187615052610352
11	173.30708259822075	-0.01031822365189984
12	173.537692848797	0.013044637773936267
13	173.76835216969016	0.03607509272117955
14	173.99906053652884	0.0397427147560564
15	174.22981792494173	-0.0009210098874392475
16	174.46062431055742	0.012723148177258854
17	174.6914796690046	-0.005318777906025633
18	174.92238397591188	-0.0031251486151966006
19	175.15333720690793	-0.0020690596370367374
20	175.38433933762138	-0.011568492710575608
21	175.6153903436809	-0.0046207807974106094
22	175.8464902007151	-0.07739526235907966
23	176.07763888435264	0.07079609266518308
24	176.3088363702222	0.02766117763727288
25	176.54008263395235	-0.05923657979885312
26	176.7713776511718	0.024565090400379453
27	177.00272139750916	0.011706582071942938
28	177.2341138485931	0.0
29	177.46555498005225	0.06766579718652267
30	177.69704476751525	-0.00236040149601127
31	177.92858318661078	0.018430129316110693
32	178.16017021296744	0.03129257941520327
33	178.39180582221388	0.05351508464992053
34	178.62348998997876	0.1237102760194683
35	178.85522269189076	0.07144945576346845
36	179.08700390357845	0.03164836312728866
37	179.31883360067053	0.013382488247805822
38	179.55071175879564	0.022045092594448853
39	179.7826383535824	-0.013134170299603148
40	180.01461336065947	-0.011707744063888515
41	180.2466367556555	0.030854804537120965
42	180.47870851419913	-0.04304222718027507
43	180.710828611919	0.0
44	180.94299702444374	-0.012706175538857728
45	181.17521372740205	0.020586323957765357
46	181.40747869642252	0.035750986510177496
47	181.63979190713383	-0.0015778177852571792
48	181.8721533351646	0.04849485291660969
49	182.10456295614347	0.007808463270825291
50	182.33702074569914	-0.02429481956098672
51	182.56952667946018	-0.012425190801383127
52	182.80208073305528	0.015253497232558491
53	183.0346828821131	0.009173419214588094
54	183.26733310226223	-0.012456838990581181
55	183.50003136913136	-0.05404780510674039
56	183.7327776583491	-0.017662816595223778
57	183.96557194554416	-0.03305057448809519
58	184.1984142063451	-0.008581364279155415
59	184.4313044163806	-0.0009967886254993192
60	184.66424255127936	-0.006882345759077605
61	184.89722858666994	-0.024848683376788198
62	185.13026249818105	0.007380603601295225
63	185.36334426144128	-0.011240585694764223
64	185.59647385207933	-0.004393531639679952
65	185.8296512457238	0.00700803953110969
66	186.06287641800333	-0.01464535788259481
67	186.29614934454662	-0.01589887146613111
68	186.52947000098226	-0.023648617097960286
69	186.76283836293894	0.017639254365796893
70	186.99625440604527	-0.005992865503873594
71	187.22971810592992	-0.010391897092045181
72	187.4632294382215	0.023359660998401362
73	187.6967883785487	0.005636149712913149
74	187.93039490254014	0.007338213132986705
75	188.16404898582445	-0.0147441402898018
76	188.3977506040303	-0.009087399962681184
77	188.63149973278635	0.0034621990579189734
78	188.86529634772123	0.022027841934350763
79	189.09914042446354	-0.013114139391228847
80	189.333031938642	0.01855992311349774
81	189.5669708658852	0.0011353954611994788
82	189.8009571818218	-0.016932969452980055
83	190.03499086208046	0.004906851581441288
84	190.2690718822898	-0.02412429549163206
85	190.5032002180785	-0.01824799583127898
86	190.73737584507518	-0.013484838692883281
87	190.97159873890848	-0.02681577924768492
88	191.20586887520705	-0.04708712377723428
89	191.44018622959956	-0.02253233803797461
90	191.67455077771461	-0.006063815312338423
91	191.9089624951809	-0.011665057809470561
92	192.14342135762703	0.0001821039920453498
93	192.37792734068165	-0.03869272685941685
94	192.61248041997345	-0.010769333409381972
95	192.84708057113102	-0.00925134275018714
96	193.08172776978301	-0.011399032722045527
97	193.31642199155812	-0.008678263593978053
98	193.55116321208493	-0.02197040133398293
99	193.7859514069921	-0.021358601222684355
100	194.0207865519083	0.0032848520060283016
101	194.25566862246217	0.0059664083838917945
102	194.49059759428232	0.009502891565305375
103	194.72557344299744	0.00778803854046673
104	194.96059614423615	0.006291071320455696
105	195.19566567362713	0.03908655057973379
106	195.43078200679898	0.018247841521034203
107	195.66594511938035	0.009948216241470978
108	195.9011549869999	0.008419825221767905
109	196.13641158528628	0.008586986387416722
110	196.37171488986812	-0.0019673596814376135
111	196.6070648763741	-0.007181329245861414
112	196.8424615204328	0.006644138400739985
113	197.07790479767291	0.008391245027693315
114	197.3133946837231	0.004450108966307225
115	197.54893115421194	0.012864159489975126
116	197.78451418476814	0.0383257173415851
117	198.02014375102033	-0.015340283667805057
118	198.25581982859714	0.0008539023734799919
119	198.49154239312722	0.013541808711750265
120	198.72731142023923	0.023531082984178248
121	198.9631268855618	0.00802671893704579
122	199.19898876472357	0.014592502351545123
123	199.4348970333532	0.030733293333350092
124	199.67085166707932	-0.013597141802036014
125	199.9068526415306	0.0022843079259181505
126	200.14289993233567	-0.01630253406053946
127	200.37899351512317	0.0
128	200.61513336552173	-0.0004599889271216565
129	200.85131945916004	0.007969050750030836
130	201.0875517716667	0.003815411990040753
131	201.32383027867039	-0.014527737916208448
132	201.56015495579976	-0.02511845160567015
133	201.7965257786834	-0.026000079262879835
134	202.03294272295	0.014838432526952924
135	202.2694057642282	0.015284112058827926
136	202.50591487814663	0.009714837619102905
137	202.74247004033396	-0.004073253897639352
138	202.97907122641882	0.0016789181065586696
139	203.21571841202984	0.0009444893173270689
140	203.4524115727957	0.008333829158711878
141	203.689150684345	-0.00196644042832444
142	203.92593572230646	0.0038972288571232183
143	204.16276666230863	-0.019872179514639626
144	204.39964347998023	-0.025910131646020712
145	204.63656615094988	-0.007143578502735384
146	204.87353465084618	-0.0011351407890056306
147	205.11054895529784	0.008087733268919128
148	205.3476090399335	0.010360527034281426
149	205.58471488038177	0.017361469977446687
150	205.8218664522713	0.011897624039605708
151	206.05906373123076	0.026349613973459394
152	206.2963066928888	0.024864950979979754
153	206.53359531287404	0.0004547363133764696
154	206.7709295668151	0.003509665287968201
155	207.00830943034072	-0.017657275091554382
156	207.24573487907944	0.0019012402312312813
157	207.48320588865994	0.014398181050355384
158	207.7207224347109	-0.005074225728516913
159	207.9582844928609	-0.016034849470181085
160	208.19589203873866	-0.00818307219951697
161	208.43354504797279	-0.00020091716029205838
162	208.67124349619192	0.01119485106546698
163	208.9089873590247	-0.01194542580553454
164	209.1467766120998	-0.00910519758329722
165	209.38461123104585	-0.01992354589330242
166	209.6224911914915	0.00014737010021455797
167	209.86041646906537	0.00902507631862222
168	210.09838703939613	-0.006966618848470976
169	210.3364028781124	0.009306359912534042
170	210.57446396084288	0.012191940105465704
171	210.81257026321617	0.007091356197253683
172	211.0507217608609	-0.009312110981555434
173	211.28891842940578	-0.0036956079836141026
174	211.52716024447938	-0.0016087218592723555
175	211.7654471817104	-0.009505667407828851
176	212.00377921672748	-0.00751235591641772
177	212.24215632515921	-0.003096858516736637
178	212.48057848263431	0.005995394659502449
179	212.71904566478136	0.00933608274546829
180	212.95755784722905	0.0024421963204633228
181	213.19611500560603	-0.015107432775157973
182	213.4347171155409	-0.0010704342428357813
183	213.67336415266234	0.0013384662041099357
184	213.91205609259902	-0.008832502858745034
185	214.1507929109795	-0.009221599564298648
186	214.38957458343248	0.011576151689702163
187	214.62840108558663	0.004643544596880161
188	214.86727239307055	0.006376962089927495
189	215.1061884815129	0.004961112652868865
190	215.34514932654236	0.00020219830790412343
191	215.5841549037875	-0.0049107282699243455
192	215.823205188877	0.004374618414326003
193	216.06230015743955	0.003370036197837563
194	216.30143978510375	-0.006519957848943344
195	216.54062404749823	0.011396643607197157
196	216.77985292025167	0.013235427152069882
197	217.01912637899272	0.01837520518126332
198	217.25844439934997	-0.0037905036477546014
199	217.49780695695213	-0.0024707348766808577
200	217.73721402742783	0.007172449382744433
201	217.97666558640566	0.014174203975745628
202	218.21616160951436	-0.0015610697830835303
203	218.45570207238248	0.005529332983671519
204	218.69528695063875	0.0008252812336265792
205	218.93491621991174	0.01587224448371297
206	219.17458985583013	-0.004707220602310419
207	219.41430783402257	-0.019357477853117647
208	219.6540701301177	-0.022558953185443053
209	219.89387671974418	0.0006355422683751119
210	220.13372757853062	0.008677123426270784
211	220.3736226821057	0.008313591166799238
212	220.61356200609805	0.005140156511438846
213	220.8535455261363	-5.5213423283743696e-05
214	221.0935732178491	0.012683693989863364
215	221.33364505686512	0.011172431290964492
216	221.573761018813	-0.00864862352050812
217	221.81392107932135	0.0009961391131070656
218	222.05412521401888	0.003840756808128719
219	222.29437339853416	-0.01942740988548487
220	222.53466560849589	-0.012614336604790137
221	222.7750018195327	0.006032905488968293
222	223.0153820072732	0.012072542530661189
223	223.25580614734608	0.009016304499465977
224	223.49627421537997	-0.004974897681038349
225	223.73678618700353	-0.0010842667030936419
226	223.97734203784537	-0.001383280525035946
227	224.21794174353417	0.007506249124112892
228	224.45858527969855	0.004008734112068901
229	224.69927262196717	0.005441064254541811
230	224.94000374596868	-0.002541204915945075
231	225.18077862733173	0.004112912468978788
232	225.42159724168494	-0.004028945383175811
233	225.66245956465696	-0.013313541781008156
234	225.90336557187644	-0.0026719026517503007
235	226.144315238972	0.010331290124547199
236	226.38530854157236	0.008094158461961095
237	226.6263454553061	0.001125078199849853
238	226.86742595580188	-0.000618409253559373
239	227.10855001868836	0.013163828819176125
240	227.34971761959417	0.017530829869452404
241	227.59092873414795	-0.0013779371559267555
242	227.83218333797836	0.018481827774466424
243	228.07348140671402	0.002746293776232136
244	228.31482291598363	0.010521840177816318
245	228.55620784141576	0.023703497243298254
246	228.7976361586391	0.015561798742054645
247	229.0391078432823	0.009325048493297834
248	229.280622870974	0.00868343551828252
249	229.52218121734282	0.013584601861862736
250	229.76378285801744	0.008122325351451107
251	230.00542776862648	0.021342239097083382
252	230.2471159247986	-0.003517945794971864
253	230.48884730216244	0.00810074775492242
254	230.73062187634665	0.012090488356826011
255	230.97243962297986	0.019888313261498567
256	231.21430051769073	0.007281932201707621
257	231.4562045361079	0.0027729991603145892
258	231.69815165386	0.0032319522419006837
259	231.9401418465757	0.0011515024505853958
260	232.18217508988363	-0.016969106384796533
261	232.42425135941244	0.0038678659552069576
262	232.6663706307908	0.014307093419525546
263	232.9085328796473	0.0049208327641694
264	233.15073808161063	0.0025991450817459626
265	233.3929862123094	0.005639806415783944
266	233.6352772473723	0.002253356733059626
267	233.87761116242797	0.002332414788092347
268	234.119987933105	0.0011914902859647275
269	234.36240753503208	0.003453713345889309
270	234.60486994383785	0.0029976787181169393
271	234.84737513515094	-0.0012790336537619653
272	235.08992308460003	0.010188448131901373
273	235.33251376781374	0.005949263797170449
274	235.57514716042067	0.007383257989076295
275	235.81782323804956	0.009758864010671895
276	236.06054197632898	0.015351039671198132
277	236.30330335088763	-0.007443192109466944
278	236.5461073373541	-0.0031641011118493795
279	236.7889539113571	0.010702876701471114
280	237.03184304852522	0.019483369975031445
281	237.2747747244871	0.008826969249687379
282	237.51774891487142	0.008123058412072707
283	237.76076559530682	0.003441194175535868
284	238.00382474142194	0.00746366478596951
285	238.2469263288454	0.013071242859965766
286	238.4900703332059	0.016003102724734333
287	238.73325673013204	0.003670004130205113
288	238.97648549525246	0.00312882958051189
289	239.21975660419585	-0.0022954640585240455
290	239.46307003259082	0.01008152838325845
291	239.70642575606604	0.004207661927965348
292	239.94982375025012	0.009034546341703621
293	240.1932639907717	0.009485491826311277
294	240.4367464532595	0.006104882466943253
295	240.6802711133421	0.0005229632339204164
296	240.92383794664812	0.006248841735133995
297	241.16744692880627	0.0038993709206854837
298	241.4110980354452	0.006782070555986498
299	241.65479124219348	0.010757721066217231
300	241.89852652467982	0.003127859893159388
301	242.14230385853284	-0.0034122775785941743
302	242.3861232193812	0.005247878557007738
303	242.62998458285352	0.015432835879157291
304	242.87388792457847	0.009039594697375437
305	243.1178332201847	-0.005953936089624576
306	243.3618204453008	0.0009651717229202383
307	243.6058495755555	0.004189046101562607
308	243.84992058657738	0.009037145732948105
309	244.0940334539951	0.008672502131766988
310	244.33818815343733	0.003960642313998727
311	244.58238466053268	0.00013424771887851454
312	244.8266229509098	-0.0069985903547676994
313	245.07090300019738	-0.014369769230872837
314	245.315224784024	0.0038936822134875517
315	245.55958827801834	0.010332683735250234
316	245.80399345780904	0.003367882515188847
317	246.04844029902478	0.0011676236732271394
318	246.29292877729415	0.005558251707224456
319	246.53745886824584	0.005833337057629111
320	246.78203054750844	-0.00818923466391987
321	247.02664379071064	0.006347033314786329
322	247.27129857348106	-0.0033897364310144676
323	247.51599487144836	0.008270039825979621
324	247.7607326602412	-0.004478937484290265
325	248.00551191548817	0.018192661670114678
326	248.250332612818	0.004605663638801781
327	248.49519472785926	0.0006214883874711792
328	248.7400982362406	-0.003129587908665571
329	248.98504311359073	0.0011564816963307726
330	249.23002933553826	-0.003574835929062691
331	249.47505687771184	-0.013790129193955057
332	249.72012571574004	-0.007252275066566552
333	249.96523582525163	-0.01663059263423678
334	250.21038718187515	-0.010131385029311202
335	250.4555797612393	-0.009616408996494212
336	250.70081353897274	0.004005316166454699
337	250.94608849070406	0.00606848749986467
338	251.19140459206193	0.022329905200398997
339	251.43676181867502	0.0077619133069133026
340	251.68216014617195	0.004585021659619436
341	251.92759955018136	0.008317982569511322
342	252.17308000633193	-0.009943782772730824
343	252.41860149025226	0.0021033558508440297
344	252.664163977571	0.001984332164583438
345	252.90976744391685	0.016779344023010262
346	253.1554118649184	0.014507011426587616
347	253.40109721620428	0.004455948821534234
348	253.64682347340317	0.004308702996098132
349	253.89259061214375	0.005177503246585778
350	254.13839860805462	0.005917755657822666
351	254.38424743676438	0.007144195080717998
352	254.63013707390178	-0.002880930434532125
353	254.87606749509538	-0.00668563433710865
354	255.12203867597387	-0.00940493013499696
355	255.3680505921659	0.0008750435383945371
356	255.61410321930006	0.02034263392155692
357	255.86019653300502	0.02506304772290966
358	256.1063305089095	0.011153206636611502
359	256.352505122642	0.008751999277446947
360	256.5987203498313	-0.0001754139023956514
361	256.844976166106	-0.012828907732968383
362	257.0912725470947	0.012683828168246558
363	257.33760946842614	0.009587954854779403
364	257.58398690572886	0.0019346988579363007
365	257.83040483463157	0.0020977997318952007
366	258.0768632307629	-0.0016603300784886427
367	258.32336206975145	0.0012417735918855654
368	258.569901327226	-0.004371333486594901
369	258.81648097881504	-0.0010722561105719348
370	259.06310100014724	0.019319192434229224
371	259.3097613668514	0.017184105696135515
372	259.55646205455594	0.01635531599664792
373	259.8032030388896	0.0107245557295894
374	260.0499842954811	0.016013902286931725
375	260.29680579995903	0.013919993684311691
376	260.543667527952	0.0054868361490064115
377	260.7905694550887	0.012401610453064059
378	261.03751155699774	0.010224571162725129
379	261.28449380930783	0.007982164250175432
380	261.5315161876475	0.0023581955812461038
381	261.7785786676455	-0.00040474017742424435
382	262.02568122493045	0.016737934655809847
383	262.27282383513096	0.02085945106807322
384	262.5200064738757	-0.00042774541256950264
385	262.7672291167934	-0.0014634894572290221
386	263.0144917395125	0.005518103743427959
387	263.2617943176618	0.004718336813001208
388	263.5091368268699	-0.0002542528665154698
389	263.7565192427655	0.004705722684243299
390	264.00394154097717	0.00750107966073612
391	264.2514036971336	0.001977683184743887
392	264.4989056868634	-0.0031228456736163987
393	264.7464474857953	0.0021713524939115337
394	264.99402906955777	0.01298193883964149
395	265.24165041377967	-0.0018847066797464927
396	265.48931149408946	-0.010811798331902392
397	265.73701228611594	-0.004711743361174029
398	265.98475276548766	-0.000936704362124081
399	266.2325329078332	0.0019441297595270404
400	266.4803526887814	0.010714391735883452
401	266.7282120839608	0.013609962818411363
402	266.97611106899996	0.006522160555534133
403	267.22404961952765	0.002206550937869623
404	267.4720277111725	0.0037019217413610936
405	267.72004531956304	0.003082414099269517
406	267.9681024203281	0.010099413528694132
407	268.21619898909614	0.004345147906053175
408	268.46433500149595	0.024505279384360607
409	268.7125104331561	0.011840959072221387
410	268.96072525970527	0.010334980667600878
411	269.2089794567721	0.007574758162844477
412	269.4572729999852	0.0010672316719078033
413	269.7056058649732	0.003187831829506476
414	269.9539780273649	0.0052125732976939084
415	270.2023894627887	0.0022729581472312847
416	270.4508401468734	0.0033876251311429316
417	270.6993300552477	0.004807431579619308
418	270.9478591635401	-0.003513799337361864
419	271.1964274473793	0.006046378468520613
420	271.445034882394	0.004447106764969545
421	271.69368144421276	0.0039275163036308035
422	271.9423671084643	0.002942026452651819
423	272.1910918507771	-0.0018864123800219567
424	272.4398556467801	-0.005774004125401491
425	272.6886584721017	-0.015041898845372995
426	272.9375003023706	-0.0010784470649033706
427	273.18638111321553	0.00726763196690173
428	273.43530088026506	0.008371886850645924
429	273.68425957914786	0.0010880158564141682
430	273.93325718549255	0.00869207446877221
431	274.1822936749278	-0.07225528055253765
432	274.4313690230822	-0.023241039930622362
433	274.6804832055845	-0.006969534690378962
434	274.92963619806324	0.0002958888108878753
435	275.17882797614715	-0.0009650135002431058
436	275.42805851546484	0.000948286794563821
437	275.67732779164487	-0.0006661509498034159
438	275.9266357803161	0.004340269382098046
439	276.1759824571069	-6.539846299816795e-05
440	276.4253677976461	0.004922447608193682
441	276.67479177756235	0.0033476627362989692
442	276.92425437248426	0.008077910974366649
443	277.1737555580404	0.003106548633689047
444	277.4232953098595	-0.0050428244233365884
445	277.67287360357017	-0.012766507487307953
446	277.9224904148011	-0.01503689925955445
447	278.17214571918083	-0.003231868920823242
448	278.4218394923381	0.005774167471811246
449	278.6715717099016	0.007646823338041014
450	278.9213423474999	0.011992527748704327
451	279.17115138076156	-0.0024061551701107598
452	279.4209987853154	-0.0034111163466920614
453	279.67088453678997	0.00014455121471213406
454	279.9208086108139	0.009051445553085149
455	280.17077098301587	0.011400337476792533
456	280.42077162902456	0.016305291343266425
457	280.6708105244685	0.01844889272406195
458	280.92088764497646	-0.00461117545697509
459	281.171002966177	0.005194789906832066
460	281.4211564636988	0.0012556812850965855
461	281.67134811317055	0.0031044597839991125
462	281.9215778902209	-0.0018657618241888479
463	282.1718457704783	0.004954380600263535
464	282.4221517295716	0.0027660558446412136
465	282.6724957431294	-0.0020604425738149925
466	282.9228777867803	0.0040213177720791055
467	283.173297836153	0.007562414300191414
468	283.42375586687615	-0.0036051198047220775
469	283.6742518545783	0.005361216683132772
470	283.92478577488816	0.0
471	284.17535760343446	0.004345404000225817
472	284.4259673158457	0.001943738444512621
473	284.6766148877506	0.0018510289949586244
474	284.92730029477775	0.004028571770978266
475	285.17802351255585	0.0074789949813976846
476	285.42878451671356	-0.0020797764305593514
477	285.67958328287943	-0.005936163139903151
478	285.93041978668225	0.006433182032727407
479	286.18129400375057	0.002370642892174936
480	286.43220590971305	0.003380129355202294
481	286.6831554801983	0.01875606949667661
482	286.934142690835	0.006700496271491193
483	287.18516751725184	-0.010354596548945567
484	287.4362299350774	-0.0023175772836545585
485	287.68732991994034	-0.007803685034342754
486	287.93846744746935	0.005573308319926409
487	288.189642493293	0.010979611510796175
488	288.44085503303995	0.00253623985725499
489	288.6921050423389	-0.010393261398085184
490	288.9433924968185	-0.0023620033266990624
491	289.1947173721073	-0.0026991992067110916
492	289.446079643834	0.00012040170907375567
493	289.6974792876273	-0.003020797439338887
494	289.94891627911574	0.0
495	290.20039059392803	0.002073521060564439
496	290.4519022076928	0.0027731477569135966
497	290.7034510960387	0.010650243129709207
498	290.9550372345944	0.007016413039624563
499	291.2066605989885	-0.009193331069438471
500	291.4583211648496	-0.01175956901042237
501	291.7100189078065	0.0031394252264254725
502	291.96175380348774	-0.0027414310916313534
503	292.21352582752195	-0.008169203218822052
504	292.4653349555378	0.00940588214589577
505	292.71718116316396	0.01189080882509109
506	292.96906442602904	0.0021063462292644124
507	293.2209847197617	-0.0005722588387014936
508	293.4729420199906	0.004745613607396662
509	293.72493630234436	-0.009408794734232926
510	293.97696754245163	-0.012714482588348614
511	294.22903571594105	0.0029814588927712087
512	294.4811407984413	0.005038697076168422
513	294.733282765581	0.015391970134026087
514	294.98546159298877	0.012642800181724059
515	295.2376772562933	0.011773121676472448
516	295.4899297311232	0.0068154223217848494
517	295.74221899310714	0.008912074418303093
518	295.99454501787375	-0.0009041098410380506
519	296.2469077810517	-0.0010477933147853948
520	296.4993072582696	0.009359329535767054
521	296.75174342515606	-8.592845536648831e-05
522	297.00421625733986	-0.01474151221876606
523	297.25672573044955	-0.004971924578442574
524	297.5092718201137	-0.001211486151784012
525	297.7618545019611	-0.003065390544085898
526	298.01447375162036	-0.001994830628976166
527	298.2671295447201	0.013531581269420476
528	298.51982185688894	0.005260804049374599
529	298.77255066375557	0.009360008980994008
530	299.02531594094864	0.0038000778950476053
531	299.2781176640967	0.0030915808766348906
532	299.5309558088285	0.006581252193413068
533	299.78383035077263	-0.007048857185672612
534	300.0367412655578	-0.005301925569689441
535	300.28968852881263	0.004122974167100001
536	300.5426721161657	0.017003001009325107
537	300.79569200324573	0.02641349501616408
538	301.04874816568133	0.005657206841339905
539	301.30184057910117	0.010887313975006618
540	301.5549692191338	0.017471893334828223
541	301.80813406140805	0.011002373325253096
542	302.0613350815524	0.007163503915474633
543	302.31457225519557	0.006040141572835209
544	302.56784555796617	0.0080362678266924
545	302.82115496549284	0.01594519310179207
546	303.0745004534043	0.012290847850704596
547	303.3278819973291	0.007747447104787134
548	303.581299572896	0.002788706257355833
549	303.8347531557335	0.005890685357437783
550	304.08824272147035	0.00404134188522222
551	304.3417682457351	0.014265723586342881
552	304.5953297041566	0.017907670274332446
553	304.84892707236327	0.008453393590004387
554	305.10256032598386	0.012304711822207881
555	305.3562294406469	0.01096473771895753
556	305.60993439198126	0.007803840867328204
557	305.8636751556154	0.011384733969238545
558	306.117451707178	-0.0012932630692285953
559	306.37126402229774	-0.0048743225448987315
560	306.6251120766033	-0.003674544543321431
561	306.87899584572324	0.016169797763471133
562	307.13291530528625	0.01372760922535058
563	307.3868704309209	0.001069075285683849
564	307.64086119825595	0.0019013927027710213
565	307.89488758292	-0.0007176601828306605
566	308.1489495605417	0.0009076437439774568
567	308.4030471067497	0.0026986104592516004
568	308.6571801971726	-0.004539527172236993
569	308.911348807439	0.010262242756663806
570	309.16555291317775	-0.0030853995140104114
571	309.41979249001736	0.010580026871459267
572	309.6740675135864	0.00606692997441121
573	309.9283779595137	0.0033845237551823207
574	310.18272380342773	0.01108307542491328
575	310.4371050209572	0.002759726720405578
576	310.6915215877308	-0.004229535722899182
577	310.9459734793771	0.00021310086638700546
578	311.20046067152475	0.0030065538098492718
579	311.4549831398025	-0.0026380639827398057
580	311.7095408598389	-0.007270693079002295
581	311.9641338072626	-0.004050685638841459
582	312.2187619577023	-0.009709199059746605
583	312.47342528678655	0.008014470498909198
584	312.7281237701441	-0.0030022682156486805
585	312.9828573834036	-0.002876142722412448
586	313.23762610219353	-0.005321734660552637
587	313.4924299021427	-0.006914436919726524
588	313.7472687588797	-0.007025553881047278
589	314.0021426480332	-0.006996559256650231
590	314.2570515452318	0.0019336920007486632
591	314.5119954261042	0.005851248970400748
592	314.76697426627896	0.012119163709685571
593	315.0219880413848	0.009635298684730155
594	315.27703672705036	0.017512919224784287
595	315.53212029890426	0.008324895163769757
596	315.7872387325752	0.01631288260157609
597	316.0423920036917	0.019932413560821653
598	316.2975800878826	0.019912677532464222
599	316.55280296077626	0.005382928610891251
600	316.8080605980016	0.009090870806286476
601	317.0633529751872	0.00699246808721614
602	317.3186800679616	0.014431620248818399
603	317.5740418519535	0.013415347892767925
604	317.8294383027916	0.008468627918560153
605	318.08486939610447	0.0030912724676456583
606	318.3403351075208	-0.007128696289973436
607	318.5958354126692	-0.004503399357500925
608	318.8513702871784	-0.006015374174106823
609	319.1069397066769	-0.0011770456494313037
610	319.3625436467934	0.009396613908527376
611	319.6181820831566	-0.005379583475970281
612	319.8738549913952	-0.004684793827836134
613	320.1295623471377	0.001900854961853123
614	320.38530412601284	0.010525176504324526
615	320.6410803036492	0.013118963376874902
616	320.89689085567545	-0.0015226044359709446
617	321.1527357577203	0.01653143227475407
618	321.4086149854122	0.01337495248178565
619	321.6645285143801	0.017133802227871635
620	321.92047632025236	0.007088360724978343
621	322.1764583786578	0.006074637746389028
622	322.43247466522496	0.007286519350316203
623	322.6885251555826	0.01433157577923538
624	322.9446098253593	-0.006958527812776301
625	323.2007286501836	0.014928020226341314
626	323.4568816056843	0.012611245296354828
627	323.71306866749	-0.004980504595894475
628	323.9692898112294	-0.0062573078177594055
629	324.22554501253103	0.0002734589035003495
630	324.4818342470236	-0.005100292969270198
631	324.73815749033565	-0.005939760665154429
632	324.994514718096	0.007140791048226709
633	325.2509059059332	-0.0026416486479097293
634	325.50733102947595	0.007457872971187803
635	325.76379006435286	0.014829861080100364
636	326.0202829861925	0.021919597927484713
637	326.27680977062363	0.004645875328664744
638	326.5333703932748	-0.0030061769559869504
639	326.78996482977476	0.00684356662767434
640	327.04659305575206	-0.0020684156825706125
641	327.30325504683543	-0.0025515561996452846
642	327.55995077865344	-0.01281415857516516
643	327.8166802268348	0.0025516775378390715
644	328.07344336700805	-0.0016985176575848616
645	328.330240174802	0.017358052259680436
646	328.5870706258451	0.016566509755963257
647	328.84393469576617	-0.00015704798443239628
648	329.10083236019375	0.004380622531573941
649	329.35776359475653	-0.007765122929633538
650	329.61472837508313	-0.0133420892013306
651	329.87172667680215	-0.009448217460158979
652	330.1287584755424	-0.002117481863760989
653	330.3858237469324	0.005726234415898016
654	330.6429224666007	0.007044415607775445
655	330.90005461017614	0.0117188367166678
656	331.1572201532873	0.015771511988552596
657	331.41441907156275	0.014499323753434976
658	331.67165134063123	0.0011487473652369174
659	331.92891693612137	0.0008446377962213038
660	332.1862158336617	0.008560329904894144
661	332.44354800888107	0.011613312477399797
662	332.70091343740796	0.010279255551519016
663	332.958312094871	-0.0075649760851191055
664	333.215743956899	0.004569047083931788
665	333.4732089991205	0.003429146877574181
666	333.73070719716407	-0.0014982485224231765
667	333.9882385266585	0.01180736819514899
668	334.2458029632324	0.011774196304692773
669	334.5034004825144	0.005194171065292459
670	334.76103106013306	0.0022385097872674765
671	335.01869467171707	0.0020733853823344164
672	335.2763912928952	-0.0001525101830247861
673	335.534120899296	0.005077884179463186
674	335.79188346654803	0.0045053901133298505
675	336.04967897028007	0.006514151917855257
676	336.30750738612073	0.017555090190932175
677	336.5653686896986	0.005083563097579237
678	336.8232628566424	0.007451659904431121
679	337.0811898625807	-0.00826486536389981
680	337.3391496831422	-0.013890261048704926
681	337.5971422939555	-6.807810121635394e-05
682	337.85516767064934	0.00018466829962086612
683	338.1132257888523	0.013176379324770615
684	338.37131662419296	0.013983852821584809
685	338.62944015230005	0.0005646693624334329
686	338.88759634880216	0.0019507254458228879
687	339.1457851893281	0.002013906712525588
688	339.4040066495063	0.0073567175966405916
689	339.66226070496543	-0.0011172985909358962
690	339.9205473313343	0.011782624428929526
691	340.1788665042414	0.008738896352251883
692	340.43721819931545	0.0077611939127618535
693	340.69560239218504	0.007135408717400719
694	340.9540190584788	0.006448261366224899
695	341.2124681738255	0.00885600171995369
696	341.4709497138537	0.011634081161077205
697	341.72946365419205	0.002578606971967573
698	341.9880099704692	0.01083168196903956
699	342.2465886383138	0.003924378278477261
700	342.50519963335444	0.000682225099855588
701	342.76384293121987	0.0037951458802543483
702	343.0225185075386	0.0072937104933596675
703	343.2812263379394	0.008568035204816513
704	343.53996639805086	0.006988950320903575
705	343.79873866350164	0.00426985795452339
706	344.0575431099204	-0.0012053891323953758
707	344.3163797129357	-0.00016497430466393733
708	344.5752484481763	-0.0030739083153737707
709	344.83414929127076	0.0038350903928415676
710	345.0930822178478	0.008065404576744088
711	345.35204720353596	-0.005435051129082463
712	345.611044223964	-0.013898850150511722
713	345.8700732547605	-0.009567510254586603
714	346.1291342715541	-0.007227051854689269
715	346.3882272499735	-0.008187916270134215
716	346.64735216564725	0.010289676562997759
717	346.9065089942041	0.008172831229803819
718	347.1656977112726	0.010472098626807275
719	347.42491829248155	0.004855744674938367
720	347.68417071345937	-0.002009072303363001
721	347.9434549498349	0.0010978013668965902
722	348.2027709772367	0.0009138030019405767
723	348.4621187712934	0.01191090173190753
724	348.72149830763374	0.008958213003243145
725	348.98090956188616	0.0056383371000781396
726	349.24035250967955	0.005586009059066882
727	349.4998271266424	0.014193514177353386
728	349.75933338840343	0.0075658856431026125
729	350.01887127059126	0.0019205729571786202
730	350.27844074883444	0.014984151736552601
731	350.5380417987618	0.0166365816558552
732	350.79767439600187	0.008357937637666258
733	351.0573385161833	-0.0047962529298463084
734	351.3170341349347	-0.0009765474621889291
735	351.57676122788484	-0.0008451050987850923
736	351.83651977066233	-0.0009939939616268566
737	352.0963097388957	-0.00127338628082211
738	352.3561311082137	-0.002884711035377042
739	352.6159838542449	-0.0018375350704428698
740	352.875867952618	0.007361732911676599
741	353.1357833789617	0.0063711733867414045
742	353.39573010890456	0.0038600493262057195
743	353.6557081180752	0.0
744	353.91571738210234	0.00900843805187119
745	354.1757578766146	0.0006443686754878785
746	354.4358295772406	-0.019154082856796636
747	354.6959324596091	-0.006569132942950633
748	354.9560664993486	0.005424652525910015
749	355.21623167208776	0.002876231567599416
750	355.4764279534553	0.005941072652602573
751	355.7366553190798	0.010608998711916577
752	355.9969137445899	0.01139676023578681
753	356.25720320561436	0.0039100079053369045
754	356.5175236777817	-0.001670986612298556
755	356.7778751367206	-0.0016474563095154075
756	357.03825755805974	-0.003564770753550557
757	357.29867091742767	-0.002587709012645395
758	357.5591151904532	0.002435292705054716
759	357.81959035276486	-0.003392928366114922
760	358.08009637999123	0.00441770794076044
761	358.3406332477611	-0.003018096242835884
762	358.60120093170303	-0.005049223996121887
763	358.86179940744574	0.0035421806508819324
764	359.12242865061785	0.009981550226484656
765	359.3830886368479	0.007780266906278591
766	359.6437793417646	0.011542448984607616
767	359.9045007409967	0.004744284038903585
768	360.16525281017266	0.010742017973672819
769	360.4260355249213	0.006365888351981194
770	360.6868488608711	0.00751222118208913
771	360.94769279365084	0.0019408041514246276
772	361.20856729888914	0.0015388556789249427
773	361.46947235221455	0.0038387283237940606
774	361.7304079292559	-0.001551816867594678
775	361.9913740056416	0.004588158783354919
776	362.2523705570005	0.006629764143550678
777	362.5133975589611	0.0
778	362.7744549871521	0.004444158800775734
779	363.0355428172022	-0.0007406970720844203
780	363.29666102474	0.00772603204176418
781	363.5578095853941	0.006795835641494559
782	363.81898847479323	0.005999193880673581
783	364.0801976685659	0.002662148002579229
784	364.34143714234096	0.009154956916074168
785	364.60270687174693	0.008784742767411813
786	364.86400683241243	0.0065302690969578775
787	365.1253369999661	0.004522929513738658
788	365.3866973500367	0.004720028603871591
789	365.6480878582528	0.004751725543521849
790	365.90950850024296	-0.0014739372577148948
791	366.17095925163596	7.902588311248931e-05
792	366.43244008806045	0.004048786526316062
793	366.69395098514497	0.004883678227288505
794	366.9554919185182	0.003871228851963219
795	367.21706286380885	0.002190556648056837
796	367.4786637966455	0.004043441799756202
797	367.74029469265685	0.001966453996458375
798	368.0019555274714	-0.00025751632569342726
799	368.263646276718	0.0002827315549350434
800	368.5253669160252	0.0
801	368.7871174210216	-0.0002856668039751672
802	369.0488977673359	-0.0049272096376255054
803	369.3107079305968	0.0009271054374970216
804	369.57254788643274	0.0026322481426866904
805	369.83441761047266	0.0010538841474404068
806	370.0963170783449	0.0022723297969867323
807	370.35824626567836	0.0038558364003249404
808	370.62020514810155	0.006171515113832064
809	370.8821937012431	0.0046013218098536176
810	371.14421190073176	0.0028593561970190213
811	371.40625972219607	0.001878476963328045
812	371.6683371412648	7.73948065351149e-05
813	371.9304441335664	0.0008299847913029444
814	372.1925806747297	-0.003379292271287566
815	372.45474674038326	0.00040331639897485784
816	372.7169423061558	0.0009006550941540376
817	372.9791673476758	-0.002481830070997369
818	373.2414218405721	-0.0010442449976927042
819	373.50370576047317	0.0013138147421972
820	373.7660190830078	-0.0011081385231449942
821	374.0283617838046	0.002019198220580418
822	374.2907338384921	0.0019466762948822324
823	374.5531352226991	-0.0002964548466419391
824	374.8155659120542	0.0004178969271733386
825	375.078025882186	0.0014751579645088547
826	375.34051510872314	0.0013067591038918793
827	375.60303356729435	0.0032576450321189702
828	375.86558123352813	0.0018148093778081265
829	376.12815808305334	0.0009698146015079292
830	376.39076409149845	-3.6637600414345366e-05
831	376.6533992344921	0.0014471566231217523
832	376.9160634876631	0.0003545903489138159
833	377.17875682663987	0.000792790168163231
834	377.4414792270512	-0.0024573410702732872
835	377.70423066452577	-0.0008851588041833519
836	377.9670111146922	-0.0004926536781687022
837	378.229820553179	0.0009255128575092297
838	378.49265895561496	0.0025461280920491634
839	378.75552629762865	0.0006268680183312684
840	379.01842255484877	0.001941331023688617
841	379.2813477029039	0.0014324602249779785
842	379.54430171742274	-0.0010121535401615006
843	379.80728457403393	-0.0006710705847509353
844	380.07029624836605	0.00022354274812402515
845	380.3333367160479	0.00141373100569713
846	380.596405952708	0.000463583908903659
847	380.85950393397496	0.0017320975468728306
848	381.12263063547755	0.0009573562368218012
849	381.3857860328443	-0.0010440023785568651
850	381.64897010170387	0.00035895571533261497
851	381.912182817685	0.0035717711624069504
852	382.1754241564163	0.0020465843193881363
853	382.4386940935263	0.0008628739052222458
854	382.7019926046438	-0.0010095927566426848
855	382.9653196653974	0.0011309282111445704
856	383.22867525141567	0.0005871944496113352
857	383.4920593383273	0.0008296944040258377
858	383.755471901761	-0.0007015134818328076
859	384.01891291734535	0.0006069378138012444
860	384.282382360709	0.0019011731136015157
861	384.54588020748054	0.0009095475498844888
862	384.8094064332887	-0.0009822043569284802
863	385.07296101376215	0.0007893072793667879
864	385.33654392452945	-0.000838063881536419
865	385.6001551412193	0.0014496746442179591
866	385.86379463946037	0.0013094768288299018
867	386.1274623948812	0.00045735518525014335
868	386.3911583831105	-3.914594715159715e-05
869	386.65488257977694	-0.00089462450219948
870	386.91863496050905	0.0008045421523204268
871	387.1824155009357	-1.3941273693882615e-05
872	387.4462241766853	-0.00023804117837178743
873	387.7100609633866	0.000612199690882954
874	387.9739258366683	-0.0009460445831233387
875	388.2378187721589	8.648558672288281e-05
876	388.50173974548716	0.0004461071784324761
877	388.7656887322817	0.0007084488579973134
878	389.02966570817114	0.0013241915544478476
879	389.2936706487842	0.0015530325263152372
880	389.5577035297494	-0.00041224383143074377
881	389.8217643266955	0.00045506390327937395
882	390.085853015251	0.0012704036227474571
883	390.34996957104477	0.002160453262556128
884	390.6141139697053	0.000937550991146177
885	390.8782861868612	-0.0002776903627113641
886	391.1424861981412	-0.0010709439230989362
887	391.406713979174	-0.00013832533677295188
888	391.6709695055881	-0.0007536923008491531
889	391.9352527530122	-0.00025626521906348685
890	392.19956369707495	0.0005495437014634392
891	392.4639023134051	0.0007060852936121246
892	392.72826857763107	-0.00031987177685975036
893	392.9926624653817	0.00026547834273818287
894	393.2570839522856	0.0006742999883263137
895	393.52153301397135	0.0003442912593012064
896	393.78600962606765	-0.00018331511368322676
897	394.0505137642031	-0.0006242042798843728
898	394.31504540400636	6.315598492409678e-05
899	394.57960452110615	-0.00010832510468798207
900	394.844191091131	-0.002039201721419249
901	395.10880508970956	0.00017707261679884064
902	395.3734464924706	0.0009632935173246094
903	395.63811527504265	0.0006524452156614923
904	395.9028114130544	0.00138954234639469
905	396.1675348821345	0.0006801598251250092
906	396.4322856579115	-0.001350417691727768
907	396.6970637160142	6.044771387442825e-05
908	396.96186903207115	0.0012692024157252447
909	397.22670158171104	0.0009105738576231379
910	397.4915613405625	0.0001608206626886148
911	397.75644828425413	0.0006395328121428252
912	398.0213623884146	6.893934719547122e-05
913	398.2863036286726	0.00038968677303180847
914	398.55127198065674	0.00021080327834946053
915	398.81626741999565	-0.0006590319010541285
916	399.081289922318	-0.0007053951058988497
917	399.34633946325243	-0.0005072788035987864
918	399.6114160184276	-0.000636583851830989
919	399.87651956347213	0.0004602594354114883
920	400.1416500740146	-0.00018985588740179447
921	400.4068075256838	-0.0007449088390318621
922	400.6719918941083	-0.0004613396930054606
923	400.9372031549168	0.00019958665270646946
924	401.2024412837378	0.00022682587007431245
925	401.4677062562	-0.00010073633964326287
926	401.7329980479322	-0.0010590596301160477
927	401.9983166345629	-0.0018842300425521402
928	402.2636619917207	-0.0010881371378095275
929	402.5290340950344	-0.0014595251788407327
930	402.7944329201325	-0.0008037010853442833
931	403.05985844264376	-0.00041081233752154325
932	403.3253106381968	0.0002501280619814877
933	403.5907894824202	0.0005129637192534359
934	403.8562949509426	-0.000284339627884482
935	404.12182701939275	0.0012153610030195047
936	404.3873856633992	0.0009198278249677957
937	404.65297085859066	0.000737347601246077
938	404.91858258059574	0.0012075762151503174
939	405.1842208050431	0.0007580178451397687
940	405.44988550756136	0.0011696427361369368
941	405.71557666377913	0.0009201446900645482
942	405.9812942493252	0.0007955839167598094
943	406.24703823982804	5.191635497445732e-05
944	406.5128086109164	0.0009123024079301977
945	406.7786053382189	0.0011374404449420615
946	407.0444283973642	0.00013172402071104893
947	407.3102777639809	0.0008666852583211889
948	407.5761534136977	0.001247041196974506
949	407.8420553221432	0.0020151087045723252
950	408.1079834649461	0.0019002327095165596
951	408.37393781773494	0.0008986092605552717
952	408.63991835613854	0.0003600021669771655
953	408.90592505578536	0.0005193092637628422
954	409.1719578923042	0.00017002062202084878
955	409.4380168413236	-0.0006317107279620302
956	409.70410187847216	-0.0013114168534596056
957	409.97021297937874	1.3809058014035893e-05
958	410.2363501196717	-0.00041526120909105534
959	410.50251327497995	-0.00024036323155997514
960	410.76870242093196	0.00010150258976770587
961	411.03491753315643	0.000614735233324296
962	411.3011585872821	0.0011714519852779747
963	411.5674255589374	0.0005413910061517657
964	411.8337184237512	-0.0002952526160060866
965	412.10003715735184	-0.000692497869405677
966	412.36638173536835	-0.0004743104338993231
967	412.63275213342916	0.0005033572117143078
968	412.89914832716295	0.0002095372107160172
969	413.16557029219837	0.0004944703890070123
970	413.4320180041641	0.0014483971703703113
971	413.6984914386887	0.0007259542218134422
972	413.9649905714008	-0.00046150586168295683
973	414.2315153779291	-0.0005616261566403179
974	414.4980658339024	-0.000144265943752055
975	414.76464191494904	-0.00011940682292842838
976	415.0312435966979	0.0012298282843364481
977	415.2978708547775	0.002357144929945385
978	415.56452366481653	0.0018961549363923145
979	415.83120200244366	0.0024759532151799636
980	416.09790584328744	0.0011990671838733604
981	416.3646351629767	-0.0004952616428431419
982	416.6313899371399	-0.0005905853483571368
983	416.8981701414058	-0.0003458656533141362
984	417.16497575140295	0.0008227110654937539
985	417.43180674276005	2.5431748745332466e-05
986	417.6986630911058	-0.00023810723621383667
987	417.9655447720687	-0.0002863229728507356
988	418.2324517612775	-0.0002758589119844861
989	418.4993840343609	0.0005564218051658499
990	418.7663415669474	-0.00017057089288711807
991	419.0333243346657	-0.0007499994768494504
992	419.3003323131445	-0.001307482343893245
993	419.5673654780124	-0.0008978453277702428
994	419.83442380489805	-0.000982223342887416
995	420.1015072694301	-0.0006630378326746814
996	420.3686158472372	-0.00023520005624673998
997	420.6357495139479	-0.0003510406239596799
998	420.9029082451911	4.2995816064604446e-05
999	421.17009201659516	-0.0004462743414110843
1000	421.43730080378884	0.00012081540191877585
1001	421.7045345824008	0.0005108256773262284
1002	421.9717933280597	0.0005646761020725258
1003	422.23907701639416	0.0004906500264259778
1004	422.50638562303277	0.0004085645614887029
1005	422.7737191236043	-0.0003298844747994041
1006	423.04107749373725	-0.0012073128405948592
1007	423.30846070906034	-0.00048157206315458225
1008	423.57586874520223	-0.00012062505940830127
1009	423.84330157779164	-0.00015291907326944396
1010	424.11075918245695	-0.000238343976994803
1011	424.37824153482717	-1.7374468290876684e-05
1012	424.64574861053063	3.3902413924248326e-05
1013	424.9132803851961	-6.37274528131177e-05
1014	425.1808368344523	0.0007880131109501884
1015	425.4484179339277	0.0011837278879861038
1016	425.7160236592511	0.0016653290445639915
1017	425.9836539860511	0.0010647502650333322
1018	426.2513088899563	0.0009148955795653668
1019	426.5189883465954	0.0007122099042167272
1020	426.786692331597	0.0005229973497134846
1021	427.0544208205897	0.00018966732301252268
1022	427.32217378920234	0.00040609994293140834
1023	427.5899512130635	0.0006263608271135923
1024	427.8577530678016	0.0010712657731449292
1025	428.12557932904554	4.55634247679749e-05
1026	428.39342997242386	-0.0005689122918380251
1027	428.66130497356517	-7.50837026189605e-05
1028	428.9292043080982	-0.000275166322322256
1029	429.1971279516516	-0.00024969267204026386
1030	429.4650758798539	-0.00039441046596803584
1031	429.7330480683338	-0.0003092391075132355
1032	430.0010444927201	2.9904875440142555e-05
1033	430.26906512864116	0.0002089460919787612
1034	430.5371099517258	-0.00014065977947149387
1035	430.8051789376028	-0.0003900970065489795
1036	431.0732720619005	-0.00035603313506451335
1037	431.3413893002478	0.00040446439956992293
1038	431.6095306282731	0.0007505095624458879
1039	431.8776960216053	0.00044139554500421344
1040	432.1458854558729	0.0005813893089454802
1041	432.41409890670445	0.0012743971922978704
1042	432.68233634972887	0.0005540638186767146
1043	432.9505977605746	0.0002865080215145497
1044	433.2188831148703	0.00024445621329379765
1045	433.4871923882447	0.0011932857816369805
1046	433.75552555632635	0.0017596211642608322
1047	434.0238825947439	0.0012449662183679306
1048	434.2922634791262	0.0011047712478128718
1049	434.5606681851016	0.00012260755309312713
1050	434.82909668829893	-5.888767574548396e-05
1051	435.09754896434674	-0.0006493517672506027
1052	435.36602498887373	-0.0008291999925737754
1053	435.6345247375086	-0.0008464564820183907
1054	435.9030481858799	-0.0023548852377075244
1055	436.17159530961624	-0.0030622449862381033
1056	436.4401660843464	-0.0028647606972678516
1057	436.7087604856989	-0.0023266615994155812
1058	436.9773784893025	-0.0011031285965086945
1059	437.2460200707857	-0.0013427188919258905
1060	437.51468520577725	-0.0011314802626259664
1061	437.78337386990586	-0.00025666525163769863
1062	438.0520860388001	0.00018831094331553085
1063	438.3208216880885	0.0002877240340122757
1064	438.5895807933998	0.0010882339856467375
1065	438.85836333036275	0.001061709905584604
1066	439.12716927460576	-0.00022375300048811143
1067	439.3959986017577	-0.0008317252488208916
1068	439.66485128744716	-0.0010444921526286733
1069	439.9337273073028	-0.0005779136506315202
1070	440.202626636953	-0.0006552983250557418
1071	440.4715492520269	9.076651196766612e-05
1072	440.7404951281527	-7.874100623242973e-05
1073	441.00946424095923	0.00014779283190884595
1074	441.2784565660752	0.001104654715351303
1075	441.5474720791291	0.0010357946631661622
1076	441.8165107557496	0.0005006296822985443
1077	442.08557257156554	0.0005829457711241581
1078	442.3546575022053	0.0011638925934235622
1079	442.6237655232977	0.000967809653584035
1080	442.8928966104713	0.0005255272994629983
1081	443.16205073935487	-5.042459872807263e-05
1082	443.43122788557696	-0.00040966486816336727
1083	443.7004280247661	-0.00010916405501355938
1084	443.9696511325511	0.0004235893709221847
1085	444.2388971845605	0.0009104143555287835
1086	444.50816615642316	0.0009241321377367532
1087	444.7774580237674	0.0007290532549628337
1088	445.0467727622221	0.0013015482359004203
1089	445.3161103474158	0.001627684161675191
1090	445.5854707549772	0.001468808106509433
1091	445.854853960535	0.0018391257288490792
1092	446.1242599397177	0.0007305609131518596
1093	446.393688668154	-0.0001652311998832502
1094	446.6631401214727	0.0008645883199564536
1095	446.93261427530217	0.001343073800807248
1096	447.20211110527123	0.001078899770036286
1097	447.4716305870086	0.0005013057798908703
1098	447.7411726961426	0.0009034216867226013
1099	448.01073740830225	0.0008246512037483411
1100	448.2803246991159	0.0017329326556093957
1101	448.5499345442124	0.0016273065629671376
1102	448.8195669192204	0.0003504772272260948
1103	449.0892217997683	-0.0008736727096366696
1104	449.35889916148506	-0.0009946799889624493
1105	449.6285989799992	-0.0010776719474603473
1106	449.89832123093925	-0.0013704450572626756
1107	450.1680658899339	-0.0013996721652134968
1108	450.43783293261197	-0.0015850051077255273
1109	450.70762233460187	-0.001117166774155894
1110	450.97743407153246	-0.0017175046171339979
1111	451.24726811903224	-0.001625537122198332
1112	451.51712445272995	-0.000941816468836502
1113	451.78700304825406	-0.0006791966429710063
1114	452.0569038812333	0.00044975768454969456
1115	452.32682692729657	-2.641705041963021e-05
1116	452.59677216207206	-0.0008677202935317243
1117	452.86673956118875	-0.0005907335494266569
1118	453.13672910027526	-0.0002322939978646357
1119	453.4067407549601	-5.201409806760652e-05
1120	453.67677450087194	-0.00048022657623615975
1121	453.94683031363945	-0.0005581530995743562
1122	454.21690816889134	-0.0005643070427828849
1123	454.4870080422562	-0.0006100576348887729
1124	454.7571299093627	0.00017524059291666944
1125	455.02727374583947	8.82791557531206e-05
1126	455.2974395273151	1.7468628612122075e-05
1127	455.56762722941824	-0.0004111002621716565
1128	455.83783682777766	-0.0012223830411599054
1129	456.10806829802186	-0.0017831843465268985
1130	456.37832161577956	-0.0009448081018953221
1131	456.64859675667935	-0.0005984087837722588
1132	456.91889369635	-0.0009861198542455373
1133	457.18921241042005	-0.0008756598769147188
1134	457.4595528745182	-0.0009738219681493508
1135	457.729915064273	-0.0009289452769794412
1136	458.00029895531316	-0.0008922813016611947
1137	458.27070452326734	-0.001549434824774628
1138	458.54113174376414	-0.003000114668947948
1139	458.8115805924323	-0.0032977523244681005
1140	459.08205104490037	-0.0032117023446362357
1141	459.352543076797	-0.0024234205206369783
1142	459.62305666375096	-0.0018395127237301229
1143	459.89359178139057	-0.0003743797483017142
1144	460.1641484053449	-4.120050535915375e-05
1145	460.4347265112424	-0.00027568362770767196
1146	460.7053260747116	-0.0009999198136335609
1147	460.97594707138126	-0.001396983034861467
1148	461.24658947688	-0.0014129934221851397
1149	461.51725326683663	-0.0011492466954603668
1150	461.78793841687957	-0.0008270258648895826
1151	462.0586449026375	-0.00048648562159049917
1152	462.3293726997391	-0.0002399140788303983
1153	462.60012178381305	0.00031790793618295893
1154	462.87089213048796	0.0011915161330150943
1155	463.14168371539256	0.0006980266500735853
1156	463.41249651415535	-0.0002679040451812227
1157	463.68333050240506	-0.00019300137710001
1158	463.9541856557704	-0.0012524709798843402
1159	464.2250619498798	-0.0015810804039141351
1160	464.4959593603621	-0.0013721539798466189
1161	464.76687786284594	-0.00138099884801731
1162	465.03781743295986	-0.0010910010082498672
1163	465.30877804633246	-0.0013008725684705595
1164	465.5797596785926	-0.001360736124769836
1165	465.8507623053688	-0.0013397517623723629
1166	466.1217859022896	-0.0012271404945018694
1167	466.39283044498393	-0.0011281688508898218
1168	466.6638959090802	-0.0004536525897572072
1169	466.934982270207	0.0001096904409381488
1170	467.2060895039932	0.0006833844936583633
1171	467.47721758606735	-5.884388633284592e-05
1172	467.74836649205804	-0.000491617731496025
1173	468.019536197594	-0.0011095837511861375
1174	468.2907266783038	-0.001678554399696221
1175	468.56193790981615	-0.001091128078573437
1176	468.8331698677596	-0.0010006724539353327
1177	469.10442252776295	-0.00014920945356553276
1178	469.37569586545465	0.0007193863462139345
1179	469.6469898564635	0.0004326501336175087
1180	469.91830447641803	0.0004928496304361487
1181	470.18963970094705	6.01627400255802e-05
1182	470.4609955056791	0.0005282965252957784
1183	470.73237186624283	-9.328285423284254e-06
1184	471.0037687582668	-0.0009569828297954289
1185	471.2751861573797	-0.0010174350873204535
1186	471.5466240392104	-0.0007006353718087355
1187	471.8180823793872	-0.0018676497313275873
1188	472.08956115353897	-0.002384305694759657
1189	472.36106033729425	-0.0016947544611188164
1190	472.63257990628176	-0.0006522928347470315
1191	472.9041198361301	-0.0008949720257404002
1192	473.17568010246794	-0.001582395204959711
1193	473.4472606809238	-0.0016556364740977375
1194	473.7188615471266	-0.0012641287330852052
1195	473.9904826767047	-0.0011103139712058123
1196	474.2621240452869	-0.00046636413532969616
1197	474.53378562850185	0.00026435709661914303
1198	474.80546740197815	0.0008560807455900857
1199	475.0771693413444	0.0001987312486970384
1200	475.34889142222926	-0.0007685708929748448
1201	475.6206336202615	-0.0006311337430267251
1202	475.8923959110697	0.00015231438448251762
1203	476.1641782702824	-0.00026949762524365855
1204	476.4359806735283	0.00013800496063420212
1205	476.7078030964361	0.0007581833934870771
1206	476.9796455146345	0.0008439063300243088
1207	477.251507903752	-0.0002801878741944975
1208	477.52339023941727	-0.0006049210435635903
1209	477.7952924972591	-0.001328951465119142
1210	478.0672146529058	-0.0015405124749990587
1211	478.33915668198654	-0.001091925146548366
1212	478.6111185601295	-0.0013598491913801216
1213	478.88310026296347	-0.001988008989524606
1214	479.15510176611724	-0.0011586208607589745
1215	479.4271230452191	0.000807727349074314
1216	479.6991640758981	0.0009832656052031303
1217	479.9712248337827	-0.0003581934643526923
1218	480.2433052945016	-0.0008118518983521068
1219	480.5154054336833	-0.0004001335012901201
1220	480.78752522695663	-0.0005024117266133575
1221	481.05966464995015	-0.0011010897275743935
1222	481.3318236782925	-0.002256967737485819
1223	481.6040022876123	-0.0030034867960070794
1224	481.8762004535382	-0.002724957768291842
1225	482.14841815169893	-0.0014707489009199541
1226	482.42065535772304	-0.00042533314822520984
1227	482.69291204723925	-0.0004878286416748253
1228	482.9651881958762	-0.0013896107484705853
1229	483.23748377926245	-0.0024558332398188997
1230	483.50979877302666	-0.002922421078745735
1231	483.78213315279754	-0.00307890214869309
1232	484.0544868942037	-0.004098384323192232
1233	484.3268599728739	-0.004832522330959117
1234	484.59925236443655	-0.004600159273152847
1235	484.87166404452046	-0.003589871546286114
1236	485.1440949887542	-0.0032757577412648536
1237	485.4165451727665	-0.0030880519216030617
1238	485.689014572186	-0.0023665788573906943
1239	485.9615031626413	-0.0015729627963510452
1240	486.2340109197611	-0.0008762130520707703
1241	486.5065378191739	-0.00040890909098868083
1242	486.77908383650845	0.00018526592234302443
1243	487.05164894739335	0.0003723117053254423
1244	487.3242331274573	0.00047125832667113503
1245	487.596836352329	0.0011610348242920218
1246	487.86945859763694	0.0018789320464340214
1247	488.1420998390098	0.001066027420914239
1248	488.4147600520764	-0.0004773345247567149
1249	488.6874392124653	-0.001144147430615044
1250	488.9601372958049	-0.0005437646628617615
1251	489.2328542777242	-0.00012615811074488236
1252	489.5055901338517	-0.0010522796689190215
1253	489.7783448398159	-0.0011644199095673848
1254	490.0511183712457	-0.0006198278965394094
1255	490.32391070376957	-0.00124644719231272
1256	490.5967218130162	-0.002531685775150114
1257	490.8695516746143	-0.003387162405352664
1258	491.1424002641925	-0.0034582597510506596
1259	491.41526755737925	-0.0022757290419923217
1260	491.68815352980346	-0.0012470562782701871
1261	491.9610581570937	0.0003154801615450854
1262	492.2339814148785	0.0011283278340024792
1263	492.50692327878664	-9.929612579481772e-05
1264	492.77988372444656	-0.0011282962021973405
1265	493.0528627274873	-0.0011879620327229145
1266	493.32586026353715	-0.0010169307795155702
1267	493.5988763082248	-0.0023017532297005382
1268	493.87191083717903	-0.0035143394734055864
1269	494.1449638260285	-0.003200945923694103
1270	494.41803525040166	-0.0022771636709826406
1271	494.6911250859274	-0.001254061956283805
1272	494.96423330823404	-0.0008991608502040638
1273	495.2373598929506	-0.001287816925865512
1274	495.5105048157054	-0.0009530821750734432
1275	495.78366805212727	-0.0012427140324930861
1276	496.0568495778449	-0.0011423037496857604
1277	496.3300493684868	-0.0015415420482198022
1278	496.6032673996816	-0.0019205985554592887
1279	496.87650364705803	-0.001784894346647331
1280	497.1497580862448	-0.000657139028414612
1281	497.4230306928704	-0.0006883751388775524
1282	497.69632144256354	-0.00140345340157265
1283	497.9696303109529	-0.0023292236122771197
1284	498.2429572736671	-0.0029970761281049637
1285	498.51630230633475	-0.0026430877112056713
1286	498.7896653845845	-0.0021418818337782764
1287	499.0630464840451	-0.001815305622894399
1288	499.33644558034507	-0.0017699820715099237
1289	499.6098626491131	-0.001970792940511363
1290	499.8832976659779	-0.0017155696842346578
1291	500.1567506065679	-0.0016505006707165032
1292	500.43022144651206	-0.0019294969532116105
1293	500.70371016143883	-0.0010680463888918038
1294	500.97721672697685	-0.0010185574606086248
1295	501.2507411187547	-0.002138082157704238
1296	501.5242833124013	-0.0024053682568932937
1297	501.79784328354503	-0.00283624194790953
1298	502.0714210078146	-0.002770529075970418
1299	502.3450164608388	-0.0024266781370810755
1300	502.618629618246	-0.0016588900954095402
1301	502.8922604556651	-0.0019005483109004974
1302	503.1659089487247	-0.002582535535761534
1303	503.4395750730532	-0.0024957061320125947
1304	503.7132588042796	-0.0020264945042900045
1305	503.98696011803236	-0.0015842574953200497
1306	504.2606789899402	-0.0010205216906544775
1307	504.53441539563164	-0.0010031227955978553
1308	504.80816931073537	-0.0011913471214704992
1309	505.0819407108801	-0.0019619483713797293
1310	505.3557295716944	-0.0030507307783471634
1311	505.629535868807	-0.0031252872189110343
1312	505.90335957784646	-0.003213590465193708
1313	506.17720067444145	-0.0022672730675274803
1314	506.4510591342207	-0.0014888136344128498
1315	506.72493493281274	-0.001714887156035668
1316	506.99882804584627	-0.002750796051981321
1317	507.27273844895	-0.003419076163399641
1318	507.54666611775235	-0.002539987529441569
1319	507.82061102788225	-0.002150912388759101
1320	508.0945731549681	-0.00200423264777387
1321	508.3685524746387	-0.000754256047321683
1322	508.6425489625226	-0.0010561470236262133
1323	508.9165625942486	-0.0014280632491592317
1324	509.1905933454452	-0.002512300822808013
1325	509.46464119174107	-0.00415944455921132
1326	509.73870610876486	-0.0039341641169162245
1327	510.0127880721452	-0.0032415991842290643
1328	510.28688705751085	-0.00305765049026377
1329	510.5610030404903	-0.0029607133913998754
1330	510.8351359967122	-0.0036247542612398175
1331	511.10928590180526	-0.004018368665038274
1332	511.3834527313983	-0.004112023006267521
1333	511.65763646111964	-0.0038229016016429877
1334	511.93183706659806	-0.00423133587247085
1335	512.2060545234623	-0.004276285210992583
1336	512.4802888073409	-0.0038428121965325365
1337	512.7545398938624	-0.0037472650149692846
1338	513.0288077586557	-0.004360319370122278
1339	513.3030923773493	-0.004165037943059368
1340	513.5773937255719	-0.003907224666260929
1341	513.8517117789521	-0.002537284487808122
1342	514.1260465131185	-0.002393553439881774
1343	514.4003979036997	-0.00295666674212922
1344	514.6747659263247	-0.004269789882516247
1345	514.9491505566216	-0.004491607018461021
1346	515.2235517702196	-0.002984916577527616
1347	515.4979695427469	-0.0016888593105264908
1348	515.7724038498324	-0.0010497244660506774
1349	516.0468546671046	-0.0007113330507104139
1350	516.3213219701922	-0.0011056838884578564
1351	516.595805734724	-0.002797599225103067
1352	516.8703059363284	-0.004179863163189295
1353	517.1448225506341	-0.0042910889554886415
1354	517.4193555532698	-0.0036438696945073784
1355	517.6939049198643	-0.0031531832917192637
1356	517.9684706260459	-0.0036008689759908447
1357	518.2430526474436	-0.003402250475372326
1358	518.5176509596857	-0.003410877589709343
1359	518.7922655384011	-0.0030712037059741734
1360	519.0668963592184	-0.0030269509847623897
1361	519.3415433977661	-0.002021639573805873
1362	519.6162066296731	-0.0018622949550726698
1363	519.8908860305678	-0.0025926334122479203
1364	520.1655815760789	-0.002989836732662717
1365	520.4402932418352	-0.0036057320042658294
1366	520.7150210034653	-0.003892426884008724
1367	520.9897648365976	-0.003417506910195665
1368	521.264524716861	-0.0032913631833935324
1369	521.5393006198841	-0.0034237363549130375
1370	521.8140925212955	-0.00426485708210244
1371	522.0889003967238	-0.004171632587341928
1372	522.3637242217977	-0.0045719258323171676
1373	522.638563972146	-0.004163991751151243
1374	522.913419623397	-0.004616947553537358
1375	523.1882911511797	-0.003691323596669596
1376	523.4631785311225	-0.0016749690539298286
1377	523.7380817388541	-0.0016175617799154404
1378	524.0130007500034	-0.0023383203458218677
1379	524.2879355401985	-0.00186253312689283
1380	524.5628860850686	-0.0010491610741114113
1381	524.837852360242	-0.001300550024482993
1382	525.1128343413475	-0.0019236481593871103
1383	525.3878320040136	-0.003010298970536115
1384	525.6628453238692	-0.00318765112016742
1385	525.9378742765426	-0.002386317049495994
1386	526.2129188376629	-0.0022483763645099464
1387	526.4879789828583	-0.0022413759018275513
1388	526.7630546877576	-0.001557002811558546
1389	527.0381459279896	-0.0017998437285524343
1390	527.3132526791828	-0.003078988019858111
1391	527.5883749169658	-0.004397847133840158
1392	527.8635126169673	-0.005122325301127997
1393	528.138665754816	-0.004915710142292561
1394	528.4138343061405	-0.003966436124822898
1395	528.6890182465694	-0.0032154003159450026
1396	528.9642175517314	-0.003048892379211922
1397	529.2394321972552	-0.0036706482735979168
1398	529.5146621587693	-0.004511304433987505
1399	529.7899074119024	-0.005115095159889305
1400	530.0651679322832	-0.005709627134767249
1401	530.3404436955403	-0.006541633918878305
1402	530.6157346773024	-0.005354874007412832
1403	530.8910408531981	-0.004517265807385271
1404	531.1663621988561	-0.0045668793284232645
1405	531.4416986899049	-0.0038892224455173
1406	531.7170503019732	-0.0037823505832593938
1407	531.9924170106899	-0.004655008893677266
1408	532.2677987916832	-0.005384831874356561
1409	532.5431956205821	-0.005132196755930593
1410	532.8186074730152	-0.004292723789701712
1411	533.0940343246108	-0.0037446178212451036
1412	533.3694761509979	-0.004208056010363736
1413	533.6449329278051	-0.00391103351107846
1414	533.9204046306611	-0.0038635263349752675
1415	534.1958912351944	-0.0035345523913950603
1416	534.4713927170337	-0.0043065784492345525
1417	534.7469090518075	-0.004529341907261713
1418	535.0224402151447	-0.0034614263295438138
1419	535.2979861826739	-0.0018886370925949333
1420	535.5735469300234	-0.0009104531735193403
1421	535.8491224328224	-0.000915417837181074
1422	536.124712666699	-0.0020992558438578616
1423	536.4003176072823	-0.0032298177563142775
1424	536.6759372302007	-0.00413796830344605
1425	536.9515715110829	-0.0039872795246807275
1426	537.2272204255576	-0.0028719643896682823
1427	537.5028839492533	-0.0026406126190704256
1428	537.7785620577987	-0.0037966997091223296
1429	538.0542547268226	-0.004782087160311253
1430	538.3299619319534	-0.005134317830512556
1431	538.6056836488199	-0.004640762940643375
1432	538.8814198530507	-0.0033797713888799375
1433	539.1571705202746	-0.0037919900396396382
1434	539.43293562612	-0.003805586576095501
1435	539.7087151462156	-0.0037159789945458528
1436	539.9845090561901	-0.003874160981340627
1437	540.2603173316722	-0.004595479105872848
1438	540.5361399482904	-0.004801007358707842
1439	540.8119768816736	-0.004920849034289824
1440	541.08782810745	-0.0050881328724521665
1441	541.3636936012488	-0.004715156175680037
1442	541.6395733386981	-0.004362047842435726
1443	541.915467295427	-0.005040070987949369
1444	542.1913754470639	-0.005779834551314634
1445	542.4672977692376	-0.006478899971085188
1446	542.7432342375765	-0.005973570644388241
1447	543.0191848277094	-0.0051634653500242465
1448	543.295149515265	-0.00455902043363529
1449	543.5711282758718	-0.004554376439177055
1450	543.8471210851586	-0.004243042295517178
1451	544.1231279187539	-0.0046046386570061685
1452	544.3991487522865	-0.0054565822437231135
1453	544.6751835613849	-0.006333210334809651
1454	544.9512323216778	-0.006575688907663834
1455	545.2272950087939	-0.006319864887994939
1456	545.5033715983617	-0.006657107270064914
1457	545.7794620660101	-0.006398895806212516
1458	546.0555663873674	-0.006499961244495237
1459	546.3316845380625	-0.0058148355834523515
1460	546.6078164937242	-0.005099425089020833
1461	546.8839622299806	-0.004384906048478529
1462	547.1601217224608	-0.0034575579565480834
1463	547.4362949467933	-0.0036207589065786814
1464	547.7124818786068	-0.004536675272331529
1465	547.9886824935298	-0.005513731236915356
1466	548.2648967671911	-0.0053374178486664346
1467	548.5411246752193	-0.005679155206554283
1468	548.8173661932431	-0.006018402297281437
1469	549.093621296891	-0.00668883813524391
1470	549.3698899617916	-0.006308058248367778
1471	549.6461721635739	-0.006327220343425158
1472	549.9224678778662	-0.0065139968695726285
1473	550.1987770802973	-0.0058887207309150985
1474	550.4750997464959	-0.005690489104885999
1475	550.7514358520903	-0.005844459973952907
1476	551.0277853727096	-0.0047812052113544775
1477	551.3041482839822	-0.004029131642113855
1478	551.5805245615368	-0.0037285506411626193
1479	551.8569141810019	-0.004641095174742093
1480	552.1333171180064	-0.005252886701111419
1481	552.4097333481789	-0.006090886048390722
1482	552.6861628471478	-0.006361550044589622
1483	552.962605590542	-0.0069203570427961904
1484	553.23906155399	-0.007516545541242652
1485	553.5155307131206	-0.0061155740722425005
1486	553.7920130435623	-0.005510576905163223
1487	554.0685085209439	-0.0051120398971317045
1488	554.3450171208938	-0.00567789165648983
1489	554.6215388190408	-0.006029902856423349
1490	554.8980735910135	-0.005499841579342362
1491	555.1746214124406	-0.005303699540598658
1492	555.4511822589508	-0.0050196715365830305
1493	555.7277561061726	-0.004746743698966607
1494	556.0043429297347	-0.003744187125114544
1495	556.2809427052657	-0.0030496752244893364
1496	556.5575554083945	-0.003490470054660699
1497	556.8341810147493	-0.0038637176018307636
1498	557.1108194999591	-0.003286343637085386
1499	557.3874708396526	-0.003008330487586683
1500	557.6641350094579	-0.0037233769716736474
1501	557.9408119850043	-0.004859327967047852
1502	558.2175017419202	-0.0041755704215585086
1503	558.4942042558341	-0.0038890128495097176
1504	558.7709195023748	-0.0042935727405063835
1505	559.0476474571709	-0.005634309845618619
1506	559.3243880958511	-0.005356882360317679
1507	559.6011413940439	-0.0045159994156149
1508	559.8779073273781	-0.004638222472893338
1509	560.1546858714822	-0.004950620599279237
1510	560.4314770019851	-0.005467019926790148
1511	560.7082806945151	-0.00592626467211833
1512	560.9850969247011	-0.005769528857266599
1513	561.2619256681718	-0.004301247985685835
1514	561.5387669005554	-0.00260862717121158
1515	561.8156205974811	-0.0021999540208017367
1516	562.0924867345773	-0.0033282916153466956
1517	562.3693652874725	-0.0031499486500848246
1518	562.6462562317956	-0.0032897705779069636
1519	562.9231595431752	-0.0032089560055651805
1520	563.2000751972397	-0.0027098825800171257
1521	563.4770031696181	-0.0019812539899763185
1522	563.7539434359388	-0.0024105542407721874
1523	564.0308959718305	-0.0028319842508962778
1524	564.3078607529219	-0.003963376475296536
1525	564.5848377548416	-0.00460414205656118
1526	564.8618269532183	-0.0048133549233286225
1527	565.1388283236805	-0.004775286444017219
1528	565.415841841857	-0.004037741178435703
1529	565.6928674833764	-0.004217413743144426
1530	565.9699052238673	-0.004616269325469534
1531	566.2469550389583	-0.004382807101077229
1532	566.5240169042783	-0.004435558144355192
1533	566.8010907954557	-0.0057714696120212666
1534	567.0781766881191	-0.007158926373577084
1535	567.3552745578974	-0.006796340620824508
1536	567.6323843804191	-0.00507913387612337
1537	567.9095061313128	-0.0033342838331668857
1538	568.1866397862073	-0.0036892584334116997
1539	568.4637853207308	-0.004283783322402838
1540	568.7409427105126	-0.004219435074736905
1541	569.018111931181	-0.0028418107727048196
1542	569.2952929583647	-0.00150781258164769
1543	569.5724857676922	-0.0008305997758562824
1544	569.8496903347924	-0.0013705348690644962
1545	570.1269066352936	-0.0018387989831835242
1546	570.4041346448248	-0.0020092471285928087
1547	570.6813743390145	-0.0017716285061517333
1548	570.9586256934914	-0.0012983675159833384
1549	571.235888683884	-0.0022202126940829483
1550	571.5131632858211	-0.003045282257928876
1551	571.7904494749312	-0.0027030533866259096
1552	572.067747226843	-0.0023289513995023783
1553	572.3450565171853	-0.0024110758139172968
1554	572.6223773215866	-0.0017803980196984147
1555	572.8997096156754	-0.0006252581143093303
1556	573.1770533750807	0.00043723622152263327
1557	573.4544085754309	0.0008115476558954934
1558	573.7317751923547	0.0009806959261261195
1559	574.0091532014807	0.00033010931115265776
1560	574.2865425784375	-0.0005233489250161399
1561	574.563943298854	-0.0002437694501452193
1562	574.8413553383587	0.00023090905583682785
1563	575.1187786725801	0.0005259048294310956
1564	575.3962132771469	-0.000445280224176935
1565	575.673659127688	-0.0020692743920944466
1566	575.9511161998317	-0.0019632531664927413
1567	576.2285844692069	-0.0027751923532164068
1568	576.5060639114422	-0.0031084926841418005
1569	576.7835545021661	-0.0025159579621648965
1570	577.0610562170074	-0.0007845610974351255
1571	577.3385690315946	-0.00024648839223382225
1572	577.6160929215565	0.0006896424242944571
1573	577.8936278625216	0.000642736717360399
1574	578.1711738301187	0.0002488956440156098
1575	578.4487307999764	0.0009609651340867211
1576	578.7262987477233	0.0014093079218120644
1577	579.0038776489879	0.00020651843928256447
1578	579.2814674793991	-0.0013073401795994106
1579	579.5590682145854	-0.0015414800579492396
1580	579.8366798301756	-0.0010268304078055006
1581	580.114302301798	-0.000554776801146609
1582	580.3919356050817	0.00036147061616656744
1583	580.6695797156551	-0.0003055098450265954
1584	580.9472346091468	-0.0007862487595326163
1585	581.2249002611856	-0.0004316198122112855
1586	581.5025766474	0.000738977206388396
1587	581.7802637434188	0.0018875821510945991
1588	582.0579615248704	0.0036078741885230492
1589	582.3356699673836	0.0035380628667390406
1590	582.6133890465871	0.003884707014119849
1591	582.8911187381095	0.00354210076243387
1592	583.1688590175795	0.0037235542181185506
1593	583.4466098606256	0.0035028221539425194
1594	583.7243712428766	0.004204161583619252
1595	584.0021431399608	0.004261409247395352
1596	584.2799255275073	0.003626523251200345
1597	584.5577183811447	0.004613456648515238
1598	584.8355216765013	0.005205834347472054
1599	585.1133353892061	0.0044861084434583125
1600	585.3911594948875	0.0032534616333277167
1601	585.6689939691742	0.002697371833581929
1602	585.9468387876949	0.0027701004096792265
1603	586.2246939260782	0.002527227905481505
1604	586.5025593599528	0.002978062726648513
1605	586.7804350649474	0.003344118898097193
1606	587.0583210166905	0.003402338102523843
1607	587.3362171908108	0.0036411635444149777
1608	587.6141235629369	0.004128892006273627
1609	587.8920401086975	0.004013623186335403
1610	588.1699668037213	0.003231907230624451
1611	588.447903623637	0.004050834678164017
1612	588.725850544073	0.004784657254894923
1613	589.003807540658	0.003262887471109043
1614	589.2817745890209	0.0005770472830344004
1615	589.55975166479	0.0011483660312090402
1616	589.8377387435943	0.0019148453220175126
1617	590.1157358010622	0.002411596977138439
1618	590.3937428128223	0.0027679975504776456
1619	590.6717597545035	0.0030085081016440456
1620	590.9497866017341	0.003388163276077152
1621	591.2278233301431	0.004177889173646898
1622	591.5058699153589	0.005107442666151115
1623	591.7839263330103	0.006232145050728635
1624	592.0619925587258	0.007730790677964568
1625	592.3400685681341	0.008615711935611385
1626	592.618154336864	0.008638181660181335
1627	592.896249840544	0.009228266632520077
1628	593.1743550548026	0.009827261371500274
1629	593.4524699552688	0.01009651965223264
1630	593.7305945175709	0.009573327472106909
1631	594.0087287173377	0.009334657686717943
1632	594.2868725301978	0.008464868342547291
1633	594.56502593178	0.007495327141281045
1634	594.8431888977128	0.007097773958213706
1635	595.1213614036249	0.006631968999745593
1636	595.3995434251448	0.006241305048126875
1637	595.6777349379013	0.00672342499417263
1638	595.9559359175231	0.008078370772373191
1639	596.2341463396386	0.010369383037423357
1640	596.5123661798767	0.011350579105043048
1641	596.790595413866	0.011685516170707191
1642	597.068834017235	0.011126946986338739
1643	597.3470819656123	0.009723247916009321
1644	597.625339234627	0.008702582658903698
1645	597.9036057999072	0.009997628936945826
1646	598.1818816370817	0.010289925753691679
1647	598.4601667217793	0.010057966241233212
1648	598.7384610296285	0.010731361357022576
1649	599.0167645362582	0.01131147444170831
1650	599.2950772172967	0.011338563942374327
1651	599.5733990483727	0.010885514558977197
1652	599.8517300051152	0.00961807220404841
1653	600.1300700631524	0.008986890859581435
1654	600.4084191981132	0.009069558664339847
1655	600.6867773856261	0.00986527242598028
1656	600.9651446013198	0.010607745135411635
1657	601.243520820823	0.01147317553373332
1658	601.5219060197644	0.012993105736979402
1659	601.8003001737725	0.013846574465794037
1660	602.078703258476	0.013542627137055327
1661	602.3571152495035	0.013954522656915531
1662	602.6355361224837	0.013264244580930038
1663	602.9139658530453	0.0116809959182134
1664	603.1924044168169	0.010667894461741462
1665	603.470851789427	0.010389747476863916
1666	603.7493079465045	0.010200049690242699
1667	604.0277728636778	0.010222906036140858
1668	604.3062465165756	0.010766975763616151
1669	604.5847288808268	0.011368411377982324
1670	604.8632199320598	0.013340451693533083
1671	605.1417196459032	0.01393849276548999
1672	605.4202279979858	0.015028027257694697
1673	605.6987449639362	0.015562332055171348
1674	605.977270519383	0.014301600712925584
1675	606.2558046399548	0.01384363519257182
1676	606.5343473012804	0.014062829746339389
1677	606.8128984789884	0.014897910412748124
1678	607.0914581487074	0.01530379171195376
1679	607.370026286066	0.015073230071516836
1680	607.648602866693	0.015515879042816925
1681	607.9271878662169	0.015258009848759573
1682	608.2057812602663	0.015521759763353512
1683	608.48438302447	0.016602027843325484
1684	608.7629931344566	0.016855006273884338
1685	609.0416115658547	0.01773186057176783
1686	609.3202382942931	0.01881286843368973
1687	609.5988732954002	0.01894908315741977
1688	609.8775165448047	0.018097720194487
1689	610.1561680181354	0.018640755153229466
1690	610.4348276910209	0.019847050942160282
1691	610.7134955390896	0.02110293403570895
1692	610.9921715379706	0.021416290247845287
1693	611.2708556632922	0.021134662597083676
1694	611.549547890683	0.020861776577415305
1695	611.828248195772	0.021826932428070305
1696	612.1069565541875	0.022477087357647495
1697	612.3856729415583	0.023108846909879525
1698	612.6643973335129	0.022493245149104734
1699	612.9431297056801	0.02227624121855005
1700	613.2218700336886	0.02277705344829883
1701	613.5006182931669	0.021630857540781468
1702	613.7793744597436	0.020817887442606015
1703	614.0581385090476	0.02024254503051402
1704	614.3369104167073	0.021291235944975347
1705	614.6156901583514	0.023196208234652266
1706	614.8944777096086	0.02501137799869578
1707	615.1732730461076	0.02589703821148944
1708	615.4520761434768	0.027212599307230682
1709	615.7308869773451	0.027596536322926073
1710	616.0097055233412	0.026935273880190357
1711	616.2885317570934	0.025499472273424525
1712	616.5673656542307	0.024387724744829767
1713	616.8462071903814	0.024147387493542012
1714	617.1250563411744	0.023676019025918392
1715	617.4039130822383	0.024077205724797834
1716	617.6827773892018	0.02446283264073466
1717	617.9616492376933	0.025436140171501448
1718	618.2405286033418	0.024656242672124143
1719	618.5194154617757	0.02434081244697417
1720	618.7983097886237	0.024964642796298706
1721	619.0772115595145	0.025552557569726044
1722	619.3561207500766	0.026693798929390285
1723	619.6350373359388	0.027294784328336985
1724	619.9139612927296	0.027880944000773417
1725	620.1928925960779	0.02802208871119499
1726	620.471831221612	0.028863683410150685
1727	620.7507771449608	0.030852249920244705
1728	621.0297303417528	0.030870143688615896
1729	621.3086907876168	0.029731965306421762
1730	621.5876584581814	0.02890828245040963
1731	621.8666333290751	0.028155251067516655
1732	622.1456153759267	0.029104106815183037
1733	622.4246045743648	0.030312393498000648
1734	622.7036009000179	0.030572714129493674
1735	622.982604328515	0.03162618199731903
1736	623.2616148354844	0.0316457477390419
1737	623.540632396555	0.03068517627934171
1738	623.8196569873552	0.030898956532984318
1739	624.0986885835138	0.031092264934095608
1740	624.3777271606593	0.03105612091195838
1741	624.6567726944206	0.03135418626975395
1742	624.9358251604261	0.03116916857037086
1743	625.2148845343046	0.029938898468123056
1744	625.4939507916847	0.029185701596286924
1745	625.773023908195	0.028661701135379237
1746	626.0521038594642	0.02910625345964428
1747	626.3311906211209	0.030805111319197602
1748	626.6102841687938	0.031076808205761634
1749	626.8893844781114	0.03300644992405352
1750	627.1684915247026	0.0347317785381322
1751	627.4476052841959	0.037183345003959554
1752	627.7267257322198	0.03851075457025372
1753	628.0058528444033	0.03883137276161427
1754	628.2849865963747	0.03972877677126127
1755	628.5641269637629	0.03993289394112355
1756	628.8432739221963	0.03899199095165639
1757	629.1224274473037	0.03888276992567999
1758	629.4015875147138	0.038803088073945606
1759	629.6807541000552	0.0366187102438409
1760	629.9599271789564	0.03659927770121205
1761	630.2391067270462	0.037997524910620875
1762	630.5182927199531	0.039021231323392636
1763	630.797485133306	0.039673178415647
1764	631.0766839427333	0.040175712512546875
1765	631.3558891238638	0.04189144480978513
1766	631.6351006523261	0.04449276265443817
1767	631.9143185037487	0.04590565667100476
1768	632.1935426537605	0.04582771431007459
1769	632.4727730779899	0.0447364997055331
1770	632.7520097520658	0.04345303773333345
1771	633.0312526516166	0.04306645345717676
1772	633.3105017522711	0.04175418639073823
1773	633.5897570296578	0.04012131032843243
1774	633.8690184594055	0.038933069931776886
1775	634.1482860171428	0.03876948604132384
1776	634.4275596784984	0.040135164834619624
1777	634.7068394191008	0.04222282227197493
1778	634.9861252145787	0.04249739808451494
1779	635.2654170405609	0.04206327393410852
1780	635.5447148726759	0.040736606631079496
1781	635.8240186865522	0.04119997256379795
1782	636.1033284578186	0.041840516100671014
1783	636.3826441621039	0.04218599363278133
1784	636.6619657750366	0.042629320426952035
1785	636.9412932722452	0.04431372594088663
1786	637.2206266293585	0.04383040853545479
1787	637.4999658220052	0.043466057805104534
1788	637.7793108258138	0.04327331522091907
1789	638.0586616164131	0.04292011051437359
1790	638.3380181694317	0.044538858815738366
1791	638.6173804604981	0.046714725930143614
1792	638.8967484652411	0.049507713920248074
1793	639.1761221592893	0.051712602531243636
1794	639.4555015182714	0.050858480856147296
1795	639.734886517816	0.04903970469977147
1796	640.0142771335516	0.04802679896025974
1797	640.293673341107	0.04822994413987221
1798	640.5730751161109	0.04863393355622741
1799	640.8524824341919	0.04945616159316342
1800	641.1318952709786	0.05003918802932344
1801	641.4113136020995	0.0499203331679178
1802	641.6907374031836	0.048237671548971836
1803	641.9701666498593	0.04706965881446129
1804	642.2496013177553	0.046809044278632715
1805	642.5290413825002	0.047731748517380296
1806	642.8084868197227	0.04905615784880116
1807	643.0879376050514	0.048756472728541195
1808	643.367393714115	0.04908027669181572
1809	643.6468551225421	0.050688163480890704
1810	643.9263218059615	0.05109687435586589
1811	644.2057937400016	0.05044578384314853
1812	644.4852709002911	0.04987222346505395
1813	644.7647532624587	0.048798793033520194
1814	645.0442408021332	0.0483386426987358
1815	645.323733494943	0.04916830990883858
1816	645.6032313165168	0.049175595287212326
1817	645.8827342424834	0.04951230423845582
1818	646.1622422484712	0.05063431896083519
1819	646.441755310109	0.050570326557228
1820	646.7212734030254	0.05033238180829271
1821	647.0007965028492	0.04972720798639705
1822	647.2803245852087	0.04965008169237994
1823	647.5598576257329	0.050020681901261334
1824	647.8393956000502	0.04981408954554776
1825	648.1189384837895	0.0495768746289199
1826	648.3984862525792	0.05100382124380164
1827	648.6780388820481	0.05215092879920311
1828	648.9575963478247	0.052606317672526035
1829	649.2371586255376	0.05218978702424458
1830	649.5167256908159	0.051900714027300156
1831	649.7962975192877	0.051382381316867995
1832	650.0758740865818	0.05249996076830112
1833	650.3554553683271	0.05497188980990261
1834	650.6350413401518	0.05632286138156703
1835	650.914631977685	0.05628737526995991
1836	651.1942272565551	0.05542288628230121
1837	651.4738271523906	0.055095804073970404
1838	651.7534316408206	0.054504234146471695
1839	652.0330406974733	0.05477263044842628
1840	652.3126542979776	0.05496992651414027
1841	652.592272417962	0.05445007737186595
1842	652.8718950330552	0.053201851482226906
1843	653.151522118886	0.05140292123660561
1844	653.4311536510828	0.05093277953072997
1845	653.7107896052743	0.05104194373955563
1846	653.9904299570893	0.051881690951314334
1847	654.2700746821563	0.05325730930120499
1848	654.549723756104	0.053491942107003476
1849	654.8293771545609	0.05326992646754704
1850	655.1090348531559	0.05314579314915587
1851	655.3886968275175	0.053980313658726894
1852	655.6683630532743	0.053957188302658075
1853	655.948033506055	0.053380614573337745
1854	656.2277081614884	0.053112419693283175
1855	656.5073869952029	0.05333453087298399
1856	656.7870699828272	0.05354009650499523
1857	657.06675709999	0.05345134994385241
1858	657.3464483223199	0.05320736168231452
1859	657.6261436254457	0.05268585040476113
1860	657.9058429849958	0.051537523870326486
1861	658.1855463765991	0.05179425225676297
1862	658.465253775884	0.05277678808824468
1863	658.7449651584792	0.05437279330494277
1864	659.0246805000136	0.05681626304857802
1865	659.3043997761156	0.0576398556467137
1866	659.5841229624137	0.05588110044012859
1867	659.863850034537	0.054530231818521166
1868	660.1435809681136	0.052510538708177325
1869	660.4233157387727	0.0508681282729323
1870	660.7030543221425	0.05096842958631586
1871	660.9827966938518	0.05181079150936687
1872	661.2625428295295	0.050895545116119593
1873	661.5422927048038	0.05095692299422087
1874	661.8220462953036	0.05182971731995872
1875	662.1018035766575	0.05301183359139396
1876	662.3815645244941	0.05310528108113968
1877	662.6613291144423	0.05294652898137216
1878	662.9410973221303	0.051984504143137204
1879	663.2208691231871	0.052159728177546195
1880	663.5006444932411	0.051169567798567614
1881	663.7804234079211	0.04944024619958671
1882	664.0602058428558	0.048475459150493366
1883	664.3399917736738	0.048464670235626096
1884	664.6197811760036	0.048268877444246655
1885	664.899574025474	0.04784437063891163
1886	665.1793702977136	0.04986330957801385
1887	665.4591699683509	0.05167638315458004
1888	665.7389730130149	0.05109367586873664
1889	666.0187794073339	0.04937878800074421
1890	666.2985891269367	0.048829707228350186
1891	666.5784021474519	0.04939860310066824
1892	666.8582184445082	0.04951656357999639
1893	667.1380379937343	0.04944445799905297
1894	667.4178607707587	0.05001273580502753
1895	667.69768675121	0.05062925227713573
1896	667.977515910717	0.050691723691302225
1897	668.2573482249082	0.050815470144625625
1898	668.5371836694126	0.049240821567423286
1899	668.8170222198584	0.049629339425261446
1900	669.0968638518744	0.05070248820480334
1901	669.3767085410893	0.052062449840884456
1902	669.6565562631317	0.05158882205511669
1903	669.9364069936304	0.05011459584475541
1904	670.2162607082138	0.04947469914320728
1905	670.4961173825106	0.04857917771611506
1906	670.7759769921496	0.04768210483738469
1907	671.0558395127592	0.04680243892935987
1908	671.3357049199684	0.04506826702249717
1909	671.6155731894055	0.0442177852655696
1910	671.8954442966993	0.04437020819406765
1911	672.1753182174784	0.04490014233045441
1912	672.4551949273715	0.044462494442320206
1913	672.7350744020073	0.044532823176854086
1914	673.0149566170143	0.04567566265011398
1915	673.294841548021	0.04705977069808296
1916	673.5747291706565	0.04851290079071925
1917	673.8546194605491	0.04951759571500051
1918	674.1345123933276	0.04831100114943429
1919	674.4144079446205	0.04831295415747989
1920	674.6943060900566	0.05000555662048006
1921	674.9742068052644	0.05146122990963713
1922	675.2541100658726	0.05083175036069277
1923	675.53401584751	0.048484920520597184
1924	675.813924125805	0.04529007120166492
1925	676.0938348763865	0.04417566194920378
1926	676.3737480748828	0.04274502712960076
1927	676.6536636969229	0.04217726684819608
1928	676.9335817181353	0.04265990171752214
1929	677.2135021141485	0.04174980721135694
1930	677.4934248605913	0.04065335340073577
1931	677.7733499330924	0.04059923259124205
1932	678.0532773072804	0.038953883448071686
1933	678.3332069587839	0.03713537444496038
1934	678.6131388632315	0.03635556269319518
1935	678.8930729962518	0.03657769713690097
1936	679.1730093334737	0.03755878545101361
1937	679.4529478505257	0.03803809694256154
1938	679.7328885230364	0.03846597298983336
1939	680.0128313266345	0.037003930894021306
1940	680.2927762369486	0.03586301348780441
1941	680.5727232296074	0.03598955546988741
1942	680.8526722802396	0.03686217279690713
1943	681.1326233644737	0.03723154769535452
1944	681.4125764579384	0.03669563710853257
1945	681.6925315362623	0.03567334111141805
1946	681.9724885750742	0.03575649703378321
1947	682.2524475500026	0.036602500063674076
1948	682.5324084366763	0.038194217359154806
1949	682.8123712107238	0.03988388204060129
1950	683.0923358477737	0.03968115922462366
1951	683.3723023234547	0.037803369917963923
1952	683.6522706133954	0.03566320244625102
1953	683.9322406932248	0.03533494211064189
1954	684.2122125385711	0.03425069683761198
1955	684.4921861250632	0.032692275323951886
1956	684.7721614283295	0.03196417070589589
1957	685.0521384239989	0.0328898229458376
1958	685.3321170876999	0.03349724891037349
1959	685.6120973950613	0.03233592459972995
1960	685.8920793217114	0.030695230289894522
1961	686.1720628432794	0.02863179593739357
1962	686.4520479353932	0.02756424939191033
1963	686.7320345736822	0.02777361205980086
1964	687.0120227337748	0.029319016783418493
1965	687.2920123912992	0.030722799400388624
1966	687.5720035218847	0.031180569161892675
1967	687.8519961011594	0.03253500643381661
1968	688.1319901047524	0.03379448326508447
1969	688.4119855082921	0.03380696525597867
1970	688.6919822874072	0.031800218430455704
1971	688.9719804177263	0.030473726878913573
1972	689.2519798748781	0.030118806833154384
1973	689.5319806344912	0.029108212101455047
1974	689.8119826721942	0.027713804192469604
1975	690.0919859636159	0.02771581549763337
1976	690.3719904843848	0.02854339182349795
1977	690.6519962101296	0.029016069226901305
1978	690.932003116479	0.02855196282849691
1979	691.2120111790616	0.027623250807690403
1980	691.492020373506	0.02830251468353016
1981	691.7720306754409	0.028800097393932092
1982	692.052042060495	0.028917970484652417
1983	692.3320545042967	0.02779306369010955
1984	692.6120679824749	0.026577162594725555
1985	692.8920824706581	0.02478545180033033
1986	693.1720979444751	0.02476664156938216
1987	693.4521143795545	0.0242583782659905
1988	693.7321317515248	0.023230715037698153
1989	694.0121500360148	0.022300983586559207
1990	694.292169208653	0.022235888764270004
1991	694.5721892450682	0.022630075143926006
1992	694.852210120889	0.024336912368033318
1993	695.132231811744	0.024659060365476965
1994	695.4122542932618	0.02517638570713088
1995	695.6922775410711	0.026483096816060363
1996	695.9723015308007	0.026578377316864184
1997	696.2523262380789	0.025869217967213753
1998	696.5323516385348	0.02527694148456738
1999	696.8123777077966	0.02422007029791462
2000	697.0924044214933	0.022428258022007652
2001	697.3724317552532	0.02043853524242579
2002	697.6524596847053	0.018039862859016667
2003	697.932488185478	0.016025410835731953
2004	698.2125172332	0.015884101226131854
2005	698.4925468035	0.015570220889051708
2006	698.7725768720065	0.015731311733365776
2007	699.0526074143484	0.015589166430446496
2008	699.3326384061542	0.01611210941371594
2009	699.6126698230524	0.016667993291673087
2010	699.8927016406719	0.017877154491748315
2011	700.1727338346412	0.01775628921575962
2012	700.4527663805891	0.015772915348483078
2013	700.7327992541439	0.01576716189264943
2014	701.0128324309346	0.017002302151139636
2015	701.2928658865898	0.017487902924291684
2016	701.5728995967379	0.018071057734343674
2017	701.8529335370077	0.017818452150219002
2018	702.132967683028	0.017530588295285008
2019	702.4130020104271	0.016789617323160283
2020	702.6930364948341	0.016604569004234175
2021	702.9730711118773	0.016172794328031526
2022	703.2531058371853	0.01726105889927066
2023	703.533140646387	0.018482596508372987
2024	703.8131755151109	0.017896756680133602
2025	704.0932104189857	0.017543253116600627
2026	704.3732453336398	0.0173344282713825
2027	704.6532802347023	0.018040652126246896
2028	704.9333150978015	0.018558005345753307
2029	705.2133498985661	0.017576310656967888
2030	705.4933846126249	0.016686423343144664
2031	705.7734192156064	0.01639752249365331
2032	706.0534536831393	0.01504079767770328
2033	706.3334879908522	0.013577818700874298
2034	706.6135221143738	0.012441622512309652
2035	706.8935560293327	0.012562754498759685
2036	707.1735897113575	0.013511637024010969
2037	707.453623136077	0.013734451118769461
2038	707.7336562791197	0.01358512193377655
2039	708.0136891161144	0.014615893351663991
2040	708.2937216226894	0.01524960697103953
2041	708.5737537744739	0.014625498885357448
2042	708.853785547096	0.013189305279527622
2043	709.1338169161846	0.01206677235849254
2044	709.4138478573684	0.011180493486545855
2045	709.693878346276	0.011537848039321893
2046	709.9739083585359	0.010416896663203317
2047	710.253937869777	0.009500896750223106
2048	710.5339668556278	0.010930607438627993
2049	710.8139952917168	0.011024897364379163
2050	711.0940231536729	0.008761908415118105
2051	711.3740504171246	0.0074385061490773625
2052	711.6540770577005	0.007044408910740749
2053	711.9341030510295	0.00817579491677604
2054	712.21412837274	0.009709911368773864
2055	712.4941529984609	0.012195501800729563
2056	712.7741769038204	0.012740872986600102
2057	713.0542000644475	0.012074389461404588
2058	713.3342224559708	0.00999708699319991
2059	713.6142440540189	0.009032963823056642
2060	713.8942648342203	0.00820714035435983
2061	714.1742847722039	0.00852231085984151
2062	714.4543038435983	0.008154909842780443
2063	714.734322024032	0.006221605366483578
2064	715.0143392891338	0.006539393848395483
2065	715.2943556145322	0.006171400320897247
2066	715.5743709758559	0.00566884384970695
2067	715.8543853487336	0.006024845141707629
2068	716.1343987087938	0.005771564853521045
2069	716.4144110316654	0.00640233247373822
2070	716.6944222929768	0.007406938151654755
2071	716.9744324683568	0.00702463223920828
2072	717.254441533434	0.00830200677512597
2073	717.5344494638371	0.008136492359865617
2074	717.8144562351945	0.007161687347217873
2075	718.0944618231351	0.006389859793729299
2076	718.3744662032875	0.006368670803732265
2077	718.6544693512803	0.00600690814837072
2078	718.9344712427421	0.006078611108389965
2079	719.2144718533017	0.005827527534469412
2080	719.4944711585877	0.005170831730891492
2081	719.7744691342285	0.0047340487688520925
2082	720.054465755853	0.004364521575384313
2083	720.3344609990899	0.0045148694731721745
2084	720.6144548395675	0.006437097488549544
2085	720.8944472529149	0.007137514351235198
2086	721.1744382147605	0.006919997406864758
2087	721.4544277007328	0.005745966529071616
2088	721.7344156864607	0.005333712521099255
2089	722.0144021475728	0.005234375894934942
2090	722.2943870596977	0.005317129400039693
2091	722.574370398464	0.003960919070222956
2092	722.8543521395004	0.004100415658249721
2093	723.1343322584355	0.0033466055822155586
2094	723.414310730898	0.0005789537007937027
2095	723.6942875325166	-0.0005995800793869663
2096	723.9742626389199	0.00013073790497915294
2097	724.2542360257363	0.0015154724135840944
2098	724.5342076685947	0.0028918375040368274
2099	724.8141775431238	0.004528301068283457
2100	725.0941456249523	0.00461016761340427
2101	725.3741118897084	0.003894860355856079
2102	725.6540763130213	0.002626701636216318
2103	725.9340388705192	0.001975444953573588
2104	726.213999537831	0.001519886099128136
2105	726.4939582905853	-0.0003769021261172366
2106	726.7739151044107	-0.0014131495804148107
2107	727.0538699549359	-0.002012265032359361
2108	727.3338228177894	-0.002738081837398763
2109	727.6137736686001	-0.0038872754622928827
2110	727.8937224829964	-0.002531607241058234
2111	728.173669236607	-0.001020500923887912
2112	728.4536139050607	-0.000567197107085326
2113	728.7335564639859	-0.0017655534128888347
2114	729.0134968890115	-0.0026841672304908828
2115	729.2934351557661	-0.0036564420705813856
2116	729.5733712398782	-0.003948214125390963
2117	729.8533051169765	-0.002969132240158493
2118	730.1332367626896	-0.001653435820080075
2119	730.4131661526463	-0.0008981837200853025
2120	730.6930932624751	-0.00031287801548607677
2121	730.9730180678048	0.0006675351674747939
2122	731.2529405442638	0.0005872590414800023
2123	731.532860667481	0.00033135838250035986
2124	731.8127784130849	-0.0009729503270254035
2125	732.0926937567042	-0.0017819106672824978
2126	732.3726066739674	-0.0025722091303402566
2127	732.6525171405034	-0.003279203947633363
2128	732.9324251319407	-0.0051256916843755015
2129	733.212330623908	-0.004906940177837786
2130	733.4922335920337	-0.004306324617486374
2131	733.7721340119468	-0.0037112861000927703
2132	734.0520318592758	-0.0018966482475983332
2133	734.3319271096493	-0.0009711330302955463
2134	734.611819738696	-0.0009516140299393391
2135	734.8917097220445	-0.0021802969064811106
2136	735.1715970353235	-0.003086123343561382
2137	735.4514816541617	-0.0041646345223641055
2138	735.7313635541876	-0.0035932461752606476
2139	736.0112427110299	-0.002572084643009268
2140	736.2911191003174	-0.0032176026614695466
2141	736.5709926976783	-0.0038072927660904926
2142	736.8508634787418	-0.003668118257256164
2143	737.1307314191362	-0.004454105565632701
2144	737.4105964944902	-0.005686067011656824
2145	737.6904586804325	-0.005976229507323624
2146	737.9703179525917	-0.005757972579179448
2147	738.2501742865966	-0.0048573957574046655
2148	738.5300276580756	-0.0029775064972001114
2149	738.8098780426574	-0.0012821030385929905
2150	739.0897254159709	-0.0003557987059456674
2151	739.3695697536444	-0.0010030602700694807
2152	739.6494110313067	-0.0021481804371315198
2153	739.9292492245864	-0.003170162654112534
2154	740.2090843091123	-0.00454924197353648
2155	740.488916260513	-0.007296668084959554
2156	740.768745054417	-0.0080452625317462
2157	741.0485706664529	-0.007204229984875525
2158	741.3283930722497	-0.007195894219150071
2159	741.6082122474356	-0.007640376039882304
2160	741.8880281676396	-0.0070922183716185935
2161	742.1678408084902	-0.006083281636425264
2162	742.4476501456159	-0.005838477124927459
2163	742.7274561546457	-0.006039518998935172
2164	743.0072588112077	-0.0049218643331012035
2165	743.2870580909313	-0.0045298338594885745
2166	743.5668539694444	-0.004726098017966142
2167	743.8466464223761	-0.004495814698940306
2168	744.126435425355	-0.0033993021554896375
2169	744.4062209540097	-0.0016817551451469015
2170	744.6860029839685	-0.0017624786720277577
2171	744.9657814908605	-0.0028561276909939677
2172	745.2455564503144	-0.004746655765574163
2173	745.5253278379585	-0.007408993580044475
2174	745.8050956294215	-0.00940001526875192
2175	746.0848598003323	-0.009258204282505947
2176	746.3646203263193	-0.008455615554449068
2177	746.6443771830111	-0.006638407875102274
2178	746.9241303460366	-0.00479315830251212
2179	747.2038797910244	-0.0047172449119990325
2180	747.483625493603	-0.004927320958764596
2181	747.763367429401	-0.004527410422094016
2182	748.0431055740473	-0.005474685690616434
2183	748.3228399031702	-0.006253224774195342
2184	748.6025703923987	-0.006427449906061793
2185	748.8822970173613	-0.006733496230152425
2186	749.1620197536865	-0.007159420437635288
2187	749.4417385770032	-0.006603750160251581
2188	749.72145346294	-0.007044753904267078
2189	750.0011643871252	-0.0075397894523000315
2190	750.2808713251878	-0.006276961941380744
2191	750.5605742527564	-0.005814435743658452
2192	750.8402731454597	-0.006542254095514137
2193	751.1199679789262	-0.007113429928846816
2194	751.3996587287845	-0.008787320238538064
2195	751.6793453706633	-0.009800884378860814
2196	751.9590278801915	-0.008125098706695366
2197	752.2387062329973	-0.007632653802911177
2198	752.5183804047095	-0.006879327929217978
2199	752.7980503709571	-0.008026211687921937
2200	753.0777161073684	-0.00933545987025872
2201	753.357377589572	-0.011111076312993707
2202	753.6370347931967	-0.010372564991909911
2203	753.9166876938712	-0.009448354732724672
2204	754.1963362672238	-0.010043558194471907
2205	754.4759804888837	-0.009972693958466693
2206	754.7556203344789	-0.010549872735324959
2207	755.0352557796386	-0.011764999980203163
2208	755.3148867999912	-0.012129545340573143
2209	755.5945133711654	-0.01162036945372405
2210	755.8741354687896	-0.00982297956781035
2211	756.1537530684928	-0.008579598928591682
2212	756.4333661459035	-0.00758813174930201
2213	756.7129746766504	-0.007305626167483337
2214	756.992578636362	-0.006930710739409284
2215	757.2721780006672	-0.005065547368662929
2216	757.5517727451944	-0.006020195220671963
2217	757.8313628455722	-0.008223142259410602
2218	758.1109482774295	-0.009385067993162372
2219	758.3905290163948	-0.009606718869577653
2220	758.6701050380967	-0.009107254003758267
2221	758.949676318164	-0.008529785855632896
2222	759.2292428322253	-0.009655101208472308
2223	759.5088045559091	-0.009534600871652425
2224	759.7883614648441	-0.010312095664594817
2225	760.0679135346592	-0.010411602548534519
2226	760.3474607409827	-0.011545749656085992
2227	760.6270030594433	-0.011539053399320653
2228	760.9065404656699	-0.011908896552082089
2229	761.1860729352908	-0.011302256245022301
2230	761.4656004439349	-0.010205570990965562
2231	761.7451229672307	-0.009782585162942718
2232	762.024640480807	-0.011537463982210274
2233	762.3041529602923	-0.012353495493949432
2234	762.5836603813153	-0.011970322193014988
2235	762.8631627195047	-0.011878537985438435
2236	763.142659950489	-0.010851739677519671
2237	763.4221520498969	-0.01029347919530596
2238	763.7016389933572	-0.010537505244302962
2239	763.9811207564984	-0.009698997082049778
2240	764.2605973149491	-0.008602205404558706
2241	764.540068644338	-0.00887686436587875
2242	764.8195347202939	-0.009838876006083597
2243	765.0989955184451	-0.010592874480088296
2244	765.3784510144205	-0.011439008119649739
2245	765.6579011838488	-0.012484663811804495
2246	765.9373460023585	-0.012293385942131719
2247	766.2167854455782	-0.012633129989915677
2248	766.4962194891368	-0.012442610422585182
2249	766.7756481086626	-0.01308746560833069
2250	767.0550712797844	-0.015484322448278173
2251	767.334488978131	-0.017146955839860888
2252	767.6139011793309	-0.016413272497548977
2253	767.8933078590127	-0.013746379236790495
2254	768.172708992805	-0.01185209979899679
2255	768.4521045563367	-0.01210153193623636
2256	768.7314945252364	-0.013673942112289512
2257	769.0108788751323	-0.014765157224092114
2258	769.2902575816536	-0.01370304769832104
2259	769.5696306204287	-0.012286212438136391
2260	769.8489979670862	-0.012115271309871193
2261	770.1283595972549	-0.012177023525751096
2262	770.4077154865632	-0.012228991224259274
2263	770.6870656106402	-0.013403906833591446
2264	770.966409945114	-0.01475485864708531
2265	771.2457484656136	-0.014802254463472286
2266	771.5250811477675	-0.013904172423049014
2267	771.8044079672043	-0.012491032323153512
2268	772.0837288995529	-0.011597065119259151
2269	772.3630439204418	-0.011757393409120768
2270	772.6423530054994	-0.013160858461948498
2271	772.9216561303547	-0.015475032401193321
2272	773.2009532706362	-0.015347408522394516
2273	773.4802444019726	-0.013919143853822633
2274	773.7595294999924	-0.012440250078522808
2275	774.0388085403243	-0.01268794531631285
2276	774.3180814985972	-0.013271520018357715
2277	774.5973483504395	-0.013443009310395132
2278	774.8766090714796	-0.01450143670705357
2279	775.1558636373468	-0.01580584979889192
2280	775.4351120236691	-0.016371087895354075
2281	775.7143542060755	-0.016302254397803268
2282	775.9935901601946	-0.01619386114341095
2283	776.2728198616551	-0.015687402039701273
2284	776.5520432860854	-0.015915689985466486
2285	776.8312604091143	-0.01612161652489421
2286	777.1104712063704	-0.01563886301057579
2287	777.3896756534825	-0.013112100071796038
2288	777.6688737260791	-0.011928372308494962
2289	777.948065399789	-0.01216596759526974
2290	778.2272506502406	-0.013134680129744497
2291	778.5064294530627	-0.014172959297380263
2292	778.7856017838839	-0.01401869085491477
2293	779.0647676183328	-0.014229621567614826
2294	779.3439269320381	-0.014556651937856204
2295	779.6230797006285	-0.014737915354729458
2296	779.9022258997326	-0.014571389704860471
2297	780.1813655049791	-0.015521489047860495
2298	780.4604984919964	-0.015697925847104804
2299	780.7396248364134	-0.015363390218865784
2300	781.0187445138588	-0.014057749610617043
2301	781.297857499961	-0.013512986195794515
2302	781.5769637703489	-0.01365903593684728
2303	781.8560633006508	-0.014248638440655484
2304	782.1351560664957	-0.014425923726163267
2305	782.4142420435121	-0.014701466626690392
2306	782.6933212073285	-0.01608811336888942
2307	782.9723935335738	-0.0184177327716505
2308	783.2514589978765	-0.020413776310725367
2309	783.5305175758655	-0.02174684327659309
2310	783.809569243169	-0.021129355935199164
2311	784.0886139754159	-0.019665551722653097
2312	784.3676517482347	-0.019395888763653286
2313	784.6466825372544	-0.018973326192983753
2314	784.9257063181033	-0.01811933620936807
2315	785.2047230664101	-0.0178104896516203
2316	785.4837327578035	-0.01826055339428425
2317	785.7627353679121	-0.018018524210684783
2318	786.0417308723648	-0.01770848753561237
2319	786.3207192467898	-0.017764498434222994
2320	786.5997004668161	-0.017397714997433394
2321	786.8786745080722	-0.01686929950086403
2322	787.1576413461868	-0.016236274473376527
2323	787.4366009567884	-0.016363226575672338
2324	787.7155533155059	-0.016334716499084134
2325	787.9944983979676	-0.016453176248380767
2326	788.2734361798025	-0.017191339529109534
2327	788.5523666366391	-0.017744912585246235
2328	788.8312897441061	-0.01970655630568991
2329	789.1102054778319	-0.022565407610554013
2330	789.3891138134454	-0.02402672576920349
2331	789.6680147265753	-0.022895392285081598
2332	789.94690819285	-0.021109988020966516
2333	790.2257941878981	-0.02044081312658179
2334	790.5046726873486	-0.018845944427388517
2335	790.78354366683	-0.018033225060183317
2336	791.0624071019708	-0.016551440826846862
2337	791.3412629683999	-0.014634436013587923
2338	791.6201112417455	-0.013776275713593338
2339	791.8989518976367	-0.014449621544374406
2340	792.177784911702	-0.016239466105674345
2341	792.45661025957	-0.016950856686347174
2342	792.7354279168693	-0.016863818721388958
2343	793.0142378592287	-0.017600119085749558
2344	793.2930400622769	-0.017681725286966783
2345	793.5718345016421	-0.019099180035590455
2346	793.8506211529534	-0.020960873741062935
2347	794.1293999918393	-0.02275668047302569
2348	794.4081709939285	-0.02264678470894163
2349	794.6869341348495	-0.021753885980873057
2350	794.965689390231	-0.01978467100168778
2351	795.2444367357017	-0.01768253409503523
2352	795.5231761468903	-0.017491581897892516
2353	795.8019075994252	-0.018267072774342835
2354	796.0806310689353	-0.02041329153408785
2355	796.3593465310491	-0.02220479163016807
2356	796.6380539613955	-0.02290958843670652
2357	796.9167533356027	-0.023101538155246643
2358	797.1954446292998	-0.023386822335607522
2359	797.4741278181151	-0.0222822756758075
2360	797.7528028776774	-0.02071053572788482
2361	798.0314697836154	-0.02016153680704698
2362	798.3101285115577	-0.018596172943724048
2363	798.5887790371328	-0.017227231261268947
2364	798.8674213359694	-0.0166474812303357
2365	799.1460553836963	-0.016524488519186177
2366	799.424681155942	-0.01654768474617642
2367	799.7032986283352	-0.01590146387884956
2368	799.9819077765047	-0.0169579255672866
2369	800.2605085760789	-0.018139915199797754
2370	800.5391010026865	-0.01906006795621361
2371	800.8176850319562	-0.019369245046405525
2372	801.0962606395166	-0.019079384507706215
2373	801.3748278009964	-0.0184436544767438
2374	801.6533864920242	-0.018536974624400716
2375	801.9319366882287	-0.018926512252381383
2376	802.2104783652384	-0.020023322676013346
2377	802.4890114986821	-0.021230390256255567
2378	802.7675360641883	-0.023929239368564316
2379	803.046052037386	-0.024048939311640337
2380	803.3245593939033	-0.023685871218777986
2381	803.6030581093693	-0.02183235631837876
2382	803.8815481594123	-0.020255618484776795
2383	804.1600295196613	-0.02056454016253107
2384	804.4385021657447	-0.020592514749868035
2385	804.7169660732912	-0.02055017708696412
2386	804.9954212179294	-0.020842007560162135
2387	805.2738675752881	-0.021102950759766967
2388	805.5523051209959	-0.02147567427324995
2389	805.8307338306813	-0.021752345302453183
2390	806.1091536799729	-0.020620107187108737
2391	806.3875646444997	-0.01760182457376826
2392	806.66596669989	-0.014914264601172652
2393	806.9443598217725	-0.013512163076927241
2394	807.2227439857761	-0.013847778437702836
2395	807.5011191675292	-0.015406390089841075
2396	807.7794853426605	-0.015901366832593314
2397	808.0578424867987	-0.016535824259860415
2398	808.3361905755722	-0.01411276475569192
2399	808.6145295846101	-0.013390800888565656
2400	808.8928594895407	-0.013233177535898208
2401	809.1711802659927	-0.014832053054452126
2402	809.4494918895947	-0.016143699242220887
2403	809.7277943359754	-0.01818574722998456
2404	810.0060875807636	-0.019804776667601887
2405	810.2843715995878	-0.02186945056820922
2406	810.5626463680766	-0.02171879151583104
2407	810.8409118618587	-0.020073077420764675
2408	811.1191680565628	-0.018483842427050458
2409	811.3974149278174	-0.017768629584567416
2410	811.6756524512513	-0.0177439100276069
2411	811.9538806024931	-0.0189382948743562
2412	812.2320993571714	-0.019988144416965205
2413	812.5103086909149	-0.02123819159949697
2414	812.7885085793522	-0.020786829585665932
2415	813.066698998112	-0.020905734928704307
2416	813.3448799228228	-0.020586045634736455
2417	813.6230513291134	-0.020531572949419583
2418	813.9012131926124	-0.01984165848206733
2419	814.1793654889484	-0.01997080694878619
2420	814.4575081937502	-0.020505776270045416
2421	814.7356412826463	-0.021611537885074528
2422	815.0137647312653	-0.02190628701647423
2423	815.291878515236	-0.020973828786430844
2424	815.569982610187	-0.020698710889904628
2425	815.8480769917469	-0.019583524868359584
2426	816.1261616355443	-0.019281789905395953
2427	816.404236517208	-0.01899261556239483
2428	816.6823016123665	-0.01906635097911208
2429	816.9603568966484	-0.018654939825264873
2430	817.2384023456825	-0.01742360046200335
2431	817.5164379350973	-0.01611707396791521
2432	817.7944636405216	-0.016469196760060124
2433	818.0724794375841	-0.01915468236114156
2434	818.3504853019132	-0.021553850488207585
2435	818.6284812091376	-0.02365108282516607
2436	818.9064671348862	-0.024843591938046177
2437	819.1844430547873	-0.025056317842150594
2438	819.4624089444698	-0.025432267661450677
2439	819.7403647795621	-0.02500537915977349
2440	820.0183105356932	-0.022787261990508744
2441	820.2962461884914	-0.020894586550404784
2442	820.5741717135854	-0.021280916228767602
2443	820.8520870866041	-0.022601239551950675
2444	821.1299922831759	-0.022555258958742747
2445	821.4078872789294	-0.022033702897363547
2446	821.6857720494935	-0.02145800263725272
2447	821.9636465704967	-0.020719520164161107
2448	822.2415108175676	-0.02058138098439127
2449	822.519364766335	-0.01993371583485344
2450	822.7972083924274	-0.01942670895639348
2451	823.0750416714734	-0.01984954562990826
2452	823.3528645791018	-0.020276232313679556
2453	823.6306770909412	-0.02150112975466774
2454	823.9084791826202	-0.023474303219835978
2455	824.1862708297674	-0.02606524840061765
2456	824.4640520080115	-0.028508708082376672
2457	824.7418226929813	-0.02904949892205337
2458	825.0195828603051	-0.028907739619423202
2459	825.297332485612	-0.028929525746317027
2460	825.5750715445303	-0.028923740910364225
2461	825.8528000126886	-0.027760954919487477
2462	826.1305178657158	-0.025295575659228273
2463	826.4082250792404	-0.023866846427749465
2464	826.685921628891	-0.024123275564370796
2465	826.9636074902966	-0.023548919193224625
2466	827.2412826390854	-0.023438990331162535
2467	827.5189470508861	-0.022693753112970713
2468	827.7966007013275	-0.02200038562858539
2469	828.0742435660383	-0.021911165964173668
2470	828.3518756206469	-0.022293116613649917
2471	828.629496840782	-0.02202648282399285
2472	828.9071072020727	-0.021173427158978603
2473	829.184706680147	-0.02156464183450391
2474	829.462295250634	-0.02198898614311159
2475	829.739872889162	-0.021368724064664883
2476	830.0174395713599	-0.02168621137798387
2477	830.2949952728562	-0.023333550006034903
2478	830.5725399692798	-0.02424817141489896
2479	830.8500736362589	-0.02268172551658654
2480	831.1275962494225	-0.021387445654202152
2481	831.4051077843991	-0.020658990784129097
2482	831.6826082168175	-0.020318027600358557
2483	831.9600975223061	-0.021019701624326537
2484	832.2375756764937	-0.021775309499285092
2485	832.515042655009	-0.02242390137159405
2486	832.7924984334804	-0.02318511153363733
2487	833.0699429875369	-0.022610271934615667
2488	833.3473762928069	-0.021837661724681177
2489	833.6247983249191	-0.020588449611090583
2490	833.9022090595021	-0.021203037119053553
2491	834.1796084721847	-0.022327839608920357
2492	834.4569965385953	-0.02418472570545495
2493	834.7343732343627	-0.025622324031464846
2494	835.0117385351156	-0.025430503529471495
2495	835.2890924164825	-0.024731050494184153
2496	835.5664348540921	-0.02507523475319475
2497	835.8437658235732	-0.027254521885479544
2498	836.1210853005541	-0.02813571960934763
2499	836.3983932606639	-0.029236240684700363
2500	836.6756896795309	-0.029229712609076836
2501	836.9529745327837	-0.028345613894805315
2502	837.2302477960512	-0.026847337747662584
2503	837.5075094449619	-0.024872012482614433
2504	837.7847594551446	-0.024409233521786936
2505	838.0619978022278	-0.023740967274208453
2506	838.33922446184	-0.023414592310911954
2507	838.61643940961	-0.022599243570395975
2508	838.8936426211667	-0.021768136339579025
2509	839.1708340721384	-0.02043772169870975
2510	839.4480137381539	-0.019763459548321594
2511	839.7251815948416	-0.018606125254798597
2512	840.0023376178304	-0.018730108678234117
2513	840.2794817827491	-0.018283948662610842
2514	840.5566140652259	-0.019029208204524004
2515	840.8337344408898	-0.01899041028101059
2516	841.1108428853692	-0.01903551259235613
2517	841.387939374293	-0.020124718470946348
2518	841.6650238832897	-0.021502397497443145
2519	841.9420963879878	-0.02353249090610735
2520	842.2191568640161	-0.02514947883772356
2521	842.4962052870034	-0.027594933857368165
2522	842.7732416325781	-0.029069790779981976
2523	843.050265876369	-0.029403334004183348
2524	843.3272779940046	-0.03036541382072775
2525	843.6042779611137	-0.030790072433550482
2526	843.8812657533249	-0.030290433834402945
2527	844.1582413462667	-0.02970690607398043
2528	844.4352047155679	-0.02900438506457328
2529	844.7121558368572	-0.027415996497768446
2530	844.989094685763	-0.026206365508367392
2531	845.2660212379143	-0.024444847289736255
2532	845.5429354689393	-0.022730202910600968
2533	845.8198373544669	-0.02115647253690755
2534	846.096726870126	-0.02157219219099405
2535	846.3736039915448	-0.02252802396003144
2536	846.6504686943521	-0.022881347057930043
2537	846.9273209541767	-0.02224272776303009
2538	847.204160746647	-0.021463178073764987
2539	847.4809880473916	-0.02097560634752627
2540	847.7578028320395	-0.02134338715586409
2541	848.0346050762191	-0.024104242742722097
2542	848.3113947555591	-0.02487579690201537
2543	848.5881718456882	-0.02610361448405807
2544	848.8649363222349	-0.02628143793819966
2545	849.1416881608279	-0.024760614222287855
2546	849.418427337096	-0.023423930789488914
2547	849.6951538266677	-0.023753132017579826
2548	849.9718676051715	-0.02433737523840736
2549	850.2485686482364	-0.026001103532544707
2550	850.5252569314907	-0.026062500927380928
2551	850.8019324305633	-0.024521807015540156
2552	851.0785951210827	-0.0237362763704247
2553	851.3552449786775	-0.02341431609178911
2554	851.6318819789767	-0.024245621494888746
2555	851.9085060976084	-0.02501264820120746
2556	852.1851173102016	-0.02643132452574569
2557	852.461715592385	-0.027962023989031505
2558	852.738300919787	-0.029482036792041245
2559	853.0148732680364	-0.02821662758029969
2560	853.2914326127618	-0.027541021621349887
2561	853.5679789295918	-0.02614127567218537
2562	853.8445121941551	-0.024496143861826664
2563	854.1210323820804	-0.022843010807690002
2564	854.3975394689962	-0.021636837578465774
2565	854.6740334305313	-0.02285509558405896
2566	854.9505142423143	-0.02310508406124226
2567	855.2269818799738	-0.024132221108402862
2568	855.5034363191384	-0.02647130278582067
2569	855.7798775354368	-0.027247328224253957
2570	856.0563055044977	-0.026586354427721996
2571	856.3327202019497	-0.026708589708127964
2572	856.6091216034215	-0.026638428818092478
2573	856.8855096845417	-0.026117457984540307
2574	857.1618844209388	-0.025491658909163193
2575	857.4382457882417	-0.02257131061742336
2576	857.714593762079	-0.021250149890607445
2577	857.990928318079	-0.01975831473999628
2578	858.2672494318708	-0.01974024031144368
2579	858.5435570790829	-0.020165674101409174
2580	858.8198512353439	-0.02081188769422456
2581	859.0961318762822	-0.021749202655307102
2582	859.3723989775269	-0.023336130485453112
2583	859.6486525147064	-0.02512577001465982
2584	859.9248924634495	-0.026051203276623892
2585	860.2011187993847	-0.027361975707194727
2586	860.4773314981406	-0.027527150274839835
2587	860.753530535346	-0.02696940520787139
2588	861.0297158866293	-0.025757308969134602
2589	861.3058875276196	-0.023653754088228295
2590	861.582045433945	-0.020878303725739893
2591	861.8581895812345	-0.02035482272897872
2592	862.1343199451167	-0.020187833030285277
2593	862.4104365012201	-0.019622187053553574
2594	862.6865392251735	-0.01983228136126269
2595	862.9626280926055	-0.018647999560088963
2596	863.2387030791446	-0.017869578462501413
2597	863.5147641604198	-0.01768251443311584
2598	863.7908113120593	-0.016948097917316
2599	864.066844509692	-0.01558558905904292
2600	864.3428637289467	-0.015303135192970326
2601	864.6188689454516	-0.01520409826480433
2602	864.8948601348358	-0.017304828515795415
2603	865.1708372727276	-0.019592655534928182
2604	865.4468003347557	-0.021761647511812823
2605	865.7227492965491	-0.022194872409954595
2606	865.9986841337361	-0.022931660516623962
2607	866.2746048219453	-0.02305612095011178
2608	866.5505113368056	-0.022304053640056568
2609	866.8264036539455	-0.022097195445858083
2610	867.1022817489936	-0.02153548819048094
2611	867.3781455975786	-0.021833605471989696
2612	867.6539951753292	-0.021463843173531883
2613	867.929830457874	-0.02192261242467068
2614	868.2056514208416	-0.02267916387399724
2615	868.4814580398607	-0.023613209516442628
2616	868.7572502905599	-0.024919019174755027
2617	869.033028148568	-0.024654337314740725
2618	869.3087915895134	-0.025117149368549
2619	869.5845405890249	-0.02508146958925981
2620	869.8602751227311	-0.024147567596217934
2621	870.1359951662607	-0.022286396881126762
2622	870.4117006952423	-0.022852224198750194
2623	870.6873916853045	-0.021588948772731403
2624	870.9630681120759	-0.02177526073074187
2625	871.2387299511854	-0.021878235562041916
2626	871.5143771782615	-0.022131563707407126
2627	871.7900097689328	-0.0221804969878247
2628	872.0656276988278	-0.022224432530618492
2629	872.3412309435755	-0.02188588769027936
2630	872.6168194788044	-0.022776556926809483
2631	872.8923932801429	-0.022446852797643347
2632	873.16795232322	-0.021727412809287937
2633	873.4434965836642	-0.02026861549522161
2634	873.7190260371041	-0.020215342459549663
2635	873.9945406591684	-0.02141464581622396
2636	874.2700404254857	-0.022734769762926228
2637	874.5455253116849	-0.02358200237424567
2638	874.820995293394	-0.022906952310778286
2639	875.0964503462424	-0.022489804398787384
2640	875.3718904458583	-0.020989487187409183
2641	875.6473155678704	-0.019751915280629005
2642	875.9227256879075	-0.019056739024900522
2643	876.1981207815982	-0.018631627081842343
2644	876.473500824571	-0.020105460942372488
2645	876.7488657924546	-0.021439521167260063
2646	877.0242156608779	-0.02024850203997461
2647	877.2995504054691	-0.020083735504964877
2648	877.5748700018571	-0.01976678983203843
2649	877.8501744256706	-0.0205368900196368
2650	878.1254636525382	-0.020344669614412916
2651	878.4007376580884	-0.01832575642915654
2652	878.67599641795	-0.017067113121377684
2653	878.9512399077516	-0.017265801799685628
2654	879.2264681031219	-0.016942342513215778
2655	879.5016809796895	-0.019056417902852247
2656	879.7768785130829	-0.021040708158852246
2657	880.052060678931	-0.021202741190113776
2658	880.3272274528623	-0.021785846485399805
2659	880.6023788105053	-0.022408175115784485
2660	880.8775147274891	-0.023307880579157742
2661	881.1526351794419	-0.023938694286158226
2662	881.4277401419926	-0.023931224616258292
2663	881.7028295907696	-0.024309256543444565
2664	881.9779035014018	-0.023635469253868814
2665	882.2529618495178	-0.023530711977199154
2666	882.528004610746	-0.023855117387302165
2667	882.8030317607154	-0.024334136228523505
2668	883.0780432750544	-0.023774193975534205
2669	883.3530391293917	-0.0220289622024719
2670	883.6280192993561	-0.021355614585594908
2671	883.902983760576	-0.021775699126448236
2672	884.1779324886802	-0.022004912714419206
2673	884.4528654592973	-0.022408542769400925
2674	884.7277826480558	-0.02465990524994718
2675	885.0026840305848	-0.025858413319302172
2676	885.2775695825123	-0.026138085698155827
2677	885.5524392794675	-0.026979718674347144
2678	885.8272930970788	-0.025562246216072615
2679	886.1021310109747	-0.02458032953514728
2680	886.3769529967843	-0.0226612357052331
2681	886.6517590301358	-0.022039695843887024
2682	886.926549086658	-0.020511875524069568
2683	887.2013231419796	-0.01926459695727476
2684	887.4760811717292	-0.018562976444897992
2685	887.7508231515354	-0.018726410495050194
2686	888.0255490570271	-0.018844282445068385
2687	888.3002588638325	-0.018433328816165658
2688	888.5749525475806	-0.018699970608975342
2689	888.8496300838998	-0.018828628283269058
2690	889.124291448419	-0.019000357922900214
2691	889.3989366167665	-0.019775686697036478
2692	889.6735655645714	-0.0204655363993835
2693	889.9481782674619	-0.020960663993024955
2694	890.222774701067	-0.022014273730597875
2695	890.4973548410153	-0.02304100033766891
2696	890.771918662935	-0.022099871968122492
2697	891.0464661424554	-0.02306189498210049
2698	891.3209972552047	-0.023254490970343576
2699	891.5955119768117	-0.0226517725976995
2700	891.870010282905	-0.021814198615542096
2701	892.1444921491133	-0.022360360492597712
2702	892.4189575510651	-0.02256324612513896
2703	892.6934064643893	-0.023198428977205383
2704	892.9678388647143	-0.022830367705934287
2705	893.242254727669	-0.0218997838997966
2706	893.5166540288818	-0.021499982947285046
2707	893.7910367439814	-0.02085364318930923
2708	894.0654028485965	-0.02149728373596609
2709	894.3397523183556	-0.022867209548975843
2710	894.6140851288876	-0.02294498754213569
2711	894.8884012558212	-0.023070305514160932
2712	895.1627006747846	-0.022896521081259093
2713	895.4369833614068	-0.0217709145752796
2714	895.7112492913163	-0.021018307436824882
2715	895.9854984401419	-0.01988913368309704
2716	896.2597307835122	-0.019019999843113367
2717	896.5339462970556	-0.01936632930712363
2718	896.808144956401	-0.019700838482552323
2719	897.0823267371769	-0.020062078228586303
2720	897.3564916150121	-0.02018950430315993
2721	897.6306395655351	-0.020528221625743893
2722	897.9047705643749	-0.020480309731520895
2723	898.1788845871596	-0.01916282417445435
2724	898.4529816095181	-0.02041707279323069
2725	898.727061607079	-0.01959420966409675
2726	899.0011245554712	-0.020119833700646968
2727	899.2751704303229	-0.020088921494108715
2728	899.5491992072632	-0.019091820853247662
2729	899.8232108619205	-0.020496519764275058
2730	900.0972053699234	-0.01935571770759049
2731	900.3711827069005	-0.018292337646194846
2732	900.6451428484808	-0.016583901334169454
2733	900.9190857702927	-0.01522531404750381
2734	901.1930114479646	-0.014063980745531196
2735	901.4669198571256	-0.012815197902414789
2736	901.7408109734042	-0.014219452386393654
2737	902.0146847724288	-0.014466820331827224
2738	902.2885412298284	-0.015609615124532641
2739	902.5623803212313	-0.01588227017199742
2740	902.8362020222665	-0.015810095598795856
2741	903.1100063085624	-0.015657461612930367
2742	903.3837931557478	-0.01697261991287717
2743	903.6575625394512	-0.01855429748712104
2744	903.9313144353011	-0.019932341527384406
2745	904.2050488189267	-0.02129135738942409
2746	904.4787656659562	-0.020231516799236328
2747	904.7524649520182	-0.01882147377368222
2748	905.0261466527415	-0.01751392647190325
2749	905.299810743755	-0.01676199696328696
2750	905.5734572006868	-0.0170929544772346
2751	905.8470859991659	-0.017804948603618566
2752	906.1206971148209	-0.018814794771071536
2753	906.3942905232803	-0.01953600968492599
2754	906.667866200173	-0.01996985467936928
2755	906.9414241211274	-0.01786340040623064
2756	907.2149642617723	-0.01900829716569907
2757	907.4884865977364	-0.01862248280672315
2758	907.7619911046479	-0.01755859056127726
2759	908.035477758136	-0.014556731253414258
2760	908.3089465338293	-0.014705489740152178
2761	908.582397407356	-0.016628691228519454
2762	908.8558303543451	-0.017863903266516965
2763	909.1292453504253	-0.01788146774145881
2764	909.4026423712249	-0.01788088071373034
2765	909.6760213923728	-0.018219821032935513
2766	909.9493823894977	-0.017404857986758435
2767	910.2227253382282	-0.017335914068766375
2768	910.4960502141926	-0.01818632821266667
2769	910.7693569930201	-0.019024530975803006
2770	911.042645650339	-0.020262081833653613
2771	911.315916161778	-0.021652033369873397
2772	911.5891685029658	-0.021146587003407366
2773	911.862402649531	-0.020989415858826896
2774	912.1356185771023	-0.021592892866478704
2775	912.4088162613083	-0.021753001649592145
2776	912.6819956777775	-0.0211363321721431
2777	912.9551568021387	-0.021597811112756486
2778	913.2282996100207	-0.020837382943848334
2779	913.5014240770519	-0.020211871563663122
2780	913.7745301788611	-0.01986236288912884
2781	914.0476178910769	-0.020482284232419178
2782	914.3206871893278	-0.021051099672167964
2783	914.5937380492426	-0.020230712760316343
2784	914.86677044645	-0.02179356323372965
2785	915.1397843565785	-0.020185895039446275
2786	915.4127797552567	-0.0197472053409921
2787	915.6857566181135	-0.017642780691753526
2788	915.9587149207773	-0.017292161108410017
2789	916.2316546388769	-0.016596691254975107
2790	916.5045757480409	-0.0157989588283926
2791	916.7774782238979	-0.013497497842579406
2792	917.0503620420765	-0.014128726866838186
2793	917.3232271782053	-0.01552382564107737
2794	917.5960736079134	-0.016412339466085224
2795	917.8689013068288	-0.016935942250432642
2796	918.1417102505807	-0.01578573096983895
2797	918.4145004147972	-0.016085285665022257
2798	918.6872717751074	-0.01529679889637841
2799	918.96002430714	-0.014796092658788923
2800	919.2327579865231	-0.014400719800335304
2801	919.5054727888859	-0.015765205394864687
2802	919.7781686898567	-0.014826888119601776
2803	920.0508456650643	-0.014437378215791642
2804	920.3235036901374	-0.0154189061666824
2805	920.5961427407044	-0.01545489951258669
2806	920.8687627923941	-0.015396827811791157
2807	921.1413638208353	-0.0162339954924132
2808	921.4139458016564	-0.015549778600847372
2809	921.6865087104862	-0.014193170542191165
2810	921.9590525229534	-0.014693695156562964
2811	922.2315772146864	-0.01487299160693429
2812	922.5040827613138	-0.01490643744548735
2813	922.7765691384644	-0.015466920256204546
2814	923.0490363217673	-0.01656536481538106
2815	923.3214842868504	-0.015956249640380928
2816	923.5939130093426	-0.016644492052989526
2817	923.8663224648727	-0.015503449614950343
2818	924.1387126290692	-0.012980121227994468
2819	924.411083477561	-0.011822451926514363
2820	924.6834349859763	-0.010623085778320746
2821	924.9557671299441	-0.01250203242989082
2822	925.2280798850927	-0.01329058596726796
2823	925.5003732270512	-0.014185426753854008
2824	925.772647131448	-0.015083460396268754
2825	926.0449015739116	-0.016289492926473068
2826	926.317136530071	-0.016019410093191827
2827	926.5893519755546	-0.018368513962669634
2828	926.8615478859911	-0.019360008941854127
2829	927.133724237009	-0.01982712818611347
2830	927.4058810042371	-0.02099573742718132
2831	927.6780181633043	-0.021173610574247458
2832	927.9501356898387	-0.022187095846170797
2833	928.2222335594694	-0.021852005708918674
2834	928.4943117478248	-0.02267217043618544
2835	928.7663702305335	-0.02081737490053453
2836	929.0384089832244	-0.02038677898198913
2837	929.310427981526	-0.020266475670413293
2838	929.5824272010668	-0.01916252163823056
2839	929.8544066174758	-0.016367807700524706
2840	930.1263662063814	-0.016184670126087645
2841	930.3983059434121	-0.014599957205022017
2842	930.6702258041969	-0.015406544720333828
2843	930.9421257643643	-0.01568902677741242
2844	931.2140057995427	-0.016535154490653826
2845	931.4858658853611	-0.017640575474805485
2846	931.757705997448	-0.01722551936181741
2847	932.0295261114321	-0.017394522641746138
2848	932.301326202942	-0.01843468265424124
2849	932.5731062476062	-0.019204038111589133
2850	932.8448662210536	-0.020595265903047735
2851	933.1166060989128	-0.018603783954034704
2852	933.3883258568122	-0.017763971091879098
2853	933.6600254703808	-0.017820958739096178
2854	933.9317049152471	-0.017865462999678013
2855	934.2033641670396	-0.01864031348363545
2856	934.475003201387	-0.02086720725808132
2857	934.7466219939181	-0.020294313023992504
2858	935.0182205202615	-0.021106800333441353
2859	935.2897987560456	-0.021385161744959198
2860	935.5613566768994	-0.022389291280526857
2861	935.8328942584513	-0.017442955539067752
2862	936.1044114763301	-0.016745775879778907
2863	936.3759083061644	-0.016116123212122524
2864	936.6473847235827	-0.015921957218866675
2865	936.918840704214	-0.015020916291018857
2866	937.1902762236864	-0.014222507013836434
2867	937.461691257629	-0.010981985204617233
2868	937.7330857816704	-0.013969931239432819
2869	938.0044597714389	-0.02385813025231573
2870	938.2758132025637	-0.016732793663697766
2871	938.5471460506728	-0.015010874916354729
2872	938.8184582913955	-0.015111343667766626
2873	939.0897499003598	-0.015205625100878827
2874	939.3610208531949	-0.014439263825370037
2875	939.6322711255292	-0.016089527681452657
2876	939.9035006929913	-0.01560474231256856
2877	940.1747095312098	-0.013807499366181038
2878	940.4458976158137	-0.014695892632638506
2879	940.7170649224313	-0.01251923730717032
2880	940.9882114266912	-0.01600894846715549
2881	941.2593371042225	-0.015363120362155147
2882	941.5304419306533	-0.01708921431888484
2883	941.8015258816125	-0.018484989184513377
2884	942.0725889327286	-0.01977240786844006
2885	942.3436310596306	-0.019821068356619953
2886	942.6146522379469	-0.019329979763012976
2887	942.8856524433061	-0.019155039738690538
2888	943.1566316513367	-0.020045260485863366
2889	943.4275898376678	-0.023039923643313184
2890	943.6985269779278	-0.022010648269498195
2891	943.9694430477452	-0.021004776581771148
2892	944.2403380227488	-0.02353245454517503
2893	944.5112118785672	-0.022744794761965878
2894	944.7820645908293	-0.021718319820366802
2895	945.0528961351633	-0.02052385301845635
2896	945.3237064871981	-0.019438864913414622
2897	945.5944956225625	-0.017968135094397493
2898	945.8652635168849	-0.017041692351516112
2899	946.1360101457938	-0.017736886278645274
2900	946.406735484918	-0.01824211887324647
2901	946.6774395098864	-0.01821520883867974
2902	946.9481221963274	-0.016851595881405827
2903	947.2187835198696	-0.015270275882561794
2904	947.4894234561418	-0.014987460206077649
2905	947.7600419807726	-0.013664890331924168
2906	948.0306390693904	-0.016490247977891892
2907	948.3012146976242	-0.018715965396807754
2908	948.5717688411025	-0.017386738347274527
2909	948.842301475454	-0.01535218456631074
2910	949.1128125763073	-0.015452428119812782
2911	949.383302119291	-0.01640169070493703
2912	949.6537700800338	-0.01532970527528102
2913	949.9242164341642	-0.01519800575059218
2914	950.1946411573111	-0.013144883191289904
2915	950.4650442251032	-0.011473676857191556
2916	950.7354256131687	-0.017785906709618535
2917	951.0057852971365	-0.019043101325195592
2918	951.2761232526354	-0.017070821406148254
2919	951.5464394552938	-0.01758512456865398
2920	951.8167338807406	-0.016140025674121233
2921	952.0870065046042	-0.013774431614381535
2922	952.3572573025133	-0.015562058629596642
2923	952.6274862500966	-0.014417032310084482
2924	952.8976933229827	-0.01597736894408503
2925	953.1678784968003	-0.015614939595665588
2926	953.4380417471781	-0.01778644679895692
2927	953.7081830497444	-0.015636502777544914
2928	953.9783023801284	-0.019247122182195618
2929	954.2483997139584	-0.016986704483393046
2930	954.5184750268631	-0.01628286817162221
2931	954.788528294471	-0.012686619036866874
2932	955.0585594924111	-0.009536014057927658
2933	955.3285685963116	-0.01149502003929511
2934	955.5985555818015	-0.00982533467686051
2935	955.8685204245093	-0.01160164006311526
2936	956.1384631000637	-0.012088246217041389
2937	956.4083835840934	-0.013422662218215822
2938	956.6782818522267	-0.011070648868653457
2939	956.9481578800927	-0.011221297833275697
2940	957.2180116433199	-0.011294322300855301
2941	957.4878431175367	-0.011007900631977437
2942	957.757652278372	-0.015178867148751288
2943	958.0274391014544	-0.01416525592018339
2944	958.2972035624126	-0.015521128683894894
2945	958.5669456368751	-0.014751813158883027
2946	958.8366653004707	-0.015807356845974355
2947	959.106362528828	-0.01623560016219766
2948	959.3760372975754	-0.014962759866689289
2949	959.6456895823418	-0.016871158637874244
2950	959.9153193587559	-0.016139768518610043
2951	960.1849266024462	-0.01711315418928583
2952	960.4545112890415	-0.01921011143615644
2953	960.7240733941702	-0.017053817669068667
2954	960.9936128934611	-0.020910510042685446
2955	961.2631297625429	-0.015509217079588071
2956	961.5326239770441	-0.015147942280940192
2957	961.8020955125934	-0.017817272446979636
2958	962.0715443448195	-0.020091658610359373
2959	962.3409704493511	-0.020593366123313944
2960	962.6103738018166	-0.01913478182828071
2961	962.8797543778448	-0.016181897360258782
2962	963.1491121530644	-0.015183220010464876
2963	963.418447103104	-0.014015146000448425
2964	963.6877592035922	-0.011426619417460863
2965	963.9570484301578	-0.010582258039120232
2966	964.2263147584292	-0.010943064212076185
2967	964.4955581640352	-0.01358341613119244
2968	964.7647786226044	-0.015862681040620337
2969	965.0339761097655	-0.014211162419077349
2970	965.303150601147	-0.018521795944828265
2971	965.5723020723776	-0.01565862517621644
2972	965.8414304990861	-0.017089280226781793
2973	966.110535856901	-0.017603990646249013
2974	966.379618121451	-0.014405458961339539
2975	966.6486772683648	-0.01674565211722856
2976	966.9177132732709	-0.016303886439788903
2977	967.1867261117981	-0.01718051795242248
2978	967.4557157595748	-0.018182166223112833
2979	967.7246821922299	-0.018183019214135843
2980	967.993625385392	-0.017570318049374374
2981	968.2625453146896	-0.01604942438563426
2982	968.5314419557516	-0.018172540910378385
2983	968.8003152842064	-0.011358796553151432
2984	969.0691652756826	-0.017351528405914245
2985	969.3379919058092	-0.01704004110767849
2986	969.6067951502146	-0.017104719421103247
2987	969.8755749845274	-0.014312140069449558
2988	970.1443313843762	-0.013703062164448165
2989	970.4130643253899	-0.01113028916965899
2990	970.681773783197	-0.010651104966527991
2991	970.9504597334261	-0.008335940520949221
2992	971.2191221517058	-0.008477332739742348
2993	971.487761013665	-0.005807394158419875
2994	971.7563762949322	-0.004655496439558489
2995	972.0249679711359	-0.007279133209372825
2996	972.293536017905	-0.004885764106584152
2997	972.562080410868	-0.0077933877827737336
2998	972.8306011256535	-0.009757003042863817
2999	973.0990981378903	-0.006345607962717839
3000	973.3675714232069	-0.007795361417517167
3001	973.6360209572321	-0.007816666437517585
3002	973.9044467155943	-0.00369121717343409
3003	974.1728486739223	-0.005142394173108723
3004	974.4412268078448	-0.00928509575051898
3005	974.7095810929903	-0.011579654644966998
3006	974.9779115049877	-0.010660399207752032
3007	975.2462180194652	-0.013092341330532282
3008	975.514500612052	-0.008109828235404258
3009	975.7827592583764	-0.010943326149707368
3010	976.0509939340669	-0.010150869161079566
3011	976.3192046147526	-0.009269212602819495
3012	976.5873912760618	-0.008690676542239352
3013	976.8555538936232	-0.01023134957177374
3014	977.1236924430655	-0.007369915599266488
3015	977.3918069000174	-0.008927919517011662
3016	977.6598972401074	-0.010448465190498739
3017	977.9279634389644	-0.01570482472899048
3018	978.1960054722166	-0.01341009128786342
3019	978.464023315493	-0.00986568786166308
3020	978.7320169444223	-0.014675925905245225
3021	978.9999863346328	-0.018277919997577996
3022	979.2679314617535	-0.0067558825528571745
3023	979.5358523014128	-0.0057182059571948
3024	979.8037488292396	-0.013609379862358932
3025	980.0716210208622	-0.017262465368583044
3026	980.3394688519095	-0.016544177316265632
3027	980.6072922980102	-0.011901273390502051
3028	980.8750913347926	-0.0156809776711425
3029	981.1428659378855	-0.015028472454726695
3030	981.4106160829178	-0.012652550659954541
3031	981.6783417455181	-0.013677358021893259
3032	981.9460429013146	-0.015283946437662121
3033	982.2137195259363	-0.013439203950145404
3034	982.481371595012	-0.01427003886903798
3035	982.74899908417	-0.014109111931493057
3036	983.016601969039	-0.008017808466161916
3037	983.2841802252477	-0.012658298591167245
3038	983.5517338284249	-0.015264633951805065
3039	983.819262754199	-0.011297014801657984
3040	984.086766978199	-0.015137854330779424
3041	984.3542464760532	-0.015723542723567727
3042	984.6217012233902	-0.01990071729783395
3043	984.8891311958388	-0.016779075435043492
3044	985.1565363690278	-0.02101894103414309
3045	985.4239167185856	-0.01643764158597659
3046	985.691272220141	-0.013410168946805787
3047	985.9586028493225	-0.016554705217998497
3048	986.2259085817589	-0.014698636018184136
3049	986.4931893930786	-0.016718568759263683
3050	986.7604452589106	-0.017826574595142405
3051	987.0276761548834	-0.010904851440126151
3052	987.2948820566254	-0.005316154677976276
3053	987.5620629397656	-0.016504275905751625
3054	987.8292187799323	-0.011571873535379265
3055	988.0963495527544	-0.013553552195122956
3056	988.3634552338607	-0.018896627873289093
3057	988.6305357988795	-0.017894320588231788
3058	988.8975912234396	-0.01813193605616155
3059	989.1646214831694	-0.013911920551437307
3060	989.431626553698	-0.021794655134048768
3061	989.6986064106538	-0.01684840900577049
3062	989.9655610296653	-0.016793341979595172
3063	990.2324903863613	-0.015375041204317347
3064	990.4993944563706	-0.01452841995960337
3065	990.7662732153217	-0.014914999085930566
3066	991.0331266388431	-0.011130444509151044
3067	991.2999547025637	-0.008858201794341783
3068	991.5667573821119	-0.012382829448496085
3069	991.8335346531164	-0.0112062502310106
3070	992.1002864912061	-0.014579309242243974
3071	992.3670128720095	-0.019546694655170005
3072	992.6337137711552	-0.027851664230063758
3073	992.9003891642716	-0.021764689038718046
3074	993.1670390269877	-0.02712000111015264
3075	993.4336633349321	-0.02304075650065944
3076	993.7002620637335	-0.01683449942990535
3077	993.9668351890202	-0.008976625762542018
3078	994.2333826864212	-0.01209446772840403
3079	994.4999045315649	-0.007655972070189587
3080	994.7664007000802	-0.010389795500791027
3081	995.0328711675955	-0.012280757940701992
3082	995.2993159097398	-0.008164533328425455
3083	995.5657349021413	-0.006985866586381673
3084	995.8321281204289	-0.009315981329801049
3085	996.0984955402312	-0.008281826126186137
3086	996.3648371371767	-0.017489803686618455
3087	996.6311528868944	-0.016793678923676517
3088	996.8974427650126	-0.0146587777848802
3089	997.16370674716	-0.010606496122321063
3090	997.4299448089654	-0.01620537831412923
3091	997.6961569260573	-0.012457208052331761
3092	997.9623430740645	-0.009803266506143243
3093	998.2285032286156	-0.009668880827258114
3094	998.4946373653391	-0.004987322383601764
3095	998.7607454598636	-0.007974483039799987
3096	999.0268274878182	-0.01681218902981757
3097	999.2928834248311	-0.015851189557740494
3098	999.5589132465309	-0.013338540685406575
3099	999.8249169285467	-0.019897860553846985
3100	1000.0908944465067	-0.02185992226031226
3101	1000.3568457760398	-0.01709883927942528
3102	1000.6227708927745	-0.023202258211389395
3103	1000.8886697723395	-0.013140855296023157
3104	1001.1545423903635	-0.022741050790720488
3105	1001.4203887224752	-0.018788189463321364
3106	1001.6862087443028	-0.017298417391499024
3107	1001.9520024314754	-0.003942517920402205
3108	1002.2177697596218	-0.011731671690814599
3109	1002.48351070437	-0.011986605625148125
3110	1002.7492252413492	-0.013072435558763265
3111	1003.014913346188	-0.008721844029366682
3112	1003.2805749945148	-0.0055822997481137365
3113	1003.5462101619584	-0.013271251738409526
3114	1003.8118188241473	-0.013610845499539365
3115	1004.0774009567101	-0.012261226971060413
3116	1004.3429565352758	-0.022582626770979414
3117	1004.6084855354729	-0.021690561085882243
3118	1004.8739879329298	-0.017107874662642256
3119	1005.1394637032755	-0.015777432690582724
3120	1005.4049128221384	-0.012727438712143935
3121	1005.6703352651471	-0.014603653671080727
3122	1005.9357310079305	-0.019212689643828343
3123	1006.201100026117	-0.020644471430784933
3124	1006.4664422953354	-0.012144516638250169
3125	1006.7317577912142	-0.016959539050482336
3126	1006.9970464893823	-0.014051167782445778
3127	1007.2623083654681	-0.014116089585763852
3128	1007.5275433951005	-0.02118872705592542
3129	1007.7927515539078	-0.01570449844304267
3130	1008.0579328175188	-0.011715545242328235
3131	1008.3230871615622	-0.0070148432682832496
3132	1008.5882145616666	-0.013022390566511333
3133	1008.8533149934607	-0.013558885233603102
3134	1009.1183884325732	-0.010109776122549236
3135	1009.3834348546326	-0.013892274688494188
3136	1009.6484542352675	-0.016482667105316484
3137	1009.9134465501066	-0.017952510971427887
3138	1010.1784117747787	-0.029284062740388556
3139	1010.4433498849123	-0.028472020009841975
3140	1010.708260856136	-0.013858154984559112
3141	1010.9731446640784	-0.02434289787772892
3142	1011.2380012843685	-0.022232990422566712
3143	1011.5028306926346	-0.02252010950556793
3144	1011.7676328645056	-0.026718051282200533
3145	1012.03240777561	-0.017416755473949747
3146	1012.2971554015762	-0.03599817267656913
3147	1012.5618757180332	-0.023587395210801693
3148	1012.8265687006095	-0.023117197239159004
3149	1013.0912343249339	-0.030448309390703837
3150	1013.3558725666347	-0.025624900124926686
3151	1013.6204834013411	-0.010985906357858233
3152	1013.8850668046812	-0.020415034284022582
3153	1014.1496227522838	-0.028007729012031607
3154	1014.4141512197779	-0.029063644887814405
3155	1014.6786521827916	-0.02544687789468003
3156	1014.9431256169538	-0.006180420717069091
3157	1015.2075714978932	-0.019315921755875737
3158	1015.4719898012382	-0.029641190146211943
3159	1015.7363805026179	-0.011455358846102548
3160	1016.0007435776606	-0.013342713590426158
3161	1016.2650790019949	-0.0131246353818327
3162	1016.5293867512498	-0.025417735292020627
3163	1016.7936668010535	-0.03512819903454234
3164	1017.057919127035	-0.03221736126962946
3165	1017.3221437048227	-0.04019080797277225
3166	1017.5863405100454	-0.02400385404975372
3167	1017.8505095183317	-0.02002852066217703
3168	1018.11465070531	-0.020671115971145293
3169	1018.3787640466095	-0.025655210714140175
3170	1018.6428495178583	-0.03663208705704474
3171	1018.9069070946854	-0.02745936568468832
3172	1019.1709367527193	-0.020679456561471188
3173	1019.4349384675886	-0.010874456104185776
3174	1019.6989122149221	-0.011278657730369845
3175	1019.9628579703483	-0.009741481177360595
3176	1020.226775709496	-0.010864486940354995
3177	1020.4906654079936	-0.014668051853250319
3178	1020.7545270414698	-0.029726106832079408
3179	1021.0183605855534	-0.02500286732564852
3180	1021.2821660158731	-0.025127121605454134
3181	1021.5459433080574	-0.016486307083132645
3182	1021.809692437735	-0.026188788250261164
3183	1022.0734133805345	-0.01287132284663936
3184	1022.3371061120844	-0.01657310340790194
3185	1022.6007706080135	-0.031546697944150964
3186	1022.8644068439506	-0.03508349177096873
3187	1023.1280147955242	-0.01982396456756247
3188	1023.391594438363	-0.029672189505196317
3189	1023.6551457480954	-0.020597435642216638
3190	1023.9186687003503	-0.030481618434346547
3191	1024.1821632707563	-0.01730166883526424
3192	1024.445629434942	-0.013641789915764896
3193	1024.709067168536	-0.01444780742027077
3194	1024.9724764471669	-0.016888839150866475
3195	1025.2358572464639	-0.018732248254254014
3196	1025.4992095420548	-0.01881941295726247
3197	1025.7625333095687	-0.03102207573066293
3198	1026.0258285246343	-0.02487642975052884
3199	1026.28909516288	-0.00872584420242567
3200	1026.5523331999345	-0.012662340952682455
3201	1026.8155426114267	-0.02091170949063173
3202	1027.0787233729852	-0.031766771941634825
3203	1027.3418754602383	-0.02055228511920784
3204	1027.604998848815	-0.013444597847464157
3205	1027.8680935143439	-0.0020445003169628495
3206	1028.1311594324532	-0.019104566870664558
3207	1028.3941965787722	-0.003787585776154234
3208	1028.6572049289289	-0.01720749048675202
3209	1028.9201844585527	-0.019422614114436382
3210	1029.1831351432716	-0.010677599609550392
3211	1029.4460569587145	0.013003103201258664
3212	1029.7089498805099	0.0009130997064776547
3213	1029.9718138842868	-0.018150520585459018
3214	1030.2346489456734	-0.0200281900130847
3215	1030.4974550402987	-0.00714400127734191
3216	1030.7602321437912	-0.01637890972801634
3217	1031.0229802317795	-0.01735738294088418
3218	1031.2856992798922	-0.04291048707523559
3219	1031.5483892637583	-0.025411744027389077
3220	1031.811050159006	-0.024038432460536496
3221	1032.073681941264	-0.0008516345409456672
3222	1032.3362845861614	0.005268382463235438
3223	1032.5988580693263	0.015484984573276489
3224	1032.8614023663874	0.020525085473489413
3225	1033.123917452974	0.010563537530061728
3226	1033.3864033047137	-0.0041437317914524985
3227	1033.6488598972362	-0.015818717774692487
3228	1033.9112872061692	-0.017022496844151164
3229	1034.173685207142	-0.03504035797097113
3230	1034.436053875783	-0.03885916270565459
3231	1034.698393187721	-0.013892731807681274
3232	1034.9607031185842	-0.01815129662678855
3233	1035.222983644002	-0.016690057021463173
3234	1035.4852347396022	-0.019881049012829582
3235	1035.7474563810142	-0.002827632607588393
3236	1036.0096485438662	-0.011115419049136543
3237	1036.271811203787	-0.015265402247653798
3238	1036.5339443364048	-0.01938237140449911
3239	1036.7960479173491	-0.021044920952578178
3240	1037.058121922248	-0.020984378956663163
3241	1037.32016632673	-0.008866213412471707
3242	1037.5821811064243	-0.034624601193822435
3243	1037.844166236959	-0.030986216787420306
3244	1038.106121693963	-0.00021232763346448746
3245	1038.368047453065	-0.02770545314487108
3246	1038.6299434898933	-0.028789363439306298
3247	1038.891809780077	0.0047606554548100255
3248	1039.1536462992447	-0.007017585303672219
3249	1039.4154530230246	-0.007878972179963584
3250	1039.6772299270456	-0.0266665411131822
3251	1039.9389769869367	-0.026886333689917635
3252	1040.200694178326	-0.03594306446456824
3253	1040.4623814768424	-0.021939409223195844
3254	1040.7240388581147	-0.011586627203653221
3255	1040.985666297771	-0.02286378780398121
3256	1041.2472637714407	-0.027643148861162536
3257	1041.5088312547518	-0.007095278753573464
3258	1041.7703687233331	-0.0019580401188630525
3259	1042.0318761528135	-0.012271619579317078
3260	1042.2933535188217	-0.0033157933485376823
3261	1042.5548007969858	0.023688045811244368
3262	1042.8162179629348	-0.01388387970939059
3263	1043.0776049922974	-0.014215627260182995
3264	1043.3389618607023	-0.02021118285085402
3265	1043.6002885437779	-0.0023308256592049215
3266	1043.861585017153	-0.008173412348333547
3267	1044.1228512564562	-0.008667826045910987
3268	1044.384087237316	-0.025747794677879687
3269	1044.6452929353613	-0.0016590956162702564
3270	1044.9064683262204	0.020135238815535583
3271	1045.1676133855226	-0.008435774030717658
3272	1045.428728088896	-0.024189783428932327
3273	1045.6898124119693	-0.011695058786340667
3274	1045.9508663303714	0.00871189658544802
3275	1046.2118898197305	-0.03257431086431718
3276	1046.4728828556756	-0.02418934913697414
3277	1046.733845413835	-0.01290400444683873
3278	1046.994777469838	-0.017862756877409514
3279	1047.2556789993127	-0.023709886865089805
3280	1047.516549977888	-0.03680057990458589
3281	1047.7773903811922	-0.012266343036883703
3282	1048.0382001848543	0.018371388686605067
3283	1048.2989793645029	-0.00762084314145639
3284	1048.5597278957664	-0.0238936575145961
3285	1048.8204457542738	-0.0324996352349968
3286	1049.0811329156534	-0.012562285766005599
3287	1049.341789355534	-0.018032545257636604
3288	1049.6024150495443	-0.01645579721045312
3289	1049.863009973313	-0.00938568247722879
3290	1050.1235741024686	-0.004088017736116556
3291	1050.3841074126397	-0.029403027127379133
3292	1050.644609879455	-0.026301092509956533
3293	1050.9050814785433	-0.04352061493378363
3294	1051.1655221855333	-0.0367656760623432
3295	1051.4259319760529	-0.014401077115445415
3296	1051.6863108257319	-0.010634160466636594
3297	1051.9466587101979	-0.014360929012276868
3298	1052.2069756050803	-0.030830683988540983
3299	1052.4672614860074	-0.0364318704584754
3300	1052.7275163286079	-0.030322844591098436
3301	1052.9877401085103	-0.017470579572013506
3302	1053.2479328013435	-0.027187176021449475
3303	1053.5080943827359	-0.038957223751652476
3304	1053.7682248283163	-0.03899112322349434
3305	1054.0283241137133	-0.01998157937555016
3306	1054.2883922145556	-0.02276638095729279
3307	1054.548429106472	-0.030973404138785937
3308	1054.8084347650906	-0.021091904240547382
3309	1055.0684091660407	0.0032000349496435765
3310	1055.3283522849506	-0.010925065835627856
3311	1055.588264097449	-0.004258217913000073
3312	1055.8481445791642	-0.014830363543894193
3313	1056.1079937057254	-0.022794122975847333
3314	1056.367811452761	-0.019419698257719303
3315	1056.6275977958999	-0.0032280239666223065
3316	1056.8873527107703	-0.036962471384188164
3317	1057.147076173001	-0.03788026155967644
3318	1057.406768158221	-0.03472986640130335
3319	1057.6664286420582	-0.028442345640829078
3320	1057.926057600142	-0.01733214736968265
3321	1058.1856550081009	-0.018045672921432387
3322	1058.445220841563	-0.03114195049977883
3323	1058.7047550761577	-0.02238009306418555
3324	1058.9642576875128	-0.017898039737264615
3325	1059.2237286512577	-0.01681607892006938
3326	1059.4831679430208	0.0016827962572862343
3327	1059.7425755384306	-0.020788745427703148
3328	1060.0019514131159	-0.022943744092568982
3329	1060.2612955427055	0.002521236823487219
3330	1060.5206079028274	-0.013838623015545906
3331	1060.779888469111	0.028043806957983697
3332	1061.0391372171846	-0.027519999024230954
3333	1061.298354122677	-0.037153317295582605
3334	1061.5575391612163	-0.03457857191702883
3335	1061.816692308432	-0.009851685956859368
3336	1062.0758135399522	-0.027414661963273523
3337	1062.3349028314055	-0.027593960151755498
3338	1062.5939601584207	-0.038282312612523045
3339	1062.8529854966268	-0.041035655558146256
3340	1063.111978821652	-0.047164612296901984
3341	1063.3709401091248	-0.014585114046997985
3342	1063.6298693346741	-0.013585192074788963
3343	1063.8887664739286	-0.03196559188754383
3344	1064.147631502517	-0.01824736683074632
3345	1064.4064643960676	0.0016842780378113487
3346	1064.6652651302095	-0.023116444604158404
3347	1064.924033680571	-0.0207352200830712
3348	1065.182770022781	-0.03360601365447617
3349	1065.4414741324679	-0.04193257960048008
3350	1065.7001459852604	-0.028053442817749255
3351	1065.958785556787	0.031146122641568907
3352	1066.2173928226769	-0.03080098371630567
3353	1066.4759677585582	-0.03371615129438782
3354	1066.7345103400596	-0.03486240812498577
3355	1066.9930205428102	-0.04236778941591883
3356	1067.2514983424383	-0.034986659265789206
3357	1067.5099437145723	-0.03999576402440953
3358	1067.7683566348412	-0.033743402464675706
3359	1068.0267370788736	-0.03752162347839577
3360	1068.285085022298	0.0073685314592291384
3361	1068.5434004407432	0.028193629464025094
3362	1068.8016833098377	-0.010964492745073925
3363	1069.0599336052103	-0.025837964011931933
3364	1069.3181513024897	-0.02434813381497336
3365	1069.5763363773044	0.0066852757296603366
3366	1069.834488805283	-0.02827535784536689
3367	1070.0926085620542	0.017348696996704285
3368	1070.3506956232468	0.00021518736725076315
3369	1070.6087499644889	0.028868411131950336
3370	1070.86677156141	-0.01847405579660215
3371	1071.1247603896381	0.02285978288402009
3372	1071.382716424802	-0.014031725622637534
3373	1071.6406396425305	-0.01774084041458679
3374	1071.8985300184522	-0.0436458692891412
3375	1072.1563875281954	-0.03996079860256477
3376	1072.4142121473892	-0.0070183322103231915
3377	1072.6720038516619	-0.01520705873653351
3378	1072.9297626166426	-0.030516377427032365
3379	1073.1874884179595	-0.027296702847574267
3380	1073.4451812312413	-0.042601718787214714
3381	1073.7028410321168	-0.04583266682453192
3382	1073.9604677962147	-0.0501148057628959
3383	1074.2180614991635	-0.06207888289643373
3384	1074.475622116592	-0.04129335561265413
3385	1074.7331496241284	-0.019739302883529306
3386	1074.990643997402	-0.02612416531913496
3387	1075.2481052120409	-0.01604579831913061
3388	1075.505533243674	0.013075377114726533
3389	1075.76292806793	0.009205104898685673
3390	1076.0202896604374	-0.0036441266696682906
3391	1076.277617996825	0.004081528061916376
3392	1076.534913052721	-0.002760245063382266
3393	1076.7921748037545	-0.0246438186506769
3394	1077.0494032255544	-0.047138527387931034
3395	1077.3065982937487	-0.016085386211980995
3396	1077.5637599839663	0.008581845624912238
3397	1077.8208882718359	0.0012814557851388714
3398	1078.0779831329862	0.007884891396385346
3399	1078.3350445430458	0.03482656904858457
3400	1078.5920724776431	-0.030890954791206557
3401	1078.8490669124071	-0.0224985522369041
3402	1079.106027822966	-0.024544894577575672
3403	1079.3629551849492	-0.026684668367631316
3404	1079.6198489739845	-0.027325981193096816
3405	1079.8767091657012	-0.01769361088380287
3406	1080.1335357357275	-0.02625300917439051
3407	1080.3903286596924	-0.01513450552733496
3408	1080.647087913224	-0.027949848756917424
3409	1080.9038134719515	-0.02309206742147559
3410	1081.1605053115036	-0.0034792265135268202
3411	1081.4171634075085	0.0035707842476209173
3412	1081.673787735595	-0.023023480077523577
3413	1081.9303782713919	-0.025760348312620175
3414	1082.1869349905276	-0.04147915994422697
3415	1082.443457868631	0.009666920567901416
3416	1082.6999468813306	-0.0034838084169659944
3417	1082.9564020042549	0.004697994653145056
3418	1083.2128232130328	-0.025605942000392054
3419	1083.469210483293	-0.03501159233906324
3420	1083.7255637906637	-0.02755778365141854
3421	1083.9818831107743	-0.029158720407751415
3422	1084.2381684192526	-0.017580576948264023
3423	1084.4944196917281	-0.009640685748023112
3424	1084.7506369038285	-0.017918767894570628
3425	1085.006820031183	-0.019100507078286408
3426	1085.2629690494205	-0.013991252231651867
3427	1085.519083934169	0.012759598605698669
3428	1085.7751646610577	-0.02895621507163109
3429	1086.0312112057147	-0.016011287687128666
3430	1086.2872235437694	-0.018712821896126566
3431	1086.5432016508498	0.029704767869043566
3432	1086.7991455025847	0.004644628853481783
3433	1087.0550550746027	-0.012409067395959691
3434	1087.3109303425326	-0.021355151155015874
3435	1087.566771282003	-0.017816436684661527
3436	1087.8225778686424	-0.034202362400861025
3437	1088.07835007808	-0.028549685060444755
3438	1088.3340878859435	-0.04174326985313766
3439	1088.5897912678622	-0.028978095261135123
3440	1088.845460199465	-0.07962106373943718
3441	1089.1010946563797	-0.04253428226576793
3442	1089.3566946142355	-0.014722758391361265
3443	1089.612260048661	0.07219372785523198
3444	1089.8677909352848	-0.03193549133297738
3445	1090.1232872497355	-0.016912450813959187
3446	1090.3787489676417	-0.047676037676635544
3447	1090.6341760646324	-0.03235317373770498
3448	1090.8895685163357	-0.02678325518466156
3449	1091.1449262983806	-0.0022137359656817235
3450	1091.4002493863957	-0.02354417507017314
3451	1091.6555377560096	-0.10083275809617584
3452	1091.910791382851	-0.06041118661729342
3453	1092.1660102425483	-0.04692957543602401
3454	1092.4211943107305	-0.019138991356113348
3455	1092.676343563026	-0.009395012224911833
3456	1092.9314579750635	0.00033798233312713755
3457	1093.1865375224716	-0.013946821777789845
3458	1093.441582180879	0.04416223403639105
3459	1093.6965919259148	-0.0025825007342197004
3460	1093.9515667332068	-0.050451382377680896
3461	1094.2065065783843	-0.066761068840745
3462	1094.4614114370756	-0.03982503688392748
3463	1094.7162812849092	-0.017493291065143454
3464	1094.9711160975144	-0.015884645971161668
3465	1095.2259158505192	-0.019628258383577662
3466	1095.4806805195524	-0.010249440146723049
3467	1095.735410080243	-0.009726655473219728
3468	1095.990104508219	0.0008492178117724056
3469	1096.24476377911	0.28947371055279125
3470	1096.4993878685436	0.009745852052864871
3471	1096.753976752149	-0.019030820129421422
3472	1097.0085304055547	0.002290955746660349
3473	1097.2630488043894	0.03897535753111912
3474	1097.517531924282	-0.021541477904825038
3475	1097.7719797408604	1.1165568912945996
3476	1098.026392229754	-0.01075338468830056
3477	1098.2807693665914	-0.013088033191664739
3478	1098.5351111270008	-0.006943612231763159
3479	1098.789417486611	-0.035784955234250584
3480	1099.0436884210508	-0.0679777531558504
3481	1099.2979239059487	-0.0356113260204092
3482	1099.5521239169336	-0.0014285581518445611
3483	1099.8062884296337	0.0639258828090555
3484	1100.060417419678	0.004374067737382185
3485	1100.314510862695	0.29821077497827797
3486	1100.5685687343134	0.044259975086494076
3487	1100.822591010162	0.06133296454660169
3488	1101.0765776658689	-0.00870065169712235
3489	1101.3305286770635	-0.02155651652128261
3490	1101.584444019374	-0.01768804329871209
3491	1101.8383236684288	0.011191736114662072
3492	1102.0921675998572	0.0032444167954892786
3493	1102.3459757892874	0.005655705529490462
3494	1102.599748212348	-0.0038102518282039505
3495	1102.8534848446677	0.0015330125977364994
3496	1103.1071856618755	0.005336728767341616
3497	1103.3608506395997	-0.04462652055433745
3498	1103.6144797534691	-0.008955995595409362
3499	1103.8680729791122	-0.024094306910136455
3500	1104.1216302921578	0.012870668007344408
3501	1104.3751516682344	-0.010477515380927463
3502	1104.6286370829707	0.010145892854327354
3503	1104.8820865119953	0.009414127236005003
3504	1105.1354999309367	0.0254712888310078
3505	1105.3888773154242	0.01750039184090789
3506	1105.6422186410855	0.0019728237778452312
3507	1105.8955238835501	-0.0013074973783363392
3508	1106.1487930184462	-0.03896747985398265
3509	1106.4020260214024	0.016513860201587703
3510	1106.6552228680475	-0.01960825314374085
3511	1106.9083835340102	-0.00853902042560493
3512	1107.161507994919	-0.005304413330581546
3513	1107.4145962264026	0.007146545430067999
3514	1107.6676482040898	0.032860211857031904
3515	1107.920663903609	-0.039742988379502374
3516	1108.1736433005885	-0.035386540017162446
3517	1108.426586370658	-0.01604002025224779
3518	1108.6794930894453	-0.019430074236180737
3519	1108.9323634325792	-0.0264171281401542
3520	1109.1851973756886	-0.012919700854040046
3521	1109.4379948944018	-0.043865402454329495
3522	1109.6907559643475	0.01699977908283478
3523	1109.9434805611547	-0.003296237695640438
3524	1110.1961686604516	-0.008196421149589055
3525	1110.4488202378673	-0.0252042406289627
3526	1110.7014352690298	-0.02522760492708752
3527	1110.9540137295685	0.00927032540150649
3528	1111.2065555951115	-0.02599564713508168
3529	1111.4590608412875	0.13032922002722938
3530	1111.7115294437256	0.0012523327436702435
3531	1111.963961378054	-0.021715374622120198
3532	1112.2163566199013	-0.04483520786729012
3533	1112.4687151448964	-0.023154157077991032
3534	1112.721036928668	-0.021087497693200105
3535	1112.9733219468444	-0.03865128066155594
3536	1113.2255701750544	-0.031679350703983034
3537	1113.4777815889267	0.11019522054772883
3538	1113.72995616409	0.056956930684855384
3539	1113.982093876173	0.30413551571667674
3540	1114.234194700804	nan
3541	1114.4862586136119	0.02530495615864035
3542	1114.7382855902254	-0.006516611780091583
3543	1114.990275606273	-0.08984287279913421
3544	1115.2422286373835	0.01342805361563911
3545	1115.4941446591854	-0.08615360368420318
3546	1115.7460236473073	-0.017279137657231505
3547	1115.997865577378	-0.2213020652461876
3548	1116.249670425026	-0.017733330390610067
3549	1116.5014381658802	-0.03239891317530213
3550	1116.7531687755688	-0.011135208764112343
3551	1117.004862229721	-0.016826750679210765
3552	1117.256518503965	-0.02013146494737813
3553	1117.5081375739296	-0.04497615243653695
3554	1117.7597194152436	0.0041950110605497425
3555	1118.0112640035354	0.0021102332739251516
3556	1118.2627713144336	-0.04014784542024902
3557	1118.5142413235671	0.000777534828243753
3558	1118.7656740065645	-0.03266457439042006
3559	1119.0170693390544	-0.04835726905007871
3560	1119.2684272966653	-0.04304569519602201
3561	1119.519747855026	-0.05659424849681367
3562	1119.771030989765	-0.021226911086243312
3563	1120.0222766765114	-0.03510537841618536
3564	1120.2734848908933	-0.017498314926251802
3565	1120.5246556085394	-0.07390528330086261
3566	1120.7757888050787	-0.4328035707727453
3567	1121.0268844561397	-0.04574087334603242
3568	1121.2779425373508	-0.23915318383490042
3569	1121.5289630243408	0.013635710773930276
3570	1121.7799458927384	-0.03962573778141803
3571	1122.0308911181721	-0.05536496938304464
3572	1122.2817986762711	-0.03669710411856579
3573	1122.5326685426633	-0.028895299612546464
3574	1122.7835006929777	-0.0072357322785722815
3575	1123.0342951028426	-0.03688295276137916
3576	1123.2850517478876	-0.012313199500808936
3577	1123.53577060374	-0.06583654441303896
3578	1123.7864516460295	-0.05617395899775636
3579	1124.0370948503844	-0.08369454478654795
3580	1124.2877001924332	-0.004493214718424517
3581	1124.5382676478048	-0.06487713435863801
3582	1124.7887971921277	-0.23919535321253987
3583	1125.0392888010306	-0.2003812576993803
3584	1125.2897424501418	-0.08859579332424064
3585	1125.5401581150907	-0.2073222208728429
3586	1125.790535771505	0.006905193028143336
3587	1126.0408753950142	0.0
3588	1126.2911769612463	-0.00754095169512389
3589	1126.5414404458306	-0.05336263875016736
3590	1126.791665824395	-0.14426210394462605
3591	1127.0418530725688	-0.13086484127786774
3592	1127.2920021659802	0.029968379308233855
3593	1127.5421130802579	-0.004559613663665125
3594	1127.792185791031	0.011317015339790785
3595	1128.0422202739276	-0.012449471616621962
3596	1128.2922165045766	-0.07525506843711133
3597	1128.5421744586065	-0.11031508608065221
3598	1128.792094111646	-0.045072460698803885
3599	1129.041975439324	-0.1401682221820093
3600	1129.2918184172688	-0.05651731950487546
3601	1129.5416230211092	-0.07048064266347075
3602	1129.7913892264737	-0.057610053567294955
3603	1130.0411170089913	-0.13599455926756876
3604	1130.29080634429	-0.10803372332163608
3605	1130.5404572079992	-0.06631730119667242
3606	1130.790069575747	0.025565085310403628
3607	1131.0396434231625	-0.019389184594518584
3608	1131.289178725874	-0.02336695602131733
3609	1131.5386754595102	-0.009491095924019302
3610	1131.7881335996997	-0.05761080930914827
3611	1132.0375531220714	-0.017975160912382108
3612	1132.2869340022537	-0.03452678307319549
3613	1132.5362762158752	-0.04690864095178118
3614	1132.7855797385646	-0.11903022269267799
3615	1133.0348445459506	-0.0759737364436751
3616	1133.2840706136622	-0.0071699253688325875
3617	1133.5332579173273	0.004841285842463308
3618	1133.782406432575	-0.0020768664600014104
3619	1134.031516135034	0.004954078715849882
3620	1134.2805870003328	0.017247325828231044
3621	1134.5296190041001	0.014701998723547792
3622	1134.7786121219647	-0.008185500025168838
3623	1135.0275663295547	0.0016949688862618736
3624	1135.2764816024992	0.010280297886524242
3625	1135.525357916427	-0.05322458277179342
3626	1135.7741952469664	-0.015373740256421244
3627	1136.022993569746	-0.0007361312189896121
3628	1136.2717528603946	0.00553907756095057
3629	1136.5204730945409	-0.049787756094946914
3630	1136.7691542478135	-0.02608545537458662
3631	1137.017796295841	0.06664149366853678
3632	1137.266399214252	-0.024583100914447695
3633	1137.5149629786754	-0.02352177813093986
3634	1137.7634875647393	-0.027903030303475577
3635	1138.0119729480732	-0.03696028265199962
3636	1138.260419104305	-0.0012546670758857952
3637	1138.5088260090636	-0.047722956194081734
3638	1138.7571936379777	-0.03418280804435177
3639	1139.0055219666756	0.002385983010478673
3640	1139.2538109707866	-0.017092463263407534
3641	1139.5020606259386	-0.052784345428258654
3642	1139.750270907761	0.007918034909465594
3643	1139.998441791882	-0.01386324896181598
3644	1140.2465732539301	-0.0002756144827787896
3645	1140.4946652695344	0.013790956097801487
3646	1140.7427178143232	0.016507501478113074
3647	1140.9907308639251	0.03036415092615423
3648	1141.238704393969	0.057478876347373704
