Index	Wavelength	Intensity
1	173.40155236017526	0.15250865890194296
2	173.625356460468	0.14057652806281123
3	173.8492279262018	0.10834375887700483
4	174.07316672554802	0.15043293347549255
5	174.2971728266781	0.17110304498756235
6	174.5212461977634	0.13181810107442152
7	174.74538680697526	0.15905418925308712
8	174.96959462248518	0.17278755556251899
9	175.19386961246445	0.19988407906575656
10	175.4182117450845	0.18807401913570865
11	175.64262098851674	0.17430841426843502
12	175.86709731093254	0.15990572198492112
13	176.09164068050328	0.164053094971507
14	176.31625106540037	0.14853684204707956
15	176.54092843379516	0.14181468733179417
16	176.76567275385906	0.13210250043150235
17	176.9904839937635	0.15494963409399323
18	177.21536212167982	0.1724066811841924
19	177.44030710577943	0.18041223936265727
20	177.6653189142337	0.15703524858468224
21	177.89039751521403	0.1616963797108657
22	178.11554287689185	0.1719913610346346
23	178.34075496743847	0.19673085130909823
24	178.56603375502536	0.17176981653357182
25	178.79137920782384	0.1784630922979021
26	179.01679129400534	0.15586405458112057
27	179.24226998174126	0.15723530377994838
28	179.46781523920296	0.18656012009693396
29	179.69342703456184	0.1581719759936409
30	179.9191053359893	0.15826082120428742
31	180.1448501116567	0.16055679823743074
32	180.37066132973547	0.1450966626158559
33	180.59653895839696	0.15501185484367322
34	180.82248296581258	0.16681640530777794
35	181.0484933201537	0.15721413739400222
36	181.27456998959178	0.14861128470656187
37	181.50071294229812	0.16964296987391964
38	181.72692214644414	0.16180184582342505
39	181.95319757020127	0.14534843343242076
40	182.17953918174084	0.1542459979106251
41	182.40594694923428	0.16968937174081425
42	182.63242084085294	0.177234747000059
43	182.85896082476825	0.16485731741954993
44	183.0855668691516	0.1741357364214485
45	183.31223894217433	0.16697884988849632
46	183.53897701200788	0.15817764765695833
47	183.76578104682363	0.13853972727924935
48	183.99265101479295	0.15090739764555908
49	184.21958688408725	0.15257325992605908
50	184.4465886228779	0.1752560145706071
51	184.6736561993363	0.17809202965187554
52	184.90078958163386	0.17106827663271224
53	185.12798873794193	0.15917820412539058
54	185.35525363643194	0.14535449068283246
55	185.58258424527523	0.1653387271601975
56	185.80998053264324	0.17242130715724768
57	186.03744246670732	0.15352628343238944
58	186.26497001563888	0.13842799397034322
59	186.49256314760933	0.17220428951396277
60	186.72022183079002	0.1594690896035958
61	186.94794603335237	0.15881216302826714
62	187.17573572346774	0.1461017930400621
63	187.40359086930752	0.15599929143027833
64	187.63151143904315	0.15667013481935482
65	187.85949740084595	0.16934478209910314
66	188.0875487228874	0.14972400472097472
67	188.3156653733388	0.1495334310876888
68	188.54384732037155	0.174514154502187
69	188.77209453215707	0.16331058087743647
70	189.00040697686677	0.15961214251296824
71	189.22878462267198	0.1570427817154405
72	189.45722743774414	0.16433686069338818
73	189.68573539025462	0.1562021655733643
74	189.9143084483748	0.16218981461333373
75	190.1429465802761	0.165907342984949
76	190.37164975412986	0.1582502177574443
77	190.6004179381075	0.14800667655885538
78	190.82925110038045	0.14649405749004993
79	191.05814920912002	0.1668681010372564
80	191.28711223249766	0.18249760423505051
81	191.51614013868473	0.19278482680432288
82	191.7452328958526	0.17389377014433002
83	191.97439047217273	0.1561306832545062
84	192.20361283581644	0.15641359396325327
85	192.43289995495516	0.16006985786248987
86	192.66225179776026	0.1555981347450226
87	192.89166833240313	0.14978830298818802
88	193.12114952705517	0.14701100893989183
89	193.35069534988776	0.1373964466091899
90	193.58030576907228	0.15936416651128404
91	193.80998075278015	0.1585971727408833
92	194.03972026918274	0.1677007392935816
93	194.26952428645143	0.18442693821506964
94	194.49939277275763	0.17285396440413714
95	194.72932569627272	0.15990504903763755
96	194.9593230251681	0.15519460468912807
97	195.18938472761513	0.16693376255970438
98	195.41951077178524	0.15542308894776274
99	195.6497011258498	0.14809178218232716
100	195.87995575798018	0.1589331399469893
101	196.11027463634778	0.16214688996466065
102	196.34065772912402	0.161473521382799
103	196.57110500448027	0.16307864391653165
104	196.8016164305879	0.17292303319667152
105	197.03219197561833	0.17100281926135405
106	197.26283160774292	0.16743911197394193
107	197.49353529513309	0.16740732789313525
108	197.72430300596022	0.17287205140386322
109	197.9551347083957	0.17276189165651018
110	198.18603037061087	0.16782198087560418
111	198.41698996077722	0.17105697274280252
112	198.64801344706603	0.15714585617321605
113	198.8791007976488	0.1593603854051757
114	199.11025198069683	0.1743768695701624
115	199.34146696438154	0.17171584105843396
116	199.57274571687432	0.17346295056057054
117	199.80408820634656	0.16077603758649273
118	200.03549440096967	0.14937671658424456
119	200.266964268915	0.15919078118174457
120	200.49849777835396	0.15766450224808914
121	200.73009489745795	0.1691853339804792
122	200.96175559439834	0.1602342991204181
123	201.19347983734653	0.15662198807508204
124	201.42526759447392	0.16570734586172553
125	201.65711883395187	0.16757247308623546
126	201.8890335239518	0.16461236775043775
127	202.1210116326451	0.1700910025047925
128	202.3530531282031	0.16381815616121437
129	202.58515797879727	0.16276876415033364
130	202.81732615259898	0.16126801139824212
131	203.04955761777956	0.17558401661873774
132	203.2818523425105	0.1699471008328496
133	203.51421029496308	0.1635446239230463
134	203.74663144330876	0.1723688131610863
135	203.9791157557189	0.1731136730712403
136	204.21166320036494	0.16214594736987256
137	204.44427374541823	0.16852135012084368
138	204.67694735905013	0.16394357440881452
139	204.90968400943208	0.1676455273607075
140	205.14248366473544	0.174585154999285
141	205.37534629313163	0.1638646097086313
142	205.608271862792	0.16621052609105502
143	205.84126034188796	0.15615534880996754
144	206.07431169859092	0.15811280465409205
145	206.30742590107224	0.1561071657623181
146	206.5406029175033	0.16446949429259297
147	206.77384271605553	0.1569093089708182
148	207.00714526490026	0.15049057414316788
149	207.24051053220896	0.15901355384129157
150	207.47393848615295	0.1586354253845686
151	207.70742909490366	0.16597322281777066
152	207.94098232663245	0.1640830663718701
153	208.17459814951076	0.16710865304357167
154	208.4082765317099	0.16177924794349943
155	208.64201744140132	0.15314140571648752
156	208.8758208467564	0.1609475801749769
157	209.1096867159465	0.16431495055540812
158	209.34361501714307	0.1673322231357114
159	209.57760571851745	0.15800691335097206
160	209.81165878824103	0.15735466631531833
161	210.0457741944852	0.16919286648477252
162	210.2799519054214	0.16697320807760715
163	210.51419188922097	0.1625952300090508
164	210.7484941140553	0.15918538103442964
165	210.98285854809578	0.16255589469451726
166	211.2172851595138	0.16518885652504345
167	211.4517739164808	0.16224944300006214
168	211.68632478716808	0.15709845489009489
169	211.9209377397471	0.16372867978692815
170	212.15561274238925	0.1601185022183052
171	212.39034976326587	0.16507140649445062
172	212.62514877054838	0.16216202363942134
173	212.86000973240817	0.17391585172729995
174	213.09493261701664	0.16979781650958972
175	213.32991739254513	0.1671785829447856
176	213.56496402716508	0.16669329675285696
177	213.80007248904786	0.17314160313417648
178	214.03524274636487	0.16459472709843576
179	214.2704747672875	0.16716839715903759
180	214.50576851998713	0.157118316890382
181	214.74112397263514	0.16442028291720912
182	214.97654109340294	0.15480983051954236
183	215.21201985046193	0.1587974412335053
184	215.44756021198344	0.16298254102921095
185	215.68316214613895	0.16414825552164866
186	215.91882562109976	0.17053779887023612
187	216.15455060503731	0.16730774789385147
188	216.39033706612298	0.16684168183356168
189	216.62618497252816	0.16368545923933303
190	216.86209429242427	0.16921329718026612
191	217.09806499398263	0.1659202114584046
192	217.33409704537468	0.15713743600553318
193	217.5701904147718	0.16793145794390546
194	217.80634507034534	0.16031470116591595
195	218.04256098026676	0.16965950361848714
196	218.2788381127074	0.15886394524872835
197	218.5151764358387	0.17606724128787532
198	218.75157591783199	0.16620553067143595
199	218.98803652685868	0.16464664882300659
200	219.22455823109016	0.17098133449534234
201	219.46114099869783	0.1659707339195647
202	219.69778479785307	0.14905562315367224
203	219.9344895967273	0.16109815250028456
204	220.17125536349184	0.15317173612879964
205	220.40808206631814	0.16866414263890464
206	220.64496967337757	0.17893410732458728
207	220.88191815284154	0.17646715298769647
208	221.11892747288138	0.17643565500433808
209	221.35599760166855	0.17828334996486142
210	221.5931285073744	0.17334707395573107
211	221.83032015817034	0.16411718179469773
212	222.06757252222772	0.162738836562554
213	222.30488556771797	0.16260906493326363
214	222.54225926281248	0.16301992448667377
215	222.77969357568264	0.16213623797657178
216	223.0171884744998	0.16433861834206626
217	223.25474392743538	0.1636958384040875
218	223.49235990266078	0.16821344259831778
219	223.73003636834736	0.17619124315958334
220	223.96777329266652	0.16709152889394913
221	224.20557064378966	0.1642438555508412
222	224.44342838988817	0.15691788031584827
223	224.68134649913344	0.1620124437696226
224	224.91932493969685	0.17090557443194793
225	225.15736367974978	0.17257728076099715
226	225.39546268746363	0.17030932352086123
227	225.63362193100983	0.1628769044314197
228	225.87184137855968	0.17026970923127038
229	226.11012099828463	0.16684618183922728
230	226.34846075835608	0.17258808240009782
231	226.5868606269454	0.17594241784925382
232	226.82532057222397	0.16914512214940428
233	227.0638405623632	0.1736385900554111
234	227.30242056553445	0.17145033317929143
235	227.54106054990916	0.1764249293984014
236	227.77976048365866	0.17158454563787373
237	228.01852033495436	0.16757062210884138
238	228.2573400719677	0.1639663036586306
239	228.49621966286998	0.1627552987778283
240	228.73515907583266	0.17039371682093024
241	228.97415827902708	0.16609191152715505
242	229.21321724062466	0.16549089833810768
243	229.4523359287968	0.1735399560272052
244	229.69151431171488	0.1729628346572485
245	229.93075235755026	0.17131268597754065
246	230.17005003447437	0.1691462434329881
247	230.4094073106586	0.16960168340615603
248	230.64882415427428	0.17452336331166501
249	230.8883005334929	0.17013915695587095
250	231.12783641648574	0.16585466376186328
251	231.36743177142426	0.1631414724980073
252	231.6070865664798	0.16407511901892924
253	231.84680076982383	0.16348251959977078
254	232.08657434962765	0.16593442505274855
255	232.32640727406272	0.17603090556541448
256	232.56629951130037	0.16810681613272482
257	232.80625102951205	0.16652507264756714
258	233.0462617968691	0.1612637312082681
259	233.2863317815429	0.16947818277713966
260	233.5264609517049	0.16640210813880324
261	233.76664927552648	0.17324213106634928
262	234.00689672117898	0.15611096631415491
263	234.2472032568338	0.16340305897110663
264	234.48756885066234	0.16690059046349143
265	234.72799347083603	0.16794757994844436
266	234.96847708552622	0.1645716667219586
267	235.20901966290427	0.16503431503189564
268	235.44962117114164	0.1675188839039057
269	235.69028157840967	0.16949245762066423
270	235.93100085287975	0.16650681912835122
271	236.1717789627233	0.1670414990674041
272	236.41261587611166	0.17157668083489855
273	236.65351156121628	0.16477272500720777
274	236.8944659862085	0.15980356470200194
275	237.13547911925974	0.16579197728811365
276	237.3765509285414	0.17054246325646838
277	237.61768138222484	0.1669396315847582
278	237.85887044848144	0.16257964667475847
279	238.10011809548263	0.16387882087416591
280	238.34142429139976	0.166135359333129
281	238.58278900440425	0.17353234841298534
282	238.82421220266747	0.1685883592476992
283	239.06569385436083	0.1740296214422038
284	239.3072339276557	0.17752690852388656
285	239.54883239072348	0.17907579600075296
286	239.79048921173552	0.17497824863602773
287	240.03220435886328	0.17248124737081075
288	240.2739778002781	0.1749432409826414
289	240.51580950415138	0.17492575461413576
290	240.75769943865453	0.16855932495253942
291	240.99964757195892	0.17390640046466063
292	241.24165387223593	0.17836742590424445
293	241.483718307657	0.1664593018396603
294	241.72584084639342	0.16644306996091893
295	241.96802145661667	0.16951167294388697
296	242.21026010649814	0.16724400820805196
297	242.45255676420913	0.16665276913731064
298	242.69491139792115	0.16899599376972485
299	242.9373239758055	0.1685658985509702
300	243.1797944660336	0.16407367027631684
301	243.42232283677686	0.17239692767111878
302	243.66490905620662	0.1657365892064867
303	243.9075530924943	0.17521579758884032
304	244.1502549138113	0.16889947121928237
305	244.393014488329	0.1646505925768164
306	244.63583178421874	0.16618866679430955
307	244.878706769652	0.16068628697158127
308	245.1216394128001	0.16410830279476568
309	245.36462968183451	0.16393850140363178
310	245.6076775449265	0.16558069592111058
311	245.85078297024756	0.1686234437305051
312	246.09394592596902	0.16534799188256777
313	246.33716638026232	0.16249835459385734
314	246.58044430129883	0.1640196350130838
315	246.8237796572499	0.16718227044221598
316	247.06717241628695	0.16622862014298204
317	247.31062254658138	0.16201059252326616
318	247.5541300163046	0.16613468755920935
319	247.79769479362795	0.168853646030728
320	248.04131684672285	0.16660753848619814
321	248.28499614376062	0.167149050922601
322	248.52873265291277	0.16533653151541935
323	248.7725263423506	0.16815014484963178
324	249.01637718024557	0.16544207937811975
325	249.260285134769	0.17169104399524313
326	249.5042501740923	0.1708151530402679
327	249.7482722663869	0.1672836101323025
328	249.9923513798241	0.16690073029920083
329	250.2364874825754	0.16854317487679787
330	250.48068054281208	0.16465215871724717
331	250.7249305287056	0.16818068465969607
332	250.96923740842738	0.16483143087425947
333	251.21360115014875	0.16725127616995597
334	251.45802172204108	0.16675720292351154
335	251.70249909227581	0.16625963998710563
336	251.94703322902433	0.1720998182251456
337	252.191624100458	0.16890382083265587
338	252.4362716747482	0.16298384624353718
339	252.68097592006637	0.16213781422186171
340	252.92573680458386	0.16451095397007562
341	253.17055429647206	0.16836671966078443
342	253.41542836390238	0.16482932220357152
343	253.66035897504622	0.16795739395221188
344	253.90534609807492	0.1795868060392428
345	254.15038970115992	0.17282393462235165
346	254.3954897524726	0.1639388600554608
347	254.6406462201843	0.161385366750426
348	254.88585907246647	0.15837805712387817
349	255.13112827749046	0.1705746635442538
350	255.3764538034277	0.16847302296614894
351	255.62183561844952	0.17101010135060832
352	255.8672736907274	0.1652419845392879
353	256.1127679884326	0.1722857268487561
354	256.3583184797367	0.164799246421657
355	256.60392513281084	0.16962809694294698
356	256.84958791582665	0.17270167007993847
357	257.09530679695536	0.16690813105018074
358	257.3410817443684	0.16794299783140365
359	257.5869127262372	0.17488811847283547
360	257.8327997107331	0.16786542051165543
361	258.07874266602755	0.16958183718407221
362	258.3247415602919	0.16678009190445406
363	258.5707963616975	0.17083603792684246
364	258.8169070384158	0.16780928705263487
365	259.06307355861816	0.16811744937413742
366	259.309295890476	0.1635555611573241
367	259.5555740021607	0.1653163613835892
368	259.8019078618436	0.1706977482395287
369	260.04829743769614	0.1676368053430976
370	260.2947426978897	0.1725184742176269
371	260.54124361059564	0.174710081080616
372	260.78780014398546	0.1733947811224557
373	261.0344122662304	0.16721338602626032
374	261.2810799455019	0.16548128919025723
375	261.5278031499714	0.1655315324769794
376	261.7745818478103	0.16697623034421866
377	262.0214160071898	0.17031205463505486
378	262.2683055962816	0.16683962028039842
379	262.51525058325683	0.16665635785389993
380	262.762250936287	0.16669977083038334
381	263.00930662354347	0.16295453355416034
382	263.25641761319764	0.1702069119128247
383	263.5035838734209	0.166658406976823
384	263.75080537238455	0.16846151593398187
385	263.99808207826015	0.1732423020340077
386	264.245413959219	0.17276245419697223
387	264.4928009834324	0.17493165942278438
388	264.7402431190719	0.16373724436599735
389	264.98774033430885	0.16292721210842473
390	265.2352925973146	0.16151514091045743
391	265.4828998762605	0.1654425144035329
392	265.73056213931795	0.1644886089833593
393	265.97827935465847	0.16866476709676306
394	266.2260514904533	0.17046184093463354
395	266.47387851487395	0.16789587525358787
396	266.72176039609167	0.1701547698912454
397	266.96969710227796	0.17654084394956507
398	267.21768860160415	0.1692280396396415
399	267.4657348622417	0.17347214563821406
400	267.7138358523619	0.18087858510026417
401	267.96199154013624	0.17824541111988487
402	268.21020189373604	0.1747397946825212
403	268.45846688133275	0.16949481182873924
404	268.7067864710977	0.1686031521514582
405	268.95516063120226	0.17510400733585904
406	269.20358932981793	0.17772975484735917
407	269.452072535116	0.17992782054587908
408	269.70061021526783	0.16995648950761585
409	269.94920233844493	0.17290534390067672
410	270.19784887281867	0.1677918142796942
411	270.44654978656035	0.16855294932677709
412	270.69530504784143	0.17243956112405873
413	270.9441146248332	0.1698146610890545
414	271.1929784857073	0.1711232861265449
415	271.4418965986348	0.16696818072351516
416	271.69086893178724	0.16451643432133767
417	271.939895453336	0.16990818405051133
418	272.1889761314526	0.16613090772514572
419	272.43811093430816	0.16401771716163208
420	272.6872998300743	0.16518867889670794
421	272.9365427869223	0.16504634915886685
422	273.1858397730236	0.17021609273770022
423	273.43519075654956	0.16514991836486242
424	273.68459570567154	0.17277685398680123
425	273.93405458856097	0.1689074770838984
426	274.1835673733892	0.16930329787968812
427	274.4331340283277	0.16624006107003156
428	274.68275452154785	0.1701006244611955
429	274.9324288212209	0.16926343828102056
430	275.1821568955184	0.16920961271436336
431	275.43193871261167	0.1640057461829949
432	275.68177424067215	0.15956964227104722
433	275.93166344787113	0.1646921804957548
434	276.1816063023801	0.1755932254492588
435	276.4316027723704	0.1687754944892626
436	276.6816528260134	0.16326370503229884
437	276.93175643148055	0.16332586387983714
438	277.1819135569432	0.16253539950311824
439	277.4321241705727	0.17339140028100863
440	277.68238824054055	0.17379890851332383
441	277.93270573501803	0.1733643640946648
442	278.1830766221766	0.15992046048205066
443	278.43350087018763	0.16239374307187132
444	278.6839784472225	0.16597390312349106
445	278.9345093214526	0.17085931230451176
446	279.18509346104935	0.1720473372244044
447	279.4357308341841	0.1699563474475182
448	279.6864214090282	0.1687348791066999
449	279.93716515375314	0.1669816805500019
450	280.1879620365302	0.16731744949976984
451	280.4388120255309	0.168888962394881
452	280.68971508892656	0.1689184555636298
453	280.9406711948886	0.16351623310412614
454	281.1916803115883	0.16771871415543327
455	281.44274240719716	0.17022469209750107
456	281.69385744988654	0.16935733998300187
457	281.94502540782787	0.1752747066538982
458	282.1962462491924	0.1698137957669081
459	282.4475199421517	0.17058279534640344
460	282.69884645487707	0.16644463956430006
461	282.9502257555399	0.16884352890391816
462	283.20165781231157	0.16681644143114666
463	283.4531425933635	0.17097265047611793
464	283.704680066867	0.16884723537421453
465	283.95627020099363	0.16964889063123284
466	284.2079129639146	0.17173304912685547
467	284.45960832380143	0.17299821157493414
468	284.71135624882544	0.16920190523561054
469	284.963156707158	0.1742643028327736
470	285.21500966697056	0.16547047380278349
471	285.4669150964345	0.16835343919193319
472	285.71887296372114	0.17257461055268566
473	285.97088323700194	0.1687744977539163
474	286.2229458844483	0.169645837701337
475	286.47506087423153	0.17460681634681008
476	286.72722817452313	0.17086485322128792
477	286.97944775349436	0.16949371406209274
478	287.23171957931675	0.16478251669281704
479	287.4840436201616	0.17067008933184535
480	287.73641984420027	0.16108119835490023
481	287.9888482196042	0.17109135349122484
482	288.24132871454486	0.17451350987424538
483	288.49386129719346	0.16900951151093555
484	288.74644593572157	0.1653589882109778
485	288.99908259830045	0.16737563321619092
486	289.25177125310154	0.1677136310534882
487	289.5045118682962	0.16447786062768985
488	289.7573044120559	0.16733819600181918
489	290.01014885255194	0.17019410840165763
490	290.2630451579558	0.16251951618912686
491	290.51599329643875	0.16242989128154212
492	290.76899323617226	0.1677835879582724
493	291.02204494532765	0.16466264481013193
494	291.2751483920764	0.16766221125425876
495	291.5283035445899	0.16299836506833995
496	291.7815103710395	0.15899146904631056
497	292.03476883959655	0.16297410051853684
498	292.28807891843246	0.16342586777542287
499	292.5414405757187	0.17174341176363087
500	292.7948537796266	0.17134490497877444
501	293.0483184983275	0.16193070918084057
502	293.30183469999287	0.16443017224776715
503	293.55540235279403	0.16602714049096762
504	293.8090214249024	0.17054256876057913
505	294.0626918844895	0.17297305923800796
506	294.31641369972647	0.16496327508762298
507	294.5701868387849	0.16759932439230568
508	294.82401126983603	0.16260997944524685
509	295.0778869610514	0.16993971759114554
510	295.3318138806023	0.1707473329406034
511	295.58579199666013	0.16775424805546324
512	295.83982127739625	0.1650189011379999
513	296.0939016909822	0.16952065295543636
514	296.34803320558916	0.16706934289625794
515	296.60221578938865	0.16413995540448703
516	296.8564494105521	0.16167265914923892
517	297.1107340372508	0.16580010651088814
518	297.3650696376561	0.1678127813349935
519	297.61945617993956	0.16860007530797347
520	297.87389363227237	0.1711206752018738
521	298.1283819628261	0.16698444450926472
522	298.38292113977207	0.16579911674887698
523	298.6375111312816	0.17192413562533496
524	298.89215190552613	0.16481056277764852
525	299.1468434306771	0.16388068489526073
526	299.40158567490585	0.16309036403457047
527	299.6563786063838	0.1667511709328985
528	299.91122219328224	0.16306666883455914
529	300.1661164037727	0.1668348329666144
530	300.4210612060265	0.16746873706614407
531	300.676056568215	0.16563263880196805
532	300.9311024585097	0.1734728422541596
533	301.1861988450819	0.17306574487497123
534	301.4413456961029	0.17347794209121908
535	301.6965429797443	0.1721829259628045
536	301.95179066417734	0.16563317154933474
537	302.20708871757347	0.16673841381828794
538	302.46243710810404	0.1652231240044076
539	302.7178358039405	0.1659861035236671
540	302.97328477325414	0.16345900043540984
541	303.2287839842164	0.16578602272598955
542	303.4843334049988	0.16336283480886457
543	303.73993300377253	0.1671141441950976
544	303.995582748709	0.16842734123836212
545	304.25128260797976	0.1643745722587095
546	304.5070325497561	0.1650670692587563
547	304.76283254220937	0.16366205253421898
548	305.018682553511	0.1623784496722683
549	305.27458255183234	0.16034147462632126
550	305.53053250534487	0.171240085054019
551	305.7865323822199	0.16905405871373136
552	306.04258215062885	0.15975651557335718
553	306.2986817787431	0.1638331545566567
554	306.554831234734	0.16420387057004687
555	306.8110304867731	0.16869079273133653
556	307.0672795030316	0.16667454062973167
557	307.323578251681	0.16982409007156182
558	307.57992670089266	0.17146531104663593
559	307.8363248188379	0.17101655662693965
560	308.0927725736882	0.1677988943188482
561	308.34926993361495	0.16945069875433885
562	308.6058168667895	0.16289764454591427
563	308.8624133413832	0.16525649626087494
564	309.11905932556755	0.1722999118110755
565	309.37575478751387	0.1706310221838441
566	309.63249969539356	0.1670491914590354
567	309.889294017378	0.17186229101906905
568	310.1461377216385	0.16349573620139865
569	310.40303077634667	0.16251712794635148
570	310.65997314967376	0.16250595098287202
571	310.9169648097911	0.1641892014389837
572	311.1740057248702	0.16932070428064006
573	311.43109586308236	0.17506629973790508
574	311.68823519259905	0.16850995862067727
575	311.9454236815916	0.17125841060140876
576	312.2026612982314	0.16677808020906776
577	312.4599480106898	0.1656622148541348
578	312.71728378713834	0.16150780361634032
579	312.9746685957483	0.16668976306068573
580	313.23210240469103	0.16883264861313294
581	313.489585182138	0.16711148922353286
582	313.74711689626054	0.16725139449583468
583	314.00469751523013	0.16087750090235614
584	314.2623270072181	0.16532209490994212
585	314.5200053403958	0.16920761709413057
586	314.77773248293465	0.16725546136757324
587	315.03550840300613	0.16631764271007637
588	315.29333306878146	0.16464841293730856
589	315.5512064484322	0.169441855958573
590	315.8091285101296	0.16488233306246508
591	316.06709922204516	0.16392138588923488
592	316.32511855235015	0.16308706296126313
593	316.58318646921606	0.16624956108697622
594	316.8413029408142	0.1670132997702389
595	317.0994679353161	0.17520549680242817
596	317.357681420893	0.17229969680704638
597	317.61594336571636	0.16850725474681116
598	317.8742537379576	0.1590585400134647
599	318.13261250578796	0.1647145893492629
600	318.39101963737903	0.1613486687489062
601	318.649475100902	0.1698108531814537
602	318.90797886452845	0.16853603309456497
603	319.16653089642966	0.1722606973225154
604	319.4251311647771	0.1722271944432439
605	319.683779637742	0.1693320923660096
606	319.9424762834959	0.16692889197734764
607	320.2012210702102	0.17090632186758126
608	320.4600139660561	0.16613694440378482
609	320.71885493920524	0.16441366639743554
610	320.9777439578288	0.17257998035341665
611	321.2366809900983	0.17250744224688913
612	321.49566600418507	0.16975617476106963
613	321.7546989682605	0.16810802211887538
614	322.0137798504961	0.16448949729587106
615	322.27290861906306	0.17004583849971927
616	322.5320852421329	0.17049562363677917
617	322.791309687877	0.17205267337567615
618	323.0505819244667	0.1757604061906988
619	323.30990192007346	0.17492368993481658
620	323.56926964286856	0.1660040623608184
621	323.82868506102346	0.16670830616522453
622	324.08814814270954	0.17079233589665727
623	324.3476588560983	0.169988982489702
624	324.60721716936087	0.16539943783189173
625	324.8668230506689	0.16866786328419012
626	325.12647646819363	0.16309185021429734
627	325.38617739010647	0.16625473141971892
628	325.6459257845789	0.17197196093022446
629	325.9057216197822	0.17196053217558868
630	326.16556486388777	0.16393993859521896
631	326.4254554850671	0.1634850831393259
632	326.68539345149145	0.16280156474643187
633	326.9453787313323	0.16597490127682074
634	327.205411292761	0.16196678138479373
635	327.4654911039489	0.16322662366914442
636	327.72561813306754	0.16443291060046286
637	327.98579234828816	0.1677477264427885
638	328.24601371778215	0.16429560735185209
639	328.506282209721	0.1694164402336533
640	328.7665977922761	0.16633195483881874
641	329.0269604336187	0.1658320401452326
642	329.28737010192026	0.16740111870957866
643	329.5478267653523	0.16512772435381343
644	329.80833039208596	0.1675735682441276
645	330.06888095029285	0.16848612012124561
646	330.32947840814427	0.16496206937706567
647	330.59012273381154	0.16968343883488204
648	330.8508138954662	0.1666240322836349
649	331.1115518612795	0.16380586201020636
650	331.37233659942297	0.16230809096723958
651	331.63316807806785	0.1679372477793509
652	331.89404626538567	0.1704529018564502
653	332.1549711295477	0.1632510604909046
654	332.41594263872537	0.16159802756628797
655	332.6769607610901	0.16600522137180446
656	332.9380254648133	0.16875658236140936
657	333.19913671806626	0.16636683561003643
658	333.4602944890204	0.16804333169763452
659	333.7214987458472	0.17445780362102217
660	333.982749456718	0.1728290816629756
661	334.24404658980416	0.1708093078896616
662	334.50539011327703	0.16383859134037573
663	334.7667799953081	0.16314607728850417
664	335.0282162040687	0.16351000706860264
665	335.2896987077303	0.16169364898140465
666	335.5512274744642	0.16184447613213007
667	335.8128024724418	0.1653151908458674
668	336.07442366983446	0.16862463297796026
669	336.33609103481365	0.1669568523322792
670	336.5978045355507	0.16860276938014082
671	336.85956414021706	0.17555854093447695
672	337.12136981698404	0.16951840180086367
673	337.38322153402316	0.17308461899969177
674	337.64511925950563	0.16834311298975904
675	337.90706296160295	0.1657917969504964
676	338.1690526084865	0.16905005823067742
677	338.4310881683277	0.17631118004336505
678	338.6931696092978	0.16864215291453544
679	338.95529689956834	0.17022082763839927
680	339.2174700073107	0.17427105460560766
681	339.4796889006962	0.17421870629726402
682	339.7419535478963	0.16778639105646473
683	340.00426391708226	0.16121572694323325
684	340.2666199764256	0.16367700676527724
685	340.52902169409765	0.16712275578620722
686	340.79146903826984	0.1592568313638506
687	341.05396197711354	0.16928215451337664
688	341.3165004788001	0.1696266458182057
689	341.5790845115009	0.17250724113621896
690	341.84171404338747	0.17289617833334295
691	342.10438904263106	0.17246492477819295
692	342.3671094774031	0.17205380181443491
693	342.6298753158751	0.1765420164316213
694	342.8926865262182	0.1728338596319709
695	343.155543076604	0.17240009297994074
696	343.4184449352037	0.16563002145116543
697	343.68139207018885	0.17732710342923866
698	343.9443844497308	0.17198830359268324
699	344.2074220420009	0.1728159743335152
700	344.47050481517067	0.17035423048898393
701	344.7336327374113	0.16710487550911982
702	344.9968057768943	0.1744095400951856
703	345.26002390179104	0.16511987060868036
704	345.52328708027295	0.16674164103299272
705	345.78659528051134	0.17435743453851768
706	346.04994847067763	0.1763904839874271
707	346.3133466189432	0.17964635648827296
708	346.57678969347955	0.1759637589817045
709	346.8402776624579	0.1751491059826915
710	347.1038104940497	0.16091221177342185
711	347.3673881564264	0.17063067281634972
712	347.63101061775933	0.171413226202214
713	347.89467784621985	0.16589065881070608
714	348.15838980997944	0.16475648273691496
715	348.4221464772094	0.16787037849430847
716	348.68594781608124	0.17028166433632233
717	348.94979379476615	0.16794008900408125
718	349.21368438143577	0.1652090875820519
719	349.4776195442613	0.16696860714847608
720	349.7415992514142	0.16901165718416036
721	350.00562347106586	0.1717647028692673
722	350.26969217138765	0.16683464685136823
723	350.533805320551	0.17007617026064212
724	350.7979628867272	0.17299725164534324
725	351.0621648380877	0.16539316496799608
726	351.326411142804	0.17017800199377373
727	351.5907017690473	0.1753515432481252
728	351.85503668498916	0.17452075088796803
729	352.1194158588008	0.16768051736395861
730	352.38383925865367	0.16583223418383072
731	352.6483068527193	0.1679990695881594
732	352.9128186091689	0.16586830387900783
733	353.1773744961739	0.17329582116645834
734	353.4419744819058	0.175302804432837
735	353.70661853453583	0.17171497751234263
736	353.9713066222355	0.17365887177033032
737	354.23603871317613	0.17445174949700346
738	354.5008147755291	0.16810616505385179
739	354.7656347774659	0.16450818310726922
740	355.0304986871578	0.167662295629166
741	355.2954064727762	0.1707687425986547
742	355.5603581024926	0.17081717217971415
743	355.8253535444784	0.17639261933430175
744	356.09039276690476	0.16575050315681844
745	356.35547573794327	0.16600170638825107
746	356.6206024257653	0.16599180829611038
747	356.8857727985421	0.17197918817962188
748	357.15098682444534	0.16880622038899137
749	357.4162444716461	0.17042268396061425
750	357.681545708316	0.16648756898461
751	357.9468905026263	0.1763041290911556
752	358.21227882274843	0.17669439561050626
753	358.4777106368537	0.1738772331129586
754	358.7431859131137	0.1786416601327122
755	359.0087046196996	0.18227765478890914
756	359.27426672478293	0.17076299231085862
757	359.53987219653504	0.17230722685407032
758	359.8055210031273	0.1742827465892051
759	360.07121311273113	0.16881630278274934
760	360.33694849351787	0.17191594469283838
761	360.60272711365894	0.1785820302936572
762	360.86854894132574	0.17696189832525383
763	361.13441394468964	0.1773482216679374
764	361.400322091922	0.17966750124347322
765	361.6662733511944	0.18082992500989065
766	361.9322676906779	0.1716441533069419
767	362.1983050785442	0.17537430296136441
768	362.46438548296453	0.17650262084686966
769	362.7305088721103	0.18303055613438357
770	362.9966752141529	0.18803960008348805
771	363.26288447726375	0.18743788556571542
772	363.5291366296142	0.1893234614748452
773	363.7954316393757	0.19064832600794937
774	364.0617694747195	0.19089057743740082
775	364.32815010381717	0.19341431717973565
776	364.59457349483995	0.1923245062701829
777	364.8610396159593	0.1928682353074186
778	365.1275484353466	0.19357497401059956
779	365.39409992117334	0.1936533218252101
780	365.6606940416108	0.19529325013276322
781	365.9273307648303	0.19257709245076976
782	366.1940100590033	0.19061473933483936
783	366.4607318923013	0.1908463548258709
784	366.72749623289553	0.18956112255790203
785	366.9943030489575	0.18843256493980606
786	367.26115230865844	0.18695199673188567
787	367.52804398016985	0.19203377315905903
788	367.79497803166316	0.18949900803038527
789	368.0619544313097	0.19443755943808919
790	368.32897314728086	0.1942102111043218
791	368.5960341477481	0.19575172233968427
792	368.8631374008827	0.19493732250802065
793	369.1302828748561	0.1969909967375512
794	369.3974705378397	0.19155358130754113
795	369.66470035800484	0.19059064772862888
796	369.9319723035229	0.198340301886215
797	370.1992863425654	0.20543792113612774
798	370.46664244330367	0.20106265355308006
799	370.73404057390906	0.1971478390731562
800	371.00148070255295	0.20107801986624646
801	371.26896279740674	0.19875152990064926
802	371.53648682664186	0.19508563197638315
803	371.80405275842963	0.2005213563112289
804	372.0716605609415	0.19842398775269207
805	372.3393102023489	0.19934487959122682
806	372.6070016508231	0.2001031498677711
807	372.87473487453553	0.19564334975520614
808	373.14250984165767	0.19795264897188336
809	373.4103265203608	0.19988368560292155
810	373.67818487881635	0.1955765422804628
811	373.9460848851957	0.20260907191387925
812	374.21402650767027	0.20116803129925007
813	374.48200971441145	0.19858415828727272
814	374.75003447359063	0.19895237923083087
815	375.0181007533791	0.19911159758237804
816	375.28620852194837	0.1985298683229975
817	375.5543577474698	0.1958599936657876
818	375.8225483981147	0.19709745216836116
819	376.09078044205455	0.199745573103544
820	376.3590538474608	0.20059324399956605
821	376.6273685825047	0.1992522405114547
822	376.89572461535766	0.2015556375958292
823	377.1641219141911	0.20147147254492995
824	377.43256044717646	0.1994220990451392
825	377.7010401824851	0.2011235022387602
826	377.9695610882884	0.1995166711763097
827	378.23812313275766	0.2019934021695016
828	378.50672628406437	0.20377955149828697
829	378.77537051037996	0.20267305385513623
830	379.04405577987575	0.20176614567298687
831	379.31278206072307	0.20639096075366686
832	379.58154932109346	0.20979780200717568
833	379.85035752915815	0.20609044152636163
834	380.11920665308867	0.2028846247718204
835	380.38809666105635	0.2055202597820848
836	380.65702752123264	0.2049152159545082
837	380.9259992017887	0.20604220617679742
838	381.19501167089624	0.20502820453394724
839	381.4640648967264	0.21014522719612674
840	381.73315884745074	0.21142155324729978
841	382.0022934912405	0.20538593493783633
842	382.27146879626724	0.20850213367973108
843	382.5406847307022	0.20912954146225016
844	382.80994126271685	0.21194621682897544
845	383.07923836048246	0.21228686552616563
846	383.34857599217065	0.2147075721160462
847	383.61795412595256	0.2196945233868183
848	383.8873727299998	0.2225837337351492
849	384.15683177248354	0.22748541866512698
850	384.4263312215754	0.22659413826075175
851	384.69587104544655	0.2271350726893101
852	384.96545121226853	0.22575040767051474
853	385.2350716902127	0.22454180818914468
854	385.5047324474504	0.22135996820314402
855	385.77443345215306	0.22098346827391444
856	386.04417467249203	0.21831487057852736
857	386.31395607663876	0.22412096659905345
858	386.5837776327646	0.22182058259508053
859	386.85363930904094	0.22406285353599353
860	387.1235410736392	0.22340328893650405
861	387.3934828947307	0.22329899170454784
862	387.6634647404869	0.2257934234796821
863	387.9334865790792	0.23055366322395554
864	388.203548378679	0.23537217156617646
865	388.4736501074575	0.23356024911230192
866	388.74379173358636	0.23324449948370554
867	389.0139732252368	0.23496368608368592
868	389.28419455058025	0.23466986216651053
869	389.5544556777881	0.23428442387484036
870	389.82475657503176	0.23205581236092976
871	390.0950972104826	0.2285477833738038
872	390.365477552312	0.22494537393477765
873	390.63589756869135	0.2259067322685
874	390.90635722779206	0.22525352133383783
875	391.17685649778554	0.221089030076643
876	391.4473953468431	0.2202046511802327
877	391.7179737431362	0.2225726165603861
878	391.9885916548362	0.2215391791056209
879	392.2592490501146	0.22046311965477705
880	392.5299458971426	0.21941678365469505
881	392.80068216409165	0.21921978695179445
882	393.07145781913323	0.22153868274717228
883	393.3422728304387	0.22403404650701492
884	393.6131271661793	0.22352327365059177
885	393.8840207945266	0.223905649941646
886	394.1549536836519	0.22427324044530939
887	394.42592580172663	0.22430079919688226
888	394.6969371169222	0.2218012893407727
889	394.9679875974099	0.22097506257534374
890	395.23907721136123	0.22229740023072359
891	395.51020592694755	0.2213592519429755
892	395.78137371234016	0.22019387803468518
893	396.0525805357106	0.22050639227001625
894	396.32382636523016	0.22087666112237225
895	396.59511116907026	0.21932506825906722
896	396.86643491540224	0.2170589966710175
897	397.1377975723976	0.21862795802883192
898	397.4091991082276	0.2180818915230971
899	397.68063949106374	0.21914923686697013
900	397.9521186890773	0.21675272584874924
901	398.22363667043976	0.2171274283075034
902	398.49519340332245	0.21668794854660692
903	398.76678885589683	0.2171135375343295
904	399.03842299633425	0.21835633023043405
905	399.31009579280607	0.2171090163899714
906	399.58180721348367	0.21615291264255462
907	399.85355722653856	0.21814723348541246
908	400.125345800142	0.21885743252237452
909	400.3971729024655	0.21700900520454108
910	400.66903850168023	0.21807746254629115
911	400.94094256595787	0.217113050913833
912	401.21288506346957	0.21923307913254755
913	401.48486596238683	0.2204870393272123
914	401.75688523088104	0.21919875989476714
915	402.0289428371236	0.2206048003676809
916	402.3010387492858	0.22127935037226001
917	402.5731729355392	0.2213307236008362
918	402.845345364055	0.21829440267555902
919	403.1175560030048	0.21965881948097488
920	403.38980482055973	0.22093993504580187
921	403.6620917848914	0.22023663887133743
922	403.9344168641711	0.22025903327945046
923	404.2067800265703	0.2207063571053275
924	404.4791812402602	0.22025382057349507
925	404.75162047341234	0.22161869111899715
926	405.0240976941982	0.2224124424715065
927	405.296612870789	0.21968338460389628
928	405.56916597135614	0.2210919187885581
929	405.8417569640711	0.22118159583904531
930	406.11438581710524	0.22269259518170414
931	406.38705249862994	0.22260211322662482
932	406.65975697681654	0.2227808357665742
933	406.9324992198365	0.22253842627920292
934	407.2052791958612	0.22304848948067907
935	407.478096873062	0.22295466124704183
936	407.7509522196103	0.22337569585231035
937	408.0238452036775	0.22382680633334442
938	408.296775793435	0.22331471022083257
939	408.56974395705413	0.22372766953561946
940	408.8427496627064	0.22360255446532767
941	409.115792878563	0.22358410356035296
942	409.3888735727955	0.22404334681290689
943	409.6619917135752	0.22493446773842193
944	409.9351472690736	0.22529486076147526
945	410.208340207462	0.22624401630765406
946	410.48157049691173	0.2270166635364685
947	410.75483810559433	0.2276165490265792
948	411.02814300168103	0.22743673469096537
949	411.3014851533434	0.2268667106662899
950	411.5748645287526	0.22768259194711632
951	411.8482810960802	0.22951064735672158
952	412.12173482349755	0.22995928761510812
953	412.395225679176	0.23088229660108714
954	412.668753631287	0.23141698912203146
955	412.94231864800184	0.23217599601317873
956	413.21592069749204	0.23214136345556763
957	413.4895597479289	0.2331806533675632
958	413.7632357674839	0.23539221943273997
959	414.0369487243282	0.23594917335572643
960	414.3106985866335	0.23776282517037917
961	414.584485322571	0.2397983551437243
962	414.8583089003121	0.24109202251653836
963	415.1321692880283	0.24428679181870064
964	415.40606645389084	0.24559369198569192
965	415.6800003660712	0.24937873224882542
966	415.9539709927408	0.2518691876398784
967	416.22797830207094	0.2546252821539894
968	416.502022262233	0.2580858419184677
969	416.7761028413985	0.26235971573898503
970	417.0502200077387	0.2654795819269131
971	417.324373729425	0.26779421988717433
972	417.59856397462886	0.2693295574373051
973	417.8727907115217	0.27036788615314855
974	418.1470539082748	0.27063708219163934
975	418.4213535330596	0.2714755738843751
976	418.6956895540475	0.27112025872130746
977	418.9700619394098	0.27103522035259126
978	419.24447065731806	0.2709416961506555
979	419.51891567594356	0.27358632124092114
980	419.79339696345767	0.277408846242435
981	420.06791448803176	0.2838288321438645
982	420.34246821783734	0.2900142741402324
983	420.6170581210458	0.2984374009435409
984	420.8916841658284	0.307565013574894
985	421.1663463203565	0.31789609059427093
986	421.4410445528017	0.32672637065749865
987	421.71577883133523	0.3341269313272484
988	421.99054912412856	0.3378473540167087
989	422.265355399353	0.3400591875756999
990	422.54019762518	0.33708964943430725
991	422.8150757697809	0.33367268519483867
992	423.08998980132714	0.3290963986792209
993	423.36493968799005	0.3204742749393227
994	423.6399253979411	0.31243136527606724
995	423.91494689935166	0.30354452009827504
996	424.190004160393	0.29450614054844876
997	424.4650971492367	0.2869876109575692
998	424.74022583405406	0.27827842572555056
999	425.0153901830164	0.2714188235697728
1000	425.29059016429517	0.2662385118293316
1001	425.5658257460618	0.26123014037902986
1002	425.84109689648767	0.25734903002755527
1003	426.11640358374416	0.25504160834063005
1004	426.39174577600255	0.2551034642180564
1005	426.66712344143434	0.2554559568518798
1006	426.9425365482109	0.25697721181743605
1007	427.21798506450375	0.26029431609383546
1008	427.4934689584841	0.2630159159417443
1009	427.7689881983233	0.26543907430281477
1010	428.04454275219285	0.26752477193380936
1011	428.3201325882642	0.2688567802014334
1012	428.5957576747086	0.2691389452170608
1013	428.8714179796974	0.2688463046298694
1014	429.1471134714023	0.26697513013894003
1015	429.4228441179944	0.26684661531243764
1016	429.69860988764515	0.2650772174885991
1017	429.9744107485259	0.262032609375239
1018	430.25024666880813	0.2588436881302622
1019	430.5261176166632	0.2545245141504147
1020	430.80202356026246	0.2522045814186607
1021	431.0779644677774	0.2491705309288623
1022	431.3539403073794	0.24566626418802218
1023	431.62995104723973	0.2437796842844496
1024	431.90599665552986	0.24132861507424236
1025	432.1820771004211	0.23973614447489655
1026	432.4581923500849	0.23822391049817337
1027	432.7343423726927	0.2365432540330005
1028	433.0105271364158	0.23501987009839348
1029	433.2867466094258	0.2338894369135338
1030	433.5630007598937	0.2326182415604771
1031	433.8392895559912	0.2318873045458973
1032	434.1156129658897	0.23172983218605964
1033	434.39197095776035	0.23060026735010508
1034	434.6683634997747	0.23078688212061962
1035	434.94479056010414	0.23019768155325004
1036	435.22125210692	0.22996231217285873
1037	435.4977481083938	0.23070407292043987
1038	435.7742785326968	0.23066701473749388
1039	436.0508433480004	0.2316413659268671
1040	436.3274425224761	0.23170284494672483
1041	436.60407602429507	0.2316606285475279
1042	436.8807438216289	0.23119583740034302
1043	437.157445882649	0.2310752386681262
1044	437.43418217552653	0.2319787234710819
1045	437.71095266843315	0.2304292444308874
1046	437.98775732954005	0.2308910135626476
1047	438.26459612701876	0.2303014846514364
1048	438.5414690290405	0.23067431026568672
1049	438.81837600377685	0.2305749361370366
1050	439.0953170193991	0.23053216128408635
1051	439.37229204407856	0.23159482417314387
1052	439.6493010459868	0.23161177684334697
1053	439.92634399329506	0.23338030151473813
1054	440.20342085417485	0.23367715788216195
1055	440.4805315967975	0.23472240670647065
1056	440.75767618933446	0.23552928807705603
1057	441.03485459995693	0.23689150929176422
1058	441.31206679683646	0.23843928035869455
1059	441.5893127481444	0.2404055941431389
1060	441.86659242205224	0.24295387784987593
1061	442.1439057867311	0.24575226039875178
1062	442.4212528103528	0.24831935611057634
1063	442.6986334610883	0.2515880193595293
1064	442.9760477071093	0.2543200522491202
1065	443.2534955165869	0.25678241493836146
1066	443.5309768576926	0.26033999868220803
1067	443.808491698598	0.2647048383263392
1068	444.08604000747425	0.2694720727448237
1069	444.3636217524928	0.27443657103096514
1070	444.6412369018252	0.2811193460536681
1071	444.91888542364256	0.2886153890392905
1072	445.1965672861164	0.29675790881512343
1073	445.4742824574181	0.30752433749580366
1074	445.75203090571915	0.3208154480035577
1075	446.0298125991908	0.3372634014460736
1076	446.30762750600445	0.3582723225975801
1077	446.58547559433157	0.38681025822073956
1078	446.86335683234347	0.42517914029578735
1079	447.1412711882117	0.4779994995785507
1080	447.4192186301075	0.5460947634773599
1081	447.6971991262021	0.633010283662149
1082	447.9752126446673	0.7353941857272774
1083	448.2532591536741	0.8445264310413315
1084	448.5313386213942	0.9437793487190819
1085	448.8094510159988	1.030398947557086
1086	449.0875963056593	1.0875382310986343
1087	449.3657744585471	1.137392968537224
1088	449.6439854428337	1.155511249650324
1089	449.92222922669043	1.1633880291699004
1090	450.2005057782885	1.1617181421818485
1091	450.4788150657995	1.1505968156816002
1092	450.7571570573949	1.1298218118170325
1093	451.0355317212459	1.1074472798825796
1094	451.31393902552395	1.0756263002381061
1095	451.59237893840043	1.041567721144671
1096	451.87085142804676	0.9993126872514645
1097	452.1493564626343	0.9588548353739839
1098	452.4278940103344	0.9045849646087554
1099	452.7064640393186	0.844850559667055
1100	452.985066517758	0.7775748742960932
1101	453.2637014138244	0.7153903283833023
1102	453.5423686956889	0.6579361558585421
1103	453.82106833152284	0.6099016325222498
1104	454.0998002894979	0.5705043069220453
1105	454.3785645377852	0.5430517146817712
1106	454.6573610445563	0.5247377960534633
1107	454.93618977798246	0.5165760856078518
1108	455.21505070623516	0.5177058084875067
1109	455.4939437974857	0.5275436952185417
1110	455.77286901990556	0.5439721541266055
1111	456.051826341666	0.5650697694403426
1112	456.33081573093864	0.5879734706307733
1113	456.60983715589475	0.6135468537648698
1114	456.88889058470556	0.6397283629324791
1115	457.16797598554274	0.6658531596987171
1116	457.4470933265775	0.6894652259691938
1117	457.72624257598125	0.7088216145883552
1118	458.00542370192545	0.7189964030370232
1119	458.2846366725814	0.7194500225054331
1120	458.5638814561205	0.7091322171365461
1121	458.8431580207142	0.6888910520985125
1122	459.1224663345339	0.663235625929387
1123	459.401806365751	0.6349270688645174
1124	459.6811780825367	0.6039149446648666
1125	459.9605814530627	0.5742712423738051
1126	460.24001644550003	0.5476502275831739
1127	460.5194830280203	0.5243313886830285
1128	460.79898116879497	0.5027187580348477
1129	461.0785108359953	0.48508539648804583
1130	461.35807199779265	0.473049540401716
1131	461.63766462235844	0.4678748718439654
1132	461.91728867786424	0.4717932400795466
1133	462.1969441324811	0.48550299517478407
1134	462.47663095438077	0.510023952634442
1135	462.75634911173427	0.544783362572846
1136	463.0360985727133	0.5861846693824925
1137	463.31587930548915	0.6317736726779556
1138	463.5956912782332	0.6782983777574539
1139	463.8755344591167	0.7188474082829674
1140	464.15540881631136	0.7495680031825258
1141	464.4353143179883	0.77179663168835
1142	464.7152509323189	0.7842076999971752
1143	464.99521862747474	0.7879798522518159
1144	465.27521737162715	0.7792809484134731
1145	465.55524713294733	0.7596077823890196
1146	465.83530787960694	0.7309868794106539
1147	466.1153995797772	0.6967898070737998
1148	466.39552220162955	0.6625334642092041
1149	466.6756757133355	0.6345360205327256
1150	466.9558600830662	0.6119020278213962
1151	467.2360752789931	0.5933581569695775
1152	467.5163212692878	0.5756391417656497
1153	467.79659802212143	0.5579951245621297
1154	468.07690550566554	0.5358939160322783
1155	468.35724368809144	0.5111628784606507
1156	468.6376125375706	0.48357420660752404
1157	468.9180120222742	0.45432652343607494
1158	469.1984421103739	0.4258498282498891
1159	469.4789027700409	0.3985445898145887
1160	469.7593939694468	0.37289469949317844
1161	470.0399156767627	0.34968462156504604
1162	470.3204678601602	0.3315353163814965
1163	470.60105048781065	0.3166338959198994
1164	470.8816635278854	0.3060039069542409
1165	471.16230694855597	0.29744707088377226
1166	471.44298071799346	0.2916840465617662
1167	471.72368480436955	0.28675537013503233
1168	472.00441917585556	0.281536884701829
1169	472.2851838006227	0.2766955616401235
1170	472.5659786468426	0.27177045818970474
1171	472.8468036826865	0.2671516074332788
1172	473.1276588763259	0.2623517013763631
1173	473.4085441959321	0.2575647304872395
1174	473.68945960967653	0.2534663592670714
1175	473.9704050857306	0.25018922622697193
1176	474.2513805922655	0.24701620126092225
1177	474.5323860974529	0.2446461763644664
1178	474.813421569464	0.24386834871778226
1179	475.0944869764704	0.24374324053576127
1180	475.3755822866433	0.24381042245535509
1181	475.6567074681541	0.24500120209303575
1182	475.93786248917434	0.24610694241952702
1183	476.21904731787515	0.24789992694825588
1184	476.5002619224282	0.2491614580870063
1185	476.7815062710047	0.2500852605131888
1186	477.062780331776	0.2515002887119941
1187	477.3440840729138	0.2522315565457579
1188	477.6254174625891	0.25303758155600314
1189	477.90678046897347	0.25387994844675826
1190	478.18817306023834	0.2546418270454686
1191	478.46959520455505	0.25582639419938
1192	478.7510468700949	0.2571386160185919
1193	479.0325280250295	0.2576922603763352
1194	479.3140386375301	0.2575179012551455
1195	479.595578675768	0.2569805709779113
1196	479.87714810791476	0.2560124097655766
1197	480.1587469021416	0.25409505014839506
1198	480.44037502662013	0.2520792946076487
1199	480.7220324495215	0.2504244334712114
1200	481.00371913901733	0.24808682225538142
1201	481.2854350632788	0.24530346612214463
1202	481.5671801904774	0.2422412704397555
1203	481.84895448878456	0.23897273040156095
1204	482.13075792637164	0.23576285841727754
1205	482.41259047141	0.23209984714079687
1206	482.69445209207106	0.22923699818411641
1207	482.97634275652615	0.226752566055053
1208	483.2582624329467	0.22415205968203938
1209	483.54021108950417	0.22270068795002182
1210	483.82218869436974	0.22146147884045594
1211	484.1041952157151	0.22065832389334303
1212	484.3862306217113	0.2203052044598357
1213	484.6682948805301	0.22077595515031712
1214	484.9503879603426	0.2212477586293978
1215	485.2325098293203	0.2219956962329506
1216	485.5146604556346	0.22404104610634773
1217	485.7968398074569	0.22568129539118992
1218	486.0790478529584	0.2276640077548216
1219	486.36128456031076	0.22945990451204834
1220	486.64354989768526	0.23114121254470976
1221	486.92584383325334	0.2336838697682018
1222	487.2081663351862	0.23581628507203378
1223	487.4905173716555	0.23746992379436146
1224	487.7728969108324	0.23899634212013396
1225	488.0553049208884	0.24171418884090917
1226	488.3377413699949	0.2441260544946472
1227	488.62020622632326	0.24651180949954812
1228	488.9026994580448	0.2497854848863422
1229	489.1852210333311	0.25230652294742395
1230	489.46777092035336	0.25447955031237846
1231	489.750349087283	0.2555005004788308
1232	490.03295550229154	0.2555816364291022
1233	490.31559013355024	0.25488307965111123
1234	490.5982529492305	0.2534853474350391
1235	490.8809439175038	0.25160949905251967
1236	491.16366300654147	0.2498412251741589
1237	491.4464101845149	0.24811594874358164
1238	491.7291854195954	0.2475008645568588
1239	492.0119886799546	0.24652446837126937
1240	492.2948199337635	0.2464649432784489
1241	492.57767914919384	0.24771363552660447
1242	492.8605662944169	0.2482060940422749
1243	493.14348133760404	0.2495080489120647
1244	493.4264242469267	0.25032517993861986
1245	493.70939499055623	0.25066899643150864
1246	493.99239353666394	0.2513241367026515
1247	494.27541985342134	0.2512890748261805
1248	494.55847390899976	0.25060375164408155
1249	494.84155567157075	0.2486694328899721
1250	495.1246651093054	0.24665098608366728
1251	495.4078021903754	0.24453534093316642
1252	495.6909668829519	0.2418922085181953
1253	495.9741591552064	0.2393210710232338
1254	496.2573789753103	0.2374540877615919
1255	496.54062631143495	0.23570839183444348
1256	496.82390113175177	0.23399019347836927
1257	497.1072034044322	0.2324136727038695
1258	497.39053309764756	0.23079375164993088
1259	497.6738901795692	0.22863345357257836
1260	497.9572746183685	0.22658628124884106
1261	498.24068638221706	0.22471813218397238
1262	498.52412543928597	0.2229774978018919
1263	498.8075917577469	0.22069011591639925
1264	499.091085305771	0.2187824898927956
1265	499.3746060515298	0.21719953763288025
1266	499.65815396319465	0.21575345063000814
1267	499.94172900893693	0.21488717718943642
1268	500.2253311569282	0.21418703581623955
1269	500.5089603753395	0.21325545229695494
1270	500.7926166323425	0.21252903964546077
1271	501.0762998961085	0.21149867117230534
1272	501.3600101348088	0.2106448510570183
1273	501.64374731661496	0.21014772771581922
1274	501.92751140969824	0.2092676804561699
1275	502.2113023822302	0.20897709117842608
1276	502.49512020238205	0.20845479437482364
1277	502.77896483832524	0.2078041450147857
1278	503.0628362582312	0.20722436975869787
1279	503.3467344302712	0.20672801472931976
1280	503.6306593226168	0.20651642274039606
1281	503.9146109034392	0.20649723659872668
1282	504.1985891409099	0.20579538661877553
1283	504.48259400320035	0.20590794757624042
1284	504.7666254584818	0.20593215710143528
1285	505.0506834749257	0.20608272619674203
1286	505.33476802070356	0.2061393501538752
1287	505.61887906398647	0.20568076795638862
1288	505.90301657294617	0.2052323149863161
1289	506.18718051575377	0.20522003932519542
1290	506.4713708605809	0.20496030738852566
1291	506.7555875755987	0.20506234981496776
1292	507.03983062897873	0.20518435756782066
1293	507.3240999888924	0.20497636925573529
1294	507.608395623511	0.20506105227440147
1295	507.8927175010059	0.2046662465679969
1296	508.17706558954853	0.20440375776873232
1297	508.4614398573103	0.2042794267016463
1298	508.7458402724627	0.2045624725094093
1299	509.0302668031769	0.2041277158823313
1300	509.3147194176245	0.20355127908818596
1301	509.5991980839767	0.20354990614888976
1302	509.88370277040497	0.2034598907717189
1303	510.16823344508066	0.20363153230711997
1304	510.45279007617535	0.20359467226460493
1305	510.73737263186024	0.20366498429062033
1306	511.0219810803068	0.20324749003846965
1307	511.3066153896864	0.20312085099797533
1308	511.5912755281703	0.20238353257500713
1309	511.87596146393	0.2024278313292108
1310	512.1606731651369	0.20230231969821913
1311	512.4454105999625	0.20260016211823134
1312	512.7301737365781	0.20224862902627536
1313	513.014962543155	0.20229590089005114
1314	513.2997769878647	0.20220510795115568
1315	513.5846170388785	0.20192856362130018
1316	513.8694826643678	0.20181301061518372
1317	514.1543738325039	0.2014531317247174
1318	514.4392905114586	0.20151794515542282
1319	514.7242326694028	0.2010834858840625
1320	515.0092002745081	0.2010875370910229
1321	515.294193294946	0.20120647028120991
1322	515.5792116988877	0.20087093407012585
1323	515.8642554545046	0.20075568917426956
1324	516.1493245299682	0.2004907376872659
1325	516.4344188934499	0.20010553355037916
1326	516.7195385131209	0.20015440561724746
1327	517.0046833571528	0.20024802371956854
1328	517.289853393717	0.19985208879925206
1329	517.5750485909846	0.1996673752532723
1330	517.8602689171273	0.19961096719824858
1331	518.1455143403165	0.19926599376249396
1332	518.4307848287233	0.19900890924431897
1333	518.7160803505193	0.19880388891010115
1334	519.0014008738758	0.19841856810816466
1335	519.2867463669642	0.1981224969298562
1336	519.572116797956	0.19789508221283533
1337	519.8575121350225	0.1981743609389758
1338	520.1429323463351	0.1976190758463567
1339	520.4283774000653	0.19766980481157298
1340	520.7138472643842	0.19778702256428016
1341	520.9993419074634	0.19728888857389698
1342	521.2848612974744	0.19720811142806788
1343	521.5704054025883	0.1970758605998403
1344	521.8559741909768	0.1971359270620428
1345	522.141567630811	0.19712731419779958
1346	522.4271856902624	0.19642850055502525
1347	522.7128283375025	0.19635848975512504
1348	522.9984955407026	0.1966548001033626
1349	523.2841872680341	0.196841225403306
1350	523.5699034876683	0.1967092645805253
1351	523.8556441677766	0.19646125351215427
1352	524.1414092765307	0.19619399469648185
1353	524.4271987821015	0.19634992866604722
1354	524.7130126526607	0.19689664097239373
1355	524.9988508563797	0.19674888715272046
1356	525.2847133614298	0.1967233595832712
1357	525.5706001359824	0.19642487954246685
1358	525.8565111482088	0.19605180457880406
1359	526.1424463662806	0.19580510136969825
1360	526.4284057583691	0.19558886710901188
1361	526.7143892926456	0.1956516807255151
1362	527.0003969372815	0.19594837180450217
1363	527.2864286604483	0.1959880142019154
1364	527.5724844303173	0.19587224259777622
1365	527.85856421506	0.195653009907071
1366	528.1446679828476	0.19552333704938812
1367	528.4307957018517	0.19588013176847535
1368	528.7169473402436	0.19608920411020872
1369	529.0031228661945	0.19582212859809264
1370	529.2893222478762	0.19573269933977647
1371	529.5755454534598	0.19584176245429843
1372	529.8617924511167	0.19616434659575469
1373	530.1480632090183	0.19654646256589833
1374	530.4343576953361	0.19641531878442595
1375	530.7206758782414	0.19676876623504364
1376	531.0070177259056	0.19710932210808688
1377	531.2933832065	0.19707767565483297
1378	531.5797722881962	0.19717988626399566
1379	531.8661849391655	0.19733498777989583
1380	532.1526211275792	0.1977428278842776
1381	532.4390808216087	0.19845011000165605
1382	532.7255639894255	0.19864517885017158
1383	533.0120705992009	0.19884613330124015
1384	533.2986006191064	0.19905122749493695
1385	533.5851540173134	0.19968420703959935
1386	533.871730761993	0.2002079809215215
1387	534.1583308213169	0.2005830312366244
1388	534.4449541634564	0.20100890762099652
1389	534.7316007565828	0.20153133448261476
1390	535.0182705688675	0.20242509332351158
1391	535.3049635684821	0.20339757205710732
1392	535.5916797235977	0.20465394510199497
1393	535.878419002386	0.20522632836380253
1394	536.1651813730181	0.20593866121377138
1395	536.4519668036655	0.2072428674804568
1396	536.7387752624996	0.20835772355649326
1397	537.0256067176919	0.209711334611332
1398	537.3124611374135	0.21121680774151058
1399	537.599338489836	0.21326389458718925
1400	537.8862387431308	0.21502254459499895
1401	538.1731618654693	0.21771684441621858
1402	538.4601078250228	0.22057544129924886
1403	538.7470765899627	0.22428788425164584
1404	539.0340681284605	0.2281391180342625
1405	539.3210824086874	0.23283917592050987
1406	539.6081193988149	0.23807718875221742
1407	539.8951790670144	0.2442251755659153
1408	540.1822613814572	0.250685158886818
1409	540.4693663103149	0.25860836504061413
1410	540.7564938217587	0.26738482136985364
1411	541.04364388396	0.27743127613895574
1412	541.3308164650903	0.2878830099978943
1413	541.6180115333209	0.2994734324628102
1414	541.9052290568231	0.3113328249284538
1415	542.1924690037686	0.32378501247807556
1416	542.4797313423284	0.3356223016617017
1417	542.7670160406741	0.3471457717653584
1418	543.0543230669772	0.35703405703299357
1419	543.3416523894089	0.3653225442232049
1420	543.6290039761406	0.3710668685089806
1421	543.9163777953438	0.3748456976637603
1422	544.2037738151897	0.37625711696403
1423	544.49119200385	0.3763224964987513
1424	544.7786323294957	0.3743358638116266
1425	545.0660947602986	0.37196679664303556
1426	545.3535792644296	0.3685021935230507
1427	545.6410858100606	0.3643754265590002
1428	545.9286143653628	0.35837408479048194
1429	546.2161648985075	0.3516853501261573
1430	546.5037373776661	0.34315198654556167
1431	546.79133177101	0.33339369484168246
1432	547.0789480467107	0.3229785082939608
1433	547.3665861729395	0.31240808890157157
1434	547.6542461178677	0.3030406225886855
1435	547.9419278496669	0.29454438603688826
1436	548.2296313365084	0.28707771698067264
1437	548.5173565465634	0.28039980773044676
1438	548.8051034480037	0.2744196592865529
1439	549.0928720090003	0.26919276212722126
1440	549.3806621977247	0.2649546520642037
1441	549.6684739823485	0.26093649671477587
1442	549.9563073310427	0.25676437453435985
1443	550.244162211979	0.2525903192154792
1444	550.5320385933288	0.24844930055003206
1445	550.8199364432633	0.24540784860636597
1446	551.1078557299539	0.24273751980930697
1447	551.3957964215721	0.24099934569549408
1448	551.6837584862893	0.23959780455083787
1449	551.9717418922768	0.23904910590470824
1450	552.2597466077061	0.238576804949532
1451	552.5477726007484	0.2383147485930991
1452	552.8358198395754	0.237995584572035
1453	553.1238882923582	0.23802595078792904
1454	553.4119779272683	0.23809801927104834
1455	553.700088712477	0.23876881433323854
1456	553.9882206161559	0.23872323717975738
1457	554.2763736064762	0.2390452403762521
1458	554.5645476516094	0.23959107767918486
1459	554.8527427197267	0.23960835184145104
1460	555.1409587789998	0.23907085436927275
1461	555.4291957975997	0.23833854042978028
1462	555.7174537436982	0.2367357934716432
1463	556.0057325854665	0.23536397700403944
1464	556.2940322910758	0.23330763301495686
1465	556.5823528286979	0.23085462997796924
1466	556.8706941665039	0.22812710379635864
1467	557.1590562726652	0.22534778182555837
1468	557.4474391153533	0.22215596054257497
1469	557.7358426627395	0.21891915311206772
1470	558.0242668829952	0.21649468934323002
1471	558.3127117442918	0.21469733811549646
1472	558.6011772148008	0.21306775355398871
1473	558.8896632626934	0.2116787915682692
1474	559.1781698561412	0.21040274729200686
1475	559.4666969633154	0.20930761194421754
1476	559.7552445523875	0.20814413286442687
1477	560.0438125915288	0.20703983282081417
1478	560.3324010489107	0.2057486405874538
1479	560.6210098927046	0.20491729256267893
1480	560.909639091082	0.20419831703908778
1481	561.1982886122142	0.20322463162304186
1482	561.4869584242726	0.20221550761252785
1483	561.7756484954286	0.20128175173519403
1484	562.0643587938537	0.20024096092131022
1485	562.353089287719	0.19895230414788379
1486	562.641839945196	0.19763383218198938
1487	562.9306107344562	0.19608662120530282
1488	563.219401623671	0.19444482300022403
1489	563.5082125810118	0.19301623611026336
1490	563.7970435746497	0.19151334294067068
1491	564.0858945727565	0.19030025935949263
1492	564.3747655435033	0.18890348485816616
1493	564.6636564550616	0.18769566489170433
1494	564.9525672756029	0.18656426366946435
1495	565.2414979732982	0.18600021922430404
1496	565.5304485163193	0.18568741853685533
1497	565.8194188728374	0.18517330129600068
1498	566.108409011024	0.1845068563326822
1499	566.3974188990503	0.18427245809442538
1500	566.686448505088	0.1837705394591044
1501	566.9754977973082	0.18404418583839033
1502	567.2645667438824	0.1840441653871316
1503	567.5536553129818	0.18355818441508032
1504	567.8427634727783	0.18360747510309314
1505	568.1318911914427	0.18349486704830728
1506	568.4210384371468	0.18317093248054384
1507	568.7102051780618	0.18319338062758683
1508	568.999391382359	0.18299105796978304
1509	569.28859701821	0.18288803658895644
1510	569.5778220537862	0.18281564952207321
1511	569.8670664572588	0.18231091714157213
1512	570.1563301967993	0.1821521852720316
1513	570.4456132405791	0.18190324113064324
1514	570.7349155567696	0.18184352768933476
1515	571.0242371135421	0.1815213055132543
1516	571.313577879068	0.1813929485209347
1517	571.6029378215188	0.18129720352880438
1518	571.8923169090658	0.181664536203889
1519	572.1817151098804	0.18155306860266285
1520	572.471132392134	0.1814822297598164
1521	572.7605687239981	0.18165973965842064
1522	573.0500240736437	0.18128288094802972
1523	573.3394984092428	0.1808565891172859
1524	573.6289916989663	0.18074412372456747
1525	573.9185039109858	0.18038363866421422
1526	574.2080350134726	0.1804476869682832
1527	574.4975849745981	0.18067614349480263
1528	574.7871537625338	0.18135531040280778
1529	575.076741345451	0.18125805376148785
1530	575.3663476915209	0.18106793891411668
1531	575.6559727689153	0.1807354805894059
1532	575.9456165458054	0.18060115574575653
1533	576.2352789903624	0.18042576643520533
1534	576.524960070758	0.18036842941369738
1535	576.8146597551633	0.18042424394069018
1536	577.10437801175	0.18039522922970302
1537	577.3941148086892	0.18046801667932175
1538	577.6838701141525	0.18032388391732487
1539	577.9736438963112	0.18026643287068134
1540	578.2634361233365	0.18010743638899604
1541	578.5532467634001	0.18011416574935313
1542	578.8430757846734	0.17971003920265513
1543	579.1329231553276	0.17984543033329656
1544	579.422788843534	0.18005566596939646
1545	579.7126728174643	0.17984212150584442
1546	580.0025750452897	0.1798346374033326
1547	580.2924954951817	0.1796967808224707
1548	580.5824341353115	0.17991287133363285
1549	580.8723909338505	0.17997172427128214
1550	581.1623658589704	0.17968375781384685
1551	581.4523588788422	0.1794688775617329
1552	581.7423699616376	0.17927398958708332
1553	582.0323990755279	0.1794532224359782
1554	582.3224461886844	0.17916436817115655
1555	582.6125112692785	0.17879528430904326
1556	582.9025942854814	0.17920942947268287
1557	583.192695205465	0.1792933468802277
1558	583.4828139974004	0.17917008779623844
1559	583.7729506294588	0.1787909468787732
1560	584.063105069812	0.1787925140433889
1561	584.3532772866312	0.1789944903663879
1562	584.6434672480875	0.17895127877009717
1563	584.9336749223527	0.17859354370305186
1564	585.2239002775981	0.17863367462350882
1565	585.514143281995	0.17877083792974247
1566	585.8044039037147	0.17862504815970312
1567	586.0946821109288	0.17863802843259968
1568	586.3849778718086	0.17842692103168586
1569	586.6752911545257	0.17842237031311967
1570	586.9656219272509	0.17853762293997483
1571	587.2559701581562	0.17850821085770374
1572	587.5463358154127	0.17794390096114152
1573	587.8367188671918	0.1777575273850528
1574	588.127119281665	0.17798654342382553
1575	588.4175370270036	0.1779782821560238
1576	588.7079720713791	0.1777830976448789
1577	588.9984243829628	0.17736706933255977
1578	589.288893929926	0.1774783145230933
1579	589.5793806804402	0.17763952376141945
1580	589.8698846026768	0.17762909304077287
1581	590.1604056648072	0.177902049381705
1582	590.4509438350027	0.17780764977647728
1583	590.7414990814348	0.17769960483684868
1584	591.0320713722747	0.1773228790383422
1585	591.322660675694	0.1769423313225107
1586	591.6132669598641	0.1768709060772455
1587	591.9038901929562	0.1770569052923389
1588	592.1945303431418	0.17696607316662882
1589	592.4851873785923	0.17681807526956272
1590	592.7758612674791	0.1765651518172235
1591	593.0665519779735	0.17649859998662742
1592	593.357259478247	0.17644072166400826
1593	593.6479837364709	0.17629162860936282
1594	593.9387247208166	0.17637866066648145
1595	594.2294823994555	0.17624195914548063
1596	594.5202567405591	0.17605154542461549
1597	594.8110477122988	0.17621725354072232
1598	595.1018552828457	0.17630026288440886
1599	595.3926794203713	0.17612190126541832
1600	595.6835200930473	0.17639614666206813
1601	595.9743772690447	0.1767498302376446
1602	596.2652509165351	0.17665065420671341
1603	596.55614100369	0.17665864062160522
1604	596.8470474986804	0.1764208464263182
1605	597.1379703696779	0.17602610235275312
1606	597.428909584854	0.1760550813335205
1607	597.7198651123799	0.17600918971151958
1608	598.0108369204272	0.17602572619086726
1609	598.3018249771671	0.17572901390270348
1610	598.592829250771	0.17576215563619932
1611	598.8838497094105	0.17576222835917732
1612	599.1748863212567	0.17591257859610382
1613	599.4659390544813	0.17576577194042756
1614	599.7570078772554	0.1752417737115535
1615	600.0480927577505	0.17519500511339745
1616	600.3391936641381	0.17508670788840466
1617	600.6303105645893	0.1750893244897879
1618	600.9214434272758	0.1751193344812652
1619	601.212592220369	0.17497493928085306
1620	601.5037569120399	0.17507574681349294
1621	601.7949374704602	0.17501310745099208
1622	602.0861338638014	0.17524291602453473
1623	602.3773460602346	0.1751130925147566
1624	602.6685740279314	0.1748284470799946
1625	602.959817735063	0.1743966123181908
1626	603.251077149801	0.17444978429347724
1627	603.5423522403165	0.17456907412774705
1628	603.8336429747812	0.17456779459062322
1629	604.1249493213663	0.17477307124437327
1630	604.4162712482434	0.1744003207092116
1631	604.7076087235837	0.17452221774413376
1632	604.9989617155586	0.1742428342486505
1633	605.2903301923394	0.17436775697510867
1634	605.5817141220978	0.17433477338084885
1635	605.8731134730049	0.17477752300503646
1636	606.1645282132322	0.1748195683910502
1637	606.4559583109511	0.17496211767255498
1638	606.7474037343329	0.17459652433799208
1639	607.0388644515491	0.17430501853722533
1640	607.3303404307711	0.17440365508503045
1641	607.6218316401702	0.17463066712052772
1642	607.9133380479178	0.17459575500310162
1643	608.2048596221854	0.1744236050117988
1644	608.4963963311442	0.17423879543485793
1645	608.7879481429658	0.1741339981409336
1646	609.0795150258215	0.17405352200973478
1647	609.3710969478825	0.17403331941978312
1648	609.6626938773205	0.17431480976278638
1649	609.9543057823067	0.17458684254189666
1650	610.2459326310126	0.17448254088522955
1651	610.5375743916094	0.17448287730182824
1652	610.8292310322688	0.17465493529430148
1653	611.1209025211618	0.17483816637404823
1654	611.4125888264603	0.17456846590718034
1655	611.7042899163351	0.17447784155943039
1656	611.9960057589581	0.17428860429277074
1657	612.2877363225003	0.17426410219589764
1658	612.5794815751334	0.17417871153933198
1659	612.8712414850286	0.1742162718679357
1660	613.1630160203573	0.17415399570860374
1661	613.4548051492909	0.1739623639726509
1662	613.7466088400009	0.17393168285246763
1663	614.0384270606586	0.1737581151365448
1664	614.3302597794354	0.1736620751824744
1665	614.6221069645027	0.17350124257637684
1666	614.9139685840317	0.17350947263292985
1667	615.2058446061942	0.17367319506774093
1668	615.4977349991613	0.17352828688531763
1669	615.7896397311043	0.17351937773073262
1670	616.0815587701949	0.17336351410534523
1671	616.3734920846043	0.17341099851118413
1672	616.6654396425038	0.1731015899217257
1673	616.957401412065	0.17304076259820894
1674	617.2493773614592	0.17311544503888293
1675	617.5413674588577	0.17329428420200907
1676	617.833371672432	0.17313496296088443
1677	618.1253899703535	0.1730742115331214
1678	618.4174223207937	0.17288590524209269
1679	618.7094686919236	0.17299701327167394
1680	619.0015290519148	0.17306839659573287
1681	619.2936033689389	0.1729331304044338
1682	619.585691611167	0.17246153232497177
1683	619.8777937467706	0.17230411751375307
1684	620.1699097439212	0.17240235897933037
1685	620.46203957079	0.17266425829269022
1686	620.7541831955484	0.1722702464837957
1687	621.0463405863679	0.17237404390672073
1688	621.3385117114199	0.17232607254993934
1689	621.6306965388757	0.17234689858227434
1690	621.9228950369068	0.17211744521930414
1691	622.2151071736844	0.1718674296362338
1692	622.50733291738	0.1719256770516209
1693	622.7995722361652	0.17173169346018055
1694	623.091825098211	0.17149503994074047
1695	623.3840914716889	0.1714224836416263
1696	623.6763713247706	0.1712601710268288
1697	623.968664625627	0.17145029012714383
1698	624.2609713424298	0.17174371070358632
1699	624.5532914433504	0.1718729963051087
1700	624.8456248965601	0.17177326100814175
1701	625.1379716702304	0.17159482528680414
1702	625.4303317325325	0.17145135778757167
1703	625.722705051638	0.17148698208956484
1704	626.015091595718	0.17102191495395783
1705	626.3074913329442	0.17099568769860543
1706	626.5999042314878	0.171197845872019
1707	626.8923302595203	0.17116473005168895
1708	627.184769385213	0.17103932574238465
1709	627.4772215767373	0.17097092431856584
1710	627.7696868022646	0.17067462288926494
1711	628.0621650299664	0.17038506336649592
1712	628.3546562280139	0.16994207504373215
1713	628.6471603645787	0.17002913622192115
1714	628.9396774078319	0.17011632924370482
1715	629.2322073259453	0.17033473846185776
1716	629.5247500870898	0.17029763639803075
1717	629.8173056594372	0.17046702952222334
1718	630.1098740111587	0.17043873594396672
1719	630.4024551104258	0.1702440514641967
1720	630.6950489254098	0.17039119286175933
1721	630.9876554242819	0.17063262133459753
1722	631.2802745752139	0.17049443369721584
1723	631.5729063463768	0.17059271983140062
1724	631.8655507059424	0.17024043560548804
1725	632.1582076220817	0.17008882929796168
1726	632.4508770629662	0.17038725393223947
1727	632.7435589967675	0.1702980549912664
1728	633.0362533916567	0.17047999232970718
1729	633.3289602158055	0.1702505067160086
1730	633.6216794373848	0.17028091890914746
1731	633.9144110245667	0.17025859785432448
1732	634.2071549455219	0.17002927539130108
1733	634.4999111684222	0.16990480529326846
1734	634.7926796614387	0.1706057032620189
1735	635.0854603927431	0.17069489594974938
1736	635.3782533305066	0.17069169471478443
1737	635.6710584429007	0.1712473089263267
1738	635.9638756980966	0.1713111298968814
1739	636.2567050642659	0.17141214075155187
1740	636.5495465095798	0.1719157904583716
1741	636.84240000221	0.17213432118774127
1742	637.1352655103275	0.1721287522731011
1743	637.428143002104	0.17253920631050038
1744	637.7210324457106	0.1726803687983759
1745	638.0139338093189	0.17272770571289123
1746	638.3068470611004	0.17281196706274626
1747	638.5997721692262	0.17305897038618584
1748	638.8927091018678	0.17366108042195139
1749	639.1856578271966	0.1746050482459395
1750	639.4786183133841	0.17508937261914326
1751	639.7715905286016	0.17548604096505524
1752	640.0645744410203	0.17609132220715668
1753	640.3575700188118	0.17649738068405735
1754	640.6505772301476	0.17695628732157356
1755	640.9435960431988	0.17784981994938093
1756	641.236626426137	0.17871381626310373
1757	641.5296683471336	0.17951873960591563
1758	641.8227217743598	0.18055298495707242
1759	642.1157866759871	0.1813642767594273
1760	642.408863020187	0.1828824257835669
1761	642.7019507751307	0.18470894673537389
1762	642.9950499089898	0.1866355710719254
1763	643.2881603899355	0.18869364572360206
1764	643.5812821861392	0.19071397047501837
1765	643.8744152657723	0.19300408797673624
1766	644.1675595970063	0.19577404222328584
1767	644.4607151480126	0.19866349936902364
1768	644.7538818869624	0.2018671089933684
1769	645.0470597820272	0.20562741965347678
1770	645.3402488013784	0.2093324729572199
1771	645.6334489131874	0.21281631681716684
1772	645.9266600856256	0.2164897526991245
1773	646.2198822868643	0.2199140572154171
1774	646.513115485075	0.22334646727785576
1775	646.806359648429	0.2266360294905271
1776	647.0996147450977	0.23006973015109414
1777	647.3928807432525	0.23264686152215758
1778	647.6861576110649	0.23539166302249892
1779	647.9794453167061	0.23763761743531592
1780	648.2727438283476	0.23975024805911016
1781	648.5660531141609	0.2416044273148372
1782	648.8593731423172	0.2430765121358278
1783	649.1527038809878	0.24414544713994782
1784	649.4460452983445	0.245211717356111
1785	649.7393973625583	0.2458756473982228
1786	650.0327600418007	0.24659271673025276
1787	650.3261333042431	0.246703760393121
1788	650.6195171180569	0.24669481323877565
1789	650.9129114514136	0.24626472415136774
1790	651.2063162724844	0.24543833902957346
1791	651.4997315494408	0.244205155353597
1792	651.7931572504542	0.24255421855813752
1793	652.0865933436958	0.2403076479677681
1794	652.3800397973372	0.23785392172448772
1795	652.6734965795498	0.23526579013240315
1796	652.9669636585048	0.23275444336097237
1797	653.2604410023739	0.2302247364731406
1798	653.5539285793282	0.22731040213008422
1799	653.847426357539	0.22470198124175705
1800	654.1409343051781	0.22214362016110326
1801	654.4344523904166	0.2197289775073072
1802	654.7279805814261	0.21757789990630316
1803	655.0215188463776	0.21591243194822263
1804	655.3150671534428	0.21469542186879353
1805	655.6086254707931	0.21339211821357443
1806	655.9021937665998	0.21217271943011828
1807	656.1957720090343	0.21141879343678097
1808	656.4893601662679	0.21136328164963258
1809	656.7829582064722	0.21125595512480902
1810	657.0765660978185	0.21142150499850945
1811	657.370183808478	0.21166474263161944
1812	657.6638113066224	0.2117258780384389
1813	657.9574485604228	0.21182171322053245
1814	658.2510955380508	0.21176587278056336
1815	658.5447522076778	0.21208165742944288
1816	658.838418537475	0.21219824857820768
1817	659.132094495614	0.21264999880945892
1818	659.425780050266	0.2130985440690677
1819	659.7194751696024	0.21318338614453883
1820	660.0131798217948	0.21347398736462322
1821	660.3068939750145	0.21381665646437517
1822	660.6006175974327	0.21413447427658425
1823	660.8943506572211	0.2143607786996286
1824	661.1880931225508	0.21490928718429977
1825	661.4818449615933	0.21532866017196683
1826	661.7756061425201	0.21580214291670655
1827	662.0693766335024	0.21657799833531635
1828	662.3631564027118	0.21711728303921482
1829	662.6569454183195	0.21685442395363386
1830	662.9507436484969	0.2165997904813503
1831	663.2445510614156	0.21579127272281456
1832	663.5383676252467	0.21418522463268486
1833	663.8321933081618	0.21269709670446021
1834	664.1260280783322	0.21087047777694817
1835	664.4198719039293	0.2088077181535824
1836	664.7137247531246	0.20646682847214434
1837	665.0075865940893	0.20424598729234156
1838	665.3014573949949	0.2022540835477202
1839	665.5953371240128	0.2006624753424647
1840	665.8892257493143	0.19898298507440385
1841	666.1831232390708	0.19708266396325483
1842	666.4770295614538	0.19540477880402657
1843	666.7709446846346	0.194039801479043
1844	667.0648685767848	0.19257781271160704
1845	667.3588012060753	0.19146322362217244
1846	667.652742540678	0.19020482898544963
1847	667.946692548764	0.18907544487676042
1848	668.2406511985048	0.18800445191777737
1849	668.5346184580718	0.18660255590643168
1850	668.8285942956363	0.18587227024384304
1851	669.1225786793698	0.18528435786121494
1852	669.4165715774436	0.184694781588644
1853	669.7105729580292	0.18375597755174164
1854	670.0045827892977	0.18297885751595
1855	670.2986010394209	0.18217504488175632
1856	670.5926276765699	0.18216591911896166
1857	670.8866626689162	0.18221655812821508
1858	671.1807059846312	0.18253253169181405
1859	671.4747575918863	0.18260584838496965
1860	671.7688174588527	0.18324297845158463
1861	672.062885553702	0.1841170929198373
1862	672.3569618446055	0.18441624152342703
1863	672.6510462997347	0.18458683061514275
1864	672.9451388872609	0.1851101336755184
1865	673.2392395753556	0.18537376572987105
1866	673.5333483321899	0.18533182387761207
1867	673.8274651259354	0.18607639778978027
1868	674.1215899247636	0.18668078185105944
1869	674.4157226968456	0.18723893964036215
1870	674.709863410353	0.18773971880963247
1871	675.0040120334571	0.1880975526887733
1872	675.2981685343294	0.18847075646227993
1873	675.5923328811411	0.18896068633828
1874	675.8865050420638	0.18926599154549625
1875	676.1806849852688	0.18986260366070962
1876	676.4748726789275	0.19003832984238994
1877	676.7690680912112	0.1901432680528421
1878	677.0632711902914	0.189844879465864
1879	677.3574819443394	0.18948019699591875
1880	677.6517003215267	0.18912096919379662
1881	677.9459262900247	0.1883945710020381
1882	678.2401598180046	0.18740860273148333
1883	678.5344008736378	0.18593447173251446
1884	678.8286494250959	0.18471830204722975
1885	679.1229054405503	0.18397825010022928
1886	679.4171688881721	0.18317851248859923
1887	679.711439736133	0.18203237661545452
1888	680.0057179526043	0.18090014451956074
1889	680.3000035057573	0.17956477646298938
1890	680.5942963637634	0.1779498790444735
1891	680.888596494794	0.1765139251122346
1892	681.1829038670205	0.1754038706234847
1893	681.4772184486144	0.17390315966046588
1894	681.771540207747	0.17245424130485515
1895	682.0658691125896	0.17114973127180574
1896	682.3602051313136	0.17013809573910704
1897	682.6545482320906	0.169210691485961
1898	682.9488983830919	0.1678690879292582
1899	683.2432555524887	0.16663714823060066
1900	683.5376197084526	0.16533734420784996
1901	683.8319908191548	0.16419793523271775
1902	684.126368852767	0.16341391693451254
1903	684.4207537774604	0.16288669792957564
1904	684.7151455614062	0.16227821398127315
1905	685.009544172776	0.1618373441657415
1906	685.3039495797414	0.16101731760402305
1907	685.5983617504734	0.16029222582306518
1908	685.8927806531435	0.1600118345119289
1909	686.1872062559232	0.15972040291975378
1910	686.4816385269839	0.15928297227102384
1911	686.7760774344969	0.15903826654030886
1912	687.0705229466334	0.15896752125207342
1913	687.3649750315652	0.1589087637839874
1914	687.6594336574634	0.15850029832601986
1915	687.9538987924994	0.15827511010212697
1916	688.2483704048449	0.15844114241207677
1917	688.5428484626709	0.15806263763794554
1918	688.8373329341489	0.15787406396897946
1919	689.1318237874505	0.1578626382778938
1920	689.4263209907468	0.15808946030364746
1921	689.7208245122092	0.15796493784332022
1922	690.0153343200094	0.1575445980331696
1923	690.3098503823186	0.15737577919797524
1924	690.6043726673081	0.15709422172034337
1925	690.8989011431494	0.15741841560478567
1926	691.1934357780138	0.15742223673094966
1927	691.4879765400727	0.1571392673663362
1928	691.7825233974977	0.1575461489255206
1929	692.07707631846	0.15742844349814988
1930	692.3716352711309	0.15717165389511725
1931	692.666200223682	0.15705495974687922
1932	692.9607711442845	0.15687616364962575
1933	693.25534800111	0.15652447342851353
1934	693.5499307623297	0.15654155213895363
1935	693.8445193961151	0.15647523344652198
1936	694.1391138706375	0.15670177002334873
1937	694.4337141540685	0.1566468808579811
1938	694.7283202145792	0.15704952809433806
1939	695.0229320203412	0.1570343527601887
1940	695.3175495395257	0.15705580063604807
1941	695.6121727403043	0.1569092529850223
1942	695.9068015908482	0.1567069190924725
1943	696.2014360593289	0.15646600807927494
1944	696.4960761139179	0.15641991210293912
1945	696.7907217227863	0.15663292304835844
1946	697.0853728541058	0.15626821696774418
1947	697.3800294760476	0.15619191748130806
1948	697.6746915567832	0.15562358443265392
1949	697.9693590644837	0.15571168639053462
1950	698.2640319673208	0.1558862504253373
1951	698.5587102334658	0.1559203682597698
1952	698.8533938310901	0.15571521408340117
1953	699.1480827283652	0.15530730021834854
1954	699.4427768934622	0.15545555520390222
1955	699.7374762945527	0.1556634872581334
1956	700.032180899808	0.155509078267994
1957	700.3268906773997	0.15520166758744053
1958	700.6216055954989	0.15534884723994383
1959	700.9163256222771	0.15549289649316103
1960	701.2110507259058	0.15526245264614924
1961	701.5057808745562	0.15488927961368265
1962	701.8005160363998	0.15473052603224452
1963	702.095256179608	0.15440874031534682
1964	702.3900012723522	0.1545126894598948
1965	702.6847512828037	0.15447837922734917
1966	702.9795061791339	0.1543105568612145
1967	703.2742659295143	0.1541592848500624
1968	703.5690305021162	0.1537475082290576
1969	703.863799865111	0.15377158687179568
1970	704.1585739866701	0.15401114671411
1971	704.4533528349649	0.15417154046310835
1972	704.7481363781668	0.1546677227399768
1973	705.0429245844472	0.15492654021722443
1974	705.3377174219773	0.15486635443634628
1975	705.6325148589287	0.15495026004944462
1976	705.9273168634729	0.15458087948067156
1977	706.222123403781	0.15443105605521626
1978	706.5169344480246	0.154335171317429
1979	706.8117499643749	0.1543857901222645
1980	707.1065699210034	0.15456591144818144
1981	707.4013942860815	0.15416986227919563
1982	707.6962230277807	0.15389929521731632
1983	707.991056114272	0.15438601247903053
1984	708.2858935137273	0.1544730261332313
1985	708.5807351943176	0.1544254538235881
1986	708.8755811242145	0.15415860932331968
1987	709.1704312715892	0.15417470620042772
1988	709.4652856046134	0.15413081078575522
1989	709.7601440914582	0.1539213071540264
1990	710.0550067002952	0.15388132195034263
1991	710.3498733992956	0.15371228525755282
1992	710.6447441566308	0.15338324248311247
1993	710.9396189404723	0.153577554937938
1994	711.2344977189915	0.1532335329917565
1995	711.5293804603597	0.1532541903202576
1996	711.8242671327483	0.1536395848434094
1997	712.1191577043288	0.15339361383881767
1998	712.4140521432724	0.15311825387965097
1999	712.7089504177508	0.1527786250479641
2000	713.0038524959349	0.15279814224942703
2001	713.2987583459966	0.1531151432169255
2002	713.593667936107	0.15332276751432447
2003	713.8885812344375	0.1531376864016357
2004	714.1834982091597	0.1529226504400608
2005	714.4784188284445	0.15282131930000467
2006	714.773343060464	0.1529904694624053
2007	715.068270873389	0.15321409644937295
2008	715.3632022353912	0.15322837399451109
2009	715.6581371146417	0.15307624976362683
2010	715.9530754793124	0.1527853658773065
2011	716.2480172975742	0.15254959685070776
2012	716.5429625375987	0.15226835369274017
2013	716.8379111675572	0.15222999222860462
2014	717.1328631556211	0.15229322185666952
2015	717.427818469962	0.1522302047838307
2016	717.7227770787509	0.15214521822711038
2017	718.0177389501596	0.15218389591443401
2018	718.3127040523591	0.1525068071682219
2019	718.6076723535211	0.15262223565504757
2020	718.9026438218169	0.15246847411367434
2021	719.1976184254179	0.15246961761657377
2022	719.4925961324954	0.1525912920101791
2023	719.7875769112208	0.15230080815575375
2024	720.0825607297656	0.15211105771736003
2025	720.3775475563011	0.15211049686500105
2026	720.6725373589987	0.1520072999200096
2027	720.9675301060298	0.15199481007221236
2028	721.2625257655659	0.15167283871223566
2029	721.5575243057782	0.1519098866396968
2030	721.8525256948382	0.15162847789130096
2031	722.1475299009172	0.15158310099435154
2032	722.4425368921867	0.151716904148481
2033	722.737546636818	0.15120967916865724
2034	723.0325591029826	0.15125135791321073
2035	723.3275742588518	0.15112139977738773
2036	723.622592072597	0.151005968740555
2037	723.9176125123896	0.15108726527816965
2038	724.212635546401	0.1510482711648942
2039	724.5076611428026	0.15106593749667327
2040	724.8026892697657	0.1511515407267644
2041	725.0977198954616	0.15097366571764892
2042	725.3927529880622	0.15084886554123791
2043	725.6877885157384	0.15041002260942163
2044	725.9828264466616	0.1500256882230272
2045	726.2778667490035	0.1499644720752148
2046	726.5729093909353	0.15048468767188808
2047	726.8679543406282	0.15065340923752674
2048	727.1630015662539	0.15059129786963696
2049	727.4580510359837	0.15098055300994823
2050	727.7531027179889	0.15132842137278382
2051	728.0481565804411	0.15122916822362015
2052	728.3432125915114	0.15094102737628126
2053	728.6382707193713	0.15102529022797584
2054	728.9333309321923	0.15121064377698276
2055	729.2283931981457	0.15100671476658345
2056	729.5234574854029	0.1508198666909128
2057	729.8185237621353	0.1507280390980786
2058	730.1135919965143	0.15054442928329115
2059	730.4086621567112	0.15050359599172913
2060	730.7037342108976	0.15072477879672727
2061	730.9988081272446	0.15098583686801184
2062	731.2938838739238	0.15053766163485638
2063	731.5889614191066	0.1505030232828008
2064	731.8840407309642	0.15068672220025917
2065	732.1791217776681	0.15063848912204897
2066	732.4742045273898	0.15089399551201726
2067	732.7692889483005	0.15119321617052384
2068	733.0643750085717	0.15135254519389085
2069	733.3594626763747	0.15136197994778267
2070	733.6545519198811	0.151592907897396
2071	733.9496427072621	0.15175984411315344
2072	734.2447350066891	0.15156975394644098
2073	734.5398287863336	0.15146400857208442
2074	734.8349240143668	0.15108901662121116
2075	735.1300206589602	0.1510352131147262
2076	735.4251186882852	0.1510123865808557
2077	735.7202180705132	0.15023758529392497
2078	736.0153187738157	0.14959878268981436
2079	736.3104207663638	0.1493341212632975
2080	736.6055240163291	0.14907449695506705
2081	736.9006284918829	0.14902936718556026
2082	737.1957341611968	0.14869598482448748
2083	737.4908409924418	0.14883970990412576
2084	737.7859489537897	0.14871751190667545
2085	738.0810580134115	0.1489370859692227
2086	738.3761681394789	0.14876772466475124
2087	738.6712793001632	0.14866494956874457
2088	738.9663914636357	0.14868331741060728
2089	739.261504598068	0.14864693414800947
2090	739.5566186716311	0.14813245386388793
2091	739.8517336524968	0.1476671620622429
2092	740.1468495088363	0.14752416963174586
2093	740.441966208821	0.14777960887026145
2094	740.7370837206223	0.1479638772425825
2095	741.0322020124115	0.148211171745846
2096	741.3273210523603	0.14831749973605507
2097	741.6224408086397	0.14810274657948908
2098	741.9175612494213	0.1479473796176882
2099	742.2126823428765	0.147485337427659
2100	742.5078040571767	0.14744176617802562
2101	742.8029263604931	0.14768615927686268
2102	743.0980492209974	0.14771315303228216
2103	743.3931726068606	0.14760465222047855
2104	743.6882964862543	0.14764351972298745
2105	743.9834208273501	0.14770869341253645
2106	744.2785455983189	0.14780957315614718
2107	744.5736707673325	0.14749462931120808
2108	744.8687963025624	0.14722018232546372
2109	745.1639221721794	0.14693247206777313
2110	745.4590483443553	0.1468813739359632
2111	745.7541747872615	0.1468336498551171
2112	746.0493014690693	0.1469790802276819
2113	746.34442835795	0.1469307763331623
2114	746.6395554220753	0.14695469960090093
2115	746.9346826296164	0.14684801845172601
2116	747.2298099487446	0.14682326955727334
2117	747.5249373476312	0.14646699054029652
2118	747.820064794448	0.14643114110873096
2119	748.115192257366	0.14636225817074028
2120	748.4103197045566	0.1465094428923565
2121	748.7054471041915	0.14642807973384678
2122	749.0005744244419	0.14622266865520234
2123	749.2957016334792	0.1463156822692404
2124	749.5908286994749	0.14640193630776283
2125	749.8859555906	0.1465261045699336
2126	750.1810822750265	0.14667853417699986
2127	750.4762087209252	0.14660733695882608
2128	750.7713348964679	0.14615355348767886
2129	751.0664607698257	0.1458969413674402
2130	751.3615863091703	0.14579060310074377
2131	751.6567114826728	0.14593335782546288
2132	751.9518362585047	0.14631524228626308
2133	752.2469606048373	0.1467646384349901
2134	752.5420844898423	0.14693727712319385
2135	752.8372078816909	0.1469135738245147
2136	753.1323307485543	0.14665360652680143
2137	753.4274530586041	0.14649878335374575
2138	753.7225747800115	0.1461315076767856
2139	754.0176958809483	0.1461019099082555
2140	754.3128163295855	0.14616113525528632
2141	754.6079360940946	0.14617417015178266
2142	754.9030551426471	0.14585286795640576
2143	755.1981734434142	0.14610171134766578
2144	755.4932909645673	0.14583889395322264
2145	755.7884076742781	0.14572513355026817
2146	756.0835235407176	0.14552113039789544
2147	756.3786385320574	0.14536693305432508
2148	756.6737526164687	0.14549900912475022
2149	756.9688657621233	0.1456811191873989
2150	757.2639779371922	0.14574467248791775
2151	757.5590891098468	0.1456141438716546
2152	757.8541992482587	0.14537290995227378
2153	758.1493083205991	0.14531696211404604
2154	758.4444162950396	0.14513854315622485
2155	758.7395231397514	0.14525767921033517
2156	759.0346288229059	0.14528126887649007
2157	759.3297333126746	0.14528269955883075
2158	759.624836577229	0.14519463090184184
2159	759.9199385847402	0.14524113691301058
2160	760.2150393033796	0.14533395709987088
2161	760.5101387013187	0.14532524610968245
2162	760.8052367467291	0.14531626163949404
2163	761.1003334077819	0.14496580746082954
2164	761.3954286526485	0.14442130165626674
2165	761.6905224495005	0.14404140562049753
2166	761.985614766509	0.1440330518418009
2167	762.2807055718456	0.14386030679181708
2168	762.5757948336816	0.1438851689957964
2169	762.8708825201884	0.14376792553062
2170	763.1659685995375	0.14392403075536278
2171	763.4610530399001	0.14412599687522934
2172	763.7561358094479	0.14454044140842495
2173	764.0512168763519	0.1445805348004684
2174	764.3462962087837	0.14473977570743027
2175	764.6413737749147	0.14450992111431393
2176	764.9364495429161	0.14466766364770026
2177	765.2315234809595	0.14492290386116793
2178	765.5265955572163	0.14488435669322478
2179	765.8216657398578	0.14434172768823947
2180	766.1167339970553	0.1440219716035939
2181	766.4118002969805	0.14411283979541034
2182	766.7068646078044	0.14422492879595813
2183	767.0019268976987	0.1444469504285257
2184	767.2969871348346	0.1446504624125058
2185	767.5920452873835	0.14491631007111563
2186	767.887101323517	0.14451796992908483
2187	768.1821552114061	0.14435073677518728
2188	768.4772069192226	0.14427222290593067
2189	768.7722564151377	0.14449351911850358
2190	769.0673036673228	0.14470013966254028
2191	769.3623486439492	0.14489883496831157
2192	769.6573913131884	0.1451972028263296
2193	769.9524316432119	0.14484500349737858
2194	770.2474696021908	0.1445687162074863
2195	770.5425051582968	0.14478231170899838
2196	770.837538279701	0.14437147906862932
2197	771.1325689345749	0.14380721545774294
2198	771.4275970910901	0.1440339337230035
2199	771.7226227174177	0.14401774412503845
2200	772.0176457817292	0.14365117752622783
2201	772.312666252196	0.14340461443651742
2202	772.6076840969895	0.143281061688015
2203	772.902699284281	0.14352343413223626
2204	773.197711782242	0.14346556437265284
2205	773.4927215590438	0.14372575153498027
2206	773.787728582858	0.14366102376110965
2207	774.0827328218556	0.14380607543300591
2208	774.3777342442082	0.14415799028144816
2209	774.6727328180874	0.1442986012445806
2210	774.9677285116643	0.14431645716459504
2211	775.2627212931103	0.1440017257569462
2212	775.557711130597	0.14382110097667183
2213	775.8526979922956	0.1437258436559282
2214	776.1476818463776	0.1434958989787627
2215	776.4426626610143	0.14361023873338868
2216	776.7376404043771	0.14321449156954574
2217	777.0326150446374	0.14315238947358788
2218	777.3275865499668	0.14263617473373777
2219	777.6225548885362	0.14289974713864187
2220	777.9175200285175	0.1428972472964912
2221	778.2124819380819	0.14286485952166908
2222	778.5074405854007	0.14308051009408118
2223	778.8023959386453	0.14287520880325447
2224	779.0973479659872	0.14294050369187114
2225	779.3922966355977	0.14281788224397793
2226	779.6872419156483	0.14289630304252024
2227	779.9821837743102	0.1425663896038862
2228	780.277122179755	0.14279364864382574
2229	780.572057100154	0.14278841590092786
2230	780.8669885036785	0.14286895299140967
2231	781.1619163585	0.14270395087807347
2232	781.4568406327899	0.14255321962170323
2233	781.7517612947196	0.14242227565308935
2234	782.0466783124602	0.14232855918354378
2235	782.3415916541836	0.1425823946062566
2236	782.6365012880608	0.14224497905582323
2237	782.9314071822633	0.14236352735892907
2238	783.2263093049626	0.14198208023020623
2239	783.5212076243299	0.14177764980878813
2240	783.8161021085368	0.14152801810064328
2241	784.1109927257545	0.1417870689143021
2242	784.4058794441544	0.1418927002419471
2243	784.7007622319079	0.14196483230739004
2244	784.9956410571866	0.14195516374354086
2245	785.2905158881616	0.14192737932836674
2246	785.5853866930045	0.14167562166609154
2247	785.8802534398866	0.1419177870827674
2248	786.1751160969792	0.14203330911230405
2249	786.4699746324538	0.14221164631385813
2250	786.7648290144818	0.14202613046886364
2251	787.0596792112347	0.1416645410471559
2252	787.3545251908836	0.14131315888703738
2253	787.6493669216001	0.1412708527636622
2254	787.9442043715554	0.14112718734583063
2255	788.2390375089212	0.14080197968122873
2256	788.5338663018686	0.14024272028818316
2257	788.8286907185692	0.14019139669265207
2258	789.1235107271942	0.14022296016360075
2259	789.4183262959152	0.1404125989568874
2260	789.7131373929033	0.14089819312029936
2261	790.0079439863301	0.14131400339097402
2262	790.302746044367	0.14125295345127267
2263	790.5975435351854	0.14146783551540304
2264	790.8923364269566	0.14152197108325867
2265	791.1871246878519	0.14136397531760395
2266	791.4819082860429	0.14071088699102147
2267	791.7766871897009	0.14062240287441255
2268	792.0714613669973	0.1405219895145073
2269	792.3662307861034	0.14011388335946
2270	792.6609954151907	0.14015229328519827
2271	792.9557552224306	0.14034746973405252
2272	793.2505101759943	0.1406801624992706
2273	793.5452602440535	0.14092436864515193
2274	793.8400053947794	0.1408830559293588
2275	794.1347455963434	0.14072747426673232
2276	794.4294808169168	0.14029777159957277
2277	794.7242110246713	0.1407046340825213
2278	795.0189361877779	0.14081455347888194
2279	795.3136562744082	0.14044316074368515
2280	795.6083712527336	0.14050524724924587
2281	795.9030810909254	0.14087302619203837
2282	796.1977857571551	0.1407280105154054
2283	796.4924852195941	0.14065356867196915
2284	796.7871794464136	0.1406421392777464
2285	797.081868405785	0.1406325368602095
2286	797.37655206588	0.1406831348098208
2287	797.6712303948697	0.14032294688394045
2288	797.9659033609255	0.13987078186230245
2289	798.260570932219	0.1399719076466271
2290	798.5552330769215	0.14010422128236014
2291	798.8498897632043	0.14040626896028452
2292	799.1445409592388	0.14002376264920322
2293	799.4391866331963	0.13962901481486767
2294	799.7338267532485	0.13940613415370787
2295	800.0284612875666	0.1390405217034922
2296	800.3230902043219	0.13892187680464288
2297	800.6177134716859	0.13809865593028867
2298	800.91233105783	0.1380361857208997
2299	801.2069429309256	0.13807532589653718
2300	801.5015490591439	0.13840459090375093
2301	801.7961494106567	0.13842235486267473
2302	802.090743953635	0.13826811012327891
2303	802.3853326562502	0.13878727831783605
2304	802.679915486674	0.13880273942730603
2305	802.9744924130773	0.1391401317494151
2306	803.2690634036321	0.139765192161385
2307	803.5636284265095	0.13988628332273856
2308	803.8581874498806	0.1400814397275333
2309	804.1527404419173	0.14002058293818515
2310	804.4472873707907	0.1400989165149148
2311	804.7418282046721	0.13982655344886533
2312	805.0363629117331	0.13989725227811378
2313	805.330891460145	0.13970475344380817
2314	805.6254138180793	0.13982217380198833
2315	805.9199299537072	0.139663529414143
2316	806.2144398352002	0.13953742228608756
2317	806.5089434307298	0.13939804129482855
2318	806.8034407084671	0.13920978141673968
2319	807.0979316365837	0.13884637245582926
2320	807.3924161832509	0.13869957659166549
2321	807.6868943166402	0.1387092225900999
2322	807.9813660049228	0.13853865985974576
2323	808.2758312162705	0.1387024054177896
2324	808.5702899188542	0.1389613016286672
2325	808.8647420808455	0.13947099591357298
2326	809.1591876704157	0.13965500598095276
2327	809.4536266557365	0.13964227088466805
2328	809.7480590049788	0.13908702662900982
2329	810.0424846863144	0.13905134345632744
2330	810.3369036679145	0.13883034229391147
2331	810.6313159179506	0.1386456506975551
2332	810.9257214045939	0.1389761039525072
2333	811.2201200960159	0.13886229895203134
2334	811.5145119603881	0.13846627953865145
2335	811.8088969658817	0.1383340655797659
2336	812.1032750806683	0.13822238441409906
2337	812.397646272919	0.13828038340170137
2338	812.6920105108054	0.13814138235519874
2339	812.9863677624988	0.13814408502206763
2340	813.2807179961709	0.1383555826999941
2341	813.5750611799926	0.13857918604775618
2342	813.8693972821355	0.1385711613385263
2343	814.1637262707711	0.13826578803657535
2344	814.4580481140706	0.13777308696010968
2345	814.7523627802055	0.13752079245146312
2346	815.0466702373473	0.1372073743886998
2347	815.3409704536672	0.13709238167661525
2348	815.6352633973364	0.13696009786059618
2349	815.929549036527	0.13686824131770087
2350	816.2238273394095	0.1365883962764004
2351	816.5180982741559	0.13642861153737856
2352	816.8123618089375	0.13648275706126298
2353	817.1066179119255	0.13648436643907438
2354	817.4008665512913	0.13653755218856212
2355	817.6951076952064	0.13664394177370837
2356	817.9893413118423	0.13699572480652464
2357	818.2835673693702	0.13712203818922558
2358	818.5777858359615	0.13750493841692046
2359	818.8719966797877	0.13722706648206234
2360	819.1661998690201	0.13694317430896502
2361	819.4603953718301	0.13698478749278897
2362	819.7545831563891	0.13702598182543113
2363	820.0487631908685	0.13749268990536467
2364	820.3429354434397	0.13780259678595705
2365	820.6370998822741	0.13762436492536975
2366	820.931256475543	0.13753455670389567
2367	821.2254051914178	0.13732046038449222
2368	821.5195459980702	0.13718021350104692
2369	821.8136788636712	0.13714986751048838
2370	822.1078037563921	0.1369420341187952
2371	822.4019206444048	0.13691814453921086
2372	822.6960294958802	0.13615490353358073
2373	822.99013027899	0.13585566949586955
2374	823.2842229619054	0.13586202365105718
2375	823.578307512798	0.1357209907865327
2376	823.8723838998388	0.13585375247151152
2377	824.1664520911997	0.13629615574145237
2378	824.4605120550518	0.1361706196750692
2379	824.7545637595665	0.136432704324382
2380	825.0486071729151	0.13643347751077806
2381	825.3426422632692	0.1365148058529505
2382	825.6366689988001	0.13617328790643068
2383	825.9306873476792	0.13596862229314113
2384	826.2246972780779	0.13635903236620175
2385	826.5186987581676	0.13684036098803673
2386	826.8126917561194	0.13678246523195534
2387	827.1066762401053	0.13687579625678897
2388	827.400652178296	0.13715829559336531
2389	827.6946195388634	0.13702789501375381
2390	827.9885782899787	0.13702043046958565
2391	828.2825283998134	0.13689937494603518
2392	828.5764698365386	0.13636964320059097
2393	828.870402568326	0.13634752112671225
2394	829.1643265633468	0.13636980395322
2395	829.4582417897725	0.13619308462993324
2396	829.7521482157744	0.13594035045364952
2397	830.046045809524	0.13611797795434694
2398	830.3399345391927	0.13565588582304933
2399	830.6338143729516	0.13570565640549548
2400	830.9276852789725	0.13576803904868673
2401	831.2215472254264	0.1352715687341273
2402	831.5154001804851	0.13558846781870162
2403	831.8092441123196	0.135937624206035
2404	832.1030789891016	0.13605442905472998
2405	832.3969047790023	0.13546778286186015
2406	832.6907214501931	0.13570639922748184
2407	832.9845289708455	0.13570523251066302
2408	833.2783273091309	0.13518986463209173
2409	833.5721164332205	0.13506205767137056
2410	833.8658963112857	0.1344331684965191
2411	834.1596669114981	0.1344604638876422
2412	834.453428202029	0.1347739248655661
2413	834.7471801510499	0.13459387534936088
2414	835.0409227267319	0.13434642825990267
2415	835.3346558972465	0.13471464468825597
2416	835.6283796307653	0.13461628115768565
2417	835.9220938954594	0.13541146756346611
2418	836.2157986595004	0.1357315212672765
2419	836.5094938910595	0.13590652098206438
2420	836.8031795583083	0.1360891817694076
2421	837.0968556294181	0.135680415278973
2422	837.3905220725602	0.13522921121815937
2423	837.6841788559061	0.1353074843515871
2424	837.977825947627	0.13525845029784578
2425	838.2714633158948	0.1348887116174263
2426	838.5650909288803	0.13451416593218113
2427	838.8587087547551	0.1342969288495683
2428	839.1523167616907	0.13446630706316798
2429	839.4459149178584	0.13456460407865325
2430	839.7395031914295	0.134139350221074
2431	840.0330815505756	0.1341043090147016
2432	840.3266499634681	0.1344289021258544
2433	840.620208398278	0.13457113936503448
2434	840.913756823177	0.13472463206542729
2435	841.2072952063364	0.13484022162909853
2436	841.5008235159278	0.13449432881583942
2437	841.7943417201224	0.1343288614889546
2438	842.0878497870915	0.13417467408494968
2439	842.3813476850066	0.1344548023665725
2440	842.6748353820392	0.13447005257996225
2441	842.9683128463605	0.13457524315858257
2442	843.261780046142	0.13426261416793453
2443	843.555236949555	0.13344619043224112
2444	843.848683524771	0.13320520165228328
2445	844.1421197399613	0.13319211387480406
2446	844.4355455632974	0.1330867747463037
2447	844.7289609629505	0.13270338310541244
2448	845.0223659070922	0.13278714996359506
2449	845.3157603638938	0.1332596604303942
2450	845.6091443015266	0.13388291876306738
2451	845.9025176881621	0.13390921828665112
2452	846.1958804919717	0.1346746596181305
2453	846.4892326811267	0.1346284647944595
2454	846.7825742237986	0.1346365606274371
2455	847.0759050881587	0.13459816528688734
2456	847.3692252423785	0.13394579981145607
2457	847.6625346546292	0.13375430118838894
2458	847.9558332930825	0.1335243575084751
2459	848.2491211259094	0.1335362783804838
2460	848.5423981212814	0.13373307567057882
2461	848.8356642473701	0.13353052859316697
2462	849.1289194723468	0.13347321834172066
2463	849.4221637643828	0.13345572448195658
2464	849.7153970916496	0.13372207857073423
2465	850.0086194223185	0.13332985720146984
2466	850.3018307245608	0.13297252369259174
2467	850.595030966548	0.13280047544864584
2468	850.8882201164516	0.132829446275796
2469	851.1813981424428	0.1333189215274415
2470	851.4745650126932	0.13349468041138612
2471	851.7677206953741	0.13303409870899482
2472	852.0608651586567	0.13272708034097977
2473	852.3539983707127	0.13279600537163555
2474	852.6471202997132	0.13213872264840087
2475	852.9402309138299	0.1321228412072074
2476	853.2333301812337	0.1317081043557047
2477	853.5264180700966	0.13201738514649197
2478	853.8194945485895	0.13193443883499859
2479	854.1125595848841	0.1319668913622195
2480	854.4056131471516	0.13227190129743663
2481	854.6986552035636	0.13294932564142498
2482	854.9916857222911	0.13333551825540238
2483	855.2847046715059	0.1329622553869087
2484	855.5777120193792	0.1326941480604936
2485	855.8707077340825	0.13240363232701233
2486	856.163691783787	0.1325189340242952
2487	856.4566641366642	0.13238695196298383
2488	856.7496247608855	0.1323202695998906
2489	857.0425736246224	0.13217079726622202
2490	857.3355106960461	0.13226840267460377
2491	857.6284359433279	0.13282781421349946
2492	857.9213493346394	0.132751469328973
2493	858.2142508381521	0.13337925326915664
2494	858.5071404220371	0.13361790062882073
2495	858.8000180544659	0.13395827578485917
2496	859.09288370361	0.13358123558179447
2497	859.3857373376406	0.133887092891259
2498	859.6785789247293	0.13325232605243567
2499	859.9714084330471	0.13264456864262167
2500	860.264225830766	0.13131827099666207
2501	860.557031086057	0.13088522986045834
2502	860.8498241670915	0.13102483653977334
2503	861.1426050420408	0.13121753323050572
2504	861.4353736790764	0.13124536683665247
2505	861.7281300463699	0.1317624670434664
2506	862.0208741120924	0.13222328831970012
2507	862.3136058444154	0.13263833273588052
2508	862.6063252115102	0.13253114155898685
2509	862.8990321815484	0.1324898274978553
2510	863.1917267227012	0.13227419446890704
2511	863.48440880314	0.13164538896693426
2512	863.7770783910363	0.1319167938476299
2513	864.0697354545614	0.1317069701952623
2514	864.3623799618869	0.1315672690864609
2515	864.6550118811837	0.13122200051760805
2516	864.9476311806236	0.1314555365486623
2517	865.2402378283779	0.13133998700883734
2518	865.532831792618	0.13136363614627763
2519	865.8254130415154	0.13134267162097366
2520	866.1179815432411	0.13118284704265148
2521	866.4105372659668	0.1311069730009654
2522	866.7030801778639	0.13093238348863942
2523	866.9956102471037	0.13076801858382733
2524	867.2881274418576	0.1312217071375518
2525	867.5806317302971	0.1312068645624398
2526	867.8731230805934	0.1314883798627416
2527	868.1656014609179	0.13150490650109453
2528	868.4580668394422	0.13081327725137498
2529	868.7505191843375	0.13099902488078397
2530	869.0429584637752	0.13076636543335873
2531	869.3353846459268	0.13034725473622039
2532	869.6277976989636	0.12997032537697573
2533	869.9201975910571	0.12992123446963358
2534	870.2125842903786	0.13000293347268838
2535	870.5049577650993	0.1301041738851682
2536	870.7973179833909	0.13071218855073513
2537	871.0896649134248	0.1310060045082016
2538	871.3819985233722	0.13210385967291935
2539	871.6743187814045	0.13173968561351956
2540	871.9666256556932	0.1319630387216297
2541	872.2589191144097	0.1321846981103806
2542	872.5511991257251	0.13171415474827078
2543	872.8434656578112	0.13175656222180707
2544	873.1357186788391	0.13092487167420117
2545	873.4279581569805	0.1306820750864852
2546	873.7201840604063	0.13011175982821976
2547	874.0123963572883	0.13064631279032846
2548	874.3045950157976	0.13077107045607356
2549	874.596780004106	0.13096280960996418
2550	874.8889512903845	0.13100200537381182
2551	875.1811088428047	0.131144061596305
2552	875.4732526295379	0.13104999574612852
2553	875.7653826187554	0.13131074539486476
2554	876.057498778629	0.13130354490178353
2555	876.3496010773296	0.13076162131004015
2556	876.6416894830287	0.1306888567332856
2557	876.9337639638977	0.13047508339927671
2558	877.2258244881082	0.13058027944628564
2559	877.5178710238315	0.13031259629609257
2560	877.8099035392388	0.12962625634951605
2561	878.1019220025017	0.12951067628413643
2562	878.3939263817914	0.12957384850156578
2563	878.6859166452797	0.12948245580078918
2564	878.9778927611374	0.129294742645422
2565	879.2698546975363	0.1295744493359869
2566	879.5618024226477	0.12936104415984637
2567	879.8537359046428	0.1296858352837585
2568	880.1456551116934	0.12973480697732065
2569	880.4375600119704	0.1297315360915783
2570	880.7294505736455	0.12955956983354447
2571	881.0213267648902	0.1294609203338712
2572	881.3131885538754	0.1297294405317019
2573	881.6050359087731	0.13012991597482906
2574	881.8968687977542	0.12992367662411583
2575	882.1886871889903	0.13009613742906692
2576	882.480491050653	0.1302623749372461
2577	882.7722803509131	0.13028975221575723
2578	883.0640550579425	0.12996678058747543
2579	883.3558151399125	0.1296544942485043
2580	883.6475605649943	0.12917277971335578
2581	883.9392913013595	0.12922248012383883
2582	884.2310073171795	0.1298708647929611
2583	884.5227085806255	0.13012562388868645
2584	884.814395059869	0.12976663842388403
2585	885.1060667230813	0.13011555606594208
2586	885.3977235384338	0.12972967993279647
2587	885.6893654740982	0.1295190051428921
2588	885.9809924982454	0.12926379569225974
2589	886.2726045790471	0.13002598346857627
2590	886.5642016846747	0.12954762488952742
2591	886.8557837832994	0.12917742498712628
2592	887.1473508430929	0.12894726496085054
2593	887.4389028322262	0.1287853135593795
2594	887.7304397188709	0.1284006795953742
2595	888.0219614711984	0.12875582529032656
2596	888.3134680573801	0.12870462351448084
2597	888.6049594455874	0.1290311725888696
2598	888.8964356039914	0.12897647287891068
2599	889.1878965007639	0.1292000112915594
2600	889.4793421040761	0.1291908511549103
2601	889.7707723820995	0.1287246925936647
2602	890.0621873030052	0.12854514891697993
2603	890.3535868349651	0.1288800939917294
2604	890.6449709461499	0.1288535210767596
2605	890.9363396047315	0.12905008244992072
2606	891.2276927788813	0.12935191930447387
2607	891.5190304367704	0.1297964312883918
2608	891.8103525465704	0.13028418823719537
2609	892.1016590764525	0.13014548828952813
2610	892.3929499945882	0.12966315845303106
2611	892.6842252691491	0.12975375485260876
2612	892.9754848683062	0.12983561542093694
2613	893.2667287602312	0.1298644765542943
2614	893.5579569130954	0.12955017574078156
2615	893.8491692950702	0.1299983362816982
2616	894.1403658743268	0.1305353165909669
2617	894.4315466190368	0.13051924627844175
2618	894.7227114973715	0.13059260047679228
2619	895.0138604775024	0.13046339677900778
2620	895.3049935276008	0.1298427456463984
2621	895.5961106158379	0.12992043982264734
2622	895.8872117103855	0.1301212489937662
2623	896.1782967794147	0.1300356921626584
2624	896.4693657910971	0.1305626623132994
2625	896.7604187136037	0.1303676105460554
2626	897.0514555151063	0.13066951577763947
2627	897.3424761637762	0.13118116810975633
2628	897.6334806277846	0.13082785074456363
2629	897.924468875303	0.13071439599703452
2630	898.2154408745029	0.13140875514869307
2631	898.5063965935555	0.13191358891958752
2632	898.7973360006323	0.13179445248550894
2633	899.0882590639047	0.13148846419780158
2634	899.3791657515442	0.13166878806167834
2635	899.6700560317219	0.13192131724053685
2636	899.9609298726094	0.13160450229822426
2637	900.251787242378	0.13172628309240683
2638	900.542628109199	0.1314465943520167
2639	900.833452441244	0.1312257870502786
2640	901.1242602066844	0.1308019447482987
2641	901.4150513736914	0.13074010159070742
2642	901.7058259104365	0.13061527222750574
2643	901.996583785091	0.13060444760386344
2644	902.2873249658264	0.1308693007304347
2645	902.5780494208141	0.1309574197433612
2646	902.8687571182254	0.13118935195585055
2647	903.1594480262318	0.13057845992236058
2648	903.4501221130046	0.13065237122035173
2649	903.740779346715	0.13036665887660648
2650	904.0314196955347	0.1307057451336974
2651	904.322043127635	0.13063811434417044
2652	904.6126496111873	0.13090335623393104
2653	904.903239114363	0.13068947432852077
2654	905.1938116053335	0.13079734059805295
2655	905.48436705227	0.13143102476585708
2656	905.7749054233441	0.13110885524116792
2657	906.0654266867272	0.13066746888225492
2658	906.3559308105905	0.1301718099161516
2659	906.6464177631054	0.12997631034604565
2660	906.9368875124435	0.12978609574681363
2661	907.2273400267761	0.1296237681429813
2662	907.5177752742746	0.1296179022878932
2663	907.8081932231104	0.12887800613758443
2664	908.0985938414549	0.12892116469930462
2665	908.3889770974793	0.12930992112901968
2666	908.679342959355	0.12938811335734543
2667	908.9696913952536	0.1300597839662967
2668	909.2600223733465	0.13033332206708576
2669	909.550335861805	0.1307143795772373
2670	909.8406318288005	0.13049515733725903
2671	910.1309102425042	0.12972347010314883
2672	910.4211710710878	0.12959124012300502
2673	910.7114142827226	0.12943592327282327
2674	911.0016398455798	0.12968152484034381
2675	911.2918477278312	0.12945348960747594
2676	911.5820378976475	0.12914985172223664
2677	911.8722103232008	0.12920131480179536
2678	912.1623649726622	0.12898242310731603
2679	912.4525018142031	0.12884573852424663
2680	912.7426208159948	0.12807621531335386
2681	913.0327219462088	0.12761894702608073
2682	913.3228051730165	0.12709644610895052
2683	913.6128704645892	0.12723675084633532
2684	913.9029177890982	0.1275268467932373
2685	914.1929471147154	0.12810317982024474
2686	914.4829584096113	0.12827701226371113
2687	914.7729516419582	0.12867470100580133
2688	915.0629267799271	0.12817120071012802
2689	915.3528837916892	0.12786597546198264
2690	915.6428226454162	0.12779626800084073
2691	915.9327433092794	0.12751385348507482
2692	916.22264575145	0.12826862429090022
2693	916.5125299400997	0.12751254120767117
2694	916.8023958433996	0.12800123810201586
2695	917.0922434295213	0.12768840187457792
2696	917.3820726666362	0.12799909324606293
2697	917.6718835229154	0.12751990182737705
2698	917.9616759665307	0.12746476482260946
2699	918.2514499656531	0.1274434547514138
2700	918.5412054884544	0.12766134072956012
2701	918.8309425031055	0.12702667971957377
2702	919.1206609777782	0.12649891630859764
2703	919.4103608806437	0.12621024841955103
2704	919.7000421798734	0.12617035652285125
2705	919.9897048436387	0.1261451253045119
2706	920.2793488401112	0.12680586431986227
2707	920.5689741374621	0.12737515121928986
2708	920.8585807038626	0.12742789652096356
2709	921.1481685074842	0.12694536091168276
2710	921.4377375164986	0.12719162037604198
2711	921.7272876990768	0.12706677031861469
2712	922.0168190233904	0.12656402674747375
2713	922.3063314576108	0.12647259103303127
2714	922.5958249699092	0.12675393191984224
2715	922.8852995284573	0.12634051654960074
2716	923.1747551014262	0.12628705453017125
2717	923.4641916569874	0.12623154549103402
2718	923.7536091633121	0.1259221472346353
2719	924.0430075885721	0.12646811936494268
2720	924.3323869009386	0.12622574460791844
2721	924.6217470685829	0.12607182933908684
2722	924.9110880596763	0.12608357804274492
2723	925.2004098423905	0.12594496533734573
2724	925.4897123848966	0.1257806351083184
2725	925.7789956553663	0.1259756123421374
2726	926.0682596219707	0.12591239479854885
2727	926.3575042528812	0.12606815322633574
2728	926.6467295162694	0.1259357969468831
2729	926.9359353803064	0.12557421368558466
2730	927.225121813164	0.12538099680041337
2731	927.5142887830132	0.1258790132573524
2732	927.8034362580256	0.12571869970637192
2733	928.0925642063725	0.1257292023415868
2734	928.3816725962253	0.12576679197095947
2735	928.6707613957553	0.12574319747995544
2736	928.9598305731341	0.12582361215712037
2737	929.2488800965331	0.12563442917507653
2738	929.5379099341234	0.12574214044312007
2739	929.8269200540766	0.1263142392320863
2740	930.115910424564	0.1264614176070036
2741	930.4048810137573	0.12641439138523425
2742	930.6938317898274	0.126215747995574
2743	930.982762720946	0.1268705200957268
2744	931.2716737752844	0.1270397762260096
2745	931.560564921014	0.12712873895223856
2746	931.8494361263062	0.12701169930010403
2747	932.1382873593324	0.12706337776587662
2748	932.4271185882639	0.12744679564079248
2749	932.7159297812723	0.12735758313858642
2750	933.0047209065287	0.12773748555613323
2751	933.2934919322047	0.1278010912076188
2752	933.5822428264717	0.1279463784155015
2753	933.8709735575009	0.1280156783535368
2754	934.1596840934639	0.1279670217655398
2755	934.4483744025318	0.1275486603586442
2756	934.7370444528765	0.1267669136472807
2757	935.0256942126689	0.12703951752240497
2758	935.3143236500804	0.12719052046148685
2759	935.6029327332828	0.12768765412277167
2760	935.8915214304473	0.1279067120796769
2761	936.1800897097451	0.12752411287288135
2762	936.4686375393477	0.12718840533102482
2763	936.7571648874266	0.12665449564947784
2764	937.0456717221531	0.12638027716202693
2765	937.3341580116985	0.12617332128865213
2766	937.6226237242342	0.1265208988735293
2767	937.9110688279319	0.1264681142499478
2768	938.1994932909627	0.12590307012106589
2769	938.487897081498	0.12509556423085358
2770	938.7762801677093	0.12500667657743628
2771	939.0646425177678	0.12486708004140128
2772	939.3529840998452	0.12473600405598521
2773	939.6413048821125	0.12545148327245872
2774	939.9296048327416	0.12556580843066856
2775	940.2178839199033	0.12542596248499782
2776	940.5061421117693	0.1252024333685367
2777	940.7943793765111	0.12570662955129613
2778	941.0825956822999	0.12544153436787397
2779	941.3707909973072	0.12493682134034041
2780	941.6589652897044	0.12457241275457778
2781	941.9471185276627	0.12450692210500745
2782	942.2352506793536	0.12387524502019401
2783	942.5233617129486	0.1234486303610749
2784	942.8114515966189	0.123423348440562
2785	943.0995202985359	0.12360475996847389
2786	943.3875677868714	0.12346844072890636
2787	943.6755940297962	0.12389162759784876
2788	943.963598995482	0.12386546190441414
2789	944.2515826521001	0.12359896596816096
2790	944.539544967822	0.1238665454474377
2791	944.8274859108191	0.12395959309424326
2792	945.1154054492627	0.12430867669285485
2793	945.4033035513239	0.12404102870382575
2794	945.6911801851747	0.12401568563389324
2795	945.9790353189861	0.12388952507428631
2796	946.2668689209296	0.12362717517468126
2797	946.5546809591765	0.12366516232739835
2798	946.8424714018983	0.1234670180735539
2799	947.1302402172663	0.12352743819100566
2800	947.4179873734519	0.12309707148370527
2801	947.7057128386266	0.12321115568780538
2802	947.9934165809617	0.1230537168275064
2803	948.2810985686284	0.12268346447316836
2804	948.5687587697986	0.12275419308145
2805	948.8563971526431	0.12274285084481096
2806	949.1440136853338	0.12269738865207001
2807	949.4316083360416	0.12255160105863815
2808	949.7191810729383	0.12217917608418012
2809	950.0067318641951	0.12230019099213418
2810	950.2942606779834	0.12213605710685863
2811	950.5817674824747	0.12200155807279187
2812	950.8692522458402	0.12225444767036275
2813	951.1567149362514	0.12161249485573639
2814	951.4441555218799	0.12221776136812294
2815	951.7315739708966	0.12136027596150402
2816	952.0189702514733	0.12080589688723319
2817	952.3063443317811	0.12109089701952211
2818	952.5936961799916	0.12134935053414861
2819	952.8810257642763	0.12117306557720187
2820	953.1683330528064	0.12108455473858999
2821	953.4556180137531	0.12095534342355617
2822	953.7428806152881	0.12076353531831452
2823	954.0301208255826	0.12188353216628052
2824	954.3173386128083	0.12136336208599734
2825	954.6045339451362	0.12167954649844315
2826	954.8917067907379	0.12172351020334773
2827	955.1788571177847	0.12146627127873175
2828	955.465984894448	0.12066173792263446
2829	955.7530900888994	0.12120811604757417
2830	956.04017266931	0.12033183861347484
2831	956.3272326038511	0.12098548264175384
2832	956.6142698606947	0.12053647322837666
2833	956.9012844080115	0.12113530066767172
2834	957.1882762139732	0.12061333128236279
2835	957.4752452467512	0.12097540849235597
2836	957.762191474517	0.12117514896255237
2837	958.0491148654415	0.12171296383992988
2838	958.3360153876969	0.12137130036409549
2839	958.6228930094538	0.12135612342771233
2840	958.909747698884	0.1209056374360863
2841	959.1965794241586	0.12062823476907253
2842	959.4833881534495	0.12044385979688292
2843	959.7701738549275	0.12100166538740158
2844	960.0569364967645	0.12012286818740772
2845	960.3436760471316	0.11972071295879227
2846	960.6303924742001	0.11978506892880308
2847	960.9170857461417	0.11950129930981505
2848	961.2037558311275	0.12048922106665524
2849	961.4904026973292	0.12043571872846848
2850	961.7770263129179	0.12063745318501341
2851	962.0636266460649	0.12141815937136798
2852	962.3502036649421	0.12066180089487806
2853	962.6367573377204	0.12071826020622674
2854	962.9232876325715	0.12119535395602943
2855	963.2097945176664	0.1208197492964562
2856	963.4962779611769	0.1202087356306232
2857	963.7827379312743	0.1204792323890034
2858	964.0691743961299	0.12073299672585783
2859	964.355587323915	0.12053788005647902
2860	964.6419766828012	0.1199837649690204
2861	964.9283424409598	0.1198745713029974
2862	965.2146845665621	0.11952118249675621
2863	965.5010030277796	0.1191242615984512
2864	965.7872977927836	0.11885482250999597
2865	966.0735688297457	0.11898730254026305
2866	966.359816106837	0.11843498420074602
2867	966.646039592229	0.11917161194724944
2868	966.9322392540932	0.11997507580620405
2869	967.2184150606009	0.12019466312408954
2870	967.5045669799237	0.11986587178580933
2871	967.7906949802324	0.11882430694482216
2872	968.0767990296989	0.11975705244210852
2873	968.3628790964946	0.11922081708125094
2874	968.6489351487907	0.12030909756192515
2875	968.9349671547586	0.1196049420093478
2876	969.2209750825698	0.11910713049184724
2877	969.5069589003955	0.1199817647779834
2878	969.7929185764073	0.11992160382169242
2879	970.0788540787765	0.11994221043538171
2880	970.3647653756746	0.11959843338809535
2881	970.6506524352727	0.11914580289322066
2882	970.9365152257424	0.11949566210701287
2883	971.2223537152552	0.12000552667934884
2884	971.5081678719822	0.12019676626023365
2885	971.7939576640949	0.1205684435831018
2886	972.0797230597648	0.11970514945454815
2887	972.3654640271634	0.11966275237511761
2888	972.6511805344616	0.11990413677880647
2889	972.9368725498313	0.11955593123412686
2890	973.2225400414436	0.11875029366999093
2891	973.50818297747	0.11879258258101506
2892	973.7938013260818	0.1183899328735675
2893	974.0793950554506	0.11826474435963306
2894	974.3649641337477	0.11806939637838938
2895	974.6505085291442	0.11897119993159361
2896	974.9360282098118	0.11892643231169987
2897	975.2215231439218	0.11910414392353015
2898	975.5069932996457	0.11913913056146264
2899	975.7924386451547	0.11857453243087261
2900	976.0778591486204	0.11859021854017626
2901	976.3632547782139	0.1180259249419958
2902	976.6486255021069	0.11891093971347015
2903	976.9339712884706	0.11869976732829952
2904	977.2192921054764	0.11855895503760447
2905	977.5045879212959	0.11863058351949363
2906	977.7898587041002	0.1188173266612665
2907	978.0751044220608	0.11850720260933723
2908	978.3603250433491	0.11940993186753945
2909	978.6455205361365	0.11911187755847731
2910	978.9306908685944	0.11850137699262626
2911	979.2158360088941	0.11954975839792988
2912	979.5009559252071	0.11947291342519839
2913	979.7860505857047	0.11917635735927767
2914	980.0711199585585	0.11883326017041727
2915	980.3561640119395	0.11858487125917617
2916	980.6411827140195	0.11814509081353164
2917	980.9261760329696	0.11873819011964434
2918	981.2111439369612	0.11818376468921694
2919	981.496086394166	0.11785846414582905
2920	981.7810033727551	0.11803047179250607
2921	982.0658948408999	0.11886290285037104
2922	982.3507607667719	0.11859201726721715
2923	982.6356011185426	0.11869652152937596
2924	982.9204158643829	0.11815442639170477
2925	983.2052049724647	0.11841807674702251
2926	983.4899684109592	0.11733442897165572
2927	983.7747061480378	0.1177545196396241
2928	984.059418151872	0.1181551467159218
2929	984.3441043906329	0.11848673026780525
2930	984.6287648324922	0.11877346948669942
2931	984.913399445621	0.1188553233859971
2932	985.198008198191	0.1183262638479333
2933	985.4825910583735	0.11811556529963124
2934	985.7671479943397	0.11760080364051799
2935	986.0516789742611	0.11802123778614317
2936	986.3361839663091	0.11897696820235039
2937	986.6206629386552	0.11952241192938211
2938	986.9051158594706	0.11876489246840587
2939	987.1895426969268	0.11796114397391082
2940	987.473943419195	0.11744883266075684
2941	987.758317994447	0.11766081062460299
2942	988.0426663908539	0.11794241102353743
2943	988.326988576587	0.11711110562622504
2944	988.6112845198181	0.11666514315337154
2945	988.895554188718	0.1182915487769641
2946	989.1797975514585	0.11788783611499723
2947	989.464014576211	0.11859738753826386
2948	989.7482052311468	0.11775435260081188
2949	990.0323694844371	0.11699241750790645
2950	990.3165073042536	0.11662068844407829
2951	990.6006186587674	0.1171544782838723
2952	990.8847035161501	0.11711913057334689
2953	991.1687618445729	0.11747446441262654
2954	991.4527936122076	0.11688200794709393
2955	991.7367987872253	0.11581573699541853
2956	992.0207773377971	0.11598895845225281
2957	992.3047292320949	0.11678131402692822
2958	992.5886544382898	0.11678749154775452
2959	992.8725529245534	0.11629842923881603
2960	993.1564246590568	0.11641068175349098
2961	993.4402696099717	0.11688176058508258
2962	993.7240877454693	0.11714544374802606
2963	994.0078790337209	0.11675897672779842
2964	994.291643442898	0.11617839388540101
2965	994.5753809411722	0.11614230967808943
2966	994.8590914967147	0.11600111429912234
2967	995.1427750776966	0.11675766653769289
2968	995.4264316522897	0.11624256140600944
2969	995.7100611886652	0.11607632155164539
2970	995.9936636549947	0.11580799914420688
2971	996.2772390194494	0.11612481661450613
2972	996.5607872502007	0.11727249618660122
2973	996.84430831542	0.11826359282251425
2974	997.1278021832787	0.11793112346739117
2975	997.4112688219484	0.11836704167381946
2976	997.6947081996002	0.11757530482283347
2977	997.9781202844053	0.11651837967014725
2978	998.2615050445359	0.11710162204717164
2979	998.5448624481625	0.11742622325585048
2980	998.8281924634567	0.11635722341227406
2981	999.1114950585903	0.11616362674121147
2982	999.3947702017343	0.1157562310887668
2983	999.6780178610602	0.115839977192379
2984	999.9612380047395	0.11667604467164717
2985	1000.2444306009435	0.11580361442698842
2986	1000.5275956178436	0.11498228044733257
2987	1000.8107330236111	0.11565854569348438
2988	1001.0938427864174	0.11596786434761287
2989	1001.3769248744342	0.11568274022549382
2990	1001.6599792558322	0.11644749071517449
2991	1001.9430058987837	0.11723882050675756
2992	1002.2260047714593	0.11640789065708361
2993	1002.5089758420308	0.11644657079211714
2994	1002.7919190786697	0.11590790039870193
2995	1003.0748344495471	0.11596531470480348
2996	1003.3577219228342	0.11684230517051765
2997	1003.6405814667031	0.11874233398111768
2998	1003.9234130493245	0.11756238517859485
2999	1004.2062166388699	0.1170726953036476
3000	1004.4889922035112	0.11703955827762584
3001	1004.7717397114192	0.11648490150496155
3002	1005.0544591307656	0.11613570524494451
3003	1005.3371504297218	0.11674075379330666
3004	1005.6198135764588	0.11587647676322442
3005	1005.9024485391485	0.11621291742837117
3006	1006.185055285962	0.11643657193179656
3007	1006.4676337850708	0.11647737612172948
3008	1006.7501840046463	0.11650465398232857
3009	1007.0327059128598	0.11584527681901177
3010	1007.3151994778827	0.11447728522225852
3011	1007.5976646678864	0.1151748201281855
3012	1007.8801014510424	0.1152764611032894
3013	1008.1625097955219	0.11529961135049878
3014	1008.4448896694965	0.11556035109089892
3015	1008.7272410411374	0.11556472100928682
3016	1009.0095638786161	0.11625885616487229
3017	1009.291858150104	0.11649010159830471
3018	1009.5741238237724	0.11555675514374784
3019	1009.8563608677928	0.11555329920963785
3020	1010.1385692503366	0.11581287313165542
3021	1010.420748939575	0.11659562204391534
3022	1010.7028999036795	0.11651798229977499
3023	1010.9850221108215	0.1158870865997156
3024	1011.2671155291723	0.11553382855037712
3025	1011.5491801269036	0.11500856687784564
3026	1011.8312158721864	0.11516501002211446
3027	1012.1132227331923	0.11569461660156359
3028	1012.3952006780927	0.11577410205285393
3029	1012.6771496750588	0.11573818036556009
3030	1012.9590696922622	0.11565845920448836
3031	1013.2409606978742	0.11511197584273701
3032	1013.5228226600663	0.11560983593829434
3033	1013.8046555470097	0.11499975810077637
3034	1014.0864593268758	0.11573015347545669
3035	1014.3682339678361	0.11526848109298213
3036	1014.6499794380621	0.11451844983418528
3037	1014.9316957057251	0.11501621410402177
3038	1015.2133827389962	0.11578121052110454
3039	1015.4950405060472	0.11552505918872306
3040	1015.7766689750492	0.11526818799669658
3041	1016.0582681141738	0.11532049767486338
3042	1016.3398378915923	0.11537256979091587
3043	1016.6213782754761	0.11508007949095937
3044	1016.9028892339965	0.1152561688310293
3045	1017.1843707353249	0.11440529689968212
3046	1017.4658227476331	0.11607169661441936
3047	1017.7472452390917	0.11550800636081233
3048	1018.0286381778728	0.11478770601524048
3049	1018.3100015321477	0.11437495538545257
3050	1018.5913352700873	0.11497891436930105
3051	1018.8726393598635	0.11361574771980044
3052	1019.1539137696471	0.11379801283749737
3053	1019.4351584676103	0.1138712997715893
3054	1019.7163734219241	0.11254472481439168
3055	1019.9975586007597	0.11286672768036092
3056	1020.2787139722886	0.11325167028372794
3057	1020.5598395046824	0.11340678149484558
3058	1020.8409351661121	0.11365283517041189
3059	1021.1220009247494	0.1139532151399297
3060	1021.4030367487657	0.11289928337734978
3061	1021.6840426063322	0.11395309472098654
3062	1021.9650184656206	0.11338234889398485
3063	1022.245964294802	0.11335525681450749
3064	1022.5268800620478	0.11258611143992833
3065	1022.8077657355294	0.11310270313115141
3066	1023.0886212834183	0.11344702859294378
3067	1023.3694466738859	0.11453998979674815
3068	1023.6502418751035	0.11397969097829955
3069	1023.9310068552425	0.11456712406074933
3070	1024.2117415824744	0.11412414657977007
3071	1024.4924460249701	0.1138079850412592
3072	1024.7731201509018	0.11388037783180417
3073	1025.0537639284405	0.11367351894468866
3074	1025.3343773257575	0.11396119197596892
3075	1025.614960311024	0.11445641809198792
3076	1025.895512852412	0.11409622035016634
3077	1026.1760349180922	0.1140601913120622
3078	1026.4565264762366	0.11396999247441043
3079	1026.7369874950161	0.11353767123658975
3080	1027.0174179426024	0.11365463213600915
3081	1027.2978177871669	0.1137176887780366
3082	1027.5781869968807	0.1141145056013169
3083	1027.8585255399153	0.11322284914267325
3084	1028.1388333844425	0.1132148383296514
3085	1028.419110498633	0.11339305325952026
3086	1028.6993568506587	0.11361307027843727
3087	1028.979572408691	0.11332353249959531
3088	1029.2597571409008	0.1138361377065962
3089	1029.53991101546	0.11199375295241777
3090	1029.8200340005396	0.1120289956954162
3091	1030.1001260643113	0.11150789505586231
3092	1030.3801871749465	0.11115044873582157
3093	1030.6602173006165	0.11164551053912292
3094	1030.9402164094925	0.11208217117123499
3095	1031.2201844697458	0.11239433974722372
3096	1031.5001214495485	0.11270916736428425
3097	1031.7800273170715	0.11429606172661645
3098	1032.059902040486	0.11472878798492159
3099	1032.3397455879635	0.11221824405463104
3100	1032.6195579276757	0.11217353524122964
3101	1032.8993390277938	0.11287430893510407
3102	1033.179088856489	0.11231808620435586
3103	1033.458807381933	0.113205350849707
3104	1033.738494572297	0.1121830215685077
3105	1034.0181503957524	0.11224389920390955
3106	1034.2977748204705	0.11185876982323846
3107	1034.5773678146231	0.11217487529493475
3108	1034.8569293463813	0.11180520024626782
3109	1035.1364593839164	0.11147635050002304
3110	1035.4159578954	0.11224394238201918
3111	1035.695424849003	0.11226028413349907
3112	1035.9748602128977	0.11145726997698845
3113	1036.2542639552546	0.11234992998059405
3114	1036.5336360442457	0.11209495072381151
3115	1036.8129764480418	0.11406701679694231
3116	1037.0922851348148	0.11385056954433392
3117	1037.371562072736	0.11368573576670392
3118	1037.6508072299766	0.11234704624651873
3119	1037.9300205747081	0.11282940272083378
3120	1038.209202075102	0.1119226903518805
3121	1038.4883516993293	0.11322932000095097
3122	1038.767469415562	0.11222973971694881
3123	1039.046555191971	0.1128306484352819
3124	1039.3256089967276	0.11420852914734173
3125	1039.6046307980039	0.11323418612283952
3126	1039.8836205639707	0.11384218212056121
3127	1040.1625782627993	0.11301746040679002
3128	1040.4415038626614	0.11316825403446432
3129	1040.7203973317282	0.11308122267002142
3130	1040.9992586381713	0.11167807573117325
3131	1041.278087750162	0.11337148860328933
3132	1041.5568846358717	0.11527030516450648
3133	1041.8356492634716	0.1132770375149704
3134	1042.1143816011333	0.11292011155976327
3135	1042.393081617028	0.11480399701912299
3136	1042.6717492793273	0.11530752336269216
3137	1042.9503845562026	0.11470218342887518
3138	1043.2289874158253	0.11289679415943786
3139	1043.5075578263663	0.11252412652969729
3140	1043.7860957559976	0.11278615236100104
3141	1044.0646011728904	0.11253768274667943
3142	1044.343074045216	0.11333749398792466
3143	1044.621514341146	0.1137776581674737
3144	1044.8999220288515	0.1131191518044788
3145	1045.178297076504	0.1127169138885369
3146	1045.4566394522749	0.11263074826007281
3147	1045.7349491243356	0.11313799089461764
3148	1046.0132260608573	0.11208959992882507
3149	1046.291470230012	0.11215056828964333
3150	1046.5696815999704	0.11224841727686272
3151	1046.8478601389043	0.1134143068669929
3152	1047.1260058149849	0.11285160108733683
3153	1047.4041185963836	0.11269668323451948
3154	1047.6821984512717	0.11219311963194098
3155	1047.960245347821	0.11216878060365969
3156	1048.2382592542024	0.11337913242852989
3157	1048.5162401385876	0.11266509699776923
3158	1048.794187969148	0.1121385142319442
3159	1049.0721027140546	0.11212699437251374
3160	1049.349984341479	0.11238450204510951
3161	1049.627832819593	0.11198342087585958
3162	1049.9056481165676	0.11157914364837314
3163	1050.183430200574	0.11117163183472198
3164	1050.4611790397842	0.11198965420365564
3165	1050.7388946023689	0.11020880321006549
3166	1051.0165768564998	0.11108468929389238
3167	1051.2942257703482	0.11211340473872505
3168	1051.571841312086	0.11269890652037623
3169	1051.8494234498837	0.11202942187642648
3170	1052.1269721519136	0.11227588521325063
3171	1052.4044873863463	0.11311318500101211
3172	1052.6819691213539	0.11347453332655492
3173	1052.959417325107	0.11274986671141654
3174	1053.2368319657778	0.11227278188942061
3175	1053.514213011537	0.11295228899794599
3176	1053.7915604305565	0.1126445801517528
3177	1054.0688741910074	0.11241614621757474
3178	1054.3461542610612	0.11221173832894829
3179	1054.6234006088894	0.11288861820294616
3180	1054.900613202663	0.11340014380645333
3181	1055.1777920105537	0.11260384028877508
3182	1055.454937000733	0.11278112432349871
3183	1055.7320481413722	0.11286769149129608
3184	1056.0091254006422	0.11253658201642998
3185	1056.286168746715	0.11244758026618719
3186	1056.5631781477618	0.11129576119756852
3187	1056.8401535719543	0.11184826625322015
3188	1057.1170949874631	0.1117188907239109
3189	1057.3940023624605	0.11243573180159949
3190	1057.6708756651171	0.11242312782430605
3191	1057.947714863605	0.11456086223910794
3192	1058.2245199260947	0.11401500638499883
3193	1058.5012908207584	0.11212624767877903
3194	1058.7780275157672	0.11172644501203848
3195	1059.0547299792925	0.11276993690331899
3196	1059.3313981795059	0.11223652897332977
3197	1059.6080320845783	0.11275993681284285
3198	1059.8846316626814	0.11385227027279061
3199	1060.1611968819868	0.11309756368514046
3200	1060.4377277106653	0.11344643897012435
3201	1060.7142241168888	0.11262216504568795
3202	1060.9906860688286	0.11264495933109192
3203	1061.2671135346561	0.11281683297710149
3204	1061.5435064825424	0.11251017574599066
3205	1061.8198648806592	0.11362836740223203
3206	1062.0961886971777	0.11415926961248643
3207	1062.3724779002694	0.11272169521164976
3208	1062.6487324581058	0.11183047467198719
3209	1062.924952338858	0.1139068060881446
3210	1063.2011375106977	0.11408169206874497
3211	1063.4772879417958	0.11386999569731199
3212	1063.7534036003242	0.11421100912025386
3213	1064.0294844544542	0.11268825878034047
3214	1064.305530472357	0.11366591179653623
3215	1064.5815416222042	0.11314202573864542
3216	1064.857517872167	0.11302111173314759
3217	1065.133459190417	0.11181369984065512
3218	1065.4093655451252	0.11185757342724824
3219	1065.6852369044634	0.11201577565490858
3220	1065.961073236603	0.11266383464500018
3221	1066.236874509715	0.11352047113341461
3222	1066.512640691971	0.11264733529827325
3223	1066.7883717515424	0.11354963080667439
3224	1067.0640676566009	0.1116389879150492
3225	1067.3397283753172	0.11349847171043562
3226	1067.6153538758633	0.11381099807800192
3227	1067.8909441264104	0.1136390877964011
3228	1068.16649909513	0.11215736274885622
3229	1068.442018750193	0.1111261272568328
3230	1068.7175030597714	0.11234092641153927
3231	1068.9929519920358	0.11256623051885445
3232	1069.2683655151588	0.1131960685159651
3233	1069.5437435973108	0.11338923504175219
3234	1069.8190862066633	0.11250864057361501
3235	1070.0943933113883	0.11232359839762515
3236	1070.3696648796563	0.11182553191606323
3237	1070.6449008796394	0.1127131537216284
3238	1070.9201012795088	0.11308907099431088
3239	1071.195266047436	0.11349328210345254
3240	1071.470395151592	0.11309622815755295
3241	1071.7454885601485	0.1127864847000361
3242	1072.0205462412766	0.11378218657674292
3243	1072.2955681631481	0.11476726403884685
3244	1072.570554293934	0.11377795544828521
3245	1072.8455046018062	0.11313247453927563
3246	1073.1204190549354	0.11406119931024385
3247	1073.3952976214937	0.11430116132453377
3248	1073.670140269652	0.11273100413809031
3249	1073.9449469675817	0.11366050892004492
3250	1074.2197176834545	0.11365793151704774
3251	1074.4944523854417	0.11455898670676343
3252	1074.7691510417144	0.11301760059018176
3253	1075.0438136204443	0.11303215612202172
3254	1075.3184400898026	0.11262596088262751
3255	1075.593030417961	0.11364182413576575
3256	1075.8675845730904	0.11346682469931775
3257	1076.1421025233626	0.11547790394016424
3258	1076.4165842369487	0.1164651279905586
3259	1076.6910296820204	0.11678420923444818
3260	1076.9654388267486	0.11572678799991068
3261	1077.2398116393053	0.11646269885600916
3262	1077.5141480878617	0.11450741044214054
3263	1077.788448140589	0.11572349640161396
3264	1078.0627117656586	0.11691504909463021
3265	1078.3369389312418	0.11733151152031053
3266	1078.6111296055105	0.11704595234981029
3267	1078.8852837566355	0.1155945962076199
3268	1079.1594013527886	0.11430767016685581
3269	1079.433482362141	0.11460543727862456
3270	1079.7075267528642	0.11524047894263738
3271	1079.9815344931292	0.11846658054064761
3272	1080.255505551108	0.11896816355312358
3273	1080.5294398949713	0.11635018144143494
3274	1080.8033374928914	0.11726502043768493
3275	1081.0771983130387	0.1145660967476526
3276	1081.3510223235853	0.11521772523102983
3277	1081.6248094927025	0.11384662659784452
3278	1081.8985597885612	0.11516868493973209
3279	1082.1722731793332	0.11264995501482054
3280	1082.4459496331901	0.113562655297839
3281	1082.7195891183026	0.11534752960878332
3282	1082.9931916028427	0.11650198364367542
3283	1083.2667570549816	0.11924924651966164
3284	1083.5402854428905	0.1164163588402596
3285	1083.8137767347412	0.11598845870433393
3286	1084.0872308987048	0.11319886642864928
3287	1084.3606479029525	0.11274059092052677
3288	1084.6340277156562	0.11238795879063336
3289	1084.907370304987	0.11617462228468381
3290	1085.1806756391159	0.11890528276849098
3291	1085.4539436862153	0.11560813596429079
3292	1085.7271744144555	0.11628768557477243
3293	1086.0003677920085	0.118694806688465
3294	1086.2735237870459	0.11667864040375088
3295	1086.5466423677383	0.12013293981648174
3296	1086.8197235022578	0.12038732317691068
3297	1087.0927671587756	0.11993183506311861
3298	1087.3657733054629	0.11884348467128175
3299	1087.638741910491	0.1192699889168285
3300	1087.9116729420318	0.11753984984059283
3301	1088.1845663682564	0.11815736086088231
3302	1088.457422157336	0.11578462310642583
3303	1088.7302402774424	0.11364840077928606
3304	1089.0030206967465	0.11276768842195659
3305	1089.27576338342	0.11645735299371522
3306	1089.5484683056345	0.11850502605690487
3307	1089.821135431561	0.11820991577536445
3308	1090.0937647293708	0.11445805579456053
3309	1090.3663561672356	0.1161834276899785
3310	1090.638909713327	0.11774308782097638
3311	1090.911425335816	0.11812825685844876
3312	1091.1839030028736	0.11600285420386519
3313	1091.4563426826721	0.11776321523189852
3314	1091.7287443433822	0.11443261191198739
3315	1092.0011079531757	0.11789760097838707
3316	1092.273433480224	0.1162355634418304
3317	1092.5457208926982	0.1199562715714018
3318	1092.8179701587699	0.11630316254552331
3319	1093.0901812466102	0.1178907238380584
3320	1093.3623541243908	0.11845055569320709
3321	1093.634488760283	0.11806482984545
3322	1093.9065851224582	0.11695772436450486
3323	1094.1786431790877	0.11658890554134113
3324	1094.450662898343	0.11988499633201301
3325	1094.7226442483955	0.11983908445184827
3326	1094.9945871974162	0.11947946218476417
3327	1095.2664917135771	0.1154110156292621
3328	1095.5383577650493	0.11901197332214193
3329	1095.8101853200042	0.11720917174323843
3330	1096.0819743466132	0.11635531716150484
3331	1096.3537248130476	0.11387084034744367
3332	1096.625436687479	0.11678395480851284
3333	1096.8971099380785	0.12094655347359372
3334	1097.1687445330176	0.12245725118467186
3335	1097.440340440468	0.1207013540718272
3336	1097.7118976286006	0.11334453694425496
3337	1097.983416065587	0.1109638030251226
3338	1098.2548957195988	0.11449424998422468
3339	1098.526336558807	0.11804934871024324
3340	1098.7977385513834	0.11848244239606012
3341	1099.0691016654991	0.11533233940606326
3342	1099.3404258693254	0.11872598025369205
3343	1099.6117111310339	0.12103045763035518
3344	1099.882957418796	0.11807791919072318
3345	1100.1541647007832	0.11983035677113299
3346	1100.4253329451665	0.11821545399050372
3347	1100.6964621201178	0.12090611677210085
3348	1100.967552193808	0.1220175127245181
3349	1101.2386031344085	0.12146858801816719
3350	1101.5096149100912	0.1221710054333588
3351	1101.780587489027	0.12366988115250532
3352	1102.0515208393874	0.11984643566439193
3353	1102.322414929344	0.12154215864207055
3354	1102.5932697270678	0.117772313735354
3355	1102.8640852007306	0.11703746603481814
3356	1103.1348613185037	0.12053645105098984
3357	1103.4055980485584	0.11780857530699838
3358	1103.676295359066	0.11882087438231564
3359	1103.946953218198	0.11611161889874855
3360	1104.2175715941257	0.11946305779909105
3361	1104.4881504550208	0.1183750082766118
3362	1104.7586897690542	0.12274776138563741
3363	1105.029189504398	0.12127996522692282
3364	1105.2996496292226	0.11876729494308354
3365	1105.5700701117	0.12587427344900323
3366	1105.8404509200018	0.12416439297192071
3367	1106.110792022299	0.12263827198238438
3368	1106.3810933867628	0.11854285249916977
3369	1106.6513549815652	0.12038655616020112
3370	1106.9215767748772	0.11887948056410927
3371	1107.19175873487	0.12212708979846383
3372	1107.461900829716	0.12434739898676246
3373	1107.732003027585	0.12143356777439131
3374	1108.0020652966498	0.1241231993552183
3375	1108.272087605081	0.1245628532933787
3376	1108.5420699210501	0.12638939523468995
3377	1108.8120122127286	0.12615728680112856
3378	1109.081914448288	0.126840011395209
3379	1109.3517765958995	0.12852811431487093
3380	1109.6215986237348	0.1259365645636293
3381	1109.8913804999647	0.12244620473109272
3382	1110.1611221927612	0.12287749022250608
3383	1110.4308236702955	0.11580309036909517
3384	1110.7004849007387	0.12261208077975486
3385	1110.9701058522626	0.1228043942825401
3386	1111.239686493038	0.12623823780869262
3387	1111.509226791237	0.12451918931983164
3388	1111.7787267150309	0.12701274182110275
3389	1112.0481862325905	0.1224932889972286
3390	1112.3176053120878	0.12000740851397203
3391	1112.586983921694	0.12245653835955639
3392	1112.8563220295803	0.12116518595071099
3393	1113.1256196039183	0.12500722953390972
3394	1113.3948766128792	0.1257807505738555
3395	1113.6640930246347	0.12474047610179122
3396	1113.9332688073557	0.12205951223443369
3397	1114.2024039292141	0.12364848022163102
3398	1114.471498358381	0.12014844060574663
3399	1114.7405520630282	0.12116521357963773
3400	1115.0095650113262	0.12198921959565694
3401	1115.2785371714472	0.12333974838489402
3402	1115.5474685115623	0.12555083222058527
3403	1115.816358999843	0.12527583946890977
3404	1116.0852086044608	0.1191984101208555
3405	1116.3540172935866	0.12583126641009726
3406	1116.6227850353923	0.12224970172204697
3407	1116.8915117980491	0.12387304441885351
3408	1117.160197549728	0.12753171268542923
3409	1117.4288422586012	0.12757139431901388
3410	1117.6974458928396	0.12355990147750515
3411	1117.9660084206146	0.12788527042758224
3412	1118.2345298100975	0.13373185863185394
3413	1118.5030100294598	0.13324225818611654
3414	1118.771449046873	0.12765035154238644
3415	1119.0398468305084	0.12651488720644793
3416	1119.3082033485375	0.12378051104371077
3417	1119.5765185691314	0.12649877836394077
3418	1119.8447924604616	0.12288874840061523
3419	1120.1130249906998	0.12836313834045254
3420	1120.381216128017	0.12770965553114416
3421	1120.6493658405848	0.1346587853455416
3422	1120.9174740965746	0.1322010550520762
3423	1121.1855408641577	0.13104041257486695
3424	1121.4535661115053	0.12433870621232186
3425	1121.7215498067892	0.12979652061921967
3426	1121.9894919181806	0.13266222364400113
3427	1122.2573924138508	0.12924278993229316
3428	1122.525251261971	0.12893837011254933
3429	1122.7930684307134	0.12529618627531072
3430	1123.0608438882487	0.1213868290429411
3431	1123.328577602748	0.1286608671554487
3432	1123.5962695423837	0.13682997398966534
3433	1123.8639196753263	0.13344468454122058
3434	1124.1315279697476	0.13770883933247344
3435	1124.3990943938186	0.12805226455305505
3436	1124.6666189157113	0.12896174152063541
3437	1124.9341015035968	0.12595170544849638
3438	1125.2015421256465	0.12427615326870943
3439	1125.4689407500314	0.12978388173367333
3440	1125.7362973449235	0.12878839173887768
3441	1126.0036118784938	0.1351875256559538
3442	1126.2708843189139	0.13805253660533978
3443	1126.538114634355	0.1332480292892384
3444	1126.8053027929889	0.12316188994950399
3445	1127.0724487629864	0.12494382607227146
3446	1127.3395525125193	0.12926348026245865
3447	1127.606614009759	0.13324030461573605
3448	1127.8736332228764	0.13192248890121594
3449	1128.1406101200434	0.13540170988094594
3450	1128.4075446694314	0.12972521696552242
3451	1128.6744368392115	0.11843490475442602
3452	1128.9412865975553	0.12311169479468964
3453	1129.208093912634	0.12908440964822876
3454	1129.4748587526192	0.13066328809368122
3455	1129.741581085682	0.1317995256690282
3456	1130.0082608799942	0.1361418697235726
3457	1130.2748981037266	0.135101222690073
3458	1130.5414927250513	0.13681540387340968
3459	1130.8080447121392	0.139471687337027
3460	1131.0745540331618	0.12729331019432455
3461	1131.3410206562908	0.12044974490825076
3462	1131.6074445496968	0.13327148736375366
3463	1131.8738256815523	0.12769237144736342
3464	1132.1401640200277	0.12330039474889021
3465	1132.4064595332948	0.1285873113379018
3466	1132.672712189525	0.1311648093587142
3467	1132.9389219568895	0.13557472456432046
3468	1133.2050888035603	0.1257419323110217
3469	1133.471212697708	0.13889640141313433
3470	1133.7372936075044	0.13777264943609768
3471	1134.003331501121	0.143308661966462
3472	1134.2693263467286	0.13510048302403238
3473	1134.5352781124993	0.13451905506487383
3474	1134.8011867666041	0.13228545270259293
3475	1135.0670522772143	0.13113459915620093
3476	1135.3328746125019	0.12662186234051306
3477	1135.5986537406377	0.12933242850608861
3478	1135.864389629793	0.14124859343647836
3479	1136.1300822481396	0.13330385441949918
3480	1136.3957315638486	0.13739365233640055
3481	1136.6613375450918	0.1415475505898874
3482	1136.92690016004	0.13254029820923321
3483	1137.192419376865	0.1394223310868114
3484	1137.457895163738	0.13078853559427953
3485	1137.7233274888306	0.13575009364226331
3486	1137.988716320314	0.14132960257074215
3487	1138.2540616263598	0.14026817933216187
3488	1138.519363375139	0.146289972077563
3489	1138.7846215348234	0.14996896075064964
3490	1139.0498360735842	0.1392171074122781
3491	1139.3150069595927	0.13836004820377884
3492	1139.5801341610204	0.12958125343968438
3493	1139.8452176460387	0.1362449854562606
3494	1140.110257382819	0.1440705436313614
3495	1140.3752533395327	0.13781495603950483
3496	1140.6402054843513	0.14709765964415528
3497	1140.9051137854458	0.1423720485392014
3498	1141.169978210988	0.13797965114744395
3499	1141.434798729149	0.13299909177695562
3500	1141.6995753081003	0.13238639533105784
3501	1141.9643079160132	0.14227382682355016
3502	1142.2289965210593	0.1365238907746522
3503	1142.4936410914102	0.1433180065846712
3504	1142.7582415952365	0.15366562457749847
3505	1143.0227980007105	0.14474723800696623
3506	1143.2873102760027	0.127308945812421
3507	1143.5517783892853	0.13288691847097261
3508	1143.8162023087293	0.1257772982318103
3509	1144.080582002506	0.14349323052872212
3510	1144.3449174387868	0.13547912937542583
3511	1144.6092085857433	0.14413613289945887
3512	1144.873455411547	0.14865773866525275
3513	1145.1376578843688	0.14347978855169338
3514	1145.4018159723805	0.13848588420373006
3515	1145.665929643753	0.15078812881167178
3516	1145.9299988666585	0.1455999589717985
3517	1146.1940236092678	0.13752662312948796
3518	1146.4580038397526	0.13690969599548894
3519	1146.7219395262837	0.14811387307388027
3520	1146.9858306370331	0.1418203513495346
3521	1147.249677140172	0.14462089803824346
3522	1147.513479003872	0.14084297167372445
3523	1147.777236196304	0.1535042238614064
3524	1148.0409486856397	0.14276508625190482
3525	1148.3046164400505	0.14427228319592622
3526	1148.5682394277078	0.13903394194569557
3527	1148.831817616783	0.15232094847513453
3528	1149.0953509754472	0.15164542085304816
3529	1149.358839471872	0.15110449261926245
3530	1149.622283074229	0.1360415636772391
3531	1149.8856817506894	0.13429538420026174
3532	1150.1490354694242	0.1316799191541768
3533	1150.4123441986055	0.14390144744737615
3534	1150.6756079064044	0.1382216301798304
3535	1150.938826560992	0.13619238258563449
3536	1151.2020001305402	0.1339728664829045
3537	1151.4651285832201	0.14244246645157585
3538	1151.7282118872029	0.13923939437252705
3539	1151.9912500106605	0.1665018646283651
3540	1152.2542429217635	0.15332381376359347
3541	1152.5171905886843	0.14612153372031284
3542	1152.7800929795937	0.13328960639687665
3543	1153.0429500626628	0.13861148252199018
3544	1153.3057618060639	0.14111853834236998
3545	1153.5685281779674	0.14373266277854396
3546	1153.8312491465454	0.13544168435890006
3547	1154.093924679969	0.15130713356362033
3548	1154.3565547464093	0.15667532662434092
3549	1154.6191393140382	0.14778531572662065
3550	1154.881678351027	0.13878625855085752
3551	1155.144171825547	0.13988559279646193
3552	1155.4066197057693	0.14642155653174652
3553	1155.6690219598659	0.1524573609003594
3554	1155.9313785560075	0.1362098156487238
3555	1156.1936894623661	0.13748472175060553
3556	1156.4559546471128	0.13703342790958192
3557	1156.7181740784188	0.14392829161089016
3558	1156.980347724456	0.15298218678768657
3559	1157.242475553395	0.15140280305902457
3560	1157.5045575334084	0.13984978840468856
3561	1157.7665936326664	0.14816289111774578
3562	1158.028583819341	0.15022825945030666
3563	1158.2905280616035	0.15721897471916146
3564	1158.552426327625	0.13524453213733117
3565	1158.8142785855775	0.13921455802108715
3566	1159.0760848036318	0.1339151814770524
3567	1159.3378449499594	0.1331026656546991
3568	1159.599558992732	0.14491752644097217
3569	1159.861226900121	0.1489300973658781
3570	1160.1228486402972	0.1416868718984051
3571	1160.3844241814327	0.15074416431690713
3572	1160.645953491698	0.13942994115801058
3573	1160.9074365392655	0.14705329986391785
3574	1161.1688732923062	0.147427503010284
3575	1161.4302637189912	0.1474229448445618
3576	1161.691607787492	0.14741837986886286
3577	1161.9529054659806	0.143704209227888
3578	1162.2141567226274	0.13802909609464828
3579	1162.4753615256047	0.15300532840994321
3580	1162.7365198430834	0.1389438924397001
3581	1162.9976316432349	0.13332966240117264
3582	1163.2586968942303	0.13416750862729349
3583	1163.5197155642418	0.12835348712322328
3584	1163.7806876214402	0.14480741290940916
3585	1164.041613033997	0.14119345205422174
3586	1164.3024917700836	0.13797995366611912
3587	1164.5633237978716	0.1410460764503592
3588	1164.824109085532	0.13055359231283153
3589	1165.0848476012363	0.13208090550200885
3590	1165.345539313156	0.1303661407719221
3591	1165.6061841894627	0.13303733539384371
3592	1165.8667821983274	0.1408643888264399
3593	1166.1273333079216	0.13603774331485938
3594	1166.3878374864169	0.13515118337692503
3595	1166.6482947019842	0.14203803795051867
3596	1166.9087049227956	0.14129325132880782
3597	1167.1690681170219	0.14510055795935325
3598	1167.4293842528346	0.15262064947253445
3599	1167.6896532984053	0.1612908778688321
3600	1167.9498752219054	0.14201405425299654
3601	1168.210049991506	0.14170639552551026
3602	1168.4701775753786	0.13741945808884484
3603	1168.7302579416944	0.1430763933043391
3604	1168.9902910586256	0.1469596037662512
3605	1169.2502768943425	0.14813544880977408
3606	1169.5102154170174	0.1407971519353947
3607	1169.7701065948213	0.12689077234299656
3608	1170.0299503959252	0.13199816851394844
3609	1170.2897467885011	0.13564512548950305
3610	1170.5494957407202	0.14463914507297435
3611	1170.809197220754	0.15887859230267
3612	1171.0688511967733	0.15274941727808644
3613	1171.3284576369501	0.15326185932564587
3614	1171.5880165094559	0.15715202481605337
3615	1171.8475277824616	0.1441435987496347
3616	1172.1069914241389	0.15112530154545015
3617	1172.366407402659	0.15079658282308947
3618	1172.6257756861933	0.14235692205919673
3619	1172.8850962429133	0.14538039076704784
3620	1173.1443690409906	0.13853759872310448
3621	1173.403594048596	0.1408863760106796
3622	1173.6627712339016	0.1410349547797317
3623	1173.9219005650782	0.1364003997486377
3624	1174.1809820102974	0.13002636073837048
3625	1174.4400155377307	0.1594590710858453
3626	1174.6990011155492	0.15354770524512198
3627	1174.957938711925	0.1353666338088045
3628	1175.2168282950286	0.14533549399427947
3629	1175.4756698330316	0.15153714849219507
3630	1175.7344632941056	0.1468503828356489
3631	1175.9932086464223	0.1400203269913765
3632	1176.2519058581524	0.12819743220985041
3633	1176.5105548974677	0.15085836320310975
3634	1176.7691557325397	0.14723919344044867
3635	1177.0277083315393	0.15036657691265146
3636	1177.2862126626385	0.1449060052760205
3637	1177.5446686940081	0.1464273832514843
3638	1177.80307639382	0.14839042272546082
3639	1178.0614357302452	0.13602089410982107
3640	1178.3197466714555	0.14882334862115848
3641	1178.5780091856218	0.15131140141195706
3642	1178.8362232409158	0.14799928297429993
3643	1179.0943888055087	0.13869023966078384
3644	1179.3525058475723	0.13716182776246266
3645	1179.6105743352775	0.13404096730683732
3646	1179.8685942367958	0.13640255403183454
3647	1180.1265655202988	0.15385470954885122
3648	1180.3844881539578	0.14758623877603724
