Index	Intensity	Intensity
1	84.8958408169621	1930
2	85.3683223409273	1910
3	85.8408901889816	1928
4	86.31354432981983	1936
5	86.78628473213685	1911
6	87.25911136462754	1921
7	87.73202419598674	1907
8	88.20502319490933	1890
9	88.67810833009015	1900
10	89.15127957022408	1911
11	89.62453688400596	1902
12	90.09788024013066	1919
13	90.57130960729305	1918
14	91.04482495418799	1918
15	91.51842624951031	1925
16	91.9921134619549	1940
17	92.46588656021662	1920
18	92.93974551299031	1908
19	93.41369028897086	1908
20	93.8877208568531	1918
21	94.36183718533191	1897
22	94.83603924310214	1899
23	95.31032699885864	1901
24	95.78470042129631	1905
25	96.25915947910997	1892
26	96.7337041409945	1889
27	97.20833437564475	1897
28	97.6830501517556	1899
29	98.15785143802188	1904
30	98.63273820313847	1924
31	99.10771041580023	1925
32	99.58276804470202	1925
33	100.05791105853868	1913
34	100.5331394260051	1906
35	101.00845311579613	1916
36	101.48385209660663	1909
37	101.95933633713145	1898
38	102.43490580606546	1907
39	102.91056047210353	1898
40	103.38630030394049	1905
41	103.86212527027124	1897
42	104.3380353397906	1907
43	104.81403048119346	1901
44	105.29011066317467	1899
45	105.7662758544291	1898
46	106.24252602365158	1910
47	106.718861139537	1910
48	107.19528117078022	1900
49	107.67178608607608	1914
50	108.14837585411946	1919
51	108.6250504436052	1909
52	109.1018098232282	1913
53	109.57865396168327	1907
54	110.05558282766529	1929
55	110.53259638986914	1911
56	111.00969461698966	1905
57	111.4868774777217	1902
58	111.96414494076015	1901
59	112.44149697479985	1912
60	112.91893354853566	1923
61	113.39645463066246	1906
62	113.87406018987508	1920
63	114.3517501948684	1907
64	114.82952461433729	1927
65	115.30738341697658	1919
66	115.78532657148115	1905
67	116.26335404654586	1920
68	116.74146581086556	1920
69	117.21966183313512	1914
70	117.69794208204941	1919
71	118.17630652630328	1920
72	118.65475513459157	1926
73	119.13328787560917	1924
74	119.61190471805092	1929
75	120.09060563061169	1926
76	120.56939058198635	1918
77	121.04825954086975	1901
78	121.52721247595674	1905
79	122.0062493559422	1920
80	122.48537014952097	1904
81	122.96457482538794	1901
82	123.44386335223794	1905
83	123.92323569876585	1894
84	124.40269183366651	1900
85	124.8822317256348	1927
86	125.36185534336556	1930
87	125.84156265555367	1931
88	126.32135363089401	1935
89	126.80122823808139	1929
90	127.28118644581068	1905
91	127.76122822277677	1901
92	128.2413535376745	1917
93	128.72156235919874	1919
94	129.20185465604436	1914
95	129.68223039690616	1918
96	130.1626895504791	1921
97	130.64323208545795	1907
98	131.1238579705376	1925
99	131.60456717441295	1932
100	132.0853596657788	1927
101	132.56623541333005	1922
102	133.04719438576154	1929
103	133.52823655176817	1914
104	134.00936188004474	1922
105	134.49057033928614	1918
106	134.97186189818723	1894
107	135.45323652544286	1909
108	135.93469418974792	1916
109	136.4162348597972	1895
110	136.89785850428567	1915
111	137.3795650919081	1915
112	137.86135459135937	1925
113	138.3432269713344	1904
114	138.82518220052796	1915
115	139.30722024763494	1899
116	139.78934108135024	1891
117	140.27154467036868	1900
118	140.75383098338514	1913
119	141.23619998909447	1903
120	141.71865165619153	1905
121	142.20118595337118	1925
122	142.6838028493283	1908
123	143.1665023127577	1905
124	143.64928431235433	1918
125	144.13214881681293	1920
126	144.61509579482845	1937
127	145.09812521509573	1917
128	145.58123704630964	1906
129	146.06443125716498	1905
130	146.5477078163567	1908
131	147.0310666925796	1906
132	147.51450785452857	1909
133	147.99803127089845	1909
134	148.4816369103841	1925
135	148.96532474168038	1914
136	149.44909473348218	1919
137	149.93294685448433	1934
138	150.41688107338166	1921
139	150.90089735886912	1917
140	151.3849956796415	1923
141	151.86917600439367	1930
142	152.35343830182052	1918
143	152.83778254061687	1916
144	153.3222086894776	1925
145	153.80671671709757	1914
146	154.29130659217168	1925
147	154.7759782833947	1927
148	155.26073175946158	1936
149	155.7455669890671	1916
150	156.2304839409062	1915
151	156.7154825836737	1898
152	157.2005628860644	1913
153	157.6857248167733	1929
154	158.17096834449512	1922
155	158.65629343792483	1922
156	159.14170006575722	1931
157	159.6271881966872	1927
158	160.1127577994096	1922
159	160.59840884261928	1918
160	161.08414129501108	1912
161	161.56995512527988	1910
162	162.05585030212058	1927
163	162.541826794228	1925
164	163.027884570297	1934
165	163.51402359902244	1909
166	164.0002438490992	1910
167	164.4865452892221	1918
168	164.97292788808608	1923
169	165.45939161438588	1904
170	165.94593643681645	1924
171	166.43256232407265	1916
172	166.91926924484932	1935
173	167.40605716784128	1924
174	167.89292606174348	1921
175	168.37987589525068	1905
176	168.8669066370578	1903
177	169.35401825585973	1907
178	169.84121072035123	1913
179	170.32848399922727	1923
180	170.81583806118266	1943
181	171.30327287491224	1920
182	171.79078840911086	1934
183	172.2783846324735	1922
184	172.76606151369484	1933
185	173.25381902146987	1929
186	173.74165712449343	1936
187	174.22957579146032	1925
188	174.71757499106548	1947
189	175.20565469200372	1924
190	175.69381486296993	1912
191	176.18205547265893	1918
192	176.6703764897656	1914
193	177.15877788298482	1921
194	177.64725962101144	1929
195	178.13582167254032	1929
196	178.6244640062663	1922
197	179.11318659088425	1936
198	179.60198939508905	1955
199	180.09087238757553	1921
200	180.57983553703858	1913
201	181.068878812173	1902
202	181.55800218167377	1902
203	182.04720561423565	1918
204	182.53648907855353	1919
205	183.02585254332226	1908
206	183.51529597723672	1924
207	184.00481934899176	1907
208	184.4944226272822	1905
209	184.98410578080296	1896
210	185.4738687782489	1904
211	185.96371158831488	1903
212	186.45363417969568	1915
213	186.94363652108626	1911
214	187.43371858118144	1935
215	187.92388032867603	1931
216	188.41412173226502	1932
217	188.90444276064312	1924
218	189.39484338250531	1928
219	189.8853235665464	1924
220	190.3758832814612	1928
221	190.86652249594468	1913
222	191.35724117869162	1930
223	191.8480392983969	1919
224	192.33891682375543	1922
225	192.82987372346196	1907
226	193.32090996621145	1930
227	193.8120255206987	1917
228	194.3032203556186	1918
229	194.79449443966604	1916
230	195.2858477415358	1920
231	195.7772802299228	1918
232	196.2687918735219	1920
233	196.76038264102795	1910
234	197.25205250113578	1911
235	197.7438014225403	1930
236	198.23562937393632	1948
237	198.72753632401873	1950
238	199.21952224148242	1937
239	199.7115870950222	1917
240	200.20373085333296	1922
241	200.69595348510956	1939
242	201.18825495904682	1929
243	201.68063524383962	1922
244	202.17309430818284	1924
245	202.66563212077133	1922
246	203.15824865029998	1925
247	203.6509438654636	1913
248	204.14371773495705	1920
249	204.63657022747523	1922
250	205.129501311713	1932
251	205.62251095636515	1927
252	206.1155991301266	1909
253	206.60876580169224	1921
254	207.1020109397569	1931
255	207.59533451301542	1921
256	208.08873649016266	1932
257	208.58221683989348	1923
258	209.07577553090277	1919
259	209.5694125318854	1885
260	210.06312781153616	1908
261	210.55692133854996	1906
262	211.0507930816217	1932
263	211.54474300944614	1953
264	212.03877109071823	1936
265	212.5328772941328	1926
266	213.02706158838464	1909
267	213.52132394216875	1930
268	214.0156643241799	1928
269	214.51008270311297	1947
270	215.0045790476628	1927
271	215.49915332652427	1925
272	215.99380550839226	1935
273	216.48853556196156	1914
274	216.98334345592713	1928
275	217.47822915898377	1929
276	217.97319263982632	1922
277	218.4682338671497	1935
278	218.9633528096487	1937
279	219.45854943601825	1913
280	219.95382371495316	1911
281	220.44917561514836	1911
282	220.94460510529865	1926
283	221.44011215409887	1923
284	221.93569673024388	1925
285	222.43135880242863	1906
286	222.92709833934794	1912
287	223.42291530969658	1923
288	223.91880968216952	1910
289	224.41478142546157	1901
290	224.91083050826762	1900
291	225.40695689928253	1909
292	225.9031605672011	1915
293	226.39944148071828	1916
294	226.89579960852888	1934
295	227.39223491932768	1936
296	227.8887473818097	1927
297	228.3853369646697	1947
298	228.88200363660263	1927
299	229.37874736630323	1925
300	229.8755681224664	1941
301	230.37246587378706	1948
302	230.86944058896	1942
303	231.36649223668013	1945
304	231.86362078564224	1939
305	232.3608262045413	1937
306	232.85810846207204	1941
307	233.35546752692943	1932
308	233.85290336780832	1930
309	234.35041595340346	1928
310	234.84800525240985	1929
311	235.3456712335223	1934
312	235.8434138654356	1916
313	236.3412331168447	1919
314	236.83912895644443	1943
315	237.3371013529296	1926
316	237.83515027499521	1912
317	238.33327569133598	1911
318	238.83147757064683	1895
319	239.32975588162265	1912
320	239.82811059295824	1927
321	240.32654167334846	1938
322	240.82504909148815	1928
323	241.3236328160723	1925
324	241.82229281579566	1924
325	242.32102905935307	1929
326	242.81984151543946	1921
327	243.3187301527497	1920
328	243.8176949399786	1933
329	244.31673584582097	1934
330	244.8158528389718	1936
331	245.3150458881259	1926
332	245.81431496197808	1927
333	246.31366002922323	1942
334	246.81308105855624	1942
335	247.3125780186719	1938
336	247.8121508782652	1937
337	248.31179960603083	1938
338	248.8115241706638	1913
339	249.31132454085883	1925
340	249.81120068531095	1914
341	250.3111525727149	1917
342	250.81118017176556	1927
343	251.31128345115775	1929
344	251.81146237958643	1930
345	252.3117169257464	1932
346	252.81204705833255	1934
347	253.3124527460397	1925
348	253.81293395756273	1932
349	254.31349066159652	1921
350	254.8141228268359	1940
351	255.31483042197573	1923
352	255.8156134157109	1931
353	256.3164717767362	1918
354	256.8174054737466	1926
355	257.3184144754369	1921
356	257.8194987505019	1914
357	258.3206582676366	1914
358	258.8218929955358	1925
359	259.32320290289425	1924
360	259.824587958407	1918
361	260.32604813076875	1916
362	260.8275833886744	1911
363	261.3291937008189	1919
364	261.830879035897	1919
365	262.33263936260363	1897
366	262.83447464963365	1926
367	263.33638486568185	1903
368	263.83836997944314	1922
369	264.3404299596124	1922
370	264.84256477488447	1921
371	265.3447743939542	1916
372	265.8470587855164	1916
373	266.34941791826606	1919
374	266.85185176089794	1926
375	267.35436028210694	1923
376	267.8569434505879	1940
377	268.3596012350357	1921
378	268.8623336041452	1916
379	269.3651405266112	1927
380	269.86802197112866	1935
381	270.3709779063924	1918
382	270.8740083010972	1946
383	271.37711312393805	1940
384	271.88029234360977	1947
385	272.3835459288071	1939
386	272.8868738482251	1931
387	273.3902760705585	1932
388	273.89375256450217	1944
389	274.397303298751	1934
390	274.90092824199985	1948
391	275.4046273629436	1934
392	275.9084006302771	1937
393	276.4122480126951	1914
394	276.91616947889264	1931
395	277.4201649975645	1932
396	277.9242345374055	1923
397	278.4283780671105	1900
398	278.9325955553744	1914
399	279.4368869708921	1921
400	279.9412522823584	1923
401	280.44569145846816	1927
402	280.9502044679163	1928
403	281.4547912793976	1910
404	281.95945186160696	1916
405	282.46418618323924	1904
406	282.9689942129893	1901
407	283.473875919552	1915
408	283.9788312716222	1913
409	284.48386023789476	1916
410	284.9889627870645	1921
411	285.49413888782635	1933
412	285.9993885088752	1931
413	286.50471161890573	1942
414	287.010108186613	1919
415	287.51557818069176	1944
416	288.0211215698369	1940
417	288.5267383227433	1938
418	289.03242840810583	1941
419	289.53819179461925	1943
420	290.04402845097854	1915
421	290.5499383458785	1908
422	291.055921448014	1923
423	291.56197772607993	1926
424	292.06810714877105	1922
425	292.57430968478235	1920
426	293.08058530280863	1929
427	293.58693397154474	1920
428	294.0933556596856	1908
429	294.59985033592596	1928
430	295.1064179689607	1918
431	295.61305852748484	1945
432	296.1197719801931	1933
433	296.62655829578034	1921
434	297.13341744294144	1929
435	297.6403493903713	1925
436	298.1473541067647	1909
437	298.6544315608166	1914
438	299.16158172122175	1940
439	299.66880455667507	1923
440	300.17610003587146	1927
441	300.6834681275057	1940
442	301.1909088002727	1933
443	301.69842202286736	1940
444	302.2060077639844	1922
445	302.71366599231885	1919
446	303.22139667656546	1923
447	303.7291997854191	1929
448	304.23707528757467	1941
449	304.74502315172697	1923
450	305.25304334657096	1925
451	305.7611358408014	1921
452	306.2693006031132	1921
453	306.7775376022012	1915
454	307.28584680676033	1922
455	307.79422818548534	1928
456	308.30268170707114	1918
457	308.8112073402126	1923
458	309.31980505360457	1950
459	309.82847481594195	1931
460	310.33721659591953	1931
461	310.84603036223217	1935
462	311.35491608357484	1935
463	311.86387372864226	1940
464	312.3729032661294	1939
465	312.8820046647311	1922
466	313.3911778931421	1909
467	313.9004229200574	1914
468	314.40973971417185	1915
469	314.91912824418023	1918
470	315.42858847877744	1920
471	315.9381203866584	1925
472	316.4477239365179	1924
473	316.9573990970508	1932
474	317.467145836952	1908
475	317.9769641249163	1916
476	318.48685392963864	1923
477	318.9968152198138	1908
478	319.5068479641367	1918
479	320.01695213130216	1928
480	320.5271276900051	1928
481	321.0373746089403	1930
482	321.5476928568027	1937
483	322.0580824022871	1925
484	322.5685432140884	1925
485	323.0790752609014	1926
486	323.589678511421	1926
487	324.1003529343421	1944
488	324.61109849835947	1923
489	325.1219151721681	1924
490	325.6328029244627	1915
491	326.1437617239382	1912
492	326.65479153928953	1920
493	327.16589233921144	1924
494	327.67706409239884	1936
495	328.1883067675466	1921
496	328.6996203333495	1932
497	329.21100475850255	1931
498	329.7224600117005	1939
499	330.2339860616382	1921
500	330.7455828770106	1899
501	331.2572504265124	1911
502	331.76898867883864	1919
503	332.2807976026841	1915
504	332.79267716674366	1908
505	333.30462733971217	1906
506	333.81664809028445	1911
507	334.32873938715545	1920
508	334.8409011990199	1925
509	335.35313349457283	1927
510	335.86543624250896	1917
511	336.37780941152323	1927
512	336.8902529703104	1928
513	337.40276688756546	1906
514	337.91535113198324	1922
515	338.4280056722585	1924
516	338.94073047708616	1929
517	339.4535255151611	1937
518	339.9663907551782	1922
519	340.47932616583233	1914
520	340.9923317158183	1916
521	341.5054073738309	1924
522	342.01855310856513	1934
523	342.53176888871576	1936
524	343.04505468297776	1906
525	343.5584104600458	1903
526	344.07183618861495	1901
527	344.5853318373799	1910
528	345.0988973750356	1899
529	345.61253277027697	1915
530	346.1262379917987	1935
531	346.6400130082958	1919
532	347.15385778846303	1922
533	347.6677723009953	1925
534	348.1817565145875	1928
535	348.69581039793445	1913
536	349.20993391973104	1918
537	349.7241270486721	1921
538	350.2383897534524	1913
539	350.752722002767	1928
540	351.2671237653106	1928
541	351.78159500977813	1913
542	352.29613570486447	1916
543	352.8107458192644	1927
544	353.32542532167287	1902
545	353.8401741807847	1924
546	354.3549923652947	1928
547	354.8698798438978	1947
548	355.38483658528884	1926
549	355.8998625581627	1916
550	356.4149577312142	1914
551	356.93012207313825	1911
552	357.4453555526297	1930
553	357.96065813838334	1924
554	358.4760297990941	1925
555	358.9914705034568	1919
556	359.5069802201663	1913
557	360.02255891791754	1912
558	360.53820656540535	1908
559	361.0539231313245	1924
560	361.5697085843699	1915
561	362.08556289323644	1927
562	362.601486026619	1924
563	363.11747795321236	1917
564	363.6335386417115	1907
565	364.1496680608111	1918
566	364.66586617920615	1926
567	365.1821329655915	1927
568	365.69846838866204	1929
569	366.21487241711253	1918
570	366.7313450196379	1914
571	367.247886164933	1900
572	367.7644958216927	1928
573	368.2811739586118	1939
574	368.79792054438525	1937
575	369.31473554770787	1919
576	369.8316189372745	1923
577	370.34857068178	1917
578	370.8655907499193	1926
579	371.3826791103872	1919
580	371.89983573187857	1894
581	372.41706058308824	1896
582	372.9343536327111	1910
583	373.45171484944206	1938
584	373.9691442019759	1939
585	374.48664165900743	1931
586	375.0042071892317	1914
587	375.5218407613434	1919
588	376.0395423440375	1914
589	376.5573119060088	1910
590	377.0751494159521	1909
591	377.5930548425624	1912
592	378.11102815453455	1924
593	378.62906932056325	1924
594	379.1471783093435	1918
595	379.6653550895701	1915
596	380.183599629938	1930
597	380.7019118991419	1922
598	381.22029186587685	1915
599	381.73873949883756	1898
600	382.257254766719	1893
601	382.7758376382159	1931
602	383.2944880820232	1926
603	383.8132060668358	1923
604	384.3319915613485	1919
605	384.8508445342561	1922
606	385.36976495425364	1914
607	385.8887527900359	1910
608	386.40780801029763	1939
609	386.9269305837338	1943
610	387.4461204790393	1931
611	387.96537766490883	1921
612	388.48470211003746	1919
613	389.0040937831199	1915
614	389.5235526528511	1923
615	390.04307868792586	1920
616	390.56267185703905	1915
617	391.0823321288855	1908
618	391.6020594721602	1917
619	392.12185385555784	1919
620	392.6417152477734	1914
621	393.16164361750174	1896
622	393.6816389334376	1911
623	394.20170116427596	1923
624	394.72183027871165	1912
625	395.2420262454395	1911
626	395.76228903315445	1902
627	396.2826186105512	1917
628	396.8030149463248	1907
629	397.32347800917	1917
630	397.84400776778165	1897
631	398.3646041908547	1920
632	398.88526724708396	1926
633	399.4059969051642	1924
634	399.92679313379045	1918
635	400.44765590165747	1908
636	400.9685851774601	1895
637	401.48958092989324	1910
638	402.0106431276518	1921
639	402.5317717394305	1916
640	403.05296673392434	1922
641	403.5742280798282	1908
642	404.09555574583675	1912
643	404.61694970064497	1906
644	405.13840991294774	1927
645	405.6599363514399	1914
646	406.18152898481634	1910
647	406.7031877817719	1915
648	407.22491271100137	1933
649	407.7467037411997	1920
650	408.26856084106174	1914
651	408.7904839792823	1913
652	409.3124731245563	1918
653	409.8345282455785	1925
654	410.3566493110439	1917
655	410.87883628964727	1931
656	411.4010891500835	1920
657	411.92340786104745	1928
658	412.44579239123397	1936
659	412.96824270933786	1938
660	413.4907587840541	1933
661	414.01334058407747	1937
662	414.5359880781029	1929
663	415.05870123482515	1916
664	415.58148002293916	1907
665	416.10432441113977	1915
666	416.62723436812183	1901
667	417.1502098625802	1913
668	417.6732508632097	1917
669	418.1963573387053	1913
670	418.7195292577618	1908
671	419.242766589074	1917
672	419.76606930133687	1931
673	420.2894373632452	1924
674	420.8128707434938	1923
675	421.3363694107777	1924
676	421.8599333337916	1916
677	422.38356248123046	1917
678	422.9072568217891	1928
679	423.43101632416233	1920
680	423.95484095704506	1926
681	424.4787306891322	1914
682	425.0026854891185	1909
683	425.5267053256989	1914
684	426.05079016756827	1920
685	426.57493998342136	1917
686	427.0991547419532	1929
687	427.6234344118585	1919
688	428.1477789618322	1902
689	428.6721883605692	1899
690	429.1966625767642	1906
691	429.72120157911223	1906
692	430.2458053363081	1932
693	430.7704738170466	1916
694	431.2952069900227	1910
695	431.82000482393113	1903
696	432.34486728746685	1919
697	432.8697943493247	1893
698	433.3947859781995	1906
699	433.9198421427862	1903
700	434.44496281177953	1912
701	434.9701479538745	1926
702	435.49539753776594	1920
703	436.02071153214854	1901
704	436.5460899057174	1928
705	437.0715326271672	1908
706	437.5970396651929	1912
707	438.1226109884892	1913
708	438.6482465657512	1920
709	439.17394636567366	1914
710	439.6997103569514	1920
711	440.2255385082793	1915
712	440.75143078835225	1930
713	441.27738716586515	1929
714	441.80340760951265	1927
715	442.3294920879899	1917
716	442.8556405699915	1932
717	443.3818530242125	1929
718	443.90812941934763	1917
719	444.4344697240919	1909
720	444.96087390714007	1919
721	445.48734193718695	1913
722	446.0138737829275	1920
723	446.5404694130565	1918
724	447.0671287962689	1926
725	447.5938519012595	1922
726	448.1206386967231	1908
727	448.64748915135476	1902
728	449.1744032338491	1909
729	449.7013809129012	1917
730	450.2284221572057	1933
731	450.7555269354577	1921
732	451.2826952163518	1937
733	451.80992696858306	1914
734	452.3372221608463	1945
735	452.86458076183635	1923
736	453.392002740248	1919
737	453.9194880647762	1911
738	454.4470367041159	1912
739	454.97464862696177	1920
740	455.5023238020088	1921
741	456.03006219795174	1906
742	456.5578637834856	1912
743	457.0857285273051	1910
744	457.6136563981052	1921
745	458.1416473645807	1911
746	458.66970139542644	1910
747	459.1978184593374	1913
748	459.72599852500827	1924
749	460.254241561134	1925
750	460.7825475364095	1921
751	461.3109164195296	1905
752	461.83934817918913	1907
753	462.3678427840829	1901
754	462.89640020290585	1921
755	463.4250204043529	1927
756	463.9537033571187	1931
757	464.4824490298983	1908
758	465.01125739138655	1920
759	465.54012841027816	1929
760	466.06906205526815	1922
761	466.5980582950514	1896
762	467.1271170983226	1901
763	467.65623843377676	1896
764	468.18542227010863	1891
765	468.71466857601314	1912
766	469.24397732018514	1913
767	469.7733484713195	1899
768	470.302781998111	1902
769	470.83227786925465	1904
770	471.3618360534452	1924
771	471.8914565193775	1919
772	472.4211392357464	1914
773	472.9508841712469	1922
774	473.4806912945738	1917
775	474.0105605744218	1907
776	474.540491979486	1923
777	475.070485478461	1907
778	475.60054104004195	1922
779	476.1306586329236	1907
780	476.66083822580066	1901
781	477.19107978736815	1909
782	477.72138328632093	1909
783	478.2517486913537	1920
784	478.78217597116156	1917
785	479.3126650944392	1911
786	479.84321602988155	1917
787	480.37382874618345	1906
788	480.90450321203974	1921
789	481.43523939614533	1916
790	481.9660372671951	1926
791	482.4968967938837	1904
792	483.02781794490625	1922
793	483.5588006889575	1906
794	484.0898449947324	1910
795	484.6209508309256	1906
796	485.1521181662322	1893
797	485.68334696934687	1907
798	486.21463720896463	1900
799	486.7459888537802	1918
800	487.27740187248855	1923
801	487.8088762337844	1927
802	488.3404119063628	1926
803	488.8720088589185	1915
804	489.4036670601464	1919
805	489.9353864787413	1898
806	490.46716708339807	1900
807	490.9990088428117	1926
808	491.5309117256769	1920
809	492.0628757006885	1926
810	492.59490073654143	1920
811	493.1269868019307	1909
812	493.65913386555087	1921
813	494.1913418960971	1927
814	494.723610862264	1934
815	495.25594073274664	1927
816	495.78833147623965	1940
817	496.3207830614381	1945
818	496.8532954570367	1938
819	497.38586863173055	1912
820	497.9185025542141	1910
821	498.45119719318257	1912
822	498.98395251733075	1910
823	499.51676849535346	1914
824	500.0496450959455	1921
825	500.5825822878017	1928
826	501.1155800396171	1935
827	501.64863832008643	1911
828	502.18175709790466	1901
829	502.7149363417665	1896
830	503.24817602036694	1896
831	503.7814761024007	1896
832	504.31483655656274	1905
833	504.84825735154794	1913
834	505.38173845605104	1905
835	505.9152798387671	1929
836	506.4488814683908	1916
837	506.98254331361716	1891
838	507.5162653431408	1912
839	508.0500475256568	1920
840	508.58388982985997	1909
841	509.11779222444505	1904
842	509.6517546781071	1891
843	510.18577715954086	1908
844	510.7198596374412	1927
845	511.25400208050297	1915
846	511.788204457421	1925
847	512.3224667368903	1923
848	512.8567888876055	1936
849	513.3911708782616	1921
850	513.9256126775537	1915
851	514.4601142541761	1902
852	514.9946755768241	1906
853	515.5292966141924	1916
854	516.0639773349759	1916
855	516.5987177078695	1920
856	517.1335177015679	1935
857	517.6683772847663	1921
858	518.2032964261591	1928
859	518.7382750944415	1920
860	519.2733132583082	1925
861	519.8084108864541	1917
862	520.3435679475741	1911
863	520.8787844103631	1918
864	521.4140602435158	1937
865	521.9493954157272	1918
866	522.4847898956921	1917
867	523.0202436521054	1907
868	523.5557566536619	1904
869	524.0913288690565	1888
870	524.626960266984	1923
871	525.1626508161395	1943
872	525.6984004852175	1941
873	526.234209242913	1941
874	526.770077057921	1944
875	527.3060038989362	1914
876	527.8419897346537	1930
877	528.3780345337678	1916
878	528.9141382649741	1903
879	529.450300896967	1902
880	529.9865223984414	1927
881	530.5228027380922	1920
882	531.0591418846143	1903
883	531.5955398067026	1909
884	532.1319964730519	1906
885	532.6685118523569	1899
886	533.2050859133127	1912
887	533.7417186246141	1918
888	534.2784099549561	1932
889	534.8151598730332	1920
890	535.3519683475405	1914
891	535.8888353471729	1911
892	536.4257608406251	1920
893	536.9627447965921	1906
894	537.4997871837686	1910
895	538.0368879708495	1901
896	538.57404712653	1899
897	539.1112646195045	1906
898	539.6485404184681	1925
899	540.1858744921155	1944
900	540.7232668091418	1947
901	541.2607173382416	1926
902	541.79822604811	1939
903	542.3357929074417	1944
904	542.8734178849315	1941
905	543.4111009492746	1947
906	543.9488420691655	1937
907	544.4866412132991	1927
908	545.0244983503704	1931
909	545.5624134490743	1918
910	546.1003864781055	1921
911	546.6384174061589	1918
912	547.1765062019294	1918
913	547.7146528341118	1913
914	548.2528572714011	1921
915	548.791119482492	1922
916	549.3294394360795	1923
917	549.8678171008582	1921
918	550.4062524455235	1931
919	550.9447454387696	1932
920	551.4832960492919	1917
921	552.0219042457849	1893
922	552.5605699969435	1916
923	553.0992932714628	1925
924	553.6380740380374	1944
925	554.1769122653624	1937
926	554.7158079221324	1940
927	555.2547609770425	1925
928	555.7937713987874	1919
929	556.332839156062	1916
930	556.8719642175612	1923
931	557.4111465519798	1934
932	557.9503861280127	1943
933	558.4896829143548	1955
934	559.0290368797008	1969
935	559.5684479927459	1949
936	560.1079162221845	1942
937	560.6474415367118	1944
938	561.1870239050226	1948
939	561.7266632958116	1951
940	562.2663596777738	1928
941	562.8061130196041	1936
942	563.3459232899972	1951
943	563.8857904576481	1929
944	564.4257144912517	1950
945	564.9656953595028	1959
946	565.5057330310962	1959
947	566.0458274747266	1946
948	566.5859786590893	1966
949	567.1261865528788	1967
950	567.66645112479	1943
951	568.206772343518	1951
952	568.7471501777575	1953
953	569.2875845962033	1964
954	569.8280755675503	1963
955	570.3686230604933	1946
956	570.9092270437275	1959
957	571.4498874859472	1968
958	571.9906043558477	1971
959	572.5313776221238	1969
960	573.0722072534702	1983
961	573.6130932185819	2004
962	574.1540354861536	1987
963	574.6950340248803	1979
964	575.2360888034568	1980
965	575.7771997905782	1985
966	576.3183669549388	1992
967	576.859590265234	1980
968	577.4008696901585	2010
969	577.9422051984069	2021
970	578.4835967586746	2006
971	579.0250443396559	2008
972	579.566547910046	2024
973	580.1081074385396	2032
974	580.6497228938317	2026
975	581.1913942446171	2039
976	581.7331214595906	2045
977	582.2749045074471	2032
978	582.8167433568815	2039
979	583.3586379765886	2052
980	583.9005883352633	2069
981	584.4425944016004	2069
982	584.9846561442948	2084
983	585.5267735320415	2088
984	586.0689465335352	2081
985	586.6111751174707	2089
986	587.153459252543	2086
987	587.6957989074468	2091
988	588.2381940508773	2112
989	588.780644651529	2107
990	589.3231506780969	2123
991	589.8657120992758	2123
992	590.4083288837606	2133
993	590.9510010002462	2144
994	591.4937284174275	2154
995	592.0365111039993	2176
996	592.5793490286563	2172
997	593.1222421600936	2169
998	593.6651904670061	2184
999	594.2081939180883	2185
1000	594.7512524820355	2203
1001	595.2943661275423	2215
1002	595.8375348233035	2233
1003	596.3807585380142	2259
1004	596.924037240369	2259
1005	597.467370899063	2256
1006	598.010759482791	2258
1007	598.5542029602477	2257
1008	599.0977013001282	2277
1009	599.6412544711271	2294
1010	600.1848624419395	2303
1011	600.72852518126	2320
1012	601.2722426577837	2330
1013	601.8160148402054	2325
1014	602.35984169722	2340
1015	602.9037231975223	2358
1016	603.4476593098071	2365
1017	603.9916500027692	2387
1018	604.5356952451039	2379
1019	605.0797950055055	2404
1020	605.6239492526691	2443
1021	606.1681579552896	2443
1022	606.7124210820617	2449
1023	607.2567386016806	2467
1024	607.8011104828408	2502
1025	608.3455366942374	2488
1026	608.8900172045651	2523
1027	609.4345519825188	2538
1028	609.9791409967934	2529
1029	610.5237842160838	2563
1030	611.0684816090846	2583
1031	611.613233144491	2588
1032	612.1580387909978	2614
1033	612.7028985172997	2614
1034	613.2478122920918	2648
1035	613.7927800840686	2667
1036	614.3378018619252	2680
1037	614.8828775943565	2701
1038	615.4280072500571	2724
1039	615.9731907977222	2753
1040	616.5184282060466	2759
1041	617.0637194437248	2774
1042	617.6090644794522	2803
1043	618.1544632819233	2821
1044	618.6999158198329	2841
1045	619.2454220618762	2884
1046	619.7909819767478	2913
1047	620.3365955331425	2945
1048	620.8822626997554	2990
1049	621.4279834452813	3024
1050	621.973757738415	3048
1051	622.5195855478513	3069
1052	623.0654668422851	3109
1053	623.6114015904113	3140
1054	624.1573897609248	3168
1055	624.7034313225205	3213
1056	625.249526243893	3269
1057	625.7956744937375	3303
1058	626.3418760407485	3353
1059	626.8881308536211	3390
1060	627.4344389010502	3438
1061	627.9808001517306	3495
1062	628.5272145743569	3559
1063	629.0736821376244	3588
1064	629.6202028102276	3629
1065	630.1667765608618	3696
1066	630.7134033582213	3753
1067	631.2600831710013	3819
1068	631.8068159678967	3864
1069	632.3536017176021	3922
1070	632.9004403888126	3984
1071	633.4473319502229	4049
1072	633.994276370528	4125
1073	634.5412736184227	4194
1074	635.0883236626019	4244
1075	635.6354264717603	4341
1076	636.182582014593	4399
1077	636.7297902597946	4511
1078	637.2770511760601	4567
1079	637.8243647320845	4692
1080	638.3717308965624	4785
1081	638.9191496381889	4870
1082	639.4666209256585	4958
1083	640.0141447276666	5032
1084	640.5617210129076	5137
1085	641.1093497500765	5251
1086	641.6570309078681	5333
1087	642.2047644549775	5443
1088	642.7525503600993	5556
1089	643.3003885919286	5673
1090	643.8482791191599	5778
1091	644.3962219104885	5872
1092	644.9442169346089	5994
1093	645.4922641602162	6134
1094	646.0403635560051	6256
1095	646.5885150906704	6378
1096	647.1367187329073	6505
1097	647.6849744514103	6671
1098	648.2332822148745	6864
1099	648.7816419919945	7040
1100	649.3300537514656	7166
1101	649.8785174619821	7321
1102	650.4270330922394	7509
1103	650.9756006109319	7668
1104	651.5242199867547	7847
1105	652.0728911884027	8103
1106	652.6216141845706	8276
1107	653.1703889439535	8508
1108	653.7192154352459	8738
1109	654.2680936271429	8954
1110	654.8170234883395	9210
1111	655.3660049875303	9490
1112	655.9150380934102	9763
1113	656.464122774674	10004
1114	657.0132590000169	10231
1115	657.5624467381334	10473
1116	658.1116859577185	10855
1117	658.6609766274671	11146
1118	659.210318716074	11508
1119	659.7597121922339	11822
1120	660.309157024642	12119
1121	660.858653181993	12512
1122	661.4082006329816	12841
1123	661.957799346303	13160
1124	662.5074492906517	13545
1125	663.0571504347229	13957
1126	663.6069027472112	14316
1127	664.1567061968115	14667
1128	664.7065607522188	15009
1129	665.2564663821278	15433
1130	665.8064230552334	15715
1131	666.3564307402306	16127
1132	666.9064894058141	16471
1133	667.4565990206788	16912
1134	668.0067595535197	17275
1135	668.5569709730313	17529
1136	669.1072332479089	17903
1137	669.657546346847	18201
1138	670.2079102385408	18481
1139	670.7583248916848	18829
1140	671.3087902749741	19100
1141	671.8593063571035	19323
1142	672.4098731067679	19497
1143	672.960490492662	19707
1144	673.5111584834809	19858
1145	674.0618770479193	20002
1146	674.612646154672	20067
1147	675.163465772434	20168
1148	675.7143358699003	20231
1149	676.2652564157654	20325
1150	676.8162273787242	20288
1151	677.3672487274719	20315
1152	677.9183204307033	20309
1153	678.4694424571128	20218
1154	679.0206147753958	20057
1155	679.5718373542468	20033
1156	680.1231101623608	19903
1157	680.6744331684328	19744
1158	681.2258063411574	19520
1159	681.7772296492296	19293
1160	682.3287030613442	19108
1161	682.8802265461962	18939
1162	683.4318000724803	18691
1163	683.9834236088915	18511
1164	684.5350971241245	18275
1165	685.0868205868743	18103
1166	685.6385939658356	17846
1167	686.1904172297035	17618
1168	686.7422903471726	17350
1169	687.294213286938	17176
1170	687.8461860176943	16955
1171	688.3982085081367	16805
1172	688.9502807269597	16572
1173	689.5024026428583	16405
1174	690.0545742245274	16201
1175	690.6067954406619	16066
1176	691.1590662599567	15926
1177	691.7113866511065	15772
1178	692.2637565828062	15661
1179	692.8161760237507	15549
1180	693.3686449426348	15440
1181	693.9211633081534	15354
1182	694.4737310890014	15231
1183	695.0263482538737	15119
1184	695.579014771465	15044
1185	696.1317306104703	15046
1186	696.6844957395843	14987
1187	697.2373101275022	14940
1188	697.7901737429183	14955
1189	698.3430865545281	14936
1190	698.8960485310259	14909
1191	699.4490596411069	14866
1192	700.0021198534661	14830
1193	700.5552291367978	14771
1194	701.1083874597974	14779
1195	701.6615947911594	14792
1196	702.2148510995789	14759
1197	702.7681563537507	14726
1198	703.3215105223695	14646
1199	703.8749135741303	14671
1200	704.4283654777281	14623
1201	704.9818662018577	14584
1202	705.5354157152135	14548
1203	706.089013986491	14483
1204	706.6426609843849	14442
1205	707.1963566775897	14406
1206	707.7501010348007	14329
1207	708.3038940247123	14266
1208	708.8577356160199	14120
1209	709.4116257774181	14092
1210	709.9655644776016	14024
1211	710.5195516852655	13951
1212	711.0735873691045	13817
1213	711.6276714978136	13736
1214	712.1818040400876	13641
1215	712.7359849646214	13536
1216	713.2902142401098	13431
1217	713.8444918352476	13325
1218	714.3988177187298	13213
1219	714.9531918592511	13066
1220	715.5076142255066	13001
1221	716.062084786191	12892
1222	716.6166035099991	12737
1223	717.1711703656259	12691
1224	717.7257853217662	12546
1225	718.2804483471148	12477
1226	718.8351594103667	12324
1227	719.3899184802167	12263
1228	719.9447255253594	12176
1229	720.4995805144902	12138
1230	721.0544834163036	12009
1231	721.6094341994943	11939
1232	722.1644328327577	11808
1233	722.7194792847881	11746
1234	723.2745735242808	11650
1235	723.8297155199303	11609
1236	724.3849052404317	11587
1237	724.9401426544797	11539
1238	725.4954277307693	11476
1239	726.0507604379953	11437
1240	726.6061407448526	11377
1241	727.161568620036	11360
1242	727.7170440322403	11364
1243	728.2725669501606	11349
1244	728.8281373424916	11304
1245	729.383755177928	11258
1246	729.9394204251649	11224
1247	730.4951330528972	11234
1248	731.0508930298195	11187
1249	731.6067003246269	11194
1250	732.1625549060141	11202
1251	732.718456742676	11138
1252	733.2744058033076	11106
1253	733.8304020566037	11134
1254	734.386445471259	11135
1255	734.9425360159685	11141
1256	735.498673659427	11174
1257	736.0548583703293	11173
1258	736.6110901173705	11111
1259	737.1673688692453	11116
1260	737.7236945946485	11126
1261	738.280067262275	11112
1262	738.8364868408198	11096
1263	739.3929532989777	11148
1264	739.9494666054433	11128
1265	740.5060267289117	11166
1266	741.0626336380778	11154
1267	741.6192873016364	11208
1268	742.1759876882825	11179
1269	742.7327347667106	11160
1270	743.2895285056159	11122
1271	743.846368873693	11185
1272	744.403255839637	11133
1273	744.9601893721426	11196
1274	745.5171694399048	11153
1275	746.0741960116183	11129
1276	746.6312690559779	11075
1277	747.1883885416788	11093
1278	747.7455544374156	11112
1279	748.3027667118832	11080
1280	748.8600253337765	11128
1281	749.4173302717904	11114
1282	749.9746814946196	11142
1283	750.5320789709591	11115
1284	751.0895226695036	11082
1285	751.6470125589482	11134
1286	752.2045486079877	11120
1287	752.7621307853169	11114
1288	753.3197590596305	11109
1289	753.8774333996236	11109
1290	754.4351537739909	11129
1291	754.9929201514275	11089
1292	755.5507325006279	11088
1293	756.1085907902873	11023
1294	756.6664949891004	11043
1295	757.2244450657622	11074
1296	757.7824409889672	11097
1297	758.3404827274106	11142
1298	758.8985702497872	11100
1299	759.4567035247917	11086
1300	760.0148825211193	11127
1301	760.5731072074645	11166
1302	761.1313775525223	11176
1303	761.6896935249875	11126
1304	762.2480550935552	11155
1305	762.8064622269201	11141
1306	763.3649148937769	11122
1307	763.9234130628206	11131
1308	764.4819567027462	11176
1309	765.0405457822483	11178
1310	765.5991802700219	11203
1311	766.1578601347619	11240
1312	766.716585345163	11309
1313	767.2753558699202	11290
1314	767.8341716777285	11291
1315	768.3930327372824	11305
1316	768.9519390172769	11282
1317	769.5108904864071	11326
1318	770.0698871133674	11385
1319	770.6289288668532	11450
1320	771.1880157155589	11443
1321	771.7471476281796	11437
1322	772.3063245734103	11519
1323	772.8655465199454	11492
1324	773.4248134364801	11501
1325	773.9841252917092	11525
1326	774.5434820543277	11533
1327	775.1028836930302	11532
1328	775.6623301765115	11541
1329	776.221821473467	11640
1330	776.781357552591	11690
1331	777.3409383825784	11714
1332	777.9005639321244	11739
1333	778.4602341699236	11771
1334	779.019949064671	11820
1335	779.5797085850612	11817
1336	780.1395126997894	11848
1337	780.6993613775504	11825
1338	781.2592545870389	11895
1339	781.8191922969498	11930
1340	782.379174475978	11886
1341	782.9392010928184	11891
1342	783.4992721161658	11901
1343	784.059387514715	11899
1344	784.6195472571609	11944
1345	785.1797513121985	12005
1346	785.7399996485227	12004
1347	786.3002922348279	12003
1348	786.8606290398095	12028
1349	787.421010032162	12006
1350	787.9814351805805	12002
1351	788.5419044537598	12000
1352	789.1024178203946	11972
1353	789.6629752491799	11996
1354	790.2235767088106	11964
1355	790.7842221679814	11971
1356	791.3449115953874	11915
1357	791.9056449597232	11921
1358	792.4664222296839	11889
1359	793.027243373964	11950
1360	793.5881083612588	11908
1361	794.1490171602628	11881
1362	794.7099697396712	11900
1363	795.2709660681786	11873
1364	795.83200611448	11847
1365	796.3930898472702	11854
1366	796.954217235244	11828
1367	797.5153882470963	11835
1368	798.076602851522	11863
1369	798.637861017216	11856
1370	799.199162712873	11852
1371	799.7605079071881	11835
1372	800.321896568856	11833
1373	800.8833286665715	11829
1374	801.4448041690296	11835
1375	802.006323044925	11844
1376	802.5678852629528	11852
1377	803.1294907918076	11863
1378	803.6911396001846	11853
1379	804.2528316567782	11857
1380	804.8145669302837	11873
1381	805.3763453893955	11820
1382	805.938167002809	11864
1383	806.5000317392187	11875
1384	807.0619395673197	11903
1385	807.6238904558064	11935
1386	808.185884373374	11962
1387	808.7479212887176	11948
1388	809.3100011705316	11946
1389	809.872123987511	11963
1390	810.4342897083509	11946
1391	810.9964983017458	11980
1392	811.5587497363907	12037
1393	812.1210439809806	12055
1394	812.6833810042103	12042
1395	813.2457607747745	12078
1396	813.8081832613682	12044
1397	814.3706484326863	12102
1398	814.9331562574234	12091
1399	815.4957067042748	12126
1400	816.0582997419349	12136
1401	816.6209353390989	12110
1402	817.1836134644615	12111
1403	817.7463340867176	12158
1404	818.309097174562	12221
1405	818.8719026966896	12224
1406	819.4347506217954	12219
1407	819.997640918574	12236
1408	820.5605735557206	12278
1409	821.1235485019297	12271
1410	821.6865657258962	12259
1411	822.2496251963153	12284
1412	822.8127268818815	12308
1413	823.3758707512898	12337
1414	823.9390567732352	12378
1415	824.5022849164122	12378
1416	825.0655551495161	12369
1417	825.6288674412414	12418
1418	826.1922217602829	12402
1419	826.7556180753361	12453
1420	827.319056355095	12423
1421	827.8825365682551	12474
1422	828.4460586835111	12468
1423	829.0096226695576	12470
1424	829.5732284950898	12469
1425	830.1368761288023	12460
1426	830.7005655393903	12444
1427	831.2642966955483	12469
1428	831.8280695659713	12481
1429	832.3918841193541	12526
1430	832.9557403243916	12559
1431	833.5196381497789	12564
1432	834.0835775642104	12565
1433	834.6475585363813	12551
1434	835.2115810349864	12518
1435	835.7756450287205	12567
1436	836.3397504862785	12552
1437	836.9038973763552	12496
1438	837.4680856676455	12481
1439	838.0323153288442	12469
1440	838.5965863286464	12516
1441	839.1608986357467	12517
1442	839.7252522188401	12500
1443	840.2896470466212	12559
1444	840.8540830877853	12518
1445	841.4185603110268	12555
1446	841.983078685041	12569
1447	842.5476381785224	12587
1448	843.1122387601662	12507
1449	843.6768803986669	12559
1450	844.2415630627196	12495
1451	844.8062867210189	12533
1452	845.37105134226	12530
1453	845.9358568951376	12527
1454	846.5007033483466	12487
1455	847.0655906705819	12528
1456	847.630518830538	12475
1457	848.1954877969102	12503
1458	848.7604975383933	12493
1459	849.3255480236821	12493
1460	849.8906392214714	12451
1461	850.455771100456	12466
1462	851.0209436293308	12461
1463	851.5861567767909	12434
1464	852.1514105115308	12413
1465	852.7167048022454	12469
1466	853.28203961763	12434
1467	853.847414926379	12440
1468	854.4128306971876	12462
1469	854.9782868987502	12443
1470	855.5437834997622	12448
1471	856.1093204689179	12445
1472	856.6748977749127	12442
1473	857.2405153864411	12431
1474	857.806173272198	12388
1475	858.3718714008785	12408
1476	858.9376097411771	12435
1477	859.5033882617889	12391
1478	860.0692069314089	12382
1479	860.6350657187317	12401
1480	861.200964592452	12391
1481	861.7669035212651	12363
1482	862.3328824738658	12366
1483	862.8989014189486	12384
1484	863.4649603252086	12449
1485	864.0310591613406	12413
1486	864.5971978960397	12376
1487	865.1633764980004	12337
1488	865.7295949359177	12338
1489	866.2958531784866	12346
1490	866.8621511944017	12335
1491	867.4284889523581	12356
1492	867.9948664210506	12365
1493	868.5612835691738	12365
1494	869.1277403654229	12388
1495	869.6942367784928	12390
1496	870.2607727770779	12364
1497	870.8273483298735	12418
1498	871.3939634055745	12379
1499	871.9606179728753	12453
1500	872.5273120004712	12378
1501	873.0940454570568	12369
1502	873.6608183113271	12403
1503	874.2276305319771	12403
1504	874.7944820877012	12409
1505	875.3613729471948	12408
1506	875.9283030791523	12380
1507	876.4952724522689	12371
1508	877.0622810352393	12402
1509	877.6293287967584	12435
1510	878.1964157055208	12443
1511	878.763541730222	12454
1512	879.3307068395562	12430
1513	879.8979110022186	12436
1514	880.4651541869039	12436
1515	881.0324363623071	12438
1516	881.5997574971232	12436
1517	882.1671175600466	12456
1518	882.7345165197725	12459
1519	883.3019543449956	12484
1520	883.869431004411	12473
1521	884.4369464667134	12530
1522	885.0045007005976	12508
1523	885.5720936747584	12481
1524	886.139725357891	12499
1525	886.7073957186901	12483
1526	887.2751047258504	12471
1527	887.8428523480669	12504
1528	888.4106385540343	12548
1529	888.9784633124478	12585
1530	889.546326592002	12562
1531	890.1142283613917	12570
1532	890.6821685893118	12574
1533	891.2501472444574	12612
1534	891.8181642955232	12628
1535	892.386219711204	12589
1536	892.9543134601947	12607
1537	893.5224455111902	12648
1538	894.0906158328852	12615
1539	894.6588243939749	12609
1540	895.2270711631538	12599
1541	895.795356109117	12622
1542	896.3636792005593	12651
1543	896.9320404061755	12606
1544	897.5004396946604	12627
1545	898.068877034709	12663
1546	898.6373523950161	12673
1547	899.2058657442767	12663
1548	899.7744170511854	12680
1549	900.3430062844373	12729
1550	900.9116334127272	12690
1551	901.4802984047498	12673
1552	902.0490012292	12671
1553	902.6177418547728	12650
1554	903.1865202501631	12626
1555	903.7553363840656	12639
1556	904.3241902251752	12609
1557	904.8930817421867	12575
1558	905.4620109037953	12633
1559	906.0309776786954	12664
1560	906.5999820355821	12645
1561	907.1690239431503	12645
1562	907.7381033700946	12610
1563	908.3072202851101	12558
1564	908.8763746568916	12594
1565	909.4455664541339	12581
1566	910.0147956455321	12564
1567	910.5840621997808	12542
1568	911.1533660855748	12537
1569	911.7227072716092	12548
1570	912.2920857265789	12511
1571	912.8615014191786	12477
1572	913.430954318103	12478
1573	914.0004443920473	12475
1574	914.5699716097062	12477
1575	915.1395359397745	12519
1576	915.709137350947	12480
1577	916.2787758119189	12443
1578	916.8484512913847	12432
1579	917.4181637580396	12478
1580	917.9879131805781	12449
1581	918.5576995276953	12407
1582	919.1275227680858	12367
1583	919.6973828704448	12377
1584	920.2672798034671	12329
1585	920.8372135358474	12297
1586	921.4071840362805	12321
1587	921.9771912734616	12266
1588	922.547235216085	12236
1589	923.1173158328462	12181
1590	923.6874330924396	12183
1591	924.2575869635604	12151
1592	924.8277774149033	12149
1593	925.398004415163	12165
1594	925.9682679330346	12129
1595	926.5385679372129	12130
1596	927.1089043963925	12084
1597	927.6792772792687	12047
1598	928.2496865545361	12025
1599	928.8201321908897	12028
1600	929.3906141570242	12002
1601	929.9611324216345	12010
1602	930.5316869534156	11915
1603	931.1022777210621	11874
1604	931.6729046932691	11931
1605	932.2435678387313	11902
1606	932.8142671261436	11851
1607	933.3850025242011	11826
1608	933.9557740015982	11810
1609	934.5265815270302	11786
1610	935.0974250691917	11772
1611	935.6683045967777	11766
1612	936.239220078483	11726
1613	936.8101714830024	11725
1614	937.3811587790309	11722
1615	937.9521819352632	11683
1616	938.5232409203942	11680
1617	939.0943357031188	11642
1618	939.6654662521319	11660
1619	940.2366325361281	11625
1620	940.8078345238029	11572
1621	941.3790721838504	11531
1622	941.950345484966	11538
1623	942.5216543958442	11546
1624	943.09299888518	11508
1625	943.6643789216683	11509
1626	944.2357944740041	11528
1627	944.8072455108821	11511
1628	945.378732000997	11481
1629	945.9502539130439	11462
1630	946.5218112157175	11445
1631	947.0934038777128	11499
1632	947.6650318677247	11446
1633	948.2366951544478	11428
1634	948.8083937065772	11384
1635	949.3801274928076	11373
1636	949.9518964818341	11348
1637	950.5237006423513	11346
1638	951.0955399430542	11310
1639	951.6674143526376	11301
1640	952.2393238397964	11276
1641	952.8112683732253	11340
1642	953.3832479216195	11291
1643	953.9552624536735	11314
1644	954.5273119380823	11267
1645	955.099396343541	11274
1646	955.6715156387442	11259
1647	956.2436697923868	11233
1648	956.8158587731637	11222
1649	957.3880825497696	11214
1650	957.9603410908994	11201
1651	958.5326343652482	11198
1652	959.1049623415107	11198
1653	959.6773249883817	11233
1654	960.2497222745561	11216
1655	960.8221541687288	11244
1656	961.3946206395947	11231
1657	961.9671216558487	11219
1658	962.5396571861854	11221
1659	963.1122271992999	11196
1660	963.684831663887	11172
1661	964.2574705486415	11207
1662	964.8301438222585	11195
1663	965.4028514534324	11202
1664	965.9755934108584	11182
1665	966.5483696632315	11225
1666	967.1211801792463	11194
1667	967.6940249275974	11142
1668	968.2669038769803	11129
1669	968.8398169960892	11203
1670	969.4127642536198	11112
1671	969.985745618266	11134
1672	970.5587610587233	11130
1673	971.1318105436862	11155
1674	971.70489404185	11120
1675	972.2780115219092	11125
1676	972.8511629525585	11092
1677	973.4243483024934	11092
1678	973.9975675404082	11038
1679	974.5708206349979	11039
1680	975.1441075549575	11019
1681	975.7174282689815	11010
1682	976.2907827457652	10978
1683	976.8641709540035	11048
1684	977.4375928623907	11060
1685	978.0110484396221	11030
1686	978.5845376543924	10962
1687	979.1580604753966	10952
1688	979.7316168713295	10977
1689	980.3052068108858	10950
1690	980.8788302627607	10976
1691	981.4524871956488	10994
1692	982.0261775782449	10969
1693	982.5999013792441	11007
1694	983.1736585673411	11016
1695	983.7474491112308	11009
1696	984.3212729796081	11007
1697	984.8951301411676	10984
1698	985.4690205646046	11026
1699	986.0429442186137	11053
1700	986.6169010718897	11067
1701	987.1908910931277	11105
1702	987.7649142510224	11075
1703	988.3389705142687	11128
1704	988.9130598515613	11144
1705	989.4871822315954	11204
1706	990.0613376230655	11228
1707	990.6355259946668	11244
1708	991.2097473150938	11278
1709	991.7840015530415	11325
1710	992.3582886772049	11394
1711	992.9326086562788	11447
1712	993.5069614589581	11459
1713	994.0813470539374	11467
1714	994.6557654099117	11480
1715	995.2302164955761	11533
1716	995.8047002796252	11539
1717	996.379216730754	11622
1718	996.9537658176572	11625
1719	997.5283475090298	11630
1720	998.1029617735664	11652
1721	998.6776085799623	11777
1722	999.252287896912	11801
1723	999.8269996931107	11825
1724	1000.4017439372528	11837
1725	1000.9765205980335	11874
1726	1001.5513296441475	11852
1727	1002.1261710442899	11883
1728	1002.7010447671552	11859
1729	1003.2759507814386	11854
1730	1003.8508890558346	11846
1731	1004.4258595590386	11895
1732	1005.0008622597448	11952
1733	1005.5758971266487	11936
1734	1006.1509641284446	11892
1735	1006.7260632338276	11924
1736	1007.3011944114927	11937
1737	1007.8763576301346	11960
1738	1008.4515528584483	11969
1739	1009.0267800651283	11925
1740	1009.6020392188698	11943
1741	1010.1773302883678	11904
1742	1010.7526532423168	11889
1743	1011.3280080494117	11918
1744	1011.9033946783475	11872
1745	1012.478813097819	11833
1746	1013.054263276521	11860
1747	1013.6297451831485	11812
1748	1014.2052587863964	11814
1749	1014.7808040549594	11829
1750	1015.3563809575323	11781
1751	1015.9319894628102	11736
1752	1016.5076295394878	11725
1753	1017.0833011562602	11654
1754	1017.6590042818217	11629
1755	1018.2347388848676	11598
1756	1018.8105049340929	11566
1757	1019.3863023981919	11580
1758	1019.9621312458601	11540
1759	1020.537991445792	11527
1760	1021.1138829666824	11495
1761	1021.6898057772263	11474
1762	1022.2657598461187	11451
1763	1022.841745142054	11405
1764	1023.4177616337275	11374
1765	1023.9938092898342	11311
1766	1024.5698880790683	11274
1767	1025.145997970125	11261
1768	1025.7221389316996	11240
1769	1026.2983109324864	11199
1770	1026.8745139411803	11197
1771	1027.4507479264764	11116
1772	1028.0270128570694	11081
1773	1028.6033087016542	11066
1774	1029.1796354289256	11036
1775	1029.7559930075786	10997
1776	1030.332381406308	10910
1777	1030.9088005938086	10890
1778	1031.4852505387753	10838
1779	1032.061731209903	10783
1780	1032.6382425758864	10808
1781	1033.2147846054206	10714
1782	1033.7913572672003	10712
1783	1034.3679605299205	10705
1784	1034.944594362276	10625
1785	1035.5212587329613	10572
1786	1036.097953610672	10550
1787	1036.6746789641022	10470
1788	1037.2514347619472	10403
1789	1037.8282209729018	10386
1790	1038.405037565661	10321
1791	1038.9818845089194	10324
1792	1039.5587617713718	10298
1793	1040.1356693217133	10237
1794	1040.7126071286386	10182
1795	1041.2895751608428	10122
1796	1041.8665733870203	10056
1797	1042.4436017758665	9978
1798	1043.020660296076	9940
1799	1043.5977489163436	9899
1800	1044.1748676053642	9867
1801	1044.7520163318327	9868
1802	1045.329195064444	9817
1803	1045.9064037718929	9781
1804	1046.4836424228743	9699
1805	1047.060910986083	9641
1806	1047.638209430214	9595
1807	1048.2155377239617	9518
1808	1048.7928958360217	9478
1809	1049.3702837350882	9414
1810	1049.9477013898565	9340
1811	1050.5251487690211	9306
1812	1051.1026258412774	9221
1813	1051.6801325753197	9186
1814	1052.2576689398431	9098
1815	1052.8352349035424	9073
1816	1053.4128304351125	9049
1817	1053.9904555032483	8956
1818	1054.5681100766446	8918
1819	1055.1457941239962	8877
1820	1055.7235076139982	8835
1821	1056.3012505153451	8753
1822	1056.879022796732	8730
1823	1057.456824426854	8703
1824	1058.0346553744055	8664
1825	1058.6125156080814	8579
1826	1059.1904050965768	8560
1827	1059.7683238085865	8529
1828	1060.3462717128052	8470
1829	1060.924248777928	8428
1830	1061.5022549726496	8380
1831	1062.0802902656646	8326
1832	1062.6583546256686	8257
1833	1063.2364480213557	8198
1834	1063.8145704214214	8164
1835	1064.3927217945602	8149
1836	1064.9709021094666	8119
1837	1065.5491113348364	8063
1838	1066.1273494393636	8014
1839	1066.7056163917434	8001
1840	1067.2839121606708	7954
1841	1067.8622367148403	7957
1842	1068.4405900229472	7904
1843	1069.018972053686	7853
1844	1069.5973827757514	7832
1845	1070.1758221578389	7795
1846	1070.754290168643	7770
1847	1071.3327867768583	7776
1848	1071.91131195118	7715
1849	1072.4898656603032	7748
1850	1073.0684478729222	7719
1851	1073.6470585577322	7681
1852	1074.2256976834278	7651
1853	1074.804365218704	7572
1854	1075.383061132256	7595
1855	1075.961785392778	7602
1856	1076.5405379689653	7571
1857	1077.1193188295128	7579
1858	1077.6981279431152	7547
1859	1078.2769652784673	7523
1860	1078.855830804264	7527
1861	1079.4347244892006	7508
1862	1080.013646301971	7470
1863	1080.592596211271	7449
1864	1081.171574185795	7401
1865	1081.750580194238	7396
1866	1082.3296142052948	7369
1867	1082.9086761876601	7354
1868	1083.487766110029	7328
1869	1084.0668839410964	7314
1870	1084.646029649557	7290
1871	1085.2252032041058	7297
1872	1085.8044045734373	7252
1873	1086.3836337262467	7196
1874	1086.9628906312291	7180
1875	1087.5421752570787	7158
1876	1088.1214875724909	7111
1877	1088.7008275461603	7104
1878	1089.280195146782	7095
1879	1089.8595903430505	7067
1880	1090.439013103661	7043
1881	1091.018463397308	6996
1882	1091.5979411926867	7011
1883	1092.1774464584919	6987
1884	1092.7569791634182	6960
1885	1093.336539276161	6942
1886	1093.9161267654144	6880
1887	1094.495741599874	6901
1888	1095.0753837482341	6866
1889	1095.65505317919	6842
1890	1096.2347498614363	6821
1891	1096.814473763668	6787
1892	1097.3942248545798	6748
1893	1097.9740031028664	6728
1894	1098.5538084772231	6706
1895	1099.1336409463445	6700
1896	1099.7135004789257	6653
1897	1100.2933870436614	6617
1898	1100.8733006092461	6594
1899	1101.4532411443752	6555
1900	1102.0332086177434	6541
1901	1102.6132029980454	6551
1902	1103.1932242539763	6526
1903	1103.7732723542308	6497
1904	1104.3533472675038	6463
1905	1104.93344896249	6406
1906	1105.5135774078847	6386
1907	1106.0937325723824	6364
1908	1106.673914424678	6337
1909	1107.2541229334663	6290
1910	1107.8343580674425	6321
1911	1108.414619795301	6292
1912	1108.994908085737	6270
1913	1109.5752229074453	6250
1914	1110.1555642291205	6210
1915	1110.7359320194578	6148
1916	1111.316326247152	6121
1917	1111.8967468808978	6077
1918	1112.47719388939	6048
1919	1113.057667241324	5982
1920	1113.638166905394	5997
1921	1114.2186928502952	5974
1922	1114.799245044722	5945
1923	1115.37982345737	5889
1924	1115.9604280569338	5857
1925	1116.541058812108	5848
1926	1117.1217156915875	5801
1927	1117.7023986640677	5783
1928	1118.2831076982427	5756
1929	1118.8638427628077	5704
1930	1119.4446038264578	5695
1931	1120.0253908578875	5691
1932	1120.606203825792	5648
1933	1121.1870426988655	5627
1934	1121.7679074458038	5595
1935	1122.348798035301	5555
1936	1122.929714436052	5527
1937	1123.5106566167524	5476
1938	1124.0916245460962	5471
1939	1124.6726181927786	5441
1940	1125.2536375254947	5412
1941	1125.834682512939	5367
1942	1126.4157531238066	5362
1943	1126.9968493267922	5310
1944	1127.5779710905906	5305
1945	1128.1591183838968	5288
1946	1128.740291175406	5232
1947	1129.321489433812	5188
1948	1129.902713127811	5169
1949	1130.4839622260968	5136
1950	1131.0652366973648	5108
1951	1131.6465365103097	5079
1952	1132.2278616336264	5059
1953	1132.80921203601	5016
1954	1133.390587686155	5006
1955	1133.971988552756	4993
1956	1134.5534146045086	4965
1957	1135.1348658101072	4944
1958	1135.7163421382468	4894
1959	1136.2978435576224	4896
1960	1136.8793700369283	4885
1961	1137.46092154486	4849
1962	1138.0424980501118	4801
1963	1138.6240995213793	4805
1964	1139.2057259273568	4777
1965	1139.787377236739	4725
1966	1140.3690534182213	4746
1967	1140.9507544404983	4752
1968	1141.5324802722646	4677
1969	1142.1142308822155	4638
1970	1142.6960062390456	4607
1971	1143.27780631145	4564
1972	1143.8596310681232	4573
1973	1144.4414804777605	4581
1974	1145.0233545090564	4556
1975	1145.605253130706	4480
1976	1146.1871763114038	4486
1977	1146.769124019845	4444
1978	1147.3510962247244	4400
1979	1147.9330928947368	4386
1980	1148.5151139985771	4361
1981	1149.09715950494	4336
1982	1149.6792293825208	4321
1983	1150.2613236000138	4311
1984	1150.8434421261143	4278
1985	1151.425584929517	4255
1986	1152.0077519789168	4255
1987	1152.589943243008	4245
1988	1153.1721586904864	4206
1989	1153.7543982900463	4192
1990	1154.336662010383	4178
1991	1154.9189498201906	4154
1992	1155.5012616881647	4150
1993	1156.0835975829998	4099
1994	1156.6659574733908	4077
1995	1157.2483413280324	4046
1996	1157.83074911562	4039
1997	1158.4131808048478	4016
1998	1158.9956363644112	4008
1999	1159.5781157630047	3972
2000	1160.1606189693234	3975
2001	1160.743145952062	3932
2002	1161.3256966799152	3931
2003	1161.9082711215783	3927
2004	1162.490869245746	3909
2005	1163.0734910211129	3895
2006	1163.656136416374	3875
2007	1164.2388054002247	3837
2008	1164.8214979413588	3830
2009	1165.404214008472	3810
2010	1165.9869535702587	3785
2011	1166.569716595414	3766
2012	1167.152503052633	3734
2013	1167.73531291061	3746
2014	1168.3181461380402	3682
2015	1168.9010027036184	3681
2016	1169.4838825760394	3674
2017	1170.0667857239982	3651
2018	1170.6497121161897	3653
2019	1171.2326617213084	3639
2020	1171.8156345080495	3647
2021	1172.3986304451078	3628
2022	1172.981649501178	3621
2023	1173.564691644955	3617
2024	1174.147756845134	3596
2025	1174.7308450704095	3561
2026	1175.3139562894762	3543
2027	1175.8970904710295	3532
2028	1176.480247583764	3510
2029	1177.0634275963744	3466
2030	1177.6466304775558	3488
2031	1178.2298561960029	3481
2032	1178.8131047204106	3468
2033	1179.3963760194738	3453
2034	1179.9796700618874	3442
2035	1180.562986816346	3418
2036	1181.146326251545	3430
2037	1181.7296883361787	3417
2038	1182.313073038942	3400
2039	1182.8964803285303	3401
2040	1183.4799101736378	3387
2041	1184.0633625429598	3362
2042	1184.646837405191	3361
2043	1185.2303347290265	3375
2044	1185.8138544831606	3367
2045	1186.3973966362887	3349
2046	1186.9809611571054	3275
2047	1187.5645480143057	3177
2048	1188.1481571765844	3133
2049	1188.7317886126364	3071
2050	1189.3154422911562	3011
2051	1189.8991181808392	2948
2052	1190.4828162503798	2894
2053	1191.0665364684733	2826
2054	1191.6502788038142	2783
2055	1192.2340432250976	2792
2056	1192.8178297010186	2764
2057	1193.4016382002712	2734
2058	1193.985468691551	2712
2059	1194.5693211435525	2656
2060	1195.153195524971	2663
2061	1195.7370918045008	2598
2062	1196.3210099508372	2559
2063	1196.9049499326745	2540
2064	1197.4889117187086	2513
2065	1198.0728952776333	2507
2066	1198.656900578144	2489
2067	1199.2409275889352	2463
2068	1199.8249762787023	2417
2069	1200.4090466161397	2399
2070	1200.9931385699424	2384
2071	1201.5772521088052	2361
2072	1202.1613872014232	2337
2073	1202.745543816491	2394
2074	1203.3297219227034	2491
2075	1203.9139214887557	2608
2076	1204.4981424833425	2766
2077	1205.0823848751584	2932
2078	1205.6666486328986	2993
2079	1206.2509337252577	2991
2080	1206.835240120931	2991
2081	1207.4195677886128	2983
2082	1208.0039166969984	2957
2083	1208.5882868147824	2926
2084	1209.1726781106597	2913
2085	1209.7570905533253	2912
2086	1210.341524111474	2892
2087	1210.9259787538006	2889
2088	1211.510454449	2885
2089	1212.094951165767	2886
2090	1212.6794688727966	2861
2091	1213.2640075387837	2842
2092	1213.8485671324229	2835
2093	1214.4331476224093	2817
2094	1215.0177489774376	2820
2095	1215.6023711662026	2811
2096	1216.1870141573993	2804
2097	1216.7716779197226	2786
2098	1217.3563624218673	2774
2099	1217.941067632528	2775
2100	1218.5257935204002	2769
2101	1219.1105400541783	2756
2102	1219.6953072025572	2726
2103	1220.2800949342318	2712
2104	1220.8649032178969	2711
2105	1221.4497320222474	2708
2106	1222.0345813159784	2703
2107	1222.6194510677842	2711
2108	1223.2043412463602	2721
2109	1223.789251820401	2705
2110	1224.3741827586016	2679
2111	1224.9591340296568	2687
2112	1225.5441056022614	2682
2113	1226.1290974451101	2674
2114	1226.7141095268983	2644
2115	1227.2991418163203	2650
2116	1227.8841942820713	2628
2117	1228.469266892846	2619
2118	1229.0543596173393	2611
2119	1229.6394724242462	2592
2120	1230.2246052822613	2579
2121	1230.8097581600794	2580
2122	1231.3949310263959	2581
2123	1231.980123849905	2596
2124	1232.565336599302	2596
2125	1233.1505692432816	2582
2126	1233.735821750539	2561
2127	1234.3210940897682	2553
2128	1234.9063862296648	2561
2129	1235.4916981389235	2555
2130	1236.0770297862393	2531
2131	1236.6623811403067	2530
2132	1237.247752169821	2535
2133	1237.8331428434765	2518
2134	1238.4185531299686	2511
2135	1239.003982997992	2509
2136	1239.589432416241	2506
2137	1240.1749013534113	2498
2138	1240.7603897781974	2476
2139	1241.345897659294	2470
2140	1241.9314249653964	2451
2141	1242.516971665199	2473
2142	1243.102537727397	2451
2143	1243.688123120685	2435
2144	1244.273727813758	2436
2145	1244.8593517753109	2437
2146	1245.444994974038	2432
2147	1246.0306573786354	2408
2148	1246.6163389577966	2420
2149	1247.2020396802175	2435
2150	1247.7877595145924	2421
2151	1248.3734984296163	2392
2152	1248.959256393984	2395
2153	1249.5450333763904	2402
2154	1250.1308293455306	2399
2155	1250.716644270099	2382
2156	1251.3024781187908	2379
2157	1251.8883308603006	2381
2158	1252.4742024633235	2363
2159	1253.0600928965546	2352
2160	1253.646002128688	2371
2161	1254.231930128419	2345
2162	1254.8178768644427	2348
2163	1255.4038423054537	2337
2164	1255.9898264201465	2339
2165	1256.575829177217	2298
2166	1257.1618505453587	2332
2167	1257.7478904932675	2334
2168	1258.333948989638	2336
2169	1258.920026003165	2328
2170	1259.5061215025432	2302
2171	1260.0922354564675	2295
2172	1260.678367833633	2304
2173	1261.2645186027344	2272
2174	1261.8506877324667	2267
2175	1262.4368751915245	2292
2176	1263.0230809486027	2299
2177	1263.6093049723966	2296
2178	1264.1955472316004	2266
2179	1264.7818076949095	2280
2180	1265.3680863310183	2276
2181	1265.954383108622	2244
2182	1266.5406979964155	2251
2183	1267.1270309630934	2252
2184	1267.7133819773508	2245
2185	1268.2997510078824	2234
2186	1268.886138023383	2239
2187	1269.4725429925475	2234
2188	1270.058965884071	2229
2189	1270.6454066666481	2215
2190	1271.231865308974	2237
2191	1271.818341779743	2222
2192	1272.4048360476502	2215
2193	1272.9913480813907	2208
2194	1273.577877849659	2204
2195	1274.1644253211507	2189
2196	1274.7509904645594	2194
2197	1275.3375732485813	2185
2198	1275.92417364191	2184
2199	1276.5107916132415	2197
2200	1277.09742713127	2199
2201	1277.6840801646904	2195
2202	1278.2707506821976	2181
2203	1278.8574386524867	2177
2204	1279.4441440442524	2164
2205	1280.0308668261896	2141
2206	1280.617606966993	2130
2207	1281.2043644353575	2147
2208	1281.7911391999783	2158
2209	1282.3779312295496	2145
2210	1282.9647404927669	2122
2211	1283.5515669583249	2137
2212	1284.138410594918	2135
2213	1284.7252713712417	2140
2214	1285.3121492559908	2147
2215	1285.8990442178595	2123
2216	1286.4859562255433	2119
2217	1287.072885247737	2107
2218	1287.659831253135	2108
2219	1288.2467942104329	2107
2220	1288.833774088325	2123
2221	1289.4207708555064	2121
2222	1290.0077844806717	2127
2223	1290.5948149325159	2102
2224	1291.181862179734	2110
2225	1291.768926191021	2106
2226	1292.356006935071	2105
2227	1292.9431043805798	2106
2228	1293.5302184962418	2106
2229	1294.1173492507517	2082
2230	1294.7044966128046	2108
2231	1295.2916605510954	2101
2232	1295.8788410343188	2100
2233	1296.46603803117	2102
2234	1297.0532515103434	2095
2235	1297.640481440534	2091
2236	1298.2277277904368	2103
2237	1298.8149905287466	2088
2238	1299.4022696241582	2072
2239	1299.9895650453661	2071
2240	1300.5768767610662	2079
2241	1301.1642047399523	2078
2242	1301.75154895072	2073
2243	1302.3389093620635	2066
2244	1302.9262859426783	2073
2245	1303.5136786612588	2069
2246	1304.1010874865003	2070
2247	1304.688512387097	2065
2248	1305.2759533317442	2074
2249	1305.8634102891367	2068
2250	1306.4508832279696	2081
2251	1307.0383721169374	2081
2252	1307.6258769247352	2083
2253	1308.2133976200575	2073
2254	1308.8009341715997	2066
2255	1309.3884865480559	2079
2256	1309.976054718122	2084
2257	1310.5636386504918	2074
2258	1311.1512383138609	2058
2259	1311.7388536769238	2063
2260	1312.3264847083756	2073
2261	1312.914131376911	2069
2262	1313.5017936512247	2068
2263	1314.0894715000118	2062
2264	1314.677164891967	2064
2265	1315.2648737957857	2045
2266	1315.8525981801622	2058
2267	1316.440338013791	2039
2268	1317.0280932653682	2049
2269	1317.6158639035873	2094
2270	1318.203649897144	2089
2271	1318.791451214733	2078
2272	1319.3792678250488	2054
2273	1319.9670996967868	2048
2274	1320.5549467986416	2041
2275	1321.1428090993081	2032
2276	1321.7306865674811	2037
2277	1322.3185791718556	2046
2278	1322.906486881126	2043
2279	1323.4944096639879	2028
2280	1324.0823474891356	2039
2281	1324.670300325264	2035
2282	1325.2582681410681	2020
2283	1325.846250905243	2022
2284	1326.4342485864834	2018
2285	1327.022261153484	2028
2286	1327.6102885749394	2017
2287	1328.198330819545	2031
2288	1328.7863878559954	2018
2289	1329.3744596529857	2012
2290	1329.9625461792102	2034
2291	1330.5506474033646	2028
2292	1331.138763294143	2022
2293	1331.7268938202405	2020
2294	1332.3150389503521	2019
2295	1332.9031986531727	2010
2296	1333.4913728973968	2000
2297	1334.0795616517198	2000
2298	1334.667764884836	1992
2299	1335.2559825654407	2006
2300	1335.8442146622285	2001
2301	1336.4324611438944	2004
2302	1337.0207219791332	2005
2303	1337.6089971366396	1992
2304	1338.1972865851087	1999
2305	1338.7855902932356	1998
2306	1339.3739082297143	1979
2307	1339.9622403632404	1980
2308	1340.5505866625087	1994
2309	1341.1389470962138	2001
2310	1341.7273216330507	1991
2311	1342.3157102417144	1968
2312	1342.9041128908993	1982
2313	1343.4925295493008	1973
2314	1344.0809601856135	1966
2315	1344.669404768532	1966
2316	1345.2578632667517	1980
2317	1345.8463356489672	1998
2318	1346.4348218838734	1982
2319	1347.023321940165	1985
2320	1347.611835786537	1987
2321	1348.2003633916843	1987
2322	1348.7889047243018	1977
2323	1349.377459753084	1985
2324	1349.9660284467263	2000
2325	1350.5546107739233	1970
2326	1351.1432067033695	1982
2327	1351.7318162037602	1980
2328	1352.3204392437904	1991
2329	1352.9090757921547	1991
2330	1353.4977258175477	1991
2331	1354.0863892886648	1975
2332	1354.6750661742008	1980
2333	1355.2637564428499	1984
2334	1355.8524600633077	1955
2335	1356.4411770042686	1980
2336	1357.029907234428	1968
2337	1357.61865072248	1973
2338	1358.20740743712	1961
2339	1358.7961773470429	1969
2340	1359.3849604209433	1984
2341	1359.973756627516	1989
2342	1360.5625659354562	1984
2343	1361.1513883134587	1975
2344	1361.7402237302178	1962
2345	1362.3290721544292	1967
2346	1362.917933554787	1961
2347	1363.5068078999868	1947
2348	1364.0956951587227	1961
2349	1364.6845952996903	1977
2350	1365.2735082915838	1960
2351	1365.8624341030986	1961
2352	1366.4513727029291	1959
2353	1367.0403240597705	1950
2354	1367.6292881423174	1948
2355	1368.2182649192648	1951
2356	1368.8072543593075	1945
2357	1369.3962564311407	1953
2358	1369.9852711034587	1947
2359	1370.5742983449568	1957
2360	1371.1633381243296	1944
2361	1371.7523904102723	1933
2362	1372.341455171479	1939
2363	1372.9305323766455	1938
2364	1373.5196219944662	1932
2365	1374.1087239936357	1964
2366	1374.6978383428498	1946
2367	1375.286965010802	1937
2368	1375.8761039661883	1937
2369	1376.465255177703	1934
2370	1377.0544186140412	1959
2371	1377.6435942438975	1950
2372	1378.232782035967	1945
2373	1378.8219819589444	1932
2374	1379.4111939815248	1927
2375	1380.0004180724027	1926
2376	1380.5896542002733	1922
2377	1381.1789023338313	1928
2378	1381.7681624417717	1929
2379	1382.3574344927893	1933
2380	1382.9467184555785	1933
2381	1383.5360142988347	1939
2382	1384.1253219912528	1948
2383	1384.7146415015275	1948
2384	1385.3039727983535	1940
2385	1385.8933158504258	1956
2386	1386.4826706264394	1950
2387	1387.0720370950887	1941
2388	1387.6614152250693	1930
2389	1388.2508049850753	1936
2390	1388.840206343802	1927
2391	1389.4296192699444	1929
2392	1390.019043732197	1932
2393	1390.6084796992545	1929
2394	1391.1979271398125	1920
2395	1391.787386022565	1918
2396	1392.3768563162075	1936
2397	1392.9663379894346	1923
2398	1393.5558310109411	1938
2399	1394.1453353494223	1931
2400	1394.7348509735723	1949
2401	1395.3243778520864	1953
2402	1395.9139159536594	1945
2403	1396.5034652469865	1923
2404	1397.0930257007622	1928
2405	1397.682597283681	1928
2406	1398.2721799644385	1932
2407	1398.8617737117293	1939
2408	1399.4513784942478	1937
2409	1400.0409942806898	1940
2410	1400.6306210397493	1937
2411	1401.2202587401214	1922
2412	1401.8099073505011	1927
2413	1402.399566839583	1918
2414	1402.9892371760627	1923
2415	1403.5789183286342	1921
2416	1404.1686102659924	1920
2417	1404.758312956833	1927
2418	1405.3480263698498	1922
2419	1405.9377504737383	1918
2420	1406.527485237193	1946
2421	1407.1172306289095	1929
2422	1407.7069866175818	1922
2423	1408.296753171905	1930
2424	1408.8865302605745	1923
2425	1409.4763178522844	1942
2426	1410.0661159157298	1919
2427	1410.6559244196055	1913
2428	1411.245743332607	1915
2429	1411.835572623428	1910
2430	1412.4254122607647	1920
2431	1413.015262213311	1898
2432	1413.605122449762	1905
2433	1414.1949929388127	1893
2434	1414.7848736491578	1922
2435	1415.374764549492	1906
2436	1415.9646656085106	1912
2437	1416.5545767949081	1965
2438	1417.1444980773797	1938
2439	1417.73442942462	1917
2440	1418.324370805324	1915
2441	1418.9143221881864	1910
2442	1419.5042835419017	1895
2443	1420.0942548351657	1894
2444	1420.6842360366727	1915
2445	1421.2742271151178	1907
2446	1421.8642280391955	1925
2447	1422.4542387776007	1921
2448	1423.0442592990285	1909
2449	1423.6342895721737	1903
2450	1424.2243295657308	1895
2451	1424.8143792483957	1889
2452	1425.4044385888617	1907
2453	1425.9945075558253	1919
2454	1426.58458611798	1914
2455	1427.1746742440214	1902
2456	1427.7647719026443	1893
2457	1428.3548790625432	1916
2458	1428.9449956924134	1906
2459	1429.5351217609493	1886
2460	1430.1252572368464	1904
2461	1430.7154020887992	1914
2462	1431.3055562855022	1904
2463	1431.8957197956508	1902
2464	1432.4858925879396	1902
2465	1433.0760746310636	1895
2466	1433.6662658937175	1905
2467	1434.2564663445964	1895
2468	1434.846675952395	1887
2469	1435.4368946858078	1902
2470	1436.0271225135305	1906
2471	1436.617359404257	1895
2472	1437.2076053266833	1898
2473	1437.797860249503	1915
2474	1438.388124141412	1908
2475	1438.9783969711045	1906
2476	1439.5686787072757	1886
2477	1440.1589693186202	1914
2478	1440.7492687738331	1900
2479	1441.3395770416093	1899
2480	1441.9298940906435	1900
2481	1442.5202198896304	1914
2482	1443.1105544072652	1914
2483	1443.7008976122424	1893
2484	1444.2912494732573	1890
2485	1444.8816099590044	1901
2486	1445.471979038179	1909
2487	1446.0623566794752	1883
2488	1446.6527428515888	1880
2489	1447.2431375232138	1888
2490	1447.8335406630454	1893
2491	1448.4239522397788	1885
2492	1449.0143722221082	1888
2493	1449.604800578729	1896
2494	1450.195237278336	1894
2495	1450.7856822896238	1894
2496	1451.3761355812874	1900
2497	1451.9665971220215	1894
2498	1452.5570668805212	1913
2499	1453.1475448254816	1896
2500	1453.7380309255968	1879
2501	1454.3285251495624	1883
2502	1454.919027466073	1896
2503	1455.5095378438232	1881
2504	1456.100056251508	1893
2505	1456.6905826578225	1879
2506	1457.2811170314615	1878
2507	1457.8716593411198	1905
2508	1458.4622095554919	1903
2509	1459.0527676432732	1906
2510	1459.6433335731583	1898
2511	1460.233907313842	1893
2512	1460.8244888340196	1888
2513	1461.415078102385	1901
2514	1462.0056750876342	1903
2515	1462.5962797584614	1900
2516	1463.1868920835616	1914
2517	1463.7775120316296	1900
2518	1464.3681395713604	1923
2519	1464.958774671449	1917
2520	1465.5494173005898	1903
2521	1466.1400674274776	1900
2522	1466.730725020808	1904
2523	1467.3213900492756	1908
2524	1467.9120624815746	1884
2525	1468.5027422864005	1910
2526	1469.093429432448	1895
2527	1469.6841238884122	1890
2528	1470.2748256229875	1902
2529	1470.865534604869	1895
2530	1471.4562508027514	1879
2531	1472.0469741853299	1898
2532	1472.637704721299	1897
2533	1473.228442379354	1908
2534	1473.8191871281895	1889
2535	1474.4099389365	1896
2536	1475.0006977729809	1888
2537	1475.591463606327	1898
2538	1476.1822364052327	1892
2539	1476.7730161383936	1895
2540	1477.3638027745037	1875
2541	1477.9545962822588	1881
2542	1478.5453966303528	1893
2543	1479.1362037874815	1901
2544	1479.7270177223388	1905
2545	1480.3178384036203	1892
2546	1480.9086658000206	1898
2547	1481.4994998802345	1896
2548	1482.090340612957	1902
2549	1482.6811879668833	1894
2550	1483.2720419107072	1892
2551	1483.8629024131244	1886
2552	1484.4537694428298	1878
2553	1485.0446429685178	1884
2554	1485.6355229588835	1893
2555	1486.2264093826218	1869
2556	1486.8173022084275	1870
2557	1487.4082014049957	1864
2558	1487.999106941021	1878
2559	1488.590018785198	1876
2560	1489.1809369062219	1888
2561	1489.7718612727876	1904
2562	1490.36279185359	1894
2563	1490.9537286173236	1904
2564	1491.5446715326837	1909
2565	1492.1356205683649	1901
2566	1492.726575693062	1899
2567	1493.31753687547	1896
2568	1493.9085040842838	1904
2569	1494.499477288198	1900
2570	1495.090456455908	1891
2571	1495.6814415561082	1884
2572	1496.2724325574934	1889
2573	1496.863429428759	1896
2574	1497.4544321385993	1892
2575	1498.0454406557094	1896
2576	1498.636454948784	1901
2577	1499.227474986518	1912
2578	1499.8185007376067	1910
2579	1500.4095321707441	1910
2580	1501.000569254626	1909
2581	1501.5916119579465	1909
2582	1502.1826602494011	1908
2583	1502.7737140976842	1881
2584	1503.3647734714907	1883
2585	1503.9558383395158	1870
2586	1504.546908670454	1871
2587	1505.1379844330002	1877
2588	1505.7290655958495	1871
2589	1506.3201521276965	1864
2590	1506.9112439972362	1894
2591	1507.5023411731634	1907
2592	1508.093443624173	1896
2593	1508.6845513189598	1894
2594	1509.2756642262189	1906
2595	1509.8667823146448	1904
2596	1510.4579055529323	1897
2597	1511.0490339097767	1887
2598	1511.6401673538726	1904
2599	1512.2313058539153	1889
2600	1512.8224493785988	1908
2601	1513.4135978966185	1894
2602	1514.0047513766692	1889
2603	1514.5959097874459	1875
2604	1515.1870730976432	1902
2605	1515.778241275956	1896
2606	1516.3694142910795	1904
2607	1516.9605921117081	1888
2608	1517.5517747065367	1894
2609	1518.1429620442602	1903
2610	1518.734154093574	1908
2611	1519.3253508231726	1887
2612	1519.9165522017504	1894
2613	1520.5077581980029	1883
2614	1521.0989687806245	1891
2615	1521.6901839183104	1881
2616	1522.281403579755	1893
2617	1522.872627733654	1888
2618	1523.4638563487015	1881
2619	1524.0550893935927	1877
2620	1524.6463268370223	1887
2621	1525.2375686476855	1911
2622	1525.8288147942765	1897
2623	1526.4200652454908	1876
2624	1527.011319970023	1883
2625	1527.6025789365679	1871
2626	1528.1938421138202	1858
2627	1528.7851094704754	1870
2628	1529.3763809752277	1891
2629	1529.9676565967725	1882
2630	1530.558936303804	1872
2631	1531.1502200650177	1892
2632	1531.741507849108	1895
2633	1532.3327996247704	1888
2634	1532.9240953606986	1916
2635	1533.5153950255885	1891
2636	1534.106698588135	1889
2637	1534.6980060170324	1874
2638	1535.2893172809756	1872
2639	1535.8806323486594	1877
2640	1536.4719511887793	1882
2641	1537.0632737700296	1887
2642	1537.6546000611054	1898
2643	1538.2459300307012	1893
2644	1538.8372636475124	1903
2645	1539.4286008802335	1917
2646	1540.0199416975595	1912
2647	1540.611286068185	1882
2648	1541.202633960805	1875
2649	1541.7939853441148	1896
2650	1542.3853401868087	1901
2651	1542.9766984575815	1903
2652	1543.5680601251286	1891
2653	1544.1594251581444	1893
2654	1544.7507935253243	1866
2655	1545.3421651953622	1876
2656	1545.9335401369538	1891
2657	1546.5249183187939	1890
2658	1547.1162997095769	1895
2659	1547.707684277998	1887
2660	1548.299071992752	1873
2661	1548.8904628225337	1876
2662	1549.481856736038	1880
2663	1550.0732537019599	1890
2664	1550.6646536889941	1893
2665	1551.256056665835	1888
2666	1551.8474626011787	1879
2667	1552.4388714637191	1879
2668	1553.0302832221512	1880
2669	1553.6216978451698	1880
2670	1554.2131153014698	1878
2671	1554.8045355597465	1865
2672	1555.3959585886942	1873
2673	1555.9873843570078	1875
2674	1556.5788128333825	1891
2675	1557.1702439865132	1882
2676	1557.7616777850942	1889
2677	1558.3531141978208	1888
2678	1558.9445531933882	1902
2679	1559.5359947404902	1884
2680	1560.1274388078225	1887
2681	1560.71888536408	1885
2682	1561.310334377957	1896
2683	1561.9017858181487	1877
2684	1562.49323965335	1892
2685	1563.084695852256	1884
2686	1563.676154383561	1902
2687	1564.26761521596	1886
2688	1564.859078318148	1885
2689	1565.45054365882	1864
2690	1566.0420112066704	1873
2691	1566.6334809303944	1874
2692	1567.224952798687	1880
2693	1567.816426780243	1883
2694	1568.4079028437568	1884
2695	1568.999380957924	1883
2696	1569.5908610914385	1896
2697	1570.182343212996	1891
2698	1570.7738272912914	1892
2699	1571.3653132950187	1904
2700	1571.9568011928739	1907
2701	1572.5482909535506	1879
2702	1573.1397825457448	1870
2703	1573.7312759381505	1878
2704	1574.3227710994631	1891
2705	1574.9142679983772	1884
2706	1575.5057666035882	1873
2707	1576.09726688379	1875
2708	1576.6887688076783	1867
2709	1577.2802723439477	1876
2710	1577.8717774612924	1889
2711	1578.4632841284085	1878
2712	1579.05479231399	1869
2713	1579.646301986732	1872
2714	1580.2378131153293	1882
2715	1580.829325668477	1881
2716	1581.4208396148692	1889
2717	1582.0123549232019	1881
2718	1582.6038715621692	1884
2719	1583.195389500466	1891
2720	1583.7869087067875	1892
2721	1584.3784291498282	1905
2722	1584.9699507982832	1892
2723	1585.5614736208472	1883
2724	1586.1529975862154	1885
2725	1586.7445226630823	1879
2726	1587.3360488201429	1879
2727	1587.9275760260919	1870
2728	1588.5191042496242	1883
2729	1589.110633459435	1882
2730	1589.7021636242184	1890
2731	1590.2936947126702	1867
2732	1590.8852266934848	1879
2733	1591.4767595353574	1874
2734	1592.0682932069817	1880
2735	1592.6598276770544	1876
2736	1593.2513629142686	1878
2737	1593.8428988873204	1885
2738	1594.4344355649039	1891
2739	1595.0259729157142	1877
2740	1595.6175109084463	1872
2741	1596.209049511795	1890
2742	1596.8005886944552	1899
2743	1597.3921284251217	1880
2744	1597.983668672489	1880
2745	1598.575209405253	1882
2746	1599.1667505921073	1890
2747	1599.7582922017473	1876
2748	1600.3498342028684	1890
2749	1600.9413765641643	1880
2750	1601.532919254331	1896
2751	1602.1244622420627	1878
2752	1602.7160054960545	1887
2753	1603.3075489850012	1883
2754	1603.8990926775975	1883
2755	1604.4906365425386	1871
2756	1605.082180548519	1882
2757	1605.6737246642338	1886
2758	1606.265268858378	1883
2759	1606.856813099646	1892
2760	1607.448357356733	1897
2761	1608.0399015983337	1904
2762	1608.631445793143	1895
2763	1609.2229899098559	1892
2764	1609.8145339171672	1877
2765	1610.4060777837717	1871
2766	1610.9976214783642	1871
2767	1611.5891649696396	1878
2768	1612.1807082262926	1888
2769	1612.7722512170187	1895
2770	1613.363793910512	1912
2771	1613.9553362754677	1881
2772	1614.546878280581	1882
2773	1615.1384198945461	1893
2774	1615.7299610860582	1892
2775	1616.321501823812	1877
2776	1616.9130420765027	1875
2777	1617.5045818128249	1866
2778	1618.0961210014734	1875
2779	1618.6876596111433	1877
2780	1619.2791976105293	1870
2781	1619.8707349683261	1851
2782	1620.462271653229	1861
2783	1621.0538076339321	1861
2784	1621.6453428791312	1876
2785	1622.2368773575206	1873
2786	1622.8284110377954	1876
2787	1623.4199438886503	1872
2788	1624.0114758787802	1885
2789	1624.60300697688	1870
2790	1625.1945371516442	1883
2791	1625.7860663717684	1857
2792	1626.3775946059468	1878
2793	1626.9691218228745	1878
2794	1627.5606479912462	1905
2795	1628.1521730797574	1886
2796	1628.7436970571025	1883
2797	1629.3352198919758	1866
2798	1629.926741553073	1881
2799	1630.5182620090886	1865
2800	1631.1097812287178	1862
2801	1631.7012991806548	1872
2802	1632.2928158335953	1880
2803	1632.8843311562332	1880
2804	1633.4758451172643	1875
2805	1634.0673576853826	1874
2806	1634.6588688292838	1872
2807	1635.2503785176618	1874
2808	1635.8418867192129	1890
2809	1636.4333934026301	1882
2810	1637.02489853661	1882
2811	1637.6164020898461	1877
2812	1638.2079040310343	1888
2813	1638.7994043288686	1882
2814	1639.3909029520444	1858
2815	1639.9823998692568	1873
2816	1640.5738950492	1882
2817	1641.1653884605691	1859
2818	1641.756880072059	1878
2819	1642.3483698523646	1894
2820	1642.9398577701809	1881
2821	1643.5313437942027	1872
2822	1644.1228278931242	1869
2823	1644.7143100356411	1886
2824	1645.305790190448	1884
2825	1645.89726832624	1894
2826	1646.4887444117114	1883
2827	1647.0802184155573	1879
2828	1647.6716903064728	1879
2829	1648.2631600531524	1870
2830	1648.8546276242912	1888
2831	1649.446092988584	1888
2832	1650.0375561147257	1889
2833	1650.629016971411	1897
2834	1651.2204755273349	1908
2835	1651.8119317511923	1905
2836	1652.4033856116782	1886
2837	1652.9948370774869	1885
2838	1653.5862861173136	1874
2839	1654.1777326998536	1874
2840	1654.7691767938009	1883
2841	1655.3606183678512	1878
2842	1655.9520573906987	1869
2843	1656.5434938310386	1887
2844	1657.1349276575656	1886
2845	1657.7263588389746	1887
2846	1658.3177873439606	1873
2847	1658.9092131412185	1879
2848	1659.5006361994426	1882
2849	1660.0920564873286	1884
2850	1660.6834739735707	1879
2851	1661.2748886268641	1879
2852	1661.8663004159037	1871
2853	1662.457709309384	1863
2854	1663.049115276	1879
2855	1663.640518284447	1872
2856	1664.231918303419	1889
2857	1664.8233153016117	1874
2858	1665.4147092477199	1863
2859	1666.0061001104375	1870
2860	1666.5974878584607	1882
2861	1667.1888724604835	1885
2862	1667.7802538852004	1869
2863	1668.3716321013076	1895
2864	1668.9630070774988	1874
2865	1669.5543787824693	1871
2866	1670.1457471849137	1891
2867	1670.7371122535276	1869
2868	1671.328473957005	1879
2869	1671.919832264041	1880
2870	1672.5111871433307	1892
2871	1673.102538563569	1876
2872	1673.6938864934502	1886
2873	1674.2852309016698	1886
2874	1674.876571756922	1875
2875	1675.4679090279024	1870
2876	1676.0592426833052	1874
2877	1676.6505726918258	1865
2878	1677.241899022159	1854
2879	1677.8332216429992	1869
2880	1678.4245405230417	1877
2881	1679.0158556309812	1861
2882	1679.6071669355126	1871
2883	1680.1984744053307	1872
2884	1680.7897780091303	1862
2885	1681.3810777156061	1868
2886	1681.9723734934537	1867
2887	1682.5636653113672	1871
2888	1683.154953138042	1872
2889	1683.7462369421726	1869
2890	1684.3375166924536	1876
2891	1684.9287923575807	1895
2892	1685.5200639062477	1904
2893	1686.1113313071507	1886
2894	1686.7025945289836	1868
2895	1687.2938535404414	1863
2896	1687.8851083102193	1860
2897	1688.476358807012	1868
2898	1689.067604999514	1863
2899	1689.658846856421	1864
2900	1690.250084346427	1878
2901	1690.8413174382274	1874
2902	1691.4325461005167	1888
2903	1692.02377030199	1858
2904	1692.6149900113421	1863
2905	1693.206205197268	1857
2906	1693.7974158284624	1884
2907	1694.3886218736197	1892
2908	1694.979823301436	1887
2909	1695.571020080605	1894
2910	1696.1622121798218	1897
2911	1696.7533995677818	1877
2912	1697.3445822131791	1870
2913	1697.935760084709	1877
2914	1698.5269331510665	1883
2915	1699.1181013809464	1881
2916	1699.709264743043	1880
2917	1700.3004232060516	1879
2918	1700.8915767386675	1889
2919	1701.482725309585	1870
2920	1702.0738688874987	1868
2921	1702.665007441104	1872
2922	1703.2561409390958	1871
2923	1703.8472693501683	1861
2924	1704.4383926430169	1881
2925	1705.0295107863367	1880
2926	1705.620623748822	1878
2927	1706.211731499168	1877
2928	1706.8028340060691	1864
2929	1707.3939312382208	1872
2930	1707.985023164318	1859
2931	1708.5761097530544	1843
2932	1709.1671909731265	1843
2933	1709.758266793228	1855
2934	1710.3493371820537	1862
2935	1710.9404021082992	1857
2936	1711.5314615406594	1882
2937	1712.1225154478286	1881
2938	1712.7135637985016	1877
2939	1713.3046065613735	1876
2940	1713.8956437051395	1881
2941	1714.486675198494	1880
2942	1715.0777010101317	1884
2943	1715.6687211087476	1869
2944	1716.2597354630375	1874
2945	1716.850744041695	1876
2946	1717.4417468134152	1876
2947	1718.0327437468934	1873
2948	1718.6237348108245	1866
2949	1719.2147199739027	1861
2950	1719.8056992048234	1867
2951	1720.3966724722818	1858
2952	1720.9876397449716	1876
2953	1721.5786009915887	1871
2954	1722.1695561808278	1871
2955	1722.760505281383	1885
2956	1723.3514482619503	1888
2957	1723.9423850912235	1869
2958	1724.5333157378984	1874
2959	1725.1242401706693	1878
2960	1725.715158358231	1884
2961	1726.3060702692787	1874
2962	1726.896975872507	1874
2963	1727.487875136611	1849
2964	1728.078768030285	1861
2965	1728.6696545222246	1868
2966	1729.2605345811246	1860
2967	1729.8514081756791	1861
2968	1730.4422752745836	1877
2969	1731.0331358465328	1884
2970	1731.6239898602219	1873
2971	1732.214837284345	1860
2972	1732.8056780875977	1862
2973	1733.3965122386746	1867
2974	1733.9873397062702	1858
2975	1734.57816045908	1865
2976	1735.168974465798	1873
2977	1735.7597816951202	1873
2978	1736.3505821157405	1850
2979	1736.9413756963545	1857
2980	1737.5321624056562	1865
2981	1738.1229422123413	1865
2982	1738.713715085104	1865
2983	1739.3044809926398	1864
2984	1739.895239903643	1879
2985	1740.4859917868089	1870
2986	1741.076736610832	1871
2987	1741.6674743444073	1881
2988	1742.2582049562293	1899
2989	1742.8489284149937	1858
2990	1743.4396446893948	1871
2991	1744.0303537481275	1869
2992	1744.6210555598864	1863
2993	1745.2117500933673	1868
2994	1745.8024373172639	1869
2995	1746.393117200272	1877
2996	1746.9837897110856	1858
2997	1747.5744548184005	1857
2998	1748.1651124909104	1867
2999	1748.7557626973112	1875
3000	1749.3464054062977	1872
3001	1749.937040586564	1879
3002	1750.5276682068056	1880
3003	1751.1182882357168	1871
3004	1751.7089006419933	1857
3005	1752.2995053943293	1877
3006	1752.8901024614197	1882
3007	1753.4806918119598	1876
3008	1754.071273414644	1886
3009	1754.6618472381676	1878
3010	1755.252413251225	1883
3011	1755.8429714225113	1894
3012	1756.433521720721	1871
3013	1757.0240641145494	1862
3014	1757.6145985726914	1862
3015	1758.2051250638415	1855
3016	1758.795643556695	1863
3017	1759.3861540199464	1866
3018	1759.9766564222905	1872
3019	1760.5671507324225	1858
3020	1761.157636919037	1873
3021	1761.748114950829	1856
3022	1762.3385847964933	1879
3023	1762.929046424725	1882
3024	1763.5194998042182	1873
3025	1764.1099449036687	1862
3026	1764.7003816917709	1871
3027	1765.29081013722	1874
3028	1765.88123020871	1877
3029	1766.4716418749365	1872
3030	1767.0620451045945	1855
3031	1767.6524398663782	1866
3032	1768.2428261289829	1867
3033	1768.8332038611036	1855
3034	1769.4235730314347	1865
3035	1770.0139336086713	1875
3036	1770.6042855615083	1865
3037	1771.1946288586405	1867
3038	1771.784963468763	1871
3039	1772.37528936057	1870
3040	1772.9656065027573	1875
3041	1773.5559148640189	1872
3042	1774.14621441305	1865
3043	1774.7365051185457	1858
3044	1775.3267869492006	1880
3045	1775.9170598737094	1879
3046	1776.5073238607674	1885
3047	1777.0975788790693	1878
3048	1777.6878248973096	1885
3049	1778.2780618841837	1874
3050	1778.868289808386	1878
3051	1779.4585086386114	1862
3052	1780.048718343555	1859
3053	1780.6389188919118	1871
3054	1781.2291102523761	1838
3055	1781.8192923936435	1850
3056	1782.4094652844083	1862
3057	1782.9996288933655	1853
3058	1783.58978318921	1869
3059	1784.1799281406368	1859
3060	1784.7700637163405	1861
3061	1785.3601898850156	1853
3062	1785.950306615358	1863
3063	1786.540413876062	1853
3064	1787.1305116358221	1871
3065	1787.7205998633337	1851
3066	1788.3106785272914	1848
3067	1788.9007475963904	1847
3068	1789.490807039325	1860
3069	1790.0808568247903	1852
3070	1790.6708969214812	1849
3071	1791.2609272980928	1836
3072	1791.8509479233198	1872
3073	1792.4409587658567	1867
3074	1793.0309597943988	1892
3075	1793.6209509776406	1865
3076	1794.2109322842775	1854
3077	1794.8009036830035	1856
3078	1795.3908651425147	1863
3079	1795.9808166315047	1847
3080	1796.5707581186691	1845
3081	1797.1606895727025	1869
3082	1797.7506109622998	1864
3083	1798.340522256156	1862
3084	1798.9304234229658	1857
3085	1799.5203144314241	1864
3086	1800.110195250226	1880
3087	1800.7000658480658	1876
3088	1801.2899261936388	1870
3089	1801.8797762556399	1868
3090	1802.4696160027636	1867
3091	1803.0594454037048	1872
3092	1803.6492644271589	1883
3093	1804.2390730418203	1864
3094	1804.8288712163842	1870
3095	1805.418658919545	1861
3096	1806.0084361199977	1871
3097	1806.598202786437	1866
3098	1807.1879588875584	1882
3099	1807.7777043920562	1864
3100	1808.3674392686253	1868
3101	1808.9571634859608	1877
3102	1809.5468770127575	1883
3103	1810.1365798177103	1859
3104	1810.7262718695135	1869
3105	1811.3159531368626	1871
3106	1811.9056235884527	1895
3107	1812.4952831929777	1867
3108	1813.0849319191334	1864
3109	1813.674569735614	1854
3110	1814.2641966111148	1874
3111	1814.8538125143305	1860
3112	1815.4434174139556	1863
3113	1816.0330112786855	1866
3114	1816.622594077215	1856
3115	1817.2121657782384	1871
3116	1817.8017263504514	1878
3117	1818.3912757625483	1885
3118	1818.9808139832242	1885
3119	1819.5703409811738	1871
3120	1820.159856725092	1871
3121	1820.7493611836735	1877
3122	1821.3388543256135	1867
3123	1821.9283361196067	1853
3124	1822.517806534348	1868
3125	1823.1072655385324	1882
3126	1823.6967131008544	1869
3127	1824.2861491900087	1863
3128	1824.875573774691	1863
3129	1825.4649868235956	1875
3130	1826.0543883054172	1875
3131	1826.643778188851	1857
3132	1827.2331564425917	1860
3133	1827.8225230353341	1863
3134	1828.4118779357732	1872
3135	1829.001221112604	1864
3136	1829.5905525345213	1861
3137	1830.1798721702196	1859
3138	1830.769179988394	1878
3139	1831.3584759577398	1876
3140	1831.9477600469509	1867
3141	1832.5370322247227	1872
3142	1833.1262924597502	1886
3143	1833.7155407207283	1892
3144	1834.3047769763514	1883
3145	1834.8940011953146	1866
3146	1835.483213346313	1891
3147	1836.0724133980414	1848
3148	1836.661601319194	1864
3149	1837.2507770784662	1878
3150	1837.839940644553	1870
3151	1838.4290919861492	1868
3152	1839.0182310719497	1870
3153	1839.607357870649	1875
3154	1840.196472350942	1881
3155	1840.7855744815242	1881
3156	1841.3746642310898	1884
3157	1841.9637415683337	1868
3158	1842.5528064619507	1872
3159	1843.1418588806362	1845
3160	1843.7308987930846	1861
3161	1844.319926167991	1852
3162	1844.9089409740502	1876
3163	1845.497943179957	1862
3164	1846.086932754406	1846
3165	1846.6759096660926	1855
3166	1847.2648738837113	1878
3167	1847.8538253759573	1857
3168	1848.4427641115249	1852
3169	1849.0316900591095	1872
3170	1849.6206031874053	1876
3171	1850.209503465108	1864
3172	1850.798390860912	1846
3173	1851.3872653435124	1855
3174	1851.9761268816035	1867
3175	1852.5649754438807	1851
3176	1853.1538109990386	1857
3177	1853.7426335157722	1858
3178	1854.3314429627765	1862
3179	1854.9202393087462	1873
3180	1855.5090225223757	1867
3181	1856.0977925723605	1870
3182	1856.6865494273954	1881
3183	1857.2752930561753	1871
3184	1857.8640234273946	1873
3185	1858.4527405097483	1884
3186	1859.0414442719316	1876
3187	1859.6301346826392	1846
3188	1860.2188117105661	1853
3189	1860.8074753244064	1868
3190	1861.3961254928558	1867
3191	1861.9847621846093	1863
3192	1862.5733853683607	1867
3193	1863.1619950128063	1874
3194	1863.7505910866396	1882
3195	1864.3391735585562	1869
3196	1864.927742397251	1859
3197	1865.5162975714181	1869
3198	1866.1048390497535	1865
3199	1866.6933668009513	1862
3200	1867.2818807937065	1869
3201	1867.870380996714	1866
3202	1868.4588673786686	1863
3203	1869.0473399082653	1862
3204	1869.635798554199	1875
3205	1870.2242432851644	1872
3206	1870.8126740698565	1883
3207	1871.4010908769696	1861
3208	1871.9894936751994	1862
3209	1872.5778824332406	1861
3210	1873.1662571197874	1852
3211	1873.7546177035354	1846
3212	1874.3429641531789	1851
3213	1874.9312964374133	1870
3214	1875.519614524933	1867
3215	1876.107918384433	1863
3216	1876.6962079846085	1854
3217	1877.284483294154	1860
3218	1877.8727442817644	1878
3219	1878.4609909161343	1870
3220	1879.0492231659591	1865
3221	1879.6374409999332	1858
3222	1880.225644386752	1855
3223	1880.81383329511	1867
3224	1881.402007693702	1858
3225	1881.990167551223	1866
3226	1882.5783128363678	1876
3227	1883.166443517831	1874
3228	1883.7545595643082	1868
3229	1884.3426609444934	1861
3230	1884.930747627082	1870
3231	1885.5188195807684	1864
3232	1886.1068767742483	1864
3233	1886.694919176216	1878
3234	1887.282946755366	1871
3235	1887.8709594803938	1847
3236	1888.4589573199944	1859
3237	1889.0469402428616	1867
3238	1889.6349082176912	1873
3239	1890.2228612131778	1854
3240	1890.8107991980164	1851
3241	1891.3987221409016	1856
3242	1891.9866300105282	1878
3243	1892.5745227755913	1883
3244	1893.1624004047858	1855
3245	1893.7502628668067	1861
3246	1894.338110130348	1859
3247	1894.9259421641057	1842
3248	1895.513758936774	1843
3249	1896.101560417048	1838
3250	1896.6893465736223	1865
3251	1897.277117375192	1857
3252	1897.8648727904515	1877
3253	1898.4526127880965	1850
3254	1899.040337336821	1871
3255	1899.628046405321	1863
3256	1900.2157399622902	1870
3257	1900.8034179764236	1857
3258	1901.3910804164163	1853
3259	1901.9787272509636	1863
3260	1902.56635844876	1872
3261	1903.1539739785003	1864
3262	1903.7415738088791	1889
3263	1904.3291579085917	1874
3264	1904.9167262463327	1880
3265	1905.5042787907973	1872
3266	1906.09181551068	1868
3267	1906.6793363746758	1858
3268	1907.2668413514793	1858
3269	1907.8543304097857	1845
3270	1908.44180351829	1841
3271	1909.029260645687	1851
3272	1909.616701760671	1856
3273	1910.2041268319372	1862
3274	1910.7915358281807	1867
3275	1911.378928718096	1879
3276	1911.9663054703785	1869
3277	1912.553666053722	1869
3278	1913.1410104368226	1859
3279	1913.7283385883748	1865
3280	1914.3156504770725	1859
3281	1914.9029460716122	1846
3282	1915.4902253406874	1861
3283	1916.0774882529936	1860
3284	1916.6647347772252	1856
3285	1917.2519648820776	1867
3286	1917.8391785362455	1856
3287	1918.4263757084236	1857
3288	1919.0135563673068	1874
3289	1919.60072048159	1859
3290	1920.1878680199682	1850
3291	1920.7749989511365	1870
3292	1921.3621132437886	1855
3293	1921.9492108666204	1857
3294	1922.536291788327	1865
3295	1923.1233559776022	1870
3296	1923.7104034031415	1865
3297	1924.2974340336402	1847
3298	1924.884447837792	1851
3299	1925.4714447842928	1859
3300	1926.0584248418372	1853
3301	1926.6453879791197	1854
3302	1927.232334164835	1860
3303	1927.819263367679	1866
3304	1928.406175556346	1870
3305	1928.9930706995303	1860
3306	1929.5799487659274	1865
3307	1930.1668097242316	1866
3308	1930.7536535431386	1858
3309	1931.340480191343	1857
3310	1931.9272896375392	1868
3311	1932.5140818504224	1862
3312	1933.1008567986876	1864
3313	1933.6876144510288	1857
3314	1934.274354776142	1870
3315	1934.8610777427218	1852
3316	1935.4477833194624	1864
3317	1936.0344714750593	1858
3318	1936.621142178207	1868
3319	1937.2077953976009	1870
3320	1937.794431101935	1861
3321	1938.381049259905	1852
3322	1938.9676498402055	1859
3323	1939.554232811531	1863
3324	1940.1407981425764	1857
3325	1940.727345802037	1864
3326	1941.3138757586073	1872
3327	1941.900387980983	1882
3328	1942.4868824378575	1878
3329	1943.0733590979266	1874
3330	1943.6598179298849	1867
3331	1944.2462589024276	1874
3332	1944.8326819842493	1878
3333	1945.4190871440446	1869
3334	1946.0054743505086	1877
3335	1946.5918435723365	1872
3336	1947.178194778223	1880
3337	1947.7645279368624	1858
3338	1948.35084301695	1875
3339	1948.9371399871807	1851
3340	1949.5234188162494	1861
3341	1950.1096794728508	1861
3342	1950.6959219256798	1859
3343	1951.282146143431	1870
3344	1951.8683520947998	1877
3345	1952.4545397484806	1874
3346	1953.0407090731687	1863
3347	1953.6268600375588	1859
3348	1954.2129926103453	1859
3349	1954.7991067602234	1861
3350	1955.3852024558882	1879
3351	1955.9712796660342	1861
3352	1956.557338359357	1866
3353	1957.1433785045504	1858
3354	1957.7294000703096	1851
3355	1958.3154030253295	1868
3356	1958.9013873383053	1883
3357	1959.4873529779316	1869
3358	1960.0732999129034	1869
3359	1960.6592281119151	1860
3360	1961.2451375436624	1861
3361	1961.831028176839	1856
3362	1962.416899980141	1851
3363	1963.0027529222623	1858
3364	1963.5885869718982	1855
3365	1964.1744020977435	1862
3366	1964.760198268493	1869
3367	1965.345975452842	1862
3368	1965.9317336194847	1855
3369	1966.517472737116	1857
3370	1967.1031927744314	1868
3371	1967.6888937001252	1871
3372	1968.2745754828923	1871
3373	1968.8602380914276	1881
3374	1969.4458814944264	1863
3375	1970.031505660583	1860
3376	1970.6171105585922	1841
3377	1971.2026961571496	1852
3378	1971.7882624249492	1863
3379	1972.3738093306868	1837
3380	1972.9593368430558	1856
3381	1973.5448449307526	1858
3382	1974.1303335624714	1857
3383	1974.7158027069067	1857
3384	1975.3012523327538	1859
3385	1975.886682408708	1854
3386	1976.4720929034634	1848
3387	1977.0574837857148	1854
3388	1977.6428550241578	1857
3389	1978.2282065874867	1851
3390	1978.8135384443965	1862
3391	1979.398850563582	1854
3392	1979.984142913738	1879
3393	1980.5694154635598	1870
3394	1981.1546681817417	1878
3395	1981.7399010369786	1856
3396	1982.325113997966	1852
3397	1982.9103070333983	1845
3398	1983.4954801119704	1853
3399	1984.0806332023767	1855
3400	1984.665766273313	1882
3401	1985.2508792934732	1860
3402	1985.835972231553	1885
3403	1986.421045056247	1874
3404	1987.0060977362496	1861
3405	1987.591130240256	1870
3406	1988.1761425369612	1877
3407	1988.76113459506	1871
3408	1989.3461063832472	1883
3409	1989.9310578702173	1870
3410	1990.515989024666	1874
3411	1991.1008998152874	1863
3412	1991.6857902107765	1869
3413	1992.2706601798286	1876
3414	1992.8555096911382	1859
3415	1993.4403387134	1845
3416	1994.0251472153093	1871
3417	1994.6099351655603	1883
3418	1995.1947025328489	1878
3419	1995.7794492858688	1866
3420	1996.3641753933157	1877
3421	1996.9488808238839	1881
3422	1997.5335655462688	1852
3423	1998.118229529165	1857
3424	1998.7028727412674	1862
3425	1999.2874951512708	1869
3426	1999.87209672787	1873
3427	2000.45667743976	1850
3428	2001.041237255635	1857
3429	2001.6257761441911	1866
3430	2002.2102940741222	1871
3431	2002.7947910141238	1843
3432	2003.3792669328905	1855
3433	2003.9637217991167	1848
3434	2004.5481555814977	1861
3435	2005.1325682487284	1854
3436	2005.7169597695035	1879
3437	2006.3013301125181	1892
3438	2006.885679246467	1870
3439	2007.4700071400448	1874
3440	2008.0543137619463	1865
3441	2008.6385990808667	1859
3442	2009.2228630655009	1872
3443	2009.8071056845436	1854
3444	2010.3913269066898	1857
3445	2010.9755267006337	1844
3446	2011.559705035071	1867
3447	2012.143861878696	1878
3448	2012.727997200204	1884
3449	2013.31211096829	1876
3450	2013.8962031516483	1861
3451	2014.4802737189736	1858
3452	2015.0643226389614	1856
3453	2015.6483498803063	1862
3454	2016.232355411703	1858
3455	2016.8163392018466	1863
3456	2017.400301219432	1872
3457	2017.984241433154	1879
3458	2018.5681598117073	1875
3459	2019.1520563237866	1850
3460	2019.7359309380877	1868
3461	2020.3197836233041	1855
3462	2020.903614348132	1870
3463	2021.487423081265	1876
3464	2022.0712097913986	1877
3465	2022.654974447228	1857
3466	2023.2387170174472	1862
3467	2023.8224374707518	1858
3468	2024.4061357758364	1866
3469	2024.989811901396	1860
3470	2025.573465816125	1849
3471	2026.1570974887188	1838
3472	2026.7407068878722	1868
3473	2027.3242939822799	1870
3474	2027.9078587406364	1866
3475	2028.491401131637	1843
3476	2029.074921123977	1851
3477	2029.65841868635	1859
3478	2030.241893787452	1861
3479	2030.8253463959777	1869
3480	2031.408776480621	1858
3481	2031.992184010078	1861
3482	2032.5755689530433	1874
3483	2033.1589312782114	1865
3484	2033.7422709542768	1860
3485	2034.3255879499354	1856
3486	2034.9088822338808	1863
3487	2035.4921537748091	1865
3488	2036.0754025414146	1858
3489	2036.6586285023918	1853
3490	2037.2418316264361	1854
3491	2037.8250118822427	1837
3492	2038.4081692385053	1840
3493	2038.9913036639196	1854
3494	2039.5744151271801	1857
3495	2040.1575035969822	1856
3496	2040.74056904202	1861
3497	2041.3236114309893	1861
3498	2041.9066307325838	1856
3499	2042.4896269154995	1861
3500	2043.0725999484303	1869
3501	2043.6555498000719	1865
3502	2044.2384764391186	1861
3503	2044.8213798342651	1862
3504	2045.404259954207	1853
3505	2045.9871167676386	1854
3506	2046.5699502432547	1856
3507	2047.1527603497502	1845
3508	2047.7355470558205	1865
3509	2048.3183103301603	1849
3510	2048.9010501414637	1848
3511	2049.4837664584265	1855
3512	2050.066459249743	1848
3513	2050.649128484108	1860
3514	2051.2317741302168	1854
3515	2051.814396156764	1857
3516	2052.3969945324443	1884
3517	2052.979569225953	1870
3518	2053.562120205985	1861
3519	2054.1446474412346	1867
3520	2054.7271509003967	1863
3521	2055.3096305521667	1864
3522	2055.8920863652393	1854
3523	2056.474518308309	1871
3524	2057.0569263500706	1874
3525	2057.6393104592194	1838
3526	2058.2216706044505	1860
3527	2058.804006754458	1843
3528	2059.3863188779374	1853
3529	2059.968606943583	1863
3530	2060.55087092009	1866
3531	2061.133110776153	1874
3532	2061.7153264804674	1858
3533	2062.2975180017274	1858
3534	2062.8796853086287	1853
3535	2063.461828369865	1867
3536	2064.0439471541326	1871
3537	2064.6260416301247	1856
3538	2065.2081117665375	1853
3539	2065.790157532065	1854
3540	2066.372178895403	1845
3541	2066.954175825246	1849
3542	2067.5361482902877	1864
3543	2068.118096259225	1862
3544	2068.700019700751	1861
3545	2069.2819185835615	1869
3546	2069.8637928763505	1870
3547	2070.4456425478143	1875
3548	2071.0274675666465	1862
3549	2071.6092679015424	1874
3550	2072.191043521197	1859
3551	2072.772794394305	1856
3552	2073.3545204895613	1845
3553	2073.9362217756607	1849
3554	2074.517898221298	1852
3555	2075.099549795168	1867
3556	2075.681176465966	1857
3557	2076.2627782023865	1847
3558	2076.844354973124	1864
3559	2077.4259067468747	1854
3560	2078.007433492332	1851
3561	2078.588935178191	1869
3562	2079.1704117731474	1850
3563	2079.7518632458955	1858
3564	2080.3332895651297	1874
3565	2080.9146906995456	1877
3566	2081.496066617838	1875
3567	2082.077417288702	1874
3568	2082.658742680831	1883
3569	2083.2400427629213	1852
3570	2083.821317503668	1858
3571	2084.4025668717645	1872
3572	2084.983790835907	1845
3573	2085.5649893647897	1866
3574	2086.146162427107	1863
3575	2086.7273099915546	1868
3576	2087.3084320268276	1867
3577	2087.88952850162	1867
3578	2088.4705993846273	1883
3579	2089.051644644544	1870
3580	2089.632664250065	1871
3581	2090.213658169885	1877
3582	2090.7946263727	1850
3583	2091.3755688272026	1862
3584	2091.95648550209	1853
3585	2092.5373763660555	1841
3586	2093.118241387795	1860
3587	2093.6990805360024	1852
3588	2094.279893779373	1873
3589	2094.860681086602	1861
3590	2095.441442426384	1861
3591	2096.0221777674137	1858
3592	2096.602887078386	1874
3593	2097.183570327996	1865
3594	2097.7642274849386	1866
3595	2098.344858517908	1859
3596	2098.9254633955998	1857
3597	2099.506042086709	1858
3598	2100.086594559929	1867
3599	2100.6671207839563	1868
3600	2101.247620727485	1857
3601	2101.8280943592104	1878
3602	2102.408541647827	1883
3603	2102.9889625620294	1864
3604	2103.5693570705134	1860
3605	2104.149725141973	1863
3606	2104.730066745103	1874
3607	2105.310381848599	1881
3608	2105.8906704211554	1868
3609	2106.4709324314667	1875
3610	2107.051167848229	1867
3611	2107.6313766401354	1857
3612	2108.211558775882	1877
3613	2108.7917142241636	1868
3614	2109.3718429536743	1860
3615	2109.9519449331106	1866
3616	2110.532020131165	1865
3617	2111.1120685165342	1876
3618	2111.692090057912	1872
3619	2112.2720847239943	1859
3620	2112.852052483475	1875
3621	2113.431993305049	1868
3622	2114.011907157412	1877
3623	2114.591794009258	1851
3624	2115.1716538292826	1865
3625	2115.75148658618	1862
3626	2116.3312922486452	1871
3627	2116.911070785374	1862
3628	2117.49082216506	1882
3629	2118.070546356398	1872
3630	2118.650243328084	1875
3631	2119.229913048812	1863
3632	2119.8095554872766	1873
3633	2120.389170612174	1864
3634	2120.9687583921977	1873
3635	2121.548318796043	1877
3636	2122.127851792405	1892
3637	2122.707357349979	1883
3638	2123.2868354374586	1882
3639	2123.8662860235395	1873
3640	2124.445709076916	1847
3641	2125.0251045662835	1838
3642	2125.604472460337	1852
3643	2126.1838127277706	1863
3644	2126.76312533728	1864
3645	2127.3424102575595	1882
3646	2127.9216674573045	1868
3647	2128.5008969052087	1857
3648	2129.0800985699684	1857
