Index	Intensity	Intensity
1	84.8958408169621	2207
2	85.3683223409273	2139
3	85.8408901889816	2165
4	86.31354432981983	2184
5	86.78628473213685	2139
6	87.25911136462754	2185
7	87.73202419598674	2150
8	88.20502319490933	2151
9	88.67810833009015	2128
10	89.15127957022408	2161
11	89.62453688400596	2182
12	90.09788024013066	2171
13	90.57130960729305	2169
14	91.04482495418799	2171
15	91.51842624951031	2173
16	91.9921134619549	2229
17	92.46588656021662	2123
18	92.93974551299031	2156
19	93.41369028897086	2157
20	93.8877208568531	2220
21	94.36183718533191	2167
22	94.83603924310214	2117
23	95.31032699885864	2063
24	95.78470042129631	2119
25	96.25915947910997	2091
26	96.7337041409945	2132
27	97.20833437564475	2144
28	97.6830501517556	2095
29	98.15785143802188	2109
30	98.63273820313847	2185
31	99.10771041580023	2225
32	99.58276804470202	2204
33	100.05791105853868	2125
34	100.5331394260051	2095
35	101.00845311579613	2096
36	101.48385209660663	2108
37	101.95933633713145	2105
38	102.43490580606546	2179
39	102.91056047210353	2164
40	103.38630030394049	2179
41	103.86212527027124	2128
42	104.3380353397906	2085
43	104.81403048119346	2096
44	105.29011066317467	2131
45	105.7662758544291	2183
46	106.24252602365158	2169
47	106.718861139537	2202
48	107.19528117078022	2133
49	107.67178608607608	2151
50	108.14837585411946	2140
51	108.6250504436052	2170
52	109.1018098232282	2187
53	109.57865396168327	2216
54	110.05558282766529	2227
55	110.53259638986914	2129
56	111.00969461698966	2187
57	111.4868774777217	2178
58	111.96414494076015	2204
59	112.44149697479985	2152
60	112.91893354853566	2173
61	113.39645463066246	2140
62	113.87406018987508	2179
63	114.3517501948684	2127
64	114.82952461433729	2135
65	115.30738341697658	2142
66	115.78532657148115	2099
67	116.26335404654586	2180
68	116.74146581086556	2153
69	117.21966183313512	2212
70	117.69794208204941	2178
71	118.17630652630328	2162
72	118.65475513459157	2132
73	119.13328787560917	2170
74	119.61190471805092	2147
75	120.09060563061169	2225
76	120.56939058198635	2146
77	121.04825954086975	2175
78	121.52721247595674	2109
79	122.0062493559422	2123
80	122.48537014952097	2119
81	122.96457482538794	2102
82	123.44386335223794	2100
83	123.92323569876585	2117
84	124.40269183366651	2121
85	124.8822317256348	2142
86	125.36185534336556	2188
87	125.84156265555367	2191
88	126.32135363089401	2175
89	126.80122823808139	2134
90	127.28118644581068	2090
91	127.76122822277677	2114
92	128.2413535376745	2164
93	128.72156235919874	2093
94	129.20185465604436	2159
95	129.68223039690616	2149
96	130.1626895504791	2216
97	130.64323208545795	2142
98	131.1238579705376	2103
99	131.60456717441295	2165
100	132.0853596657788	2207
101	132.56623541333005	2174
102	133.04719438576154	2162
103	133.52823655176817	2155
104	134.00936188004474	2149
105	134.49057033928614	2133
106	134.97186189818723	2094
107	135.45323652544286	2079
108	135.93469418974792	2130
109	136.4162348597972	2103
110	136.89785850428567	2147
111	137.3795650919081	2128
112	137.86135459135937	2186
113	138.3432269713344	2174
114	138.82518220052796	2111
115	139.30722024763494	2088
116	139.78934108135024	2058
117	140.27154467036868	2133
118	140.75383098338514	2192
119	141.23619998909447	2150
120	141.71865165619153	2145
121	142.20118595337118	2140
122	142.6838028493283	2119
123	143.1665023127577	2109
124	143.64928431235433	2096
125	144.13214881681293	2144
126	144.61509579482845	2136
127	145.09812521509573	2147
128	145.58123704630964	2170
129	146.06443125716498	2145
130	146.5477078163567	2128
131	147.0310666925796	2083
132	147.51450785452857	2113
133	147.99803127089845	2133
134	148.4816369103841	2130
135	148.96532474168038	2091
136	149.44909473348218	2128
137	149.93294685448433	2136
138	150.41688107338166	2154
139	150.90089735886912	2118
140	151.3849956796415	2107
141	151.86917600439367	2138
142	152.35343830182052	2137
143	152.83778254061687	2205
144	153.3222086894776	2154
145	153.80671671709757	2197
146	154.29130659217168	2226
147	154.7759782833947	2193
148	155.26073175946158	2160
149	155.7455669890671	2152
150	156.2304839409062	2101
151	156.7154825836737	2092
152	157.2005628860644	2105
153	157.6857248167733	2145
154	158.17096834449512	2184
155	158.65629343792483	2168
156	159.14170006575722	2183
157	159.6271881966872	2201
158	160.1127577994096	2211
159	160.59840884261928	2166
160	161.08414129501108	2153
161	161.56995512527988	2142
162	162.05585030212058	2127
163	162.541826794228	2091
164	163.027884570297	2182
165	163.51402359902244	2193
166	164.0002438490992	2133
167	164.4865452892221	2143
168	164.97292788808608	2144
169	165.45939161438588	2168
170	165.94593643681645	2225
171	166.43256232407265	2166
172	166.91926924484932	2220
173	167.40605716784128	2140
174	167.89292606174348	2132
175	168.37987589525068	2141
176	168.8669066370578	2165
177	169.35401825585973	2102
178	169.84121072035123	2155
179	170.32848399922727	2140
180	170.81583806118266	2182
181	171.30327287491224	2127
182	171.79078840911086	2156
183	172.2783846324735	2172
184	172.76606151369484	2160
185	173.25381902146987	2159
186	173.74165712449343	2183
187	174.22957579146032	2178
188	174.71757499106548	2198
189	175.20565469200372	2205
190	175.69381486296993	2128
191	176.18205547265893	2120
192	176.6703764897656	2201
193	177.15877788298482	2155
194	177.64725962101144	2127
195	178.13582167254032	2089
196	178.6244640062663	2164
197	179.11318659088425	2124
198	179.60198939508905	2158
199	180.09087238757553	2086
200	180.57983553703858	2123
201	181.068878812173	2137
202	181.55800218167377	2141
203	182.04720561423565	2109
204	182.53648907855353	2178
205	183.02585254332226	2165
206	183.51529597723672	2105
207	184.00481934899176	2085
208	184.4944226272822	2122
209	184.98410578080296	2088
210	185.4738687782489	2108
211	185.96371158831488	2072
212	186.45363417969568	2127
213	186.94363652108626	2112
214	187.43371858118144	2146
215	187.92388032867603	2127
216	188.41412173226502	2205
217	188.90444276064312	2203
218	189.39484338250531	2152
219	189.8853235665464	2109
220	190.3758832814612	2146
221	190.86652249594468	2129
222	191.35724117869162	2157
223	191.8480392983969	2204
224	192.33891682375543	2164
225	192.82987372346196	2098
226	193.32090996621145	2119
227	193.8120255206987	2106
228	194.3032203556186	2084
229	194.79449443966604	2124
230	195.2858477415358	2123
231	195.7772802299228	2083
232	196.2687918735219	2082
233	196.76038264102795	2124
234	197.25205250113578	2155
235	197.7438014225403	2156
236	198.23562937393632	2224
237	198.72753632401873	2153
238	199.21952224148242	2166
239	199.7115870950222	2181
240	200.20373085333296	2187
241	200.69595348510956	2193
242	201.18825495904682	2151
243	201.68063524383962	2127
244	202.17309430818284	2099
245	202.66563212077133	2151
246	203.15824865029998	2133
247	203.6509438654636	2147
248	204.14371773495705	2107
249	204.63657022747523	2115
250	205.129501311713	2107
251	205.62251095636515	2118
252	206.1155991301266	2198
253	206.60876580169224	2173
254	207.1020109397569	2112
255	207.59533451301542	2061
256	208.08873649016266	2154
257	208.58221683989348	2171
258	209.07577553090277	2160
259	209.5694125318854	2079
260	210.06312781153616	2104
261	210.55692133854996	2114
262	211.0507930816217	2151
263	211.54474300944614	2162
264	212.03877109071823	2115
265	212.5328772941328	2121
266	213.02706158838464	2163
267	213.52132394216875	2152
268	214.0156643241799	2132
269	214.51008270311297	2106
270	215.0045790476628	2132
271	215.49915332652427	2170
272	215.99380550839226	2104
273	216.48853556196156	2094
274	216.98334345592713	2077
275	217.47822915898377	2068
276	217.97319263982632	2099
277	218.4682338671497	2113
278	218.9633528096487	2126
279	219.45854943601825	2122
280	219.95382371495316	2152
281	220.44917561514836	2116
282	220.94460510529865	2151
283	221.44011215409887	2145
284	221.93569673024388	2098
285	222.43135880242863	2082
286	222.92709833934794	2062
287	223.42291530969658	2123
288	223.91880968216952	2063
289	224.41478142546157	2089
290	224.91083050826762	2119
291	225.40695689928253	2076
292	225.9031605672011	2096
293	226.39944148071828	2123
294	226.89579960852888	2091
295	227.39223491932768	2145
296	227.8887473818097	2182
297	228.3853369646697	2194
298	228.88200363660263	2131
299	229.37874736630323	2195
300	229.8755681224664	2221
301	230.37246587378706	2166
302	230.86944058896	2158
303	231.36649223668013	2088
304	231.86362078564224	2082
305	232.3608262045413	2132
306	232.85810846207204	2134
307	233.35546752692943	2192
308	233.85290336780832	2217
309	234.35041595340346	2170
310	234.84800525240985	2229
311	235.3456712335223	2167
312	235.8434138654356	2126
313	236.3412331168447	2140
314	236.83912895644443	2163
315	237.3371013529296	2149
316	237.83515027499521	2108
317	238.33327569133598	2104
318	238.83147757064683	2059
319	239.32975588162265	2048
320	239.82811059295824	2077
321	240.32654167334846	2142
322	240.82504909148815	2103
323	241.3236328160723	2145
324	241.82229281579566	2119
325	242.32102905935307	2091
326	242.81984151543946	2113
327	243.3187301527497	2186
328	243.8176949399786	2199
329	244.31673584582097	2145
330	244.8158528389718	2160
331	245.3150458881259	2149
332	245.81431496197808	2172
333	246.31366002922323	2151
334	246.81308105855624	2139
335	247.3125780186719	2109
336	247.8121508782652	2096
337	248.31179960603083	2158
338	248.8115241706638	2097
339	249.31132454085883	2142
340	249.81120068531095	2127
341	250.3111525727149	2128
342	250.81118017176556	2119
343	251.31128345115775	2117
344	251.81146237958643	2088
345	252.3117169257464	2082
346	252.81204705833255	2086
347	253.3124527460397	2116
348	253.81293395756273	2136
349	254.31349066159652	2086
350	254.8141228268359	2131
351	255.31483042197573	2141
352	255.8156134157109	2127
353	256.3164717767362	2120
354	256.8174054737466	2144
355	257.3184144754369	2151
356	257.8194987505019	2105
357	258.3206582676366	2129
358	258.8218929955358	2183
359	259.32320290289425	2119
360	259.824587958407	2140
361	260.32604813076875	2137
362	260.8275833886744	2094
363	261.3291937008189	2126
364	261.830879035897	2153
365	262.33263936260363	2133
366	262.83447464963365	2211
367	263.33638486568185	2078
368	263.83836997944314	2059
369	264.3404299596124	2119
370	264.84256477488447	2111
371	265.3447743939542	2106
372	265.8470587855164	2115
373	266.34941791826606	2113
374	266.85185176089794	2105
375	267.35436028210694	2156
376	267.8569434505879	2189
377	268.3596012350357	2173
378	268.8623336041452	2146
379	269.3651405266112	2100
380	269.86802197112866	2112
381	270.3709779063924	2179
382	270.8740083010972	2141
383	271.37711312393805	2143
384	271.88029234360977	2159
385	272.3835459288071	2140
386	272.8868738482251	2094
387	273.3902760705585	2101
388	273.89375256450217	2162
389	274.397303298751	2199
390	274.90092824199985	2240
391	275.4046273629436	2172
392	275.9084006302771	2144
393	276.4122480126951	2104
394	276.91616947889264	2109
395	277.4201649975645	2163
396	277.9242345374055	2170
397	278.4283780671105	2153
398	278.9325955553744	2152
399	279.4368869708921	2131
400	279.9412522823584	2102
401	280.44569145846816	2085
402	280.9502044679163	2115
403	281.4547912793976	2088
404	281.95945186160696	2097
405	282.46418618323924	2044
406	282.9689942129893	2060
407	283.473875919552	2055
408	283.9788312716222	2104
409	284.48386023789476	2109
410	284.9889627870645	2122
411	285.49413888782635	2106
412	285.9993885088752	2115
413	286.50471161890573	2133
414	287.010108186613	2150
415	287.51557818069176	2237
416	288.0211215698369	2179
417	288.5267383227433	2162
418	289.03242840810583	2164
419	289.53819179461925	2192
420	290.04402845097854	2153
421	290.5499383458785	2136
422	291.055921448014	2140
423	291.56197772607993	2158
424	292.06810714877105	2171
425	292.57430968478235	2154
426	293.08058530280863	2119
427	293.58693397154474	2117
428	294.0933556596856	2117
429	294.59985033592596	2164
430	295.1064179689607	2111
431	295.61305852748484	2193
432	296.1197719801931	2191
433	296.62655829578034	2188
434	297.13341744294144	2118
435	297.6403493903713	2127
436	298.1473541067647	2108
437	298.6544315608166	2155
438	299.16158172122175	2168
439	299.66880455667507	2121
440	300.17610003587146	2072
441	300.6834681275057	2129
442	301.1909088002727	2149
443	301.69842202286736	2131
444	302.2060077639844	2226
445	302.71366599231885	2175
446	303.22139667656546	2124
447	303.7291997854191	2167
448	304.23707528757467	2179
449	304.74502315172697	2171
450	305.25304334657096	2130
451	305.7611358408014	2099
452	306.2693006031132	2077
453	306.7775376022012	2146
454	307.28584680676033	2120
455	307.79422818548534	2127
456	308.30268170707114	2117
457	308.8112073402126	2114
458	309.31980505360457	2122
459	309.82847481594195	2113
460	310.33721659591953	2153
461	310.84603036223217	2123
462	311.35491608357484	2112
463	311.86387372864226	2142
464	312.3729032661294	2139
465	312.8820046647311	2119
466	313.3911778931421	2063
467	313.9004229200574	2099
468	314.40973971417185	2109
469	314.91912824418023	2113
470	315.42858847877744	2143
471	315.9381203866584	2123
472	316.4477239365179	2133
473	316.9573990970508	2141
474	317.467145836952	2137
475	317.9769641249163	2085
476	318.48685392963864	2129
477	318.9968152198138	2073
478	319.5068479641367	2042
479	320.01695213130216	2037
480	320.5271276900051	2100
481	321.0373746089403	2107
482	321.5476928568027	2089
483	322.0580824022871	2118
484	322.5685432140884	2167
485	323.0790752609014	2146
486	323.589678511421	2094
487	324.1003529343421	2149
488	324.61109849835947	2140
489	325.1219151721681	2110
490	325.6328029244627	2159
491	326.1437617239382	2162
492	326.65479153928953	2122
493	327.16589233921144	2125
494	327.67706409239884	2095
495	328.1883067675466	2121
496	328.6996203333495	2124
497	329.21100475850255	2091
498	329.7224600117005	2112
499	330.2339860616382	2055
500	330.7455828770106	2088
501	331.2572504265124	2174
502	331.76898867883864	2179
503	332.2807976026841	2185
504	332.79267716674366	2152
505	333.30462733971217	2142
506	333.81664809028445	2110
507	334.32873938715545	2167
508	334.8409011990199	2147
509	335.35313349457283	2116
510	335.86543624250896	2111
511	336.37780941152323	2097
512	336.8902529703104	2117
513	337.40276688756546	2117
514	337.91535113198324	2122
515	338.4280056722585	2151
516	338.94073047708616	2148
517	339.4535255151611	2176
518	339.9663907551782	2125
519	340.47932616583233	2095
520	340.9923317158183	2116
521	341.5054073738309	2132
522	342.01855310856513	2151
523	342.53176888871576	2131
524	343.04505468297776	2138
525	343.5584104600458	2114
526	344.07183618861495	2101
527	344.5853318373799	2090
528	345.0988973750356	2071
529	345.61253277027697	2103
530	346.1262379917987	2183
531	346.6400130082958	2121
532	347.15385778846303	2072
533	347.6677723009953	2136
534	348.1817565145875	2139
535	348.69581039793445	2111
536	349.20993391973104	2122
537	349.7241270486721	2090
538	350.2383897534524	2140
539	350.752722002767	2156
540	351.2671237653106	2140
541	351.78159500977813	2083
542	352.29613570486447	2098
543	352.8107458192644	2091
544	353.32542532167287	2093
545	353.8401741807847	2122
546	354.3549923652947	2096
547	354.8698798438978	2195
548	355.38483658528884	2144
549	355.8998625581627	2176
550	356.4149577312142	2107
551	356.93012207313825	2076
552	357.4453555526297	2135
553	357.96065813838334	2130
554	358.4760297990941	2109
555	358.9914705034568	2098
556	359.5069802201663	2104
557	360.02255891791754	2068
558	360.53820656540535	2039
559	361.0539231313245	2057
560	361.5697085843699	2138
561	362.08556289323644	2138
562	362.601486026619	2116
563	363.11747795321236	2090
564	363.6335386417115	2110
565	364.1496680608111	2123
566	364.66586617920615	2130
567	365.1821329655915	2118
568	365.69846838866204	2150
569	366.21487241711253	2139
570	366.7313450196379	2112
571	367.247886164933	2048
572	367.7644958216927	2106
573	368.2811739586118	2093
574	368.79792054438525	2077
575	369.31473554770787	2020
576	369.8316189372745	2054
577	370.34857068178	2132
578	370.8655907499193	2108
579	371.3826791103872	2083
580	371.89983573187857	2102
581	372.41706058308824	2074
582	372.9343536327111	2121
583	373.45171484944206	2184
584	373.9691442019759	2162
585	374.48664165900743	2129
586	375.0042071892317	2134
587	375.5218407613434	2112
588	376.0395423440375	2129
589	376.5573119060088	2069
590	377.0751494159521	2076
591	377.5930548425624	2176
592	378.11102815453455	2130
593	378.62906932056325	2149
594	379.1471783093435	2124
595	379.6653550895701	2098
596	380.183599629938	2077
597	380.7019118991419	2067
598	381.22029186587685	2051
599	381.73873949883756	2018
600	382.257254766719	2104
601	382.7758376382159	2097
602	383.2944880820232	2079
603	383.8132060668358	2112
604	384.3319915613485	2108
605	384.8508445342561	2088
606	385.36976495425364	2094
607	385.8887527900359	2042
608	386.40780801029763	2094
609	386.9269305837338	2090
610	387.4461204790393	2054
611	387.96537766490883	2040
612	388.48470211003746	2122
613	389.0040937831199	2150
614	389.5235526528511	2121
615	390.04307868792586	2103
616	390.56267185703905	2138
617	391.0823321288855	2112
618	391.6020594721602	2066
619	392.12185385555784	2078
620	392.6417152477734	2101
621	393.16164361750174	2093
622	393.6816389334376	2094
623	394.20170116427596	2104
624	394.72183027871165	2091
625	395.2420262454395	2073
626	395.76228903315445	2126
627	396.2826186105512	2117
628	396.8030149463248	2110
629	397.32347800917	2139
630	397.84400776778165	2145
631	398.3646041908547	2158
632	398.88526724708396	2178
633	399.4059969051642	2187
634	399.92679313379045	2153
635	400.44765590165747	2059
636	400.9685851774601	2029
637	401.48958092989324	2052
638	402.0106431276518	2125
639	402.5317717394305	2125
640	403.05296673392434	2191
641	403.5742280798282	2155
642	404.09555574583675	2143
643	404.61694970064497	2063
644	405.13840991294774	2040
645	405.6599363514399	2084
646	406.18152898481634	2125
647	406.7031877817719	2101
648	407.22491271100137	2176
649	407.7467037411997	2141
650	408.26856084106174	2086
651	408.7904839792823	2096
652	409.3124731245563	2082
653	409.8345282455785	2164
654	410.3566493110439	2129
655	410.87883628964727	2118
656	411.4010891500835	2082
657	411.92340786104745	2135
658	412.44579239123397	2135
659	412.96824270933786	2079
660	413.4907587840541	2074
661	414.01334058407747	2117
662	414.5359880781029	2090
663	415.05870123482515	2118
664	415.58148002293916	2124
665	416.10432441113977	2078
666	416.62723436812183	2133
667	417.1502098625802	2089
668	417.6732508632097	2085
669	418.1963573387053	2068
670	418.7195292577618	2042
671	419.242766589074	2116
672	419.76606930133687	2172
673	420.2894373632452	2122
674	420.8128707434938	2173
675	421.3363694107777	2129
676	421.8599333337916	2137
677	422.38356248123046	2065
678	422.9072568217891	2133
679	423.43101632416233	2141
680	423.95484095704506	2153
681	424.4787306891322	2111
682	425.0026854891185	2135
683	425.5267053256989	2152
684	426.05079016756827	2123
685	426.57493998342136	2049
686	427.0991547419532	2121
687	427.6234344118585	2114
688	428.1477789618322	2079
689	428.6721883605692	2094
690	429.1966625767642	2087
691	429.72120157911223	2065
692	430.2458053363081	2085
693	430.7704738170466	2119
694	431.2952069900227	2075
695	431.82000482393113	2051
696	432.34486728746685	2108
697	432.8697943493247	2063
698	433.3947859781995	2074
699	433.9198421427862	2113
700	434.44496281177953	2088
701	434.9701479538745	2132
702	435.49539753776594	2110
703	436.02071153214854	2126
704	436.5460899057174	2111
705	437.0715326271672	2066
706	437.5970396651929	2086
707	438.1226109884892	2091
708	438.6482465657512	2077
709	439.17394636567366	2123
710	439.6997103569514	2142
711	440.2255385082793	2070
712	440.75143078835225	2063
713	441.27738716586515	2134
714	441.80340760951265	2146
715	442.3294920879899	2112
716	442.8556405699915	2127
717	443.3818530242125	2172
718	443.90812941934763	2153
719	444.4344697240919	2105
720	444.96087390714007	2090
721	445.48734193718695	2067
722	446.0138737829275	2033
723	446.5404694130565	2045
724	447.0671287962689	2099
725	447.5938519012595	2092
726	448.1206386967231	2111
727	448.64748915135476	2098
728	449.1744032338491	2059
729	449.7013809129012	2108
730	450.2284221572057	2153
731	450.7555269354577	2067
732	451.2826952163518	2145
733	451.80992696858306	2108
734	452.3372221608463	2171
735	452.86458076183635	2148
736	453.392002740248	2112
737	453.9194880647762	2130
738	454.4470367041159	2120
739	454.97464862696177	2105
740	455.5023238020088	2093
741	456.03006219795174	2056
742	456.5578637834856	2082
743	457.0857285273051	2043
744	457.6136563981052	2113
745	458.1416473645807	2083
746	458.66970139542644	2063
747	459.1978184593374	2100
748	459.72599852500827	2111
749	460.254241561134	2132
750	460.7825475364095	2110
751	461.3109164195296	2107
752	461.83934817918913	2078
753	462.3678427840829	2071
754	462.89640020290585	2120
755	463.4250204043529	2071
756	463.9537033571187	2114
757	464.4824490298983	2077
758	465.01125739138655	2106
759	465.54012841027816	2086
760	466.06906205526815	2058
761	466.5980582950514	2011
762	467.1271170983226	2097
763	467.65623843377676	2072
764	468.18542227010863	2059
765	468.71466857601314	2075
766	469.24397732018514	2173
767	469.7733484713195	2126
768	470.302781998111	2122
769	470.83227786925465	2049
770	471.3618360534452	2046
771	471.8914565193775	2117
772	472.4211392357464	2085
773	472.9508841712469	2138
774	473.4806912945738	2104
775	474.0105605744218	2060
776	474.540491979486	2141
777	475.070485478461	2181
778	475.60054104004195	2082
779	476.1306586329236	2050
780	476.66083822580066	2044
781	477.19107978736815	2043
782	477.72138328632093	2049
783	478.2517486913537	2033
784	478.78217597116156	2059
785	479.3126650944392	2083
786	479.84321602988155	2078
787	480.37382874618345	2197
788	480.90450321203974	2174
789	481.43523939614533	2060
790	481.9660372671951	2107
791	482.4968967938837	2106
792	483.02781794490625	2095
793	483.5588006889575	2088
794	484.0898449947324	2148
795	484.6209508309256	2087
796	485.1521181662322	2047
797	485.68334696934687	2084
798	486.21463720896463	2057
799	486.7459888537802	2102
800	487.27740187248855	2036
801	487.8088762337844	2081
802	488.3404119063628	2109
803	488.8720088589185	2057
804	489.4036670601464	2012
805	489.9353864787413	2041
806	490.46716708339807	2101
807	490.9990088428117	2115
808	491.5309117256769	2136
809	492.0628757006885	2167
810	492.59490073654143	2124
811	493.1269868019307	2070
812	493.65913386555087	2114
813	494.1913418960971	2123
814	494.723610862264	2136
815	495.25594073274664	2148
816	495.78833147623965	2097
817	496.3207830614381	2174
818	496.8532954570367	2092
819	497.38586863173055	2049
820	497.9185025542141	2045
821	498.45119719318257	2104
822	498.98395251733075	2113
823	499.51676849535346	2067
824	500.0496450959455	2114
825	500.5825822878017	2090
826	501.1155800396171	2076
827	501.64863832008643	2086
828	502.18175709790466	2085
829	502.7149363417665	2093
830	503.24817602036694	2143
831	503.7814761024007	2119
832	504.31483655656274	2135
833	504.84825735154794	2115
834	505.38173845605104	2089
835	505.9152798387671	2125
836	506.4488814683908	2161
837	506.98254331361716	2108
838	507.5162653431408	2127
839	508.0500475256568	2087
840	508.58388982985997	2100
841	509.11779222444505	2132
842	509.6517546781071	2092
843	510.18577715954086	2113
844	510.7198596374412	2125
845	511.25400208050297	2192
846	511.788204457421	2153
847	512.3224667368903	2106
848	512.8567888876055	2092
849	513.3911708782616	2111
850	513.9256126775537	2107
851	514.4601142541761	2090
852	514.9946755768241	2111
853	515.5292966141924	2100
854	516.0639773349759	2076
855	516.5987177078695	2073
856	517.1335177015679	2119
857	517.6683772847663	2095
858	518.2032964261591	2114
859	518.7382750944415	2084
860	519.2733132583082	2136
861	519.8084108864541	2141
862	520.3435679475741	2143
863	520.8787844103631	2110
864	521.4140602435158	2070
865	521.9493954157272	2107
866	522.4847898956921	2128
867	523.0202436521054	2105
868	523.5557566536619	2091
869	524.0913288690565	2100
870	524.626960266984	2111
871	525.1626508161395	2080
872	525.6984004852175	2133
873	526.234209242913	2160
874	526.770077057921	2111
875	527.3060038989362	2135
876	527.8419897346537	2165
877	528.3780345337678	2069
878	528.9141382649741	2079
879	529.450300896967	2045
880	529.9865223984414	2077
881	530.5228027380922	2115
882	531.0591418846143	2079
883	531.5955398067026	2067
884	532.1319964730519	2099
885	532.6685118523569	2108
886	533.2050859133127	2064
887	533.7417186246141	2072
888	534.2784099549561	2098
889	534.8151598730332	2132
890	535.3519683475405	2104
891	535.8888353471729	2081
892	536.4257608406251	2096
893	536.9627447965921	2100
894	537.4997871837686	2116
895	538.0368879708495	2120
896	538.57404712653	2120
897	539.1112646195045	2135
898	539.6485404184681	2130
899	540.1858744921155	2129
900	540.7232668091418	2126
901	541.2607173382416	2080
902	541.79822604811	2177
903	542.3357929074417	2137
904	542.8734178849315	2081
905	543.4111009492746	2118
906	543.9488420691655	2108
907	544.4866412132991	2120
908	545.0244983503704	2082
909	545.5624134490743	2144
910	546.1003864781055	2127
911	546.6384174061589	2073
912	547.1765062019294	2037
913	547.7146528341118	2105
914	548.2528572714011	2114
915	548.791119482492	2056
916	549.3294394360795	2058
917	549.8678171008582	2081
918	550.4062524455235	2096
919	550.9447454387696	2134
920	551.4832960492919	2130
921	552.0219042457849	2091
922	552.5605699969435	2077
923	553.0992932714628	2053
924	553.6380740380374	2125
925	554.1769122653624	2047
926	554.7158079221324	2034
927	555.2547609770425	2111
928	555.7937713987874	2093
929	556.332839156062	2101
930	556.8719642175612	2105
931	557.4111465519798	2117
932	557.9503861280127	2112
933	558.4896829143548	2076
934	559.0290368797008	2090
935	559.5684479927459	2093
936	560.1079162221845	2115
937	560.6474415367118	2153
938	561.1870239050226	2083
939	561.7266632958116	2111
940	562.2663596777738	2047
941	562.8061130196041	2026
942	563.3459232899972	2091
943	563.8857904576481	2107
944	564.4257144912517	2164
945	564.9656953595028	2188
946	565.5057330310962	2115
947	566.0458274747266	2081
948	566.5859786590893	2129
949	567.1261865528788	2207
950	567.66645112479	2115
951	568.206772343518	2073
952	568.7471501777575	2062
953	569.2875845962033	2048
954	569.8280755675503	2092
955	570.3686230604933	2060
956	570.9092270437275	2076
957	571.4498874859472	2109
958	571.9906043558477	2071
959	572.5313776221238	2036
960	573.0722072534702	2066
961	573.6130932185819	2122
962	574.1540354861536	2095
963	574.6950340248803	2044
964	575.2360888034568	2035
965	575.7771997905782	2061
966	576.3183669549388	2102
967	576.859590265234	2107
968	577.4008696901585	2105
969	577.9422051984069	2117
970	578.4835967586746	2095
971	579.0250443396559	2069
972	579.566547910046	2154
973	580.1081074385396	2078
974	580.6497228938317	2075
975	581.1913942446171	2113
976	581.7331214595906	2146
977	582.2749045074471	2095
978	582.8167433568815	2148
979	583.3586379765886	2103
980	583.9005883352633	2120
981	584.4425944016004	2073
982	584.9846561442948	2187
983	585.5267735320415	2111
984	586.0689465335352	2132
985	586.6111751174707	2130
986	587.153459252543	2147
987	587.6957989074468	2138
988	588.2381940508773	2158
989	588.780644651529	2129
990	589.3231506780969	2138
991	589.8657120992758	2123
992	590.4083288837606	2096
993	590.9510010002462	2094
994	591.4937284174275	2104
995	592.0365111039993	2192
996	592.5793490286563	2174
997	593.1222421600936	2167
998	593.6651904670061	2167
999	594.2081939180883	2115
1000	594.7512524820355	2131
1001	595.2943661275423	2121
1002	595.8375348233035	2120
1003	596.3807585380142	2099
1004	596.924037240369	2121
1005	597.467370899063	2159
1006	598.010759482791	2177
1007	598.5542029602477	2135
1008	599.0977013001282	2138
1009	599.6412544711271	2197
1010	600.1848624419395	2214
1011	600.72852518126	2180
1012	601.2722426577837	2128
1013	601.8160148402054	2154
1014	602.35984169722	2192
1015	602.9037231975223	2163
1016	603.4476593098071	2158
1017	603.9916500027692	2181
1018	604.5356952451039	2234
1019	605.0797950055055	2188
1020	605.6239492526691	2190
1021	606.1681579552896	2180
1022	606.7124210820617	2199
1023	607.2567386016806	2208
1024	607.8011104828408	2217
1025	608.3455366942374	2213
1026	608.8900172045651	2181
1027	609.4345519825188	2247
1028	609.9791409967934	2247
1029	610.5237842160838	2238
1030	611.0684816090846	2173
1031	611.613233144491	2201
1032	612.1580387909978	2221
1033	612.7028985172997	2252
1034	613.2478122920918	2239
1035	613.7927800840686	2250
1036	614.3378018619252	2234
1037	614.8828775943565	2168
1038	615.4280072500571	2191
1039	615.9731907977222	2206
1040	616.5184282060466	2190
1041	617.0637194437248	2188
1042	617.6090644794522	2185
1043	618.1544632819233	2194
1044	618.6999158198329	2181
1045	619.2454220618762	2248
1046	619.7909819767478	2225
1047	620.3365955331425	2217
1048	620.8822626997554	2268
1049	621.4279834452813	2326
1050	621.973757738415	2321
1051	622.5195855478513	2346
1052	623.0654668422851	2332
1053	623.6114015904113	2342
1054	624.1573897609248	2270
1055	624.7034313225205	2281
1056	625.249526243893	2332
1057	625.7956744937375	2306
1058	626.3418760407485	2306
1059	626.8881308536211	2344
1060	627.4344389010502	2332
1061	627.9808001517306	2329
1062	628.5272145743569	2364
1063	629.0736821376244	2360
1064	629.6202028102276	2351
1065	630.1667765608618	2439
1066	630.7134033582213	2415
1067	631.2600831710013	2466
1068	631.8068159678967	2437
1069	632.3536017176021	2439
1070	632.9004403888126	2446
1071	633.4473319502229	2398
1072	633.994276370528	2447
1073	634.5412736184227	2470
1074	635.0883236626019	2480
1075	635.6354264717603	2459
1076	636.182582014593	2477
1077	636.7297902597946	2507
1078	637.2770511760601	2525
1079	637.8243647320845	2573
1080	638.3717308965624	2652
1081	638.9191496381889	2642
1082	639.4666209256585	2623
1083	640.0141447276666	2621
1084	640.5617210129076	2641
1085	641.1093497500765	2610
1086	641.6570309078681	2732
1087	642.2047644549775	2636
1088	642.7525503600993	2656
1089	643.3003885919286	2726
1090	643.8482791191599	2775
1091	644.3962219104885	2747
1092	644.9442169346089	2765
1093	645.4922641602162	2790
1094	646.0403635560051	2821
1095	646.5885150906704	2832
1096	647.1367187329073	2890
1097	647.6849744514103	2894
1098	648.2332822148745	2922
1099	648.7816419919945	2935
1100	649.3300537514656	2993
1101	649.8785174619821	2974
1102	650.4270330922394	3026
1103	650.9756006109319	3058
1104	651.5242199867547	3060
1105	652.0728911884027	3137
1106	652.6216141845706	3142
1107	653.1703889439535	3177
1108	653.7192154352459	3254
1109	654.2680936271429	3248
1110	654.8170234883395	3279
1111	655.3660049875303	3362
1112	655.9150380934102	3381
1113	656.464122774674	3424
1114	657.0132590000169	3441
1115	657.5624467381334	3525
1116	658.1116859577185	3568
1117	658.6609766274671	3621
1118	659.210318716074	3732
1119	659.7597121922339	3767
1120	660.309157024642	3789
1121	660.858653181993	3882
1122	661.4082006329816	3966
1123	661.957799346303	3960
1124	662.5074492906517	4075
1125	663.0571504347229	4199
1126	663.6069027472112	4160
1127	664.1567061968115	4211
1128	664.7065607522188	4208
1129	665.2564663821278	4366
1130	665.8064230552334	4437
1131	666.3564307402306	4521
1132	666.9064894058141	4572
1133	667.4565990206788	4609
1134	668.0067595535197	4711
1135	668.5569709730313	4749
1136	669.1072332479089	4799
1137	669.657546346847	4883
1138	670.2079102385408	4884
1139	670.7583248916848	4936
1140	671.3087902749741	4962
1141	671.8593063571035	5013
1142	672.4098731067679	5085
1143	672.960490492662	5162
1144	673.5111584834809	5143
1145	674.0618770479193	5125
1146	674.612646154672	5109
1147	675.163465772434	5114
1148	675.7143358699003	5153
1149	676.2652564157654	5160
1150	676.8162273787242	5153
1151	677.3672487274719	5200
1152	677.9183204307033	5203
1153	678.4694424571128	5161
1154	679.0206147753958	5119
1155	679.5718373542468	5122
1156	680.1231101623608	5130
1157	680.6744331684328	5103
1158	681.2258063411574	5105
1159	681.7772296492296	5023
1160	682.3287030613442	4925
1161	682.8802265461962	4958
1162	683.4318000724803	4859
1163	683.9834236088915	4828
1164	684.5350971241245	4848
1165	685.0868205868743	5085
1166	685.6385939658356	4940
1167	686.1904172297035	4891
1168	686.7422903471726	4768
1169	687.294213286938	4638
1170	687.8461860176943	4650
1171	688.3982085081367	4642
1172	688.9502807269597	4628
1173	689.5024026428583	4600
1174	690.0545742245274	4515
1175	690.6067954406619	4504
1176	691.1590662599567	4483
1177	691.7113866511065	4513
1178	692.2637565828062	4425
1179	692.8161760237507	4386
1180	693.3686449426348	4478
1181	693.9211633081534	4396
1182	694.4737310890014	4386
1183	695.0263482538737	4319
1184	695.579014771465	4304
1185	696.1317306104703	4361
1186	696.6844957395843	4268
1187	697.2373101275022	4321
1188	697.7901737429183	4338
1189	698.3430865545281	4307
1190	698.8960485310259	4333
1191	699.4490596411069	4324
1192	700.0021198534661	4322
1193	700.5552291367978	4313
1194	701.1083874597974	4347
1195	701.6615947911594	4324
1196	702.2148510995789	4257
1197	702.7681563537507	4285
1198	703.3215105223695	4287
1199	703.8749135741303	4262
1200	704.4283654777281	4328
1201	704.9818662018577	4291
1202	705.5354157152135	4292
1203	706.089013986491	4239
1204	706.6426609843849	4179
1205	707.1963566775897	4229
1206	707.7501010348007	4167
1207	708.3038940247123	4260
1208	708.8577356160199	4225
1209	709.4116257774181	4209
1210	709.9655644776016	4173
1211	710.5195516852655	4227
1212	711.0735873691045	4144
1213	711.6276714978136	4129
1214	712.1818040400876	4092
1215	712.7359849646214	4150
1216	713.2902142401098	4127
1217	713.8444918352476	4076
1218	714.3988177187298	4018
1219	714.9531918592511	4023
1220	715.5076142255066	4000
1221	716.062084786191	4001
1222	716.6166035099991	3972
1223	717.1711703656259	3954
1224	717.7257853217662	3911
1225	718.2804483471148	3857
1226	718.8351594103667	3909
1227	719.3899184802167	3939
1228	719.9447255253594	3917
1229	720.4995805144902	3928
1230	721.0544834163036	3997
1231	721.6094341994943	3927
1232	722.1644328327577	3848
1233	722.7194792847881	3811
1234	723.2745735242808	3776
1235	723.8297155199303	3783
1236	724.3849052404317	3767
1237	724.9401426544797	3787
1238	725.4954277307693	3750
1239	726.0507604379953	3775
1240	726.6061407448526	3758
1241	727.161568620036	3830
1242	727.7170440322403	3827
1243	728.2725669501606	3806
1244	728.8281373424916	3717
1245	729.383755177928	3836
1246	729.9394204251649	3799
1247	730.4951330528972	3773
1248	731.0508930298195	3748
1249	731.6067003246269	3765
1250	732.1625549060141	3807
1251	732.718456742676	3753
1252	733.2744058033076	3749
1253	733.8304020566037	3749
1254	734.386445471259	3791
1255	734.9425360159685	3757
1256	735.498673659427	3732
1257	736.0548583703293	3778
1258	736.6110901173705	3793
1259	737.1673688692453	3775
1260	737.7236945946485	3754
1261	738.280067262275	3717
1262	738.8364868408198	3781
1263	739.3929532989777	3802
1264	739.9494666054433	3774
1265	740.5060267289117	3716
1266	741.0626336380778	3804
1267	741.6192873016364	3806
1268	742.1759876882825	3785
1269	742.7327347667106	3803
1270	743.2895285056159	3833
1271	743.846368873693	3900
1272	744.403255839637	3844
1273	744.9601893721426	3822
1274	745.5171694399048	3815
1275	746.0741960116183	3780
1276	746.6312690559779	3766
1277	747.1883885416788	3820
1278	747.7455544374156	3833
1279	748.3027667118832	3787
1280	748.8600253337765	3804
1281	749.4173302717904	3769
1282	749.9746814946196	3827
1283	750.5320789709591	3773
1284	751.0895226695036	3787
1285	751.6470125589482	3788
1286	752.2045486079877	3772
1287	752.7621307853169	3834
1288	753.3197590596305	3804
1289	753.8774333996236	3806
1290	754.4351537739909	3775
1291	754.9929201514275	3755
1292	755.5507325006279	3846
1293	756.1085907902873	3769
1294	756.6664949891004	3745
1295	757.2244450657622	3831
1296	757.7824409889672	3801
1297	758.3404827274106	3787
1298	758.8985702497872	3759
1299	759.4567035247917	3822
1300	760.0148825211193	3898
1301	760.5731072074645	3882
1302	761.1313775525223	3867
1303	761.6896935249875	3827
1304	762.2480550935552	3895
1305	762.8064622269201	3842
1306	763.3649148937769	3805
1307	763.9234130628206	3812
1308	764.4819567027462	3766
1309	765.0405457822483	3780
1310	765.5991802700219	3854
1311	766.1578601347619	3804
1312	766.716585345163	3893
1313	767.2753558699202	3880
1314	767.8341716777285	3881
1315	768.3930327372824	3826
1316	768.9519390172769	3828
1317	769.5108904864071	3835
1318	770.0698871133674	3855
1319	770.6289288668532	3825
1320	771.1880157155589	3925
1321	771.7471476281796	3914
1322	772.3063245734103	3953
1323	772.8655465199454	3955
1324	773.4248134364801	3864
1325	773.9841252917092	3917
1326	774.5434820543277	3885
1327	775.1028836930302	3892
1328	775.6623301765115	3890
1329	776.221821473467	3908
1330	776.781357552591	3931
1331	777.3409383825784	3933
1332	777.9005639321244	3970
1333	778.4602341699236	3945
1334	779.019949064671	3956
1335	779.5797085850612	3979
1336	780.1395126997894	3954
1337	780.6993613775504	3909
1338	781.2592545870389	3958
1339	781.8191922969498	3966
1340	782.379174475978	3941
1341	782.9392010928184	3908
1342	783.4992721161658	3960
1343	784.059387514715	3998
1344	784.6195472571609	3965
1345	785.1797513121985	3989
1346	785.7399996485227	4034
1347	786.3002922348279	4010
1348	786.8606290398095	4015
1349	787.421010032162	4040
1350	787.9814351805805	4041
1351	788.5419044537598	4102
1352	789.1024178203946	3990
1353	789.6629752491799	3980
1354	790.2235767088106	3991
1355	790.7842221679814	4005
1356	791.3449115953874	3946
1357	791.9056449597232	3980
1358	792.4664222296839	4009
1359	793.027243373964	4038
1360	793.5881083612588	4002
1361	794.1490171602628	3929
1362	794.7099697396712	3969
1363	795.2709660681786	3964
1364	795.83200611448	3977
1365	796.3930898472702	3932
1366	796.954217235244	3927
1367	797.5153882470963	3912
1368	798.076602851522	3962
1369	798.637861017216	3982
1370	799.199162712873	3972
1371	799.7605079071881	4028
1372	800.321896568856	3980
1373	800.8833286665715	3920
1374	801.4448041690296	3936
1375	802.006323044925	3940
1376	802.5678852629528	3960
1377	803.1294907918076	3953
1378	803.6911396001846	3961
1379	804.2528316567782	3983
1380	804.8145669302837	4072
1381	805.3763453893955	4028
1382	805.938167002809	3997
1383	806.5000317392187	3940
1384	807.0619395673197	3973
1385	807.6238904558064	3984
1386	808.185884373374	3957
1387	808.7479212887176	4005
1388	809.3100011705316	4048
1389	809.872123987511	4064
1390	810.4342897083509	4001
1391	810.9964983017458	4001
1392	811.5587497363907	4019
1393	812.1210439809806	4031
1394	812.6833810042103	4056
1395	813.2457607747745	3960
1396	813.8081832613682	4023
1397	814.3706484326863	4045
1398	814.9331562574234	4081
1399	815.4957067042748	4041
1400	816.0582997419349	4041
1401	816.6209353390989	4023
1402	817.1836134644615	3980
1403	817.7463340867176	4012
1404	818.309097174562	4023
1405	818.8719026966896	4055
1406	819.4347506217954	4062
1407	819.997640918574	4022
1408	820.5605735557206	4026
1409	821.1235485019297	4014
1410	821.6865657258962	4046
1411	822.2496251963153	4059
1412	822.8127268818815	4061
1413	823.3758707512898	4068
1414	823.9390567732352	4057
1415	824.5022849164122	4155
1416	825.0655551495161	4174
1417	825.6288674412414	4087
1418	826.1922217602829	4163
1419	826.7556180753361	4140
1420	827.319056355095	4058
1421	827.8825365682551	4038
1422	828.4460586835111	4098
1423	829.0096226695576	4067
1424	829.5732284950898	4106
1425	830.1368761288023	4079
1426	830.7005655393903	4115
1427	831.2642966955483	4099
1428	831.8280695659713	4117
1429	832.3918841193541	4158
1430	832.9557403243916	4157
1431	833.5196381497789	4196
1432	834.0835775642104	4175
1433	834.6475585363813	4180
1434	835.2115810349864	4110
1435	835.7756450287205	4149
1436	836.3397504862785	4127
1437	836.9038973763552	4142
1438	837.4680856676455	4141
1439	838.0323153288442	4115
1440	838.5965863286464	4132
1441	839.1608986357467	4115
1442	839.7252522188401	4148
1443	840.2896470466212	4116
1444	840.8540830877853	4195
1445	841.4185603110268	4131
1446	841.983078685041	4161
1447	842.5476381785224	4124
1448	843.1122387601662	4094
1449	843.6768803986669	4199
1450	844.2415630627196	4199
1451	844.8062867210189	4136
1452	845.37105134226	4114
1453	845.9358568951376	4117
1454	846.5007033483466	4248
1455	847.0655906705819	4230
1456	847.630518830538	4215
1457	848.1954877969102	4144
1458	848.7604975383933	4154
1459	849.3255480236821	4111
1460	849.8906392214714	4083
1461	850.455771100456	4069
1462	851.0209436293308	4141
1463	851.5861567767909	4130
1464	852.1514105115308	4070
1465	852.7167048022454	4096
1466	853.28203961763	4093
1467	853.847414926379	4058
1468	854.4128306971876	4144
1469	854.9782868987502	4166
1470	855.5437834997622	4155
1471	856.1093204689179	4107
1472	856.6748977749127	4139
1473	857.2405153864411	4200
1474	857.806173272198	4182
1475	858.3718714008785	4086
1476	858.9376097411771	4140
1477	859.5033882617889	4086
1478	860.0692069314089	4089
1479	860.6350657187317	4068
1480	861.200964592452	4082
1481	861.7669035212651	4224
1482	862.3328824738658	4151
1483	862.8989014189486	4124
1484	863.4649603252086	4151
1485	864.0310591613406	4159
1486	864.5971978960397	4124
1487	865.1633764980004	4105
1488	865.7295949359177	4071
1489	866.2958531784866	4134
1490	866.8621511944017	4114
1491	867.4284889523581	4075
1492	867.9948664210506	4065
1493	868.5612835691738	4129
1494	869.1277403654229	4187
1495	869.6942367784928	4208
1496	870.2607727770779	4187
1497	870.8273483298735	4122
1498	871.3939634055745	4167
1499	871.9606179728753	4242
1500	872.5273120004712	4125
1501	873.0940454570568	4097
1502	873.6608183113271	4102
1503	874.2276305319771	4098
1504	874.7944820877012	4106
1505	875.3613729471948	4126
1506	875.9283030791523	4102
1507	876.4952724522689	4078
1508	877.0622810352393	4075
1509	877.6293287967584	4117
1510	878.1964157055208	4115
1511	878.763541730222	4094
1512	879.3307068395562	4154
1513	879.8979110022186	4087
1514	880.4651541869039	4065
1515	881.0324363623071	4097
1516	881.5997574971232	4080
1517	882.1671175600466	4111
1518	882.7345165197725	4103
1519	883.3019543449956	4126
1520	883.869431004411	4148
1521	884.4369464667134	4145
1522	885.0045007005976	4192
1523	885.5720936747584	4250
1524	886.139725357891	4217
1525	886.7073957186901	4158
1526	887.2751047258504	4097
1527	887.8428523480669	4053
1528	888.4106385540343	4087
1529	888.9784633124478	4220
1530	889.546326592002	4164
1531	890.1142283613917	4114
1532	890.6821685893118	4154
1533	891.2501472444574	4148
1534	891.8181642955232	4153
1535	892.386219711204	4161
1536	892.9543134601947	4079
1537	893.5224455111902	4111
1538	894.0906158328852	4155
1539	894.6588243939749	4152
1540	895.2270711631538	4228
1541	895.795356109117	4208
1542	896.3636792005593	4158
1543	896.9320404061755	4232
1544	897.5004396946604	4148
1545	898.068877034709	4188
1546	898.6373523950161	4185
1547	899.2058657442767	4145
1548	899.7744170511854	4144
1549	900.3430062844373	4140
1550	900.9116334127272	4152
1551	901.4802984047498	4128
1552	902.0490012292	4101
1553	902.6177418547728	4182
1554	903.1865202501631	4160
1555	903.7553363840656	4115
1556	904.3241902251752	4137
1557	904.8930817421867	4202
1558	905.4620109037953	4165
1559	906.0309776786954	4094
1560	906.5999820355821	4123
1561	907.1690239431503	4121
1562	907.7381033700946	4167
1563	908.3072202851101	4157
1564	908.8763746568916	4148
1565	909.4455664541339	4179
1566	910.0147956455321	4102
1567	910.5840621997808	4047
1568	911.1533660855748	4099
1569	911.7227072716092	4069
1570	912.2920857265789	4058
1571	912.8615014191786	4087
1572	913.430954318103	4144
1573	914.0004443920473	4093
1574	914.5699716097062	4131
1575	915.1395359397745	4195
1576	915.709137350947	4199
1577	916.2787758119189	4181
1578	916.8484512913847	4115
1579	917.4181637580396	4087
1580	917.9879131805781	4072
1581	918.5576995276953	4040
1582	919.1275227680858	4070
1583	919.6973828704448	4058
1584	920.2672798034671	4077
1585	920.8372135358474	4061
1586	921.4071840362805	4038
1587	921.9771912734616	4148
1588	922.547235216085	4125
1589	923.1173158328462	4075
1590	923.6874330924396	4088
1591	924.2575869635604	4008
1592	924.8277774149033	4087
1593	925.398004415163	4082
1594	925.9682679330346	3993
1595	926.5385679372129	3998
1596	927.1089043963925	4027
1597	927.6792772792687	4013
1598	928.2496865545361	4070
1599	928.8201321908897	4074
1600	929.3906141570242	4040
1601	929.9611324216345	4081
1602	930.5316869534156	4000
1603	931.1022777210621	3997
1604	931.6729046932691	4051
1605	932.2435678387313	4116
1606	932.8142671261436	4007
1607	933.3850025242011	3998
1608	933.9557740015982	4037
1609	934.5265815270302	4030
1610	935.0974250691917	4006
1611	935.6683045967777	3941
1612	936.239220078483	3944
1613	936.8101714830024	3948
1614	937.3811587790309	3985
1615	937.9521819352632	3942
1616	938.5232409203942	3968
1617	939.0943357031188	3926
1618	939.6654662521319	3915
1619	940.2366325361281	3901
1620	940.8078345238029	3882
1621	941.3790721838504	3905
1622	941.950345484966	3892
1623	942.5216543958442	3925
1624	943.09299888518	3919
1625	943.6643789216683	3924
1626	944.2357944740041	3933
1627	944.8072455108821	3890
1628	945.378732000997	3939
1629	945.9502539130439	3926
1630	946.5218112157175	3885
1631	947.0934038777128	3873
1632	947.6650318677247	3898
1633	948.2366951544478	3894
1634	948.8083937065772	3891
1635	949.3801274928076	3864
1636	949.9518964818341	3932
1637	950.5237006423513	3934
1638	951.0955399430542	3882
1639	951.6674143526376	3863
1640	952.2393238397964	3845
1641	952.8112683732253	3893
1642	953.3832479216195	3876
1643	953.9552624536735	3852
1644	954.5273119380823	3933
1645	955.099396343541	3903
1646	955.6715156387442	3846
1647	956.2436697923868	3867
1648	956.8158587731637	3830
1649	957.3880825497696	3864
1650	957.9603410908994	3908
1651	958.5326343652482	3858
1652	959.1049623415107	3861
1653	959.6773249883817	3906
1654	960.2497222745561	3879
1655	960.8221541687288	3899
1656	961.3946206395947	3860
1657	961.9671216558487	3834
1658	962.5396571861854	3886
1659	963.1122271992999	3858
1660	963.684831663887	3845
1661	964.2574705486415	3867
1662	964.8301438222585	3877
1663	965.4028514534324	3841
1664	965.9755934108584	3816
1665	966.5483696632315	3877
1666	967.1211801792463	3936
1667	967.6940249275974	3840
1668	968.2669038769803	3855
1669	968.8398169960892	3847
1670	969.4127642536198	3816
1671	969.985745618266	3810
1672	970.5587610587233	3857
1673	971.1318105436862	3870
1674	971.70489404185	3920
1675	972.2780115219092	3878
1676	972.8511629525585	3821
1677	973.4243483024934	3877
1678	973.9975675404082	3870
1679	974.5708206349979	3814
1680	975.1441075549575	3780
1681	975.7174282689815	3784
1682	976.2907827457652	3862
1683	976.8641709540035	3852
1684	977.4375928623907	3808
1685	978.0110484396221	3755
1686	978.5845376543924	3751
1687	979.1580604753966	3731
1688	979.7316168713295	3816
1689	980.3052068108858	3854
1690	980.8788302627607	3832
1691	981.4524871956488	3897
1692	982.0261775782449	3815
1693	982.5999013792441	3824
1694	983.1736585673411	3841
1695	983.7474491112308	3884
1696	984.3212729796081	3841
1697	984.8951301411676	3828
1698	985.4690205646046	3838
1699	986.0429442186137	3770
1700	986.6169010718897	3833
1701	987.1908910931277	3879
1702	987.7649142510224	3825
1703	988.3389705142687	3843
1704	988.9130598515613	3856
1705	989.4871822315954	3860
1706	990.0613376230655	3850
1707	990.6355259946668	3853
1708	991.2097473150938	3822
1709	991.7840015530415	3812
1710	992.3582886772049	3878
1711	992.9326086562788	3870
1712	993.5069614589581	3882
1713	994.0813470539374	3901
1714	994.6557654099117	3926
1715	995.2302164955761	3969
1716	995.8047002796252	3858
1717	996.379216730754	3919
1718	996.9537658176572	3891
1719	997.5283475090298	3885
1720	998.1029617735664	3999
1721	998.6776085799623	3991
1722	999.252287896912	3995
1723	999.8269996931107	3952
1724	1000.4017439372528	3962
1725	1000.9765205980335	3987
1726	1001.5513296441475	4024
1727	1002.1261710442899	4024
1728	1002.7010447671552	3979
1729	1003.2759507814386	3987
1730	1003.8508890558346	3990
1731	1004.4258595590386	3997
1732	1005.0008622597448	3976
1733	1005.5758971266487	3976
1734	1006.1509641284446	3973
1735	1006.7260632338276	4018
1736	1007.3011944114927	4036
1737	1007.8763576301346	3949
1738	1008.4515528584483	3919
1739	1009.0267800651283	3937
1740	1009.6020392188698	3957
1741	1010.1773302883678	3979
1742	1010.7526532423168	3958
1743	1011.3280080494117	3950
1744	1011.9033946783475	3927
1745	1012.478813097819	3954
1746	1013.054263276521	3968
1747	1013.6297451831485	3950
1748	1014.2052587863964	3910
1749	1014.7808040549594	3955
1750	1015.3563809575323	3930
1751	1015.9319894628102	3917
1752	1016.5076295394878	3887
1753	1017.0833011562602	3883
1754	1017.6590042818217	3888
1755	1018.2347388848676	3855
1756	1018.8105049340929	3877
1757	1019.3863023981919	3937
1758	1019.9621312458601	3876
1759	1020.537991445792	3877
1760	1021.1138829666824	3885
1761	1021.6898057772263	3953
1762	1022.2657598461187	3878
1763	1022.841745142054	3914
1764	1023.4177616337275	3917
1765	1023.9938092898342	3865
1766	1024.5698880790683	3873
1767	1025.145997970125	3867
1768	1025.7221389316996	3924
1769	1026.2983109324864	3853
1770	1026.8745139411803	3792
1771	1027.4507479264764	3803
1772	1028.0270128570694	3797
1773	1028.6033087016542	3795
1774	1029.1796354289256	3887
1775	1029.7559930075786	3843
1776	1030.332381406308	3816
1777	1030.9088005938086	3781
1778	1031.4852505387753	3785
1779	1032.061731209903	3767
1780	1032.6382425758864	3763
1781	1033.2147846054206	3750
1782	1033.7913572672003	3732
1783	1034.3679605299205	3769
1784	1034.944594362276	3748
1785	1035.5212587329613	3762
1786	1036.097953610672	3729
1787	1036.6746789641022	3667
1788	1037.2514347619472	3665
1789	1037.8282209729018	3664
1790	1038.405037565661	3687
1791	1038.9818845089194	3672
1792	1039.5587617713718	3660
1793	1040.1356693217133	3577
1794	1040.7126071286386	3616
1795	1041.2895751608428	3641
1796	1041.8665733870203	3672
1797	1042.4436017758665	3624
1798	1043.020660296076	3636
1799	1043.5977489163436	3560
1800	1044.1748676053642	3570
1801	1044.7520163318327	3632
1802	1045.329195064444	3598
1803	1045.9064037718929	3574
1804	1046.4836424228743	3543
1805	1047.060910986083	3539
1806	1047.638209430214	3517
1807	1048.2155377239617	3489
1808	1048.7928958360217	3562
1809	1049.3702837350882	3533
1810	1049.9477013898565	3498
1811	1050.5251487690211	3452
1812	1051.1026258412774	3446
1813	1051.6801325753197	3439
1814	1052.2576689398431	3400
1815	1052.8352349035424	3383
1816	1053.4128304351125	3426
1817	1053.9904555032483	3461
1818	1054.5681100766446	3417
1819	1055.1457941239962	3389
1820	1055.7235076139982	3350
1821	1056.3012505153451	3377
1822	1056.879022796732	3374
1823	1057.456824426854	3379
1824	1058.0346553744055	3348
1825	1058.6125156080814	3298
1826	1059.1904050965768	3375
1827	1059.7683238085865	3350
1828	1060.3462717128052	3313
1829	1060.924248777928	3311
1830	1061.5022549726496	3318
1831	1062.0802902656646	3317
1832	1062.6583546256686	3314
1833	1063.2364480213557	3237
1834	1063.8145704214214	3260
1835	1064.3927217945602	3261
1836	1064.9709021094666	3257
1837	1065.5491113348364	3255
1838	1066.1273494393636	3291
1839	1066.7056163917434	3253
1840	1067.2839121606708	3263
1841	1067.8622367148403	3210
1842	1068.4405900229472	3191
1843	1069.018972053686	3255
1844	1069.5973827757514	3241
1845	1070.1758221578389	3196
1846	1070.754290168643	3192
1847	1071.3327867768583	3188
1848	1071.91131195118	3131
1849	1072.4898656603032	3084
1850	1073.0684478729222	3123
1851	1073.6470585577322	3089
1852	1074.2256976834278	3133
1853	1074.804365218704	3163
1854	1075.383061132256	3203
1855	1075.961785392778	3191
1856	1076.5405379689653	3190
1857	1077.1193188295128	3222
1858	1077.6981279431152	3181
1859	1078.2769652784673	3187
1860	1078.855830804264	3182
1861	1079.4347244892006	3130
1862	1080.013646301971	3148
1863	1080.592596211271	3150
1864	1081.171574185795	3162
1865	1081.750580194238	3185
1866	1082.3296142052948	3137
1867	1082.9086761876601	3122
1868	1083.487766110029	3178
1869	1084.0668839410964	3157
1870	1084.646029649557	3060
1871	1085.2252032041058	3080
1872	1085.8044045734373	3041
1873	1086.3836337262467	3094
1874	1086.9628906312291	3108
1875	1087.5421752570787	3144
1876	1088.1214875724909	3087
1877	1088.7008275461603	3109
1878	1089.280195146782	3100
1879	1089.8595903430505	3087
1880	1090.439013103661	3089
1881	1091.018463397308	3059
1882	1091.5979411926867	3073
1883	1092.1774464584919	3049
1884	1092.7569791634182	3037
1885	1093.336539276161	3028
1886	1093.9161267654144	2999
1887	1094.495741599874	3023
1888	1095.0753837482341	2988
1889	1095.65505317919	2956
1890	1096.2347498614363	3028
1891	1096.814473763668	3070
1892	1097.3942248545798	3057
1893	1097.9740031028664	3013
1894	1098.5538084772231	2972
1895	1099.1336409463445	2966
1896	1099.7135004789257	2939
1897	1100.2933870436614	2925
1898	1100.8733006092461	2939
1899	1101.4532411443752	2988
1900	1102.0332086177434	2957
1901	1102.6132029980454	2974
1902	1103.1932242539763	2963
1903	1103.7732723542308	2924
1904	1104.3533472675038	2895
1905	1104.93344896249	2903
1906	1105.5135774078847	2995
1907	1106.0937325723824	2963
1908	1106.673914424678	2905
1909	1107.2541229334663	2913
1910	1107.8343580674425	2953
1911	1108.414619795301	2946
1912	1108.994908085737	2956
1913	1109.5752229074453	2895
1914	1110.1555642291205	2854
1915	1110.7359320194578	2867
1916	1111.316326247152	2894
1917	1111.8967468808978	2886
1918	1112.47719388939	2876
1919	1113.057667241324	2817
1920	1113.638166905394	2803
1921	1114.2186928502952	2802
1922	1114.799245044722	2889
1923	1115.37982345737	2904
1924	1115.9604280569338	2853
1925	1116.541058812108	2821
1926	1117.1217156915875	2874
1927	1117.7023986640677	2826
1928	1118.2831076982427	2805
1929	1118.8638427628077	2756
1930	1119.4446038264578	2804
1931	1120.0253908578875	2778
1932	1120.606203825792	2814
1933	1121.1870426988655	2816
1934	1121.7679074458038	2843
1935	1122.348798035301	2772
1936	1122.929714436052	2829
1937	1123.5106566167524	2809
1938	1124.0916245460962	2786
1939	1124.6726181927786	2764
1940	1125.2536375254947	2718
1941	1125.834682512939	2758
1942	1126.4157531238066	2777
1943	1126.9968493267922	2714
1944	1127.5779710905906	2687
1945	1128.1591183838968	2724
1946	1128.740291175406	2679
1947	1129.321489433812	2651
1948	1129.902713127811	2677
1949	1130.4839622260968	2678
1950	1131.0652366973648	2667
1951	1131.6465365103097	2618
1952	1132.2278616336264	2664
1953	1132.80921203601	2649
1954	1133.390587686155	2685
1955	1133.971988552756	2650
1956	1134.5534146045086	2699
1957	1135.1348658101072	2713
1958	1135.7163421382468	2717
1959	1136.2978435576224	2660
1960	1136.8793700369283	2635
1961	1137.46092154486	2593
1962	1138.0424980501118	2617
1963	1138.6240995213793	2661
1964	1139.2057259273568	2636
1965	1139.787377236739	2582
1966	1140.3690534182213	3017
1967	1140.9507544404983	2817
1968	1141.5324802722646	2669
1969	1142.1142308822155	2602
1970	1142.6960062390456	2538
1971	1143.27780631145	2580
1972	1143.8596310681232	2652
1973	1144.4414804777605	2657
1974	1145.0233545090564	2618
1975	1145.605253130706	2550
1976	1146.1871763114038	2509
1977	1146.769124019845	2563
1978	1147.3510962247244	2554
1979	1147.9330928947368	2590
1980	1148.5151139985771	2591
1981	1149.09715950494	2573
1982	1149.6792293825208	2559
1983	1150.2613236000138	2503
1984	1150.8434421261143	2535
1985	1151.425584929517	2537
1986	1152.0077519789168	2558
1987	1152.589943243008	2528
1988	1153.1721586904864	2489
1989	1153.7543982900463	2498
1990	1154.336662010383	2544
1991	1154.9189498201906	2560
1992	1155.5012616881647	2556
1993	1156.0835975829998	2512
1994	1156.6659574733908	2479
1995	1157.2483413280324	2432
1996	1157.83074911562	2446
1997	1158.4131808048478	2495
1998	1158.9956363644112	2451
1999	1159.5781157630047	2467
2000	1160.1606189693234	2399
2001	1160.743145952062	2388
2002	1161.3256966799152	2457
2003	1161.9082711215783	2481
2004	1162.490869245746	2450
2005	1163.0734910211129	2473
2006	1163.656136416374	2441
2007	1164.2388054002247	2449
2008	1164.8214979413588	2468
2009	1165.404214008472	2464
2010	1165.9869535702587	2465
2011	1166.569716595414	2523
2012	1167.152503052633	2480
2013	1167.73531291061	2404
2014	1168.3181461380402	2360
2015	1168.9010027036184	2438
2016	1169.4838825760394	2442
2017	1170.0667857239982	2414
2018	1170.6497121161897	2392
2019	1171.2326617213084	2344
2020	1171.8156345080495	2367
2021	1172.3986304451078	2391
2022	1172.981649501178	2377
2023	1173.564691644955	2432
2024	1174.147756845134	2379
2025	1174.7308450704095	2412
2026	1175.3139562894762	2461
2027	1175.8970904710295	2416
2028	1176.480247583764	2382
2029	1177.0634275963744	2337
2030	1177.6466304775558	2407
2031	1178.2298561960029	2451
2032	1178.8131047204106	2394
2033	1179.3963760194738	2410
2034	1179.9796700618874	2455
2035	1180.562986816346	2435
2036	1181.146326251545	2351
2037	1181.7296883361787	2337
2038	1182.313073038942	2415
2039	1182.8964803285303	2459
2040	1183.4799101736378	2410
2041	1184.0633625429598	2358
2042	1184.646837405191	2344
2043	1185.2303347290265	2381
2044	1185.8138544831606	2379
2045	1186.3973966362887	2414
2046	1186.9809611571054	2341
2047	1187.5645480143057	2329
2048	1188.1481571765844	2355
2049	1188.7317886126364	2339
2050	1189.3154422911562	2296
2051	1189.8991181808392	2320
2052	1190.4828162503798	2313
2053	1191.0665364684733	2298
2054	1191.6502788038142	2279
2055	1192.2340432250976	2276
2056	1192.8178297010186	2215
2057	1193.4016382002712	2219
2058	1193.985468691551	2212
2059	1194.5693211435525	2206
2060	1195.153195524971	2159
2061	1195.7370918045008	2182
2062	1196.3210099508372	2264
2063	1196.9049499326745	2219
2064	1197.4889117187086	2236
2065	1198.0728952776333	2219
2066	1198.656900578144	2273
2067	1199.2409275889352	2230
2068	1199.8249762787023	2203
2069	1200.4090466161397	2217
2070	1200.9931385699424	2178
2071	1201.5772521088052	2167
2072	1202.1613872014232	2137
2073	1202.745543816491	2182
2074	1203.3297219227034	2201
2075	1203.9139214887557	2176
2076	1204.4981424833425	2235
2077	1205.0823848751584	2249
2078	1205.6666486328986	2314
2079	1206.2509337252577	2299
2080	1206.835240120931	2320
2081	1207.4195677886128	2310
2082	1208.0039166969984	2314
2083	1208.5882868147824	2265
2084	1209.1726781106597	2245
2085	1209.7570905533253	2270
2086	1210.341524111474	2270
2087	1210.9259787538006	2291
2088	1211.510454449	2307
2089	1212.094951165767	2233
2090	1212.6794688727966	2233
2091	1213.2640075387837	2243
2092	1213.8485671324229	2282
2093	1214.4331476224093	2347
2094	1215.0177489774376	2348
2095	1215.6023711662026	2296
2096	1216.1870141573993	2231
2097	1216.7716779197226	2273
2098	1217.3563624218673	2270
2099	1217.941067632528	2260
2100	1218.5257935204002	2325
2101	1219.1105400541783	2252
2102	1219.6953072025572	2205
2103	1220.2800949342318	2220
2104	1220.8649032178969	2233
2105	1221.4497320222474	2211
2106	1222.0345813159784	2223
2107	1222.6194510677842	2220
2108	1223.2043412463602	2222
2109	1223.789251820401	2170
2110	1224.3741827586016	2214
2111	1224.9591340296568	2265
2112	1225.5441056022614	2280
2113	1226.1290974451101	2234
2114	1226.7141095268983	2221
2115	1227.2991418163203	2191
2116	1227.8841942820713	2202
2117	1228.469266892846	2208
2118	1229.0543596173393	2218
2119	1229.6394724242462	2225
2120	1230.2246052822613	2183
2121	1230.8097581600794	2232
2122	1231.3949310263959	2261
2123	1231.980123849905	2246
2124	1232.565336599302	2206
2125	1233.1505692432816	2251
2126	1233.735821750539	2241
2127	1234.3210940897682	2147
2128	1234.9063862296648	2226
2129	1235.4916981389235	2196
2130	1236.0770297862393	2227
2131	1236.6623811403067	2201
2132	1237.247752169821	2257
2133	1237.8331428434765	2198
2134	1238.4185531299686	2210
2135	1239.003982997992	2167
2136	1239.589432416241	2191
2137	1240.1749013534113	2183
2138	1240.7603897781974	2175
2139	1241.345897659294	2241
2140	1241.9314249653964	2217
2141	1242.516971665199	2218
2142	1243.102537727397	2249
2143	1243.688123120685	2194
2144	1244.273727813758	2177
2145	1244.8593517753109	2195
2146	1245.444994974038	2222
2147	1246.0306573786354	2182
2148	1246.6163389577966	2143
2149	1247.2020396802175	2211
2150	1247.7877595145924	2263
2151	1248.3734984296163	2227
2152	1248.959256393984	2241
2153	1249.5450333763904	2182
2154	1250.1308293455306	2167
2155	1250.716644270099	2179
2156	1251.3024781187908	2184
2157	1251.8883308603006	2186
2158	1252.4742024633235	2186
2159	1253.0600928965546	2144
2160	1253.646002128688	2204
2161	1254.231930128419	2168
2162	1254.8178768644427	2148
2163	1255.4038423054537	2103
2164	1255.9898264201465	2103
2165	1256.575829177217	2128
2166	1257.1618505453587	2163
2167	1257.7478904932675	2228
2168	1258.333948989638	2215
2169	1258.920026003165	2209
2170	1259.5061215025432	2136
2171	1260.0922354564675	2133
2172	1260.678367833633	2131
2173	1261.2645186027344	2167
2174	1261.8506877324667	2160
2175	1262.4368751915245	2185
2176	1263.0230809486027	2115
2177	1263.6093049723966	2144
2178	1264.1955472316004	2196
2179	1264.7818076949095	2159
2180	1265.3680863310183	2138
2181	1265.954383108622	2083
2182	1266.5406979964155	2103
2183	1267.1270309630934	2163
2184	1267.7133819773508	2206
2185	1268.2997510078824	2168
2186	1268.886138023383	2147
2187	1269.4725429925475	2177
2188	1270.058965884071	2194
2189	1270.6454066666481	2139
2190	1271.231865308974	2111
2191	1271.818341779743	2160
2192	1272.4048360476502	2198
2193	1272.9913480813907	2137
2194	1273.577877849659	2161
2195	1274.1644253211507	2077
2196	1274.7509904645594	2127
2197	1275.3375732485813	2083
2198	1275.92417364191	2110
2199	1276.5107916132415	2129
2200	1277.09742713127	2148
2201	1277.6840801646904	2140
2202	1278.2707506821976	2205
2203	1278.8574386524867	2180
2204	1279.4441440442524	2201
2205	1280.0308668261896	2137
2206	1280.617606966993	2114
2207	1281.2043644353575	2142
2208	1281.7911391999783	2116
2209	1282.3779312295496	2127
2210	1282.9647404927669	2154
2211	1283.5515669583249	2116
2212	1284.138410594918	2111
2213	1284.7252713712417	2139
2214	1285.3121492559908	2210
2215	1285.8990442178595	2177
2216	1286.4859562255433	2122
2217	1287.072885247737	2110
2218	1287.659831253135	2054
2219	1288.2467942104329	2126
2220	1288.833774088325	2117
2221	1289.4207708555064	2118
2222	1290.0077844806717	2107
2223	1290.5948149325159	2089
2224	1291.181862179734	2091
2225	1291.768926191021	2073
2226	1292.356006935071	2120
2227	1292.9431043805798	2117
2228	1293.5302184962418	2100
2229	1294.1173492507517	2109
2230	1294.7044966128046	2174
2231	1295.2916605510954	2152
2232	1295.8788410343188	2130
2233	1296.46603803117	2140
2234	1297.0532515103434	2153
2235	1297.640481440534	2119
2236	1298.2277277904368	2152
2237	1298.8149905287466	2119
2238	1299.4022696241582	2107
2239	1299.9895650453661	2086
2240	1300.5768767610662	2108
2241	1301.1642047399523	2085
2242	1301.75154895072	2138
2243	1302.3389093620635	2103
2244	1302.9262859426783	2094
2245	1303.5136786612588	2090
2246	1304.1010874865003	2154
2247	1304.688512387097	2145
2248	1305.2759533317442	2115
2249	1305.8634102891367	2169
2250	1306.4508832279696	2146
2251	1307.0383721169374	2139
2252	1307.6258769247352	2178
2253	1308.2133976200575	2166
2254	1308.8009341715997	2168
2255	1309.3884865480559	2152
2256	1309.976054718122	2141
2257	1310.5636386504918	2104
2258	1311.1512383138609	2111
2259	1311.7388536769238	2154
2260	1312.3264847083756	2187
2261	1312.914131376911	2146
2262	1313.5017936512247	2118
2263	1314.0894715000118	2072
2264	1314.677164891967	2059
2265	1315.2648737957857	2055
2266	1315.8525981801622	2091
2267	1316.440338013791	2091
2268	1317.0280932653682	2080
2269	1317.6158639035873	2271
2270	1318.203649897144	2237
2271	1318.791451214733	2199
2272	1319.3792678250488	2194
2273	1319.9670996967868	2118
2274	1320.5549467986416	2146
2275	1321.1428090993081	2055
2276	1321.7306865674811	2163
2277	1322.3185791718556	2183
2278	1322.906486881126	2139
2279	1323.4944096639879	2078
2280	1324.0823474891356	2122
2281	1324.670300325264	2091
2282	1325.2582681410681	2067
2283	1325.846250905243	2079
2284	1326.4342485864834	2089
2285	1327.022261153484	2117
2286	1327.6102885749394	2258
2287	1328.198330819545	2207
2288	1328.7863878559954	2157
2289	1329.3744596529857	2137
2290	1329.9625461792102	2102
2291	1330.5506474033646	2165
2292	1331.138763294143	2088
2293	1331.7268938202405	2138
2294	1332.3150389503521	2073
2295	1332.9031986531727	2113
2296	1333.4913728973968	2080
2297	1334.0795616517198	2082
2298	1334.667764884836	2072
2299	1335.2559825654407	2088
2300	1335.8442146622285	2112
2301	1336.4324611438944	2097
2302	1337.0207219791332	2153
2303	1337.6089971366396	2112
2304	1338.1972865851087	2086
2305	1338.7855902932356	2128
2306	1339.3739082297143	2094
2307	1339.9622403632404	2110
2308	1340.5505866625087	2085
2309	1341.1389470962138	2064
2310	1341.7273216330507	2072
2311	1342.3157102417144	2122
2312	1342.9041128908993	2141
2313	1343.4925295493008	2110
2314	1344.0809601856135	2114
2315	1344.669404768532	2102
2316	1345.2578632667517	2102
2317	1345.8463356489672	2165
2318	1346.4348218838734	2082
2319	1347.023321940165	2079
2320	1347.611835786537	2155
2321	1348.2003633916843	2158
2322	1348.7889047243018	2123
2323	1349.377459753084	2109
2324	1349.9660284467263	2072
2325	1350.5546107739233	2018
2326	1351.1432067033695	2120
2327	1351.7318162037602	2062
2328	1352.3204392437904	2113
2329	1352.9090757921547	2104
2330	1353.4977258175477	2124
2331	1354.0863892886648	2115
2332	1354.6750661742008	2096
2333	1355.2637564428499	2092
2334	1355.8524600633077	2043
2335	1356.4411770042686	2101
2336	1357.029907234428	2121
2337	1357.61865072248	2125
2338	1358.20740743712	2086
2339	1358.7961773470429	2062
2340	1359.3849604209433	2117
2341	1359.973756627516	2104
2342	1360.5625659354562	2096
2343	1361.1513883134587	2106
2344	1361.7402237302178	2058
2345	1362.3290721544292	2070
2346	1362.917933554787	2156
2347	1363.5068078999868	2154
2348	1364.0956951587227	2183
2349	1364.6845952996903	2115
2350	1365.2735082915838	2105
2351	1365.8624341030986	2104
2352	1366.4513727029291	2119
2353	1367.0403240597705	2164
2354	1367.6292881423174	2139
2355	1368.2182649192648	2126
2356	1368.8072543593075	2073
2357	1369.3962564311407	2088
2358	1369.9852711034587	2048
2359	1370.5742983449568	2102
2360	1371.1633381243296	2069
2361	1371.7523904102723	2034
2362	1372.341455171479	2091
2363	1372.9305323766455	2094
2364	1373.5196219944662	2057
2365	1374.1087239936357	2083
2366	1374.6978383428498	2134
2367	1375.286965010802	2102
2368	1375.8761039661883	2054
2369	1376.465255177703	2034
2370	1377.0544186140412	2027
2371	1377.6435942438975	2093
2372	1378.232782035967	2173
2373	1378.8219819589444	2137
2374	1379.4111939815248	2066
2375	1380.0004180724027	2107
2376	1380.5896542002733	2067
2377	1381.1789023338313	2112
2378	1381.7681624417717	2147
2379	1382.3574344927893	2091
2380	1382.9467184555785	2080
2381	1383.5360142988347	2080
2382	1384.1253219912528	2128
2383	1384.7146415015275	2100
2384	1385.3039727983535	2094
2385	1385.8933158504258	2175
2386	1386.4826706264394	2125
2387	1387.0720370950887	2092
2388	1387.6614152250693	2082
2389	1388.2508049850753	2212
2390	1388.840206343802	2198
2391	1389.4296192699444	2107
2392	1390.019043732197	2148
2393	1390.6084796992545	2101
2394	1391.1979271398125	2068
2395	1391.787386022565	2097
2396	1392.3768563162075	2049
2397	1392.9663379894346	2069
2398	1393.5558310109411	2296
2399	1394.1453353494223	2165
2400	1394.7348509735723	2185
2401	1395.3243778520864	2201
2402	1395.9139159536594	2131
2403	1396.5034652469865	2091
2404	1397.0930257007622	2082
2405	1397.682597283681	2091
2406	1398.2721799644385	2068
2407	1398.8617737117293	2090
2408	1399.4513784942478	2154
2409	1400.0409942806898	2126
2410	1400.6306210397493	2200
2411	1401.2202587401214	2158
2412	1401.8099073505011	2073
2413	1402.399566839583	2107
2414	1402.9892371760627	2122
2415	1403.5789183286342	2117
2416	1404.1686102659924	2072
2417	1404.758312956833	2114
2418	1405.3480263698498	2095
2419	1405.9377504737383	2028
2420	1406.527485237193	2119
2421	1407.1172306289095	2119
2422	1407.7069866175818	2120
2423	1408.296753171905	2134
2424	1408.8865302605745	2197
2425	1409.4763178522844	2180
2426	1410.0661159157298	2104
2427	1410.6559244196055	2108
2428	1411.245743332607	2056
2429	1411.835572623428	2051
2430	1412.4254122607647	2092
2431	1413.015262213311	2046
2432	1413.605122449762	2067
2433	1414.1949929388127	2091
2434	1414.7848736491578	2127
2435	1415.374764549492	2077
2436	1415.9646656085106	2100
2437	1416.5545767949081	2494
2438	1417.1444980773797	2257
2439	1417.73442942462	2110
2440	1418.324370805324	2092
2441	1418.9143221881864	2121
2442	1419.5042835419017	2148
2443	1420.0942548351657	2109
2444	1420.6842360366727	2101
2445	1421.2742271151178	2113
2446	1421.8642280391955	2120
2447	1422.4542387776007	2128
2448	1423.0442592990285	2108
2449	1423.6342895721737	2121
2450	1424.2243295657308	2134
2451	1424.8143792483957	2129
2452	1425.4044385888617	2112
2453	1425.9945075558253	2130
2454	1426.58458611798	2158
2455	1427.1746742440214	2109
2456	1427.7647719026443	2072
2457	1428.3548790625432	2056
2458	1428.9449956924134	2136
2459	1429.5351217609493	2086
2460	1430.1252572368464	2075
2461	1430.7154020887992	2131
2462	1431.3055562855022	2119
2463	1431.8957197956508	2101
2464	1432.4858925879396	2101
2465	1433.0760746310636	2117
2466	1433.6662658937175	2054
2467	1434.2564663445964	2069
2468	1434.846675952395	2057
2469	1435.4368946858078	2074
2470	1436.0271225135305	2051
2471	1436.617359404257	2084
2472	1437.2076053266833	2101
2473	1437.797860249503	2085
2474	1438.388124141412	2071
2475	1438.9783969711045	2090
2476	1439.5686787072757	2064
2477	1440.1589693186202	2026
2478	1440.7492687738331	2024
2479	1441.3395770416093	2117
2480	1441.9298940906435	2091
2481	1442.5202198896304	2143
2482	1443.1105544072652	2092
2483	1443.7008976122424	2087
2484	1444.2912494732573	2119
2485	1444.8816099590044	2077
2486	1445.471979038179	2126
2487	1446.0623566794752	2079
2488	1446.6527428515888	2043
2489	1447.2431375232138	2059
2490	1447.8335406630454	2087
2491	1448.4239522397788	2015
2492	1449.0143722221082	2042
2493	1449.604800578729	2079
2494	1450.195237278336	2081
2495	1450.7856822896238	2112
2496	1451.3761355812874	2156
2497	1451.9665971220215	2135
2498	1452.5570668805212	2096
2499	1453.1475448254816	2062
2500	1453.7380309255968	2033
2501	1454.3285251495624	2022
2502	1454.919027466073	2090
2503	1455.5095378438232	2062
2504	1456.100056251508	2095
2505	1456.6905826578225	2061
2506	1457.2811170314615	2040
2507	1457.8716593411198	2103
2508	1458.4622095554919	2101
2509	1459.0527676432732	2146
2510	1459.6433335731583	2112
2511	1460.233907313842	2094
2512	1460.8244888340196	2083
2513	1461.415078102385	2070
2514	1462.0056750876342	2103
2515	1462.5962797584614	2074
2516	1463.1868920835616	2087
2517	1463.7775120316296	2046
2518	1464.3681395713604	2066
2519	1464.958774671449	2057
2520	1465.5494173005898	2114
2521	1466.1400674274776	2090
2522	1466.730725020808	2108
2523	1467.3213900492756	2136
2524	1467.9120624815746	2091
2525	1468.5027422864005	2097
2526	1469.093429432448	2081
2527	1469.6841238884122	2090
2528	1470.2748256229875	2141
2529	1470.865534604869	2060
2530	1471.4562508027514	2054
2531	1472.0469741853299	2092
2532	1472.637704721299	2048
2533	1473.228442379354	2062
2534	1473.8191871281895	2061
2535	1474.4099389365	2099
2536	1475.0006977729809	2074
2537	1475.591463606327	2046
2538	1476.1822364052327	2060
2539	1476.7730161383936	2083
2540	1477.3638027745037	2133
2541	1477.9545962822588	2093
2542	1478.5453966303528	2130
2543	1479.1362037874815	2093
2544	1479.7270177223388	2072
2545	1480.3178384036203	2062
2546	1480.9086658000206	2136
2547	1481.4994998802345	2119
2548	1482.090340612957	2049
2549	1482.6811879668833	2097
2550	1483.2720419107072	2125
2551	1483.8629024131244	2123
2552	1484.4537694428298	2057
2553	1485.0446429685178	2141
2554	1485.6355229588835	2091
2555	1486.2264093826218	2123
2556	1486.8173022084275	2125
2557	1487.4082014049957	2111
2558	1487.999106941021	2074
2559	1488.590018785198	2034
2560	1489.1809369062219	2124
2561	1489.7718612727876	2083
2562	1490.36279185359	2054
2563	1490.9537286173236	2108
2564	1491.5446715326837	2133
2565	1492.1356205683649	2099
2566	1492.726575693062	2096
2567	1493.31753687547	2098
2568	1493.9085040842838	2094
2569	1494.499477288198	2118
2570	1495.090456455908	2103
2571	1495.6814415561082	2088
2572	1496.2724325574934	2117
2573	1496.863429428759	2108
2574	1497.4544321385993	2075
2575	1498.0454406557094	2110
2576	1498.636454948784	2102
2577	1499.227474986518	2126
2578	1499.8185007376067	2157
2579	1500.4095321707441	2120
2580	1501.000569254626	2092
2581	1501.5916119579465	2064
2582	1502.1826602494011	2072
2583	1502.7737140976842	2073
2584	1503.3647734714907	2067
2585	1503.9558383395158	2045
2586	1504.546908670454	1994
2587	1505.1379844330002	2032
2588	1505.7290655958495	2025
2589	1506.3201521276965	2017
2590	1506.9112439972362	2111
2591	1507.5023411731634	2090
2592	1508.093443624173	2115
2593	1508.6845513189598	2134
2594	1509.2756642262189	2169
2595	1509.8667823146448	2145
2596	1510.4579055529323	2170
2597	1511.0490339097767	2141
2598	1511.6401673538726	2191
2599	1512.2313058539153	2176
2600	1512.8224493785988	2228
2601	1513.4135978966185	2178
2602	1514.0047513766692	2146
2603	1514.5959097874459	2128
2604	1515.1870730976432	2145
2605	1515.778241275956	2115
2606	1516.3694142910795	2096
2607	1516.9605921117081	2054
2608	1517.5517747065367	2138
2609	1518.1429620442602	2104
2610	1518.734154093574	2126
2611	1519.3253508231726	2108
2612	1519.9165522017504	2091
2613	1520.5077581980029	2073
2614	1521.0989687806245	2109
2615	1521.6901839183104	2098
2616	1522.281403579755	2070
2617	1522.872627733654	2080
2618	1523.4638563487015	2032
2619	1524.0550893935927	2002
2620	1524.6463268370223	2025
2621	1525.2375686476855	2105
2622	1525.8288147942765	2100
2623	1526.4200652454908	2098
2624	1527.011319970023	2032
2625	1527.6025789365679	2036
2626	1528.1938421138202	2081
2627	1528.7851094704754	2091
2628	1529.3763809752277	2052
2629	1529.9676565967725	2069
2630	1530.558936303804	2048
2631	1531.1502200650177	2083
2632	1531.741507849108	2127
2633	1532.3327996247704	2082
2634	1532.9240953606986	2186
2635	1533.5153950255885	2119
2636	1534.106698588135	2113
2637	1534.6980060170324	2057
2638	1535.2893172809756	2042
2639	1535.8806323486594	2095
2640	1536.4719511887793	2093
2641	1537.0632737700296	2065
2642	1537.6546000611054	2099
2643	1538.2459300307012	2125
2644	1538.8372636475124	2106
2645	1539.4286008802335	2126
2646	1540.0199416975595	2165
2647	1540.611286068185	2127
2648	1541.202633960805	2111
2649	1541.7939853441148	2062
2650	1542.3853401868087	2076
2651	1542.9766984575815	2113
2652	1543.5680601251286	2083
2653	1544.1594251581444	2068
2654	1544.7507935253243	2060
2655	1545.3421651953622	2103
2656	1545.9335401369538	2167
2657	1546.5249183187939	2116
2658	1547.1162997095769	2187
2659	1547.707684277998	2135
2660	1548.299071992752	2074
2661	1548.8904628225337	2061
2662	1549.481856736038	2074
2663	1550.0732537019599	2149
2664	1550.6646536889941	2132
2665	1551.256056665835	2074
2666	1551.8474626011787	2059
2667	1552.4388714637191	2031
2668	1553.0302832221512	2008
2669	1553.6216978451698	2024
2670	1554.2131153014698	2080
2671	1554.8045355597465	2074
2672	1555.3959585886942	2098
2673	1555.9873843570078	2048
2674	1556.5788128333825	2156
2675	1557.1702439865132	2068
2676	1557.7616777850942	2076
2677	1558.3531141978208	2053
2678	1558.9445531933882	2118
2679	1559.5359947404902	2071
2680	1560.1274388078225	2020
2681	1560.71888536408	2048
2682	1561.310334377957	2067
2683	1561.9017858181487	2077
2684	1562.49323965335	2096
2685	1563.084695852256	2146
2686	1563.676154383561	2203
2687	1564.26761521596	2113
2688	1564.859078318148	2087
2689	1565.45054365882	2029
2690	1566.0420112066704	2067
2691	1566.6334809303944	2069
2692	1567.224952798687	2109
2693	1567.816426780243	2129
2694	1568.4079028437568	2094
2695	1568.999380957924	2055
2696	1569.5908610914385	2097
2697	1570.182343212996	2145
2698	1570.7738272912914	2095
2699	1571.3653132950187	2086
2700	1571.9568011928739	2070
2701	1572.5482909535506	2092
2702	1573.1397825457448	2031
2703	1573.7312759381505	2076
2704	1574.3227710994631	2097
2705	1574.9142679983772	2115
2706	1575.5057666035882	2079
2707	1576.09726688379	2092
2708	1576.6887688076783	2075
2709	1577.2802723439477	2064
2710	1577.8717774612924	2108
2711	1578.4632841284085	2076
2712	1579.05479231399	2047
2713	1579.646301986732	2047
2714	1580.2378131153293	2133
2715	1580.829325668477	2114
2716	1581.4208396148692	2058
2717	1582.0123549232019	2027
2718	1582.6038715621692	2083
2719	1583.195389500466	2097
2720	1583.7869087067875	2116
2721	1584.3784291498282	2090
2722	1584.9699507982832	2097
2723	1585.5614736208472	2038
2724	1586.1529975862154	2099
2725	1586.7445226630823	2090
2726	1587.3360488201429	2094
2727	1587.9275760260919	2078
2728	1588.5191042496242	2111
2729	1589.110633459435	2130
2730	1589.7021636242184	2121
2731	1590.2936947126702	2069
2732	1590.8852266934848	2110
2733	1591.4767595353574	2022
2734	1592.0682932069817	2065
2735	1592.6598276770544	2071
2736	1593.2513629142686	2072
2737	1593.8428988873204	2081
2738	1594.4344355649039	2062
2739	1595.0259729157142	2046
2740	1595.6175109084463	2083
2741	1596.209049511795	2120
2742	1596.8005886944552	2190
2743	1597.3921284251217	2170
2744	1597.983668672489	2100
2745	1598.575209405253	2124
2746	1599.1667505921073	2070
2747	1599.7582922017473	2056
2748	1600.3498342028684	2053
2749	1600.9413765641643	2057
2750	1601.532919254331	2104
2751	1602.1244622420627	2077
2752	1602.7160054960545	2059
2753	1603.3075489850012	2083
2754	1603.8990926775975	2129
2755	1604.4906365425386	2061
2756	1605.082180548519	2096
2757	1605.6737246642338	2102
2758	1606.265268858378	2074
2759	1606.856813099646	2067
2760	1607.448357356733	2151
2761	1608.0399015983337	2100
2762	1608.631445793143	2092
2763	1609.2229899098559	2080
2764	1609.8145339171672	2032
2765	1610.4060777837717	2061
2766	1610.9976214783642	2023
2767	1611.5891649696396	2105
2768	1612.1807082262926	2109
2769	1612.7722512170187	2138
2770	1613.363793910512	2130
2771	1613.9553362754677	2115
2772	1614.546878280581	2085
2773	1615.1384198945461	2104
2774	1615.7299610860582	2124
2775	1616.321501823812	2119
2776	1616.9130420765027	2094
2777	1617.5045818128249	2126
2778	1618.0961210014734	2145
2779	1618.6876596111433	2147
2780	1619.2791976105293	2117
2781	1619.8707349683261	2099
2782	1620.462271653229	2098
2783	1621.0538076339321	2057
2784	1621.6453428791312	2128
2785	1622.2368773575206	2100
2786	1622.8284110377954	2088
2787	1623.4199438886503	2077
2788	1624.0114758787802	2151
2789	1624.60300697688	2097
2790	1625.1945371516442	2128
2791	1625.7860663717684	2041
2792	1626.3775946059468	2042
2793	1626.9691218228745	2106
2794	1627.5606479912462	2157
2795	1628.1521730797574	2130
2796	1628.7436970571025	2159
2797	1629.3352198919758	2086
2798	1629.926741553073	2081
2799	1630.5182620090886	2075
2800	1631.1097812287178	2056
2801	1631.7012991806548	2046
2802	1632.2928158335953	2081
2803	1632.8843311562332	2076
2804	1633.4758451172643	2040
2805	1634.0673576853826	2050
2806	1634.6588688292838	2091
2807	1635.2503785176618	2070
2808	1635.8418867192129	2106
2809	1636.4333934026301	2050
2810	1637.02489853661	2036
2811	1637.6164020898461	2017
2812	1638.2079040310343	2085
2813	1638.7994043288686	2068
2814	1639.3909029520444	2034
2815	1639.9823998692568	2126
2816	1640.5738950492	2123
2817	1641.1653884605691	2093
2818	1641.756880072059	2093
2819	1642.3483698523646	2100
2820	1642.9398577701809	2106
2821	1643.5313437942027	2126
2822	1644.1228278931242	2206
2823	1644.7143100356411	2194
2824	1645.305790190448	2152
2825	1645.89726832624	2142
2826	1646.4887444117114	2055
2827	1647.0802184155573	2128
2828	1647.6716903064728	2114
2829	1648.2631600531524	2090
2830	1648.8546276242912	2105
2831	1649.446092988584	2093
2832	1650.0375561147257	2095
2833	1650.629016971411	2086
2834	1651.2204755273349	2058
2835	1651.8119317511923	2082
2836	1652.4033856116782	2068
2837	1652.9948370774869	2123
2838	1653.5862861173136	2077
2839	1654.1777326998536	2078
2840	1654.7691767938009	2095
2841	1655.3606183678512	2063
2842	1655.9520573906987	2059
2843	1656.5434938310386	2137
2844	1657.1349276575656	2172
2845	1657.7263588389746	2135
2846	1658.3177873439606	2102
2847	1658.9092131412185	2076
2848	1659.5006361994426	2083
2849	1660.0920564873286	2053
2850	1660.6834739735707	2096
2851	1661.2748886268641	2065
2852	1661.8663004159037	2041
2853	1662.457709309384	2077
2854	1663.049115276	2054
2855	1663.640518284447	2099
2856	1664.231918303419	2139
2857	1664.8233153016117	2088
2858	1665.4147092477199	2103
2859	1666.0061001104375	2074
2860	1666.5974878584607	2120
2861	1667.1888724604835	2082
2862	1667.7802538852004	2070
2863	1668.3716321013076	2109
2864	1668.9630070774988	2097
2865	1669.5543787824693	2142
2866	1670.1457471849137	2122
2867	1670.7371122535276	2058
2868	1671.328473957005	2061
2869	1671.919832264041	2077
2870	1672.5111871433307	2080
2871	1673.102538563569	2128
2872	1673.6938864934502	2111
2873	1674.2852309016698	2154
2874	1674.876571756922	2106
2875	1675.4679090279024	2074
2876	1676.0592426833052	2154
2877	1676.6505726918258	2124
2878	1677.241899022159	2097
2879	1677.8332216429992	2042
2880	1678.4245405230417	2092
2881	1679.0158556309812	2075
2882	1679.6071669355126	2083
2883	1680.1984744053307	2076
2884	1680.7897780091303	2030
2885	1681.3810777156061	2125
2886	1681.9723734934537	2106
2887	1682.5636653113672	2068
2888	1683.154953138042	2094
2889	1683.7462369421726	2126
2890	1684.3375166924536	2158
2891	1684.9287923575807	2154
2892	1685.5200639062477	2186
2893	1686.1113313071507	2168
2894	1686.7025945289836	2112
2895	1687.2938535404414	2098
2896	1687.8851083102193	2131
2897	1688.476358807012	2088
2898	1689.067604999514	2074
2899	1689.658846856421	2095
2900	1690.250084346427	2060
2901	1690.8413174382274	2102
2902	1691.4325461005167	2101
2903	1692.02377030199	2133
2904	1692.6149900113421	2071
2905	1693.206205197268	2042
2906	1693.7974158284624	2072
2907	1694.3886218736197	2109
2908	1694.979823301436	2134
2909	1695.571020080605	2110
2910	1696.1622121798218	2066
2911	1696.7533995677818	2086
2912	1697.3445822131791	2099
2913	1697.935760084709	2104
2914	1698.5269331510665	2032
2915	1699.1181013809464	2059
2916	1699.709264743043	2076
2917	1700.3004232060516	2047
2918	1700.8915767386675	2055
2919	1701.482725309585	2068
2920	1702.0738688874987	2048
2921	1702.665007441104	2019
2922	1703.2561409390958	2073
2923	1703.8472693501683	2066
2924	1704.4383926430169	2063
2925	1705.0295107863367	2061
2926	1705.620623748822	2112
2927	1706.211731499168	2103
2928	1706.8028340060691	2129
2929	1707.3939312382208	2136
2930	1707.985023164318	2127
2931	1708.5761097530544	2042
2932	1709.1671909731265	2061
2933	1709.758266793228	2122
2934	1710.3493371820537	2092
2935	1710.9404021082992	2077
2936	1711.5314615406594	2077
2937	1712.1225154478286	2131
2938	1712.7135637985016	2086
2939	1713.3046065613735	2137
2940	1713.8956437051395	2115
2941	1714.486675198494	2097
2942	1715.0777010101317	2073
2943	1715.6687211087476	2053
2944	1716.2597354630375	2136
2945	1716.850744041695	2146
2946	1717.4417468134152	2114
2947	1718.0327437468934	2131
2948	1718.6237348108245	2074
2949	1719.2147199739027	2044
2950	1719.8056992048234	2051
2951	1720.3966724722818	2094
2952	1720.9876397449716	2125
2953	1721.5786009915887	2131
2954	1722.1695561808278	2194
2955	1722.760505281383	2211
2956	1723.3514482619503	2167
2957	1723.9423850912235	2108
2958	1724.5333157378984	2167
2959	1725.1242401706693	2166
2960	1725.715158358231	2176
2961	1726.3060702692787	2131
2962	1726.896975872507	2114
2963	1727.487875136611	2081
2964	1728.078768030285	2136
2965	1728.6696545222246	2131
2966	1729.2605345811246	2054
2967	1729.8514081756791	2079
2968	1730.4422752745836	2129
2969	1731.0331358465328	2146
2970	1731.6239898602219	2161
2971	1732.214837284345	2104
2972	1732.8056780875977	2068
2973	1733.3965122386746	2078
2974	1733.9873397062702	2063
2975	1734.57816045908	2105
2976	1735.168974465798	2109
2977	1735.7597816951202	2114
2978	1736.3505821157405	2092
2979	1736.9413756963545	2031
2980	1737.5321624056562	2034
2981	1738.1229422123413	2078
2982	1738.713715085104	2083
2983	1739.3044809926398	2028
2984	1739.895239903643	2033
2985	1740.4859917868089	2094
2986	1741.076736610832	2122
2987	1741.6674743444073	2124
2988	1742.2582049562293	2140
2989	1742.8489284149937	2074
2990	1743.4396446893948	2073
2991	1744.0303537481275	2047
2992	1744.6210555598864	2073
2993	1745.2117500933673	2035
2994	1745.8024373172639	2039
2995	1746.393117200272	2093
2996	1746.9837897110856	2058
2997	1747.5744548184005	2045
2998	1748.1651124909104	2128
2999	1748.7557626973112	2083
3000	1749.3464054062977	2068
3001	1749.937040586564	2066
3002	1750.5276682068056	2037
3003	1751.1182882357168	2029
3004	1751.7089006419933	2048
3005	1752.2995053943293	2040
3006	1752.8901024614197	2045
3007	1753.4806918119598	2103
3008	1754.071273414644	2104
3009	1754.6618472381676	2146
3010	1755.252413251225	2080
3011	1755.8429714225113	2082
3012	1756.433521720721	2074
3013	1757.0240641145494	2088
3014	1757.6145985726914	2058
3015	1758.2051250638415	2032
3016	1758.795643556695	2052
3017	1759.3861540199464	2075
3018	1759.9766564222905	2101
3019	1760.5671507324225	2050
3020	1761.157636919037	2054
3021	1761.748114950829	2086
3022	1762.3385847964933	2067
3023	1762.929046424725	2053
3024	1763.5194998042182	2102
3025	1764.1099449036687	2073
3026	1764.7003816917709	2118
3027	1765.29081013722	2104
3028	1765.88123020871	2186
3029	1766.4716418749365	2148
3030	1767.0620451045945	2094
3031	1767.6524398663782	2073
3032	1768.2428261289829	2105
3033	1768.8332038611036	2133
3034	1769.4235730314347	2095
3035	1770.0139336086713	2099
3036	1770.6042855615083	2053
3037	1771.1946288586405	2071
3038	1771.784963468763	2083
3039	1772.37528936057	2036
3040	1772.9656065027573	2039
3041	1773.5559148640189	2060
3042	1774.14621441305	2152
3043	1774.7365051185457	2118
3044	1775.3267869492006	2130
3045	1775.9170598737094	2121
3046	1776.5073238607674	2072
3047	1777.0975788790693	2103
3048	1777.6878248973096	2145
3049	1778.2780618841837	2149
3050	1778.868289808386	2142
3051	1779.4585086386114	2155
3052	1780.048718343555	2061
3053	1780.6389188919118	2137
3054	1781.2291102523761	2076
3055	1781.8192923936435	2071
3056	1782.4094652844083	2127
3057	1782.9996288933655	2120
3058	1783.58978318921	2148
3059	1784.1799281406368	2074
3060	1784.7700637163405	2097
3061	1785.3601898850156	2059
3062	1785.950306615358	2082
3063	1786.540413876062	2059
3064	1787.1305116358221	2059
3065	1787.7205998633337	2066
3066	1788.3106785272914	2023
3067	1788.9007475963904	2009
3068	1789.490807039325	2020
3069	1790.0808568247903	2046
3070	1790.6708969214812	2051
3071	1791.2609272980928	2063
3072	1791.8509479233198	2156
3073	1792.4409587658567	2118
3074	1793.0309597943988	2124
3075	1793.6209509776406	2148
3076	1794.2109322842775	2108
3077	1794.8009036830035	2061
3078	1795.3908651425147	2039
3079	1795.9808166315047	2019
3080	1796.5707581186691	2063
3081	1797.1606895727025	2094
3082	1797.7506109622998	2085
3083	1798.340522256156	2064
3084	1798.9304234229658	2071
3085	1799.5203144314241	2107
3086	1800.110195250226	2134
3087	1800.7000658480658	2119
3088	1801.2899261936388	2093
3089	1801.8797762556399	2092
3090	1802.4696160027636	2130
3091	1803.0594454037048	2107
3092	1803.6492644271589	2096
3093	1804.2390730418203	2088
3094	1804.8288712163842	2072
3095	1805.418658919545	2046
3096	1806.0084361199977	2095
3097	1806.598202786437	2090
3098	1807.1879588875584	2080
3099	1807.7777043920562	2101
3100	1808.3674392686253	2117
3101	1808.9571634859608	2127
3102	1809.5468770127575	2184
3103	1810.1365798177103	2071
3104	1810.7262718695135	2167
3105	1811.3159531368626	2116
3106	1811.9056235884527	2111
3107	1812.4952831929777	2043
3108	1813.0849319191334	2069
3109	1813.674569735614	2089
3110	1814.2641966111148	2107
3111	1814.8538125143305	2094
3112	1815.4434174139556	2094
3113	1816.0330112786855	2132
3114	1816.622594077215	2135
3115	1817.2121657782384	2078
3116	1817.8017263504514	2161
3117	1818.3912757625483	2130
3118	1818.9808139832242	2123
3119	1819.5703409811738	2088
3120	1820.159856725092	2079
3121	1820.7493611836735	2110
3122	1821.3388543256135	2120
3123	1821.9283361196067	2117
3124	1822.517806534348	2083
3125	1823.1072655385324	2090
3126	1823.6967131008544	2102
3127	1824.2861491900087	2088
3128	1824.875573774691	2089
3129	1825.4649868235956	2117
3130	1826.0543883054172	2082
3131	1826.643778188851	2050
3132	1827.2331564425917	2078
3133	1827.8225230353341	2088
3134	1828.4118779357732	2088
3135	1829.001221112604	2072
3136	1829.5905525345213	2118
3137	1830.1798721702196	2110
3138	1830.769179988394	2172
3139	1831.3584759577398	2183
3140	1831.9477600469509	2095
3141	1832.5370322247227	2135
3142	1833.1262924597502	2095
3143	1833.7155407207283	2112
3144	1834.3047769763514	2099
3145	1834.8940011953146	2044
3146	1835.483213346313	2164
3147	1836.0724133980414	2093
3148	1836.661601319194	2065
3149	1837.2507770784662	2148
3150	1837.839940644553	2122
3151	1838.4290919861492	2068
3152	1839.0182310719497	2098
3153	1839.607357870649	2166
3154	1840.196472350942	2153
3155	1840.7855744815242	2112
3156	1841.3746642310898	2040
3157	1841.9637415683337	2077
3158	1842.5528064619507	2129
3159	1843.1418588806362	2058
3160	1843.7308987930846	2047
3161	1844.319926167991	2040
3162	1844.9089409740502	2098
3163	1845.497943179957	2129
3164	1846.086932754406	2163
3165	1846.6759096660926	2199
3166	1847.2648738837113	2107
3167	1847.8538253759573	2075
3168	1848.4427641115249	2070
3169	1849.0316900591095	2123
3170	1849.6206031874053	2180
3171	1850.209503465108	2108
3172	1850.798390860912	2087
3173	1851.3872653435124	2043
3174	1851.9761268816035	2081
3175	1852.5649754438807	2081
3176	1853.1538109990386	2057
3177	1853.7426335157722	2083
3178	1854.3314429627765	2146
3179	1854.9202393087462	2111
3180	1855.5090225223757	2090
3181	1856.0977925723605	2066
3182	1856.6865494273954	2087
3183	1857.2752930561753	2079
3184	1857.8640234273946	2086
3185	1858.4527405097483	2153
3186	1859.0414442719316	2134
3187	1859.6301346826392	2085
3188	1860.2188117105661	2102
3189	1860.8074753244064	2085
3190	1861.3961254928558	2145
3191	1861.9847621846093	2096
3192	1862.5733853683607	2063
3193	1863.1619950128063	2068
3194	1863.7505910866396	2054
3195	1864.3391735585562	2072
3196	1864.927742397251	2065
3197	1865.5162975714181	2121
3198	1866.1048390497535	2108
3199	1866.6933668009513	2085
3200	1867.2818807937065	2080
3201	1867.870380996714	2099
3202	1868.4588673786686	2174
3203	1869.0473399082653	2112
3204	1869.635798554199	2076
3205	1870.2242432851644	2052
3206	1870.8126740698565	2069
3207	1871.4010908769696	2083
3208	1871.9894936751994	2087
3209	1872.5778824332406	2099
3210	1873.1662571197874	2084
3211	1873.7546177035354	2035
3212	1874.3429641531789	2045
3213	1874.9312964374133	2101
3214	1875.519614524933	2124
3215	1876.107918384433	2087
3216	1876.6962079846085	2097
3217	1877.284483294154	2098
3218	1877.8727442817644	2221
3219	1878.4609909161343	2154
3220	1879.0492231659591	2103
3221	1879.6374409999332	2059
3222	1880.225644386752	2036
3223	1880.81383329511	2016
3224	1881.402007693702	2001
3225	1881.990167551223	2046
3226	1882.5783128363678	2072
3227	1883.166443517831	2103
3228	1883.7545595643082	2094
3229	1884.3426609444934	2147
3230	1884.930747627082	2154
3231	1885.5188195807684	2118
3232	1886.1068767742483	2065
3233	1886.694919176216	2048
3234	1887.282946755366	2066
3235	1887.8709594803938	2035
3236	1888.4589573199944	2064
3237	1889.0469402428616	2095
3238	1889.6349082176912	2119
3239	1890.2228612131778	2133
3240	1890.8107991980164	2105
3241	1891.3987221409016	2072
3242	1891.9866300105282	2113
3243	1892.5745227755913	2128
3244	1893.1624004047858	2055
3245	1893.7502628668067	2107
3246	1894.338110130348	2110
3247	1894.9259421641057	2041
3248	1895.513758936774	2055
3249	1896.101560417048	2080
3250	1896.6893465736223	2119
3251	1897.277117375192	2155
3252	1897.8648727904515	2132
3253	1898.4526127880965	2111
3254	1899.040337336821	2103
3255	1899.628046405321	2119
3256	1900.2157399622902	2132
3257	1900.8034179764236	2073
3258	1901.3910804164163	2044
3259	1901.9787272509636	2072
3260	1902.56635844876	2066
3261	1903.1539739785003	2015
3262	1903.7415738088791	2066
3263	1904.3291579085917	2063
3264	1904.9167262463327	2090
3265	1905.5042787907973	2088
3266	1906.09181551068	2099
3267	1906.6793363746758	2102
3268	1907.2668413514793	2134
3269	1907.8543304097857	2060
3270	1908.44180351829	2026
3271	1909.029260645687	2075
3272	1909.616701760671	2109
3273	1910.2041268319372	2097
3274	1910.7915358281807	2085
3275	1911.378928718096	2140
3276	1911.9663054703785	2147
3277	1912.553666053722	2116
3278	1913.1410104368226	2121
3279	1913.7283385883748	2117
3280	1914.3156504770725	2154
3281	1914.9029460716122	2084
3282	1915.4902253406874	2036
3283	1916.0774882529936	2089
3284	1916.6647347772252	2091
3285	1917.2519648820776	2134
3286	1917.8391785362455	2090
3287	1918.4263757084236	2108
3288	1919.0135563673068	2092
3289	1919.60072048159	2063
3290	1920.1878680199682	2043
3291	1920.7749989511365	2124
3292	1921.3621132437886	2082
3293	1921.9492108666204	2138
3294	1922.536291788327	2126
3295	1923.1233559776022	2104
3296	1923.7104034031415	2077
3297	1924.2974340336402	2095
3298	1924.884447837792	2127
3299	1925.4714447842928	2210
3300	1926.0584248418372	2131
3301	1926.6453879791197	2102
3302	1927.232334164835	2101
3303	1927.819263367679	2230
3304	1928.406175556346	2179
3305	1928.9930706995303	2079
3306	1929.5799487659274	2089
3307	1930.1668097242316	2145
3308	1930.7536535431386	2107
3309	1931.340480191343	2066
3310	1931.9272896375392	2068
3311	1932.5140818504224	2056
3312	1933.1008567986876	2046
3313	1933.6876144510288	2109
3314	1934.274354776142	2078
3315	1934.8610777427218	2078
3316	1935.4477833194624	2101
3317	1936.0344714750593	2056
3318	1936.621142178207	2079
3319	1937.2077953976009	2092
3320	1937.794431101935	2071
3321	1938.381049259905	2072
3322	1938.9676498402055	2118
3323	1939.554232811531	2123
3324	1940.1407981425764	2081
3325	1940.727345802037	2075
3326	1941.3138757586073	2054
3327	1941.900387980983	2090
3328	1942.4868824378575	2128
3329	1943.0733590979266	2047
3330	1943.6598179298849	2099
3331	1944.2462589024276	2043
3332	1944.8326819842493	2093
3333	1945.4190871440446	2082
3334	1946.0054743505086	2091
3335	1946.5918435723365	2071
3336	1947.178194778223	2129
3337	1947.7645279368624	2100
3338	1948.35084301695	2143
3339	1948.9371399871807	2164
3340	1949.5234188162494	2155
3341	1950.1096794728508	2079
3342	1950.6959219256798	2079
3343	1951.282146143431	2126
3344	1951.8683520947998	2088
3345	1952.4545397484806	2086
3346	1953.0407090731687	2096
3347	1953.6268600375588	2057
3348	1954.2129926103453	2088
3349	1954.7991067602234	2144
3350	1955.3852024558882	2073
3351	1955.9712796660342	2053
3352	1956.557338359357	2127
3353	1957.1433785045504	2133
3354	1957.7294000703096	2082
3355	1958.3154030253295	2207
3356	1958.9013873383053	2204
3357	1959.4873529779316	2199
3358	1960.0732999129034	2097
3359	1960.6592281119151	2094
3360	1961.2451375436624	2027
3361	1961.831028176839	2033
3362	1962.416899980141	2094
3363	1963.0027529222623	2122
3364	1963.5885869718982	2120
3365	1964.1744020977435	2069
3366	1964.760198268493	2095
3367	1965.345975452842	2062
3368	1965.9317336194847	2107
3369	1966.517472737116	2078
3370	1967.1031927744314	2111
3371	1967.6888937001252	2080
3372	1968.2745754828923	2074
3373	1968.8602380914276	2123
3374	1969.4458814944264	2135
3375	1970.031505660583	2104
3376	1970.6171105585922	2044
3377	1971.2026961571496	2099
3378	1971.7882624249492	2153
3379	1972.3738093306868	2088
3380	1972.9593368430558	2147
3381	1973.5448449307526	2138
3382	1974.1303335624714	2088
3383	1974.7158027069067	2135
3384	1975.3012523327538	2115
3385	1975.886682408708	2066
3386	1976.4720929034634	2085
3387	1977.0574837857148	2120
3388	1977.6428550241578	2085
3389	1978.2282065874867	2126
3390	1978.8135384443965	2108
3391	1979.398850563582	2066
3392	1979.984142913738	2054
3393	1980.5694154635598	2073
3394	1981.1546681817417	2152
3395	1981.7399010369786	2117
3396	1982.325113997966	2099
3397	1982.9103070333983	2084
3398	1983.4954801119704	2061
3399	1984.0806332023767	2050
3400	1984.665766273313	2093
3401	1985.2508792934732	2090
3402	1985.835972231553	2138
3403	1986.421045056247	2119
3404	1987.0060977362496	2108
3405	1987.591130240256	2136
3406	1988.1761425369612	2199
3407	1988.76113459506	2138
3408	1989.3461063832472	2120
3409	1989.9310578702173	2110
3410	1990.515989024666	2100
3411	1991.1008998152874	2109
3412	1991.6857902107765	2117
3413	1992.2706601798286	2130
3414	1992.8555096911382	2123
3415	1993.4403387134	2057
3416	1994.0251472153093	2101
3417	1994.6099351655603	2114
3418	1995.1947025328489	2170
3419	1995.7794492858688	2127
3420	1996.3641753933157	2159
3421	1996.9488808238839	2101
3422	1997.5335655462688	2087
3423	1998.118229529165	2086
3424	1998.7028727412674	2112
3425	1999.2874951512708	2126
3426	1999.87209672787	2145
3427	2000.45667743976	2095
3428	2001.041237255635	2071
3429	2001.6257761441911	2128
3430	2002.2102940741222	2123
3431	2002.7947910141238	2046
3432	2003.3792669328905	2050
3433	2003.9637217991167	2077
3434	2004.5481555814977	2146
3435	2005.1325682487284	2082
3436	2005.7169597695035	2193
3437	2006.3013301125181	2237
3438	2006.885679246467	2156
3439	2007.4700071400448	2112
3440	2008.0543137619463	2088
3441	2008.6385990808667	2080
3442	2009.2228630655009	2093
3443	2009.8071056845436	2049
3444	2010.3913269066898	2098
3445	2010.9755267006337	2087
3446	2011.559705035071	2127
3447	2012.143861878696	2148
3448	2012.727997200204	2085
3449	2013.31211096829	2095
3450	2013.8962031516483	2133
3451	2014.4802737189736	2294
3452	2015.0643226389614	2189
3453	2015.6483498803063	2130
3454	2016.232355411703	2083
3455	2016.8163392018466	2126
3456	2017.400301219432	2099
3457	2017.984241433154	2095
3458	2018.5681598117073	2062
3459	2019.1520563237866	2069
3460	2019.7359309380877	2107
3461	2020.3197836233041	2069
3462	2020.903614348132	2125
3463	2021.487423081265	2174
3464	2022.0712097913986	2179
3465	2022.654974447228	2119
3466	2023.2387170174472	2103
3467	2023.8224374707518	2069
3468	2024.4061357758364	2074
3469	2024.989811901396	2035
3470	2025.573465816125	2076
3471	2026.1570974887188	2128
3472	2026.7407068878722	2096
3473	2027.3242939822799	2042
3474	2027.9078587406364	2029
3475	2028.491401131637	2022
3476	2029.074921123977	2098
3477	2029.65841868635	2084
3478	2030.241893787452	2045
3479	2030.8253463959777	2141
3480	2031.408776480621	2126
3481	2031.992184010078	2121
3482	2032.5755689530433	2096
3483	2033.1589312782114	2012
3484	2033.7422709542768	2079
3485	2034.3255879499354	2026
3486	2034.9088822338808	2062
3487	2035.4921537748091	2081
3488	2036.0754025414146	2040
3489	2036.6586285023918	2052
3490	2037.2418316264361	2130
3491	2037.8250118822427	2080
3492	2038.4081692385053	2120
3493	2038.9913036639196	2120
3494	2039.5744151271801	2153
3495	2040.1575035969822	2136
3496	2040.74056904202	2113
3497	2041.3236114309893	2160
3498	2041.9066307325838	2095
3499	2042.4896269154995	2148
3500	2043.0725999484303	2162
3501	2043.6555498000719	2176
3502	2044.2384764391186	2132
3503	2044.8213798342651	2140
3504	2045.404259954207	2079
3505	2045.9871167676386	2068
3506	2046.5699502432547	2075
3507	2047.1527603497502	2091
3508	2047.7355470558205	2137
3509	2048.3183103301603	2090
3510	2048.9010501414637	2127
3511	2049.4837664584265	2156
3512	2050.066459249743	2112
3513	2050.649128484108	2108
3514	2051.2317741302168	2066
3515	2051.814396156764	2122
3516	2052.3969945324443	2115
3517	2052.979569225953	2143
3518	2053.562120205985	2081
3519	2054.1446474412346	2080
3520	2054.7271509003967	2120
3521	2055.3096305521667	2109
3522	2055.8920863652393	2080
3523	2056.474518308309	2088
3524	2057.0569263500706	2119
3525	2057.6393104592194	2102
3526	2058.2216706044505	2141
3527	2058.804006754458	2093
3528	2059.3863188779374	2070
3529	2059.968606943583	2052
3530	2060.55087092009	2106
3531	2061.133110776153	2129
3532	2061.7153264804674	2128
3533	2062.2975180017274	2099
3534	2062.8796853086287	2109
3535	2063.461828369865	2107
3536	2064.0439471541326	2075
3537	2064.6260416301247	2049
3538	2065.2081117665375	2075
3539	2065.790157532065	2049
3540	2066.372178895403	2052
3541	2066.954175825246	2083
3542	2067.5361482902877	2076
3543	2068.118096259225	2057
3544	2068.700019700751	2061
3545	2069.2819185835615	2058
3546	2069.8637928763505	2069
3547	2070.4456425478143	2034
3548	2071.0274675666465	2049
3549	2071.6092679015424	2099
3550	2072.191043521197	2111
3551	2072.772794394305	2111
3552	2073.3545204895613	2085
3553	2073.9362217756607	2053
3554	2074.517898221298	2099
3555	2075.099549795168	2110
3556	2075.681176465966	2085
3557	2076.2627782023865	2089
3558	2076.844354973124	2099
3559	2077.4259067468747	2088
3560	2078.007433492332	2128
3561	2078.588935178191	2105
3562	2079.1704117731474	2114
3563	2079.7518632458955	2074
3564	2080.3332895651297	2162
3565	2080.9146906995456	2096
3566	2081.496066617838	2027
3567	2082.077417288702	2083
3568	2082.658742680831	2029
3569	2083.2400427629213	2018
3570	2083.821317503668	2097
3571	2084.4025668717645	2090
3572	2084.983790835907	2076
3573	2085.5649893647897	2134
3574	2086.146162427107	2091
3575	2086.7273099915546	2082
3576	2087.3084320268276	2094
3577	2087.88952850162	2065
3578	2088.4705993846273	2111
3579	2089.051644644544	2067
3580	2089.632664250065	2069
3581	2090.213658169885	2087
3582	2090.7946263727	2036
3583	2091.3755688272026	2030
3584	2091.95648550209	2048
3585	2092.5373763660555	2045
3586	2093.118241387795	2107
3587	2093.6990805360024	2114
3588	2094.279893779373	2172
3589	2094.860681086602	2119
3590	2095.441442426384	2043
3591	2096.0221777674137	2058
3592	2096.602887078386	2085
3593	2097.183570327996	2108
3594	2097.7642274849386	2098
3595	2098.344858517908	2111
3596	2098.9254633955998	2078
3597	2099.506042086709	2080
3598	2100.086594559929	2095
3599	2100.6671207839563	2056
3600	2101.247620727485	2072
3601	2101.8280943592104	2109
3602	2102.408541647827	2076
3603	2102.9889625620294	2088
3604	2103.5693570705134	2066
3605	2104.149725141973	2061
3606	2104.730066745103	2081
3607	2105.310381848599	2154
3608	2105.8906704211554	2131
3609	2106.4709324314667	2097
3610	2107.051167848229	2105
3611	2107.6313766401354	2107
3612	2108.211558775882	2128
3613	2108.7917142241636	2087
3614	2109.3718429536743	2056
3615	2109.9519449331106	2065
3616	2110.532020131165	2110
3617	2111.1120685165342	2081
3618	2111.692090057912	2123
3619	2112.2720847239943	2149
3620	2112.852052483475	2094
3621	2113.431993305049	2119
3622	2114.011907157412	2143
3623	2114.591794009258	2129
3624	2115.1716538292826	2108
3625	2115.75148658618	2080
3626	2116.3312922486452	2111
3627	2116.911070785374	2100
3628	2117.49082216506	2128
3629	2118.070546356398	2108
3630	2118.650243328084	2098
3631	2119.229913048812	2055
3632	2119.8095554872766	2119
3633	2120.389170612174	2094
3634	2120.9687583921977	2093
3635	2121.548318796043	2119
3636	2122.127851792405	2147
3637	2122.707357349979	2086
3638	2123.2868354374586	2067
3639	2123.8662860235395	2134
3640	2124.445709076916	2088
3641	2125.0251045662835	2077
3642	2125.604472460337	2069
3643	2126.1838127277706	2086
3644	2126.76312533728	2086
3645	2127.3424102575595	2211
3646	2127.9216674573045	2130
3647	2128.5008969052087	2069
3648	2129.0800985699684	2050
