Index	Wavelength	Intensity
1	160.74480261307292	0.05105720345535567
2	161.00366845694796	-0.014227559729679966
3	161.26254309473086	-0.008960758282572536
4	161.52142654030783	0.09174981227008877
5	161.78031880756518	0.10169928439473915
6	162.0392199103891	0.389550425651132
7	162.29812986266592	0.13585270316719888
8	162.55704867828183	0.13737709156114314
9	162.81597637112313	0.13518739251703832
10	163.07491295507606	0.15565605999117652
11	163.33385844402687	0.177676720649688
12	163.59281285186182	-0.08747556050957109
13	163.85177619246718	-0.15127568706322878
14	164.1107484797292	0.023470938770921053
15	164.36972972753412	0.06463720389721253
16	164.62871994976823	nan
17	164.88771916031777	-0.046024557810662364
18	165.14672737306896	0.09902793055109717
19	165.4057446019081	0.10718285450547177
20	165.66477086072146	0.013794188060869173
21	165.92380616339526	0.10143684564344023
22	166.18285052381574	0.09609745161444337
23	166.4419039558692	0.04929690480484098
24	166.7009664734419	0.13280864823446095
25	166.96003809042006	0.036374811150893534
26	167.21911882068994	0.07262235117300617
27	167.47820867813783	0.012310434348417684
28	167.73730767664995	0.1413089975095066
29	167.99641583011257	0.0
30	168.25553315241197	-0.24938866928326514
31	168.51465965743435	-0.07931805237939699
32	168.773795359066	-0.16390783689326488
33	169.0329402711932	0.21923095506552112
34	169.2920944077022	0.09767513863614156
35	169.5512577824792	0.11440013507789348
36	169.81043040941054	0.09321521185940815
37	170.0696123023824	0.13938410945293297
38	170.3288034752811	-0.21567897049792617
39	170.5880039419928	-0.23683478500736932
40	170.84721371640387	0.9999227660235279
41	171.10643281240053	-0.08327952484710022
42	171.365661243869	-0.033936648041128455
43	171.62489902469557	0.11254030998059725
44	171.88414616876645	nan
45	172.14340268996796	-0.07066821616409395
46	172.40266860218634	-0.017398185845027083
47	172.66194391930782	0.0
48	172.92122865521867	-0.13678462935657223
49	173.18052282380518	-0.5710336845205495
50	173.43982643895353	0.11717596634047685
51	173.69913951455004	0.0
52	173.95846206448095	-0.1979764664861341
53	174.2177941026325	-0.11444399199946398
54	174.47713564289097	-0.06224776330005617
55	174.7364866991426	-0.24309670604473235
56	174.99584728527367	-0.06970403705271494
57	175.2552174151704	-0.12788957290151742
58	175.51459710271905	-0.08606984727504903
59	175.77398636180592	-0.00676856290306663
60	176.03338520631723	0.048940471982310996
61	176.29279365013923	-0.11335411857300473
62	176.5522117071582	-0.030443936192454467
63	176.81163939126037	-0.06757498708111469
64	177.07107671633204	-0.09285802935738866
65	177.33052369625943	-0.10688464614799989
66	177.5899803449288	-0.023981829562996066
67	177.84944667622642	-0.08045431021677525
68	178.10892270403852	-0.15237067150700645
69	178.3684084422514	-0.11097586339301112
70	178.62790390475126	-0.12951527113286096
71	178.8874091054244	-0.04921297456931542
72	179.14692405815705	-0.10233841509604528
73	179.4064487768355	-0.07462631735378863
74	179.66598327534598	-0.031672617648484024
75	179.92552756757476	0.029732779907135246
76	180.18508166740807	0.0
77	180.44464558873221	-0.054810695514239324
78	180.7042193454334	-0.09170008486797188
79	180.9638029513979	-0.07003029135538964
80	181.22339642051196	-0.06684873827706721
81	181.48299976666186	-0.054677432486432614
82	181.74261300373385	-0.03895939667480616
83	182.00223614561418	-0.01261848903183737
84	182.26186920618912	-0.05250658912400757
85	182.5215121993449	-0.04188944308419144
86	182.7811651389678	-0.03120792546979184
87	183.04082803894406	0.0
88	183.30050091315996	-0.02251631748107014
89	183.5601837755017	-0.02351888830138237
90	183.81987663985564	-0.017130901529730264
91	184.07957952010793	-0.02302781908159473
92	184.33929243014487	-0.040331999034991656
93	184.59901538385273	-0.04989720375713569
94	184.85874839511774	-0.056538216901295284
95	185.11849147782618	-0.049997069983978695
96	185.37824464586427	-0.04488395722367503
97	185.63800791311832	-0.03882972187032904
98	185.89778129347454	-0.03346212072093928
99	186.15756480081922	-0.02206745225716585
100	186.41735844903857	-0.030225015589083967
101	186.6771622520189	-0.029343451383482617
102	186.93697622364644	-0.046462326448283034
103	187.19680037780745	-0.025653984594929964
104	187.45663472838817	-0.03296179854664557
105	187.71647928927487	-0.01822611358441518
106	187.97633407435382	-0.011326026123096465
107	188.23619909751127	-0.019843118583045643
108	188.49607437263347	-0.022847344728357973
109	188.75595991360666	-0.026805749428944023
110	189.0158557343171	-0.014393883906544376
111	189.2757618486511	-0.022523956389668653
112	189.53567827049486	-0.00913472475355313
113	189.79560501373464	-0.0133753401826113
114	190.0555420922567	-0.027036753780097993
115	190.31548951994733	-0.027605365542772497
116	190.57544731069277	-0.03916154698691605
117	190.83541547837922	-0.017098027339039618
118	191.09539403689303	-0.0025010964470196535
119	191.35538300012038	-0.0167562354052408
120	191.61538238194757	-0.01622873763200567
121	191.87539219626083	-0.03417673984452318
122	192.13541245694643	-0.03363416237400788
123	192.39544317789063	-0.023002315066046265
124	192.65548437297969	-0.02145586628473359
125	192.91553605609985	-0.010624154887086113
126	193.17559824113738	0.000885913425306812
127	193.43567094197851	-0.0008644675010569826
128	193.6957541725095	-0.012443739390710062
129	193.95584794661667	-0.015204192940687459
130	194.21595227818622	-0.021382632320520532
131	194.4760671811044	-0.024332590262222554
132	194.7361926692575	-0.024885703256690105
133	194.99632875653174	-0.03324131427090312
134	195.2564754568134	-0.03800349175838954
135	195.5166327839887	-0.03322086194405552
136	195.776800751944	-0.019151419311233188
137	196.03697937456542	-0.020868922527133474
138	196.2971686657393	-0.019509004666919454
139	196.55736863935186	-0.017394834140114227
140	196.81757930928939	-0.01998964901843967
141	197.07780068943813	-0.007512177735366116
142	197.33803279368433	-0.019461730543925675
143	197.59827563591426	-0.021502289457409864
144	197.85852923001414	-0.031941819270169945
145	198.11879358987028	-0.020464457022005163
146	198.3790687293689	-0.017138467778770993
147	198.63935466239627	-0.006806263444292654
148	198.89965140283863	-0.0020623339795860568
149	199.15995896458227	-0.006911124440255992
150	199.4202773615134	0.002956549474904916
151	199.6806066075183	-0.0107289605025774
152	199.94094671648327	-0.00720371207721482
153	200.20129770229448	-0.016135419122490433
154	200.46165957883827	-0.01605919010497165
155	200.72203236000084	-0.011609976706995002
156	200.98241605966845	-0.013353690955226672
157	201.24281069172736	-0.027833011543034573
158	201.50321627006386	-0.008577824664477545
159	201.76363280856418	0.0
160	202.02406032111458	-0.012070542296699342
161	202.2844988216013	-0.01941112017879715
162	202.5449483239106	-0.015068115596611652
163	202.8054088419288	-0.012108760369955694
164	203.06588038954206	-0.007044765579001649
165	203.32636298063667	-0.013217019942173953
166	203.58685662909892	-0.012835319473412972
167	203.84736134881504	-0.00624658576811901
168	204.10787715367127	-0.012920518034759115
169	204.3684040575539	-0.01737223443204787
170	204.6289420743492	-0.014915521941308896
171	204.88949121794337	-0.0093163330826181
172	205.15005150222268	-0.012620161328976122
173	205.41062294107343	-0.009102420032302572
174	205.6712055483818	-0.007610535906416356
175	205.93179933803412	-0.009371273681666325
176	206.19240432391663	-0.01620739882953592
177	206.45302051991558	-0.0084001645721315
178	206.71364793991722	-0.01273375357679962
179	206.9742865978078	-0.00950665849092419
180	207.23493650747355	-0.0010692944283161412
181	207.49559768280082	-0.02312290686142335
182	207.75627013767576	-0.015861635823264462
183	208.01695388598472	-0.0177999102865677
184	208.27764894161385	-0.011063073511517979
185	208.53835531844953	-0.010155260141237986
186	208.7990730303779	-0.009315133044339736
187	209.0598020912853	-0.0066982954157737635
188	209.32054251505795	-0.006496691609590513
189	209.5812943155821	-0.01045700007209184
190	209.84205750674403	-0.020255147607716018
191	210.10283210242997	-0.013838762782872329
192	210.3636181165262	-0.014459053232360996
193	210.62441556291895	-0.01667026462716579
194	210.88522445549452	-0.00674562869044667
195	211.14604480813912	-0.011286140256799266
196	211.40687663473904	-0.013127742414149362
197	211.6677199491805	-0.008292847828732396
198	211.92857476534982	-0.0042971625047094186
199	212.18944109713317	-0.012216524910776435
200	212.45031895841686	-0.011028325322655177
201	212.71120836308717	-0.015457683449940822
202	212.9721093250303	-0.012635439072304251
203	213.23302185813253	-0.007484866679299554
204	213.4939459762801	-0.013817232638921317
205	213.7548816933593	-0.015400899369253379
206	214.01582902325634	-0.020642798577487274
207	214.27678797985754	-0.013859300305193277
208	214.53775857704912	-0.009046792039501468
209	214.7987408287173	-0.012634373891264494
210	215.0597347487484	-0.0151083822395525
211	215.32074035102866	-0.00674762245593006
212	215.5817576494443	-0.008971052156441967
213	215.84278665788165	-0.006815093892844026
214	216.10382739022688	-0.0038890243675926027
215	216.3648798603663	-0.0018007356754024257
216	216.62594408218615	-0.01010171132883993
217	216.88702006957266	-0.005457556233495211
218	217.14810783641215	-0.002605348615676919
219	217.40920739659083	0.0009007310711997504
220	217.67031876399497	-0.0017140945583572092
221	217.93144195251082	0.0021497211196463833
222	218.19257697602464	-0.0028753921744092644
223	218.45372384842267	-0.0061144890708392996
224	218.7148825835912	-0.008773282182242836
225	218.97605319541645	-0.00043791704689129127
226	219.23723569778474	-0.005077647514985385
227	219.49843010458224	-0.013618951380529874
228	219.75963642969526	-0.007750217155897759
229	220.02085468701003	-0.005875547744956864
230	220.28208489041285	-0.009833641253446624
231	220.5433270537899	-0.007625817293098319
232	220.80458119102752	-0.0016747338149357958
233	221.06584731601194	0.002906550898527365
234	221.32712544262938	0.0020067444355201095
235	221.58841558476612	-0.002806462417651642
236	221.84971775630842	-0.001860110808533696
237	222.11103197114255	-0.009689794115731464
238	222.37235824315474	-0.018301768441147875
239	222.63369658623122	-0.00736213783422353
240	222.89504701425835	-0.006087492742152435
241	223.1564095411223	-0.005288773293952347
242	223.4177841807093	-0.001897658122724071
243	223.67917094690569	-0.004263742200857997
244	223.94056985359768	-0.007874343336868074
245	224.20198091467157	-0.003115351160024548
246	224.46340414401354	-0.005036964004456062
247	224.7248395555099	-0.004675989850501729
248	224.98628716304688	-0.010610415537580761
249	225.24774698051075	-0.011771917526421516
250	225.50921902178777	-0.010858028928047794
251	225.7707033007642	-0.004928158083994258
252	226.0321998313263	-0.006395745469635272
253	226.2937086273603	-0.011635822150063393
254	226.55522970275246	-0.010073550582260319
255	226.8167630713891	-0.00860997922733109
256	227.07830874715637	-0.006254861426114454
257	227.3398667439406	0.003247665134557689
258	227.601437075628	0.003636778983105045
259	227.8630197561049	-0.005655796384378907
260	228.12461479925747	-0.006235874623391213
261	228.38622221897202	-0.0022240663709825197
262	228.6478420291348	-0.00645124227398238
263	228.90947424363208	-0.004996369661563817
264	229.17111887635002	-0.006557880607182738
265	229.432775941175	-0.014322120594311798
266	229.69444545199323	-0.011797688446919863
267	229.95612742269097	-0.004291084203929594
268	230.21782186715444	-0.006483954357453119
269	230.47952879926996	-0.0069324684178372654
270	230.74124823292374	-0.009422928722545534
271	231.00298018200203	-0.00684966016707606
272	231.26472466039112	-0.004215633619018438
273	231.52648168197726	-0.00887145242026877
274	231.7882512606467	-0.006752428705375618
275	232.05003341028566	-0.004665284784806805
276	232.31182814478046	-0.00316661277835157
277	232.5736354780173	-0.0017590149106413609
278	232.8354554238825	-0.003765690452032115
279	233.09728799626225	-0.01039631165417823
280	233.35913320904285	-0.002713452151205518
281	233.62099107611056	-0.0024358173214754537
282	233.8828616113516	-0.007688510777648785
283	234.14474482865222	-0.008440629832227922
284	234.40664074189874	-0.010900445447848236
285	234.66854936497734	-0.008064449377460819
286	234.93047071177432	-0.007666477136402792
287	235.19240479617596	-0.004704402240148769
288	235.45435163206847	-0.004452265996387838
289	235.7163112333381	-0.0037728101298708243
290	235.97828361387116	-0.007013619001540676
291	236.24026878755387	-0.0006844527925004055
292	236.50226676827248	0.006026513151845935
293	236.76427756991328	0.003974300878760206
294	237.02630120636246	0.004636183251879866
295	237.28833769150637	-0.00448189838412381
296	237.55038703923117	-0.0006174428270526948
297	237.81244926342322	0.002811185494186689
298	238.07452437796866	-0.0032216842861966166
299	238.33661239675382	-0.006917735115241951
300	238.598713333665	-0.006633660098725996
301	238.86082720258833	-0.007186460515996614
302	239.12295401741017	-0.002183769506051364
303	239.3850937920167	-0.00588322910370232
304	239.64724654029425	-0.0029116826944573177
305	239.90941227612905	-0.007183480958907547
306	240.17159101340732	-0.005002023598234513
307	240.43378276601538	-0.008288084170420358
308	240.69598754783942	-0.006246882071106791
309	240.95820537276575	-0.0018290903865928875
310	241.22043625468058	-0.004931031272259063
311	241.4826802074702	-0.0006011357209001688
312	241.74493724502088	-0.005544036880323366
313	242.00720738121885	-0.007075861728538904
314	242.26949062995035	-0.0063254768567688364
315	242.53178700510168	-0.00814333839821343
316	242.79409652055904	-0.006979795292820678
317	243.05641919020871	-0.009170591223961745
318	243.31875502793702	-0.008077733426072828
319	243.5811040476301	-0.0038150429212795074
320	243.84346626317432	-0.0018583448238349762
321	244.10584168845585	-0.002697783491406639
322	244.368230337361	0.0018089540856941698
323	244.630632223776	0.0014831190121843316
324	244.8930473615871	0.0014739157010030706
325	245.15547576468055	0.0012131890977868341
326	245.41791744694268	-0.0008877933118104516
327	245.68037242225967	-0.0054369966020836125
328	245.94284070451778	-0.0028360580662806275
329	246.2053223076033	-0.005823764452293895
330	246.46781724540244	-0.008625108453048634
331	246.73032553180155	-0.00806532973223798
332	246.9928471806868	-0.0112161600647125
333	247.25538220594444	-0.011665002549213061
334	247.51793062146078	-0.009480997192032617
335	247.78049244112205	-0.005516485202423323
336	248.0430676788145	-0.00028915034285614816
337	248.3056563484244	-0.006291710039497784
338	248.568258463838	-0.006761873645054346
339	248.83087403894157	-0.012681954970050811
340	249.09350308762134	-0.008047878403714548
341	249.3561456237636	-0.007008804032259088
342	249.61880166125457	-0.008672810650018358
343	249.88147121398055	-0.006044147944095479
344	250.14415429582772	-0.00789067468662574
345	250.40685092068242	-0.007395029048595581
346	250.66956110243086	-0.0040269391286928006
347	250.93228485495933	-0.002859067546936028
348	251.19502219215403	-0.0036861239928259355
349	251.45777312790125	0.002363042837973017
350	251.7205376760873	0.0005645936273640648
351	251.98331585059833	0.0017148054699948928
352	252.24610766532066	-0.0005711728419614058
353	252.50891313414056	-0.0075387611081753235
354	252.77173227094423	-0.0008474095214183681
355	253.03456508961798	0.0011368008755338948
356	253.29741160404805	-0.0037346079231261485
357	253.56027182812068	-0.0034688064974862072
358	253.82314577572214	-0.007540767835528102
359	254.0860334607387	-0.008664888166013712
360	254.34893489705655	-0.005053831297810695
361	254.61185009856206	-0.009867787384789162
362	254.8747790791414	-0.0070375294649077024
363	255.13772185268084	-0.007163239119361465
364	255.40067843306664	-0.010442455914928747
365	255.6636488341851	-0.0077759511125962315
366	255.9266330699224	-0.008284862340145197
367	256.18963115416483	-0.015314456000701972
368	256.4526431007987	-0.00888806406160872
369	256.71566892371015	-0.0011473578467482677
370	256.97870863678554	-0.00028652935391746765
371	257.2417622539111	0.0011540075191655871
372	257.50482978897304	-0.002271594754051781
373	257.76791125585765	-0.00450452803930754
374	258.03100666845125	-0.0011267525573579289
375	258.29411604064	-0.004185614408173024
376	258.5572393863102	-0.0035319029170753674
377	258.820376719348	-0.0019392271723757326
378	259.0835280536399	-0.0008352857535409051
379	259.346693403072	-0.003719416521071944
380	259.6098727815305	-0.0014257125748853674
381	259.8730662029017	-0.004435244397358715
382	260.13627368107194	-0.005315604891276826
383	260.3994952299274	-0.007805294901032353
384	260.66273086335434	-0.007691074492556998
385	260.925980595239	-0.006096382427410632
386	261.18924443946776	-0.009313322444191967
387	261.4525224099267	-0.006271362330888629
388	261.71581452050214	-0.007351076721767797
389	261.97912078508045	-0.00216902598198467
390	262.2424412175477	-0.00688973744177389
391	262.5057758317903	-0.010987874149832573
392	262.76912464169436	-0.011550952006379839
393	263.0324876611463	-0.0036688807437619516
394	263.2958649040322	-0.005853914626938702
395	263.5592563842385	-0.0063538000051254
396	263.8226621156514	-0.0021663888711404436
397	264.086082112157	-0.004935550688776591
398	264.34951638764176	-0.003009242889579336
399	264.61296495599186	-0.004966057144032168
400	264.87642783109357	-0.0030765480327417647
401	265.13990502683305	-0.004813169427440285
402	265.4033965570967	-0.006075815060388065
403	265.6669024357707	-0.0027916379030456856
404	265.9304226767413	-0.0002779773367099381
405	266.19395729389475	-0.0034628950721848845
406	266.4575063011174	-0.00624442872431901
407	266.7210697122954	-0.00740823036062494
408	266.98464754131504	-0.001103408175583786
409	267.2482398020626	-0.000831445896752791
410	267.51184650842424	0.0008250570739850576
411	267.77546767428635	-0.001678134460212201
412	268.0391033135352	-0.0057818247034318055
413	268.3027534400569	-0.013752951395443637
414	268.56641806773774	-0.009327167524373355
415	268.8300972104641	-0.00843156549813015
416	269.0937908821221	-0.007712971401244527
417	269.3574990965981	-0.004290475047295268
418	269.6212218677782	-0.0029108078162687233
419	269.88495920954887	-0.004452066800622104
420	270.14871113579625	-0.0018714087151214147
421	270.4124776604066	-0.0057122889785621855
422	270.67625879726614	-0.00947837675075396
423	270.94005456026116	-0.00026826864522056225
424	271.20386496327797	-0.005598676348463029
425	271.4676900202028	-0.0065611059314702545
426	271.73152974492183	-0.00741567336380297
427	271.9953841513214	-0.006276790952028294
428	272.25925325328774	-0.006534788518929611
429	272.5231370647071	-0.008137285515633157
430	272.78703559946575	-0.004136676171396141
431	273.0509488714499	-0.011092754470764162
432	273.3148768945459	-0.008013654674301587
433	273.5788196826399	-0.006819995330017604
434	273.8427772496182	-0.0037957472150869248
435	274.10674960936717	-0.004595846062410305
436	274.37073677577285	-0.005425026162730498
437	274.63473876272167	-0.008821285514930607
438	274.8987555840998	-0.0042490698709877345
439	275.1627872537935	-0.008924209911708144
440	275.42683378568904	-0.00799612578890741
441	275.6908951936727	-0.006487146204172621
442	275.9549714916308	0.001054825583306483
443	276.21906269344936	0.0008015189966652785
444	276.4831688130149	0.0028157003098077237
445	276.7472898642135	-0.0028817190096331593
446	277.0114258609315	-0.0002674373653909662
447	277.2755768170552	-0.00026545440214109894
448	277.5397427464707	-0.004730143620954266
449	277.80392366306444	-0.0034609500621130824
450	278.06811958072257	-0.0024346450540298657
451	278.3323305133313	-0.006347979606402457
452	278.596556474777	-0.003295964025204649
453	278.86079747894587	-0.00642489168464524
454	279.1250535397242	-0.00053305517243899
455	279.38932467099823	-0.0016209226602026425
456	279.6536108866542	-0.0027114442335935333
457	279.91791220057826	-0.008433991211879582
458	280.18222862665687	-0.010414121725368057
459	280.4465601787762	-0.0037552637998800494
460	280.7109068708225	-0.005514981316681167
461	280.975268716682	-0.006694511532481139
462	281.239645730241	-0.006412371106463898
463	281.5040379253858	-0.004808857640948428
464	281.7684453160025	-0.0018693715552321308
465	282.0328679159775	-0.001893674592212351
466	282.297305739197	-0.008194435261599629
467	282.56175879954725	-0.009016039305560827
468	282.82622711091454	-0.009484172669539246
469	283.09071068718515	-0.008146341192404495
470	283.35520954224523	-0.0005323791254734228
471	283.61972368998113	0.0027098575776339806
472	283.88425314427906	-0.002135729276810176
473	284.1487979190253	-0.001062553860519361
474	284.41335802810613	-0.005822306542184656
475	284.6779334854077	-0.007362646163864161
476	284.9425243048164	-0.00638565017370614
477	285.20713050021845	-0.00900310154707431
478	285.47175208550004	-0.0016496919577731989
479	285.7363890745475	-0.008910760644868941
480	286.00104148124706	-0.009393099039613158
481	286.2657093194849	-0.00844940219500412
482	286.53039260314745	-0.0062331163956820534
483	286.79509134612084	-0.002147070384460211
484	287.05980556229133	0.0015535361614300808
485	287.3245352655452	0.0
486	287.5892804697687	0.00322383750059302
487	287.8540411888481	-0.002629391965971813
488	288.1188174366697	-0.006894449847392006
489	288.3836092271197	-0.005107980316071648
490	288.64841657408425	-0.004636426733581379
491	288.91323949144976	-0.003367234523233687
492	289.1780779931025	-0.002376329366294537
493	289.44293209292863	-0.001334683962105564
494	289.70780180481444	-0.004794220959194232
495	289.97268714264624	-0.0037308224143339135
496	290.2375881203102	-0.006027099543919598
497	290.50250475169264	-0.007469792444148085
498	290.76743705067975	-0.007134517336484828
499	291.03238503115784	-0.004623915614467972
500	291.29734870701316	-0.004848466647625076
501	291.56232809213196	-0.0012918005577446604
502	291.82732320040054	-0.0033704741309135695
503	292.09233404570506	-0.0041541748889946375
504	292.35736064193185	-0.004990906971855652
505	292.6224030029671	-0.004772603790446713
506	292.88746114269713	-0.002944208447673974
507	293.15253507500825	-0.005219257682531408
508	293.4176248137866	-0.0031275365360139704
509	293.6827303729184	-0.002670173367485464
510	293.9478517662901	-0.002139918795500488
511	294.21298900778777	-0.005105546851669017
512	294.4781421112978	-0.005306547014701116
513	294.74331109070636	-0.0031778362072951657
514	295.00849595989973	-0.005232227442841949
515	295.27369673276417	-0.000777507030482069
516	295.53891342318593	-0.005768498675086114
517	295.8041460450513	0.00025959512720266566
518	296.06939461224647	-0.004487936034430397
519	296.3346591386577	-0.0008006821790566706
520	296.59993963817135	-0.001586135966285596
521	296.86523612467363	-0.0039398838889580234
522	297.1305486120507	-0.007027616582489795
523	297.3958771141889	-0.0050018909961102535
524	297.6612216449745	-0.006498278114952799
525	297.9265822182937	-0.007966683779463399
526	298.1919588480328	-0.009894553224611736
527	298.45735154807807	-0.002955843234188278
528	298.7227603323157	-0.006907069132077776
529	298.98818521463204	-0.0007942210354936717
530	299.25362620891326	-0.005322370588450133
531	299.51908332904566	-0.004720064593767591
532	299.7845565889155	-0.007190362143799058
533	300.050046002409	-0.0033950902792655156
534	300.3155515834124	-0.006220714654358032
535	300.58107334581206	-0.006559698117593754
536	300.8466113034941	-0.004648174933941134
537	301.1121654703449	-0.004781451109008394
538	301.3777358602507	-0.004411591976945565
539	301.64332248709763	-0.008311196109145456
540	301.90892536477213	-0.005942939099697304
541	302.17454450716025	-0.010122453791061409
542	302.4401799281485	-0.00917344986421689
543	302.7058316416229	-0.008586399165664291
544	302.9714996614698	-0.005739215917355145
545	303.2371840015755	-0.004365019828206087
546	303.5028846758262	-0.007225339124433513
547	303.7686016981081	-0.008948893871407224
548	304.0343350823076	-0.009700845507019464
549	304.3000848423109	-0.005612423503779268
550	304.56585099200424	-0.0020661967941727174
551	304.8316335452738	-0.0007958258686622811
552	305.097432516006	-0.0015521914664117327
553	305.3632479180869	-0.0020511151432569077
554	305.629079765403	-0.0017930089254837055
555	305.89492807184035	-0.006248455844387475
556	306.16079285128524	-0.001807677036875366
557	306.42667411762403	-0.004806632592067039
558	306.6925718847429	-0.004285409734234216
559	306.9584861665281	-0.0002670748664234782
560	307.2244169768659	-0.0033541683340508905
561	307.49036432964255	-0.0066940375750805334
562	307.75632823874435	-0.0010340492074362721
563	308.0223087180575	-0.00234952291566781
564	308.28830578146824	0.002566429741932011
565	308.55431944286295	-0.001288068191903322
566	308.8203497161277	-0.001027030438296189
567	309.08639661514894	-0.0041273789004661965
568	309.3524601538128	-0.0007530258763340429
569	309.6185403460055	-0.0010243899994347011
570	309.88463720561344	0.0015392001156188917
571	310.1507507465228	-0.0002658581496018881
572	310.41688098261983	0.0
573	310.6830279277908	0.000523153041059323
574	310.94919159592195	-0.003633381733991437
575	311.2153720008995	-0.0007997886745722694
576	311.48156915660985	-0.007554703993991211
577	311.7477830769391	-0.005098089233741216
578	312.0140137757736	-0.004634186493439051
579	312.2802612669995	-0.00418345393833645
580	312.5465255645032	-0.003090837760692717
581	312.81280668217084	-0.0018585158496223046
582	313.07910463388873	0.0005126330551735324
583	313.34541943354316	-0.003259756451170213
584	313.61175109502034	-0.0014996326056770154
585	313.8780996322065	-0.0015384856397271899
586	314.144465058988	-0.0027656683856217266
587	314.4108473892509	-0.006887794148348795
588	314.6772466368816	-0.006653714976924758
589	314.9436628157664	-0.0029259918579268387
590	315.2100959397915	-0.0021129547387779557
591	315.4765460228431	-0.0032636268001314654
592	315.7430130788075	-0.003055643895162255
593	316.0094971215709	-0.007665714598115427
594	316.2759981650197	-0.004864557664268733
595	316.54251622304014	-0.0072778163031545174
596	316.8090513095183	-0.0060191656194737335
597	317.07560343834064	-0.002616021245122065
598	317.34217262339325	0.0028800238504976578
599	317.60875887856247	-0.0037361805243806123
600	317.8753622177345	-0.002043153085606498
601	318.1419826547957	-0.0012886263815827276
602	318.40862020363227	0.0005230181511578562
603	318.67527487813044	-0.002586877806141262
604	318.94194669217654	-0.003895141068129822
605	319.2086356596567	-0.001817596089530657
606	319.4753417944573	-0.0015353419655196022
607	319.7420651104645	-0.0034367113286174864
608	320.00880562156465	-0.005662245979793239
609	320.275563341644	-0.008032924993280064
610	320.5423382845887	-0.0026262742837495343
611	320.8091304642851	0.001322236423499916
612	321.0759398946194	-0.00025185401006048584
613	321.34276658947795	0.0007511555755206807
614	321.6096105627469	-0.0010046594973530125
615	321.87647182831256	-0.0012760332611064151
616	322.1433504000612	0.004525634838207783
617	322.41024629187905	0.0012811288233614024
618	322.6771595176523	0.004970640501908609
619	322.9440900912673	0.001300906695900257
620	323.21103802661037	0.0015329716551582611
621	323.47800333756754	-0.0007734858696399619
622	323.74498603802533	-0.001800403845845015
623	324.0119861418698	-0.0036187931711634046
624	324.2790036629873	-0.007263152851809084
625	324.546038615264	-0.006232538173004268
626	324.8130910125863	-0.007836694107658516
627	325.0801608688404	-0.0051195797557698815
628	325.34724819791245	-0.0038587366715354945
629	325.6143530136888	-0.004304113742003941
630	325.8814753300557	-0.0020071812238193296
631	326.14861516089945	-0.006010813841499699
632	326.4157725201062	-0.005406649160799314
633	326.6829474215623	-0.00172946276996886
634	326.9501398791539	-0.0034695697495007844
635	327.21734990676737	-0.004943977631135582
636	327.4845775182889	-0.0013167218989092945
637	327.7518227276048	0.0005192532917674002
638	328.0190855486013	0.0012527399967033135
639	328.2863659951647	-0.003287264564907781
640	328.5536640811811	-0.001464650031568579
641	328.82097982053693	-0.0027586752305655726
642	329.08831322711836	0.0012545821250494553
643	329.3556643148117	-0.005206032245842373
644	329.62303309750314	-0.007874710463272696
645	329.890419589079	-0.010373719534389966
646	330.15782380342546	-0.007385757840671812
647	330.42524575442883	-0.005440406577407534
648	330.6926854559753	-0.008703517043076054
649	330.9601429219513	-0.007244124832770446
650	331.2276181662429	-0.0007669706689229615
651	331.49511120273644	-0.004127930741312721
652	331.76262204531815	-0.005435333817887112
653	332.0301507078743	0.0
654	332.29769720429124	-0.0038003113319230648
655	332.56526154845506	-0.0040783832043395744
656	332.83284375425205	-0.002323242496938133
657	333.10044383556857	-0.004046970649858358
658	333.36806180629077	-0.006021022574960446
659	333.63569768030493	-0.0005117618729954564
660	333.9033514714974	-0.0038391160979880227
661	334.1710231937543	-0.00857780688629452
662	334.4387128609619	-0.00818681110019334
663	334.7064204870066	-0.005833969452012563
664	334.9741460857745	-0.0042817463372705495
665	335.24188967115197	-0.0017973415345831866
666	335.5096512570252	-0.003993460153733158
667	335.7774308572804	-0.0017865435654816054
668	336.04522848580393	-0.0030472334641559566
669	336.31304415648196	0.0002588369156908561
670	336.58087788320086	-0.0023503943727752503
671	336.84872967984677	0.0007627716193392874
672	337.116599560306	0.001243540613541651
673	337.3844875384648	-0.0025640114300870672
674	337.6523936282093	-0.0007409381365780108
675	337.920317843426	-0.009328989562221168
676	338.18826019800105	-0.005522428352525127
677	338.45622070582067	-0.004697218391073021
678	338.7241993807711	-0.005515347491783069
679	338.99219623673866	-0.003554654271796142
680	339.2602112876096	-0.0022514175640499035
681	339.5282445472701	-0.003566705503531748
682	339.79629602960654	-0.0032535163169825063
683	340.0643657485051	-0.004997924019162546
684	340.332453717852	-0.002523465748263208
685	340.60055995153357	-0.0005194479820677038
686	340.868684463436	-0.005011390849488673
687	341.1368272674456	-0.002531807467333856
688	341.40498837744866	-0.001280374323933188
689	341.6731678073313	-0.004596892937675241
690	341.94136557098	-0.001272705534950231
691	342.20958168228077	-0.002311043069897515
692	342.47781615511997	-0.0023054414629737337
693	342.74606900338387	-0.0025412042646987295
694	343.01434024095875	-0.002037600191537188
695	343.2826298817308	-0.002563375601024266
696	343.55093793958633	-0.0034996868206782893
697	343.81926442841166	-0.0036010253686046653
698	344.08760936209285	-0.00914038251227426
699	344.3559727545163	-0.00874530426113366
700	344.62435461956824	-0.00656207275400714
701	344.89275497113493	-0.007762678770933261
702	345.1611738231026	-0.0030229518384544043
703	345.4296111893575	-0.002231474359405422
704	345.698067083786	-0.0022532032552599495
705	345.9665415202742	-0.007976859914423708
706	346.23503451270847	-0.0020159593058014995
707	346.50354607497496	-0.006040575601395469
708	346.77207622096	-0.003251949043070732
709	347.04062496454986	-0.0014748918704737934
710	347.3091923196307	-0.003646774935493897
711	347.57777830008894	-0.0025338604981644457
712	347.8463829198107	-0.003799457038468017
713	348.1150061926823	-0.0014736981937647578
714	348.38364813259	-0.0012159728089956288
715	348.65230875341996	-0.0053846972976905084
716	348.92098806905847	-0.007479674791656002
717	349.1896860933919	-0.006215878416565266
718	349.45840284030646	-0.0071717846468053025
719	349.72713832368834	-0.007865962946067702
720	349.9958925574238	-0.005416640809119205
721	350.2646655553991	0.002004776580848512
722	350.5334573315006	-0.0017709303209045275
723	350.8022678996145	0.003819104439669509
724	351.071097273627	-0.0012227714232041413
725	351.33994546742434	0.0002426268118908506
726	351.6088124948929	0.0007193977465646921
727	351.87769836991885	0.0014699586161114216
728	352.1466031063885	-0.008123464765211986
729	352.415526718188	-0.005803915894694237
730	352.6844692192037	-0.004257820612585706
731	352.9534306233218	-0.0034387928281279425
732	353.2224109444287	-0.0070879280073974866
733	353.4914101964104	-0.005562313306798179
734	353.76042839315335	-0.0037170538160270746
735	354.02946554854384	-0.00047528005332514786
736	354.298521676468	-0.0031138590861489093
737	354.56759679081205	-0.007620472955148006
738	354.83669090546243	-0.005899715085710582
739	355.1058040343052	-0.006231865290321292
740	355.37493619122677	-0.003576307026514288
741	355.6440873901133	-0.0014629584653140122
742	355.9132576448511	-0.005761010309692126
743	356.1824469693264	-0.004120300137252218
744	356.4516553774255	-0.00470407237090377
745	356.7208828830346	-0.006011642107203454
746	356.9901295000399	0.003810273314290915
747	357.25939524232786	-0.0016537420616738088
748	357.5286801237845	-0.0009380523959390704
749	357.79798415829623	-0.0016200684259480818
750	358.0673073597493	-0.003697898916031928
751	358.3366497420299	-0.003482336245773646
752	358.6060113190243	-0.004901222499862877
753	358.87539210461875	-0.0016495897060535708
754	359.1447921126995	-0.0061136519881534145
755	359.41421135715296	-0.004147953974153374
756	359.6836498518652	-0.011499281437339488
757	359.9531076107225	-0.0077724534454073615
758	360.2225846476112	-0.007837674800234784
759	360.49208097641747	-0.0013362600111138955
760	360.7615966110276	-0.0004438029698536651
761	361.0311315653279	-0.0038639487549807314
762	361.3006858532045	-0.002397186720159523
763	361.5702594885438	-0.00570161124952238
764	361.839852485232	-0.004585205265551142
765	362.10946485715533	-0.002382469529484329
766	362.3790966182	-0.0061147109821853216
767	362.64874778225237	-0.005752670799492973
768	362.9184183631987	-0.0050891027961437775
769	363.18810837492515	-0.006991367474709687
770	363.45781783131804	-0.002252693507436423
771	363.72754674626356	-0.005131962736467369
772	363.9972951336481	-0.005342455872212155
773	364.2670630073578	-0.0048042085642137095
774	364.536850381279	-0.003228130625719343
775	364.80665726929783	-0.001713422856692939
776	365.07648368530073	-0.0020019479522979024
777	365.34632964317376	-0.004094793195452412
778	365.6161951568033	-0.007854271812091303
779	365.88608024007556	-0.009064397681720729
780	366.1559849068768	-0.005455791946439755
781	366.4259091710934	-0.00276257502643302
782	366.69585304661143	-0.0021909317045374216
783	366.9658165473171	-0.006506993844416592
784	367.23579968709697	-0.0053355456052704905
785	367.50580247983703	-0.0033380306617850648
786	367.7758249394236	-0.004178440387842162
787	368.04586707974295	-0.00338441078855607
788	368.31592891468136	-0.0024467170700512714
789	368.5860104581251	-0.005680703593375774
790	368.85611172396034	-0.006999874790825934
791	369.12623272607345	-0.008250712982783636
792	369.3963734783506	-0.007552132669986824
793	369.6665339946781	-0.008059776205718596
794	369.93671428894214	-0.004342175473869598
795	370.206914375029	-0.004421004588919337
796	370.47713426682503	-0.00746906323419567
797	370.7473739782163	-0.00690633762211215
798	371.0176335230893	-0.006751685192507376
799	371.28791291533	-0.007024153357614585
800	371.5582121688249	-0.005794109531300329
801	371.82853129746024	-0.004625662542612217
802	372.0988703151221	-0.005443513361438622
803	372.36922923569693	-0.007076389989191833
804	372.63960807307086	-0.007839022604469918
805	372.9100068411302	-0.0061335842895090305
806	373.1804255537612	-0.006431457914768741
807	373.4508642248501	-0.006366623439104587
808	373.72132286828315	-0.00592266330096411
809	373.99180149794665	-0.006572655397032839
810	374.2623001277268	-0.0060886660286408115
811	374.53281877150994	-0.006197035033367309
812	374.8033574431823	-0.004988120733036362
813	375.07391615663005	-0.006185419304357206
814	375.34449492573947	-0.005711165533898673
815	375.6150937643969	-0.004787838525570482
816	375.88571268648855	-0.005558221688579549
817	376.15635170590065	-0.006699614622707058
818	376.42701083651946	-0.004498948340164615
819	376.6976900922313	-0.005303755297063715
820	376.9683894869224	-0.006053002793762311
821	377.23910903447893	-0.006117582126039625
822	377.50984874878725	-0.007053662897581043
823	377.7806086437337	-0.005671440588689468
824	378.05138873320425	-0.0064238959161166806
825	378.3221890310854	-0.005861422878400482
826	378.59300955126326	-0.005889405007726626
827	378.86385030762426	-0.004899776798810801
828	379.13471131405447	-0.005929216115315979
829	379.4055925844402	-0.005336664775869879
830	379.67649413266787	-0.006511784505439514
831	379.94741597262356	-0.00727618930147862
832	380.2183581181936	-0.006440298750855973
833	380.4893205832641	-0.008073820002916137
834	380.7603033817214	-0.00665283819242625
835	381.03130652745193	-0.006313740790161216
836	381.3023300343418	-0.006364855941980842
837	381.5733739162772	-0.0062844689446998605
838	381.8444381871445	-0.005324600273452046
839	382.11552286082986	-0.005235391651590006
840	382.3866279512196	-0.005613581052954848
841	382.65775347220006	-0.004630253494332471
842	382.9288994376573	-0.005194374253751952
843	383.2000658614777	-0.004844164250621512
844	383.4712527575475	-0.005555372360294879
845	383.742460139753	-0.005883552697153947
846	384.01368802198033	-0.0054409216829523
847	384.2849364181159	-0.006970577269249949
848	384.5562053420458	-0.00610436775826386
849	384.8274948076564	-0.006720633715467816
850	385.098804828834	-0.006351233014484712
851	385.37013541946476	-0.006735681032458577
852	385.64148659343493	-0.0059816012481205
853	385.9128583646308	-0.005312676558591794
854	386.1842507469387	-0.005401813840832486
855	386.4556637542447	-0.004687220968639378
856	386.7270974004353	-0.004303324099869186
857	386.99855169939656	-0.005143114531903111
858	387.27002666501477	-0.0057673577310104
859	387.54152231117627	-0.005514690647482758
860	387.8130386517672	-0.005446039132032362
861	388.08457570067395	-0.005877049515427236
862	388.3561334717827	-0.006493651404475317
863	388.62771197897973	-0.0058589649321465235
864	388.8993112361512	-0.006000875312189583
865	389.1709312571835	-0.005497633047497762
866	389.44257205596284	-0.005546661919170887
867	389.7142336463755	-0.005463367250072322
868	389.9859160423076	-0.0051349778534197504
869	390.2576192576456	-0.005159642844146147
870	390.5293433062757	-0.004781791508114207
871	390.801088202084	-0.004787467669709888
872	391.0728539589569	-0.005615355958359666
873	391.34464059078067	-0.006118792495727215
874	391.6164481114415	-0.005754785685232459
875	391.88827653482565	-0.005997108282005197
876	392.1601258748194	-0.006176949948987336
877	392.4319961453091	-0.006361187432768094
878	392.7038873601808	-0.006517107686236035
879	392.97579953332087	-0.0066045850117897945
880	393.2477326786156	-0.005511750404088449
881	393.51968680995117	-0.0046185088553022426
882	393.79166194121393	-0.005130770761338761
883	394.06365808629005	-0.006114135403749565
884	394.33567525906585	-0.005911449700950917
885	394.6077134734275	-0.005064069618643454
886	394.87977274326136	-0.004871939846734088
887	395.1518530824536	-0.004775895555290468
888	395.4239545048905	-0.005579236937573032
889	395.69607702445836	-0.006081332468642699
890	395.9682206550434	-0.0057805970338432
891	396.24038541053187	-0.005086681993108205
892	396.5125713048101	-0.004943094891624278
893	396.78477835176415	-0.0044122314294052015
894	397.0570065652805	-0.005073762646317095
895	397.3292559592453	-0.0047691815834304315
896	397.60152654754484	-0.0045349072440513385
897	397.8738183440653	-0.004899996512995587
898	398.14613136269304	-0.005031293807137563
899	398.4184656173143	-0.005535182346000529
900	398.6908211218153	-0.005346202756543044
901	398.96319789008226	-0.0049907829493333325
902	399.23559593600146	-0.0052576783475690725
903	399.50801527345925	-0.005119715082608772
904	399.7804559163418	-0.0051055479401996935
905	400.05291787853537	-0.00523651842712297
906	400.32540117392625	-0.005091290283104763
907	400.5979058164006	-0.005498419133849252
908	400.87043181984484	-0.005700845849646834
909	401.14297919814504	-0.005158819302008931
910	401.4155479651876	-0.005328874464204765
911	401.6881381348587	-0.005103000241852416
912	401.96074972104475	-0.004832920390113956
913	402.2333827376317	-0.004835904299265052
914	402.5060371985061	-0.004810469840042333
915	402.77871311755405	-0.00519848401116046
916	403.0514105086619	-0.004979306376502469
917	403.32412938571576	-0.005266765976397515
918	403.59686976260207	-0.004880031663030261
919	403.86963165320697	-0.0047159619489980835
920	404.14241507141674	-0.004724849488608684
921	404.41522003111766	-0.005145463432942739
922	404.6880465461959	-0.004851128020284876
923	404.96089463053784	-0.004214772536598532
924	405.23376429802966	-0.003908837359528919
925	405.5066555625576	-0.003718363111711019
926	405.779568438008	-0.004070949204142282
927	406.05250293826714	-0.004088244715568717
928	406.3254590772211	-0.004403082241234629
929	406.59843686875627	-0.004942993684543849
930	406.87143632675884	-0.004623510538595829
931	407.1444574651152	-0.004706881530425058
932	407.41750029771146	-0.004890874070954333
933	407.6905648384339	-0.004699451990907296
934	407.9636511011688	-0.004395704209182499
935	408.2367590998025	-0.004454064699677123
936	408.50988884822107	-0.003978744147900929
937	408.7830403603109	-0.003891274061319882
938	409.0562136499583	-0.0035286371691620653
939	409.3294087310494	-0.003583939668509767
940	409.6026256174704	-0.003486691143498304
941	409.87586432310775	-0.0036044649809500407
942	410.14912486184767	-0.0034608463660252666
943	410.4224072475762	-0.0036914171473768614
944	410.6957114941799	-0.00429391064495464
945	410.9690376155448	-0.004470218502348479
946	411.2423856255573	-0.004821091415463966
947	411.5157555381036	-0.004404616731375515
948	411.78914736706986	-0.004781937787015047
949	412.0625611263424	-0.004401109524519164
950	412.33599682980764	-0.0037874824439641896
951	412.60945449135164	-0.0038918731400021628
952	412.88293412486075	-0.003973207424148751
953	413.1564357442211	-0.0036876465230898216
954	413.42995936331914	-0.0034574423206469545
955	413.70350499604103	-0.003203994172297553
956	413.9770726562729	-0.0030167378536230583
957	414.2506623579012	-0.003368898949429677
958	414.5242741148121	-0.004044301963722619
959	414.79790794089195	-0.004457000834975418
960	415.0715638500268	-0.003804792081476388
961	415.34524185610314	-0.003609001091814958
962	415.6189419730071	-0.0040062103887872616
963	415.8926642146249	-0.0037575780926464796
964	416.1664085948429	-0.0038942101100473492
965	416.44017512754726	-0.0033641838267996307
966	416.7139638266244	-0.003401443354812865
967	416.9877747059603	-0.003483293847984333
968	417.26160777944153	-0.003428253642375301
969	417.53546306095404	-0.003435716614750858
970	417.80934056438434	-0.0030701232511641256
971	418.0832403036186	-0.003236365360467101
972	418.3571622925431	-0.003468237977983212
973	418.63110654504396	-0.003471236443041008
974	418.9050730750075	-0.003795657856522483
975	419.17906189632004	-0.00395874524284243
976	419.4530730228679	-0.003812363514998241
977	419.72710646853716	-0.003924886775466261
978	420.0011622472142	-0.00340936228504002
979	420.2752403727852	-0.0032320866501267145
980	420.5493408591366	-0.0028277927839877887
981	420.82346372015434	-0.002819163931720107
982	421.0976089697248	-0.0029238062366137617
983	421.3717766217344	-0.0028731092937308803
984	421.64596669006926	-0.00290142925208775
985	421.92017918861563	-0.002396770388441504
986	422.1944141312598	-0.0028285687290084205
987	422.46867153188805	-0.003213223640657787
988	422.74295140438664	-0.0031341574403322497
989	423.01725376264164	-0.0030498928841756834
990	423.29157862053955	-0.0032804183350378744
991	423.56592599196654	-0.0032899144988094283
992	423.8402958908089	-0.0036282847071494218
993	424.11468833095273	-0.0040705485794360246
994	424.3891033262845	-0.0039026250361807674
995	424.66354089069034	-0.00337761406991073
996	424.9380010380564	-0.0031121645300994745
997	425.21248378226926	-0.003110412627905313
998	425.4869891372149	-0.002556952051958779
999	425.7615171167797	-0.002374327977086009
1000	426.0360677348499	-0.0028726915058635703
1001	426.3106410053117	-0.003300939323924466
1002	426.5852369420513	-0.0031949667495265676
1003	426.85985555895525	-0.0030917577899448
1004	427.1344968699094	-0.0033380557547866975
1005	427.40916088880033	-0.0034740703799754193
1006	427.68384762951416	-0.0034962345659777724
1007	427.9585571059372	-0.003515438853832071
1008	428.2332893319556	-0.003500599077200003
1009	428.5080443214557	-0.0035744871218919036
1010	428.78282208832377	-0.0031459878844853667
1011	429.057622646446	-0.0033045302702073938
1012	429.33244600970875	-0.002934656912302358
1013	429.6072921919981	-0.0025471527937126278
1014	429.8821612072005	-0.0024816312474642763
1015	430.1570530692021	-0.00249010647806885
1016	430.4319677918892	-0.0024699878238124734
1017	430.706905389148	-0.00210745855611775
1018	430.98186587486487	-0.002510387481916003
1019	431.2568492629258	-0.002618486161245074
1020	431.53185556721746	-0.002682375341391513
1021	431.80688480162576	-0.0026705899711159096
1022	432.0819369800371	-0.0029823080040835433
1023	432.3570121163377	-0.0029965306253756352
1024	432.63211022441396	-0.002837337004748441
1025	432.90723131815184	-0.0029063559844910297
1026	433.1823754114379	-0.002564335164359211
1027	433.4575425181581	-0.0022704680073148704
1028	433.73273265219905	-0.001849994448859521
1029	434.00794582744663	-0.0016805489256838367
1030	434.28318205778737	-0.0021142823821927834
1031	434.5584413571074	-0.0017717805789079922
1032	434.83372373929296	-0.002454540002276775
1033	435.1090292182305	-0.002494000666135241
1034	435.38435780780605	-0.002055188568627791
1035	435.65970952190594	-0.0022847619669373203
1036	435.9350843744164	-0.0021940885122096
1037	436.2104823792238	-0.002986170360246401
1038	436.4859035502143	-0.0031583427625075807
1039	436.76134790127423	-0.0027301761555285913
1040	437.0368154462898	-0.002610852425072263
1041	437.3123061991471	-0.002505498365508412
1042	437.58782017373267	-0.002587150940328148
1043	437.86335738393257	-0.002670888426245302
1044	438.1389178436332	-0.0024640397972418297
1045	438.4145015667207	-0.001992098087322828
1046	438.6901085670813	-0.0018013597993384103
1047	438.9657388586014	-0.0017386641501388285
1048	439.2413924551672	-0.001865779985173824
1049	439.517069370665	-0.0018470668870033484
1050	439.79276961898086	-0.002207775663314986
1051	440.06849321400125	-0.0020927427183866265
1052	440.34424016961225	-0.0021174228411861822
1053	440.62001049970036	-0.0021225076740287807
1054	440.8958042181516	-0.0021942515354764513
1055	441.17162133885233	-0.002425568779795189
1056	441.44746187568876	-0.0027196482837058703
1057	441.7233258425473	-0.0026457080606091853
1058	441.999213253314	-0.0021521703665816645
1059	442.27512412187514	-0.0021542408043378025
1060	442.5510584621171	-0.0022576863742805424
1061	442.8270162879261	-0.0016646066431686322
1062	443.10299761318834	-0.0017083114005767817
1063	443.37900245179014	-0.0014894805756175144
1064	443.65503081761767	-0.0013124099764607032
1065	443.9310827245573	-0.0015587094030873692
1066	444.2071581864951	-0.0019913850810107533
1067	444.4832572173176	-0.002062881760486693
1068	444.7593798309108	-0.0020459153746200135
1069	445.0355260411611	-0.0018667123175380143
1070	445.31169586195483	-0.00181772052709338
1071	445.587889307178	-0.0017513301474295661
1072	445.8641063907171	-0.0015772741022996215
1073	446.1403471264582	-0.0016067369074237946
1074	446.4166115282877	-0.001645276877394148
1075	446.6928996100918	-0.001412179917779739
1076	446.9692113857567	-0.001526484495135214
1077	447.24554686916883	-0.0015375163532785321
1078	447.52190607421426	-0.0012649452643698881
1079	447.79828901477924	-0.001169771326993298
1080	448.0746957047502	-0.0009933198343088344
1081	448.35112615801336	-0.0010120407094039723
1082	448.6275803884547	-0.0010446080406868025
1083	448.90405840996084	-0.0014062906838136575
1084	449.18056023641793	-0.00148340126791796
1085	449.45708588171215	-0.0016236952962100611
1086	449.73363535972976	-0.0016818552987664774
1087	450.01020868435705	-0.001727433492798223
1088	450.2868058694803	-0.002010680088246993
1089	450.5634269289858	-0.0019929314822230842
1090	450.8400718767597	-0.0015026046323523127
1091	451.11674072668825	-0.001335194400035741
1092	451.3934334926578	-0.0011458384874686715
1093	451.67015018855443	-0.0010996714160367224
1094	451.9468908282647	-0.001107284038130204
1095	452.2236554256747	-0.0012192840320028233
1096	452.5004439946706	-0.0011423253787317253
1097	452.7772565491389	-0.0010820386965561403
1098	453.05409310296557	-0.0008215497084485198
1099	453.33095367003693	-0.0008313563566459039
1100	453.6078382642394	-0.0011689123238557563
1101	453.88474689945906	-0.0006453471890236767
1102	454.1616795895824	-0.0008919541924298151
1103	454.4386363484954	-0.001125939318500702
1104	454.71561719008446	-0.0010545478931028704
1105	454.9926221282358	-0.001058424822857781
1106	455.2696511768356	-0.0011909433580255956
1107	455.5467043497704	-0.0013481486632229553
1108	455.8237816609261	-0.0011381567025909882
1109	456.1008831241892	-0.000711943427394446
1110	456.3780087534459	-0.0006244123672309414
1111	456.6551585625823	-0.0005884790918558824
1112	456.9323325654849	-0.0003163832560363649
1113	457.20953077603974	-0.0005006764887110471
1114	457.48675320813334	-0.0006044109878676515
1115	457.7639998756516	-0.0007118135310171024
1116	458.0412707924811	-0.000499748357797688
1117	458.31856597250794	-0.00044039672247257056
1118	458.5958854296184	-0.0009355308830988331
1119	458.8732291776988	-0.0010283523645646388
1120	459.1505972306352	-0.0010533495513405915
1121	459.42798960231414	-0.0013370419457988372
1122	459.7054063066216	-0.0015175964789270937
1123	459.98284735744403	-0.0017343366228365499
1124	460.26031276866763	-0.001606326765083488
1125	460.5378025541786	-0.0015955031077677646
1126	460.8153167278633	-0.000984791160249786
1127	461.09285530360796	-0.0008683024151328906
1128	461.3704182952987	-0.000930453688142692
1129	461.648005716822	-0.0007616660011797292
1130	461.92561758206386	-0.0005597751888755467
1131	462.20325390491075	-0.0006727829121149927
1132	462.48091469924896	-0.001122250689957918
1133	462.7585999789644	-0.000588951855406451
1134	463.03630975794374	-0.0005439198379214173
1135	463.3140440500731	-0.0006132847960102425
1136	463.59180286923856	-0.0005557056948096966
1137	463.8695862293266	-0.0005934171328352179
1138	464.1473941442234	-0.0007277722813984894
1139	464.42522662781505	-0.0009512560270697447
1140	464.7030836939881	-0.0011543387033928307
1141	464.98096535662876	-0.0015321894577752133
1142	465.25887162962306	-0.0013094608760565942
1143	465.5368025268574	-0.0010417163332782778
1144	465.81475806221806	-0.000980121884504869
1145	466.0927382495912	-0.0009623465472552292
1146	466.37074310286323	-0.0008801729147131384
1147	466.6487726359203	-0.000550114420426059
1148	466.9268268626487	-0.0004078003537043597
1149	467.20490579693455	-0.00042446360873242724
1150	467.4830094526643	-0.0009174956037193514
1151	467.7611378437242	-0.0006938934997009398
1152	468.03929098400033	-0.0001634083735416727
1153	468.31746888737916	-0.00031146850617558617
1154	468.59567156774665	-0.0004065769100240231
1155	468.8738990389894	-0.00042716486338934543
1156	469.1521513149936	-0.0003450884504353609
1157	469.4304284096453	-0.0006517241629445611
1158	469.70873033683085	-0.00047831468082938693
1159	469.9870571104366	-0.0006953728051285711
1160	470.26540874434875	-0.0008711119698660252
1161	470.5437852524534	-0.0010350296979238665
1162	470.82218664863717	-0.0009965720867994338
1163	471.1006129467859	-0.0011764188132236386
1164	471.37906416078613	-0.0008588854305760583
1165	471.657540304524	-0.0007282271113522147
1166	471.93604139188585	-0.0004250464798800355
1167	472.2145674367579	-0.00022572662435238868
1168	472.49311845302634	-0.0005165840059235633
1169	472.7716944545774	-0.0005282765221402932
1170	473.0502954552976	-0.00030300899803784015
1171	473.32892146907284	-0.00026702598375131565
1172	473.60757250978963	6.203696632506361e-05
1173	473.88624859133415	5.151898031521587e-05
1174	474.16494972759267	-0.00037290242174070013
1175	474.44367593245124	-0.0005615169990802608
1176	474.7224272197965	-0.0006783592087099682
1177	475.00120360351445	-0.0006114767846544436
1178	475.2800050974914	-0.0010861882276588309
1179	475.55883171561356	-0.001035036889060665
1180	475.83768347176726	-0.0008300951811614048
1181	476.1165603798388	-0.0009185010517420065
1182	476.39546245371423	-0.0007180195400483119
1183	476.67438970728006	-0.0005370134814906093
1184	476.95334215442244	-0.0005083851614005248
1185	477.23231980902756	-0.00026106624953131777
1186	477.5113226849818	-0.00042545455149166556
1187	477.7903507961712	-0.0002618569835833797
1188	478.0694041564823	-0.00034105839832884765
1189	478.3484827798012	-7.68143943435038e-05
1190	478.62758668001413	2.8680150212053167e-05
1191	478.90671587100746	0.0002727886117952412
1192	479.18587036666736	0.0005868597571108785
1193	479.4650501808801	0.00015732926986598175
1194	479.74425532753196	0.00012227072319653294
1195	480.0234858205091	-0.0001496212613564137
1196	480.30274167369794	-0.00041918942947629745
1197	480.5820229009846	-0.0007147396502226256
1198	480.8613295162554	-0.0004594086445632049
1199	481.1406615333966	-0.0005188014283410224
1200	481.4200189662945	-0.00032400826524338545
1201	481.6994018288352	-0.00013394430960651826
1202	481.9788101349051	0.00012734261855066735
1203	482.25824389839045	0.00017842818795448537
1204	482.5377031331774	8.417569832122718e-05
1205	482.8171878531523	5.9721572875932286e-05
1206	483.0966980722013	1.1898983904932648e-05
1207	483.37623380421087	-0.00024255837992546184
1208	483.655795063067	-0.00034284165437540535
1209	483.9353818626562	-3.821164360486703e-05
1210	484.2149942168645	0.00019047285920167459
1211	484.49463213957836	-2.9144218242178797e-06
1212	484.7742956446839	-0.00011333308244915688
1213	485.0539847460674	-0.0001504337740038255
1214	485.3336994576151	-0.00038650524991214744
1215	485.6134397932133	-0.0006725609688048761
1216	485.89320576674834	-0.0008966222836046738
1217	486.17299739210625	-0.0005487104502998334
1218	486.4528146831734	-0.000711600672918976
1219	486.7326576538361	-0.000780823414165108
1220	487.0125263179807	-0.0007357913586861198
1221	487.29242068949316	-0.00042856567583062383
1222	487.57234078225997	-0.0003177803892572843
1223	487.8522866101673	-0.000473229570502599
1224	488.13225818710146	-1.3948883426084664e-05
1225	488.4122555269487	0.0001639543055594169
1226	488.69227864359516	0.00020491832357484553
1227	488.97232755092716	0.00045248418417521096
1228	489.25240226283097	0.0006212362467835388
1229	489.53250279319286	0.0009225115334302031
1230	489.81262915589923	0.001203645128100042
1231	490.092781364836	0.0013564772088279148
1232	490.3729594338897	0.0010354383429665144
1233	490.6531633769465	0.0008178465174942691
1234	490.93339320789266	0.000676042685587017
1235	491.21364894061446	0.0005665456578690997
1236	491.49393058899807	0.00033107584046056514
1237	491.7742381669299	0.00011540858594540662
1238	492.05457168829594	-2.6769381562734973e-06
1239	492.33493116698276	0.00027268705214605296
1240	492.6153166168764	9.880423997507361e-05
1241	492.8957280518632	-0.0001516895584929594
1242	493.1761654858294	-0.00015644632792985956
1243	493.45662893266126	-0.0001667087532480817
1244	493.73711840624514	-0.0001742315772472613
1245	494.0176339204671	-6.583371137544216e-05
1246	494.2981754892136	5.2533956901504276e-05
1247	494.5787431263707	0.0002486736402673617
1248	494.8593368458247	0.0004521989537917909
1249	495.13995666146195	0.0005367812413355129
1250	495.4206025871687	0.0006964811360108813
1251	495.70127463683104	0.0005215320092968657
1252	495.98197282433546	0.0006131564833443643
1253	496.2626971635681	0.00044225892854410245
1254	496.54344766841507	0.0003407869163651138
1255	496.82422435276294	0.000348754805495436
1256	497.10502723049774	0.0007316376614693306
1257	497.38585631550586	0.0006737981140181131
1258	497.66671162167347	0.00034450395232779086
1259	497.94759316288673	0.00012291900201557142
1260	498.22850095303215	8.196868500082802e-05
1261	498.5094350059959	0.0002634349581363885
1262	498.790395335664	0.000626417026750233
1263	499.071381955923	0.0008980534525724647
1264	499.35239488065895	0.0010289218733632159
1265	499.6334341237583	0.0009376792510164021
1266	499.9144996991072	0.001189375262885626
1267	500.1955916205919	0.001551773211782302
1268	500.4767099020986	0.0014991658009990208
1269	500.7578545575137	0.0016419743794844793
1270	501.03902560072333	0.0015318410507422185
1271	501.32022304561383	0.001633571579391304
1272	501.6014469060714	0.0016056620087138047
1273	501.88269719598236	0.0017572579605690392
1274	502.16397392923295	0.0020763623148481966
1275	502.4452771197093	0.0017845885862112587
1276	502.72660678129796	0.0012551400192352962
1277	503.0079629278848	0.001017059496536478
1278	503.2893455733564	0.0006944157496884379
1279	503.57075473159887	0.0006724480007587115
1280	503.8521904164984	0.0009463214854739976
1281	504.13365264194147	0.0009252672480983485
1282	504.41514142181416	0.0009671230530743716
1283	504.69665677000273	0.001092922578851289
1284	504.9781987003935	0.0010795458228241084
1285	505.25976722687255	0.000969747535303117
1286	505.54136236332636	0.0012510236139261237
1287	505.82298412364116	0.0014658589650004147
1288	506.10463252170314	0.0015708152272971153
1289	506.3863075713987	0.002237278110776978
1290	506.6680092866138	0.002311531207348932
1291	506.949737681235	0.0024068889204564995
1292	507.2314927691483	0.0022209241031913114
1293	507.5132745642401	0.0022702086394452026
1294	507.7950830803966	0.0025151876885091792
1295	508.0769183315041	0.0029218668205260663
1296	508.3587803314489	0.002630659121677244
1297	508.64066909411724	0.0020824373785915335
1298	508.92258463339533	0.001554730827924396
1299	509.2045269631694	0.0016359410288979285
1300	509.4864960973257	0.0018759829212685777
1301	509.76849204975053	0.0015055504530566862
1302	510.0505148343302	0.0018430414117536528
1303	510.3325644649509	0.0019679479081356837
1304	510.6146409554989	0.0018000559966838629
1305	510.89674431986043	0.0016938415574542646
1306	511.1788745719218	0.0015990377034792275
1307	511.4610317255692	0.0018736315691713521
1308	511.74321579468904	0.002439506774709994
1309	512.0254267931673	0.002795044425431777
1310	512.3076647348904	0.0031214178750987474
1311	512.5899296337448	0.003208676451349106
1312	512.8722215036163	0.003295369327155021
1313	513.1545403583916	0.0033723981447678535
1314	513.4368862119566	0.0035345972739282755
1315	513.7192590781978	0.0032895449537603968
1316	514.0016589710013	0.002945857351052915
1317	514.2840859042535	0.0030785040020347445
1318	514.5665398918405	0.003514225862551232
1319	514.8490209476488	0.0036038555690877
1320	515.1315290855645	0.003973990568167626
1321	515.4140643194737	0.004381566948792339
1322	515.6966266632629	0.004436156247001256
1323	515.9792161308183	0.0041948542012629165
1324	516.2618327360259	0.003970630192532824
1325	516.5444764927724	0.0037772524683114483
1326	516.8271474149439	0.004143414874886923
1327	517.1098455164264	0.004533057203917819
1328	517.3925708111065	0.004538729483217919
1329	517.6753233128702	0.004680555979614959
1330	517.9581030356039	0.005200776592945165
1331	518.2409099931938	0.005607082956298559
1332	518.5237441995262	0.006035952170074626
1333	518.8066056684874	0.0063099850786612266
1334	519.0894944139634	0.006448199364207264
1335	519.3724104498408	0.006376553272816917
1336	519.6553537900055	0.006655247830237827
1337	519.9383244483441	0.0066785987578260085
1338	520.2213224387428	0.0069437588742095255
1339	520.5043477750877	0.006780530699798802
1340	520.7874004712651	0.0070773141588985344
1341	521.0704805411613	0.007261373972651664
1342	521.3535879986625	0.007228208266207367
1343	521.6367228576551	0.006907351958563449
1344	521.9198851320251	0.00692541828354218
1345	522.203074835659	0.006822338364729416
1346	522.4862919824429	0.006824868260072957
1347	522.7695365862631	0.007007447699982601
1348	523.0528086610061	0.007168746601376681
1349	523.3361082205577	0.007091193117881191
1350	523.6194352788044	0.0069499701246313475
1351	523.9027898496325	0.006791294996207269
1352	524.1861719469283	0.006689216507162593
1353	524.4695815845778	0.0065352366968964
1354	524.7530187764675	0.006587444703138255
1355	525.0364835364835	0.006508970345895098
1356	525.3199758785122	0.006378865899589248
1357	525.6034958164398	0.00647157426061944
1358	525.8870433641524	0.006192162733931749
1359	526.1706185355365	0.006027513624262749
1360	526.4542213444782	0.006467037620286521
1361	526.7378518048639	0.0063646829777185025
1362	527.0215099305797	0.00642212890641878
1363	527.3051957355119	0.006251503312805678
1364	527.5889092335468	0.005995119454538502
1365	527.8726504385706	0.005939568262260929
1366	528.1564193644697	0.005639955322951647
1367	528.4402160251301	0.005459598575197263
1368	528.7240404344383	0.005134286615038957
1369	529.0078926062804	0.004955578536469765
1370	529.2917725545427	0.004755935140835102
1371	529.5756802931115	0.004504569454454803
1372	529.8596158358731	0.004387424448287448
1373	530.1435791967135	0.00426793525818252
1374	530.4275703895194	0.003936653481663376
1375	530.7115894281766	0.0037572890468438314
1376	530.9956363265717	0.0034177299542971157
1377	531.2797110985906	0.0035906858878524827
1378	531.5638137581199	0.00398196483017528
1379	531.8479443190457	0.004091157456248114
1380	532.1321027952542	0.004204454955858153
1381	532.4162892006319	0.0041434443417742465
1382	532.7005035490648	0.004225925020241633
1383	532.9847458544392	0.004196089714343816
1384	533.2690161306415	0.004190227822912334
1385	533.5533143915578	0.0041362089537861175
1386	533.8376406510745	0.004094192811170202
1387	534.1219949230776	0.004370417624035995
1388	534.4063772214536	0.004584172360716413
1389	534.6907875600888	0.004452625726809307
1390	534.9752259528692	0.004600354524698513
1391	535.2596924136811	0.004812553252587397
1392	535.5441869564112	0.004643814510024055
1393	535.8287095949452	0.004577174404129577
1394	536.1132603431695	0.004289698515976955
1395	536.3978392149705	0.004333468479724286
1396	536.6824462242344	0.004141496141114401
1397	536.9670813848473	0.003893889479801283
1398	537.2517447106958	0.0037235991154643184
1399	537.5364362156658	0.003764624079520715
1400	537.8211559136437	0.003944736325768775
1401	538.1059038185159	0.004129143688396565
1402	538.3906799441684	0.004569420075950879
1403	538.6754843044876	0.004974877310553132
1404	538.9603169133597	0.005309657977514436
1405	539.245177784671	0.005509064692656453
1406	539.5300669323077	0.005332043223377322
1407	539.8149843701561	0.005375658998537418
1408	540.0999301121026	0.005521227341940917
1409	540.3849041720332	0.005715559137271469
1410	540.6699065638343	0.005779617399460496
1411	540.9549373013921	0.005850602725708106
1412	541.2399963985929	0.005902692162959775
1413	541.5250838693229	0.005589587081966002
1414	541.8101997274683	0.005667208682968977
1415	542.0953439869156	0.005981296001050375
1416	542.3805166615509	0.00609808436512441
1417	542.6657177652604	0.006152529283372908
1418	542.9509473119305	0.006108359979681942
1419	543.2362053154473	0.005623643548167353
1420	543.521491789697	0.00575887173162553
1421	543.8068067485663	0.005862049498704151
1422	544.0921502059409	0.005811944126392321
1423	544.3775221757073	0.006346222669159048
1424	544.6629226717519	0.00619084745734226
1425	544.9483517079607	0.006138879846492291
1426	545.2338092982202	0.0059862787829447275
1427	545.5192954564163	0.006315607764754843
1428	545.8048101964357	0.0067162105351620885
1429	546.0903535321643	0.006467323135387037
1430	546.3759254774885	0.0062822401151855015
1431	546.6615260462946	0.006445423585219806
1432	546.9471552524687	0.007140919863431155
1433	547.2328131098974	0.007345115359812955
1434	547.5184996324665	0.0077814210803133005
1435	547.8042148340626	0.007791881902472257
1436	548.0899587285718	0.00781955510656633
1437	548.3757313298803	0.007528903271932424
1438	548.6615326518745	0.007588679421647949
1439	548.9473627084406	0.007494508751001701
1440	549.2332215134649	0.007282224489687371
1441	549.5191090808336	0.0075519184075878674
1442	549.8050254244329	0.007738689917480282
1443	550.0909705581491	0.007427277893694252
1444	550.3769444958685	0.007210107034781935
1445	550.6629472514775	0.007229586633636664
1446	550.948978838862	0.007233994808728729
1447	551.2350392719086	0.007154049355026727
1448	551.5211285645033	0.006891524286274307
1449	551.8072467305325	0.006735342090392801
1450	552.0933937838823	0.006924799259772482
1451	552.3795697384393	0.007168530892246283
1452	552.6657746080894	0.007324263836811721
1453	552.952008406719	0.007494722198403325
1454	553.2382711482144	0.007842971370108257
1455	553.5245628464617	0.007999581537971964
1456	553.8108835153473	0.008233395714086832
1457	554.0972331687574	0.00878048542102117
1458	554.3836118205784	0.008904650958515562
1459	554.6700194846962	0.008765089334724174
1460	554.9564561749975	0.008872482509677858
1461	555.2429219053682	0.008973003849271372
1462	555.5294166896947	0.009240244901396135
1463	555.8159405418633	0.009336202362088182
1464	556.1024934757602	0.009183036502720591
1465	556.3890755052716	0.009173538501507107
1466	556.6756866442839	0.008872847349304006
1467	556.9623269066833	0.008701508421878503
1468	557.2489963063559	0.008410008143861402
1469	557.5356948571882	0.008276733346324056
1470	557.8224225730664	0.008000191105273828
1471	558.1091794678766	0.0077467674001894995
1472	558.3959655555052	0.007552752752611173
1473	558.6827808498384	0.007928497308655547
1474	558.9696253647625	0.008402424491852531
1475	559.2564991141636	0.008552467974495359
1476	559.5434021119282	0.008739436928282357
1477	559.8303343719424	0.00855757983066943
1478	560.1172959080926	0.008275805147653078
1479	560.4042867342647	0.008433385435305328
1480	560.6913068643454	0.008177471029292923
1481	560.9783563122207	0.008076847888038993
1482	561.265435091777	0.008401696280858222
1483	561.5525432169005	0.008819678148232235
1484	561.8396807014774	0.008969667956553353
1485	562.1268475593939	0.009203702769470511
1486	562.4140438045364	0.009467069065642604
1487	562.7012694507911	0.00977028620123419
1488	562.9885245120443	0.010008479622198313
1489	563.2758090021821	0.010272012647826923
1490	563.563122935091	0.010031140032348933
1491	563.8504663246571	0.009626209396736118
1492	564.1378391847667	0.00953748222049339
1493	564.4252415293059	0.009348948142709854
1494	564.7126733721611	0.009100090280263538
1495	565.0001347272188	0.00884866362420119
1496	565.2876256083648	0.008866348005068378
1497	565.5751460294856	0.008718324603650896
1498	565.8626960044675	0.008367107696132607
1499	566.1502755471965	0.007907893811666641
1500	566.4378846715592	0.0076630429458098585
1501	566.7255233914417	0.007750940294496737
1502	567.0131917207302	0.008278711607612305
1503	567.300889673311	0.00834059378510879
1504	567.5886172630703	0.008487520408135366
1505	567.8763745038946	0.008770595485159391
1506	568.1641614096698	0.008896742884949902
1507	568.4519779942824	0.00913748806805443
1508	568.7398242716185	0.009778447983642736
1509	569.0277002555645	0.009731979338358362
1510	569.3156059600067	0.00976380618526523
1511	569.6035413988311	0.010055924582009608
1512	569.8915065859242	0.010217613406411596
1513	570.1795015351721	0.01020680971140899
1514	570.4675262604611	0.01034044455824074
1515	570.7555807756776	0.010182211093900637
1516	571.0436650947076	0.01031049451160164
1517	571.3317792314376	0.010657024339164368
1518	571.6199231997538	0.010376846368155489
1519	571.9080970135421	0.010096378919282655
1520	572.1963006866894	0.009868351427715322
1521	572.4845342330815	0.009460716274571169
1522	572.7727976666047	0.00898970301405923
1523	573.0610910011454	0.008488121021794325
1524	573.3494142505898	0.008508163586999065
1525	573.6377674288241	0.008577977694937884
1526	573.9261505497346	0.008295926432573474
1527	574.2145636272077	0.008354157138637278
1528	574.5030066751293	0.008568082811461677
1529	574.791479707386	0.008858996474108084
1530	575.0799827378639	0.008896427429403646
1531	575.3685157804492	0.008746342018963986
1532	575.6570788490283	0.008559359347460686
1533	575.9456719574874	0.008573827434386404
1534	576.2342951197127	0.008879408127952144
1535	576.5229483495906	0.009376271575378238
1536	576.8116316610071	0.00936546246697595
1537	577.1003450678488	0.009283766036442338
1538	577.3890885840017	0.009331308869423375
1539	577.6778622233521	0.009796202051396752
1540	577.9666659997863	0.009731695960278942
1541	578.2554999271905	0.010032929795633
1542	578.5443640194511	0.01078423978693409
1543	578.8332582904543	0.011339283124054094
1544	579.1221827540862	0.01170369344657628
1545	579.4111374242332	0.011274095354627253
1546	579.7001223147814	0.010729230933362586
1547	579.9891374396174	0.010425933514090763
1548	580.278182812627	0.009915864140520298
1549	580.567258447697	0.009662116361359671
1550	580.8563643587131	0.009419996772190695
1551	581.1455005595619	0.009373652098531393
1552	581.4346670641295	0.009320525728332656
1553	581.7238638863023	0.009118909195158826
1554	582.0130910399664	0.00908467605689836
1555	582.3023485390082	0.009357069630578783
1556	582.5916363973139	0.009213976294639964
1557	582.8809546287697	0.009248006065352168
1558	583.1703032472619	0.009077522067923395
1559	583.4596822666767	0.00892196312862007
1560	583.7490917009005	0.00941269986036757
1561	584.0385315638196	0.009763281185069722
1562	584.3280018693198	0.010089648640346977
1563	584.617502631288	0.01052918187688947
1564	584.9070338636099	0.010540996630841943
1565	585.1965955801721	0.010657658299211052
1566	585.4861877948607	0.01091701902110614
1567	585.7758105215621	0.011086821876766857
1568	586.0654637741624	0.01145430787973414
1569	586.355147566548	0.011552831691374074
1570	586.6448619126049	0.011552158718125682
1571	586.9346068262197	0.011521818108470106
1572	587.2243823212784	0.01145953738340042
1573	587.5141884116673	0.011006231272239958
1574	587.8040251112728	0.0108097769750949
1575	588.0938924339811	0.010907510696663153
1576	588.3837903936784	0.01053834889406401
1577	588.6737190042509	0.010506411409085696
1578	588.9636782795849	0.010325874651243553
1579	589.2536682335667	0.01017371928920063
1580	589.5436888800825	0.009718688965496153
1581	589.8337402330187	0.009067714866566491
1582	590.1238223062614	0.008213977300116795
1583	590.413935113697	0.008167445929049864
1584	590.7040786692116	0.008100135306044413
1585	590.9942529866914	0.007856716593171942
1586	591.2844580800229	0.00797946977118859
1587	591.5746939630923	0.008723336743182965
1588	591.8649606497856	0.009117137969385734
1589	592.1552581539894	0.009480531362020313
1590	592.4455864895898	0.009700383605391725
1591	592.735945670473	0.009708902884150165
1592	593.0263357105252	0.010101122278445594
1593	593.3167566236331	0.010545808012756702
1594	593.6072084236823	0.010950352358444411
1595	593.8976911245595	0.010971334669370931
1596	594.1882047401509	0.010773922732046479
1597	594.4787492843427	0.010699306854406912
1598	594.769324771021	0.0107744194403299
1599	595.0599312140723	0.011134203564872984
1600	595.3505686273829	0.011434320939775252
1601	595.6412370248388	0.011103831692848377
1602	595.9319364203263	0.010879242004931376
1603	596.2226668277319	0.01116128408613404
1604	596.5134282609415	0.010957644042749095
1605	596.8042207338417	0.010489239130789274
1606	597.0950442603186	0.010171210407576944
1607	597.3858988542584	0.010376302475568205
1608	597.6767845295474	0.010599634224461973
1609	597.9677013000719	0.01063895752455066
1610	598.2586491797181	0.010527496984938755
1611	598.5496281823723	0.010297064235964801
1612	598.8406383219208	0.01029941566751949
1613	599.1316796122497	0.01002828447767144
1614	599.4227520672455	0.00967413337885189
1615	599.7138557007942	0.009702030597486474
1616	600.0049905267822	0.009485331777202078
1617	600.2961565590957	0.009397541967159974
1618	600.5873538116209	0.00923948878364933
1619	600.8785822982443	0.009471646001541018
1620	601.1698420328519	0.00991021659994766
1621	601.46113302933	0.010582000503275997
1622	601.7524553015651	0.01093645715616827
1623	602.043808863443	0.011179527086609907
1624	602.3351937288504	0.011202296826106763
1625	602.6266099116733	0.011270057705842192
1626	602.918057425798	0.01132092259069934
1627	603.2095362851109	0.011571360310303948
1628	603.5010465034981	0.01230263659767155
1629	603.7925880948459	0.012704415188283887
1630	604.0841610730405	0.012550212178339003
1631	604.3757654519682	0.012290777420582766
1632	604.6674012455153	0.012118238045257936
1633	604.959068467568	0.01214409628275371
1634	605.2507671320126	0.012106305009572327
1635	605.5424972527353	0.011460310471551757
1636	605.8342588436225	0.011075736336416411
1637	606.1260519185604	0.011036220840687744
1638	606.4178764914351	0.01065245685187162
1639	606.7097325761329	0.010110180429367215
1640	607.0016201865402	0.009689554113362094
1641	607.2935393365431	0.009867987273250826
1642	607.5854900400279	0.009908873902884233
1643	607.877472310881	0.009785671238801917
1644	608.1694861629885	0.009722416155371736
1645	608.4615316102368	0.009733494167729369
1646	608.7536086665119	0.009815422655760127
1647	609.0457173457003	0.009954013896946105
1648	609.3378576616881	0.010244658854648848
1649	609.6300296283617	0.010222121689639757
1650	609.9222332596072	0.01012983785693597
1651	610.2144685693111	0.010648935688794966
1652	610.5067355713593	0.010957372645563446
1653	610.7990342796384	0.010768293451337627
1654	611.0913647080343	0.010943149714017242
1655	611.3837268704336	0.011103410788236796
1656	611.6761207807225	0.01130138596851391
1657	611.9685464527871	0.011614575568153818
1658	612.2610039005137	0.011597685084642893
1659	612.5534931377887	0.011281821527851794
1660	612.8460141784981	0.01117190813110546
1661	613.1385670365283	0.011589830225115703
1662	613.4311517257656	0.01183210133201831
1663	613.7237682600963	0.011628306798905006
1664	614.0164166534065	0.011267218735079822
1665	614.3090969195825	0.010545112952064643
1666	614.6018090725106	0.010321765243357017
1667	614.8945531260771	0.009811427750288189
1668	615.1873290941681	0.009071694135491174
1669	615.4801369906701	0.008841168241258024
1670	615.772976829469	0.008137908045847875
1671	616.0658486244514	0.007469048924528457
1672	616.3587523895034	0.007235435928787581
1673	616.6516881385112	0.00734839489730592
1674	616.9446558853612	0.007600091501714291
1675	617.2376556439395	0.007725153397673483
1676	617.5306874281326	0.007008033960830564
1677	617.8237512518266	0.006577532204068178
1678	618.1168471289077	0.006261603720438561
1679	618.4099750732621	0.006091913793738065
1680	618.7031350987763	0.0064626128564624595
1681	618.9963272193363	0.006885569727496083
1682	619.2895514488287	0.006784435619192755
1683	619.5828078011393	0.006535786791567328
1684	619.8760962901548	0.006688612043146097
1685	620.1694169297612	0.0071652492668666376
1686	620.4627697338448	0.007517328008687407
1687	620.7561547162918	0.007705346504685874
1688	621.0495718909885	0.008039898839618627
1689	621.3430212718213	0.008078376911845672
1690	621.6365028726763	0.008155676431029941
1691	621.9300167074397	0.008161898792405975
1692	622.2235627899979	0.0077844084473256275
1693	622.517141134237	0.007484877220780597
1694	622.8107517540435	0.00736401801265991
1695	623.1043946633035	0.006885904316157465
1696	623.3980698759034	0.0066792777801025814
1697	623.6917774057291	0.006475545709397751
1698	623.9855172666671	0.006700372315479621
1699	624.2792894726038	0.006554111960065931
1700	624.5730940374252	0.006008722924545498
1701	624.8669309750177	0.005916208883586177
1702	625.1608002992674	0.005702731800649716
1703	625.4547020240607	0.006032846472671507
1704	625.7486361632839	0.00618559736021306
1705	626.0426027308231	0.006840037678128134
1706	626.3366017405647	0.006734032733052828
1707	626.6306332063948	0.006668008137412597
1708	626.9246971421999	0.006645610871852797
1709	627.2187935618659	0.006899082433776578
1710	627.5129224792794	0.007347901213219899
1711	627.8070839083265	0.007699545309661556
1712	628.1012778628934	0.007828249857116637
1713	628.3955043568666	0.008186264063482758
1714	628.689763404132	0.008752932782035103
1715	628.9840550185761	0.0100272295666327
1716	629.2783792140851	0.011001231236921255
1717	629.5727360045453	0.01164437856760912
1718	629.8671254038428	0.012279904179489732
1719	630.1615474258641	0.012653486507439523
1720	630.4560020844951	0.012603376451397814
1721	630.7504893936226	0.01279753268393276
1722	631.0450093671324	0.013072355347263698
1723	631.3395620189108	0.013364801238443481
1724	631.6341473628443	0.013521099545770502
1725	631.9287654128188	0.014059398336750361
1726	632.2234161827209	0.014258245280142582
1727	632.5180996864367	0.0142531618313457
1728	632.8128159378525	0.01411996513498661
1729	633.1075649508545	0.013767905835914685
1730	633.402346739329	0.013718644354368528
1731	633.6971613171621	0.013982035116573421
1732	633.9920086982404	0.013895098734542536
1733	634.2868888964499	0.013430808542999504
1734	634.5818019256769	0.013124825563899494
1735	634.8767477998077	0.01307253737407908
1736	635.1717265327284	0.012976980065909879
1737	635.4667381383255	0.012950208091240376
1738	635.7617826304851	0.012735608458883642
1739	636.0568600230935	0.0126210543269376
1740	636.3519703300369	0.012941061437676036
1741	636.6471135652017	0.013391705991967049
1742	636.942289742474	0.013503318318177134
1743	637.2374988757401	0.013659536320770601
1744	637.5327409788863	0.013910589369749917
1745	637.8280160657988	0.014103830289879766
1746	638.1233241503639	0.01409045701577384
1747	638.4186652464679	0.014492449186721181
1748	638.714039367997	0.01489207141107241
1749	639.0094465288373	0.015194744557315927
1750	639.3048867428754	0.014997944764391122
1751	639.6003600239973	0.015176554807975695
1752	639.8958663860893	0.015616294954331929
1753	640.1914058430377	0.01642976462026775
1754	640.4869784087288	0.01659872809045607
1755	640.7825840970487	0.01635146368335004
1756	641.0782229218838	0.016388253125099315
1757	641.3738948971203	0.01670729592248494
1758	641.6696000366445	0.016590015436409877
1759	641.9653383543425	0.016334436118570203
1760	642.2611098641008	0.016140720325539135
1761	642.5569145798055	0.015614205564736559
1762	642.8527525153429	0.015514403222425466
1763	643.1486236845991	0.015356265479749128
1764	643.4445281014607	0.01439564026317442
1765	643.7404657798136	0.013718806487536686
1766	644.0364367335443	0.013250841705547516
1767	644.3324409765389	0.01303447519937098
1768	644.6284785226838	0.01297740529568657
1769	644.9245493858652	0.012865234509437051
1770	645.2206535799693	0.01249308816050973
1771	645.5167911188825	0.012046043047498654
1772	645.8129620164907	0.011936446418898001
1773	646.1091662866805	0.012043123473992163
1774	646.4054039433382	0.01267827447076954
1775	646.7016750003498	0.012573862057078099
1776	646.9979794716018	0.012254987463708473
1777	647.2943173709803	0.012209447326371612
1778	647.5906887123714	0.012407604511262948
1779	647.8870935096618	0.012462838625963183
1780	648.1835317767373	0.012725005563220017
1781	648.4800035274844	0.012818460392892004
1782	648.7765087757894	0.012933168798820074
1783	649.0730475355384	0.013118192364434636
1784	649.3696198206177	0.013564056722910828
1785	649.6662256449137	0.014168976776324721
1786	649.9628650223124	0.014442304278953936
1787	650.2595379667002	0.014717321462027717
1788	650.5562444919635	0.014608662836443357
1789	650.8529846119883	0.014720464746221113
1790	651.149758340661	0.014723427831211
1791	651.4465656918679	0.014770390029340297
1792	651.743406679495	0.014746131054302761
1793	652.0402813174288	0.01461486889704864
1794	652.3371896195555	0.014355445826323738
1795	652.6341315997614	0.01434200661012478
1796	652.9311072719327	0.013888569215911355
1797	653.2281166499556	0.01367348050001156
1798	653.5251597477164	0.013123150322295603
1799	653.8222365791014	0.013021100626680767
1800	654.1193471579969	0.01270824483123929
1801	654.4164914982889	0.012471741663209805
1802	654.7136696138641	0.012037373145047794
1803	655.0108815186084	0.01151756838283379
1804	655.308127226408	0.01122464258366332
1805	655.6054067511494	0.011096734596366072
1806	655.9027201067188	0.011623579372638712
1807	656.2000673070024	0.011886979534194583
1808	656.4974483658865	0.011557783639759421
1809	656.7948632972573	0.011300137552308093
1810	657.092312115001	0.011504922582249104
1811	657.3897948330042	0.011180983724123857
1812	657.6873114651528	0.011061419366791253
1813	657.9848620253331	0.011054484826283916
1814	658.2824465274314	0.011031029794207574
1815	658.5800649853339	0.011415312168180458
1816	658.877717412927	0.01218161948593853
1817	659.1754038240971	0.012356886340640959
1818	659.47312423273	0.012616077980197033
1819	659.7708786527122	0.012748570917571842
1820	660.0686670979301	0.012864892620493633
1821	660.3664895822697	0.013007719539032118
1822	660.6643461196173	0.01306900963696817
1823	660.9622367238594	0.013465332717103337
1824	661.260161408882	0.013972504663744717
1825	661.5581201885715	0.01410880058665169
1826	661.8561130768139	0.014527502794162327
1827	662.1541400874958	0.014374847089622802
1828	662.4522012345033	0.013852270835315707
1829	662.7502965317226	0.013217807180541127
1830	663.04842599304	0.013235434657378564
1831	663.3465896323419	0.01332978434166951
1832	663.6447874635144	0.013207440572367512
1833	663.9430195004437	0.013057219359024723
1834	664.2412857570162	0.012540576545133882
1835	664.539586247118	0.012218259307089467
1836	664.8379209846355	0.011973920029571924
1837	665.136289983455	0.011658156428566232
1838	665.4346932574626	0.011060572933682128
1839	665.7331308205446	0.010287932018548501
1840	666.0316026865873	0.009965596932443506
1841	666.3301088694769	0.010024550423988556
1842	666.6286493830999	0.010052113717265797
1843	666.9272242413421	0.01020942578367082
1844	667.2258334580902	0.010162075352027237
1845	667.5244770472301	0.010064689201752776
1846	667.8231550226483	0.010021921313626496
1847	668.1218673982308	0.01012281429188489
1848	668.4206141878643	0.010367031718356852
1849	668.7193954054346	0.010561056207469699
1850	669.0182110648283	0.010732660222536407
1851	669.3170611799313	0.010667002335588802
1852	669.6159457646303	0.011073983523719888
1853	669.9148648328111	0.011604596086693078
1854	670.2138183983603	0.01170775188858831
1855	670.512806475164	0.012030683221623853
1856	670.8118290771084	0.012303306151702926
1857	671.1108862180799	0.012426445988181113
1858	671.4099779119647	0.012704189148804342
1859	671.7091041726491	0.012773719261202634
1860	672.0082650140192	0.012806417551549048
1861	672.3074604499614	0.013140553948146274
1862	672.6066904943619	0.012680094081311448
1863	672.905955161107	0.012353393347526049
1864	673.2052544640829	0.012295318950021183
1865	673.504588417176	0.011998670239717221
1866	673.8039570342723	0.012128667048031104
1867	674.1033603292583	0.011975171634304624
1868	674.40279831602	0.011656605436768809
1869	674.702271008444	0.011121338545232149
1870	675.0017784204163	0.011214660182326051
1871	675.3013205658233	0.010964688729720217
1872	675.6008974585511	0.010641990661690356
1873	675.900509112486	0.010519613831171136
1874	676.2001555415144	0.01051283483267699
1875	676.4998367595224	0.009710958037848178
1876	676.7995527803963	0.009596188579746201
1877	677.0993036180224	0.009547600844972616
1878	677.3990892862868	0.009443753462484926
1879	677.698909799076	0.00904619989333128
1880	677.9987651702761	0.008655185903001449
1881	678.2986554137734	0.008602286769657037
1882	678.5985805434541	0.008634756952623841
1883	678.8985405732046	0.008784753696893813
1884	679.1985355169109	0.008866352407299875
1885	679.4985653884595	0.009150012746024234
1886	679.7986302017366	0.009770179471504159
1887	680.0987299706284	0.010220444488359404
1888	680.3988647090213	0.010494468179641359
1889	680.6990344308011	0.010681868466515079
1890	680.9992391498547	0.011017295567773018
1891	681.299478880068	0.011468937104976479
1892	681.5997536353273	0.011293802019433056
1893	681.9000634295188	0.011425564307997302
1894	682.2004082765288	0.011871626046046052
1895	682.5007881902437	0.012271273876437363
1896	682.8012031845496	0.012425126808545144
1897	683.1016532733328	0.012334517181446179
1898	683.4021384704794	0.01259134851896061
1899	683.702658789876	0.012616143595992368
1900	684.0032142454086	0.012202664058683641
1901	684.3038048509635	0.011961413962349583
1902	684.6044306204268	0.011579203656960824
1903	684.9050915676852	0.011450130772287626
1904	685.2057877066245	0.011513375677702348
1905	685.5065190511312	0.011405866067764708
1906	685.8072856150915	0.011030060414310941
1907	686.1080874123917	0.010722654251923307
1908	686.408924456918	0.010116036006139188
1909	686.7097967625566	0.010397672834555139
1910	687.0107043431939	0.010589342599468277
1911	687.311647212716	0.01002330692095481
1912	687.6126253850092	0.009338966386884886
1913	687.9136388739599	0.008622469913641557
1914	688.2146876934543	0.007974212968244394
1915	688.5157718573784	0.0076826855634439225
1916	688.8168913796188	0.006847988609399768
1917	689.1180462740616	0.0065646518143198315
1918	689.419236554593	0.006560527425581693
1919	689.7204622350995	0.007310446652781763
1920	690.021723329467	0.00806434328711837
1921	690.323019851582	0.008592714166882735
1922	690.6243518153308	0.00919141764418645
1923	690.9257192345995	0.009628051613559917
1924	691.2271221232743	0.009025099402766202
1925	691.5285604952417	0.008405727432255641
1926	691.8300343643876	0.007993841200123048
1927	692.1315437445987	0.007912265084791323
1928	692.4330886497611	0.008617550562818266
1929	692.7346690937608	0.009034485797316895
1930	693.0362850904843	0.00990277538113628
1931	693.3379366538178	0.010081487286083896
1932	693.6396237976476	0.0108783981611147
1933	693.9413465358599	0.011573712574516337
1934	694.243104882341	0.012245265731378704
1935	694.5448988509771	0.012304953909436247
1936	694.8467284556544	0.012495320023600336
1937	695.1485937102594	0.01230477877911678
1938	695.450494628678	0.011719758760310698
1939	695.752431224797	0.011202156419504993
1940	696.054403512502	0.011173946033061806
1941	696.3564115056797	0.011080940972493224
1942	696.6584552182161	0.011231746694283885
1943	696.9605346639977	0.011085709874117283
1944	697.2626498569107	0.011056308081376346
1945	697.5648008108411	0.010538889590746366
1946	697.8669875396755	0.010532537206015623
1947	698.1692100572999	0.010149314420334515
1948	698.4714683776008	0.009864032635954008
1949	698.7737625144641	0.009856499736795522
1950	699.0760924817765	0.009818709517376319
1951	699.3784582934239	0.009168516086433178
1952	699.6808599632927	0.008650630699625421
1953	699.9832975052692	0.008127640432317115
1954	700.2857709332395	0.007429583870682249
1955	700.5882802610901	0.007485806311934781
1956	700.890825502707	0.007601580238729389
1957	701.1934066719766	0.007780910593252838
1958	701.4960237827851	0.007590087764766369
1959	701.7986768490189	0.007528507963530622
1960	702.101365884564	0.007667225945169016
1961	702.4040909033068	0.007414666407704263
1962	702.7068519191336	0.007480288659492631
1963	703.0096489459305	0.008108422956470053
1964	703.3124819975841	0.008796426141041591
1965	703.6153510879802	0.009296275253485845
1966	703.9182562310054	0.009455715841800771
1967	704.2211974405458	0.009510060405315093
1968	704.5241747304877	0.009921028845633124
1969	704.8271881147173	0.009879593625796669
1970	705.1302376071209	0.009629389497118215
1971	705.4333232215848	0.009671505861890773
1972	705.7364449719951	0.009242686080084769
1973	706.0396028722382	0.009286195003117335
1974	706.3427969362004	0.009456108101968279
1975	706.6460271777679	0.009772005691135045
1976	706.9492936108269	0.00997044642926315
1977	707.2525962492638	0.010054071336586139
1978	707.5559351069645	0.01027301405919141
1979	707.8593101978158	0.010136587326868018
1980	708.1627215357034	0.009572834784851655
1981	708.466169134514	0.00991153754583547
1982	708.7696530081336	0.009840605001107486
1983	709.0731731704485	0.009176661522518033
1984	709.3767296353451	0.00874620343267144
1985	709.6803224167094	0.008778113985890467
1986	709.983951528428	0.008752438616510334
1987	710.2876169843868	0.00852012115372941
1988	710.5913187984722	0.007949752755475796
1989	710.8950569845706	0.007353350519781696
1990	711.198831556568	0.007194130886814605
1991	711.5026425283509	0.006817673659032593
1992	711.8064899138053	0.006830499491250869
1993	712.1103737268177	0.006614176015244403
1994	712.4142939812742	0.006158010737875371
1995	712.7182506910611	0.006101312450019095
1996	713.0222438700647	0.006145996497621356
1997	713.3262735321713	0.0060046416090120585
1998	713.630339691267	0.006075728978064177
1999	713.934442361238	0.005744873528617308
2000	714.2385815559708	0.0055702745761564395
2001	714.5427572893517	0.005756824933809667
2002	714.8469695752666	0.006145105066086217
2003	715.151218427602	0.006474978592207906
2004	715.4555038602441	0.006734314146112394
2005	715.7598258870793	0.007031107146922344
2006	716.0641845219936	0.007247202197720248
2007	716.3685797788735	0.0076427905462186545
2008	716.673011671605	0.007728399486462728
2009	716.9774802140745	0.007616644894954483
2010	717.2819854201683	0.007536516318166703
2011	717.5865273037728	0.007688190046333086
2012	717.8911058787737	0.008229425660640296
2013	718.1957211590578	0.008992621312196804
2014	718.5003731585113	0.009265959500251568
2015	718.8050618910202	0.009347210274043186
2016	719.1097873704708	0.009770149747945172
2017	719.4145496107496	0.009999201558096278
2018	719.7193486257427	0.010545366077409631
2019	720.0241844293363	0.010413222807608027
2020	720.3290570354168	0.009974234607888249
2021	720.6339664578702	0.00974228533550372
2022	720.938912710583	0.009270304314100688
2023	721.2438958074415	0.008843563227779743
2024	721.5489157623318	0.008298760224034354
2025	721.8539725891402	0.00798931800897901
2026	722.1590663017529	0.007340657700799156
2027	722.4641969140562	0.006593710750123912
2028	722.7693644399363	0.006147159161277415
2029	723.0745688932797	0.006049881391007306
2030	723.3798102879724	0.006368415593686421
2031	723.6850886379007	0.006474343629881028
2032	723.9904039569509	0.006311087775801662
2033	724.2957562590093	0.005729426518575491
2034	724.601145557962	0.004868381877667938
2035	724.9065718676954	0.004597292303989067
2036	725.2120352020959	0.00450271952953992
2037	725.5175355750494	0.004534054077673513
2038	725.8230730004423	0.004243118401868486
2039	726.1286474921609	0.004221063566088243
2040	726.4342590640915	0.004200158576761675
2041	726.7399077301204	0.004357183735884432
2042	727.0455935041336	0.004354852409699585
2043	727.3513164000175	0.004663553994732781
2044	727.6570764316585	0.004847546937802965
2045	727.9628736129426	0.0048965515290412195
2046	728.2687079577562	0.00512111513922962
2047	728.5745794799855	0.00553053940704992
2048	728.8804881935168	0.006417007937216364
2049	729.1864341122365	0.006988056007526517
2050	729.4924172500306	0.007200436588944683
2051	729.7984376207854	0.007479763937259858
2052	730.1044952383872	0.007605126790214191
2053	730.4105901167225	0.007224963179950249
2054	730.7167222696771	0.007552095204278295
2055	731.0228917111376	0.007448011397606504
2056	731.3290984549901	0.00765902728290833
2057	731.635342515121	0.008040700837001109
2058	731.9416239054163	0.008205663921753946
2059	732.2479426397625	0.007999182085306436
2060	732.5542987320458	0.008258178866161005
2061	732.8606921961524	0.008084483242728823
2062	733.1671230459685	0.00785322750340373
2063	733.4735912953805	0.007214767633029342
2064	733.7800969582746	0.006829611826950672
2065	734.086640048537	0.006551008877725189
2066	734.393220580054	0.006511791706930337
2067	734.699838566712	0.006342005161236429
2068	735.0064940223971	0.006102307365635541
2069	735.3131869609954	0.005664366331051747
2070	735.6199173963935	0.0052019062246683985
2071	735.9266853424774	0.005202562655186054
2072	736.2334908131335	0.0057734543135472055
2073	736.540333822248	0.006159987275577825
2074	736.8472143837071	0.004760031267274118
2075	737.154132511397	0.004202624051404023
2076	737.4610882192043	0.0037050416433242602
2077	737.7680815210149	0.002848055350807485
2078	738.0751124307153	0.0025641502277500535
2079	738.3821809621916	0.0027496502602972106
2080	738.68928712933	0.002757611487114606
2081	738.9964309460169	0.0025209050390241155
2082	739.3036124261384	0.0024298487144697916
2083	739.610831583581	0.0032316621211615146
2084	739.9180884322309	0.00348954948233057
2085	740.225382985974	0.0036309956694714233
2086	740.5327152586971	0.004300193973821679
2087	740.840085264286	0.004576857178204655
2088	741.1474930166273	0.004532645803342693
2089	741.454938529607	0.00437189892222285
2090	741.7624218171114	0.00461815940573915
2091	742.069942893027	0.00489119711540904
2092	742.3775017712398	0.005175104752732653
2093	742.6850984656361	0.005404775950316104
2094	742.9927329901021	0.00616032908513503
2095	743.3004053585242	0.006610989739237981
2096	743.6081155847887	0.006482147331277491
2097	743.9158636827817	0.006255175979850953
2098	744.2236496663894	0.005764720645737404
2099	744.5314735494983	0.005359422927005347
2100	744.8393353459945	0.00571654893280358
2101	745.1472350697642	0.006385427212515244
2102	745.4551727346937	0.006930477717667369
2103	745.7631483546695	0.006859357331569836
2104	746.0711619435775	0.006585545707015227
2105	746.3792135153041	0.0067221137804659385
2106	746.6873030837355	0.007265218260833012
2107	746.9954306627582	0.007247010780303472
2108	747.3035962662581	0.007438944505092367
2109	747.6117999081217	0.007276896802827963
2110	747.9200416022352	0.00675177538328376
2111	748.2283213624847	0.00608588293625651
2112	748.5366392027568	0.005779893725540251
2113	748.8449951369375	0.005570719257112623
2114	749.153389178913	0.004767880266478507
2115	749.4618213425698	0.004780335835066699
2116	749.770291641794	0.00464084411102313
2117	750.0788000904718	0.003981826845833144
2118	750.3873467024896	0.0033630974820354296
2119	750.6959314917334	0.002264547987553468
2120	751.0045544720899	0.0019238210882642586
2121	751.3132156574451	0.002112809991720059
2122	751.6219150616851	0.002248742377682095
2123	751.9306526986963	0.0027480279310235782
2124	752.239428582365	0.0028400546660400485
2125	752.5482427265777	0.0023903378628647963
2126	752.8570951452201	0.0019576970284158708
2127	753.1659858521788	0.0020521426242050556
2128	753.47491486134	0.0023126893238241
2129	753.78388218659	0.0022471080113459344
2130	754.092887841815	0.002266425760019114
2131	754.4019318409013	0.002463087541723934
2132	754.7110141977349	0.003168170815257614
2133	755.0201349262026	0.0038824658685396233
2134	755.3292940401901	0.004265366587522747
2135	755.638491553584	0.0038680531619272778
2136	755.9477274802704	0.0030091993046684005
2137	756.2570018341356	0.002593141423736392
2138	756.5663146290658	0.002686648635602186
2139	756.8756658789475	0.0034593960839751667
2140	757.1850555976666	0.00399253475655589
2141	757.4944837991097	0.004421735932564854
2142	757.8039504971628	0.004687866379436759
2143	758.1134557057122	0.005838274721998684
2144	758.4229994386442	0.006509823564615514
2145	758.7325817098451	0.0069014380287414495
2146	759.042202533201	0.006971703872379801
2147	759.3518619225985	0.006731423302302236
2148	759.6615598919234	0.006312065824425149
2149	759.9712964550623	0.005848629025660685
2150	760.2810716259013	0.0053759661930126105
2151	760.5908854183268	0.004862243519798016
2152	760.9007378462247	0.004364468979550123
2153	761.2106289234817	0.004327701712910867
2154	761.5205586639838	0.003821270492964136
2155	761.8305270816173	0.0035608909615690025
2156	762.1405341902686	0.0036147194153124573
2157	762.4505800038237	0.003935858306241002
2158	762.7606645361691	0.004108099738189638
2159	763.0707878011908	0.0034983735054145296
2160	763.3809498127753	0.0023819015407613897
2161	763.6911505848087	0.0013474155376522249
2162	764.0013901311773	0.0010912949299066697
2163	764.3116684657675	0.0009478997939757253
2164	764.6219856024652	0.0004629127002201538
2165	764.932341555157	0.00022451748513568483
2166	765.2427363377292	0.0001500255919274313
2167	765.5531699640676	0.00041855560860559873
2168	765.863642448059	0.0005169987496726047
2169	766.1741538035892	-0.00013814337911837588
2170	766.4847040445447	-0.00038577788044666394
2171	766.795293184812	-0.0007444338537652376
2172	767.1059212382768	-0.0008863088303035422
2173	767.4165882188256	-0.0008408595201886894
2174	767.7272941403448	-0.0010475448639856273
2175	768.0380390167205	-0.000957873424969421
2176	768.3488228618389	-0.0004316816909401591
2177	768.6596456895867	3.843088969752103e-05
2178	768.9705075138495	0.00036758230631046157
2179	769.2814083485139	0.0009965554446868222
2180	769.5923482074662	0.0010221583498850064
2181	769.9033271045926	0.001251054776676603
2182	770.2143450537793	0.0018378957092271937
2183	770.5254020689126	0.002321906607512813
2184	770.8364981638788	0.0022379829809488065
2185	771.147633352564	0.0024249009264073434
2186	771.4588076488545	0.0028602150733155747
2187	771.7700210666369	0.002876863521046419
2188	772.081273619797	0.0029169187917766574
2189	772.3925653222212	0.0031803213730563014
2190	772.703896187796	0.00287100505041223
2191	773.0152662304072	0.002861213663842184
2192	773.3266754639413	0.00295583850803562
2193	773.6381239022846	0.0030529350841875364
2194	773.9496115593233	0.0030396970826965784
2195	774.2611384489439	0.0031730338011612003
2196	774.5727045850322	0.002774865215278933
2197	774.8843099814748	0.0022957308641607193
2198	775.1959546521576	0.002057261254894599
2199	775.5076386109674	0.001713369076286852
2200	775.8193618717901	0.001626011737029577
2201	776.1311244485119	0.001870764939806848
2202	776.4429263550192	0.001961602477676012
2203	776.7547676051981	0.0015460099187732186
2204	777.0666482129352	0.0012306783902814313
2205	777.3785681921164	0.0005430163587309828
2206	777.6905275566281	-0.00019900625171925283
2207	778.0025263203565	-0.0006080852248109852
2208	778.314564497188	-0.0010109216504718445
2209	778.6266421010087	-0.001106628907808783
2210	778.938759145705	-0.0011726528890984964
2211	779.250915645163	-0.0017567697657706169
2212	779.563111613269	-0.002580248608645648
2213	779.8753470639093	-0.003340883864129936
2214	780.1876220109701	-0.003990736449075828
2215	780.4999364683379	-0.004483157742536669
2216	780.8122904498986	-0.004538986840874253
2217	781.1246839695386	-0.004515223966013153
2218	781.4371170411442	-0.004526180216020022
2219	781.7495896786016	-0.004063641271675408
2220	782.0621018957971	-0.0038236089182545076
2221	782.3746537066169	-0.004042188596982959
2222	782.6872451249473	-0.004240223540456894
2223	782.9998761646746	-0.004274386101173115
2224	783.3125468396848	-0.0038990049061282043
2225	783.6252571638646	-0.003398844031421628
2226	783.9380071510999	-0.003196424687290149
2227	784.2507968152771	-0.003110668841094574
2228	784.5636261702824	-0.0024928495628723985
2229	784.8764952300022	-0.0018214492776931503
2230	785.1894040083226	-0.0009981267364168498
2231	785.5023525191299	-0.00045548443604834677
2232	785.8153407763103	0.0001159655308348518
2233	786.1283687937502	0.0007666658725457312
2234	786.4414365853356	0.0013841783866235674
2235	786.754544164953	0.0020244008358075343
2236	787.0676915464886	0.0026877236151259714
2237	787.3808787438287	0.0028896019232624555
2238	787.6941057708594	0.0029836741511857015
2239	788.0073726414671	0.0032262527594100684
2240	788.320679369538	0.0036368802866787327
2241	788.6340259689583	0.003309411677946854
2242	788.9474124536143	0.0032499789343069666
2243	789.2608388373924	0.003324592949530532
2244	789.5743051341786	0.0037655051474738844
2245	789.8878113578594	0.004274004138327408
2246	790.2013575223209	0.004749965650195691
2247	790.5149436414493	0.0051295096518421835
2248	790.8285697291311	0.0052819601716535556
2249	791.1422357992524	0.005525082364276911
2250	791.4559418656994	0.005723880451883582
2251	791.7696879423584	0.005304485630979521
2252	792.0834740431158	0.004608286248345971
2253	792.3973001818574	0.004064183291251255
2254	792.7111663724701	0.003917319384736007
2255	793.0250726288398	0.00334612877908412
2256	793.3390189648528	0.00356779462552944
2257	793.6530053943954	0.0033708035651668178
2258	793.9670319313539	0.0032555672924476802
2259	794.2810985896143	0.00286280447518057
2260	794.5952053830631	0.0023813392744061125
2261	794.9093523255865	0.0020620997877174997
2262	795.2235394310707	0.0020465772560565774
2263	795.5377667134019	0.0019168727917451586
2264	795.8520341864665	0.001842443274590119
2265	796.1663418641509	0.0018753246963901004
2266	796.4806897603411	0.0017317786850298352
2267	796.7950778889234	0.00128208628597706
2268	797.109506263784	0.0010387653983267178
2269	797.4239748988093	0.000859693530383639
2270	797.7384838078856	0.0013969177194583249
2271	798.0530330048988	0.0021308649761796537
2272	798.3676225037356	0.002502068619332586
2273	798.6822523182819	0.003237830927979393
2274	798.9969224624243	0.0037290410253795372
2275	799.3116329500489	0.003583914147182005
2276	799.6263837950419	0.0037532022451207347
2277	799.9411750112894	0.003946339404370398
2278	800.2560066126779	0.0036541941355003283
2279	800.5708786130938	0.003502652450983559
2280	800.885791026423	0.003636150407652264
2281	801.2007438665518	0.0036333583610372853
2282	801.5157371473667	0.003755554501314667
2283	801.8307708827539	0.00402175530487972
2284	802.1458450865996	0.004285750337672966
2285	802.4609597727899	0.004576069774742203
2286	802.7761149552111	0.004648257583458945
2287	803.0913106477498	0.004867502200322382
2288	803.406546864292	0.005240665420904886
2289	803.7218236187239	0.0051050006533264625
2290	804.0371409249317	0.004946996354492472
2291	804.3524987968018	0.005418203218072243
2292	804.6678972482206	0.00519323977353231
2293	804.9833362930741	0.005560420077581106
2294	805.2988159452485	0.00539946022728073
2295	805.6143362186305	0.005284619016135736
2296	805.9298971271058	0.005194824346802159
2297	806.245498684561	0.00494322885244778
2298	806.5611409048822	0.004911619300820052
2299	806.8768238019559	0.004472231645547228
2300	807.1925473896681	0.004074863927230674
2301	807.5083116819051	0.004007885387112837
2302	807.8241166925533	0.0038057351556989075
2303	808.1399624354988	0.00332486657880889
2304	808.4558489246277	0.0023868072700241514
2305	808.7717761738268	0.001886752181782118
2306	809.0877441969818	0.0012674352011046454
2307	809.4037530079792	0.0003652670146505887
2308	809.7198026207053	-0.0002703519796625818
2309	810.0358930490463	-2.7053063073148294e-05
2310	810.3520243068883	0.00016869502084727398
2311	810.6681964081179	-0.0002530407431208864
2312	810.9844093666211	-0.0005496732414016163
2313	811.3006631962842	-0.0006463954426580609
2314	811.6169579109934	-0.00029346065805783175
2315	811.933293524635	2.7301525441026702e-05
2316	812.2496700510954	0.00034047644389823575
2317	812.5660875042608	-9.110464825425873e-05
2318	812.8825458980173	-0.0002039454764225604
2319	813.1990452462513	-0.00048545307025035626
2320	813.5155855628489	-0.0012438712627273279
2321	813.8321668616966	-0.0021293392324071084
2322	814.1487891566804	-0.0028597559780847524
2323	814.4654524616867	-0.0025900899005617327
2324	814.7821567906019	-0.0021774627769962102
2325	815.0989021573118	-0.0022337255136881664
2326	815.4156885757033	-0.0020401442731631347
2327	815.732516059662	-0.001527077887066206
2328	816.0493846230746	-0.001365650661066236
2329	816.3662942798271	-0.0008575173455835373
2330	816.683245043806	-0.0010203779337036453
2331	817.0002369288975	-0.000815846669127744
2332	817.3172699489876	-7.482521834758318e-05
2333	817.6343441179629	-0.0001653725584038569
2334	817.9514594497093	-0.0001251011203413309
2335	818.2686159581134	0.0002755856132391189
2336	818.5858136570613	0.0007725541631957155
2337	818.9030525604393	0.0009290667506375506
2338	819.2203326821334	0.0004302107072635544
2339	819.5376540360304	-0.000238759705436262
2340	819.855016636016	3.1490119142758385e-06
2341	820.1724204959768	0.000745027905926517
2342	820.4898656297988	0.0019047331105552451
2343	820.8073520513686	0.002178095600765056
2344	821.1248797745722	0.0028870169528821023
2345	821.4424488132959	0.0030293789319924976
2346	821.760059181426	0.0031000629339431518
2347	822.0777108928486	0.003146353039581713
2348	822.3954039614503	0.002656436158617411
2349	822.713138401117	0.0019990433593595094
2350	823.0309142257352	0.001409314578293648
2351	823.348731449191	0.001424739307593982
2352	823.6665900853707	0.0010504436782699555
2353	823.9844901481605	0.0001360406381968762
2354	824.3024316514467	-0.00042220543758101525
2355	824.6204146091158	-0.0005989222134965618
2356	824.9384390350536	-0.0003160973750569805
2357	825.2565049431468	-0.0007309797907006259
2358	825.5746123472812	-0.0007715597183423477
2359	825.8927612613436	-0.0009343271586869625
2360	826.2109516992198	-0.001102981712500479
2361	826.5291836747962	-0.0016177632070146595
2362	826.8474572019592	-0.002544269053145679
2363	827.1657722945947	-0.002750522801089712
2364	827.4841289665893	-0.0027428968565838914
2365	827.8025272318292	-0.002584776319083258
2366	828.1209671042006	-0.0023999101266456635
2367	828.4394485975897	-0.002231634856134225
2368	828.7579717258828	-0.0023129603965732727
2369	829.0765365029663	-0.0029610770765513997
2370	829.3951429427261	-0.003833684195922188
2371	829.713791059049	-0.0041036432188590296
2372	830.0324808658206	-0.004079063168901272
2373	830.3512123769277	-0.004048907148294894
2374	830.6699856062563	-0.003726654940472694
2375	830.9888005676927	-0.0035710148909903565
2376	831.3076572751231	-0.0038318965492939758
2377	831.626555742434	-0.004248995219415024
2378	831.9454959835113	-0.004446360744914965
2379	832.2644780122414	-0.00409338968728999
2380	832.5835018425108	-0.0038697849154826526
2381	832.9025674882054	-0.004024511940888546
2382	833.2216749632115	-0.0035241812088384235
2383	833.5408242814156	-0.0030147184087028754
2384	833.8600154567039	-0.002848164019758593
2385	834.1792485029624	-0.0027081343575221604
2386	834.4985234340776	-0.0023789357825302025
2387	834.8178402639355	-0.001496740973955861
2388	835.1371990064229	-0.0007312777322892672
2389	835.4565996754254	-0.0004857643703173438
2390	835.7760422848296	-4.591278720310359e-05
2391	836.0955268485218	-8.873180729567267e-05
2392	836.4150533803881	-0.00043450793707305814
2393	836.734621894315	-0.0007792275482547389
2394	837.0542324041883	-0.0011112772043090392
2395	837.3738849238946	-0.0016840094985010735
2396	837.6935794673201	-0.0018185766855053204
2397	838.0133160483512	-0.0013184037343691385
2398	838.3330946808738	-0.0009777752296277389
2399	838.6529153787745	-0.0006901057704963697
2400	838.9727781559393	-0.0005850944723733018
2401	839.2926830262546	-0.0008941588762320856
2402	839.6126300036067	-0.0015795178741924987
2403	839.9326191018818	-0.0019388952953971036
2404	840.252650334966	-0.002224051606643448
2405	840.5727237167458	-0.002420834497720957
2406	840.8928392611073	-0.0023889804781364325
2407	841.2129969819368	-0.002189446702786153
2408	841.5331968931206	-0.002331053381308105
2409	841.853439008545	-0.002518412129820446
2410	842.1737233420961	-0.0028953846493532972
2411	842.4940499076602	-0.0033607171376949033
2412	842.8144187191236	-0.0036981378476719324
2413	843.1348297903726	-0.0042329011585874555
2414	843.4552831352933	-0.004527768709807481
2415	843.7757787677721	-0.004937661594100572
2416	844.0963167016952	-0.005067016783343325
2417	844.416896950949	-0.004890407457151944
2418	844.7375195294196	-0.005340833281774527
2419	845.0581844509932	-0.005701366039911558
2420	845.3788917295561	-0.005823351800344022
2421	845.6996413789947	-0.005872380725304743
2422	846.0204334131951	-0.006039921504209769
2423	846.3412678460436	-0.005668955357270737
2424	846.6621446914265	-0.005359484726192021
2425	846.9830639632299	-0.0057919166600955
2426	847.3040256753403	-0.006117362257117771
2427	847.6250298416438	-0.005990930835694771
2428	847.9460764760267	-0.005333561243835031
2429	848.2671655923754	-0.005058624479804765
2430	848.5882972045758	-0.0053633472581113145
2431	848.9094713265144	-0.005566180891686056
2432	849.2306879720775	-0.0056782639877815825
2433	849.5519471551512	-0.005975528322567728
2434	849.8732488896218	-0.006096016739367322
2435	850.1945931893756	-0.0059920268308559285
2436	850.5159800682989	-0.005809088470864051
2437	850.8374095402778	-0.005734928885340876
2438	851.1588816191987	-0.0051910505975079745
2439	851.4803963189479	-0.004495392963395911
2440	851.8019536534115	-0.0038134071375296582
2441	852.1235536364758	-0.0034367254464846082
2442	852.4451962820272	-0.003470165542606344
2443	852.7668816039517	-0.003622342583766765
2444	853.0886096161356	-0.0035598073155997272
2445	853.4103803324655	-0.003514514527354448
2446	853.7321937668272	-0.003724903476171446
2447	854.0540499331073	-0.0036750790204592766
2448	854.3759488451918	-0.0030730407765879315
2449	854.6978905169672	-0.003066354822032278
2450	855.0198749623195	-0.003109461326580486
2451	855.3419021951352	-0.0032931654338106183
2452	855.6639722293004	-0.003054012429583552
2453	855.9860850787012	-0.003101743488700671
2454	856.3082407572243	-0.003189132204179127
2455	856.6304392787556	-0.003615466636161851
2456	856.9526806571815	-0.003764385485274543
2457	857.2749649063883	-0.0037043413478019516
2458	857.5972920402621	-0.004048034505341688
2459	857.9196620726893	-0.004201436473737025
2460	858.2420750175561	-0.004322858876022655
2461	858.5645308887487	-0.004447488314714972
2462	858.8870297001533	-0.004651772647047162
2463	859.2095714656564	-0.005187239765411475
2464	859.5321561991441	-0.0053610427605175915
2465	859.8547839145026	-0.005816717456262162
2466	860.1774546256183	-0.005769546685287114
2467	860.5001683463774	-0.006161271752704304
2468	860.8229250906661	-0.006425251374026416
2469	861.1457248723707	-0.006835200736511952
2470	861.4685677053775	-0.007428364895195445
2471	861.7914536035727	-0.007999968959461236
2472	862.1143825808426	-0.008623653405733383
2473	862.4373546510734	-0.008990584946915032
2474	862.7603698281513	-0.009003326496441172
2475	863.0834281259627	-0.009054165059799418
2476	863.4065295583938	-0.009136443423401844
2477	863.7296741393309	-0.009009879119427973
2478	864.0528618826601	-0.008676551127805396
2479	864.3760928022677	-0.00876063745551385
2480	864.6993669120402	-0.009042343224172127
2481	865.0226842258636	-0.009271241067999992
2482	865.3460447576243	-0.009362036895660801
2483	865.6694485212083	-0.009262288374304354
2484	865.9928955305022	-0.009356146718169776
2485	866.316385799392	-0.008865464013836031
2486	866.6399193417642	-0.008662844535650704
2487	866.9634961715047	-0.007747173925175956
2488	867.2871163025002	-0.007357967024229434
2489	867.6107797486367	-0.0071579847239137085
2490	867.9344865238005	-0.007471040704959356
2491	868.2582366418776	-0.007324739334641583
2492	868.5820301167547	-0.007182071898713374
2493	868.9058669623179	-0.0072870048385340665
2494	869.2297471924531	-0.007500055903165722
2495	869.5536708210471	-0.0077709280953860696
2496	869.8776378619859	-0.007602509541087742
2497	870.2016483291559	-0.007460894939103164
2498	870.525702236443	-0.006601883507339669
2499	870.8497995977339	-0.006129942169164758
2500	871.1739404269144	-0.005895885268708357
2501	871.4981247378711	-0.005848050603676137
2502	871.8223525444903	-0.005571726301403262
2503	872.1466238606579	-0.005709933897040263
2504	872.4709387002605	-0.005732441858031089
2505	872.7952970771843	-0.00593252854267055
2506	873.1196990053153	-0.0058707702989623635
2507	873.44414449854	-0.005944308142024746
2508	873.7686335707447	-0.006166437916546559
2509	874.0931662358154	-0.006563384831681279
2510	874.4177425076386	-0.006729377809286497
2511	874.7423624001005	-0.006737419872266009
2512	875.0670259270872	-0.006496373164055741
2513	875.3917331024852	-0.006476548891384607
2514	875.7164839401805	-0.006699149954717649
2515	876.0412784540596	-0.006856304862937222
2516	876.3661166580085	-0.006223212420045581
2517	876.6909985659138	-0.006065158855378488
2518	877.0159241916615	-0.006419841622541538
2519	877.3408935491378	-0.006368558928061159
2520	877.6659066522293	-0.006464320299027222
2521	877.9909635148218	-0.006550349465360301
2522	878.3160641508019	-0.006991652294053462
2523	878.6412085740557	-0.007376850515785939
2524	878.9663967984695	-0.007115023806085828
2525	879.2916288379295	-0.00721612150713041
2526	879.6169047063221	-0.007159849393390581
2527	879.9422244175336	-0.007703156796877006
2528	880.2675879854498	-0.008669515035967494
2529	880.5929954239575	-0.00974653838001034
2530	880.9184467469427	-0.010132753250176913
2531	881.2439419682917	-0.01046769491705793
2532	881.5694811018906	-0.009954774444782395
2533	881.895064161626	-0.009576141993142025
2534	882.2206911613838	-0.00946435679841288
2535	882.5463621150506	-0.009634502075227787
2536	882.8720770365122	-0.010052092454761389
2537	883.1978359396554	-0.010825339695517439
2538	883.523638838366	-0.011110657233038354
2539	883.8494857465306	-0.011179585138233182
2540	884.1753766780351	-0.011158911223960413
2541	884.501311646766	-0.011161082844404598
2542	884.8272906666097	-0.011332411688562569
2543	885.1533137514521	-0.011569841099343108
2544	885.4793809151797	-0.012056904017554505
2545	885.8054921716786	-0.012062271971737933
2546	886.1316475348352	-0.012159479976337081
2547	886.4578470185356	-0.011897575189686435
2548	886.7840906366663	-0.01147917031984907
2549	887.1103784031133	-0.011209984034333443
2550	887.4367103317629	-0.010913637404309425
2551	887.7630864365016	-0.010637864267266131
2552	888.0895067312154	-0.010520683996779587
2553	888.4159712297906	-0.010319058209955129
2554	888.7424799461135	-0.009545690402981893
2555	889.0690328940702	-0.009127899932610423
2556	889.3956300875474	-0.009263548388951836
2557	889.7222715404307	-0.008814258183798327
2558	890.0489572666071	-0.00869340527339479
2559	890.3756872799621	-0.008635185464237184
2560	890.7024615943825	-0.008578760595570955
2561	891.0292802237544	-0.008324995167630874
2562	891.3561431819641	-0.008465644659695572
2563	891.6830504828976	-0.0090869083670191
2564	892.0100021404415	-0.009295371205979284
2565	892.3369981684818	-0.009151397186962635
2566	892.6640385809048	-0.009354699967255027
2567	892.9911233915971	-0.009674443359375284
2568	893.3182526144444	-0.009402265543842492
2569	893.6454262633333	-0.00901284047367344
2570	893.9726443521502	-0.009281374050435599
2571	894.2999068947809	-0.009363584381910369
2572	894.627213905112	-0.009373327175670767
2573	894.9545653970295	-0.009492630935202464
2574	895.28196138442	-0.009501625196580609
2575	895.6094018811694	-0.00901530999126147
2576	895.9368869011643	-0.009050662934669912
2577	896.2644164582907	-0.00943668784894699
2578	896.591990566435	-0.010092045823415155
2579	896.9196092394833	-0.010252386998265113
2580	897.247272491322	-0.010071220178225624
2581	897.5749803358374	-0.009927781399030425
2582	897.9027327869154	-0.01004860200215862
2583	898.2305298584427	-0.010123968127907832
2584	898.5583715643053	-0.010524160577496874
2585	898.8862579183897	-0.010689760788854467
2586	899.2141889345819	-0.010608099683920699
2587	899.5421646267681	-0.01066955939962048
2588	899.8701850088348	-0.01088664120495877
2589	900.1982500946682	-0.011298961372979517
2590	900.5263598981545	-0.011652731314731778
2591	900.8545144331799	-0.012300428370230156
2592	901.1827137136308	-0.01274644389604912
2593	901.5109577533933	-0.012389050948343609
2594	901.8392465663538	-0.012794470130023505
2595	902.1675801663987	-0.012848046385330809
2596	902.4959585674138	-0.012499607103281596
2597	902.8243817832856	-0.012994342305030611
2598	903.1528498279004	-0.01369286403129574
2599	903.4813627151444	-0.013682827218029532
2600	903.8099204589039	-0.014059379944061598
2601	904.1385230730652	-0.014422667006330332
2602	904.4671705715144	-0.014183357986185464
2603	904.795862968138	-0.013565635592647634
2604	905.1246002768219	-0.013798274453720623
2605	905.4533825114526	-0.013743177742130026
2606	905.7822096859163	-0.013491458726210864
2607	906.1110818140994	-0.013440514999202232
2608	906.439998909888	-0.013451040040026101
2609	906.7689609871684	-0.013174863472176815
2610	907.0979680598267	-0.012636349420357842
2611	907.4270201417494	-0.012619416885250392
2612	907.7561172468226	-0.011715252836090945
2613	908.0852593889326	-0.011378866273015346
2614	908.4144465819656	-0.010943293302210375
2615	908.743678839808	-0.010582174099483562
2616	909.072956176346	-0.01036809290400008
2617	909.4022786054659	-0.010353399037506372
2618	909.731646141054	-0.01042934941629159
2619	910.0610587969961	-0.010871101552517052
2620	910.390516587179	-0.011346011372720712
2621	910.7200195254887	-0.011725568875103086
2622	911.0495676258115	-0.011987705593836665
2623	911.3791609020337	-0.01183484745378425
2624	911.7087993680416	-0.011655959067060259
2625	912.0384830377213	-0.011025699696538403
2626	912.3682119249592	-0.010507121151173872
2627	912.6979860436414	-0.01020285026005448
2628	913.0278054076543	-0.009826766990766842
2629	913.3576700308842	-0.009707601591139462
2630	913.6875799272171	-0.010168760480714172
2631	914.0175351105395	-0.00979479757206305
2632	914.3475355947376	-0.009883212835919076
2633	914.6775813936977	-0.009675596322848291
2634	915.0076725213058	-0.009480347673219735
2635	915.3378089914485	-0.009257998577505394
2636	915.6679908180118	-0.009209716910561596
2637	915.9982180148821	-0.009502846130638986
2638	916.3284905959457	-0.009911592190913624
2639	916.6588085750888	-0.010320197316159378
2640	916.9891719661974	-0.010374658844733776
2641	917.319580783158	-0.01044558557035982
2642	917.650035039857	-0.010453447708230423
2643	917.9805347501805	-0.009949091766802124
2644	918.3110799280147	-0.010453426261349518
2645	918.6416705872459	-0.010744851304182181
2646	918.9723067417605	-0.010716828885118834
2647	919.3029884054445	-0.011458747949909903
2648	919.6337155921843	-0.012353523958888385
2649	919.9644883158661	-0.013149031281918262
2650	920.2953065903763	-0.013398071844329456
2651	920.626170429601	-0.013407781793394226
2652	920.9570798474265	-0.01345430351509572
2653	921.2880348577388	-0.01333542384481557
2654	921.6190354744247	-0.013114587560901699
2655	921.9500817113701	-0.013306405186534287
2656	922.2811735824614	-0.013480839600628654
2657	922.6123111015847	-0.013937031345169076
2658	922.9434942826265	-0.014464227371413993
2659	923.2747231394728	-0.014497641780446227
2660	923.6059976860099	-0.014935782529586761
2661	923.937317936124	-0.015133305505943183
2662	924.2686839037017	-0.014966589459888002
2663	924.6000956026289	-0.014783113877097591
2664	924.931553046792	-0.014709170894662551
2665	925.2630562500774	-0.014583552545653489
2666	925.5946052263711	-0.014725709768121814
2667	925.9261999895592	-0.014835744174425293
2668	926.2578405535285	-0.014731044672428835
2669	926.5895269321649	-0.014638699430015632
2670	926.9212591393547	-0.015419766607701712
2671	927.2530371889841	-0.015711378090910624
2672	927.5848610949394	-0.015996663628586323
2673	927.916730871107	-0.015804161674837076
2674	928.2486465313731	-0.015651383231636347
2675	928.5806080896238	-0.01604778974882924
2676	928.9126155597455	-0.01573252400209686
2677	929.2446689556242	-0.015221690249311278
2678	929.5767682911467	-0.014871457309530075
2679	929.9089135801987	-0.014514586101091097
2680	930.2411048366668	-0.013793872827334611
2681	930.573342074437	-0.01305110641127265
2682	930.9056253073959	-0.012814221964493295
2683	931.2379545494294	-0.012498757711248785
2684	931.5703298144239	-0.011931186976270044
2685	931.9027511162657	-0.012294001920597429
2686	932.235218468841	-0.013033315810706372
2687	932.5677318860362	-0.013245915852517862
2688	932.9002913817372	-0.013677427773347755
2689	933.2328969698307	-0.01346348357978982
2690	933.5655486642028	-0.013644874275574734
2691	933.8982464787393	-0.013331900047599089
2692	934.2309904273272	-0.01315740435090254
2693	934.5637805238524	-0.012935812840232918
2694	934.896616782201	-0.012345742356531927
2695	935.2294992162596	-0.011933203255770023
2696	935.5624278399142	-0.011706576359175516
2697	935.8954026670511	-0.011706225187534482
2698	936.2284237115567	-0.011863847657504738
2699	936.5614909873171	-0.011953547771201776
2700	936.8946045082185	-0.011830752487037704
2701	937.2277642881475	-0.012172886710861636
2702	937.56097034099	-0.01234210551068783
2703	937.8942226806323	-0.012743636360662005
2704	938.2275213209608	-0.012667660067664233
2705	938.5608662758616	-0.013113373847254141
2706	938.8942575592213	-0.013049018299904321
2707	939.2276951849257	-0.013229119824056067
2708	939.5611791668612	-0.012888285243701725
2709	939.8947095189143	-0.012920144186198914
2710	940.2282862549708	-0.012459212650537073
2711	940.5619093889175	-0.012326259641263371
2712	940.8955789346403	-0.01266097347826012
2713	941.2292949060255	-0.013206453961218188
2714	941.5630573169594	-0.013022547243762566
2715	941.8968661813283	-0.013394213620478714
2716	942.2307215130184	-0.013891450357709202
2717	942.5646233259158	-0.014592971937378574
2718	942.8985716339072	-0.014562828060989557
2719	943.2325664508785	-0.014529791676772832
2720	943.5666077907159	-0.01473370219680134
2721	943.9006956673059	-0.014778151496793169
2722	944.2348300945346	-0.015329638587354165
2723	944.5690110862884	-0.01530836645032365
2724	944.9032386564533	-0.015615036733535242
2725	945.2375128189158	-0.015880026940414422
2726	945.571833587562	-0.015629523818502914
2727	945.9062009762783	-0.016077038770931706
2728	946.2406149989508	-0.016418689954107397
2729	946.575075669466	-0.01703406800815885
2730	946.9095830017098	-0.017160140887425263
2731	947.2441370095688	-0.016995464447370316
2732	947.578737706929	-0.01694740163719541
2733	947.913385107677	-0.01723066967152336
2734	948.2480792256986	-0.01736225175031206
2735	948.5828200748804	-0.017651926006841574
2736	948.9176076691083	-0.018302366261807635
2737	949.2524420222691	-0.017826294976979663
2738	949.5873231482485	-0.01804020460149244
2739	949.9222510609331	-0.01808274923945552
2740	950.2572257742091	-0.01736714285266487
2741	950.5922473019626	-0.01714816287802388
2742	950.9273156580801	-0.016435935335241094
2743	951.2624308564476	-0.01616165013443649
2744	951.5975929109518	-0.01599765561799446
2745	951.9328018354782	-0.015350692174726621
2746	952.2680576439137	-0.01586929991341413
2747	952.6033603501445	-0.015606976271355408
2748	952.9387099680565	-0.01535556910087574
2749	953.2741065115363	-0.015183277205676055
2750	953.60954999447	-0.014775084077346842
2751	953.9450404307437	-0.01484083565046478
2752	954.2805778342441	-0.014187354469401796
2753	954.616162218857	-0.014094114427663496
2754	954.9517935984688	-0.014597370643283347
2755	955.287471986966	-0.014332177081954917
2756	955.6231973982345	-0.014533815803847076
2757	955.9589698461609	-0.014507869255177592
2758	956.2947893446312	-0.014700307459503202
2759	956.6306559075316	-0.014653790301158157
2760	956.9665695487487	-0.014667988428665034
2761	957.3025302821684	-0.014624665872413274
2762	957.6385381216771	-0.014467622961887734
2763	957.9745930811612	-0.014226562782454585
2764	958.3106951745066	-0.013530197581161916
2765	958.6468444155998	-0.013378009023990974
2766	958.983040818327	-0.012953784613813045
2767	959.3192843965747	-0.012511261917766702
2768	959.6555751642288	-0.012770273998395037
2769	959.9919131351757	-0.013027390886913846
2770	960.3282983233017	-0.013015832867151711
2771	960.6647307424929	-0.013119858739378364
2772	961.0012104066357	-0.013765596738325428
2773	961.3377373296163	-0.014416521177890466
2774	961.6743115253211	-0.014914020262125561
2775	962.010933007636	-0.015264730548139179
2776	962.3476017904476	-0.015121944461441298
2777	962.6843178876422	-0.015290738713501402
2778	963.0210813131057	-0.01566399065660524
2779	963.3578920807246	-0.015934108268976576
2780	963.6947502043851	-0.016022619039404586
2781	964.0316556979735	-0.015818196581566288
2782	964.3686085753761	-0.01582074778843613
2783	964.7056088504789	-0.015892127669977617
2784	965.0426565371685	-0.015579390477447112
2785	965.3797516493308	-0.01631772634793963
2786	965.7168942008526	-0.016716535869638158
2787	966.0540842056196	-0.016837710386758322
2788	966.3913216775181	-0.016712548795348687
2789	966.7286066304347	-0.01712748625487325
2790	967.0659390782555	-0.01804848547645221
2791	967.4033190348667	-0.017722498308223172
2792	967.7407465141546	-0.01757096844694993
2793	968.0782215300054	-0.017865600751241648
2794	968.4157440963054	-0.017818809130179216
2795	968.7533142269408	-0.01761409430588383
2796	969.0909319357979	-0.01752439414768289
2797	969.4285972367633	-0.0179384929802358
2798	969.7663101437226	-0.01859645655024938
2799	970.1040706705625	-0.018389667432284366
2800	970.441878831169	-0.01838461954304796
2801	970.7797346394286	-0.018614944090362743
2802	971.1176381092274	-0.018471322146406177
2803	971.4555892544518	-0.018373320966094963
2804	971.7935880889878	-0.017932949314442247
2805	972.131634626722	-0.017890031011386396
2806	972.4697288815405	-0.017593663419366187
2807	972.8078708673295	-0.017958654964568384
2808	973.1460605979752	-0.018600120365650268
2809	973.4842980873639	-0.018831050722436765
2810	973.822583349382	-0.019041664966519763
2811	974.1609163979156	-0.01901003110731617
2812	974.499297246851	-0.018658408816192594
2813	974.8377259100746	-0.018559150684063244
2814	975.1762024014723	-0.018011846195440124
2815	975.5147267349308	-0.018322408961833146
2816	975.8532989243361	-0.018284701466076792
2817	976.1919189835744	-0.018203783935129347
2818	976.5305869265321	-0.017893957933946925
2819	976.8693027670954	-0.017729486107435213
2820	977.2080665191506	-0.017408028467349974
2821	977.546878196584	-0.017560370179211283
2822	977.8857378132818	-0.01752882010735249
2823	978.2246453831299	-0.017267633121261457
2824	978.5636009200151	-0.016960609539751568
2825	978.9026044378237	-0.016733169961246127
2826	979.2416559504414	-0.01700917637192084
2827	979.5807554717546	-0.017110925376441034
2828	979.91990301565	-0.017375481184543705
2829	980.2590985960135	-0.016604516641505845
2830	980.5983422267315	-0.016212676456511244
2831	980.9376339216901	-0.015886570288455765
2832	981.2769736947756	-0.01594151697040285
2833	981.6163615598743	-0.01496055867694055
2834	981.9557975308726	-0.015105113766173578
2835	982.2952816216565	-0.014737872027986097
2836	982.6348138461124	-0.014645500823626704
2837	982.9743942181265	-0.015154438912999349
2838	983.3140227515851	-0.014886716824723948
2839	983.6536994603745	-0.014277202464231975
2840	983.9934243583807	-0.014050686834099687
2841	984.3331974594903	-0.0148054610722069
2842	984.6730187775894	-0.015083745682304271
2843	985.0128883265642	-0.015332393994813787
2844	985.352806120301	-0.015457584279476522
2845	985.692772172686	-0.0161536182341415
2846	986.0327864976057	-0.015900532930092092
2847	986.3728491089461	-0.015657487325606297
2848	986.7129600205935	-0.015834187943062395
2849	987.0531192464343	-0.01564843132513475
2850	987.3933268003547	-0.015932242058436297
2851	987.7335826962408	-0.016314375816413353
2852	988.073886947979	-0.016501508283451295
2853	988.4142395694555	-0.016915844199733427
2854	988.7546405745567	-0.016817963894636634
2855	989.0950899771684	-0.016604593749287005
2856	989.4355877911775	-0.016059724207331396
2857	989.7761340304698	-0.016134879624033344
2858	990.1167287089319	-0.016932028663443777
2859	990.4573718404497	-0.017224122746016375
2860	990.7980634389097	-0.01730920924409156
2861	991.1388035181978	-0.017605805367212703
2862	991.4795920922008	-0.018378939732130714
2863	991.8204291748048	-0.01870995980594138
2864	992.1613147798957	-0.01884187942834715
2865	992.5022489213601	-0.019274131566299414
2866	992.8432316130841	-0.019837042896764166
2867	993.184262868954	-0.019825761779503667
2868	993.5253427028562	-0.019953707779056324
2869	993.8664711286767	-0.02035702269319376
2870	994.2076481603018	-0.020356867131991314
2871	994.548873811618	-0.020666905959067793
2872	994.8901480965113	-0.02088057720312388
2873	995.2314710288682	-0.020466687347020326
2874	995.5728426225746	-0.020265858146079306
2875	995.9142628915171	-0.020349013451840633
2876	996.2557318495818	-0.020569420216834104
2877	996.5972495106549	-0.02033521384570794
2878	996.9388158886228	-0.02076420527902915
2879	997.2804309973717	-0.02107332735342092
2880	997.6220948507878	-0.02088052516973344
2881	997.9638074627575	-0.020929541489285615
2882	998.3055688471667	-0.020772296912154438
2883	998.6473790179022	-0.020225210597589527
2884	998.9892379888498	-0.01997338407283846
2885	999.3311457738959	-0.0197324927145986
2886	999.6731023869269	-0.020175689918187915
2887	1000.0151078418289	-0.020251768485939313
2888	1000.3571621524881	-0.01945121862810699
2889	1000.699265332791	-0.01921503454825487
2890	1001.0414173966237	-0.01900952617055167
2891	1001.3836183578723	-0.019089736731879244
2892	1001.7258682304233	-0.01829118886999783
2893	1002.068167028163	-0.018570470310919972
2894	1002.4105147649773	-0.01775953199355932
2895	1002.7529114547528	-0.017340542577291083
2896	1003.0953571113758	-0.01714414912047722
2897	1003.4378517487322	-0.01686020236303635
2898	1003.7803953807086	-0.016530021058287513
2899	1004.1229880211911	-0.016677266658205618
2900	1004.4656296840657	-0.016635532877530747
2901	1004.8083203832192	-0.01619257664584959
2902	1005.1510601325374	-0.01683375658941425
2903	1005.493848945907	-0.016685837695217785
2904	1005.8366868372138	-0.01617303681656566
2905	1006.1795738203442	-0.015414027685307342
2906	1006.5225099091847	-0.015720191505658176
2907	1006.8654951176211	-0.0159962311951004
2908	1007.2085294595402	-0.015411014661023787
2909	1007.5516129488279	-0.015641427471669016
2910	1007.8947455993704	-0.015202081336323713
2911	1008.2379274250543	-0.015122608027668951
2912	1008.5811584397654	-0.014979002185299751
2913	1008.9244386573904	-0.015035986031629478
2914	1009.2677680918152	-0.015904754533382196
2915	1009.6111467569264	-0.016538710094462467
2916	1009.95457466661	-0.01701041921706203
2917	1010.2980518347522	-0.016342854755411727
2918	1010.6415782752396	-0.016768322465443783
2919	1010.985154001958	-0.017766177495883582
2920	1011.3287790287941	-0.018700335875839604
2921	1011.6724533696338	-0.01848516994033693
2922	1012.0161770383636	-0.019013844260965945
2923	1012.3599500488696	-0.018628685805485726
2924	1012.7037724150382	-0.018282976123060856
2925	1013.0476441507554	-0.01863328168857279
2926	1013.3915652699079	-0.018087467634258968
2927	1013.7355357863815	-0.018099002628641097
2928	1014.0795557140627	-0.01790143375948043
2929	1014.4236250668378	-0.01782727751646533
2930	1014.7677438585927	-0.018228765338903177
2931	1015.1119121032142	-0.018630351842764584
2932	1015.456129814588	-0.018656075446813837
2933	1015.8003970066009	-0.018813784951356268
2934	1016.1447136931387	-0.018190862759666918
2935	1016.489079888088	-0.018633909188834077
2936	1016.8334956053347	-0.019111345943857463
2937	1017.1779608587655	-0.019253843190806783
2938	1017.5224756622662	-0.019169207291228337
2939	1017.8670400297232	-0.019828651563081133
2940	1018.2116539750231	-0.020567958011537973
2941	1018.5563175120516	-0.02037755039112991
2942	1018.9010306546954	-0.02066136284531924
2943	1019.2457934168406	-0.021387235942646528
2944	1019.5906058123733	-0.021719215022467618
2945	1019.9354678551801	-0.021628840958469692
2946	1020.2803795591469	-0.021952441733928955
2947	1020.6253409381601	-0.02190037929071458
2948	1020.9703520061062	-0.02202338760648977
2949	1021.315412776871	-0.021460739632015575
2950	1021.6605232643411	-0.020624017536012014
2951	1022.0056834824026	-0.021260824837197476
2952	1022.3508934449418	-0.02145992349556462
2953	1022.696153165845	-0.02147959108363258
2954	1023.0414626589983	-0.02155931444637754
2955	1023.3868219382881	-0.021243403772059542
2956	1023.7322310176007	-0.020768347276246667
2957	1024.0776899108223	-0.020669376750346344
2958	1024.423198631839	-0.021015377723058146
2959	1024.7687571945373	-0.02119524956837297
2960	1025.1143656128033	-0.02100925999822955
2961	1025.4600239005233	-0.020642974391149788
2962	1025.8057320715836	-0.020929484677598226
2963	1026.1514901398705	-0.02001344964401161
2964	1026.49729811927	-0.019528725338640564
2965	1026.8431560236686	-0.01952538571879324
2966	1027.1890638669524	-0.020249667969073872
2967	1027.535021663008	-0.01956833059236523
2968	1027.881029425721	-0.018198343179399456
2969	1028.2270871689782	-0.016952247340532814
2970	1028.573194906666	-0.016568750327533247
2971	1028.91935265267	-0.01679974350024907
2972	1029.2655604208771	-0.016171188882459688
2973	1029.6118182251732	-0.015783630559956914
2974	1029.9581260794446	-0.015712718401886535
2975	1030.3044839975776	-0.015256059304590093
2976	1030.6508919934583	-0.015050708673789822
2977	1030.9973500809733	-0.015465352079025779
2978	1031.3438582740087	-0.015509392710772922
2979	1031.6904165864505	-0.01461542571422004
2980	1032.0370250321853	-0.015299580394162422
2981	1032.3836836250991	-0.01497574822951803
2982	1032.7303923790787	-0.014636847113168552
2983	1033.0771513080097	-0.015425599011789262
2984	1033.4239604257784	-0.014950663569349069
2985	1033.7708197462714	-0.014786731167643494
2986	1034.1177292833747	-0.014148134508910745
2987	1034.464689050975	-0.014456537099440902
2988	1034.811699062958	-0.014874160991421454
2989	1035.1587593332101	-0.014466932132891082
2990	1035.5058698756177	-0.01384254220648687
2991	1035.8530307040671	-0.01312966469518147
2992	1036.2002418324444	-0.012311584589550189
2993	1036.5475032746358	-0.01233120748947047
2994	1036.8948150445278	-0.011756576422099275
2995	1037.2421771560066	-0.012288345971498874
2996	1037.589589622958	-0.011715610389626529
2997	1037.9370524592691	-0.011861384855747113
2998	1038.2845656788254	-0.010958249059283234
2999	1038.6321292955136	-0.011780242404404001
3000	1038.9797433232195	-0.012065276287632522
3001	1039.32740777583	-0.013820613901246639
3002	1039.6751226672307	-0.01398470944973621
3003	1040.0228880113086	-0.014213399954758857
3004	1040.3707038219493	-0.013456946075862125
3005	1040.718570113039	-0.013615554074326878
3006	1041.0664868984645	-0.014207084884645517
3007	1041.4144541921119	-0.014445864319678065
3008	1041.7624720078672	-0.013974396772514226
3009	1042.1105403596168	-0.0152878482287122
3010	1042.458659261247	-0.015856159365744533
3011	1042.806828726644	-0.015858565759474832
3012	1043.155048769694	-0.015086756780514132
3013	1043.5033194042835	-0.015400487644967285
3014	1043.8516406442986	-0.01603548927452303
3015	1044.2000125036254	-0.016103287451386353
3016	1044.5484349961505	-0.017482308673307637
3017	1044.8969081357598	-0.017553300226057743
3018	1045.2454319363396	-0.017806755332794102
3019	1045.5940064117765	-0.01796371613175763
3020	1045.9426315759565	-0.01777443587935637
3021	1046.2913074427659	-0.018217947251801588
3022	1046.6400340260907	-0.01909066210522056
3023	1046.9888113398176	-0.018529870225375087
3024	1047.3376393978326	-0.01857700513365138
3025	1047.686518214022	-0.018392762641830773
3026	1048.035447802272	-0.018470497864295932
3027	1048.384428176469	-0.0194899861890248
3028	1048.7334593504993	-0.01864494094980501
3029	1049.082541338249	-0.01910872660984869
3030	1049.4316741536043	-0.02020783516105245
3031	1049.7808578104516	-0.020492837856097082
3032	1050.130092322677	-0.020355008206717266
3033	1050.4793777041668	-0.02103011627392364
3034	1050.8287139688075	-0.020884404766316318
3035	1051.1781011304852	-0.021217999601834635
3036	1051.527539203086	-0.021819520848668682
3037	1051.8770282004964	-0.02233036573794161
3038	1052.2265681366023	-0.022685326469580585
3039	1052.5761590252905	-0.021717400304199
3040	1052.9258008804466	-0.021466803769967322
3041	1053.2754937159573	-0.021027777568356824
3042	1053.625237545709	-0.020908812333180468
3043	1053.9750323835876	-0.021485572894267266
3044	1054.3248782434796	-0.022309422311847255
3045	1054.6747751392709	-0.022133660305623182
3046	1055.0247230848481	-0.022163961317056922
3047	1055.3747220940973	-0.02248633342032983
3048	1055.724772180905	-0.022143782313180732
3049	1056.074873359157	-0.02212006768652974
3050	1056.42502564274	-0.021054234902565902
3051	1056.7752290455398	-0.0218978590032464
3052	1057.1254835814432	-0.022613787150251734
3053	1057.4757892643363	-0.02365973628216467
3054	1057.826146108105	-0.02407457052595395
3055	1058.1765541266357	-0.024694353509568424
3056	1058.527013333815	-0.02498874996556132
3057	1058.8775237435289	-0.025518128291764322
3058	1059.2280853696634	-0.026207550744834347
3059	1059.5786982261052	-0.026318049234036796
3060	1059.9293623267404	-0.026015970549467783
3061	1060.2800776854551	-0.02651917463110294
3062	1060.630844316136	-0.027231621299686523
3063	1060.981662232669	-0.027180434103426895
3064	1061.33253144894	-0.027603182148911554
3065	1061.683451978836	-0.028255283641580146
3066	1062.034423836243	-0.028599730359645338
3067	1062.3854470350468	-0.028915211764881286
3068	1062.7365215891343	-0.02848180729739966
3069	1063.0876475123914	-0.02900562214172496
3070	1063.4388248187045	-0.029682392558640105
3071	1063.7900535219599	-0.03135834674712137
3072	1064.1413336360433	-0.030800050279327425
3073	1064.492665174842	-0.03101510529886316
3074	1064.8440481522414	-0.030904580062299816
3075	1065.195482582128	-0.03253540505105567
3076	1065.546968478388	-0.03305848629908948
3077	1065.8985058549079	-0.03395477248284905
3078	1066.2500947255737	-0.03471201171856279
3079	1066.601735104272	-0.0372193211682891
3080	1066.9534270048885	-0.03686495369310937
3081	1067.3051704413097	-0.037169809635917594
3082	1067.6569654274222	-0.037581142740906584
3083	1068.0088119771117	-0.037946046390570115
3084	1068.3607101042649	-0.03833460044903459
3085	1068.712659822768	-0.03819948749723627
3086	1069.0646611465068	-0.03797303774212206
3087	1069.4167140893683	-0.03851076062091822
3088	1069.768818665238	-0.03855792641802848
3089	1070.1209748880026	-0.03846252148873755
3090	1070.4731827715484	-0.037897609310944026
3091	1070.8254423297617	-0.038188329120826356
3092	1071.1777535765282	-0.03687812294933168
3093	1071.5301165257347	-0.03599128774371326
3094	1071.8825311912672	-0.03676258223369039
3095	1072.2349975870122	-0.03665686064040281
3096	1072.5875157268558	-0.03493459825652206
3097	1072.9400856246841	-0.03563982610950801
3098	1073.2927072943835	-0.03552473258001068
3099	1073.6453807498403	-0.0344501023739185
3100	1073.998106004941	-0.03404458531136053
3101	1074.3508830735714	-0.03310733874618493
3102	1074.7037119696179	-0.03227097709234377
3103	1075.056592706967	-0.032006427980940666
3104	1075.4095252995044	-0.03151458259388749
3105	1075.7625097611171	-0.031233227328848735
3106	1076.1155461056908	-0.031900622567756776
3107	1076.468634347112	-0.03133470890972905
3108	1076.8217744992667	-0.030423090569919813
3109	1077.1749665760412	-0.03096473139300775
3110	1077.5282105913222	-0.030665393880478935
3111	1077.8815065589956	-0.030618024159229266
3112	1078.2348544929478	-0.031784845631026806
3113	1078.5882544070648	-0.0326095577023313
3114	1078.9417063152332	-0.03255814141414772
3115	1079.2952102313388	-0.033913176942310434
3116	1079.6487661692684	-0.03429740903445144
3117	1080.0023741429077	-0.0351010783470468
3118	1080.3560341661434	-0.034280031694422404
3119	1080.7097462528616	-0.0363038451234892
3120	1081.0635104169487	-0.0371151851167533
3121	1081.4173266722908	-0.03897139250375411
3122	1081.771195032774	-0.03928532067108943
3123	1082.1251155122848	-0.040906409535014066
3124	1082.4790881247093	-0.04248078063513257
3125	1082.8331128839338	-0.04272458920555069
3126	1083.1871898038448	-0.04444769520312029
3127	1083.5413188983282	-0.044986961114979074
3128	1083.8955001812706	-0.044997943240248424
3129	1084.2497336665579	-0.04634821586414105
3130	1084.6040193680767	-0.047810341892197135
3131	1084.9583572997128	-0.047914589453953105
3132	1085.3127474753528	-0.048786158905062084
3133	1085.667189908883	-0.04894213757299615
3134	1086.0216846141893	-0.05038667988310335
3135	1086.3762316051586	-0.053150148476883555
3136	1086.7308308956765	-0.054240273680126794
3137	1087.0854824996295	-0.054425323873622304
3138	1087.440186430904	-0.055734720290405486
3139	1087.7949427033861	-0.05619752106395927
3140	1088.149751330962	-0.05705461337466287
3141	1088.504612327518	-0.05789472741318277
3142	1088.8595257069405	-0.05862429442151143
3143	1089.2144914831158	-0.059276508144992524
3144	1089.5695096699299	-0.05857747037791622
3145	1089.924580281269	-0.060259702480858546
3146	1090.2797033310198	-0.0592104836768676
3147	1090.6348788330681	-0.06026405457422608
3148	1090.9901068013003	-0.06117758795426531
3149	1091.3453872496027	-0.06095276752807087
3150	1091.7007201918616	-0.06264181191394345
3151	1092.0561056419633	-0.0636431064748056
3152	1092.4115436137938	-0.0634574445159648
3153	1092.7670341212395	-0.06395489859161864
3154	1093.1225771781867	-0.06416706908877055
3155	1093.4781727985219	-0.0651857304887999
3156	1093.8338209961307	-0.06676046754060726
3157	1094.1895217849	-0.06653491746202646
3158	1094.5452751787157	-0.06710363812763917
3159	1094.901081191464	-0.06771805592534834
3160	1095.2569398370315	-0.06854864422678732
3161	1095.6128511293043	-0.06849775742462466
3162	1095.9688150821685	-0.068905947097992
3163	1096.3248317095106	-0.06903979772284129
3164	1096.6809010252166	-0.06808887202748215
3165	1097.037023043173	-0.06762965449873976
3166	1097.3931977772659	-0.06801357973157922
3167	1097.7494252413815	-0.06805995099959623
3168	1098.1057054494065	-0.06863177966821736
3169	1098.4620384152265	-0.06826301629650444
3170	1098.818424152728	-0.06799717596922795
3171	1099.1748626757976	-0.06940282055188059
3172	1099.531353998321	-0.06968621444496186
3173	1099.8878981341852	-0.07028246203392521
3174	1100.2444950972756	-0.06958529596428782
3175	1100.6011449014788	-0.07039274289176295
3176	1100.9578475606813	-0.07082169451167328
3177	1101.3146030887692	-0.0707395774958788
3178	1101.671411499629	-0.06971303665639764
3179	1102.028272807146	-0.07126758439999659
3180	1102.3851870252076	-0.07289462012449337
3181	1102.7421541676995	-0.07319243289277616
3182	1103.099174248508	-0.0735089014540939
3183	1103.4562472815194	-0.073710757489006
3184	1103.81337328062	-0.07521262856242338
3185	1104.170552259696	-0.07425269891184123
3186	1104.5277842326336	-0.07456560736050251
3187	1104.8850692133194	-0.07589749899823521
3188	1105.242407215639	-0.07598604335754566
3189	1105.5997982534793	-0.07541169304473527
3190	1105.9572423407262	-0.07433949865766884
3191	1106.3147394912662	-0.07431405340265548
3192	1106.6722897189854	-0.07377073178205638
3193	1107.0298930377699	-0.07475996459281854
3194	1107.3875494615063	-0.0735383384731341
3195	1107.7452590040805	-0.07431764262176459
3196	1108.103021679379	-0.07293050752978118
3197	1108.460837501288	-0.07437092674149301
3198	1108.8187064836939	-0.07437310709054958
3199	1109.1766286404825	-0.07420752749220917
3200	1109.5346039855406	-0.07417782217558187
3201	1109.8926325327543	-0.07310410750741128
3202	1110.2507142960096	-0.07313443404143137
3203	1110.608849289193	-0.07416870609726782
3204	1110.9670375261906	-0.07289879913516117
3205	1111.3252790208887	-0.07241376165693318
3206	1111.6835737871738	-0.0722145053541631
3207	1112.0419218389318	-0.07291793820270542
3208	1112.4003231900492	-0.07254502122837546
3209	1112.758777854412	-0.0712128256009459
3210	1113.117285845907	-0.07237675054620782
3211	1113.4758471784198	-0.07286261655195139
3212	1113.8344618658368	-0.07075996545179561
3213	1114.1931299220446	-0.06847808248910628
3214	1114.5518513609293	-0.06864763818289982
3215	1114.910626196377	-0.0683538516458405
3216	1115.269454442274	-0.0672420307667215
3217	1115.6283361125068	-0.0664823578762377
3218	1115.9872712209615	-0.06629489430049189
3219	1116.3462597815242	-0.06401299247150372
3220	1116.7053018080812	-0.06403052637418556
3221	1117.064397314519	-0.06479976686751553
3222	1117.4235463147238	-0.06729906492416059
3223	1117.7827488225817	-0.06697348457690291
3224	1118.1420048519788	-0.06666103856609025
3225	1118.5013144168017	-0.0664008058805399
3226	1118.8606775309365	-0.06551717093217133
3227	1119.2200942082695	-0.06589560373454603
3228	1119.5795644626871	-0.06699631171506622
3229	1119.9390883080753	-0.06597118455993299
3230	1120.2986657583203	-0.06296752602269555
3231	1120.6582968273087	-0.06361022504929137
3232	1121.0179815289264	-0.06315343080499124
3233	1121.37771987706	-0.06104143687786347
3234	1121.7375118855953	-0.06272506685920307
3235	1122.097357568419	-0.06328612593936496
3236	1122.4572569394172	-0.062400475604220636
3237	1122.8172100124762	-0.061580659822580174
3238	1123.1772168014822	-0.058871252372887976
3239	1123.5372773203214	-0.05659366417396326
3240	1123.8973915828801	-0.05979680095611392
3241	1124.2575596030447	-0.06122291887544659
3242	1124.617781394701	-0.060415273716546425
3243	1124.978056971736	-0.059966197835998804
3244	1125.338386348035	-0.05902686076710069
3245	1125.6987695374853	-0.05764456991297407
3246	1126.0592065539727	-0.05792021943449399
3247	1126.4196974113831	-0.057147214570774464
3248	1126.780242123603	-0.05758840215328745
3249	1127.140840704519	-0.05646908576144151
3250	1127.5014931680169	-0.055228643646648194
3251	1127.8621995279832	-0.05463873339692306
3252	1128.2229597983041	-0.05403975658964274
3253	1128.5837739928659	-0.0567738615591383
3254	1128.9446421255545	-0.05729211896548044
3255	1129.305564210257	-0.05881080397270718
3256	1129.6665402608587	-0.05596066543894358
3257	1130.0275702912465	-0.05829543906609465
3258	1130.3886543153062	-0.05880289705780449
3259	1130.7497923469243	-0.057257867113040255
3260	1131.1109843999873	-0.05494716495780019
3261	1131.472230488381	-0.056261099808973376
3262	1131.833530625992	-0.055130467538347626
3263	1132.1948848267064	-0.0559938292556213
3264	1132.55629310441	-0.05670882352675345
3265	1132.9177554729902	-0.054884749761846006
3266	1133.2792719463323	-0.05773001406750554
3267	1133.6408425383227	-0.057145003391729586
3268	1134.0024672628479	-0.056064028846326316
3269	1134.364146133794	-0.05766791611332071
3270	1134.7258791650474	-0.056381923084214955
3271	1135.0876663704942	-0.05651560080944047
3272	1135.4495077640208	-0.05292445543181343
3273	1135.8114033595132	-0.05299261797954339
3274	1136.173353170858	-0.05546497047155798
3275	1136.5353572119411	-0.05397472239858938
3276	1136.8974154966493	-0.05341507736926535
3277	1137.2595280388682	-0.053256573088310805
3278	1137.6216948524843	-0.05477379532273929
3279	1137.983915951384	-0.05428090032909782
3280	1138.3461913494536	-0.054364104352839254
3281	1138.708521060579	-0.05664998575977239
3282	1139.0709050986468	-0.05574788695003429
3283	1139.4333434775433	-0.05819399920864047
3284	1139.7958362111542	-0.05628434434102537
3285	1140.1583833133666	-0.057928791890583184
3286	1140.5209847980661	-0.0573105024666681
3287	1140.883640679139	-0.054783456819590036
3288	1141.246350970472	-0.05167790845495377
3289	1141.6091156859507	-0.052050079635564635
3290	1141.9719348394622	-0.05275056674270811
3291	1142.334808444892	-0.05025290369537701
3292	1142.6977365161265	-0.05046571132073579
3293	1143.0607190670526	-0.049495206741519936
3294	1143.4237561115556	-0.05345570862494959
3295	1143.7868476635224	-0.05201670312626977
3296	1144.149993736839	-0.054213753581802616
3297	1144.5131943453916	-0.055041636930183116
3298	1144.8764495030669	-0.05240421450766279
3299	1145.2397592237505	-0.05171705117050197
3300	1145.6031235213293	-0.05077644782048913
3301	1145.9665424096893	-0.05138173471556909
3302	1146.3300159027162	-0.05327642656023975
3303	1146.6935440142972	-0.051243302918745265
3304	1147.057126758318	-0.052598689773804004
3305	1147.420764148665	-0.05354996832527401
3306	1147.7844561992245	-0.04984664774450433
3307	1148.1482029238825	-0.048811424720192946
3308	1148.5120043365255	-0.052598841573358104
3309	1148.87586045104	-0.05377861519240213
3310	1149.2397712813115	-0.05271682670355714
3311	1149.603736841227	-0.0511197035110623
3312	1149.9677571446723	-0.04602938335764178
3313	1150.3318322055338	-0.0485790275809772
3314	1150.6959620376979	-0.049020404690113116
3315	1151.0601466550509	-0.05050823570662169
3316	1151.4243860714787	-0.04426309579213839
3317	1151.7886803008678	-0.04621066447673544
3318	1152.1530293571043	-0.04882163003474007
3319	1152.5174332540746	-0.04995351753699708
3320	1152.881892005665	-0.05036242762423704
3321	1153.2464056257618	-0.05167458125582776
3322	1153.6109741282507	-0.04828147342244572
3323	1153.9755975270189	-0.048950563952198746
3324	1154.3402758359518	-0.0477860888418339
3325	1154.705009068936	-0.04847645893940379
3326	1155.069797239858	-0.04919629056024736
3327	1155.4346403626037	-0.044415238146046636
3328	1155.7995384510596	-0.04354772248113537
3329	1156.1644915191114	-0.05028440761886156
3330	1156.5294995806462	-0.05021487329693154
3331	1156.8945626495497	-0.05161323801801862
3332	1157.259680739708	-0.047320761658851795
3333	1157.6248538650082	-0.05054344577101159
3334	1157.9900820393357	-0.05019465377019936
3335	1158.3553652765772	-0.04798773522653261
3336	1158.7207035906188	-0.04616631566021595
3337	1159.0860969953467	-0.04606072143443209
3338	1159.4515455046471	-0.04522285588120379
3339	1159.8170491324065	-0.048437046762638034
3340	1160.1826078925112	-0.047283551365695814
3341	1160.5482217988472	-0.04456989768437586
3342	1160.9138908653008	-0.04227991885382938
3343	1161.2796151057585	-0.04609124623876095
3344	1161.6453945341061	-0.04538864593447984
3345	1162.0112291642304	-0.05139298097515894
3346	1162.3771190100172	-0.04784705204533902
3347	1162.743064085353	-0.04758069306189823
3348	1163.109064404124	-0.049359571808559315
3349	1163.4751199802165	-0.04518772098271638
3350	1163.8412308275165	-0.043767136566966895
3351	1164.2073969599105	-0.04180719047869128
3352	1164.573618391285	-0.044717260469230136
3353	1164.9398951355258	-0.047674796874731036
3354	1165.3062272065192	-0.04555447322700097
3355	1165.6726146181518	-0.04657848770675309
3356	1166.0390573843097	-0.0423909613737916
3357	1166.405555518879	-0.04204533773685496
3358	1166.7721090357459	-0.04764453379363385
3359	1167.138717948797	-0.046257795135750505
3360	1167.5053822719185	-0.04297523552166978
3361	1167.8721020189962	-0.040948625842371134
3362	1168.238877203917	-0.04247892018977216
3363	1168.6057078405668	-0.04386330736785257
3364	1168.9725939428315	-0.04663791932873371
3365	1169.3395355245982	-0.04345824739917054
3366	1169.7065325997523	-0.04408972690586126
3367	1170.0735851821808	-0.04289278369905579
3368	1170.4406932857696	-0.04113773570661359
3369	1170.8078569244049	-0.04732373402498012
3370	1171.175076111973	-0.050287551379207374
3371	1171.5423508623603	-0.04595953982102175
3372	1171.9096811894528	-0.03917820458062915
3373	1172.277067107137	-0.041458029987918
3374	1172.6445086292993	-0.0437824019669462
3375	1173.0120057698255	-0.03985517968089322
3376	1173.379558542602	-0.04014044761243954
3377	1173.747166961515	-0.042487757372636915
3378	1174.114831040451	-0.04357097349264218
3379	1174.4825507932965	-0.04213674205268534
3380	1174.850326233937	-0.03653543714482934
3381	1175.2181573762591	-0.04130243561246364
3382	1175.5860442341493	-0.04304197004611406
3383	1175.9539868214936	-0.03970606956790706
3384	1176.3219851521785	-0.04052519411746295
3385	1176.6900392400898	-0.03742972747992954
3386	1177.0581490991144	-0.04249747020839889
3387	1177.426314743138	-0.04713253926973279
3388	1177.794536186047	-0.04432631912161351
3389	1178.1628134417276	-0.04606151511745972
3390	1178.5311465240663	-0.04530127322372253
3391	1178.8995354469491	-0.042834256822614006
3392	1179.2679802242628	-0.0459956490011731
3393	1179.636480869893	-0.043293297908057866
3394	1180.0050373977258	-0.03638901055220153
3395	1180.3736498216483	-0.038015126687328246
3396	1180.742318155546	-0.04335576160649483
3397	1181.1110424133055	-0.03835656379202787
3398	1181.4798226088133	-0.040579962808083785
3399	1181.848658755955	-0.039069293249520694
3400	1182.2175508686175	-0.04067792817571947
3401	1182.5864989606866	-0.04284693553128681
3402	1182.9555030460488	-0.03919051288823969
3403	1183.3245631385903	-0.03286328788206678
3404	1183.6936792521974	-0.03245695030150771
3405	1184.0628514007562	-0.043950766031379054
3406	1184.4320795981532	-0.04676373324773207
3407	1184.8013638582745	-0.040253827632580966
3408	1185.1707041950062	-0.041520599897450286
3409	1185.5401006222348	-0.03914972274545083
3410	1185.9095531538467	-0.035197316943356816
3411	1186.2790618037277	-0.03812869153487623
3412	1186.6486265857643	-0.03499834430399077
3413	1187.0182475138429	-0.03797411643295033
3414	1187.3879246018496	-0.03831519669752167
3415	1187.7576578636706	-0.0479960062763753
3416	1188.1274473131923	-0.037207587356881136
3417	1188.4972929643009	-0.04513903639922196
3418	1188.8671948308825	-0.03666822784226363
3419	1189.2371529268237	-0.03836876372155627
3420	1189.6071672660103	-0.036237546174473126
3421	1189.977237862329	-0.03817488414015841
3422	1190.3473647296657	-0.038735673660330205
3423	1190.717547881907	-0.044424155180745106
3424	1191.087787332939	-0.042006117510976916
3425	1191.4580830966477	-0.041456986879934744
3426	1191.8284351869197	-0.041679845123243936
3427	1192.1988436176412	-0.0383810688730814
3428	1192.5693084026984	-0.045991145624203436
3429	1192.9398295559772	-0.04524266335440175
3430	1193.3104070913646	-0.046962933004541636
3431	1193.6810410227465	-0.043388596232227586
3432	1194.0517313640091	-0.024853942932175323
3433	1194.4224781290386	-0.039434115135088696
3434	1194.7932813317213	-0.035396370660345795
3435	1195.1641409859435	-0.03377879088157678
3436	1195.5350571055917	-0.0379502204550493
3437	1195.9060297045514	-0.029388224388141655
3438	1196.2770587967098	-0.031855922742834566
3439	1196.6481443959526	-0.04110596800387422
3440	1197.0192865161662	-0.03874328702551757
3441	1197.3904851712368	-0.038977303157051744
3442	1197.7617403750507	-0.03865008710588107
3443	1198.1330521414939	-0.03701452585441209
3444	1198.5044204844532	-0.03860573802478749
3445	1198.8758454178146	-0.029271707434432394
3446	1199.2473269554641	-0.03476976917908055
3447	1199.6188651112884	-0.03839261609748487
3448	1199.9904598991734	-0.03294167785061042
3449	1200.3621113330055	-0.024788533134394396
3450	1200.7338194266708	-0.02971889711248369
3451	1201.1055841940558	-0.022382045594431813
3452	1201.477405649047	-0.03539315950788294
3453	1201.84928380553	-0.04906286283754754
3454	1202.221218677391	-0.041496635632453045
3455	1202.593210278517	-0.03087876510277016
3456	1202.965258622794	-0.0346318593994011
3457	1203.337363724108	-0.0411032398722982
3458	1203.7095255963454	-0.045498302745240284
3459	1204.0817442533923	-0.041554851832406446
3460	1204.4540197091353	-0.03375179080681186
3461	1204.8263519774605	-0.03962325518369271
3462	1205.198741072254	-0.03868600706471597
3463	1205.5711870074022	-0.03621915759255097
3464	1205.9436897967912	-0.025968052295432104
3465	1206.3162494543076	-0.0363012549258991
3466	1206.6888659938375	-0.02825971012930484
3467	1207.0615394292668	-0.019508980567367152
3468	1207.4342697744821	-0.020160531601759884
3469	1207.8070570433697	-0.03242186074873331
3470	1208.1799012498157	-0.032224680387949685
3471	1208.5528024077066	-0.03776328443456808
3472	1208.9257605309283	-0.03301349722151383
3473	1209.2987756333673	-0.040625522074599275
3474	1209.6718477289098	-0.04142836798159669
3475	1210.044976831442	-0.03586581353231203
3476	1210.4181629548502	-0.041645253097786605
3477	1210.7914061130207	-0.043070989270404585
3478	1211.1647063198398	-0.02825975680545608
3479	1211.5380635891936	-0.025812602721912794
3480	1211.9114779349684	-0.03386146071183862
3481	1212.2849493710505	-0.03904390116703389
3482	1212.6584779113261	-0.0443998658870603
3483	1213.0320635696817	-0.0549028740779974
3484	1213.405706360003	-0.04639672628518684
3485	1213.7794062961768	-0.06160200646686866
3486	1214.1531633920893	-0.04042077287007436
3487	1214.5269776616265	-0.039562504222660375
3488	1214.9008491186748	-0.04992042405211624
3489	1215.2747777771203	-0.04471240274502991
3490	1215.6487636508496	-0.046819939640034294
3491	1216.0228067537487	-0.04495046987007907
3492	1216.3969070997039	-0.04025628258100908
3493	1216.7710647026015	-0.03447132150076209
3494	1217.1452795763275	-0.0354102759210346
3495	1217.5195517347686	-0.042600321426013735
3496	1217.8938811918108	-0.039204819221325765
3497	1218.2682679613401	-0.03690063031285739
3498	1218.6427120572434	-0.034752473962220816
3499	1219.0172134934064	-0.03769352360849886
3500	1219.391772283716	-0.04929532554159043
3501	1219.7663884420574	-0.0188312900730757
3502	1220.1410619823178	-0.02260994423085209
3503	1220.5157929183829	-0.02870266384461335
3504	1220.8905812641394	-0.026096834306074675
3505	1221.2654270334733	-0.03221994292698611
3506	1221.640330240271	-0.025638755843988635
3507	1222.0152908984182	-0.04227115223696409
3508	1222.390309021802	-0.019543506473424507
3509	1222.7653846243084	-0.03647176913203277
3510	1223.1405177198233	-0.03330605966620011
3511	1223.5157083222332	-0.04077953535000435
3512	1223.890956445424	-0.06254600233800887
3513	1224.2662621032828	-0.028460473191756895
3514	1224.641625309695	-0.03261515542935576
3515	1225.0170460785475	-0.03080896047229591
3516	1225.392524423726	-0.03190339948112559
3517	1225.768060359117	-0.04899929569452553
3518	1226.143653898607	-0.025773247639156175
3519	1226.5193050560817	-0.03145257890877276
3520	1226.8950138454281	-0.03595188664355443
3521	1227.2707802805317	-0.03916582438410244
3522	1227.6466043752794	-0.030246720212355308
3523	1228.0224861435568	-0.04671486658713502
3524	1228.3984255992507	-0.04688498074768378
3525	1228.774422756247	-0.04576445858433604
3526	1229.1504776284323	-0.05682043785303984
3527	1229.5265902296928	-0.053125677725239843
3528	1229.9027605739143	-0.035874790641085084
3529	1230.2789886749836	-0.035649934320271234
3530	1230.6552745467868	-0.024148115702817594
3531	1231.03161820321	-0.031088468191975877
3532	1231.4080196581394	-0.03154069294915981
3533	1231.7844789254616	-0.0435972795218159
3534	1232.1609960190626	-0.011426925777951102
3535	1232.537570952829	-0.007672202076648472
3536	1232.9142037406464	-0.050569288451182685
3537	1233.2908943964014	-0.03209546790811842
3538	1233.6676429339807	-0.02334311973469575
3539	1234.0444493672699	-0.03424895382059597
3540	1234.4213137101556	-0.012821440464244792
3541	1234.798235976524	-0.027577309709385482
3542	1235.175216180261	-0.04930185226412235
3543	1235.5522543352533	-0.06318007724364133
3544	1235.9293504553875	-0.0664370934852414
3545	1236.3065045545488	-0.059686751638096724
3546	1236.6837166466244	-0.03384689463034276
3547	1237.0609867455	-0.06934273675223095
3548	1237.4383148650622	-0.07716583539754983
3549	1237.815701019197	-0.06390320677079138
3550	1238.193145221791	-0.05823000335040138
3551	1238.57064748673	-0.07071463270412696
3552	1238.9482078279004	-0.06623300770798464
3553	1239.3258262591887	-0.037964861859493916
3554	1239.703502794481	-0.03738093156479868
3555	1240.0812374476636	-0.0693070979885741
3556	1240.4590302326226	-0.03674848861666538
3557	1240.8368811632442	-0.034455178377530885
3558	1241.2147902534152	-0.041491937409602636
3559	1241.5927575170213	-0.058580382958303985
3560	1241.970782967949	-0.038636748260944195
3561	1242.3488666200842	-0.05280299678150574
3562	1242.7270084873137	-0.06908311480220625
3563	1243.1052085835236	-0.03587109948686024
3564	1243.4834669226	-0.024596979638016065
3565	1243.861783518429	-0.05461147844509325
3566	1244.2401583848973	-0.0593444566384935
3567	1244.6185915358908	-0.05567432875684323
3568	1244.997082985296	-0.045129256585502854
3569	1245.375632746999	-0.07288988151942163
3570	1245.754240834886	-0.07848444985088522
3571	1246.1329072628437	-0.05604859080350077
3572	1246.5116320447576	-0.04387943934297572
3573	1246.8904151945144	-0.04951576473964096
3574	1247.2692567260005	-0.042979396519568926
3575	1247.648156653102	-0.0017794576324700994
3576	1248.0271149897048	-0.029527364208641663
3577	1248.4061317496958	-0.07473687168017376
3578	1248.7852069469611	-0.06098551526268521
3579	1249.1643405953864	-0.0305447081824819
3580	1249.5435327088587	-0.00891172166215694
3581	1249.9227833012637	-0.041961666294426936
3582	1250.3020923864879	-0.05527370783843102
3583	1250.6814599784175	-0.08052669285801502
3584	1251.0608860909388	-0.07786208272119116
3585	1251.440370737938	-0.07354494558901828
3586	1251.8199139333017	-0.030326487534260777
3587	1252.1995156909156	-0.07636157045738386
3588	1252.5791760246664	-0.037287407639543406
3589	1252.95889494844	-0.07384482578190592
3590	1253.3386724761228	-0.04077392205553883
3591	1253.7185086216011	-0.07528261976853674
3592	1254.098403398761	-0.024460041677030527
3593	1254.4783568214893	-0.03169173944341706
3594	1254.8583689036716	-0.039223860169869874
3595	1255.2384396591942	-0.03357034337392269
3596	1255.6185691019439	-0.020185581309774225
3597	1255.9987572458065	-0.05696086299813201
3598	1256.3790041046684	-0.037725391286334085
3599	1256.7593096924156	-0.06719367281983675
3600	1257.139674022935	-0.03297331972658841
3601	1257.5200971101121	-0.05473696633338262
3602	1257.9005789678336	-0.06499413417781912
3603	1258.2811196099858	-0.0981638022919229
3604	1258.6617190504546	-0.06339353907143463
3605	1259.0423773031268	-0.08339644311047714
3606	1259.4230943818882	-0.08810369431826372
3607	1259.8038703006248	-0.05952317959783445
3608	1260.1847050732235	-0.06660896044572473
3609	1260.5655987135704	-0.06578695167998323
3610	1260.9465512355514	-0.06412069412724028
3611	1261.3275626530533	-0.08120940278817222
3612	1261.7086329799617	-0.07644653920533849
3613	1262.0897622301636	-0.035614707828847
3614	1262.4709504175446	-0.09964131432136215
3615	1262.8521975559916	-0.09518006508628711
3616	1263.2335036593902	-0.05244948813687471
3617	1263.6148687416269	-0.0702612767301272
3618	1263.996292816588	-0.06508730422876705
3619	1264.3777758981598	-0.06241097202818012
3620	1264.7593180002286	-0.07006031833274069
3621	1265.1409191366806	-0.008593251119587813
3622	1265.522579321402	-0.01854307014501971
3623	1265.904298568279	-0.036969549601249846
3624	1266.286076891198	-0.028394324422424944
3625	1266.6679143040449	-0.05406625368572747
3626	1267.0498108207066	-0.04563256464963499
3627	1267.431766455069	-0.04734188510062984
3628	1267.8137812210182	-0.05404772411378387
3629	1268.1958551324408	-0.006882135036986768
3630	1268.5779882032227	-0.04100154166408768
3631	1268.9601804472504	-0.06412519944581395
3632	1269.3424318784103	-0.07017504041423706
3633	1269.7247425105882	-0.072017931291845
3634	1270.1071123576708	-0.04327910620700419
3635	1270.4895414335438	-0.07814772186196936
3636	1270.872029752094	-0.04358511613100824
3637	1271.2545773272075	-0.08378548604918191
3638	1271.6371841727705	-0.09072460578098378
3639	1272.0198503026693	-0.09327717055047136
3640	1272.4025757307902	-0.08855998092824496
3641	1272.7853604710192	-0.09073065245403161
3642	1273.168204537243	-0.08513988872329326
3643	1273.5511079433475	-0.05612125513666253
3644	1273.934070703219	-0.05415412587920366
3645	1274.3170928307438	-0.06380624276943829
3646	1274.7001743398082	-0.07187552042979392
3647	1275.0833152442985	-0.10092184152257282
3648	1275.466515558101	-0.060039961062752445
