Index	Wavelength	Intensity
1	171.0036843215852	0.11329129773302049
2	171.23380252856805	0.14266507646648843
3	171.46397004958132	0.13007271378422972
4	171.69418686025367	0.15455021439373995
5	171.92445293621375	0.16660312980207823
6	172.15476825309023	0.14091921790693104
7	172.3851327865117	0.16115633225534193
8	172.61554651210685	0.14190390605507963
9	172.8460094055043	0.1462270003389257
10	173.07652144233273	0.13901219288001668
11	173.30708259822075	0.15769312402813052
12	173.537692848797	0.1700286524322542
13	173.76835216969016	0.17501319496125842
14	173.99906053652884	0.13386061450240205
15	174.22981792494173	0.12532356601729092
16	174.46062431055742	0.12639975021496178
17	174.6914796690046	0.1522132396172547
18	174.92238397591188	0.13236381357535265
19	175.15333720690793	0.145608316131506
20	175.38433933762138	0.14845078016088578
21	175.6153903436809	0.1798259263588753
22	175.8464902007151	0.1743951582265909
23	176.07763888435264	0.16171449463965504
24	176.3088363702222	0.14676559158717725
25	176.54008263395235	0.1409177604048235
26	176.7713776511718	0.13069693587188935
27	177.00272139750916	0.14302033307068032
28	177.2341138485931	0.15093911937320634
29	177.46555498005225	0.14431525890820718
30	177.69704476751525	0.13585334368289795
31	177.92858318661078	0.1223480957594203
32	178.16017021296744	0.13122358456283376
33	178.39180582221388	0.14554947817378572
34	178.62348998997876	0.16201758706509117
35	178.85522269189076	0.16506948963371276
36	179.08700390357845	0.13555353379192497
37	179.31883360067053	0.13711365628135466
38	179.55071175879564	0.14724941126010346
39	179.7826383535824	0.15255259402585802
40	180.01461336065947	0.12750522197966016
41	180.2466367556555	0.14851701948191406
42	180.47870851419913	0.16334842524688448
43	180.710828611919	0.1629906610400254
44	180.94299702444374	0.16172513537203548
45	181.17521372740205	0.15457001720995475
46	181.40747869642252	0.13561352074276364
47	181.63979190713383	0.15761848864502856
48	181.8721533351646	0.14104532621945
49	182.10456295614347	0.14148790691675237
50	182.33702074569914	0.1421716222525179
51	182.56952667946018	0.15560233024065723
52	182.80208073305528	0.13964590256682122
53	183.0346828821131	0.1332683051769998
54	183.26733310226223	0.14639922225316754
55	183.50003136913136	0.14824704413481452
56	183.7327776583491	0.15358356687533517
57	183.96557194554416	0.16495399571499145
58	184.1984142063451	0.15978046977748142
59	184.4313044163806	0.13697675808133114
60	184.66424255127936	0.14669843454694204
61	184.89722858666994	0.14851575489251184
62	185.13026249818105	0.1448693600496575
63	185.36334426144128	0.14476055522973968
64	185.59647385207933	0.13828708268134265
65	185.8296512457238	0.1363702241140343
66	186.06287641800333	0.15645446740732552
67	186.29614934454662	0.14982811095388265
68	186.52947000098226	0.15989665176012255
69	186.76283836293894	0.15583964162797925
70	186.99625440604527	0.1429048036639841
71	187.22971810592992	0.12967026435290982
72	187.4632294382215	0.13621681948475678
73	187.6967883785487	0.14277486991890295
74	187.93039490254014	0.13855566631061242
75	188.16404898582445	0.14223893447503166
76	188.3977506040303	0.14116080534751246
77	188.63149973278635	0.16537591417000264
78	188.86529634772123	0.15121927800088816
79	189.09914042446354	0.17171946935571436
80	189.333031938642	0.15840999696930672
81	189.5669708658852	0.15063192825617835
82	189.8009571818218	0.14622966960698325
83	190.03499086208046	0.16123671409439233
84	190.2690718822898	0.15802414740772877
85	190.5032002180785	0.1528557284069243
86	190.73737584507518	0.1634313246013494
87	190.97159873890848	0.1514689535954449
88	191.20586887520705	0.14204917012389368
89	191.44018622959956	0.16554822307929154
90	191.67455077771461	0.16695917386950002
91	191.9089624951809	0.1517077027096779
92	192.14342135762703	0.15411942629581063
93	192.37792734068165	0.1557279437425596
94	192.61248041997345	0.14352620900943808
95	192.84708057113102	0.1466512730093646
96	193.08172776978301	0.1413611943049596
97	193.31642199155812	0.1492396743166966
98	193.55116321208493	0.15087049456696763
99	193.7859514069921	0.15483006039174912
100	194.0207865519083	0.15250793802284518
101	194.25566862246217	0.1629481296808202
102	194.49059759428232	0.15842579138293914
103	194.72557344299744	0.16015445334528128
104	194.96059614423615	0.15382719581851834
105	195.19566567362713	0.14706455916332958
106	195.43078200679898	0.15323258781688262
107	195.66594511938035	0.16415160051486669
108	195.9011549869999	0.15807390016325104
109	196.13641158528628	0.17467737737997152
110	196.37171488986812	0.15529421884951916
111	196.6070648763741	0.15276960843128548
112	196.8424615204328	0.13811519552927562
113	197.07790479767291	0.14294213115678006
114	197.3133946837231	0.15680745739511281
115	197.54893115421194	0.16976346135102952
116	197.78451418476814	0.15781216164719453
117	198.02014375102033	0.1508054794093366
118	198.25581982859714	0.1381882690610702
119	198.49154239312722	0.15898563711742034
120	198.72731142023923	0.1583615353001042
121	198.9631268855618	0.15706904149565976
122	199.19898876472357	0.15623296640858114
123	199.4348970333532	0.16421816792900942
124	199.67085166707932	0.16066898630720156
125	199.9068526415306	0.14642016338719976
126	200.14289993233567	0.15938817375001857
127	200.37899351512317	0.16014969466122145
128	200.61513336552173	0.15373584673253163
129	200.85131945916004	0.14665247152484584
130	201.0875517716667	0.15016546679192222
131	201.32383027867039	0.14950850940195876
132	201.56015495579976	0.15186770759064816
133	201.7965257786834	0.15584898165147318
134	202.03294272295	0.1680311078350623
135	202.2694057642282	0.17305800408350958
136	202.50591487814663	0.17393287053019865
137	202.74247004033396	0.17047474446703587
138	202.97907122641882	0.1484351530060627
139	203.21571841202984	0.13940901652737947
140	203.4524115727957	0.1507781729649667
141	203.689150684345	0.14904918696769773
142	203.92593572230646	0.14763949826844747
143	204.16276666230863	0.153618040101644
144	204.39964347998023	0.15289027953887643
145	204.63656615094988	0.1583127962923521
146	204.87353465084618	0.15705140337641307
147	205.11054895529784	0.14949349393903713
148	205.3476090399335	0.1493794635169316
149	205.58471488038177	0.15440317054087055
150	205.8218664522713	0.15744690047889473
151	206.05906373123076	0.16459288735547387
152	206.2963066928888	0.16141596077859716
153	206.53359531287404	0.15615569380056868
154	206.7709295668151	0.15608448196560099
155	207.00830943034072	0.1558451095650999
156	207.24573487907944	0.15132559021433434
157	207.48320588865994	0.15716587419673284
158	207.7207224347109	0.14969499819903515
159	207.9582844928609	0.16559427678409291
160	208.19589203873866	0.1534633038302197
161	208.43354504797279	0.16022341255148545
162	208.67124349619192	0.1589838004851502
163	208.9089873590247	0.16033770995824503
164	209.1467766120998	0.15471391921497638
165	209.38461123104585	0.15976343305884871
166	209.6224911914915	0.1553212881030183
167	209.86041646906537	0.15953863549977834
168	210.09838703939613	0.16357241902475142
169	210.3364028781124	0.15176873691498607
170	210.57446396084288	0.15394552032373507
171	210.81257026321617	0.16293878614925547
172	211.0507217608609	0.14527986400589116
173	211.28891842940578	0.15167111083697454
174	211.52716024447938	0.15126566261704688
175	211.7654471817104	0.15187029219595008
176	212.00377921672748	0.14936388684495952
177	212.24215632515921	0.15632076722010954
178	212.48057848263431	0.15624974201778433
179	212.71904566478136	0.1618175528613083
180	212.95755784722905	0.15374557708139383
181	213.19611500560603	0.1636141637744915
182	213.4347171155409	0.15409446593652704
183	213.67336415266234	0.16027995499696612
184	213.91205609259902	0.1562997011471119
185	214.1507929109795	0.16038454394055265
186	214.38957458343248	0.15563750764065812
187	214.62840108558663	0.15480066283395857
188	214.86727239307055	0.16264053969785153
189	215.1061884815129	0.15637225842044666
190	215.34514932654236	0.14606396495095142
191	215.5841549037875	0.15349335170668513
192	215.823205188877	0.13968260950194736
193	216.06230015743955	0.15107725073033731
194	216.30143978510375	0.1632553716313053
195	216.54062404749823	0.16439692474408882
196	216.77985292025167	0.16270270455241756
197	217.01912637899272	0.15497569169438602
198	217.25844439934997	0.14424826928728288
199	217.49780695695213	0.15373840679766976
200	217.73721402742783	0.148630155022838
201	217.97666558640566	0.15922581002210265
202	218.21616160951436	0.1546676785971511
203	218.45570207238248	0.166627765042158
204	218.69528695063875	0.16215448394165088
205	218.93491621991174	0.16541960574265224
206	219.17458985583013	0.1536235510930559
207	219.41430783402257	0.15745812499040707
208	219.6540701301177	0.16012271897508573
209	219.89387671974418	0.1543308870048967
210	220.13372757853062	0.1577263794585291
211	220.3736226821057	0.15562471767632022
212	220.61356200609805	0.1593030621145447
213	220.8535455261363	0.15276010165346937
214	221.0935732178491	0.158276711509081
215	221.33364505686512	0.15664237715752283
216	221.573761018813	0.16077753926829433
217	221.81392107932135	0.15693695499798643
218	222.05412521401888	0.15453819297896507
219	222.29437339853416	0.15414073062782335
220	222.53466560849589	0.14803760240326025
221	222.7750018195327	0.15940273001044855
222	223.0153820072732	0.1613467201223874
223	223.25580614734608	0.157689079719702
224	223.49627421537997	0.16449064802590702
225	223.73678618700353	0.16746042440225237
226	223.97734203784537	0.1626343904107611
227	224.21794174353417	0.15942039333575428
228	224.45858527969855	0.16383485593492939
229	224.69927262196717	0.16686531392106413
230	224.94000374596868	0.16277574365041003
231	225.18077862733173	0.16567196976167106
232	225.42159724168494	0.1579674818682475
233	225.66245956465696	0.15602116188685738
234	225.90336557187644	0.14919819306918097
235	226.144315238972	0.1614487049284674
236	226.38530854157236	0.15472887661337462
237	226.6263454553061	0.15417573326470163
238	226.86742595580188	0.15693896806340246
239	227.10855001868836	0.16325446843139088
240	227.34971761959417	0.15810656269220996
241	227.59092873414795	0.15291721748351403
242	227.83218333797836	0.1599362547785364
243	228.07348140671402	0.16152808517216238
244	228.31482291598363	0.1585589183309536
245	228.55620784141576	0.15907314459791333
246	228.7976361586391	0.15851975689166423
247	229.0391078432823	0.16144823953081278
248	229.280622870974	0.16447470038355122
249	229.52218121734282	0.16390839280212763
250	229.76378285801744	0.172660290433032
251	230.00542776862648	0.16914929912759435
252	230.2471159247986	0.15858583936569345
253	230.48884730216244	0.16115444585747815
254	230.73062187634665	0.16914370531985642
255	230.97243962297986	0.1708075875794487
256	231.21430051769073	0.16971174068611775
257	231.4562045361079	0.16298522530592852
258	231.69815165386	0.1635903869018458
259	231.9401418465757	0.16677670972097414
260	232.18217508988363	0.1639828302889923
261	232.42425135941244	0.1628045762842457
262	232.6663706307908	0.16914783787638063
263	232.9085328796473	0.168050506753677
264	233.15073808161063	0.1629542364788067
265	233.3929862123094	0.1650414693155661
266	233.6352772473723	0.15923132390273928
267	233.87761116242797	0.1558110807227425
268	234.119987933105	0.15693009767989463
269	234.36240753503208	0.15283075048344447
270	234.60486994383785	0.15203412594712915
271	234.84737513515094	0.15107140236754182
272	235.08992308460003	0.15572194598876068
273	235.33251376781374	0.16779194993314886
274	235.57514716042067	0.16737197925006111
275	235.81782323804956	0.1605803695358466
276	236.06054197632898	0.16242280309351018
277	236.30330335088763	0.15903199934879833
278	236.5461073373541	0.1582927459938395
279	236.7889539113571	0.15814090400162847
280	237.03184304852522	0.16526240329516728
281	237.2747747244871	0.16405268225006828
282	237.51774891487142	0.15739613819806278
283	237.76076559530682	0.1605254575055206
284	238.00382474142194	0.15407654949552052
285	238.2469263288454	0.16508820546935093
286	238.4900703332059	0.17166413045583678
287	238.73325673013204	0.16623167766660474
288	238.97648549525246	0.16578078136099075
289	239.21975660419585	0.1635872058553928
290	239.46307003259082	0.15943439842596943
291	239.70642575606604	0.16098590397653825
292	239.94982375025012	0.16478990879624855
293	240.1932639907717	0.162624400915571
294	240.4367464532595	0.16475449868684308
295	240.6802711133421	0.16950611377200286
296	240.92383794664812	0.16027924698096993
297	241.16744692880627	0.16014828594051445
298	241.4110980354452	0.15847041740565965
299	241.65479124219348	0.1622348865396674
300	241.89852652467982	0.15535272672670006
301	242.14230385853284	0.14989559954092002
302	242.3861232193812	0.15472272223738037
303	242.62998458285352	0.15638361177560536
304	242.87388792457847	0.15650832291641437
305	243.1178332201847	0.16289764662470413
306	243.3618204453008	0.16080227366204694
307	243.6058495755555	0.1577792352165035
308	243.84992058657738	0.15507277460363222
309	244.0940334539951	0.15878710967666745
310	244.33818815343733	0.16262781233315193
311	244.58238466053268	0.1640025695893973
312	244.8266229509098	0.16343209199167832
313	245.07090300019738	0.16695303736539732
314	245.315224784024	0.15702691773114968
315	245.55958827801834	0.1534997676415758
316	245.80399345780904	0.1555318466597558
317	246.04844029902478	0.16241990886133878
318	246.29292877729415	0.1613836436248032
319	246.53745886824584	0.1723540153252778
320	246.78203054750844	0.16487129441592
321	247.02664379071064	0.1629093035440003
322	247.27129857348106	0.1600632298921149
323	247.51599487144836	0.16405502392391294
324	247.7607326602412	0.15738611456190935
325	248.00551191548817	0.1575560876345787
326	248.250332612818	0.15536611025639135
327	248.49519472785926	0.1607487727855228
328	248.7400982362406	0.1613747810433801
329	248.98504311359073	0.15661754568393293
330	249.23002933553826	0.15716790436270506
331	249.47505687771184	0.16598374040984026
332	249.72012571574004	0.1575136699202326
333	249.96523582525163	0.15737485706932883
334	250.21038718187515	0.15313459378908398
335	250.4555797612393	0.1634924912618819
336	250.70081353897274	0.16551753375540057
337	250.94608849070406	0.16883218028020844
338	251.19140459206193	0.1604740070283495
339	251.43676181867502	0.16100592324084476
340	251.68216014617195	0.1621652681391666
341	251.92759955018136	0.16529485688486847
342	252.17308000633193	0.16542287674656744
343	252.41860149025226	0.1663816089537486
344	252.664163977571	0.16688278329904285
345	252.90976744391685	0.16726354153372705
346	253.1554118649184	0.15968807047551384
347	253.40109721620428	0.16774797718961043
348	253.64682347340317	0.1677320687275027
349	253.89259061214375	0.16282413410734675
350	254.13839860805462	0.16157367246879306
351	254.38424743676438	0.16243811648453502
352	254.63013707390178	0.16207456830365835
353	254.87606749509538	0.16143163895094848
354	255.12203867597387	0.16021244919913233
355	255.3680505921659	0.16096277834476647
356	255.61410321930006	0.16051169586336536
357	255.86019653300502	0.1623465156464898
358	256.1063305089095	0.16338868884080504
359	256.352505122642	0.16080136206923465
360	256.5987203498313	0.16045178820675923
361	256.844976166106	0.1637852211415337
362	257.0912725470947	0.1608574055109474
363	257.33760946842614	0.16403982980781187
364	257.58398690572886	0.15746686870494192
365	257.83040483463157	0.1574521952111887
366	258.0768632307629	0.15875818238380168
367	258.32336206975145	0.16593862993543382
368	258.569901327226	0.1644922626995559
369	258.81648097881504	0.16162967693942393
370	259.06310100014724	0.1561081829475777
371	259.3097613668514	0.15596182533466077
372	259.55646205455594	0.16080885650530685
373	259.8032030388896	0.16932125593563616
374	260.0499842954811	0.16279548113841855
375	260.29680579995903	0.1597967752679091
376	260.543667527952	0.16320165357758917
377	260.7905694550887	0.1542056164428752
378	261.03751155699774	0.15900769124560063
379	261.28449380930783	0.15556100012822469
380	261.5315161876475	0.1583267778127748
381	261.7785786676455	0.156499932423678
382	262.02568122493045	0.15648569829002562
383	262.27282383513096	0.16775113890906468
384	262.5200064738757	0.1654353980292034
385	262.7672291167934	0.16298270831790443
386	263.0144917395125	0.15974314380038016
387	263.2617943176618	0.16295298718929097
388	263.5091368268699	0.1617262407208859
389	263.7565192427655	0.16637764448909043
390	264.00394154097717	0.1595811853993345
391	264.2514036971336	0.1583998909553117
392	264.4989056868634	0.15754982232657275
393	264.7464474857953	0.16060209786486915
394	264.99402906955777	0.15877854439498953
395	265.24165041377967	0.15272956024511297
396	265.48931149408946	0.1524643752414183
397	265.73701228611594	0.1569428921699854
398	265.98475276548766	0.1597826577175583
399	266.2325329078332	0.16147297346150305
400	266.4803526887814	0.16336698646964248
401	266.7282120839608	0.16414879584140535
402	266.97611106899996	0.1675733775681432
403	267.22404961952765	0.16288982200967705
404	267.4720277111725	0.15863683514702695
405	267.72004531956304	0.16206846435364441
406	267.9681024203281	0.15490577244064602
407	268.21619898909614	0.16361956147414253
408	268.46433500149595	0.15869305736522044
409	268.7125104331561	0.1655744424939516
410	268.96072525970527	0.1574190586901024
411	269.2089794567721	0.15949283910589926
412	269.4572729999852	0.1568584694881645
413	269.7056058649732	0.16188721399748884
414	269.9539780273649	0.15466325600655406
415	270.2023894627887	0.16618509322441374
416	270.4508401468734	0.16660382312185357
417	270.6993300552477	0.15867949872494103
418	270.9478591635401	0.16064526094381484
419	271.1964274473793	0.1693370883503282
420	271.445034882394	0.16561682187096066
421	271.69368144421276	0.1557878319099575
422	271.9423671084643	0.15549760418140063
423	272.1910918507771	0.1507572983500536
424	272.4398556467801	0.15506719343480743
425	272.6886584721017	0.16087004959654755
426	272.9375003023706	0.16409579719548456
427	273.18638111321553	0.160645119261579
428	273.43530088026506	0.15988739638675797
429	273.68425957914786	0.16217764254247402
430	273.93325718549255	0.16590660146916322
431	274.1822936749278	0.15881771709901665
432	274.4313690230822	0.15869549144368386
433	274.6804832055845	0.15657273271567057
434	274.92963619806324	0.16413507518423284
435	275.17882797614715	0.16311496440353684
436	275.42805851546484	0.16352665577348618
437	275.67732779164487	0.16257839949924888
438	275.9266357803161	0.15634782565797053
439	276.1759824571069	0.1666488221085241
440	276.4253677976461	0.1684519425393574
441	276.67479177756235	0.16243599108214002
442	276.92425437248426	0.1594891780041806
443	277.1737555580404	0.15615658009860447
444	277.4232953098595	0.15691458100158748
445	277.67287360357017	0.15399211040085822
446	277.9224904148011	0.15850783036729885
447	278.17214571918083	0.15516609206090098
448	278.4218394923381	0.1558144312297262
449	278.6715717099016	0.1614767365435136
450	278.9213423474999	0.16052558380227852
451	279.17115138076156	0.15715458048923886
452	279.4209987853154	0.16134184543177887
453	279.67088453678997	0.1628660512022385
454	279.9208086108139	0.16201038192912937
455	280.17077098301587	0.1632628558259394
456	280.42077162902456	0.1637539620107955
457	280.6708105244685	0.15743293853416565
458	280.92088764497646	0.15989073086264535
459	281.171002966177	0.1637127494341018
460	281.4211564636988	0.1589473856792999
461	281.67134811317055	0.1623350412744271
462	281.9215778902209	0.16417284713304775
463	282.1718457704783	0.16315303059462258
464	282.4221517295716	0.15467868897059178
465	282.6724957431294	0.15546527583850034
466	282.9228777867803	0.14981564786383433
467	283.173297836153	0.15584214516462314
468	283.42375586687615	0.15821732381936174
469	283.6742518545783	0.16264791998352532
470	283.92478577488816	0.16322064514504303
471	284.17535760343446	0.16440131712797335
472	284.4259673158457	0.16853313379715007
473	284.6766148877506	0.1635217929968502
474	284.92730029477775	0.15906492828229205
475	285.17802351255585	0.16484730330223743
476	285.42878451671356	0.1712730362360399
477	285.67958328287943	0.1689024469320825
478	285.93041978668225	0.16159689068835753
479	286.18129400375057	0.15719567277894073
480	286.43220590971305	0.16115191368099305
481	286.6831554801983	0.16469348577914325
482	286.934142690835	0.16154347957483658
483	287.18516751725184	0.16338677203332305
484	287.4362299350774	0.157832246554204
485	287.68732991994034	0.16293804567404133
486	287.93846744746935	0.16384788553039772
487	288.189642493293	0.15198517435719622
488	288.44085503303995	0.16021714890008565
489	288.6921050423389	0.16187026594446463
490	288.9433924968185	0.15580238362742246
491	289.1947173721073	0.1584372380603258
492	289.446079643834	0.16026418273385423
493	289.6974792876273	0.16325289398429452
494	289.94891627911574	0.1623992990357798
495	290.20039059392803	0.16188050052831207
496	290.4519022076928	0.16112924095810816
497	290.7034510960387	0.16412413036836535
498	290.9550372345944	0.16100958803200777
499	291.2066605989885	0.16309124244258746
500	291.4583211648496	0.1546211517599926
501	291.7100189078065	0.1508049894144726
502	291.96175380348774	0.1548620758298233
503	292.21352582752195	0.15747813775579364
504	292.4653349555378	0.15535986487714654
505	292.71718116316396	0.1614249137383455
506	292.96906442602904	0.1564002044497098
507	293.2209847197617	0.1541381475584956
508	293.4729420199906	0.15597536085962135
509	293.72493630234436	0.163041057099162
510	293.97696754245163	0.16269187631776727
511	294.22903571594105	0.15899618913358923
512	294.4811407984413	0.1576522718557334
513	294.733282765581	0.15763967533220824
514	294.98546159298877	0.16172241772442358
515	295.2376772562933	0.1627104607189981
516	295.4899297311232	0.16128343505429715
517	295.74221899310714	0.162099105646037
518	295.99454501787375	0.16208618816630216
519	296.2469077810517	0.16610120922912736
520	296.4993072582696	0.1620603867118635
521	296.75174342515606	0.1617220942110518
522	297.00421625733986	0.15998104296083587
523	297.25672573044955	0.163438988414957
524	297.5092718201137	0.17064418233663148
525	297.7618545019611	0.1606624553819415
526	298.01447375162036	0.1579949811694374
527	298.2671295447201	0.157061862993749
528	298.51982185688894	0.16163318767666932
529	298.77255066375557	0.16143898547663355
530	299.02531594094864	0.15582994463024433
531	299.2781176640967	0.1564904359936542
532	299.5309558088285	0.15883892951628825
533	299.78383035077263	0.1567080342356399
534	300.0367412655578	0.16114768372547159
535	300.28968852881263	0.16053593213338943
536	300.5426721161657	0.15889605811937182
537	300.79569200324573	0.16060732367091632
538	301.04874816568133	0.15857774349428158
539	301.30184057910117	0.15402346236674969
540	301.5549692191338	0.15674237599579874
541	301.80813406140805	0.15923791293118858
542	302.0613350815524	0.16104777668599696
543	302.31457225519557	0.1605324900741369
544	302.56784555796617	0.15920094431703988
545	302.82115496549284	0.15878552648032096
546	303.0745004534043	0.1552436107625848
547	303.3278819973291	0.16107832621726678
548	303.581299572896	0.1642518337052024
549	303.8347531557335	0.16195588232816652
550	304.08824272147035	0.16202965611846123
551	304.3417682457351	0.1635767480737194
552	304.5953297041566	0.15750439439669287
553	304.84892707236327	0.1569813178572387
554	305.10256032598386	0.16108432200864622
555	305.3562294406469	0.16007638402318225
556	305.60993439198126	0.14972634909364582
557	305.8636751556154	0.16168094578761333
558	306.117451707178	0.1646729082178302
559	306.37126402229774	0.16649574899460884
560	306.6251120766033	0.16708138924600072
561	306.87899584572324	0.16568363774081055
562	307.13291530528625	0.1661545340333067
563	307.3868704309209	0.1665634873910529
564	307.64086119825595	0.15866238388077117
565	307.89488758292	0.1629879112256515
566	308.1489495605417	0.16264672895153023
567	308.4030471067497	0.16874425718117594
568	308.6571801971726	0.15652896828341606
569	308.911348807439	0.1580954329055105
570	309.16555291317775	0.15638581958336312
571	309.41979249001736	0.16374255591643877
572	309.6740675135864	0.1577745515646987
573	309.9283779595137	0.16956833560755763
574	310.18272380342773	0.170919121540319
575	310.4371050209572	0.15871739463747153
576	310.6915215877308	0.15891857803456894
577	310.9459734793771	0.16382009096976535
578	311.20046067152475	0.16079510697861074
579	311.4549831398025	0.16455146736420553
580	311.7095408598389	0.15847229925736436
581	311.9641338072626	0.1617972359999532
582	312.2187619577023	0.16196029742468943
583	312.47342528678655	0.1580403863063573
584	312.7281237701441	0.15287277176876174
585	312.9828573834036	0.16151802363897866
586	313.23762610219353	0.15761092480708147
587	313.4924299021427	0.15889370173676498
588	313.7472687588797	0.16547696671813808
589	314.0021426480332	0.16401184832427343
590	314.2570515452318	0.16538729890474407
591	314.5119954261042	0.16853294644423872
592	314.76697426627896	0.15509255147406967
593	315.0219880413848	0.1570222671539057
594	315.27703672705036	0.1623085401247481
595	315.53212029890426	0.16262166301805722
596	315.7872387325752	0.16573124735482758
597	316.0423920036917	0.1607854477673457
598	316.2975800878826	0.1621760830713
599	316.55280296077626	0.16430564852336677
600	316.8080605980016	0.16093650630827652
601	317.0633529751872	0.1613278802606127
602	317.3186800679616	0.16530700319045122
603	317.5740418519535	0.1608083074533359
604	317.8294383027916	0.1612925319881852
605	318.08486939610447	0.16038170130707033
606	318.3403351075208	0.15917316414851093
607	318.5958354126692	0.16511313198944516
608	318.8513702871784	0.1613355327777801
609	319.1069397066769	0.1625373716459585
610	319.3625436467934	0.15733514807912768
611	319.6181820831566	0.16061971932661778
612	319.8738549913952	0.15920652402070015
613	320.1295623471377	0.16087716305799943
614	320.38530412601284	0.1626425668103475
615	320.6410803036492	0.1638482279373842
616	320.89689085567545	0.160048499553523
617	321.1527357577203	0.1620370275832555
618	321.4086149854122	0.16032663238670206
619	321.6645285143801	0.16062114108484238
620	321.92047632025236	0.15800882978456815
621	322.1764583786578	0.16452808646432424
622	322.43247466522496	0.16068056647879445
623	322.6885251555826	0.16017277420911
624	322.9446098253593	0.16056320767576973
625	323.2007286501836	0.16104776575670224
626	323.4568816056843	0.1512842120360245
627	323.71306866749	0.15932934840233548
628	323.9692898112294	0.15752417940729063
629	324.22554501253103	0.16189760245846405
630	324.4818342470236	0.16197192787222386
631	324.73815749033565	0.1645509542812426
632	324.994514718096	0.16684088031877856
633	325.2509059059332	0.16459727034371738
634	325.50733102947595	0.1616125590617564
635	325.76379006435286	0.16174121408892878
636	326.0202829861925	0.1670425617068114
637	326.27680977062363	0.16351470133661888
638	326.5333703932748	0.15802567954497815
639	326.78996482977476	0.1657579512098194
640	327.04659305575206	0.15393776275375814
641	327.30325504683543	0.15442232563631697
642	327.55995077865344	0.1533770944037389
643	327.8166802268348	0.15491262995183544
644	328.07344336700805	0.15605760407397223
645	328.330240174802	0.1555351457810299
646	328.5870706258451	0.15666092060925169
647	328.84393469576617	0.16009425313297912
648	329.10083236019375	0.1567552284045192
649	329.35776359475653	0.15689962716905545
650	329.61472837508313	0.16508513081765167
651	329.87172667680215	0.1637628407316285
652	330.1287584755424	0.15160844314840732
653	330.3858237469324	0.15673872096469538
654	330.6429224666007	0.1629105548544815
655	330.90005461017614	0.1559375791597252
656	331.1572201532873	0.15940048078477848
657	331.41441907156275	0.15770667344808467
658	331.67165134063123	0.16214040819838432
659	331.92891693612137	0.16056699675312885
660	332.1862158336617	0.16065013696273897
661	332.44354800888107	0.1637980719970616
662	332.70091343740796	0.15904140549235252
663	332.958312094871	0.15597284322286054
664	333.215743956899	0.16417095869755788
665	333.4732089991205	0.16049968497477282
666	333.73070719716407	0.15312007453293655
667	333.9882385266585	0.16495637487133802
668	334.2458029632324	0.16371912761936694
669	334.5034004825144	0.16363274873343536
670	334.76103106013306	0.16305701322979912
671	335.01869467171707	0.16532334502265175
672	335.2763912928952	0.16544165094458813
673	335.534120899296	0.1635876596677235
674	335.79188346654803	0.15950372656744438
675	336.04967897028007	0.16137718696605555
676	336.30750738612073	0.1536693055913684
677	336.5653686896986	0.160366189426641
678	336.8232628566424	0.15658579004656603
679	337.0811898625807	0.16043963033859426
680	337.3391496831422	0.16229693283154425
681	337.5971422939555	0.16180015338222492
682	337.85516767064934	0.15892780658935923
683	338.1132257888523	0.1609800115654041
684	338.37131662419296	0.15929681203651133
685	338.62944015230005	0.15717616089400144
686	338.88759634880216	0.15050897245836053
687	339.1457851893281	0.1598556988586638
688	339.4040066495063	0.15854990290925258
689	339.66226070496543	0.15853912066068288
690	339.9205473313343	0.16299236290538652
691	340.1788665042414	0.16902736863528203
692	340.43721819931545	0.1543944376635777
693	340.69560239218504	0.16255600770480919
694	340.9540190584788	0.16165795632320082
695	341.2124681738255	0.16026525499519653
696	341.4709497138537	0.16388713344146813
697	341.72946365419205	0.160243643182348
698	341.9880099704692	0.1572666676696984
699	342.2465886383138	0.16031764591511352
700	342.50519963335444	0.15912676375201776
701	342.76384293121987	0.15862262589866025
702	343.0225185075386	0.15733763390776578
703	343.2812263379394	0.15529438530153708
704	343.53996639805086	0.1565473068194723
705	343.79873866350164	0.15976037298931076
706	344.0575431099204	0.15867447424772693
707	344.3163797129357	0.1659319667160923
708	344.5752484481763	0.1615941539114002
709	344.83414929127076	0.16079245361290742
710	345.0930822178478	0.16165929663548678
711	345.35204720353596	0.16487436893707455
712	345.611044223964	0.1653411636854317
713	345.8700732547605	0.16844704380387396
714	346.1291342715541	0.16257284973599495
715	346.3882272499735	0.16543717864538351
716	346.64735216564725	0.16032660159802267
717	346.9065089942041	0.16547896464364473
718	347.1656977112726	0.16213725591111622
719	347.42491829248155	0.1670888287899737
720	347.68417071345937	0.165043968206618
721	347.9434549498349	0.16361680337699405
722	348.2027709772367	0.16968119276065813
723	348.4621187712934	0.17264077427163063
724	348.72149830763374	0.16199164039742694
725	348.98090956188616	0.16707736573172086
726	349.24035250967955	0.1607966562045425
727	349.4998271266424	0.16187608534180611
728	349.75933338840343	0.16321809431833764
729	350.01887127059126	0.16575486801014075
730	350.27844074883444	0.16552812823685417
731	350.5380417987618	0.1645269387473607
732	350.79767439600187	0.16372198098217014
733	351.0573385161833	0.1644370852412597
734	351.3170341349347	0.1611916974998395
735	351.57676122788484	0.1620438133341136
736	351.83651977066233	0.15992219252061762
737	352.0963097388957	0.16241383041778013
738	352.3561311082137	0.15779280462181786
739	352.6159838542449	0.1584404566120577
740	352.875867952618	0.15653135924329203
741	353.1357833789617	0.16055232454211327
742	353.39573010890456	0.15947889994035178
743	353.6557081180752	0.16360819387293968
744	353.91571738210234	0.16088156341451534
745	354.1757578766146	0.16828399160666968
746	354.4358295772406	0.16365044882231503
747	354.6959324596091	0.16700395896123577
748	354.9560664993486	0.1637739024932526
749	355.21623167208776	0.16376383184697407
750	355.4764279534553	0.16290560234828494
751	355.7366553190798	0.16289559417315808
752	355.9969137445899	0.16666188255544545
753	356.25720320561436	0.17331937251005022
754	356.5175236777817	0.17003870304347102
755	356.7778751367206	0.16915544549694192
756	357.03825755805974	0.17293102716500972
757	357.29867091742767	0.16716126058198902
758	357.5591151904532	0.16598942777984674
759	357.81959035276486	0.17167399421431206
760	358.08009637999123	0.1664638488687244
761	358.3406332477611	0.16634508409113527
762	358.60120093170303	0.1692792611032633
763	358.86179940744574	0.16763622385608
764	359.12242865061785	0.16810220773342827
765	359.3830886368479	0.17733002307638543
766	359.6437793417646	0.17258442201987817
767	359.9045007409967	0.1764952585323425
768	360.16525281017266	0.18352158649478556
769	360.4260355249213	0.18954141871630287
770	360.6868488608711	0.1922067799284287
771	360.94769279365084	0.19278640028617394
772	361.20856729888914	0.19158766535109714
773	361.46947235221455	0.19863099366644105
774	361.7304079292559	0.1944117698727173
775	361.9913740056416	0.1955758156130408
776	362.2523705570005	0.19433101342236742
777	362.5133975589611	0.1992959936361916
778	362.7744549871521	0.20059785968092317
779	363.0355428172022	0.1902567241481652
780	363.29666102474	0.18822818517136689
781	363.5578095853941	0.19237945994711048
782	363.81898847479323	0.20000294457856194
783	364.0801976685659	0.2008422182814201
784	364.34143714234096	0.1982455257197678
785	364.60270687174693	0.2002841895429909
786	364.86400683241243	0.20005067022927708
787	365.1253369999661	0.20126020410063158
788	365.3866973500367	0.194942607828451
789	365.6480878582528	0.20204645580245548
790	365.90950850024296	0.1970677838825329
791	366.17095925163596	0.19941603426333365
792	366.43244008806045	0.1989129379488125
793	366.69395098514497	0.19861779580337857
794	366.9554919185182	0.19732252986489338
795	367.21706286380885	0.19862515265366856
796	367.4786637966455	0.19687850531386591
797	367.74029469265685	0.19334370119037705
798	368.0019555274714	0.1969191285616907
799	368.263646276718	0.19892050904595124
800	368.5253669160252	0.19848314062074449
801	368.7871174210216	0.20292726507312867
802	369.0488977673359	0.19927405192985534
803	369.3107079305968	0.20112912899704405
804	369.57254788643274	0.2040489077521967
805	369.83441761047266	0.20590094826810118
806	370.0963170783449	0.20307846933582027
807	370.35824626567836	0.20318064715828635
808	370.62020514810155	0.2026366269641078
809	370.8821937012431	0.20120241289594007
810	371.14421190073176	0.20258776813346993
811	371.40625972219607	0.2011816216802475
812	371.6683371412648	0.19763473653255018
813	371.9304441335664	0.19516049134564395
814	372.1925806747297	0.19799978726797118
815	372.45474674038326	0.20079972129736154
816	372.7169423061558	0.20108170002773315
817	372.9791673476758	0.19692912252367178
818	373.2414218405721	0.19882819176768152
819	373.50370576047317	0.20158265076543394
820	373.7660190830078	0.20071366692227025
821	374.0283617838046	0.2004697700081338
822	374.2907338384921	0.20075363126260193
823	374.5531352226991	0.19976653711429407
824	374.8155659120542	0.1981545891096455
825	375.078025882186	0.20074562894160636
826	375.34051510872314	0.20202648324212646
827	375.60303356729435	0.20286842464705743
828	375.86558123352813	0.2028866882357206
829	376.12815808305334	0.20283400377802613
830	376.39076409149845	0.20239713531139233
831	376.6533992344921	0.20337291221100776
832	376.9160634876631	0.20294678550123238
833	377.17875682663987	0.20778076264672013
834	377.4414792270512	0.20808700267059638
835	377.70423066452577	0.2070709092147252
836	377.9670111146922	0.20494316215159997
837	378.229820553179	0.2059810251152594
838	378.49265895561496	0.20663221145642352
839	378.75552629762865	0.20721420913409325
840	379.01842255484877	0.20626966036642058
841	379.2813477029039	0.20519602280044308
842	379.54430171742274	0.2096353972026686
843	379.80728457403393	0.21151158102423223
844	380.07029624836605	0.21199244187084937
845	380.3333367160479	0.21580063401608746
846	380.596405952708	0.21730562311230064
847	380.85950393397496	0.2170139986563563
848	381.12263063547755	0.22210073009544543
849	381.3857860328443	0.22626851311408122
850	381.64897010170387	0.2252290291845713
851	381.912182817685	0.22670219284710688
852	382.1754241564163	0.22676656327013947
853	382.4386940935263	0.22476897564115741
854	382.7019926046438	0.22312569290535567
855	382.9653196653974	0.22047945122812077
856	383.22867525141567	0.21969069936006985
857	383.4920593383273	0.21819105202028133
858	383.755471901761	0.2194594992597512
859	384.01891291734535	0.22018618304869772
860	384.282382360709	0.22146257728688823
861	384.54588020748054	0.22403278067331978
862	384.8094064332887	0.22570896055840303
863	385.07296101376215	0.22989771459039102
864	385.33654392452945	0.23150032733919082
865	385.6001551412193	0.23324345302091956
866	385.86379463946037	0.23491974641402727
867	386.1274623948812	0.234493287894782
868	386.3911583831105	0.23218041820768812
869	386.65488257977694	0.23142287499935257
870	386.91863496050905	0.23040387521030428
871	387.1824155009357	0.2272708377656152
872	387.4462241766853	0.2246342571143875
873	387.7100609633866	0.2226797044337714
874	387.9739258366683	0.22042004748073113
875	388.2378187721589	0.21820838790650077
876	388.50173974548716	0.21853733768546466
877	388.7656887322817	0.21740172846569952
878	389.02966570817114	0.21579362469619676
879	389.2936706487842	0.21637656689605883
880	389.5577035297494	0.2167778769872696
881	389.8217643266955	0.2160389927557231
882	390.085853015251	0.21895767249815026
883	390.34996957104477	0.2202108226637035
884	390.6141139697053	0.21948853219562992
885	390.8782861868612	0.21826398745013006
886	391.1424861981412	0.21867039029549007
887	391.406713979174	0.21765597777669568
888	391.6709695055881	0.21881629588196597
889	391.9352527530122	0.21686365041527705
890	392.19956369707495	0.21648176221670457
891	392.4639023134051	0.21623428345117804
892	392.72826857763107	0.21480960536826288
893	392.9926624653817	0.21256873103814955
894	393.2570839522856	0.21367027878017028
895	393.52153301397135	0.2126023160574884
896	393.78600962606765	0.21288341879825987
897	394.0505137642031	0.2125195134554044
898	394.31504540400636	0.2118378875343489
899	394.57960452110615	0.21249650807723214
900	394.844191091131	0.21059136134713766
901	395.10880508970956	0.21015201700015504
902	395.3734464924706	0.2095796524016103
903	395.63811527504265	0.21188529796444927
904	395.9028114130544	0.21247389921792845
905	396.1675348821345	0.21179819806003253
906	396.4322856579115	0.21124624053157315
907	396.6970637160142	0.21177402495932013
908	396.96186903207115	0.21203054091651521
909	397.22670158171104	0.2117171922163922
910	397.4915613405625	0.21258436278097068
911	397.75644828425413	0.21225965279070436
912	398.0213623884146	0.21270230594984305
913	398.2863036286726	0.21310520292725077
914	398.55127198065674	0.21261443979074537
915	398.81626741999565	0.21382348502497633
916	399.081289922318	0.2132270032285728
917	399.34633946325243	0.21367434966568827
918	399.6114160184276	0.21364667436308402
919	399.87651956347213	0.2130169329171192
920	400.1416500740146	0.21339418233633833
921	400.4068075256838	0.21207351701311677
922	400.6719918941083	0.2123838786350787
923	400.9372031549168	0.21300095555555862
924	401.2024412837378	0.21325344147199277
925	401.4677062562	0.21365683467541335
926	401.7329980479322	0.2135618192414497
927	401.9983166345629	0.21557237819742456
928	402.2636619917207	0.21494932602950154
929	402.5290340950344	0.21420077165058116
930	402.7944329201325	0.21439393634909734
931	403.05985844264376	0.21450947597209957
932	403.3253106381968	0.21436883159619938
933	403.5907894824202	0.215766504265134
934	403.8562949509426	0.2152727795087586
935	404.12182701939275	0.21499838694175957
936	404.3873856633992	0.21522556991902853
937	404.65297085859066	0.2155228728591933
938	404.91858258059574	0.21637432830580794
939	405.1842208050431	0.21537028853538479
940	405.44988550756136	0.21575205057373348
941	405.71557666377913	0.2174833229081194
942	405.9812942493252	0.21828646093779658
943	406.24703823982804	0.2181168095409903
944	406.5128086109164	0.2178072246281069
945	406.7786053382189	0.2188109060908881
946	407.0444283973642	0.21882057803648625
947	407.3102777639809	0.22013300036258052
948	407.5761534136977	0.22054493820813853
949	407.8420553221432	0.21982953154606805
950	408.1079834649461	0.22109133371873174
951	408.37393781773494	0.2216202493822597
952	408.63991835613854	0.22053862598870674
953	408.90592505578536	0.2220427134007646
954	409.1719578923042	0.22250241374854154
955	409.4380168413236	0.22366553110357978
956	409.70410187847216	0.22541779274595974
957	409.97021297937874	0.22561825886896913
958	410.2363501196717	0.22718961413668054
959	410.50251327497995	0.22871178044557294
960	410.76870242093196	0.22945914711133863
961	411.03491753315643	0.2310346436040891
962	411.3011585872821	0.232957917602178
963	411.5674255589374	0.23512512793105814
964	411.8337184237512	0.23728239344545504
965	412.10003715735184	0.24018719434092003
966	412.36638173536835	0.2439717480958904
967	412.63275213342916	0.24767813014590015
968	412.89914832716295	0.2515492287328029
969	413.16557029219837	0.25439402112763526
970	413.4320180041641	0.2567532136761358
971	413.6984914386887	0.2589092863717253
972	413.9649905714008	0.26018146497980105
973	414.2315153779291	0.26197378119240367
974	414.4980658339024	0.26302844721595214
975	414.76464191494904	0.26263530492977116
976	415.0312435966979	0.26272497378563797
977	415.2978708547775	0.26310580028767655
978	415.56452366481653	0.26512137138895414
979	415.83120200244366	0.26758818350207353
980	416.09790584328744	0.2700283537261669
981	416.3646351629767	0.2762338020802211
982	416.6313899371399	0.2831474045560037
983	416.8981701414058	0.292291785763364
984	417.16497575140295	0.3023837733052188
985	417.43180674276005	0.3122982406483249
986	417.6986630911058	0.3200122906837088
987	417.9655447720687	0.3262958148927512
988	418.2324517612775	0.33098038306043875
989	418.4993840343609	0.3328013434576162
990	418.7663415669474	0.33057681770694564
991	419.0333243346657	0.3277513832726999
992	419.3003323131445	0.3221583297248014
993	419.5673654780124	0.31413158576253664
994	419.83442380489805	0.30560935587870275
995	420.1015072694301	0.29664659721715514
996	420.3686158472372	0.28715776601993875
997	420.6357495139479	0.27939927118752633
998	420.9029082451911	0.2704566850528065
999	421.17009201659516	0.26400220454161316
1000	421.43730080378884	0.25775389882791816
1001	421.7045345824008	0.2524396592448971
1002	421.9717933280597	0.24794908618990819
1003	422.23907701639416	0.24600222522458065
1004	422.50638562303277	0.24625591424227694
1005	422.7737191236043	0.24676536452174483
1006	423.04107749373725	0.24785855444361132
1007	423.30846070906034	0.25036115224882727
1008	423.57586874520223	0.25355954999349345
1009	423.84330157779164	0.25658242086137484
1010	424.11075918245695	0.25941168212795945
1011	424.37824153482717	0.26193244268411814
1012	424.64574861053063	0.26176944753549153
1013	424.9132803851961	0.2611360151623476
1014	425.1808368344523	0.2591590784395224
1015	425.4484179339277	0.25769927610264337
1016	425.7160236592511	0.2545166725337473
1017	425.9836539860511	0.2528673175270698
1018	426.2513088899563	0.2486982328707361
1019	426.5189883465954	0.24590615277136288
1020	426.786692331597	0.243144424655695
1021	427.0544208205897	0.23935519627649082
1022	427.32217378920234	0.23613909303033503
1023	427.5899512130635	0.23427321346648233
1024	427.8577530678016	0.2314848631037138
1025	428.12557932904554	0.22952586713424108
1026	428.39342997242386	0.2278485973252301
1027	428.66130497356517	0.2264461159902835
1028	428.9292043080982	0.22521045416811236
1029	429.1971279516516	0.2238305843756013
1030	429.4650758798539	0.22326790955556325
1031	429.7330480683338	0.22235570694150456
1032	430.0010444927201	0.2213880861974513
1033	430.26906512864116	0.22068762071452036
1034	430.5371099517258	0.2208820265890307
1035	430.8051789376028	0.22071505513231482
1036	431.0732720619005	0.22038868801170367
1037	431.3413893002478	0.22005368752346993
1038	431.6095306282731	0.22020792811158849
1039	431.8776960216053	0.2211427225919391
1040	432.1458854558729	0.2212751332855403
1041	432.41409890670445	0.22185754954836281
1042	432.68233634972887	0.22161383808469862
1043	432.9505977605746	0.2215504276940343
1044	433.2188831148703	0.2211971259598574
1045	433.4871923882447	0.22062358406245797
1046	433.75552555632635	0.22092986051300764
1047	434.0238825947439	0.22093371978151963
1048	434.2922634791262	0.22084110147819977
1049	434.5606681851016	0.22110558193266266
1050	434.82909668829893	0.22108488187366032
1051	435.09754896434674	0.22163412856175813
1052	435.36602498887373	0.22255099299061148
1053	435.6345247375086	0.22267862536793498
1054	435.9030481858799	0.2233924408840566
1055	436.17159530961624	0.22482401233104057
1056	436.4401660843464	0.2266386705965848
1057	436.7087604856989	0.22801103627817668
1058	436.9773784893025	0.22996261434255152
1059	437.2460200707857	0.2313354305266816
1060	437.51468520577725	0.23366711797852632
1061	437.78337386990586	0.23638963118477743
1062	438.0520860388001	0.238505200087596
1063	438.3208216880885	0.24215427564278816
1064	438.5895807933998	0.24517993671353852
1065	438.85836333036275	0.24813588930875544
1066	439.12716927460576	0.2515600815305321
1067	439.3959986017577	0.25542031181305214
1068	439.66485128744716	0.26059535125255234
1069	439.9337273073028	0.26642153475971625
1070	440.202626636953	0.272409985914914
1071	440.4715492520269	0.27984064609424514
1072	440.7404951281527	0.288653346448783
1073	441.00946424095923	0.299100702672429
1074	441.2784565660752	0.3124645907789901
1075	441.5474720791291	0.33002529810159253
1076	441.8165107557496	0.3508617121448432
1077	442.08557257156554	0.38027985012575116
1078	442.3546575022053	0.4193640083843238
1079	442.6237655232977	0.47302470816424574
1080	442.8928966104713	0.5448855707924023
1081	443.16205073935487	0.6356454900877102
1082	443.43122788557696	0.7411718862661167
1083	443.7004280247661	0.854962769139305
1084	443.9696511325511	0.9628836492537398
1085	444.2388971845605	1.0568146731363168
1086	444.50816615642316	1.1243590580587548
1087	444.7774580237674	1.174254044828497
1088	445.0467727622221	1.1970647964939054
1089	445.3161103474158	1.2087465439293856
1090	445.5854707549772	1.2018201229213608
1091	445.854853960535	1.191049115129683
1092	446.1242599397177	1.169371368482996
1093	446.393688668154	1.1419199853318744
1094	446.6631401214727	1.1054033439056767
1095	446.93261427530217	1.066889638187437
1096	447.20211110527123	1.0238481817654246
1097	447.4716305870086	0.9759361597491208
1098	447.7411726961426	0.9181884252599458
1099	448.01073740830225	0.8544710449354058
1100	448.2803246991159	0.7851238185144281
1101	448.5499345442124	0.7187002245952537
1102	448.8195669192204	0.6593397534247292
1103	449.0892217997683	0.6087002445096569
1104	449.35889916148506	0.5682599375653224
1105	449.6285989799992	0.5379431956293689
1106	449.89832123093925	0.5197520162545227
1107	450.1680658899339	0.5119525405554991
1108	450.43783293261197	0.5126536478391096
1109	450.70762233460187	0.5218845204262412
1110	450.97743407153246	0.5396714069693199
1111	451.24726811903224	0.5617239132515023
1112	451.51712445272995	0.585833687718561
1113	451.78700304825406	0.6110034349550988
1114	452.0569038812333	0.6367577263348204
1115	452.32682692729657	0.6643382861562086
1116	452.59677216207206	0.6887974662895472
1117	452.86673956118875	0.7098053616109675
1118	453.13672910027526	0.720872897792849
1119	453.4067407549601	0.7210748182911025
1120	453.67677450087194	0.7103362694711364
1121	453.94683031363945	0.6902957930629573
1122	454.21690816889134	0.662797089421453
1123	454.4870080422562	0.6333922610173743
1124	454.7571299093627	0.6016526608929968
1125	455.02727374583947	0.5715853948701861
1126	455.2974395273151	0.5437450001339231
1127	455.56762722941824	0.5189718699057906
1128	455.83783682777766	0.49640478822361345
1129	456.10806829802186	0.4781983695766644
1130	456.37832161577956	0.46621395913263175
1131	456.64859675667935	0.4613923367334293
1132	456.91889369635	0.4657808202610078
1133	457.18921241042005	0.4803155688979335
1134	457.4595528745182	0.5044394904543508
1135	457.729915064273	0.5392855374520705
1136	458.00029895531316	0.5818722546556023
1137	458.27070452326734	0.6298597569582733
1138	458.54113174376414	0.675725631087306
1139	458.8115805924323	0.717524679985366
1140	459.08205104490037	0.7511767195932465
1141	459.352543076797	0.7753313501803715
1142	459.62305666375096	0.7881799198064418
1143	459.89359178139057	0.7907725609814584
1144	460.1641484053449	0.7816586507487879
1145	460.4347265112424	0.7603383483560624
1146	460.7053260747116	0.7298035827072133
1147	460.97594707138126	0.694603017758907
1148	461.24658947688	0.6605939148056249
1149	461.51725326683663	0.6316616520994077
1150	461.78793841687957	0.6087435311145598
1151	462.0586449026375	0.5887547160963147
1152	462.3293726997391	0.5707131398453581
1153	462.60012178381305	0.5514129523639053
1154	462.87089213048796	0.5293896378490124
1155	463.14168371539256	0.5047715756178972
1156	463.41249651415535	0.4770636531515648
1157	463.68333050240506	0.44807028891454925
1158	463.9541856557704	0.41860744947658585
1159	464.2250619498798	0.3906864772318242
1160	464.4959593603621	0.3642708265275622
1161	464.76687786284594	0.3411489255064062
1162	465.03781743295986	0.3224541428487175
1163	465.30877804633246	0.3082591571767231
1164	465.5797596785926	0.2974665433496575
1165	465.8507623053688	0.28940844153907525
1166	466.1217859022896	0.283117044089603
1167	466.39283044498393	0.2775059118913853
1168	466.6638959090802	0.27193003097720386
1169	466.934982270207	0.26663664794570696
1170	467.2060895039932	0.2618892118643569
1171	467.47721758606735	0.256411353076484
1172	467.74836649205804	0.2522182450744051
1173	468.019536197594	0.24744432657799578
1174	468.2907266783038	0.24324721427372142
1175	468.56193790981615	0.23961737001698244
1176	468.8331698677596	0.2368204553533807
1177	469.10442252776295	0.235387079534615
1178	469.37569586545465	0.23417845228571277
1179	469.6469898564635	0.23384171643531287
1180	469.91830447641803	0.2344106898396908
1181	470.18963970094705	0.23560753022143688
1182	470.4609955056791	0.2366952042113452
1183	470.73237186624283	0.23805782198321307
1184	471.0037687582668	0.23886844565313867
1185	471.2751861573797	0.24005198856792098
1186	471.5466240392104	0.24064562880519363
1187	471.8180823793872	0.24196352534145127
1188	472.08956115353897	0.2422053220528616
1189	472.36106033729425	0.24278408343650582
1190	472.63257990628176	0.24422585830524807
1191	472.9041198361301	0.24595142939349135
1192	473.17568010246794	0.2468566074612937
1193	473.4472606809238	0.24753465810316505
1194	473.7188615471266	0.24761701406765393
1195	473.9904826767047	0.2474332809998965
1196	474.2621240452869	0.24582119695166813
1197	474.53378562850185	0.24438436398417904
1198	474.80546740197815	0.24256616360222424
1199	475.0771693413444	0.23992610797356004
1200	475.34889142222926	0.23735227373179052
1201	475.6206336202615	0.23496476283752438
1202	475.8923959110697	0.23191522985122534
1203	476.1641782702824	0.22900530208336758
1204	476.4359806735283	0.22569780374891096
1205	476.7078030964361	0.2215493056033209
1206	476.9796455146345	0.21891740280466815
1207	477.251507903752	0.21607946474669984
1208	477.52339023941727	0.21400515161918457
1209	477.7952924972591	0.2122851082727104
1210	478.0672146529058	0.21130283357111448
1211	478.33915668198654	0.21047006130194496
1212	478.6111185601295	0.21056240465618345
1213	478.88310026296347	0.21056151849670976
1214	479.15510176611724	0.21118223863418156
1215	479.4271230452191	0.21231209976377005
1216	479.6991640758981	0.214034959914326
1217	479.9712248337827	0.2156984947758981
1218	480.2433052945016	0.21738070614005453
1219	480.5154054336833	0.21900363783218513
1220	480.78752522695663	0.22101115508530997
1221	481.05966464995015	0.22369354182323758
1222	481.3318236782925	0.22566332226786184
1223	481.6040022876123	0.22768364358568247
1224	481.8762004535382	0.22959967456960334
1225	482.14841815169893	0.23181126117427708
1226	482.42065535772304	0.23418834980832345
1227	482.69291204723925	0.23689131504465744
1228	482.9651881958762	0.2390939845762732
1229	483.23748377926245	0.2425166921675406
1230	483.50979877302666	0.24458863561382124
1231	483.78213315279754	0.24569411780245604
1232	484.0544868942037	0.24561810681702637
1233	484.3268599728739	0.24482715086683424
1234	484.59925236443655	0.24343944057578934
1235	484.87166404452046	0.24148196082495155
1236	485.1440949887542	0.23970810178794022
1237	485.4165451727665	0.23839825337666992
1238	485.689014572186	0.237357962277344
1239	485.9615031626413	0.23684705149019505
1240	486.2340109197611	0.23669623232948764
1241	486.5065378191739	0.23707538429260547
1242	486.77908383650845	0.23798088111331087
1243	487.05164894739335	0.2389009775656136
1244	487.3242331274573	0.2403899913005637
1245	487.596836352329	0.24144926429636826
1246	487.86945859763694	0.2416444818250242
1247	488.1420998390098	0.24127715032634708
1248	488.4147600520764	0.24093288282866315
1249	488.6874392124653	0.23932351133516178
1250	488.9601372958049	0.23738097259030844
1251	489.2328542777242	0.23511832034562213
1252	489.5055901338517	0.23234248979325053
1253	489.7783448398159	0.22988901790151867
1254	490.0511183712457	0.22723555579906285
1255	490.32391070376957	0.2255538145042797
1256	490.5967218130162	0.22380850874736316
1257	490.8695516746143	0.22193973353215848
1258	491.1424002641925	0.22019094682830923
1259	491.41526755737925	0.21891064227544624
1260	491.68815352980346	0.21719537337693867
1261	491.9610581570937	0.21503715273138918
1262	492.2339814148785	0.21243153316348357
1263	492.50692327878664	0.21047500405736372
1264	492.77988372444656	0.20865745231278282
1265	493.0528627274873	0.20738025029987
1266	493.32586026353715	0.20593041429776096
1267	493.5988763082248	0.20473657728218406
1268	493.87191083717903	0.20423920471800575
1269	494.1449638260285	0.2035109042706767
1270	494.41803525040166	0.20291052866530251
1271	494.6911250859274	0.2020701472449808
1272	494.96423330823404	0.20101256176354193
1273	495.2373598929506	0.2002460539877228
1274	495.5105048157054	0.19920469778818142
1275	495.78366805212727	0.1984815522466316
1276	496.0568495778449	0.19813174213465537
1277	496.3300493684868	0.19760495921398924
1278	496.6032673996816	0.1968351629212552
1279	496.87650364705803	0.19698196803956672
1280	497.1497580862448	0.1970097288620611
1281	497.4230306928704	0.19617038386202232
1282	497.69632144256354	0.19565205423178894
1283	497.9696303109529	0.1954978132746485
1284	498.2429572736671	0.19561851504013011
1285	498.51630230633475	0.19555130191647943
1286	498.7896653845845	0.19526295460229312
1287	499.0630464840451	0.19521187864741604
1288	499.33644558034507	0.1950294900405797
1289	499.6098626491131	0.1948164092544016
1290	499.8832976659779	0.19512696506840746
1291	500.1567506065679	0.19517435486933565
1292	500.43022144651206	0.19468932512871873
1293	500.70371016143883	0.19454393266291994
1294	500.97721672697685	0.1942735352491717
1295	501.2507411187547	0.1939024313076522
1296	501.5242833124013	0.19370523036710965
1297	501.79784328354503	0.19414193868041518
1298	502.0714210078146	0.19441099669569709
1299	502.3450164608388	0.19404883732238967
1300	502.618629618246	0.19403111660380556
1301	502.8922604556651	0.19357084006053887
1302	503.1659089487247	0.19357372544305582
1303	503.4395750730532	0.19304626009916528
1304	503.7132588042796	0.19277359238968295
1305	503.98696011803236	0.19301957981401463
1306	504.2606789899402	0.19285412000586352
1307	504.53441539563164	0.1928703913237454
1308	504.80816931073537	0.19254876961265505
1309	505.0819407108801	0.19228465293434857
1310	505.3557295716944	0.19234784010002778
1311	505.629535868807	0.1923715005988994
1312	505.90335957784646	0.19194160926700884
1313	506.17720067444145	0.19210489375445147
1314	506.4510591342207	0.19180574074997017
1315	506.72493493281274	0.19196099664485447
1316	506.99882804584627	0.19197073275709103
1317	507.27273844895	0.19207101755341388
1318	507.54666611775235	0.19169333674465547
1319	507.82061102788225	0.19168110118149354
1320	508.0945731549681	0.1913649497820857
1321	508.3685524746387	0.1912884027223347
1322	508.6425489625226	0.19077941650892555
1323	508.9165625942486	0.19050403477798036
1324	509.1905933454452	0.1902195978376024
1325	509.46464119174107	0.1900938587313962
1326	509.73870610876486	0.18978959568678877
1327	510.0127880721452	0.1900445519494773
1328	510.28688705751085	0.18996708972931403
1329	510.5610030404903	0.18981311280075727
1330	510.8351359967122	0.18957281311830193
1331	511.10928590180526	0.189079574361903
1332	511.3834527313983	0.1887390814832033
1333	511.65763646111964	0.18850239485150957
1334	511.93183706659806	0.1885869221719475
1335	512.2060545234623	0.18823589517022857
1336	512.4802888073409	0.18829094639926863
1337	512.7545398938624	0.1877707794809726
1338	513.0288077586557	0.18777135964860314
1339	513.3030923773493	0.1877394497830099
1340	513.5773937255719	0.18741210433348118
1341	513.8517117789521	0.187187501263749
1342	514.1260465131185	0.18684486577963294
1343	514.4003979036997	0.1872680007444035
1344	514.6747659263247	0.18659320702856386
1345	514.9491505566216	0.18671484133914454
1346	515.2235517702196	0.18671382326638264
1347	515.4979695427469	0.18660262276438605
1348	515.7724038498324	0.186408481258779
1349	516.0468546671046	0.1862902294914411
1350	516.3213219701922	0.18637068795326633
1351	516.595805734724	0.18636970565125913
1352	516.8703059363284	0.1865638590807892
1353	517.1448225506341	0.18636284703074368
1354	517.4193555532698	0.18605849858286563
1355	517.6939049198643	0.18606244939410094
1356	517.9684706260459	0.185650538367803
1357	518.2430526474436	0.18554776954084365
1358	518.5176509596857	0.18578598005042848
1359	518.7922655384011	0.18589229798337567
1360	519.0668963592184	0.18616148026004692
1361	519.3415433977661	0.1857899380307199
1362	519.6162066296731	0.185936288533018
1363	519.8908860305678	0.18565675770417095
1364	520.1655815760789	0.18605674649737142
1365	520.4402932418352	0.18591247765129296
1366	520.7150210034653	0.18618689001367703
1367	520.9897648365976	0.1860154271423022
1368	521.264524716861	0.1859799253254979
1369	521.5393006198841	0.1862079652400906
1370	521.8140925212955	0.1860457841845426
1371	522.0889003967238	0.18617823712889822
1372	522.3637242217977	0.1861912394710839
1373	522.638563972146	0.1860664505874019
1374	522.913419623397	0.1864213513202086
1375	523.1882911511797	0.1865657123218785
1376	523.4631785311225	0.1868774793872877
1377	523.7380817388541	0.18723082892995355
1378	524.0130007500034	0.18742854533389436
1379	524.2879355401985	0.18753356531272894
1380	524.5628860850686	0.18762760997933053
1381	524.837852360242	0.18822199848303406
1382	525.1128343413475	0.1882231542394347
1383	525.3878320040136	0.18851535007417775
1384	525.6628453238692	0.18866283304976114
1385	525.9378742765426	0.18915260184331142
1386	526.2129188376629	0.18985362483015916
1387	526.4879789828583	0.19058344210883985
1388	526.7630546877576	0.1912313089045012
1389	527.0381459279896	0.19185518333739202
1390	527.3132526791828	0.192902981299258
1391	527.5883749169658	0.19372510128276538
1392	527.8635126169673	0.19439376439134964
1393	528.138665754816	0.1952390249170647
1394	528.4138343061405	0.19592745581272591
1395	528.6890182465694	0.19736963766445148
1396	528.9642175517314	0.1984675273222676
1397	529.2394321972552	0.20042782314075974
1398	529.5146621587693	0.20194045073403025
1399	529.7899074119024	0.20338459001766251
1400	530.0651679322832	0.20557812713762044
1401	530.3404436955403	0.20812518401844826
1402	530.6157346773024	0.21103928631340735
1403	530.8910408531981	0.21446158227549042
1404	531.1663621988561	0.21854549086137792
1405	531.4416986899049	0.22306327693754874
1406	531.7170503019732	0.22825510195251406
1407	531.9924170106899	0.23409807006185554
1408	532.2677987916832	0.24129144774328692
1409	532.5431956205821	0.249011774714124
1410	532.8186074730152	0.2578496561789103
1411	533.0940343246108	0.2678144655304385
1412	533.3694761509979	0.2789306675231706
1413	533.6449329278051	0.2902095127480128
1414	533.9204046306611	0.30229529507505254
1415	534.1958912351944	0.3149447161990464
1416	534.4713927170337	0.3268395888074742
1417	534.7469090518075	0.33823617060622063
1418	535.0224402151447	0.34780396901182814
1419	535.2979861826739	0.35641119949967187
1420	535.5735469300234	0.36270987530096066
1421	535.8491224328224	0.3662687635245651
1422	536.124712666699	0.3675196161368206
1423	536.4003176072823	0.36709971949254033
1424	536.6759372302007	0.36562229119769596
1425	536.9515715110829	0.3635327436878037
1426	537.2272204255576	0.35980639309715773
1427	537.5028839492533	0.35546057515761226
1428	537.7785620577987	0.34984329975188866
1429	538.0542547268226	0.34258890721988855
1430	538.3299619319534	0.3340609120307929
1431	538.6056836488199	0.324318740386474
1432	538.8814198530507	0.3141591994667175
1433	539.1571705202746	0.30420523921750847
1434	539.43293562612	0.2943672700601326
1435	539.7087151462156	0.2857382766661842
1436	539.9845090561901	0.2779358348815675
1437	540.2603173316722	0.271263669017725
1438	540.5361399482904	0.2651025998900178
1439	540.8119768816736	0.25988228919025785
1440	541.08782810745	0.25526135385371695
1441	541.3636936012488	0.25133651989183187
1442	541.6395733386981	0.247080031850656
1443	541.915467295427	0.2428779515022932
1444	542.1913754470639	0.2387912938277966
1445	542.4672977692376	0.2354244692646231
1446	542.7432342375765	0.2330823789694704
1447	543.0191848277094	0.23120963824250035
1448	543.295149515265	0.2299848872992087
1449	543.5711282758718	0.22918146375748352
1450	543.8471210851586	0.2286835743117754
1451	544.1231279187539	0.22820457678471598
1452	544.3991487522865	0.22826085370393412
1453	544.6751835613849	0.22851816296018443
1454	544.9512323216778	0.22873956756829614
1455	545.2272950087939	0.22887026945214684
1456	545.5033715983617	0.22920752653292709
1457	545.7794620660101	0.2293313326326399
1458	546.0555663873674	0.22986367155344412
1459	546.3316845380625	0.22981155570195194
1460	546.6078164937242	0.22933279845956267
1461	546.8839622299806	0.22849941935458812
1462	547.1601217224608	0.2272876465000365
1463	547.4362949467933	0.22587133868678885
1464	547.7124818786068	0.22380506977899858
1465	547.9886824935298	0.220936660587431
1466	548.2648967671911	0.2179936712616206
1467	548.5411246752193	0.2150959915133821
1468	548.8173661932431	0.21245108242861543
1469	549.093621296891	0.2096512119239466
1470	549.3698899617916	0.20723167641910004
1471	549.6461721635739	0.20513036526946793
1472	549.9224678778662	0.20373709284304478
1473	550.1987770802973	0.20270767457302433
1474	550.4750997464959	0.20141454829751887
1475	550.7514358520903	0.20033836696755505
1476	551.0277853727096	0.19896707422391244
1477	551.3041482839822	0.19774542083831909
1478	551.5805245615368	0.19644707886522264
1479	551.8569141810019	0.19525121191665065
1480	552.1333171180064	0.19423921692565987
1481	552.4097333481789	0.19357550619809014
1482	552.6861628471478	0.19273917362125081
1483	552.962605590542	0.19150323357815943
1484	553.23906155399	0.19042845321419138
1485	553.5155307131206	0.18915394588358414
1486	553.7920130435623	0.18768414741650621
1487	554.0685085209439	0.1861027999753377
1488	554.3450171208938	0.18447282277356056
1489	554.6215388190408	0.18305444749900687
1490	554.8980735910135	0.18177121544911887
1491	555.1746214124406	0.18027693266584108
1492	555.4511822589508	0.1790775940236347
1493	555.7277561061726	0.17843092623469559
1494	556.0043429297347	0.17775800511039153
1495	556.2809427052657	0.1770659188915876
1496	556.5575554083945	0.17668900030515758
1497	556.8341810147493	0.1763286643483913
1498	557.1108194999591	0.17562541743939158
1499	557.3874708396526	0.175101501250397
1500	557.6641350094579	0.17484590385542442
1501	557.9408119850043	0.1748000265241625
1502	558.2175017419202	0.1745813937580727
1503	558.4942042558341	0.17435221064384912
1504	558.7709195023748	0.17410776803825972
1505	559.0476474571709	0.17383684617836645
1506	559.3243880958511	0.1736012215876341
1507	559.6011413940439	0.17333864540725014
1508	559.8779073273781	0.17302055997343047
1509	560.1546858714822	0.1731118885339856
1510	560.4314770019851	0.1728927908663695
1511	560.7082806945151	0.172790218762579
1512	560.9850969247011	0.17290955566881638
1513	561.2619256681718	0.17295857068508444
1514	561.5387669005554	0.1728135085285175
1515	561.8156205974811	0.17258731215187847
1516	562.0924867345773	0.17242531557914947
1517	562.3693652874725	0.1724372846255459
1518	562.6462562317956	0.17240141157937644
1519	562.9231595431752	0.17229388931194822
1520	563.2000751972397	0.17215523875648422
1521	563.4770031696181	0.17222421404415975
1522	563.7539434359388	0.1721546920421427
1523	564.0308959718305	0.17207733200245162
1524	564.3078607529219	0.17188674494695744
1525	564.5848377548416	0.17185346760130094
1526	564.8618269532183	0.1716172680491094
1527	565.1388283236805	0.1716817961441066
1528	565.415841841857	0.17141334966708818
1529	565.6928674833764	0.17160959086019534
1530	565.9699052238673	0.17162575633676388
1531	566.2469550389583	0.17183323254328559
1532	566.5240169042783	0.17154989200771537
1533	566.8010907954557	0.17148839776088512
1534	567.0781766881191	0.1715901413436431
1535	567.3552745578974	0.17126275438575786
1536	567.6323843804191	0.17144734451994303
1537	567.9095061313128	0.1712669679103077
1538	568.1866397862073	0.17081740152962127
1539	568.4637853207308	0.17111979330776958
1540	568.7409427105126	0.17099395657999045
1541	569.018111931181	0.17099119751234568
1542	569.2952929583647	0.17062495986764564
1543	569.5724857676922	0.1703661942231057
1544	569.8496903347924	0.17053282775195552
1545	570.1269066352936	0.17038550273349506
1546	570.4041346448248	0.17059378021021346
1547	570.6813743390145	0.1706449861573379
1548	570.9586256934914	0.17072881606721094
1549	571.235888683884	0.1706723863166424
1550	571.5131632858211	0.17038144999759447
1551	571.7904494749312	0.17019910808124397
1552	572.067747226843	0.17044298879409814
1553	572.3450565171853	0.1705430828883029
1554	572.6223773215866	0.17057005858495883
1555	572.8997096156754	0.17011453388895134
1556	573.1770533750807	0.169922262271836
1557	573.4544085754309	0.1700585970425029
1558	573.7317751923547	0.16999505685159974
1559	574.0091532014807	0.17005576788222762
1560	574.2865425784375	0.1697442715410481
1561	574.563943298854	0.16965387649967265
1562	574.8413553383587	0.16945923237623725
1563	575.1187786725801	0.16941279905831794
1564	575.3962132771469	0.16954893519784978
1565	575.673659127688	0.1696451870401951
1566	575.9511161998317	0.16946502886287493
1567	576.2285844692069	0.16935752233515153
1568	576.5060639114422	0.1692247691386834
1569	576.7835545021661	0.16911588855176088
1570	577.0610562170074	0.16898519168553394
1571	577.3385690315946	0.16938309174885088
1572	577.6160929215565	0.1691794189755554
1573	577.8936278625216	0.16912785355308438
1574	578.1711738301187	0.16902905794020245
1575	578.4487307999764	0.1689124760303416
1576	578.7262987477233	0.16860116679881085
1577	579.0038776489879	0.16869089806232965
1578	579.2814674793991	0.16865713044679073
1579	579.5590682145854	0.1687362799472635
1580	579.8366798301756	0.1686488036907866
1581	580.114302301798	0.16858421963997325
1582	580.3919356050817	0.16880318958409762
1583	580.6695797156551	0.1684931182024531
1584	580.9472346091468	0.16824194676752813
1585	581.2249002611856	0.1682105942590069
1586	581.5025766474	0.168017909582138
1587	581.7802637434188	0.16782811621230623
1588	582.0579615248704	0.1679048640215978
1589	582.3356699673836	0.16795112579227756
1590	582.6133890465871	0.1678541777407852
1591	582.8911187381095	0.16793884219054409
1592	583.1688590175795	0.16790458137302228
1593	583.4466098606256	0.16754268156393048
1594	583.7243712428766	0.16778185312099453
1595	584.0021431399608	0.16755275238344042
1596	584.2799255275073	0.16738069910642375
1597	584.5577183811447	0.167515758393082
1598	584.8355216765013	0.16744737255018297
1599	585.1133353892061	0.16713616714680998
1600	585.3911594948875	0.16737475788633438
1601	585.6689939691742	0.16756941092422004
1602	585.9468387876949	0.16731483213991297
1603	586.2246939260782	0.1673849515355828
1604	586.5025593599528	0.16712238765445508
1605	586.7804350649474	0.16695805216221876
1606	587.0583210166905	0.16651350846308224
1607	587.3362171908108	0.16644479992358902
1608	587.6141235629369	0.1665989063457197
1609	587.8920401086975	0.16646485667323432
1610	588.1699668037213	0.16650211016427688
1611	588.447903623637	0.16653913823846495
1612	588.725850544073	0.16628515415383888
1613	589.003807540658	0.16604564363209415
1614	589.2817745890209	0.16619346192063916
1615	589.55975166479	0.166032309796634
1616	589.8377387435943	0.16593444487922737
1617	590.1157358010622	0.16566443202431475
1618	590.3937428128223	0.16559193542842104
1619	590.6717597545035	0.1659392037266329
1620	590.9497866017341	0.16621378812404433
1621	591.2278233301431	0.16621206080827702
1622	591.5058699153589	0.16580501137272866
1623	591.7839263330103	0.16565835150457534
1624	592.0619925587258	0.16559420471579736
1625	592.3400685681341	0.16574986350619325
1626	592.618154336864	0.1655571785851898
1627	592.896249840544	0.16585895529481925
1628	593.1743550548026	0.16583818246382906
1629	593.4524699552688	0.1657183950400271
1630	593.7305945175709	0.16555720533320228
1631	594.0087287173377	0.16596321553174495
1632	594.2868725301978	0.16597856678421055
1633	594.56502593178	0.16574242757275978
1634	594.8431888977128	0.1657940150982521
1635	595.1213614036249	0.16569599415350783
1636	595.3995434251448	0.16547213346118692
1637	595.6777349379013	0.16562797509389054
1638	595.9559359175231	0.16583775340684842
1639	596.2341463396386	0.16574079696003613
1640	596.5123661798767	0.16569806528057757
1641	596.790595413866	0.16579820296851236
1642	597.068834017235	0.16575479463387174
1643	597.3470819656123	0.16590217127667076
1644	597.625339234627	0.16543386706037677
1645	597.9036057999072	0.16556261889311719
1646	598.1818816370817	0.1658847832306399
1647	598.4601667217793	0.1656861182204909
1648	598.7384610296285	0.16561910947171823
1649	599.0167645362582	0.16579311412746392
1650	599.2950772172967	0.16548665513451688
1651	599.5733990483727	0.16574861016127576
1652	599.8517300051152	0.16582361124382683
1653	600.1300700631524	0.16573561583104746
1654	600.4084191981132	0.1657256374169428
1655	600.6867773856261	0.16557887296222618
1656	600.9651446013198	0.16558642913255178
1657	601.243520820823	0.16545238119502126
1658	601.5219060197644	0.1654976818318468
1659	601.8003001737725	0.16538536215254313
1660	602.078703258476	0.1652208974280722
1661	602.3571152495035	0.16531444323152544
1662	602.6355361224837	0.1653052516011651
1663	602.9139658530453	0.1653039712735184
1664	603.1924044168169	0.1653254354613813
1665	603.470851789427	0.16517131425923595
1666	603.7493079465045	0.16440441193654837
1667	604.0277728636778	0.16450593990917006
1668	604.3062465165756	0.16468458145676476
1669	604.5847288808268	0.16443862807859655
1670	604.8632199320598	0.16420778334907432
1671	605.1417196459032	0.16417970511383947
1672	605.4202279979858	0.16430077995337117
1673	605.6987449639362	0.1643488664479538
1674	605.977270519383	0.1645202485412419
1675	606.2558046399548	0.1644144228144329
1676	606.5343473012804	0.16478164627979333
1677	606.8128984789884	0.16461662029534532
1678	607.0914581487074	0.16452845281243544
1679	607.370026286066	0.16429374276400302
1680	607.648602866693	0.16401863479058676
1681	607.9271878662169	0.1641102084710831
1682	608.2057812602663	0.16423485278203606
1683	608.48438302447	0.16417654173521137
1684	608.7629931344566	0.16394421447790322
1685	609.0416115658547	0.1638935172407809
1686	609.3202382942931	0.1639484979595534
1687	609.5988732954002	0.16357971142080172
1688	609.8775165448047	0.16383107021161236
1689	610.1561680181354	0.16368111070949806
1690	610.4348276910209	0.1633885805951227
1691	610.7134955390896	0.16312028173757115
1692	610.9921715379706	0.16286789968957147
1693	611.2708556632922	0.16295165964474692
1694	611.549547890683	0.16323372501869007
1695	611.828248195772	0.1630758977664075
1696	612.1069565541875	0.1626769213551683
1697	612.3856729415583	0.1626701592958656
1698	612.6643973335129	0.162547393042897
1699	612.9431297056801	0.16243756670908147
1700	613.2218700336886	0.1623291445369068
1701	613.5006182931669	0.16222401089449667
1702	613.7793744597436	0.16273711092828844
1703	614.0581385090476	0.16239685272562276
1704	614.3369104167073	0.16208325319621808
1705	614.6156901583514	0.16245077902065033
1706	614.8944777096086	0.16264414305543645
1707	615.1732730461076	0.16230665866550031
1708	615.4520761434768	0.16177543296993135
1709	615.7308869773451	0.1618267415628894
1710	616.0097055233412	0.16172431110045377
1711	616.2885317570934	0.1619143923282164
1712	616.5673656542307	0.16214012060072688
1713	616.8462071903814	0.16187521919095285
1714	617.1250563411744	0.1617632861779637
1715	617.4039130822383	0.16193671455869668
1716	617.6827773892018	0.16184618346970114
1717	617.9616492376933	0.16169385336622022
1718	618.2405286033418	0.1618117719218266
1719	618.5194154617757	0.16194583796435852
1720	618.7983097886237	0.16199272337388126
1721	619.0772115595145	0.16176323219654143
1722	619.3561207500766	0.1616971017368368
1723	619.6350373359388	0.16188696167610228
1724	619.9139612927296	0.16168364568696394
1725	620.1928925960779	0.16176189374844496
1726	620.471831221612	0.1614784379001006
1727	620.7507771449608	0.16138157532762362
1728	621.0297303417528	0.16135205105341147
1729	621.3086907876168	0.16172072191897824
1730	621.5876584581814	0.16187287538139294
1731	621.8666333290751	0.16212973069843642
1732	622.1456153759267	0.16239973667660182
1733	622.4246045743648	0.16235228250424089
1734	622.7036009000179	0.16241624212233421
1735	622.982604328515	0.16291929995954157
1736	623.2616148354844	0.16300099271053245
1737	623.540632396555	0.1630820212997832
1738	623.8196569873552	0.16303699455040696
1739	624.0986885835138	0.16312278904195676
1740	624.3777271606593	0.1634740577231464
1741	624.6567726944206	0.16370253558671183
1742	624.9358251604261	0.1639435111509423
1743	625.2148845343046	0.16415009677912418
1744	625.4939507916847	0.16455679754384686
1745	625.773023908195	0.16453299903400667
1746	626.0521038594642	0.16485612862416307
1747	626.3311906211209	0.1651409261929047
1748	626.6102841687938	0.16566750287452783
1749	626.8893844781114	0.16619816461979248
1750	627.1684915247026	0.16657708562230827
1751	627.4476052841959	0.16710420058870457
1752	627.7267257322198	0.16780923973646383
1753	628.0058528444033	0.16827404699934553
1754	628.2849865963747	0.16919441612608846
1755	628.5641269637629	0.1699457694395438
1756	628.8432739221963	0.17076684498281477
1757	629.1224274473037	0.1716295894746746
1758	629.4015875147138	0.17304855797045188
1759	629.6807541000552	0.1740272484000339
1760	629.9599271789564	0.17512854696363567
1761	630.2391067270462	0.17664012108063695
1762	630.5182927199531	0.1785420503091418
1763	630.797485133306	0.18027213607200926
1764	631.0766839427333	0.18257984035915445
1765	631.3558891238638	0.18521460882614196
1766	631.6351006523261	0.18749407075886287
1767	631.9143185037487	0.19023095385083688
1768	632.1935426537605	0.19337817182592812
1769	632.4727730779899	0.19659661389911443
1770	632.7520097520658	0.20041859977944262
1771	633.0312526516166	0.20426220367157105
1772	633.3105017522711	0.20805722427001166
1773	633.5897570296578	0.21157925369592515
1774	633.8690184594055	0.21510661923853655
1775	634.1482860171428	0.21846150260832134
1776	634.4275596784984	0.2219646718722313
1777	634.7068394191008	0.22507807424925527
1778	634.9861252145787	0.22782909055854716
1779	635.2654170405609	0.2300435138088902
1780	635.5447148726759	0.2319377706010161
1781	635.8240186865522	0.2330039048964075
1782	636.1033284578186	0.2344961045082588
1783	636.3826441621039	0.23587262831324904
1784	636.6619657750366	0.2371668932787045
1785	636.9412932722452	0.23807729554569862
1786	637.2206266293585	0.238595695112254
1787	637.4999658220052	0.23886263334462687
1788	637.7793108258138	0.2387940830640778
1789	638.0586616164131	0.23858510199627686
1790	638.3380181694317	0.23775083304836098
1791	638.6173804604981	0.23659259517255163
1792	638.8967484652411	0.23505921092034196
1793	639.1761221592893	0.23296064877598835
1794	639.4555015182714	0.23073989293053115
1795	639.734886517816	0.22783764854225722
1796	640.0142771335516	0.2247305928318185
1797	640.293673341107	0.22231776651380475
1798	640.5730751161109	0.21941994097564785
1799	640.8524824341919	0.21704996292679604
1800	641.1318952709786	0.2143749182050386
1801	641.4113136020995	0.2120394948414072
1802	641.6907374031836	0.20992989034548568
1803	641.9701666498593	0.20804938348419946
1804	642.2496013177553	0.20654137267679842
1805	642.5290413825002	0.2052364162328832
1806	642.8084868197227	0.20378607357106418
1807	643.0879376050514	0.20324280135092138
1808	643.367393714115	0.20263443275546378
1809	643.6468551225421	0.2027759442400322
1810	643.9263218059615	0.2029030925791941
1811	644.2057937400016	0.20295149070317484
1812	644.4852709002911	0.2030398353845801
1813	644.7647532624587	0.2036614866779159
1814	645.0442408021332	0.20382309366723347
1815	645.323733494943	0.20409522720392964
1816	645.6032313165168	0.20448519231552054
1817	645.8827342424834	0.2046281343563624
1818	646.1622422484712	0.20491252942978747
1819	646.441755310109	0.20521604696858944
1820	646.7212734030254	0.20539341751141169
1821	647.0007965028492	0.20572910002601066
1822	647.2803245852087	0.20628893406695914
1823	647.5598576257329	0.20679510462227566
1824	647.8393956000502	0.20760984712317537
1825	648.1189384837895	0.20814598287853475
1826	648.3984862525792	0.20894495775603883
1827	648.6780388820481	0.2095310885168945
1828	648.9575963478247	0.20991764854573755
1829	649.2371586255376	0.20963833689722686
1830	649.5167256908159	0.20863937578127117
1831	649.7962975192877	0.20754843330298
1832	650.0758740865818	0.20625253795516305
1833	650.3554553683271	0.20473213069099575
1834	650.6350413401518	0.20294323049148033
1835	650.914631977685	0.20078624900258593
1836	651.1942272565551	0.1984429426242882
1837	651.4738271523906	0.19650622953587038
1838	651.7534316408206	0.19417589469775645
1839	652.0330406974733	0.1922520244411201
1840	652.3126542979776	0.19035716275573877
1841	652.592272417962	0.1892247542171473
1842	652.8718950330552	0.18752775024656004
1843	653.151522118886	0.18588613507125681
1844	653.4311536510828	0.1842031063130999
1845	653.7107896052743	0.18307574666314655
1846	653.9904299570893	0.1817335974801985
1847	654.2700746821563	0.18012621139482493
1848	654.549723756104	0.17913895305131702
1849	654.8293771545609	0.17812250745183522
1850	655.1090348531559	0.17745198156261055
1851	655.3886968275175	0.17663143045330665
1852	655.6683630532743	0.17582542185570355
1853	655.948033506055	0.1754146552641615
1854	656.2277081614884	0.17495882546154493
1855	656.5073869952029	0.1747157194812727
1856	656.7870699828272	0.1745958916462723
1857	657.06675709999	0.17464477148727317
1858	657.3464483223199	0.1749558213271564
1859	657.6261436254457	0.17528515973558756
1860	657.9058429849958	0.17544700689271617
1861	658.1855463765991	0.17544671631999828
1862	658.465253775884	0.17593718467460312
1863	658.7449651584792	0.17618042736092612
1864	659.0246805000136	0.17639718568700694
1865	659.3043997761156	0.17685210847257585
1866	659.5841229624137	0.17761162120311685
1867	659.863850034537	0.1779002463325462
1868	660.1435809681136	0.1783812002371417
1869	660.4233157387727	0.17902243549265956
1870	660.7030543221425	0.17968047774750084
1871	660.9827966938518	0.18005047037319763
1872	661.2625428295295	0.18049197309891077
1873	661.5422927048038	0.18101986039645487
1874	661.8220462953036	0.18149683863977975
1875	662.1018035766575	0.18166757224514485
1876	662.3815645244941	0.1819843729309919
1877	662.6613291144423	0.18201153294178968
1878	662.9410973221303	0.1815139050798956
1879	663.2208691231871	0.18146525387085904
1880	663.5006444932411	0.18056571785626213
1881	663.7804234079211	0.17996950790165825
1882	664.0602058428558	0.17898125011020516
1883	664.3399917736738	0.1784434796826284
1884	664.6197811760036	0.1775416262700766
1885	664.899574025474	0.17628755358344111
1886	665.1793702977136	0.17525633922630124
1887	665.4591699683509	0.17425293173811857
1888	665.7389730130149	0.17323788939377732
1889	666.0187794073339	0.17161931303815553
1890	666.2985891269367	0.17053144657677685
1891	666.5784021474519	0.1692106508344654
1892	666.8582184445082	0.16787672895673997
1893	667.1380379937343	0.16638658662397582
1894	667.4178607707587	0.1647053501297301
1895	667.69768675121	0.16365869051758367
1896	667.977515910717	0.16262710134626954
1897	668.2573482249082	0.16134949696790613
1898	668.5371836694126	0.16025752907439977
1899	668.8170222198584	0.1591524547796794
1900	669.0968638518744	0.15804580243524827
1901	669.3767085410893	0.15700553150907187
1902	669.6565562631317	0.15631874092878792
1903	669.9364069936304	0.15523089685283747
1904	670.2162607082138	0.15460282310283918
1905	670.4961173825106	0.15401274106979718
1906	670.7759769921496	0.1534576820726929
1907	671.0558395127592	0.15255462371987902
1908	671.3357049199684	0.15230271839105108
1909	671.6155731894055	0.1518307953585976
1910	671.8954442966993	0.15162912360216088
1911	672.1753182174784	0.15132966449432572
1912	672.4551949273715	0.15085154781765173
1913	672.7350744020073	0.15090745457200508
1914	673.0149566170143	0.15078055667533813
1915	673.294841548021	0.15082549694492003
1916	673.5747291706565	0.15071003092893542
1917	673.8546194605491	0.1505497383452993
1918	674.1345123933276	0.15067024960130948
1919	674.4144079446205	0.15056800123691474
1920	674.6943060900566	0.15038477141918738
1921	674.9742068052644	0.15009901068053946
1922	675.2541100658726	0.14974276967259925
1923	675.53401584751	0.14979277849451572
1924	675.813924125805	0.14970936530001905
1925	676.0938348763865	0.1499299663288695
1926	676.3737480748828	0.14991917384500897
1927	676.6536636969229	0.14953416910934952
1928	676.9335817181353	0.14929699590212028
1929	677.2135021141485	0.14885121152530945
1930	677.4934248605913	0.14898372181124694
1931	677.7733499330924	0.14895272537521367
1932	678.0532773072804	0.14891331984575912
1933	678.3332069587839	0.14893855539332362
1934	678.6131388632315	0.14891475884976282
1935	678.8930729962518	0.14872846308347812
1936	679.1730093334737	0.1487422519547169
1937	679.4529478505257	0.14902191996705508
1938	679.7328885230364	0.1489542694181907
1939	680.0128313266345	0.14869220102000077
1940	680.2927762369486	0.1488214191593952
1941	680.5727232296074	0.14879491530957994
1942	680.8526722802396	0.14888534001631798
1943	681.1326233644737	0.14905409752502635
1944	681.4125764579384	0.14892514821782105
1945	681.6925315362623	0.14854806622376168
1946	681.9724885750742	0.14850377046642496
1947	682.2524475500026	0.148123534780367
1948	682.5324084366763	0.14822331088555976
1949	682.8123712107238	0.14817566585459416
1950	683.0923358477737	0.1482343926786886
1951	683.3723023234547	0.14801700001688847
1952	683.6522706133954	0.14739815177093013
1953	683.9322406932248	0.1472027902795755
1954	684.2122125385711	0.1476790162753157
1955	684.4921861250632	0.14822375299655183
1956	684.7721614283295	0.14831863254077096
1957	685.0521384239989	0.14799709553246013
1958	685.3321170876999	0.14792802907235478
1959	685.6120973950613	0.14778221888621315
1960	685.8920793217114	0.14743032506636614
1961	686.1720628432794	0.14750906662123106
1962	686.4520479353932	0.1475598899238457
1963	686.7320345736822	0.147329383907857
1964	687.0120227337748	0.14729709958552092
1965	687.2920123912992	0.14721399897155502
1966	687.5720035218847	0.14743761224053306
1967	687.8519961011594	0.14784106568192765
1968	688.1319901047524	0.14746423774826534
1969	688.4119855082921	0.1472766082952923
1970	688.6919822874072	0.1471644119264167
1971	688.9719804177263	0.14705872020066044
1972	689.2519798748781	0.14687233372238312
1973	689.5319806344912	0.14682859738113627
1974	689.8119826721942	0.14695120740493128
1975	690.0919859636159	0.14687870269494246
1976	690.3719904843848	0.14666628057382272
1977	690.6519962101296	0.14692809593881206
1978	690.932003116479	0.1466450290305602
1979	691.2120111790616	0.1466458461877331
1980	691.492020373506	0.14651545832692367
1981	691.7720306754409	0.14621306235731402
1982	692.052042060495	0.1459373474146752
1983	692.3320545042967	0.1462554637925918
1984	692.6120679824749	0.14592568559038815
1985	692.8920824706581	0.14607216212051816
1986	693.1720979444751	0.14584235733670028
1987	693.4521143795545	0.14584195955711637
1988	693.7321317515248	0.14613458155129924
1989	694.0121500360148	0.14577020165593252
1990	694.292169208653	0.14575707745910854
1991	694.5721892450682	0.1457655603356251
1992	694.852210120889	0.14580393663176563
1993	695.132231811744	0.14562426777577306
1994	695.4122542932618	0.14541455172150192
1995	695.6922775410711	0.14558978677694376
1996	695.9723015308007	0.14585258621154423
1997	696.2523262380789	0.14595698097892879
1998	696.5323516385348	0.14579765986219173
1999	696.8123777077966	0.14581565741331728
2000	697.0924044214933	0.1455130499499049
2001	697.3724317552532	0.14560226865687614
2002	697.6524596847053	0.14569356767683875
2003	697.932488185478	0.14559439088950973
2004	698.2125172332	0.1453919386016374
2005	698.4925468035	0.14533592202229223
2006	698.7725768720065	0.14584073414046975
2007	699.0526074143484	0.14583128504729231
2008	699.3326384061542	0.14608896549997918
2009	699.6126698230524	0.14595599838483467
2010	699.8927016406719	0.14554646016367578
2011	700.1727338346412	0.14538009424553214
2012	700.4527663805891	0.1454262293510398
2013	700.7327992541439	0.14529365821549842
2014	701.0128324309346	0.14514075595488096
2015	701.2928658865898	0.14508044522295796
2016	701.5728995967379	0.1451021523299496
2017	701.8529335370077	0.1450819564447523
2018	702.132967683028	0.14470749843468902
2019	702.4130020104271	0.14439093995098104
2020	702.6930364948341	0.14457872021913706
2021	702.9730711118773	0.14444680844079105
2022	703.2531058371853	0.1442783582358255
2023	703.533140646387	0.14449731741426156
2024	703.8131755151109	0.14443244263397467
2025	704.0932104189857	0.14446213142312628
2026	704.3732453336398	0.14406787390848197
2027	704.6532802347023	0.14388237014317573
2028	704.9333150978015	0.14381340168970647
2029	705.2133498985661	0.1440341251639794
2030	705.4933846126249	0.14404162270627807
2031	705.7734192156064	0.14361226991616222
2032	706.0534536831393	0.14332340376301284
2033	706.3334879908522	0.14319792712822352
2034	706.6135221143738	0.1432344229612884
2035	706.8935560293327	0.14336472664380465
2036	707.1735897113575	0.1433355878163842
2037	707.453623136077	0.14316445210105946
2038	707.7336562791197	0.14314732082800624
2039	708.0136891161144	0.14316469542778074
2040	708.2937216226894	0.14325737608906894
2041	708.5737537744739	0.14343398943252336
2042	708.853785547096	0.14324795903281012
2043	709.1338169161846	0.14347018913751264
2044	709.4138478573684	0.14332093849996425
2045	709.693878346276	0.14315221077529322
2046	709.9739083585359	0.14313957617249784
2047	710.253937869777	0.14336935074219387
2048	710.5339668556278	0.14337502163362598
2049	710.8139952917168	0.14347766002532442
2050	711.0940231536729	0.1434452113724783
2051	711.3740504171246	0.14367266495188386
2052	711.6540770577005	0.1435751629819693
2053	711.9341030510295	0.1436666203135602
2054	712.21412837274	0.1432881392149638
2055	712.4941529984609	0.14365377865532217
2056	712.7741769038204	0.14387192441080462
2057	713.0542000644475	0.1436515008450746
2058	713.3342224559708	0.1436475328571183
2059	713.6142440540189	0.143560984918775
2060	713.8942648342203	0.14389840009270594
2061	714.1742847722039	0.14406828508440944
2062	714.4543038435983	0.14348954182255463
2063	714.734322024032	0.1439371706048598
2064	715.0143392891338	0.1445030828297083
2065	715.2943556145322	0.14473212945365932
2066	715.5743709758559	0.14406575274421377
2067	715.8543853487336	0.1442059809815156
2068	716.1343987087938	0.14414926930030594
2069	716.4144110316654	0.1440992960947053
2070	716.6944222929768	0.14346592632576072
2071	716.9744324683568	0.14354083594607409
2072	717.254441533434	0.14374308753641782
2073	717.5344494638371	0.14327933694193012
2074	717.8144562351945	0.14266402589827729
2075	718.0944618231351	0.14256953834069638
2076	718.3744662032875	0.14225463472233513
2077	718.6544693512803	0.14186582079700907
2078	718.9344712427421	0.14138193797548754
2079	719.2144718533017	0.1410461541943703
2080	719.4944711585877	0.141006175670064
2081	719.7744691342285	0.1410355964904084
2082	720.054465755853	0.14118515764236636
2083	720.3344609990899	0.1410438068086726
2084	720.6144548395675	0.14079223542697944
2085	720.8944472529149	0.14079673823056596
2086	721.1744382147605	0.14110989632647422
2087	721.4544277007328	0.14090636176333002
2088	721.7344156864607	0.14099506269408807
2089	722.0144021475728	0.14061902978183588
2090	722.2943870596977	0.14059426332047717
2091	722.574370398464	0.1401574003734262
2092	722.8543521395004	0.1402056165171498
2093	723.1343322584355	0.14030243183700997
2094	723.414310730898	0.14029726527910763
2095	723.6942875325166	0.14044887547918575
2096	723.9742626389199	0.14021235183478736
2097	724.2542360257363	0.14029481968729784
2098	724.5342076685947	0.1402899084426735
2099	724.8141775431238	0.14050155043331242
2100	725.0941456249523	0.14056288136722447
2101	725.3741118897084	0.14037108667900297
2102	725.6540763130213	0.1402373823018677
2103	725.9340388705192	0.14027229482517964
2104	726.213999537831	0.14051948616928742
2105	726.4939582905853	0.1405208353228673
2106	726.7739151044107	0.140779406361918
2107	727.0538699549359	0.1405509308249001
2108	727.3338228177894	0.13981271172138354
2109	727.6137736686001	0.1395078729555459
2110	727.8937224829964	0.13934691113939468
2111	728.173669236607	0.13927158187270192
2112	728.4536139050607	0.13914434670121587
2113	728.7335564639859	0.13927032851251736
2114	729.0134968890115	0.1393297550519276
2115	729.2934351557661	0.13953615411883996
2116	729.5733712398782	0.13981051320085333
2117	729.8533051169765	0.13976050457318923
2118	730.1332367626896	0.13963647844643506
2119	730.4131661526463	0.13939321661182694
2120	730.6930932624751	0.13894954375645607
2121	730.9730180678048	0.13894433113606414
2122	731.2529405442638	0.13894112287836088
2123	731.532860667481	0.13887118380584773
2124	731.8127784130849	0.13920537150619108
2125	732.0926937567042	0.1394560174562948
2126	732.3726066739674	0.13960709660656762
2127	732.6525171405034	0.13952372167550628
2128	732.9324251319407	0.13976072237997936
2129	733.212330623908	0.13956847569323158
2130	733.4922335920337	0.13962214776945855
2131	733.7721340119468	0.13966128054224597
2132	734.0520318592758	0.13909078859977167
2133	734.3319271096493	0.13863227800244343
2134	734.611819738696	0.13875128250001448
2135	734.8917097220445	0.13876324883970453
2136	735.1715970353235	0.13847084894000983
2137	735.4514816541617	0.13866629266906733
2138	735.7313635541876	0.13866590083196392
2139	736.0112427110299	0.13872180905499001
2140	736.2911191003174	0.13879873495976705
2141	736.5709926976783	0.13903274193333914
2142	736.8508634787418	0.1386414004658923
2143	737.1307314191362	0.13879263737947378
2144	737.4105964944902	0.1387356185075206
2145	737.6904586804325	0.1385120714391797
2146	737.9703179525917	0.13891481342997877
2147	738.2501742865966	0.13903872630861422
2148	738.5300276580756	0.13901297420429765
2149	738.8098780426574	0.13882401525928323
2150	739.0897254159709	0.13857624243055805
2151	739.3695697536444	0.13851954684652523
2152	739.6494110313067	0.13855837254527956
2153	739.9292492245864	0.13840810700706857
2154	740.2090843091123	0.13815426140463313
2155	740.488916260513	0.13800676579405954
2156	740.768745054417	0.13792171392875768
2157	741.0485706664529	0.1375857768170578
2158	741.3283930722497	0.13771384016979274
2159	741.6082122474356	0.13783103653416767
2160	741.8880281676396	0.1379860190822077
2161	742.1678408084902	0.13785652211546934
2162	742.4476501456159	0.13805811146036354
2163	742.7274561546457	0.13804666845304883
2164	743.0072588112077	0.13797926175743258
2165	743.2870580909313	0.13807154597053312
2166	743.5668539694444	0.13791355537966818
2167	743.8466464223761	0.13763925748909903
2168	744.126435425355	0.13756145843215747
2169	744.4062209540097	0.13740962739283755
2170	744.6860029839685	0.13729917868519279
2171	744.9657814908605	0.1374251521094102
2172	745.2455564503144	0.13777874463791462
2173	745.5253278379585	0.1373228929629285
2174	745.8050956294215	0.13742097599607264
2175	746.0848598003323	0.1371045600238505
2176	746.3646203263193	0.13726896815327735
2177	746.6443771830111	0.13723305151630116
2178	746.9241303460366	0.1370968485786995
2179	747.2038797910244	0.13692979628336716
2180	747.483625493603	0.13716948254544314
2181	747.763367429401	0.13752806807229054
2182	748.0431055740473	0.1375603520034821
2183	748.3228399031702	0.1377348139992364
2184	748.6025703923987	0.13755043162531716
2185	748.8822970173613	0.13725514620199392
2186	749.1620197536865	0.13692081352200913
2187	749.4417385770032	0.13676943246480106
2188	749.72145346294	0.13677183915691524
2189	750.0011643871252	0.13720573783365878
2190	750.2808713251878	0.13688212805412897
2191	750.5605742527564	0.13692288620375068
2192	750.8402731454597	0.13663443733398092
2193	751.1199679789262	0.13641670431426822
2194	751.3996587287845	0.13661449192440175
2195	751.6793453706633	0.13690023960609515
2196	751.9590278801915	0.13677622612361576
2197	752.2387062329973	0.13661297975393316
2198	752.5183804047095	0.13660889220021818
2199	752.7980503709571	0.13642655729338546
2200	753.0777161073684	0.1364948263861234
2201	753.357377589572	0.1365054488710168
2202	753.6370347931967	0.13662049909410345
2203	753.9166876938712	0.1359125183653493
2204	754.1963362672238	0.13581613597437228
2205	754.4759804888837	0.13562185312499467
2206	754.7556203344789	0.1354956582007226
2207	755.0352557796386	0.13623901077200953
2208	755.3148867999912	0.13582422536447084
2209	755.5945133711654	0.13599400609800968
2210	755.8741354687896	0.13608959301316767
2211	756.1537530684928	0.1361435732222455
2212	756.4333661459035	0.1364178209069988
2213	756.7129746766504	0.1360519261103569
2214	756.992578636362	0.13570448021154552
2215	757.2721780006672	0.1354986700264931
2216	757.5517727451944	0.13516381745836487
2217	757.8313628455722	0.1353309189106805
2218	758.1109482774295	0.1352684159574174
2219	758.3905290163948	0.1355194423721276
2220	758.6701050380967	0.1356056973091455
2221	758.949676318164	0.13519262449109135
2222	759.2292428322253	0.13493592513067826
2223	759.5088045559091	0.1349100156805231
2224	759.7883614648441	0.1349241136660315
2225	760.0679135346592	0.13515778823764305
2226	760.3474607409827	0.13516107194724084
2227	760.6270030594433	0.1352292011891587
2228	760.9065404656699	0.13501726810986733
2229	761.1860729352908	0.13523648254443776
2230	761.4656004439349	0.13482291269122237
2231	761.7451229672307	0.13468541069620682
2232	762.024640480807	0.1350616643904011
2233	762.3041529602923	0.13542403474825046
2234	762.5836603813153	0.13535222147269577
2235	762.8631627195047	0.135617882047664
2236	763.142659950489	0.1353228858780915
2237	763.4221520498969	0.13514118483068252
2238	763.7016389933572	0.13517702904880607
2239	763.9811207564984	0.13470959767537916
2240	764.2605973149491	0.13462667127664346
2241	764.540068644338	0.13457727715230244
2242	764.8195347202939	0.13437887378709937
2243	765.0989955184451	0.1345356623208539
2244	765.3784510144205	0.13476410676958028
2245	765.6579011838488	0.13468252445478848
2246	765.9373460023585	0.13488138022685206
2247	766.2167854455782	0.13440695445943024
2248	766.4962194891368	0.13431624095402891
2249	766.7756481086626	0.13403098610164332
2250	767.0550712797844	0.13420163794272638
2251	767.334488978131	0.13390194719778076
2252	767.6139011793309	0.1339136348468356
2253	767.8933078590127	0.13385791595104177
2254	768.172708992805	0.13378097360945726
2255	768.4521045563367	0.13374420032459802
2256	768.7314945252364	0.13371656145826094
2257	769.0108788751323	0.13375750669342812
2258	769.2902575816536	0.13397979496356216
2259	769.5696306204287	0.1334874958695219
2260	769.8489979670862	0.1334159694290611
2261	770.1283595972549	0.1333781498833919
2262	770.4077154865632	0.1336368311072193
2263	770.6870656106402	0.1336540102688904
2264	770.966409945114	0.13376916457371651
2265	771.2457484656136	0.13400418264036487
2266	771.5250811477675	0.13413221397357986
2267	771.8044079672043	0.13352700599272116
2268	772.0837288995529	0.13329731498060743
2269	772.3630439204418	0.13305177096743084
2270	772.6423530054994	0.13285873033650622
2271	772.9216561303547	0.13290527489585455
2272	773.2009532706362	0.1329101668377312
2273	773.4802444019726	0.13339099897815096
2274	773.7595294999924	0.1330731074807586
2275	774.0388085403243	0.13305897592908386
2276	774.3180814985972	0.13277079273363293
2277	774.5973483504395	0.13247109193223075
2278	774.8766090714796	0.13246471987176114
2279	775.1558636373468	0.1329231773742121
2280	775.4351120236691	0.1331777035038738
2281	775.7143542060755	0.13324862371046942
2282	775.9935901601946	0.13295065525050778
2283	776.2728198616551	0.13286644569892267
2284	776.5520432860854	0.1329518559538472
2285	776.8312604091143	0.13264181245568282
2286	777.1104712063704	0.13245139518646795
2287	777.3896756534825	0.132033724758589
2288	777.6688737260791	0.13217926571039926
2289	777.948065399789	0.13196947914310375
2290	778.2272506502406	0.1322384464173803
2291	778.5064294530627	0.13286532546486707
2292	778.7856017838839	0.13348017477701501
2293	779.0647676183328	0.13350491014108845
2294	779.3439269320381	0.13278174710355337
2295	779.6230797006285	0.13237005554799952
2296	779.9022258997326	0.13229817874824998
2297	780.1813655049791	0.13202505083083232
2298	780.4604984919964	0.13179938984601983
2299	780.7396248364134	0.1322111418600103
2300	781.0187445138588	0.13203114441113611
2301	781.297857499961	0.13185102970010087
2302	781.5769637703489	0.1319498405528021
2303	781.8560633006508	0.1317314995451285
2304	782.1351560664957	0.13167120351506004
2305	782.4142420435121	0.13167304061912172
2306	782.6933212073285	0.13172940593917715
2307	782.9723935335738	0.13117298180461998
2308	783.2514589978765	0.13096263674878203
2309	783.5305175758655	0.13109399750642206
2310	783.809569243169	0.13084306961779296
2311	784.0886139754159	0.13142603879847084
2312	784.3676517482347	0.13161559119198116
2313	784.6466825372544	0.1320325073079089
2314	784.9257063181033	0.13227604036888138
2315	785.2047230664101	0.13209644112027633
2316	785.4837327578035	0.1319576485119511
2317	785.7627353679121	0.1311412575429017
2318	786.0417308723648	0.13065506374031247
2319	786.3207192467898	0.13066837713009785
2320	786.5997004668161	0.13108466246639075
2321	786.8786745080722	0.1308977102584145
2322	787.1576413461868	0.13044253507002448
2323	787.4366009567884	0.13054263040658787
2324	787.7155533155059	0.13038035230201353
2325	787.9944983979676	0.1305383751064058
2326	788.2734361798025	0.1309436496057325
2327	788.5523666366391	0.13127914925137601
2328	788.8312897441061	0.13094707849765075
2329	789.1102054778319	0.13067349933454533
2330	789.3891138134454	0.13028282233710392
2331	789.6680147265753	0.1305256311917982
2332	789.94690819285	0.13057542335375555
2333	790.2257941878981	0.13074712774066152
2334	790.5046726873486	0.13037109142344364
2335	790.78354366683	0.13061633916529378
2336	791.0624071019708	0.13135561437118343
2337	791.3412629683999	0.1313321621328864
2338	791.6201112417455	0.13121260941189633
2339	791.8989518976367	0.1306153697688355
2340	792.177784911702	0.13060787954824704
2341	792.45661025957	0.13039141467350218
2342	792.7354279168693	0.13028848678544935
2343	793.0142378592287	0.13009437434876225
2344	793.2930400622769	0.13024459320316867
2345	793.5718345016421	0.1302209934091855
2346	793.8506211529534	0.13019724854070067
2347	794.1293999918393	0.1302927801531721
2348	794.4081709939285	0.13003087065750346
2349	794.6869341348495	0.13017432176742486
2350	794.965689390231	0.13042674765502382
2351	795.2444367357017	0.1306979050577866
2352	795.5231761468903	0.13036451670190177
2353	795.8019075994252	0.1301361147655739
2354	796.0806310689353	0.13014613768780076
2355	796.3593465310491	0.13032906528417004
2356	796.6380539613955	0.1300815334477864
2357	796.9167533356027	0.12980203450376918
2358	797.1954446292998	0.12986037818484394
2359	797.4741278181151	0.12991600246365612
2360	797.7528028776774	0.1292530830798868
2361	798.0314697836154	0.12956581321570657
2362	798.3101285115577	0.1294762484168287
2363	798.5887790371328	0.130000691300847
2364	798.8674213359694	0.13022508976733047
2365	799.1460553836963	0.1298253759239814
2366	799.424681155942	0.12943544327579873
2367	799.7032986283352	0.12915589187167514
2368	799.9819077765047	0.12926133897190425
2369	800.2605085760789	0.12938389982397425
2370	800.5391010026865	0.12887482592537652
2371	800.8176850319562	0.12920933019058942
2372	801.0962606395166	0.12888618512409755
2373	801.3748278009964	0.12925845736356248
2374	801.6533864920242	0.12942699105979802
2375	801.9319366882287	0.1291178386075206
2376	802.2104783652384	0.12908374044241705
2377	802.4890114986821	0.1292211087077416
2378	802.7675360641883	0.1288698725007264
2379	803.046052037386	0.12936782569560162
2380	803.3245593939033	0.12868263776500147
2381	803.6030581093693	0.12886879755651004
2382	803.8815481594123	0.12920484561295048
2383	804.1600295196613	0.1289069372685424
2384	804.4385021657447	0.12893480988448655
2385	804.7169660732912	0.1290428640322492
2386	804.9954212179294	0.12892208119589907
2387	805.2738675752881	0.12853879254230532
2388	805.5523051209959	0.12850845584186604
2389	805.8307338306813	0.12880615581348448
2390	806.1091536799729	0.12902178668385492
2391	806.3875646444997	0.12857949014599318
2392	806.66596669989	0.1285047582657293
2393	806.9443598217725	0.12848300651460368
2394	807.2227439857761	0.1283653052226699
2395	807.5011191675292	0.12856904188861365
2396	807.7794853426605	0.12863058517287998
2397	808.0578424867987	0.1286476772611972
2398	808.3361905755722	0.12850389367694257
2399	808.6145295846101	0.12855124470779686
2400	808.8928594895407	0.1286021950890112
2401	809.1711802659927	0.1290662450691523
2402	809.4494918895947	0.1288669084085261
2403	809.7277943359754	0.12862031841301763
2404	810.0060875807636	0.12856195781040855
2405	810.2843715995878	0.12882426759094776
2406	810.5626463680766	0.12851449448640004
2407	810.8409118618587	0.12852305946834228
2408	811.1191680565628	0.12812196041346235
2409	811.3974149278174	0.12851806677608396
2410	811.6756524512513	0.12810401946523328
2411	811.9538806024931	0.1281809927204827
2412	812.2320993571714	0.12788374168085268
2413	812.5103086909149	0.12769923737249317
2414	812.7885085793522	0.12780537850440601
2415	813.066698998112	0.12811311677414589
2416	813.3448799228228	0.1280378917505176
2417	813.6230513291134	0.12793822168502259
2418	813.9012131926124	0.12838346481397925
2419	814.1793654889484	0.12848212891826383
2420	814.4575081937502	0.12837421329371182
2421	814.7356412826463	0.12828960424627092
2422	815.0137647312653	0.12787238086607056
2423	815.291878515236	0.12771695295724494
2424	815.569982610187	0.12742171046383874
2425	815.8480769917469	0.12749724251320207
2426	816.1261616355443	0.12713999254721897
2427	816.404236517208	0.1270343969398782
2428	816.6823016123665	0.12710360991702296
2429	816.9603568966484	0.1273660953588326
2430	817.2384023456825	0.1274972191906169
2431	817.5164379350973	0.12739097474232736
2432	817.7944636405216	0.12713928883512388
2433	818.0724794375841	0.12689954744795545
2434	818.3504853019132	0.12730291933421753
2435	818.6284812091376	0.12727939287499837
2436	818.9064671348862	0.12751445934634145
2437	819.1844430547873	0.12757002666558034
2438	819.4624089444698	0.12712715429074808
2439	819.7403647795621	0.12678017451444673
2440	820.0183105356932	0.12656246521047781
2441	820.2962461884914	0.12658400413021387
2442	820.5741717135854	0.12648544840621978
2443	820.8520870866041	0.12650198380021013
2444	821.1299922831759	0.12632406881582675
2445	821.4078872789294	0.1260791667811501
2446	821.6857720494935	0.12627559191388552
2447	821.9636465704967	0.12611882496131224
2448	822.2415108175676	0.12631752755377043
2449	822.519364766335	0.12666203300588516
2450	822.7972083924274	0.12643593166850303
2451	823.0750416714734	0.12685813627597597
2452	823.3528645791018	0.12721758410792605
2453	823.6306770909412	0.12710028436261978
2454	823.9084791826202	0.1273449786456782
2455	824.1862708297674	0.12684589366557344
2456	824.4640520080115	0.12665080227136724
2457	824.7418226929813	0.12644560535679686
2458	825.0195828603051	0.12614266751655806
2459	825.297332485612	0.12594010984411244
2460	825.5750715445303	0.12559479631656814
2461	825.8528000126886	0.1253503975938918
2462	826.1305178657158	0.12549735671614765
2463	826.4082250792404	0.12602240968690426
2464	826.685921628891	0.12574487394088782
2465	826.9636074902966	0.12558747920447957
2466	827.2412826390854	0.1257386190694503
2467	827.5189470508861	0.12588654913275107
2468	827.7966007013275	0.1259445020682576
2469	828.0742435660383	0.12592830971851204
2470	828.3518756206469	0.1259645046853337
2471	828.629496840782	0.12587443930099407
2472	828.9071072020727	0.1257121355962136
2473	829.184706680147	0.12586003386452582
2474	829.462295250634	0.12576885930788834
2475	829.739872889162	0.12607199610901576
2476	830.0174395713599	0.1259093410571054
2477	830.2949952728562	0.1253423325171913
2478	830.5725399692798	0.12564701826604824
2479	830.8500736362589	0.12596934762774836
2480	831.1275962494225	0.1263336547234134
2481	831.4051077843991	0.1258868718410974
2482	831.6826082168175	0.12496569779099528
2483	831.9600975223061	0.12486275091348219
2484	832.2375756764937	0.12524148165289684
2485	832.515042655009	0.12529764406359462
2486	832.7924984334804	0.12533403364614093
2487	833.0699429875369	0.1255369228092491
2488	833.3473762928069	0.12473572292541966
2489	833.6247983249191	0.1246509952828997
2490	833.9022090595021	0.12482579197187511
2491	834.1796084721847	0.12444402182370937
2492	834.4569965385953	0.12486019382698463
2493	834.7343732343627	0.12495949789546688
2494	835.0117385351156	0.12512326922732492
2495	835.2890924164825	0.1249881683393153
2496	835.5664348540921	0.12416438111322893
2497	835.8437658235732	0.12410430154647495
2498	836.1210853005541	0.12429544730506888
2499	836.3983932606639	0.12443065288727721
2500	836.6756896795309	0.12426197265135436
2501	836.9529745327837	0.12458070314799823
2502	837.2302477960512	0.12450653315115115
2503	837.5075094449619	0.12446145647016509
2504	837.7847594551446	0.12476163271537795
2505	838.0619978022278	0.12481271137637856
2506	838.33922446184	0.1253966867620979
2507	838.61643940961	0.1251088308861611
2508	838.8936426211667	0.12489327405634881
2509	839.1708340721384	0.12498279589680716
2510	839.4480137381539	0.12418138739043387
2511	839.7251815948416	0.12387226132561735
2512	840.0023376178304	0.124373480438788
2513	840.2794817827491	0.12434879042769059
2514	840.5566140652259	0.12448385057566784
2515	840.8337344408898	0.12416313059189771
2516	841.1108428853692	0.12423034548124966
2517	841.387939374293	0.12457927606044325
2518	841.6650238832897	0.12488428910575945
2519	841.9420963879878	0.1251761737938827
2520	842.2191568640161	0.12442918758174137
2521	842.4962052870034	0.12416500437178112
2522	842.7732416325781	0.12421831223970477
2523	843.050265876369	0.12431703837177115
2524	843.3272779940046	0.12475888438463688
2525	843.6042779611137	0.12457191426283562
2526	843.8812657533249	0.12417228679235776
2527	844.1582413462667	0.12407640793043309
2528	844.4352047155679	0.1238935263951678
2529	844.7121558368572	0.12370052700070332
2530	844.989094685763	0.12340755386491273
2531	845.2660212379143	0.12322266178809686
2532	845.5429354689393	0.123495097633433
2533	845.8198373544669	0.12380111820604331
2534	846.096726870126	0.1236089042707516
2535	846.3736039915448	0.12316073245226378
2536	846.6504686943521	0.12316349361760442
2537	846.9273209541767	0.12356592703830017
2538	847.204160746647	0.12360440717622377
2539	847.4809880473916	0.12344039525248898
2540	847.7578028320395	0.12338889999658352
2541	848.0346050762191	0.12330565259050348
2542	848.3113947555591	0.12296159934906006
2543	848.5881718456882	0.12317673250906747
2544	848.8649363222349	0.12284637298960915
2545	849.1416881608279	0.12286803559651836
2546	849.418427337096	0.12300349634610927
2547	849.6951538266677	0.12333553228340943
2548	849.9718676051715	0.12311833149563264
2549	850.2485686482364	0.12273661568195135
2550	850.5252569314907	0.12283155999607039
2551	850.8019324305633	0.12258088671503346
2552	851.0785951210827	0.12306306892906796
2553	851.3552449786775	0.12288644641138316
2554	851.6318819789767	0.12233721463575571
2555	851.9085060976084	0.12224439476964595
2556	852.1851173102016	0.12221132924847847
2557	852.461715592385	0.12255914438876121
2558	852.738300919787	0.12245678416079879
2559	853.0148732680364	0.12284185998298112
2560	853.2914326127618	0.12310588804514334
2561	853.5679789295918	0.12299077096482168
2562	853.8445121941551	0.1227631613436426
2563	854.1210323820804	0.12311347321605129
2564	854.3975394689962	0.1230843188562391
2565	854.6740334305313	0.12357090097713766
2566	854.9505142423143	0.1227828564739777
2567	855.2269818799738	0.12247250901249081
2568	855.5034363191384	0.12259246924586206
2569	855.7798775354368	0.1218309352858943
2570	856.0563055044977	0.12239230840250312
2571	856.3327202019497	0.1222685850321722
2572	856.6091216034215	0.12154314531407412
2573	856.8855096845417	0.12193084800279035
2574	857.1618844209388	0.12133676404696356
2575	857.4382457882417	0.12124047147689665
2576	857.714593762079	0.12169476723744148
2577	857.990928318079	0.12188667422932754
2578	858.2672494318708	0.12151217322946774
2579	858.5435570790829	0.12183855313550078
2580	858.8198512353439	0.1221686842489812
2581	859.0961318762822	0.12218039027788614
2582	859.3723989775269	0.12228997163064717
2583	859.6486525147064	0.12169967826218336
2584	859.9248924634495	0.12180063736320619
2585	860.2011187993847	0.12207413551136741
2586	860.4773314981406	0.12179144045532554
2587	860.753530535346	0.1219523738414918
2588	861.0297158866293	0.12186909429920732
2589	861.3058875276196	0.12199880672603128
2590	861.582045433945	0.12185142946001741
2591	861.8581895812345	0.12183479061781208
2592	862.1343199451167	0.12177398622091735
2593	862.4104365012201	0.12142275555434334
2594	862.6865392251735	0.12143543824232096
2595	862.9626280926055	0.12138628433183267
2596	863.2387030791446	0.12172619703854219
2597	863.5147641604198	0.1216704906633089
2598	863.7908113120593	0.12169207501639764
2599	864.066844509692	0.1215255179515977
2600	864.3428637289467	0.12090713536877026
2601	864.6188689454516	0.12071014180152265
2602	864.8948601348358	0.12086090265464633
2603	865.1708372727276	0.12146259653653428
2604	865.4468003347557	0.12175940343698435
2605	865.7227492965491	0.12175477073693779
2606	865.9986841337361	0.12151633191707767
2607	866.2746048219453	0.12145504730237232
2608	866.5505113368056	0.12178829072439908
2609	866.8264036539455	0.1219484312342978
2610	867.1022817489936	0.1219268162411359
2611	867.3781455975786	0.12165082259491423
2612	867.6539951753292	0.12181973685805732
2613	867.929830457874	0.12189382528028299
2614	868.2056514208416	0.12158367288124598
2615	868.4814580398607	0.12120694646143121
2616	868.7572502905599	0.12189914243602129
2617	869.033028148568	0.12180745072769648
2618	869.3087915895134	0.12181860662581066
2619	869.5845405890249	0.12192111135962941
2620	869.8602751227311	0.12210152188311191
2621	870.1359951662607	0.12226444123900117
2622	870.4117006952423	0.1225440354202913
2623	870.6873916853045	0.12268150759745743
2624	870.9630681120759	0.1224083566510669
2625	871.2387299511854	0.12270278115056432
2626	871.5143771782615	0.1228717266759201
2627	871.7900097689328	0.12326626456143534
2628	872.0656276988278	0.12313246341232818
2629	872.3412309435755	0.12348831900167986
2630	872.6168194788044	0.12301483055803031
2631	872.8923932801429	0.1226197932820412
2632	873.16795232322	0.1230045744221925
2633	873.4434965836642	0.12358349836744376
2634	873.7190260371041	0.1238689924840557
2635	873.9945406591684	0.12407529577584808
2636	874.2700404254857	0.12437110283923758
2637	874.5455253116849	0.1246042169986383
2638	874.820995293394	0.1243076792802146
2639	875.0964503462424	0.12406482353342801
2640	875.3718904458583	0.12434235308796436
2641	875.6473155678704	0.12401655980039734
2642	875.9227256879075	0.12365650371556311
2643	876.1981207815982	0.12370971282515296
2644	876.473500824571	0.12408729174763726
2645	876.7488657924546	0.12392457363958602
2646	877.0242156608779	0.12399648926140262
2647	877.2995504054691	0.12405860149841672
2648	877.5748700018571	0.12336193321204976
2649	877.8501744256706	0.12321402368333688
2650	878.1254636525382	0.12288286783933483
2651	878.4007376580884	0.12259235718430514
2652	878.67599641795	0.12284606680052008
2653	878.9512399077516	0.1235984433163138
2654	879.2264681031219	0.1237882934648019
2655	879.5016809796895	0.12346245769872896
2656	879.7768785130829	0.12365145346492303
2657	880.052060678931	0.12383964740203968
2658	880.3272274528623	0.12332702363221924
2659	880.6023788105053	0.12287458313974474
2660	880.8775147274891	0.12334141156020516
2661	881.1526351794419	0.12274635242149363
2662	881.4277401419926	0.12305497530587914
2663	881.7028295907696	0.12328335610165396
2664	881.9779035014018	0.12299977984717993
2665	882.2529618495178	0.12261886862305972
2666	882.528004610746	0.12250884060657345
2667	882.8030317607154	0.12216433198708339
2668	883.0780432750544	0.12211286195490015
2669	883.3530391293917	0.12239684203960995
2670	883.6280192993561	0.12244269560521259
2671	883.902983760576	0.12231012452873202
2672	884.1779324886802	0.12211390216517165
2673	884.4528654592973	0.12214577708797957
2674	884.7277826480558	0.12215624897296937
2675	885.0026840305848	0.12266574157520231
2676	885.2775695825123	0.12294276168839151
2677	885.5524392794675	0.12233360071532803
2678	885.8272930970788	0.12210402011673278
2679	886.1021310109747	0.1219857802064541
2680	886.3769529967843	0.12132155697159312
2681	886.6517590301358	0.12091536291991015
2682	886.926549086658	0.1210737650201199
2683	887.2013231419796	0.12055248075178887
2684	887.4760811717292	0.12042995277862974
2685	887.7508231515354	0.12023795196457078
2686	888.0255490570271	0.11969811955396432
2687	888.3002588638325	0.12047831590177274
2688	888.5749525475806	0.12008476084249299
2689	888.8496300838998	0.12053053798551644
2690	889.124291448419	0.12031051849495865
2691	889.3989366167665	0.1198804951401649
2692	889.6735655645714	0.12023592779728538
2693	889.9481782674619	0.12002027100374676
2694	890.222774701067	0.12045733213669371
2695	890.4973548410153	0.11995076745251111
2696	890.771918662935	0.11909433264359522
2697	891.0464661424554	0.11881422055032378
2698	891.3209972552047	0.11891608387538023
2699	891.5955119768117	0.11939159255152094
2700	891.870010282905	0.11929977035257516
2701	892.1444921491133	0.11863261007249123
2702	892.4189575510651	0.11841786698406048
2703	892.6934064643893	0.11823431195478663
2704	892.9678388647143	0.11842671512437696
2705	893.242254727669	0.11881351761877255
2706	893.5166540288818	0.11928112326473196
2707	893.7910367439814	0.1191121753932216
2708	894.0654028485965	0.11872945636639826
2709	894.3397523183556	0.11869966328449669
2710	894.6140851288876	0.11856432071160951
2711	894.8884012558212	0.11946697171832796
2712	895.1627006747846	0.11919996015334129
2713	895.4369833614068	0.11924931322097976
2714	895.7112492913163	0.11937391421789091
2715	895.9854984401419	0.11901799731939908
2716	896.2597307835122	0.11895982238623298
2717	896.5339462970556	0.11878946460710679
2718	896.808144956401	0.11811060471520843
2719	897.0823267371769	0.11816054291549327
2720	897.3564916150121	0.11822437754757019
2721	897.6306395655351	0.1186053552423573
2722	897.9047705643749	0.11859892227498084
2723	898.1788845871596	0.11843107186915224
2724	898.4529816095181	0.11824704031510135
2725	898.727061607079	0.11925777733360332
2726	899.0011245554712	0.11923167339689901
2727	899.2751704303229	0.11906445452517204
2728	899.5491992072632	0.11909897539672153
2729	899.8232108619205	0.11922541922160301
2730	900.0972053699234	0.11891739384220121
2731	900.3711827069005	0.11863244088796775
2732	900.6451428484808	0.11882991673184999
2733	900.9190857702927	0.11943872950484143
2734	901.1930114479646	0.11953626679559864
2735	901.4669198571256	0.11981809246071069
2736	901.7408109734042	0.11988096833585636
2737	902.0146847724288	0.11945552603488628
2738	902.2885412298284	0.11871969490751848
2739	902.5623803212313	0.11879562147585822
2740	902.8362020222665	0.11887148292216893
2741	903.1100063085624	0.11849991162883164
2742	903.3837931557478	0.11839965644072004
2743	903.6575625394512	0.118757359919705
2744	903.9313144353011	0.11871652679425446
2745	904.2050488189267	0.11865801905401813
2746	904.4787656659562	0.11819786944493932
2747	904.7524649520182	0.11889979394570124
2748	905.0261466527415	0.11930311461024186
2749	905.299810743755	0.11898027598372286
2750	905.5734572006868	0.11883352369978546
2751	905.8470859991659	0.11914515334796563
2752	906.1206971148209	0.11958037525451672
2753	906.3942905232803	0.1199653760041213
2754	906.667866200173	0.11931503160932824
2755	906.9414241211274	0.12014644675801169
2756	907.2149642617723	0.11947286029645937
2757	907.4884865977364	0.11972825648828155
2758	907.7619911046479	0.11934307299544722
2759	908.035477758136	0.11926340340287557
2760	908.3089465338293	0.11921287001785666
2761	908.582397407356	0.11902243266265096
2762	908.8558303543451	0.11824010039692702
2763	909.1292453504253	0.11832195467526595
2764	909.4026423712249	0.11853388626178286
2765	909.6760213923728	0.11805721017452542
2766	909.9493823894977	0.1178440282942918
2767	910.2227253382282	0.11820397210360449
2768	910.4960502141926	0.11861329428351568
2769	910.7693569930201	0.11786150576703082
2770	911.042645650339	0.11850606342127272
2771	911.315916161778	0.11893628027446145
2772	911.5891685029658	0.1191784238885094
2773	911.862402649531	0.11961580331189361
2774	912.1356185771023	0.1196278418456623
2775	912.4088162613083	0.11870438399057531
2776	912.6819956777775	0.11843087794889356
2777	912.9551568021387	0.11791996548710641
2778	913.2282996100207	0.11777422504335876
2779	913.5014240770519	0.11791574725250334
2780	913.7745301788611	0.11781669525195415
2781	914.0476178910769	0.11736427679416678
2782	914.3206871893278	0.11762868146273842
2783	914.5937380492426	0.11734902189474669
2784	914.86677044645	0.11706615228642192
2785	915.1397843565785	0.11754210747910031
2786	915.4127797552567	0.11693611958100456
2787	915.6857566181135	0.11760224041124215
2788	915.9587149207773	0.117384484878463
2789	916.2316546388769	0.1176281686558264
2790	916.5045757480409	0.1174240262619278
2791	916.7774782238979	0.11717530167282574
2792	917.0503620420765	0.11685284393067293
2793	917.3232271782053	0.11621345499264171
2794	917.5960736079134	0.11636332388343731
2795	917.8689013068288	0.1155839669847921
2796	918.1417102505807	0.11554072777019796
2797	918.4145004147972	0.11571511044777408
2798	918.6872717751074	0.11547534405545372
2799	918.96002430714	0.11563803456842149
2800	919.2327579865231	0.11532996951278274
2801	919.5054727888859	0.11579161189409437
2802	919.7781686898567	0.11566085181773923
2803	920.0508456650643	0.11546789014173325
2804	920.3235036901374	0.11534190931791864
2805	920.5961427407044	0.11505695064738168
2806	920.8687627923941	0.11494690877747438
2807	921.1413638208353	0.11497532085671103
2808	921.4139458016564	0.11528964091892308
2809	921.6865087104862	0.11474979370172181
2810	921.9590525229534	0.11457912336859019
2811	922.2315772146864	0.11451340217502196
2812	922.5040827613138	0.11350674533643675
2813	922.7765691384644	0.11316965111808633
2814	923.0490363217673	0.11333731742920403
2815	923.3214842868504	0.11441956815586055
2816	923.5939130093426	0.11315930059112386
2817	923.8663224648727	0.1134297295452046
2818	924.1387126290692	0.11396369153482144
2819	924.411083477561	0.11395892307483076
2820	924.6834349859763	0.11401686320822649
2821	924.9557671299441	0.1141679328064269
2822	925.2280798850927	0.11382234020559168
2823	925.5003732270512	0.11491884247340689
2824	925.772647131448	0.11459597986570291
2825	926.0449015739116	0.1142312984570323
2826	926.317136530071	0.11449501891843562
2827	926.5893519755546	0.11443191223100063
2828	926.8615478859911	0.11417446760811299
2829	927.133724237009	0.11393923495452947
2830	927.4058810042371	0.11406072919216576
2831	927.6780181633043	0.11436634033426318
2832	927.9501356898387	0.11380098690578411
2833	928.2222335594694	0.11366632052985348
2834	928.4943117478248	0.11414060166825311
2835	928.7663702305335	0.11404292913736162
2836	929.0384089832244	0.11428370603228016
2837	929.310427981526	0.11462675459342243
2838	929.5824272010668	0.11439300932194563
2839	929.8544066174758	0.11416694281527455
2840	930.1263662063814	0.11455207963498831
2841	930.3983059434121	0.1142767010173973
2842	930.6702258041969	0.11334107124777132
2843	930.9421257643643	0.11382479270848375
2844	931.2140057995427	0.11321592658777899
2845	931.4858658853611	0.11281765628751805
2846	931.757705997448	0.11316425748556852
2847	932.0295261114321	0.11403769855684327
2848	932.301326202942	0.1138272885028959
2849	932.5731062476062	0.11422266629122262
2850	932.8448662210536	0.11345624228394707
2851	933.1166060989128	0.11324991861164017
2852	933.3883258568122	0.1141309190615749
2853	933.6600254703808	0.1145889215771818
2854	933.9317049152471	0.11443191972607689
2855	934.2033641670396	0.11316549673428351
2856	934.475003201387	0.11309241817045113
2857	934.7466219939181	0.11253947571474676
2858	935.0182205202615	0.11217625819738923
2859	935.2897987560456	0.11321908790173899
2860	935.5613566768994	0.11263785272202459
2861	935.8328942584513	0.1126947239011766
2862	936.1044114763301	0.11243756230052647
2863	936.3759083061644	0.11262098428833033
2864	936.6473847235827	0.11311716924453634
2865	936.918840704214	0.11315525535130404
2866	937.1902762236864	0.11266729689521367
2867	937.461691257629	0.11358196973294725
2868	937.7330857816704	0.11374656499860954
2869	938.0044597714389	0.11188860018164191
2870	938.2758132025637	0.11160370408292763
2871	938.5471460506728	0.1120784399669382
2872	938.8184582913955	0.11248766306071767
2873	939.0897499003598	0.11326452500100252
2874	939.3610208531949	0.11302649009289936
2875	939.6322711255292	0.11271710504173321
2876	939.9035006929913	0.1122799529365679
2877	940.1747095312098	0.1124629010107733
2878	940.4458976158137	0.11164560778157949
2879	940.7170649224313	0.11119393134553965
2880	940.9882114266912	0.11053988551174396
2881	941.2593371042225	0.11148645482104982
2882	941.5304419306533	0.11158105411665563
2883	941.8015258816125	0.11119459512915644
2884	942.0725889327286	0.11125585279948368
2885	942.3436310596306	0.11117828503726085
2886	942.6146522379469	0.11105831249804506
2887	942.8856524433061	0.11159935835385991
2888	943.1566316513367	0.11161783116170941
2889	943.4275898376678	0.111333881406166
2890	943.6985269779278	0.11071033315588998
2891	943.9694430477452	0.11082358580966256
2892	944.2403380227488	0.11077055342160916
2893	944.5112118785672	0.11124548508202763
2894	944.7820645908293	0.1109149978590588
2895	945.0528961351633	0.11124329602642259
2896	945.3237064871981	0.11171494051311603
2897	945.5944956225625	0.11183812550652991
2898	945.8652635168849	0.11233278079737793
2899	946.1360101457938	0.11146436218225592
2900	946.406735484918	0.11193289813584788
2901	946.6774395098864	0.11175975989224646
2902	946.9481221963274	0.1120002499270435
2903	947.2187835198696	0.11197051848257761
2904	947.4894234561418	0.11164978726598533
2905	947.7600419807726	0.11215130935910018
2906	948.0306390693904	0.11141295532102316
2907	948.3012146976242	0.11168419292219856
2908	948.5717688411025	0.11138700691738072
2909	948.842301475454	0.11188708359728665
2910	949.1128125763073	0.11222041087163834
2911	949.383302119291	0.11205390627608432
2912	949.6537700800338	0.11119003647945792
2913	949.9242164341642	0.11055906602507709
2914	950.1946411573111	0.11028128115901913
2915	950.4650442251032	0.110123457105203
2916	950.7354256131687	0.11076255866624009
2917	951.0057852971365	0.11046409112180315
2918	951.2761232526354	0.10984806263721954
2919	951.5464394552938	0.11046444596414609
2920	951.8167338807406	0.11010029567673241
2921	952.0870065046042	0.11086039717934736
2922	952.3572573025133	0.11085309709842665
2923	952.6274862500966	0.11101297585521534
2924	952.8976933229827	0.11030169810076434
2925	953.1678784968003	0.11005299346998848
2926	953.4380417471781	0.11018259667215011
2927	953.7081830497444	0.11038517645086955
2928	953.9783023801284	0.11070284367774
2929	954.2483997139584	0.10963856511457888
2930	954.5184750268631	0.10967500375610362
2931	954.788528294471	0.11044288986273353
2932	955.0585594924111	0.1112372855050205
2933	955.3285685963116	0.1101904075091278
2934	955.5985555818015	0.11013659158355926
2935	955.8685204245093	0.10990339020569256
2936	956.1384631000637	0.11024213465655652
2937	956.4083835840934	0.11051214519049084
2938	956.6782818522267	0.11032519450739231
2939	956.9481578800927	0.10975775580578909
2940	957.2180116433199	0.10982199180415887
2941	957.4878431175367	0.11034188164758763
2942	957.757652278372	0.11092796890467727
2943	958.0274391014544	0.11056506216021918
2944	958.2972035624126	0.10996994286208193
2945	958.5669456368751	0.1109106992383458
2946	958.8366653004707	0.1113077935550269
2947	959.106362528828	0.11103285664683117
2948	959.3760372975754	0.11025484392821669
2949	959.6456895823418	0.10978670177631636
2950	959.9153193587559	0.11036664799027829
2951	960.1849266024462	0.11065550782074209
2952	960.4545112890415	0.10993757200990589
2953	960.7240733941702	0.10979857839825732
2954	960.9936128934611	0.10991864649812266
2955	961.2631297625429	0.11042079479221872
2956	961.5326239770441	0.11123062973409356
2957	961.8020955125934	0.110008925006672
2958	962.0715443448195	0.11005155168973366
2959	962.3409704493511	0.10988251161562654
2960	962.6103738018166	0.10882548695895462
2961	962.8797543778448	0.10945788721369261
2962	963.1491121530644	0.10870114745466086
2963	963.418447103104	0.10978719929111287
2964	963.6877592035922	0.1095843252048968
2965	963.9570484301578	0.10928464108177077
2966	964.2263147584292	0.1095055851487507
2967	964.4955581640352	0.1104764772799693
2968	964.7647786226044	0.10970380657639602
2969	965.0339761097655	0.1090213687640568
2970	965.303150601147	0.10868343644245283
2971	965.5723020723776	0.11012358642148616
2972	965.8414304990861	0.11045428515739657
2973	966.110535856901	0.10954642878054296
2974	966.379618121451	0.1095758969418985
2975	966.6486772683648	0.10907516053647337
2976	966.9177132732709	0.10865660518554501
2977	967.1867261117981	0.10890030941652999
2978	967.4557157595748	0.10878237731283244
2979	967.7246821922299	0.10946887982922272
2980	967.993625385392	0.10945510632809617
2981	968.2625453146896	0.11007746237097707
2982	968.5314419557516	0.1087311123745166
2983	968.8003152842064	0.10908669777595774
2984	969.0691652756826	0.10889183638503704
2985	969.3379919058092	0.10829035711916887
2986	969.6067951502146	0.10779064414247401
2987	969.8755749845274	0.10761889202631092
2988	970.1443313843762	0.10806793701416306
2989	970.4130643253899	0.10780257764840595
2990	970.681773783197	0.10868618652803476
2991	970.9504597334261	0.10962330447351716
2992	971.2191221517058	0.10968635869749392
2993	971.487761013665	0.10914564145175282
2994	971.7563762949322	0.10937922280558697
2995	972.0249679711359	0.10999042915322553
2996	972.293536017905	0.1097110902490782
2997	972.562080410868	0.11108702402215233
2998	972.8306011256535	0.10909778988334592
2999	973.0990981378903	0.10841438489589558
3000	973.3675714232069	0.10914509652128694
3001	973.6360209572321	0.10935261800498415
3002	973.9044467155943	0.10885712866326004
3003	974.1728486739223	0.10858338175419947
3004	974.4412268078448	0.10803570078337325
3005	974.7095810929903	0.10736875238824722
3006	974.9779115049877	0.10935562336535741
3007	975.2462180194652	0.10877053571895369
3008	975.514500612052	0.10828042020644084
3009	975.7827592583764	0.10755851990796358
3010	976.0509939340669	0.10802899818366066
3011	976.3192046147526	0.10772743581638008
3012	976.5873912760618	0.10802349160925363
3013	976.8555538936232	0.1070423148448187
3014	977.1236924430655	0.10866141436623666
3015	977.3918069000174	0.10775765054997677
3016	977.6598972401074	0.10887666486993038
3017	977.9279634389644	0.10787454883064851
3018	978.1960054722166	0.10717153355709946
3019	978.464023315493	0.10833845388474299
3020	978.7320169444223	0.10916014394753722
3021	978.9999863346328	0.10892485635765807
3022	979.2679314617535	0.10847151559961905
3023	979.5358523014128	0.10867204302630318
3024	979.8037488292396	0.10766191369315611
3025	980.0716210208622	0.10708536221394087
3026	980.3394688519095	0.10831613862403314
3027	980.6072922980102	0.10767285347501962
3028	980.8750913347926	0.1073548590751859
3029	981.1428659378855	0.10725070589752336
3030	981.4106160829178	0.10809214135478129
3031	981.6783417455181	0.1089051317041209
3032	981.9460429013146	0.1086002768477069
3033	982.2137195259363	0.10878630250370502
3034	982.481371595012	0.10753510876435153
3035	982.74899908417	0.10831326946405814
3036	983.016601969039	0.10895562913181445
3037	983.2841802252477	0.10887143825668247
3038	983.5517338284249	0.10878670893912612
3039	983.819262754199	0.10777182534205806
3040	984.086766978199	0.10729723335901978
3041	984.3542464760532	0.10684152045953348
3042	984.6217012233902	0.10713590873263241
3043	984.8891311958388	0.10635325735385968
3044	985.1565363690278	0.10686059449536389
3045	985.4239167185856	0.10741966600973991
3046	985.691272220141	0.10695122400120885
3047	985.9586028493225	0.10622848598234161
3048	986.2259085817589	0.10509667277257004
3049	986.4931893930786	0.10541807300260983
3050	986.7604452589106	0.10625517300993761
3051	987.0276761548834	0.10717776408387937
3052	987.2948820566254	0.1071728709170398
3053	987.5620629397656	0.10828222311820485
3054	987.8292187799323	0.10749336383538952
3055	988.0963495527544	0.10643792149545694
3056	988.3634552338607	0.10617663049125485
3057	988.6305357988795	0.10698514703073823
3058	988.8975912234396	0.1067505596143972
3059	989.1646214831694	0.1059689188888864
3060	989.431626553698	0.10603366420864233
3061	989.6986064106538	0.10611839937664479
3062	989.9655610296653	0.10654133474780772
3063	990.2324903863613	0.10660629824210455
3064	990.4993944563706	0.10612542063995382
3065	990.7662732153217	0.1057061121841685
3066	991.0331266388431	0.10611999866436474
3067	991.2999547025637	0.10591899639899707
3068	991.5667573821119	0.10618434909172554
3069	991.8335346531164	0.10701326604085984
3070	992.1002864912061	0.10760989532649072
3071	992.3670128720095	0.10664412444764307
3072	992.6337137711552	0.10665004354299117
3073	992.9003891642716	0.10656586638519135
3074	993.1670390269877	0.10635220039361036
3075	993.4336633349321	0.10600258729280437
3076	993.7002620637335	0.10567293832930047
3077	993.9668351890202	0.10698512840417329
3078	994.2333826864212	0.10655851017839232
3079	994.4999045315649	0.10621001902083856
3080	994.7664007000802	0.10564886084084378
3081	995.0328711675955	0.10609362834837555
3082	995.2993159097398	0.10632508215883847
3083	995.5657349021413	0.10584552790460622
3084	995.8321281204289	0.10612995768504188
3085	996.0984955402312	0.10628003873808303
3086	996.3648371371767	0.10566140375934849
3087	996.6311528868944	0.10617973833422444
3088	996.8974427650126	0.10610663904442279
3089	997.16370674716	0.10685639002990742
3090	997.4299448089654	0.10609692109187928
3091	997.6961569260573	0.10599751857281699
3092	997.9623430740645	0.10693134476759396
3093	998.2285032286156	0.10785125922483482
3094	998.4946373653391	0.10786771736415132
3095	998.7607454598636	0.10695552063102164
3096	999.0268274878182	0.10581807173185533
3097	999.2928834248311	0.10623816283063814
3098	999.5589132465309	0.10683280611698098
3099	999.8249169285467	0.10713399620252047
3100	1000.0908944465067	0.10761785822540772
3101	1000.3568457760398	0.10854780820545241
3102	1000.6227708927745	0.10852123725347652
3103	1000.8886697723395	0.1072040341830196
3104	1001.1545423903635	0.1058673360547972
3105	1001.4203887224752	0.10829217320664959
3106	1001.6862087443028	0.10778579495192388
3107	1001.9520024314754	0.10876217900695237
3108	1002.2177697596218	0.10656811626459266
3109	1002.48351070437	0.106595990027968
3110	1002.7492252413492	0.10868751855880959
3111	1003.014913346188	0.1083580838677725
3112	1003.2805749945148	0.10793736988616316
3113	1003.5462101619584	0.10831134346036415
3114	1003.8118188241473	0.10726106095851858
3115	1004.0774009567101	0.10680684767959167
3116	1004.3429565352758	0.10572129133938156
3117	1004.6084855354729	0.10522871129437412
3118	1004.8739879329298	0.10452745980013256
3119	1005.1394637032755	0.10562577731225108
3120	1005.4049128221384	0.10500079311093542
3121	1005.6703352651471	0.10593882218254931
3122	1005.9357310079305	0.10450171673145511
3123	1006.201100026117	0.10628940317435016
3124	1006.4664422953354	0.10554255523021841
3125	1006.7317577912142	0.10433323838101362
3126	1006.9970464893823	0.10462079120021438
3127	1007.2623083654681	0.10493205842870017
3128	1007.5275433951005	0.1056717394778407
3129	1007.7927515539078	0.10472012397501562
3130	1008.0579328175188	0.10514686824855207
3131	1008.3230871615622	0.10368178681486981
3132	1008.5882145616666	0.1040423301286937
3133	1008.8533149934607	0.10605361879885852
3134	1009.1183884325732	0.10545439432380864
3135	1009.3834348546326	0.10575791138623648
3136	1009.6484542352675	0.1041004995165752
3137	1009.9134465501066	0.103880805544887
3138	1010.1784117747787	0.10226534026552106
3139	1010.4433498849123	0.10391919895028405
3140	1010.708260856136	0.10457812006207463
3141	1010.9731446640784	0.10452784229471691
3142	1011.2380012843685	0.10452864616412971
3143	1011.5028306926346	0.10639294577958598
3144	1011.7676328645056	0.10581643962186785
3145	1012.03240777561	0.10441827195190283
3146	1012.2971554015762	0.10362013590762795
3147	1012.5618757180332	0.10427013348160473
3148	1012.8265687006095	0.10504273292304596
3149	1013.0912343249339	0.10429730451743517
3150	1013.3558725666347	0.10414911983391859
3151	1013.6204834013411	0.10549014687572399
3152	1013.8850668046812	0.10481807359288876
3153	1014.1496227522838	0.10448354694489354
3154	1014.4141512197779	0.10523826098465326
3155	1014.6786521827916	0.10608256951766781
3156	1014.9431256169538	0.10525345998580578
3157	1015.2075714978932	0.10557836333612186
3158	1015.4719898012382	0.10500516312160037
3159	1015.7363805026179	0.10500622712652873
3160	1016.0007435776606	0.10638319658051584
3161	1016.2650790019949	0.1045649746814238
3162	1016.5293867512498	0.10465342027816249
3163	1016.7936668010535	0.1051008674676205
3164	1017.057919127035	0.10430551553356636
3165	1017.3221437048227	0.10481966142025263
3166	1017.5863405100454	0.10517200892195377
3167	1017.8505095183317	0.10532050814960671
3168	1018.11465070531	0.10434487061010488
3169	1018.3787640466095	0.10406233814185514
3170	1018.6428495178583	0.10417881263248278
3171	1018.9069070946854	0.10384714764030806
3172	1019.1709367527193	0.10405806872633894
3173	1019.4349384675886	0.10454814364527742
3174	1019.6989122149221	0.10583950217435018
3175	1019.9628579703483	0.10510599463995181
3176	1020.226775709496	0.10454297395704129
3177	1020.4906654079936	0.10538475024394091
3178	1020.7545270414698	0.10762958281224776
3179	1021.0183605855534	0.10633305708092748
3180	1021.2821660158731	0.10303789128154715
3181	1021.5459433080574	0.10422078704530144
3182	1021.809692437735	0.10517564249211825
3183	1022.0734133805345	0.10495332138126845
3184	1022.3371061120844	0.10500326499846586
3185	1022.6007706080135	0.10550486019468043
3186	1022.8644068439506	0.10544839321286421
3187	1023.1280147955242	0.10536015058442444
3188	1023.391594438363	0.10414557196370565
3189	1023.6551457480954	0.10459321354372612
3190	1023.9186687003503	0.10501769143802511
3191	1024.1821632707563	0.10578657216301476
3192	1024.445629434942	0.1055631565972875
3193	1024.709067168536	0.10579223436319887
3194	1024.9724764471669	0.10403410513738773
3195	1025.2358572464639	0.10296386862397569
3196	1025.4992095420548	0.1040525958549339
3197	1025.7625333095687	0.10368903167854829
3198	1026.0258285246343	0.10430683672738517
3199	1026.28909516288	0.10486533326375011
3200	1026.5523331999345	0.10565735588625065
3201	1026.8155426114267	0.10490542443959548
3202	1027.0787233729852	0.1042298178398068
3203	1027.3418754602383	0.10508037661071501
3204	1027.604998848815	0.10442797591213242
3205	1027.8680935143439	0.10546123143112485
3206	1028.1311594324532	0.10548768831586525
3207	1028.3941965787722	0.10628079100168385
3208	1028.6572049289289	0.10548661072600307
3209	1028.9201844585527	0.10678974870092221
3210	1029.1831351432716	0.10653975084295787
3211	1029.4460569587145	0.10593665488739551
3212	1029.7089498805099	0.10443668846710703
3213	1029.9718138842868	0.10402549260001956
3214	1030.2346489456734	0.1060794685651982
3215	1030.4974550402987	0.10572465084623298
3216	1030.7602321437912	0.10451167627193063
3217	1031.0229802317795	0.10659977290507139
3218	1031.2856992798922	0.10391655604799299
3219	1031.5483892637583	0.10477894129447796
3220	1031.811050159006	0.10298990565585048
3221	1032.073681941264	0.1057708382771443
3222	1032.3362845861614	0.10692732200292034
3223	1032.5988580693263	0.10637303871612548
3224	1032.8614023663874	0.10660993278458833
3225	1033.123917452974	0.1064608937682183
3226	1033.3864033047137	0.10507908571208925
3227	1033.6488598972362	0.10558568016261334
3228	1033.9112872061692	0.10412005372878572
3229	1034.173685207142	0.10460148415091974
3230	1034.436053875783	0.10491052213524632
3231	1034.698393187721	0.10813940110942498
3232	1034.9607031185842	0.1068802460551501
3233	1035.222983644002	0.10424362294197831
3234	1035.4852347396022	0.10388286574532571
3235	1035.7474563810142	0.1051960022884665
3236	1036.0096485438662	0.10724179563816551
3237	1036.271811203787	0.108322943729735
3238	1036.5339443364048	0.10800487950234121
3239	1036.7960479173491	0.10636873836863689
3240	1037.058121922248	0.10656309851614071
3241	1037.32016632673	0.1046064024217679
3242	1037.5821811064243	0.10413348947533121
3243	1037.844166236959	0.10716281652156398
3244	1038.106121693963	0.10803339367365075
3245	1038.368047453065	0.10475260671030352
3246	1038.6299434898933	0.10548533762524813
3247	1038.891809780077	0.10780043310841676
3248	1039.1536462992447	0.10597496533008874
3249	1039.4154530230246	0.10751998339935954
3250	1039.6772299270456	0.10715618721200278
3251	1039.9389769869367	0.10759484217697729
3252	1040.200694178326	0.107168629738615
3253	1040.4623814768424	0.1083312211219396
3254	1040.7240388581147	0.10531531863040454
3255	1040.985666297771	0.10606047951457193
3256	1041.2472637714407	0.10894777428022105
3257	1041.5088312547518	0.10867478425913384
3258	1041.7703687233331	0.10509570884356682
3259	1042.0318761528135	0.1041181272056568
3260	1042.2933535188217	0.10347889568594418
3261	1042.5548007969858	0.10675214670116868
3262	1042.8162179629348	0.1058980166246884
3263	1043.0776049922974	0.10620158764479737
3264	1043.3389618607023	0.10503964003161256
3265	1043.6002885437779	0.1086352006526139
3266	1043.861585017153	0.10874672249878388
3267	1044.1228512564562	0.10962897020434764
3268	1044.384087237316	0.11242363555565657
3269	1044.6452929353613	0.11144091328703098
3270	1044.9064683262204	0.11158469481205058
3271	1045.1676133855226	0.11085857733642125
3272	1045.428728088896	0.10713257635438839
3273	1045.6898124119693	0.10704400389404348
3274	1045.9508663303714	0.10346321637358567
3275	1046.2118898197305	0.10845723468618242
3276	1046.4728828556756	0.10587130314963081
3277	1046.733845413835	0.10812943882044039
3278	1046.994777469838	0.10921423078647875
3279	1047.2556789993127	0.1071422501507144
3280	1047.516549977888	0.10908423325031934
3281	1047.7773903811922	0.10638208578216403
3282	1048.0382001848543	0.10894837563369224
3283	1048.2989793645029	0.10881199767501608
3284	1048.5597278957664	0.10637842925681568
3285	1048.8204457542738	0.10613669202912454
3286	1049.0811329156534	0.10421014077929408
3287	1049.341789355534	0.10942121276004388
3288	1049.6024150495443	0.11060393320641647
3289	1049.863009973313	0.11223201654343602
3290	1050.1235741024686	0.11063263316432242
3291	1050.3841074126397	0.1111274389833693
3292	1050.644609879455	0.11135517420542622
3293	1050.9050814785433	0.10662025357354185
3294	1051.1655221855333	0.11059537525636866
3295	1051.4259319760529	0.10958106120917094
3296	1051.6863108257319	0.11090840150892257
3297	1051.9466587101979	0.11285081432076925
3298	1052.2069756050803	0.10795143515340422
3299	1052.4672614860074	0.10601220747296748
3300	1052.7275163286079	0.10265398981098457
3301	1052.9877401085103	0.10326274039126815
3302	1053.2479328013435	0.10760683733267996
3303	1053.5080943827359	0.10677138785394803
3304	1053.7682248283163	0.10659368015535431
3305	1054.0283241137133	0.10741610287297831
3306	1054.2883922145556	0.11338101448390422
3307	1054.548429106472	0.11387306050661909
3308	1054.8084347650906	0.1119905205468684
3309	1055.0684091660407	0.11017389597916279
3310	1055.3283522849506	0.11082667867761523
3311	1055.588264097449	0.11222261427792149
3312	1055.8481445791642	0.11306606647394367
3313	1056.1079937057254	0.11449787800750796
3314	1056.367811452761	0.11011716266902073
3315	1056.6275977958999	0.11146953565639571
3316	1056.8873527107703	0.10567987117637337
3317	1057.147076173001	0.10988690715887033
3318	1057.406768158221	0.11065385055332642
3319	1057.6664286420582	0.11247730978889144
3320	1057.926057600142	0.11258679259117882
3321	1058.1856550081009	0.11342421048720902
3322	1058.445220841563	0.11025421800429852
3323	1058.7047550761577	0.11176176754925564
3324	1058.9642576875128	0.10760311828449881
3325	1059.2237286512577	0.10705256597309638
3326	1059.4831679430208	0.11264613552857651
3327	1059.7425755384306	0.11182684422111581
3328	1060.0019514131159	0.10919937232706078
3329	1060.2612955427055	0.11121983474712169
3330	1060.5206079028274	0.11538118443109663
3331	1060.779888469111	0.11676273745298522
3332	1061.0391372171846	0.11097342102189485
3333	1061.298354122677	0.11127277280095432
3334	1061.5575391612163	0.11270904618729691
3335	1061.816692308432	0.11549096973310696
3336	1062.0758135399522	0.11091051135694681
3337	1062.3349028314055	0.11604387182290786
3338	1062.5939601584207	0.11149279710864841
3339	1062.8529854966268	0.10716228256439159
3340	1063.111978821652	0.11016512146383987
3341	1063.3709401091248	0.11224429402236712
3342	1063.6298693346741	0.11277807839811416
3343	1063.8887664739286	0.11381631014569546
3344	1064.147631502517	0.11563894048779842
3345	1064.4064643960676	0.11233117471404103
3346	1064.6652651302095	0.11141538300339489
3347	1064.924033680571	0.11611008931470734
3348	1065.182770022781	0.1137352067204585
3349	1065.4414741324679	0.1139500077465313
3350	1065.7001459852604	0.11147969988456871
3351	1065.958785556787	0.10738271313622552
3352	1066.2173928226769	0.11446111408110442
3353	1066.4759677585582	0.11290803275572715
3354	1066.7345103400596	0.11619920895097402
3355	1066.9930205428102	0.10992769643147395
3356	1067.2514983424383	0.1071384193901594
3357	1067.5099437145723	0.11561047872834951
3358	1067.7683566348412	0.10994923972917085
3359	1068.0267370788736	0.11440276892718022
3360	1068.285085022298	0.11064132882129096
3361	1068.5434004407432	0.1125889735341021
3362	1068.8016833098377	0.10928685468275402
3363	1069.0599336052103	0.10654961085621088
3364	1069.3181513024897	0.10871023919780053
3365	1069.5763363773044	0.11081811623861923
3366	1069.834488805283	0.11376483374298449
3367	1070.0926085620542	0.12099720472184054
3368	1070.3506956232468	0.11202186401463053
3369	1070.6087499644889	0.11291448222414623
3370	1070.86677156141	0.11048883842334972
3371	1071.1247603896381	0.11231746370286864
3372	1071.382716424802	0.12089838786705841
3373	1071.6406396425305	0.11357709713698537
3374	1071.8985300184522	0.11221571766266689
3375	1072.1563875281954	0.1084188313008363
3376	1072.4142121473892	0.1153887867757965
3377	1072.6720038516619	0.116785602096076
3378	1072.9297626166426	0.11933552185098177
3379	1073.1874884179595	0.1183588029685398
3380	1073.4451812312413	0.11434885270477373
3381	1073.7028410321168	0.11095159065852742
3382	1073.9604677962147	0.10836775199150663
3383	1074.2180614991635	0.1083663270969484
3384	1074.475622116592	0.11298002110413574
3385	1074.7331496241284	0.11801334697630798
3386	1074.990643997402	0.11801173870801743
3387	1075.2481052120409	0.11888867306904499
3388	1075.505533243674	0.12163238407664431
3389	1075.76292806793	0.12129371720413948
3390	1076.0202896604374	0.12224435801881582
3391	1076.277617996825	0.12122535070799295
3392	1076.534913052721	0.11709155063700577
3393	1076.7921748037545	0.11641878164398697
3394	1077.0494032255544	0.11708819253607468
3395	1077.3065982937487	0.11656626650916603
3396	1077.5637599839663	0.11773394863005165
3397	1077.8208882718359	0.1146884859339794
3398	1078.0779831329862	0.10868639553881368
3399	1078.3350445430458	0.10837848126262746
3400	1078.5920724776431	0.1152113354456888
3401	1078.8490669124071	0.11992362104209457
3402	1079.106027822966	0.10911753576555422
3403	1079.3629551849492	0.11479805547118445
3404	1079.6198489739845	0.11324440436682627
3405	1079.8767091657012	0.11783618058279136
3406	1080.1335357357275	0.11209193206183482
3407	1080.3903286596924	0.11842352861575837
3408	1080.647087913224	0.11981303711440026
3409	1080.9038134719515	0.12258445105854589
3410	1081.1605053115036	0.12435502313567655
3411	1081.4171634075085	0.12470665779377854
3412	1081.673787735595	0.12253118515602059
3413	1081.9303782713919	0.12433089831303698
3414	1082.1869349905276	0.11696540679890505
3415	1082.443457868631	0.11417193960570057
3416	1082.6999468813306	0.11248030382128547
3417	1082.9564020042549	0.11864251965489934
3418	1083.2128232130328	0.11496031719420614
3419	1083.469210483293	0.11590522998464517
3420	1083.7255637906637	0.1148520654157438
3421	1083.9818831107743	0.11733296930169639
3422	1084.2381684192526	0.1104195184056594
3423	1084.4944196917281	0.11842611942232911
3424	1084.7506369038285	0.11262787026428028
3425	1085.006820031183	0.11060156982758401
3426	1085.2629690494205	0.11199847815740252
3427	1085.519083934169	0.1169805934525998
3428	1085.7751646610577	0.11735695546211529
3429	1086.0312112057147	0.12544424589763498
3430	1086.2872235437694	0.11697386151440783
3431	1086.5432016508498	0.11679004040412137
3432	1086.7991455025847	0.11265184532095127
3433	1087.0550550746027	0.12837737865961218
3434	1087.3109303425326	0.12833557960584577
3435	1087.566771282003	0.11747082970735305
3436	1087.8225778686424	0.10993143726649525
3437	1088.07835007808	0.11314872062356714
3438	1088.3340878859435	0.1250221319631628
3439	1088.5897912678622	0.11987797581070359
3440	1088.845460199465	0.12329765119442876
3441	1089.1010946563797	0.12282181758395232
3442	1089.3566946142355	0.12327269099248486
3443	1089.612260048661	0.12059215031412922
3444	1089.8677909352848	0.12851392738705084
3445	1090.1232872497355	0.1214461801044971
3446	1090.3787489676417	0.11400327774160025
3447	1090.6341760646324	0.11211044108351376
3448	1090.8895685163357	0.10939248276822962
3449	1091.1449262983806	0.12454685210413276
3450	1091.4002493863957	0.12230436630843701
3451	1091.6555377560096	0.12812241339053082
3452	1091.910791382851	0.11275026091590139
3453	1092.1660102425483	0.11849641741834349
3454	1092.4211943107305	0.12078774736812438
3455	1092.676343563026	0.12451432690362123
3456	1092.9314579750635	0.1330744260860517
3457	1093.1865375224716	0.12449709017607159
3458	1093.441582180879	0.12691021340751862
3459	1093.6965919259148	0.11607669204126181
3460	1093.9515667332068	0.12301700160665291
3461	1094.2065065783843	0.13191721979321033
3462	1094.4614114370756	0.12349336206395538
3463	1094.7162812849092	0.12940035673217568
3464	1094.9711160975144	0.12153505269171609
3465	1095.2259158505192	0.1180203838080617
3466	1095.4806805195524	0.12148236766359977
3467	1095.735410080243	0.13004009129736868
3468	1095.990104508219	0.12241254188192169
3469	1096.24476377911	0.124426959085604
3470	1096.4993878685436	0.1264650924672216
3471	1096.753976752149	0.12798295210812866
3472	1097.0085304055547	0.1244171706109949
3473	1097.2630488043894	0.1212594704773934
3474	1097.517531924282	0.12386982728878815
3475	1097.7719797408604	0.1351139348480801
3476	1098.026392229754	0.117585226156313
3477	1098.2807693665914	0.12653160680492934
3478	1098.5351111270008	0.12275615690934169
3479	1098.789417486611	0.12924916141353235
3480	1099.0436884210508	0.12652105181053144
3481	1099.2979239059487	0.12817671731417066
3482	1099.5521239169336	0.1276152069403475
3483	1099.8062884296337	0.13825099958455606
3484	1100.060417419678	0.1315167550702852
3485	1100.314510862695	0.13171995008434045
3486	1100.5685687343134	0.12883943359656314
3487	1100.822591010162	0.1135422252185886
3488	1101.0765776658689	0.11080636503608807
3489	1101.3305286770635	0.11108768371385165
3490	1101.584444019374	0.12542531106922333
3491	1101.8383236684288	0.12716290296730712
3492	1102.0921675998572	0.11230955465981274
3493	1102.3459757892874	0.10530549128605604
3494	1102.599748212348	0.09467799784357592
3495	1102.8534848446677	0.1083173472127001
3496	1103.1071856618755	0.11964400138877257
3497	1103.3608506395997	0.1288584790595309
3498	1103.6144797534691	0.1289176930301751
3499	1103.8680729791122	0.12193463987531311
3500	1104.1216302921578	0.1265450952935365
3501	1104.3751516682344	0.1317639921382347
3502	1104.6286370829707	0.12656305746288157
3503	1104.8820865119953	0.12957776838192717
3504	1105.1354999309367	0.12181588032734708
3505	1105.3888773154242	0.12540548498799003
3506	1105.6422186410855	0.13551012559374878
3507	1105.8955238835501	0.1259902670125657
3508	1106.1487930184462	0.1313314452968573
3509	1106.4020260214024	0.14129035397244047
3510	1106.6552228680475	0.12838061787213823
3511	1106.9083835340102	0.12962155077513035
3512	1107.161507994919	0.1296172869966533
3513	1107.4145962264026	0.12969258179803242
3514	1107.6676482040898	0.12227340034439893
3515	1107.920663903609	0.12349737941240127
3516	1108.1736433005885	0.1222651095202148
3517	1108.426586370658	0.12351361778189317
3518	1108.6794930894453	0.1322803485810349
3519	1108.9323634325792	0.13173090292648937
3520	1109.1851973756886	0.12037512898051456
3521	1109.4379948944018	0.13172168170552684
3522	1109.6907559643475	0.14365564644962814
3523	1109.9434805611547	0.14586406525589402
3524	1110.1961686604516	0.13037976760502137
3525	1110.4488202378673	0.12470711465648891
3526	1110.7014352690298	0.13037066748641
3527	1110.9540137295685	0.13250160727613328
3528	1111.2065555951115	0.1318099526952989
3529	1111.4590608412875	0.13388748637230388
3530	1111.7115294437256	0.13425117159717165
3531	1111.963961378054	0.13034780265318083
3532	1112.2163566199013	0.12342458514528656
3533	1112.4687151448964	0.13370843917329206
3534	1112.721036928668	0.13423198282695292
3535	1112.9733219468444	0.14159831630704262
3536	1113.2255701750544	0.13774026933681807
3537	1113.4777815889267	0.12596758545949932
3538	1113.72995616409	0.13893384550104224
3539	1113.982093876173	0.12731036241411317
3540	1114.234194700804	0.13141913306318062
3541	1114.4862586136119	0.13525219408168873
3542	1114.7382855902254	0.13577069148894544
3543	1114.990275606273	0.12937440624854457
3544	1115.2422286373835	0.12989158523719
3545	1115.4941446591854	0.1409389154622635
3546	1115.7460236473073	0.14414370472189128
3547	1115.997865577378	0.13918622385080645
3548	1116.249670425026	0.12731053344310375
3549	1116.5014381658802	0.12730554269886707
3550	1116.7531687755688	0.1306569927203757
3551	1117.004862229721	0.13280874877188784
3552	1117.256518503965	0.13207666607675328
3553	1117.5081375739296	0.14199014663149914
3554	1117.7597194152436	0.13063660724498358
3555	1118.0112640035354	0.11565971184361913
3556	1118.2627713144336	0.11913148338356228
3557	1118.5142413235671	0.14401483366942522
3558	1118.7656740065645	0.13609279373097768
3559	1119.0170693390544	0.14195562409138698
3560	1119.2684272966653	0.13203475885873447
3561	1119.519747855026	0.13553756370849124
3562	1119.771030989765	0.12106888895575052
3563	1120.0222766765114	0.1287128864487711
3564	1120.2734848908933	0.12792888137223746
3565	1120.5246556085394	0.1443409959405646
3566	1120.7757888050787	0.14015214925550087
3567	1121.0268844561397	0.15400762064510395
3568	1121.2779425373508	0.1489336519975456
3569	1121.5289630243408	0.14341072325490392
3570	1121.7799458927384	0.13211718926301977
3571	1122.0308911181721	0.127282357918574
3572	1122.2817986762711	0.1343529928130362
3573	1122.5326685426633	0.1351133930698679
3574	1122.7835006929777	0.13510766396179072
3575	1123.0342951028426	0.13161313364650415
3576	1123.2850517478876	0.1258449318091209
3577	1123.53577060374	0.12659663341754682
3578	1123.7864516460295	0.12228442526296869
3579	1124.0370948503844	0.14287495188730184
3580	1124.2877001924332	0.1315847812230502
3581	1124.5382676478048	0.12876477970695513
3582	1124.7887971921277	0.12584848660027576
3583	1125.0392888010306	0.11454920213531984
3584	1125.2897424501418	0.12882630840714412
3585	1125.5401581150907	0.14221022787667137
3586	1125.790535771505	0.14013017835608305
3587	1126.0408753950142	0.12358517659722283
3588	1126.2911769612463	0.13245107127606173
3589	1126.5414404458306	0.137887566330731
3590	1126.791665824395	0.13340018003760992
3591	1127.0418530725688	0.14180729560727873
3592	1127.2920021659802	0.12801482282795684
3593	1127.5421130802579	0.12504386133711273
3594	1127.792185791031	0.12202983155559811
3595	1128.0422202739276	0.10564537840750605
3596	1128.2922165045766	0.1295297174918617
3597	1128.5421744586065	0.13478661325745586
3598	1128.792094111646	0.12722462678978133
3599	1129.041975439324	0.14300643592315898
3600	1129.2918184172688	0.13028859194623507
3601	1129.5416230211092	0.13414579125913748
3602	1129.7913892264737	0.14309753187649263
3603	1130.0411170089913	0.14034018378578023
3604	1130.29080634429	0.1408620366823422
3605	1130.5404572079992	0.14258340810280726
3606	1130.790069575747	0.12421835736925856
3607	1131.0396434231625	0.1316967316519831
3608	1131.289178725874	0.13669593084114068
3609	1131.5386754595102	0.1443267638005178
3610	1131.7881335996997	0.13717970729901502
3611	1132.0375531220714	0.15619634897292123
3612	1132.2869340022537	0.14833107276992727
3613	1132.5362762158752	0.12873263598257925
3614	1132.7855797385646	0.13342745204693543
3615	1133.0348445459506	0.13594696834765044
3616	1133.2840706136622	0.12871409368242442
3617	1133.5332579173273	0.14250114468560135
3618	1133.782406432575	0.11820108703497471
3619	1134.031516135034	0.1204391998681057
3620	1134.2805870003328	0.1271403970447586
3621	1134.5296190041001	0.1402182852100117
3622	1134.7786121219647	0.1308202976372083
3623	1135.0275663295547	0.13543557404544873
3624	1135.2764816024992	0.1278854466221593
3625	1135.525357916427	0.13253506190264244
3626	1135.7741952469664	0.12111835505001833
3627	1136.022993569746	0.1271434608857862
3628	1136.2717528603946	0.12709155031567418
3629	1136.5204730945409	0.13731441164439373
3630	1136.7691542478135	0.12637899975624306
3631	1137.017796295841	0.13992491697474438
3632	1137.266399214252	0.14188536017905587
3633	1137.5149629786754	0.1445760058916931
3634	1137.7634875647393	0.14045718958029055
3635	1138.0119729480732	0.1445611707503072
3636	1138.260419104305	0.11197406200715779
3637	1138.5088260090636	0.12633439861825996
3638	1138.7571936379777	0.12477278257562148
3639	1139.0055219666756	0.13839993563589373
3640	1139.2538109707866	0.13037873434785996
3641	1139.5020606259386	0.1223295599771704
3642	1139.750270907761	0.12789639673541395
3643	1139.998441791882	0.1199973650441193
3644	1140.2465732539301	0.1403854140918383
3645	1140.4946652695344	0.12548928127285133
3646	1140.7427178143232	0.13949635713511346
3647	1140.9907308639251	0.14866300450250566
3648	1141.238704393969	0.13804388176091667
