Index	Intensity	Intensity
1	84.8958408169621	7209
2	85.3683223409273	7255
3	85.8408901889816	6697
4	86.31354432981983	5886
5	86.78628473213685	5429
6	87.25911136462754	6634
7	87.73202419598674	6199
8	88.20502319490933	6014
9	88.67810833009015	6469
10	89.15127957022408	5897
11	89.62453688400596	6258
12	90.09788024013066	5714
13	90.57130960729305	5835
14	91.04482495418799	6070
15	91.51842624951031	6859
16	91.9921134619549	6522
17	92.46588656021662	5392
18	92.93974551299031	7666
19	93.41369028897086	7133
20	93.8877208568531	6362
21	94.36183718533191	5385
22	94.83603924310214	4535
23	95.31032699885864	5182
24	95.78470042129631	5481
25	96.25915947910997	5561
26	96.7337041409945	5474
27	97.20833437564475	5841
28	97.6830501517556	5509
29	98.15785143802188	5582
30	98.63273820313847	5663
31	99.10771041580023	6399
32	99.58276804470202	6243
33	100.05791105853868	5645
34	100.5331394260051	5916
35	101.00845311579613	6197
36	101.48385209660663	6355
37	101.95933633713145	5591
38	102.43490580606546	5290
39	102.91056047210353	5926
40	103.38630030394049	5808
41	103.86212527027124	5341
42	104.3380353397906	4811
43	104.81403048119346	5736
44	105.29011066317467	5832
45	105.7662758544291	6487
46	106.24252602365158	7926
47	106.718861139537	7525
48	107.19528117078022	7570
49	107.67178608607608	6127
50	108.14837585411946	5373
51	108.6250504436052	5958
52	109.1018098232282	6077
53	109.57865396168327	6649
54	110.05558282766529	5472
55	110.53259638986914	5374
56	111.00969461698966	6373
57	111.4868774777217	6157
58	111.96414494076015	5640
59	112.44149697479985	6037
60	112.91893354853566	5745
61	113.39645463066246	5527
62	113.87406018987508	5726
63	114.3517501948684	5990
64	114.82952461433729	6155
65	115.30738341697658	5412
66	115.78532657148115	4950
67	116.26335404654586	5929
68	116.74146581086556	5330
69	117.21966183313512	5410
70	117.69794208204941	5257
71	118.17630652630328	6799
72	118.65475513459157	6846
73	119.13328787560917	6811
74	119.61190471805092	5794
75	120.09060563061169	6496
76	120.56939058198635	6568
77	121.04825954086975	5574
78	121.52721247595674	5140
79	122.0062493559422	6010
80	122.48537014952097	6209
81	122.96457482538794	5754
82	123.44386335223794	5237
83	123.92323569876585	5514
84	124.40269183366651	5538
85	124.8822317256348	5573
86	125.36185534336556	6312
87	125.84156265555367	6678
88	126.32135363089401	6268
89	126.80122823808139	5630
90	127.28118644581068	4902
91	127.76122822277677	6356
92	128.2413535376745	6576
93	128.72156235919874	5794
94	129.20185465604436	5747
95	129.68223039690616	6247
96	130.1626895504791	6449
97	130.64323208545795	5555
98	131.1238579705376	5575
99	131.60456717441295	6351
100	132.0853596657788	7528
101	132.56623541333005	5704
102	133.04719438576154	4985
103	133.52823655176817	6262
104	134.00936188004474	6257
105	134.49057033928614	5453
106	134.97186189818723	4803
107	135.45323652544286	4991
108	135.93469418974792	5262
109	136.4162348597972	4667
110	136.89785850428567	5147
111	137.3795650919081	5296
112	137.86135459135937	6055
113	138.3432269713344	5404
114	138.82518220052796	5232
115	139.30722024763494	5936
116	139.78934108135024	5842
117	140.27154467036868	5578
118	140.75383098338514	5771
119	141.23619998909447	6151
120	141.71865165619153	5580
121	142.20118595337118	5164
122	142.6838028493283	5512
123	143.1665023127577	5314
124	143.64928431235433	5630
125	144.13214881681293	5673
126	144.61509579482845	5075
127	145.09812521509573	5788
128	145.58123704630964	6002
129	146.06443125716498	6641
130	146.5477078163567	5722
131	147.0310666925796	5906
132	147.51450785452857	6333
133	147.99803127089845	6284
134	148.4816369103841	5354
135	148.96532474168038	6214
136	149.44909473348218	5852
137	149.93294685448433	5576
138	150.41688107338166	5120
139	150.90089735886912	4922
140	151.3849956796415	5187
141	151.86917600439367	5726
142	152.35343830182052	4771
143	152.83778254061687	6252
144	153.3222086894776	5459
145	153.80671671709757	4730
146	154.29130659217168	5701
147	154.7759782833947	6878
148	155.26073175946158	6115
149	155.7455669890671	5975
150	156.2304839409062	5193
151	156.7154825836737	5260
152	157.2005628860644	5937
153	157.6857248167733	5455
154	158.17096834449512	5775
155	158.65629343792483	6134
156	159.14170006575722	6083
157	159.6271881966872	5002
158	160.1127577994096	4778
159	160.59840884261928	7012
160	161.08414129501108	6581
161	161.56995512527988	5946
162	162.05585030212058	4836
163	162.541826794228	5130
164	163.027884570297	5366
165	163.51402359902244	4800
166	164.0002438490992	4680
167	164.4865452892221	6223
168	164.97292788808608	6780
169	165.45939161438588	7216
170	165.94593643681645	8252
171	166.43256232407265	7367
172	166.91926924484932	6946
173	167.40605716784128	5653
174	167.89292606174348	6282
175	168.37987589525068	5679
176	168.8669066370578	5799
177	169.35401825585973	5166
178	169.84121072035123	5458
179	170.32848399922727	5373
180	170.81583806118266	6261
181	171.30327287491224	5599
182	171.79078840911086	5603
183	172.2783846324735	6249
184	172.76606151369484	5905
185	173.25381902146987	5139
186	173.74165712449343	5722
187	174.22957579146032	5965
188	174.71757499106548	5877
189	175.20565469200372	5223
190	175.69381486296993	5007
191	176.18205547265893	6039
192	176.6703764897656	6625
193	177.15877788298482	6425
194	177.64725962101144	5642
195	178.13582167254032	5859
196	178.6244640062663	6125
197	179.11318659088425	5059
198	179.60198939508905	4970
199	180.09087238757553	5604
200	180.57983553703858	6494
201	181.068878812173	6526
202	181.55800218167377	6256
203	182.04720561423565	5873
204	182.53648907855353	6594
205	183.02585254332226	5825
206	183.51529597723672	4976
207	184.00481934899176	5462
208	184.4944226272822	6209
209	184.98410578080296	4856
210	185.4738687782489	4555
211	185.96371158831488	5103
212	186.45363417969568	5490
213	186.94363652108626	5288
214	187.43371858118144	6644
215	187.92388032867603	6519
216	188.41412173226502	6908
217	188.90444276064312	5916
218	189.39484338250531	6052
219	189.8853235665464	5918
220	190.3758832814612	6774
221	190.86652249594468	5246
222	191.35724117869162	5734
223	191.8480392983969	5842
224	192.33891682375543	6248
225	192.82987372346196	5147
226	193.32090996621145	4966
227	193.8120255206987	6440
228	194.3032203556186	5671
229	194.79449443966604	5551
230	195.2858477415358	5180
231	195.7772802299228	5256
232	196.2687918735219	5787
233	196.76038264102795	4882
234	197.25205250113578	4786
235	197.7438014225403	5901
236	198.23562937393632	5923
237	198.72753632401873	4753
238	199.21952224148242	5557
239	199.7115870950222	5397
240	200.20373085333296	6036
241	200.69595348510956	5876
242	201.18825495904682	5427
243	201.68063524383962	5486
244	202.17309430818284	5612
245	202.66563212077133	5238
246	203.15824865029998	4892
247	203.6509438654636	5842
248	204.14371773495705	5105
249	204.63657022747523	4872
250	205.129501311713	4833
251	205.62251095636515	5775
252	206.1155991301266	5629
253	206.60876580169224	6710
254	207.1020109397569	5182
255	207.59533451301542	5184
256	208.08873649016266	6429
257	208.58221683989348	6063
258	209.07577553090277	5891
259	209.5694125318854	5220
260	210.06312781153616	5129
261	210.55692133854996	5102
262	211.0507930816217	4833
263	211.54474300944614	5637
264	212.03877109071823	6497
265	212.5328772941328	5752
266	213.02706158838464	5647
267	213.52132394216875	6232
268	214.0156643241799	5651
269	214.51008270311297	5586
270	215.0045790476628	5327
271	215.49915332652427	5575
272	215.99380550839226	5063
273	216.48853556196156	4893
274	216.98334345592713	4740
275	217.47822915898377	5416
276	217.97319263982632	5803
277	218.4682338671497	5763
278	218.9633528096487	6170
279	219.45854943601825	6322
280	219.95382371495316	6332
281	220.44917561514836	5708
282	220.94460510529865	5063
283	221.44011215409887	6434
284	221.93569673024388	6072
285	222.43135880242863	5009
286	222.92709833934794	5307
287	223.42291530969658	8003
288	223.91880968216952	6327
289	224.41478142546157	6285
290	224.91083050826762	5762
291	225.40695689928253	5116
292	225.9031605672011	5648
293	226.39944148071828	6023
294	226.89579960852888	5009
295	227.39223491932768	6587
296	227.8887473818097	6734
297	228.3853369646697	5921
298	228.88200363660263	4802
299	229.37874736630323	5280
300	229.8755681224664	6031
301	230.37246587378706	5964
302	230.86944058896	6536
303	231.36649223668013	5931
304	231.86362078564224	6270
305	232.3608262045413	5662
306	232.85810846207204	5738
307	233.35546752692943	6550
308	233.85290336780832	6535
309	234.35041595340346	5479
310	234.84800525240985	5618
311	235.3456712335223	7395
312	235.8434138654356	6709
313	236.3412331168447	6727
314	236.83912895644443	7466
315	237.3371013529296	6679
316	237.83515027499521	5855
317	238.33327569133598	5683
318	238.83147757064683	4753
319	239.32975588162265	6388
320	239.82811059295824	5982
321	240.32654167334846	5340
322	240.82504909148815	5111
323	241.3236328160723	5576
324	241.82229281579566	5396
325	242.32102905935307	4712
326	242.81984151543946	4795
327	243.3187301527497	5758
328	243.8176949399786	6645
329	244.31673584582097	5926
330	244.8158528389718	6294
331	245.3150458881259	6483
332	245.81431496197808	5692
333	246.31366002922323	5038
334	246.81308105855624	4656
335	247.3125780186719	5830
336	247.8121508782652	5837
337	248.31179960603083	5455
338	248.8115241706638	5118
339	249.31132454085883	6493
340	249.81120068531095	6857
341	250.3111525727149	5999
342	250.81118017176556	5838
343	251.31128345115775	6351
344	251.81146237958643	5899
345	252.3117169257464	5336
346	252.81204705833255	5572
347	253.3124527460397	7796
348	253.81293395756273	7436
349	254.31349066159652	6046
350	254.8141228268359	5029
351	255.31483042197573	5311
352	255.8156134157109	5261
353	256.3164717767362	5857
354	256.8174054737466	5716
355	257.3184144754369	5617
356	257.8194987505019	5987
357	258.3206582676366	5408
358	258.8218929955358	6137
359	259.32320290289425	6077
360	259.824587958407	5919
361	260.32604813076875	5643
362	260.8275833886744	4873
363	261.3291937008189	6036
364	261.830879035897	6463
365	262.33263936260363	6061
366	262.83447464963365	6134
367	263.33638486568185	6187
368	263.83836997944314	6202
369	264.3404299596124	6239
370	264.84256477488447	5840
371	265.3447743939542	6242
372	265.8470587855164	6404
373	266.34941791826606	6742
374	266.85185176089794	5159
375	267.35436028210694	6493
376	267.8569434505879	6812
377	268.3596012350357	5943
378	268.8623336041452	5175
379	269.3651405266112	6217
380	269.86802197112866	5698
381	270.3709779063924	5203
382	270.8740083010972	5634
383	271.37711312393805	6165
384	271.88029234360977	5615
385	272.3835459288071	5377
386	272.8868738482251	4652
387	273.3902760705585	5771
388	273.89375256450217	6156
389	274.397303298751	6950
390	274.90092824199985	6181
391	275.4046273629436	5379
392	275.9084006302771	6342
393	276.4122480126951	5187
394	276.91616947889264	5572
395	277.4201649975645	5681
396	277.9242345374055	6452
397	278.4283780671105	5274
398	278.9325955553744	5649
399	279.4368869708921	5580
400	279.9412522823584	5339
401	280.44569145846816	5500
402	280.9502044679163	5783
403	281.4547912793976	5262
404	281.95945186160696	5420
405	282.46418618323924	5238
406	282.9689942129893	4840
407	283.473875919552	5488
408	283.9788312716222	5434
409	284.48386023789476	5304
410	284.9889627870645	6164
411	285.49413888782635	5601
412	285.9993885088752	5543
413	286.50471161890573	5749
414	287.010108186613	6329
415	287.51557818069176	6162
416	288.0211215698369	6296
417	288.5267383227433	5743
418	289.03242840810583	4987
419	289.53819179461925	5454
420	290.04402845097854	5383
421	290.5499383458785	5283
422	291.055921448014	5582
423	291.56197772607993	7116
424	292.06810714877105	6973
425	292.57430968478235	5512
426	293.08058530280863	5276
427	293.58693397154474	6694
428	294.0933556596856	6002
429	294.59985033592596	5004
430	295.1064179689607	4717
431	295.61305852748484	9004
432	296.1197719801931	8249
433	296.62655829578034	6294
434	297.13341744294144	5158
435	297.6403493903713	5386
436	298.1473541067647	6795
437	298.6544315608166	6612
438	299.16158172122175	5740
439	299.66880455667507	5847
440	300.17610003587146	5719
441	300.6834681275057	4828
442	301.1909088002727	4234
443	301.69842202286736	5316
444	302.2060077639844	6459
445	302.71366599231885	5880
446	303.22139667656546	5189
447	303.7291997854191	5762
448	304.23707528757467	6127
449	304.74502315172697	5014
450	305.25304334657096	4633
451	305.7611358408014	5951
452	306.2693006031132	5909
453	306.7775376022012	5694
454	307.28584680676033	4819
455	307.79422818548534	5400
456	308.30268170707114	5542
457	308.8112073402126	5021
458	309.31980505360457	5850
459	309.82847481594195	6616
460	310.33721659591953	7334
461	310.84603036223217	5366
462	311.35491608357484	4481
463	311.86387372864226	6104
464	312.3729032661294	6942
465	312.8820046647311	5604
466	313.3911778931421	4527
467	313.9004229200574	5490
468	314.40973971417185	5522
469	314.91912824418023	4432
470	315.42858847877744	5190
471	315.9381203866584	5471
472	316.4477239365179	6373
473	316.9573990970508	5796
474	317.467145836952	5494
475	317.9769641249163	5544
476	318.48685392963864	6463
477	318.9968152198138	5095
478	319.5068479641367	5326
479	320.01695213130216	5667
480	320.5271276900051	6628
481	321.0373746089403	5424
482	321.5476928568027	4400
483	322.0580824022871	6403
484	322.5685432140884	7638
485	323.0790752609014	5608
486	323.589678511421	4467
487	324.1003529343421	6631
488	324.61109849835947	6478
489	325.1219151721681	4789
490	325.6328029244627	5443
491	326.1437617239382	6156
492	326.65479153928953	5651
493	327.16589233921144	5053
494	327.67706409239884	5117
495	328.1883067675466	5732
496	328.6996203333495	6407
497	329.21100475850255	5412
498	329.7224600117005	4732
499	330.2339860616382	5227
500	330.7455828770106	6034
501	331.2572504265124	5726
502	331.76898867883864	5680
503	332.2807976026841	6177
504	332.79267716674366	5599
505	333.30462733971217	5397
506	333.81664809028445	5100
507	334.32873938715545	7472
508	334.8409011990199	7090
509	335.35313349457283	6533
510	335.86543624250896	5253
511	336.37780941152323	6034
512	336.8902529703104	5911
513	337.40276688756546	5287
514	337.91535113198324	5084
515	338.4280056722585	5835
516	338.94073047708616	6031
517	339.4535255151611	5570
518	339.9663907551782	5286
519	340.47932616583233	5409
520	340.9923317158183	5559
521	341.5054073738309	4500
522	342.01855310856513	4873
523	342.53176888871576	5622
524	343.04505468297776	6244
525	343.5584104600458	5193
526	344.07183618861495	4301
527	344.5853318373799	5493
528	345.0988973750356	5807
529	345.61253277027697	4679
530	346.1262379917987	5779
531	346.6400130082958	6285
532	347.15385778846303	5982
533	347.6677723009953	5209
534	348.1817565145875	4533
535	348.69581039793445	5309
536	349.20993391973104	5881
537	349.7241270486721	5072
538	350.2383897534524	4851
539	350.752722002767	5275
540	351.2671237653106	5863
541	351.78159500977813	5270
542	352.29613570486447	4690
543	352.8107458192644	5572
544	353.32542532167287	6271
545	353.8401741807847	5498
546	354.3549923652947	4852
547	354.8698798438978	6372
548	355.38483658528884	6370
549	355.8998625581627	6927
550	356.4149577312142	5368
551	356.93012207313825	5445
552	357.4453555526297	6826
553	357.96065813838334	5444
554	358.4760297990941	4715
555	358.9914705034568	5538
556	359.5069802201663	6545
557	360.02255891791754	5323
558	360.53820656540535	4607
559	361.0539231313245	5500
560	361.5697085843699	5829
561	362.08556289323644	4787
562	362.601486026619	4594
563	363.11747795321236	5397
564	363.6335386417115	6341
565	364.1496680608111	5495
566	364.66586617920615	4826
567	365.1821329655915	5737
568	365.69846838866204	6736
569	366.21487241711253	4966
570	366.7313450196379	5072
571	367.247886164933	5138
572	367.7644958216927	5365
573	368.2811739586118	4795
574	368.79792054438525	3962
575	369.31473554770787	5188
576	369.8316189372745	5802
577	370.34857068178	6171
578	370.8655907499193	5375
579	371.3826791103872	5306
580	371.89983573187857	5610
581	372.41706058308824	5513
582	372.9343536327111	4821
583	373.45171484944206	6596
584	373.9691442019759	7079
585	374.48664165900743	5977
586	375.0042071892317	6119
587	375.5218407613434	6985
588	376.0395423440375	6551
589	376.5573119060088	5778
590	377.0751494159521	4642
591	377.5930548425624	6066
592	378.11102815453455	6267
593	378.62906932056325	5234
594	379.1471783093435	5005
595	379.6653550895701	5152
596	380.183599629938	5812
597	380.7019118991419	4924
598	381.22029186587685	4333
599	381.73873949883756	5094
600	382.257254766719	5645
601	382.7758376382159	4474
602	383.2944880820232	3949
603	383.8132060668358	5288
604	384.3319915613485	5572
605	384.8508445342561	4870
606	385.36976495425364	5161
607	385.8887527900359	5346
608	386.40780801029763	5162
609	386.9269305837338	4540
610	387.4461204790393	3796
611	387.96537766490883	5394
612	388.48470211003746	6501
613	389.0040937831199	5827
614	389.5235526528511	5249
615	390.04307868792586	6097
616	390.56267185703905	7004
617	391.0823321288855	6233
618	391.6020594721602	4850
619	392.12185385555784	6315
620	392.6417152477734	6851
621	393.16164361750174	5372
622	393.6816389334376	5277
623	394.20170116427596	6137
624	394.72183027871165	6449
625	395.2420262454395	5244
626	395.76228903315445	4826
627	396.2826186105512	5710
628	396.8030149463248	6196
629	397.32347800917	5218
630	397.84400776778165	5440
631	398.3646041908547	6044
632	398.88526724708396	6556
633	399.4059969051642	5503
634	399.92679313379045	4958
635	400.44765590165747	5024
636	400.9685851774601	5500
637	401.48958092989324	5020
638	402.0106431276518	5190
639	402.5317717394305	5669
640	403.05296673392434	6313
641	403.5742280798282	6266
642	404.09555574583675	5129
643	404.61694970064497	5187
644	405.13840991294774	6343
645	405.6599363514399	5580
646	406.18152898481634	4853
647	406.7031877817719	5312
648	407.22491271100137	5662
649	407.7467037411997	6197
650	408.26856084106174	4853
651	408.7904839792823	6226
652	409.3124731245563	6572
653	409.8345282455785	6329
654	410.3566493110439	5523
655	410.87883628964727	6241
656	411.4010891500835	6992
657	411.92340786104745	5739
658	412.44579239123397	4459
659	412.96824270933786	5216
660	413.4907587840541	6643
661	414.01334058407747	6901
662	414.5359880781029	5066
663	415.05870123482515	6149
664	415.58148002293916	6439
665	416.10432441113977	5550
666	416.62723436812183	5098
667	417.1502098625802	5687
668	417.6732508632097	6028
669	418.1963573387053	4943
670	418.7195292577618	4078
671	419.242766589074	5958
672	419.76606930133687	6571
673	420.2894373632452	5050
674	420.8128707434938	6252
675	421.3363694107777	6227
676	421.8599333337916	6110
677	422.38356248123046	5287
678	422.9072568217891	5232
679	423.43101632416233	6386
680	423.95484095704506	6032
681	424.4787306891322	5766
682	425.0026854891185	5081
683	425.5267053256989	5876
684	426.05079016756827	6189
685	426.57493998342136	5291
686	427.0991547419532	5128
687	427.6234344118585	5561
688	428.1477789618322	5567
689	428.6721883605692	4818
690	429.1966625767642	4397
691	429.72120157911223	5093
692	430.2458053363081	5632
693	430.7704738170466	5005
694	431.2952069900227	4849
695	431.82000482393113	5291
696	432.34486728746685	5893
697	432.8697943493247	5375
698	433.3947859781995	5017
699	433.9198421427862	5868
700	434.44496281177953	5572
701	434.9701479538745	5167
702	435.49539753776594	5339
703	436.02071153214854	6794
704	436.5460899057174	6392
705	437.0715326271672	4491
706	437.5970396651929	4411
707	438.1226109884892	5267
708	438.6482465657512	6360
709	439.17394636567366	6008
710	439.6997103569514	5154
711	440.2255385082793	5253
712	440.75143078835225	6038
713	441.27738716586515	5207
714	441.80340760951265	4525
715	442.3294920879899	4948
716	442.8556405699915	6791
717	443.3818530242125	6153
718	443.90812941934763	5152
719	444.4344697240919	5597
720	444.96087390714007	6207
721	445.48734193718695	4788
722	446.0138737829275	4416
723	446.5404694130565	5313
724	447.0671287962689	5985
725	447.5938519012595	4764
726	448.1206386967231	4932
727	448.64748915135476	5467
728	449.1744032338491	6116
729	449.7013809129012	5548
730	450.2284221572057	6282
731	450.7555269354577	6205
732	451.2826952163518	6702
733	451.80992696858306	5666
734	452.3372221608463	5588
735	452.86458076183635	6812
736	453.392002740248	6612
737	453.9194880647762	4782
738	454.4470367041159	4325
739	454.97464862696177	5173
740	455.5023238020088	5620
741	456.03006219795174	5978
742	456.5578637834856	5198
743	457.0857285273051	6396
744	457.6136563981052	6980
745	458.1416473645807	5117
746	458.66970139542644	4485
747	459.1978184593374	4998
748	459.72599852500827	5879
749	460.254241561134	5562
750	460.7825475364095	4982
751	461.3109164195296	5985
752	461.83934817918913	5927
753	462.3678427840829	5332
754	462.89640020290585	4365
755	463.4250204043529	4764
756	463.9537033571187	5386
757	464.4824490298983	4933
758	465.01125739138655	5211
759	465.54012841027816	6120
760	466.06906205526815	6537
761	466.5980582950514	4833
762	467.1271170983226	4734
763	467.65623843377676	5357
764	468.18542227010863	5255
765	468.71466857601314	5323
766	469.24397732018514	5980
767	469.7733484713195	5932
768	470.302781998111	5853
769	470.83227786925465	4940
770	471.3618360534452	4751
771	471.8914565193775	6365
772	472.4211392357464	5935
773	472.9508841712469	6252
774	473.4806912945738	5479
775	474.0105605744218	5269
776	474.540491979486	5930
777	475.070485478461	5059
778	475.60054104004195	4046
779	476.1306586329236	4868
780	476.66083822580066	5639
781	477.19107978736815	5134
782	477.72138328632093	4709
783	478.2517486913537	5196
784	478.78217597116156	5627
785	479.3126650944392	5485
786	479.84321602988155	5028
787	480.37382874618345	7306
788	480.90450321203974	7282
789	481.43523939614533	4932
790	481.9660372671951	4813
791	482.4968967938837	5987
792	483.02781794490625	6533
793	483.5588006889575	5153
794	484.0898449947324	4801
795	484.6209508309256	5391
796	485.1521181662322	5667
797	485.68334696934687	4924
798	486.21463720896463	4486
799	486.7459888537802	6579
800	487.27740187248855	5625
801	487.8088762337844	4646
802	488.3404119063628	4549
803	488.8720088589185	4982
804	489.4036670601464	5336
805	489.9353864787413	5066
806	490.46716708339807	4715
807	490.9990088428117	5882
808	491.5309117256769	6799
809	492.0628757006885	5455
810	492.59490073654143	4288
811	493.1269868019307	5004
812	493.65913386555087	5830
813	494.1913418960971	5569
814	494.723610862264	5624
815	495.25594073274664	6439
816	495.78833147623965	6175
817	496.3207830614381	5955
818	496.8532954570367	4956
819	497.38586863173055	5697
820	497.9185025542141	6294
821	498.45119719318257	5827
822	498.98395251733075	5048
823	499.51676849535346	5763
824	500.0496450959455	5769
825	500.5825822878017	5311
826	501.1155800396171	5291
827	501.64863832008643	6142
828	502.18175709790466	6462
829	502.7149363417665	6928
830	503.24817602036694	5486
831	503.7814761024007	6071
832	504.31483655656274	5531
833	504.84825735154794	5637
834	505.38173845605104	5017
835	505.9152798387671	6092
836	506.4488814683908	6510
837	506.98254331361716	5224
838	507.5162653431408	5357
839	508.0500475256568	5785
840	508.58388982985997	6794
841	509.11779222444505	5384
842	509.6517546781071	4525
843	510.18577715954086	5374
844	510.7198596374412	6002
845	511.25400208050297	6857
846	511.788204457421	6322
847	512.3224667368903	6661
848	512.8567888876055	5893
849	513.3911708782616	5446
850	513.9256126775537	4443
851	514.4601142541761	4929
852	514.9946755768241	5526
853	515.5292966141924	4713
854	516.0639773349759	4594
855	516.5987177078695	5342
856	517.1335177015679	5689
857	517.6683772847663	4859
858	518.2032964261591	4599
859	518.7382750944415	5497
860	519.2733132583082	6663
861	519.8084108864541	6334
862	520.3435679475741	5530
863	520.8787844103631	5634
864	521.4140602435158	5953
865	521.9493954157272	5915
866	522.4847898956921	5734
867	523.0202436521054	6210
868	523.5557566536619	6462
869	524.0913288690565	5666
870	524.626960266984	5620
871	525.1626508161395	5529
872	525.6984004852175	6126
873	526.234209242913	6171
874	526.770077057921	5667
875	527.3060038989362	5750
876	527.8419897346537	6607
877	528.3780345337678	5245
878	528.9141382649741	5247
879	529.450300896967	5530
880	529.9865223984414	5773
881	530.5228027380922	4969
882	531.0591418846143	4524
883	531.5955398067026	5240
884	532.1319964730519	5567
885	532.6685118523569	5369
886	533.2050859133127	4864
887	533.7417186246141	5406
888	534.2784099549561	6316
889	534.8151598730332	5449
890	535.3519683475405	4907
891	535.8888353471729	5356
892	536.4257608406251	6427
893	536.9627447965921	5949
894	537.4997871837686	5512
895	538.0368879708495	5972
896	538.57404712653	6563
897	539.1112646195045	5615
898	539.6485404184681	5337
899	540.1858744921155	5247
900	540.7232668091418	5496
901	541.2607173382416	5545
902	541.79822604811	5648
903	542.3357929074417	6871
904	542.8734178849315	6286
905	543.4111009492746	5764
906	543.9488420691655	5490
907	544.4866412132991	6343
908	545.0244983503704	6029
909	545.5624134490743	5849
910	546.1003864781055	4883
911	546.6384174061589	5840
912	547.1765062019294	6166
913	547.7146528341118	5831
914	548.2528572714011	5429
915	548.791119482492	5599
916	549.3294394360795	5341
917	549.8678171008582	5993
918	550.4062524455235	5111
919	550.9447454387696	5531
920	551.4832960492919	6063
921	552.0219042457849	5254
922	552.5605699969435	5044
923	553.0992932714628	6179
924	553.6380740380374	6056
925	554.1769122653624	5232
926	554.7158079221324	4542
927	555.2547609770425	5453
928	555.7937713987874	5500
929	556.332839156062	4462
930	556.8719642175612	4623
931	557.4111465519798	5795
932	557.9503861280127	5981
933	558.4896829143548	5289
934	559.0290368797008	5004
935	559.5684479927459	6247
936	560.1079162221845	6880
937	560.6474415367118	6255
938	561.1870239050226	5169
939	561.7266632958116	6256
940	562.2663596777738	6035
941	562.8061130196041	4652
942	563.3459232899972	4760
943	563.8857904576481	5591
944	564.4257144912517	6858
945	564.9656953595028	6395
946	565.5057330310962	5023
947	566.0458274747266	5310
948	566.5859786590893	6725
949	567.1261865528788	5893
950	567.66645112479	5656
951	568.206772343518	6098
952	568.7471501777575	6259
953	569.2875845962033	5013
954	569.8280755675503	5262
955	570.3686230604933	5577
956	570.9092270437275	5564
957	571.4498874859472	4977
958	571.9906043558477	4676
959	572.5313776221238	5210
960	573.0722072534702	5234
961	573.6130932185819	4820
962	574.1540354861536	4611
963	574.6950340248803	5128
964	575.2360888034568	6303
965	575.7771997905782	5167
966	576.3183669549388	5768
967	576.859590265234	6395
968	577.4008696901585	5879
969	577.9422051984069	6602
970	578.4835967586746	5654
971	579.0250443396559	5606
972	579.566547910046	7146
973	580.1081074385396	5206
974	580.6497228938317	5498
975	581.1913942446171	5755
976	581.7331214595906	5600
977	582.2749045074471	5588
978	582.8167433568815	5339
979	583.3586379765886	5996
980	583.9005883352633	5521
981	584.4425944016004	4336
982	584.9846561442948	4884
983	585.5267735320415	5187
984	586.0689465335352	5603
985	586.6111751174707	5055
986	587.153459252543	4922
987	587.6957989074468	5971
988	588.2381940508773	6124
989	588.780644651529	5779
990	589.3231506780969	4688
991	589.8657120992758	5509
992	590.4083288837606	5539
993	590.9510010002462	5379
994	591.4937284174275	4747
995	592.0365111039993	5865
996	592.5793490286563	5995
997	593.1222421600936	5208
998	593.6651904670061	4726
999	594.2081939180883	5056
1000	594.7512524820355	5586
1001	595.2943661275423	5193
1002	595.8375348233035	5139
1003	596.3807585380142	6264
1004	596.924037240369	5824
1005	597.467370899063	5183
1006	598.010759482791	5042
1007	598.5542029602477	5794
1008	599.0977013001282	5830
1009	599.6412544711271	5052
1010	600.1848624419395	5419
1011	600.72852518126	5851
1012	601.2722426577837	5375
1013	601.8160148402054	4866
1014	602.35984169722	5388
1015	602.9037231975223	5650
1016	603.4476593098071	5709
1017	603.9916500027692	5703
1018	604.5356952451039	6047
1019	605.0797950055055	6145
1020	605.6239492526691	6255
1021	606.1681579552896	6317
1022	606.7124210820617	5927
1023	607.2567386016806	6609
1024	607.8011104828408	7007
1025	608.3455366942374	6008
1026	608.8900172045651	5468
1027	609.4345519825188	6826
1028	609.9791409967934	7204
1029	610.5237842160838	6116
1030	611.0684816090846	5588
1031	611.613233144491	6249
1032	612.1580387909978	6712
1033	612.7028985172997	7130
1034	613.2478122920918	6227
1035	613.7927800840686	6323
1036	614.3378018619252	6710
1037	614.8828775943565	6128
1038	615.4280072500571	6594
1039	615.9731907977222	5790
1040	616.5184282060466	6154
1041	617.0637194437248	5483
1042	617.6090644794522	5270
1043	618.1544632819233	5965
1044	618.6999158198329	5750
1045	619.2454220618762	6401
1046	619.7909819767478	5745
1047	620.3365955331425	5938
1048	620.8822626997554	6306
1049	621.4279834452813	7384
1050	621.973757738415	5896
1051	622.5195855478513	6384
1052	623.0654668422851	6302
1053	623.6114015904113	5997
1054	624.1573897609248	5204
1055	624.7034313225205	6050
1056	625.249526243893	6858
1057	625.7956744937375	5882
1058	626.3418760407485	6272
1059	626.8881308536211	7017
1060	627.4344389010502	6892
1061	627.9808001517306	6854
1062	628.5272145743569	5970
1063	629.0736821376244	6722
1064	629.6202028102276	7098
1065	630.1667765608618	6503
1066	630.7134033582213	5886
1067	631.2600831710013	6732
1068	631.8068159678967	7286
1069	632.3536017176021	6601
1070	632.9004403888126	6684
1071	633.4473319502229	6338
1072	633.994276370528	6946
1073	634.5412736184227	7194
1074	635.0883236626019	6726
1075	635.6354264717603	6495
1076	636.182582014593	7166
1077	636.7297902597946	7459
1078	637.2770511760601	6688
1079	637.8243647320845	7301
1080	638.3717308965624	7982
1081	638.9191496381889	7519
1082	639.4666209256585	7246
1083	640.0141447276666	7457
1084	640.5617210129076	8150
1085	641.1093497500765	7012
1086	641.6570309078681	6335
1087	642.2047644549775	7343
1088	642.7525503600993	7202
1089	643.3003885919286	7114
1090	643.8482791191599	7385
1091	644.3962219104885	7564
1092	644.9442169346089	7819
1093	645.4922641602162	6622
1094	646.0403635560051	7195
1095	646.5885150906704	7740
1096	647.1367187329073	8982
1097	647.6849744514103	8502
1098	648.2332822148745	7678
1099	648.7816419919945	7772
1100	649.3300537514656	8871
1101	649.8785174619821	7728
1102	650.4270330922394	8000
1103	650.9756006109319	7914
1104	651.5242199867547	8809
1105	652.0728911884027	8680
1106	652.6216141845706	8496
1107	653.1703889439535	9405
1108	653.7192154352459	10831
1109	654.2680936271429	9494
1110	654.8170234883395	8639
1111	655.3660049875303	9161
1112	655.9150380934102	9242
1113	656.464122774674	8963
1114	657.0132590000169	8621
1115	657.5624467381334	9302
1116	658.1116859577185	10525
1117	658.6609766274671	10227
1118	659.210318716074	9591
1119	659.7597121922339	10605
1120	660.309157024642	10700
1121	660.858653181993	10524
1122	661.4082006329816	10869
1123	661.957799346303	10899
1124	662.5074492906517	12007
1125	663.0571504347229	11190
1126	663.6069027472112	10690
1127	664.1567061968115	11669
1128	664.7065607522188	12042
1129	665.2564663821278	11289
1130	665.8064230552334	12150
1131	666.3564307402306	12969
1132	666.9064894058141	13626
1133	667.4565990206788	12240
1134	668.0067595535197	12782
1135	668.5569709730313	13565
1136	669.1072332479089	14268
1137	669.657546346847	14399
1138	670.2079102385408	13867
1139	670.7583248916848	14155
1140	671.3087902749741	13789
1141	671.8593063571035	13621
1142	672.4098731067679	13578
1143	672.960490492662	14412
1144	673.5111584834809	15252
1145	674.0618770479193	13888
1146	674.612646154672	13478
1147	675.163465772434	14037
1148	675.7143358699003	14164
1149	676.2652564157654	13943
1150	676.8162273787242	13820
1151	677.3672487274719	15434
1152	677.9183204307033	15607
1153	678.4694424571128	14613
1154	679.0206147753958	14077
1155	679.5718373542468	15047
1156	680.1231101623608	14724
1157	680.6744331684328	13656
1158	681.2258063411574	13131
1159	681.7772296492296	13667
1160	682.3287030613442	13913
1161	682.8802265461962	13065
1162	683.4318000724803	12196
1163	683.9834236088915	13836
1164	684.5350971241245	13722
1165	685.0868205868743	27026
1166	685.6385939658356	18897
1167	686.1904172297035	16273
1168	686.7422903471726	14271
1169	687.294213286938	12986
1170	687.8461860176943	12395
1171	688.3982085081367	11972
1172	688.9502807269597	13023
1173	689.5024026428583	12760
1174	690.0545742245274	12100
1175	690.6067954406619	12657
1176	691.1590662599567	13242
1177	691.7113866511065	12083
1178	692.2637565828062	12190
1179	692.8161760237507	12938
1180	693.3686449426348	14022
1181	693.9211633081534	12299
1182	694.4737310890014	12025
1183	695.0263482538737	12041
1184	695.579014771465	11722
1185	696.1317306104703	11768
1186	696.6844957395843	11251
1187	697.2373101275022	12593
1188	697.7901737429183	12193
1189	698.3430865545281	11694
1190	698.8960485310259	11496
1191	699.4490596411069	11932
1192	700.0021198534661	11954
1193	700.5552291367978	11840
1194	701.1083874597974	13315
1195	701.6615947911594	12583
1196	702.2148510995789	12306
1197	702.7681563537507	12082
1198	703.3215105223695	11808
1199	703.8749135741303	12459
1200	704.4283654777281	12500
1201	704.9818662018577	12064
1202	705.5354157152135	11487
1203	706.089013986491	11472
1204	706.6426609843849	11444
1205	707.1963566775897	11082
1206	707.7501010348007	10844
1207	708.3038940247123	11153
1208	708.8577356160199	11959
1209	709.4116257774181	12407
1210	709.9655644776016	11024
1211	710.5195516852655	11384
1212	711.0735873691045	11293
1213	711.6276714978136	10416
1214	712.1818040400876	10039
1215	712.7359849646214	12094
1216	713.2902142401098	11849
1217	713.8444918352476	10362
1218	714.3988177187298	9690
1219	714.9531918592511	10456
1220	715.5076142255066	10556
1221	716.062084786191	10807
1222	716.6166035099991	10141
1223	717.1711703656259	10497
1224	717.7257853217662	10397
1225	718.2804483471148	9419
1226	718.8351594103667	9258
1227	719.3899184802167	10866
1228	719.9447255253594	10981
1229	720.4995805144902	10715
1230	721.0544834163036	10549
1231	721.6094341994943	11373
1232	722.1644328327577	10258
1233	722.7194792847881	10542
1234	723.2745735242808	9751
1235	723.8297155199303	11243
1236	724.3849052404317	10745
1237	724.9401426544797	10035
1238	725.4954277307693	10193
1239	726.0507604379953	10017
1240	726.6061407448526	10030
1241	727.161568620036	9321
1242	727.7170440322403	9418
1243	728.2725669501606	10484
1244	728.8281373424916	10623
1245	729.383755177928	9774
1246	729.9394204251649	9839
1247	730.4951330528972	9514
1248	731.0508930298195	9940
1249	731.6067003246269	9696
1250	732.1625549060141	9701
1251	732.718456742676	10153
1252	733.2744058033076	10845
1253	733.8304020566037	10795
1254	734.386445471259	9954
1255	734.9425360159685	9577
1256	735.498673659427	10098
1257	736.0548583703293	9107
1258	736.6110901173705	9940
1259	737.1673688692453	10211
1260	737.7236945946485	10290
1261	738.280067262275	9302
1262	738.8364868408198	9497
1263	739.3929532989777	9330
1264	739.9494666054433	10741
1265	740.5060267289117	9657
1266	741.0626336380778	9726
1267	741.6192873016364	10589
1268	742.1759876882825	10822
1269	742.7327347667106	9964
1270	743.2895285056159	10628
1271	743.846368873693	10917
1272	744.403255839637	10650
1273	744.9601893721426	10876
1274	745.5171694399048	10505
1275	746.0741960116183	9697
1276	746.6312690559779	10179
1277	747.1883885416788	9554
1278	747.7455544374156	9381
1279	748.3027667118832	9864
1280	748.8600253337765	9988
1281	749.4173302717904	9416
1282	749.9746814946196	9408
1283	750.5320789709591	9475
1284	751.0895226695036	9816
1285	751.6470125589482	10152
1286	752.2045486079877	9098
1287	752.7621307853169	10287
1288	753.3197590596305	11237
1289	753.8774333996236	9930
1290	754.4351537739909	9028
1291	754.9929201514275	10001
1292	755.5507325006279	10893
1293	756.1085907902873	9794
1294	756.6664949891004	9623
1295	757.2244450657622	10308
1296	757.7824409889672	9978
1297	758.3404827274106	9000
1298	758.8985702497872	9273
1299	759.4567035247917	10095
1300	760.0148825211193	9828
1301	760.5731072074645	9828
1302	761.1313775525223	10132
1303	761.6896935249875	9967
1304	762.2480550935552	9910
1305	762.8064622269201	10258
1306	763.3649148937769	9945
1307	763.9234130628206	9923
1308	764.4819567027462	9268
1309	765.0405457822483	9208
1310	765.5991802700219	8929
1311	766.1578601347619	9732
1312	766.716585345163	10482
1313	767.2753558699202	9086
1314	767.8341716777285	8881
1315	768.3930327372824	9434
1316	768.9519390172769	10699
1317	769.5108904864071	9663
1318	770.0698871133674	9630
1319	770.6289288668532	9490
1320	771.1880157155589	10978
1321	771.7471476281796	10749
1322	772.3063245734103	10558
1323	772.8655465199454	10878
1324	773.4248134364801	10287
1325	773.9841252917092	9945
1326	774.5434820543277	9232
1327	775.1028836930302	10558
1328	775.6623301765115	10736
1329	776.221821473467	9938
1330	776.781357552591	10090
1331	777.3409383825784	10395
1332	777.9005639321244	10071
1333	778.4602341699236	9652
1334	779.019949064671	9982
1335	779.5797085850612	10708
1336	780.1395126997894	10707
1337	780.6993613775504	10617
1338	781.2592545870389	10802
1339	781.8191922969498	10184
1340	782.379174475978	10436
1341	782.9392010928184	9474
1342	783.4992721161658	10466
1343	784.059387514715	10978
1344	784.6195472571609	10933
1345	785.1797513121985	9560
1346	785.7399996485227	10320
1347	786.3002922348279	10098
1348	786.8606290398095	11160
1349	787.421010032162	10915
1350	787.9814351805805	10504
1351	788.5419044537598	10091
1352	789.1024178203946	10305
1353	789.6629752491799	10636
1354	790.2235767088106	10062
1355	790.7842221679814	11112
1356	791.3449115953874	10299
1357	791.9056449597232	9852
1358	792.4664222296839	10756
1359	793.027243373964	11193
1360	793.5881083612588	10869
1361	794.1490171602628	9429
1362	794.7099697396712	9127
1363	795.2709660681786	10111
1364	795.83200611448	10503
1365	796.3930898472702	9634
1366	796.954217235244	9311
1367	797.5153882470963	9723
1368	798.076602851522	10481
1369	798.637861017216	9296
1370	799.199162712873	9256
1371	799.7605079071881	10110
1372	800.321896568856	10070
1373	800.8833286665715	9328
1374	801.4448041690296	8809
1375	802.006323044925	10101
1376	802.5678852629528	10616
1377	803.1294907918076	10087
1378	803.6911396001846	9570
1379	804.2528316567782	9803
1380	804.8145669302837	9945
1381	805.3763453893955	9692
1382	805.938167002809	8969
1383	806.5000317392187	9469
1384	807.0619395673197	9680
1385	807.6238904558064	9177
1386	808.185884373374	9194
1387	808.7479212887176	9938
1388	809.3100011705316	10486
1389	809.872123987511	10101
1390	810.4342897083509	9164
1391	810.9964983017458	9662
1392	811.5587497363907	10444
1393	812.1210439809806	10057
1394	812.6833810042103	9839
1395	813.2457607747745	9822
1396	813.8081832613682	9832
1397	814.3706484326863	9681
1398	814.9331562574234	9576
1399	815.4957067042748	10052
1400	816.0582997419349	10471
1401	816.6209353390989	10029
1402	817.1836134644615	10046
1403	817.7463340867176	10816
1404	818.309097174562	10545
1405	818.8719026966896	10646
1406	819.4347506217954	10455
1407	819.997640918574	10930
1408	820.5605735557206	10134
1409	821.1235485019297	10253
1410	821.6865657258962	10080
1411	822.2496251963153	9791
1412	822.8127268818815	9966
1413	823.3758707512898	9728
1414	823.9390567732352	9523
1415	824.5022849164122	11321
1416	825.0655551495161	10689
1417	825.6288674412414	9811
1418	826.1922217602829	9561
1419	826.7556180753361	9572
1420	827.319056355095	10285
1421	827.8825365682551	9207
1422	828.4460586835111	8970
1423	829.0096226695576	9687
1424	829.5732284950898	10917
1425	830.1368761288023	9757
1426	830.7005655393903	10107
1427	831.2642966955483	10387
1428	831.8280695659713	9950
1429	832.3918841193541	10103
1430	832.9557403243916	9768
1431	833.5196381497789	10690
1432	834.0835775642104	10617
1433	834.6475585363813	10836
1434	835.2115810349864	9773
1435	835.7756450287205	9811
1436	836.3397504862785	9783
1437	836.9038973763552	9310
1438	837.4680856676455	8778
1439	838.0323153288442	9523
1440	838.5965863286464	10327
1441	839.1608986357467	9345
1442	839.7252522188401	9534
1443	840.2896470466212	10338
1444	840.8540830877853	11180
1445	841.4185603110268	10448
1446	841.983078685041	10967
1447	842.5476381785224	10710
1448	843.1122387601662	10615
1449	843.6768803986669	10629
1450	844.2415630627196	10281
1451	844.8062867210189	10515
1452	845.37105134226	10700
1453	845.9358568951376	9374
1454	846.5007033483466	9988
1455	847.0655906705819	11028
1456	847.630518830538	10513
1457	848.1954877969102	10521
1458	848.7604975383933	10027
1459	849.3255480236821	10446
1460	849.8906392214714	10580
1461	850.455771100456	9771
1462	851.0209436293308	9698
1463	851.5861567767909	9766
1464	852.1514105115308	10591
1465	852.7167048022454	9645
1466	853.28203961763	8915
1467	853.847414926379	9453
1468	854.4128306971876	11167
1469	854.9782868987502	10593
1470	855.5437834997622	9580
1471	856.1093204689179	9994
1472	856.6748977749127	11684
1473	857.2405153864411	12543
1474	857.806173272198	10689
1475	858.3718714008785	10616
1476	858.9376097411771	10537
1477	859.5033882617889	9688
1478	860.0692069314089	9385
1479	860.6350657187317	9469
1480	861.200964592452	9891
1481	861.7669035212651	9883
1482	862.3328824738658	9602
1483	862.8989014189486	10204
1484	863.4649603252086	11466
1485	864.0310591613406	10392
1486	864.5971978960397	10014
1487	865.1633764980004	10493
1488	865.7295949359177	9984
1489	866.2958531784866	9300
1490	866.8621511944017	10176
1491	867.4284889523581	10234
1492	867.9948664210506	10502
1493	868.5612835691738	9643
1494	869.1277403654229	9588
1495	869.6942367784928	10806
1496	870.2607727770779	10613
1497	870.8273483298735	9827
1498	871.3939634055745	11728
1499	871.9606179728753	11086
1500	872.5273120004712	10222
1501	873.0940454570568	9248
1502	873.6608183113271	10178
1503	874.2276305319771	10265
1504	874.7944820877012	10683
1505	875.3613729471948	9912
1506	875.9283030791523	9813
1507	876.4952724522689	9840
1508	877.0622810352393	10294
1509	877.6293287967584	10949
1510	878.1964157055208	9747
1511	878.763541730222	10604
1512	879.3307068395562	10762
1513	879.8979110022186	9844
1514	880.4651541869039	9745
1515	881.0324363623071	9909
1516	881.5997574971232	10727
1517	882.1671175600466	9379
1518	882.7345165197725	9823
1519	883.3019543449956	10656
1520	883.869431004411	10710
1521	884.4369464667134	9778
1522	885.0045007005976	9710
1523	885.5720936747584	16396
1524	886.139725357891	13915
1525	886.7073957186901	11100
1526	887.2751047258504	9604
1527	887.8428523480669	9951
1528	888.4106385540343	9502
1529	888.9784633124478	9811
1530	889.546326592002	9449
1531	890.1142283613917	10295
1532	890.6821685893118	11377
1533	891.2501472444574	10281
1534	891.8181642955232	10224
1535	892.386219711204	10657
1536	892.9543134601947	10325
1537	893.5224455111902	9794
1538	894.0906158328852	10486
1539	894.6588243939749	11180
1540	895.2270711631538	10554
1541	895.795356109117	10656
1542	896.3636792005593	9704
1543	896.9320404061755	11358
1544	897.5004396946604	10593
1545	898.068877034709	10661
1546	898.6373523950161	9560
1547	899.2058657442767	10071
1548	899.7744170511854	10578
1549	900.3430062844373	9932
1550	900.9116334127272	9687
1551	901.4802984047498	10293
1552	902.0490012292	11151
1553	902.6177418547728	10488
1554	903.1865202501631	9854
1555	903.7553363840656	9696
1556	904.3241902251752	9590
1557	904.8930817421867	9957
1558	905.4620109037953	9808
1559	906.0309776786954	11365
1560	906.5999820355821	10937
1561	907.1690239431503	10136
1562	907.7381033700946	10022
1563	908.3072202851101	10459
1564	908.8763746568916	10798
1565	909.4455664541339	9871
1566	910.0147956455321	8824
1567	910.5840621997808	9218
1568	911.1533660855748	10134
1569	911.7227072716092	9432
1570	912.2920857265789	8882
1571	912.8615014191786	9213
1572	913.430954318103	11379
1573	914.0004443920473	10215
1574	914.5699716097062	9510
1575	915.1395359397745	10429
1576	915.709137350947	11859
1577	916.2787758119189	10221
1578	916.8484512913847	9189
1579	917.4181637580396	10040
1580	917.9879131805781	9869
1581	918.5576995276953	9262
1582	919.1275227680858	9582
1583	919.6973828704448	9863
1584	920.2672798034671	10220
1585	920.8372135358474	9446
1586	921.4071840362805	9484
1587	921.9771912734616	9796
1588	922.547235216085	10772
1589	923.1173158328462	9316
1590	923.6874330924396	8815
1591	924.2575869635604	9747
1592	924.8277774149033	10095
1593	925.398004415163	10304
1594	925.9682679330346	10030
1595	926.5385679372129	10938
1596	927.1089043963925	11040
1597	927.6792772792687	10928
1598	928.2496865545361	10855
1599	928.8201321908897	10538
1600	929.3906141570242	10640
1601	929.9611324216345	10318
1602	930.5316869534156	9513
1603	931.1022777210621	9798
1604	931.6729046932691	11068
1605	932.2435678387313	10017
1606	932.8142671261436	9120
1607	933.3850025242011	10057
1608	933.9557740015982	10235
1609	934.5265815270302	9781
1610	935.0974250691917	9386
1611	935.6683045967777	9651
1612	936.239220078483	9516
1613	936.8101714830024	9121
1614	937.3811587790309	9418
1615	937.9521819352632	9639
1616	938.5232409203942	9659
1617	939.0943357031188	9236
1618	939.6654662521319	8415
1619	940.2366325361281	9489
1620	940.8078345238029	10058
1621	941.3790721838504	9241
1622	941.950345484966	8818
1623	942.5216543958442	10082
1624	943.09299888518	11943
1625	943.6643789216683	11861
1626	944.2357944740041	10942
1627	944.8072455108821	10480
1628	945.378732000997	10591
1629	945.9502539130439	9275
1630	946.5218112157175	9665
1631	947.0934038777128	10043
1632	947.6650318677247	9847
1633	948.2366951544478	9090
1634	948.8083937065772	9086
1635	949.3801274928076	9543
1636	949.9518964818341	10317
1637	950.5237006423513	9643
1638	951.0955399430542	8840
1639	951.6674143526376	9702
1640	952.2393238397964	9817
1641	952.8112683732253	9244
1642	953.3832479216195	9316
1643	953.9552624536735	9240
1644	954.5273119380823	9851
1645	955.099396343541	9795
1646	955.6715156387442	9821
1647	956.2436697923868	9247
1648	956.8158587731637	9341
1649	957.3880825497696	9026
1650	957.9603410908994	8910
1651	958.5326343652482	9124
1652	959.1049623415107	9408
1653	959.6773249883817	9451
1654	960.2497222745561	8986
1655	960.8221541687288	9290
1656	961.3946206395947	10260
1657	961.9671216558487	9433
1658	962.5396571861854	8765
1659	963.1122271992999	9804
1660	963.684831663887	10499
1661	964.2574705486415	9922
1662	964.8301438222585	9423
1663	965.4028514534324	9622
1664	965.9755934108584	9772
1665	966.5483696632315	9853
1666	967.1211801792463	9750
1667	967.6940249275974	10116
1668	968.2669038769803	10600
1669	968.8398169960892	9146
1670	969.4127642536198	8475
1671	969.985745618266	9333
1672	970.5587610587233	9606
1673	971.1318105436862	9602
1674	971.70489404185	9099
1675	972.2780115219092	8949
1676	972.8511629525585	9486
1677	973.4243483024934	9497
1678	973.9975675404082	9644
1679	974.5708206349979	9878
1680	975.1441075549575	9861
1681	975.7174282689815	9267
1682	976.2907827457652	9585
1683	976.8641709540035	10126
1684	977.4375928623907	9564
1685	978.0110484396221	8767
1686	978.5845376543924	8189
1687	979.1580604753966	9091
1688	979.7316168713295	9168
1689	980.3052068108858	9146
1690	980.8788302627607	8914
1691	981.4524871956488	9372
1692	982.0261775782449	10156
1693	982.5999013792441	9644
1694	983.1736585673411	9813
1695	983.7474491112308	11298
1696	984.3212729796081	10792
1697	984.8951301411676	9756
1698	985.4690205646046	9581
1699	986.0429442186137	9127
1700	986.6169010718897	9059
1701	987.1908910931277	9292
1702	987.7649142510224	8912
1703	988.3389705142687	9854
1704	988.9130598515613	10912
1705	989.4871822315954	10098
1706	990.0613376230655	9830
1707	990.6355259946668	10460
1708	991.2097473150938	9748
1709	991.7840015530415	9402
1710	992.3582886772049	9851
1711	992.9326086562788	9641
1712	993.5069614589581	10725
1713	994.0813470539374	9649
1714	994.6557654099117	8585
1715	995.2302164955761	9176
1716	995.8047002796252	8906
1717	996.379216730754	9529
1718	996.9537658176572	9111
1719	997.5283475090298	9759
1720	998.1029617735664	10026
1721	998.6776085799623	10238
1722	999.252287896912	9334
1723	999.8269996931107	10961
1724	1000.4017439372528	10335
1725	1000.9765205980335	10087
1726	1001.5513296441475	10439
1727	1002.1261710442899	11453
1728	1002.7010447671552	11505
1729	1003.2759507814386	9803
1730	1003.8508890558346	9227
1731	1004.4258595590386	10875
1732	1005.0008622597448	10287
1733	1005.5758971266487	10065
1734	1006.1509641284446	9484
1735	1006.7260632338276	10036
1736	1007.3011944114927	10603
1737	1007.8763576301346	9495
1738	1008.4515528584483	8661
1739	1009.0267800651283	9569
1740	1009.6020392188698	10027
1741	1010.1773302883678	9238
1742	1010.7526532423168	10305
1743	1011.3280080494117	10347
1744	1011.9033946783475	10828
1745	1012.478813097819	9545
1746	1013.054263276521	10118
1747	1013.6297451831485	10045
1748	1014.2052587863964	10191
1749	1014.7808040549594	10045
1750	1015.3563809575323	9916
1751	1015.9319894628102	10054
1752	1016.5076295394878	9398
1753	1017.0833011562602	8791
1754	1017.6590042818217	9343
1755	1018.2347388848676	9581
1756	1018.8105049340929	9292
1757	1019.3863023981919	9203
1758	1019.9621312458601	8997
1759	1020.537991445792	9840
1760	1021.1138829666824	9737
1761	1021.6898057772263	10104
1762	1022.2657598461187	8947
1763	1022.841745142054	10103
1764	1023.4177616337275	10352
1765	1023.9938092898342	9965
1766	1024.5698880790683	9163
1767	1025.145997970125	10873
1768	1025.7221389316996	10331
1769	1026.2983109324864	9324
1770	1026.8745139411803	8567
1771	1027.4507479264764	8860
1772	1028.0270128570694	9406
1773	1028.6033087016542	9081
1774	1029.1796354289256	9862
1775	1029.7559930075786	9857
1776	1030.332381406308	9344
1777	1030.9088005938086	9329
1778	1031.4852505387753	10313
1779	1032.061731209903	10466
1780	1032.6382425758864	9617
1781	1033.2147846054206	9323
1782	1033.7913572672003	8804
1783	1034.3679605299205	9913
1784	1034.944594362276	10768
1785	1035.5212587329613	9325
1786	1036.097953610672	10727
1787	1036.6746789641022	10093
1788	1037.2514347619472	9431
1789	1037.8282209729018	8149
1790	1038.405037565661	8398
1791	1038.9818845089194	8762
1792	1039.5587617713718	8725
1793	1040.1356693217133	7821
1794	1040.7126071286386	8315
1795	1041.2895751608428	9129
1796	1041.8665733870203	11090
1797	1042.4436017758665	9822
1798	1043.020660296076	8988
1799	1043.5977489163436	8486
1800	1044.1748676053642	8551
1801	1044.7520163318327	8077
1802	1045.329195064444	7997
1803	1045.9064037718929	9179
1804	1046.4836424228743	10376
1805	1047.060910986083	9793
1806	1047.638209430214	8684
1807	1048.2155377239617	8792
1808	1048.7928958360217	8824
1809	1049.3702837350882	8606
1810	1049.9477013898565	9182
1811	1050.5251487690211	9524
1812	1051.1026258412774	9002
1813	1051.6801325753197	8128
1814	1052.2576689398431	7714
1815	1052.8352349035424	8694
1816	1053.4128304351125	9157
1817	1053.9904555032483	8311
1818	1054.5681100766446	7530
1819	1055.1457941239962	8120
1820	1055.7235076139982	8139
1821	1056.3012505153451	7664
1822	1056.879022796732	7378
1823	1057.456824426854	8438
1824	1058.0346553744055	8254
1825	1058.6125156080814	7675
1826	1059.1904050965768	8340
1827	1059.7683238085865	9139
1828	1060.3462717128052	8650
1829	1060.924248777928	8574
1830	1061.5022549726496	7506
1831	1062.0802902656646	8175
1832	1062.6583546256686	8539
1833	1063.2364480213557	7957
1834	1063.8145704214214	8470
1835	1064.3927217945602	8647
1836	1064.9709021094666	8969
1837	1065.5491113348364	7814
1838	1066.1273494393636	7949
1839	1066.7056163917434	8509
1840	1067.2839121606708	9418
1841	1067.8622367148403	7858
1842	1068.4405900229472	7927
1843	1069.018972053686	8570
1844	1069.5973827757514	9050
1845	1070.1758221578389	8624
1846	1070.754290168643	7776
1847	1071.3327867768583	8239
1848	1071.91131195118	7991
1849	1072.4898656603032	7121
1850	1073.0684478729222	7410
1851	1073.6470585577322	7533
1852	1074.2256976834278	8170
1853	1074.804365218704	7677
1854	1075.383061132256	7560
1855	1075.961785392778	8910
1856	1076.5405379689653	9662
1857	1077.1193188295128	9476
1858	1077.6981279431152	8939
1859	1078.2769652784673	9905
1860	1078.855830804264	9215
1861	1079.4347244892006	7742
1862	1080.013646301971	8837
1863	1080.592596211271	8197
1864	1081.171574185795	8720
1865	1081.750580194238	8129
1866	1082.3296142052948	6640
1867	1082.9086761876601	8340
1868	1083.487766110029	8691
1869	1084.0668839410964	7844
1870	1084.646029649557	6979
1871	1085.2252032041058	8474
1872	1085.8044045734373	7964
1873	1086.3836337262467	7504
1874	1086.9628906312291	6722
1875	1087.5421752570787	8090
1876	1088.1214875724909	8090
1877	1088.7008275461603	6645
1878	1089.280195146782	6125
1879	1089.8595903430505	7200
1880	1090.439013103661	8909
1881	1091.018463397308	8331
1882	1091.5979411926867	8717
1883	1092.1774464584919	9704
1884	1092.7569791634182	9152
1885	1093.336539276161	8757
1886	1093.9161267654144	7119
1887	1094.495741599874	8129
1888	1095.0753837482341	8375
1889	1095.65505317919	7410
1890	1096.2347498614363	7603
1891	1096.814473763668	8104
1892	1097.3942248545798	8265
1893	1097.9740031028664	7384
1894	1098.5538084772231	7530
1895	1099.1336409463445	8020
1896	1099.7135004789257	8135
1897	1100.2933870436614	6807
1898	1100.8733006092461	6341
1899	1101.4532411443752	7142
1900	1102.0332086177434	7709
1901	1102.6132029980454	7804
1902	1103.1932242539763	6984
1903	1103.7732723542308	8063
1904	1104.3533472675038	8315
1905	1104.93344896249	7400
1906	1105.5135774078847	6929
1907	1106.0937325723824	7915
1908	1106.673914424678	7334
1909	1107.2541229334663	6225
1910	1107.8343580674425	6443
1911	1108.414619795301	7573
1912	1108.994908085737	7642
1913	1109.5752229074453	6860
1914	1110.1555642291205	6500
1915	1110.7359320194578	7345
1916	1111.316326247152	7941
1917	1111.8967468808978	6751
1918	1112.47719388939	6276
1919	1113.057667241324	6953
1920	1113.638166905394	7576
1921	1114.2186928502952	6738
1922	1114.799245044722	7294
1923	1115.37982345737	8191
1924	1115.9604280569338	8217
1925	1116.541058812108	7402
1926	1117.1217156915875	6416
1927	1117.7023986640677	7318
1928	1118.2831076982427	7083
1929	1118.8638427628077	6528
1930	1119.4446038264578	6200
1931	1120.0253908578875	7059
1932	1120.606203825792	7448
1933	1121.1870426988655	6804
1934	1121.7679074458038	7912
1935	1122.348798035301	8410
1936	1122.929714436052	8797
1937	1123.5106566167524	7087
1938	1124.0916245460962	7102
1939	1124.6726181927786	7702
1940	1125.2536375254947	7274
1941	1125.834682512939	6746
1942	1126.4157531238066	5744
1943	1126.9968493267922	6536
1944	1127.5779710905906	7224
1945	1128.1591183838968	6287
1946	1128.740291175406	7109
1947	1129.321489433812	7183
1948	1129.902713127811	8795
1949	1130.4839622260968	6348
1950	1131.0652366973648	5617
1951	1131.6465365103097	6623
1952	1132.2278616336264	8123
1953	1132.80921203601	6335
1954	1133.390587686155	6308
1955	1133.971988552756	6830
1956	1134.5534146045086	7978
1957	1135.1348658101072	6620
1958	1135.7163421382468	6339
1959	1136.2978435576224	6797
1960	1136.8793700369283	6975
1961	1137.46092154486	5858
1962	1138.0424980501118	5271
1963	1138.6240995213793	6647
1964	1139.2057259273568	6987
1965	1139.787377236739	6349
1966	1140.3690534182213	6203
1967	1140.9507544404983	6411
1968	1141.5324802722646	7431
1969	1142.1142308822155	6566
1970	1142.6960062390456	5614
1971	1143.27780631145	6730
1972	1143.8596310681232	6891
1973	1144.4414804777605	6552
1974	1145.0233545090564	6650
1975	1145.605253130706	6598
1976	1146.1871763114038	7375
1977	1146.769124019845	7250
1978	1147.3510962247244	6310
1979	1147.9330928947368	7326
1980	1148.5151139985771	6974
1981	1149.09715950494	6952
1982	1149.6792293825208	5716
1983	1150.2613236000138	6337
1984	1150.8434421261143	7443
1985	1151.425584929517	6301
1986	1152.0077519789168	6083
1987	1152.589943243008	7166
1988	1153.1721586904864	7107
1989	1153.7543982900463	5984
1990	1154.336662010383	6251
1991	1154.9189498201906	7165
1992	1155.5012616881647	8754
1993	1156.0835975829998	6474
1994	1156.6659574733908	5822
1995	1157.2483413280324	6781
1996	1157.83074911562	7315
1997	1158.4131808048478	6772
1998	1158.9956363644112	5496
1999	1159.5781157630047	5942
2000	1160.1606189693234	6837
2001	1160.743145952062	5889
2002	1161.3256966799152	6179
2003	1161.9082711215783	7203
2004	1162.490869245746	6701
2005	1163.0734910211129	5876
2006	1163.656136416374	5426
2007	1164.2388054002247	6586
2008	1164.8214979413588	6805
2009	1165.404214008472	6873
2010	1165.9869535702587	7801
2011	1166.569716595414	8618
2012	1167.152503052633	7853
2013	1167.73531291061	6280
2014	1168.3181461380402	5335
2015	1168.9010027036184	6867
2016	1169.4838825760394	7058
2017	1170.0667857239982	6061
2018	1170.6497121161897	5191
2019	1171.2326617213084	5949
2020	1171.8156345080495	6680
2021	1172.3986304451078	5948
2022	1172.981649501178	5853
2023	1173.564691644955	6520
2024	1174.147756845134	6674
2025	1174.7308450704095	6730
2026	1175.3139562894762	6126
2027	1175.8970904710295	6873
2028	1176.480247583764	6459
2029	1177.0634275963744	6680
2030	1177.6466304775558	6236
2031	1178.2298561960029	6659
2032	1178.8131047204106	6448
2033	1179.3963760194738	5895
2034	1179.9796700618874	7537
2035	1180.562986816346	7638
2036	1181.146326251545	7706
2037	1181.7296883361787	6360
2038	1182.313073038942	5443
2039	1182.8964803285303	7510
2040	1183.4799101736378	7158
2041	1184.0633625429598	5560
2042	1184.646837405191	4655
2043	1185.2303347290265	6297
2044	1185.8138544831606	6363
2045	1186.3973966362887	5619
2046	1186.9809611571054	5262
2047	1187.5645480143057	6234
2048	1188.1481571765844	7385
2049	1188.7317886126364	6087
2050	1189.3154422911562	5944
2051	1189.8991181808392	6589
2052	1190.4828162503798	6292
2053	1191.0665364684733	5414
2054	1191.6502788038142	5583
2055	1192.2340432250976	6447
2056	1192.8178297010186	6462
2057	1193.4016382002712	5744
2058	1193.985468691551	4752
2059	1194.5693211435525	5667
2060	1195.153195524971	5660
2061	1195.7370918045008	5016
2062	1196.3210099508372	6231
2063	1196.9049499326745	6180
2064	1197.4889117187086	6711
2065	1198.0728952776333	5400
2066	1198.656900578144	5819
2067	1199.2409275889352	6156
2068	1199.8249762787023	6579
2069	1200.4090466161397	5573
2070	1200.9931385699424	4717
2071	1201.5772521088052	6417
2072	1202.1613872014232	6287
2073	1202.745543816491	5068
2074	1203.3297219227034	4902
2075	1203.9139214887557	6004
2076	1204.4981424833425	6885
2077	1205.0823848751584	6867
2078	1205.6666486328986	6042
2079	1206.2509337252577	6349
2080	1206.835240120931	7543
2081	1207.4195677886128	6039
2082	1208.0039166969984	5774
2083	1208.5882868147824	6697
2084	1209.1726781106597	6354
2085	1209.7570905533253	4864
2086	1210.341524111474	5514
2087	1210.9259787538006	7353
2088	1211.510454449	7221
2089	1212.094951165767	5642
2090	1212.6794688727966	5449
2091	1213.2640075387837	5789
2092	1213.8485671324229	5737
2093	1214.4331476224093	6364
2094	1215.0177489774376	5949
2095	1215.6023711662026	6104
2096	1216.1870141573993	5936
2097	1216.7716779197226	6307
2098	1217.3563624218673	5912
2099	1217.941067632528	5889
2100	1218.5257935204002	6543
2101	1219.1105400541783	5631
2102	1219.6953072025572	5002
2103	1220.2800949342318	5540
2104	1220.8649032178969	6711
2105	1221.4497320222474	5237
2106	1222.0345813159784	5305
2107	1222.6194510677842	6158
2108	1223.2043412463602	7397
2109	1223.789251820401	6198
2110	1224.3741827586016	5547
2111	1224.9591340296568	6661
2112	1225.5441056022614	6475
2113	1226.1290974451101	6199
2114	1226.7141095268983	5091
2115	1227.2991418163203	6145
2116	1227.8841942820713	6311
2117	1228.469266892846	5490
2118	1229.0543596173393	5015
2119	1229.6394724242462	6402
2120	1230.2246052822613	6058
2121	1230.8097581600794	5169
2122	1231.3949310263959	4933
2123	1231.980123849905	5835
2124	1232.565336599302	6187
2125	1233.1505692432816	6105
2126	1233.735821750539	5202
2127	1234.3210940897682	5573
2128	1234.9063862296648	6558
2129	1235.4916981389235	5518
2130	1236.0770297862393	4828
2131	1236.6623811403067	5791
2132	1237.247752169821	6265
2133	1237.8331428434765	5287
2134	1238.4185531299686	5156
2135	1239.003982997992	5641
2136	1239.589432416241	6290
2137	1240.1749013534113	5351
2138	1240.7603897781974	4886
2139	1241.345897659294	5460
2140	1241.9314249653964	5802
2141	1242.516971665199	5837
2142	1243.102537727397	4937
2143	1243.688123120685	6428
2144	1244.273727813758	6528
2145	1244.8593517753109	6036
2146	1245.444994974038	6346
2147	1246.0306573786354	6160
2148	1246.6163389577966	6121
2149	1247.2020396802175	5118
2150	1247.7877595145924	4510
2151	1248.3734984296163	5924
2152	1248.959256393984	7439
2153	1249.5450333763904	6123
2154	1250.1308293455306	5315
2155	1250.716644270099	6353
2156	1251.3024781187908	6927
2157	1251.8883308603006	6232
2158	1252.4742024633235	5115
2159	1253.0600928965546	5712
2160	1253.646002128688	5918
2161	1254.231930128419	5144
2162	1254.8178768644427	4746
2163	1255.4038423054537	5626
2164	1255.9898264201465	6653
2165	1256.575829177217	5396
2166	1257.1618505453587	5051
2167	1257.7478904932675	6599
2168	1258.333948989638	6673
2169	1258.920026003165	5729
2170	1259.5061215025432	5444
2171	1260.0922354564675	5392
2172	1260.678367833633	5700
2173	1261.2645186027344	5357
2174	1261.8506877324667	6100
2175	1262.4368751915245	6391
2176	1263.0230809486027	6035
2177	1263.6093049723966	5836
2178	1264.1955472316004	5426
2179	1264.7818076949095	6362
2180	1265.3680863310183	6061
2181	1265.954383108622	4762
2182	1266.5406979964155	4435
2183	1267.1270309630934	5556
2184	1267.7133819773508	6313
2185	1268.2997510078824	5118
2186	1268.886138023383	4839
2187	1269.4725429925475	6020
2188	1270.058965884071	7023
2189	1270.6454066666481	6389
2190	1271.231865308974	5105
2191	1271.818341779743	6157
2192	1272.4048360476502	6266
2193	1272.9913480813907	5160
2194	1273.577877849659	5011
2195	1274.1644253211507	5096
2196	1274.7509904645594	5540
2197	1275.3375732485813	4736
2198	1275.92417364191	5057
2199	1276.5107916132415	5844
2200	1277.09742713127	6590
2201	1277.6840801646904	5051
2202	1278.2707506821976	5159
2203	1278.8574386524867	6072
2204	1279.4441440442524	6871
2205	1280.0308668261896	5454
2206	1280.617606966993	5492
2207	1281.2043644353575	6872
2208	1281.7911391999783	6372
2209	1282.3779312295496	5678
2210	1282.9647404927669	5192
2211	1283.5515669583249	5914
2212	1284.138410594918	5985
2213	1284.7252713712417	5001
2214	1285.3121492559908	4698
2215	1285.8990442178595	5566
2216	1286.4859562255433	6453
2217	1287.072885247737	5650
2218	1287.659831253135	4524
2219	1288.2467942104329	5777
2220	1288.833774088325	6016
2221	1289.4207708555064	5823
2222	1290.0077844806717	5106
2223	1290.5948149325159	5550
2224	1291.181862179734	6181
2225	1291.768926191021	5271
2226	1292.356006935071	4880
2227	1292.9431043805798	5784
2228	1293.5302184962418	6584
2229	1294.1173492507517	5569
2230	1294.7044966128046	5224
2231	1295.2916605510954	5474
2232	1295.8788410343188	6145
2233	1296.46603803117	5986
2234	1297.0532515103434	6432
2235	1297.640481440534	6340
2236	1298.2277277904368	6844
2237	1298.8149905287466	5450
2238	1299.4022696241582	4709
2239	1299.9895650453661	5414
2240	1300.5768767610662	5856
2241	1301.1642047399523	5561
2242	1301.75154895072	5838
2243	1302.3389093620635	6485
2244	1302.9262859426783	6292
2245	1303.5136786612588	5302
2246	1304.1010874865003	5914
2247	1304.688512387097	5912
2248	1305.2759533317442	5681
2249	1305.8634102891367	6110
2250	1306.4508832279696	6066
2251	1307.0383721169374	6672
2252	1307.6258769247352	7267
2253	1308.2133976200575	5288
2254	1308.8009341715997	4404
2255	1309.3884865480559	5770
2256	1309.976054718122	7638
2257	1310.5636386504918	6144
2258	1311.1512383138609	5232
2259	1311.7388536769238	5443
2260	1312.3264847083756	6582
2261	1312.914131376911	5777
2262	1313.5017936512247	5408
2263	1314.0894715000118	5995
2264	1314.677164891967	6163
2265	1315.2648737957857	5503
2266	1315.8525981801622	5076
2267	1316.440338013791	5759
2268	1317.0280932653682	7356
2269	1317.6158639035873	6252
2270	1318.203649897144	6297
2271	1318.791451214733	6615
2272	1319.3792678250488	6882
2273	1319.9670996967868	5537
2274	1320.5549467986416	6197
2275	1321.1428090993081	5762
2276	1321.7306865674811	6977
2277	1322.3185791718556	5134
2278	1322.906486881126	4789
2279	1323.4944096639879	4985
2280	1324.0823474891356	5634
2281	1324.670300325264	5731
2282	1325.2582681410681	5381
2283	1325.846250905243	6476
2284	1326.4342485864834	7143
2285	1327.022261153484	5704
2286	1327.6102885749394	5965
2287	1328.198330819545	6390
2288	1328.7863878559954	7024
2289	1329.3744596529857	5460
2290	1329.9625461792102	5113
2291	1330.5506474033646	7340
2292	1331.138763294143	6237
2293	1331.7268938202405	5208
2294	1332.3150389503521	4871
2295	1332.9031986531727	6220
2296	1333.4913728973968	6825
2297	1334.0795616517198	5149
2298	1334.667764884836	4890
2299	1335.2559825654407	5364
2300	1335.8442146622285	6158
2301	1336.4324611438944	6247
2302	1337.0207219791332	5157
2303	1337.6089971366396	5407
2304	1338.1972865851087	6067
2305	1338.7855902932356	5669
2306	1339.3739082297143	4956
2307	1339.9622403632404	5748
2308	1340.5505866625087	5728
2309	1341.1389470962138	5543
2310	1341.7273216330507	6295
2311	1342.3157102417144	6192
2312	1342.9041128908993	6929
2313	1343.4925295493008	5958
2314	1344.0809601856135	5499
2315	1344.669404768532	5966
2316	1345.2578632667517	6031
2317	1345.8463356489672	6926
2318	1346.4348218838734	5261
2319	1347.023321940165	6269
2320	1347.611835786537	6727
2321	1348.2003633916843	5816
2322	1348.7889047243018	5740
2323	1349.377459753084	6167
2324	1349.9660284467263	5929
2325	1350.5546107739233	5010
2326	1351.1432067033695	4963
2327	1351.7318162037602	5537
2328	1352.3204392437904	5642
2329	1352.9090757921547	5429
2330	1353.4977258175477	5192
2331	1354.0863892886648	5900
2332	1354.6750661742008	6758
2333	1355.2637564428499	5537
2334	1355.8524600633077	4923
2335	1356.4411770042686	6128
2336	1357.029907234428	6381
2337	1357.61865072248	6804
2338	1358.20740743712	5500
2339	1358.7961773470429	5496
2340	1359.3849604209433	5681
2341	1359.973756627516	5488
2342	1360.5625659354562	5394
2343	1361.1513883134587	7084
2344	1361.7402237302178	6867
2345	1362.3290721544292	5915
2346	1362.917933554787	5547
2347	1363.5068078999868	5709
2348	1364.0956951587227	6852
2349	1364.6845952996903	5938
2350	1365.2735082915838	5959
2351	1365.8624341030986	6568
2352	1366.4513727029291	6051
2353	1367.0403240597705	6651
2354	1367.6292881423174	5605
2355	1368.2182649192648	6157
2356	1368.8072543593075	5769
2357	1369.3962564311407	5579
2358	1369.9852711034587	5152
2359	1370.5742983449568	6286
2360	1371.1633381243296	6149
2361	1371.7523904102723	5005
2362	1372.341455171479	4661
2363	1372.9305323766455	5286
2364	1373.5196219944662	5296
2365	1374.1087239936357	5946
2366	1374.6978383428498	5333
2367	1375.286965010802	5988
2368	1375.8761039661883	5968
2369	1376.465255177703	5081
2370	1377.0544186140412	4839
2371	1377.6435942438975	5895
2372	1378.232782035967	6583
2373	1378.8219819589444	5559
2374	1379.4111939815248	4800
2375	1380.0004180724027	5127
2376	1380.5896542002733	5471
2377	1381.1789023338313	5855
2378	1381.7681624417717	5584
2379	1382.3574344927893	5692
2380	1382.9467184555785	6183
2381	1383.5360142988347	6831
2382	1384.1253219912528	5696
2383	1384.7146415015275	5513
2384	1385.3039727983535	6575
2385	1385.8933158504258	5779
2386	1386.4826706264394	5258
2387	1387.0720370950887	5440
2388	1387.6614152250693	5480
2389	1388.2508049850753	5327
2390	1388.840206343802	5044
2391	1389.4296192699444	6045
2392	1390.019043732197	6776
2393	1390.6084796992545	5911
2394	1391.1979271398125	6174
2395	1391.787386022565	7348
2396	1392.3768563162075	6482
2397	1392.9663379894346	5374
2398	1393.5558310109411	22651
2399	1394.1453353494223	13955
2400	1394.7348509735723	9485
2401	1395.3243778520864	6425
2402	1395.9139159536594	5178
2403	1396.5034652469865	4974
2404	1397.0930257007622	5568
2405	1397.682597283681	6459
2406	1398.2721799644385	5328
2407	1398.8617737117293	6045
2408	1399.4513784942478	7369
2409	1400.0409942806898	5830
2410	1400.6306210397493	4943
2411	1401.2202587401214	5321
2412	1401.8099073505011	5705
2413	1402.399566839583	5440
2414	1402.9892371760627	5981
2415	1403.5789183286342	5775
2416	1404.1686102659924	5721
2417	1404.758312956833	5576
2418	1405.3480263698498	4931
2419	1405.9377504737383	5595
2420	1406.527485237193	6614
2421	1407.1172306289095	5610
2422	1407.7069866175818	5310
2423	1408.296753171905	6280
2424	1408.8865302605745	7141
2425	1409.4763178522844	5711
2426	1410.0661159157298	5606
2427	1410.6559244196055	5860
2428	1411.245743332607	5521
2429	1411.835572623428	5032
2430	1412.4254122607647	5445
2431	1413.015262213311	5296
2432	1413.605122449762	5794
2433	1414.1949929388127	4974
2434	1414.7848736491578	4830
2435	1415.374764549492	5308
2436	1415.9646656085106	6305
2437	1416.5545767949081	6286
2438	1417.1444980773797	5845
2439	1417.73442942462	5221
2440	1418.324370805324	6008
2441	1418.9143221881864	5746
2442	1419.5042835419017	6033
2443	1420.0942548351657	6361
2444	1420.6842360366727	6648
2445	1421.2742271151178	6343
2446	1421.8642280391955	6130
2447	1422.4542387776007	6469
2448	1423.0442592990285	6693
2449	1423.6342895721737	5331
2450	1424.2243295657308	6098
2451	1424.8143792483957	6242
2452	1425.4044385888617	6419
2453	1425.9945075558253	5706
2454	1426.58458611798	5412
2455	1427.1746742440214	5694
2456	1427.7647719026443	5996
2457	1428.3548790625432	5585
2458	1428.9449956924134	5505
2459	1429.5351217609493	5556
2460	1430.1252572368464	5654
2461	1430.7154020887992	5227
2462	1431.3055562855022	6925
2463	1431.8957197956508	6315
2464	1432.4858925879396	6052
2465	1433.0760746310636	5789
2466	1433.6662658937175	4864
2467	1434.2564663445964	5660
2468	1434.846675952395	6358
2469	1435.4368946858078	5673
2470	1436.0271225135305	4559
2471	1436.617359404257	6293
2472	1437.2076053266833	5965
2473	1437.797860249503	5366
2474	1438.388124141412	5056
2475	1438.9783969711045	5557
2476	1439.5686787072757	5364
2477	1440.1589693186202	4762
2478	1440.7492687738331	5034
2479	1441.3395770416093	5784
2480	1441.9298940906435	5914
2481	1442.5202198896304	6131
2482	1443.1105544072652	5613
2483	1443.7008976122424	5595
2484	1444.2912494732573	6295
2485	1444.8816099590044	4969
2486	1445.471979038179	5389
2487	1446.0623566794752	5102
2488	1446.6527428515888	5408
2489	1447.2431375232138	5547
2490	1447.8335406630454	4884
2491	1448.4239522397788	5319
2492	1449.0143722221082	6095
2493	1449.604800578729	4775
2494	1450.195237278336	5101
2495	1450.7856822896238	6123
2496	1451.3761355812874	6417
2497	1451.9665971220215	5364
2498	1452.5570668805212	4506
2499	1453.1475448254816	5815
2500	1453.7380309255968	5891
2501	1454.3285251495624	4829
2502	1454.919027466073	5545
2503	1455.5095378438232	5755
2504	1456.100056251508	6285
2505	1456.6905826578225	5770
2506	1457.2811170314615	4952
2507	1457.8716593411198	5970
2508	1458.4622095554919	6519
2509	1459.0527676432732	6040
2510	1459.6433335731583	5822
2511	1460.233907313842	5928
2512	1460.8244888340196	5980
2513	1461.415078102385	5111
2514	1462.0056750876342	6708
2515	1462.5962797584614	6623
2516	1463.1868920835616	6941
2517	1463.7775120316296	5429
2518	1464.3681395713604	5498
2519	1464.958774671449	5791
2520	1465.5494173005898	7396
2521	1466.1400674274776	6359
2522	1466.730725020808	6223
2523	1467.3213900492756	6429
2524	1467.9120624815746	6471
2525	1468.5027422864005	5933
2526	1469.093429432448	5144
2527	1469.6841238884122	6041
2528	1470.2748256229875	6476
2529	1470.865534604869	5228
2530	1471.4562508027514	4997
2531	1472.0469741853299	5791
2532	1472.637704721299	5885
2533	1473.228442379354	5501
2534	1473.8191871281895	5225
2535	1474.4099389365	6499
2536	1475.0006977729809	7271
2537	1475.591463606327	5716
2538	1476.1822364052327	5462
2539	1476.7730161383936	5784
2540	1477.3638027745037	6585
2541	1477.9545962822588	5997
2542	1478.5453966303528	5020
2543	1479.1362037874815	5545
2544	1479.7270177223388	5584
2545	1480.3178384036203	4432
2546	1480.9086658000206	6087
2547	1481.4994998802345	6303
2548	1482.090340612957	6333
2549	1482.6811879668833	5876
2550	1483.2720419107072	5888
2551	1483.8629024131244	6310
2552	1484.4537694428298	5412
2553	1485.0446429685178	5127
2554	1485.6355229588835	5321
2555	1486.2264093826218	6065
2556	1486.8173022084275	6393
2557	1487.4082014049957	6156
2558	1487.999106941021	5119
2559	1488.590018785198	6908
2560	1489.1809369062219	7143
2561	1489.7718612727876	6198
2562	1490.36279185359	6111
2563	1490.9537286173236	5986
2564	1491.5446715326837	6228
2565	1492.1356205683649	5197
2566	1492.726575693062	5138
2567	1493.31753687547	5369
2568	1493.9085040842838	5569
2569	1494.499477288198	4840
2570	1495.090456455908	5589
2571	1495.6814415561082	6370
2572	1496.2724325574934	6723
2573	1496.863429428759	5344
2574	1497.4544321385993	4647
2575	1498.0454406557094	5265
2576	1498.636454948784	6600
2577	1499.227474986518	5789
2578	1499.8185007376067	5794
2579	1500.4095321707441	5891
2580	1501.000569254626	5727
2581	1501.5916119579465	5695
2582	1502.1826602494011	5711
2583	1502.7737140976842	6433
2584	1503.3647734714907	5911
2585	1503.9558383395158	5507
2586	1504.546908670454	4920
2587	1505.1379844330002	5541
2588	1505.7290655958495	5613
2589	1506.3201521276965	4759
2590	1506.9112439972362	5334
2591	1507.5023411731634	5592
2592	1508.093443624173	7140
2593	1508.6845513189598	5925
2594	1509.2756642262189	5823
2595	1509.8667823146448	5746
2596	1510.4579055529323	6034
2597	1511.0490339097767	5514
2598	1511.6401673538726	5478
2599	1512.2313058539153	5555
2600	1512.8224493785988	5849
2601	1513.4135978966185	5319
2602	1514.0047513766692	5363
2603	1514.5959097874459	6260
2604	1515.1870730976432	6026
2605	1515.778241275956	5372
2606	1516.3694142910795	4661
2607	1516.9605921117081	5473
2608	1517.5517747065367	6224
2609	1518.1429620442602	6299
2610	1518.734154093574	5760
2611	1519.3253508231726	5982
2612	1519.9165522017504	5504
2613	1520.5077581980029	5354
2614	1521.0989687806245	6384
2615	1521.6901839183104	5668
2616	1522.281403579755	6258
2617	1522.872627733654	6085
2618	1523.4638563487015	5191
2619	1524.0550893935927	5335
2620	1524.6463268370223	5443
2621	1525.2375686476855	6070
2622	1525.8288147942765	5454
2623	1526.4200652454908	5713
2624	1527.011319970023	5856
2625	1527.6025789365679	4816
2626	1528.1938421138202	4393
2627	1528.7851094704754	5237
2628	1529.3763809752277	5946
2629	1529.9676565967725	5595
2630	1530.558936303804	5055
2631	1531.1502200650177	5945
2632	1531.741507849108	6492
2633	1532.3327996247704	5670
2634	1532.9240953606986	6868
2635	1533.5153950255885	6479
2636	1534.106698588135	7087
2637	1534.6980060170324	5245
2638	1535.2893172809756	4701
2639	1535.8806323486594	6087
2640	1536.4719511887793	5712
2641	1537.0632737700296	5247
2642	1537.6546000611054	4588
2643	1538.2459300307012	5608
2644	1538.8372636475124	5528
2645	1539.4286008802335	6828
2646	1540.0199416975595	6545
2647	1540.611286068185	6199
2648	1541.202633960805	6485
2649	1541.7939853441148	5915
2650	1542.3853401868087	5206
2651	1542.9766984575815	5626
2652	1543.5680601251286	5489
2653	1544.1594251581444	4710
2654	1544.7507935253243	4140
2655	1545.3421651953622	5710
2656	1545.9335401369538	6475
2657	1546.5249183187939	6242
2658	1547.1162997095769	7243
2659	1547.707684277998	7037
2660	1548.299071992752	6371
2661	1548.8904628225337	6815
2662	1549.481856736038	6453
2663	1550.0732537019599	6556
2664	1550.6646536889941	5947
2665	1551.256056665835	6029
2666	1551.8474626011787	5223
2667	1552.4388714637191	5551
2668	1553.0302832221512	5185
2669	1553.6216978451698	5392
2670	1554.2131153014698	5051
2671	1554.8045355597465	5907
2672	1555.3959585886942	5554
2673	1555.9873843570078	4912
2674	1556.5788128333825	6308
2675	1557.1702439865132	5889
2676	1557.7616777850942	6018
2677	1558.3531141978208	4984
2678	1558.9445531933882	5444
2679	1559.5359947404902	5519
2680	1560.1274388078225	5270
2681	1560.71888536408	4827
2682	1561.310334377957	4818
2683	1561.9017858181487	5259
2684	1562.49323965335	6083
2685	1563.084695852256	5067
2686	1563.676154383561	6184
2687	1564.26761521596	6313
2688	1564.859078318148	6134
2689	1565.45054365882	5808
2690	1566.0420112066704	5323
2691	1566.6334809303944	5928
2692	1567.224952798687	5883
2693	1567.816426780243	5494
2694	1568.4079028437568	5416
2695	1568.999380957924	7207
2696	1569.5908610914385	7081
2697	1570.182343212996	6507
2698	1570.7738272912914	5663
2699	1571.3653132950187	6304
2700	1571.9568011928739	6665
2701	1572.5482909535506	5914
2702	1573.1397825457448	5205
2703	1573.7312759381505	5656
2704	1574.3227710994631	5880
2705	1574.9142679983772	5348
2706	1575.5057666035882	5054
2707	1576.09726688379	6086
2708	1576.6887688076783	6008
2709	1577.2802723439477	4958
2710	1577.8717774612924	5308
2711	1578.4632841284085	5762
2712	1579.05479231399	5549
2713	1579.646301986732	5248
2714	1580.2378131153293	5264
2715	1580.829325668477	6512
2716	1581.4208396148692	5695
2717	1582.0123549232019	5256
2718	1582.6038715621692	6304
2719	1583.195389500466	6563
2720	1583.7869087067875	6367
2721	1584.3784291498282	5001
2722	1584.9699507982832	5045
2723	1585.5614736208472	5613
2724	1586.1529975862154	5811
2725	1586.7445226630823	5529
2726	1587.3360488201429	5109
2727	1587.9275760260919	5960
2728	1588.5191042496242	5648
2729	1589.110633459435	5381
2730	1589.7021636242184	5449
2731	1590.2936947126702	5960
2732	1590.8852266934848	6927
2733	1591.4767595353574	5254
2734	1592.0682932069817	5698
2735	1592.6598276770544	5205
2736	1593.2513629142686	6174
2737	1593.8428988873204	7164
2738	1594.4344355649039	6245
2739	1595.0259729157142	6344
2740	1595.6175109084463	7939
2741	1596.209049511795	5869
2742	1596.8005886944552	7114
2743	1597.3921284251217	6888
2744	1597.983668672489	6492
2745	1598.575209405253	5768
2746	1599.1667505921073	5347
2747	1599.7582922017473	6449
2748	1600.3498342028684	6912
2749	1600.9413765641643	6120
2750	1601.532919254331	5088
2751	1602.1244622420627	5876
2752	1602.7160054960545	6023
2753	1603.3075489850012	6531
2754	1603.8990926775975	5594
2755	1604.4906365425386	5112
2756	1605.082180548519	5616
2757	1605.6737246642338	5332
2758	1606.265268858378	5044
2759	1606.856813099646	5894
2760	1607.448357356733	5788
2761	1608.0399015983337	6292
2762	1608.631445793143	5535
2763	1609.2229899098559	6212
2764	1609.8145339171672	5775
2765	1610.4060777837717	5224
2766	1610.9976214783642	4890
2767	1611.5891649696396	5477
2768	1612.1807082262926	6008
2769	1612.7722512170187	6351
2770	1613.363793910512	6012
2771	1613.9553362754677	6060
2772	1614.546878280581	6387
2773	1615.1384198945461	5387
2774	1615.7299610860582	4997
2775	1616.321501823812	6209
2776	1616.9130420765027	6148
2777	1617.5045818128249	6154
2778	1618.0961210014734	5333
2779	1618.6876596111433	6277
2780	1619.2791976105293	6157
2781	1619.8707349683261	6079
2782	1620.462271653229	5870
2783	1621.0538076339321	6036
2784	1621.6453428791312	6324
2785	1622.2368773575206	5239
2786	1622.8284110377954	5000
2787	1623.4199438886503	5612
2788	1624.0114758787802	5764
2789	1624.60300697688	5692
2790	1625.1945371516442	5734
2791	1625.7860663717684	5427
2792	1626.3775946059468	5361
2793	1626.9691218228745	5202
2794	1627.5606479912462	5639
2795	1628.1521730797574	6680
2796	1628.7436970571025	6459
2797	1629.3352198919758	5940
2798	1629.926741553073	5688
2799	1630.5182620090886	6366
2800	1631.1097812287178	5995
2801	1631.7012991806548	4812
2802	1632.2928158335953	5430
2803	1632.8843311562332	6177
2804	1633.4758451172643	6615
2805	1634.0673576853826	5785
2806	1634.6588688292838	4759
2807	1635.2503785176618	5832
2808	1635.8418867192129	6919
2809	1636.4333934026301	5865
2810	1637.02489853661	5089
2811	1637.6164020898461	5776
2812	1638.2079040310343	6354
2813	1638.7994043288686	6342
2814	1639.3909029520444	5596
2815	1639.9823998692568	5794
2816	1640.5738950492	6177
2817	1641.1653884605691	5132
2818	1641.756880072059	5496
2819	1642.3483698523646	6166
2820	1642.9398577701809	7130
2821	1643.5313437942027	6905
2822	1644.1228278931242	6502
2823	1644.7143100356411	7068
2824	1645.305790190448	6770
2825	1645.89726832624	6069
2826	1646.4887444117114	5352
2827	1647.0802184155573	7109
2828	1647.6716903064728	6558
2829	1648.2631600531524	5194
2830	1648.8546276242912	5072
2831	1649.446092988584	6430
2832	1650.0375561147257	5940
2833	1650.629016971411	5697
2834	1651.2204755273349	5164
2835	1651.8119317511923	5877
2836	1652.4033856116782	5764
2837	1652.9948370774869	5738
2838	1653.5862861173136	5454
2839	1654.1777326998536	5820
2840	1654.7691767938009	6046
2841	1655.3606183678512	5205
2842	1655.9520573906987	4936
2843	1656.5434938310386	5605
2844	1657.1349276575656	6980
2845	1657.7263588389746	5972
2846	1658.3177873439606	6601
2847	1658.9092131412185	5794
2848	1659.5006361994426	6110
2849	1660.0920564873286	4835
2850	1660.6834739735707	4979
2851	1661.2748886268641	6177
2852	1661.8663004159037	6265
2853	1662.457709309384	4960
2854	1663.049115276	5202
2855	1663.640518284447	6401
2856	1664.231918303419	6159
2857	1664.8233153016117	5447
2858	1665.4147092477199	6125
2859	1666.0061001104375	6046
2860	1666.5974878584607	6286
2861	1667.1888724604835	6319
2862	1667.7802538852004	5747
2863	1668.3716321013076	6595
2864	1668.9630070774988	6493
2865	1669.5543787824693	6373
2866	1670.1457471849137	5481
2867	1670.7371122535276	5385
2868	1671.328473957005	5597
2869	1671.919832264041	8540
2870	1672.5111871433307	6907
2871	1673.102538563569	6295
2872	1673.6938864934502	7238
2873	1674.2852309016698	6563
2874	1674.876571756922	5401
2875	1675.4679090279024	5225
2876	1676.0592426833052	6263
2877	1676.6505726918258	5702
2878	1677.241899022159	4805
2879	1677.8332216429992	5215
2880	1678.4245405230417	6038
2881	1679.0158556309812	4913
2882	1679.6071669355126	5255
2883	1680.1984744053307	5799
2884	1680.7897780091303	5893
2885	1681.3810777156061	5313
2886	1681.9723734934537	5654
2887	1682.5636653113672	6273
2888	1683.154953138042	6954
2889	1683.7462369421726	5870
2890	1684.3375166924536	5883
2891	1684.9287923575807	7092
2892	1685.5200639062477	6935
2893	1686.1113313071507	6047
2894	1686.7025945289836	6089
2895	1687.2938535404414	5843
2896	1687.8851083102193	7396
2897	1688.476358807012	6136
2898	1689.067604999514	5009
2899	1689.658846856421	7209
2900	1690.250084346427	7105
2901	1690.8413174382274	5762
2902	1691.4325461005167	4975
2903	1692.02377030199	5956
2904	1692.6149900113421	5677
2905	1693.206205197268	5099
2906	1693.7974158284624	6005
2907	1694.3886218736197	5911
2908	1694.979823301436	6736
2909	1695.571020080605	6297
2910	1696.1622121798218	5429
2911	1696.7533995677818	5972
2912	1697.3445822131791	6404
2913	1697.935760084709	5131
2914	1698.5269331510665	4823
2915	1699.1181013809464	5112
2916	1699.709264743043	7062
2917	1700.3004232060516	6311
2918	1700.8915767386675	5431
2919	1701.482725309585	6788
2920	1702.0738688874987	5969
2921	1702.665007441104	5396
2922	1703.2561409390958	5534
2923	1703.8472693501683	5705
2924	1704.4383926430169	6271
2925	1705.0295107863367	5233
2926	1705.620623748822	4838
2927	1706.211731499168	5259
2928	1706.8028340060691	6060
2929	1707.3939312382208	6250
2930	1707.985023164318	5363
2931	1708.5761097530544	5712
2932	1709.1671909731265	6500
2933	1709.758266793228	6177
2934	1710.3493371820537	5691
2935	1710.9404021082992	5751
2936	1711.5314615406594	6025
2937	1712.1225154478286	5764
2938	1712.7135637985016	5729
2939	1713.3046065613735	7423
2940	1713.8956437051395	6940
2941	1714.486675198494	6510
2942	1715.0777010101317	5952
2943	1715.6687211087476	6512
2944	1716.2597354630375	6780
2945	1716.850744041695	6377
2946	1717.4417468134152	5652
2947	1718.0327437468934	5397
2948	1718.6237348108245	5741
2949	1719.2147199739027	4763
2950	1719.8056992048234	4785
2951	1720.3966724722818	5991
2952	1720.9876397449716	6092
2953	1721.5786009915887	5422
2954	1722.1695561808278	5743
2955	1722.760505281383	6069
2956	1723.3514482619503	6699
2957	1723.9423850912235	5367
2958	1724.5333157378984	5347
2959	1725.1242401706693	6780
2960	1725.715158358231	6658
2961	1726.3060702692787	6476
2962	1726.896975872507	5509
2963	1727.487875136611	5389
2964	1728.078768030285	6401
2965	1728.6696545222246	5982
2966	1729.2605345811246	4825
2967	1729.8514081756791	5910
2968	1730.4422752745836	6925
2969	1731.0331358465328	5838
2970	1731.6239898602219	6395
2971	1732.214837284345	6039
2972	1732.8056780875977	6172
2973	1733.3965122386746	5680
2974	1733.9873397062702	5678
2975	1734.57816045908	6550
2976	1735.168974465798	7695
2977	1735.7597816951202	6022
2978	1736.3505821157405	5541
2979	1736.9413756963545	5504
2980	1737.5321624056562	6389
2981	1738.1229422123413	5457
2982	1738.713715085104	5280
2983	1739.3044809926398	5372
2984	1739.895239903643	6578
2985	1740.4859917868089	6299
2986	1741.076736610832	6341
2987	1741.6674743444073	5919
2988	1742.2582049562293	6831
2989	1742.8489284149937	5800
2990	1743.4396446893948	5369
2991	1744.0303537481275	5620
2992	1744.6210555598864	6709
2993	1745.2117500933673	5900
2994	1745.8024373172639	5204
2995	1746.393117200272	6047
2996	1746.9837897110856	5653
2997	1747.5744548184005	6095
2998	1748.1651124909104	5816
2999	1748.7557626973112	5661
3000	1749.3464054062977	6313
3001	1749.937040586564	5724
3002	1750.5276682068056	4621
3003	1751.1182882357168	5922
3004	1751.7089006419933	6311
3005	1752.2995053943293	5776
3006	1752.8901024614197	5181
3007	1753.4806918119598	7109
3008	1754.071273414644	6205
3009	1754.6618472381676	6217
3010	1755.252413251225	5082
3011	1755.8429714225113	5366
3012	1756.433521720721	6501
3013	1757.0240641145494	5555
3014	1757.6145985726914	4922
3015	1758.2051250638415	5374
3016	1758.795643556695	7232
3017	1759.3861540199464	5984
3018	1759.9766564222905	6372
3019	1760.5671507324225	6415
3020	1761.157636919037	5865
3021	1761.748114950829	5209
3022	1762.3385847964933	4769
3023	1762.929046424725	6228
3024	1763.5194998042182	6260
3025	1764.1099449036687	5758
3026	1764.7003816917709	5001
3027	1765.29081013722	5778
3028	1765.88123020871	6609
3029	1766.4716418749365	5896
3030	1767.0620451045945	4878
3031	1767.6524398663782	5513
3032	1768.2428261289829	6030
3033	1768.8332038611036	6287
3034	1769.4235730314347	6837
3035	1770.0139336086713	6662
3036	1770.6042855615083	6810
3037	1771.1946288586405	5830
3038	1771.784963468763	5235
3039	1772.37528936057	5653
3040	1772.9656065027573	6507
3041	1773.5559148640189	5943
3042	1774.14621441305	6129
3043	1774.7365051185457	6590
3044	1775.3267869492006	6425
3045	1775.9170598737094	5782
3046	1776.5073238607674	5743
3047	1777.0975788790693	6724
3048	1777.6878248973096	6760
3049	1778.2780618841837	5495
3050	1778.868289808386	5955
3051	1779.4585086386114	6126
3052	1780.048718343555	5649
3053	1780.6389188919118	5733
3054	1781.2291102523761	4899
3055	1781.8192923936435	5687
3056	1782.4094652844083	6230
3057	1782.9996288933655	5433
3058	1783.58978318921	4650
3059	1784.1799281406368	5438
3060	1784.7700637163405	5853
3061	1785.3601898850156	5890
3062	1785.950306615358	6175
3063	1786.540413876062	6011
3064	1787.1305116358221	6263
3065	1787.7205998633337	5546
3066	1788.3106785272914	4751
3067	1788.9007475963904	5271
3068	1789.490807039325	5760
3069	1790.0808568247903	4707
3070	1790.6708969214812	4525
3071	1791.2609272980928	5771
3072	1791.8509479233198	6273
3073	1792.4409587658567	6326
3074	1793.0309597943988	5160
3075	1793.6209509776406	5888
3076	1794.2109322842775	6063
3077	1794.8009036830035	5535
3078	1795.3908651425147	5397
3079	1795.9808166315047	6400
3080	1796.5707581186691	6671
3081	1797.1606895727025	5983
3082	1797.7506109622998	6135
3083	1798.340522256156	6535
3084	1798.9304234229658	5998
3085	1799.5203144314241	5979
3086	1800.110195250226	5939
3087	1800.7000658480658	6827
3088	1801.2899261936388	6897
3089	1801.8797762556399	5689
3090	1802.4696160027636	5729
3091	1803.0594454037048	6199
3092	1803.6492644271589	6310
3093	1804.2390730418203	5793
3094	1804.8288712163842	5393
3095	1805.418658919545	6099
3096	1806.0084361199977	6663
3097	1806.598202786437	6176
3098	1807.1879588875584	5107
3099	1807.7777043920562	5912
3100	1808.3674392686253	5633
3101	1808.9571634859608	5753
3102	1809.5468770127575	5874
3103	1810.1365798177103	5928
3104	1810.7262718695135	6183
3105	1811.3159531368626	6032
3106	1811.9056235884527	5963
3107	1812.4952831929777	5962
3108	1813.0849319191334	6413
3109	1813.674569735614	5635
3110	1814.2641966111148	5841
3111	1814.8538125143305	6270
3112	1815.4434174139556	6704
3113	1816.0330112786855	6498
3114	1816.622594077215	5907
3115	1817.2121657782384	5971
3116	1817.8017263504514	9372
3117	1818.3912757625483	8203
3118	1818.9808139832242	8063
3119	1819.5703409811738	6542
3120	1820.159856725092	6094
3121	1820.7493611836735	5973
3122	1821.3388543256135	5939
3123	1821.9283361196067	6686
3124	1822.517806534348	6150
3125	1823.1072655385324	5394
3126	1823.6967131008544	5072
3127	1824.2861491900087	6116
3128	1824.875573774691	7171
3129	1825.4649868235956	5632
3130	1826.0543883054172	5275
3131	1826.643778188851	5842
3132	1827.2331564425917	7014
3133	1827.8225230353341	6037
3134	1828.4118779357732	5614
3135	1829.001221112604	6150
3136	1829.5905525345213	6611
3137	1830.1798721702196	5948
3138	1830.769179988394	6366
3139	1831.3584759577398	7228
3140	1831.9477600469509	6248
3141	1832.5370322247227	6336
3142	1833.1262924597502	5914
3143	1833.7155407207283	6397
3144	1834.3047769763514	6740
3145	1834.8940011953146	6010
3146	1835.483213346313	6154
3147	1836.0724133980414	5999
3148	1836.661601319194	6843
3149	1837.2507770784662	5977
3150	1837.839940644553	5930
3151	1838.4290919861492	6088
3152	1839.0182310719497	6429
3153	1839.607357870649	5421
3154	1840.196472350942	6858
3155	1840.7855744815242	6886
3156	1841.3746642310898	6848
3157	1841.9637415683337	5922
3158	1842.5528064619507	6092
3159	1843.1418588806362	5645
3160	1843.7308987930846	6121
3161	1844.319926167991	5534
3162	1844.9089409740502	5291
3163	1845.497943179957	5359
3164	1846.086932754406	6324
3165	1846.6759096660926	6921
3166	1847.2648738837113	5867
3167	1847.8538253759573	6259
3168	1848.4427641115249	6696
3169	1849.0316900591095	6587
3170	1849.6206031874053	7079
3171	1850.209503465108	6631
3172	1850.798390860912	6304
3173	1851.3872653435124	6126
3174	1851.9761268816035	5823
3175	1852.5649754438807	5946
3176	1853.1538109990386	6418
3177	1853.7426335157722	5910
3178	1854.3314429627765	5671
3179	1854.9202393087462	6297
3180	1855.5090225223757	6756
3181	1856.0977925723605	6726
3182	1856.6865494273954	5742
3183	1857.2752930561753	6016
3184	1857.8640234273946	6242
3185	1858.4527405097483	5794
3186	1859.0414442719316	5370
3187	1859.6301346826392	5926
3188	1860.2188117105661	5751
3189	1860.8074753244064	5076
3190	1861.3961254928558	5154
3191	1861.9847621846093	6038
3192	1862.5733853683607	5813
3193	1863.1619950128063	5505
3194	1863.7505910866396	5112
3195	1864.3391735585562	5656
3196	1864.927742397251	5924
3197	1865.5162975714181	6329
3198	1866.1048390497535	5804
3199	1866.6933668009513	5493
3200	1867.2818807937065	5797
3201	1867.870380996714	5412
3202	1868.4588673786686	6201
3203	1869.0473399082653	6113
3204	1869.635798554199	6437
3205	1870.2242432851644	6029
3206	1870.8126740698565	5546
3207	1871.4010908769696	6520
3208	1871.9894936751994	6300
3209	1872.5778824332406	5567
3210	1873.1662571197874	5516
3211	1873.7546177035354	6155
3212	1874.3429641531789	6223
3213	1874.9312964374133	6361
3214	1875.519614524933	7489
3215	1876.107918384433	8195
3216	1876.6962079846085	8431
3217	1877.284483294154	7718
3218	1877.8727442817644	7573
3219	1878.4609909161343	7165
3220	1879.0492231659591	7564
3221	1879.6374409999332	5594
3222	1880.225644386752	5078
3223	1880.81383329511	5786
3224	1881.402007693702	5725
3225	1881.990167551223	4917
3226	1882.5783128363678	4973
3227	1883.166443517831	5721
3228	1883.7545595643082	5966
3229	1884.3426609444934	5936
3230	1884.930747627082	6577
3231	1885.5188195807684	6654
3232	1886.1068767742483	6078
3233	1886.694919176216	5728
3234	1887.282946755366	5355
3235	1887.8709594803938	6038
3236	1888.4589573199944	5648
3237	1889.0469402428616	5832
3238	1889.6349082176912	5902
3239	1890.2228612131778	6995
3240	1890.8107991980164	6820
3241	1891.3987221409016	5877
3242	1891.9866300105282	5313
3243	1892.5745227755913	6105
3244	1893.1624004047858	6102
3245	1893.7502628668067	6778
3246	1894.338110130348	6305
3247	1894.9259421641057	6044
3248	1895.513758936774	6579
3249	1896.101560417048	6301
3250	1896.6893465736223	6036
3251	1897.277117375192	7100
3252	1897.8648727904515	7082
3253	1898.4526127880965	5699
3254	1899.040337336821	4844
3255	1899.628046405321	5819
3256	1900.2157399622902	6481
3257	1900.8034179764236	5733
3258	1901.3910804164163	5888
3259	1901.9787272509636	6172
3260	1902.56635844876	5925
3261	1903.1539739785003	5323
3262	1903.7415738088791	5877
3263	1904.3291579085917	5694
3264	1904.9167262463327	6260
3265	1905.5042787907973	5661
3266	1906.09181551068	5669
3267	1906.6793363746758	6342
3268	1907.2668413514793	6616
3269	1907.8543304097857	6392
3270	1908.44180351829	6302
3271	1909.029260645687	7286
3272	1909.616701760671	6992
3273	1910.2041268319372	5428
3274	1910.7915358281807	5424
3275	1911.378928718096	6852
3276	1911.9663054703785	6679
3277	1912.553666053722	5880
3278	1913.1410104368226	5674
3279	1913.7283385883748	6303
3280	1914.3156504770725	6561
3281	1914.9029460716122	5645
3282	1915.4902253406874	5327
3283	1916.0774882529936	7197
3284	1916.6647347772252	7282
3285	1917.2519648820776	7195
3286	1917.8391785362455	5960
3287	1918.4263757084236	6672
3288	1919.0135563673068	6801
3289	1919.60072048159	5927
3290	1920.1878680199682	5593
3291	1920.7749989511365	6544
3292	1921.3621132437886	5943
3293	1921.9492108666204	6110
3294	1922.536291788327	5911
3295	1923.1233559776022	6251
3296	1923.7104034031415	6650
3297	1924.2974340336402	5642
3298	1924.884447837792	5511
3299	1925.4714447842928	6659
3300	1926.0584248418372	6464
3301	1926.6453879791197	5444
3302	1927.232334164835	6052
3303	1927.819263367679	6271
3304	1928.406175556346	6430
3305	1928.9930706995303	5197
3306	1929.5799487659274	5516
3307	1930.1668097242316	6304
3308	1930.7536535431386	6682
3309	1931.340480191343	5494
3310	1931.9272896375392	5151
3311	1932.5140818504224	6138
3312	1933.1008567986876	6523
3313	1933.6876144510288	6272
3314	1934.274354776142	5605
3315	1934.8610777427218	6172
3316	1935.4477833194624	6080
3317	1936.0344714750593	5528
3318	1936.621142178207	6322
3319	1937.2077953976009	6162
3320	1937.794431101935	6791
3321	1938.381049259905	5840
3322	1938.9676498402055	5568
3323	1939.554232811531	5903
3324	1940.1407981425764	6089
3325	1940.727345802037	5449
3326	1941.3138757586073	5414
3327	1941.900387980983	6480
3328	1942.4868824378575	6928
3329	1943.0733590979266	6172
3330	1943.6598179298849	7340
3331	1944.2462589024276	7024
3332	1944.8326819842493	6772
3333	1945.4190871440446	5721
3334	1946.0054743505086	5151
3335	1946.5918435723365	5790
3336	1947.178194778223	6063
3337	1947.7645279368624	5227
3338	1948.35084301695	6398
3339	1948.9371399871807	6816
3340	1949.5234188162494	7102
3341	1950.1096794728508	6513
3342	1950.6959219256798	5621
3343	1951.282146143431	5658
3344	1951.8683520947998	5604
3345	1952.4545397484806	5244
3346	1953.0407090731687	5822
3347	1953.6268600375588	6477
3348	1954.2129926103453	6320
3349	1954.7991067602234	6241
3350	1955.3852024558882	5660
3351	1955.9712796660342	6623
3352	1956.557338359357	6490
3353	1957.1433785045504	6289
3354	1957.7294000703096	6084
3355	1958.3154030253295	9738
3356	1958.9013873383053	7961
3357	1959.4873529779316	6923
3358	1960.0732999129034	5709
3359	1960.6592281119151	6100
3360	1961.2451375436624	5719
3361	1961.831028176839	5513
3362	1962.416899980141	5781
3363	1963.0027529222623	5893
3364	1963.5885869718982	6071
3365	1964.1744020977435	5995
3366	1964.760198268493	6071
3367	1965.345975452842	6844
3368	1965.9317336194847	6738
3369	1966.517472737116	5776
3370	1967.1031927744314	5355
3371	1967.6888937001252	6049
3372	1968.2745754828923	6318
3373	1968.8602380914276	5534
3374	1969.4458814944264	5592
3375	1970.031505660583	6165
3376	1970.6171105585922	6903
3377	1971.2026961571496	6655
3378	1971.7882624249492	6037
3379	1972.3738093306868	6166
3380	1972.9593368430558	6220
3381	1973.5448449307526	5530
3382	1974.1303335624714	5381
3383	1974.7158027069067	7887
3384	1975.3012523327538	7569
3385	1975.886682408708	6651
3386	1976.4720929034634	6431
3387	1977.0574837857148	6424
3388	1977.6428550241578	5992
3389	1978.2282065874867	5713
3390	1978.8135384443965	6162
3391	1979.398850563582	6132
3392	1979.984142913738	6894
3393	1980.5694154635598	6196
3394	1981.1546681817417	7691
3395	1981.7399010369786	7411
3396	1982.325113997966	6517
3397	1982.9103070333983	5923
3398	1983.4954801119704	5400
3399	1984.0806332023767	5936
3400	1984.665766273313	6456
3401	1985.2508792934732	5503
3402	1985.835972231553	5503
3403	1986.421045056247	6262
3404	1987.0060977362496	6429
3405	1987.591130240256	6058
3406	1988.1761425369612	5829
3407	1988.76113459506	6004
3408	1989.3461063832472	6418
3409	1989.9310578702173	6108
3410	1990.515989024666	5434
3411	1991.1008998152874	7057
3412	1991.6857902107765	6941
3413	1992.2706601798286	6226
3414	1992.8555096911382	6200
3415	1993.4403387134	6331
3416	1994.0251472153093	6566
3417	1994.6099351655603	5927
3418	1995.1947025328489	6059
3419	1995.7794492858688	6346
3420	1996.3641753933157	7233
3421	1996.9488808238839	6551
3422	1997.5335655462688	5522
3423	1998.118229529165	6272
3424	1998.7028727412674	7570
3425	1999.2874951512708	6775
3426	1999.87209672787	6407
3427	2000.45667743976	6435
3428	2001.041237255635	6397
3429	2001.6257761441911	6390
3430	2002.2102940741222	5890
3431	2002.7947910141238	6578
3432	2003.3792669328905	6360
3433	2003.9637217991167	6164
3434	2004.5481555814977	5557
3435	2005.1325682487284	5984
3436	2005.7169597695035	6716
3437	2006.3013301125181	7464
3438	2006.885679246467	6179
3439	2007.4700071400448	6191
3440	2008.0543137619463	6795
3441	2008.6385990808667	6189
3442	2009.2228630655009	5830
3443	2009.8071056845436	6418
3444	2010.3913269066898	7067
3445	2010.9755267006337	6086
3446	2011.559705035071	5529
3447	2012.143861878696	6238
3448	2012.727997200204	6321
3449	2013.31211096829	6354
3450	2013.8962031516483	5638
3451	2014.4802737189736	13777
3452	2015.0643226389614	9245
3453	2015.6483498803063	7596
3454	2016.232355411703	7077
3455	2016.8163392018466	8135
3456	2017.400301219432	6827
3457	2017.984241433154	5865
3458	2018.5681598117073	5364
3459	2019.1520563237866	6630
3460	2019.7359309380877	6941
3461	2020.3197836233041	6024
3462	2020.903614348132	5674
3463	2021.487423081265	6094
3464	2022.0712097913986	6315
3465	2022.654974447228	6300
3466	2023.2387170174472	5604
3467	2023.8224374707518	6397
3468	2024.4061357758364	6646
3469	2024.989811901396	5711
3470	2025.573465816125	5330
3471	2026.1570974887188	6952
3472	2026.7407068878722	6339
3473	2027.3242939822799	5301
3474	2027.9078587406364	5523
3475	2028.491401131637	6192
3476	2029.074921123977	6726
3477	2029.65841868635	6338
3478	2030.241893787452	5369
3479	2030.8253463959777	7687
3480	2031.408776480621	7151
3481	2031.992184010078	6345
3482	2032.5755689530433	5903
3483	2033.1589312782114	6087
3484	2033.7422709542768	6062
3485	2034.3255879499354	5459
3486	2034.9088822338808	5020
3487	2035.4921537748091	6417
3488	2036.0754025414146	6593
3489	2036.6586285023918	5394
3490	2037.2418316264361	6082
3491	2037.8250118822427	6244
3492	2038.4081692385053	6329
3493	2038.9913036639196	6182
3494	2039.5744151271801	6163
3495	2040.1575035969822	6788
3496	2040.74056904202	7144
3497	2041.3236114309893	6472
3498	2041.9066307325838	6067
3499	2042.4896269154995	6691
3500	2043.0725999484303	7546
3501	2043.6555498000719	6585
3502	2044.2384764391186	6397
3503	2044.8213798342651	7438
3504	2045.404259954207	7066
3505	2045.9871167676386	6356
3506	2046.5699502432547	5893
3507	2047.1527603497502	6785
3508	2047.7355470558205	6881
3509	2048.3183103301603	6985
3510	2048.9010501414637	6347
3511	2049.4837664584265	7931
3512	2050.066459249743	7784
3513	2050.649128484108	6535
3514	2051.2317741302168	5580
3515	2051.814396156764	6238
3516	2052.3969945324443	6113
3517	2052.979569225953	7761
3518	2053.562120205985	6326
3519	2054.1446474412346	6385
3520	2054.7271509003967	7143
3521	2055.3096305521667	5696
3522	2055.8920863652393	5902
3523	2056.474518308309	6181
3524	2057.0569263500706	7039
3525	2057.6393104592194	6567
3526	2058.2216706044505	6865
3527	2058.804006754458	6503
3528	2059.3863188779374	7400
3529	2059.968606943583	6475
3530	2060.55087092009	6756
3531	2061.133110776153	7574
3532	2061.7153264804674	7774
3533	2062.2975180017274	6914
3534	2062.8796853086287	6039
3535	2063.461828369865	6258
3536	2064.0439471541326	6797
3537	2064.6260416301247	6064
3538	2065.2081117665375	5820
3539	2065.790157532065	5627
3540	2066.372178895403	7009
3541	2066.954175825246	8253
3542	2067.5361482902877	6531
3543	2068.118096259225	6599
3544	2068.700019700751	7351
3545	2069.2819185835615	6613
3546	2069.8637928763505	6175
3547	2070.4456425478143	6984
3548	2071.0274675666465	6494
3549	2071.6092679015424	7059
3550	2072.191043521197	6432
3551	2072.772794394305	7146
3552	2073.3545204895613	7278
3553	2073.9362217756607	6786
3554	2074.517898221298	6720
3555	2075.099549795168	6784
3556	2075.681176465966	6870
3557	2076.2627782023865	6281
3558	2076.844354973124	6400
3559	2077.4259067468747	7545
3560	2078.007433492332	7139
3561	2078.588935178191	6892
3562	2079.1704117731474	6462
3563	2079.7518632458955	6276
3564	2080.3332895651297	6515
3565	2080.9146906995456	5935
3566	2081.496066617838	5338
3567	2082.077417288702	6259
3568	2082.658742680831	5876
3569	2083.2400427629213	5437
3570	2083.821317503668	5652
3571	2084.4025668717645	6627
3572	2084.983790835907	7131
3573	2085.5649893647897	7499
3574	2086.146162427107	6746
3575	2086.7273099915546	7081
3576	2087.3084320268276	6839
3577	2087.88952850162	5880
3578	2088.4705993846273	6396
3579	2089.051644644544	6386
3580	2089.632664250065	6226
3581	2090.213658169885	6180
3582	2090.7946263727	5627
3583	2091.3755688272026	6041
3584	2091.95648550209	6618
3585	2092.5373763660555	6018
3586	2093.118241387795	6093
3587	2093.6990805360024	7000
3588	2094.279893779373	7108
3589	2094.860681086602	6304
3590	2095.441442426384	5675
3591	2096.0221777674137	6331
3592	2096.602887078386	7584
3593	2097.183570327996	6597
3594	2097.7642274849386	6258
3595	2098.344858517908	6378
3596	2098.9254633955998	6741
3597	2099.506042086709	5615
3598	2100.086594559929	5324
3599	2100.6671207839563	5839
3600	2101.247620727485	6140
3601	2101.8280943592104	6698
3602	2102.408541647827	6139
3603	2102.9889625620294	6205
3604	2103.5693570705134	6916
3605	2104.149725141973	5750
3606	2104.730066745103	5502
3607	2105.310381848599	7249
3608	2105.8906704211554	6758
3609	2106.4709324314667	6610
3610	2107.051167848229	6128
3611	2107.6313766401354	7468
3612	2108.211558775882	7771
3613	2108.7917142241636	7023
3614	2109.3718429536743	5686
3615	2109.9519449331106	6088
3616	2110.532020131165	6961
3617	2111.1120685165342	6253
3618	2111.692090057912	5815
3619	2112.2720847239943	7942
3620	2112.852052483475	7233
3621	2113.431993305049	6341
3622	2114.011907157412	5699
3623	2114.591794009258	6461
3624	2115.1716538292826	7056
3625	2115.75148658618	6170
3626	2116.3312922486452	6033
3627	2116.911070785374	7464
3628	2117.49082216506	6980
3629	2118.070546356398	6799
3630	2118.650243328084	5950
3631	2119.229913048812	6458
3632	2119.8095554872766	7598
3633	2120.389170612174	6776
3634	2120.9687583921977	6220
3635	2121.548318796043	6824
3636	2122.127851792405	7702
3637	2122.707357349979	6890
3638	2123.2868354374586	6662
3639	2123.8662860235395	7557
3640	2124.445709076916	7260
3641	2125.0251045662835	6277
3642	2125.604472460337	6636
3643	2126.1838127277706	6452
3644	2126.76312533728	6545
3645	2127.3424102575595	8000
3646	2127.9216674573045	7208
3647	2128.5008969052087	7191
3648	2129.0800985699684	6937
