Index	Intensity	Intensity
1	160.74480261307292	1748
2	161.00366845694796	1771
3	161.26254309473086	1774
4	161.52142654030783	1782
5	161.78031880756518	1777
6	162.0392199103891	1784
7	162.29812986266592	1775
8	162.55704867828183	1785
9	162.81597637112313	1777
10	163.07491295507606	1779
11	163.33385844402687	1779
12	163.59281285186182	1780
13	163.85177619246718	1780
14	164.1107484797292	1786
15	164.36972972753412	1785
16	164.62871994976823	1794
17	164.88771916031777	1783
18	165.14672737306896	1793
19	165.4057446019081	1787
20	165.66477086072146	1789
21	165.92380616339526	1783
22	166.18285052381574	1782
23	166.4419039558692	1777
24	166.7009664734419	1779
25	166.96003809042006	1780
26	167.21911882068994	1789
27	167.47820867813783	1792
28	167.73730767664995	1792
29	167.99641583011257	1791
30	168.25553315241197	1802
31	168.51465965743435	1801
32	168.773795359066	1797
33	169.0329402711932	1795
34	169.2920944077022	1791
35	169.5512577824792	1792
36	169.81043040941054	1804
37	170.0696123023824	1794
38	170.3288034752811	1801
39	170.5880039419928	1797
40	170.84721371640387	1801
41	171.10643281240053	1797
42	171.365661243869	1796
43	171.62489902469557	1792
44	171.88414616876645	1797
45	172.14340268996796	1808
46	172.40266860218634	1807
47	172.66194391930782	1806
48	172.92122865521867	1806
49	173.18052282380518	1806
50	173.43982643895353	1801
51	173.69913951455004	1801
52	173.95846206448095	1810
53	174.2177941026325	1815
54	174.47713564289097	1827
55	174.7364866991426	1812
56	174.99584728527367	1821
57	175.2552174151704	1815
58	175.51459710271905	1826
59	175.77398636180592	1816
60	176.03338520631723	1824
61	176.29279365013923	1817
62	176.5522117071582	1827
63	176.81163939126037	1821
64	177.07107671633204	1824
65	177.33052369625943	1821
66	177.5899803449288	1817
67	177.84944667622642	1829
68	178.10892270403852	1833
69	178.3684084422514	1837
70	178.62790390475126	1829
71	178.8874091054244	1822
72	179.14692405815705	1819
73	179.4064487768355	1827
74	179.66598327534598	1831
75	179.92552756757476	1835
76	180.18508166740807	1838
77	180.44464558873221	1839
78	180.7042193454334	1837
79	180.9638029513979	1830
80	181.22339642051196	1831
81	181.48299976666186	1832
82	181.74261300373385	1838
83	182.00223614561418	1838
84	182.26186920618912	1838
85	182.5215121993449	1840
86	182.7811651389678	1848
87	183.04082803894406	1850
88	183.30050091315996	1854
89	183.5601837755017	1848
90	183.81987663985564	1847
91	184.07957952010793	1849
92	184.33929243014487	1869
93	184.59901538385273	1861
94	184.85874839511774	1867
95	185.11849147782618	1874
96	185.37824464586427	1883
97	185.63800791311832	1871
98	185.89778129347454	1876
99	186.15756480081922	1887
100	186.41735844903857	1901
101	186.6771622520189	1896
102	186.93697622364644	1900
103	187.19680037780745	1898
104	187.45663472838817	1899
105	187.71647928927487	1896
106	187.97633407435382	1902
107	188.23619909751127	1896
108	188.49607437263347	1904
109	188.75595991360666	1899
110	189.0158557343171	1906
111	189.2757618486511	1905
112	189.53567827049486	1921
113	189.79560501373464	1920
114	190.0555420922567	1911
115	190.31548951994733	1911
116	190.57544731069277	1909
117	190.83541547837922	1915
118	191.09539403689303	1920
119	191.35538300012038	1913
120	191.61538238194757	1915
121	191.87539219626083	1910
122	192.13541245694643	1914
123	192.39544317789063	1911
124	192.65548437297969	1920
125	192.91553605609985	1922
126	193.17559824113738	1926
127	193.43567094197851	1921
128	193.6957541725095	1930
129	193.95584794661667	1930
130	194.21595227818622	1932
131	194.4760671811044	1922
132	194.7361926692575	1928
133	194.99632875653174	1923
134	195.2564754568134	1925
135	195.5166327839887	1924
136	195.776800751944	1934
137	196.03697937456542	1933
138	196.2971686657393	1933
139	196.55736863935186	1935
140	196.81757930928939	1943
141	197.07780068943813	1944
142	197.33803279368433	1941
143	197.59827563591426	1948
144	197.85852923001414	1949
145	198.11879358987028	1947
146	198.3790687293689	1958
147	198.63935466239627	1949
148	198.89965140283863	1945
149	199.15995896458227	1947
150	199.4202773615134	1940
151	199.6806066075183	1938
152	199.94094671648327	1947
153	200.20129770229448	1956
154	200.46165957883827	1959
155	200.72203236000084	1959
156	200.98241605966845	1969
157	201.24281069172736	1961
158	201.50321627006386	1961
159	201.76363280856418	1961
160	202.02406032111458	1957
161	202.2844988216013	1955
162	202.5449483239106	1961
163	202.8054088419288	1956
164	203.06588038954206	1970
165	203.32636298063667	1965
166	203.58685662909892	1964
167	203.84736134881504	1966
168	204.10787715367127	1971
169	204.3684040575539	1971
170	204.6289420743492	1979
171	204.88949121794337	1969
172	205.15005150222268	1982
173	205.41062294107343	1972
174	205.6712055483818	1971
175	205.93179933803412	1972
176	206.19240432391663	1978
177	206.45302051991558	1970
178	206.71364793991722	1979
179	206.9742865978078	1978
180	207.23493650747355	1986
181	207.49559768280082	1975
182	207.75627013767576	1981
183	208.01695388598472	1982
184	208.27764894161385	1987
185	208.53835531844953	1985
186	208.7990730303779	1993
187	209.0598020912853	1990
188	209.32054251505795	1999
189	209.5812943155821	1993
190	209.84205750674403	1993
191	210.10283210242997	1993
192	210.3636181165262	2003
193	210.62441556291895	1992
194	210.88522445549452	1988
195	211.14604480813912	1988
196	211.40687663473904	2001
197	211.6677199491805	1998
198	211.92857476534982	2004
199	212.18944109713317	1994
200	212.45031895841686	2000
201	212.71120836308717	1998
202	212.9721093250303	2006
203	213.23302185813253	2002
204	213.4939459762801	2009
205	213.7548816933593	2004
206	214.01582902325634	2005
207	214.27678797985754	1998
208	214.53775857704912	2008
209	214.7987408287173	2006
210	215.0597347487484	2007
211	215.32074035102866	2006
212	215.5817576494443	2019
213	215.84278665788165	2016
214	216.10382739022688	2027
215	216.3648798603663	2014
216	216.62594408218615	2020
217	216.88702006957266	2026
218	217.14810783641215	2028
219	217.40920739659083	2017
220	217.67031876399497	2026
221	217.93144195251082	2024
222	218.19257697602464	2025
223	218.45372384842267	2031
224	218.7148825835912	2030
225	218.97605319541645	2029
226	219.23723569778474	2028
227	219.49843010458224	2025
228	219.75963642969526	2028
229	220.02085468701003	2034
230	220.28208489041285	2031
231	220.5433270537899	2027
232	220.80458119102752	2027
233	221.06584731601194	2029
234	221.32712544262938	2032
235	221.58841558476612	2034
236	221.84971775630842	2049
237	222.11103197114255	2037
238	222.37235824315474	2047
239	222.63369658623122	2043
240	222.89504701425835	2042
241	223.1564095411223	2046
242	223.4177841807093	2054
243	223.67917094690569	2047
244	223.94056985359768	2045
245	224.20198091467157	2045
246	224.46340414401354	2049
247	224.7248395555099	2049
248	224.98628716304688	2048
249	225.24774698051075	2053
250	225.50921902178777	2045
251	225.7707033007642	2050
252	226.0321998313263	2057
253	226.2937086273603	2050
254	226.55522970275246	2050
255	226.8167630713891	2044
256	227.07830874715637	2059
257	227.3398667439406	2060
258	227.601437075628	2062
259	227.8630197561049	2046
260	228.12461479925747	2058
261	228.38622221897202	2058
262	228.6478420291348	2064
263	228.90947424363208	2070
264	229.17111887635002	2060
265	229.432775941175	2057
266	229.69444545199323	2067
267	229.95612742269097	2064
268	230.21782186715444	2066
269	230.47952879926996	2062
270	230.74124823292374	2070
271	231.00298018200203	2072
272	231.26472466039112	2064
273	231.52648168197726	2063
274	231.7882512606467	2068
275	232.05003341028566	2066
276	232.31182814478046	2071
277	232.5736354780173	2068
278	232.8354554238825	2072
279	233.09728799626225	2075
280	233.35913320904285	2082
281	233.62099107611056	2079
282	233.8828616113516	2084
283	234.14474482865222	2081
284	234.40664074189874	2081
285	234.66854936497734	2074
286	234.93047071177432	2076
287	235.19240479617596	2080
288	235.45435163206847	2081
289	235.7163112333381	2076
290	235.97828361387116	2079
291	236.24026878755387	2080
292	236.50226676827248	2087
293	236.76427756991328	2089
294	237.02630120636246	2093
295	237.28833769150637	2096
296	237.55038703923117	2102
297	237.81244926342322	2096
298	238.07452437796866	2093
299	238.33661239675382	2101
300	238.598713333665	2110
301	238.86082720258833	2100
302	239.12295401741017	2099
303	239.3850937920167	2093
304	239.64724654029425	2096
305	239.90941227612905	2101
306	240.17159101340732	2101
307	240.43378276601538	2101
308	240.69598754783942	2111
309	240.95820537276575	2107
310	241.22043625468058	2118
311	241.4826802074702	2110
312	241.74493724502088	2115
313	242.00720738121885	2106
314	242.26949062995035	2114
315	242.53178700510168	2116
316	242.79409652055904	2110
317	243.05641919020871	2109
318	243.31875502793702	2109
319	243.5811040476301	2104
320	243.84346626317432	2112
321	244.10584168845585	2117
322	244.368230337361	2118
323	244.630632223776	2115
324	244.8930473615871	2121
325	245.15547576468055	2119
326	245.41791744694268	2123
327	245.68037242225967	2127
328	245.94284070451778	2132
329	246.2053223076033	2122
330	246.46781724540244	2131
331	246.73032553180155	2132
332	246.9928471806868	2141
333	247.25538220594444	2134
334	247.51793062146078	2131
335	247.78049244112205	2130
336	248.0430676788145	2131
337	248.3056563484244	2131
338	248.568258463838	2126
339	248.83087403894157	2133
340	249.09350308762134	2138
341	249.3561456237636	2128
342	249.61880166125457	2135
343	249.88147121398055	2134
344	250.14415429582772	2132
345	250.40685092068242	2132
346	250.66956110243086	2126
347	250.93228485495933	2136
348	251.19502219215403	2132
349	251.45777312790125	2124
350	251.7205376760873	2138
351	251.98331585059833	2138
352	252.24610766532066	2140
353	252.50891313414056	2133
354	252.77173227094423	2138
355	253.03456508961798	2132
356	253.29741160404805	2133
357	253.56027182812068	2130
358	253.82314577572214	2145
359	254.0860334607387	2138
360	254.34893489705655	2135
361	254.61185009856206	2137
362	254.8747790791414	2131
363	255.13772185268084	2131
364	255.40067843306664	2135
365	255.6636488341851	2135
366	255.9266330699224	2145
367	256.18963115416483	2130
368	256.4526431007987	2134
369	256.71566892371015	2142
370	256.97870863678554	2136
371	257.2417622539111	2136
372	257.50482978897304	2140
373	257.76791125585765	2138
374	258.03100666845125	2140
375	258.29411604064	2141
376	258.5572393863102	2152
377	258.820376719348	2150
378	259.0835280536399	2139
379	259.346693403072	2133
380	259.6098727815305	2144
381	259.8730662029017	2146
382	260.13627368107194	2142
383	260.3994952299274	2143
384	260.66273086335434	2143
385	260.925980595239	2141
386	261.18924443946776	2143
387	261.4525224099267	2144
388	261.71581452050214	2151
389	261.97912078508045	2147
390	262.2424412175477	2154
391	262.5057758317903	2149
392	262.76912464169436	2151
393	263.0324876611463	2143
394	263.2958649040322	2144
395	263.5592563842385	2145
396	263.8226621156514	2155
397	264.086082112157	2158
398	264.34951638764176	2156
399	264.61296495599186	2151
400	264.87642783109357	2146
401	265.13990502683305	2141
402	265.4033965570967	2149
403	265.6669024357707	2144
404	265.9304226767413	2146
405	266.19395729389475	2135
406	266.4575063011174	2145
407	266.7210697122954	2145
408	266.98464754131504	2151
409	267.2482398020626	2151
410	267.51184650842424	2155
411	267.77546767428635	2144
412	268.0391033135352	2140
413	268.3027534400569	2146
414	268.56641806773774	2150
415	268.8300972104641	2160
416	269.0937908821221	2166
417	269.3574990965981	2156
418	269.6212218677782	2167
419	269.88495920954887	2154
420	270.14871113579625	2158
421	270.4124776604066	2149
422	270.67625879726614	2148
423	270.94005456026116	2150
424	271.20386496327797	2153
425	271.4676900202028	2154
426	271.73152974492183	2152
427	271.9953841513214	2153
428	272.25925325328774	2158
429	272.5231370647071	2151
430	272.78703559946575	2155
431	273.0509488714499	2155
432	273.3148768945459	2170
433	273.5788196826399	2164
434	273.8427772496182	2160
435	274.10674960936717	2157
436	274.37073677577285	2150
437	274.63473876272167	2154
438	274.8987555840998	2157
439	275.1627872537935	2151
440	275.42683378568904	2152
441	275.6908951936727	2151
442	275.9549714916308	2160
443	276.21906269344936	2154
444	276.4831688130149	2167
445	276.7472898642135	2161
446	277.0114258609315	2153
447	277.2755768170552	2148
448	277.5397427464707	2158
449	277.80392366306444	2151
450	278.06811958072257	2151
451	278.3323305133313	2147
452	278.596556474777	2147
453	278.86079747894587	2154
454	279.1250535397242	2165
455	279.38932467099823	2154
456	279.6536108866542	2152
457	279.91791220057826	2146
458	280.18222862665687	2152
459	280.4465601787762	2149
460	280.7109068708225	2157
461	280.975268716682	2158
462	281.239645730241	2157
463	281.5040379253858	2154
464	281.7684453160025	2157
465	282.0328679159775	2157
466	282.297305739197	2158
467	282.56175879954725	2154
468	282.82622711091454	2158
469	283.09071068718515	2156
470	283.35520954224523	2160
471	283.61972368998113	2155
472	283.88425314427906	2154
473	284.1487979190253	2149
474	284.41335802810613	2156
475	284.6779334854077	2160
476	284.9425243048164	2155
477	285.20713050021845	2152
478	285.47175208550004	2153
479	285.7363890745475	2159
480	286.00104148124706	2154
481	286.2657093194849	2150
482	286.53039260314745	2155
483	286.79509134612084	2158
484	287.05980556229133	2162
485	287.3245352655452	2154
486	287.5892804697687	2151
487	287.8540411888481	2159
488	288.1188174366697	2161
489	288.3836092271197	2163
490	288.64841657408425	2168
491	288.91323949144976	2171
492	289.1780779931025	2170
493	289.44293209292863	2161
494	289.70780180481444	2161
495	289.97268714264624	2161
496	290.2375881203102	2162
497	290.50250475169264	2155
498	290.76743705067975	2162
499	291.03238503115784	2148
500	291.29734870701316	2155
501	291.56232809213196	2168
502	291.82732320040054	2169
503	292.09233404570506	2167
504	292.35736064193185	2167
505	292.6224030029671	2160
506	292.88746114269713	2155
507	293.15253507500825	2160
508	293.4176248137866	2168
509	293.6827303729184	2157
510	293.9478517662901	2160
511	294.21298900778777	2156
512	294.4781421112978	2168
513	294.74331109070636	2166
514	295.00849595989973	2168
515	295.27369673276417	2171
516	295.53891342318593	2168
517	295.8041460450513	2170
518	296.06939461224647	2166
519	296.3346591386577	2164
520	296.59993963817135	2165
521	296.86523612467363	2163
522	297.1305486120507	2163
523	297.3958771141889	2161
524	297.6612216449745	2163
525	297.9265822182937	2161
526	298.1919588480328	2166
527	298.45735154807807	2159
528	298.7227603323157	2167
529	298.98818521463204	2161
530	299.25362620891326	2175
531	299.51908332904566	2168
532	299.7845565889155	2160
533	300.050046002409	2161
534	300.3155515834124	2167
535	300.58107334581206	2164
536	300.8466113034941	2172
537	301.1121654703449	2161
538	301.3777358602507	2166
539	301.64332248709763	2161
540	301.90892536477213	2168
541	302.17454450716025	2167
542	302.4401799281485	2165
543	302.7058316416229	2170
544	302.9714996614698	2168
545	303.2371840015755	2165
546	303.5028846758262	2162
547	303.7686016981081	2174
548	304.0343350823076	2176
549	304.3000848423109	2170
550	304.56585099200424	2169
551	304.8316335452738	2166
552	305.097432516006	2177
553	305.3632479180869	2172
554	305.629079765403	2174
555	305.89492807184035	2161
556	306.16079285128524	2165
557	306.42667411762403	2160
558	306.6925718847429	2159
559	306.9584861665281	2167
560	307.2244169768659	2174
561	307.49036432964255	2167
562	307.75632823874435	2168
563	308.0223087180575	2167
564	308.28830578146824	2178
565	308.55431944286295	2168
566	308.8203497161277	2175
567	309.08639661514894	2172
568	309.3524601538128	2176
569	309.6185403460055	2168
570	309.88463720561344	2172
571	310.1507507465228	2160
572	310.41688098261983	2173
573	310.6830279277908	2161
574	310.94919159592195	2166
575	311.2153720008995	2163
576	311.48156915660985	2172
577	311.7477830769391	2166
578	312.0140137757736	2168
579	312.2802612669995	2166
580	312.5465255645032	2165
581	312.81280668217084	2156
582	313.07910463388873	2161
583	313.34541943354316	2179
584	313.61175109502034	2170
585	313.8780996322065	2162
586	314.144465058988	2169
587	314.4108473892509	2169
588	314.6772466368816	2172
589	314.9436628157664	2161
590	315.2100959397915	2167
591	315.4765460228431	2174
592	315.7430130788075	2174
593	316.0094971215709	2164
594	316.2759981650197	2171
595	316.54251622304014	2159
596	316.8090513095183	2163
597	317.07560343834064	2164
598	317.34217262339325	2161
599	317.60875887856247	2159
600	317.8753622177345	2174
601	318.1419826547957	2168
602	318.40862020363227	2170
603	318.67527487813044	2170
604	318.94194669217654	2170
605	319.2086356596567	2168
606	319.4753417944573	2175
607	319.7420651104645	2171
608	320.00880562156465	2173
609	320.275563341644	2169
610	320.5423382845887	2166
611	320.8091304642851	2162
612	321.0759398946194	2169
613	321.34276658947795	2171
614	321.6096105627469	2173
615	321.87647182831256	2165
616	322.1433504000612	2174
617	322.41024629187905	2169
618	322.6771595176523	2169
619	322.9440900912673	2168
620	323.21103802661037	2173
621	323.47800333756754	2171
622	323.74498603802533	2171
623	324.0119861418698	2175
624	324.2790036629873	2173
625	324.546038615264	2168
626	324.8130910125863	2176
627	325.0801608688404	2175
628	325.34724819791245	2174
629	325.6143530136888	2172
630	325.8814753300557	2177
631	326.14861516089945	2177
632	326.4157725201062	2184
633	326.6829474215623	2185
634	326.9501398791539	2185
635	327.21734990676737	2170
636	327.4845775182889	2167
637	327.7518227276048	2170
638	328.0190855486013	2181
639	328.2863659951647	2180
640	328.5536640811811	2186
641	328.82097982053693	2177
642	329.08831322711836	2178
643	329.3556643148117	2166
644	329.62303309750314	2163
645	329.890419589079	2168
646	330.15782380342546	2175
647	330.42524575442883	2167
648	330.6926854559753	2178
649	330.9601429219513	2177
650	331.2276181662429	2174
651	331.49511120273644	2165
652	331.76262204531815	2170
653	332.0301507078743	2170
654	332.29769720429124	2171
655	332.56526154845506	2170
656	332.83284375425205	2167
657	333.10044383556857	2172
658	333.36806180629077	2180
659	333.63569768030493	2169
660	333.9033514714974	2175
661	334.1710231937543	2178
662	334.4387128609619	2178
663	334.7064204870066	2174
664	334.9741460857745	2167
665	335.24188967115197	2167
666	335.5096512570252	2177
667	335.7774308572804	2172
668	336.04522848580393	2175
669	336.31304415648196	2170
670	336.58087788320086	2169
671	336.84872967984677	2167
672	337.116599560306	2174
673	337.3844875384648	2171
674	337.6523936282093	2179
675	337.920317843426	2168
676	338.18826019800105	2179
677	338.45622070582067	2166
678	338.7241993807711	2170
679	338.99219623673866	2171
680	339.2602112876096	2176
681	339.5282445472701	2169
682	339.79629602960654	2179
683	340.0643657485051	2183
684	340.332453717852	2175
685	340.60055995153357	2166
686	340.868684463436	2170
687	341.1368272674456	2170
688	341.40498837744866	2166
689	341.6731678073313	2168
690	341.94136557098	2168
691	342.20958168228077	2173
692	342.47781615511997	2174
693	342.74606900338387	2172
694	343.01434024095875	2173
695	343.2826298817308	2171
696	343.55093793958633	2179
697	343.81926442841166	2171
698	344.08760936209285	2172
699	344.3559727545163	2172
700	344.62435461956824	2170
701	344.89275497113493	2171
702	345.1611738231026	2174
703	345.4296111893575	2179
704	345.698067083786	2176
705	345.9665415202742	2166
706	346.23503451270847	2172
707	346.50354607497496	2173
708	346.77207622096	2175
709	347.04062496454986	2167
710	347.3091923196307	2177
711	347.57777830008894	2168
712	347.8463829198107	2169
713	348.1150061926823	2175
714	348.38364813259	2179
715	348.65230875341996	2179
716	348.92098806905847	2177
717	349.1896860933919	2186
718	349.45840284030646	2185
719	349.72713832368834	2172
720	349.9958925574238	2175
721	350.2646655553991	2172
722	350.5334573315006	2168
723	350.8022678996145	2168
724	351.071097273627	2179
725	351.33994546742434	2174
726	351.6088124948929	2179
727	351.87769836991885	2173
728	352.1466031063885	2175
729	352.415526718188	2177
730	352.6844692192037	2186
731	352.9534306233218	2175
732	353.2224109444287	2180
733	353.4914101964104	2174
734	353.76042839315335	2185
735	354.02946554854384	2185
736	354.298521676468	2180
737	354.56759679081205	2181
738	354.83669090546243	2186
739	355.1058040343052	2179
740	355.37493619122677	2176
741	355.6440873901133	2173
742	355.9132576448511	2179
743	356.1824469693264	2177
744	356.4516553774255	2182
745	356.7208828830346	2174
746	356.9901295000399	2176
747	357.25939524232786	2178
748	357.5286801237845	2184
749	357.79798415829623	2185
750	358.0673073597493	2184
751	358.3366497420299	2181
752	358.6060113190243	2178
753	358.87539210461875	2175
754	359.1447921126995	2184
755	359.41421135715296	2182
756	359.6836498518652	2194
757	359.9531076107225	2181
758	360.2225846476112	2193
759	360.49208097641747	2186
760	360.7615966110276	2191
761	361.0311315653279	2184
762	361.3006858532045	2192
763	361.5702594885438	2187
764	361.839852485232	2191
765	362.10946485715533	2197
766	362.3790966182	2213
767	362.64874778225237	2208
768	362.9184183631987	2211
769	363.18810837492515	2205
770	363.45781783131804	2204
771	363.72754674626356	2212
772	363.9972951336481	2206
773	364.2670630073578	2216
774	364.536850381279	2214
775	364.80665726929783	2214
776	365.07648368530073	2221
777	365.34632964317376	2227
778	365.6161951568033	2232
779	365.88608024007556	2228
780	366.1559849068768	2228
781	366.4259091710934	2238
782	366.69585304661143	2240
783	366.9658165473171	2239
784	367.23579968709697	2244
785	367.50580247983703	2251
786	367.7758249394236	2256
787	368.04586707974295	2266
788	368.31592891468136	2273
789	368.5860104581251	2265
790	368.85611172396034	2279
791	369.12623272607345	2281
792	369.3963734783506	2285
793	369.6665339946781	2282
794	369.93671428894214	2295
795	370.206914375029	2291
796	370.47713426682503	2297
797	370.7473739782163	2303
798	371.0176335230893	2315
799	371.28791291533	2316
800	371.5582121688249	2315
801	371.82853129746024	2324
802	372.0988703151221	2333
803	372.36922923569693	2327
804	372.63960807307086	2331
805	372.9100068411302	2341
806	373.1804255537612	2354
807	373.4508642248501	2359
808	373.72132286828315	2375
809	373.99180149794665	2384
810	374.2623001277268	2385
811	374.53281877150994	2389
812	374.8033574431823	2402
813	375.07391615663005	2409
814	375.34449492573947	2420
815	375.6150937643969	2428
816	375.88571268648855	2437
817	376.15635170590065	2451
818	376.42701083651946	2451
819	376.6976900922313	2447
820	376.9683894869224	2455
821	377.23910903447893	2465
822	377.50984874878725	2475
823	377.7806086437337	2477
824	378.05138873320425	2491
825	378.3221890310854	2503
826	378.59300955126326	2508
827	378.86385030762426	2515
828	379.13471131405447	2525
829	379.4055925844402	2534
830	379.67649413266787	2550
831	379.94741597262356	2546
832	380.2183581181936	2563
833	380.4893205832641	2575
834	380.7603033817214	2578
835	381.03130652745193	2594
836	381.3023300343418	2608
837	381.5733739162772	2606
838	381.8444381871445	2623
839	382.11552286082986	2627
840	382.3866279512196	2642
841	382.65775347220006	2645
842	382.9288994376573	2662
843	383.2000658614777	2665
844	383.4712527575475	2678
845	383.742460139753	2697
846	384.01368802198033	2706
847	384.2849364181159	2705
848	384.5562053420458	2712
849	384.8274948076564	2716
850	385.098804828834	2734
851	385.37013541946476	2737
852	385.64148659343493	2756
853	385.9128583646308	2764
854	386.1842507469387	2769
855	386.4556637542447	2781
856	386.7270974004353	2796
857	386.99855169939656	2809
858	387.27002666501477	2822
859	387.54152231117627	2827
860	387.8130386517672	2843
861	388.08457570067395	2849
862	388.3561334717827	2865
863	388.62771197897973	2867
864	388.8993112361512	2879
865	389.1709312571835	2892
866	389.44257205596284	2907
867	389.7142336463755	2924
868	389.9859160423076	2938
869	390.2576192576456	2940
870	390.5293433062757	2954
871	390.801088202084	2963
872	391.0728539589569	2980
873	391.34464059078067	2995
874	391.6164481114415	3003
875	391.88827653482565	3016
876	392.1601258748194	3022
877	392.4319961453091	3025
878	392.7038873601808	3043
879	392.97579953332087	3055
880	393.2477326786156	3074
881	393.51968680995117	3075
882	393.79166194121393	3083
883	394.06365808629005	3095
884	394.33567525906585	3107
885	394.6077134734275	3117
886	394.87977274326136	3133
887	395.1518530824536	3154
888	395.4239545048905	3190
889	395.69607702445836	3221
890	395.9682206550434	3235
891	396.24038541053187	3245
892	396.5125713048101	3250
893	396.78477835176415	3253
894	397.0570065652805	3262
895	397.3292559592453	3271
896	397.60152654754484	3288
897	397.8738183440653	3318
898	398.14613136269304	3338
899	398.4184656173143	3357
900	398.6908211218153	3361
901	398.96319789008226	3377
902	399.23559593600146	3402
903	399.50801527345925	3411
904	399.7804559163418	3421
905	400.05291787853537	3441
906	400.32540117392625	3454
907	400.5979058164006	3470
908	400.87043181984484	3489
909	401.14297919814504	3511
910	401.4155479651876	3532
911	401.6881381348587	3553
912	401.96074972104475	3569
913	402.2333827376317	3584
914	402.5060371985061	3614
915	402.77871311755405	3631
916	403.0514105086619	3651
917	403.32412938571576	3675
918	403.59686976260207	3702
919	403.86963165320697	3722
920	404.14241507141674	3748
921	404.41522003111766	3764
922	404.6880465461959	3797
923	404.96089463053784	3813
924	405.23376429802966	3848
925	405.5066555625576	3864
926	405.779568438008	3883
927	406.05250293826714	3910
928	406.3254590772211	3942
929	406.59843686875627	3972
930	406.87143632675884	4007
931	407.1444574651152	4035
932	407.41750029771146	4077
933	407.6905648384339	4105
934	407.9636511011688	4143
935	408.2367590998025	4174
936	408.50988884822107	4210
937	408.7830403603109	4226
938	409.0562136499583	4238
939	409.3294087310494	4257
940	409.6026256174704	4279
941	409.87586432310775	4302
942	410.14912486184767	4340
943	410.4224072475762	4364
944	410.6957114941799	4409
945	410.9690376155448	4439
946	411.2423856255573	4480
947	411.5157555381036	4503
948	411.78914736706986	4549
949	412.0625611263424	4581
950	412.33599682980764	4595
951	412.60945449135164	4617
952	412.88293412486075	4643
953	413.1564357442211	4653
954	413.42995936331914	4690
955	413.70350499604103	4728
956	413.9770726562729	4766
957	414.2506623579012	4789
958	414.5242741148121	4816
959	414.79790794089195	4828
960	415.0715638500268	4879
961	415.34524185610314	4907
962	415.6189419730071	4927
963	415.8926642146249	4945
964	416.1664085948429	4983
965	416.44017512754726	5026
966	416.7139638266244	5058
967	416.9877747059603	5085
968	417.26160777944153	5113
969	417.53546306095404	5136
970	417.80934056438434	5171
971	418.0832403036186	5187
972	418.3571622925431	5222
973	418.63110654504396	5244
974	418.9050730750075	5274
975	419.17906189632004	5303
976	419.4530730228679	5342
977	419.72710646853716	5362
978	420.0011622472142	5395
979	420.2752403727852	5421
980	420.5493408591366	5457
981	420.82346372015434	5475
982	421.0976089697248	5519
983	421.3717766217344	5543
984	421.64596669006926	5555
985	421.92017918861563	5581
986	422.1944141312598	5631
987	422.46867153188805	5658
988	422.74295140438664	5682
989	423.01725376264164	5710
990	423.29157862053955	5734
991	423.56592599196654	5749
992	423.8402958908089	5782
993	424.11468833095273	5806
994	424.3891033262845	5844
995	424.66354089069034	5867
996	424.9380010380564	5894
997	425.21248378226926	5923
998	425.4869891372149	5962
999	425.7615171167797	5986
1000	426.0360677348499	6014
1001	426.3106410053117	6034
1002	426.5852369420513	6078
1003	426.85985555895525	6093
1004	427.1344968699094	6126
1005	427.40916088880033	6160
1006	427.68384762951416	6191
1007	427.9585571059372	6195
1008	428.2332893319556	6244
1009	428.5080443214557	6279
1010	428.78282208832377	6310
1011	429.057622646446	6333
1012	429.33244600970875	6352
1013	429.6072921919981	6382
1014	429.8821612072005	6425
1015	430.1570530692021	6447
1016	430.4319677918892	6478
1017	430.706905389148	6512
1018	430.98186587486487	6543
1019	431.2568492629258	6575
1020	431.53185556721746	6613
1021	431.80688480162576	6645
1022	432.0819369800371	6676
1023	432.3570121163377	6701
1024	432.63211022441396	6726
1025	432.90723131815184	6757
1026	433.1823754114379	6804
1027	433.4575425181581	6847
1028	433.73273265219905	6881
1029	434.00794582744663	6911
1030	434.28318205778737	6940
1031	434.5584413571074	6970
1032	434.83372373929296	7009
1033	435.1090292182305	7032
1034	435.38435780780605	7068
1035	435.65970952190594	7108
1036	435.9350843744164	7137
1037	436.2104823792238	7149
1038	436.4859035502143	7188
1039	436.76134790127423	7242
1040	437.0368154462898	7285
1041	437.3123061991471	7320
1042	437.58782017373267	7357
1043	437.86335738393257	7382
1044	438.1389178436332	7425
1045	438.4145015667207	7480
1046	438.6901085670813	7512
1047	438.9657388586014	7554
1048	439.2413924551672	7587
1049	439.517069370665	7644
1050	439.79276961898086	7681
1051	440.06849321400125	7731
1052	440.34424016961225	7753
1053	440.62001049970036	7798
1054	440.8958042181516	7821
1055	441.17162133885233	7878
1056	441.44746187568876	7925
1057	441.7233258425473	7956
1058	441.999213253314	8015
1059	442.27512412187514	8061
1060	442.5510584621171	8104
1061	442.8270162879261	8154
1062	443.10299761318834	8208
1063	443.37900245179014	8241
1064	443.65503081761767	8285
1065	443.9310827245573	8344
1066	444.2071581864951	8379
1067	444.4832572173176	8427
1068	444.7593798309108	8470
1069	445.0355260411611	8515
1070	445.31169586195483	8570
1071	445.587889307178	8618
1072	445.8641063907171	8654
1073	446.1403471264582	8715
1074	446.4166115282877	8762
1075	446.6928996100918	8797
1076	446.9692113857567	8853
1077	447.24554686916883	8903
1078	447.52190607421426	8956
1079	447.79828901477924	9000
1080	448.0746957047502	9054
1081	448.35112615801336	9098
1082	448.6275803884547	9140
1083	448.90405840996084	9176
1084	449.18056023641793	9235
1085	449.45708588171215	9274
1086	449.73363535972976	9328
1087	450.01020868435705	9363
1088	450.2868058694803	9422
1089	450.5634269289858	9469
1090	450.8400718767597	9519
1091	451.11674072668825	9557
1092	451.3934334926578	9598
1093	451.67015018855443	9643
1094	451.9468908282647	9711
1095	452.2236554256747	9743
1096	452.5004439946706	9789
1097	452.7772565491389	9835
1098	453.05409310296557	9868
1099	453.33095367003693	9910
1100	453.6078382642394	9958
1101	453.88474689945906	10019
1102	454.1616795895824	10057
1103	454.4386363484954	10077
1104	454.71561719008446	10142
1105	454.9926221282358	10168
1106	455.2696511768356	10212
1107	455.5467043497704	10268
1108	455.8237816609261	10315
1109	456.1008831241892	10355
1110	456.3780087534459	10409
1111	456.6551585625823	10469
1112	456.9323325654849	10512
1113	457.20953077603974	10527
1114	457.48675320813334	10548
1115	457.7639998756516	10576
1116	458.0412707924811	10643
1117	458.31856597250794	10688
1118	458.5958854296184	10740
1119	458.8732291776988	10774
1120	459.1505972306352	10812
1121	459.42798960231414	10844
1122	459.7054063066216	10879
1123	459.98284735744403	10924
1124	460.26031276866763	10974
1125	460.5378025541786	11001
1126	460.8153167278633	11027
1127	461.09285530360796	11069
1128	461.3704182952987	11119
1129	461.648005716822	11196
1130	461.92561758206386	11229
1131	462.20325390491075	11281
1132	462.48091469924896	11319
1133	462.7585999789644	11361
1134	463.03630975794374	11393
1135	463.3140440500731	11431
1136	463.59180286923856	11506
1137	463.8695862293266	11542
1138	464.1473941442234	11618
1139	464.42522662781505	11637
1140	464.7030836939881	11674
1141	464.98096535662876	11721
1142	465.25887162962306	11779
1143	465.5368025268574	11804
1144	465.81475806221806	11866
1145	466.0927382495912	11899
1146	466.37074310286323	11932
1147	466.6487726359203	11977
1148	466.9268268626487	12034
1149	467.20490579693455	12086
1150	467.4830094526643	12160
1151	467.7611378437242	12210
1152	468.03929098400033	12273
1153	468.31746888737916	12298
1154	468.59567156774665	12344
1155	468.8738990389894	12392
1156	469.1521513149936	12429
1157	469.4304284096453	12483
1158	469.70873033683085	12544
1159	469.9870571104366	12591
1160	470.26540874434875	12659
1161	470.5437852524534	12714
1162	470.82218664863717	12752
1163	471.1006129467859	12834
1164	471.37906416078613	12877
1165	471.657540304524	12977
1166	471.93604139188585	13005
1167	472.2145674367579	13064
1168	472.49311845302634	13114
1169	472.7716944545774	13182
1170	473.0502954552976	13241
1171	473.32892146907284	13295
1172	473.60757250978963	13388
1173	473.88624859133415	13455
1174	474.16494972759267	13527
1175	474.44367593245124	13623
1176	474.7224272197965	13685
1177	475.00120360351445	13735
1178	475.2800050974914	13804
1179	475.55883171561356	13878
1180	475.83768347176726	13983
1181	476.1165603798388	14013
1182	476.39546245371423	14102
1183	476.67438970728006	14155
1184	476.95334215442244	14228
1185	477.23231980902756	14312
1186	477.5113226849818	14407
1187	477.7903507961712	14456
1188	478.0694041564823	14510
1189	478.3484827798012	14590
1190	478.62758668001413	14681
1191	478.90671587100746	14756
1192	479.18587036666736	14860
1193	479.4650501808801	14910
1194	479.74425532753196	14988
1195	480.0234858205091	15086
1196	480.30274167369794	15168
1197	480.5820229009846	15233
1198	480.8613295162554	15312
1199	481.1406615333966	15392
1200	481.4200189662945	15482
1201	481.6994018288352	15547
1202	481.9788101349051	15639
1203	482.25824389839045	15673
1204	482.5377031331774	15766
1205	482.8171878531523	15879
1206	483.0966980722013	15960
1207	483.37623380421087	16047
1208	483.655795063067	16088
1209	483.9353818626562	16163
1210	484.2149942168645	16247
1211	484.49463213957836	16335
1212	484.7742956446839	16393
1213	485.0539847460674	16488
1214	485.3336994576151	16563
1215	485.6134397932133	16648
1216	485.89320576674834	16731
1217	486.17299739210625	16801
1218	486.4528146831734	16878
1219	486.7326576538361	16955
1220	487.0125263179807	17034
1221	487.29242068949316	17101
1222	487.57234078225997	17192
1223	487.8522866101673	17246
1224	488.13225818710146	17324
1225	488.4122555269487	17395
1226	488.69227864359516	17452
1227	488.97232755092716	17541
1228	489.25240226283097	17626
1229	489.53250279319286	17710
1230	489.81262915589923	17795
1231	490.092781364836	17846
1232	490.3729594338897	17922
1233	490.6531633769465	18004
1234	490.93339320789266	18044
1235	491.21364894061446	18132
1236	491.49393058899807	18190
1237	491.7742381669299	18258
1238	492.05457168829594	18315
1239	492.33493116698276	18378
1240	492.6153166168764	18415
1241	492.8957280518632	18509
1242	493.1761654858294	18606
1243	493.45662893266126	18648
1244	493.73711840624514	18713
1245	494.0176339204671	18776
1246	494.2981754892136	18824
1247	494.5787431263707	18902
1248	494.8593368458247	18946
1249	495.13995666146195	19025
1250	495.4206025871687	19102
1251	495.70127463683104	19147
1252	495.98197282433546	19203
1253	496.2626971635681	19235
1254	496.54344766841507	19339
1255	496.82422435276294	19353
1256	497.10502723049774	19446
1257	497.38585631550586	19513
1258	497.66671162167347	19559
1259	497.94759316288673	19648
1260	498.22850095303215	19670
1261	498.5094350059959	19739
1262	498.790395335664	19829
1263	499.071381955923	19857
1264	499.35239488065895	19896
1265	499.6334341237583	19968
1266	499.9144996991072	20044
1267	500.1955916205919	20102
1268	500.4767099020986	20202
1269	500.7578545575137	20222
1270	501.03902560072333	20307
1271	501.32022304561383	20395
1272	501.6014469060714	20431
1273	501.88269719598236	20501
1274	502.16397392923295	20527
1275	502.4452771197093	20576
1276	502.72660678129796	20657
1277	503.0079629278848	20735
1278	503.2893455733564	20780
1279	503.57075473159887	20810
1280	503.8521904164984	20916
1281	504.13365264194147	20975
1282	504.41514142181416	21062
1283	504.69665677000273	21112
1284	504.9781987003935	21154
1285	505.25976722687255	21210
1286	505.54136236332636	21280
1287	505.82298412364116	21362
1288	506.10463252170314	21441
1289	506.3863075713987	21495
1290	506.6680092866138	21572
1291	506.949737681235	21627
1292	507.2314927691483	21722
1293	507.5132745642401	21744
1294	507.7950830803966	21798
1295	508.0769183315041	21878
1296	508.3587803314489	21946
1297	508.64066909411724	22014
1298	508.92258463339533	22076
1299	509.2045269631694	22147
1300	509.4864960973257	22244
1301	509.76849204975053	22305
1302	510.0505148343302	22338
1303	510.3325644649509	22420
1304	510.6146409554989	22556
1305	510.89674431986043	22592
1306	511.1788745719218	22633
1307	511.4610317255692	22714
1308	511.74321579468904	22811
1309	512.0254267931673	22904
1310	512.3076647348904	22981
1311	512.5899296337448	23055
1312	512.8722215036163	23163
1313	513.1545403583916	23263
1314	513.4368862119566	23353
1315	513.7192590781978	23476
1316	514.0016589710013	23576
1317	514.2840859042535	23663
1318	514.5665398918405	23784
1319	514.8490209476488	23868
1320	515.1315290855645	23975
1321	515.4140643194737	24071
1322	515.6966266632629	24212
1323	515.9792161308183	24326
1324	516.2618327360259	24455
1325	516.5444764927724	24571
1326	516.8271474149439	24675
1327	517.1098455164264	24786
1328	517.3925708111065	24876
1329	517.6753233128702	24996
1330	517.9581030356039	25122
1331	518.2409099931938	25235
1332	518.5237441995262	25348
1333	518.8066056684874	25504
1334	519.0894944139634	25623
1335	519.3724104498408	25771
1336	519.6553537900055	25864
1337	519.9383244483441	25980
1338	520.2213224387428	26066
1339	520.5043477750877	26186
1340	520.7874004712651	26299
1341	521.0704805411613	26392
1342	521.3535879986625	26495
1343	521.6367228576551	26559
1344	521.9198851320251	26671
1345	522.203074835659	26805
1346	522.4862919824429	26865
1347	522.7695365862631	26925
1348	523.0528086610061	26991
1349	523.3361082205577	27077
1350	523.6194352788044	27128
1351	523.9027898496325	27163
1352	524.1861719469283	27229
1353	524.4695815845778	27272
1354	524.7530187764675	27350
1355	525.0364835364835	27406
1356	525.3199758785122	27420
1357	525.6034958164398	27468
1358	525.8870433641524	27486
1359	526.1706185355365	27535
1360	526.4542213444782	27599
1361	526.7378518048639	27605
1362	527.0215099305797	27672
1363	527.3051957355119	27721
1364	527.5889092335468	27760
1365	527.8726504385706	27818
1366	528.1564193644697	27859
1367	528.4402160251301	27884
1368	528.7240404344383	27947
1369	529.0078926062804	27987
1370	529.2917725545427	28073
1371	529.5756802931115	28136
1372	529.8596158358731	28197
1373	530.1435791967135	28232
1374	530.4275703895194	28262
1375	530.7115894281766	28379
1376	530.9956363265717	28455
1377	531.2797110985906	28524
1378	531.5638137581199	28631
1379	531.8479443190457	28717
1380	532.1321027952542	28727
1381	532.4162892006319	28836
1382	532.7005035490648	28964
1383	532.9847458544392	29009
1384	533.2690161306415	29110
1385	533.5533143915578	29201
1386	533.8376406510745	29294
1387	534.1219949230776	29386
1388	534.4063772214536	29472
1389	534.6907875600888	29575
1390	534.9752259528692	29702
1391	535.2596924136811	29781
1392	535.5441869564112	29883
1393	535.8287095949452	29940
1394	536.1132603431695	30046
1395	536.3978392149705	30150
1396	536.6824462242344	30270
1397	536.9670813848473	30392
1398	537.2517447106958	30481
1399	537.5364362156658	30574
1400	537.8211559136437	30671
1401	538.1059038185159	30770
1402	538.3906799441684	30853
1403	538.6754843044876	30952
1404	538.9603169133597	31114
1405	539.245177784671	31162
1406	539.5300669323077	31268
1407	539.8149843701561	31383
1408	540.0999301121026	31504
1409	540.3849041720332	31616
1410	540.6699065638343	31734
1411	540.9549373013921	31804
1412	541.2399963985929	31920
1413	541.5250838693229	32020
1414	541.8101997274683	32118
1415	542.0953439869156	32235
1416	542.3805166615509	32305
1417	542.6657177652604	32421
1418	542.9509473119305	32531
1419	543.2362053154473	32631
1420	543.521491789697	32725
1421	543.8068067485663	32766
1422	544.0921502059409	32867
1423	544.3775221757073	32933
1424	544.6629226717519	33071
1425	544.9483517079607	33137
1426	545.2338092982202	33238
1427	545.5192954564163	33314
1428	545.8048101964357	33417
1429	546.0903535321643	33513
1430	546.3759254774885	33613
1431	546.6615260462946	33681
1432	546.9471552524687	33770
1433	547.2328131098974	33776
1434	547.5184996324665	33875
1435	547.8042148340626	33958
1436	548.0899587285718	34013
1437	548.3757313298803	34107
1438	548.6615326518745	34173
1439	548.9473627084406	34204
1440	549.2332215134649	34295
1441	549.5191090808336	34356
1442	549.8050254244329	34468
1443	550.0909705581491	34504
1444	550.3769444958685	34569
1445	550.6629472514775	34635
1446	550.948978838862	34730
1447	551.2350392719086	34764
1448	551.5211285645033	34807
1449	551.8072467305325	34859
1450	552.0933937838823	34868
1451	552.3795697384393	34956
1452	552.6657746080894	35054
1453	552.952008406719	35052
1454	553.2382711482144	35115
1455	553.5245628464617	35176
1456	553.8108835153473	35175
1457	554.0972331687574	35239
1458	554.3836118205784	35333
1459	554.6700194846962	35389
1460	554.9564561749975	35436
1461	555.2429219053682	35534
1462	555.5294166896947	35563
1463	555.8159405418633	35539
1464	556.1024934757602	35620
1465	556.3890755052716	35669
1466	556.6756866442839	35729
1467	556.9623269066833	35783
1468	557.2489963063559	35883
1469	557.5356948571882	35939
1470	557.8224225730664	35992
1471	558.1091794678766	36012
1472	558.3959655555052	36076
1473	558.6827808498384	36151
1474	558.9696253647625	36256
1475	559.2564991141636	36287
1476	559.5434021119282	36359
1477	559.8303343719424	36371
1478	560.1172959080926	36443
1479	560.4042867342647	36550
1480	560.6913068643454	36624
1481	560.9783563122207	36625
1482	561.265435091777	36724
1483	561.5525432169005	36800
1484	561.8396807014774	36900
1485	562.1268475593939	36983
1486	562.4140438045364	37035
1487	562.7012694507911	37059
1488	562.9885245120443	37143
1489	563.2758090021821	37225
1490	563.563122935091	37277
1491	563.8504663246571	37335
1492	564.1378391847667	37432
1493	564.4252415293059	37535
1494	564.7126733721611	37633
1495	565.0001347272188	37685
1496	565.2876256083648	37826
1497	565.5751460294856	37924
1498	565.8626960044675	37998
1499	566.1502755471965	38086
1500	566.4378846715592	38115
1501	566.7255233914417	38248
1502	567.0131917207302	38356
1503	567.300889673311	38435
1504	567.5886172630703	38574
1505	567.8763745038946	38684
1506	568.1641614096698	38746
1507	568.4519779942824	38849
1508	568.7398242716185	38933
1509	569.0277002555645	39025
1510	569.3156059600067	39115
1511	569.6035413988311	39243
1512	569.8915065859242	39334
1513	570.1795015351721	39442
1514	570.4675262604611	39579
1515	570.7555807756776	39703
1516	571.0436650947076	39810
1517	571.3317792314376	39958
1518	571.6199231997538	40059
1519	571.9080970135421	40164
1520	572.1963006866894	40339
1521	572.4845342330815	40447
1522	572.7727976666047	40572
1523	573.0610910011454	40710
1524	573.3494142505898	40822
1525	573.6377674288241	40915
1526	573.9261505497346	41050
1527	574.2145636272077	41201
1528	574.5030066751293	41330
1529	574.791479707386	41507
1530	575.0799827378639	41598
1531	575.3685157804492	41741
1532	575.6570788490283	41863
1533	575.9456719574874	41949
1534	576.2342951197127	42059
1535	576.5229483495906	42213
1536	576.8116316610071	42320
1537	577.1003450678488	42498
1538	577.3890885840017	42619
1539	577.6778622233521	42756
1540	577.9666659997863	42856
1541	578.2554999271905	43005
1542	578.5443640194511	43169
1543	578.8332582904543	43243
1544	579.1221827540862	43400
1545	579.4111374242332	43512
1546	579.7001223147814	43593
1547	579.9891374396174	43731
1548	580.278182812627	43876
1549	580.567258447697	43996
1550	580.8563643587131	44052
1551	581.1455005595619	44140
1552	581.4346670641295	44251
1553	581.7238638863023	44364
1554	582.0130910399664	44480
1555	582.3023485390082	44575
1556	582.5916363973139	44651
1557	582.8809546287697	44744
1558	583.1703032472619	44877
1559	583.4596822666767	44952
1560	583.7490917009005	45058
1561	584.0385315638196	45146
1562	584.3280018693198	45286
1563	584.617502631288	45330
1564	584.9070338636099	45417
1565	585.1965955801721	45510
1566	585.4861877948607	45576
1567	585.7758105215621	45641
1568	586.0654637741624	45688
1569	586.355147566548	45723
1570	586.6448619126049	45871
1571	586.9346068262197	45820
1572	587.2243823212784	45965
1573	587.5141884116673	46038
1574	587.8040251112728	46057
1575	588.0938924339811	46178
1576	588.3837903936784	46187
1577	588.6737190042509	46230
1578	588.9636782795849	46275
1579	589.2536682335667	46317
1580	589.5436888800825	46415
1581	589.8337402330187	46464
1582	590.1238223062614	46465
1583	590.413935113697	46504
1584	590.7040786692116	46503
1585	590.9942529866914	46490
1586	591.2844580800229	46560
1587	591.5746939630923	46600
1588	591.8649606497856	46608
1589	592.1552581539894	46561
1590	592.4455864895898	46586
1591	592.735945670473	46655
1592	593.0263357105252	46684
1593	593.3167566236331	46726
1594	593.6072084236823	46706
1595	593.8976911245595	46744
1596	594.1882047401509	46743
1597	594.4787492843427	46713
1598	594.769324771021	46721
1599	595.0599312140723	46703
1600	595.3505686273829	46704
1601	595.6412370248388	46674
1602	595.9319364203263	46642
1603	596.2226668277319	46703
1604	596.5134282609415	46769
1605	596.8042207338417	46765
1606	597.0950442603186	46700
1607	597.3858988542584	46660
1608	597.6767845295474	46646
1609	597.9677013000719	46598
1610	598.2586491797181	46593
1611	598.5496281823723	46611
1612	598.8406383219208	46644
1613	599.1316796122497	46617
1614	599.4227520672455	46599
1615	599.7138557007942	46565
1616	600.0049905267822	46602
1617	600.2961565590957	46573
1618	600.5873538116209	46638
1619	600.8785822982443	46605
1620	601.1698420328519	46654
1621	601.46113302933	46678
1622	601.7524553015651	46649
1623	602.043808863443	46664
1624	602.3351937288504	46582
1625	602.6266099116733	46618
1626	602.918057425798	46595
1627	603.2095362851109	46655
1628	603.5010465034981	46664
1629	603.7925880948459	46661
1630	604.0841610730405	46640
1631	604.3757654519682	46653
1632	604.6674012455153	46643
1633	604.959068467568	46609
1634	605.2507671320126	46644
1635	605.5424972527353	46637
1636	605.8342588436225	46670
1637	606.1260519185604	46663
1638	606.4178764914351	46629
1639	606.7097325761329	46662
1640	607.0016201865402	46734
1641	607.2935393365431	46855
1642	607.5854900400279	46802
1643	607.877472310881	46864
1644	608.1694861629885	46816
1645	608.4615316102368	46869
1646	608.7536086665119	46907
1647	609.0457173457003	46922
1648	609.3378576616881	46872
1649	609.6300296283617	46951
1650	609.9222332596072	47008
1651	610.2144685693111	47059
1652	610.5067355713593	47053
1653	610.7990342796384	47126
1654	611.0913647080343	47136
1655	611.3837268704336	47200
1656	611.6761207807225	47217
1657	611.9685464527871	47295
1658	612.2610039005137	47261
1659	612.5534931377887	47248
1660	612.8460141784981	47407
1661	613.1385670365283	47485
1662	613.4311517257656	47520
1663	613.7237682600963	47540
1664	614.0164166534065	47524
1665	614.3090969195825	47572
1666	614.6018090725106	47594
1667	614.8945531260771	47628
1668	615.1873290941681	47596
1669	615.4801369906701	47605
1670	615.772976829469	47659
1671	616.0658486244514	47710
1672	616.3587523895034	47709
1673	616.6516881385112	47816
1674	616.9446558853612	47819
1675	617.2376556439395	47845
1676	617.5306874281326	47824
1677	617.8237512518266	47828
1678	618.1168471289077	47771
1679	618.4099750732621	47794
1680	618.7031350987763	47776
1681	618.9963272193363	47840
1682	619.2895514488287	47889
1683	619.5828078011393	47980
1684	619.8760962901548	48078
1685	620.1694169297612	48067
1686	620.4627697338448	48102
1687	620.7561547162918	48139
1688	621.0495718909885	48292
1689	621.3430212718213	48330
1690	621.6365028726763	48407
1691	621.9300167074397	48438
1692	622.2235627899979	48509
1693	622.517141134237	48615
1694	622.8107517540435	48745
1695	623.1043946633035	48839
1696	623.3980698759034	48951
1697	623.6917774057291	49120
1698	623.9855172666671	49256
1699	624.2792894726038	49424
1700	624.5730940374252	49580
1701	624.8669309750177	49760
1702	625.1608002992674	49941
1703	625.4547020240607	50140
1704	625.7486361632839	50346
1705	626.0426027308231	50540
1706	626.3366017405647	50795
1707	626.6306332063948	51117
1708	626.9246971421999	51281
1709	627.2187935618659	51590
1710	627.5129224792794	51919
1711	627.8070839083265	52131
1712	628.1012778628934	52484
1713	628.3955043568666	52804
1714	628.689763404132	52992
1715	628.9840550185761	53194
1716	629.2783792140851	53485
1717	629.5727360045453	53795
1718	629.8671254038428	53998
1719	630.1615474258641	54206
1720	630.4560020844951	54576
1721	630.7504893936226	54865
1722	631.0450093671324	55147
1723	631.3395620189108	55328
1724	631.6341473628443	55544
1725	631.9287654128188	55744
1726	632.2234161827209	55998
1727	632.5180996864367	56225
1728	632.8128159378525	56328
1729	633.1075649508545	56499
1730	633.402346739329	56667
1731	633.6971613171621	56862
1732	633.9920086982404	57082
1733	634.2868888964499	57252
1734	634.5818019256769	57415
1735	634.8767477998077	57550
1736	635.1717265327284	57655
1737	635.4667381383255	57702
1738	635.7617826304851	57802
1739	636.0568600230935	57979
1740	636.3519703300369	57993
1741	636.6471135652017	58152
1742	636.942289742474	58219
1743	637.2374988757401	58324
1744	637.5327409788863	58383
1745	637.8280160657988	58481
1746	638.1233241503639	58509
1747	638.4186652464679	58521
1748	638.714039367997	58603
1749	639.0094465288373	58720
1750	639.3048867428754	58782
1751	639.6003600239973	58798
1752	639.8958663860893	58764
1753	640.1914058430377	58722
1754	640.4869784087288	58805
1755	640.7825840970487	58827
1756	641.0782229218838	58778
1757	641.3738948971203	58933
1758	641.6696000366445	58918
1759	641.9653383543425	58953
1760	642.2611098641008	58948
1761	642.5569145798055	58985
1762	642.8527525153429	58909
1763	643.1486236845991	58882
1764	643.4445281014607	58872
1765	643.7404657798136	58852
1766	644.0364367335443	58851
1767	644.3324409765389	58812
1768	644.6284785226838	58796
1769	644.9245493858652	58741
1770	645.2206535799693	58782
1771	645.5167911188825	58749
1772	645.8129620164907	58650
1773	646.1091662866805	58653
1774	646.4054039433382	58645
1775	646.7016750003498	58619
1776	646.9979794716018	58572
1777	647.2943173709803	58556
1778	647.5906887123714	58521
1779	647.8870935096618	58537
1780	648.1835317767373	58520
1781	648.4800035274844	58452
1782	648.7765087757894	58356
1783	649.0730475355384	58357
1784	649.3696198206177	58350
1785	649.6662256449137	58258
1786	649.9628650223124	58167
1787	650.2595379667002	58169
1788	650.5562444919635	58091
1789	650.8529846119883	58027
1790	651.149758340661	57902
1791	651.4465656918679	57841
1792	651.743406679495	57711
1793	652.0402813174288	57638
1794	652.3371896195555	57605
1795	652.6341315997614	57539
1796	652.9311072719327	57439
1797	653.2281166499556	57329
1798	653.5251597477164	57299
1799	653.8222365791014	57228
1800	654.1193471579969	57091
1801	654.4164914982889	56994
1802	654.7136696138641	56876
1803	655.0108815186084	56806
1804	655.308127226408	56847
1805	655.6054067511494	56770
1806	655.9027201067188	56734
1807	656.2000673070024	56649
1808	656.4974483658865	56607
1809	656.7948632972573	56522
1810	657.092312115001	56364
1811	657.3897948330042	56252
1812	657.6873114651528	56068
1813	657.9848620253331	55964
1814	658.2824465274314	55834
1815	658.5800649853339	55667
1816	658.877717412927	55633
1817	659.1754038240971	55522
1818	659.47312423273	55329
1819	659.7708786527122	55289
1820	660.0686670979301	55154
1821	660.3664895822697	55008
1822	660.6643461196173	54872
1823	660.9622367238594	54712
1824	661.260161408882	54662
1825	661.5581201885715	54583
1826	661.8561130768139	54570
1827	662.1541400874958	54451
1828	662.4522012345033	54398
1829	662.7502965317226	54428
1830	663.04842599304	54278
1831	663.3465896323419	54129
1832	663.6447874635144	54135
1833	663.9430195004437	53974
1834	664.2412857570162	53836
1835	664.539586247118	53777
1836	664.8379209846355	53630
1837	665.136289983455	53558
1838	665.4346932574626	53445
1839	665.7331308205446	53408
1840	666.0316026865873	53314
1841	666.3301088694769	53253
1842	666.6286493830999	53246
1843	666.9272242413421	53250
1844	667.2258334580902	53259
1845	667.5244770472301	53294
1846	667.8231550226483	53321
1847	668.1218673982308	53272
1848	668.4206141878643	53314
1849	668.7193954054346	53350
1850	669.0182110648283	53384
1851	669.3170611799313	53465
1852	669.6159457646303	53500
1853	669.9148648328111	53586
1854	670.2138183983603	53731
1855	670.512806475164	53763
1856	670.8118290771084	53796
1857	671.1108862180799	53889
1858	671.4099779119647	53864
1859	671.7091041726491	53959
1860	672.0082650140192	54044
1861	672.3074604499614	54061
1862	672.6066904943619	54073
1863	672.905955161107	54200
1864	673.2052544640829	54386
1865	673.504588417176	54424
1866	673.8039570342723	54392
1867	674.1033603292583	54485
1868	674.40279831602	54449
1869	674.702271008444	54473
1870	675.0017784204163	54503
1871	675.3013205658233	54635
1872	675.6008974585511	54720
1873	675.900509112486	54847
1874	676.2001555415144	54962
1875	676.4998367595224	55107
1876	676.7995527803963	55154
1877	677.0993036180224	55133
1878	677.3990892862868	55166
1879	677.698909799076	55262
1880	677.9987651702761	55232
1881	678.2986554137734	55309
1882	678.5985805434541	55357
1883	678.8985405732046	55519
1884	679.1985355169109	55662
1885	679.4985653884595	55736
1886	679.7986302017366	55739
1887	680.0987299706284	55906
1888	680.3988647090213	56036
1889	680.6990344308011	56042
1890	680.9992391498547	56164
1891	681.299478880068	56223
1892	681.5997536353273	56217
1893	681.9000634295188	56329
1894	682.2004082765288	56410
1895	682.5007881902437	56448
1896	682.8012031845496	56468
1897	683.1016532733328	56585
1898	683.4021384704794	56678
1899	683.702658789876	56752
1900	684.0032142454086	56706
1901	684.3038048509635	56857
1902	684.6044306204268	56943
1903	684.9050915676852	57060
1904	685.2057877066245	57052
1905	685.5065190511312	57144
1906	685.8072856150915	57139
1907	686.1080874123917	57237
1908	686.408924456918	57284
1909	686.7097967625566	57361
1910	687.0107043431939	57457
1911	687.311647212716	57588
1912	687.6126253850092	57619
1913	687.9136388739599	57711
1914	688.2146876934543	57778
1915	688.5157718573784	57751
1916	688.8168913796188	57721
1917	689.1180462740616	57720
1918	689.419236554593	57588
1919	689.7204622350995	57585
1920	690.021723329467	57539
1921	690.323019851582	57467
1922	690.6243518153308	57397
1923	690.9257192345995	57409
1924	691.2271221232743	57439
1925	691.5285604952417	57368
1926	691.8300343643876	57366
1927	692.1315437445987	57405
1928	692.4330886497611	57301
1929	692.7346690937608	57293
1930	693.0362850904843	57233
1931	693.3379366538178	57207
1932	693.6396237976476	57166
1933	693.9413465358599	57201
1934	694.243104882341	57115
1935	694.5448988509771	57080
1936	694.8467284556544	57136
1937	695.1485937102594	57091
1938	695.450494628678	56966
1939	695.752431224797	56937
1940	696.054403512502	56937
1941	696.3564115056797	56877
1942	696.6584552182161	56834
1943	696.9605346639977	56739
1944	697.2626498569107	56711
1945	697.5648008108411	56676
1946	697.8669875396755	56632
1947	698.1692100572999	56569
1948	698.4714683776008	56493
1949	698.7737625144641	56518
1950	699.0760924817765	56426
1951	699.3784582934239	56304
1952	699.6808599632927	56300
1953	699.9832975052692	56243
1954	700.2857709332395	56179
1955	700.5882802610901	56169
1956	700.890825502707	56088
1957	701.1934066719766	55958
1958	701.4960237827851	56021
1959	701.7986768490189	55894
1960	702.101365884564	55846
1961	702.4040909033068	55780
1962	702.7068519191336	55748
1963	703.0096489459305	55701
1964	703.3124819975841	55669
1965	703.6153510879802	55603
1966	703.9182562310054	55558
1967	704.2211974405458	55547
1968	704.5241747304877	55432
1969	704.8271881147173	55375
1970	705.1302376071209	55321
1971	705.4333232215848	55257
1972	705.7364449719951	55210
1973	706.0396028722382	55120
1974	706.3427969362004	55005
1975	706.6460271777679	54921
1976	706.9492936108269	54877
1977	707.2525962492638	54814
1978	707.5559351069645	54716
1979	707.8593101978158	54678
1980	708.1627215357034	54627
1981	708.466169134514	54624
1982	708.7696530081336	54579
1983	709.0731731704485	54458
1984	709.3767296353451	54458
1985	709.6803224167094	54372
1986	709.983951528428	54358
1987	710.2876169843868	54302
1988	710.5913187984722	54153
1989	710.8950569845706	54037
1990	711.198831556568	54039
1991	711.5026425283509	53922
1992	711.8064899138053	53891
1993	712.1103737268177	53788
1994	712.4142939812742	53772
1995	712.7182506910611	53791
1996	713.0222438700647	53733
1997	713.3262735321713	53703
1998	713.630339691267	53660
1999	713.934442361238	53604
2000	714.2385815559708	53580
2001	714.5427572893517	53520
2002	714.8469695752666	53467
2003	715.151218427602	53397
2004	715.4555038602441	53436
2005	715.7598258870793	53360
2006	716.0641845219936	53304
2007	716.3685797788735	53267
2008	716.673011671605	53318
2009	716.9774802140745	53252
2010	717.2819854201683	53162
2011	717.5865273037728	53134
2012	717.8911058787737	53117
2013	718.1957211590578	53109
2014	718.5003731585113	53028
2015	718.8050618910202	53018
2016	719.1097873704708	52976
2017	719.4145496107496	52940
2018	719.7193486257427	52965
2019	720.0241844293363	52925
2020	720.3290570354168	52927
2021	720.6339664578702	52866
2022	720.938912710583	52792
2023	721.2438958074415	52898
2024	721.5489157623318	52896
2025	721.8539725891402	52843
2026	722.1590663017529	52776
2027	722.4641969140562	52776
2028	722.7693644399363	52786
2029	723.0745688932797	52777
2030	723.3798102879724	52791
2031	723.6850886379007	52757
2032	723.9904039569509	52831
2033	724.2957562590093	52902
2034	724.601145557962	52915
2035	724.9065718676954	53018
2036	725.2120352020959	53069
2037	725.5175355750494	53162
2038	725.8230730004423	53297
2039	726.1286474921609	53338
2040	726.4342590640915	53608
2041	726.7399077301204	53776
2042	727.0455935041336	53988
2043	727.3513164000175	54323
2044	727.6570764316585	54632
2045	727.9628736129426	54407
2046	728.2687079577562	52388
2047	728.5745794799855	50352
2048	728.8804881935168	48831
2049	729.1864341122365	47017
2050	729.4924172500306	45434
2051	729.7984376207854	43556
2052	730.1044952383872	41360
2053	730.4105901167225	39287
2054	730.7167222696771	38049
2055	731.0228917111376	38837
2056	731.3290984549901	38162
2057	731.635342515121	37420
2058	731.9416239054163	36387
2059	732.2479426397625	35263
2060	732.5542987320458	35432
2061	732.8606921961524	33904
2062	733.1671230459685	32386
2063	733.4735912953805	31106
2064	733.7800969582746	30645
2065	734.086640048537	30247
2066	734.393220580054	29604
2067	734.699838566712	28803
2068	735.0064940223971	27707
2069	735.3131869609954	26735
2070	735.6199173963935	25714
2071	735.9266853424774	24416
2072	736.2334908131335	24429
2073	736.540333822248	26358
2074	736.8472143837071	30559
2075	737.154132511397	36297
2076	737.4610882192043	43656
2077	737.7680815210149	51083
2078	738.0751124307153	53948
2079	738.3821809621916	54719
2080	738.68928712933	54722
2081	738.9964309460169	54632
2082	739.3036124261384	54431
2083	739.610831583581	54174
2084	739.9180884322309	54034
2085	740.225382985974	53900
2086	740.5327152586971	53784
2087	740.840085264286	53661
2088	741.1474930166273	53577
2089	741.454938529607	53577
2090	741.7624218171114	53431
2091	742.069942893027	53418
2092	742.3775017712398	53334
2093	742.6850984656361	53237
2094	742.9927329901021	53256
2095	743.3004053585242	53240
2096	743.6081155847887	53200
2097	743.9158636827817	53140
2098	744.2236496663894	53203
2099	744.5314735494983	53162
2100	744.8393353459945	53101
2101	745.1472350697642	53141
2102	745.4551727346937	53065
2103	745.7631483546695	53075
2104	746.0711619435775	53026
2105	746.3792135153041	53035
2106	746.6873030837355	53002
2107	746.9954306627582	52978
2108	747.3035962662581	52979
2109	747.6117999081217	52939
2110	747.9200416022352	53002
2111	748.2283213624847	52907
2112	748.5366392027568	52869
2113	748.8449951369375	52857
2114	749.153389178913	52870
2115	749.4618213425698	52890
2116	749.770291641794	52826
2117	750.0788000904718	52780
2118	750.3873467024896	52744
2119	750.6959314917334	52701
2120	751.0045544720899	52762
2121	751.3132156574451	52718
2122	751.6219150616851	52701
2123	751.9306526986963	52655
2124	752.239428582365	52528
2125	752.5482427265777	52533
2126	752.8570951452201	52547
2127	753.1659858521788	52576
2128	753.47491486134	52618
2129	753.78388218659	52520
2130	754.092887841815	52462
2131	754.4019318409013	52393
2132	754.7110141977349	52411
2133	755.0201349262026	52357
2134	755.3292940401901	52269
2135	755.638491553584	52235
2136	755.9477274802704	52210
2137	756.2570018341356	52179
2138	756.5663146290658	52096
2139	756.8756658789475	52176
2140	757.1850555976666	52089
2141	757.4944837991097	52002
2142	757.8039504971628	51946
2143	758.1134557057122	51893
2144	758.4229994386442	51848
2145	758.7325817098451	51857
2146	759.042202533201	51759
2147	759.3518619225985	51681
2148	759.6615598919234	51643
2149	759.9712964550623	51554
2150	760.2810716259013	51513
2151	760.5908854183268	51414
2152	760.9007378462247	51340
2153	761.2106289234817	51272
2154	761.5205586639838	51208
2155	761.8305270816173	51185
2156	762.1405341902686	51127
2157	762.4505800038237	51006
2158	762.7606645361691	51041
2159	763.0707878011908	50926
2160	763.3809498127753	50957
2161	763.6911505848087	50904
2162	764.0013901311773	50802
2163	764.3116684657675	50701
2164	764.6219856024652	50639
2165	764.932341555157	50578
2166	765.2427363377292	50475
2167	765.5531699640676	50354
2168	765.863642448059	50312
2169	766.1741538035892	50247
2170	766.4847040445447	50156
2171	766.795293184812	50135
2172	767.1059212382768	50042
2173	767.4165882188256	49912
2174	767.7272941403448	49897
2175	768.0380390167205	49829
2176	768.3488228618389	49747
2177	768.6596456895867	49611
2178	768.9705075138495	49513
2179	769.2814083485139	49443
2180	769.5923482074662	49361
2181	769.9033271045926	49213
2182	770.2143450537793	49148
2183	770.5254020689126	49041
2184	770.8364981638788	48865
2185	771.147633352564	48817
2186	771.4588076488545	48757
2187	771.7700210666369	48623
2188	772.081273619797	48536
2189	772.3925653222212	48332
2190	772.703896187796	48267
2191	773.0152662304072	48160
2192	773.3266754639413	48136
2193	773.6381239022846	48036
2194	773.9496115593233	47903
2195	774.2611384489439	47731
2196	774.5727045850322	47571
2197	774.8843099814748	47426
2198	775.1959546521576	47318
2199	775.5076386109674	47250
2200	775.8193618717901	47126
2201	776.1311244485119	46994
2202	776.4429263550192	46858
2203	776.7547676051981	46608
2204	777.0666482129352	46361
2205	777.3785681921164	46160
2206	777.6905275566281	46005
2207	778.0025263203565	45837
2208	778.314564497188	45592
2209	778.6266421010087	45460
2210	778.938759145705	45274
2211	779.250915645163	45140
2212	779.563111613269	44956
2213	779.8753470639093	44844
2214	780.1876220109701	44739
2215	780.4999364683379	44662
2216	780.8122904498986	44537
2217	781.1246839695386	44459
2218	781.4371170411442	44415
2219	781.7495896786016	44333
2220	782.0621018957971	44288
2221	782.3746537066169	44259
2222	782.6872451249473	44209
2223	782.9998761646746	44228
2224	783.3125468396848	44218
2225	783.6252571638646	44235
2226	783.9380071510999	44276
2227	784.2507968152771	44310
2228	784.5636261702824	44414
2229	784.8764952300022	44493
2230	785.1894040083226	44527
2231	785.5023525191299	44778
2232	785.8153407763103	44894
2233	786.1283687937502	45019
2234	786.4414365853356	45124
2235	786.754544164953	45259
2236	787.0676915464886	45436
2237	787.3808787438287	45587
2238	787.6941057708594	45755
2239	788.0073726414671	45992
2240	788.320679369538	46191
2241	788.6340259689583	46413
2242	788.9474124536143	46646
2243	789.2608388373924	46862
2244	789.5743051341786	47013
2245	789.8878113578594	47133
2246	790.2013575223209	47409
2247	790.5149436414493	47602
2248	790.8285697291311	47759
2249	791.1422357992524	47894
2250	791.4559418656994	48102
2251	791.7696879423584	48221
2252	792.0834740431158	48232
2253	792.3973001818574	48396
2254	792.7111663724701	48438
2255	793.0250726288398	48457
2256	793.3390189648528	48538
2257	793.6530053943954	48563
2258	793.9670319313539	48560
2259	794.2810985896143	48650
2260	794.5952053830631	48741
2261	794.9093523255865	48779
2262	795.2235394310707	48844
2263	795.5377667134019	48843
2264	795.8520341864665	48835
2265	796.1663418641509	48854
2266	796.4806897603411	48786
2267	796.7950778889234	48758
2268	797.109506263784	48725
2269	797.4239748988093	48733
2270	797.7384838078856	48670
2271	798.0530330048988	48634
2272	798.3676225037356	48526
2273	798.6822523182819	48483
2274	798.9969224624243	48445
2275	799.3116329500489	48429
2276	799.6263837950419	48378
2277	799.9411750112894	48415
2278	800.2560066126779	48308
2279	800.5708786130938	48268
2280	800.885791026423	48244
2281	801.2007438665518	48154
2282	801.5157371473667	48125
2283	801.8307708827539	48064
2284	802.1458450865996	47976
2285	802.4609597727899	47907
2286	802.7761149552111	47909
2287	803.0913106477498	47806
2288	803.406546864292	47738
2289	803.7218236187239	47677
2290	804.0371409249317	47589
2291	804.3524987968018	47528
2292	804.6678972482206	47509
2293	804.9833362930741	47453
2294	805.2988159452485	47414
2295	805.6143362186305	47385
2296	805.9298971271058	47351
2297	806.245498684561	47291
2298	806.5611409048822	47232
2299	806.8768238019559	47226
2300	807.1925473896681	47196
2301	807.5083116819051	47052
2302	807.8241166925533	47011
2303	808.1399624354988	46932
2304	808.4558489246277	46874
2305	808.7717761738268	46873
2306	809.0877441969818	46835
2307	809.4037530079792	46820
2308	809.7198026207053	46767
2309	810.0358930490463	46758
2310	810.3520243068883	46694
2311	810.6681964081179	46677
2312	810.9844093666211	46555
2313	811.3006631962842	46528
2314	811.6169579109934	46461
2315	811.933293524635	46428
2316	812.2496700510954	46367
2317	812.5660875042608	46419
2318	812.8825458980173	46390
2319	813.1990452462513	46259
2320	813.5155855628489	46227
2321	813.8321668616966	46182
2322	814.1487891566804	46178
2323	814.4654524616867	46157
2324	814.7821567906019	46094
2325	815.0989021573118	46039
2326	815.4156885757033	45964
2327	815.732516059662	45884
2328	816.0493846230746	45842
2329	816.3662942798271	45827
2330	816.683245043806	45828
2331	817.0002369288975	45785
2332	817.3172699489876	45787
2333	817.6343441179629	45827
2334	817.9514594497093	45779
2335	818.2686159581134	45694
2336	818.5858136570613	45536
2337	818.9030525604393	45515
2338	819.2203326821334	45480
2339	819.5376540360304	45461
2340	819.855016636016	45388
2341	820.1724204959768	45290
2342	820.4898656297988	45264
2343	820.8073520513686	45149
2344	821.1248797745722	45131
2345	821.4424488132959	45138
2346	821.760059181426	45090
2347	822.0777108928486	45014
2348	822.3954039614503	44925
2349	822.713138401117	44946
2350	823.0309142257352	44862
2351	823.348731449191	44789
2352	823.6665900853707	44712
2353	823.9844901481605	44660
2354	824.3024316514467	44595
2355	824.6204146091158	44508
2356	824.9384390350536	44458
2357	825.2565049431468	44408
2358	825.5746123472812	44407
2359	825.8927612613436	44358
2360	826.2109516992198	44233
2361	826.5291836747962	44116
2362	826.8474572019592	44080
2363	827.1657722945947	44021
2364	827.4841289665893	43971
2365	827.8025272318292	43909
2366	828.1209671042006	43847
2367	828.4394485975897	43782
2368	828.7579717258828	43648
2369	829.0765365029663	43647
2370	829.3951429427261	43535
2371	829.713791059049	43481
2372	830.0324808658206	43465
2373	830.3512123769277	43387
2374	830.6699856062563	43308
2375	830.9888005676927	43191
2376	831.3076572751231	43133
2377	831.626555742434	43010
2378	831.9454959835113	42971
2379	832.2644780122414	42830
2380	832.5835018425108	42711
2381	832.9025674882054	42596
2382	833.2216749632115	42510
2383	833.5408242814156	42441
2384	833.8600154567039	42414
2385	834.1792485029624	42256
2386	834.4985234340776	42187
2387	834.8178402639355	42115
2388	835.1371990064229	42029
2389	835.4565996754254	41979
2390	835.7760422848296	41897
2391	836.0955268485218	41776
2392	836.4150533803881	41708
2393	836.734621894315	41614
2394	837.0542324041883	41545
2395	837.3738849238946	41392
2396	837.6935794673201	41204
2397	838.0133160483512	41046
2398	838.3330946808738	41008
2399	838.6529153787745	40893
2400	838.9727781559393	40853
2401	839.2926830262546	40776
2402	839.6126300036067	40727
2403	839.9326191018818	40651
2404	840.252650334966	40468
2405	840.5727237167458	40352
2406	840.8928392611073	40250
2407	841.2129969819368	40147
2408	841.5331968931206	40065
2409	841.853439008545	39993
2410	842.1737233420961	39873
2411	842.4940499076602	39798
2412	842.8144187191236	39670
2413	843.1348297903726	39487
2414	843.4552831352933	39357
2415	843.7757787677721	39219
2416	844.0963167016952	39172
2417	844.416896950949	39006
2418	844.7375195294196	38954
2419	845.0581844509932	38814
2420	845.3788917295561	38691
2421	845.6996413789947	38605
2422	846.0204334131951	38437
2423	846.3412678460436	38348
2424	846.6621446914265	38272
2425	846.9830639632299	38191
2426	847.3040256753403	38079
2427	847.6250298416438	38009
2428	847.9460764760267	37768
2429	848.2671655923754	37657
2430	848.5882972045758	37558
2431	848.9094713265144	37474
2432	849.2306879720775	37424
2433	849.5519471551512	37342
2434	849.8732488896218	37198
2435	850.1945931893756	37048
2436	850.5159800682989	36889
2437	850.8374095402778	36769
2438	851.1588816191987	36621
2439	851.4803963189479	36509
2440	851.8019536534115	36392
2441	852.1235536364758	36323
2442	852.4451962820272	36169
2443	852.7668816039517	36120
2444	853.0886096161356	36024
2445	853.4103803324655	35926
2446	853.7321937668272	35814
2447	854.0540499331073	35670
2448	854.3759488451918	35541
2449	854.6978905169672	35420
2450	855.0198749623195	35326
2451	855.3419021951352	35238
2452	855.6639722293004	35087
2453	855.9860850787012	35000
2454	856.3082407572243	34836
2455	856.6304392787556	34655
2456	856.9526806571815	34592
2457	857.2749649063883	34443
2458	857.5972920402621	34368
2459	857.9196620726893	34221
2460	858.2420750175561	34185
2461	858.5645308887487	34101
2462	858.8870297001533	34027
2463	859.2095714656564	33930
2464	859.5321561991441	33837
2465	859.8547839145026	33758
2466	860.1774546256183	33670
2467	860.5001683463774	33474
2468	860.8229250906661	33289
2469	861.1457248723707	33209
2470	861.4685677053775	33095
2471	861.7914536035727	33011
2472	862.1143825808426	32920
2473	862.4373546510734	32869
2474	862.7603698281513	32812
2475	863.0834281259627	32700
2476	863.4065295583938	32572
2477	863.7296741393309	32433
2478	864.0528618826601	32360
2479	864.3760928022677	32218
2480	864.6993669120402	32122
2481	865.0226842258636	32055
2482	865.3460447576243	31961
2483	865.6694485212083	31848
2484	865.9928955305022	31763
2485	866.316385799392	31700
2486	866.6399193417642	31584
2487	866.9634961715047	31503
2488	867.2871163025002	31425
2489	867.6107797486367	31354
2490	867.9344865238005	31269
2491	868.2582366418776	31143
2492	868.5820301167547	31033
2493	868.9058669623179	30963
2494	869.2297471924531	30900
2495	869.5536708210471	30843
2496	869.8776378619859	30764
2497	870.2016483291559	30679
2498	870.525702236443	30553
2499	870.8497995977339	30451
2500	871.1739404269144	30349
2501	871.4981247378711	30325
2502	871.8223525444903	30267
2503	872.1466238606579	30220
2504	872.4709387002605	30173
2505	872.7952970771843	30090
2506	873.1196990053153	30023
2507	873.44414449854	29891
2508	873.7686335707447	29819
2509	874.0931662358154	29738
2510	874.4177425076386	29647
2511	874.7423624001005	29614
2512	875.0670259270872	29555
2513	875.3917331024852	29449
2514	875.7164839401805	29420
2515	876.0412784540596	29317
2516	876.3661166580085	29294
2517	876.6909985659138	29240
2518	877.0159241916615	29154
2519	877.3408935491378	29020
2520	877.6659066522293	28960
2521	877.9909635148218	28896
2522	878.3160641508019	28858
2523	878.6412085740557	28798
2524	878.9663967984695	28739
2525	879.2916288379295	28735
2526	879.6169047063221	28668
2527	879.9422244175336	28603
2528	880.2675879854498	28530
2529	880.5929954239575	28424
2530	880.9184467469427	28403
2531	881.2439419682917	28404
2532	881.5694811018906	28358
2533	881.895064161626	28306
2534	882.2206911613838	28288
2535	882.5463621150506	28223
2536	882.8720770365122	28156
2537	883.1978359396554	28100
2538	883.523638838366	28066
2539	883.8494857465306	27996
2540	884.1753766780351	27922
2541	884.501311646766	27867
2542	884.8272906666097	27828
2543	885.1533137514521	27781
2544	885.4793809151797	27734
2545	885.8054921716786	27710
2546	886.1316475348352	27657
2547	886.4578470185356	27621
2548	886.7840906366663	27559
2549	887.1103784031133	27528
2550	887.4367103317629	27506
2551	887.7630864365016	27464
2552	888.0895067312154	27392
2553	888.4159712297906	27356
2554	888.7424799461135	27353
2555	889.0690328940702	27368
2556	889.3956300875474	27291
2557	889.7222715404307	27301
2558	890.0489572666071	27287
2559	890.3756872799621	27214
2560	890.7024615943825	27213
2561	891.0292802237544	27157
2562	891.3561431819641	27148
2563	891.6830504828976	27128
2564	892.0100021404415	27049
2565	892.3369981684818	27020
2566	892.6640385809048	27068
2567	892.9911233915971	27081
2568	893.3182526144444	27025
2569	893.6454262633333	26946
2570	893.9726443521502	26913
2571	894.2999068947809	26880
2572	894.627213905112	26800
2573	894.9545653970295	26797
2574	895.28196138442	26848
2575	895.6094018811694	26851
2576	895.9368869011643	26809
2577	896.2644164582907	26784
2578	896.591990566435	26719
2579	896.9196092394833	26673
2580	897.247272491322	26606
2581	897.5749803358374	26607
2582	897.9027327869154	26558
2583	898.2305298584427	26538
2584	898.5583715643053	26495
2585	898.8862579183897	26489
2586	899.2141889345819	26507
2587	899.5421646267681	26485
2588	899.8701850088348	26451
2589	900.1982500946682	26476
2590	900.5263598981545	26493
2591	900.8545144331799	26469
2592	901.1827137136308	26472
2593	901.5109577533933	26471
2594	901.8392465663538	26479
2595	902.1675801663987	26455
2596	902.4959585674138	26462
2597	902.8243817832856	26469
2598	903.1528498279004	26441
2599	903.4813627151444	26453
2600	903.8099204589039	26465
2601	904.1385230730652	26446
2602	904.4671705715144	26461
2603	904.795862968138	26456
2604	905.1246002768219	26441
2605	905.4533825114526	26385
2606	905.7822096859163	26381
2607	906.1110818140994	26304
2608	906.439998909888	26283
2609	906.7689609871684	26238
2610	907.0979680598267	26211
2611	907.4270201417494	26190
2612	907.7561172468226	26216
2613	908.0852593889326	26264
2614	908.4144465819656	26269
2615	908.743678839808	26260
2616	909.072956176346	26254
2617	909.4022786054659	26221
2618	909.731646141054	26211
2619	910.0610587969961	26210
2620	910.390516587179	26174
2621	910.7200195254887	26215
2622	911.0495676258115	26237
2623	911.3791609020337	26163
2624	911.7087993680416	26199
2625	912.0384830377213	26126
2626	912.3682119249592	26134
2627	912.6979860436414	26169
2628	913.0278054076543	26185
2629	913.3576700308842	26175
2630	913.6875799272171	26165
2631	914.0175351105395	26164
2632	914.3475355947376	26173
2633	914.6775813936977	26172
2634	915.0076725213058	26144
2635	915.3378089914485	26140
2636	915.6679908180118	26149
2637	915.9982180148821	26114
2638	916.3284905959457	26096
2639	916.6588085750888	26071
2640	916.9891719661974	26080
2641	917.319580783158	26040
2642	917.650035039857	26053
2643	917.9805347501805	26044
2644	918.3110799280147	26017
2645	918.6416705872459	26043
2646	918.9723067417605	26070
2647	919.3029884054445	26036
2648	919.6337155921843	26039
2649	919.9644883158661	25999
2650	920.2953065903763	25932
2651	920.626170429601	25938
2652	920.9570798474265	25916
2653	921.2880348577388	25876
2654	921.6190354744247	25871
2655	921.9500817113701	25925
2656	922.2811735824614	25896
2657	922.6123111015847	25853
2658	922.9434942826265	25853
2659	923.2747231394728	25830
2660	923.6059976860099	25801
2661	923.937317936124	25831
2662	924.2686839037017	25821
2663	924.6000956026289	25791
2664	924.931553046792	25792
2665	925.2630562500774	25730
2666	925.5946052263711	25721
2667	925.9261999895592	25701
2668	926.2578405535285	25654
2669	926.5895269321649	25640
2670	926.9212591393547	25625
2671	927.2530371889841	25620
2672	927.5848610949394	25642
2673	927.916730871107	25574
2674	928.2486465313731	25580
2675	928.5806080896238	25598
2676	928.9126155597455	25596
2677	929.2446689556242	25587
2678	929.5767682911467	25539
2679	929.9089135801987	25486
2680	930.2411048366668	25426
2681	930.573342074437	25414
2682	930.9056253073959	25347
2683	931.2379545494294	25315
2684	931.5703298144239	25347
2685	931.9027511162657	25331
2686	932.235218468841	25305
2687	932.5677318860362	25249
2688	932.9002913817372	25234
2689	933.2328969698307	25181
2690	933.5655486642028	25134
2691	933.8982464787393	25104
2692	934.2309904273272	25079
2693	934.5637805238524	25064
2694	934.896616782201	25017
2695	935.2294992162596	24986
2696	935.5624278399142	24955
2697	935.8954026670511	24924
2698	936.2284237115567	24864
2699	936.5614909873171	24852
2700	936.8946045082185	24813
2701	937.2277642881475	24779
2702	937.56097034099	24675
2703	937.8942226806323	24580
2704	938.2275213209608	24572
2705	938.5608662758616	24470
2706	938.8942575592213	24482
2707	939.2276951849257	24459
2708	939.5611791668612	24411
2709	939.8947095189143	24329
2710	940.2282862549708	24317
2711	940.5619093889175	24281
2712	940.8955789346403	24211
2713	941.2292949060255	24147
2714	941.5630573169594	24079
2715	941.8968661813283	24060
2716	942.2307215130184	23999
2717	942.5646233259158	23970
2718	942.8985716339072	23925
2719	943.2325664508785	23828
2720	943.5666077907159	23748
2721	943.9006956673059	23709
2722	944.2348300945346	23633
2723	944.5690110862884	23585
2724	944.9032386564533	23539
2725	945.2375128189158	23482
2726	945.571833587562	23383
2727	945.9062009762783	23314
2728	946.2406149989508	23244
2729	946.575075669466	23162
2730	946.9095830017098	23080
2731	947.2441370095688	23023
2732	947.578737706929	22965
2733	947.913385107677	22908
2734	948.2480792256986	22836
2735	948.5828200748804	22771
2736	948.9176076691083	22726
2737	949.2524420222691	22670
2738	949.5873231482485	22602
2739	949.9222510609331	22548
2740	950.2572257742091	22447
2741	950.5922473019626	22394
2742	950.9273156580801	22329
2743	951.2624308564476	22241
2744	951.5975929109518	22174
2745	951.9328018354782	22103
2746	952.2680576439137	22032
2747	952.6033603501445	21957
2748	952.9387099680565	21859
2749	953.2741065115363	21792
2750	953.60954999447	21704
2751	953.9450404307437	21660
2752	954.2805778342441	21594
2753	954.616162218857	21522
2754	954.9517935984688	21411
2755	955.287471986966	21322
2756	955.6231973982345	21265
2757	955.9589698461609	21161
2758	956.2947893446312	21097
2759	956.6306559075316	20999
2760	956.9665695487487	20951
2761	957.3025302821684	20891
2762	957.6385381216771	20819
2763	957.9745930811612	20758
2764	958.3106951745066	20685
2765	958.6468444155998	20608
2766	958.983040818327	20532
2767	959.3192843965747	20451
2768	959.6555751642288	20362
2769	959.9919131351757	20271
2770	960.3282983233017	20197
2771	960.6647307424929	20138
2772	961.0012104066357	20024
2773	961.3377373296163	19927
2774	961.6743115253211	19827
2775	962.010933007636	19731
2776	962.3476017904476	19679
2777	962.6843178876422	19570
2778	963.0210813131057	19522
2779	963.3578920807246	19452
2780	963.6947502043851	19359
2781	964.0316556979735	19267
2782	964.3686085753761	19223
2783	964.7056088504789	19145
2784	965.0426565371685	19094
2785	965.3797516493308	18987
2786	965.7168942008526	18881
2787	966.0540842056196	18803
2788	966.3913216775181	18732
2789	966.7286066304347	18652
2790	967.0659390782555	18582
2791	967.4033190348667	18475
2792	967.7407465141546	18422
2793	968.0782215300054	18342
2794	968.4157440963054	18285
2795	968.7533142269408	18251
2796	969.0909319357979	18178
2797	969.4285972367633	18117
2798	969.7663101437226	18045
2799	970.1040706705625	17973
2800	970.441878831169	17898
2801	970.7797346394286	17767
2802	971.1176381092274	17704
2803	971.4555892544518	17609
2804	971.7935880889878	17543
2805	972.131634626722	17439
2806	972.4697288815405	17378
2807	972.8078708673295	17276
2808	973.1460605979752	17174
2809	973.4842980873639	17038
2810	973.822583349382	16979
2811	974.1609163979156	16905
2812	974.499297246851	16835
2813	974.8377259100746	16747
2814	975.1762024014723	16642
2815	975.5147267349308	16563
2816	975.8532989243361	16464
2817	976.1919189835744	16388
2818	976.5305869265321	16322
2819	976.8693027670954	16272
2820	977.2080665191506	16204
2821	977.546878196584	16123
2822	977.8857378132818	16044
2823	978.2246453831299	15931
2824	978.5636009200151	15888
2825	978.9026044378237	15855
2826	979.2416559504414	15812
2827	979.5807554717546	15789
2828	979.91990301565	15690
2829	980.2590985960135	15593
2830	980.5983422267315	15526
2831	980.9376339216901	15476
2832	981.2769736947756	15407
2833	981.6163615598743	15352
2834	981.9557975308726	15305
2835	982.2952816216565	15230
2836	982.6348138461124	15174
2837	982.9743942181265	15127
2838	983.3140227515851	15054
2839	983.6536994603745	14994
2840	983.9934243583807	14941
2841	984.3331974594903	14880
2842	984.6730187775894	14823
2843	985.0128883265642	14749
2844	985.352806120301	14684
2845	985.692772172686	14623
2846	986.0327864976057	14565
2847	986.3728491089461	14494
2848	986.7129600205935	14445
2849	987.0531192464343	14365
2850	987.3933268003547	14296
2851	987.7335826962408	14205
2852	988.073886947979	14126
2853	988.4142395694555	14068
2854	988.7546405745567	14005
2855	989.0950899771684	13968
2856	989.4355877911775	13915
2857	989.7761340304698	13846
2858	990.1167287089319	13773
2859	990.4573718404497	13701
2860	990.7980634389097	13684
2861	991.1388035181978	13616
2862	991.4795920922008	13561
2863	991.8204291748048	13491
2864	992.1613147798957	13466
2865	992.5022489213601	13392
2866	992.8432316130841	13366
2867	993.184262868954	13290
2868	993.5253427028562	13263
2869	993.8664711286767	13228
2870	994.2076481603018	13174
2871	994.548873811618	13134
2872	994.8901480965113	13082
2873	995.2314710288682	13029
2874	995.5728426225746	12992
2875	995.9142628915171	12934
2876	996.2557318495818	12900
2877	996.5972495106549	12843
2878	996.9388158886228	12792
2879	997.2804309973717	12727
2880	997.6220948507878	12686
2881	997.9638074627575	12625
2882	998.3055688471667	12566
2883	998.6473790179022	12498
2884	998.9892379888498	12441
2885	999.3311457738959	12410
2886	999.6731023869269	12357
2887	1000.0151078418289	12292
2888	1000.3571621524881	12258
2889	1000.699265332791	12226
2890	1001.0414173966237	12184
2891	1001.3836183578723	12131
2892	1001.7258682304233	12066
2893	1002.068167028163	12015
2894	1002.4105147649773	11959
2895	1002.7529114547528	11915
2896	1003.0953571113758	11866
2897	1003.4378517487322	11817
2898	1003.7803953807086	11789
2899	1004.1229880211911	11743
2900	1004.4656296840657	11708
2901	1004.8083203832192	11685
2902	1005.1510601325374	11652
2903	1005.493848945907	11593
2904	1005.8366868372138	11548
2905	1006.1795738203442	11499
2906	1006.5225099091847	11465
2907	1006.8654951176211	11439
2908	1007.2085294595402	11375
2909	1007.5516129488279	11336
2910	1007.8947455993704	11297
2911	1008.2379274250543	11264
2912	1008.5811584397654	11219
2913	1008.9244386573904	11183
2914	1009.2677680918152	11138
2915	1009.6111467569264	11105
2916	1009.95457466661	11057
2917	1010.2980518347522	11003
2918	1010.6415782752396	10950
2919	1010.985154001958	10916
2920	1011.3287790287941	10887
2921	1011.6724533696338	10827
2922	1012.0161770383636	10802
2923	1012.3599500488696	10748
2924	1012.7037724150382	10735
2925	1013.0476441507554	10703
2926	1013.3915652699079	10655
2927	1013.7355357863815	10635
2928	1014.0795557140627	10598
2929	1014.4236250668378	10564
2930	1014.7677438585927	10519
2931	1015.1119121032142	10468
2932	1015.456129814588	10432
2933	1015.8003970066009	10410
2934	1016.1447136931387	10371
2935	1016.489079888088	10325
2936	1016.8334956053347	10275
2937	1017.1779608587655	10246
2938	1017.5224756622662	10203
2939	1017.8670400297232	10171
2940	1018.2116539750231	10137
2941	1018.5563175120516	10113
2942	1018.9010306546954	10080
2943	1019.2457934168406	10019
2944	1019.5906058123733	10000
2945	1019.9354678551801	9984
2946	1020.2803795591469	9940
2947	1020.6253409381601	9884
2948	1020.9703520061062	9834
2949	1021.315412776871	9824
2950	1021.6605232643411	9777
2951	1022.0056834824026	9740
2952	1022.3508934449418	9704
2953	1022.696153165845	9667
2954	1023.0414626589983	9642
2955	1023.3868219382881	9624
2956	1023.7322310176007	9569
2957	1024.0776899108223	9531
2958	1024.423198631839	9503
2959	1024.7687571945373	9458
2960	1025.1143656128033	9442
2961	1025.4600239005233	9418
2962	1025.8057320715836	9387
2963	1026.1514901398705	9331
2964	1026.49729811927	9306
2965	1026.8431560236686	9270
2966	1027.1890638669524	9238
2967	1027.535021663008	9209
2968	1027.881029425721	9173
2969	1028.2270871689782	9129
2970	1028.573194906666	9095
2971	1028.91935265267	9053
2972	1029.2655604208771	9026
2973	1029.6118182251732	8982
2974	1029.9581260794446	8958
2975	1030.3044839975776	8951
2976	1030.6508919934583	8907
2977	1030.9973500809733	8876
2978	1031.3438582740087	8837
2979	1031.6904165864505	8812
2980	1032.0370250321853	8771
2981	1032.3836836250991	8736
2982	1032.7303923790787	8719
2983	1033.0771513080097	8668
2984	1033.4239604257784	8640
2985	1033.7708197462714	8617
2986	1034.1177292833747	8599
2987	1034.464689050975	8575
2988	1034.811699062958	8543
2989	1035.1587593332101	8505
2990	1035.5058698756177	8483
2991	1035.8530307040671	8456
2992	1036.2002418324444	8433
2993	1036.5475032746358	8415
2994	1036.8948150445278	8372
2995	1037.2421771560066	8354
2996	1037.589589622958	8335
2997	1037.9370524592691	8295
2998	1038.2845656788254	8280
2999	1038.6321292955136	8259
3000	1038.9797433232195	8244
3001	1039.32740777583	8215
3002	1039.6751226672307	8220
3003	1040.0228880113086	8205
3004	1040.3707038219493	8181
3005	1040.718570113039	8157
3006	1041.0664868984645	8115
3007	1041.4144541921119	8089
3008	1041.7624720078672	8087
3009	1042.1105403596168	8068
3010	1042.458659261247	8041
3011	1042.806828726644	8028
3012	1043.155048769694	8017
3013	1043.5033194042835	7987
3014	1043.8516406442986	7968
3015	1044.2000125036254	7937
3016	1044.5484349961505	7942
3017	1044.8969081357598	7932
3018	1045.2454319363396	7926
3019	1045.5940064117765	7910
3020	1045.9426315759565	7898
3021	1046.2913074427659	7891
3022	1046.6400340260907	7901
3023	1046.9888113398176	7883
3024	1047.3376393978326	7898
3025	1047.686518214022	7887
3026	1048.035447802272	7895
3027	1048.384428176469	7874
3028	1048.7334593504993	7884
3029	1049.082541338249	7872
3030	1049.4316741536043	7860
3031	1049.7808578104516	7867
3032	1050.130092322677	7875
3033	1050.4793777041668	7876
3034	1050.8287139688075	7880
3035	1051.1781011304852	7888
3036	1051.527539203086	7893
3037	1051.8770282004964	7910
3038	1052.2265681366023	7926
3039	1052.5761590252905	7921
3040	1052.9258008804466	7923
3041	1053.2754937159573	7919
3042	1053.625237545709	7920
3043	1053.9750323835876	7905
3044	1054.3248782434796	7899
3045	1054.6747751392709	7910
3046	1055.0247230848481	7925
3047	1055.3747220940973	7927
3048	1055.724772180905	7947
3049	1056.074873359157	7949
3050	1056.42502564274	7957
3051	1056.7752290455398	7977
3052	1057.1254835814432	7971
3053	1057.4757892643363	7967
3054	1057.826146108105	7959
3055	1058.1765541266357	7969
3056	1058.527013333815	7982
3057	1058.8775237435289	8000
3058	1059.2280853696634	8014
3059	1059.5786982261052	8031
3060	1059.9293623267404	8031
3061	1060.2800776854551	8032
3062	1060.630844316136	8058
3063	1060.981662232669	8068
3064	1061.33253144894	8059
3065	1061.683451978836	8075
3066	1062.034423836243	8079
3067	1062.3854470350468	8086
3068	1062.7365215891343	8086
3069	1063.0876475123914	8097
3070	1063.4388248187045	8105
3071	1063.7900535219599	8092
3072	1064.1413336360433	8095
3073	1064.492665174842	8083
3074	1064.8440481522414	8083
3075	1065.195482582128	8080
3076	1065.546968478388	8088
3077	1065.8985058549079	8103
3078	1066.2500947255737	8115
3079	1066.601735104272	8128
3080	1066.9534270048885	8118
3081	1067.3051704413097	8118
3082	1067.6569654274222	8100
3083	1068.0088119771117	8057
3084	1068.3607101042649	7983
3085	1068.712659822768	7920
3086	1069.0646611465068	7860
3087	1069.4167140893683	7785
3088	1069.768818665238	7689
3089	1070.1209748880026	7601
3090	1070.4731827715484	7525
3091	1070.8254423297617	7438
3092	1071.1777535765282	7361
3093	1071.5301165257347	7271
3094	1071.8825311912672	7184
3095	1072.2349975870122	7098
3096	1072.5875157268558	7021
3097	1072.9400856246841	6919
3098	1073.2927072943835	6837
3099	1073.6453807498403	6765
3100	1073.998106004941	6703
3101	1074.3508830735714	6617
3102	1074.7037119696179	6568
3103	1075.056592706967	6473
3104	1075.4095252995044	6439
3105	1075.7625097611171	6387
3106	1076.1155461056908	6348
3107	1076.468634347112	6302
3108	1076.8217744992667	6279
3109	1077.1749665760412	6243
3110	1077.5282105913222	6239
3111	1077.8815065589956	6226
3112	1078.2348544929478	6214
3113	1078.5882544070648	6218
3114	1078.9417063152332	6228
3115	1079.2952102313388	6221
3116	1079.6487661692684	6240
3117	1080.0023741429077	6240
3118	1080.3560341661434	6259
3119	1080.7097462528616	6268
3120	1081.0635104169487	6308
3121	1081.4173266722908	6332
3122	1081.771195032774	6358
3123	1082.1251155122848	6385
3124	1082.4790881247093	6412
3125	1082.8331128839338	6452
3126	1083.1871898038448	6498
3127	1083.5413188983282	6541
3128	1083.8955001812706	6568
3129	1084.2497336665579	6607
3130	1084.6040193680767	6651
3131	1084.9583572997128	6704
3132	1085.3127474753528	6749
3133	1085.667189908883	6779
3134	1086.0216846141893	6812
3135	1086.3762316051586	6840
3136	1086.7308308956765	6896
3137	1087.0854824996295	6938
3138	1087.440186430904	6978
3139	1087.7949427033861	7022
3140	1088.149751330962	7040
3141	1088.504612327518	7075
3142	1088.8595257069405	7104
3143	1089.2144914831158	7138
3144	1089.5695096699299	7162
3145	1089.924580281269	7182
3146	1090.2797033310198	7230
3147	1090.6348788330681	7231
3148	1090.9901068013003	7239
3149	1091.3453872496027	7262
3150	1091.7007201918616	7271
3151	1092.0561056419633	7264
3152	1092.4115436137938	7277
3153	1092.7670341212395	7269
3154	1093.1225771781867	7279
3155	1093.4781727985219	7268
3156	1093.8338209961307	7246
3157	1094.1895217849	7253
3158	1094.5452751787157	7244
3159	1094.901081191464	7214
3160	1095.2569398370315	7191
3161	1095.6128511293043	7178
3162	1095.9688150821685	7138
3163	1096.3248317095106	7108
3164	1096.6809010252166	7087
3165	1097.037023043173	7042
3166	1097.3931977772659	7010
3167	1097.7494252413815	6977
3168	1098.1057054494065	6937
3169	1098.4620384152265	6908
3170	1098.818424152728	6878
3171	1099.1748626757976	6824
3172	1099.531353998321	6778
3173	1099.8878981341852	6733
3174	1100.2444950972756	6695
3175	1100.6011449014788	6639
3176	1100.9578475606813	6589
3177	1101.3146030887692	6543
3178	1101.671411499629	6513
3179	1102.028272807146	6447
3180	1102.3851870252076	6402
3181	1102.7421541676995	6355
3182	1103.099174248508	6302
3183	1103.4562472815194	6248
3184	1103.81337328062	6156
3185	1104.170552259696	6123
3186	1104.5277842326336	6080
3187	1104.8850692133194	6038
3188	1105.242407215639	5983
3189	1105.5997982534793	5938
3190	1105.9572423407262	5889
3191	1106.3147394912662	5836
3192	1106.6722897189854	5793
3193	1107.0298930377699	5748
3194	1107.3875494615063	5703
3195	1107.7452590040805	5654
3196	1108.103021679379	5607
3197	1108.460837501288	5565
3198	1108.8187064836939	5506
3199	1109.1766286404825	5465
3200	1109.5346039855406	5432
3201	1109.8926325327543	5382
3202	1110.2507142960096	5353
3203	1110.608849289193	5303
3204	1110.9670375261906	5244
3205	1111.3252790208887	5200
3206	1111.6835737871738	5160
3207	1112.0419218389318	5114
3208	1112.4003231900492	5072
3209	1112.758777854412	5033
3210	1113.117285845907	4996
3211	1113.4758471784198	4952
3212	1113.8344618658368	4919
3213	1114.1931299220446	4894
3214	1114.5518513609293	4846
3215	1114.910626196377	4798
3216	1115.269454442274	4763
3217	1115.6283361125068	4729
3218	1115.9872712209615	4696
3219	1116.3462597815242	4649
3220	1116.7053018080812	4616
3221	1117.064397314519	4580
3222	1117.4235463147238	4536
3223	1117.7827488225817	4501
3224	1118.1420048519788	4471
3225	1118.5013144168017	4438
3226	1118.8606775309365	4408
3227	1119.2200942082695	4387
3228	1119.5795644626871	4356
3229	1119.9390883080753	4341
3230	1120.2986657583203	4308
3231	1120.6582968273087	4266
3232	1121.0179815289264	4225
3233	1121.37771987706	4193
3234	1121.7375118855953	4160
3235	1122.097357568419	4126
3236	1122.4572569394172	4098
3237	1122.8172100124762	4070
3238	1123.1772168014822	4045
3239	1123.5372773203214	4024
3240	1123.8973915828801	4000
3241	1124.2575596030447	3969
3242	1124.617781394701	3954
3243	1124.978056971736	3943
3244	1125.338386348035	3915
3245	1125.6987695374853	3902
3246	1126.0592065539727	3866
3247	1126.4196974113831	3842
3248	1126.780242123603	3820
3249	1127.140840704519	3795
3250	1127.5014931680169	3778
3251	1127.8621995279832	3758
3252	1128.2229597983041	3737
3253	1128.5837739928659	3702
3254	1128.9446421255545	3686
3255	1129.305564210257	3667
3256	1129.6665402608587	3652
3257	1130.0275702912465	3623
3258	1130.3886543153062	3606
3259	1130.7497923469243	3580
3260	1131.1109843999873	3571
3261	1131.472230488381	3541
3262	1131.833530625992	3521
3263	1132.1948848267064	3503
3264	1132.55629310441	3487
3265	1132.9177554729902	3467
3266	1133.2792719463323	3456
3267	1133.6408425383227	3440
3268	1134.0024672628479	3434
3269	1134.364146133794	3410
3270	1134.7258791650474	3387
3271	1135.0876663704942	3378
3272	1135.4495077640208	3366
3273	1135.8114033595132	3351
3274	1136.173353170858	3331
3275	1136.5353572119411	3329
3276	1136.8974154966493	3312
3277	1137.2595280388682	3300
3278	1137.6216948524843	3286
3279	1137.983915951384	3270
3280	1138.3461913494536	3265
3281	1138.708521060579	3241
3282	1139.0709050986468	3225
3283	1139.4333434775433	3216
3284	1139.7958362111542	3195
3285	1140.1583833133666	3187
3286	1140.5209847980661	3170
3287	1140.883640679139	3162
3288	1141.246350970472	3152
3289	1141.6091156859507	3133
3290	1141.9719348394622	3116
3291	1142.334808444892	3123
3292	1142.6977365161265	3109
3293	1143.0607190670526	3092
3294	1143.4237561115556	3083
3295	1143.7868476635224	3072
3296	1144.149993736839	3060
3297	1144.5131943453916	3048
3298	1144.8764495030669	3043
3299	1145.2397592237505	3044
3300	1145.6031235213293	3025
3301	1145.9665424096893	3015
3302	1146.3300159027162	3008
3303	1146.6935440142972	3010
3304	1147.057126758318	2997
3305	1147.420764148665	2984
3306	1147.7844561992245	2980
3307	1148.1482029238825	2972
3308	1148.5120043365255	2956
3309	1148.87586045104	2941
3310	1149.2397712813115	2933
3311	1149.603736841227	2920
3312	1149.9677571446723	2917
3313	1150.3318322055338	2914
3314	1150.6959620376979	2890
3315	1151.0601466550509	2879
3316	1151.4243860714787	2883
3317	1151.7886803008678	2866
3318	1152.1530293571043	2855
3319	1152.5174332540746	2846
3320	1152.881892005665	2848
3321	1153.2464056257618	2834
3322	1153.6109741282507	2826
3323	1153.9755975270189	2822
3324	1154.3402758359518	2808
3325	1154.705009068936	2793
3326	1155.069797239858	2782
3327	1155.4346403626037	2782
3328	1155.7995384510596	2789
3329	1156.1644915191114	2770
3330	1156.5294995806462	2763
3331	1156.8945626495497	2747
3332	1157.259680739708	2744
3333	1157.6248538650082	2739
3334	1157.9900820393357	2732
3335	1158.3553652765772	2723
3336	1158.7207035906188	2723
3337	1159.0860969953467	2708
3338	1159.4515455046471	2710
3339	1159.8170491324065	2704
3340	1160.1826078925112	2690
3341	1160.5482217988472	2671
3342	1160.9138908653008	2658
3343	1161.2796151057585	2660
3344	1161.6453945341061	2660
3345	1162.0112291642304	2648
3346	1162.3771190100172	2642
3347	1162.743064085353	2625
3348	1163.109064404124	2622
3349	1163.4751199802165	2623
3350	1163.8412308275165	2603
3351	1164.2073969599105	2594
3352	1164.573618391285	2594
3353	1164.9398951355258	2592
3354	1165.3062272065192	2582
3355	1165.6726146181518	2587
3356	1166.0390573843097	2583
3357	1166.405555518879	2572
3358	1166.7721090357459	2555
3359	1167.138717948797	2549
3360	1167.5053822719185	2533
3361	1167.8721020189962	2520
3362	1168.238877203917	2529
3363	1168.6057078405668	2517
3364	1168.9725939428315	2515
3365	1169.3395355245982	2506
3366	1169.7065325997523	2497
3367	1170.0735851821808	2489
3368	1170.4406932857696	2485
3369	1170.8078569244049	2465
3370	1171.175076111973	2472
3371	1171.5423508623603	2469
3372	1171.9096811894528	2459
3373	1172.277067107137	2448
3374	1172.6445086292993	2448
3375	1173.0120057698255	2444
3376	1173.379558542602	2437
3377	1173.747166961515	2436
3378	1174.114831040451	2433
3379	1174.4825507932965	2426
3380	1174.850326233937	2427
3381	1175.2181573762591	2413
3382	1175.5860442341493	2402
3383	1175.9539868214936	2400
3384	1176.3219851521785	2396
3385	1176.6900392400898	2384
3386	1177.0581490991144	2382
3387	1177.426314743138	2373
3388	1177.794536186047	2366
3389	1178.1628134417276	2356
3390	1178.5311465240663	2353
3391	1178.8995354469491	2337
3392	1179.2679802242628	2338
3393	1179.636480869893	2336
3394	1180.0050373977258	2341
3395	1180.3736498216483	2321
3396	1180.742318155546	2314
3397	1181.1110424133055	2312
3398	1181.4798226088133	2304
3399	1181.848658755955	2288
3400	1182.2175508686175	2289
3401	1182.5864989606866	2286
3402	1182.9555030460488	2290
3403	1183.3245631385903	2281
3404	1183.6936792521974	2284
3405	1184.0628514007562	2284
3406	1184.4320795981532	2288
3407	1184.8013638582745	2278
3408	1185.1707041950062	2276
3409	1185.5401006222348	2265
3410	1185.9095531538467	2257
3411	1186.2790618037277	2254
3412	1186.6486265857643	2243
3413	1187.0182475138429	2241
3414	1187.3879246018496	2243
3415	1187.7576578636706	2226
3416	1188.1274473131923	2221
3417	1188.4972929643009	2222
3418	1188.8671948308825	2226
3419	1189.2371529268237	2214
3420	1189.6071672660103	2224
3421	1189.977237862329	2201
3422	1190.3473647296657	2198
3423	1190.717547881907	2194
3424	1191.087787332939	2190
3425	1191.4580830966477	2194
3426	1191.8284351869197	2196
3427	1192.1988436176412	2174
3428	1192.5693084026984	2171
3429	1192.9398295559772	2172
3430	1193.3104070913646	2171
3431	1193.6810410227465	2157
3432	1194.0517313640091	2151
3433	1194.4224781290386	2153
3434	1194.7932813317213	2158
3435	1195.1641409859435	2143
3436	1195.5350571055917	2158
3437	1195.9060297045514	2159
3438	1196.2770587967098	2145
3439	1196.6481443959526	2134
3440	1197.0192865161662	2129
3441	1197.3904851712368	2119
3442	1197.7617403750507	2124
3443	1198.1330521414939	2119
3444	1198.5044204844532	2121
3445	1198.8758454178146	2116
3446	1199.2473269554641	2121
3447	1199.6188651112884	2115
3448	1199.9904598991734	2106
3449	1200.3621113330055	2097
3450	1200.7338194266708	2105
3451	1201.1055841940558	2122
3452	1201.477405649047	2109
3453	1201.84928380553	2100
3454	1202.221218677391	2088
3455	1202.593210278517	2085
3456	1202.965258622794	2074
3457	1203.337363724108	2067
3458	1203.7095255963454	2063
3459	1204.0817442533923	2060
3460	1204.4540197091353	2064
3461	1204.8263519774605	2056
3462	1205.198741072254	2068
3463	1205.5711870074022	2062
3464	1205.9436897967912	2063
3465	1206.3162494543076	2048
3466	1206.6888659938375	2049
3467	1207.0615394292668	2038
3468	1207.4342697744821	2038
3469	1207.8070570433697	2037
3470	1208.1799012498157	2035
3471	1208.5528024077066	2034
3472	1208.9257605309283	2033
3473	1209.2987756333673	2027
3474	1209.6718477289098	2021
3475	1210.044976831442	2010
3476	1210.4181629548502	2024
3477	1210.7914061130207	2018
3478	1211.1647063198398	2014
3479	1211.5380635891936	2015
3480	1211.9114779349684	2012
3481	1212.2849493710505	2005
3482	1212.6584779113261	1995
3483	1213.0320635696817	1988
3484	1213.405706360003	2000
3485	1213.7794062961768	1991
3486	1214.1531633920893	1996
3487	1214.5269776616265	1990
3488	1214.9008491186748	1986
3489	1215.2747777771203	1986
3490	1215.6487636508496	1992
3491	1216.0228067537487	1987
3492	1216.3969070997039	1986
3493	1216.7710647026015	1987
3494	1217.1452795763275	1989
3495	1217.5195517347686	1977
3496	1217.8938811918108	1977
3497	1218.2682679613401	1982
3498	1218.6427120572434	1979
3499	1219.0172134934064	1983
3500	1219.391772283716	1986
3501	1219.7663884420574	1981
3502	1220.1410619823178	1982
3503	1220.5157929183829	1976
3504	1220.8905812641394	1963
3505	1221.2654270334733	1957
3506	1221.640330240271	1962
3507	1222.0152908984182	1953
3508	1222.390309021802	1959
3509	1222.7653846243084	1951
3510	1223.1405177198233	1956
3511	1223.5157083222332	1960
3512	1223.890956445424	1961
3513	1224.2662621032828	1950
3514	1224.641625309695	1945
3515	1225.0170460785475	1951
3516	1225.392524423726	1948
3517	1225.768060359117	1948
3518	1226.143653898607	1944
3519	1226.5193050560817	1934
3520	1226.8950138454281	1939
3521	1227.2707802805317	1933
3522	1227.6466043752794	1936
3523	1228.0224861435568	1938
3524	1228.3984255992507	1943
3525	1228.774422756247	1938
3526	1229.1504776284323	1942
3527	1229.5265902296928	1935
3528	1229.9027605739143	1930
3529	1230.2789886749836	1923
3530	1230.6552745467868	1930
3531	1231.03161820321	1934
3532	1231.4080196581394	1937
3533	1231.7844789254616	1926
3534	1232.1609960190626	1928
3535	1232.537570952829	1926
3536	1232.9142037406464	1925
3537	1233.2908943964014	1918
3538	1233.6676429339807	1924
3539	1234.0444493672699	1914
3540	1234.4213137101556	1918
3541	1234.798235976524	1914
3542	1235.175216180261	1918
3543	1235.5522543352533	1912
3544	1235.9293504553875	1915
3545	1236.3065045545488	1905
3546	1236.6837166466244	1906
3547	1237.0609867455	1900
3548	1237.4383148650622	1902
3549	1237.815701019197	1911
3550	1238.193145221791	1908
3551	1238.57064748673	1901
3552	1238.9482078279004	1903
3553	1239.3258262591887	1897
3554	1239.703502794481	1905
3555	1240.0812374476636	1900
3556	1240.4590302326226	1902
3557	1240.8368811632442	1901
3558	1241.2147902534152	1907
3559	1241.5927575170213	1904
3560	1241.970782967949	1906
3561	1242.3488666200842	1897
3562	1242.7270084873137	1896
3563	1243.1052085835236	1893
3564	1243.4834669226	1898
3565	1243.861783518429	1895
3566	1244.2401583848973	1893
3567	1244.6185915358908	1893
3568	1244.997082985296	1893
3569	1245.375632746999	1891
3570	1245.754240834886	1892
3571	1246.1329072628437	1882
3572	1246.5116320447576	1891
3573	1246.8904151945144	1897
3574	1247.2692567260005	1892
3575	1247.648156653102	1883
3576	1248.0271149897048	1886
3577	1248.4061317496958	1878
3578	1248.7852069469611	1887
3579	1249.1643405953864	1875
3580	1249.5435327088587	1879
3581	1249.9227833012637	1883
3582	1250.3020923864879	1876
3583	1250.6814599784175	1874
3584	1251.0608860909388	1874
3585	1251.440370737938	1869
3586	1251.8199139333017	1868
3587	1252.1995156909156	1877
3588	1252.5791760246664	1886
3589	1252.95889494844	1878
3590	1253.3386724761228	1876
3591	1253.7185086216011	1867
3592	1254.098403398761	1872
3593	1254.4783568214893	1873
3594	1254.8583689036716	1877
3595	1255.2384396591942	1872
3596	1255.6185691019439	1879
3597	1255.9987572458065	1874
3598	1256.3790041046684	1876
3599	1256.7593096924156	1873
3600	1257.139674022935	1876
3601	1257.5200971101121	1873
3602	1257.9005789678336	1871
3603	1258.2811196099858	1871
3604	1258.6617190504546	1867
3605	1259.0423773031268	1865
3606	1259.4230943818882	1875
3607	1259.8038703006248	1878
3608	1260.1847050732235	1878
3609	1260.5655987135704	1862
3610	1260.9465512355514	1865
3611	1261.3275626530533	1870
3612	1261.7086329799617	1867
3613	1262.0897622301636	1860
3614	1262.4709504175446	1859
3615	1262.8521975559916	1858
3616	1263.2335036593902	1866
3617	1263.6148687416269	1861
3618	1263.996292816588	1867
3619	1264.3777758981598	1873
3620	1264.7593180002286	1873
3621	1265.1409191366806	1871
3622	1265.522579321402	1880
3623	1265.904298568279	1875
3624	1266.286076891198	1868
3625	1266.6679143040449	1866
3626	1267.0498108207066	1871
3627	1267.431766455069	1871
3628	1267.8137812210182	1878
3629	1268.1958551324408	1865
3630	1268.5779882032227	1865
3631	1268.9601804472504	1855
3632	1269.3424318784103	1862
3633	1269.7247425105882	1858
3634	1270.1071123576708	1859
3635	1270.4895414335438	1861
3636	1270.872029752094	1872
3637	1271.2545773272075	1859
3638	1271.6371841727705	1857
3639	1272.0198503026693	1864
3640	1272.4025757307902	1857
3641	1272.7853604710192	1855
3642	1273.168204537243	1857
3643	1273.5511079433475	1854
3644	1273.934070703219	1857
3645	1274.3170928307438	1864
3646	1274.7001743398082	1861
3647	1275.0833152442985	1852
3648	1275.466515558101	1852
