Index,Wavelength,LHC reference intensity,RHC reference intensity,LHC intensity,RHC intensity,Reference delta absorbance,Reference ellipticity,Delta absorbance,Ellipticity,g-factor,Average absorbace,Weak signal flag
1,171.0036843215852,112.34604027119713,114.34604027119713,87.34604027119713,91.34604027119713,0.007663359910615831,252.75371784821155,0.01178314455878434,388.63287512439626,0.11393159430254726,0.10342297613683876,True
2,171.23380252856805,105.40096384367007,106.40096384367007,74.40096384367007,78.40096384367007,0.004100979757080198,135.25893244115935,0.018641860332226413,614.8477380072158,0.13133149078083908,0.1419450904074121,True
3,171.46397004958132,109.4558566754456,109.4558566754456,75.4558566754456,80.4558566754456,0.0,0.0,0.027864709306599265,919.0366831455075,0.1887677779158179,0.14761369559070456,True
4,171.69418686025367,118.5107187502781,119.5107187502781,84.5107187502781,89.5107187502781,0.0036492262354702043,120.35915173533934,0.021314022863770384,702.9812750484313,0.15650346359913914,0.13618882530525428,True
5,171.92445293621375,107.56555005195537,109.56555005195537,74.56555005195537,76.56555005195537,0.008000820971300048,263.8838929557098,0.0034943600060592557,115.25133796836133,0.022202229676339093,0.1573877964960967,True
6,172.15476825309023,119.62035056429954,120.62035056429954,85.62035056429954,90.62035056429954,0.0036155155070200684,119.24730105280254,0.021033220726113206,693.7198303165638,0.15613534968682882,0.1347114587971331,True
7,172.3851327865117,105.6751202711664,104.6751202711664,71.6751202711664,76.6751202711664,-0.004129282215743476,-136.19240701821516,0.033415317729860776,1102.1074160436842,0.21998717673607404,0.1518966615492786,True
8,172.61554651210685,112.72985915644563,113.72985915644563,78.72985915644563,82.72985915644563,0.0038355369156016328,126.50406958172863,0.017687273534353086,583.3634589200399,0.12027588946144604,0.1470558531186142,True
9,172.8460094055043,97.78456720406052,101.78456720406052,64.78456720406052,68.78456720406052,0.017411616418521694,574.2717078225634,0.008607830811737143,283.904353397401,0.04933000183119761,0.17449484070956026,True
10,173.07652144233273,106.83924439796897,109.83924439796897,73.83924439796897,78.83924439796897,0.012026728768806077,396.6667943726397,0.01642848066775382,541.8458242604663,0.10791929091441471,0.15222932367839973,True
11,173.30708259822075,113.89389072216181,118.89389072216181,80.89389072216181,85.89389072216181,0.018659110168107302,615.4166738528526,0.007387441175796421,243.65333800660028,0.05098620318381506,0.14489098451130544,True
12,173.537692848797,115.94850616066446,118.94850616066446,83.94850616066446,88.94850616066446,0.011093834516424187,365.8979810324083,0.014031851838702458,462.7999678854054,0.10531556426345076,0.13323625939658135,True
13,173.76835216969016,114.00309069753575,117.00309069753575,80.00309069753575,84.00309069753575,0.011280708512036886,372.06147820743064,0.00990779161607697,326.7797931765876,0.06655958759734015,0.14885596461347222,True
14,173.99906053652884,117.05764431686862,117.05764431686862,81.05764431686862,82.05764431686862,0.0,0.0,0.005325067032047608,175.63190373931099,0.03392988490629296,0.15694326835337924,True
15,174.22981792494173,114.11216700278987,114.11216700278987,79.11216700278987,82.11216700278987,0.0,0.0,0.016164232980463364,533.1303800983133,0.10704325330002089,0.1510065555944777,True
16,174.46062431055742,127.16665873946022,128.16665873946022,91.16665873946022,98.16665873946022,0.003401802057780785,112.19858228199735,0.028726169088679785,947.4494375035453,0.2206749326810559,0.13017413776760073,True
17,174.6914796690046,101.22111951107422,102.22111951107422,65.22111951107422,70.22111951107422,0.004269496656420007,140.81697399541108,0.027810003199324015,917.2323607380907,0.15713829503327867,0.1769778855843792,True
18,174.92238397591188,118.27554930186034,121.27554930186034,82.27554930186034,88.27554930186034,0.010878276683259185,358.78843060293093,0.019691361507433953,649.4624927641087,0.13324916127600334,0.14777850246011376,True
19,175.15333720690793,108.3299480960809,111.3299480960809,74.3299480960809,79.3299480960809,0.01186347152914259,391.2822274500524,0.016409869068155634,541.2319745850743,0.10561136088398207,0.15537977099057054,True
20,175.38433933762138,120.38431587803188,122.38431587803188,86.38431587803188,89.38431587803188,0.007155855421399526,236.01515304501282,0.007670566909011128,252.99141980403573,0.05467271426132557,0.14029972743528374,True
21,175.6153903436809,103.43865263204384,104.43865263204384,68.43865263204384,71.43865263204384,0.004178405443822761,137.81259433481836,0.014453398612456652,476.70346655388033,0.0839558735185493,0.17215470468856836,True
22,175.8464902007151,101.49295834248073,100.49295834248073,63.49295834248073,67.49295834248073,-0.004300280310505767,-141.83228361284802,0.030833182076085725,1016.943154663245,0.16375042077051408,0.18829375784808816,True
23,176.07763888435264,86.54723299374018,87.54723299374018,49.54723299374018,54.54723299374018,0.004989236801425148,164.55551683517197,0.03676408235140629,1212.5567121966258,0.16423406974116592,0.2238517404418386,True
24,176.3088363702222,99.60147657025436,101.60147657025436,63.60147657025436,68.60147657025436,0.008634242785573903,284.77547581117443,0.02423202239097659,799.2230329435561,0.13264551048371817,0.1826825672622444,True
25,176.54008263395235,96.65568905648911,95.65568905648911,58.65568905648911,62.65568905648911,-0.004516616754755951,-148.96751427251596,0.03316698623785691,1093.9169214571227,0.16555862451329856,0.20033378711232747,True
26,176.7713776511718,108.7098704369439,108.7098704369439,70.7098704369439,73.7098704369439,0.0,0.0,0.018045606343470053,595.1820281622131,0.1015131847060855,0.17776613349012838,True
27,177.00272139750916,110.76402069615256,112.76402069615256,73.76402069615256,77.76402069615256,0.0077718405100901744,256.3316360396253,0.015162285648460446,500.0840510460889,0.08973200867683678,0.16897298825735976,True
28,177.2341138485931,98.81813981868231,101.81813981868231,60.81813981868231,64.81813981868231,0.012988484022493908,428.38750420031033,0.014674946569503352,484.0105838599146,0.07212478565849241,0.2034660683636352,True
29,177.46555498005225,101.87222778913497,103.87222778913497,62.87222778913497,67.87222778913497,0.008443642592444235,278.48908080976327,0.024789612564187075,817.6135288824648,0.12570660514421453,0.19720214809514314,True
30,177.69704476751525,121.92628459214552,123.92628459214552,86.92628459214552,89.92628459214552,0.007066089468203073,233.05448322508664,0.007669443555856503,252.9543692557645,0.05359068638514752,0.14311150076969464,True
31,177.92858318661078,137.98031021238353,140.98031021238353,100.98031021238353,104.98031021238353,0.009341344843933617,308.0971879887484,0.007529806394029467,248.3488421484359,0.05712382560968895,0.13181551329349891,True
32,178.16017021296744,133.03430463455243,134.03430463455243,95.03430463455243,99.03430463455243,0.003252321661772107,107.26840462137639,0.014652933550498305,483.2845482228721,0.10560157127492402,0.13875677580924184,True
33,178.39180582221388,114.08826784338908,116.08826784338908,74.08826784338908,79.08826784338908,0.007547344660810302,248.9272910514203,0.020815278001963224,686.5316211694816,0.11754471904286606,0.17708390620570827,True
34,178.62348998997876,103.14219982366467,104.14219982366467,63.14219982366467,69.14219982366467,0.004190357324648684,138.2067924867081,0.035233127294466135,1162.0625964284095,0.18022049129362316,0.19550011789204796,True
35,178.85522269189076,103.19610056018405,101.19610056018405,63.19610056018405,69.19610056018405,-0.008499509106784962,-280.3316758813164,0.047890848768151764,1579.5408565228242,0.25335376176486674,0.18902758117559917,True
36,179.08700390357845,109.24997003778685,111.24997003778685,69.24997003778685,75.24997003778685,0.00787857615175711,259.8520018547374,0.028208165360105383,930.3645857174447,0.15339056667033057,0.18389765402412794,True
37,179.31883360067053,108.30380824134545,113.30380824134545,69.30380824134545,74.30380824134545,0.019600779322524957,646.4749019066252,0.010653193870145197,351.3647263137084,0.05649762468540384,0.18856003114229064,True
38,179.55071175879564,126.35761515576678,130.35761515576678,87.35761515576678,92.35761515576678,0.013534986071828532,446.41229050711615,0.010636954656402225,350.82912291045693,0.06863340727070391,0.15498217383333374,True
39,179.7826383535824,122.41139076599188,124.41139076599188,80.41139076599188,87.41139076599188,0.007038312826583554,232.13835119937488,0.02921214376239206,963.4779037368344,0.17398724987124906,0.1678981867005146,True
40,180.01461336065947,117.46513505699545,120.46513505699545,77.46513505699545,81.46513505699545,0.010952389503931672,361.2328272101214,0.010913109953495525,359.93730507310295,0.06223752426253055,0.1753461449954501,True
41,180.2466367556555,105.51884801378628,108.51884801378628,65.51884801378628,68.51884801378628,0.012175133624163963,401.5614984418653,0.007268666242116353,239.7358910349103,0.03574822070180366,0.20332945526851398,True
42,180.47870851419913,98.57252962140728,100.57252962140728,57.572529621407284,63.572529621407284,0.008723471935170405,287.71844072004006,0.034330708995556014,1132.2989440925944,0.15866283834485304,0.2163752353965732,True
43,180.710828611919,103.62617986493456,105.62617986493456,63.62617986493456,68.62617986493456,0.008302084770407437,273.82020629158586,0.024551890571850966,809.7729578955793,0.12303154065771907,0.1995576942351373,True
44,180.94299702444374,111.67979872947944,114.67979872947944,72.67979872947944,76.67979872947944,0.01151229947033781,379.6998348047113,0.011754948837394488,387.70292096697443,0.06505825516639373,0.18068343221517236,True
45,181.17521372740205,122.73338620018603,124.73338620018603,82.73338620018603,85.73338620018603,0.007019995996469972,231.5342236411757,0.008449181382125023,278.67176173569214,0.0505765391500303,0.1670573258692407,True
46,181.40747869642252,116.78694226223297,118.78694226223297,75.78694226223297,79.78694226223297,0.007374415337455249,243.22371847845304,0.014963021087826628,493.5118869923273,0.08298111420107622,0.18031839210508654,True
47,181.63979190713383,121.84046690083278,123.84046690083278,80.84046690083278,85.84046690083278,0.00707102613347972,233.217304822532,0.018992231877683806,626.4037280397213,0.11260219277666175,0.16866662548351535,True
48,181.8721533351646,112.8939601012321,115.8939601012321,72.8939601012321,75.8939601012321,0.011390095462665157,375.6692897650054,0.006125574447537736,202.0343209283966,0.03277173778501686,0.18691637555876972,True
49,182.10456295614347,115.94742184871143,117.94742184871143,74.94742184871143,78.94742184871143,0.0074273559909245335,244.96981250845403,0.01515389807777871,499.8074113347548,0.08329638068978762,0.18192744933558225,True
50,182.33702074569914,115.00085212858517,119.00085212858517,72.00085212858517,77.00085212858517,0.014849012870253728,489.7516563372487,0.014308882113289428,471.9370086449513,0.07292674392617285,0.19620898099845208,True
51,182.56952667946018,120.05425092620158,124.05425092620158,77.05425092620158,82.05425092620158,0.014234108361199932,469.4708131303834,0.013070373937949463,431.0884057405074,0.07025354657247798,0.1860457525011245,True
52,182.80208073305528,130.1076182269435,131.1076182269435,86.10761822694349,90.10761822694349,0.0033252011592439035,109.67212363702491,0.01639473254816013,540.7327403394205,0.0958398802314052,0.17106378376699846,True
53,183.0346828821131,135.16095401622692,138.16095401622692,92.16095401622692,96.16095401622692,0.009534074894325237,314.4538301595113,0.00891772667782414,294.12537044643386,0.055100270918719545,0.16184542342775426,True
54,183.26733310226223,139.21425827950225,143.21425827950225,96.21425827950225,101.21425827950225,0.012302540229008323,405.7636360718911,0.009699720412975232,319.9171675431157,0.06233976978945369,0.15559442143811347,True
55,183.50003136913136,117.26753100225415,121.26753100225415,73.26753100225415,76.26753100225415,0.014566754019732698,480.44216615319436,0.0028613764828380895,94.37421087308002,0.014106879559329261,0.20283553643483004,True
56,183.7327776583491,131.32077217000074,136.32077217000074,88.32077217000074,91.32077217000074,0.016228609700981337,535.2536596576161,-0.0017218920033272751,-56.79161759989677,-0.00994557224066457,0.1731315163834371,True
57,183.96557194554416,127.37398176829447,130.37398176829447,83.37398176829447,87.37398176829447,0.010110204307285304,333.45578919390863,0.010241380335479248,337.7822503291416,0.057236960856509846,0.1789294921013341,True
58,184.1984142063451,140.42715978272145,144.42715978272145,97.42715978272145,100.42715978272145,0.012197758669853492,402.3077200054111,0.0009733796658111093,32.10410737342454,0.006149562355968902,0.1582843801667163,True
59,184.4313044163806,125.48030619890255,126.48030619890255,80.48030619890255,85.48030619890255,0.0034473385194774228,113.70047050409873,0.022729110610256696,749.6538433706362,0.12521449981153412,0.1815213944428743,True
60,184.66424255127936,131.53342100249165,134.53342100249165,86.53342100249165,92.53342100249165,0.00979407019384708,323.02902163475085,0.019320674930733132,637.2364703000237,0.1122043161904527,0.1721919047921358,True
61,184.89722858666994,121.58650417917715,125.58650417917715,77.58650417917715,81.58650417917715,0.01405759967459121,463.64918563366916,0.007774540920840185,256.4207012622878,0.0406592906696469,0.19121191719766178,True
62,185.13026249818105,134.6395557146816,135.6395557146816,88.63955571468159,92.63955571468159,0.003213688703678165,105.99420845890836,0.015955204284993106,526.2361743539265,0.09192506976905883,0.17356749714824243,True
63,185.36334426144128,118.69257559476114,119.69257559476114,72.69257559476114,76.69257559476114,0.003643658400761185,120.17551284332808,0.019619607922259735,647.0959087026453,0.09658946036706567,0.20312369328599622,True
64,185.59647385207933,125.7455638052063,126.7455638052063,77.7455638052063,82.7455638052063,0.003440095157343709,113.4615691957469,0.023629006931980324,779.3343155977716,0.11994264408116033,0.19700255161951852,True
65,185.8296512457238,124.79852033184125,125.79852033184125,77.79852033184125,79.79852033184125,0.0034660966944279805,114.31915454270596,0.00755740468279863,249.2590917222543,0.03751328955501026,0.20145939672169505,True
66,186.06287641800333,114.85144516052446,117.85144516052446,67.85144516052446,73.85144516052446,0.011198448220154842,369.34836087417534,0.025601447908799393,844.3895649847364,0.11864791352227286,0.21577663819594628,True
67,186.29614934454662,136.90433827714833,138.90433827714833,88.90433827714833,91.90433827714833,0.006298599445336836,207.74104904563137,0.00811445916389868,267.6319194093632,0.04423566656409568,0.18343702704561168,True
68,186.52947000098226,132.9571996676391,137.9571996676391,84.95719966763909,89.95719966763909,0.016032510766882526,528.7859046209663,0.008803227894284935,290.34895989464155,0.04630595587983121,0.19011005662274266,True
69,186.76283836293894,136.01002931795733,140.01002931795733,88.01002931795733,94.01002931795733,0.012588212316245654,415.1857019773004,0.01605381014131553,529.4884027599778,0.088689270589286,0.18101186349428486,True
70,186.99625440604527,140.06282721409752,144.06282721409752,91.06282721409752,95.06282721409752,0.01222904501959121,403.3396095820906,0.006440551599621822,212.42292947022042,0.03504843068199359,0.18376148301928696,True
71,187.22971810592992,136.11559334208778,138.11559334208778,87.11559334208778,91.11559334208778,0.0063348328448871675,208.93610272358006,0.01316197584811933,434.10962928050577,0.0702980611421723,0.18723099377520908,True
72,187.4632294382215,127.168327687991,129.168327687991,77.168327687991,82.168327687991,0.006777076717938388,223.52223523113,0.020488282694890808,675.7466286145866,0.09912291215772553,0.20669573006783348,True
73,187.6967883785487,138.22103023790328,140.22103023790328,87.22103023790328,91.22103023790328,0.00623902797208159,205.7762566414405,0.013234732653374982,436.509301648973,0.06845472985193632,0.19333554718572338,True
74,187.93039490254014,133.2737009779553,135.2737009779553,83.27370097795529,86.27370097795529,0.0064689139924073045,213.35838080060512,0.008901648182867462,293.59506788657706,0.0445559676235572,0.19978576737633386,True
75,188.16404898582445,150.32633989431156,152.32633989431156,101.32633989431156,103.32633989431156,0.005739923453827459,189.31474053688962,0.002748766923986899,90.66011092255357,0.016175083553125094,0.16993834467432012,True
76,188.3977506040303,137.37894697317074,139.37894697317074,88.37894697317074,91.37894697317074,0.006276995911026172,207.02851907452592,0.008220330463437254,271.1237774042785,0.04385083778945741,0.18746119522062082,True
77,188.63149973278635,137.43152220076513,140.43152220076513,88.43152220076513,91.43152220076513,0.009378246589653685,309.31428512820486,0.005110602872002315,168.55842494816739,0.027051111025337225,0.18892395462853656,True
78,188.86529634772123,127.48406556336181,131.4840655633618,75.48406556336181,80.48406556336181,0.013417219251441254,442.5280932308258,0.014437403743638708,476.17592215985667,0.06551083567367115,0.22038191995528322,True
79,189.09914042446354,128.53657704726083,131.53657704726083,77.53657704726083,80.53657704726083,0.010019805716651347,330.4742536615217,0.0064667370309744055,213.28658003668494,0.02989890694461435,0.216286737269479,True
80,189.333031938642,121.58905663879727,123.58905663879727,70.58905663879727,73.58905663879727,0.007085528303316054,233.69561686656397,0.010990329333878921,362.4841625493911,0.04764691146128072,0.23066194632174605,True
81,189.5669708658852,118.64150432433985,120.64150432433985,64.64150432433985,68.64150432433985,0.007260099214394798,239.45333245319313,0.018815238884061114,620.5661270796975,0.07398324402359199,0.25431757058478344,True
82,189.8009571818218,125.69392009029116,127.69392009029116,70.69392009029116,75.69392009029116,0.006855948585189182,226.12359519774893,0.02282298413569722,752.7499895570814,0.09568554328794371,0.23852071432584837,True
83,190.03499086208046,126.74630392308791,128.7463039230879,73.74630392308791,76.74630392308791,0.006799466438795059,224.2606952870472,0.010517743860260349,346.89730027861543,0.04574201497243352,0.22993617282926604,True
84,190.2690718822898,129.79865580920114,132.79865580920114,76.79865580920114,79.79865580920114,0.009923484168690648,327.2973665467411,0.00671847291605002,221.5893586626151,0.029918741125631042,0.2245573397569987,True
85,190.5032002180785,135.85097573513553,138.85097573513553,81.85097573513553,83.85097573513553,0.009486173937177544,312.87395590738396,0.0009980857704942978,32.91896663686231,0.004546262253487652,0.21953985820519248,True
86,190.73737584507518,150.90326368743013,155.90326368743013,95.90326368743013,98.90326368743013,0.01415657416934094,466.9135725099124,-0.0007793380592708583,-25.704207324054835,-0.003950918334067821,0.19725491477533544,True
87,190.97159873890848,149.9555196526578,152.9555196526578,93.95551965265781,96.95551965265781,0.008602697676068874,283.7350517934691,0.005047541810358099,166.47853858396945,0.025172714819964383,0.2005163863515791,True
88,191.20586887520705,147.0077436174256,150.0077436174256,90.0077436174256,92.0077436174256,0.008773466778941454,289.36737575424985,0.0007710388750827701,25.430482785064953,0.0036254356926830036,0.2126748177160916,True
89,191.44018622959956,135.05993556837439,138.05993556837439,78.05993556837439,79.05993556837439,0.009541128170172655,314.6864620225893,-0.00401286057427447,-132.3525765701476,-0.016712955793910036,0.24010478001364063,True
90,191.67455077771461,133.1120954921796,136.1120954921796,74.1120954921796,76.1120954921796,0.009679199859566365,319.24035655852265,0.001885386136806633,62.18399777847026,0.007440774605094446,0.25338573426424893,True
91,191.9089624951809,135.1642233755499,137.1642233755499,73.16422337554991,77.16422337554991,0.006379095467804609,210.39597706519865,0.016738127087797473,552.0586140546666,0.06482773453183399,0.25819392284297904,True
92,192.14342135762703,155.21631920522873,159.21631920522873,94.21631920522873,98.21631920522873,0.011050199215294322,364.45879708194275,0.007007321648561627,231.11619700631832,0.032850784992024436,0.2133075861128699,True
93,192.37792734068165,139.26838296799315,141.26838296799315,74.26838296799315,79.26838296799315,0.006192440957281839,204.2397189697888,0.022103589750969446,729.0228506180388,0.08436588646359704,0.26199676999194343,True
94,192.61248041997345,159.32041465065458,162.32041465065458,93.32041465065458,97.32041465065458,0.008101715397709156,267.21160321367887,0.010125575425706471,333.9627609887545,0.04456052094118416,0.2272319805029055,True
95,192.84708057113102,157.37241424005856,160.37241424005856,91.37241424005856,96.37241424005856,0.008201059750824144,270.48818879623195,0.01493657896341448,492.6397701492026,0.06532644374242447,0.2286452178892195,True
96,193.08172776978301,173.42438172308402,176.42438172308402,106.42438172308402,109.42438172308402,0.00744844926262812,245.66551294623181,0.004624516345435394,152.52626957262274,0.02204704308847582,0.20975676088974804,True
97,193.31642199155812,156.4763170866447,159.4763170866447,87.47631708664471,90.47631708664471,0.008247581830379328,272.0225847670272,0.006396841974115566,210.98129414559548,0.02565307006497139,0.24935970462460516,True
98,193.55116321208493,151.52822031768778,154.52822031768778,82.52822031768778,85.52822031768778,0.00851428039250485,280.81886393285606,0.0069926750208877935,230.6331204391625,0.02685413674859132,0.26039470515672436,True
99,193.7859514069921,170.58009140319518,172.58009140319518,99.58009140319518,103.58009140319518,0.005062351882211358,166.9670058837141,0.012041417466018334,397.15125848160073,0.05287466338424489,0.22773511347982078,True
100,194.0207865519083,182.63193033018229,184.63193033018229,110.63193033018229,112.63193033018229,0.004730100851804743,156.00866852599208,0.0030509363114751397,100.62629246673109,0.014113548180687902,0.21617075114037237,True
101,194.25566862246217,170.6837370856988,173.6837370856988,98.6837370856988,103.6837370856988,0.007567012012351619,249.57596164503408,0.013898042561325338,458.3866566571543,0.0601653286357126,0.2309975342356198,True
102,194.49059759428232,170.73551165682852,176.73551165682852,98.73551165682852,104.73551165682852,0.014999961153009523,494.7302479882134,0.010620616457319985,350.290254762654,0.045672179597104526,0.23254017108465957,True
103,194.72557344299744,166.78725403068916,171.78725403068916,94.78725403068916,98.78725403068916,0.012828079112446223,423.09701310390534,0.005122892472611379,168.96376180837507,0.021094755844853697,0.24285147030327758,True
104,194.96059614423615,169.8389641944325,172.8389641944325,94.83896419443249,99.83896419443249,0.0076043224541811885,250.80653844124063,0.014708942120375195,485.13182858460164,0.05986641445643958,0.24569605936693967,True
105,195.19566567362713,162.89064213524466,166.89064213524466,86.89064213524466,91.89064213524466,0.010535850325453903,347.4944895595757,0.01376242933952776,453.9138475501164,0.05173030495730966,0.26604191393971444,True
106,195.43078200679898,158.94228784034544,163.94228784034544,81.94228784034544,87.94228784034544,0.013451531411418445,443.6597803893036,0.017238142947299466,568.5501881091653,0.0617605986885575,0.2791123032052668,True
107,195.66594511938035,153.99390129698872,157.99390129698872,76.99390129698872,80.99390129698872,0.011136801550580316,367.31512413341653,0.010859190945186916,358.15894284404845,0.03673391212310703,0.29561760012912075,True
108,195.9011549869999,173.04548249246295,175.04548249246295,94.04548249246295,99.04548249246295,0.004990641006983824,164.60183048606635,0.017506092058496125,577.3877130119515,0.06836467059371464,0.2560692812012995,True
109,196.13641158528628,159.09703141409,161.09703141409,82.09703141409,84.09703141409,0.005425461374554789,178.9431201790433,0.005027750760648806,165.82578816476845,0.017652333293969924,0.2848207473153873,True
110,196.37171488986812,175.14854804922606,178.14854804922606,96.14854804922606,100.14854804922606,0.007375745660180974,243.2675953182187,0.010326181335251377,340.5791655490517,0.04044712962672253,0.25530072048497343,True
111,196.6070648763741,166.2000323852617,171.2000323852617,88.2000323852617,92.2000323852617,0.012872738421506715,424.56997098833597,0.006389590582119837,210.74212799551606,0.02349394348268455,0.27196756418644996,True
112,196.8424615204328,183.2514844096213,186.2514844096213,104.2514844096213,107.2514844096213,0.007052241442076318,232.59774621557372,0.005268822795274258,173.77685058797633,0.021742270786796386,0.24233084239176622,True
113,197.07790479767291,177.30290410976295,180.30290410976295,99.30290410976295,103.30290410976295,0.0072868727609065025,240.33638029379387,0.009863708455655268,325.32583788529956,0.039962834129786726,0.2468220452939109,True
114,197.3133946837231,162.3542914731795,164.3542914731795,82.3542914731795,88.3542914731795,0.005317275758552632,175.37493116258267,0.025224137663122412,831.9450799951991,0.0893948425885115,0.282165468753385,True
115,197.54893115421194,155.40564648739723,157.40564648739723,76.40564648739723,80.40564648739723,0.005553513054978102,183.16653375757934,0.01660758034926813,547.7529082153073,0.055351673086252114,0.3000375494231088,True
116,197.78451418476814,156.45696913997676,159.45696913997676,77.45696913997676,81.45696913997676,0.008248592126841018,272.0559064679259,0.013619155431798773,449.18837291868505,0.04562151550057359,0.2985248359762959,True
117,198.02014375102033,173.50825941851326,175.50825941851326,95.50825941851326,97.50825941851326,0.004977406079649562,164.16531476343258,0.004023067630981395,132.68922675506056,0.015637671594336933,0.25726768890825913,True
118,198.25581982859714,191.55951731063487,195.55951731063487,112.55951731063487,116.55951731063487,0.00897522260474149,296.0217069697072,0.006190295642183931,204.1689619685156,0.027171111932344724,0.22782636417668833,True
119,198.49154239312722,177.61074280400499,179.61074280400499,98.61074280400499,102.61074280400499,0.004863078368044597,160.3945465236161,0.012405522912913556,409.1602214514943,0.049752993986224715,0.24934223890824173,True
120,198.72731142023923,179.6619358863204,180.6619358863204,98.6619358863204,103.6619358863204,0.002410584648623459,79.50614863897756,0.019059097698753365,628.6091033671795,0.07600021452443415,0.25077689343397636,True
121,198.9631268855618,177.71309654531183,179.71309654531183,97.71309654531183,99.71309654531183,0.0048602930956275145,160.3026823847985,0.003939133817620026,129.9209131657594,0.015279977763071344,0.2577970909840017,True
122,199.19898876472357,172.7642247687445,176.7642247687445,94.7642247687445,94.7642247687445,0.00994055718392648,327.86047047583594,-0.00994055718392648,-327.86047047583594,-0.03740149426723827,0.26577968016197373,True
123,199.4348970333532,168.81532054441777,173.81532054441777,88.81532054441777,91.81532054441777,0.01267619594208194,418.08758689452594,0.001751071260682342,57.75401084079459,0.00629772026438944,0.27804843453968614,True
124,199.67085166707932,163.86638386016443,167.86638386016443,83.86638386016443,86.86638386016443,0.010473865081321868,345.45008591824364,0.004789960099104887,157.98295232307015,0.01660258003464655,0.2885069723566527,True
125,199.9068526415306,175.91741470385227,180.91741470385227,94.91741470385227,98.91741470385227,0.012171539109178552,401.44294378215716,0.005755317361182849,189.82246395868742,0.021711192255973576,0.265085274605283,True
126,200.14289993233567,179.9684130633823,184.9684130633823,98.96841306338229,101.96841306338229,0.01190128342094418,392.52934312035876,0.0010677704950986175,35.21731532808997,0.004120028623231731,0.2591657953728155,True
127,200.37899351512317,180.01937892669002,183.01937892669002,97.01937892669002,100.01937892669002,0.007177818209786453,236.73953197068735,0.006047845099720256,199.47064365420655,0.02278449726594001,0.2654368463402979,True
128,200.61513336552173,186.07031228174492,192.07031228174492,105.07031228174492,109.07031228174492,0.013783155978045195,454.5974556547705,0.0024433775624352963,80.58772786554317,0.009893203180686705,0.24697537469009073,True
129,200.85131945916004,181.12121311655096,186.12121311655096,98.12121311655096,104.12121311655096,0.011826556209253467,390.06468260596824,0.013949754278730363,460.09221779259445,0.05381195010196581,0.259231532258125,True
130,201.0875517716667,176.17208141914534,181.17208141914534,92.17208141914534,97.17208141914534,0.012154188380473253,400.8706802790996,0.010787922218482366,355.8083504340626,0.03909464526311463,0.2759437295281114,True
131,201.32383027867039,168.22291717760004,172.22291717760004,82.22291717760004,88.22291717760004,0.010205781335911834,336.60812049610615,0.0203827517158634,672.2659951054665,0.06778413869744473,0.30070090300685304,True
132,201.56015495579976,178.27372038002068,180.27372038002068,94.27372038002068,96.27372038002068,0.004845093696862048,159.80137426514366,0.004272014979354875,140.90003357919088,0.015559456915286625,0.27456067410410506,True
133,201.7965257786834,182.32449101454745,185.32449101454745,97.32449101454745,101.32449101454745,0.007087806184748716,233.7707461842051,0.010404483501288666,343.161735572166,0.038906809918442746,0.2674206269570483,True
134,202.03294272295,180.3752290693542,184.3752290693542,95.37522906935419,98.37522906935419,0.009525677255145764,314.17685836795823,0.003924485339875848,129.43777557939472,0.014282330521006716,0.2747790589290482,True
135,202.2694057642282,178.42593453264908,181.42593453264908,92.42593453264908,94.42593453264908,0.007241388711009139,238.83622072299949,0.002056052533763825,67.81293428227895,0.007223442526968149,0.2846361033659112,True
136,202.50591487814663,185.47660739267394,187.47660739267394,99.47660739267394,101.47660739267394,0.00465794236739355,153.6287300366153,0.003987031492626497,131.50067916597038,0.014845151281929635,0.26857466231952376,True
137,202.74247004033396,185.52724763770516,189.52724763770516,97.52724763770516,101.52724763770516,0.009263954006308752,305.54467549224205,0.008192690831019261,270.21216423001954,0.029771532858411852,0.2751853883366453,True
138,202.97907122641882,194.57785525605323,198.57785525605323,106.57785525605323,111.57785525605323,0.0088374037282839,291.4761507358072,0.011073629071430053,365.23156298567517,0.04327502233890591,0.2558896211469875,True
139,203.21571841202984,188.62843023606206,190.62843023606206,99.62843023606206,102.62843023606206,0.004580521045989832,151.07521212100716,0.00830387756472872,273.879336416665,0.03040912238778916,0.27307192423491833,True
140,203.4524115727957,183.6789725661106,186.6789725661106,95.67897256611059,98.67897256611059,0.007035960534554749,232.0607676638657,0.006372155418405111,210.1670796483694,0.02275307736900912,0.280056860663794,True
141,203.689150684345,191.72948223461094,195.72948223461094,101.72948223461094,106.72948223461094,0.00896734780191919,295.7619794201893,0.01187022067752353,391.5048285500254,0.04407691838824281,0.26930695501366586,True
142,203.92593572230646,189.7799592300098,192.7799592300098,98.77995923000981,104.77995923000981,0.006811535087685681,224.6587446951513,0.018797847463002608,619.9925214572978,0.0685595973252648,0.2741825826925538,True
143,204.16276666230863,207.8304035407882,210.8304035407882,116.83040354078821,122.83040354078821,0.006224159148513818,205.28585158665805,0.015525842729692416,512.0749277637715,0.06405307405475122,0.24239028272743401,True
144,204.39964347998023,196.88081515546037,200.88081515546037,107.88081515546037,110.88081515546037,0.008735063205038657,288.10074516455984,0.0031771274949958708,104.78834294674931,0.012235221478932384,0.2596706157274318,True
145,204.63656615094988,208.9311940625753,211.9311940625753,118.93119406257529,119.93119406257529,0.006191598728288088,204.21194048725204,-0.0025552202878510585,-84.27653603752412,-0.010387702786138008,0.24598511725430788,True
146,204.87353465084618,214.98154025071608,217.98154025071608,124.98154025071608,125.98154025071608,0.006018546873397067,198.50432656667343,-0.0025575056752140143,-84.35191291652337,-0.01079872455378942,0.2368340503987159,True
147,205.11054895529784,204.0318537084995,209.0318537084995,114.03185370849951,118.03185370849951,0.010514496610394974,346.7901991524999,0.004458546932571991,147.05224947705108,0.017802675744150682,0.25044251755452596,True
148,205.3476090399335,202.08213442457668,207.08213442457668,111.08213442457668,115.08213442457668,0.01061471234209241,350.0955246322959,0.0047489797424183095,156.63133402090352,0.0184419798471666,0.2575092143996641,True
149,205.58471488038177,198.1323823876328,202.1323823876328,107.13238238763279,111.13238238763279,0.008680433119830223,286.2989301247013,0.0072394286954239224,238.77157528914518,0.02748297978977428,0.2634149845031553,True
150,205.8218664522713,182.18259758638692,185.18259758638692,91.18259758638692,95.18259758638692,0.007093281705177906,233.95134035722765,0.011552310947221332,381.0194974144366,0.03918444803742792,0.294818774432828,True
151,206.05906373123076,179.23278000959272,183.23278000959272,87.23278000959272,91.23278000959272,0.0095857297571925,316.15751611279074,0.009885465791733463,326.0434405619819,0.032117045286328826,0.3077949949505904,True
152,206.2963066928888,188.28292964603702,194.28292964603702,98.28292964603702,101.28292964603702,0.013623696471566143,449.3381459552496,-0.000565535065495346,-18.652535186226658,-0.002001075040123888,0.28261562118146916,True
153,206.53359531287404,202.33304648454146,206.33304648454146,110.33304648454146,114.33304648454146,0.008501969880923521,280.41283738482923,0.0069641958881053005,229.69381877829488,0.02679782847644462,0.25987911275075337,True
154,206.7709295668151,217.38313051396176,220.38313051396176,123.38313051396176,127.38313051396176,0.005952509172797597,196.32626439298625,0.007903623447379127,260.6781143125039,0.032657139338507286,0.24201824187520496,True
155,207.00830943034072,208.43318172318754,209.43318172318754,112.43318172318754,117.43318172318754,0.002078632543613004,68.55767046914694,0.016817694382699297,554.6829106869704,0.06476726121833752,0.2596635100256132,True
156,207.24573487907944,212.48320010114207,215.48320010114207,118.48320010114207,121.48320010114207,0.006088818123875053,200.8220201140624,0.004770629936307354,157.3454029229801,0.018985125446585212,0.2512825079681225,True
157,207.48320588865994,208.53318563678317,211.53318563678317,115.53318563678317,119.53318563678317,0.006203332074966065,204.59893092359474,0.00857841335215138,282.9341037462458,0.03401712981621407,0.25217922260044784,True
158,207.7207224347109,214.583138319103,218.583138319103,119.583138319103,124.583138319103,0.008021064435816929,264.5515649662182,0.009768255578981429,322.177601375463,0.03922340200435255,0.2490415180686638,True
159,207.9582844928609,207.63305813712714,211.63305813712714,111.63305813712714,117.63305813712714,0.00828700707964167,273.3229123575852,0.014449558348269564,476.5768065689484,0.05509234023161432,0.2622788991631507,True
160,208.19589203873866,203.68294507991573,208.68294507991573,107.68294507991573,111.68294507991573,0.010532291282515843,347.37710484254967,0.0053076416953303195,175.05717950719566,0.019360079516119986,0.27415392023111074,True
161,208.43354504797279,201.73279913656256,205.73279913656256,103.73279913656256,108.73279913656256,0.008527020399579147,281.2390561450188,0.011917450830497025,393.06257827049126,0.04212576723231989,0.28290169208725235,True
162,208.67124349619192,195.782620296196,200.782620296196,98.782620296196,103.782620296196,0.0109519809774101,361.2193531467379,0.010492108533236542,346.0517933092055,0.03595064916174502,0.2918475403888162,True
163,208.9089873590247,188.83240854797805,193.83240854797805,91.83240854797805,96.83240854797805,0.011349859729400764,374.3422307084632,0.011674899635325612,385.06273002335666,0.037998898396915,0.3072431077705521,True
164,209.1467766120998,216.88216388110482,221.88216388110482,118.88216388110482,122.88216388110482,0.009898554990323317,326.4751498443106,0.004473593956833749,147.54853196529,0.017281214876723492,0.25887033919469093,True
165,209.38461123104585,213.93188628480698,218.93188628480698,116.93188628480698,119.93188628480698,0.010033498440690368,330.92586848174403,0.0009682103108863884,31.933611182283812,0.003697456678776411,0.26185845974719996,True
166,209.6224911914915,202.98157574834863,207.98157574834863,104.98157574834863,109.98157574834863,0.010568244646694865,348.5629223653324,0.009638605910499382,317.9014827918596,0.03423721619540123,0.2815242295252395,True
167,209.86041646906537,200.03123226102844,205.03123226102844,101.03123226102844,105.03123226102844,0.01072221150072381,353.64107284177027,0.006140599261210527,202.52987086472598,0.020916852339715287,0.2935718606929799,True
168,210.09838703939613,203.0808558121787,207.0808558121787,103.0808558121787,108.0808558121787,0.008470966225116389,279.3902716481889,0.012099793104819586,399.07660975191516,0.04194892560526719,0.288441072810225,True
169,210.3364028781124,209.1304463911663,213.1304463911663,109.13044639116629,114.13044639116629,0.008228230089788614,271.38432368596256,0.011227354147266978,370.30173910913476,0.04055280363371247,0.27685765572897214,True
170,210.57446396084288,230.1800039873915,233.1800039873915,128.1800039873915,133.1800039873915,0.005623712140467648,185.48184715196243,0.010995030660804664,362.6392221933541,0.044201164327510374,0.24874979716227666,True
171,210.81257026321617,214.2295285902892,217.2295285902892,112.22952859028919,116.22952859028919,0.006039527603700437,199.19631515251572,0.00916981006160655,302.43961031013896,0.03320141964117243,0.27618728839640483,True
172,211.0507217608609,231.27902018932832,235.27902018932832,129.27902018932832,135.27902018932832,0.007446964116300396,245.6165296986408,0.012255433030486988,404.2099416477015,0.04972172039675247,0.24648047035973922,True
173,211.28891842940578,206.32847877401173,211.32847877401173,105.32847877401173,110.32847877401173,0.010398850617373325,342.9759512206002,0.009742967631496407,321.34355171341656,0.03393084844738709,0.2871418805398803,True
174,211.52716024447938,208.3779043338759,212.3779043338759,105.3779043338759,110.3779043338759,0.008257665032905025,272.355149980708,0.01187492169327851,391.6598779309227,0.04092477077109891,0.2901646477068256,True
175,211.7654471817104,210.42729685849213,215.42729685849213,107.42729685849213,113.42729685849213,0.010198655744914025,336.3731035273656,0.013404278650485763,442.1012850108229,0.046985523493426086,0.28528528903931877,True
176,212.00377921672748,216.47665633746556,220.47665633746556,113.47665633746556,118.47665633746556,0.007951542672815788,262.25859109120046,0.010774715755253132,355.3727735174428,0.03916409598268105,0.275117182840576,True
177,212.24215632515921,197.52598276043523,204.52598276043523,95.52598276043523,100.52598276043523,0.015124256911255447,498.82978335858013,0.007032556271298096,231.9484879060716,0.022541224225982967,0.3119864387486001,True
178,212.48057848263431,218.57527611707405,223.57527611707405,113.57527611707405,118.57527611707405,0.009822740094501332,323.9746152210135,0.008887603221154077,293.13183552746835,0.03175579451589982,0.2798734327589927,True
179,212.71904566478136,214.6245363970895,219.6245363970895,110.62453639708951,114.62453639708951,0.010001487691332592,329.8700866829436,0.0054246407934221905,178.9160556884699,0.01902611102287687,0.28511558599125375,True
180,212.95755784722905,227.67376359022273,230.67376359022273,121.67376359022273,126.67376359022273,0.005685214708229085,187.51033111203068,0.011804517531175798,389.3378006787767,0.044342247254101595,0.2662137862235635,True
181,213.19611500560603,208.72295768624917,214.72295768624917,105.72295768624917,108.72295768624917,0.012308260429766906,405.95230031648265,-0.00015630642295376591,-5.15531437723439,-0.0005289932157672659,0.2954790690974267,True
182,213.4347171155409,218.77211867497817,221.77211867497817,111.77211867497817,113.77211867497817,0.005914972778058614,195.08823519488567,0.0017873896607727919,58.95186801522311,0.0061472010831388636,0.29076479467629857,True
183,213.67336415266234,222.82124654625318,226.82124654625318,115.82124654625318,118.82124654625318,0.007727133365263395,254.85710043107412,0.003378736063313464,111.4378173009078,0.011961016935670673,0.282478996684408,True
184,213.91205609259902,224.87034128995174,228.87034128995174,118.87034128995174,122.87034128995174,0.0076573382020589985,252.55510924267955,0.0067162167729080255,221.51494631949302,0.024556500899493537,0.2735005610284869,True
185,214.1507929109795,222.91940289598506,226.91940289598506,115.91940289598506,119.91940289598506,0.007723761014156592,254.74587320305974,0.007009560981446032,231.19005491181073,0.024990684420141476,0.28048695520306,True
186,214.38957458343248,227.96843135429936,233.96843135429936,121.96843135429936,127.96843135429936,0.011282552465788078,372.12229567804275,0.009572855547024072,315.73289760049533,0.03587477605384916,0.2668408447387913,True
187,214.62840108558663,227.0174266548736,233.0174266548736,121.01742665487359,126.01742665487359,0.01132920534356235,373.66100564903485,0.006253487746994892,206.25317041179886,0.02315381611356264,0.270084538821738,True
188,214.86727239307055,233.0663887877222,239.0663887877222,125.06638878772219,131.0663887877222,0.011038874259284473,364.0852762282514,0.00931184936693119,307.124365159203,0.03504870627150493,0.2656831123750165,True
189,215.1061884815129,232.11531774289233,238.11531774289233,124.11531774289233,130.11531774289233,0.011083532732303438,365.5582065382753,0.009419510441960698,310.6752537118268,0.03525679376977447,0.2671686626829923,True
190,215.34514932654236,219.16421351046597,225.16421351046597,112.16421351046597,116.16421351046597,0.011729725731203122,386.87100990708575,0.003488315207397374,115.05196780263043,0.012063150100056484,0.28917116826566225,True
191,215.5841549037875,215.21307608055918,220.21307608055918,104.21307608055918,109.21307608055918,0.009974448476661677,328.97827654803103,0.010377975826592641,342.2874567428956,0.033503555008652375,0.30975745182600783,True
192,215.823205188877,241.26190544332167,244.26190544332167,130.26190544332167,136.26190544332167,0.005366987149490048,177.01451732653567,0.014190043881393697,468.0174739650593,0.05445638615334396,0.2605763048880235,True
193,216.06230015743955,227.3107015889375,231.3107015889375,115.31070158893749,123.31070158893749,0.007575843457883219,249.86724128191946,0.02155531072581269,710.9394559135058,0.07590630144030461,0.2839726125078633,True
194,216.30143978510375,217.35946450762435,222.35946450762435,105.35946450762435,112.35946450762435,0.009877064015400094,325.76633231839713,0.018059042075481396,595.6251668451785,0.05911781229700001,0.3054754797886494,True
195,216.54062404749823,205.40819418963451,209.40819418963451,95.40819418963451,98.40819418963451,0.008375907136402162,276.25502309298264,0.005069679405194517,167.20868299378253,0.015339550999595133,0.33049724893044946,True
196,216.77985292025167,233.4568906252539,238.4568906252539,122.45689062525389,126.45689062525389,0.009203179715567571,303.5402116391034,0.0047560914653822246,156.86589359273648,0.01711776068687499,0.2778454233811639,True
197,217.01912637899272,213.50555380480273,220.50555380480273,103.50555380480273,106.50555380480273,0.01401035580558431,462.09098352959114,-0.0016017542459408115,-52.82922183778322,-0.005080959669513762,0.31524640031124207,True
198,217.25844439934997,233.55418371863493,239.55418371863493,120.55418371863493,125.55418371863493,0.01101610871412979,363.3344206970221,0.006632793390809081,218.76346782612734,0.02336404066837161,0.28388896787823314,True
199,217.49780695695213,214.60278035713895,217.60278035713895,102.60278035713895,106.60278035713895,0.006029095822965792,198.85225309681005,0.01058030649208572,348.96074737971344,0.0335684466552384,0.31518606150441725,True
200,217.73721402742783,218.6513437107369,222.6513437107369,106.65134371073691,111.65134371073691,0.007873169837839618,259.6736902579393,0.01202445274519494,396.5917263298575,0.03932469327559226,0.30577359271250015,True
201,217.97666558640566,245.69987376988502,250.69987376988502,131.69987376988502,137.69987376988502,0.008749181928115276,288.5664103284707,0.010599001504599975,349.57734818840714,0.039917891513326004,0.26552007390123933,True
202,218.21616160951436,236.74837052507337,241.74837052507337,123.74837052507337,127.74837052507337,0.009076556902501889,299.3639251094292,0.004739323355721921,156.31284609041876,0.016963848035403836,0.2793778478698272,True
203,218.45570207238248,223.79683396682663,228.79683396682663,109.79683396682663,113.79683396682663,0.009596072192707803,316.49863137536335,0.00594428992939117,196.0551764690071,0.01940726624680336,0.3062919760978843,True
204,218.69528695063875,240.84526408570264,245.84526408570264,125.84526408570264,129.84526408570264,0.00892373565569926,294.3235591673239,0.004665501889974765,153.87805898107905,0.01668822548170037,0.2795684834850035,True
205,218.93491621991174,234.89366087229428,239.89366087229428,120.89366087229428,123.89366087229428,0.009147475466984176,301.7029684333014,0.0014980814396664613,49.409874771844216,0.005206756807781186,0.28771872683349997,True
206,219.17458985583013,220.9420243172276,224.9420243172276,104.9420243172276,109.9420243172276,0.007792270374347834,257.0054559053874,0.012422021390471959,409.7043759203383,0.039171620863123084,0.3171178806687136,True
207,219.41430783402257,211.99035441116303,216.99035441116303,95.99035441116303,99.99035441116303,0.010124328229578509,333.921625838911,0.007606184330236918,250.8679470271283,0.022352366649567277,0.34028541359776626,True
208,219.6540701301177,222.03865114479504,229.03865114479504,107.03865114479504,111.03865114479504,0.013480196985774037,444.60523128514285,0.002453352847932128,80.91673374877575,0.007772105836700938,0.3156612762974821,True
209,219.89387671974418,216.08691450885203,223.08691450885203,98.08691450885203,104.08691450885203,0.013845628571542326,456.6579331025471,0.011939432910406455,393.7875934711278,0.035423572599209634,0.3370476785470488,True
210,220.13372757853062,223.1351444940965,228.1351444940965,105.1351444940965,110.1351444940965,0.009624215587317336,317.42685968558203,0.010553794407844878,348.08632311438623,0.03282232541843978,0.32154316530893,True
211,220.3736226821057,217.18334109132502,221.18334109132502,99.18334109132502,103.18334109132502,0.00792590410746384,261.4129773149217,0.009244948323769231,304.91782813310226,0.02753395979690976,0.33576530190208337,True
212,220.61356200609805,236.23150429136786,240.23150429136786,117.23150429136786,121.23150429136786,0.007292145286171634,240.51027925962012,0.0072790110153944905,240.07708340181506,0.024210593202946745,0.3006539721839009,True
213,220.8535455261363,232.27963408508958,238.27963408508958,114.27963408508958,118.27963408508958,0.011075791292809318,365.3028775916437,0.0038653398772354845,127.48703390073558,0.012627306029339024,0.3061096221359114,True
214,221.0935732178491,246.3277304633889,253.3277304633889,127.32773046338889,132.3277304633889,0.012169426838488826,401.3732766549236,0.004558439071186743,150.34690217680367,0.016033279270687484,0.2843110878459291,True
215,221.33364505686512,234.3757934171981,239.3757934171981,114.37579341719811,120.37579341719811,0.009167475531994375,302.3626126164659,0.013037567361746565,430.006375899567,0.042737735836808684,0.3050598518257889,True
216,221.573761018813,254.42382293748415,258.42382293748415,134.42382293748415,139.42382293748415,0.00677477285549643,223.44624900519153,0.009085971534610444,299.67443946545126,0.03333829901070708,0.2725385458835903,True
217,221.81392107932135,255.47181901524687,261.47181901524687,137.47181901524687,140.47181901524687,0.010081887931963802,332.5218556162125,-0.0007063609067828464,-23.297267440705582,-0.002621175411790496,0.26948250147834973,True
218,222.05412521401888,245.51978164152138,250.51978164152138,126.51978164152138,128.51978164152138,0.008755535314458482,288.7759583645673,-0.0019439900144564773,-64.11687684575784,-0.006728936222860452,0.2889000504793152,True
219,222.29437339853416,230.56771080737622,237.56771080737622,111.56771080737622,116.56771080737622,0.01298892516774202,428.4020540978581,0.006050820442324561,199.56877670731672,0.019379086455655566,0.3122345553372924,True
220,222.53466560849589,244.61560650391357,250.61560650391357,123.61560650391357,127.61560650391357,0.010523950556606532,347.1020101702754,0.0033065342699449447,109.0564503910852,0.011217808724103264,0.2947575904766788,True
221,222.7750018195327,242.66346872227018,248.66346872227018,121.66346872227018,126.66346872227018,0.010607586256689701,349.86049135704246,0.006883596515344153,227.0354820488148,0.023223821112359138,0.2964024086320952,True
222,223.0153820072732,255.71129745361645,259.71129745361645,134.71129745361645,138.71129745361645,0.006740926071893402,222.3299109377313,0.005966888902104391,196.8005380909902,0.021669217612393682,0.27536245234307105,True
223,223.25580614734608,255.75909268915734,260.75909268915734,133.75909268915734,137.75909268915734,0.008408378646412548,277.32600174660183,0.00438858090520574,144.74462282945052,0.015712026994438542,0.27931347793375927,True
224,223.49627421537997,245.806854420131,251.806854420131,123.806854420131,127.806854420131,0.01047355864773278,345.43997909436763,0.0033358979327590757,110.02492571163378,0.011263024917569392,0.29618135067386286,True
225,223.73678618700353,231.85458263780993,237.85458263780993,108.85458263780993,113.85458263780993,0.011095838986973448,365.9640926844189,0.008407959633383314,277.3121818161535,0.02593728490262945,0.3241649873896762,True
226,223.97734203784537,239.9022773335007,244.9022773335007,115.9022773335007,119.9022773335007,0.008958452986784708,295.46860972060125,0.005777009466520955,190.53791518844963,0.018453721645873195,0.31305389651918086,True
227,224.21794174353417,237.94993849854404,243.94993849854404,114.94993849854404,118.94993849854404,0.010815116074306136,356.7052609592442,0.004040362507376976,133.25964813154485,0.012869172286321466,0.3139566723861054,True
228,224.45858527969855,234.99756612431406,238.99756612431406,110.99756612431406,114.99756612431406,0.007330113956710214,241.76256582221336,0.00804507884144013,265.3436105407411,0.025005888896936442,0.32172736888492537,True
229,224.69927262196717,244.04516020221945,249.04516020221945,118.04516020221945,122.04516020221945,0.008807906987689263,290.5032862303347,0.005664468910425215,186.82609109383827,0.01812109445461209,0.3125897789790243,True
230,224.94000374596868,247.09272072370277,251.09272072370277,120.09272072370277,126.09272072370277,0.00697417112096119,230.0228229253185,0.01419916058853644,468.31816212948564,0.046365561754415155,0.30624368715179706,True
231,225.18077862733173,234.14024768024,237.14024768024,107.14024768024001,112.14024768024001,0.005529195700435001,182.36449629089483,0.014279669260827714,470.9735073668212,0.04296141437435075,0.3323835927839728,True
232,225.42159724168494,239.18774106334195,243.18774106334195,111.18774106334195,116.18774106334195,0.007202761379859575,237.5622101489846,0.011900639788136541,392.5081147574791,0.036423279832214515,0.3267316903627948,True
233,225.66245956465696,239.23520086455278,244.23520086455278,112.23520086455278,116.23520086455278,0.00898317590145873,296.2840234128704,0.006225406399753625,205.32698855420608,0.019120779792589984,0.32558329039311473,True
234,225.90336557187644,249.28262707545105,253.28262707545105,121.28262707545105,123.28262707545105,0.006913389244839877,228.018108890399,0.00018989556307631023,6.2631548211546715,0.0006070859725327149,0.312798469521674,True
235,226.144315238972,248.3300196876487,251.3300196876487,121.3300196876487,123.3300196876487,0.00521514229379242,172.0063548153981,0.001885390465001655,62.184140531439795,0.00607958546863254,0.31011825966248474,True
236,226.38530854157236,274.37737869279226,277.37737869279226,145.37737869279226,149.37737869279226,0.004722736931940799,155.76579097029094,0.007065263337256718,233.02723568999033,0.02594482045250856,0.2723188372102837,True
237,226.6263454553061,256.4247040825617,260.4247040825617,127.42470408256168,132.42470408256168,0.006722316343142421,221.7161229668125,0.009993061084124264,329.5921594649094,0.03345408979200082,0.2987096987619641,True
238,226.86742595580188,262.47199584867167,268.47199584867167,135.47199584867167,139.47199584867167,0.00981601774613469,323.7528980418445,0.002821468849551985,93.05797324347151,0.00987139492321108,0.28582271011341376,True
239,227.10855001868836,259.51925398286994,264.51925398286994,130.51925398286994,136.51925398286994,0.008287705098871612,273.34593449898983,0.011231618489052183,370.4423860646422,0.03834898071791627,0.2928791920616779,True
240,227.34971761959417,266.56647847693876,270.56647847693876,135.56647847693876,142.56647847693876,0.006468454482578278,213.3432252005773,0.015396652970751403,507.8139779635379,0.05384294280691378,0.28595489340107866,True
241,227.59092873414795,264.61366932269425,269.61366932269425,133.61366932269425,140.61366932269425,0.00812963193896998,268.1323494236228,0.014047018558860345,463.3001981958937,0.048481816749065244,0.2897378749555869,True
242,227.83218333797836,257.66082651198644,264.66082651198644,126.66082651198644,132.66082651198644,0.011641268859578039,383.9535163490068,0.008459112236731696,278.99930219477596,0.02780987890364683,0.30417652180507754,True
243,228.07348140671402,258.70795003669923,263.70795003669923,127.70795003669923,130.70795003669923,0.008313448028446928,274.1949904267236,0.0017706217319540928,58.39882647744173,0.005791900261562597,0.30570653015292026,True
244,228.31482291598363,251.7550398887504,254.7550398887504,119.75503988875039,123.75503988875039,0.005144611068311367,169.68008674595364,0.00912448366966544,300.944650630131,0.02868232906568826,0.3181221318801744,True
245,228.55620784141576,254.80209606009203,257.802096060092,124.80209606009203,128.80209606009203,0.0050834477799186935,167.66279293261528,0.008617603375461469,284.22667309046534,0.02819229268555974,0.3056723151812146,True
246,228.7976361586391,252.84911854270968,255.84911854270968,120.84911854270968,125.84911854270968,0.005122481092090932,168.95019361410957,0.012484209900244193,411.75548368973807,0.03971109683680064,0.31437585195770673,True
247,229.0391078432823,252.89610732862343,256.89610732862343,119.89610732862343,124.89610732862343,0.006815379006365468,224.78552521293395,0.010928440730327948,360.442946317556,0.03429360560316631,0.31867284113511035,True
248,229.280622870974,246.9430624098868,250.9430624098868,114.9430624098868,118.9430624098868,0.006978363997762456,230.16111281543985,0.00787798823566392,259.83261114621405,0.024005443783049488,0.3281750717404631,True
249,229.52218121734282,249.98998377858743,254.98998377858743,117.98998377858743,120.98998377858743,0.008600512951115177,283.6629949723145,0.0023037641272267897,75.98298331196594,0.007090128430743383,0.324925584879038,True
250,229.76378285801744,250.03687142684657,256.0368714268466,121.03687142684657,124.03687142684657,0.01029845563448019,339.664713659593,0.0003346584172184419,11.037738034981771,0.0010626808079912166,0.3149190374963542,True
251,230.00542776862648,255.0837253468203,262.0837253468203,125.0837253468203,128.0837253468203,0.011757302357652993,387.7805450120808,-0.0014641589808002085,-48.291040775137276,-0.004719834924824221,0.3102140231852998,True
252,230.2471159247986,279.1305455306974,285.1305455306974,148.13054553069742,152.13054553069742,0.009236380638551103,304.63524786576625,0.0023354197391921606,77.02705193308395,0.0085235842417968,0.2739950322471203,True
253,230.48884730216244,271.1773319707015,277.1773319707015,138.17733197070152,144.17733197070152,0.009504326527192943,313.4726664819206,0.008955855279313467,295.3829318679496,0.03106019668830218,0.28833865313822693,True
254,230.73062187634665,257.22408465908984,263.22408465908984,125.22408465908984,129.22408465908984,0.01001399369127228,330.28256084793566,0.003641605050515362,120.10778903618223,0.011716764300419218,0.3108029620758922,True
255,230.97243962297986,239.2708035881535,244.2708035881535,106.27080358815351,110.27080358815351,0.00898185296119642,296.24039006226565,0.007064721908353416,233.00937822670323,0.02024604064823463,0.34894338261488334,True
256,231.21430051769073,260.31748875021776,265.31748875021776,128.31748875021776,132.31748875021776,0.008262531986958185,272.5156723554732,0.005068866216113773,167.1818623086171,0.016636521224669673,0.3046830612999394,True
257,231.4562045361079,271.36414013764124,275.36414013764124,134.36414013764124,140.36414013764124,0.006354926155738788,209.59882235059266,0.012617866181305604,416.1637487779067,0.04220584696497837,0.2989601462511977,True
258,231.69815165386,269.4107577428174,274.4107577428174,132.4107577428174,138.4107577428174,0.007986199655381285,263.40165122344035,0.011260375690360551,371.3908590099792,0.037179953981912595,0.30286147464944496,True
259,231.9401418465757,247.4573415581724,253.4573415581724,109.4573415581724,115.4573415581724,0.010404532390136235,343.16334802912075,0.012772125099053575,421.2515321297013,0.036715289334436185,0.347869384405866,True
260,232.18217508988363,254.50389157616723,260.50389157616723,118.50389157616723,124.50389157616723,0.010119788009407004,333.7718798343409,0.011330525755442012,373.7045556082653,0.0347246260578471,0.3262965520943754,True
261,232.42425135941244,254.55040778929674,260.55040778929674,119.55040778929674,123.55040778929674,0.01011796010779945,333.71159179716676,0.004175161217714095,137.70559293855484,0.012801935510618789,0.3261351546608663,True
262,232.6663706307908,265.5968901900892,271.5968901900892,129.5968901900892,134.5968901900892,0.009701807247874212,319.9859957445057,0.006738638227930338,222.2544530348967,0.021860306893326995,0.3082590862430825,True
263,232.9085328796473,271.64333877110676,276.64333877110676,134.64333877110676,141.64333877110676,0.007921157657432114,261.2564294160768,0.014090125231948802,464.7219468824039,0.047318959758427453,0.2977691247627092,True
264,233.15073808161063,258.68975352494635,263.68975352494635,121.68975352494635,125.68975352494635,0.008314027243337895,274.2140941513082,0.005731835880091289,189.04799535539865,0.017654926016405326,0.3246592976240822,True
265,233.3929862123094,256.7361344442377,259.7361344442377,116.73613444423768,122.73613444423768,0.005045374854380822,166.40706782100662,0.01672175812003959,551.5187310912668,0.05007701701223736,0.3339208107374543,True
266,233.6352772473723,265.78248152164474,269.78248152164474,126.78248152164474,133.78248152164474,0.006487393126043967,213.96786147014933,0.016852606269542776,555.834378098094,0.05383517491762486,0.3130408008394058,True
267,233.87761116242797,263.8287947498659,267.8287947498659,124.82879474986589,131.8287947498659,0.006535073478778289,215.54045972502442,0.01716043074062656,565.9870761859531,0.05423184447462825,0.316427200787074,True
268,234.119987933105,261.8750741216329,266.8750741216329,124.8750741216329,129.8750741216329,0.008213849755711065,270.91003004134797,0.008836199651227564,291.4364377435799,0.027856844804023832,0.317200304391659,True
269,234.36240753503208,252.9213196297112,256.9213196297112,115.9213196297112,119.9213196297112,0.006814704922143538,224.76329249840367,0.007918377547033797,261.1647355314884,0.02364662297760258,0.3348629338968978,True
270,234.60486994383785,267.96753126690055,271.96753126690055,127.96753126690055,132.96753126690055,0.0064348838578915215,212.23599543464786,0.01021092999602518,336.7779341288683,0.03232566039852713,0.3158769185266336,True
271,234.84737513515094,271.01370902603435,276.01370902603435,132.01370902603435,138.01370902603435,0.007939393211246216,261.8578763110804,0.01136380113119974,374.8020474439171,0.037053014582072885,0.30669032626289505,True
272,235.08992308460003,261.0598528999799,266.0598528999799,121.05985289997989,127.05985289997989,0.008239257668277955,271.7480364039549,0.012768948673929812,421.146766952434,0.03900636994460712,0.3273554727615765,True
273,235.33251376781374,257.10596288163856,262.10596288163856,118.10596288163856,120.10596288163856,0.00836475215770336,275.8871084482935,-0.0010720075053148436,-35.35706083100294,-0.0031680924936768095,0.33837632817048796,True
274,235.57514716042067,257.1520389639452,263.1520389639452,117.15203896394519,121.15203896394519,0.010016767181338279,330.37403638004866,0.004564108795914448,150.53390161579892,0.013457173074533386,0.3391580661581633,True
275,235.81782323804956,252.19808113986892,258.1980811398689,111.19808113986892,115.19808113986892,0.010211232479123445,336.78791065725335,0.005136719580261987,169.41980888257513,0.014548476136664547,0.35307612508753483,True
276,236.06054197632898,259.2440894024123,264.2440894024123,119.24408940241233,122.24408940241233,0.008296418271861162,273.63331325883547,0.002494590075583499,82.27682419529117,0.007423829329883905,0.33602470702576215,True
277,236.30330335088763,262.2900637446121,267.2900637446121,121.2900637446121,126.2900637446121,0.008200975914800573,270.4854237079555,0.009342982244544043,308.1511929026137,0.028287626621112796,0.33028512323373216,True
278,236.5461073373541,272.33600415953856,278.33600415953856,130.33600415953856,136.33600415953856,0.00946432713675399,312.15340250854223,0.010081831809570495,332.5200045817148,0.03200584139825484,0.3149997428319513,True
279,236.7889539113571,268.38191064029616,272.38191064029616,125.38191064029616,131.38191064029616,0.006425021583903228,211.91071690851132,0.013875668205895437,457.6487033853093,0.04288165459129525,0.3235805226767562,True
280,237.03184304852522,275.4277831800232,280.4277831800232,133.4277831800232,138.4277831800232,0.007813292194098551,257.69879970757114,0.008163701297913105,269.2560284936416,0.026276912385994146,0.31067962544429073,True
281,237.2747747244871,263.4736217718912,269.4736217718912,121.4736217718912,127.4736217718912,0.009779117995208636,322.53586669488743,0.011159226835317471,368.0547571608656,0.03374675543303407,0.33067554768224955,True
282,237.51774891487142,277.5194264091065,283.5194264091065,133.51942640910647,141.51942640910647,0.009289432368889874,306.3850054444009,0.015982169328009253,527.1255381517598,0.05159568838914638,0.30975784657563066,True
283,237.76076559530682,271.5651970849085,278.5651970849085,128.5651970849085,133.5651970849085,0.011052744913725925,364.54275956714673,0.005517144487485019,181.96702195676255,0.01713440844584003,0.3219921192449744,True
284,238.00382474142194,265.6109337925707,273.6109337925707,122.61093379257068,127.61093379257068,0.012887499614969605,425.0568261760264,0.004471187027219823,147.4691463673782,0.013407615267025027,0.33348115516234683,True
285,238.2469263288454,257.65663652540024,264.65663652540024,112.65663652540024,119.65663652540024,0.011641455653995587,383.95967722153,0.014538554467999598,479.512085663001,0.041300919292547734,0.35201527513269926,True
286,238.4900703332059,254.70230527673857,260.70230527673857,111.70230527673857,116.70230527673857,0.01011199573884298,333.5148743721795,0.008905303179105853,293.71561734513705,0.025190516352718056,0.3535180880936953,True
287,238.73325673013204,270.74794003996067,274.74794003996067,125.74794003996067,130.74794003996067,0.006369283904277143,210.07237107665105,0.010564691970643404,348.4457476416093,0.0322308547834087,0.3277819357146473,True
288,238.97648549525246,257.79354080847475,261.79354080847475,112.79354080847475,117.79354080847475,0.006686895454646884,220.54786761130822,0.012150350956520638,400.74411397107065,0.03442877943237168,0.35291262591482586,True
289,239.21975660419585,259.83910757572403,263.83910757572403,112.83910757572403,116.83910757572403,0.006634653353004288,218.82481328887206,0.008493935053564904,280.1478318897401,0.023726214366885205,0.35799790570129597,True
290,239.46307003259082,268.8846403351845,271.8846403351845,121.88464033518449,127.88464033518449,0.004818679087623557,158.93016493028162,0.01605072719011727,529.3867205492512,0.04782814815182511,0.3355916507401882,True
291,239.70642575606604,258.9301390803664,263.9301390803664,110.93013908036642,119.93013908036642,0.008306382011722712,273.96193834274817,0.02557239781844446,843.4314319430055,0.07196461133060371,0.35534684820245155,True
292,239.94982375025012,266.9756038048138,272.9756038048138,119.97560380481377,126.97560380481377,0.009652257890074746,318.35175377402777,0.014975084511437012,493.9097640597058,0.044058479067068564,0.33989109085315916,True
293,240.1932639907717,275.0210345021044,281.0210345021044,128.02103450210438,134.02103450210438,0.009372916830407184,309.13849846537005,0.010518716795287627,346.9293897208755,0.03218453206803623,0.3268252206697202,True
294,240.4367464532595,271.06643116584974,277.06643116584974,125.06643116584974,129.06643116584974,0.009508172753983513,313.5995231260484,0.0041643715197364675,137.3497260198517,0.012473675771294455,0.33385279496520937,True
295,240.6802711133421,285.1117937896952,290.1117937896952,140.11179378969518,145.11179378969518,0.007550201861845472,249.02152754725267,0.007677815592756001,253.2304966303093,0.02519781996186734,0.304701581500903,True
296,240.92383794664812,301.15712236731997,305.15712236731997,153.15712236731997,159.15712236731997,0.005730372149695114,188.99971845024524,0.010958508258429554,361.43463659477493,0.038027046480110425,0.2881766866685601,True
297,241.16744692880627,295.202416892437,300.202416892437,148.202416892437,151.202416892437,0.007294275534520177,240.58053932782965,0.0014091714616179763,46.47743681151471,0.0047198931116280065,0.2985600369098017,True
298,241.4110980354452,278.24767735879277,283.24767735879277,132.24767735879277,135.24767735879277,0.007734809522053416,255.11027621690346,0.0020069527344959643,66.19351969712267,0.0062319979560514285,0.32204001808876753,True
299,241.65479124219348,291.2929037601682,295.2929037601682,142.2929037601682,147.2929037601682,0.00592310564829158,195.35647435005203,0.009075476294388886,299.3282843824785,0.02959951771149989,0.30660892460632616,True
300,241.89852652467982,310.3380960903769,313.3380960903769,160.3380960903769,164.3380960903769,0.004178108803420369,137.80281051082432,0.0065234200921312,215.15610653857226,0.023007325098457303,0.28353665905162573,True
301,242.14230385853284,291.3832543432675,294.3832543432675,139.38325434326748,144.38325434326748,0.004448512565962254,146.7212949745292,0.010857713571383047,358.1102159506316,0.03448807752119931,0.31482513238695226,True
302,242.3861232193812,289.42837851272134,293.42837851272134,139.42837851272134,143.42837851272134,0.005961002183103336,196.60638172474893,0.006322909717327666,208.54285291485473,0.02013482891392256,0.3140284799219518,True
303,242.62998458285352,269.47346859265394,273.47346859265394,118.47346859265394,124.47346859265394,0.006399186507894963,211.05862179773175,0.015056501665123727,496.5950729230453,0.0430965615017703,0.34936665804545086,True
304,242.87388792457847,267.5185245770149,273.5185245770149,118.51852457701489,123.51852457701489,0.009632884571922204,317.71278101961906,0.008312974462068344,274.1793712121453,0.023791383797228914,0.34941113694431647,True
305,243.1178332201847,283.5635464597872,288.5635464597872,130.56354645978718,137.56354645978718,0.007591067514440095,250.3693626673644,0.015090357932325688,497.71172377953235,0.04582788968983312,0.32928328217726055,True
306,243.3618204453008,282.60853423498725,288.60853423498725,131.60853423498725,137.60853423498725,0.009123896586652566,300.92528739834745,0.010237420035130795,337.65163129929795,0.03132793130997314,0.32678251027292526,True
307,243.6058495755555,289.65348789666587,297.65348789666587,140.65348789666587,143.65348789666587,0.011832213495421117,390.2512717951075,-0.0026665445809461123,-87.94824522184933,-0.008463567713042942,0.31506152858407255,True
308,243.84992058657738,304.69840743890745,311.69840743890745,154.69840743890745,158.69840743890745,0.009864399030833734,325.3486145062397,0.0012223267126227969,40.31490425141294,0.004160783909590876,0.2937731781276251,True
309,244.0940334539951,290.7432928558296,296.7432928558296,140.74329285582962,142.74329285582962,0.008871206794996086,292.59104692831676,-0.0027432034338923826,-90.47661532506075,-0.008668580302746335,0.31645359886938984,True
310,244.33818815343733,312.7881441415843,317.7881441415843,161.78814414158433,164.78814414158433,0.006887407473561472,227.1611754612641,0.0010918619524358962,36.011902230101924,0.0038209367900405794,0.2857576590332185,True
311,244.58238466053268,298.83296129035693,304.83296129035693,145.83296129035693,151.83296129035693,0.008633426556588341,284.7485548635584,0.008876941177128166,292.7801789044149,0.028902471059651005,0.30713433321349215,True
312,244.8266229509098,290.8777442963667,295.8777442963667,136.8777442963667,141.8777442963667,0.007401805400832313,244.12710034116063,0.008179630087589965,269.78139345869727,0.025301385015638774,0.32328783908604763,True
313,245.07090300019738,289.9224931538663,294.9224931538663,136.9224931538663,142.9224931538663,0.007425985917784414,244.92462461646826,0.011199799162892744,369.3929178052848,0.034976723566964366,0.32020721270390784,True
314,245.315224784024,295.96720785714274,301.96720785714274,141.96720785714274,147.96720785714274,0.008716187890398302,287.47819761276133,0.009261249928566662,305.4554893244729,0.029454566287011055,0.31442492951086876,True
315,245.55958827801834,297.011888400516,302.011888400516,142.011888400516,148.011888400516,0.007250205835748895,239.1270280300682,0.010721691258199518,353.6239141497956,0.03402757821039092,0.3150882849172457,True
316,245.80399345780904,287.05653477833994,293.05653477833994,133.05653477833994,138.05653477833994,0.008983972092163346,296.3102834558614,0.0070367874699990285,232.0880417329946,0.021296955555874283,0.3304128353715839,True
317,246.04844029902478,285.10114698500274,290.10114698500274,129.10114698500274,135.10114698500274,0.007550481379416975,249.03074662429273,0.01217845401679166,401.67101197002455,0.03603309990145483,0.337979636781124,True
318,246.29292877729415,276.1457250149256,281.1457250149256,120.14572501492557,125.14572501492557,0.007793159853032366,257.0347927820426,0.009914536326851004,327.00224791495725,0.02781288830812928,0.35647273368415816,True
319,246.53745886824584,270.1902688625637,276.1902688625637,114.1902688625637,119.1902688625637,0.00953866934270977,314.605364724532,0.009073034580849702,299.24775153759754,0.024554625536839243,0.36950409067478757,True
320,246.78203054750844,281.2347785224056,286.2347785224056,125.23477852240558,131.23477852240558,0.007653374807212614,252.42438814978962,0.01267061578473724,417.9035415760884,0.036725489400478324,0.3450087661615263,True
321,247.02664379071064,294.279253988974,298.279253988974,137.279253988974,143.279253988974,0.005863401812211127,193.38731634166584,0.012714999354470536,419.367404997918,0.039147498603918,0.3247972362964202,True
322,247.27129857348106,286.323695256825,291.323695256825,129.32369525682498,135.32369525682498,0.007518519701098296,247.97658329150653,0.012177223250261725,401.6304187028582,0.03591141780940729,0.3390905732235334,True
323,247.51599487144836,296.36810232054836,300.36810232054836,137.36810232054836,144.36810232054836,0.005822351427862987,192.03338838002625,0.015762997697996217,519.8967971062154,0.04834325381468932,0.3260640617700118,True
324,247.7607326602412,293.4124751747677,297.4124751747677,133.41247517476768,140.41247517476768,0.005880606324461738,193.95475731870818,0.016328647161895006,538.5531053922473,0.048870927204728354,0.3341178098277452,True
325,248.00551191548817,282.4568138141401,286.4568138141401,123.4568138141401,127.4568138141401,0.006107101216839128,201.42503495015708,0.007740892039557625,255.31089042933732,0.021770585957329634,0.3555665453713455,True
326,248.250332612818,291.50111823335646,294.50111823335646,132.50111823335646,137.50111823335646,0.004446723056889824,146.66227320386267,0.011639963556687857,383.9104647160078,0.034580925001558245,0.33660069984141117,True
327,248.49519472785926,308.54538842714123,315.54538842714123,150.54538842714123,157.54538842714123,0.009742777754294203,321.3372891641755,0.009995460985587285,329.67131325963186,0.03259525437308776,0.30665387271344713,True
328,248.7400982362406,311.58962439025277,317.58962439025277,151.58962439025277,158.58962439025277,0.008283317957599868,273.201237358298,0.01132197569420307,373.4225566168074,0.036849089421395115,0.3072525229790174,True
329,248.98504311359073,294.6338261174826,301.6338261174826,135.6338261174826,141.6338261174826,0.01019743745724382,336.3329218392229,0.008601536935538657,283.69676813096453,0.025860431266160284,0.33261382407006546,True
330,249.23002933553826,304.6779936036562,310.6779936036562,145.6779936036562,151.6779936036562,0.00846940479405387,279.33877236969766,0.009059219021332497,298.7920853451107,0.028675898844362366,0.31591752609050383,True
331,249.47505687771184,304.7221268436326,309.7221268436326,145.72212684363262,152.72212684363262,0.007068242003934294,233.12547837802387,0.013308220278013275,438.9330779768251,0.04242010231759171,0.31372437950236454,True
332,249.72012571574004,314.7662258323048,318.7662258323048,156.76622583230483,162.76622583230483,0.005484173722416707,180.879576821924,0.010827616834333104,357.11756230090083,0.03641716237514659,0.29732181554383175,True
333,249.96523582525163,305.81029056459874,312.81029056459874,147.81029056459874,154.81029056459874,0.009828936269999795,324.1789781130013,0.010266218772225584,338.60147418217724,0.03305133816129376,0.31061431528507055,True
334,250.21038718187515,304.85432103547464,310.85432103547464,145.85432103547464,151.85432103547464,0.00846455352878615,279.1787674440533,0.00904330088646494,298.2670717980619,0.028649645621307677,0.3156514047677833,True
335,250.4555797612393,297.8983172399262,302.8983172399262,139.8983172399262,143.8983172399262,0.00722881061353648,238.4213686298246,0.005014414040110709,165.38591508830785,0.015393520808709546,0.32574835233753596,True
336,250.70081353897274,299.94227917298053,303.94227917298053,139.94227917298053,144.94227917298053,0.005753428565800606,189.76016751682837,0.00949271483769683,313.089688555153,0.029088206788648534,0.3263423870254283,True
337,250.94608849070406,308.9862068296982,312.9862068296982,148.98620682969818,154.98620682969818,0.005586105877993774,184.24151356910667,0.01156088027965948,381.3021320105514,0.037171743741431174,0.3110125895647414,True
338,251.19140459206193,294.030100205174,298.030100205174,133.030100205174,140.030100205174,0.005868336895447059,193.550085760083,0.01640314448145325,541.0101835808873,0.04878399290605689,0.3362403014661123,True
339,251.43676181867502,304.0739592945358,309.0739592945358,145.07395929453583,150.07395929453583,0.007083186547845889,233.61838084890604,0.007632690040373633,251.74216106110316,0.024034410798733835,0.317573420221965,True
340,251.68216014617195,302.11778409294516,307.11778409294516,141.11778409294516,148.11778409294516,0.007128674942896472,235.11868373198683,0.013896782930417732,458.3451113821408,0.04293819930290177,0.32364615088734255,True
341,251.92759955018136,294.16157459559736,301.16157459559736,136.16157459559736,143.16157459559736,0.01021361757368874,336.8665760893652,0.011558283833798127,381.2164957684459,0.035158038840034996,0.3287522346279603,True
342,252.17308000633193,297.2053307977212,303.2053307977212,137.20533079772122,143.20533079772122,0.008680237722003057,286.292485493645,0.009907961887726165,326.78540909348055,0.029957708995175185,0.3307316286876905,True
343,252.41860149025226,297.2490526945792,304.2490526945792,136.24905269457918,143.24905269457918,0.010108755454909768,333.40800299714886,0.011649511787524313,384.2253854388939,0.0349874870798905,0.3329622319237673,True
344,252.664163977571,289.2927402814671,297.2927402814671,129.2927402814671,135.2927402814671,0.011846768822802594,390.7313370867129,0.007853584285716142,259.027717581064,0.022708944680603315,0.34583660298508834,True
345,252.90976744391685,287.33639355371474,292.33639355371474,125.33639355371474,130.33639355371474,0.007492248430107516,247.11010155334375,0.009496257244110566,313.2065245646378,0.026707490511758067,0.35556531378078393,True
346,253.1554118649184,294.38001250668503,299.38001250668503,134.38001250668503,139.38001250668503,0.007314482780396351,241.24701677143776,0.008551339199788685,282.04114129282107,0.025427864261758866,0.33629797263976674,True
347,253.40109721620428,299.42359713577457,305.42359713577457,138.42359713577457,143.42359713577457,0.008616564294126218,284.1924020039323,0.006793915515074207,224.07761415497174,0.020483409708348173,0.3316789348945793,True
348,253.64682347340317,300.4671474364138,307.4671474364138,140.46714743641382,144.46714743641382,0.010001724731028996,329.8779047503765,0.002192609824131468,72.31688075514211,0.006661917675953169,0.3291259260146524,True
349,253.89259061214375,285.51066340406646,291.51066340406646,124.51066340406646,128.51066340406646,0.009032112648312605,297.8980601866854,0.004700505793836551,155.03256130688163,0.013127501416688673,0.3580655331608582,True
350,254.13839860805462,306.5541450342298,311.5541450342298,145.5541450342298,149.5541450342298,0.0070263408848672574,231.74349139715366,0.004747535910615723,156.58371341319258,0.014784818145631122,0.3211088471871809,True
351,254.38424743676438,302.5975923224348,307.5975923224348,141.59759232243482,146.59759232243482,0.00711746361175866,234.7489104654091,0.007953505201617023,262.3233194162018,0.02440977108794726,0.3258328467301441,True
352,254.63013707390178,301.6410052642459,306.6410052642459,139.6410052642459,144.6410052642459,0.007139850529930191,235.4872780828793,0.008138614382230354,268.4286092829928,0.02463200582078157,0.33040810567541984,True
353,254.87606749509538,292.6843838552609,298.6843838552609,130.68438385526088,137.68438385526088,0.008812965621778926,290.67013061560556,0.013848025190859592,456.7369786452035,0.04034362940409088,0.3432518441054139,True
354,255.12203867597387,304.72772809111143,310.72772809111143,142.72772809111143,148.72772809111143,0.008468035894987739,279.2936232011399,0.009415555133225187,310.54479931587025,0.028998077201970913,0.3246958433707887,True
355,255.3680505921659,303.77103796746246,309.77103796746246,142.77103796746246,147.77103796746246,0.008494445826343266,280.16467824958914,0.006454761142601661,212.89159006543838,0.019880447376073807,0.3246788676581791,True
356,255.61410321930006,294.8143134800125,299.8143134800125,131.81431348001252,138.81431348001252,0.0073037976680305795,240.89459930604727,0.015167879837491165,500.2685591590254,0.04435025960155326,0.34200205306036013,True
357,255.86019653300502,296.8575546244938,301.8575546244938,136.8575546244938,141.8575546244938,0.0072539438528522095,239.25031569125903,0.00832974950797959,274.7326474865987,0.025080960432898255,0.33211445511686244,True
358,256.1063305089095,313.90076139667144,319.90076139667144,153.90076139667144,158.90076139667144,0.008222904626203191,271.20867870305943,0.0056623051412977386,186.75472543988047,0.018460800953963147,0.3067204481223855,True
359,256.352505122642,296.943933792345,302.943933792345,136.94393379234498,140.94393379234498,0.008687802933899405,286.54200208368053,0.003815786634436472,125.85266379480646,0.011416862089644023,0.3342237652058253,True
360,256.5987203498313,307.98707180734664,310.98707180734664,145.98707180734664,148.98707180734664,0.0042098483796507435,138.84964844989082,0.004624338607146505,152.52040739025819,0.014365497253318048,0.32190591983012673,True
361,256.844976166106,305.03017543754277,310.03017543754277,143.03017543754277,150.03017543754277,0.0070611615345498304,232.89194961493467,0.01368978423882089,451.51785943246546,0.0425055857180996,0.3220702410646126,True
362,257.0912725470947,291.0732446788327,296.0732446788327,130.07324467883268,134.07324467883268,0.007396876049130968,243.9645199608016,0.005757269867654538,189.88686172619387,0.016594631879425364,0.346935678325749,True
363,257.33760946842614,299.11627952714935,304.11627952714935,137.11627952714935,144.11627952714935,0.007199618479679117,237.45855069481544,0.014424402748639181,475.74712201733655,0.04350743116681103,0.33153882823683267,True
364,257.58398690572886,305.1592799784594,311.1592799784594,144.15927997845938,149.15927997845938,0.008456176352903506,278.9024705750424,0.006351497413160526,209.48573521331758,0.019694063145718664,0.32250822830032877,True
365,257.83040483463157,299.2022460287626,305.2022460287626,138.2022460287626,141.2022460287626,0.008622875998757808,284.4005752895669,0.0007036277203237382,23.20712120626405,0.0020997674059911554,0.3350979343312571,True
366,258.0768632307629,318.2451776740927,323.2451776740927,156.2451776740927,162.2451776740927,0.006770223017990973,223.29618580073256,0.009594952117330646,316.4616889350825,0.03154597456310981,0.30415773328338,True
367,258.32336206975145,288.28807491051634,293.28807491051634,126.28807491051634,131.28807491051634,0.007467726843028862,246.30132806835022,0.009395210356965548,309.87378583113366,0.02655764254962281,0.35376672983720786,True
368,258.569901327226,283.33093773413407,287.33093773413407,120.33093773413407,128.33093773413407,0.006088391228958241,200.80794022239436,0.021865675352348145,721.1759336674394,0.06057244593250795,0.36098386016492856,True
369,258.81648097881504,296.3737661410794,302.3737661410794,133.3737661410794,141.3737661410794,0.008704350260632715,287.0877677009914,0.016594062591241986,547.3070641419595,0.049026351515896766,0.3384723129124012,True
370,259.06310100014724,294.4165601275199,300.4165601275199,132.41656012751992,139.41656012751992,0.00876163475936533,288.97713087832085,0.013610426539889682,448.9004757158326,0.040005401797225934,0.34021471922407887,True
371,259.3097613668514,291.459319689656,298.459319689656,130.459319689656,136.459319689656,0.010307197859722833,339.95305062381203,0.009220894475400093,304.12448165391174,0.026766612961186338,0.34449239015676375,True
372,259.55646205455594,298.5020448237219,305.5020448237219,136.50204482372192,141.50204482372192,0.010066810945313396,332.02458490541636,0.005556747651064462,183.27321753546522,0.01648740850130366,0.3370297794601917,True
373,259.8032030388896,301.5447355259853,306.5447355259853,136.5447355259853,143.5447355259853,0.00714211132394879,235.56184382168772,0.014570197537679942,480.55574061319567,0.04326174875482088,0.3367916914374921,True
374,260.0499842954811,302.587391792747,306.587391792747,138.58739179274698,144.58739179274698,0.005703462919532131,188.11219547762516,0.012703239205228974,418.97953055669063,0.03817360264683125,0.33277548683981645,True
375,260.29680579995903,307.6300136203413,313.6300136203413,144.6300136203413,147.6300136203413,0.008388912202757068,276.68395751736114,0.0005273205172029467,17.392139058489818,0.001610106450575415,0.3275066173509798,True
376,260.543667527952,321.67260100513613,326.67260100513613,158.67260100513613,161.67260100513613,0.006698639715576469,220.93521802261014,0.001435844757618222,47.35717817952596,0.004689326977967269,0.3061942074767907,True
377,260.7905694550887,312.71515394353264,316.71515394353264,150.71515394353264,154.71515394353264,0.005519916317880706,182.05844274945997,0.005856015990541414,193.14371641837397,0.01864593213596045,0.31406399786511774,True
378,261.03751155699774,307.7576724319656,313.7576724319656,143.7576724319656,149.7576724319656,0.008385465835333875,276.57028907565365,0.009372583173407558,309.1274937561922,0.02875982133551597,0.32589156462641866,True
379,261.28449380930783,295.80015646690276,300.80015646690276,129.80015646690276,135.80015646690276,0.007279658440162633,240.0984368315227,0.01234539590957355,407.1771064974117,0.03511699292299394,0.35155048544859946,True
380,261.5315161876475,296.84260604484575,302.84260604484575,133.84260604484575,139.84260604484575,0.008690739055146866,286.63884153400056,0.010354385460333633,341.5093968779132,0.030386629186110944,0.34075465879796873,True
381,261.7785786676455,315.88502116232917,319.88502116232917,150.88502116232917,155.88502116232917,0.005464871680014622,180.2429548915834,0.008693386469954257,286.7261588390807,0.027464113605826842,0.31653621138931826,True
382,262.02568122493045,306.92740181592103,310.92740181592103,143.92740181592103,148.92740181592103,0.005623334764200748,185.4694004894542,0.00920779255656608,303.69235283119343,0.028393849208878944,0.3242882811988289,True
383,262.27282383513096,308.96974800222324,312.96974800222324,145.96974800222324,150.96974800222324,0.005586401544337109,184.2512652665856,0.009040670313097389,298.1803099590675,0.02815243815674892,0.3211327652248155,True
384,262.5200064738757,313.01205971787044,319.01205971787044,149.01205971787044,156.01205971787044,0.00824603079307266,271.97142829645105,0.011690721994498004,385.5845846866633,0.036938176472749426,0.31649429156641384,True
385,262.7672291167934,309.05433695953093,315.05433695953093,145.05433695953093,152.05433695953093,0.00835061995686162,275.42099875935935,0.012117473591534976,399.65974936728014,0.03757992536277319,0.322445387385963,True
386,263.0144917395125,300.0965797239062,303.0965797239062,136.0965797239062,139.0965797239062,0.004319989934155465,142.48234842945013,0.00514925024686706,169.83309660603973,0.015107564218117053,0.3408392095856232,True
387,263.2617943176618,297.13878800773136,302.13878800773136,134.13878800773136,138.13878800773136,0.007247135168602893,239.02575097320562,0.005514128120942602,181.86753584794326,0.01609269466469747,0.342647905514478,True
388,263.5091368268699,319.18096180777457,321.18096180777457,153.18096180777457,158.18096180777457,0.002712815225370507,89.47434833352732,0.01123660459598987,370.6068383519925,0.035875180332188936,0.3132138846953153,True
389,263.7565192427655,322.22310112083755,325.22310112083755,155.22310112083755,161.22310112083755,0.004024713607671747,132.74351452606834,0.012446201200704199,410.5018768865393,0.04002287155327432,0.3109772167181233,True
390,264.00394154097717,336.2652059437553,341.2652059437553,172.2652059437553,177.2652059437553,0.0064100792897297185,211.4178886387201,0.006015852590543356,198.41546345491136,0.020926419660132027,0.287476438313261,True
391,264.2514036971336,316.3072762733959,321.3072762733959,154.30727627339593,158.30727627339593,0.006811378166906568,224.6535691180166,0.004303093161022798,141.92505733536967,0.013900171392515863,0.3095712304194804,True
392,264.4989056868634,311.3493121066615,317.3493121066615,149.3493121066615,153.3493121066615,0.008289650733933238,273.41010563294907,0.003188954821336064,105.1784330298924,0.010045527632242982,0.3174502065078715,True
393,264.7464474857953,298.39131344048633,304.39131344048633,134.39131344048633,139.39131344048633,0.008646078500414057,285.1658425646785,0.007218433400412434,238.07910632861484,0.021056919754872335,0.3428057609775603,True
394,264.99402906955777,301.43328027183884,308.43328027183884,138.43328027183884,144.43328027183884,0.009970033061308068,328.83264686868864,0.00845673177842598,278.92078967624997,0.02534062354792455,0.3337223238580727,True
395,265.24165041377967,311.4752125977209,316.4752125977209,150.47521259772088,153.47521259772088,0.006916209352163117,228.11112195764284,0.0016570687094127337,54.653609111300256,0.005258365616728075,0.31512999098830546,True
396,265.48931149408946,321.5171104151668,324.5171104151668,154.51711041516683,160.51711041516683,0.004033510204238672,133.03364477084796,0.012511244959169037,412.64715675941005,0.04010375733930515,0.31197188964902633,True
397,265.73701228611594,317.55897372124514,320.55897372124514,149.55897372124514,155.55897372124514,0.004083549287509645,134.6840389167544,0.012999043650822424,428.73578293839114,0.04055707046957919,0.32051239155877076,True
398,265.98475276548766,313.60080251305703,318.60080251305703,145.60080251305703,151.60080251305703,0.006869700011225394,226.57714613322733,0.010668031569674451,351.8541048322795,0.03253645148520283,0.32787938090071495,True
399,266.2325329078332,305.6425967877374,311.6425967877374,139.64259678773738,144.64259678773738,0.00844293362535721,278.46569758502005,0.006835360183613245,225.44454643799259,0.02029632105040938,0.33677828443078234,True
400,266.4803526887814,297.68435654245377,303.68435654245377,131.68435654245377,136.68435654245377,0.008666408158089329,285.83635740672423,0.007518218498000976,247.96664898024324,0.02145226330635663,0.35046271764589115,True
401,266.7282120839608,291.7260817744077,297.7260817744077,125.7260817744077,130.7260817744077,0.00884162296256297,291.61530995094864,0.00809524032154156,266.998041591388,0.022393332679063266,0.3615022577282674,True
402,266.97611106899996,302.7677724808336,307.7677724808336,136.76777248083363,141.76777248083363,0.007113495602783914,234.61803718886722,0.008480246299284561,279.6963480005031,0.024877092481023905,0.3408857488371377,True
403,267.22404961952765,297.80942865899897,303.80942865899897,133.80942865899897,136.80942865899897,0.008662804554603443,285.71750298916686,0.0009665083042135064,31.877475424680085,0.00278557961216294,0.3469684729143442,True
404,267.4720277111725,300.85105030620525,303.85105030620525,135.85105030620525,137.85105030620525,0.004309209886042101,142.12679978355382,0.002037869087089284,67.21320599026458,0.005919398938151479,0.34426959702865945,True
405,267.72004531956304,281.89263741978607,286.89263741978607,116.89263741978607,120.89263741978607,0.007635670057692769,251.84044829613444,0.006977024665936602,230.11693883661522,0.01841836367157642,0.37880806299333114,True
406,267.9681024203281,287.93418999710934,293.93418999710934,123.93418999710934,127.93418999710934,0.008956868403129785,295.41634682094684,0.00483862270058265,159.58794720614122,0.01330451369331921,0.3636827930818951,True
407,268.21619898909614,286.9757080355755,292.9757080355755,120.97570803557551,124.97570803557551,0.008986476429572584,296.392881767609,0.005140956860544724,169.5595632928493,0.013798393261232497,0.37257648504544255,True
408,268.46433500149595,306.01719153261865,312.01719153261865,138.01719153261865,143.01719153261865,0.008432698345538819,278.1281165425674,0.007022361243163865,231.6122344487697,0.020515136777597785,0.34230145863966044,True
409,268.7125104331561,303.0586404857056,310.0586404857056,137.0586404857056,143.0586404857056,0.009917167785174222,327.0890389416497,0.008690506115424552,286.631158692331,0.02553965518297375,0.34027499796544475,True
410,268.96072525970527,308.10005489233686,314.10005489233686,143.10005489233686,147.10005489233686,0.008376236603519462,276.2658896110345,0.0035967978341784716,118.62995285888223,0.010858140380005085,0.331253576422889,True
411,269.2089794567721,303.14143475004585,308.14143475004585,137.14143475004585,142.14143475004585,0.007104798602825717,234.3311918495905,0.008447207548884731,278.6066605665294,0.024826253750287113,0.34025300932836233,True
412,269.4572729999852,306.18278005639945,309.18278005639945,139.18278005639945,143.18278005639945,0.004234535866898869,139.66389367118728,0.008070747713095593,266.19022388261203,0.02385255510587501,0.3383598812484338,True
413,269.7056058649732,304.2240908089973,309.2240908089973,139.2240908089973,143.2240908089973,0.007079719403703016,233.50402714731192,0.005221964163625826,172.23135442173023,0.015501503878675764,0.3368682293341412,True
414,269.9539780273649,307.26536700547285,312.26536700547285,140.26536700547285,145.26536700547285,0.007010207689204046,231.21138469301718,0.008201425581154751,270.5002546494922,0.024375456030895498,0.3364624469285652,True
415,270.2023894627887,332.3066086434919,337.3066086434919,165.30660864349193,171.30660864349193,0.0064858718805969225,213.91768759772458,0.008998029377609528,296.77392227758156,0.03011895225464866,0.29874974738607457,True
416,270.4508401468734,324.3478157207544,329.3478157207544,156.3478157207544,164.3478157207544,0.006643809912395025,219.12681586420467,0.015028308265284698,495.6651953352492,0.048571639155905594,0.3094050051933954,True
417,270.6993300552477,318.38898823499244,325.38898823499244,151.38898823499244,158.38898823499244,0.009444812654983129,311.5097738812826,0.010185885446350849,335.9519122382284,0.03205418854554377,0.31777080963626236,True
418,270.9478591635401,325.4301261839721,333.4301261839721,160.4301261839721,165.4301261839721,0.010547082183869705,347.86493985892884,0.0027815937364541847,91.74280819802914,0.009096685011736287,0.3057810326361142,True
419,271.1964274473793,328.4712295654922,335.4712295654922,164.4712295654922,168.4712295654922,0.00915794427656147,302.0482517780704,0.0012778620776580912,42.14657732281398,0.004262830226217971,0.29976846598271034,True
420,271.445034882394,322.5122983773849,327.5122983773849,157.51229837738492,162.51229837738492,0.006681332517160764,220.36439024000188,0.006890431310585084,227.26090796225574,0.02238704154546199,0.3077865959462528,True
421,271.69368144421276,313.55333261751525,317.55333261751525,146.55333261751525,151.55333261751525,0.005505253819542493,181.57484273443356,0.00906453828171256,298.9675257332623,0.02782381423304556,0.32578345318834334,True
422,271.9423671084643,313.59433228378157,318.59433228378157,146.59433228378157,150.59433228378157,0.006869840635030555,226.58178420190575,0.0048216068990399414,159.02673030490587,0.014707185326277511,0.32784022177412264,True
423,272.1910918507771,316.6352973741152,321.6352973741152,149.63529737411523,154.63529737411523,0.006804376850410863,224.42265098357402,0.007470205948699681,246.38309418432894,0.02321452480630299,0.32179017279179634,True
424,272.4398556467801,320.676227886481,325.676227886481,154.676227886481,156.676227886481,0.006719292875804581,221.61640265883463,-0.001139758205621887,-37.59162133568486,-0.003593036675226721,0.3172130731312305,True
425,272.6886584721017,309.7171238188764,314.7171238188764,141.71712381887642,144.71712381887642,0.006955156057637715,229.39566616820605,0.0021424368465581857,70.66207049370644,0.006329737581522353,0.3384716694752632,True
426,272.9375003023706,306.7579851693324,309.7579851693324,138.75798516933241,142.75798516933241,0.004226634157016204,139.40327867026124,0.00811579064913602,267.67583459120556,0.023836321485332688,0.34047999621627634,True
427,273.18638111321553,307.7988119359127,312.7988119359127,142.79881193591268,145.79881193591268,0.006998155687765409,230.81388435287164,0.0020312352010057573,66.99440648313583,0.00610848702893786,0.33252672738489014,True
428,273.43530088026506,306.8396041167141,311.8396041167141,139.8396041167141,144.8396041167141,0.007019856683761723,231.5296288152294,0.00823728661356058,271.6830268763183,0.024431200225264606,0.3371625846298906,True
429,273.68425957914786,312.880361709867,317.880361709867,146.88036170986697,150.88036170986697,0.006885393503581028,227.0947504980457,0.004783589678835954,157.77284247229858,0.014672562835996892,0.32602277681852193,True
430,273.93325718549255,305.92108471353436,309.92108471353436,136.92108471353436,142.92108471353436,0.005641712904339805,186.07555018116415,0.012984259720264742,428.2481778335221,0.037893988946260664,0.3426469495908272,True
431,274.1822936749278,328.96177312591226,333.96177312591226,162.96177312591226,167.96177312591226,0.006551324355248683,216.07644778954088,0.0065733849482645925,216.80405251745967,0.021782548302270673,0.3017729999744504,True
432,274.4313690230822,336.0024269452301,341.0024269452301,169.00242694523013,174.00242694523013,0.006415055606923158,211.58201803972753,0.006247308847896563,206.04937733180168,0.021153954225815872,0.2953258185778085,True
433,274.6804832055845,326.04304616975014,330.04304616975014,159.04304616975014,162.04304616975014,0.005295644801182651,174.66149672133903,0.002820068656383988,93.01179192965563,0.009086729933275027,0.3103502224774037,True
434,274.92963619806324,309.0836307977679,313.0836307977679,141.0836307977679,146.0836307977679,0.005584356394748099,184.18381193433873,0.009540570249166965,314.66806061509976,0.028409004655966307,0.3358290923847381,True
435,275.17882797614715,314.12418082761155,317.12418082761155,144.12418082761155,149.12418082761155,0.004127989343089988,136.14976536055005,0.010683229796705114,352.3553743056575,0.032079564869183216,0.3330229022828115,True
436,275.42805851546484,309.1646962576426,316.1646962576426,142.16469625764262,146.16469625764262,0.009723478219569866,320.70074994231805,0.0023272487043221064,76.75755402796631,0.006921504593481481,0.3362345098367568,True
437,275.67732779164487,318.2051770862556,325.2051770862556,152.20517708625562,157.20517708625562,0.009450209518179402,311.68777377342997,0.0045872099020038675,151.29582465198814,0.014425904607445163,0.31798421151602674,True
438,275.9266357803161,320.24562331187803,326.24562331187803,155.24562331187803,160.24562331187803,0.008061491085555992,265.8849208493917,0.005705320273357264,188.17345491084217,0.01830910019848974,0.3116111775841326,True
439,276.1759824571069,309.28603493297055,316.28603493297055,143.28603493297055,149.28603493297055,0.009719705888487393,320.5763305339685,0.008095612477379888,267.0103160731887,0.024524085410482777,0.3301086398076004,True
440,276.4253677976461,301.32641194802636,306.32641194802636,134.32641194802636,140.32641194802636,0.007147243733767298,235.73112148556876,0.011830762727057974,390.2034224050492,0.0342960020020515,0.3449604046078108,True
441,276.67479177756235,315.3667543555721,320.3667543555721,147.36675435557208,152.36675435557208,0.006831532883229471,225.31831402654333,0.007659165019961104,252.61536153697003,0.02345215681208873,0.3265868074024255,True
442,276.92425437248426,322.4070621541673,327.4070621541673,154.4070621541673,159.4070621541673,0.0066834966620233065,220.4357682864919,0.007156901329065674,236.04964927828757,0.02263703638123099,0.31615893567232434,True
443,277.1737555580404,316.44733534240436,322.44733534240436,148.44733534240436,152.44733534240436,0.008157349310442574,269.0465265953062,0.0033900820024372995,111.81203022180387,0.010366145559948317,0.3270339956961015,True
444,277.4232953098595,340.487573918909,346.487573918909,173.487573918909,176.487573918909,0.0075863971502013435,250.21532423790026,-0.00014063783244567564,-4.638531327690401,-0.00048015121257075614,0.29290321207915504,True
445,277.67287360357017,330.5277778823395,337.5277778823395,163.52777788233948,166.52777788233948,0.009101556337988436,300.1884590393283,-0.0012064047202926323,-39.78976347713922,-0.003939671394092276,0.3062196309320857,True
446,277.9224904148011,312.5679472313873,320.5679472313873,146.56794723138728,150.56794723138728,0.010975655635004295,362.0001931171308,0.00071786850261891,23.67681213976516,0.002184982949208337,0.3285465009596565,True
447,278.17214571918083,319.60808196477683,324.60808196477683,150.60808196477683,155.60808196477683,0.0067415756853734694,222.3513365557587,0.0074422962209578815,245.46257269856406,0.023037717884211953,0.323048327024535,True
448,278.4218394923381,326.64818208126553,331.64818208126553,159.64818208126553,163.64818208126553,0.006597375547737061,217.59531291509205,0.004149832096443944,136.87018527852962,0.013436776101982113,0.3088413518948035,True
449,278.6715717099016,319.6882475796433,325.6882475796433,153.6882475796433,157.6882475796433,0.008075416408948788,266.3442072852137,0.00308325178236255,101.69212462208816,0.009740345790666242,0.31654438647518024,True
450,278.9213423474999,312.7282784587337,316.7282784587337,144.7282784587337,147.7282784587337,0.005519686125104712,182.05085050785408,0.0033905545004053687,111.82761419795764,0.01018433850191364,0.3329184806424377,True
451,279.17115138076156,299.7682747173926,305.7682747173926,130.76827471739261,135.76827471739261,0.008606754379053214,283.86885038487776,0.0076891508981288825,253.6043588277472,0.021572155098873506,0.35643869900279035,True
452,279.4209987853154,299.80823635450906,305.80823635450906,132.80823635450906,137.80823635450906,0.008605618470371196,283.83138572892204,0.007444546796893815,245.53680142352817,0.02127643902152968,0.34989627678582214,True
453,279.67088453678997,315.84816336900553,322.84816336900553,146.84816336900553,153.84816336900553,0.009519964266635796,313.9884319984857,0.010703832595219613,353.03489790670926,0.03270763495236925,0.3272579203848628,True
454,279.9208086108139,312.88805575983633,319.88805575983633,144.88805575983633,150.88805575983633,0.009609039713015313,316.9263274521788,0.008013238137554873,264.2934371990514,0.024256828978771974,0.3303497808624345,True
455,280.17077098301587,308.9279135259894,314.9279135259894,138.92791352598942,145.92791352598942,0.008354004646383181,275.5326329342271,0.012994854978190168,428.5976317106007,0.03815617039232114,0.34057021039001756,True
456,280.42077162902456,308.96773666648573,312.96773666648573,137.96773666648573,143.96773666648573,0.005586437678114334,184.25245703450986,0.012901199596831333,425.50868037449726,0.037537861423932624,0.3436849918308359,True
457,280.6708105244685,306.00752518037825,312.00752518037825,136.00752518037825,140.00752518037825,0.008432962153207803,278.13681747400096,0.00415547860731842,137.05641907585095,0.011869695348602887,0.35009142907846724,True
458,280.92088764497646,316.0472790667541,321.0472790667541,148.04727906675407,152.04727906675407,0.006816937818819643,224.83693812421777,0.004761284914707391,157.03718446784913,0.014561796483733479,0.3269709832867168,True
459,281.171002966177,311.0869983247321,316.0869983247321,142.08699832473212,148.08699832473212,0.006924771840090549,228.3935308074074,0.011037818749189767,364.050463286699,0.032967547344336115,0.3348086114475872,True
460,281.4211564636988,321.1266829534645,327.1266829534645,154.12668295346452,158.12668295346452,0.008039576627276003,265.1621359522315,0.003087752328375347,101.84056208951097,0.009732724120542971,0.3172546853411773,True
461,281.67134811317055,311.1663329521366,315.1663329521366,142.1663329521366,147.1663329521366,0.005547216807309509,182.95887027507402,0.009464490238374729,312.1587819428256,0.02821316640578094,0.335463595338786,True
462,281.9215778902209,315.20594831996596,320.20594831996596,145.20594831996596,151.20594831996596,0.0068349907884556905,225.43236300924647,0.010749478029991598,354.54038028989146,0.032452698703280276,0.3312352580682313,True
463,282.1718457704783,315.2455290562034,321.2455290562034,144.2455290562034,152.2455290562034,0.008188156132581318,270.06260034382865,0.01525403066057992,503.1099943891784,0.04595701041115172,0.33191955969525916,True
464,282.4221517295716,316.28507516013246,322.28507516013246,145.28507516013246,153.28507516013246,0.008161495106717584,269.18326367071074,0.015117373646270513,498.6027588111011,0.04576875255955899,0.33029900971406717,True
465,282.6724957431294,312.3245866310697,316.3245866310697,143.32458663106968,147.32458663106968,0.005526775332822146,182.2846674795322,0.00642775799595538,212.00096952979143,0.019183237415724176,0.3350715969707311,True
466,282.9228777867803,301.36406346836407,306.36406346836407,132.36406346836407,137.36406346836407,0.007146358085313586,235.70191093797692,0.008956680267688673,295.4101417186479,0.025384319544996637,0.3528430317705355,True
467,283.173297836153,303.4035056713974,306.4035056713974,133.4035056713974,136.4035056713974,0.004273135377515564,140.93698666555076,0.005385154349952054,177.61370978431188,0.015205394643334402,0.35416077492686104,True
468,283.42375586687615,306.4429132395851,310.4429132395851,136.4429132395851,140.4429132395851,0.0056321678987793266,185.76073583465916,0.006916678052831024,228.12658069085552,0.01987892420998497,0.34794025973281045,True
469,283.6742518545783,308.4822861723742,313.4822861723742,139.4822861723742,142.4822861723742,0.006982774537003704,230.30658167034736,0.0022590433349465606,74.50799758171368,0.006574982456360481,0.3435816521093856,True
470,283.92478577488816,316.52162446924535,321.52162446924535,147.52162446924535,151.52162446924535,0.006806801466440572,224.5026199166545,0.004812130233545076,158.71416995741225,0.0146202416377325,0.32914163478158526,True
471,284.17535760343446,308.5609281297118,313.5609281297118,140.56092812971178,144.56092812971178,0.006981009086382565,230.24835339797394,0.005205302630472708,171.68182203663795,0.015360599457959085,0.33887366471075997,True
472,284.4259673158457,314.6001971533192,319.6001971533192,145.6001971533192,150.6001971533192,0.00684804809681328,225.86302048468355,0.007815529266729463,257.7725830651525,0.02363405815231395,0.33068926277327726,True
473,284.6766148877506,317.63943153964624,320.63943153964624,146.63943153964624,151.63943153964624,0.004082519774155841,134.65008340236082,0.010478859538470775,345.61481361311166,0.03171143315217382,0.3304442119719351,True
474,284.92730029477775,315.6786312883048,320.6786312883048,146.6786312883048,150.6786312883048,0.00682483637677275,225.09744916788176,0.004859981446443794,160.29240353964857,0.01470723492351666,0.3304483454379825,True
475,285.17802351255585,302.71779639893884,307.71779639893884,131.71779639893884,136.71779639893884,0.007114660412120876,234.65645504917072,0.009065932972371913,299.0135255627772,0.025404695114306153,0.35686053036970367,True
476,285.42878451671356,313.75692687122523,319.75692687122523,142.75692687122523,148.75692687122523,0.008226638745968632,271.3318378218551,0.009653368736712988,318.3883918311007,0.028630615249285056,0.3371694479025925,True
477,285.67958328287943,302.7960227048736,308.7960227048736,131.79602270487362,136.79602270487362,0.008521531675497265,281.05802648777706,0.00764963447043911,252.30102398100018,0.021402185969442367,0.3574230446068038,True
478,285.93041978668225,295.8350838996266,298.8350838996266,123.83508389962662,130.83508389962662,0.004381906371918379,144.52448269210103,0.019498608140294752,643.1050815579999,0.052919677461354016,0.36845667010223415,True
479,286.18129400375057,288.87411045525937,292.87411045525937,118.87411045525937,122.87411045525937,0.005972361382916091,196.9810320110388,0.008400745305853666,277.07423813007296,0.022024864918166336,0.38142096839489104,True
480,286.43220590971305,307.9131023715795,312.9131023715795,137.9131023715795,140.9131023715795,0.006995578938102598,230.72889773279428,0.0023502695001982286,77.51682826451287,0.006760495776168931,0.34764750663450456,True
481,286.6831554801983,304.9520596484276,309.9520596484276,133.95205964842762,139.95205964842762,0.007062955676107528,232.9511241747026,0.011966942891633425,394.6949304765865,0.03406486492291509,0.3512987037733234,True
482,286.934142690835,303.99098228567686,309.99098228567686,131.99098228567686,138.99098228567686,0.008488359575601,279.9639409071171,0.013954003708026625,460.2323729028713,0.039269504643923855,0.35533943793166023,True
483,287.18516751725184,312.0298702832333,319.0298702832333,141.02987028323332,147.02987028323332,0.009635176743738592,317.78838166415306,0.00845929088165189,279.0051942797465,0.02483239783755713,0.3406554186586786,True
484,287.4362299350774,327.0687236410356,332.0687236410356,156.0687236410356,161.0687236410356,0.006588956735784828,217.3176428009892,0.007106381827197353,234.38340991722484,0.02236329112750547,0.31776994659148994,True
485,287.68732991994034,319.10754235905483,323.10754235905483,149.10754235905483,154.10754235905483,0.005410026744035316,178.43405362169605,0.008914255734628857,294.01089144410594,0.02734599279287648,0.3259803292623914,True
486,287.93846744746935,306.1463264372951,311.1463264372951,138.1463264372951,141.1463264372951,0.007035625290649673,232.04971061521047,0.002294613395207111,75.6811729355797,0.006661820266862559,0.34444240512177293,True
487,288.189642493293,320.18507587579256,326.18507587579256,152.18507587579256,156.18507587579256,0.00806300146054228,265.93473619117157,0.003204466281403055,105.69003358720863,0.009969506003223298,0.3214267868806138,True
488,288.44085503303995,315.223790674617,322.223790674617,146.22379067461702,151.22379067461702,0.009538615159195865,314.60357763835253,0.005063466740896146,167.0037762665151,0.015294284402972909,0.33106921562880753,True
489,288.6921050423389,310.2624708338699,317.2624708338699,140.26247083386988,145.26247083386988,0.009689455430669562,319.57860685019944,0.005522486495801379,182.14321261966808,0.01614636935467856,0.34202651843841214,True
490,288.9433924968185,329.301116353686,335.301116353686,159.30111635368598,165.30111635368598,0.00784179637115842,258.6389273813484,0.008215170928801226,270.9536051069006,0.02639269904304899,0.3112667982687752,True
491,289.1947173721073,328.339727234232,335.339727234232,160.339727234232,166.339727234232,0.009161573680240408,302.1679571402253,0.006793270855167181,224.05635191619535,0.022064265407119185,0.30788565718463873,True
492,289.446079643834,322.3783034757082,327.3783034757082,153.3783034757082,157.3783034757082,0.006684088317782926,220.4552823370747,0.0044968413156261326,148.3152787230388,0.014037124444787401,0.3203534551049739,True
493,289.6974792876273,317.41684507834634,320.41684507834634,145.41684507834634,149.41684507834634,0.004085369190990174,134.74406315888763,0.007699474811583445,253.94486319382423,0.022972156924611565,0.33516551523006954,True
494,289.94891627911574,315.45535204241173,318.45535204241173,145.45535204241173,148.45535204241173,0.0041106520658499325,135.5779455150905,0.004755501347950207,156.84643027943144,0.01424525964822069,0.33383044362720304,True
495,290.20039059392803,315.4938243682018,317.4938243682018,144.49382436820179,148.49382436820179,0.0027444195980396067,90.5167269749519,0.009114686939258232,300.62153386906795,0.027241830407352584,0.33458423325321685,True
496,290.4519022076928,319.53226205604665,322.53226205604665,147.53226205604665,151.53226205604665,0.004058448577174636,133.8561647294784,0.007559656464162424,249.33336020476315,0.022780487147880057,0.33184788433578,True
497,290.7034510960387,307.570665106309,314.570665106309,137.57066510630898,140.57066510630898,0.009773308800981114,322.34426725863045,-0.000404446057622531,-13.339481105609707,-0.0011568118420956465,0.349621297867982,True
498,290.9550372345944,315.60903351938373,321.60903351938373,145.60903351938373,148.60903351938373,0.008178813624910047,269.7544648033501,0.000678076876750016,22.364400678617926,0.002020358439343373,0.33562206762201785,True
499,291.2066605989885,300.64736729569904,305.64736729569904,129.64736729569904,135.64736729569904,0.007163254156338211,236.25917887505838,0.0124844129161448,411.7621795808693,0.03477053579978532,0.35905149658987656,True
500,291.4583211648496,305.6856664357151,310.6856664357151,133.68566643571512,140.68566643571512,0.007046142240642242,232.396581732064,0.015118864560906208,498.6519323096138,0.04299641745802935,0.3516307975115457,True
501,291.7100189078065,327.7239309399247,332.7239309399247,157.72393093992468,162.72393093992468,0.006575882887197195,216.88643979399856,0.006977951697856282,230.14751429790064,0.0222141743290094,0.3141215871680544,True
502,291.96175380348774,328.7621608088532,333.7621608088532,158.7621608088532,164.7621608088532,0.00655527220933955,216.2066563156479,0.009555205584920925,315.1507647510032,0.03068888370758329,0.3113572222426524,True
503,292.21352582752195,329.80035604305885,335.80035604305885,159.80035604305885,163.80035604305885,0.007830032116187364,258.25091752453227,0.002907066700703476,95.88117029681456,0.00928123410606919,0.3132198442018056,True
504,292.4653349555378,323.8385166431317,327.8385166431317,153.8385166431317,156.8385166431317,0.005331474505094324,175.8432356685769,0.0030561679920499537,100.79884428881726,0.009499012605356776,0.3217353338731743,True
505,292.71718116316396,317.87664260969495,323.87664260969495,148.87664260969495,150.87664260969495,0.008121011234956687,267.8480204849794,-0.0023255661395632666,-76.70205950555354,-0.007034490254947066,0.33059483420675606,True
506,292.96906442602904,312.9147339434039,316.9147339434039,141.91473394340392,145.91473394340392,0.0055164179279582224,181.94305849637723,0.006555242329653572,216.20567082079876,0.019273270902951598,0.34012090436863374,True
507,293.2209847197617,322.9527906449464,329.9527906449464,152.9527906449464,158.9527906449464,0.009312764203074352,307.15453837814385,0.007397987622925097,244.0011820010041,0.02305511934564827,0.3208826426795961,True
508,293.4729420199906,320.99081271504315,326.99081271504315,150.99081271504315,155.99081271504315,0.008042948332827588,265.2733418884778,0.006105549694427994,201.37386247981607,0.01881587344941283,0.32448930477997684,True
509,293.72493630234436,312.0288001544468,316.0288001544468,142.0288001544468,147.0288001544468,0.0055319811916115045,182.45636764485792,0.009494013759357092,313.13252972177634,0.02816619213072452,0.33707125603963833,True
510,293.97696754245163,310.06675296394246,316.06675296394246,140.06675296394246,144.06675296394246,0.008323613512883656,274.5302694707826,0.003905093535191837,128.79819310032053,0.011379552171090391,0.34316759363454374,True
511,294.22903571594105,306.10467114434846,312.10467114434846,134.10467114434846,140.10467114434846,0.008430311660441166,278.04939865135515,0.010578397919751788,348.89779865241763,0.029955519636615736,0.3531368525091924,True
512,294.4811407984413,317.1425546965145,321.1425546965145,145.14255469651448,151.14255469651448,0.0054433376050798095,179.53271583669365,0.012148658071576623,400.6882790672581,0.036440279152144456,0.333385428274407,True
513,294.733282765581,315.18040362132365,319.18040362132365,142.18040362132365,148.18040362132365,0.005477012235860705,180.64337594222337,0.01247401839764789,411.41934651208766,0.03674422109294776,0.33948245537968424,True
514,294.98546159298877,320.2182179196909,325.2182179196909,148.21821791969091,153.21821791969091,0.00672882944975197,221.9309389130171,0.0076799900211424665,253.3022138490337,0.02322312242602195,0.33070445395994175,True
515,295.2376772562933,326.2559975925635,332.2559975925635,154.25599759256352,160.25599759256352,0.007914325093717985,261.0310771030804,0.00865790816529263,285.5560097777328,0.026972727600686943,0.32098749127144743,True
516,295.4899297311232,320.29374264092166,326.29374264092166,151.29374264092166,155.29374264092166,0.008060291137141233,265.84534402844196,0.0032726992077485566,107.94049892025379,0.010098082982722682,0.3240911382237581,True
517,295.74221899310714,330.33145306577785,335.33145306577785,159.33145306577785,163.33145306577785,0.006524363093951335,215.18720872074263,0.004243945835108133,139.97425420200753,0.013493129105675785,0.31452643800191227,True
518,295.99454501787375,317.3691288681764,323.3691288681764,148.3691288681764,152.3691288681764,0.008133876911429585,268.27235753805866,0.0034195608895648023,112.78430588240315,0.010409262459426877,0.3285113525471698,True
519,296.2469077810517,312.4067700491946,318.4067700491946,142.40677004919462,146.40677004919462,0.008261856509230945,272.49339368020867,0.0037686668011385725,124.29855264912828,0.01110700288280784,0.33930546709157394,True
520,296.4993072582696,314.44437660994186,320.44437660994186,143.44437660994186,148.44437660994186,0.008208822277343706,270.7442132372864,0.006671400513395227,220.03681187924337,0.019765671659860103,0.33752460468841183,True
521,296.75174342515606,319.4819485515602,324.4819485515602,148.4819485515602,153.4819485515602,0.006744216740644618,222.43844410996616,0.007639429241221662,251.96443407053152,0.023223470715572677,0.3289529517265042,True
522,297.00421625733986,324.51948587522384,329.51948587522384,153.51948587522384,158.51948587522384,0.006640322082540771,219.01177990436892,0.007278825727109324,240.07097220470362,0.022644581281211728,0.32143785909384803,True
523,297.25672573044955,317.5569885821392,321.5569885821392,147.55698858213918,152.55698858213918,0.0054362779487875535,179.29987353313348,0.009036046020076509,298.027791055208,0.027520069315232525,0.32834386849000424,True
524,297.5092718201137,321.594456673545,326.594456673545,149.59445667354498,155.59445667354498,0.0067002549282894185,220.98849113297894,0.010378364752416021,342.3002843340532,0.031718343423127904,0.32720387108390037,True
525,297.7618545019611,314.63189015071293,318.63189015071293,142.63189015071293,147.63189015071293,0.00548650052470722,180.95631965228614,0.009477042100631185,312.5727687434251,0.027968451417425988,0.33884758076832355,True
526,298.01447375162036,308.6692890149461,314.6692890149461,139.66928901494612,144.66928901494612,0.008360937263266683,275.7612852110561,0.00691448746059996,228.05433035456065,0.020280940000720782,0.3409352554839282,True
527,298.2671295447201,305.7066532675806,310.7066532675806,135.70665326758058,139.70665326758058,0.007045662423974054,232.38075636979673,0.005570286378402778,183.71975322080513,0.01591880587151419,0.3499186071720677,True
528,298.51982185688894,309.74398290998465,314.74398290998465,138.74398290998465,142.74398290998465,0.006954557752578715,229.37593280975315,0.005389095135213006,177.74368516554998,0.015571181343141812,0.34609417336126425,True
529,298.77255066375557,314.7812779435585,320.7812779435585,144.7812779435585,145.7812779435585,0.00820011903464214,270.4571619992115,-0.005210771730257569,-171.86220444331462,-0.015330223583806998,0.33990187434458563,True
530,299.02531594094864,342.81853836973505,347.81853836973505,170.81853836973505,172.81853836973505,0.006288426792437555,207.40553357060963,-0.0012331005184070933,-40.670247012175565,-0.004067680713984471,0.3031458477475282,True
531,299.2781176640967,319.8557641899795,323.8557641899795,146.85576418997948,149.85576418997948,0.0053974496679253334,178.01923521520905,0.003385005486360719,111.6445960510174,0.010063319052745896,0.3363706813446484,True
532,299.5309558088285,309.8929554057888,313.8929554057888,136.89295540578883,141.89295540578883,0.005569865265556581,183.70586403397965,0.010009869550394835,330.14653801306144,0.028613879501250113,0.3498256693908812,True
533,299.78383035077263,321.9301120186926,325.9301120186926,147.93011201869263,154.93011201869263,0.005362885195387671,176.8792262581386,0.014716363572145041,485.3766036634885,0.04454822056952364,0.33034683280285293,True
534,300.0367412655578,325.96723403025294,329.96723403025294,153.96723403025294,159.96723403025294,0.005296868960406946,174.70187206567726,0.011305858699489286,372.8909842540366,0.035320575393712854,0.32009271008370255,True
535,300.28968852881263,317.00432144206366,320.00432144206366,145.00432144206366,151.00432144206366,0.004090660598813235,134.9185849111646,0.013517770171108758,445.84447391442285,0.0406030062965031,0.3329253521868642,True
536,300.5426721161657,324.0413742557512,327.0413742557512,152.04137425575118,157.04137425575118,0.004002233723148914,132.00208068292162,0.010050066955044568,331.47233291132716,0.031055757679098735,0.323613645459647,True
537,300.79569200324573,314.07839247297375,317.07839247297375,141.07839247297375,147.07839247297375,0.0041285882962858065,136.16952009591753,0.01395978377872991,460.42301178408286,0.0409861405644979,0.34059766512443584,True
538,301.04874816568133,323.11537609542233,327.11537609542233,150.11537609542233,154.11537609542233,0.005343333379940176,176.23436628775008,0.006077458411261683,200.44735291453034,0.018422473937388585,0.3298937174191042,True
539,301.30184057910117,324.15232512482,330.15232512482,152.15232512481998,157.15232512481998,0.007965219056422244,262.70966696961005,0.006076998444905748,200.43218225728566,0.01867363240278255,0.3254320484535305,True
540,301.5549692191338,321.18923956292133,327.18923956292133,149.18923956292133,155.18923956292133,0.008038025195856934,265.1109664829999,0.009086079565983942,299.67800256722575,0.027660944955498642,0.3284804470925259,True
541,301.80813406140805,307.2261194115142,314.2261194115142,137.22611941151422,141.22611941151422,0.009784146757494006,322.7017258452636,0.0026940968545242708,88.85697711794688,0.00772668595984396,0.3486743046793477,True
542,302.0613350815524,317.26296467241787,324.26296467241787,146.26296467241787,150.26296467241787,0.00947797086063848,312.60340120067235,0.002239610216517104,73.86705248847522,0.006682108434625555,0.3351652009883322,True
543,302.31457225519557,319.299775347484,326.299775347484,147.299775347484,150.299775347484,0.009418161803509297,310.6307727809297,-0.0006619148384915362,-21.831342685063817,-0.001968066441824921,0.3363274859144314,True
544,302.56784555796617,321.3365514385962,324.3365514385962,147.3365514385962,149.3365514385962,0.004035766135142703,133.1080501139159,0.0018198514718993936,60.02252677926856,0.005388325564299705,0.3377397022846579,True
545,302.82115496549284,326.37329294767096,329.37329294767096,153.37329294767096,156.37329294767096,0.0039737684149851096,131.063234987037,0.0044390712846397486,146.40990167141575,0.013627428543309525,0.3257453356318746,True
546,303.0745004534043,318.4099998766558,321.4099998766558,144.40999987665577,149.40999987665577,0.0040726860501747045,134.325746515471,0.010709711723817524,353.2288039255001,0.03168229676041468,0.338034575106901,True
547,303.3278819973291,342.4466722275313,347.4466722275313,170.44667222753128,176.44667222753128,0.006295206202260738,207.6291327565558,0.008729739251528174,287.9251499871023,0.0292316912898984,0.2986395540700346,True
548,303.581299572896,329.48331000230974,333.48331000230974,156.48331000230974,160.48331000230974,0.005240683181099566,172.84874696444498,0.005721166078980661,188.6960828873862,0.017850484115703984,0.3205048133090944,True
549,303.8347531557335,333.5199132030357,336.5199132030357,159.51991320303569,163.51991320303569,0.003888999132907236,128.26736588335234,0.006866744134599669,226.47965510900724,0.021670301555778287,0.31687349236580803,True
550,304.08824272147035,320.5564818317855,324.5564818317855,146.5564818317855,152.5564818317855,0.005385724015328935,177.6324985458493,0.012039909719982738,397.10152984814056,0.03606063546215602,0.33387957715326644,True
551,304.3417682457351,308.59301589066786,313.59301589066786,133.59301589066786,139.59301589066786,0.006980288997584073,230.22460335580936,0.012099646986244363,399.07179045417035,0.033840195426981814,0.3575525150956116,True
552,304.5953297041566,321.6295153818237,326.6295153818237,147.6295153818237,154.6295153818237,0.006699530182195745,220.96458748342985,0.013419670487688202,442.60894015462503,0.040484974258093234,0.3314728669984399,True
553,304.84892707236327,324.6659803074258,328.6659803074258,148.6659803074258,154.6659803074258,0.005317969236458592,175.3978035215768,0.011865230388204667,391.3402383189528,0.03560004470529788,0.3332925698949733,True
554,305.10256032598386,323.702410669679,329.702410669679,149.702410669679,155.702410669679,0.00797618888218481,263.07147488128015,0.009090353844604555,299.81897726045173,0.027515512409911427,0.3303719628833842,True
555,305.3562294406469,319.73880647082024,324.73880647082024,144.73880647082024,150.73880647082024,0.0067388406810663486,222.2611303648687,0.010901244510669386,359.5459578281344,0.032179870328571274,0.3387597401531661,True
556,305.60993439198126,322.77516771311866,327.77516771311866,146.77516771311866,153.77516771311866,0.006675932822342215,220.18629695499993,0.01355769123401002,447.16115448096747,0.04041417830874541,0.33546868454025225,True
557,305.8636751556154,306.81149439887486,311.81149439887486,131.81149439887486,136.81149439887486,0.007020494664528812,231.55067076193137,0.009148808251871005,301.7469264803157,0.025248961803945612,0.3623439380561515,True
558,306.117451707178,303.8477865304226,307.8477865304226,129.84778653042258,133.84778653042258,0.005679958351811009,187.33696542876643,0.007496684446416547,247.2564106954982,0.02051226950541656,0.36547318396128425,True
559,306.37126402229774,307.88404411012607,309.88404411012607,131.88404411012607,136.88404411012607,0.002812032589551434,92.74674555411069,0.01334853901445553,440.2628746526417,0.03692330923722261,0.3615206570108507,True
560,306.6251120766033,325.9202671403832,330.9202671403832,150.9202671403832,155.9202671403832,0.00661199862076937,218.07761260065973,0.0075430063082735635,248.78420306576044,0.022816642512118384,0.33059229920735794,True
561,306.87899584572324,323.95645562362256,329.95645562362256,149.95645562362256,157.95645562362256,0.007969991040590013,262.86705703793325,0.014602222152571419,481.6119797264421,0.044625041415214395,0.3272203607993282,True
562,307.13291530528625,320.99260956230523,324.99260956230523,147.99260956230523,153.99260956230523,0.005378451639413338,177.39264030198547,0.011881398778435557,391.87350581390854,0.03596997940172381,0.3303143058754756,True
563,307.3868704309209,313.0287289589246,320.0287289589246,140.0287289589246,145.0287289589246,0.00960476886979982,316.7854660658347,0.005632125196135979,185.75932741172284,0.016251938051839616,0.34655098845263305,True
564,307.64086119825595,322.0648138160052,329.0648138160052,149.0648138160052,155.0648138160052,0.009338166687723234,307.9923657166059,0.007799953363309301,257.25885703059186,0.02358846202063886,0.3306681612597162,True
565,307.89488758292,322.1008641361045,327.1008641361045,150.10086413610452,154.10086413610452,0.006689801495285199,220.6437149399107,0.004732080080467755,156.073947647537,0.014372621450889458,0.3292426574120136,True
566,308.1489495605417,325.136879921811,332.136879921811,153.136879921811,160.136879921811,0.009250867766638596,305.1130638013044,0.010160700430162477,335.12125746670176,0.03156417591471083,0.3219060892835467,True
567,308.4030471067497,322.17286117574577,330.17286117574577,150.17286117574577,157.17286117574577,0.010652419180537973,351.3391754221036,0.009133684697419816,301.24811986556665,0.02793768194598934,0.3269306564187235,True
568,308.6571801971726,334.2088079005616,342.2088079005616,163.20880790056162,169.20880790056162,0.010273292070611461,338.83476643065995,0.005406081093219814,178.30391776424182,0.01751971692429938,0.30857125811900094,True
569,308.911348807439,325.2447200989434,332.2447200989434,153.2447200989434,158.2447200989434,0.009247832917519228,305.0129680982479,0.0046958753521982675,154.87983960869622,0.014472145289840211,0.32447679719570555,True
570,309.16555291317775,319.28059777360727,324.28059777360727,146.28059777360727,152.28059777360727,0.0067484370321352375,222.5776381941667,0.010709409517535115,353.2188365270841,0.03209955433671419,0.3336310967185647,True
571,309.41979249001736,301.3164409273022,307.3164409273022,129.3164409273022,134.3164409273022,0.008562965907297566,282.42461454521697,0.007912466218130899,260.96976747895553,0.021772664788274707,0.3634128525412296,True
572,309.6740675135864,319.3522495628083,325.3522495628083,146.3522495628083,152.3522495628083,0.0080838341584896,266.6218423587548,0.009365634729563076,308.89831947292265,0.028025068086868617,0.3341877600629782,True
573,309.9283779595137,312.3880236829382,320.3880236829382,140.38802368293818,145.38802368293818,0.010981897936101836,362.20607732832985,0.0042166748314686805,139.0747991797038,0.012213184135346946,0.34525597786288476,True
574,310.18272380342773,311.4237632905356,319.4237632905356,139.4237632905356,145.4237632905356,0.011015473538754587,363.31347127804133,0.00728310470588734,240.21210191900025,0.021087625182238723,0.34537339519964594,True
575,310.4371050209572,298.45946838847703,303.45946838847703,125.45946838847703,130.45946838847703,0.007215331581994451,237.97680183732388,0.009756829932178867,321.80075952778105,0.026263089981865884,0.3715035031641652,True
576,310.6915215877308,311.49513897966995,316.49513897966995,137.49513897966995,142.49513897966995,0.006915770425451124,228.09664523207948,0.008596934492862203,283.54496989739255,0.024502082482687773,0.3508654621065971,True
577,310.9459734793771,327.5307750670545,333.5307750670545,155.5307750670545,158.5307750670545,0.007883799771076802,260.0242877996852,0.0004134468984269869,13.636347754654139,0.0012791142823059935,0.3232290532176866,True
578,311.20046067152475,323.56637665360176,328.56637665360176,149.56637665360176,153.56637665360176,0.006659732853930275,219.65198794525745,0.004802431800336042,158.39429524456077,0.014433498101648469,0.332728197039604,True
579,311.4549831398025,312.60194374231537,317.60194374231537,138.60194374231537,142.60194374231537,0.0068914775589780704,227.29541543341784,0.005464646839244351,180.23553917037592,0.015591447326979833,0.35049002986324357,True
580,311.7095408598389,317.63747633623075,322.63747633623075,142.63747633623075,148.63747633623075,0.006783075123747485,223.72007526306052,0.011111601526925665,366.4839743841071,0.03247655101290318,0.34214228975579775,True
581,311.9641338072626,307.67297443841426,311.67297443841426,131.67297443841426,137.67297443841426,0.005609795574396598,185.02284955101905,0.013742253707679526,453.2484128036009,0.03799124680377311,0.36172157704270735,True
582,312.2187619577023,323.70843805196523,328.70843805196523,148.70843805196523,152.70843805196523,0.0066568324751948545,219.55632735811344,0.004870590535601643,160.64231359984478,0.01452246803243309,0.3353831128926662,True
583,312.47342528678655,336.7438671800139,341.7438671800139,163.74386718001392,168.74386718001392,0.006401034564258934,211.11957458113676,0.006661920228847889,219.7241321677921,0.021503682502038407,0.3098036919126007,True
584,312.7281237701441,335.77926182572287,341.77926182572287,163.77926182572287,168.77926182572287,0.0076918374298072965,253.69296628945548,0.0053683363288509,177.05901609776353,0.017367029748256758,0.30911079249977996,True
585,312.9828573834036,326.81462199228577,331.81462199228577,150.81462199228577,158.81462199228577,0.006594041019820061,217.48533317537982,0.015852994306521637,522.8650744237168,0.0483423908977988,0.3279315319764931,True
586,313.23762610219353,330.84994768292904,335.84994768292904,156.84994768292904,160.84994768292904,0.006514214677498303,214.852492614662,0.004422331129046426,145.857776152985,0.01373669807813117,0.32193552656491586,True
587,313.4924299021427,321.8852389009096,326.8852389009096,146.8852389009096,153.8852389009096,0.00669424851367773,220.79038695390483,0.013524560631618303,446.0684375752333,0.04049747048893319,0.3339606268819723,True
588,313.7472687588797,321.9204956495173,325.9204956495173,146.9204956495173,152.9204956495173,0.005363044409748232,176.88447748241046,0.01202026777778582,396.4536973081141,0.03591826789977304,0.3346561090119208,True
589,314.0021426480332,305.95571793207296,309.95571793207296,131.95571793207296,133.95571793207296,0.005641078409965498,186.0546232230243,0.0008919639936006245,29.41884737228517,0.002445181447081428,0.3647843781349126,True
590,314.2570515452318,307.9909057519294,313.9909057519294,134.9909057519294,136.9909057519294,0.008379176611479067,276.3628572532907,-0.001991950824272226,-65.69872516468504,-0.005545066919331773,0.359229357057475,True
591,314.5119954261042,335.0260591124709,340.0260591124709,160.02605911247088,165.02605911247088,0.0064336132339026806,212.19408758470834,0.006928205234358837,228.50677136719705,0.02182635882603807,0.3174237759755757,True
592,314.76697426627896,329.06117801711366,331.06117801711366,153.06117801711366,158.06117801711366,0.0026316079544050704,86.79596184349859,0.01132855492032589,373.63955332353953,0.03467068972316817,0.3267473191557465,True
593,315.0219880413848,328.09626246930543,333.09626246930543,154.09626246930543,159.09626246930543,0.006568476566528789,216.642163770642,0.007299395398706344,240.74940321038585,0.02249016234162685,0.32455948017751546,True
594,315.27703672705036,325.1313124725257,330.1313124725257,152.13131247252568,156.13131247252568,0.006627921303473142,218.60277614490622,0.004643477147936549,153.15163669376165,0.014177757609433765,0.3275184465593358,True
595,315.53212029890426,315.16632803028574,320.16632803028574,140.16632803028574,147.16632803028574,0.006835843304043726,225.46048076528467,0.014328914382765182,472.59771499908203,0.04156541481244954,0.3447316584573921,True
596,315.7872387325752,311.2013091461281,317.2013091461281,136.2013091461281,141.2013091461281,0.008293555769874268,273.5389019264729,0.007363885551411672,242.87642400165652,0.02073293278539211,0.3551781905452409,True
597,316.0423920036917,310.2362558236273,315.2362558236273,135.2362558236273,141.2362558236273,0.006943610232687147,229.01486059259446,0.011909447352725259,392.79860675067164,0.03358134984949155,0.3546446883791831,True
598,316.2975800878826,310.27116806638946,313.27116806638946,134.27116806638946,141.27116806638946,0.004179005733315559,137.83239314406907,0.017891763307239315,590.1079614570189,0.05042592803403772,0.3548127720160608,True
599,316.55280296077626,303.30604587805215,309.30604587805215,128.30604587805215,133.30604587805215,0.008507341760290742,280.59001325777973,0.008095383675377467,267.0027697022186,0.021903908981228407,0.3695862543217829,True
600,316.8080605980016,321.3408892622847,326.3408892622847,146.3408892622847,151.3408892622847,0.006705501436162099,221.16153199051493,0.007885090308386354,260.06685243279856,0.02335231506382255,0.337657756279674,True
601,317.0633529751872,321.37569822278783,326.37569822278783,147.37569822278783,152.37569822278783,0.00670478072507289,221.13776142389443,0.007785052281898194,256.76738804433194,0.023260164794016425,0.3346946313940503,True
602,317.3186800679616,312.41047276329414,318.41047276329414,137.41047276329414,141.41047276329414,0.008261759514551286,272.49019459179556,0.004199980875815291,138.5241974324021,0.011844085324696633,0.35460575980972736,True
603,317.5740418519535,320.44521288756755,324.44521288756755,143.44521288756755,149.44521288756755,0.005387582561118993,177.69379729257497,0.012408366103440368,409.2539958513116,0.03619039195330158,0.342863545646357,True
604,317.8294383027916,318.4799185994036,322.4799185994036,141.47991859940362,146.47991859940362,0.005420621945804506,178.78350564662378,0.009662666734330784,318.69505933645763,0.027801761408380185,0.3475559189360643,True
605,318.08486939610447,316.5145899026295,321.5145899026295,141.5145899026295,146.5145899026295,0.006806951568850827,224.50757060965236,0.008272705101659335,272.8512030616912,0.02394719203348394,0.345456164133653,True
606,318.3403351075208,320.54922680110394,326.54922680110394,146.54922680110394,151.54922680110394,0.008053926124880694,265.63541254515457,0.006516267401561939,214.92019576900321,0.019356031507600513,0.3366530685281848,True
607,318.5958354126692,305.5838292987171,310.5838292987171,130.5838292987171,136.5838292987171,0.007048471445815807,232.47340381455996,0.012461413195838432,411.0036004609131,0.03432799149430065,0.36301026227844857,True
608,318.8513702871784,322.6183973993907,326.6183973993907,147.6183973993907,152.6183973993907,0.005351514031524459,176.50418137231685,0.009114888659826834,300.62818703742687,0.027209337696400476,0.3349911990335819,True
609,319.1069397066769,316.6529311070781,322.6529311070781,141.65293110707808,147.65293110707808,0.008152102322765467,268.8734699128117,0.009864404940675519,325.3488094252439,0.028640149865354184,0.34442574452476693,True
610,319.3625436467934,308.68743042576375,315.68743042576375,135.68743042576375,139.68743042576375,0.00973834452127471,321.1910718207603,0.0028793658689545976,94.96753863998504,0.008098578914884714,0.35553964457424647,True
611,319.6181820831566,300.72189535946427,306.72189535946427,126.72189535946427,129.72189535946427,0.008579729283094709,282.97750591477734,0.0015818962486616895,52.17426334700889,0.004223768917162834,0.3745224418489902,True
612,319.8738549913952,327.7563259122271,334.7563259122271,154.7563259122271,157.7563259122271,0.009177710041291903,302.7001682455209,-0.000839337424023168,-27.683112489225266,-0.002572111434350488,0.3263223407873533,True
613,320.1295623471377,331.79072208813136,335.79072208813136,156.79072208813136,160.79072208813136,0.005204454774048767,171.65385794962484,0.005736170565111647,189.19096237865935,0.017776885361151462,0.3226757921073806,True
614,320.38530412601284,329.82508389128793,334.82508389128793,154.82508389128793,159.82508389128793,0.006534304747676541,215.51510535745476,0.007269312314797455,239.75719986994514,0.022380357002497214,0.32480770141362536,True
615,320.6410803036492,320.8594113258389,326.8594113258389,145.8594113258389,151.8594113258389,0.008046211832350717,265.380978962462,0.009461043734620148,312.04510900462253,0.028020284985373758,0.33764980404584377,True
616,320.89689085567545,331.89370439595746,335.89370439595746,154.89370439595746,159.89370439595746,0.005202849533881053,171.60091375475977,0.008594748415192761,283.47286846082943,0.026310357099241323,0.3266678739012857,True
617,321.1527357577203,320.9279631058489,324.9279631058489,142.9279631058489,148.9279631058489,0.00537952837097588,177.42815317215354,0.012479516771385552,411.6006944352599,0.03616720819454607,0.34505059677974903,True
618,321.4086149854122,309.96218745974943,314.96218745974943,132.96218745974943,138.96218745974943,0.006949700905915791,229.21574379796317,0.01221878959120029,403.00136399736465,0.03380294356451991,0.36147117093155523,True
619,321.6645285143801,314.9963774619266,317.9963774619266,136.9963774619266,142.9963774619266,0.004116613312720882,135.77455996713473,0.014499338836276243,478.21867169948433,0.04091849727951945,0.3543468064633317,True
620,321.92047632025236,323.0305331166801,329.0305331166801,146.0305331166801,153.0305331166801,0.00799262698822581,263.61363817058225,0.012341793528663103,407.05829240296237,0.036446356587939814,0.3386290066850477,True
621,322.1764583786578,318.06465442833996,323.06465442833996,139.06465442833996,148.06465442833996,0.006774035765781979,223.42193823708354,0.020460600664582128,674.8336170687745,0.05861488370820829,0.34906834868831915,True
622,322.43247466522496,318.0987414012684,324.0987414012684,141.0987414012684,149.0987414012684,0.00811539373617856,267.66274356757754,0.01583544381757572,522.2862224080378,0.04588373276167937,0.3451210889886661,True
623,322.6885251555826,320.1327940398585,327.1327940398585,142.13279403985848,149.13279403985848,0.009393917914887947,309.83115837476623,0.011484943173314133,378.7975666273136,0.03310798986961524,0.3468934000083891,True
624,322.9446098253593,313.16681234853513,320.16681234853513,136.16681234853513,141.16681234853513,0.009600580344080498,316.64731968354164,0.006060756996993908,199.89650516644855,0.016897671990919474,0.358674082456498,True
625,323.2007286501836,311.20079633175374,317.20079633175374,134.20079633175374,140.20079633175374,0.008293569306800863,273.53934840276594,0.010701818203301832,352.96845902711067,0.02973266615709313,0.35993469764058705,True
626,323.4568816056843,330.2347459940022,333.2347459940022,152.2347459940022,158.2347459940022,0.003927512390482368,129.53761407110557,0.012860554907375284,424.16813308314914,0.03898570850910776,0.3298787016881027,True
627,323.71306866749,324.26866133979865,326.26866133979865,147.26866133979865,152.26866133979865,0.0026703823750715465,88.07482373895597,0.011829808170073192,390.17193910926045,0.03511582005231164,0.3368797354710914,True
628,323.9692898112294,320.3025423736933,323.3025423736933,142.3025423736933,148.3025423736933,0.004048733960338989,133.53575624660405,0.013887203062089805,458.0291471882857,0.04020566650483516,0.3454041250732585,True
629,324.22554501253103,330.3363891002673,334.3363891002673,154.3363891002673,159.3363891002673,0.00522723047019684,172.40504828195313,0.008619405288086787,284.28610395637793,0.02642543415501778,0.326178379417471,True
630,324.4818342470236,331.3702015241329,335.3702015241329,156.37020152413288,161.37020152413288,0.005211019946130047,171.87039112452612,0.00845832554806289,278.9733555488988,0.026273779527304295,0.3219302932519781,True
631,324.73815749033565,335.40397964993394,340.40397964993394,159.40397964993394,164.40397964993394,0.006426417451968015,211.95675557133225,0.00698674893166285,230.43766556018315,0.02186258038882034,0.31957567713441537,True
632,324.994514718096,345.43772348234575,350.43772348234575,170.43772348234575,175.43772348234575,0.006241087507893391,205.84418446155414,0.006316170955257053,208.32059437722793,0.02080110371853262,0.30364595267267946,True
633,325.2509059059332,339.471433026074,346.471433026074,164.471433026074,170.471433026074,0.008864198643000238,292.3599033447116,0.006696936904922728,220.87905574802767,0.02150836542643262,0.3113642888311984,True
634,325.50733102947595,333.505108285857,341.505108285857,158.50510828585698,164.50510828585698,0.010294713933082155,339.5413044826182,0.005841411291973525,192.66202276126512,0.018246511739997806,0.32013852155470823,True
635,325.76379006435286,310.5387492664627,317.5387492664627,133.53874926646267,138.53874926646267,0.00968093033825377,319.29743138301217,0.006283027868649729,207.2274657158215,0.017291135937908486,0.36336698127941014,True
636,326.0202829861925,301.5723559726914,308.5723559726914,125.57235597269141,131.5723559726914,0.009965487546052459,328.68272622111476,0.010305121309576292,339.8845616351754,0.02745507026844691,0.37534492568462247,True
637,326.27680977062363,308.605928409374,315.605928409374,134.60592840937397,137.60592840937397,0.009740887764394617,321.2749533246237,-0.00016793077713722453,-5.538710012011165,-0.000465925569401932,0.3604240423052605,True
638,326.5333703932748,327.6394665813732,334.6394665813732,153.6394665813732,158.6394665813732,0.009180949102270398,302.8069992849344,0.004727501125179641,155.922924077402,0.014478014019939678,0.326529668963488,True
639,326.78996482977476,325.6729704935824,331.6729704935824,149.6729704935824,156.6729704935824,0.007928364952459657,261.49414115545585,0.011922334707108791,393.22365878680955,0.03594559946530733,0.3316771700696092,True
640,327.04659305575206,347.70644015092626,352.70644015092626,170.70644015092626,175.70644015092626,0.00620065495079175,204.5106337411458,0.006337119168945777,209.01151049677088,0.02072347262772369,0.30579426927068354,True
641,327.30325504683543,337.7398755583606,340.7398755583606,158.7398755583606,164.7398755583606,0.003840621432110438,126.6717676235863,0.012272076645780962,404.75888306413685,0.038140435514800154,0.32176026519201284,True
642,327.55995077865344,333.77327672087245,337.77327672087245,156.77327672087245,164.77327672087245,0.00517372463136086,170.64031325056735,0.016441018008389766,542.2593321074975,0.05138476211111098,0.3199590176721808,True
643,327.8166802268348,311.8066436434799,315.8066436434799,134.8066436434799,142.8066436434799,0.005535897612549786,182.5855394395217,0.019501218566102214,643.1911788881137,0.055022369598270324,0.35442345919459006,True
644,328.07344336700805,305.8399763312325,310.8399763312325,129.8399763312325,135.8399763312325,0.007042615817789842,232.2802728940288,0.012576553760746855,414.80117831125426,0.03438118672015859,0.36579754687097216,True
645,328.330240174802,313.8732747892102,319.8732747892102,135.8732747892102,142.8732747892102,0.008223617950033488,271.2322056223533,0.013593338527070536,448.33687713491594,0.038095399282875926,0.35682362655221755,True
646,328.5870706258451,327.9065390225246,331.9065390225246,148.9065390225246,154.9065390225246,0.005265731363428791,173.674888667679,0.01189024991727372,392.1654349774387,0.03529403714104453,0.3368911827728027,True
647,328.84393469576617,317.93976903631847,321.93976903631847,140.93976903631847,146.93976903631847,0.005429773739594059,179.0853510424123,0.012676023668186036,418.08190493932796,0.03653313998254308,0.34697328710981645,True
648,329.10083236019375,339.9729648357652,345.9729648357652,165.9729648357652,169.9729648357652,0.00759778063601428,250.59077552752413,0.002744717211440005,90.52654289046532,0.008852936329486328,0.31003467203285096,True
649,329.35776359475653,337.00612642606984,341.00612642606984,161.00612642606984,165.00612642606984,0.0051243855108420245,169.0130053475128,0.00553328205792306,182.49927295016838,0.01739868486859902,0.3180287533059165,True
650,329.61472837508313,321.0392538124679,327.0392538124679,146.0392538124679,149.0392538124679,0.00804174591211601,265.23368352598226,0.000789316364794148,26.033312814107944,0.0023100102904082347,0.3416938738635042,True
651,329.87172667680215,317.0723470002265,325.0723470002265,141.0723470002265,148.0723470002265,0.010821659522331698,356.9210776291251,0.010210408944957986,336.76074876944915,0.029457809929320344,0.3466112711520765,True
652,330.1287584755424,315.1054059946432,322.1054059946432,139.1054059946432,145.1054059946432,0.009542159721601929,314.72048475699586,0.008797424812994874,290.15756207591113,0.025084389411052885,0.35071313352831635,True
653,330.3858237469324,329.138430801047,334.138430801047,154.13843080104698,159.13843080104698,0.006547834453352365,215.96134348940248,0.0073163035344237445,241.30706906639446,0.02245577040917599,0.3258095091422078,True
654,330.6429224666007,322.1714214247977,328.1714214247977,148.1714214247977,152.1714214247977,0.008013744921719346,264.3101520060304,0.003554905298485426,117.24824897572807,0.010594418324692994,0.3355451134301364,True
655,330.90005461017614,325.20437787128617,331.20437787128617,149.20437787128617,155.20437787128617,0.007939685277172448,261.86750925923536,0.009182715873063655,302.86527109935923,0.027510997375667805,0.333783459307998,True
656,331.1572201532873,316.23730014593457,322.23730014593457,141.23730014593457,146.23730014593457,0.008162716575826614,269.22355028939296,0.0069460367663209815,229.09489277228982,0.0200410380479028,0.3465906680940537,True
657,331.41441907156275,328.27018825419555,333.27018825419555,152.27018825419555,157.27018825419555,0.006565022594544381,216.52824451452128,0.007466499386009006,246.26084395578252,0.02263375915927778,0.3298833098587789,True
658,331.67165134063123,333.3030422015531,339.3030422015531,158.30304220155313,165.30304220155313,0.007748475887424415,255.56102167284988,0.011043109387609154,364.2249596624257,0.034745501771478594,0.31782846194709635,True
659,331.92891693612137,317.3358619935218,326.3358619935218,144.3358619935218,148.3358619935218,0.012145647977275152,400.58899983012935,-0.0002737385234937925,-9.02847188939819,-0.0007997461296771925,0.34228177334760423,True
660,332.1862158336617,319.36864763564745,325.36864763564745,143.36864763564745,146.36864763564745,0.008083422930671604,266.60827920093715,0.0009104486247730713,30.02850936211513,0.0026208794764080276,0.34738286631205983,True
661,332.44354800888107,329.40139913350663,331.40139913350663,151.40139913350663,157.40139913350663,0.002628898117010053,86.70658571026934,0.014249801752991332,469.98841417838196,0.04311971956199232,0.3304706500352974,True
662,332.70091343740796,320.43411649270683,325.43411649270683,143.43411649270683,147.43411649270683,0.006724330690817714,221.78256038720093,0.005221198261373888,172.20609335557344,0.015069450623450772,0.34647568725888156,True
663,332.958312094871,329.46679971888693,335.46679971888693,154.46679971888693,157.46679971888693,0.007837888234280919,258.51002881242175,0.0005159641262861957,17.017581415494305,0.0015696228982273216,0.3287185265129019,True
664,333.215743956899,328.49944881771603,333.49944881771603,154.49944881771603,156.49944881771603,0.006560475281708617,216.37826457897546,-0.000974597359954363,-32.14426948580069,-0.0029704729782334426,0.3280950094802618,True
665,333.4732089991205,315.53206379489416,321.53206379489416,140.53206379489416,146.53206379489416,0.008180790060967955,269.8196518189089,0.009976452131834563,329.04436130721496,0.02881037460088535,0.346279847799271,True
666,333.73070719716407,333.5646446561527,339.5646446561527,158.56464465615272,164.56464465615272,0.007742452890771974,255.36237058321709,0.008387724824813262,276.644795296966,0.026311971620205057,0.318779791415262,True
667,333.9882385266585,323.59719140725383,328.59719140725383,148.59719140725383,153.59719140725383,0.006659103513738257,219.63123098288335,0.007713569960078632,254.4097508184868,0.02308502711540836,0.33413735758318097,True
668,334.2458029632324,325.62970405399005,330.62970405399005,150.62970405399005,153.62970405399005,0.006617853857347648,218.27073061042333,0.0019467172648650905,64.20682729677677,0.005831287659026553,0.33384003305885035,True
669,334.5034004825144,316.6621826021851,322.6621826021851,141.6621826021851,145.6621826021851,0.008151866375044118,268.8656878610114,0.0039410180319377555,129.98305851448157,0.011345245787865995,0.3473717630827149,True
670,334.76103106013306,310.6946270576934,313.6946270576934,133.69462705769342,137.69462705769342,0.0041733372667470585,137.64543520180905,0.008629702728627318,284.6257351901052,0.023845219657584106,0.36190493744865093,True
671,335.01869467171707,323.72703742640033,327.72703742640033,147.72703742640033,151.72703742640033,0.005333299233992576,175.90341906312943,0.006269690366974337,206.78756687581114,0.01857223026171001,0.3375841392565776,True
672,335.2763912928952,337.7594137142221,340.7594137142221,159.7594137142221,164.7594137142221,0.0038404002455049145,126.66447242441306,0.0095433795428122,314.7607170245134,0.029788681744161258,0.3203693142507978,True
673,335.534120899296,322.79175592710544,328.79175592710544,147.79175592710544,151.79175592710544,0.007998485223820613,263.80685509421465,0.003599490634129416,118.71876706139409,0.010666027151012943,0.33747247997466195,True
674,335.79188346654803,339.82406407102803,345.82406407102803,164.82406407102803,169.82406407102803,0.0076010807926025735,250.69962162856874,0.005377530660825892,177.36226449232103,0.017260861348663982,0.3115447457807268,True
675,336.04967897028007,329.85633815199844,336.85633815199844,154.85633815199844,159.85633815199844,0.009119889858406402,300.79313707884825,0.0046809850554372714,154.38872632286558,0.014356412114187077,0.3260553554889595,True
676,336.30750738612073,333.8885781760557,338.8885781760557,158.88857817605572,163.88857817605572,0.0064553689708874784,212.91163751992903,0.007000639788464678,230.89581521538796,0.021944990122793644,0.31900856410927747,True
677,336.5653686896986,310.9207841492698,315.9207841492698,136.92078414926982,140.92078414926982,0.006928444359944484,228.5146582316417,0.005577229084011515,183.94873824499837,0.015782000833340224,0.35339176210340545,True
678,336.8232628566424,331.9529560777412,334.9529560777412,156.9529560777412,160.9529560777412,0.003907274505214562,128.87012607595895,0.007022183197958724,231.60636214366204,0.021821850823173387,0.32179594915485454,True
679,337.0811898625807,328.98509396760164,332.98509396760164,152.98509396760164,157.98509396760164,0.0052485719227729,173.1089342465688,0.008718423303235462,287.5519262268558,0.026566960160888987,0.32816789163821763,True
680,337.3391496831422,332.0171978250128,339.0171978250128,156.01719782501277,162.01719782501277,0.009061149988229501,298.85577269216896,0.007327493143803361,241.67612590372886,0.022593101382699963,0.3243243598868717,True
681,337.5971422939555,319.0492676561678,325.0492676561678,143.04926765616779,148.04926765616779,0.008091439818141246,266.8726930007791,0.006829184854711182,225.24087111057264,0.01979717629326277,0.3449575208882309,True
682,337.85516767064934,330.0813034672897,335.0813034672897,154.08130346728967,158.08130346728967,0.006529270550416351,215.3490669501849,0.004601293948075037,151.7603460953699,0.014003984716040578,0.32857033489936466,True
683,338.1132257888523,332.1133052646328,337.1133052646328,155.1133052646328,162.1133052646328,0.006489618855312844,214.04127069980757,0.012679989481287735,418.21270579136115,0.03909990092572494,0.3242972278977108,True
684,338.37131662419296,325.145273054482,331.145273054482,150.145273054482,156.145273054482,0.007941115435795083,261.9146788967312,0.009076061961761011,299.3476009234546,0.02741782818334839,0.33102774957475134,True
685,338.62944015230005,310.17720684315236,314.17720684315236,133.17720684315236,138.17720684315236,0.005564793512985389,183.53858697361355,0.010441713868635155,344.38967134360814,0.02884777103239156,0.3619591217952588,True
686,338.88759634880216,330.2091066369903,335.2091066369903,154.20910663699033,159.20910663699033,0.006526762374736938,215.26634204421902,0.00733112182289195,241.79580736737097,0.022418409721983435,0.32701346410414966,True
687,339.1457851893281,326.24097244237237,331.24097244237237,149.24097244237237,154.24097244237237,0.0066055479955286255,217.86485742133095,0.007706136459840232,254.16457835578177,0.022948769924989558,0.33579736452230513,True
688,339.4040066495063,318.2728042657054,323.2728042657054,141.27280426570542,145.27280426570542,0.00676963990820528,223.27695361433305,0.005356114087796122,176.65590089724256,0.015300433068149464,0.350062907627485,True
689,339.66226070496543,321.304602113428,326.304602113428,143.30460211342802,150.30460211342802,0.006706252917755336,221.18631743303632,0.014005887709410459,461.9436163260647,0.04075579864686316,0.3436538645891177,True
690,339.9205473313343,321.33636599200804,325.33636599200804,142.33636599200804,147.33636599200804,0.005372733369792778,177.20403975038505,0.009621346931521502,317.3322453876656,0.02758150119452898,0.34883333084966295,True
691,340.1788665042414,316.3680959079445,320.3680959079445,137.3680959079445,142.3680959079445,0.005456579357257405,179.96945665700605,0.010070218849062382,332.13698473429974,0.02818644480223873,0.3572716928196119,True
692,340.43721819931545,315.39979186776736,320.39979186776736,138.39979186776736,141.39979186776736,0.006830822891706819,225.2948970137599,0.0024825103051424385,81.87840797507658,0.006963861938041372,0.35648471024120554,True
693,340.69560239218504,324.43145387803656,326.43145387803656,145.43145387803656,148.43145387803656,0.0026690465451850057,88.0307652614508,0.006198549034387114,204.4411761915908,0.01794780324410702,0.345365332463311,True
694,340.9540190584788,318.46308194534254,322.46308194534254,141.46308194534254,145.46308194534254,0.0054209067446206564,178.79289891021315,0.006688762559120225,220.60944864139842,0.019161577790421394,0.34907159693623163,True
695,341.2124681738255,316.49467607630686,319.49467607630686,136.49467607630686,141.49467607630686,0.004097216737248972,135.13482013744758,0.011527170314548665,380.19030650455,0.032065601086286935,0.3594871115476558,True
696,341.4709497138537,330.52623627758067,333.52623627758067,150.52623627758067,155.52623627758067,0.003924064327770293,129.42388971520737,0.01026739513560171,338.64027311897837,0.03051594239097286,0.3364600379714632,True
697,341.72946365419205,314.55776255584647,318.55776255584647,134.55776255584647,139.55776255584647,0.0054877853199582225,180.99869490023906,0.01035745572625165,341.6106607014336,0.02848483949541634,0.3636129221622726,True
698,341.9880099704692,320.589254917817,325.589254917817,142.58925491781702,147.58925491781702,0.00672110172634518,221.67606235177627,0.008246838884324537,271.998080844505,0.023715617109628728,0.34773874304861563,True
699,342.2465886383138,328.6207133702351,333.6207133702351,150.62071337023508,156.62071337023508,0.006558072582911644,216.29901852229958,0.010406424984578028,343.2257697719492,0.03119366295276574,0.3336070214112305,True
700,342.50519963335444,320.6521379198746,324.6521379198746,141.65213791987458,147.65213791987458,0.005384127278691847,177.57983481529828,0.012632478805012028,416.64570382274263,0.036248690097077325,0.3484947668779503,True
701,342.76384293121987,332.68352857353943,334.68352857353943,151.68352857353943,156.68352857353943,0.0026030399757339165,85.85372985847333,0.011481880501180841,378.69655326277524,0.034238300937458215,0.33535193589642054,True
702,343.0225185075386,321.7148853380638,326.7148853380638,144.71488533806382,148.71488533806382,0.006697766039648329,220.9064023540774,0.005143469709279298,169.64244232599685,0.014935178794815367,0.34438621592296,True
703,343.2812263379394,330.74620822031306,335.74620822031306,152.74620822031306,156.74620822031306,0.006516242627001337,214.91937865191966,0.004710363072995571,155.3576750930498,0.014138048488361771,0.3331692543615953,True
704,343.53996639805086,326.77749722718227,333.77749722718227,148.77749722718227,153.77749722718227,0.009204911644651408,303.59733430071594,0.005150628091840692,169.8785408294308,0.015187339970146211,0.3391395795422565,True
705,343.79873866350164,312.808752365597,317.808752365597,133.808752365597,138.808752365597,0.006886957301518583,227.14632784105066,0.009045372077699787,298.3353840385267,0.02483138920329496,0.36427168869390225,True
706,344.0575431099204,321.83997364251354,327.83997364251354,142.83997364251354,147.83997364251354,0.008021922144849866,264.5798540129856,0.0069201929207324455,228.24250842231953,0.019809894431210274,0.34933012615300746,True
707,344.3163797129357,323.87116106491794,329.87116106491794,143.87116106491794,150.87116106491794,0.007972070866289902,262.9356540612043,0.0126604132539526,417.5670406656058,0.036583565751674346,0.3460683231342249,True
708,344.5752484481763,325.9023146398274,329.9023146398274,145.9023146398274,150.9023146398274,0.0052979176813726025,174.73646108748324,0.009335801911006424,307.914370409844,0.027110795162919258,0.34435736225750585,True
709,344.83414929127076,328.93343437428916,332.93343437428916,149.93343437428916,153.93343437428916,0.005249391258822329,173.13595767168198,0.006185078617522681,203.9968935292648,0.018292717549167056,0.3381169911413361,True
710,345.0930822178478,336.9645202753802,342.9645202753802,158.9645202753802,163.9645202753802,0.007665019074028486,252.80844054503876,0.005784659867837323,190.7902415046213,0.01788747487771766,0.32339164177070323,True
711,345.35204720353596,318.9955723502087,323.9955723502087,138.9955723502087,143.9955723502087,0.006754420174042855,222.77497479054253,0.008593752023841812,283.4400053797108,0.02410678800139826,0.3564868128986471,True
712,345.611044223964,320.0265906059126,326.0265906059126,143.0265906059126,147.0265906059126,0.008066957606771905,266.06521820944454,0.003912142628501978,129.03068701452764,0.011247826555749463,0.34781320721044007,True
713,345.8700732547605,337.0575750496603,342.0575750496603,158.05757504966027,163.05757504966027,0.006395120611315666,210.92451998223694,0.007130544085694776,235.18033199031876,0.021918318135837583,0.3253235052755242,True
714,346.1291342715541,341.0885256886504,347.0885256886504,162.0885256886504,168.0885256886504,0.007573146809926167,249.77830016407788,0.00821264912216002,270.8704306231633,0.02574429452837882,0.3190085132496808,True
715,346.3882272499735,334.1194425301121,339.1194425301121,154.1194425301121,161.1194425301121,0.00645094151001695,212.7656105541195,0.012839579607649879,423.47632360918294,0.038952136394136035,0.3296245288764902,True
716,346.64735216564725,337.1503255813045,343.1503255813045,158.15032558130451,165.15032558130451,0.007660831880934223,252.6703381155212,0.01114851199877554,367.70135932966673,0.034496374518238455,0.32317923707841384,True
717,346.9065089942041,349.18117484951676,356.18117484951676,169.18117484951676,174.18117484951676,0.008620140218703536,284.3103435129054,0.004029038799216801,132.88616843455873,0.012885326311619061,0.3126842659454967,True
718,347.1656977112726,347.21199034206916,353.21199034206916,166.21199034206916,171.21199034206916,0.00744072362898479,245.4107053097825,0.0054311022658655875,179.12916863134257,0.017121104686521307,0.31721681312662353,True
719,347.42491829248155,331.24277206631086,336.24277206631086,148.24277206631086,152.24277206631086,0.0065065469814035845,214.59959588034766,0.005056608610644663,166.7775807153773,0.014587300427332592,0.3466445786754325,True
720,347.68417071345937,332.27352002962243,336.27352002962243,147.27352002962243,153.27352002962243,0.005196937696230126,171.40592892264758,0.012145526536169063,400.58499444718746,0.034971453849018945,0.34729830188371713,True
721,347.9434549498349,326.3042342394142,331.3042342394142,142.3042342394142,147.3042342394142,0.00660427704187105,217.82293869822365,0.008393131075321011,276.8231048023773,0.023562422817269692,0.35620832120750345,True
722,348.2027709772367,317.3349147031265,322.3349147031265,133.33491470312651,138.33491470312651,0.0067894921274951735,223.9317215348776,0.00919842708345465,303.3834598422262,0.024728632555122834,0.3719747569118651,True
723,348.4621187712934,311.36556142822974,314.36556142822974,128.36556142822974,133.36556142822974,0.004164387485395626,137.3502526008497,0.012430785460020997,409.9934333556978,0.032832981626544085,0.3786066584330931,True
724,348.72149830763374,332.39617442222516,336.39617442222516,147.39617442222516,153.39617442222516,0.005195031447027302,171.34305681709873,0.01213328552331583,400.18126011329616,0.0349558484157592,0.34710316222351395,True
725,348.98090956188616,338.4267536926434,342.4267536926434,153.4267536926434,159.4267536926434,0.005103000559250607,168.30768469393794,0.011557106320525458,381.17765890563965,0.03421438190261336,0.3377850388594249,True
726,349.24035250967955,340.4572992470455,345.4572992470455,157.4572992470455,162.4572992470455,0.006331723738228364,208.83355785078732,0.0072447073149021655,238.94567525492954,0.0218689991277956,0.33127749800374306,True
727,349.4998271266424,326.48781109302286,331.48781109302286,143.48781109302286,148.48781109302286,0.006600591680140619,217.70138772190947,0.008275203061515034,272.9335910283179,0.023448190254129798,0.3529143602055843,True
728,349.75933338840343,322.51828923819653,327.51828923819653,139.51828923819653,144.51828923819653,0.0066812093594389894,220.36032823946644,0.008610460188371099,283.99107576560596,0.023943353186180055,0.35961797503538473,True
729,350.01887127059126,335.5487336902179,342.5487336902179,152.5487336902179,157.5487336902179,0.008966762195217587,295.74266488025467,0.005039547747223358,166.2148775786681,0.01482973523016117,0.339827223413522,True
730,350.27844074883444,347.5791444567685,355.5791444567685,167.57914445676852,171.57914445676852,0.009882570767759192,325.947956586116,0.0003619583270292725,11.938146443576727,0.001143076488309749,0.3166527618501673,True
731,350.5380417987618,325.6095215455598,330.6095215455598,143.6095215455598,147.6095215455598,0.006618260947212588,218.28415728985144,0.00531287629589943,175.22982763683146,0.01505672250082827,0.35285742269655096,True
732,350.79767439600187,346.63986496433336,352.63986496433336,165.63986496433336,169.63986496433336,0.007452899687905133,245.81229732643723,0.0029101506177574427,95.9828843634925,0.009115340818129206,0.31925856375765327,True
733,351.0573385161833,337.6701747208608,343.6701747208608,153.6701747208608,159.6701747208608,0.007649141151252468,252.2847532772927,0.008985074311969824,296.34663698188945,0.026629497815747045,0.33741058033233373,True
734,351.3170341349347,357.70045082294337,364.70045082294337,172.70045082294337,180.70045082294337,0.008416812658915253,277.60417320681,0.011248952143227206,371.0140864138015,0.03621666569037001,0.31060154016934516,True
735,351.57676122788484,345.73069327841336,350.73069327841336,159.73069327841336,165.73069327841336,0.006235836641083734,205.6709998371144,0.009778733813681106,322.5231955805791,0.029591260931630843,0.3304601935103202,True
736,351.83651977066233,335.76090209513177,339.76090209513177,149.76090209513177,156.76090209513177,0.005143278042114141,169.6361207400153,0.014696028554266336,484.7059120306666,0.042810160251900216,0.3432836613503222,True
737,352.0963097388957,341.7910772809905,345.7910772809905,156.79107728099052,162.79107728099052,0.005053061699395505,166.66059612695148,0.01125619137574397,371.252851518706,0.03382154395707983,0.33281128117711856,True
738,352.3561311082137,341.8212188439111,348.8212188439111,157.82121884391108,163.82121884391108,0.008803876836470817,290.37036337197577,0.007400882870779014,244.0966733608912,0.0222963030808957,0.33193318389721593,True
739,352.6159838542449,337.85132679184494,343.85132679184494,153.85132679184494,158.85132679184494,0.0076450756563083665,252.15066470857084,0.006244525035624074,205.95756135162202,0.018447521180660446,0.3385021203916846,True
740,352.875867952618,341.8814011327738,346.8814011327738,156.88140113277382,161.88140113277382,0.006305539579766808,207.96994926694447,0.007319955676670884,241.42752439432377,0.021873856539595424,0.3346440378915584,True
741,353.1357833789617,325.91144187470877,332.91144187470877,141.91144187470877,147.91144187470877,0.009229114089472015,304.39558180321814,0.008755243928244201,288.76634783474134,0.02454480427429146,0.35670457300873876,True
742,353.39573010890456,333.9414490256911,342.9414490256911,149.9414490256911,155.9414490256911,0.011549651231283209,380.9317743922086,0.005490210658165327,181.07868765224805,0.015913491789328722,0.34500351845136557,True
743,353.6557081180752,326.97142259379234,332.97142259379234,140.97142259379234,145.97142259379234,0.007897164763976115,260.4650933580457,0.007239593395360205,238.77700743923475,0.02001220437145177,0.36175891775759506,True
744,353.91571738210234,346.0013625871136,351.0013625871136,159.0013625871136,165.0013625871136,0.0062309933098839525,205.51125659370763,0.009855691247016098,325.0614134926116,0.029618985392804068,0.33274911737559176,True
745,354.1757578766146,331.0312690137855,336.0312690137855,143.0312690137855,149.0312690137855,0.006510673149492086,214.73568557690368,0.011335734532756062,373.8763520326698,0.031596090764714674,0.35877015980139493,True
746,354.4358295772406,333.0611418819692,338.0611418819692,145.0611418819692,151.0611418819692,0.006471287393284662,213.4366605503093,0.011130384055737047,367.10346166423506,0.031317229740914984,0.3554076828575788,True
747,354.6959324596091,340.0909811998554,344.0909811998554,151.09098119985538,156.09098119985538,0.005078174567439567,167.48887130102693,0.009061094506007956,298.8539427718815,0.026050651246889746,0.34782602631056236,True
748,354.9560664993486,343.12078697566426,348.12078697566426,155.12078697566426,159.12078697566426,0.006282927312567195,207.22414916485582,0.00477399134577766,157.45626927282393,0.01394313755671599,0.3423900342629964,True
749,355.21623167208776,351.15055921764656,355.15055921764656,163.15055921764656,167.15055921764656,0.004919138466081564,162.24352639237443,0.005600128715632582,184.70401622973216,0.01696470286761901,0.3301047333002042,True
750,355.4764279534553,347.18029793408255,353.18029793408255,159.18029793408255,165.18029793408255,0.007441397070605549,245.4329168299754,0.00862753481409815,284.5542328120862,0.025803748891707907,0.3343519908795356,True
751,355.7366553190798,346.2100031332818,351.2100031332818,156.21000313328182,162.21000313328182,0.006227265047437415,205.38829066160116,0.010141526530277833,334.4888619459355,0.029778970830568505,0.3405600075294551,True
752,355.9969137445899,339.23967482358444,344.23967482358444,148.23967482358444,155.23967482358444,0.006354284583873137,209.5776619619118,0.01368398613019751,451.32662562273435,0.038797784800648966,0.3527001915317758,True
753,356.25720320561436,332.2693130133596,336.2693130133596,139.26931301335958,146.26931301335958,0.0051970031049361695,171.4080862392587,0.01610078521584001,531.037739457033,0.0435645684297143,0.3695844076090529,True
754,356.5175236777817,353.2989177110069,358.2989177110069,160.29891771100688,165.29891771100688,0.006103189296841286,201.29601160596968,0.007236230614426234,238.6660958556364,0.02130850104588606,0.33959360157918295,True
755,356.7778751367206,340.3284889249553,345.3284889249553,147.3284889249553,151.3284889249553,0.006334102829553333,208.91202528341478,0.005299858132020365,174.80046122857578,0.01468260756162704,0.3609616418456577,True
756,357.03825755805974,352.3580266636634,358.3580266636634,159.3580266636634,162.3580266636634,0.007332967326966619,241.85667597091,0.0007668536082809157,25.2924438887201,0.0022277568461723006,0.34422679907751713,True
757,357.29867091742767,342.3875309356199,349.3875309356199,150.3875309356199,153.3875309356199,0.008789461507488501,289.8949155218444,-0.00021123394062884555,-6.966939365030953,-0.0005910100986736262,0.3574117279940006,True
758,357.5591151904532,352.4170017493427,358.4170017493427,158.41700174934272,163.41700174934272,0.007331750494574468,241.81654228089658,0.006163698201175849,203.29172245758926,0.017908709799256885,0.3441732134959052,True
759,357.81959035276486,357.44643911337994,361.44643911337994,159.44643911337994,163.44643911337994,0.004832975559646805,159.40169262807163,0.005927663135055927,195.50678984314746,0.01705153064194239,0.347632318735973,True
760,358.08009637999123,354.4758430363088,357.4758430363088,158.4758430363088,160.4758430363088,0.003660054979985335,120.71630649092326,0.001786540139102746,58.92384900489334,0.005122985076222169,0.34873030323566545,True
761,358.3406332477611,337.50521352673695,342.50521352673695,140.50521352673695,142.50521352673695,0.006386700724826528,210.64681442764834,-0.0002483867933353399,-8.192318540714012,-0.0006524266026909753,0.38071223998355164,True
762,358.60120093170303,359.53455059330076,365.53455059330076,161.53455059330076,164.53455059330076,0.007187801460096639,237.06880055020602,0.0008038800917362756,26.513655140878967,0.002316168301019926,0.34707326379619585,True
763,358.86179940744574,354.56385424466725,360.56385424466725,152.56385424466725,157.56385424466725,0.007287727790350645,240.36458096209049,0.006717216134957408,221.54790738049041,0.0185106326999716,0.36288419979116726,True
764,359.12242865061785,354.5931244895319,358.5931244895319,149.59312448953187,154.59312448953187,0.004871647892191881,160.67718744270113,0.009406893723462558,310.2591278160522,0.025416121660117502,0.3701152303745728,True
765,359.3830886368479,357.62236133662077,362.62236133662077,152.62236133662077,156.62236133662077,0.006029915180470083,198.87927722954967,0.005205683624789566,171.69438803003877,0.014176557174227392,0.3672036560649127,True
766,359.6437793417646,394.6515647946892,398.6515647946892,186.6515647946892,189.6515647946892,0.004379644009888033,144.44986523696932,0.0025451511724343193,83.94443544630715,0.00785759677469865,0.3239096183491713,True
767,359.9045007409967,385.68073487252195,389.68073487252195,176.68073487252195,180.68073487252195,0.00448098959460655,147.79245564429465,0.005241661717876405,172.88102116418008,0.015580804217005624,0.33641791815568856,True
768,360.16525281017266,390.7098715789334,394.7098715789334,179.70987157893342,183.70987157893342,0.004423603969531772,145.8997571076382,0.005136955769714635,169.42759890718185,0.015347300062315656,0.33471397241578094,True
769,360.4260355249213,376.73897492276774,379.73897492276774,163.73897492276774,168.73897492276774,0.0034446219516474762,113.6108723869785,0.009618717329949511,317.2455156005314,0.02693721540148049,0.3570791259077528,True
770,360.6868488608711,372.7680449128984,377.7680449128984,158.7680449128984,163.7680449128984,0.005786542616217958,190.85233850365685,0.0076795249024396205,253.2868732565578,0.020934501362875974,0.3668358165940385,True
771,360.94769279365084,393.79708155822846,398.79708155822846,176.79708155822846,180.79708155822846,0.005479478190691379,180.72470831585176,0.004236845878375178,139.74008270520355,0.012256591059054257,0.34567897859701463,True
772,361.20856729888914,385.82608486769027,389.82608486769027,164.82608486769027,169.82608486769027,0.004479310173362939,147.73706480162156,0.008499144514079965,280.3196508475501,0.02327792500150073,0.36511607084961495,True
773,361.46947235221455,402.85505485024623,407.85505485024623,180.85505485024623,183.85505485024623,0.005357031857438583,176.68617086915648,0.0017878911793610024,58.9684091524291,0.005153549610749119,0.346924220081606,True
774,361.7304079292559,400.8839915148876,405.8839915148876,175.8839915148876,178.8839915148876,0.005383208698947602,177.5495381245248,0.0019619552663930053,64.70940861667822,0.005498577506195166,0.3568114233513121,True
775,361.9913740056416,390.9128948706357,397.9128948706357,161.91289487063568,167.91289487063568,0.007708016688034086,254.22659223375987,0.008094594689341952,266.97674728435857,0.021371795982674503,0.37875126151793725,True
776,362.2523705570005,417.9417649265408,420.9417649265408,183.94176492654083,190.94176492654083,0.0031062452738957833,102.45049830401392,0.013114338038374326,432.5384341828416,0.037482575393939656,0.3498782541099006,True
777,362.5133975589611,430.97060169168276,435.97060169168276,195.97060169168276,201.97060169168276,0.0050095588444657516,165.22578053056083,0.008087674395702531,266.74850145402223,0.023912969626639236,0.3382128828822999,True
778,362.7744549871521,422.999405175171,426.999405175171,181.99940517517098,186.99940517517098,0.004087513370899957,134.81478271927028,0.007682743132274538,253.39301724107025,0.021197960155188173,0.3624284165094157,True
779,363.0355428172022,416.0281753861443,423.0281753861443,173.0281753861443,178.0281753861443,0.007246550016904451,239.00645144023164,0.00512536266417358,169.04523391831455,0.013543279928604176,0.3784432346664063,True
780,363.29666102474,417.0569123337707,422.0569123337707,171.0569123337707,176.0569123337707,0.005175693800104491,170.70526057482567,0.0073367586568154385,241.9817219985083,0.019136725425569993,0.38338631577021287,True
781,363.5578095853941,426.08561602724785,430.08561602724785,173.08561602724785,180.08561602724785,0.004058044704149707,133.84284414819552,0.01316000300786227,434.04456086201736,0.034212404441735685,0.38465589374970655,True
782,363.81898847479323,432.1142864758028,438.1142864758028,177.11428647580283,182.11428647580283,0.005988790219236058,197.5228895654568,0.006101632515637482,201.2446656895927,0.01587750290742221,0.38429421497918104,True
783,364.0801976685659,433.1429236886913,438.1429236886913,173.14292368869133,178.14292368869133,0.00498457826104261,164.40186838133891,0.007379250702314196,243.38319897519423,0.018703577809476672,0.394536851584369,True
784,364.34143714234096,450.1715276751995,453.1715276751995,185.1715276751995,190.1715276751995,0.0028845923547403778,95.1399191270096,0.008686693363596896,286.50540612284294,0.022772198198936996,0.38146046717626014,True
785,364.60270687174693,458.200098444642,462.200098444642,188.20009844464198,196.20009844464198,0.00377485548219559,124.50266835868422,0.01430451920758399,471.7931108441783,0.0377146259680689,0.37928307229388714,True
786,364.86400683241243,467.2286360063631,470.2286360063631,191.2286360063631,199.2286360063631,0.0027796208578566538,91.67773851499119,0.015019213454407019,495.36522935566967,0.0394757408036937,0.3804669183814706,True
787,365.1253369999661,498.25714036973636,502.25714036973636,219.25714036973636,226.25714036973636,0.0034725884808851147,114.53326730547005,0.010175959774778089,335.62454272649757,0.028957364579531176,0.35141180568521335,True
788,365.3866973500367,509.2856115441648,513.2856115441648,224.2856115441648,229.2856115441648,0.0033976836995278604,112.0627501702345,0.00617770497045362,203.7536951498929,0.017497054445019335,0.35307114062345213,False
789,365.6480878582528,485.3140495390801,490.3140495390801,196.3140495390801,202.3140495390801,0.004451473717999859,146.8189599929217,0.008623187622804757,284.4108533056533,0.022181268894512243,0.3887598885264033,True
790,365.90950850024296,513.342454363944,518.342454363944,218.34245436394394,223.34245436394394,0.004209598090578785,138.8413933902026,0.005623498449537116,185.4747991759059,0.015262282168192351,0.36845724561801607,False
791,366.17095925163596,519.3708260282472,525.3708260282472,217.37082602824717,224.37082602824717,0.004988401745380591,164.5279749315768,0.008776729335519037,289.474981727908,0.023474224813712054,0.37388793049269364,False
792,366.43244008806045,525.399164541509,528.399164541509,217.39916454150898,222.39916454150898,0.002472744413270308,81.55630833372147,0.007402536268520556,244.1512058937659,0.019504470286520248,0.3795302389543247,False
793,366.69395098514497,532.4274699132789,535.4274699132789,217.42746991327886,225.42746991327886,0.0024401944961430595,80.48274364858037,0.013252230022994641,437.08640167761814,0.034662671461863505,0.38231992700201956,False
794,366.9554919185182,553.4557421531349,558.4557421531349,234.4557421531349,240.4557421531349,0.0039058631495179747,128.82357659848702,0.007068415770839543,233.13120957580833,0.01913030812754489,0.3694878160724469,False
795,367.21706286380885,547.4839812706846,552.4839812706846,220.48398127068458,227.48398127068458,0.003948273839903404,130.2223703125311,0.009625504197918178,317.4693607717923,0.02466929154842336,0.3901816223228086,False
796,367.4786637966455,548.5121872755647,553.5121872755647,213.51218727556466,220.51218727556466,0.003940906136011319,129.97936795162803,0.010069021336920336,332.09748826674496,0.02487842190209185,0.4047291012487293,False
797,367.74029469265685,564.5403601774406,569.5403601774406,221.54036017744056,229.54036017744056,0.0038295095585620708,126.30527467736333,0.01157669176239267,381.82362794603137,0.02890893275162443,0.4004537926687093,False
798,368.0019555274714,570.5684999860075,577.5684999860075,222.5684999860075,230.5684999860075,0.005295707815344733,174.6635750608571,0.010040567506854498,331.15902114265765,0.024863733361595915,0.40382380879144164,False
799,368.263646276718,593.5966067109894,599.5966067109894,238.59660671098936,244.59660671098936,0.00436775674823267,144.05779836115082,0.006418408125730327,211.69259115681345,0.016347719826560088,0.39261794267493866,False
800,368.5253669160252,587.6246803621393,593.6246803621393,224.62468036213932,230.62468036213932,0.004411920781475755,145.51442100807867,0.007036388682551449,232.0748888847424,0.016991003999588167,0.41412436149870835,False
801,368.7871174210216,613.6527209492397,616.6527209492397,240.65272094923967,247.65272094923967,0.0021179879135935905,69.85569329410986,0.010334339596526111,340.8482421541462,0.025748002085082964,0.4013647180226571,False
802,369.0488977673359,635.6807284821018,639.6807284821018,254.6807284821018,261.6807284821018,0.0027242216145792015,89.850555025285,0.009051435080213017,298.53535460553854,0.023048224157731313,0.3927172444292979,False
803,369.3107079305968,634.708702970566,637.708702970566,243.70870297056604,251.70870297056604,0.0020478906588405816,67.54373849146086,0.011979302771897656,395.10258530754595,0.029238223944379877,0.40971376355437955,False
804,369.57254788643274,636.7366444245017,640.7366444245017,240.73664442450172,246.73664442450172,0.002719718087380641,89.70201923208938,0.00797173332401358,262.9245212074343,0.019051453067760477,0.4184317750284161,False
805,369.83441761047266,652.7645528538078,656.7645528538078,247.7645528538078,252.7645528538078,0.002653141992484087,87.50619968280674,0.006023854484017975,198.67938272128086,0.014421296875145205,0.417705462703563,False
806,370.0963170783449,683.7924282684112,687.7924282684112,269.7924282684112,275.7924282684112,0.0025331029928797565,83.5470611599318,0.007019478670217155,231.51716113396412,0.017531831442631658,0.400384791126162,False
807,370.35824626567836,698.820270678269,705.820270678269,277.820270678269,281.820270678269,0.004328632772468815,142.7674074038347,0.001879664811246469,61.99529643555829,0.004703139337138323,0.39966173155953566,False
808,370.62020514810155,718.8480800933664,724.8480800933664,288.84808009336643,293.84808009336643,0.0036098757702481402,119.06129067962205,0.003843496520573425,126.76659408438663,0.009753931407206224,0.3940458836663381,False
809,370.8821937012431,740.8758565237183,747.8758565237183,301.8758565237183,306.8758565237183,0.0040840709035755455,134.70124291101848,0.0030502703906491197,100.60432899815697,0.00785358855364012,0.388391926800816,False
810,371.14421190073176,746.9035999793678,751.9035999793678,295.90359997936775,300.90359997936775,0.0028976114672071155,95.56931682168052,0.004379523314783856,144.44588445873853,0.010950874109492038,0.3999245421867974,False
811,371.40625972219607,744.9313104703876,749.9313104703876,281.93131047038764,287.93131047038764,0.002905257616340012,95.82150289190336,0.006240326217447205,205.81907550244478,0.014898615648245638,0.4188527555029601,False
812,371.6683371412648,771.958988006879,776.958988006879,299.95898800687905,304.95898800687905,0.002803866938993964,92.47742523493962,0.004375691114227462,144.3194904292963,0.010715685123302846,0.408344502836489,False
813,371.9304441335664,790.9866325989724,795.9866325989724,308.9866325989724,313.9866325989724,0.0027366303419172587,90.25982093541326,0.004234837485943613,139.67384170127093,0.010427756705093827,0.40611203403651985,False
814,372.1925806747297,810.0142442568272,816.0142442568272,319.01424425682717,324.01424425682717,0.003205083719676225,105.71039799928191,0.0035489441762982573,117.05163863601699,0.008808321544992588,0.40290810890251666,False
815,372.45474674038326,828.0418229906311,834.0418229906311,324.0418229906311,332.0418229906311,0.003135556043628182,103.4172290995484,0.007456166778651907,245.9200528465258,0.01846851557395249,0.40372312267304733,False
816,372.7169423061558,833.0693688106016,839.0693688106016,321.06936881060165,327.06936881060165,0.0031167008050659376,102.79534369900489,0.004924297763968447,162.41369088126783,0.01196320891379818,0.4116201430110309,False
817,372.9791673476758,864.0968817269843,868.0968817269843,341.0968817269843,347.0968817269843,0.0020057583072757247,66.15412497677343,0.005567204587260867,183.6181092711753,0.01388672861057976,0.40090108645310674,False
818,373.2414218405721,871.124361750054,875.124361750054,338.12436175005405,342.12436175005405,0.001989614586451146,65.62167113069171,0.003117922965680203,102.83565312498334,0.007615003192820342,0.4094447351801344,False
819,373.50370576047317,875.1518088901144,880.1518088901144,329.15180889011435,333.15180889011435,0.0024741910865618303,81.60402265971017,0.002771738433174421,91.41775958051197,0.006547909415609979,0.4233012794231235,False
820,373.7660190830078,887.1792231574977,893.1792231574977,330.17922315749774,337.17922315749774,0.00292724957941999,96.54684406027846,0.006183814761563953,203.95520890318446,0.014510216381100616,0.4261697137486039,False
821,374.0283617838046,912.2066045625654,919.2066045625654,343.2066045625654,350.2066045625654,0.003319923829848708,109.49806622089109,0.005448771687743142,179.71194330509803,0.012917499547034736,0.4218131897665852,False
822,374.2907338384921,935.2339531157072,942.2339531157072,357.2339531157072,361.2339531157072,0.0032384846101955436,106.81202957559665,0.0015973497016364088,52.68395070849405,0.003829024290325388,0.4171688609216597,False
823,374.5531352226991,940.2612688273421,946.2612688273421,349.26126882734206,354.26126882734206,0.0027625174102027775,91.11363086078184,0.003410728947410914,112.49300986587086,0.007961686807985343,0.42839275516214115,False
824,374.8155659120542,972.2885517079176,981.2885517079176,370.2885517079176,378.2885517079176,0.004001559992521669,131.9798596306873,0.005281353198398639,174.19012962129395,0.012676843625858457,0.4166142104668419,False
825,375.078025882186,985.3158017679098,992.3158017679098,370.31580176790976,377.31580176790976,0.0030744594331598607,101.4021344643088,0.005058289899963335,166.8330331710925,0.011973018929146099,0.4224740585392264,False
826,375.34051510872314,998.343019017824,1001.343019017824,371.34301901782396,375.34301901782396,0.0013030889833690051,42.9786136988436,0.0033499899733992885,110.48971083270685,0.00783019816412203,0.4278295265564214,False
827,375.60303356729435,1017.370203468194,1021.370203468194,377.37020346819395,381.37020346819395,0.0017041700363170055,56.20710987721712,0.0028749824794210028,94.82296523950329,0.0066973146224548,0.42927391671010096,False
828,375.86558123352813,1042.397355129582,1045.397355129582,389.3973551295819,395.3973551295819,0.0012480962194386883,41.164836752405016,0.005392666336283735,177.8614708833472,0.01269029969608816,0.42494397023153424,False
829,376.12815808305334,1061.4244740125791,1068.4244740125791,395.42447401257914,403.42447401257914,0.0028547304467920398,94.1550106346487,0.005843965387134497,192.74626218825318,0.013721334624187734,0.42590356894531634,False
830,376.39076409149845,1097.4515601278056,1105.4515601278056,421.4515601278056,426.4515601278056,0.003154356718666911,104.03731488039655,0.0019676850052398475,64.8983874474692,0.004745367723754479,0.41465385187958376,False
831,376.6533992344921,1103.4786134859094,1111.4786134859094,417.47861348590936,421.47861348590936,0.0031371901189556194,103.47112433859122,0.0010041201533709451,33.11799326810264,0.0023815331033104816,0.4216276280078386,False
832,376.9160634876631,1131.5056340975682,1137.5056340975682,430.5056340975682,435.5056340975682,0.0022968356319184144,75.75446697334795,0.0027181026674027377,89.64873928568682,0.006497681846749686,0.41831882993200187,False
833,377.17875682663987,1146.5326219734873,1152.5326219734873,429.53262197348727,436.53262197348727,0.002266810664998875,74.7641804533751,0.00475374026197925,156.78834596239543,0.011211297429026545,0.4240133929255686,False
834,377.4414792270512,1159.5595771244014,1164.5595771244014,428.55957712440136,436.55957712440136,0.0018686440887890285,61.63180984390902,0.006163671174428487,203.29083105865243,0.014360835949979918,0.4292000267879327,False
835,377.70423066452577,1182.5864995610732,1188.5864995610732,440.5864995610732,447.5864995610732,0.002197876286449662,72.49057975223441,0.0046479168727444585,153.2980681500041,0.010898380097292352,0.4264777729581307,False
836,377.9670111146922,1215.6133892942946,1225.6133892942946,463.6133892942946,471.6133892942946,0.003558021850691828,117.35103941833073,0.0038721345147539397,127.71113532807966,0.009292302786187579,0.4167034376569846,False
837,378.229820553179,1224.6402463348854,1233.6402463348854,457.64024633488543,465.64024633488543,0.0031800014784977093,104.8831329636083,0.004346298136731421,143.3500482489203,0.010219101830289207,0.42531116813505887,False
838,378.49265895561496,1251.6670706936945,1259.6670706936945,470.66707069369454,479.66707069369454,0.0027669496865193495,91.25981665012371,0.005459140539362554,180.0539298263095,0.0129349591288051,0.42204544173668807,False
839,378.75552629762865,1266.6938623815993,1274.6938623815993,472.6938623815993,478.6938623815993,0.002734228466956534,90.18060205058853,0.00274366739134218,90.49191761697023,0.006429668710618711,0.4267198692229609,False
840,379.01842255484877,1291.720621409505,1298.720621409505,483.72062140950493,489.72062140950493,0.002347143585215171,77.413729017856,0.003006646199493106,99.16551147798158,0.007073285522865385,0.4250706676230871,False
841,379.2813477029039,1313.7473477883464,1322.7473477883464,492.74734778834636,499.74734778834636,0.0029650471332754824,97.79348683498485,0.003161155448017323,104.26155126495941,0.0074501613291647825,0.4243069791848,False
842,379.54430171742274,1331.774041529086,1336.774041529086,495.77404152908593,501.77404152908593,0.0016274579906691454,53.67698536689901,0.003596948450412963,118.63492049888347,0.008416901515465142,0.42734828770468103,False
843,379.80728457403393,1351.800702642715,1355.800702642715,502.8007026427149,508.8007026427149,0.0012831867999548371,42.32219785645838,0.003868639669546514,127.59586798715037,0.009047704061968528,0.4275824720890358,False
844,380.07029624836605,1373.8273311402531,1381.8273311402531,512.8273311402531,519.8273311402531,0.0025216262861875445,83.16853524976389,0.0033663206709033697,111.02833156269415,0.007897010923452913,0.4262778288562211,False
845,380.3333367160479,1406.8539270327487,1412.8539270327487,532.8539270327487,537.8539270327487,0.0018482558897256226,60.95936418383155,0.002207917203592339,72.8217503051014,0.005250234450735601,0.4205368777927606,False
846,380.596405952708,1424.8804903312785,1430.8804903312785,536.8804903312785,541.8804903312785,0.0018249221438766696,60.189768199375926,0.0022009705206954867,72.59263410158607,0.005205697233753974,0.4228003323789742,False
847,380.85950393397496,1437.907021046947,1445.907021046947,533.907021046947,542.907021046947,0.0024095622790042365,79.4724287399662,0.004850263842032004,159.97189652023323,0.011336629077073711,0.42784004037327006,False
848,381.12263063547755,1455.9335191908879,1467.9335191908879,536.9335191908879,546.9335191908879,0.0035648427071979954,117.57600560300057,0.004449180969130068,146.74334031595345,0.01032301100527191,0.43099643765349993,False
849,381.3857860328443,1472.959984774263,1484.959984774263,540.9599847742629,549.9599847742629,0.003523802150211876,116.22240176841706,0.003642147920542164,120.12569403075148,0.008407451808199703,0.433204733566241,False
850,381.64897010170387,1498.9864178082623,1508.9864178082623,551.9864178082623,558.9864178082623,0.0028876330048862244,95.2402061601129,0.002585230969539266,85.26635140054074,0.005976352922537732,0.4325766906753396,False
851,381.912182817685,1516.0128183041045,1526.0128183041045,553.0128183041045,560.0128183041045,0.0028553082593994333,94.17406810897351,0.002607461610490782,85.99956466680807,0.005971323354077256,0.43666394463639147,False
852,382.1754241564163,1551.0391862730366,1562.0391862730366,572.0391862730366,580.0391862730366,0.0030691544583378323,101.22716524388873,0.0029623999613370066,97.70617754023196,0.006861921731322229,0.4317157900263866,False
853,382.4386940935263,1577.0655217263336,1586.0655217263336,584.0655217263336,590.0655217263336,0.0024713872622718837,81.51154664113048,0.001967281808658176,64.8850891767068,0.0045707739773079995,0.43040452632856396,False
854,382.7019926046438,1589.091824675299,1596.091824675299,583.091824675299,587.091824675299,0.0019088797396220093,62.95886618168987,0.001060200702872711,34.967647669158026,0.002437904644439569,0.4348819406414612,False
855,382.9653196653974,1609.1180951312647,1618.1180951312647,586.1180951312647,591.1180951312647,0.0024222958838656327,79.89240979369038,0.001266828668527147,41.782672298005764,0.0028925051414579587,0.43796937484045606,False
856,383.22867525141567,1648.1443331055907,1656.1443331055907,606.1443331055907,612.1443331055907,0.002102941355777083,69.35942619021566,0.0021748427715180853,71.73088601450411,0.005018886030532681,0.433331770892446,False
857,383.4920593383273,1665.1705386096655,1673.1705386096655,611.1705386096655,617.1705386096655,0.0020814904323125634,68.65192964559635,0.002161284908013467,71.28371917817636,0.004977445730690658,0.43421566501209696,False
858,383.755471901761,1694.1967116549058,1702.1967116549058,624.1967116549058,629.1967116549058,0.002045912735995864,67.47850243854798,0.001419055067095932,46.803418895017955,0.0032777719015193146,0.4329328305115346,False
859,384.01891291734535,1706.222852252756,1716.222852252756,622.222852252756,629.222852252756,0.00253792612257718,83.70613811532823,0.0023206036056671047,76.53838470666204,0.005311162626593649,0.43692949525731994,False
860,384.282382360709,1747.2489604146897,1753.2489604146897,643.2489604146897,653.2489604146897,0.0014887993092528177,49.103730600232154,0.005210834952219263,171.86428963650062,0.012079726375508342,0.4313702802725926,False
861,384.54588020748054,1771.2750361522076,1777.2750361522076,651.2750361522076,660.2750361522076,0.001468638920994575,48.4387986193558,0.004491807076892852,148.14923894789916,0.010391070845536993,0.4322756666433567,False
862,384.8094064332887,1798.3010794768397,1806.3010794768397,663.3010794768397,670.3010794768397,0.0019277364915973848,63.58080149777953,0.0026314782227430415,86.79168302059546,0.006093698662522134,0.43183596178251016,False
863,385.07296101376215,1810.3270904001433,1817.3270904001433,658.3270904001433,664.3270904001433,0.0016760501387275062,55.27965654810868,0.002264185795299952,74.67760673336088,0.00516721233678069,0.4381832306722273,False
864,385.33654392452945,1832.3530689337042,1839.3530689337042,665.3530689337042,671.3530689337042,0.0016559413756695534,54.616427274851446,0.002242872758700147,73.9746579873711,0.005110964032182532,0.43883555911904437,False
865,385.6001551412193,1865.3790150891364,1873.3790150891364,684.3790150891364,689.3790150891364,0.0018585643305436394,61.299358229832535,0.0013028104537083085,42.96942720517852,0.0029962132802922154,0.43481899712467986,False
866,385.86379463946037,1896.404928878082,1906.404928878082,698.404928878082,706.404928878082,0.0022840767705867163,75.3336529081454,0.0026623483906295514,87.8098460450288,0.006155824068467441,0.4324926055419859,False
867,386.1274623948812,1919.4308103122112,1929.4308103122112,704.4308103122112,712.4308103122112,0.00225674758902098,74.43227905554585,0.002647602598402032,87.32349882245353,0.0061003217919969035,0.43401031759922215,False
868,386.3911583831105,1949.4566594032221,1956.4566594032221,717.4566594032221,724.4566594032221,0.0015566472575820793,51.34149854909731,0.0026600906232033617,87.73538012959978,0.006146407559111768,0.4327878679733659,False
869,386.65488257977694,1972.482476162841,1979.482476162841,723.4824761628411,731.4824761628411,0.0015385078508026965,50.743222785394906,0.0032374021987102656,106.77632936963782,0.007460029000087165,0.43396643614554836,False
870,386.91863496050905,1998.5082606028227,2007.5082606028227,733.5082606028227,742.5082606028227,0.001951393306796942,64.36105298849357,0.0033448872192025783,110.32141127356736,0.007713716367925873,0.4336284949639624,False
871,387.1824155009357,2012.5340127349493,2025.5340127349493,731.5340127349493,739.5340127349493,0.002796311371798605,92.22822674741543,0.0019273180542036068,63.56700055299844,0.00439480064865609,0.43854504635903613,False
872,387.4462241766853,2043.5597325710312,2056.5597325710314,751.5597325710312,757.5597325710312,0.002753991551679969,90.83243012577492,0.000699387298315533,23.06726317528023,0.0016112162288057137,0.4340741396540809,False
873,387.7100609633866,2076.585420122907,2087.585420122907,767.5854201229072,774.5854201229072,0.002294454572613326,75.67593463259955,0.0016481465613250286,54.35933791346231,0.003820469037242292,0.43139901024160665,False
874,387.9739258366683,2087.611075402444,2096.611075402444,765.6110754024437,771.6110754024437,0.0018682833865432942,61.61991312566678,0.001521961963129805,50.19750463132137,0.003499725325497596,0.43488040391095845,False
875,388.2378187721589,2112.636698421535,2121.636698421535,775.6366984215351,782.6366984215351,0.001846199268204721,60.891532483157484,0.0020556600956593814,67.79999084870929,0.004735031402274425,0.4341386404896841,False
876,388.50173974548716,2142.662289192104,2154.662289192104,795.6622891921038,804.6622891921038,0.0024254846166837664,79.99758090458802,0.0024593888621498856,81.11581418507494,0.00573290455682321,0.42899525672771943,False
877,388.7656887322817,2135.6878477261007,2149.6878477261007,775.6878477261005,783.6878477261005,0.0028376248943009098,93.59083355848247,0.0016184998830705705,53.38152814880755,0.0036864390716441486,0.4390415388985992,False
878,389.02966570817114,2174.713374035503,2188.713374035503,792.7133740355032,800.7133740355032,0.0027868663605658535,91.91671042402196,0.0015740307465111352,51.9148425531947,0.003597794229405947,0.43749882459815737,False
879,389.2936706487842,2201.738868132318,2212.738868132318,795.7388681323184,802.7388681323184,0.0021643553207373874,71.38498784366399,0.0016393646032395858,54.06969047657135,0.0037159008114682865,0.4411755551117129,False
880,389.5577035297494,2237.7643300285804,2246.7643300285804,812.7643300285804,820.7643300285804,0.0017431734217735481,57.493523512723364,0.0025106651758679214,82.80701479172157,0.005724344169440663,0.4385943789458144,False
881,389.8217643266955,2268.789759736351,2275.789759736351,827.789759736351,833.789759736351,0.0013378856127372754,44.12627967616944,0.001798621773057462,59.32232668770521,0.004116075780705461,0.43697489280656376,False
882,390.085853015251,2284.81515726772,2290.81515726772,827.8151572677202,835.8151572677202,0.0011389767991862455,37.56584890896051,0.003037891830561048,100.19605806734324,0.006913747074179933,0.4393987512077717,False
883,390.34996957104477,2306.840522634806,2312.840522634806,832.8405226348059,840.8405226348059,0.001128116132292472,37.207641286229716,0.0030236693291888148,99.72697007710627,0.0068572655255662324,0.44094388906416715,False
884,390.6141139697053,2341.8658558497536,2350.8658558497536,852.8658558497536,860.8658558497536,0.0016658336208061405,54.94269431245654,0.002388921355595282,78.79164769975868,0.0054605560975772485,0.4374868260496772,False
885,390.8782861868612,2377.891156924737,2388.891156924737,871.8911569247371,880.8911569247371,0.0020043909985056636,66.10902825952272,0.0024555863271572415,80.99039858828075,0.005651497253979131,0.4345019057433499,False
886,391.1424861981412,2399.9164258719575,2411.9164258719575,873.9164258719575,883.9164258719575,0.002166136999135016,71.44375134221592,0.002775165201982824,91.53078161870833,0.0063455752375942065,0.43733863331119693,False
887,391.406713979174,2436.9416627036435,2445.9416627036435,884.9416627036437,895.9416627036437,0.0016009617690720566,52.803084284905324,0.003764128675105653,124.1488757136505,0.008592951023808288,0.4380484265156952,False
888,391.6709695055881,2478.966867432053,2489.966867432053,905.9668674320526,915.9668674320526,0.0019228459705121401,63.41950183275945,0.0028446034135141073,93.82099979062919,0.006528271075956234,0.43573610538184365,False
889,391.9352527530122,2522.992040069469,2536.992040069469,922.9920400694691,933.9920400694691,0.002403224265261214,79.26338772453602,0.0027419950493631157,90.43676026332216,0.006298413698036687,0.435346927150536,False
890,392.19956369707495,2553.0171806282056,2566.0171806282056,930.0171806282056,942.0171806282056,0.0022058224280260786,72.75266020381355,0.0033620296081209927,110.88680329253376,0.007695513946107157,0.43688175106507404,False
891,392.4639023134051,2574.0422891206017,2588.0422891206017,937.0422891206017,948.0422891206017,0.002355690830626527,77.69563513740135,0.002712828194644542,89.47477608744575,0.0062007491336524044,0.43750007235764665,False
892,392.72826857763107,2603.067365559026,2618.067365559026,953.0673655590258,964.0673655590258,0.002495409709563649,82.30385744678574,0.0024883732756538525,82.0717810662114,0.005718851984344702,0.4351176219398139,False
893,392.9926624653817,2625.0924099558733,2639.0924099558733,963.0924099558731,972.0924099558731,0.0023100013731608177,76.18870079324661,0.0017295905847568168,57.045532997473046,0.003979621405968287,0.43461184075523585,False
894,393.2570839522856,2653.1174223235666,2665.1174223235666,973.1174223235669,983.1174223235669,0.001959876831155949,64.64085745379403,0.0024802676230537965,81.80443960578855,0.005710282953625948,0.4343510896388877,False
895,393.52153301397135,2680.142402674558,2693.142402674558,980.1424026745581,991.1424026745581,0.0021014479913267136,69.31017189166569,0.002745430423188246,90.55006611305753,0.006304146468476308,0.4354959766427837,False
896,393.78600962606765,2717.167351021325,2733.167351021325,996.167351021325,1007.167351021325,0.002549836680192137,84.09897334086102,0.0022194984760312924,73.20372501338878,0.005106118074715916,0.43467433450503906,False
897,394.0505137642031,2752.192267376374,2770.192267376374,1010.192267376374,1020.192267376374,0.0028311423477089415,93.3770255458933,0.0014468452564347332,47.71999775298826,0.00332951536516078,0.4345513078492329,False
898,394.31504540400636,2784.2171517522393,2803.2171517522393,1020.217151752239,1030.217151752239,0.002953637220028067,97.41716391302278,0.0012825182567134433,42.30014789511303,0.0029458174429189765,0.43536922486364626,False
899,394.57960452110615,2816.2420041614814,2835.2420041614814,1034.2420041614812,1047.2420041614812,0.002920162644945975,96.31310206494656,0.0025047184999365895,82.61088091989326,0.005773962256050942,0.4337954404381009,False
900,394.844191091131,2849.2668246166895,2867.2668246166895,1046.2668246166895,1058.2668246166895,0.002734988365143881,90.2056650900749,0.0022177385878187038,73.14568020094133,0.005110211076600529,0.43398179734172787,False
901,395.10880508970956,2869.2916131304805,2887.2916131304805,1049.2916131304805,1060.2916131304805,0.0027159604384437595,89.57808407176246,0.001813164118647459,59.80196381254042,0.004158901289028439,0.4359719052314974,False
902,395.3734464924706,2923.3163697154982,2940.3163697154982,1083.3163697154982,1094.3163697154982,0.002518243282462325,83.05695667600291,0.0018693468261860753,61.6549876003822,0.004345440168104305,0.4301858393787474,False
903,395.63811527504265,2953.3410943844146,2965.3410943844146,1087.3410943844146,1097.3410943844146,0.0017610477324525257,58.083055849815764,0.0022147938546908785,73.04855671270508,0.005116883278765082,0.4328404096849754,False
904,395.9028114130544,2975.3657871499286,2987.3657871499286,1091.3657871499286,1100.3657871499286,0.001748038043893734,57.653968975437486,0.0018187055778764731,59.9847327857812,0.0041841962574557835,0.43466067697846084,False
905,396.1675348821345,3012.3904480247666,3025.3904480247666,1108.3904480247668,1117.3904480247668,0.0018701695495170617,61.68212274516108,0.0016420105096609872,54.156958031911046,0.00378869416022605,0.43339748214540963,False
906,396.4322856579115,3042.4150770216834,3056.4150770216834,1116.4150770216834,1127.4150770216834,0.00199386874947687,65.76198236931626,0.002264276692695764,74.68060472053648,0.005214096141757812,0.4342606333170557,False
907,396.6970637160142,3079.43967415346,3093.43967415346,1130.43967415346,1141.43967415346,0.0019699504326900178,64.97310600659007,0.0022356220472954176,73.73551428461339,0.00514993913928874,0.4341064985098406,False
908,396.96186903207115,3113.4642394329057,3126.4642394329057,1138.4642394329057,1149.4642394329057,0.0018095837002706052,59.68387408861292,0.002366487496676368,78.05173187777274,0.00543094675000626,0.4357412446869674,False
909,397.22670158171104,3160.488772872857,3175.488772872857,1162.4887728728572,1174.4887728728572,0.002056329698799528,67.82207576774336,0.002403772706934542,79.28147648371912,0.005549341441167546,0.43316359831497475,False
910,397.4915613405625,3203.5132744861785,3222.5132744861785,1180.5132744861785,1196.5132744861785,0.0025681870870530887,84.7042083307651,0.0032784591438550603,108.1304737201415,0.007590494285738852,0.431916423415888,False
911,397.75644828425413,3231.5377442857607,3251.5377442857607,1181.5377442857605,1195.5377442857605,0.002679566883936317,88.3777481466906,0.002436125131983758,80.34852746500835,0.005590731101477188,0.4357435705215876,False
912,398.0213623884146,3260.5621822845224,3282.5621822845224,1187.5621822845224,1201.5621822845224,0.002920474707368235,96.32339453957216,0.0021694171642351935,71.55193808196141,0.004958085080240764,0.43755141937375686,False
913,398.2863036286726,3311.58658849541,3333.58658849541,1213.5865884954098,1228.5865884954098,0.002875625135749211,94.8441613960388,0.002459376665633114,81.11541191831535,0.005657177225160057,0.4347356583942854,False
914,398.55127198065674,3354.610962931397,3377.610962931397,1233.610962931397,1248.610962931397,0.0029674636565625687,97.87318885240303,0.002281459865707969,75.24734188464221,0.005265030360291802,0.43332321175476074,False
915,398.81626741999565,3383.635305605484,3405.635305605484,1235.635305605484,1248.635305605484,0.0028145916080400506,92.83114736279309,0.0017307101592338708,57.08245891701539,0.003963810427485668,0.43662788392524066,False
916,399.081289922318,3425.659616530699,3447.659616530699,1246.6596165306994,1261.6596165306994,0.0027801738597229395,91.69597767892333,0.0024141369757322358,79.62331185383746,0.005514381603414747,0.43778924807040853,False
917,399.34633946325243,3472.683895720099,3495.683895720099,1267.6838957200987,1282.6838957200987,0.0028669007308604272,94.55641218454755,0.002241768197406584,73.93822723417722,0.0051353876227993416,0.4365333957370443,False
918,399.6114160184276,3525.7081431867646,3544.7081431867646,1289.7081431867643,1305.7081431867643,0.0023341242395160996,76.98432363069246,0.003020546434728849,99.62397045364993,0.0069398819253709675,0.43524464352718617,False
919,399.87651956347213,3581.7323589438065,3598.7323589438065,1315.7323589438065,1332.7323589438065,0.0020564184288712323,67.8250022720143,0.0035189683536222074,116.06297299649313,0.008123831551630968,0.43316609056421507,False
920,400.1416500740146,3619.756543004363,3639.756543004363,1332.7565430043628,1347.7565430043628,0.002392973608758882,78.92529952672605,0.00246765196519261,81.38834869204995,0.005702986179079921,0.43269471250774155,False
921,400.4068075256838,3655.780695381597,3680.780695381597,1337.7806953815973,1358.7806953815973,0.0029598073248865353,97.62066694050435,0.0038046361119956308,125.48489612687172,0.008752469105810224,0.43469289248561505,False
922,400.6719918941083,3706.804816088702,3730.804816088702,1359.804816088702,1377.804816088702,0.002802810111894004,92.44256885578565,0.002908313371117891,95.92228810752025,0.006700117858573619,0.43406898692033435,False
923,400.9372031549168,3752.8289051388956,3776.8289051388956,1370.8289051388958,1389.8289051388958,0.00276854622778674,91.31247393697149,0.0032095401655573945,105.85738095166744,0.007365203441654573,0.4357707415664244,False
924,401.2024412837378,3817.852962545425,3843.852962545425,1407.852962545425,1424.852962545425,0.002947568070218007,97.21699059524013,0.0022651825822228187,74.71048286127285,0.005241909170106358,0.4321293079896801,False
925,401.4677062562,3839.8769883215627,3869.8769883215627,1405.8769883215627,1422.8769883215627,0.0033798485022323616,111.4745078747436,0.0018401848682191523,60.69316492966793,0.004225939380832287,0.4354498970254356,False
926,401.7329980479322,3883.90098248061,3911.90098248061,1418.9009824806096,1435.9009824806096,0.0031197041274211856,102.89439958311313,0.002052699109928953,67.70233131547705,0.004704899201741086,0.43628971034476893,False
927,401.9983166345629,3947.9249450358934,3978.9249450358934,1457.9249450358934,1473.9249450358934,0.0033968594741999045,112.03556548643844,0.0013433427563529004,44.30626774325346,0.0031098629106555372,0.4319620494363635,False
928,402.2636619917207,3996.948876000769,4029.948876000769,1471.948876000769,1492.948876000769,0.0035709433682259476,117.77721822698427,0.0025812665213178986,85.13559556512985,0.005967622157262691,0.43254523381250876,False
929,402.5290340950344,4056.9727753886177,4091.9727753886177,1490.9727753886177,1512.9727753886177,0.0037306422631580086,123.04442346086788,0.0026307576151782296,86.76791586842717,0.0060698071572309765,0.43341700107295855,False
930,402.7944329201325,4116.996643212849,4154.996643212849,1514.996643212849,1536.996643212849,0.00399016436111592,131.60400775388308,0.0022710840738351017,74.90512645928374,0.005244594520375739,0.4330333002888456,False
931,403.05985844264376,4182.020479486899,4213.020479486899,1540.020479486899,1560.020479486899,0.003207414996163079,105.787288398044,0.0023963884791228904,79.03792912921632,0.0055387148477788395,0.4326614647951954,False
932,403.3253106381968,4251.04428422423,4283.04428422423,1568.0442842242303,1586.0442842242303,0.0032569356276608325,107.42058291471018,0.0017000498038425523,56.07121594968878,0.003932685231503373,0.43228728051359033,False
933,403.5907894824202,4307.068057438333,4343.068057438333,1582.0680574383337,1602.0680574383337,0.003614900715531105,119.22702393723583,0.0018408986313976582,60.71670633958928,0.004241348897815497,0.43403612288199434,False
934,403.8562949509426,4376.091799142726,4414.091799142726,1608.0917991427261,1631.0917991427261,0.0037549370692496753,123.84571723222834,0.0024126299467396844,79.57360686996418,0.00556457780646288,0.4335692716772831,False
935,404.12182701939275,4437.1155093509515,4475.1155093509515,1632.1155093509517,1656.1155093509517,0.003703514930934414,122.14970702384927,0.002636217647282534,86.94799920393935,0.006087816295521254,0.4330317340919064,False
936,404.3873856633992,4497.139188076582,4533.139188076582,1661.1391880765818,1687.1391880765818,0.003462724740999888,114.2079404309714,0.0032821645568779615,108.25268603022815,0.007617188780490701,0.4308892232373587,False
937,404.65297085859066,4545.162835333214,4579.162835333214,1682.1628353332146,1709.1628353332146,0.0032366404404906603,106.75120498237789,0.0036787666365719453,121.33345625610826,0.008558415373346846,0.42984202987256154,False
938,404.91858258059574,4556.186451134476,4596.186451134476,1677.1864511344752,1700.1864511344752,0.003796149931414937,125.20500405379673,0.00211905563917701,69.89090912815641,0.004894338111843731,0.4329606150521438,False
939,405.1842208050431,4602.210035494016,4643.210035494016,1699.2100354940155,1725.2100354940155,0.0038518943102650713,127.04357084014758,0.0027430171068962544,90.47046986907849,0.006359176310441701,0.43134786220540056,False
940,405.44988550756136,4635.233588425514,4673.233588425514,1700.2335884255147,1727.2335884255147,0.0035458645717034542,116.95006680330678,0.003296618795154752,108.72941719067666,0.007597388640345243,0.43391472402087694,False
941,405.71557666377913,4684.257109942679,4725.257109942679,1717.2571099426787,1747.2571099426787,0.003784719600157176,124.82800770293588,0.0037367736240575627,123.2466486311466,0.008611327214853226,0.43393701468133716,False
942,405.9812942493252,4755.280600059241,4797.280600059241,1758.2806000592404,1785.2806000592404,0.0038189728168759266,125.95775078885457,0.002799328534763248,92.32773912391376,0.006499662360929186,0.4306883003016573,False
943,406.24703823982804,4804.304058788959,4845.304058788959,1773.3040587889593,1800.3040587889593,0.0036905500602708043,121.72209833785908,0.0028721024490384922,94.72797578380946,0.006657458763564852,0.43141122627105466,False
944,406.5128086109164,4882.327486145622,4924.327486145622,1816.327486145622,1841.327486145622,0.0037200207036767953,122.69410210319502,0.0022168602809307923,73.1167117936212,0.0051756581863643125,0.4283243214884802,False
945,406.7786053382189,4948.350882143042,4992.350882143042,1845.350882143042,1868.350882143042,0.00384461428385978,126.80346026705269,0.0015348703559751693,50.62325056015234,0.0035893820440947802,0.42761409544027906,False
946,407.0444283973642,4999.37424679506,5036.37424679506,1855.3742467950597,1875.3742467950597,0.003202345823539116,105.62009642976045,0.001454077873560773,47.958544668401544,0.0033834878405550736,0.4297570856120547,False
947,407.3102777639809,5041.397580115541,5078.397580115541,1859.3975801155416,1880.3975801155416,0.003175749544038626,104.74289522779591,0.0017016726613766865,56.12474120232923,0.003936069948013969,0.43232785083895753,False
948,407.5761534136977,5113.420882118382,5151.420882118382,1896.420882118382,1917.420882118382,0.0032154934447553006,106.05373261310702,0.0015672305677845075,51.69055836515777,0.0036447799182240336,0.42999319655716306,False
949,407.8420553221432,5180.444152817501,5222.444152817501,1935.4441528175014,1958.4441528175014,0.0035068082654957796,115.66190773019144,0.0016237391299692328,53.55432952415825,0.003804677170495093,0.42677448235586823,False
950,408.1079834649461,5195.467392226847,5244.467392226847,1928.4673922268469,1957.4673922268469,0.004076766056021433,134.46031368426264,0.002405470261986198,79.33746541749787,0.0056044187433732205,0.42920958838603473,False
951,408.37393781773494,5230.490600360393,5279.490600360393,1935.4906003603928,1963.4906003603928,0.0040495950269997,133.564156034993,0.00218816500125859,72.17028115400112,0.005080989265508937,0.43065727694258626,False
952,408.63991835613854,5276.51377723214,5328.51377723214,1952.5137772321398,1982.5137772321398,0.0042590165718051605,140.47131877620404,0.002363090496024777,77.93969165595917,0.005488265972355531,0.43057142418528827,False
953,408.90592505578536,5323.536922856116,5374.536922856116,1965.5369228561156,1995.5369228561156,0.004140780235278063,136.57163587072313,0.002437781078536208,80.40314406302429,0.005649548315512338,0.4315001735346932,False
954,409.1719578923042,5390.560037246374,5441.560037246374,2004.5600372463743,2032.5600372463743,0.004089537798412452,134.88155259387696,0.0019347766912331844,63.81300207991285,0.004513678495445799,0.4286474309557783,False
955,409.4380168413236,5434.583120416997,5483.583120416997,2014.5831204169967,2039.5831204169967,0.003898195359760101,128.57067677496494,0.0014580229229850753,48.088660690709986,0.003388764747626436,0.4302520332833095,False
956,409.70410187847216,5491.60617238209,5538.60617238209,2042.6061723820906,2068.6061723820903,0.003701100857802538,122.07008581770003,0.0017920754236351007,59.10641432365935,0.004181048085486238,0.42861870683955317,False
957,409.97021297937874,5542.62919315579,5590.62919315579,2063.62919315579,2088.62919315579,0.003744863107217028,123.51345678943143,0.0014848178203181739,48.97241272627862,0.0034664326090754075,0.42834175296839694,False
958,410.2363501196717,5589.652182752256,5642.652182752256,2078.6521827522556,2105.6521827522556,0.004098496198062075,135.1770194444258,0.0015063129822564829,49.68136834875054,0.0035124488188402947,0.4288498025015557,False
959,410.50251327497995,5628.675141185675,5682.675141185675,2084.6751411856753,2116.6751411856753,0.004146645555465942,136.76508645912665,0.0024691761389851238,81.4386191474635,0.005740491761639013,0.4301332083577679,False
960,410.76870242093196,5692.698068470263,5748.698068470263,2114.6980684702626,2148.6980684702626,0.004251349207241224,140.21843297647175,0.0026756756124763975,88.24940583468603,0.006240905655921507,0.4287319437264139,False
961,411.03491753315643,5759.720964620258,5811.720964620258,2143.720964620258,2176.720964620258,0.0039033104461826933,128.73938307683574,0.002731194474707964,90.080534608932,0.006383270263338564,0.4278675916942142,False
962,411.3011585872821,5806.7438296499295,5857.7438296499295,2163.743829649929,2196.743829649929,0.003797708114247028,125.25639619882087,0.0027758646802541684,91.55385188236532,0.006495698682743221,0.42733889237021744,False
963,411.5674255589374,5832.766663573569,5882.766663573569,2162.7666635735686,2195.7666635735686,0.003707019617590316,122.26529895643556,0.0028695008280108163,94.64216885384052,0.0066821125357961276,0.4294301858340276,False
964,411.8337184237512,5890.789466405498,5945.789466405498,2185.7894664054984,2220.7894664054984,0.004036025704984397,133.11661127289767,0.0028630344288121086,94.42889341622202,0.006671661360461209,0.42913365564078754,False
965,412.10003715735184,5944.812238160063,6005.812238160063,2213.8122381600633,2246.8122381600633,0.0044336082232710105,146.22971842439523,0.001992388608549292,65.71316421034314,0.004655100910067392,0.42800116410805117,False
966,412.36638173536835,5997.834978851637,6062.834978851637,2242.8349788516375,2274.8349788516375,0.004681234913227368,154.3969671579714,0.0014713419609730704,48.52795055950037,0.003450116572048216,0.42646152100871915,False
967,412.63275213342916,6048.857688494621,6116.857688494621,2260.8576884946206,2291.8576884946206,0.004855009575543258,160.12842078672696,0.0010594111157745745,34.94160542698924,0.0024818095336152663,0.4268704352309116,False
968,412.89914832716295,6091.880367103438,6157.880367103438,2279.880367103438,2310.880367103438,0.004679881311923985,154.3523225417842,0.0011855228590080388,39.101035799353866,0.002781307838075056,0.42624654587984745,False
969,413.16557029219837,6142.903014692543,6206.903014692543,2298.903014692543,2332.903014692543,0.004501300765081469,148.46236073961362,0.001874733773158721,61.83266043463095,0.004401655136414674,0.42591564197048104,False
970,413.4320180041641,6181.925631276414,6246.925631276414,2312.9256312764137,2348.9256312764137,0.00454255958039263,149.82316319252496,0.0021650384357462388,71.40751841252919,0.005083686789367837,0.4258795880726287,False
971,413.6984914386887,6219.948216869557,6285.948216869557,2326.9482168695567,2358.9482168695567,0.004584029953293063,151.19094325941393,0.001347658747134363,44.44861819122107,0.003161097490488864,0.42632622093725664,False
972,413.9649905714008,6288.970771486502,6356.970771486502,2370.970771486502,2399.970771486502,0.0046706382926804315,154.04746833877138,0.0006091141328842913,20.089864429716272,0.001438799650424245,0.4233488190692065,False
973,414.2315153779291,6323.993295141809,6383.993295141809,2365.993295141809,2398.993295141809,0.0041010214100394285,135.26030624330718,0.0019145031953777102,63.144339572733315,0.004493921226411275,0.426020639642271,False
974,414.4980658339024,6367.015787850061,6427.015787850061,2383.0157878500613,2416.0157878500613,0.004073439993126467,134.3506131387702,0.0018994083090714846,62.64647849366415,0.004460178034850365,0.4258593029762786,False
975,414.76464191494904,6421.03824962587,6485.03824962587,2408.0382496258703,2442.0382496258703,0.004307284972108904,142.06331207596497,0.0017817960044934807,58.767377473548066,0.004191958369588468,0.42505097794384883,False
976,415.0312435966979,6483.060680483873,6549.060680483873,2441.0606804838726,2477.0606804838726,0.004398927860023814,145.0858871481279,0.001959142405589776,64.61663455489614,0.00462911352276577,0.42322194000099644,False
977,415.2978708547775,6503.0830804387315,6566.0830804387315,2443.0830804387315,2478.0830804387315,0.0041870711496591155,138.09840752817803,0.001990555318198056,65.6526984410755,0.004692649709459445,0.42418578872092116,False
978,415.56452366481653,6569.105449505137,6627.105449505137,2479.1054495051367,2515.1054495051367,0.003817647708751862,125.91404593761246,0.0024435504928157817,80.5934314729825,0.005790548663836495,0.42198945811066224,False
979,415.83120200244366,6605.127787697804,6666.127787697804,2486.1277876978043,2519.1277876978043,0.00399241048629579,131.67808968355706,0.0017343402668289843,57.20218749580536,0.004095345306063187,0.4234906063381961,False
980,416.09790584328744,6651.150095031476,6721.150095031476,2508.1500950314758,2541.1500950314758,0.00454684549193747,149.9645215640437,0.0011299498742845544,37.268121951561824,0.0026714136505872114,0.42297825124767807,False
981,416.3646351629767,6677.172371520921,6755.172371520921,2510.1723715209205,2547.1723715209205,0.005043847667264928,166.35669797985412,0.0013109425845610773,43.23764197403182,0.0030901434336441424,0.424233571260189,False
982,416.6313899371399,6745.194617180932,6830.194617180932,2556.1946171809323,2594.1946171809323,0.005438593729381826,179.37625284478665,0.0009700441531679148,31.994095155372577,0.002304605189211068,0.4209155467101887,False
983,416.8981701414058,6768.216832026332,6860.216832026332,2557.2168320263313,2595.2168320263313,0.00586357908195371,193.39316307038825,0.0005425158304890963,17.893312430449328,0.0012842573432761475,0.4224354513754505,False
984,417.16497575140295,6818.239016071965,6907.239016071965,2578.239016071965,2617.239016071965,0.005632262939999204,185.76387049386256,0.0008879466850203232,29.286348091126797,0.0021046124923333642,0.4219050719573868,False
985,417.43180674276005,6861.261169332707,6952.261169332707,2597.261169332707,2635.261169332707,0.00572212772564904,188.72780001584206,0.0005859124059344892,19.324622706051656,0.0013897505639002927,0.4215953719710276,False
986,417.6986630911058,6911.283291823456,6996.283291823456,2619.2832918234562,2659.2832918234562,0.005308691551430851,175.09180596813584,0.0012734407479847998,42.00075257677676,0.0030266726609787446,0.42073950196285953,False
987,417.9655447720687,6955.305383559137,7040.305383559137,2635.305383559137,2673.305383559137,0.005275294584986024,173.990303816046,0.0009423291652068495,31.079996596909524,0.002238236650809306,0.42101408931272766,False
988,418.2324517612775,6999.327444554702,7073.327444554702,2653.327444554702,2689.327444554702,0.004567452002963314,150.64416761152313,0.001285382702675213,42.3946233438532,0.003055903750280484,0.42062277077844323,False
989,418.4993840343609,7044.349474825128,7118.349474825128,2667.349474825128,2706.349474825128,0.004538412380250199,149.68637981462203,0.0017655441090393105,58.23135580080478,0.004194905093887733,0.4208782009423361,False
990,418.7663415669474,7080.371474385419,7155.371474385419,2682.371474385419,2722.371474385419,0.004576141565023758,150.93076763329788,0.0018523219611163814,61.09347176497582,0.004403884191881832,0.4206109607811604,False
991,419.0333243346657,7111.393443250603,7188.393443250603,2695.3934432506035,2733.3934432506035,0.004677132404997674,154.26165781329067,0.0014028483332392252,46.26888674668646,0.003335103568040951,0.4206311152319813,False
992,419.3003323131445,7158.415381435738,7236.415381435738,2712.4153814357383,2753.4153814357383,0.0047065924831840395,155.23331311547582,0.0018089432177282264,59.662749628103256,0.0043013112351072075,0.4205562254978602,False
993,419.5673654780124,7194.4372889559045,7276.4372889559045,2727.4372889559045,2769.4372889559045,0.004921959415577929,162.33656723625813,0.0017148022400547353,56.55778230484364,0.004079126613437627,0.4203846564619404,False
994,419.83442380489805,7239.45916582621,7324.45916582621,2743.4591658262098,2791.4591658262098,0.005069439318980447,167.20076444579337,0.0024633394863080096,81.24611407382264,0.0058626379519549545,0.42017595261644713,False
995,420.1015072694301,7287.481012061788,7380.481012061788,2774.4810120617876,2827.4810120617876,0.005507231063425817,181.64005639377254,0.0027107090965037264,89.4048837765242,0.006484324445173458,0.4180403246974194,False
996,420.3686158472372,7321.5028276777975,7421.5028276777975,2789.502827677798,2836.502827677798,0.005891622814190777,194.3181043060778,0.0013647920455250534,45.013710385475264,0.0032620011896003303,0.418391032436218,False
997,420.6357495139479,7358.524612689426,7453.524612689426,2805.5246126894262,2849.5246126894262,0.005570943073392654,183.74141240191102,0.0011873863650170603,39.16249814452709,0.002839394352725867,0.41818297056101034,False
998,420.9029082451911,7417.546367111883,7502.546367111883,2825.5463671118832,2874.5463671118832,0.004948418350794694,163.2092385350547,0.002518461511418127,83.06415432567152,0.006026489459373706,0.41789860056933614,False
999,421.17009201659516,7431.568090960407,7511.568090960407,2822.568090960407,2870.568090960407,0.004650147073182506,153.37162484821974,0.0026732783419153496,88.17033881264086,0.006378626111789947,0.41909939461323653,False
1000,421.43730080378884,7492.589784250261,7566.589784250261,2851.589784250261,2898.589784250261,0.004268233896020127,140.7753255031643,0.0028314731608566823,93.38793645885835,0.0067717666462891865,0.4181291690563912,False
1001,421.7045345824008,7519.611446996733,7587.611446996733,2859.6114469967333,2905.6114469967333,0.003909682728965222,128.94955435722062,0.0030208281952559457,99.63326350808,0.007220333021142782,0.41837795935592886,False
1002,421.9717933280597,7577.633079215139,7639.633079215139,2885.6330792151393,2931.6330792151393,0.0035389282926119804,116.72129373916108,0.003329577300063343,109.81645795967735,0.007972597347904694,0.4176276757458974,False
1003,422.23907701639416,7608.654680920819,7672.654680920819,2893.65468092082,2940.65468092082,0.0036377785039258446,119.98158148645193,0.0033595474685182603,110.80493711110331,0.008033708545724614,0.4181813977190083,False
1004,422.50638562303277,7655.676252129141,7732.676252129141,2921.676252129141,2969.676252129141,0.0043462682825595,143.34906359557843,0.0027307471926806453,90.06578230750671,0.006548772785088259,0.41698609530302133,False
1005,422.7737191236043,7704.697792855497,7786.697792855497,2945.6977928554966,2988.6977928554966,0.0045977110229484495,151.6421736935671,0.001696102487639896,55.94102516426557,0.004070131165697239,0.41671936814580346,False
1006,423.04107749373725,7758.719303115303,7841.719303115303,2972.719303115303,3015.719303115303,0.004621252392574278,152.41861754659877,0.0016157602621691596,53.29116969293406,0.003885643257055641,0.41582825681056146,False
1007,423.30846070906034,7769.7407829240055,7857.7407829240055,2972.7407829240055,3016.7407829240055,0.004891167935053717,161.32099948643025,0.00148978532599883,49.13625150507312,0.0035768760781257334,0.4165045960383035,False
1008,423.57586874520223,7813.762232297073,7910.762232297073,2994.762232297073,3042.762232297073,0.005358139662471438,176.72270860769035,0.0015475298638283072,51.04078773879601,0.0037224927316883275,0.41572407936614797,False
1009,423.84330157779164,7860.783651250001,7971.783651250001,3025.7836512500007,3074.7836512500007,0.006089660181528414,200.849792945433,0.0008870310676353374,29.2561491051884,0.0021416329240054786,0.4141844560254193,False
1010,424.11075918245695,7905.805039798311,8029.805039798311,3044.8050397983106,3101.8050397983106,0.006758900654488488,222.92275045338346,0.001296106833840724,42.74832773127463,0.003132671131866535,0.41373855705959994,False
1011,424.37824153482717,7928.826397957549,8066.826397957549,3044.8263979575486,3106.8263979575486,0.007493801757738572,247.16133356363233,0.001260648641927052,41.57884203063034,0.003037590103704226,0.41501604854115726,False
1012,424.64574861053063,7952.847725743288,8089.847725743288,3050.847725743288,3114.847725743288,0.0074176799781440995,244.6506772684644,0.0015986087354166586,52.72547628899224,0.0038492603852691453,0.4153028310411071,False
1013,424.9132803851961,8003.869023171126,8127.869023171126,3069.869023171126,3134.869023171126,0.006676723397503342,220.212371785563,0.002422830471871343,79.91004162979573,0.005838585911900841,0.4149687113334869,False
1014,425.1808368344523,8059.890290256688,8176.890290256688,3096.8902902566874,3160.8902902566874,0.006259040531790685,206.4363129260378,0.002624561451691765,86.56355337262042,0.0063381268049543995,0.4140910291728768,False
1015,425.4484179339277,8091.911527015621,8194.91152701562,3101.911527015621,3162.911527015621,0.005493143488202168,181.17541855152382,0.0029644938389086764,97.77523802377073,0.007144400660139302,0.41493947217272587,False
1016,425.7160236592511,8130.932733463601,8232.9327334636,3124.932733463601,3177.932733463601,0.005414198859820783,178.57165876987776,0.0018898282380826522,62.330507615626345,0.004560894010613527,0.4143547808137805,False
1017,425.9836539860511,8178.953909616329,8283.953909616328,3151.953909616329,3203.953909616329,0.005539913050859829,182.7179770352358,0.001566488612228906,51.666087111380875,0.0037898796553189405,0.4133346582734899,False
1018,426.2513088899563,8243.97505548953,8345.97505548953,3186.975055489531,3239.975055489531,0.005340413328473025,176.13805685256247,0.0018225890091015462,60.11281651036077,0.0044254062583760755,0.41184671026572695,False
1019,426.5189883465954,8281.99617109896,8374.99617109896,3192.9961710989583,3245.9961710989583,0.004849591772095847,159.94973024108165,0.0023000136819704368,75.8592857441646,0.0055719191614349815,0.4127866207911917,False
1020,426.786692331597,8340.017256460389,8431.017256460389,3217.017256460388,3270.017256460388,0.004713028964663193,155.44560180381782,0.0023836250354971143,78.61696393032338,0.005778180319919276,0.41252174621134263,False
1021,427.0544208205897,8373.038311589624,8463.038311589624,3229.038311589624,3281.038311589624,0.0046432285342981406,153.1434368933935,0.0022948751691228763,75.6898067895572,0.005561143758745017,0.41266244295773447,False
1022,427.32217378920234,8418.059336502492,8508.059336502492,3254.0593365024924,3305.0593365024924,0.004618527436266654,152.3287427598526,0.0021352655822015803,70.42554712158952,0.005186222142400102,0.41171888198630324,False
1023,427.5899512130635,8448.08033121485,8546.08033121485,3271.080331214849,3323.080331214849,0.00500893593557036,165.20523568586773,0.0018406943203934708,60.70996773321974,0.004476979419348887,0.41114647801109916,False
1024,427.8577530678016,8485.101295742572,8594.101295742572,3286.101295742571,3343.101295742571,0.005543436936029603,182.83420217516388,0.0019251522957418662,63.495569286615165,0.004683914897751849,0.41101350852166135,False
1025,428.12557932904554,8529.122230101564,8641.122230101564,3297.122230101565,3358.122230101565,0.005665810055134143,186.87032486535725,0.0022956421368401517,75.71510299700037,0.005577070939437237,0.4116214697229218,False
1026,428.39342997242386,8567.143134307758,8685.143134307758,3309.1431343077593,3373.1431343077593,0.005940957298763638,195.94525930588958,0.0023782602988932254,78.44002364072128,0.005773438598540203,0.4119313401019908,False
1027,428.66130497356517,8618.164008377109,8750.164008377109,3348.1640083771094,3413.1640083771094,0.006601438588604979,217.729320543223,0.0017489952141034664,57.68553846087795,0.004268616237244459,0.4097335335144825,False
1028,428.9292043080982,8671.184852325598,8801.184852325598,3370.1848523255967,3433.1848523255967,0.00646269801391927,213.15336476439637,0.0015807673985551926,52.137031497710666,0.0038589718914344147,0.4096343386340674,False
1029,429.1971279516516,8712.205666169228,8836.205666169228,3381.2056661692277,3442.2056661692277,0.006137696576756813,202.4341342301461,0.0016275304884973661,53.67937649766051,0.003967237509695774,0.41024276578343116,False
1030,429.4650758798539,8738.226449924034,8864.226449924034,3387.2264499240327,3446.2264499240327,0.006217547027717619,205.06776994445488,0.0012820323333862255,42.28412112239508,0.0031197703463159495,0.41093804705854137,False
1031,429.7330480683338,8794.24720360607,8916.24720360607,3413.247203606069,3469.247203606069,0.00598343148073684,197.34614710595446,0.0010840723263486323,35.75498398834276,0.0026409297609002393,0.41048889008660877,False
1032,430.0010444927201,8855.26792723142,8976.26792723142,3439.267927231419,3499.267927231419,0.005894101251932738,194.39984839235882,0.0016170852556748909,53.33487076382258,0.003944811271652069,0.4099271534979322,False
1033,430.26906512864116,8896.28862081619,9021.28862081619,3458.28862081619,3521.28862081619,0.006059713346816202,199.8620833898878,0.001780674262177968,58.73038005413662,0.004348864459211419,0.4094572914100106,False
1034,430.5371099517258,8945.309284376515,9070.309284376515,3480.3092843765144,3537.3092843765144,0.00602673521416982,198.7743952568382,0.0010284586909856562,33.92072939701464,0.0025117237915204273,0.40946329148839133,False
1035,430.8051789376028,9009.32991792855,9126.32991792855,3505.3299179285505,3559.3299179285505,0.0056036736245663145,184.82093477758647,0.0010356718828161693,34.1586356253504,0.0025294483315082676,0.40944575539070827,False
1036,431.0732720619005,9045.35052148848,9157.35052148848,3514.350521488481,3567.350521488481,0.005344437146828555,176.27077083979114,0.0011562714160524715,38.13626172562121,0.0028201591249306583,0.4100021895327987,False
1037,431.3413893002478,9065.371095072514,9184.371095072514,3516.371095072514,3576.371095072514,0.005663836266590922,186.8052251703978,0.0016840384509819685,55.54312787729043,0.004102918998757141,0.41044886615897086,False
1038,431.6095306282731,9110.391638696883,9239.391638696883,3539.391638696884,3605.391638696884,0.006106329462233372,201.39958086107,0.0019174971629189932,63.24308691541361,0.004680821851646032,0.4096496777045032,False
1039,431.8776960216053,9169.412152377849,9304.412152377849,3562.4121523778485,3639.4121523778485,0.006347445744122762,209.35210265204816,0.002939631534005789,96.95522694876226,0.007185123044279453,0.4091275147119745,False
1040,432.1458854558729,9200.432636131693,9346.432636131693,3579.4326361316935,3660.4326361316935,0.006837630316733238,225.51942019999535,0.0028805949784993113,95.0080772562959,0.007050712216598122,0.4085537588270992,False
1041,432.41409890670445,9250.453089974726,9401.453089974726,3598.453089974726,3677.453089974726,0.007031978272384331,231.929424286971,0.0023993177246467946,79.13454180372113,0.005868490623692616,0.4088475007457842,False
1042,432.68233634972887,9301.47351392328,9453.47351392328,3615.4735139232807,3695.4735139232807,0.007039658018974867,232.182718471967,0.0024652515993988126,81.30917958272255,0.0060252421807660194,0.4091539435988933,False
1043,432.9505977605746,9335.493907993718,9478.493907993718,3629.4939079937176,3710.4939079937176,0.006602035411228686,217.7490050078439,0.002983615687360353,98.40591677886823,0.007298483167018359,0.40879942024710403,False
1044,433.2188831148703,9389.514272202421,9533.514272202421,3654.51427220242,3733.51427220242,0.006609894654178535,218.0082193600623,0.0026782589014973804,88.3346081365413,0.0065567372885602365,0.4084743346618798,False
1045,433.4871923882447,9475.534606565798,9620.534606565798,3701.5346065657986,3779.5346065657986,0.006595484073310377,217.53292811271612,0.002461028090340949,81.16987937639126,0.006046879926147183,0.40699139397481177,False
1046,433.75552555632635,9509.554911100287,9653.554911100287,3710.5549111002865,3785.5549111002865,0.006527080742978585,215.27684249802257,0.0021636065185560065,71.36029077377759,0.005307646558786928,0.4076395243338325,False
1047,434.0238825947439,9548.575185822345,9694.575185822345,3727.575185822345,3797.575185822345,0.006590211045012991,217.35901255582877,0.001489757893906418,49.135346737004454,0.0036534512767413506,0.4077672811433217,False
1048,434.2922634791262,9620.595430748457,9760.595430748457,3767.5954307484562,3835.5954307484562,0.006274360068828461,206.941583458438,0.0014941709992212122,49.28090022641129,0.0036766868655082052,0.4063906048780911,False
1049,434.5606681851016,9701.615645895132,9828.615645895132,3806.615645895132,3877.615645895132,0.005648287091337535,186.2923806869588,0.0023774436731865533,78.4130896084092,0.005868545862589528,0.4051163148169542,False
1050,434.82909668829893,9752.635831278905,9873.635831278905,3826.6358312789052,3897.6358312789052,0.005355097394822162,176.622368225924,0.002629027973280628,86.7108686430243,0.006491581610688607,0.40499035996895505,False
1051,435.09754896434674,9805.655986916336,9941.655986916336,3854.6559869163366,3925.6559869163366,0.005982078316791008,197.30151691473858,0.0019445355010359894,64.13486813973552,0.004807034168314946,0.40451875999825176,False
1052,435.36602498887373,9854.67611282401,10000.67611282401,3872.6761128240096,3948.6761128240096,0.006387007036122599,210.65691721804365,0.0020533287398028623,67.72309783216883,0.005074903191712717,0.40460451406362474,False
1053,435.6345247375086,9912.696209018533,10067.696209018533,3895.6962090185343,3973.6962090185343,0.006738305604521913,222.24348241572932,0.0018712736854012337,61.71853946745904,0.004624184408359398,0.4046710771349056,False
1054,435.9030481858799,9935.716275516545,10094.716275516545,3901.7162755165446,3978.7162755165446,0.006894935778816074,227.4094747926789,0.0015923494507765947,52.51903192486219,0.003930297368297543,0.4051473213250377,False
1055,436.17159530961624,9996.736312334699,10166.736312334699,3929.736312334699,4006.736312334699,0.007323322994245546,241.538585605868,0.0011040290550228113,36.41319884805446,0.0027263826437287017,0.4049428122506312,False
1056,436.4401660843464,10049.756319489683,10225.756319489683,3959.7563194896825,4035.7563194896825,0.007539907874974769,248.6820102228156,0.0007165670318208068,23.63388689721765,0.0017731155373983975,0.4041287872713525,False
1057,436.7087604856989,10084.776296998203,10268.776296998203,3967.776296998203,4047.776296998203,0.007852423924114702,258.98944641642703,0.0008169003283433132,26.94308991205986,0.0020184799884689635,0.4047106401896707,False
1058,436.9773784893025,10147.796244876996,10327.796244876996,3991.7962448769954,4069.7962448769954,0.007635922685475596,251.84878049142296,0.0007683787634952532,25.342746713488253,0.0018980789302883527,0.4048191838779447,False
1059,437.2460200707857,10218.816163142817,10388.816163142817,4022.816163142817,4101.8161631428175,0.007165474964515948,236.33242579678694,0.001280530720572725,42.234594775491416,0.0031678259766147244,0.40423013449152767,False
1060,437.51468520577725,10280.836051812452,10448.836051812452,4050.8360518124514,4129.836051812452,0.007039481380105921,232.17689255078315,0.00134866331239138,44.481750864942995,0.0033398509152995056,0.40380943538925507,False
1061,437.78337386990586,10323.855910902706,10495.855910902706,4064.8559109027065,4152.8559109027065,0.007175925489213345,236.67710606778306,0.0021257818957586185,70.11275520846996,0.005265304595000617,0.4037338880217944,False
1062,438.0520860388001,10395.875740430416,10569.875740430416,4100.875740430416,4189.875740430416,0.007208801931447406,237.76144023728614,0.002115731267686634,69.78126436874254,0.005250909832828232,0.40292660415900994,False
1063,438.3208216880885,10460.895540412435,10626.895540412435,4122.895540412435,4204.895540412435,0.006837546225620439,225.51664669833994,0.0017153336814137565,56.575310357927066,0.00425104333849095,0.40350886707795164,False
1064,438.5895807933998,10517.91531086565,10665.91531086565,4149.915310865649,4230.915310865649,0.006068461391838661,200.15061230267798,0.002326636901121653,76.73737547243587,0.005777204468866866,0.4027271171826807,False
1065,438.85836333036275,10595.935051806962,10738.935051806962,4196.935051806962,4278.935051806962,0.005821928200472616,192.0194294510892,0.002581517864489018,85.14388539122399,0.006439044738471638,0.4009162801844056,False
1066,439.12716927460576,10630.954763253309,10773.954763253309,4209.954763253309,4288.954763253309,0.005802877587619904,191.3911001957792,0.002271158770409603,74.90759010931919,0.005661489060595756,0.4011592614771581,False
1067,439.3959986017577,10707.974445221642,10846.974445221642,4243.974445221642,4324.974445221642,0.005601290923624424,184.7423482922057,0.0026094946238198026,86.06661771969067,0.006513480781387931,0.40062981858737534,False
1068,439.66485128744716,10768.994097728944,10914.994097728944,4264.994097728945,4346.994097728945,0.005848366267680548,192.8914124790909,0.002422249756904104,79.89088842954266,0.006039836568024434,0.40104557956547426,False
1069,439.9337273073028,10820.013720792222,10983.013720792222,4281.013720792223,4366.013720792223,0.0064937146572511895,214.17635885690336,0.0020447617826332637,67.44054157740348,0.00509079280086688,0.4016588108408328,False
1070,440.202626636953,10874.033314428503,11060.033314428503,4310.033314428504,4395.033314428504,0.007365775926915609,242.9387725592504,0.0011157683995096342,36.800387104740054,0.0027800234911366005,0.4013521479465834,False
1071,440.4715492520269,10932.052878654846,11133.052878654846,4325.052878654846,4413.052878654846,0.007912548120965538,260.9724688065976,0.0008351616434061696,27.545386467196295,0.0020760048569981103,0.4022927213252323,False
1072,440.7404951281527,10984.072413488326,11192.072413488326,4356.072413488326,4449.072413488326,0.008147124044730168,268.7092758391181,0.001027259705654253,33.881184340578216,0.002560757210538248,0.4011546668410365,False
1073,441.00946424095923,11051.091918946047,11267.091918946047,4388.091918946047,4485.091918946047,0.008406646154636665,277.26886052622285,0.0010889855690516745,35.917033060077415,0.002718488255052573,0.4005849821229463,False
1074,441.2784565660752,11078.111395045142,11307.111395045142,4407.111395045141,4509.111395045141,0.008885942913744036,293.07707509920266,0.0010509935603242107,34.66397675495915,0.0026288890216137006,0.3997862031007591,False
1075,441.5474720791291,11124.130841802758,11358.130841802758,4420.130841802758,4525.130841802758,0.009040778915815567,298.1838919049904,0.0011552369671678619,38.102143427047395,0.002886264368736097,0.4002533446628603,False
1076,441.8165107557496,11194.150259236076,11427.150259236076,4453.150259236076,4558.150259236076,0.00894680594377165,295.0844657605335,0.0011744821920232143,38.736891395269026,0.0029381406745839873,0.3997365416104557,False
1077,442.08557257156554,11246.169647362296,11489.169647362296,4476.169647362296,4581.169647362296,0.00928401170080419,306.2062204169641,0.0007858249473957808,25.918158529526465,0.0019660114169200243,0.3997051800578367,False
1078,442.3546575022053,11306.189006198645,11543.189006198645,4502.189006198645,4604.189006198645,0.009009565470307998,297.15440686306226,0.0007198548970513991,23.742327603449553,0.0018017426206955005,0.39953259071682723,False
1079,442.6237655232977,11391.208335762374,11607.208335762374,4539.208335762374,4646.208335762374,0.00815798476860027,269.0674853410481,0.001960578889204043,64.66401280391074,0.0049185466810524395,0.39860938938664925,False
1080,442.8928966104713,11478.227636070758,11694.227636070758,4589.227636070758,4695.227636070758,0.008096710000905123,267.0465147059902,0.0018203425482969104,60.03872351107657,0.004582647780237469,0.3972250619275352,False
1081,443.16205073935487,11537.246907141096,11750.246907141096,4612.246907141096,4721.246907141096,0.007944805494000557,262.036384772664,0.002199359532301687,72.53950031814219,0.005538693393766252,0.3970899589381578,False
1082,443.43122788557696,11594.266148990711,11806.266148990711,4630.266148990712,4740.266148990712,0.007869303831458464,259.54618124133833,0.00232746750561935,76.7647705546587,0.0058556534132616425,0.3974735766205352,False
1083,443.7004280247661,11635.285361636954,11842.285361636954,4647.285361636954,4752.285361636954,0.007658482936709675,252.59286499763334,0.0020446873155250027,67.43808549564693,0.00514315123993455,0.3975553547110978,False
1084,443.9696511325511,11706.304545097195,11911.304545097195,4682.304545097196,4779.304545097196,0.00753951040965356,248.6689009810701,0.0013655374118360288,45.03829413313363,0.0034372391661862353,0.3972773920620576,False
1085,444.2388971845605,11750.323699388833,11953.323699388833,4696.323699388832,4790.323699388832,0.007438849709745446,245.34889951438518,0.001167988028930824,38.5227002460787,0.0029367993034511114,0.3977078132503947,False
1086,444.50816615642316,11831.342824529285,12028.342824529285,4748.342824529286,4839.342824529286,0.007171758960635662,236.53968519745806,0.001072563207431005,35.37538905485175,0.0027087960452702215,0.3959556900947887,False
1087,444.7774580237674,11858.361920536003,12058.361920536003,4742.361920536002,4839.361920536002,0.007263613669785039,239.56924657917133,0.0015297944124824997,50.455835274386885,0.003850814928488756,0.39726510904611667,False
1088,445.0467727622221,11918.38098742645,12126.38098742645,4765.38098742645,4876.38098742645,0.007513944674987952,247.8256893139132,0.0024860568786801212,81.99538142506805,0.0062640549457003095,0.396876607920971,False
1089,445.3161103474158,11963.400025218125,12186.400025218125,4789.400025218124,4912.400025218124,0.008020805311040505,264.54301848642456,0.002991807461762745,98.67609871735584,0.007553588982100174,0.39607760878338305,False
1090,445.5854707549772,12003.419033928541,12243.419033928541,4813.419033928542,4939.419033928542,0.00859774619203723,283.57174144233574,0.0026244537708363484,86.56000183166901,0.006635131578904645,0.3955390695160267,False
1091,445.854853960535,12044.438013575247,12294.438013575247,4826.438013575246,4950.438013575246,0.008922140776091542,294.2709566855048,0.0020947532551744506,69.08936542136621,0.005288279511661616,0.39611243137870067,False
1092,446.1242599397177,12100.456964175804,12353.456964175804,4852.456964175804,4975.456964175804,0.008986735200960268,296.40141659189925,0.00188454653224609,62.15630585525713,0.004760184332342149,0.395897805772332,False
1093,446.393688668154,12144.475885747805,12396.475885747805,4871.4758857478055,4993.4758857478055,0.008919463054652835,294.1826398040208,0.0018229367951962845,60.124287226794024,0.004605623296797404,0.39580675138235766,False
1094,446.6631401214727,12202.494778308865,12447.494778308865,4900.494778308865,5020.494778308865,0.008633322276829695,284.74511549792754,0.001873266666393791,61.7842721697391,0.004739183022841253,0.3952720663804883,False
1095,446.93261427530217,12254.513641876621,12486.513641876621,4925.5136418766215,5045.5136418766215,0.008145116368281299,268.6430584497998,0.0023087421276640954,76.14716822989413,0.005849504829762154,0.39469018230693054,False
1096,447.20211110527123,12311.53247646874,12537.53247646874,4957.532476468739,5071.532476468739,0.007899955952675133,260.5571526282772,0.0019736870391598594,65.09634714212382,0.005008599004402625,0.3940597036067296,False
1097,447.4716305870086,12374.551282102906,12601.551282102906,4981.551282102905,5090.551282102905,0.007894551344203573,260.3788972806707,0.001505660052938937,49.65983336743341,0.003817480097572984,0.39441202428171956,False
1098,447.7411726961426,12407.57005879683,12644.57005879683,5002.5700587968295,5113.5700587968295,0.008217330931311067,271.02484652989153,0.0013137000192782172,43.32858796699185,0.0033356464675327454,0.39383670663693343,False
1099,448.01073740830225,12465.588806568248,12697.588806568248,5019.588806568248,5134.588806568248,0.008008461922423589,264.13590758465824,0.001829065610826984,60.32642844875585,0.004640765849876787,0.394130122052063,False
1100,448.2803246991159,12512.607525434922,12736.607525434922,5048.607525434921,5163.607525434921,0.007705943812600728,254.1582244448881,0.0020756709436440517,68.45999067703713,0.005279746436108755,0.393138376769065,False
1101,448.5499345442124,12553.62621541463,12776.62621541463,5059.62621541463,5168.62621541463,0.0076469961687423505,252.21400724546393,0.001609695720044448,53.09114834629926,0.004087120555152725,0.3938459113996695,False
1102,448.8195669192204,12605.644876525184,12823.644876525184,5085.6448765251835,5190.6448765251835,0.0074464145412481385,245.59840355823835,0.001428871914653856,47.1271991619968,0.0036311441072054184,0.3935046014336062,False
1103,449.0892217997683,12627.663508784412,12855.663508784412,5099.663508784412,5212.663508784412,0.007771495776014036,256.32026598518064,0.0017466742180003297,57.608987130779724,0.0044455027237410944,0.3929081425757003,False
1104,449.35889916148506,12699.682112210172,12947.682112210172,5130.682112210172,5245.682112210172,0.008399177990624083,277.02254477938374,0.00122768347289412,40.49158146480124,0.003123845512840051,0.3930039010725498,False
1105,449.6285989799992,12755.70068682034,13017.70068682034,5163.700686820341,5275.700686820341,0.00882996173356995,291.2306981074435,0.0004891259409737555,16.132401651377847,0.0012461848800282432,0.39249869647164237,False
1106,449.89832123093925,12766.719232632822,13037.719232632822,5173.719232632823,5279.719232632823,0.009122316844277386,300.87318417427525,-0.0003143455399592793,-10.36777664633098,-0.0008010158181207729,0.3924336234667015,False
1107,450.1680658899339,12829.737749665546,13114.737749665546,5202.737749665545,5315.737749665545,0.009541831463358533,314.7096581101464,-0.00021021975804423783,-6.933489491629928,-0.0005361504927819719,0.39209095370490443,False
1108,450.43783293261197,12876.756237936457,13162.756237936457,5227.756237936458,5347.756237936458,0.009540364232281605,314.6612657451835,0.0003159098349265945,10.41937038242213,0.0008072656307524805,0.3913331905783279,False
1109,450.70762233460187,12911.774697463536,13211.774697463536,5230.774697463536,5360.774697463536,0.009975219716095515,329.00371364566536,0.0006863210908102085,22.636312187245323,0.0017504763175182727,0.3920767644450261,False
1110,450.97743407153246,12953.793128264779,13254.793128264779,5247.793128264779,5385.793128264779,0.00997599684929326,329.0293451320219,0.0012969645117724502,42.77661575225869,0.003310510395566093,0.39177176833805744,False
1111,451.24726811903224,12990.811530358207,13289.811530358207,5270.811530358206,5414.811530358206,0.00988253992507315,325.94693932950054,0.0018233177851754608,60.13685307712893,0.004665040671237608,0.3908471358925463,False
1112,451.51712445272995,13033.829903761867,13327.829903761867,5284.829903761867,5427.829903761867,0.009687392425941499,319.510564617936,0.001907823169385689,62.92401827443865,0.0048782561584763,0.3910871236375558,False
1113,451.78700304825406,13068.84824849383,13348.84824849383,5299.8482484938295,5435.8482484938295,0.009206480873441732,303.6490907646606,0.0017974086956677928,59.28231684556641,0.004596069515647168,0.39107517620187726,False
1114,452.0569038812333,13089.866564572189,13359.866564572189,5309.8665645721885,5442.8665645721885,0.008866901058785088,292.44903469763767,0.0018771788534933526,61.91330432350259,0.0048020371422198135,0.3909130225147735,False
1115,452.32682692729657,13120.88485201506,13363.88485201506,5328.8848520150605,5458.8848520150605,0.007969600776571344,262.8541853102823,0.0024979967663174823,82.38918401638995,0.0064038425966702365,0.3900777897970742,False
1116,452.59677216207206,13195.903110840587,13425.903110840587,5361.903110840587,5485.903110840587,0.007504390601865341,247.51057590014958,0.002424780400470652,79.97435437365257,0.006218856387669605,0.3899077658841534,False
1117,452.86673956118875,13229.921341066933,13464.921341066933,5380.921341066933,5499.921341066933,0.007646558624738507,252.1995761245217,0.001853276182897684,61.12494400504923,0.00475474576492418,0.3897739804658592,False
1118,453.13672910027526,13291.939542712285,13530.939542712285,5426.939542712285,5538.939542712285,0.007739596327071074,255.26815510800859,0.0011320450684565346,37.337225859346205,0.0029141318177834654,0.38846735125303494,False
1119,453.4067407549601,13329.957715794859,13563.957715794859,5444.957715794859,5551.957715794859,0.007557655458500446,249.26736283201805,0.0008939828948433346,29.485434978898326,0.0023017821811717816,0.38838726885453145,False
1120,453.67677450087194,13380.975860332888,13616.975860332888,5459.975860332887,5570.975860332887,0.0075928803408421034,250.4291534925724,0.001147673671194398,37.85269002817577,0.0029524185568873783,0.38872322778120805,False
1121,453.94683031363945,13427.993976344631,13666.993976344631,5482.993976344631,5598.993976344631,0.007661865250151026,252.70442080438139,0.0014303662462950449,47.17648536053295,0.0036838697056770647,0.3882781858681822,False
1122,454.21690816889134,13462.012063848373,13713.012063848373,5510.012063848373,5622.012063848373,0.008022882664634395,264.61153397444355,0.0007163408121741328,23.62642569776807,0.001848148061175161,0.3875992552883676,False
1123,454.4870080422562,13492.03012286242,13742.03012286242,5518.030122862419,5629.030122862419,0.00797359404793941,262.9858917936561,0.0006759117183834408,22.292989204634523,0.0017422413211133237,0.38795527932463514,False
1124,454.7571299093627,13542.048153405101,13804.048153405101,5532.0481534051005,5660.0481534051005,0.008322111847537533,274.4807413912427,0.0016120624127469781,53.16920684629747,0.0041548817298730735,0.3879923707951669,False
1125,455.02727374583947,13573.066155494771,13854.066155494771,5552.06615549477,5691.06615549477,0.008899291273652788,293.51733206657275,0.0018397104952065126,60.67751911060299,0.004750048988006417,0.38730347831183826,False
1126,455.2974395273151,13584.084129149805,13884.084129149805,5549.084129149805,5690.084129149805,0.009486873981969717,312.89704485608866,0.0014105044379086936,46.52140117143148,0.0036343484230930527,0.3881038012057931,False
1127,455.56762722941824,13629.102074388607,13934.102074388607,5569.1020743886065,5715.1020743886065,0.009611743467880192,317.01550297077887,0.0016270700196969,53.66418926873894,0.004194900820882194,0.3878685311455646,False
1128,455.83783682777766,13648.1199912296,13952.1199912296,5579.119991229599,5725.119991229599,0.009567370569869024,315.5519915247765,0.0016515208295813516,54.470628373097554,0.004259995343475542,0.3876813696781998,False
1129,456.10806829802186,13710.137879691229,14006.137879691229,5622.137879691229,5761.137879691229,0.00927657491848034,305.960939704182,0.0013302020561214937,43.8728598285324,0.0034418817967107967,0.3864752291588541,False
1130,456.37832161577956,13740.155739791968,14028.155739791968,5640.155739791968,5782.155739791968,0.00900892342366837,297.13323081533764,0.001789765415482765,59.03022539927474,0.004639033391152954,0.38580567643595876,False
1131,456.64859675667935,13791.173571550311,14072.173571550311,5654.173571550311,5803.173571550311,0.008759958832338759,288.92185528227037,0.002536465262385183,83.65795587554163,0.006571768901369602,0.38596385546311074,False
1132,456.91889369635,13842.191374984775,14126.191374984775,5670.191374984775,5820.191374984775,0.008820236294691232,290.90993269084123,0.0025193116811907234,83.09219471178574,0.006520844149652131,0.38634747639615363,False
1133,457.18921241042005,13880.209150113902,14159.209150113902,5681.209150113903,5822.209150113903,0.008642986688572229,285.0638681113024,0.002004037925018163,66.09738315376234,0.005179018691649905,0.3869532134049369,False
1134,457.4595528745182,13929.226896956257,14196.226896956257,5714.226896956257,5849.226896956257,0.008245919234686047,271.9677488663705,0.0018950680592074373,62.503327930161504,0.0049092229734072,0.38602199767108625,False
1135,457.729915064273,13958.244615530428,14219.244615530428,5734.244615530428,5863.244615530428,0.00804572052304972,265.3647745490078,0.0016160774250330613,53.301630390845844,0.004191653178069806,0.3855465508187013,False
1136,458.00029895531316,14038.262305855025,14295.262305855025,5780.262305855025,5903.262305855025,0.0078787757269885,259.8585842653657,0.0012657584185186768,41.74737320311482,0.0032899664425878037,0.384732926796379,False
1137,458.27070452326734,14080.279967948683,14343.279967948683,5806.279967948683,5922.279967948683,0.008037185266979472,265.0832638631331,0.0005537761012349481,18.26469982816883,0.0014404880988225363,0.3844364293516955,False
1138,458.54113174376414,14125.297601830061,14388.297601830061,5825.2976018300615,5939.2976018300615,0.008011805400538282,264.2461825207032,0.0004051642922634595,13.36316999376055,0.001053806574195399,0.38447690703847626,False
1139,458.8115805924323,14146.31520751784,14409.31520751784,5837.3152075178405,5956.3152075178405,0.008000010984199672,263.85717787858744,0.0007645162311424401,25.21535227764423,0.0019906792268279024,0.3840479273803834,False
1140,459.08205104490037,14172.332785030723,14444.332785030723,5853.332785030724,5972.332785030724,0.008256144055163709,272.30498493778083,0.0004846388755056306,15.984408800653739,0.0012627518799148063,0.38379580598076607,False
1141,459.352543076797,14229.35033438744,14517.35033438744,5881.35033438744,6011.35033438744,0.0087022853288859,287.01966191159903,0.0007927037546433587,26.145036051457623,0.0020680397072484883,0.3833116704021342,False
1142,459.62305666375096,14268.367855606739,14572.367855606739,5905.367855606739,6040.367855606739,0.009155828320185654,301.97846308916235,0.0006606036905384798,21.788098269605257,0.0017257283149319715,0.38279703984837316,False
1143,459.89359178139057,14293.385348707396,14596.385348707396,5918.385348707396,6060.385348707396,0.009110217922728205,300.47413631026023,0.00118678281955561,39.142591946586265,0.0031040109902160406,0.38233847215631456,False
1144,460.1641484053449,14338.402813708206,14642.402813708206,5942.402813708207,6087.402813708207,0.009111573152291245,300.5188346298735,0.001358379852970111,44.80222279690781,0.003557276577286047,0.38185949938322195,False
1145,460.4347265112424,14350.420250627993,14675.420250627993,5941.420250627993,6093.420250627993,0.009725927184271099,320.781521945765,0.001244932234612568,41.06048188230301,0.003255985639345814,0.3823518812763244,False
1146,460.7053260747116,14358.437659485597,14692.437659485597,5939.437659485597,6098.437659485597,0.009986669736694249,329.3813593923776,0.0014865905942145555,49.03088253566267,0.003885307031026098,0.38261856330616717,False
1147,460.97594707138126,14389.455040299887,14732.455040299887,5949.455040299886,6118.455040299886,0.010230777833816053,337.4325575383654,0.0019338083294491298,63.78106347282716,0.005054383267513803,0.3826002554808926,False
1148,461.24658947688,14446.472393089749,14794.472393089749,5985.472393089749,6153.472393089749,0.010337669785189033,340.95807877613805,0.001684154697469695,55.54696193079985,0.004410845298556015,0.3818213026018027,False
1149,461.51725326683663,14511.4897178741,14850.4897178741,6007.489717874099,6174.489717874099,0.010028776971505157,330.7701445037256,0.0018792586196794588,61.98189938388418,0.0049185037175834435,0.3820793329811236,False
1150,461.78793841687957,14580.507014671874,14893.507014671874,6038.507014671873,6197.507014671873,0.009224348132977988,304.23839054024495,0.0020631037271530202,68.04549746150752,0.005403461476845043,0.38181149916472046,False
1151,462.0586449026375,14651.524283502027,14954.524283502027,6071.524283502028,6225.524283502028,0.008889793071897713,293.2040614079493,0.001988402065167252,65.58167963009026,0.0052108218824648495,0.38159087184662854,False
1152,462.3293726997391,14721.541524383547,15029.541524383547,6102.541524383546,6252.541524383546,0.00899244435659148,296.58971654497384,0.0015533970619266042,51.234300264632395,0.0040700447159076145,0.3816658465336292,False
1153,462.60012178381305,14744.558737335432,15046.558737335432,6113.558737335433,6262.558737335433,0.008805404943477134,290.42076355304795,0.00165231811368605,54.49692447872155,0.004330978165658732,0.3815115316876081,False
1154,462.87089213048796,14795.575922376715,15084.575922376715,6138.5759223767145,6280.5759223767145,0.008401230346684087,277.0902357961916,0.0015306079762040514,50.48266831599352,0.004014194162386614,0.38129893928549735,False
1155,463.14168371539256,14854.593079526443,15126.593079526443,6170.593079526443,6305.593079526443,0.007880364676679175,259.9109911660563,0.001518668442171656,50.088877387306695,0.003988366796109611,0.3807745174423318,False
1156,463.41249651415535,14914.610208803691,15191.610208803691,6211.610208803691,6344.610208803691,0.007991900982648912,263.5896929806291,0.0012088496489962627,39.870402364901736,0.00318283092323314,0.37980328774998373,False
1157,463.68333050240506,14953.627310227557,15239.627310227557,6226.627310227557,6363.627310227557,0.008227793819239894,271.3699345662471,0.0012240710227254675,40.37243526505097,0.0032222431363409937,0.37988164484553977,False
1158,463.9541856557704,14989.644383817158,15297.644383817158,6254.644383817158,6400.644383817158,0.008833231177015033,291.3385312244676,0.0011878451962172645,39.17763136194981,0.0031341993186243195,0.37899478477924,False
1159,464.2250619498798,15024.661429591637,15335.661429591637,6257.661429591637,6414.661429591637,0.008897817656973473,293.46872909102103,0.0018638593180879109,61.473998048839405,0.004911863877252572,0.3794607026305566,False
1160,464.4959593603621,15074.678447570159,15391.678447570159,6274.678447570159,6433.678447570159,0.009037924670034964,298.0897528796654,0.0018299517399724165,60.355654850571,0.004818939270971326,0.37974160641446797,False
1161,464.76687786284594,15130.695437771912,15453.695437771912,6311.695437771911,6469.695437771911,0.009173459348884427,302.5599714751812,0.001564342879077309,51.5953163218183,0.004128308807987341,0.37893068368593463,False
1162,465.03781743295986,15153.712400216105,15476.712400216105,6312.712400216105,6476.712400216105,0.009159671695812638,302.1052256959221,0.0019789370178499317,65.26950247451288,0.005217153256552494,0.37931356824998036,False
1163,465.30877804633246,15243.729334921974,15576.729334921974,6351.729334921975,6520.729334921975,0.00938504465127634,309.5384994897028,0.0020191457566280206,66.59567119615559,0.005324896488075541,0.37918967272878495,False
1164,465.5797596785926,15264.746241908775,15611.746241908775,6371.746241908776,6540.746241908776,0.009761894441434327,321.9677976883692,0.0016069344385070388,53.00007547712096,0.004244102185604859,0.3786276503797287,False
1165,465.8507623053688,15385.763121195787,15745.763121195787,6469.763121195787,6641.763121195787,0.010044671874759097,331.29439182332567,0.0013503304858735465,44.536737750699444,0.0035955551137741414,0.37555549647969294,False
1166,466.1217859022896,15392.77997280231,15754.77997280231,6464.779972802309,6635.779972802309,0.010095280772468117,332.9635796471201,0.0012429482507254012,40.99504592347023,0.0033044668837482814,0.37614183904773035,False
1167,466.39283044498393,15453.796796747669,15802.796796747669,6485.796796747669,6661.796796747669,0.00969875831007182,319.88543536706925,0.0019292851755134798,63.63188034858791,0.005129614877979537,0.3761072168976144,False
1168,466.6638959090802,15503.81359305121,15842.81359305121,6495.813593051211,6677.813593051211,0.009393774231542295,309.8264193960115,0.0026069639084144516,85.98314940618604,0.006924179296794091,0.37650150244108804,False
1169,466.934982270207,15546.830361732307,15876.830361732307,6499.830361732306,6680.830361732306,0.00912194471488317,300.86091056465676,0.002806477469976988,92.5635260339642,0.007437596772430799,0.37733659888364157,False
1170,467.2060895039932,15610.847102810347,15929.847102810347,6534.847102810348,6703.847102810348,0.00878513725322167,289.75229252675985,0.0023035326063246247,75.97534726596729,0.006109529618754423,0.3770392730814285,False
1171,467.47721758606735,15675.863816304749,15996.863816304749,6573.863816304749,6732.863816304749,0.008803365707922584,290.3535052780886,0.001575761474392326,51.971925596619144,0.0041839237130476626,0.3766228981370472,False
1172,467.74836649205804,15782.880502234948,16112.880502234948,6635.880502234948,6787.880502234948,0.008986917921785001,296.40744310876886,0.0008487134961494176,27.992355055979715,0.002258037356330839,0.37586335485986855,False
1173,468.019536197594,15848.897160620405,16169.897160620405,6662.897160620405,6810.897160620405,0.008708210442019346,287.2150845970291,0.0008330022294699493,27.47416445660059,0.002215906253845186,0.3759194361333965,False
1174,468.2907266783038,15933.913791480603,16250.913791480603,6684.913791480603,6838.913791480603,0.008555323311677994,282.1725456773328,0.001335994938347686,44.06392126069858,0.0035479066055587156,0.37655865468795136,False
1175,468.56193790981615,16030.930394835046,16346.930394835046,6732.930394835047,6888.930394835047,0.008477484959723282,279.60527321757564,0.0014701869938219692,48.48985731517428,0.003909868913551868,0.37601951020050883,False
1176,468.8331698677596,16077.946970703266,16410.946970703266,6756.946970703265,6922.946970703265,0.008903050219525616,293.6413100025733,0.00163744419352653,54.0063513276304,0.0043588305081790875,0.37566135926918076,False
1177,469.10442252776295,16141.963519104807,16499.963519104807,6796.963519104807,6965.963519104807,0.009526622536698063,314.20803574048716,0.0011396342139682065,37.58753183032235,0.003038444386580901,0.37507160539167,False
1178,469.37569586545465,16218.980040059245,16588.980040059247,6816.980040059245,6992.980040059245,0.009796145263698909,323.09746180015634,0.0012741209818185727,42.02318811843185,0.0033904730629967946,0.375794456450391,False
1179,469.6469898564635,16277.996533586176,16664.996533586174,6829.996533586176,7016.996533586176,0.010204275998988321,336.5584713202265,0.0015265027223003175,50.34726841321168,0.004055347771607402,0.3764172170356832,False
1180,469.91830447641803,16368.012999705215,16771.012999705217,6896.012999705216,7086.012999705216,0.010563334284409802,348.4009682958371,0.001240538944187573,40.91558192961173,0.0033100667621461153,0.37477762031097434,False
1181,470.18963970094705,16378.029438436006,16772.029438436006,6893.029438436006,7090.029438436006,0.010323968616123665,340.50618542119577,0.0019139365369672447,63.12564998726873,0.0051052664224929475,0.37489454586243753,False
1182,470.4609955056791,16458.045849798207,16857.045849798207,6935.045849798207,7128.045849798207,0.010403200188823722,343.1194092296141,0.0015179476875540956,50.06510538502965,0.004052507836687789,0.3745699573513349,False
1183,470.73237186624283,16498.062233811506,16914.062233811506,6951.062233811506,7150.062233811506,0.010814986694835006,356.7009937523373,0.0014436583768333861,47.61488776507559,0.003853249988754703,0.37465993149848786,False
1184,471.0037687582668,16566.07859049561,16983.07859049561,6984.078590495608,7186.078590495608,0.010796701992326454,356.0979258300826,0.0015861428032401953,52.31432364305158,0.0042374259386581455,0.37431752818846314,False
1185,471.2751861573797,16646.094919870244,17064.094919870244,7029.094919870245,7230.094919870245,0.01077089148134966,355.24664092567525,0.001473699454410747,48.60570564840731,0.003943788267013235,0.3736761090186086,False
1186,471.5466240392104,16712.111221955165,17132.111221955165,7052.111221955166,7251.111221955166,0.010779567894950274,355.5328072836075,0.0013058456253796143,43.06953354667593,0.0034910128692297406,0.37405924134210855,False
1187,471.8180823793872,16785.127496770147,17206.127496770147,7088.1274967701465,7283.1274967701465,0.010758492264394,354.83768868794886,0.0010278996519674077,33.90229111512093,0.0027492829874531757,0.37387917382765035,False
1188,472.08956115353897,16852.143744334982,17263.143744334982,7106.143744334983,7307.143744334983,0.010464731884937323,345.14885390396313,0.001648930650664935,54.38519882800864,0.004406587884884992,0.3741967013345907,False
1189,472.36106033729425,16936.159964669496,17326.159964669496,7135.159964669494,7338.159964669494,0.009887372718028226,326.106334999446,0.002296087897417396,75.72980511780418,0.006134955200356522,0.3742631889608522,False
1190,472.63257990628176,17022.17615779352,17403.17615779352,7192.176157793519,7382.176157793519,0.009613435612997528,317.0713134735523,0.0017106527390508674,56.42092303969412,0.004582521600531506,0.3732994382072212,False
1191,472.9041198361301,17105.192323726926,17473.192323726926,7237.192323726924,7418.192323726924,0.009244295548570855,304.8962982349593,0.0014836792138819433,48.934859092718455,0.003979655330433466,0.3728160080939322,False
1192,473.17568010246794,17195.20846248959,17551.20846248959,7281.2084624895915,7459.2084624895915,0.008899579267640133,293.52683071362424,0.0015897001116747592,52.43165115250645,0.004268692637837152,0.3724091300422659,False
1193,473.4472606809238,17242.22457410143,17588.22457410143,7301.22457410143,7475.22457410143,0.008628704912399166,284.59282511354144,0.0015998326962011356,52.76584508836811,0.004296032997391585,0.37239767412692204,False
1194,473.7188615471266,17308.24065858237,17668.24065858237,7336.240658582369,7523.240658582369,0.00894038101921652,294.87255824383783,0.0019910040079262926,65.66749717143585,0.005355272932623931,0.37178385359170807,False
1195,473.9904826767047,17417.25671595236,17781.25671595236,7377.2567159523605,7571.2567159523605,0.008982699079039454,296.268296807226,0.002290376397252974,75.54142783709614,0.006157924501836972,0.37193966840121717,False
1196,474.2621240452869,17490.272746231378,17852.272746231378,7397.272746231377,7602.272746231377,0.008896931358920761,293.4394971182887,0.002974883391330686,98.1179073009639,0.007991895831641138,0.3722375083459756,False
1197,474.53378562850185,17542.288749439416,17914.288749439416,7426.288749439415,7637.288749439415,0.009113314759662587,300.57627650175124,0.003054064407808813,100.72946365891636,0.00821454540068325,0.37178739161327046,False
1198,474.80546740197815,17600.304725596496,17988.304725596496,7460.304725596494,7676.304725596494,0.009470048892533459,312.3421180409913,0.002925590519912173,96.49212479045121,0.007879299816450011,0.37130082470072656,False
1199,475.0771693413444,17681.32067472265,18090.32067472265,7499.320674722652,7717.320674722652,0.009931564628243749,327.56387708752084,0.002513057413112023,82.88591580439407,0.006769428984383174,0.37123624738653066,False
1200,475.34889142222926,17776.33659683795,18199.33659683795,7551.336596837952,7770.336596837952,0.010213292261418904,336.8558466069161,0.0022027106469453585,72.6500271229645,0.005941756563463281,0.37071708061722763,False
1201,475.6206336202615,17826.352491962476,18266.352491962476,7571.352491962477,7797.352491962477,0.01058934426275029,349.25883205316933,0.002184357714783149,72.04470884331681,0.005890982467393594,0.37079684532648016,False
1202,475.8923959110697,17871.368360116336,18341.368360116336,7603.368360116334,7836.368360116334,0.011273926659096462,371.83779844234255,0.0018348845538754387,60.51834942161878,0.0049560086424886365,0.3702343329558966,False
1203,476.1641782702824,17884.38420131965,18375.38420131965,7600.384201319651,7835.384201319651,0.011762437259570676,387.9499048706308,0.0014623127930120158,48.230149621288945,0.003942529143864112,0.3709072881015633,False
1204,476.4359806735283,17968.40001559258,18454.40001559258,7637.400015592577,7863.400015592577,0.01159052273475385,382.2798024865097,0.0010743085420554504,35.43295385937125,0.0028955018537798207,0.37102671533538684,False
1205,476.7078030964361,18086.415802955285,18557.415802955285,7707.415802955285,7922.415802955285,0.011164987826987658,368.24476677546244,0.0007838553871841857,25.853198293831838,0.002118231554574935,0.3700517941446122,False
1206,476.9796455146345,18147.431563427966,18623.431563427966,7728.4315634279665,7940.4315634279665,0.011244540060028556,370.8685666359336,0.0005082014395188482,16.761551689131068,0.001371775986230615,0.37046970104447674,False
1207,477.251507903752,18265.44729703084,18742.44729703084,7787.44729703084,7998.44729703084,0.011195986317386622,369.26716214608393,0.000414580691999511,13.673742649852954,0.0011204038688297513,0.3700279011286668,False
1208,477.52339023941727,18287.46300378414,18742.46300378414,7790.463003784141,7993.463003784141,0.010673201713857838,352.02462705482986,0.0004984980541139009,16.441513642449024,0.0013460516986931995,0.3703409420290934,False
1209,477.7952924972591,18410.47868370813,18832.47868370813,7838.478683708129,8033.478683708129,0.009842403958356814,324.6231707834176,0.0008294600520382615,27.35733599942506,0.002239250733265376,0.3704185689061741,False
1210,478.0672146529058,18476.494336823085,18873.494336823085,7861.494336823086,8057.494336823086,0.009232741909794038,304.51523494293383,0.0014621611264862347,48.22514734047337,0.003947696302598534,0.3703833867675639,False
1211,478.33915668198654,18594.509963149314,18981.509963149314,7922.509963149314,8123.509963149314,0.008946019710213913,295.058534125176,0.0019349037200420156,63.817191757036255,0.005235773786646032,0.3695544916354168,False
1212,478.6111185601295,18638.52556270714,19041.52556270714,7939.525562707138,8144.525562707138,0.009290186449404797,306.4098766048223,0.001781052945239536,58.74286981747986,0.00481721775851447,0.36972647584625185,False
1213,478.88310026296347,18716.541135516905,19133.541135516905,7986.5411355169035,8190.5411355169035,0.00956976132217372,315.6308435610261,0.001384101623342713,45.65058084966057,0.0037491767805123057,0.3691748093973799,False
1214,479.15510176611724,18780.55668159898,19220.55668159898,8012.5566815989805,8224.55668159898,0.010057500701063225,331.7175134803818,0.0012838825191568651,42.34514413810797,0.0034765732288663882,0.3692954051698496,False
1215,479.4271230452191,18865.57220097376,19314.57220097376,8056.572200973757,8268.572200973758,0.010215111309678629,336.9158426420695,0.0010651082058139357,35.12950743148332,0.0028865728236308575,0.36898712448702264,False
1216,479.6991640758981,18936.587693661648,19368.587693661648,8079.587693661646,8296.587693661646,0.009796230882374203,323.1002856840336,0.0017140780678751768,56.53389758418842,0.004644499637692108,0.3690554853239082,False
1217,479.9712248337827,18982.60315968308,19416.60315968308,8097.60315968308,8323.60315968308,0.009817485808572826,323.80131782684737,0.0021373911547034937,70.4956529705488,0.00579347782253709,0.36893058369687237,False
1218,480.2433052945016,19051.618599058515,19499.618599058515,8125.618599058514,8348.618599058515,0.010094238268691467,332.9291956812758,0.0016639492719088562,54.88054452501774,0.0045063742623438156,0.3692434704798393,False
1219,480.5154054336833,19089.634011808423,19565.634011808423,8136.6340118084245,8364.634011808424,0.010696323358217545,352.7872274863435,0.00130583839017708,43.06929491448835,0.0035321578012997823,0.36969990120389035,False
1220,480.78752522695663,19153.649397953308,19642.649397953308,8163.649397953309,8398.649397953308,0.010948531462962057,361.1055809095359,0.0013765756136317059,45.40235723009863,0.0037237061965443145,0.3696789007975978,False
1221,481.05966464995015,19220.66475751369,19708.66475751369,8188.664757513687,8434.664757513687,0.010888798344278791,359.1354570993584,0.001965936004642361,64.84070173145301,0.005319488956861305,0.3695723443709028,False
1222,481.3318236782925,19254.6800905101,19731.6800905101,8193.6800905101,8448.6800905101,0.010627758261808123,350.5258064863856,0.0026821039935084542,88.461427353256,0.007254493089183272,0.36971625178161305,False
1223,481.6040022876123,19300.695396963114,19796.695396963114,8220.695396963114,8476.695396963114,0.011019744074923257,363.45432253733566,0.002298276845069577,75.80200121243064,0.006219707499140944,0.36951526183297384,False
1224,481.8762004535382,19338.710676893308,19862.710676893308,8239.710676893308,8500.710676893308,0.011611000604987109,382.95520569025314,0.0019322720692592239,63.73039438262248,0.005228724434508418,0.3695494175418116,False
1225,482.14841815169893,19383.725930321292,19919.725930321292,8264.72593032129,8526.72593032129,0.011846098186142018,390.70921808000264,0.0017077493982279295,56.32516475667768,0.004623599853455251,0.3693549295689409,False
1226,482.42065535772304,19446.74115726769,19977.74115726769,8308.74115726769,8564.74115726769,0.011699548237237416,385.8756927245262,0.0014794644826928265,48.795848398948976,0.0040140460947662325,0.3685718718132923,False
1227,482.69291204723925,19518.75635775315,20042.75635775315,8342.756357753153,8591.756357753153,0.011505304132539945,379.4691138602904,0.001267088202502712,41.791232274047275,0.0034384182495916056,0.36850903832109694,False
1228,482.9651881958762,19609.77153179835,20101.77153179835,8379.77153179835,8620.77153179835,0.010761798824887555,354.9467460032497,0.001552158644811976,51.19345466510157,0.004212507816965978,0.36846427644848967,False
1229,483.23748377926245,19692.78667942397,20170.78667942397,8423.786679423973,8648.786679423973,0.010415659965043367,343.5303588391593,0.0010321650708769153,34.04297359645193,0.002802635514288201,0.3682837335125468,False
1230,483.50979877302666,19769.801800650734,20214.801800650734,8473.801800650734,8688.801800650734,0.00966717220123615,318.8436591052608,0.001214416705457029,40.05401558864975,0.003306183349432566,0.3673168052417471,False
1231,483.78213315279754,19816.81689549937,20239.81689549937,8494.81689549937,8694.81689549937,0.009172682653112024,302.53435441603204,0.0009337358031522303,30.796569453534403,0.00254137928317733,0.3674130065248812,False
1232,484.0544868942037,19877.831963990633,20283.831963990633,8514.831963990635,8712.831963990635,0.008780989093768617,289.61547750877617,0.0012022674053645092,39.653306134382376,0.003270658940148274,0.3675917995014194,False
1233,484.3268599728739,19956.847006145304,20356.847006145304,8538.847006145304,8735.847006145304,0.008618584735590067,284.25904041027604,0.0012872025424187968,42.45464548380795,0.0034973664160440677,0.36804909445970324,False
1234,484.59925236443655,19979.86202198418,20391.86202198418,8545.86202198418,8732.86202198418,0.008864399166567847,292.3665170334617,0.0005363226576384581,17.689048572098272,0.0014551507658691041,0.36856844680154754,False
1235,484.87166404452046,20027.87701152808,20471.87701152808,8565.877011528079,8757.877011528079,0.009522747993347642,314.0802451566956,0.00010425950365248321,3.438697578678216,0.000282690910408807,0.36881095151489207,False
1236,485.1440949887542,20067.891974797843,20534.891974797843,8581.891974797843,8781.891974797843,0.009990667999443701,329.51323050200114,1.4379070410264552e-05,0.4742519662115683,3.897701636283762e-05,0.368911521508203,False
1237,485.4165451727665,20121.906911814334,20600.906911814334,8598.906911814334,8805.906911814334,0.010217204164908709,336.9848694066337,0.00011363852615777457,3.7480374551350337,0.0003078224471295175,0.36916906878451494,False
1238,485.689014572186,20173.921822598437,20673.921822598437,8609.921822598437,8831.921822598437,0.010632536147751054,350.6833912076588,0.00042347190346809713,13.966993492964946,0.0011458212106473487,0.3695793894658752,False
1239,485.9615031626413,20192.936707171055,20703.936707171055,8615.936707171055,8856.936707171055,0.010853447309620337,357.9695056702304,0.0011275938876366218,37.1904165597478,0.0030530532510452,0.3693331871137835,False
1240,486.2340109197611,20190.951565553114,20725.951565553114,8625.951565553112,8874.951565553112,0.011357691923767135,374.60055294154375,0.0010012844102055985,33.024464497920405,0.002714617793741477,0.3688491295216768,False
1241,486.5065378191739,20234.96639776556,20794.96639776556,8663.966397765558,8915.966397765558,0.0118557353947017,391.0270734752274,0.0005959284027249601,19.654971333321612,0.0016189845490143745,0.3680877640788831,False
1242,486.77908383650845,20292.98120382936,20868.98120382936,8688.98120382936,8944.98120382936,0.012155394789941737,400.91047019918216,0.0004551797776893608,15.012785833134956,0.001236399600070934,0.3681494054699197,False
1243,487.05164894739335,20314.995983765508,20897.995983765508,8684.995983765508,8945.995983765508,0.012287900574697305,405.28078950089855,0.0005711763381183836,18.838596215004998,0.0015489043476411286,0.36876153068344386,False
1244,487.3242331274573,20354.01073759501,20943.01073759501,8686.01073759501,8948.01073759501,0.012389116101231007,408.61909031591296,0.0005170185773769407,17.05235942887009,0.0013989690699905595,0.3695711281025174,False
1245,487.596836352329,20398.0254653389,20984.0254653389,8712.025465338898,8972.025465338898,0.012300674993053998,405.7021166694855,0.0004706863827878705,15.524226263385913,0.0012747656733831654,0.3692336502431008,False
1246,487.86945859763694,20447.04016701823,21021.04016701823,8728.040167018227,8992.040167018227,0.012023751929397603,396.56861195178186,0.0009177500360160722,30.269325252107535,0.0024854109936642155,0.36925483888000465,False
1247,488.1420998390098,20527.05484265407,21042.05484265407,8751.054842654068,9015.054842654068,0.010761505551452558,354.93707322891754,0.002146461961483482,70.7948272445314,0.0058139290996476415,0.36919300608835603,False
1248,488.4147600520764,20572.069492267517,21034.069492267517,8764.069492267517,9023.069492267517,0.009645321711263236,318.122984017326,0.0030031679206504198,99.05079053058301,0.008137109899383033,0.36907058621367816,False
1249,488.6874392124653,20628.084115879687,21056.084115879687,8790.084115879688,9024.084115879688,0.008918713201768439,294.1579080797405,0.002491390596651547,82.17129865497196,0.006747709949242856,0.3692201673444929,False
1250,488.9601372958049,20693.098713511718,21106.098713511718,8827.098713511718,9047.098713511718,0.008582435512781995,283.0667630582223,0.0021089101135362137,69.55628836713964,0.0057159301937510275,0.36895309110698926,False
1251,489.2328542777242,20703.113285184765,21132.113285184765,8826.113285184763,9043.113285184763,0.00890727164577658,293.78054151355514,0.001641202321490445,54.130302287275924,0.004442338734926523,0.3694455599675451,False
1252,489.5055901338517,20755.127830920006,21186.127830920006,8839.127830920004,9055.127830920004,0.008926175816637554,294.404040804164,0.0015589951121807305,51.418935728832764,0.004214223551610448,0.36993650030382635,False
1253,489.7783448398159,20772.14235073864,21193.14235073864,8827.142350738639,9051.142350738639,0.008714065082302254,287.408182939718,0.0021691998943280423,71.54477206373332,0.0058535809574234736,0.3705765599051085,False
1254,490.0511183712457,20840.156844661888,21269.156844661888,8854.15684466189,9086.15684466189,0.008849290697967374,291.86820798177905,0.0023837277013081457,78.6203500645695,0.0064327380855163365,0.37056190841583303,False
1255,490.32391070376957,20851.171312710994,21288.171312710994,8846.171312710992,9076.171312710992,0.009007900014457872,297.0994766284209,0.002139439031212222,70.56319624233987,0.005761939042280691,0.37130539138182017,False
1256,490.5967218130162,20931.185754907212,21375.185754907212,8864.185754907214,9105.185754907214,0.00911606564286477,300.667006411977,0.0025338962113899705,83.57322317370392,0.006813599713873196,0.3718880353700108,False
1257,490.8695516746143,20985.200171271834,21435.200171271834,8891.200171271834,9135.200171271834,0.00921442733063593,303.9111816259776,0.002543252952121478,83.88182815042632,0.006842567295548336,0.37168110188351056,False
1258,491.1424002641925,20985.214561826157,21462.214561826157,8902.214561826157,9161.214561826157,0.009761118295458168,321.9421987626557,0.002693878964829005,88.84979065780385,0.007259790489273249,0.3710684170306793,False
1259,491.41526755737925,21042.228926591506,21557.228926591506,8913.228926591506,9196.228926591506,0.010501192580672404,346.35140428784996,0.003073520225386959,101.37115741779104,0.008272827539047073,0.37151991998868505,False
1260,491.68815352980346,21005.243265589226,21557.243265589226,8879.243265589228,9176.243265589228,0.011265507057644565,371.5601022888813,0.003023456730565647,99.71995812764271,0.008117969245447951,0.37244003261788805,False
1261,491.9610581570937,21001.257578840687,21579.257578840687,8868.257578840688,9164.257578840688,0.011791197414984132,388.89847524856305,0.002467791220518217,81.39294162539602,0.006612993200148465,0.37317310721910524,False
1262,492.2339814148785,21084.27186636727,21679.27186636727,8902.271866367271,9201.271866367271,0.012086084133390712,398.62445905862427,0.0022609256241933884,74.5700794375511,0.006056148786782512,0.3733272916160576,False
1263,492.50692327878664,21091.286128190386,21704.286128190386,8901.286128190386,9208.286128190386,0.012442442662342849,410.3779123911239,0.002283601480968069,75.31797685748762,0.006113921031182119,0.37350850122552814,False
1264,492.77988372444656,21119.30036433146,21741.30036433146,8909.30036433146,9205.30036433146,0.01260598913748573,415.7720189077799,0.0015883739447193432,52.387911378780814,0.004246515237808411,0.37404173911291294,False
1265,493.0528627274873,21154.314574811942,21777.314574811942,8921.31457481194,9203.31457481194,0.012605366349341372,415.75147804570975,0.0009100470631916643,30.015265017098102,0.002429934356235047,0.37451508138750544,False
1266,493.32586026353715,21233.328759653297,21838.328759653297,8964.328759653297,9241.328759653297,0.01220131561317376,402.425035472629,0.0010153293420007998,33.48769587026459,0.0027148377347377237,0.37399264383618464,False
1267,493.5988763082248,21274.34291887702,21848.34291887702,8978.342918877022,9245.342918877022,0.011562348310327908,381.35055074772265,0.0011644870656380788,38.407231117835636,0.0031129548599235883,0.3740777229473423,False
1268,493.87191083717903,21340.35705250462,21899.35705250462,8996.357052504622,9257.357052504622,0.011229683018395706,370.3785501741299,0.0011906479652782943,39.270072576861764,0.0031789635341158747,0.374539673859277,False
1269,494.1449638260285,21336.371160557628,21859.371160557628,8981.371160557628,9231.371160557628,0.01051710663445397,346.8762832321047,0.001406461877769393,46.38806904077967,0.0037498182194518797,0.37507468241353287,False
1270,494.41803525040166,21411.385243057593,21907.385243057593,9007.385243057593,9249.385243057593,0.009945779852447047,328.0327250614301,0.0015683508444214195,51.727507443408115,0.004179350590933246,0.37526185236142345,False
1271,494.6911250859274,21516.39930002609,21974.39930002609,9054.399300026089,9278.399300026089,0.009147416584963194,301.7010263804824,0.001465999038477269,48.351729745035186,0.003907486927693699,0.3751769527588772,False
1272,494.96423330823404,21538.413331484706,21974.413331484706,9043.413331484706,9262.413331484706,0.008703582188301074,287.06243506104454,0.0016881942857610646,55.680196043660146,0.004489433905584097,0.37603722902819353,False
1273,495.2373598929506,21586.427337455058,22013.427337455058,9054.42733745506,9263.42733745506,0.008506894090837143,280.5752481782214,0.0014038173253755493,46.30084614411504,0.0037274314970243386,0.37661787386199763,False
1274,495.5105048157054,21595.44131795878,22027.44131795878,9034.441317958781,9252.441317958781,0.008601969351137261,283.7110301063222,0.0017530686536148046,57.819889058126364,0.004642854311954996,0.3775842479271397,False
1275,495.78366805212727,21622.455273017524,22041.455273017524,9027.455273017524,9244.455273017524,0.008335257718434831,274.91431984539327,0.001980722477601334,65.32839069006053,0.005235168859398891,0.37834930081486684,False
1276,496.0568495778449,21677.469202652966,22107.469202652966,9039.469202652965,9254.469202652965,0.008530450792758573,281.3521977225897,0.0016781342437395576,55.34839471208977,0.0044274843151415845,0.3790265813027264,False
1277,496.3300493684868,21718.483106886797,22201.483106886797,9061.483106886797,9285.483106886797,0.009552497861829837,315.06145835196173,0.0010527212172097948,34.72095851049335,0.0027768676971742755,0.3791038436152496,False
1278,496.6032673996816,21728.496985740734,22251.496985740734,9052.496985740734,9308.496985740734,0.01032954765043595,340.69019369966367,0.0017816259233059302,58.76176783848058,0.004696269206746496,0.3793704842870823,False
1279,496.87650364705803,21703.51083923651,22236.51083923651,9015.510839236511,9285.510839236511,0.010536649931763911,347.52086225641193,0.0022788115019259474,75.15999328038396,0.0059905626245486876,0.3804002469797445,False
1280,497.1497580862448,21768.524667395886,22307.524667395886,9026.524667395886,9300.524667395886,0.010622385584363559,350.3486042911668,0.002364490054586669,77.98585203913194,0.006203956042038105,0.38112617796851667,False
1281,497.4230306928704,21782.538470240634,22325.538470240634,9011.538470240634,9284.538470240634,0.010693452730507586,352.69254815055433,0.002267926275041547,74.80097561753854,0.005934252110524974,0.38217558553320624,False
1282,497.69632144256354,21842.552247792548,22385.552247792548,9032.552247792548,9319.552247792548,0.01066442959758316,351.73530422154494,0.00292013546854601,96.31220573015219,0.007643676708960352,0.38203283311588276,False
1283,497.9696303109529,21863.56600007345,22430.56600007345,9034.56600007345,9322.56600007345,0.011119234596817223,366.73572907345874,0.0025089371977403095,82.75002244095009,0.006558297309947441,0.38255923438158623,False
1284,498.2429572736671,21893.57972710517,22474.57972710517,9042.57972710517,9322.57972710517,0.011374802170851529,375.16488485526367,0.001868957421999549,61.642144231802604,0.004878638589684237,0.38308995176470223,False
1285,498.51630230633475,21917.59342890957,22480.59342890957,9049.593428909571,9308.593428909571,0.011014904774612153,363.29471224111023,0.0012400891844598794,40.9007479084201,0.0032332404636769355,0.383543753825725,False
1286,498.7896653845845,21928.607105508527,22490.607105508527,9035.607105508527,9287.607105508527,0.010990132445722037,362.477668764128,0.0009563644032816489,31.54290824997912,0.0024868051627269278,0.3845755259060743,False
1287,499.0630464840451,21986.620756923934,22537.620756923934,9042.620756923934,9302.620756923934,0.010749581279577109,354.54378567824705,0.0015614178830353504,51.498843804160344,0.004054751885955289,0.3850834593464859,False
1288,499.33644558034507,22042.634383177712,22583.634383177712,9040.634383177712,9305.634383177712,0.01053033704931992,347.31265012404856,0.0020167420474876407,66.51639181623045,0.005223959472056762,0.38605622005210827,False
1289,499.6098626491131,22074.647984291798,22599.647984291798,9047.647984291796,9302.647984291796,0.010207887778274225,336.67759539285345,0.0018630044176283153,61.44580163472432,0.0048211082489813,0.3864265893681122,False
1290,499.8832976659779,22127.661560288147,22641.661560288147,9057.661560288147,9303.661560288147,0.009972774085460033,328.923051606715,0.0016650403447344107,54.91653040018457,0.004301463825524428,0.3870869109381413,False
1291,500.1567506065679,22129.67511118874,22630.67511118874,9034.675111188739,9267.675111188739,0.009722471847598354,320.6675576793545,0.0013357889968310388,44.05712887660087,0.0034392573536549858,0.3883946036813622,False
1292,500.43022144651206,22211.68863701557,22698.68863701557,9062.688637015572,9289.688637015572,0.009419190670319924,310.66470697097037,0.0013249079199101291,43.69824808827423,0.0034088943688502646,0.3886620635760526,False
1293,500.70371016143883,22234.70213779066,22698.70213779066,9051.702137790662,9259.702137790662,0.008969709998009688,295.839889612471,0.0008970524135174223,29.586674156743243,0.0023010044364769177,0.3898525353957617,False
1294,500.97721672697685,22300.71561353605,22749.71561353605,9055.715613536047,9263.715613536047,0.008657172597565384,285.53174920796204,0.0012052661626855438,39.75221145406675,0.0030841518577817664,0.39079339094295273,False
1295,501.2507411187547,22368.729064273786,22814.729064273786,9072.729064273788,9288.729064273788,0.008574006424493826,282.78875400896,0.001644347153270805,54.23402544966984,0.0042046183231186805,0.3910811937981442,False
1296,501.5242833124013,22426.742490025958,22857.742490025958,9071.74249002596,9289.74249002596,0.008267139352910985,272.6676329690474,0.002045822378479613,67.47552225773512,0.005218234818579868,0.392052571339896,False
1297,501.79784328354503,22438.75589081466,22887.75589081466,9058.755890814658,9277.755890814658,0.00860443891557529,283.79248153238836,0.0017699458511224158,58.37653450694552,0.004503160582435267,0.39304524427268944,False
1298,502.0714210078146,22452.769266662006,22928.769266662006,9058.769266662006,9269.769266662006,0.009110830595437996,300.49434354403627,0.000888895675117931,29.317647779275262,0.002257476892057086,0.3937562675593726,False
1299,502.3450164608388,22505.782617590135,23006.782617590135,9081.782617590135,9282.782617590135,0.00956176930150494,315.36724992054536,-5.4691328840698536e-05,-1.8038349835816234,-0.00013875752497813948,0.3941503630114105,False
1300,502.618629618246,22566.795943621208,23098.795943621208,9094.795943621208,9311.795943621208,0.010119440399877413,333.76041494139724,0.00012105057560752967,3.9925024257422024,0.0003067550419484514,0.3946164171862955,False
1301,502.8922604556651,22576.8092447774,23150.8092447774,9077.8092447774,9321.8092447774,0.010903612965528985,359.62407444777665,0.0006155460934895631,20.302004010134908,0.001556871472023899,0.39537373800636644,False
1302,503.1659089487247,22567.822521080907,23169.822521080907,9046.822521080907,9311.822521080907,0.011433049381116328,377.08600028249555,0.0011055700667156002,36.46402465281153,0.0027887393539544935,0.3964408022384299,False
1303,503.4395750730532,22580.835772553946,23188.835772553946,9025.835772553946,9303.835772553946,0.011538932633733706,380.5782525150745,0.0016356760142808811,53.948033059485226,0.004115583819666517,0.39743474703752213,False
1304,503.7132588042796,22692.848999218753,23288.848999218753,9053.848999218755,9334.848999218755,0.011259001707098303,371.3455421539467,0.002015048451723551,66.46053346807793,0.00506232207115463,0.39804825204729666,False
1305,503.98696011803236,22700.86220109759,23297.86220109759,9015.86220109759,9307.86220109759,0.011273719795264554,371.8309756383489,0.0025689600141959867,84.72970109259177,0.006426406785702388,0.3997506071217692,False
1306,504.2606789899402,22715.875378212728,23331.875378212728,8993.875378212728,9292.875378212728,0.011620170650448989,383.2576530645591,0.00258307688597547,85.19530519683173,0.006440125590202772,0.401091073426433,False
1307,504.53441539563164,22725.888530586464,23354.888530586464,8983.888530586464,9280.888530586464,0.011856926652641863,391.06636366605807,0.002268275205548403,74.8124840790889,0.005643565323081016,0.4019223798600552,False
1308,504.80816931073537,22776.901658241113,23403.901658241113,8981.901658241115,9268.901658241115,0.01179361787796403,388.9783072053312,0.0018663607862852392,61.556501727947364,0.004628949403112043,0.4031931705778604,False
1309,505.0819407108801,22823.914761199016,23444.914761199016,8977.914761199014,9256.914761199014,0.011658521386696461,384.52254095731445,0.001632265550886896,53.8355488081296,0.004036279672738493,0.40439852617533156,False
1310,505.3557295716944,22911.92783948252,23498.92783948252,9010.92783948252,9274.92783948252,0.010986414801836058,362.35505305446844,0.0015546127885102384,51.27439748275668,0.0038431541499973536,0.40451481461166705,False
1311,505.629535868807,22952.940893114002,23479.940893114002,8996.940893114002,9233.940893114002,0.009858660993274959,325.15936196648573,0.0014335619721399153,47.281887116151324,0.0035307087129980517,0.40602669001335606,False
1312,505.90335957784646,23088.95392211586,23585.95392211586,9039.95392211586,9267.95392211586,0.009249188726214505,305.0576855188596,0.0015684603740755282,51.73111996162652,0.003858889584480488,0.40645381002438963,False
1313,506.17720067444145,23158.966926510504,23636.966926510504,9046.966926510504,9267.966926510504,0.008872565011422846,292.6358437609737,0.0016089076486797398,53.06515609620499,0.003949095094324064,0.40741172604128545,False
1314,506.4510591342207,23238.979906320368,23720.979906320368,9060.97990632037,9280.97990632037,0.008915565201353018,294.05408040910174,0.001503099895196586,49.57539398376821,0.003681448558196732,0.4082903431721026,False
1315,506.72493493281274,23322.99286156791,23812.99286156791,9067.99286156791,9291.99286156791,0.009029702422216726,297.8185658638696,0.0015679954931631188,51.71578721197898,0.003829150634456561,0.40948911203793664,False
1316,506.99882804584627,23417.005792275595,23884.005792275595,9069.005792275597,9300.005792275597,0.008575804467983117,282.8480572626336,0.0023477352987316766,77.43324497338233,0.005715062750529154,0.41079781643942603,False
1317,507.27273844895,23497.018698465923,23939.018698465923,9062.018698465921,9291.018698465921,0.008093581470781175,266.9433292064898,0.002744798675417765,90.52922974368511,0.0066554222133192375,0.4124154091869192,False
1318,507.54666611775235,23565.031580161398,24024.031580161398,9064.031580161398,9285.031580161398,0.00837786397544379,276.31956375775246,0.0020841112296653766,68.73836905107606,0.00503524587201419,0.4139045604999809,False
1319,507.82061102788225,23640.044437384553,24140.044437384553,9071.044437384555,9297.044437384555,0.00908977664313855,299.79993994285445,0.0015978356543849184,52.699978451588095,0.003848425212587284,0.41519207627025667,False
1320,508.0945731549681,23761.057270157944,24291.057270157944,9117.057270157944,9348.057270157944,0.009580656845017937,315.99020080626804,0.0012860246613763168,42.415796491180345,0.003096108649447215,0.41536806584805286,False
1321,508.3685524746387,23785.070078504134,24346.070078504134,9107.070078504134,9352.070078504134,0.010124432440109701,333.925062921275,0.0014046415886503384,46.328032079477396,0.003374729693056011,0.416223436069736,False
1322,508.6425489625226,23857.082862445717,24459.082862445717,9123.082862445717,9385.082862445717,0.010822829357538822,356.9596612531907,0.0014736626157005536,48.604490630311886,0.0035361773459149782,0.41673888822429705,False
1323,508.9165625942486,23900.095622005298,24551.095622005298,9127.095622005298,9395.095622005298,0.0116712392796658,384.94200379981305,0.0008973648348227902,29.596978468088082,0.00214876770346285,0.41761835557033017,False
1324,509.1905933454452,23976.108357205507,24642.108357205507,9122.108357205509,9394.108357205509,0.011899170252599078,392.459646386564,0.0008611683190502782,28.403141294659804,0.002054054620518482,0.419252881811343,False
1325,509.46464119174107,24060.121068068995,24698.121068068995,9127.121068068995,9411.121068068995,0.011366106835521344,374.8780944189177,0.0019414422065169492,64.03284478454839,0.004622555450114202,0.4199932758987207,False
1326,509.73870610876486,24126.133754618422,24753.133754618422,9104.13375461842,9401.13375461842,0.0111424573601644,367.50166462172615,0.0027991446966738123,92.32167575730585,0.006635410264736156,0.42184952926721775,False
1327,510.0127880721452,24217.146416876476,24836.146416876476,9100.146416876476,9407.146416876476,0.010961243957317826,361.52486569441123,0.003448279704747278,113.73151277262252,0.008145213317668789,0.423350447712301,False
1328,510.28688705751085,24251.159054865864,24870.159054865864,9093.159054865864,9404.159054865864,0.010946062755418129,361.0241577456384,0.0036591153843180922,120.68531665083492,0.008626161161003322,0.4241881546173773,False
1329,510.5610030404903,24333.17166860931,24970.17166860931,9116.171668609311,9423.171668609311,0.011222808068466792,370.15179987467627,0.003161800093633451,104.28281303239191,0.007442938933849325,0.42480532511882874,False
1330,510.8351359967122,24435.18425812956,25083.18425812956,9143.184258129559,9433.184258129559,0.011367050184433628,374.90920804891675,0.0021937954185503542,72.35598415113662,0.005151916269884041,0.42582124856616355,False
1331,511.10928590180526,24485.196823449372,25126.196823449372,9129.19682344937,9411.19682344937,0.011223158020879684,370.1633420408357,0.001989127748166864,65.60561418076657,0.004653186574308912,0.4274764650850665,False
1332,511.3834527313983,24585.20936459153,25222.20936459153,9145.20936459153,9424.20936459153,0.011109215321914959,366.4052723271716,0.0019420579594037948,64.05315360903802,0.0045321263228939165,0.4285092296729551,False
1333,511.65763646111964,24687.221881578836,25314.221881578836,9153.221881578836,9424.221881578836,0.010892362040888956,359.25299530427225,0.0017791503029072602,58.68011667410309,0.004137475564479748,0.4300086550797486,False
1334,511.93183706659806,24794.234374434112,25392.234374434112,9171.23437443411,9428.23437443411,0.010350215859894166,341.37187469112973,0.001652362008275161,54.49837221453464,0.003832926341195229,0.4310967290229485,False
1335,512.2060545234623,24916.246843180194,25489.246843180194,9194.246843180194,9445.246843180194,0.009874378373419292,325.67775420078624,0.001822774613222668,60.11893812440587,0.004218847794081068,0.43205507811397525,False
1336,512.4802888073409,24993.25928783994,25563.25928783994,9190.259287839941,9433.259287839941,0.009793330373231705,323.0046207957902,0.0015406770370105898,50.81476710605125,0.0035521996121213478,0.43372479174685474,False
1337,512.7545398938624,25086.271708436234,25683.271708436234,9194.271708436234,9438.271708436234,0.010214224495925633,336.88659366045795,0.001160917293858173,38.289492541054074,0.0026667013119033613,0.4353383292970171,False
1338,513.0288077586557,25160.284104991966,25771.284104991966,9201.284104991966,9446.284104991966,0.010420517899021039,343.69058371287525,0.0009920448367292996,32.71972394355441,0.0022733973148728066,0.43637107787505375,False
1339,513.3030923773493,25257.296477530057,25846.296477530057,9195.296477530057,9448.296477530057,0.010011459575398002,330.19898037981824,0.0017763164905746504,58.58665158684306,0.004056137862687635,0.43793296744545224,False
1340,513.5773937255719,25307.308826073437,25902.308826073437,9183.308826073437,9443.308826073437,0.01009251221466895,332.87226679153474,0.002032491028044186,67.03582629854833,0.004627390151597227,0.4392305298360535,False
1341,513.8517117789521,25360.32115064506,25997.32115064506,9178.32115064506,9441.32115064506,0.010773850210107159,355.3442260191963,0.0014956707450752421,49.330364997067306,0.003394286285140654,0.44064366391925125,False
1342,514.1260465131185,25438.333451267903,26089.333451267903,9189.333451267903,9451.333451267903,0.01097432772841683,361.9563959666835,0.0012347470370002896,40.724552656278206,0.0027961563139183797,0.4415872713746761,False
1343,514.4003979036997,25456.345727964952,26125.345727964952,9172.345727964954,9442.345727964954,0.011265985776368443,371.57589143863737,0.0013334961612184969,43.98150633867448,0.0030125369602874204,0.44264889652715517,False
1344,514.6747659263247,25512.357980759225,26204.357980759225,9158.357980759223,9450.357980759223,0.011622923596863701,383.3484510238709,0.002007721181838928,66.21886470573116,0.004522616497868143,0.44392912438746945,False
1345,514.9491505566216,25590.370209673743,26312.370209673743,9152.370209673742,9459.370209673742,0.012083402186751021,398.53600282113064,0.00224524167818892,74.05278993146021,0.005040725198078149,0.4454203690859704,False
1346,515.2235517702196,25632.382414731557,26378.382414731557,9144.382414731557,9447.382414731557,0.012459186274074349,410.9301519002564,0.0016979291712729862,56.00127303008168,0.003800321808888763,0.4467856293910728,False
1347,515.4979695427469,25637.394595955735,26396.394595955735,9110.394595955737,9404.394595955737,0.012670724097325467,417.9071139529158,0.0011229313048156803,37.03663477779912,0.00250221317686122,0.44877523434045974,False
1348,515.7724038498324,25658.406753369367,26414.406753369367,9097.406753369365,9387.406753369365,0.01261117565708645,415.9430812260144,0.0010168476111536671,33.537771578251295,0.0022606477595569154,0.4498036489121013,False
1349,516.0468546671046,25715.41888699555,26457.41888699555,9088.418886995549,9385.418886995549,0.012353870261356556,407.45660843187534,0.0016114548746860146,53.1491689640327,0.0035738667516326253,0.45089954009893196,False
1350,516.3213219701922,25723.43099685741,26468.43099685741,9063.43099685741,9377.43099685741,0.012399303424456012,408.95508964911335,0.00239194102744752,78.89124282464354,0.005293775419852243,0.4518402912366619,False
1351,516.595805734724,25720.44308297809,26468.44308297809,9041.443082978092,9360.443082978092,0.012449950286988296,410.6255296325792,0.002608703859052557,86.04053663551923,0.0057620818598707645,0.45273634122078693,False
1352,516.8703059363284,25725.455145380754,26468.455145380754,9014.455145380754,9327.455145380754,0.012365526842533682,407.8410669806429,0.0024581603211237518,81.0752943197017,0.00541213135384987,0.4541945049754127,False
1353,517.1448225506341,25696.46718408858,26425.46718408858,8982.467184088579,9279.467184088579,0.01214925455394418,400.70795230951614,0.001978146452100066,65.24342795435308,0.004342909981173645,0.45548870703635536,False
1354,517.4193555532698,25709.47919912476,26419.47919912476,8954.47919912476,9243.47919912476,0.011830973057793667,390.21035955481693,0.001964163247967981,64.78223249008693,0.004297283847720265,0.4570708655910596,False
1355,517.6939049198643,25738.49119051252,26434.49119051252,8925.491190512517,9214.491190512517,0.011587870898500618,382.192339352852,0.0022513625949427164,74.25467063185869,0.004906797215593182,0.45882527767566395,False
1356,517.9684706260459,25744.503158275085,26426.503158275085,8892.503158275087,9171.503158275087,0.011355184841498821,374.5178640985743,0.0020613070057129944,67.98623781179754,0.004474975038701092,0.460629833213843,False
1357,518.2430526474436,25788.515102435722,26429.515102435722,8881.515102435722,9155.515102435722,0.010662859013923378,351.6835030711577,0.0025328657150980247,83.53923523994433,0.005486278310974663,0.4616728447828322,False
1358,518.5176509596857,25814.527023017694,26377.527023017694,8871.527023017696,9132.527023017696,0.009369904372577037,309.0391412740974,0.0032226818213106634,106.29082038150796,0.006971662058121569,0.4622544515846737,False
1359,518.7922655384011,25816.5389200443,26335.5389200443,8845.538920044299,9097.538920044299,0.008644191630482885,285.103609628243,0.0035554328630897653,117.26564916529327,0.007672558309940642,0.4633960042354206,False
1360,519.0668963592184,25861.55079353884,26355.55079353884,8826.550793538841,9064.550793538841,0.008217532894358576,271.03150769571454,0.0033377292439095325,110.08532620269955,0.007174908542174206,0.46519467450913365,False
1361,519.3415433977661,25841.562643524652,26340.562643524652,8779.562643524654,9005.562643524654,0.008306275429577733,273.9584230395765,0.002731694195451115,90.0970164494289,0.005843445590267065,0.4674800429392323,False
1362,519.6162066296731,25883.57447002508,26388.57447002508,8767.57447002508,8997.57447002508,0.0083916786098266,276.7751994373625,0.002854307865776312,94.14107302450594,0.006089610585480622,0.46871763402766686,False
1363,519.8908860305678,25906.586273063487,26400.586273063487,8727.586273063487,8961.586273063487,0.008203381773476409,270.56477398407816,0.003287357767991014,108.42396904860448,0.006981420118869882,0.4708723600669308,False
1364,520.1655815760789,25945.59805266326,26457.59805266326,8722.59805266326,8954.59805266326,0.008486728565064322,279.91014675131555,0.0029135076214514156,96.09360540157218,0.006173194773090653,0.4719610717859705,False
1365,520.4402932418352,25944.6098088478,26499.6098088478,8697.6098088478,8927.6098088478,0.009192335698153618,303.18255315121337,0.002142944486853553,70.67881353768212,0.004525030015096895,0.47357575081359227,False
1366,520.7150210034653,25901.621541640525,26511.621541640525,8658.621541640525,8905.621541640525,0.010109338038670247,333.4272178341311,0.002106139575915461,69.46491021287682,0.004435611049414889,0.47482512611047956,False
1367,520.9897648365976,25847.63325106488,26501.63325106488,8608.633251064877,8873.633251064877,0.01085185669819869,357.9170439621594,0.0023154123808366636,76.36716720006126,0.004860953270269352,0.4763288705115166,False
1368,521.264524716861,25886.644937144316,26554.644937144316,8591.644937144316,8862.644937144316,0.011064731891883221,364.938115302798,0.0024222978410327733,79.89247434517654,0.005069814089949315,0.47778829717540783,False
1369,521.5393006198841,25887.65659990231,26572.65659990231,8566.656599902311,8836.656599902311,0.011342236099579156,374.0907873724612,0.00213438389552352,70.39646724168614,0.004453924665133426,0.47921418883262146,False
1370,521.8140925212955,25900.668239362363,26629.668239362363,8550.668239362363,8815.668239362363,0.012054786838749002,397.5922084960055,0.0012003947390763318,39.591541663948135,0.0024971249878695955,0.4807107152855974,False
1371,522.0889003967238,25911.67985554798,26676.67985554798,8545.679855547982,8811.679855547982,0.012636207656123874,416.7686891702683,0.0006758834647697196,22.292057341066368,0.0014039634589565102,0.48141100856860414,False
1372,522.3637242217977,25889.691448482696,26661.691448482696,8508.691448482696,8773.691448482696,0.012760823520411808,420.8787823107473,0.0005587585523851805,18.42903153996457,0.0011568866032260362,0.4829847202198161,False
1373,522.638563972146,25864.70301819006,26637.70301819006,8464.703018190057,8726.703018190057,0.012789276543678722,421.81722282491023,0.0004491944227065659,14.815376244888114,0.0009264201450083998,0.484871173329778,False
1374,522.913419623397,25900.714564693633,26639.714564693633,8444.714564693633,8702.714564693633,0.012217821381079276,402.96943039244474,0.0008519434028015568,28.098884166468167,0.0017518856723646673,0.48630079932762804,False
1375,523.1882911511797,25964.726088017007,26700.726088017007,8446.726088017005,8702.726088017005,0.01213932612776255,400.38049194499484,0.0008275774764080722,27.29524469806239,0.0016983558761927066,0.48728154564595494,False
1376,523.4631785311225,25983.737588183783,26736.737588183783,8425.737588183782,8691.737588183782,0.012406792016766118,409.20207916414404,0.0010918847657237947,36.01265466028923,0.0022349601771594393,0.4885477499252556,False
1377,523.7380817388541,26005.749065217584,26773.749065217584,8390.749065217582,8669.749065217582,0.012639821045537902,416.8878663483053,0.0015659732943031739,51.64909084301803,0.0031926995242949094,0.4904856477682505,False
1378,524.0130007500034,26016.760519142044,26747.760519142044,8367.760519142046,8652.760519142046,0.012034206825252107,396.9134363927273,0.0025112347439461037,82.82580034414332,0.0051104888732595175,0.4913883595532446,False
1379,524.2879355401985,26084.771949980834,26777.771949980834,8372.771949980832,8643.771949980832,0.011387394427061881,375.58020393336864,0.00244664342689512,80.69544294011058,0.004969878041585678,0.4922944600295462,False
1380,524.5628860850686,26123.783357757617,26773.783357757617,8375.783357757617,8617.783357757617,0.010673671399784049,352.0401182839324,0.001696465117400927,55.95298545601389,0.0034399725102397874,0.493162405324766,False
1381,524.837852360242,26172.794742496095,26751.794742496095,8345.794742496093,8561.794742496093,0.009502824305387602,313.423120049186,0.001594288277053239,52.582978490781045,0.0032169808497325824,0.49558525571756734,False
1382,525.1128343413475,26238.806104219973,26775.806104219973,8334.806104219973,8539.806104219973,0.008798484181389987,290.1925022723209,0.0017540248666493216,57.85142697391632,0.0035280072703533206,0.49717155669967217,False
1383,525.3878320040136,26254.81744295299,26761.81744295299,8298.81744295299,8502.81744295299,0.00830660095013759,273.96915939186835,0.0022400427443100453,73.881318164238,0.004488409060176426,0.4990727703909402,False
1384,525.6628453238692,26349.828758718886,26832.828758718886,8300.828758718888,8513.828758718888,0.007888661907032437,260.18465126346666,0.003114794212336765,102.73246026323505,0.006228355890779639,0.5000989453649972,False
1385,525.9378742765426,26387.840051541436,26869.840051541436,8280.840051541436,8490.840051541436,0.007861238246263834,259.280161288166,0.0030150254599985334,99.44187710223372,0.006008157983935856,0.5018219341202201,False
1386,526.2129188376629,26432.851321444417,26952.851321444417,8264.851321444416,8465.851321444416,0.008460702467906523,279.05175136150746,0.001974889250397134,65.13599859571656,0.003919041278220045,0.5039215231981664,False
1387,526.4879789828583,26493.86256845163,27070.86256845163,8259.862568451632,8472.862568451632,0.009356814900997565,308.60742298799715,0.001700525837524839,56.086916541129426,0.0033652308463648925,0.5053221948686639,False
1388,526.7630546877576,26577.873792586903,27150.873792586903,8256.873792586903,8486.873792586903,0.009263576180055022,305.53221398822234,0.0026685212989921905,88.01344153797072,0.005269900609712207,0.5063703277580258,False
1389,527.0381459279896,26650.884993874068,27207.884993874068,8241.884993874068,8481.884993874068,0.008983148006100568,296.28310336532365,0.003482681400392932,114.86615300564563,0.006856431325720154,0.5079437443394993,False
1390,527.3132526791828,26670.89617233698,27233.89617233698,8211.896172336981,8467.896172336981,0.009072168685093779,299.219192475498,0.004259905965593693,140.50065285281073,0.008361541233147245,0.5094642060373222,False
1391,527.5883749169658,26670.907327999517,27257.907327999517,8171.907327999516,8440.907327999515,0.009454720302794636,311.8365489314823,0.004610978958789629,152.0797781061413,0.009016228008201612,0.5114088679429194,False
1392,527.8635126169673,26738.918460885565,27364.918460885565,8176.918460885566,8449.918460885565,0.010050321531537613,331.4807293791748,0.004212529581766149,138.93808013140853,0.008220405509123358,0.5124479050444535,False
1393,528.138665754816,26730.929571019038,27399.929571019038,8153.929571019038,8425.929571019038,0.010735384850517352,354.0755576076782,0.003515483916367851,115.94804893173313,0.006840935353641086,0.5138893637544368,False
1394,528.4138343061405,26797.94065842386,27455.94065842386,8166.94065842386,8431.94065842386,0.010534906433034112,347.4633580035568,0.003333235021251206,109.93709729279851,0.006480160206007794,0.5143754035835325,False
1395,528.6890182465694,26825.951723123977,27478.951723123977,8140.951723123977,8396.951723123977,0.010445022400764526,344.4987936876024,0.0030014545594213623,98.9942802758498,0.005812500528677046,0.5163792320728628,False
1396,528.9642175517314,26898.96276514335,27554.96276514335,8144.962765143351,8395.962765143351,0.010464294747507933,345.13443619270095,0.0027171058718024454,89.61586287157513,0.005250569123738662,0.5174878775555921,False
1397,529.2394321972552,26999.973784505964,27664.973784505964,8147.973784505963,8409.973784505963,0.010566920527262783,348.51925012323,0.003178098473459151,104.8203678574161,0.006126754048685184,0.5187246702258561,False
1398,529.5146621587693,27062.98478123581,27744.98478123581,8132.984781235809,8399.98478123581,0.010808797613609065,356.49686484436904,0.0032197419793912243,106.19385821560536,0.006185675039226318,0.5205158626945812,False
1399,529.7899074119024,27117.995755356907,27792.995755356907,8116.995755356906,8375.995755356906,0.01067777267603434,352.1753869953429,0.002963357050170522,97.73774434171378,0.005672793172320726,0.5223805910339967,False
1400,530.0651679322832,27149.006706893288,27808.006706893288,8106.006706893286,8359.006706893286,0.010415914709277736,343.5387608394684,0.002931800240213271,96.69693441850035,0.005600584851929821,0.5234810859446306,False
1401,530.3404436955403,27185.017635869,27834.017635869,8092.0176358690005,8329.017635869,0.010246278995350426,337.94381842842904,0.0022906820579935722,75.55150917080454,0.0043621448955424936,0.5251274574428583,False
1402,530.6157346773024,27218.02854230812,27852.02854230812,8065.028542308118,8289.028542308119,0.010000166396250456,329.8265075938391,0.0018975599800217426,62.58551671650912,0.003598621026842529,0.5273019764703268,False
1403,530.8910408531981,27275.03942623472,27873.03942623472,8046.039426234724,8260.039426234724,0.009418942067155467,310.6565075160553,0.0019810218837671475,65.33826573474568,0.0037434790951109556,0.5291927197762087,False
1404,531.1663621988561,27413.050287672922,27967.050287672922,8052.050287672921,8256.05028767292,0.00868930054993262,286.5913966083693,0.002176550497286496,71.78721039989978,0.004099253808929112,0.5309626089864139,False
1405,531.4416986899049,27435.06112664683,27979.06112664683,8033.06112664683,8235.06112664683,0.008527204928500473,281.2451422967147,0.002258550551064607,74.49174453347996,0.004243038292769673,0.5322955851973521,False
1406,531.7170503019732,27471.071943180592,28025.071943180592,8026.071943180591,8227.071943180592,0.008671129877139536,285.9920896258155,0.0020711169213832523,68.30978945055068,0.0038833175333237557,0.5333369995140651,False
1407,531.9924170106899,27508.08273729836,28059.08273729836,8003.082737298359,8196.082737298359,0.008613147744075216,284.07971700183424,0.0017358793646488208,57.25295017700961,0.0032426034535646933,0.5353350755056143,False
1408,532.2677987916832,27564.093509024307,28100.093509024307,7989.0935090243065,8177.0935090243065,0.008364050559433955,275.8639682626443,0.001737409163745653,57.3034061667837,0.0032355343488215324,0.5369775055481836,False
1409,532.5431956205821,27671.104258382624,28224.104258382624,7981.104258382626,8184.104258382626,0.008593677033621986,283.4375320446352,0.0023144921397561923,76.33681571492701,0.004295592515122253,0.5388062605119615,False
1410,532.8186074730152,27756.114985397522,28299.114985397522,7981.114985397523,8194.114985397522,0.008414175818050172,277.5172046525731,0.0030243103431937934,99.74811206636963,0.005602826682902558,0.5397829549899698,False
1411,533.0940343246108,27772.125690093224,28301.125690093224,7959.125690093226,8171.125690093226,0.008194588024177187,270.2747376481722,0.0032219398297141464,106.26634793902588,0.0059540650552902565,0.5411327890768367,False
1412,533.3694761509979,27832.136372493977,28356.136372493977,7957.136372493975,8166.136372493975,0.008100512617076845,267.171932980241,0.0031593144104367175,104.20082997578294,0.005826734869472284,0.542210085272483,False
1413,533.6449329278051,27898.147032624034,28430.147032624034,7956.147032624032,8154.147032624032,0.008203746922747987,270.5768173745801,0.0024719908508825834,81.53145426222426,0.004547138694105815,0.5436365629416313,False
1414,533.9204046306611,27967.157670507673,28534.157670507673,7964.157670507675,8152.157670507675,0.008716725840697884,287.49594034438593,0.0014159955178280632,46.702508529145405,0.002599108407961062,0.5448004836931283,False
1415,534.1958912351944,28025.1682861692,28626.1682861692,7968.168286169197,8164.168286169197,0.009214990923766828,303.9297701120789,0.0013384594994982416,44.14520766782715,0.0024535457337138376,0.5455205016587431,False
1416,534.4713927170337,28050.178879632913,28706.178879632913,7945.178879632912,8156.178879632912,0.010039751633201135,331.1321119146445,0.00134331097239258,44.30521944143379,0.0024550592794998194,0.5471603002051579,False
1417,534.7469090518075,28056.189450923146,28749.189450923146,7889.189450923147,8124.189450923147,0.010596919303666,349.5086728249234,0.0021507376885795074,70.93584971152097,0.003910994410541296,0.5499209313065311,False
1418,535.0224402151447,28102.20000006425,28808.20000006425,7877.20000006425,8123.20000006425,0.010775803171782465,355.40863880027484,0.0025794706586649545,85.076364240023,0.004680766284646441,0.5510787127154744,False
1419,535.2979861826739,28157.210527080584,28877.210527080584,7870.210527080585,8110.210527080585,0.010965611061638361,361.6689019743356,0.0020801669978812356,68.60827999625866,0.003764577550494782,0.55256319466917,False
1420,535.5735469300234,28198.22103199653,28937.22103199653,7845.2210319965325,8089.2210319965325,0.011235111151066561,370.5575813992758,0.002066407254665401,68.15445474271411,0.0037260537226691823,0.5545833228580281,False
1421,535.8491224328224,28196.23151483649,28949.23151483649,7814.231514836489,8050.231514836489,0.011445971617822103,377.512202810942,0.0014761246426135879,48.68569345296015,0.002652197048819072,0.5565667314466145,False
1422,536.124712666699,28237.24197562487,29011.24197562487,7813.241975624872,8060.241975624872,0.011744045933047393,387.343320264252,0.0017727593826004518,58.469330688992386,0.0031820941976601442,0.5571046211969451,False
1423,536.4003176072823,28218.252414386112,28971.252414386112,7774.252414386112,8027.252414386112,0.011437156023475075,377.2214459794422,0.0024711262240683235,81.50293705248794,0.0044235004655918606,0.5586359136367105,False
1424,536.6759372302007,28289.26283114466,29023.26283114466,7770.262831144659,8028.262831144659,0.011124604122141245,366.9128273051165,0.003061268788037322,100.9670792620966,0.0054699184635637514,0.5596552870813452,False
1425,536.9515715110829,28305.27322592498,28981.27322592498,7736.273225924979,7983.273225924979,0.010250109877957795,338.07016898914213,0.0033990837424690157,112.10892652925344,0.006052111477880591,0.561636009992888,False
1426,537.2272204255576,28361.283598751557,28990.283598751557,7743.2835987515555,7966.2835987515555,0.009526581261437655,314.20667439564045,0.0028040162734103372,92.48235059788499,0.004985815631063473,0.562398708837182,False
1427,537.5028839492533,28361.29394964889,29002.29394964889,7723.29394964889,7942.29394964889,0.009706308855160212,320.13446821494944,0.002437083239756539,80.38012787324891,0.0043233313889312446,0.5637049350406149,False
1428,537.7785620577987,28428.3042786415,29094.3042786415,7718.304278641498,7935.304278641498,0.010057021320437017,331.7017024996956,0.0019846673183291797,65.45849982912102,0.0035112143775786293,0.5652367257899609,False
1429,538.0542547268226,28497.314585753913,29153.314585753913,7710.314585753915,7925.314585753915,0.009884002351835192,325.99517323806,0.0020604097686535774,67.95664504763101,0.00363579288556437,0.5667016338676145,False
1430,538.3299619319534,28543.324871010693,29156.324871010693,7705.324871010692,7904.324871010692,0.009228220114446977,304.36609662780194,0.0018456074003192092,60.872011436216894,0.0032505059811470368,0.5677908027315588,False
1431,538.6056836488199,28593.3351344364,29161.3351344364,7696.335134436396,7888.335134436396,0.008542589476716737,281.75255703443156,0.0021587931129258605,71.20153453855949,0.003794669750031366,0.5689014473283258,False
1432,538.8814198530507,28658.345376055615,29230.345376055615,7693.345376055615,7874.345376055615,0.008582834594825511,283.07992562286785,0.001516395249663141,50.0139027202398,0.00265858095324165,0.5703776850632201,False
1433,539.1571705202746,28668.355595892946,29229.355595892946,7667.355595892947,7839.355595892947,0.008416458079908835,277.59247844587117,0.001218301170708088,40.18213341757979,0.002129346102332045,0.5721480267457757,False
1434,539.43293562612,28695.365793973015,29260.365793973015,7637.365793973015,7804.365793973015,0.008467985804944917,279.2919711262408,0.0009260391953573154,30.542719150576715,0.001612170763162567,0.5744051539185097,False
1435,539.7087151462156,28730.375970320452,29308.375970320452,7630.3759703204505,7790.3759703204505,0.008650444792399984,285.3098520521,0.0003620354092925635,11.940688778643164,0.0006289547970311164,0.5756143541658248,False
1436,539.9845090561901,28746.38612495991,29334.38612495991,7610.386124959909,7773.386124959909,0.008793749473245478,290.0363416455972,0.00040979939497724945,13.516045424013498,0.0007102591360404488,0.5769716631338222,False
1437,540.2603173316722,28801.396257916058,29393.396257916058,7602.396257916058,7768.396257916058,0.0088362271406587,291.4373444028003,0.0005446407534602966,17.963396856520376,0.0009419742225147957,0.5781907194936451,False
1438,540.5361399482904,28836.406369213582,29436.406369213582,7589.406369213583,7762.406369213583,0.00894365265365269,294.9804636243534,0.0008449146372554346,27.867060704646292,0.00145848227199106,0.5793108723234544,False
1439,540.8119768816736,28817.41645887719,29434.41645887719,7557.416458877188,7742.416458877188,0.009200387466508902,303.44811739598174,0.0013027854225773489,42.96860162586535,0.0022437434522035176,0.5806302950089591,False
1440,541.08782810745,28826.42652693159,29492.42652693159,7542.426526931593,7742.426526931593,0.009919697820549358,327.17248482632846,0.0014463066436246445,47.702233170374484,0.0024869578065948726,0.5815565667376233,False
1441,541.3636936012488,28801.43657340153,29505.43657340153,7503.436573401531,7717.436573401531,0.010487894733980374,345.9128133525436,0.001724958341809836,56.89275188834057,0.0029572837491865754,0.5832914553039761,False
1442,541.6395733386981,28829.446598311755,29543.446598311755,7487.446598311757,7716.446598311757,0.010624853727922485,350.4300088536534,0.002458763319561408,81.09518247564802,0.004208242612100395,0.5842731862681756,False
1443,541.915467295427,28825.456601687038,29540.456601687038,7455.456601687039,7685.456601687039,0.01064100849883325,350.96282715480424,0.0025544195133287116,84.2501248105894,0.004358893649075584,0.5860247390689246,False
1444,542.1913754470639,28839.466583552163,29557.466583552163,7457.466583552165,7684.466583552165,0.01067998387648941,352.2483170341829,0.0023424265076180933,77.25814988364516,0.003995782728077427,0.5862246941402525,False
1445,542.4672977692376,28797.476543931934,29507.476543931934,7420.476543931934,7635.476543931934,0.010577637358699153,348.87271375024073,0.0018267133648902454,60.24884643345996,0.0031066063535322083,0.5880092799054744,False
1446,542.7432342375765,28805.486482851167,29511.486482851167,7398.486482851167,7611.486482851167,0.010515871078318573,346.83553199368254,0.0018107246988475368,59.721506620001605,0.0030720085771693936,0.58942696719811,False
1447,543.0191848277094,28753.4964003347,29484.4964003347,7351.496400334701,7571.496400334701,0.010903052290901681,359.60558222005835,0.0019029190046513898,62.76226861319452,0.0032178501949989766,0.5913634536526319,False
1448,543.295149515265,28766.506296407388,29514.506296407388,7337.506296407386,7560.506296407386,0.011148403105557427,367.69776780244524,0.001853989378040731,61.148466679967214,0.003129562720199607,0.5924116382375878,False
1449,543.5711282758718,28782.516171094092,29524.516171094092,7348.516171094091,7572.516171094091,0.011054032066334311,364.5852125657012,0.0019865231560913105,65.51970925939355,0.0033559771459714485,0.5919358415405047,False
1450,543.8471210851586,28760.5260244197,29501.5260244197,7328.526024419702,7555.526024419702,0.011047656349916087,364.3749280367938,0.002200415040993978,72.5743132134399,0.0037126528718480364,0.5926799830059749,False
1451,544.1231279187539,28784.53585640912,29522.53585640912,7296.535856409118,7522.535856409118,0.010994427789897714,362.6193382436387,0.002253117697921681,74.31255761724293,0.003787287420619313,0.5949159510986473,False
1452,544.3991487522865,28809.54566708726,29556.54566708726,7284.545667087259,7516.545667087259,0.011117266405080421,366.6708139729393,0.002498563721106394,82.40788337703873,0.004193032477845179,0.595884657299487,False
1453,544.6751835613849,28787.55545647906,29549.55545647906,7259.55545647906,7483.55545647906,0.011346164140127752,374.220342406297,0.0018517899682179498,61.07592552096327,0.003099910416275451,0.5973688654018845,False
1454,544.9512323216778,28849.56522460947,29579.56522460947,7287.565224609469,7486.565224609469,0.010852513692208942,357.93871300558584,0.0008476441417520492,27.95708550022539,0.0014195232014783433,0.5971329956912867,False
1455,545.2272950087939,28842.574971503454,29564.574971503454,7257.574971503454,7446.574971503454,0.010737609662211607,354.1489365737968,0.0004274258087579065,14.09740160033249,0.0007135313334383649,0.599028786441973,False
1456,545.5033715983617,28816.584697186,29525.584697186,7228.584697186001,7415.584697186001,0.010555999203478212,348.15904190874295,0.0005361263552332001,17.682574106155073,0.0008930658815910082,0.6003211703464522,False
1457,545.7794620660101,28868.594401682105,29543.594401682105,7208.594401682106,7388.594401682106,0.010037693537635306,331.0642315968704,0.000673542770872981,22.21485633633131,0.0011183991393161354,0.6022382771904049,False
1458,546.0555663873674,28946.604085016785,29594.604085016785,7209.604085016786,7383.604085016786,0.009614913246388867,317.12004892870954,0.0007420720465983813,24.475095894837068,0.0012299906992881146,0.6033151689910115,False
1459,546.3316845380625,28932.613747215073,29605.613747215073,7181.613747215073,7350.613747215073,0.009986399564200448,329.37244853564306,0.0001151593948761926,3.798198902257923,0.00019031211969188134,0.6051080459964278,False
1460,546.6078164937242,28953.623388302018,29630.623388302018,7162.623388302017,7331.623388302017,0.010037867491577474,331.0699689635254,9.016398435413887e-05,2.973797724148028,0.00014864178466462687,0.6065857225649667,False
1461,546.8839622299806,28976.63300830268,29642.63300830268,7139.6330083026805,7320.6330083026805,0.009868856806182295,325.49564130725423,0.0010038901865262184,33.11040847818481,0.0016514880541425203,0.6078700866216405,False
1462,547.1601217224608,28980.642607242145,29611.642607242145,7145.6426072421455,7327.6426072421455,0.009354487952334027,308.5306753299449,0.001568500319892134,51.73243745862226,0.00258281837088465,0.6072824700232025,False
1463,547.4362949467933,28943.652185145507,29520.652185145507,7118.652185145507,7288.652185145507,0.008572617264329908,282.7429365868094,0.0016768349249013173,55.30554044570192,0.0027565143521934028,0.608317139204094,False
1464,547.7124818786068,28948.661742037883,29523.661742037883,7106.661742037882,7261.661742037882,0.008541729219073375,281.72418392913534,0.0008286411218987027,27.330325962072607,0.001359434213969646,0.6095485264263071,False
1465,547.9886824935298,28927.671277944395,29517.671277944395,7088.671277944395,7245.671277944395,0.00876861825621038,289.2074612832288,0.0007451714547870754,24.577320891699912,0.0012208399297990893,0.6103760506176321,False
1466,548.2648967671911,28933.680792890194,29569.680792890194,7073.680792890194,7237.680792890194,0.009442950451866942,311.4483545082537,0.0005110168962659412,16.854411370598257,0.0008356739553149359,0.611502719470726,False
1467,548.5411246752193,28946.69028690044,29633.69028690044,7044.690286900441,7220.690286900441,0.01018682314699548,335.9828395764877,0.0005299897709162334,17.480176656590743,0.0008639184150644188,0.6134720150359503,False
1468,548.8173661932431,28984.699760000312,29705.699760000312,7049.6997600003115,7244.6997600003115,0.010670981196382124,351.951389721065,0.001178789446144914,38.87895368983368,0.0019217028922489199,0.6134087901410227,False
1469,549.093621296891,28984.709212215,29705.709212215,7036.709212214999,7240.709212214999,0.010670977758868548,351.9512763446418,0.0017405243119605323,57.406150302794856,0.002835057607729473,0.6139290810935143,False
1470,549.3698899617916,28970.718643569715,29682.718643569715,7017.718643569713,7226.718643569713,0.010544407124404083,347.7767107749125,0.0022007872532963362,72.58658955754328,0.0035804782965160493,0.6146629223916233,False
1471,549.6461721635739,28944.72805408968,29664.72805408968,6992.72805408968,7200.72805408968,0.010670897804911055,351.94863929506454,0.0020588727304412108,67.90595029661029,0.0033429043666002656,0.6158933982712418,False
1472,549.9224678778662,28922.73744380014,29620.73744380014,6982.737443800141,7196.737443800141,0.010356471462425378,341.57819761157015,0.002753474744053231,90.81538472394158,0.004471110032331313,0.6158369452199597,False
1473,550.1987770802973,28905.74681272635,29607.74681272635,6975.746812726351,7196.746812726351,0.0104211639369637,343.71189140216336,0.003124350860168261,103.04765859630965,0.005073387487051434,0.6158313095820875,False
1474,550.4750997464959,28900.756160893587,29651.756160893587,6972.756160893586,7185.756160893586,0.011141214265919831,367.46066476061895,0.0019267835665562217,63.54937202692156,0.0031251490438967133,0.6165413359465688,False
1475,550.7514358520903,28862.76548832713,29665.76548832713,6939.7654883271325,7149.7654883271325,0.011917618535334884,393.06810952855085,0.0010293838503395245,33.95124309714356,0.00166438110131161,0.6184784539600467,False
1476,551.0277853727096,28928.774795052297,29752.774795052297,6951.774795052297,7161.774795052297,0.012197434409963126,402.2970252326489,0.0007275313513018748,23.9955132001499,0.001175579150782136,0.6188705803584844,False
1477,551.3041482839822,28892.7840810944,29717.7840810944,6907.7840810944,7115.7840810944,0.012227030885229062,403.27317919721804,0.0006569764237095918,21.668463385256473,0.0010577249967675033,0.6211221496299767,False
1478,551.5805245615368,28935.79334647878,29722.79334647878,6905.793346478777,7107.793346478777,0.011654227855775058,384.38093128274113,0.0008669865963687653,28.595040310348963,0.0013943436450538477,0.621788322731075,False
1479,551.8569141810019,28981.802591230782,29722.802591230782,6905.80259123078,7098.80259123078,0.01096436311784447,361.62774216489805,0.0010065765605837673,33.19901074122566,0.001617229610841543,0.6224079461790119,False
1480,552.1333171180064,28993.81181537578,29695.81181537578,6902.811815375779,7079.811815375779,0.010389886602054981,342.68029915349297,0.0006057936929765376,19.980349342161276,0.0009724183892485687,0.6229763851387689,False
1481,552.4097333481789,28989.821018939158,29625.821018939158,6910.821018939156,7060.821018939156,0.00942486070630495,310.8517166758863,-9.930324169797958e-05,-3.2752296416060176,-0.00015945526090545132,0.6227655402154542,False
1482,552.6861628471478,29038.83020194631,29622.83020194631,6893.830201946311,7041.830201946311,0.008647431906873405,285.21048075449994,0.0005775345686728009,19.048304023369667,0.0009251954946480841,0.6242297676692398,False
1483,552.962605590542,29062.83936442266,29644.83936442266,6879.839364422658,7031.839364422658,0.0086110599040882,284.0108556505281,0.0008795831118923059,29.010499869555872,0.0014066129016908984,0.6253199518040489,False
1484,553.23906155399,29136.848506393628,29737.848506393628,6900.84850639363,7062.84850639363,0.008866968790124963,292.4512686195946,0.001210428731396167,39.92248382160221,0.0019368878154764704,0.6249348680519239,False
1485,553.5155307131206,29173.85762788467,29777.85762788467,6892.85762788467,7062.85762788467,0.008899589951046727,293.5271830748297,0.0016815537143382662,55.46117603998994,0.0026872450216982873,0.6257537741294452,False
1486,553.7920130435623,29178.866728921243,29798.866728921243,6878.8667289212435,7050.8667289212435,0.00913132745241834,301.17037297060784,0.0015942830239796656,52.582805233372824,0.0025437126029137697,0.6267543833974984,False
1487,554.0685085209439,29115.875809528825,29746.875809528825,6853.875809528826,7020.875809528826,0.00931150204104579,307.11290962144096,0.0011435580773315798,37.71694909180928,0.001822049503670999,0.6276218483787518,False
1488,554.3450171208938,29156.884869732912,29816.884869732912,6855.884869732911,7027.884869732911,0.00972114643495603,320.6238427844601,0.0010399759602921187,34.30059314746097,0.0016555971468798709,0.6281576180848412,False
1489,554.6215388190408,29197.893909559007,29887.893909559007,6871.893909559008,7042.893909559008,0.010143786747898568,334.5634086739308,0.0005309136092741789,17.510646787497365,0.0008453908818561932,0.6280096233217842,False
1490,554.8980735910135,29219.90292903264,29914.90292903264,6875.90292903264,7036.90292903264,0.010208829098758533,336.7086421210342,-0.00015700581076118388,-5.17838165720093,-0.0002498391652990917,0.6284275348631845,False
1491,555.1746214124406,29246.911928179346,29928.911928179346,6863.911928179346,7023.911928179346,0.010010910948767719,330.18088552036596,-3.555955314860776e-06,-0.11728288072288251,-5.648766167416526e-06,0.629510092907085,False
1492,555.4511822589508,29277.920907024683,29972.920907024683,6859.920907024684,7029.920907024684,0.010188834445783083,336.0491764381515,0.00044249595404724854,14.59444666866051,0.0007023746675803998,0.6299998768059166,False
1493,555.7277561061726,29292.929865594222,30016.929865594222,6860.929865594223,7037.929865594223,0.01060345870663645,349.72435608038415,0.00045849611552742885,15.12216562580943,0.0007275977000811372,0.6301505838683934,False
1494,556.0043429297347,29307.93880391355,30084.93880391355,6874.938803913548,7056.938803913548,0.011363856381072578,374.80386970085567,-1.6341750343956685e-05,-0.5389852758788152,-2.5950629972710703e-05,0.6297246101979577,False
1495,556.2809427052657,29277.947722008263,30077.947722008263,6860.947722008262,7050.947722008262,0.011707569172620743,386.14024003307003,0.000155815348662049,5.139117714880172,0.0002472950920920946,0.6300786131413484,False
1496,556.5575554083945,29312.95661990398,30123.95661990398,6854.95661990398,7058.95661990398,0.011852388228187299,390.91667688800726,0.0008834139669341903,29.136849521101283,0.001400880851220971,0.6306132075145647,False
1497,556.8341810147493,29330.965497626337,30111.965497626337,6844.965497626336,7044.965497626336,0.011412745092769265,376.4163221742191,0.0010948620282835945,36.110851037567215,0.0017340018020262436,0.6314076646311491,False
1498,557.1108194999591,29353.974355200975,30104.974355200975,6856.974355200977,7049.974355200977,0.010971351112323962,361.8582209112438,0.0010836608787981386,35.741413583285464,0.0017173909113978004,0.6309925548145221,False
1499,557.3874708396526,29390.983192653563,30136.983192653563,6873.983192653564,7062.983192653564,0.010885661487374427,359.0319969651374,0.0008940453775812471,29.487495790930325,0.0014178624175385957,0.6305586258032756,False
1500,557.6641350094579,29344.992010009777,30103.992010009777,6844.992010009778,7030.992010009778,0.011090094443573678,365.774625568354,0.0005535644325337097,18.25771854948499,0.0008760535127934004,0.6318842678555148,False
1501,557.9408119850043,29402.00080729531,30147.00080729531,6842.00080729531,7030.00080729531,0.010867227400526572,358.4240020333742,0.0009050263998889672,29.849672988194015,0.001430326217276171,0.6327412508822261,False
1502,558.2175017419202,29479.009584535866,30179.009584535866,6850.009584535868,7048.009584535868,0.010192094681479524,336.1567058642712,0.0021832121589071152,72.00692600262454,0.003450463552028739,0.6327301030678822,False
1503,558.4942042558341,29477.01834175718,30177.01834175718,6841.018341757178,7040.018341757178,0.010192775165122275,336.1791496451514,0.0022602606381170714,74.54814679898698,0.003569399934062978,0.6332326665183358,False
1504,558.7709195023748,29535.02707898498,30238.02707898498,6860.027078984977,7052.027078984977,0.010216078248225555,336.9477343078032,0.0017720629977924767,58.44636245425954,0.002798912639955963,0.6331255118489006,False
1505,559.0476474571709,29601.03579624502,30314.03579624502,6884.035796245021,7071.035796245021,0.010336851000925098,340.93107355007027,0.0013030648648344068,42.97781821887662,0.0020591650256947536,0.632812255732033,False
1506,559.3243880958511,29648.044493563077,30320.044493563077,6894.044493563077,7063.044493563077,0.009733780539928117,321.04054212269114,0.0007840795729178486,25.860592410555057,0.0012384181087181988,0.6331299319657037,False
1507,559.6011413940439,29714.05317096493,30340.05317096493,6896.053170964929,7054.053170964929,0.009054441396252331,298.63450922763985,0.0007836861153400643,25.84761535261174,0.0012361575360275033,0.6339694517079966,False
1508,559.8779073273781,29758.061828476377,30378.061828476377,6903.061828476379,7065.061828476379,0.008955419918302083,295.3685727466872,0.0011187836843094493,36.89983753541452,0.0017646333305661303,0.6340034866906434,False
1509,560.1546858714822,29793.070466123238,30474.070466123238,6918.070466123239,7085.070466123239,0.009815203647412825,323.7260473548028,0.000543988988442998,17.941900276272804,0.0008582186251604566,0.6338582879639687,False
1510,560.4314770019851,29841.07908393134,30521.07908393134,6936.0790839313395,7089.0790839313395,0.009785360577676403,322.7417601862679,-0.00030957556606866186,-10.210452881173751,-0.0004884010249698385,0.6338552751558616,False
1511,560.7082806945151,29909.087681926525,30528.087681926525,6950.087681926525,7091.087681926525,0.00889643446259783,293.4231084331074,-0.00017386262530414906,-5.734354833002044,-0.00027427461182087047,0.6338998135842746,False
1512,560.9850969247011,29975.096260134655,30589.096260134655,6982.096260134655,7129.096260134655,0.00880605971743437,290.44235937445944,0.0002425870552765358,8.0010309887777,0.0003834438128757483,0.6326534609000043,False
1513,561.2619256681718,30035.104818581603,30624.104818581603,6969.104818581602,7122.104818581602,0.008434250662820286,278.1793152294028,0.0009971138304927223,32.88691001264158,0.0015728498630565558,0.6339535984413718,False
1514,561.5387669005554,30111.11335729326,30705.11335729326,6978.113357293258,7140.113357293258,0.008483891219809473,279.8165651408539,0.0014831953732790722,48.918901012627146,0.0023385130949599674,0.6342471959963358,False
1515,561.8156205974811,30177.121876295525,30791.121876295525,6984.121876295525,7152.121876295525,0.008747695879743287,288.5173973295637,0.001575401188630787,51.96004261490111,0.002481813211999181,0.6347783068499946,False
1516,562.0924867345773,30235.130375614324,30838.130375614324,6995.130375614324,7161.130375614324,0.008576194541939669,282.8609227216364,0.0016095727192449588,53.087091521390676,0.002535114521015475,0.6349112459819852,False
1517,562.3693652874725,30298.13885527559,30863.13885527559,7018.138855275589,7179.138855275589,0.008024141149963727,264.65304146587766,0.0018262556015106457,60.23374843500517,0.002879253806660565,0.6342808672462208,False
1518,562.6462562317956,30316.14731530527,30872.14731530527,7019.1473153052675,7188.1473153052675,0.007892829162122106,260.32209609568406,0.002439782560431548,80.46915714294664,0.003847207346813174,0.6341697601644831,False
1519,562.9231595431752,30341.155755729324,30950.155755729324,7037.155755729324,7210.155755729324,0.00863071901829507,284.65925455953743,0.0019167640297540183,63.218906642623836,0.003024830185051226,0.6336765743831525,False
1520,563.2000751972397,30407.164176573737,31085.164176573737,7068.164176573735,7240.164176573735,0.009577246443744762,315.87771860378723,0.0008645392678822052,28.51432227270118,0.0013652696218035788,0.6332370207872291,False
1521,563.4770031696181,30458.172577864498,31165.172577864498,7088.172577864497,7255.172577864497,0.009965693064953887,328.68950466647425,0.00014777143332536657,4.8738124791719315,0.00023341090341629886,0.6330956744630287,False
1522,563.7539434359388,30499.180959627614,31243.180959627614,7118.180959627616,7284.180959627616,0.010467067507133197,345.2258876333431,-0.00045536566634174144,-15.018916831619151,-0.0007203479335640805,0.6321468350561086,False
1523,564.0308959718305,30571.189321889113,31350.189321889113,7150.189321889115,7317.189321889115,0.010927833284678123,360.4229114832047,-0.0009010825051272622,-29.719595049085115,-0.0014270158565683135,0.6314453346679585,False
1524,564.3078607529219,30593.19766467503,31396.19766467503,7167.197664675031,7338.197664675031,0.01125218193786836,371.1206118299322,-0.0010121581020669183,-33.383101711458664,-0.0016046095046080941,0.6307815696966879,False
1525,564.5848377548416,30583.205988011418,31371.205988011418,7160.205988011417,7335.205988011417,0.011048204539459454,364.3930084802007,-0.0005614067521192197,-18.51637473357539,-0.000889937792292276,0.6308381967611068,False
1526,564.8618269532183,30619.214291924338,31452.214291924338,7159.214291924338,7335.214291924338,0.011657183724110615,384.478422033534,-0.0011097398785043528,-36.60155381033877,-0.0017567971784121636,0.631683550122367,False
1527,565.1388283236805,30670.222576439875,31588.222576439875,7161.222576439877,7351.222576439877,0.012808261764508956,422.4433953138682,-0.0014358616274373088,-47.357734581618956,-0.0022703247373399905,0.6324476863691428,False
1528,565.415841841857,30734.23084158413,31670.23084158413,7186.230841584129,7378.230841584129,0.013028880029573033,429.71984942414974,-0.00157780505199521,-52.039327081459305,-0.0024968822036501525,0.6319100875838843,False
1529,565.6928674833764,30858.239087383205,31764.239087383205,7246.2390873832055,7435.2390873832055,0.012567316668185646,414.49651958268277,-0.001385037766919674,-45.68145683255534,-0.0021986436545294572,0.6299509991381904,False
1530,565.9699052238673,30890.24731386323,31728.24731386323,7242.24731386323,7436.24731386323,0.011624696723820053,383.4069324779148,-0.0001442230256510236,-4.756778535498086,-0.0002289181174216926,0.6300201455236886,False
1531,566.2469550389583,30948.255521050345,31712.255521050345,7253.255521050343,7433.255521050343,0.010590958233375206,349.31206419686384,5.5126609224159795e-05,1.818191445565617,8.74920506472654e-05,0.630075633344214,False
1532,566.5240169042783,31002.2637089707,31735.2637089707,7284.263708970699,7449.263708970699,0.01014870539468239,334.72563598360875,-0.000421016508232383,-13.886009396974202,-0.0006691104482433608,0.6292182543819073,False
1533,566.8010907954557,31011.271877650466,31718.271877650466,7284.271877650466,7447.271877650466,0.009789938913084066,322.8927633114428,-0.00017887698809513665,-5.899739057786519,-0.00028428240076328395,0.6292228699872413,False
1534,567.0781766881191,31088.280027115827,31761.280027115827,7313.280027115827,7480.280027115827,0.009301301652345806,306.77647936141284,0.0005043515200937026,16.634573254153224,0.0008028105318637324,0.6282323164381585,False
1535,567.3552745578974,31177.288157392977,31860.288157392977,7357.288157392979,7521.288157392979,0.00941136244328779,310.40651558891216,0.00016309928532547494,5.37935725650749,0.00026011026394338904,0.6270390212705033,False
1536,567.6323843804191,31230.296268508133,31909.296268508133,7382.296268508134,7531.296268508134,0.009341122099559838,308.0898414111037,-0.0006628601934782659,-21.86252247961471,-0.0010576722565346101,0.6267160638684817,False
1537,567.9095061313128,31340.304360487517,31995.304360487517,7423.304360487518,7560.304360487518,0.008983036029246962,296.27941013332196,-0.0010410237623597468,-34.335151862078476,-0.00166290698270376,0.6260264543883998,False
1538,568.1866397862073,31428.312433357372,32055.312433357372,7462.312433357372,7593.312433357372,0.008578952298295105,282.9518793229035,-0.001021110833721475,-33.67838161961646,-0.0016338866368015622,0.6249581890946638,False
1539,568.4637853207308,31498.320487143952,32148.320487143952,7492.320487143952,7619.320487143952,0.008870891650138412,292.5806527884921,-0.0015709964398782127,-51.8147647424814,-0.0025157818284032712,0.624456549507435,False
1540,568.7409427105126,31531.328521873525,32223.328521873525,7516.3285218735255,7654.3285218735255,0.009428129592378829,310.95953140963644,-0.0015267853746564423,-50.356590882037665,-0.002448733920375324,0.6234999082392862,False
1541,569.018111931181,31592.336537572377,32321.336537572377,7527.336537572376,7673.336537572376,0.009907564148705748,326.7722908245599,-0.0015646514396531665,-51.60549329818895,-0.002508568856584914,0.6237227395795837,False
1542,569.2952929583647,31705.344534266802,32474.344534266802,7555.344534266802,7709.344534266802,0.010407917064939405,343.2749817185451,-0.00164473569534721,-54.24684038404558,-0.0026370597868208127,0.6237005712070225,False
1543,569.5724857676922,31769.352511983114,32518.352511983114,7587.352511983115,7753.352511983115,0.010120171070163827,333.7845139832753,-0.0007209031873114894,-23.776902419680482,-0.0011584895280022014,0.6222785531386517,False
1544,569.8496903347924,31833.36047074764,32586.36047074764,7601.360470747642,7779.360470747642,0.010153370280989444,334.8794937393711,-0.00010080258320319807,-3.3246810759882806,-0.00016205120306358648,0.622041560306372,False
1545,570.1269066352936,31858.36841058672,32606.36841058672,7622.368410586721,7806.368410586721,0.010078901071071511,332.42334266575375,0.0002802066536071613,9.241804416220418,0.0004512231731557917,0.6209934911973497,False
1546,570.4041346448248,31870.37633152671,32604.37633152671,7635.37633152671,7819.37633152671,0.009888705542044058,326.15029433701704,0.0004529624729075043,14.939654460766576,0.0007301956712953841,0.6203302631251406,False
1547,570.6813743390145,31904.384233593977,32628.384233593977,7660.384233593975,7838.384233593975,0.009745200944931042,321.41721108480294,0.00023079386207616737,7.612066688332163,0.0003725579788585738,0.6194844163135711,False
1548,570.9586256934914,31932.3921168149,32669.3921168149,7689.392116814901,7868.392116814901,0.009909599990868812,326.83943717833523,8.4386507816182e-05,2.7832444039618736,0.0001364821006585429,0.618297252233126,False
1549,571.235888683884,31981.399981215884,32717.399981215884,7706.399981215882,7884.399981215882,0.009881312420791492,325.9064536581393,3.578959375216337e-05,1.1804160298677857,5.790933746614973e-05,0.6180280299888388,False
1550,571.5131632858211,32020.40782682333,32797.40782682333,7741.407826823331,7919.407826823331,0.010412661210534243,343.43145361221764,-0.0005398999703549647,-17.80703586481951,-0.0008752151423172481,0.6168768617571081,False
1551,571.7904494749312,32043.415653663673,32866.41565366367,7756.415653663672,7939.415653663672,0.011013540059071097,363.24970105400297,-0.0008860749851335621,-29.22461549464265,-0.0014372183924438039,0.6165207666365209,False
1552,572.067747226843,32057.423461763345,32891.42346176335,7775.423461763345,7960.423461763345,0.011154055063567371,367.884181257744,-0.0009419347344700457,-31.066987442136224,-0.0015299206927712296,0.6156755307125544,False
1553,572.3450565171853,32047.431251148802,32915.4312511488,7796.4312511488015,7998.4312511488015,0.011606324949674415,382.8009927500488,-0.0004973623187114837,-16.404054701618804,-0.0008098437123110097,0.6141460520724255,False
1554,572.6223773215866,32040.43902184651,32952.43902184651,7805.43902184651,8028.43902184651,0.012189106839374114,402.0223644504898,4.4671044680521035e-05,1.4733449498469326,7.283970291488033e-05,0.6132787874316721,False
1555,572.8997096156754,32033.446773882948,32915.44677388295,7814.44677388295,8035.44677388295,0.011796083386855144,389.0596248709355,0.00031570788683205064,10.412709709779335,0.0005154014110467753,0.6125475795474657,False
1556,573.1770533750807,32054.454507284616,32886.454507284616,7843.454507284617,8064.454507284617,0.011128664070224012,367.0467329266923,0.00093895032168957,30.968555235550923,0.001536966107565093,0.6109115334866315,False
1557,573.4544085754309,32095.46222207802,32894.46222207802,7877.462222078019,8087.462222078019,0.010679156143296493,352.22101665362715,0.00074677976796334,24.630366440846274,0.0012248638169841436,0.6096839155572895,False
1558,573.7317751923547,32158.46991828968,32947.46991828968,7915.46991828968,8113.46991828968,0.010526693053995107,347.19246349874174,0.0002032344888682272,6.703100631521522,0.0003338734909816063,0.6087170570826295,False
1559,574.0091532014807,32196.477595946133,33003.47759594613,7941.477595946135,8137.477595946135,0.010751343152720302,354.60189595787807,-0.0001628523013131964,-5.371211204634619,-0.00026785425839464855,0.6079884721237272,False
1560,574.2865425784375,32246.485255073934,33027.48525507393,7974.485255073934,8159.485255073934,0.010393122250038453,342.7870176251568,-0.0004330196677056076,-14.2818988264371,-0.0007133811419838251,0.6069962355627081,False
1561,574.563943298854,32299.49289569964,33046.492895699645,7997.492895699643,8180.492895699643,0.009929672239868702,327.5014621412068,-0.00010406338825074378,-3.432229280504089,-0.0001716385286796554,0.6062938726593652,False
1562,574.8413553383587,32426.500517849836,33145.50051784984,8052.500517849837,8230.500517849838,0.009524499571168781,314.138015874965,-2.9014415156977322e-05,-0.9569563987146807,-4.795899299568687e-05,0.6049838277377237,False
1563,575.1187786725801,32399.50812155111,33134.50812155111,8064.508121551109,8245.508121551109,0.009742110973233617,321.3152973232572,-0.00010257080054482462,-3.383000600618857,-0.00016981588333914494,0.6040118187294475,False
1564,575.3962132771469,32391.515706830065,33122.51570683006,8094.515706830065,8264.515706830065,0.009692044140192452,319.66398793160124,-0.0006655048715031812,-21.94974951985631,-0.0011044383048187652,0.6025731528864244,False
1565,575.673659127688,32424.523273713323,33086.52327371332,8133.523273713322,8272.523273713323,0.008777534441405657,289.50153581234065,-0.0014182504953929882,-46.7768824290857,-0.002358624704518996,0.6013040110517361,False
1566,575.9511161998317,32435.530822227513,33036.53082222751,8158.530822227513,8278.530822227514,0.007973425874425016,262.9803450776591,-0.0016321144072965338,-53.83056377482322,-0.0027191704988363376,0.6002251083538135,False
1567,576.2285844692069,32485.538352399286,33038.538352399286,8188.538352399286,8301.538352399286,0.007330757270853868,241.78378367488497,-0.0013785660812504754,-45.46800703602824,-0.002300781517708251,0.5991729638995142,False
1568,576.5060639114422,32539.5458642553,33098.5458642553,8227.545864255299,8340.545864255299,0.0073974266633855664,243.98268037628165,-0.001473263733131113,-48.591334644740755,-0.00246415524202542,0.5978778073739215,False
1569,576.7835545021661,32527.553357822228,33111.553357822224,8231.553357822228,8353.553357822228,0.007728157275557903,254.89087114479474,-0.0013387039669499699,-44.15327071824336,-0.0022407376718322092,0.5974389522604566,False
1570,577.0610562170074,32580.560833126754,33211.56083312676,8253.560833126754,8391.560833126754,0.008330730610417381,274.76500630722506,-0.0011293399642544428,-37.24800583676861,-0.001892066123074054,0.5968818692338277,False
1571,577.3385690315946,32522.568290195584,33152.56829019559,8254.568290195584,8406.568290195584,0.008332344038936198,274.818220571121,-0.0004079635588924938,-13.455495691103408,-0.000684853716586631,0.5956944512556912,False
1572,577.6160929215565,32601.575729055432,33243.57572905543,8320.57572905543,8468.57572905543,0.008469139701129485,279.3300290478395,-0.0008121418511212496,-26.786145331197076,-0.001368414115317742,0.5934912845682482,False
1573,577.8936278625216,32620.58314973302,33256.58314973302,8340.58314973302,8466.58314973302,0.00838590631667361,276.58481707610764,-0.0018741447352984405,-61.81323272787097,-0.0031592084472734346,0.5932323765834215,False
1574,578.1711738301187,32583.590552255093,33236.59055225509,8360.590552255093,8494.590552255093,0.008617527232205009,284.224161725818,-0.0017120319643076044,-56.4664127877233,-0.002893813173819349,0.5916180007045889,False
1575,578.4487307999764,32608.597936648406,33298.5979366484,8396.597936648404,8540.597936648404,0.00909382162330957,299.9333518912391,-0.0017089023286916269,-56.363190826772126,-0.0028960361403152584,0.5900832192327539,False
1576,578.7262987477233,32564.605302939723,33284.60530293972,8416.605302939724,8581.605302939724,0.009497592641542709,313.25056877888784,-0.0010660180534309456,-35.159516118346176,-0.0018125185681311488,0.5881418663369034,False
1577,579.0038776489879,32497.612651155832,33257.61265115583,8418.61265115583,8597.61265115583,0.010039612925090941,331.12753702961277,-0.0009022656557795619,-29.758617844520927,-0.0015369169846788156,0.5870620630613417,False
1578,579.2814674793991,32447.61998132352,33235.61998132352,8420.619981323522,8606.619981323522,0.010420937573062951,343.7044254449112,-0.0009323784101115465,-30.75179977788099,-0.0015902618281255462,0.5863049679124526,False
1579,579.5590682145854,32375.627293469603,33213.6272934696,8416.627293469603,8623.627293469603,0.011098116086517793,366.03919621373984,-0.0005462338104162603,-18.015939223453472,-0.0009331695779884764,0.5853532126429926,False
1580,579.8366798301756,32385.634587620894,33226.634587620894,8447.634587620894,8657.634587620894,0.011133943946450722,367.2208743426828,-0.00046981200636572913,-15.495387491088536,-0.0008046762660687269,0.5838521976807041,False
1581,580.114302301798,32402.641863804234,33232.64186380424,8476.641863804234,8677.641863804234,0.010984446644047557,362.29013907363526,-0.0008065590121153366,-26.602011565935868,-0.0013840332182318857,0.5827598655079411,False
1582,580.3919356050817,32408.64912204647,33225.64912204647,8504.649122046469,8712.649122046469,0.010812545541143194,356.6204793723993,-0.00031872171611501375,-10.512112134448614,-0.0005484196834112556,0.5811638891815756,False
1583,580.6695797156551,32350.65636237446,33135.65636237446,8507.65636237446,8716.65636237446,0.010412481171822882,343.4255155570846,0.0001275041684717284,4.2053554835302975,0.00021983120867854073,0.5800094046618185,False
1584,580.9472346091468,32279.66358481508,33043.66358481508,8517.663584815082,8727.663584815082,0.010159192088482597,335.0715091876412,0.00041832246291107454,13.797154119529978,0.000723241578475909,0.5783993555688651,False
1585,581.2249002611856,32178.67078939522,33009.67078939522,8512.67078939522,8725.67078939522,0.011073092418187188,365.2138630337075,-0.00034010718560201735,-11.217449869308496,-0.0005887545173679722,0.5776723159976198,False
1586,581.5025766474,32180.67797614178,33025.67797614178,8545.677976141778,8740.677976141778,0.011256552414865159,371.2647593478089,-0.00145795557063794,-48.086439268730146,-0.0025286370121614557,0.5765776438555303,False
1587,581.7802637434188,32198.685145081672,33007.68514508167,8581.68514508167,8764.68514508167,0.010776930633416913,355.4458248548465,-0.0016131877244489733,-53.20632199157774,-0.0028051918554270264,0.5750721546292963,False
1588,582.0579615248704,32208.69229624182,32948.692296241825,8603.692296241821,8783.692296241821,0.00986509011171201,325.3714078062223,-0.0008728464389864462,-28.788310236973757,-0.0015213682127259522,0.5737246458058304,False
1589,582.3356699673836,32126.699429649172,32833.699429649176,8607.699429649174,8779.699429649174,0.009453708054297912,311.80316284836493,-0.0008611533879624451,-28.402648835998605,-0.0015044356315305574,0.5724095932813951,False
1590,582.6133890465871,32109.70654533068,32779.70654533068,8647.706545330679,8818.706545330679,0.008968724792996808,295.80739548029493,-0.00046477737546426687,-15.32933478141797,-0.0008154449962439149,0.5699677815243387,False
1591,582.8911187381095,32113.713643313302,32725.713643313302,8655.713643313304,8831.713643313304,0.008198595435306651,270.4069104905981,0.000543503501085292,17.9258878827456,0.0009549961660717008,0.5691158984658018,False
1592,583.1688590175795,32110.72072362403,32687.72072362403,8700.720723624027,8871.720723624027,0.007734585396726139,255.10288409250975,0.0007180477699519862,23.68272475322081,0.0012669885493951432,0.5667358006469594,False
1593,583.4466098606256,32091.72778628984,32703.72778628984,8721.727786289843,8895.727786289843,0.00820415952503773,270.59042586536503,0.0003747974977520753,12.361609281304311,0.0006626509813519027,0.5656031731627935,False
1594,583.7243712428766,32016.734831337755,32667.734831337755,8718.734831337755,8895.734831337755,0.008741982594400191,288.32896116991077,-1.362321629232513e-05,-0.44932230863463474,-2.4114858648796287e-05,0.5649303813358717,False
1595,584.0021431399608,32005.741858794783,32621.741858794783,8738.741858794781,8893.741858794781,0.00827924862621306,273.06702225563174,-0.0006436392835904477,-21.228576470131117,-0.0011410004654110084,0.5641008072320088,False
1596,584.2799255275073,32015.748868687955,32551.748868687955,8767.748868687955,8914.748868687955,0.007210661646083494,237.82277753501072,1.0349837888698303e-05,0.3413594084065892,1.840068048599458e-05,0.5624703877976652,False
1597,584.5577183811447,32006.75586104432,32539.75586104432,8786.75586104432,8945.75586104432,0.00717263301353433,236.56851329927127,0.0006158488890800609,20.311990845170612,0.0010975640908868823,0.5611051729857768,False
1598,584.8355216765013,31990.76283589093,32515.76283589093,8831.762835890931,8987.762835890931,0.007069351048187486,233.16205698864928,0.000534854730933421,17.640633263858177,0.0009573033425624503,0.5587097706164432,False
1599,585.1133353892061,31879.76979325486,32405.76979325486,8828.76979325486,8973.76979325486,0.007107165844242017,234.40926844732212,-3.243449472403563e-05,-1.0697578116709963,-5.816477748398915e-05,0.5576312009955472,False
1600,585.3911594948875,31822.77673316319,32360.77673316319,8839.77673316319,8976.77673316319,0.007280865302116925,240.13824167553818,-0.0006017377313444023,-19.846575202106635,-0.001081100032018498,0.5565976445499785,False
1601,585.6689939691742,31775.783655643012,32362.783655643012,8860.783655643014,9006.783655643014,0.007949600049033324,262.1945192755576,-0.0008520019802109157,-28.100816172555596,-0.0015350000332334636,0.5550501379574444,False
1602,585.9468387876949,31732.79056072144,32396.79056072144,8869.790560721442,9028.790560721442,0.008993722917344182,296.6318861660682,-0.0012775091388281257,-42.13493665834213,-0.0023050010184996147,0.5542336548118706,False
1603,586.2246939260782,31729.797448425594,32442.797448425594,8878.797448425596,9053.797448425596,0.009650995378551444,318.31011349025374,-0.0011743697101255345,-38.73318150585237,-0.0021209481622520687,0.5537003360226227,False
1604,586.5025593599528,31750.804318782608,32541.804318782608,8923.804318782606,9112.804318782606,0.010686897822540632,352.47635350771816,-0.0015848916532735756,-52.273058087298296,-0.0028711954139777076,0.5519971387380744,False
1605,586.7804350649474,31696.811171819623,32547.811171819623,8947.811171819623,9154.811171819623,0.01150621512070603,379.4991601648591,-0.0015736346806484898,-51.901779468534244,-0.0028607088412182413,0.5500855794811865,False
1606,587.0583210166905,31567.818007563805,32365.818007563805,8915.818007563805,9133.818007563805,0.010842023616175119,357.5927282483794,-0.0003508645747464824,-11.572251174782423,-0.0006387964540420435,0.5492588014951467,False
1607,587.3362171908108,31463.82482604232,32191.82482604232,8904.82482604232,9136.82482604232,0.009934080317774893,327.64684981611055,0.0012358377212899879,40.76052571671585,0.0022569566402110687,0.5475682160975912,False
1608,587.6141235629369,31387.831627282358,32086.831627282358,8917.831627282358,9152.831627282358,0.009565521093549235,315.49099190824387,0.0017306837786633025,57.081588830347414,0.0031718609948245442,0.5456367039688124,False
1609,587.8920401086975,31342.838411311113,32039.838411311113,8940.838411311113,9163.838411311113,0.009551993435561205,315.0448213133437,0.0011471832029758162,37.836513355387524,0.0021080699946206187,0.5441864861713335,False
1610,588.1699668037213,31303.845178155796,31994.845178155796,8951.845178155796,9167.845178155796,0.00948232600146058,312.7470428992716,0.0008723820647932728,28.772994199991786,0.0016058606120591872,0.5432489334641701,False
1611,588.447903623637,31278.851927843625,31991.851927843625,8950.851927843625,9171.851927843625,0.00978857687427565,322.8478404086044,0.0008040851649919207,26.520418887903702,0.0014808623996086896,0.5429843888293714,False
1612,588.725850544073,31259.858660401842,31983.858660401842,8967.858660401842,9205.858660401842,0.009943847540377793,327.9689933477635,0.0014317003866665887,47.220488114282375,0.002643550406108505,0.5415824049953161,False
1613,589.003807540658,31215.865375857687,31907.865375857687,8993.865375857687,9214.865375857687,0.00952237194860434,314.06784241063434,0.0010202402787362116,33.64966888633978,0.0018896177247833303,0.5399188763712489,False
1614,589.2817745890209,31171.872074238425,31843.872074238425,9034.872074238425,9236.872074238425,0.009262985291478173,305.51272524093986,0.00033993590915933763,11.211800812214506,0.000632237867227805,0.5376709096053772,False
1615,589.55975166479,31076.878755571324,31765.878755571324,9038.878755571324,9238.878755571324,0.00952348052507505,314.1044055928102,-1.877370263208243e-05,-0.6191961741823206,-3.5003868788608434e-05,0.5363322193172,False
1616,589.8377387435943,31034.88541988367,31728.88541988367,9065.885419883673,9257.885419883673,0.009604670045965897,316.78220664806923,-0.0005030944890637087,-16.5931137285682,-0.0009409061477000313,0.5346914676808971,False
1617,590.1157358010622,30956.892067202763,31587.892067202763,9058.892067202765,9241.892067202765,0.008763292415200592,289.0318038520767,-7.748543197571948e-05,-2.555632417029983,-0.00014517965464982017,0.5337210104447336,False
1618,590.3937428128223,31014.898697555913,31588.898697555913,9104.898697555911,9280.898697555911,0.007964118115378248,262.6733556198565,0.00035079605753049643,11.569991332979555,0.0006592425691049859,0.532119850826307,False
1619,590.6717597545035,30997.905310970433,31543.905310970433,9115.905310970433,9282.905310970433,0.0075831130965444225,250.10700924537988,0.0003010020028639884,9.927678745486077,0.000566451215332745,0.5313820408826799,False
1620,590.9497866017341,30995.911907473666,31539.911907473666,9141.911907473666,9306.911907473666,0.007556058060985972,249.21467730434168,0.00021251309115119608,7.0091284379679735,0.00040084623220764125,0.5301611293208134,False
1621,591.2278233301431,30932.918487092953,31511.918487092953,9150.918487092953,9324.918487092953,0.008053947252264668,265.6361093706867,0.00012641006257731353,4.169269571377015,0.00023900876229392324,0.528893005277604,False
1622,591.5058699153589,30854.925049855658,31431.925049855658,9148.925049855658,9331.925049855658,0.008046484419172703,265.3899694488149,0.0005546878768282037,18.294772103740684,0.0010511881141882819,0.5276770820953667,False
1623,591.7839263330103,30846.931595789145,31420.931595789145,9174.931595789145,9371.931595789145,0.008007086842863144,264.0905545704069,0.0012191882189193839,40.211390132118936,0.0023178503463944593,0.5259995412628329,False
1624,592.0619925587258,30739.9381249208,31326.9381249208,9174.938124920804,9385.938124920804,0.008214960296335738,270.94665800545005,0.0016595824973754565,54.73651912216633,0.0031655107626220127,0.5242700536582013,False
1625,592.3400685681341,30734.944637278026,31305.944637278026,9216.944637278026,9417.944637278026,0.007994377718098303,263.67138092172297,0.0013747765726617091,45.34302107741479,0.0026318662557679234,0.5223580680244628,False
1626,592.618154336864,30739.951132888218,31244.951132888218,9249.951132888218,9423.951132888218,0.007076676998273663,233.40368222126907,0.0010169100676263735,33.53983152400147,0.0019516356669391,0.5210552793499985,False
1627,592.896249840544,30791.957611778806,31256.957611778806,9281.957611778804,9437.957611778804,0.00650940355756767,214.69381176661824,0.0007290381482826548,24.045210531787347,0.001400829439296436,0.5204332003822056,False
1628,593.1743550548026,30758.96407397721,31246.96407397721,9304.964073977213,9466.964073977213,0.006836123236859836,225.46971353796465,0.0006599051070892903,21.765057519063703,0.001271672203329285,0.5189270516109687,False
1629,593.4524699552688,30690.970519510887,31240.970519510887,9323.970519510889,9482.970519510889,0.007713894988222591,254.42047092986735,-0.00037038625411916267,-12.21611719407909,-0.0007155909714771905,0.5175949234722406,False
1630,593.7305945175709,30622.976948407286,31237.976948407286,9337.976948407288,9514.976948407288,0.008635492649557814,284.81669895251486,-0.000480549678010438,-15.849538471975336,-0.0009312348683917091,0.5160348847765679,False
1631,594.0087287173377,30558.983360693877,31217.983360693877,9350.983360693877,9529.983360693877,0.00926594280725816,305.61027032791293,-0.0010310846502561751,-34.0073390533903,-0.0020028949849560966,0.5147971601111061,False
1632,594.2868725301978,30490.98975639814,31172.98975639814,9365.98975639814,9559.98975639814,0.009606934768671891,316.8569019632459,-0.000703186299739986,-23.192562227568146,-0.0013708151974695414,0.5129694367541547,False
1633,594.56502593178,30410.996135547564,31030.996135547564,9355.996135547564,9550.996135547564,0.008765071202019751,289.09047198029276,0.00019356438824043483,6.384160386752967,0.0003781707952026309,0.5118438300787332,False
1634,594.8431888977128,30374.00249816966,30930.00249816966,9378.002498169657,9550.002498169657,0.007877930750796052,259.8307151744415,1.5210346487937176e-05,0.5016691985534862,2.9801765437219482e-05,0.5103840750635849,False
1635,595.1213614036249,30354.008844291933,30897.008844291933,9402.008844291933,9567.008844291933,0.007700380848966143,253.97474621115046,-0.00014486078445268176,-4.777813161313645,-0.00028456086897348177,0.5090678313404411,False
1636,595.3995434251448,30367.015173941923,30957.015173941923,9470.015173941922,9636.015173941922,0.008356973581965268,275.6305546702772,-0.0008101732468396615,-26.721216624083326,-0.0015996896430607883,0.5064565182090605,False
1637,595.6777349379013,30323.02148714716,30919.02148714716,9488.021487147162,9662.021487147162,0.008453267416331824,278.80652773247033,-0.000560927998101075,-18.50058441974022,-0.0011110185037300558,0.5048772781172002,False
1638,595.9559359175231,30231.027783935206,30842.027783935206,9468.027783935204,9645.027783935204,0.008690011640796217,286.6148498797279,-0.0006460523057499074,-21.308163013001035,-0.001280537732170179,0.5045164148775346,False
1639,596.2341463396386,30193.034064333613,30826.034064333613,9463.034064333613,9662.034064333613,0.0090108970069274,297.198323739593,2.7263853634452648e-05,0.899219200109826,5.410968596103457e-05,0.5038627216222595,False
1640,596.5123661798767,30163.040328369967,30824.040328369967,9476.040328369965,9688.040328369965,0.009414449450514261,310.5083315759747,0.00019458818828929983,6.4179274643406075,0.00038704690617278925,0.5027509203301315,False
1641,596.790595413866,30179.046576071847,30865.046576071847,9510.046576071847,9727.046576071847,0.009761421346823462,321.95219403368185,3.693014024486532e-05,1.2180336505681453,7.363871539220819e-05,0.5015044063190292,False
1642,597.068834017235,30100.05280746686,30822.05280746686,9512.052807466858,9736.052807466858,0.010294302666169427,339.5277400353741,-0.00018563452667471475,-6.122616884146453,-0.00037098278661871386,0.5003858221203803,False
1643,597.3470819656123,30063.05902258261,30808.05902258261,9522.059022582607,9757.059022582607,0.010631168145048699,350.6382716030624,-4.31051306381252e-05,-1.4216978132564009,-8.632700077205545e-05,0.49932385293847226,False
1644,597.625339234627,30018.06522144672,30766.06522144672,9549.065221446719,9787.065221446719,0.010689259497714472,352.55424651907356,2.363346263627164e-06,0.07794812740917223,4.751202502760322e-06,0.4974206555612233,False
1645,597.9036057999072,30017.071404086826,30780.071404086826,9582.071404086828,9814.071404086828,0.01090130466230661,359.5479417555657,-0.0005114940445590625,-16.870148724247088,-0.001030895755393089,0.4961646625114153,False
1646,598.1818816370817,30024.07757053058,30714.07757053058,9609.077570530577,9827.077570530577,0.009867803321691137,325.46089517436457,-0.00012511842724333838,-4.1266687231101855,-0.0002528408454788652,0.49485053337158275,False
1647,598.4601667217793,30015.08372080563,30627.08372080563,9621.083720805627,9827.083720805627,0.00876608663712471,289.12396316444773,0.00043457554585125957,14.333214958058079,0.0008798887658923454,0.49389827748344045,False
1648,598.7384610296285,29945.089854939644,30548.089854939644,9625.089854939646,9820.089854939646,0.008658438786529572,285.5735107814663,5.223031084343119e-05,1.7226654370959409,0.00010596646601836239,0.4928947128837954,False
1649,599.0167645362582,29964.095972960313,30571.095972960313,9669.095972960315,9859.095972960315,0.00870982903368667,287.26846915241555,-0.0002586057262684502,-8.529360428529685,-0.0005263225042150697,0.4913446113312625,False
1650,599.2950772172967,30009.102074895323,30618.102074895323,9713.102074895325,9906.102074895325,0.008725265808350466,287.77760642814945,-0.00018041981870552462,-5.950624854269279,-0.00036821478971069366,0.4899852579177508,False
1651,599.5733990483727,30035.108160772383,30591.108160772383,9734.108160772383,9923.108160772383,0.007966009313647313,262.73573131397364,0.00038554822137124717,12.716190743743539,0.0007882160886404358,0.48914025852512694,False
1652,599.8517300051152,30033.1142306192,30519.1142306192,9768.1142306192,9937.1142306192,0.006971556818647788,229.93659773989086,0.0004779956897268253,15.765302570027245,0.000980402137008046,0.4875506403786047,False
1653,600.1300700631524,30039.120284463505,30526.120284463505,9801.120284463506,9960.120284463506,0.00698440125650998,230.36023429894666,4.462886510400894e-06,0.1471953778754198,9.175167669092187e-06,0.4864092593571604,False
1654,600.4084191981132,30002.12632233304,30482.12632233304,9808.126322333039,9968.126322333039,0.006893223231299859,227.35299137590565,0.00013425912722288356,4.428148221725991,0.00027653850429314116,0.48549885509094914,False
1655,600.6867773856261,29990.13234425555,30465.13234425555,9840.13234425555,9982.13234425555,0.006824686819387111,225.09251645094136,-0.0006023028126394088,-19.865212770988336,-0.0012437114088101893,0.48427859419220787,False
1656,600.9651446013198,29971.1383502588,30488.1383502588,9867.138350258798,10016.138350258798,0.007427668090917822,244.98010622225115,-0.0009185710137115987,-30.296402822159706,-0.0019019163285589065,0.4829713063179838,False
1657,601.243520820823,29962.144340370556,30493.144340370556,9886.144340370558,10046.144340370558,0.007629317649992408,251.63093253773587,-0.00065685093974729,-21.6643246604188,-0.0013631165717973945,0.48187437034909764,False
1658,601.5219060197644,29973.15031461861,30467.15031461861,9945.150314618611,10090.150314618611,0.007099443563576541,234.15457139913022,-0.000813159117387015,-26.819696910884346,-0.0016957503261295242,0.4795276196366802,False
1659,601.8003001737725,29949.156273030756,30451.156273030756,9971.156273030758,10118.156273030758,0.007219196088302916,238.10426137837445,-0.0008633361600136448,-28.474641246324012,-0.0018058753501202325,0.4780707372500351,False
1660,602.078703258476,29997.1622156348,30554.1622156348,10023.162215634798,10185.162215634798,0.007990208377193673,263.53386729494395,-0.0010270171948134057,-33.8731858233015,-0.002154933002424499,0.47658892116734786,False
1661,602.3571152495035,29987.16814245856,30589.16814245856,10044.168142458557,10214.168142458557,0.008632211901408388,284.7084929825797,-0.0013431834270872705,-44.30101272917091,-0.0028236346198178596,0.47569307220560764,False
1662,602.6355361224837,29949.17405352986,30535.17405352986,10037.17405352986,10213.17405352986,0.008415550061588836,277.56253009306886,-0.0008662720858663275,-28.571474252113603,-0.0018229380914013783,0.4752065305741586,False
1663,602.9139658530453,29898.179948876546,30507.179948876546,10043.179948876546,10220.179948876546,0.008757312318912885,288.83456770664736,-0.0011700139800793017,-38.58952037340276,-0.0024665183506424196,0.47435851420872843,False
1664,603.1924044168169,29878.18582852647,30500.18582852647,10057.185828526472,10234.185828526472,0.008948261333803656,295.1324675829455,-0.0013714376128314155,-45.232895163886525,-0.0028959953737650347,0.473563468110252,False
1665,603.470851789427,29870.1916925075,30497.1916925075,10085.191692507498,10270.191692507498,0.009021839850677466,297.55924172777594,-0.001127447500705394,-37.185588411058006,-0.0023880650877921698,0.4721175760530671,False
1666,603.7493079465045,29868.197540847497,30492.197540847497,10121.197540847497,10317.197540847497,0.008979709661595411,296.1696995363168,-0.0006498650100025018,-21.433914013363676,-0.0013818034926087635,0.47030204618718613,False
1667,604.0277728636778,29846.203373574357,30456.203373574357,10120.203373574357,10325.203373574357,0.008786669884447951,289.8028419261161,-7.729534180087733e-05,-2.5493628435037294,-0.00016454972616849586,0.4697385015501535,False
1668,604.3062465165756,29796.209190715974,30420.209190715974,10133.209190715974,10361.209190715974,0.009001181570003989,296.8778882085004,0.0006622521879276616,21.8424691785587,0.0014148182210982133,0.46808288022584754,False
1669,604.5847288808268,29768.214992300254,30399.214992300254,10151.214992300254,10396.214992300254,0.009109575251084226,300.4529396485784,0.0012476510376238405,41.15015372040159,0.002673857221403227,0.46661094228848893,False
1670,604.8632199320598,29709.220778355117,30367.220778355117,10161.220778355117,10411.220778355117,0.009513785754037685,313.78465166607805,0.0010419827679779316,34.36678188314772,0.0022387799348920255,0.46542438215491044,False
1671,605.1417196459032,29643.226548908493,30323.226548908493,10157.226548908493,10422.226548908493,0.009849937478268104,324.87164210517096,0.0013354325995385448,44.04537414476522,0.002875097040705505,0.46448261767569765,False
1672,605.4202279979858,29609.232303988323,30310.232303988323,10171.232303988321,10447.232303988321,0.010162117578175322,335.1679979869391,0.0014655607646397607,48.337274552644544,0.003163166395954482,0.463320793529589,False
1673,605.6987449639362,29613.238043622554,30312.238043622554,10191.238043622556,10468.238043622556,0.010132105135249477,334.17812453460306,0.0015145388134880904,49.952673553051454,0.003274666603236304,0.462501682458695,False
1674,605.977270519383,29595.243767839158,30256.243767839158,10227.243767839158,10478.243767839158,0.00959308904312766,316.40024083178025,0.0009368011511479302,30.897671073639515,0.0020321290408746888,0.4609949133666744,False
1675,606.2558046399548,29602.2494766661,30187.2494766661,10243.2494766661,10476.2494766661,0.008498829534028668,280.3092621433862,0.0012692522481029707,41.86260704665847,0.0027577312337797037,0.46025233806535715,False
1676,606.5343473012804,29524.255170131368,30035.255170131368,10254.25517013137,10464.25517013137,0.007452375768256312,245.7950173551664,0.0013518252214648006,44.586037272357885,0.002947728768633359,0.4585989171899084,False
1677,606.8128984789884,29481.26084826296,29985.26084826296,10287.26084826296,10480.26084826296,0.007361777813979781,242.806906390795,0.000710562198801409,23.435834882381698,0.0015552115656506447,0.45689102016427924,False
1678,607.0914581487074,29450.266511088877,29965.266511088877,10311.266511088877,10498.266511088877,0.007528915362806121,248.31945406578728,0.00027666626182361147,9.125034853473949,0.0006072051167173754,0.45563888413737824,False
1679,607.370026286066,29427.27215863714,29945.27215863714,10319.272158637143,10499.272158637143,0.007578258686224724,249.9469005893105,-6.813179187865979e-05,-2.2471297057491597,-0.00014969578500756097,0.45513500513871197,False
1680,607.648602866693,29379.27779093578,29927.27779093578,10332.27779093578,10500.27779093578,0.00802609921886624,264.7176226940445,-0.0010213844715053462,-33.68740676890127,-0.0022479841131335374,0.4543557338942247,False
1681,607.9271878662169,29375.283408012827,29883.283408012827,10355.283408012829,10502.283408012829,0.007446248309890315,245.59292089864735,-0.001324503960175429,-43.68492464712085,-0.0029207399684836183,0.4534823279263307,False
1682,608.2057812602663,29430.28900989634,29889.28900989634,10415.289009896338,10543.289009896338,0.006721057443749894,221.67460181870393,-0.0014162715186883312,-46.71161161765687,-0.0031345137047902724,0.4518313371940075,False
1683,608.48438302447,29465.29459661437,29948.29459661437,10433.29459661437,10582.29459661437,0.0070613089953993026,232.89681318370555,-0.0009029318483686124,-29.78059027641109,-0.002000554530320932,0.4513407831096524,False
1684,608.7629931344566,29520.300168194997,29957.300168194997,10443.300168194997,10605.300168194997,0.006381901848960344,210.48853741458646,0.0003033023150515171,10.003547876571048,0.0006723148597719468,0.4511313570466061,False
1685,609.0416115658547,29508.305724666297,29932.305724666297,10443.305724666297,10616.305724666297,0.006195898026327036,204.3537403734842,0.0009395266392950765,30.987563401571094,0.002084887929925707,0.45063651902313795,False
1686,609.3202382942931,29527.311266056367,29922.311266056367,10486.311266056366,10646.311266056366,0.0057712341138644796,190.3474319183391,0.0008051806017533971,26.55654869485008,0.0017924825691446964,0.44919856717914874,False
1687,609.5988732954002,29545.316792393303,29933.316792393303,10515.316792393305,10676.316792393305,0.005666191003208932,186.88288933359743,0.0009328997776458809,30.768995575051605,0.002081437105647077,0.44819983996387014,False
1688,609.8775165448047,29588.322303705227,29990.322303705227,10574.322303705227,10731.322303705227,0.005860792316570949,193.3012496904245,0.0005399028155245733,17.80712970449366,0.0012089239132981487,0.44659784589058815,False
1689,610.1561680181354,29539.32780002026,29979.32780002026,10595.327800020257,10756.327800020257,0.006421282581467321,211.7873967489805,0.00012834880353322468,4.233213323238687,0.00028828043777409445,0.44522203630689233,False
1690,610.4348276910209,29514.333281366533,29972.333281366533,10624.333281366533,10795.333281366533,0.006687576043352447,220.57031485738082,0.00024679279510875403,8.139745128697342,0.0005563309354809715,0.4436078948142463,False
1691,610.7134955390896,29554.338747772195,29966.338747772195,10682.338747772195,10851.338747772195,0.006012437756780425,198.3028350596015,0.0008045375992040329,26.535341119213115,0.0018220650051814105,0.44155263226952246,False
1692,610.9921715379706,29581.344199265404,29918.344199265404,10705.344199265402,10859.344199265402,0.004919649477280037,162.26038061581986,0.001283313992931555,42.32639294818375,0.0029114904651243844,0.44077561245824975,False
1693,611.2708556632922,29581.34963587432,29906.34963587432,10723.349635874321,10861.349635874321,0.004745421748296644,156.51398389604682,0.0008079060387733194,26.646439336498275,0.0018349675134826885,0.4402835651514881,False
1694,611.549547890683,29634.35505762713,29975.35505762713,10773.355057627128,10898.355057627128,0.0049688560309848195,163.8833161866982,4.1123520735444896e-05,1.3563401534218826,9.358507016956722e-05,0.4394239450900982,False
1695,611.828248195772,29613.36046455201,30016.36046455201,10774.36046455201,10943.36046455201,0.005870339095319091,193.61612252038577,0.0008888645256557798,29.316620404538895,0.0020263557732253397,0.4386517596764259,False
1696,612.1069565541875,29633.365856677166,30096.365856677166,10781.365856677166,10997.365856677166,0.006733074698298397,222.07095613337663,0.0018818148475921361,62.06620915350635,0.004294750378939265,0.4381662917640662,False
1697,612.3856729415583,29715.3712340308,30198.3712340308,10836.371234030801,11065.371234030801,0.007002359406498916,230.95253183270748,0.002079754579520211,68.59467757182958,0.004758538673243355,0.43705740823635647,False
1698,612.6643973335129,29784.376596641137,30265.376596641137,10895.376596641137,11118.376596641137,0.006957567765882888,229.47520937542095,0.001841566264023672,60.73872626692531,0.004225467134083405,0.43582548522724396,False
1699,612.9431297056801,29857.381944536402,30343.381944536402,10935.381944536402,11141.381944536402,0.0070122599797678205,231.27907354962176,0.0010928464018136637,36.044371439843616,0.002508419285413353,0.4356713441682767,False
1700,613.2218700336886,29927.387277744834,30429.387277744834,10991.387277744834,11186.387277744834,0.00722440385137992,238.27602435110938,0.0004129365177751188,13.619514327961099,0.0009496945421938082,0.43480982508463134,False
1701,613.5006182931669,30012.392596294685,30497.392596294685,11049.392596294683,11241.392596294683,0.0069620916304673885,229.62441593835302,0.0005196190429455246,17.138128249369544,0.0011981004427371032,0.4337024045817363,False
1702,613.7793744597436,30089.39790021421,30566.39790021421,11079.39790021421,11282.39790021421,0.006830764834323944,225.29298215923902,0.001054487542577305,34.779215633840664,0.0024332263745249663,0.43337009396964565,False
1703,614.0581385090476,30139.403189531684,30630.403189531684,11132.403189531682,11328.403189531682,0.007018065175789826,231.4705411166568,0.0005617053583621681,18.526223395123168,0.0012994471659007463,0.43226486855493435,False
1704,614.3369104167073,30195.408464275384,30749.408464275384,11211.408464275382,11412.408464275382,0.007895856693209245,260.42195043465557,-0.00017872496186384108,-5.894724913126993,-0.00041528201793239244,0.4303700958536022,False
1705,614.6156901583514,30292.4137244736,30936.4137244736,11300.4137244736,11508.4137244736,0.009136087436188827,301.32736724060436,-0.0012149650867889113,-40.072102357645235,-0.0028330967338393363,0.4288470182740366,False
1706,614.8944777096086,30448.418970154635,31100.418970154635,11380.418970154635,11595.418970154635,0.00920149280153372,303.4845736684588,-0.001073298354019557,-35.399635734583285,-0.0025080395987028647,0.42794314514597664,False
1707,615.1732730461076,30547.4242013468,31197.4242013468,11431.424201346797,11655.424201346797,0.009144142361641032,301.59303561306524,-0.0007163989921297118,-23.628344594994417,-0.0016768365437979413,0.4272324543375635,False
1708,615.4520761434768,30609.42941807841,31231.42941807841,11490.429418078409,11690.429418078409,0.008736627616196129,288.1523427328466,-0.0012424228222567817,-40.97771618815091,-0.002915526070073297,0.42614018616048494,False
1709,615.7308869773451,30774.434620377804,31360.434620377804,11583.434620377802,11758.434620377802,0.008191989952101084,270.18904777008584,-0.00167983297067894,-55.40442229718897,-0.003950757332896202,0.4251926476707939,False
1710,616.0097055233412,30938.439808273317,31502.439808273317,11676.439808273315,11846.439808273315,0.007845781512854304,258.77036573104556,-0.0015683742787553061,-51.72828035699749,-0.003699238910933288,0.42397215116868947,False
1711,616.2885317570934,31011.444981793302,31534.444981793302,11729.4449817933,11892.4449817933,0.0072631889394108124,239.5552380786675,-0.001269500521399086,-41.87079562182231,-0.0030020399437703286,0.4228792904749602,False
1712,616.5673656542307,31220.450140966117,31670.450140966117,11834.450140966117,11993.450140966117,0.006215075672523472,204.98625945548793,-0.0004190259378653669,-13.820356202191476,-0.0009941289493640413,0.4215005891674555,False
1713,616.8462071903814,31435.45528582014,31844.45528582014,11925.455285820139,12074.455285820139,0.005614069773334765,185.16382161615044,-0.00022149057888541743,-7.305224853669017,-0.0005260365017217485,0.4210555316227405,False
1714,617.1250563411744,31553.460416383747,31928.460416383747,11989.460416383745,12115.460416383745,0.00513098289880772,169.23060106999824,-0.00059069807558152,-19.482464150246983,-0.0014046090158955366,0.42054270540539607,False
1715,617.4039130822383,31627.465532685324,32011.465532685324,12042.465532685326,12162.465532685326,0.005241166132282887,172.86467570960997,-0.0009349555782729967,-30.836800200923165,-0.002227057950763218,0.4198164569326026,False
1716,617.6827773892018,31748.470634753285,32162.470634753285,12085.470634753283,12232.470634753283,0.005626593095292752,185.5768670977161,-0.00037597868195922684,-12.400567219245772,-0.0008959398603114513,0.4196472314877554,False
1717,617.9616492376933,31920.475722616025,32355.475722616025,12182.475722616027,12341.475722616027,0.005878434460021024,193.88312466430386,-0.000246895810835924,-8.143142803913236,-0.0005900144201664864,0.41845724849615806,False
1718,618.2405286033418,32032.480796301978,32494.480796301978,12253.480796301978,12425.480796301978,0.00621902765329301,205.1166040881316,-0.00016529965416241504,-5.4519300458141515,-0.00039600912582196554,0.41741374979507184,False
1719,618.5194154617757,32140.485855839564,32624.485855839564,12333.485855839564,12501.485855839564,0.006491238609307914,214.0946935912062,-0.0006154448490914627,-20.298664757074988,-0.0014784598033374917,0.41627431987136243,False
1720,618.7983097886237,32322.49090125723,32887.49090125723,12466.49090125723,12653.49090125723,0.007525919067509676,248.22062994884888,-0.001059786328677927,-34.95398073722035,-0.0025580754388813414,0.4142904906437695,False
1721,619.0772115595145,32437.495932583424,33053.49593258342,12519.495932583422,12735.495932583422,0.008170079060251825,269.4663805013075,-0.0007410609851164927,-24.441748961964123,-0.001790733345505586,0.41383100782504584,False
1722,619.3561207500766,32566.500949846602,33195.5009498466,12588.500949846602,12811.500949846602,0.008308127856983616,274.0195199891314,-0.0006821317405717687,-22.498138610578593,-0.0016510984134073623,0.41313814793393044,False
1723,619.6350373359388,32613.505953075237,33231.50595307524,12638.505953075237,12857.505953075237,0.008152534671589853,268.8877296858154,-0.0006915379398803696,-22.808374835132895,-0.0016782965725018017,0.4120475196165767,False
1724,619.9139612927296,32735.51094229781,33306.510942297806,12715.510942297808,12931.510942297808,0.0075100162455536915,247.69612145381072,-0.00019456055242537355,-6.417015975459151,-0.0004736338832651693,0.41078258819681324,False
1725,620.1928925960779,32833.515917542805,33363.515917542805,12772.515917542802,12985.515917542802,0.006954420387175813,229.3714022100303,0.00022833595370503473,7.530999703852785,0.0005570164484301879,0.4099267702929469,False
1726,620.471831221612,32969.52087883872,33470.52087883872,12831.520878838719,13054.520878838719,0.006549835123426836,216.02732979376614,0.0009329670951983386,30.77121584942978,0.0022790424642553106,0.4093680174156784,False
1727,620.7507771449608,33078.52582621406,33677.52582621406,12882.525826214065,13131.525826214065,0.007794031260830575,257.0635336428828,0.0005201391066039654,17.155281041972444,0.0012708480310358729,0.40928505525558245,False
1728,621.0297303417528,33088.53075969736,33784.53075969736,12903.53075969736,13187.53075969736,0.009040407822133658,298.17165245534085,0.0004145163709394651,13.671621206092993,0.0010140783923569163,0.40876166385524504,False
1729,621.3086907876168,33128.53567931713,33845.53567931713,12931.535679317129,13241.535679317129,0.009299152170223703,306.7055849229228,0.0009891004921241207,32.62261326961186,0.002423923786407518,0.4080575873179826,False
1730,621.5876584581814,33230.54058510191,33878.54058510191,13001.54058510191,13277.54058510191,0.008387287269554294,276.630363804806,0.0007355343233020947,24.259468038560783,0.0018064337023501753,0.4071748231585596,False
1731,621.8666333290751,33329.545477080246,33941.545477080246,13060.545477080248,13326.545477080248,0.007902222252062503,260.63189994571974,0.0008540476801959795,28.1682876580212,0.002101283019890642,0.40644105154403576,False
1732,622.1456153759267,33390.5503552807,34030.5503552807,13113.5503552807,13394.5503552807,0.008245395417601798,271.95047227789485,0.0009624555860164967,31.743808259933303,0.002373959579333522,0.40542206126639346,False
1733,622.4246045743648,33407.55521973183,34121.55521973183,13169.555219731832,13453.555219731832,0.009184122639473689,302.91166921251414,8.183536301040704e-05,2.699102285889751,0.00020244618794824316,0.4042326696283797,False
1734,622.7036009000179,33446.56007046222,34215.56007046222,13217.560070462216,13512.560070462216,0.00987219545403533,325.6057569311168,-0.0002858506601974408,-9.427955616985116,-0.0007087035009210871,0.4033430903416262,False
1735,622.982604328515,33464.56490750044,34284.56490750044,13247.564907500437,13571.564907500437,0.010513459510558591,346.7559934199645,-1.9587467522699104e-05,-0.646035850767646,-4.866948282926444e-05,0.40245892053986176,False
1736,623.2616148354844,33442.56973087509,34287.56973087509,13268.56973087509,13612.56973087509,0.010837062554542056,357.42910200781967,0.00027894375514996017,9.200151370553101,0.0006950378601890742,0.4013360582603053,False
1737,623.540632396555,33439.574540614776,34297.574540614776,13293.574540614776,13617.574540614776,0.011002665473366084,362.89103435962085,-0.0005446793707137697,-17.9646705347115,-0.0013586709419491831,0.4008913077454642,False
1738,623.8196569873552,33499.57933674811,34309.57933674811,13331.579336748107,13622.579336748107,0.01037603976829981,342.22360147090114,-0.0009982954128105702,-32.92588108111056,-0.002491646627207521,0.40065689970226487,False
1739,624.0986885835138,33569.584119303705,34366.584119303705,13397.584119303707,13669.584119303707,0.010190406430922073,336.1010238122689,-0.0014615970761455276,-48.206543774631484,-0.0036571902908195575,0.39965026698624184,False
1740,624.3777271606593,33541.5888883102,34330.5888883102,13429.588888310203,13693.588888310203,0.010097621553809756,333.04078353597174,-0.0016430543875141073,-54.19138731768555,-0.0041247284237070385,0.3983424406975712,False
1741,624.6567726944206,33600.59364379624,34320.59364379624,13487.593643796237,13743.593643796237,0.009207840815471595,303.6939445113351,-0.0010420078933150601,-34.3676105695784,-0.0026251448723601865,0.3969334813808668,False
1742,624.9358251604261,33588.59838579046,34248.59838579046,13502.59838579046,13742.59838579046,0.00845092121079942,278.729144942406,-0.0007994167905865874,-26.366446087328313,-0.0020178414210989272,0.39617423957489223,False
1743,625.2148845343046,33614.60311432153,34251.60311432153,13533.603114321528,13739.603114321528,0.008152915120969077,268.90027770602757,-0.0015921635961925152,-52.51290205002229,-0.0040215226910066066,0.3959106334904178,False
1744,625.4939507916847,33643.607829418106,34307.607829418106,13566.60782941811,13764.60782941811,0.008487875080299344,279.9479612336837,-0.002195303768481696,-72.40573270234785,-0.005550298678331519,0.3955289428030616,False
1745,625.773023908195,33678.61253110888,34381.61253110888,13582.61253110888,13808.61253110888,0.008972050239469091,295.91707569487164,-0.0018053185573204686,-59.54320070900201,-0.004567263881218953,0.39527353887830297,False
1746,626.0521038594642,33647.61721942253,34363.61721942253,13586.617219422527,13834.617219422527,0.009144557962423777,301.60674300045196,-0.0012887505594697465,-42.50570234000196,-0.0032668995836067295,0.3944873500050887,False
1747,626.3311906211209,33617.62189438775,34341.62189438775,13602.621894387747,13857.621894387747,0.009253814011156793,305.210237138372,-0.0011877329390605484,-39.17392888496249,-0.003018087833404013,0.3935382283824852,False
1748,626.6102841687938,33611.62655603324,34308.62655603324,13629.62655603324,13887.62655603324,0.008913803070992168,293.9959616458918,-0.0007697300155272528,-25.38731384576721,-0.0019616431514127967,0.3923904380737572,False
1749,626.8893844781114,33616.631204387726,34315.631204387726,13664.631204387722,13920.631204387722,0.0089378020557277,294.7874986071253,-0.0008767890674535195,-28.91834641102406,-0.002240166094129728,0.39139466923953214,False
1750,627.1684915247026,33623.63583947992,34281.63583947992,13696.635839479915,13923.635839479915,0.00841686386258176,277.6058620113589,-0.001278116765585667,-42.15497746600653,-0.003271603516020849,0.39066982271134165,False
1751,627.4476052841959,33621.64046133855,34208.64046133855,13713.640461338551,13908.640461338551,0.0075169149145404264,247.92365405764758,-0.001384993289361299,-45.679989869190536,-0.003549820912397043,0.3901586371651836,False
1752,627.7267257322198,33596.645069992366,34169.645069992366,13741.645069992368,13924.645069992368,0.007344556371103381,242.23890700612682,-0.0015991493143989195,-52.74330572009694,-0.004110323950825263,0.3890567589150352,False
1753,628.0058528444033,33566.64966547012,34133.64966547012,13742.649665470119,13946.649665470119,0.007274730876428942,239.93591542209504,-0.0008753145324342038,-28.869713146688866,-0.0022543664457400636,0.3882751777503748,False
1754,628.2849865963747,33571.65424780056,34148.65424780056,13761.654247800556,13965.654247800556,0.007400851703063659,244.09564538412585,-0.001010208127394355,-33.31878744800912,-0.0026049235763813162,0.38780720346418246,False
1755,628.5641269637629,33536.65881701245,34140.65881701245,13770.658817012452,13986.658817012452,0.0077521048716308084,255.68071319991853,-0.0009928421133017949,-32.74601980075053,-0.00256507589919633,0.38706149537831014,False
1756,628.8432739221963,33525.66337313458,34112.66337313458,13778.66337313458,14023.66337313458,0.007538248611466989,248.6272842246408,0.00011613969841941206,3.830531373661813,0.000300792599558595,0.38611222014718416,False
1757,629.1224274473037,33617.66791619572,34205.66791619572,13827.667916195725,14104.667916195725,0.007530492282725376,248.3714641993305,0.0010834321664403238,35.73387016898283,0.0028120868242777885,0.3852769256932795,False
1758,629.4015875147138,33575.67244622468,34202.67244622468,13791.67244622468,14101.67244622468,0.008035321857710736,265.0218047086579,0.0016183667440925684,53.37713694546164,0.0041970244080406565,0.385598601950492,False
1759,629.6807541000552,33501.67696325025,34163.67696325025,13800.67696325025,14111.67696325025,0.008498060047375357,280.28388285613784,0.0011801758954001033,38.92468170051632,0.0030687710245031917,0.3845760683924484,False
1760,629.9599271789564,33388.68146730124,34083.68146730124,13799.681467301243,14084.681467301243,0.008947228981429647,295.09841843169806,-6.926121920375339e-05,-2.284380592930063,-0.00018047828358707218,0.38376483767000225,False
1761,630.2391067270462,33339.68595840648,34061.68595840648,13825.68595840648,14112.68595840648,0.009304635828627837,306.88644750346464,-0.0003816462343495704,-12.587495009988686,-0.000997857570878482,0.38246563987441734,False
1762,630.5182927199531,33287.69043659479,33954.69043659479,13820.690436594792,14106.690436594792,0.008616111354242666,284.1774630945159,0.0002792852295457407,9.211413913887839,0.0007318521418022538,0.38161428189302676,False
1763,630.797485133306,33271.69490189501,33928.69490189501,13847.694901895013,14150.694901895013,0.008492229495903305,280.09157901306435,0.0009080514831447083,29.949446592540937,0.0023880794581277905,0.3802434127784859,False
1764,631.0766839427333,33277.69935433599,33965.69935433599,13862.69935433599,14193.69935433599,0.00888726733671277,293.1207573525818,0.0013605299593554502,44.87313782491162,0.003583876604117927,0.3796252242033616,False
1765,631.3558891238638,33178.70379394658,33872.70379394658,13835.703793946577,14181.703793946577,0.008990449113167513,296.52390922295035,0.0017367054208600706,57.280195247185134,0.004582459447527716,0.3789898068376887,False
1766,631.6351006523261,33119.70822075564,33806.70822075564,13835.708220755641,14186.708220755641,0.008916383247026677,294.08106127490976,0.0019638587425245286,64.7721892605067,0.005193975762809628,0.3781031780291172,False
1767,631.9143185037487,33064.71263479205,33786.71263479205,13825.71263479205,14180.71263479205,0.009381185424701313,309.4112140853587,0.0016293450222766657,53.739223635760254,0.004312004468785789,0.37786255419523496,False
1768,632.1935426537605,33048.71703608469,33785.71703608469,13838.717036084683,14196.717036084683,0.009578535743929051,315.920242433909,0.001513561189046225,49.92042944404153,0.0040115377335447865,0.37730199479110216,False
1769,632.4727730779899,32927.721424662435,33690.721424662435,13816.721424662435,14174.721424662435,0.009948631819347402,328.12678892449435,0.0011608993019155914,38.288899128969604,0.003082773728100779,0.37657622787345896,False
1770,632.7520097520658,32830.725800554195,33618.725800554195,13810.725800554197,14159.725800554197,0.01030076507365304,339.7408838178383,0.0005375755320055787,17.73037100220455,0.0014305013516070742,0.3757951933436819,False
1771,633.0312526516166,32708.73016378888,33530.73016378888,13789.73016378888,14137.73016378888,0.01077932667605114,355.524851377284,4.459365327175169e-05,1.4707924185129286,0.0001188892641864316,0.3750856191844528,False
1772,633.3105017522711,32594.734514395397,33462.73451439539,13755.734514395395,14124.734514395395,0.011413979797218476,376.4570453222407,8.252851160206291e-05,2.7219637834058403,0.00022029785711276634,0.3746223984367588,False
1773,633.5897570296578,32612.73885240267,33457.73885240267,13756.738852402668,14130.738852402668,0.011109314192792409,366.40853329653146,0.0005400631205293698,17.812416900504843,0.0014416994129108267,0.37460174825137027,False
1774,633.8690184594055,32621.743177839628,33471.74317783963,13779.743177839628,14151.743177839628,0.011171166291220669,368.4485455126874,0.00039764880408823394,13.115293396564425,0.0010630410432903533,0.3740672164993937,False
1775,634.1482860171428,32593.747490735215,33402.747490735215,13785.747490735215,14135.747490735215,0.010647893821926817,351.18991958303207,0.00024056547620156764,7.934355061628025,0.0006439399784232395,0.3735836945403198,False
1776,634.4275596784984,32549.75179111838,33301.751791118375,13779.751791118379,14091.751791118379,0.00991939835426197,327.16260779870737,-0.00019580821896942983,-6.458166640614252,-0.0005243867744123304,0.3734041904257942,False
1777,634.7068394191008,32491.756079018072,33194.75607901807,13775.756079018072,14052.756079018072,0.009296297467328594,306.61143082100057,-0.0006502337413782002,-21.44607554918889,-0.0017433341225304045,0.37298285679993615,False
1778,634.9861252145787,32432.760354463262,33071.760354463266,13777.760354463262,14031.760354463262,0.008473399218280431,279.470516876768,-0.0005398668744823493,-17.805944293374864,-0.001450961648242301,0.3720752200007117,False
1779,635.2654170405609,32417.764617482924,32959.76461748292,13785.764617482922,14014.764617482922,0.007201036956864829,237.5053350539677,-4.608785573991404e-05,-1.5200743566511221,-0.00012410050426335084,0.37137524954864043,False
1780,635.5447148726759,32403.768868106035,32839.76886810603,13779.768868106034,13993.768868106034,0.0058045660749503425,191.44679005705225,0.0008881973267206873,29.29461478124105,0.002394647053017209,0.370909493990597,False
1781,635.8240186865522,32373.773106361587,32756.773106361587,13789.773106361587,14009.773106361587,0.0051077939179216825,168.46577973830824,0.0017661874026329233,58.2525729756928,0.004776666865978112,0.3697531044529444,False
1782,636.1033284578186,32334.777332278576,32702.777332278576,13805.777332278574,14005.777332278574,0.004914762733656737,162.09920553943476,0.0013315902482595229,43.91864532315449,0.003609201075906501,0.3689432149260555,False
1783,636.3826441621039,32289.78154588601,32662.78154588601,13807.781545886008,14013.781545886008,0.004988059432903794,164.51668474656847,0.0014433763545219514,47.60558607644782,0.003919880154175678,0.36821951124816543,False
1784,636.6619657750366,32207.7857472129,32599.7857472129,13792.785747212898,13991.785747212898,0.005253877262444467,173.2839155004935,0.0009672789471381459,31.90289284818718,0.0026297242401679475,0.3678252389978238,False
1785,636.9412932722452,32155.78993628827,32567.78993628827,13794.789936288269,13983.789936288269,0.005529105271790392,182.36151376411917,0.0003806945854424211,12.556107628712823,0.001036316062094892,0.36735374406226484,False
1786,637.2206266293585,32050.79411314115,32502.79411314115,13745.794113141152,13958.794113141152,0.006081902473038601,200.59392741312692,0.0005961644654970547,19.662757179737298,0.001622786404905542,0.36737087745799535,False
1787,637.4999658220052,32018.798277800583,32446.798277800583,13737.79827780058,13942.79827780058,0.005766820734256843,190.20186938217782,0.0006659883536971074,21.965695778867143,0.0018139165670511652,0.3671548988495025,False
1788,637.7793108258138,31962.802430295607,32356.802430295607,13740.802430295606,13930.802430295606,0.005320746809353593,175.4894137139721,0.0006432909658862819,21.21708822010143,0.001756132830840936,0.3663111096090822,False
1789,638.0586616164131,31928.80657065528,32276.80657065528,13756.80657065528,13920.80657065528,0.00470787372973735,155.27557131991966,0.0004388943999376928,14.475659843842209,0.001200984197322166,0.365445607790923,False
1790,638.3380181694317,31858.810698908666,32229.810698908666,13751.810698908666,13926.810698908666,0.005028195305268518,165.8404501807369,0.00046359173010749634,15.290229705384945,0.0012713756796550915,0.36463787810795867,False
1791,638.6173804604981,31761.814815084836,32202.814815084836,13742.814815084834,13945.814815084834,0.005988525292694726,197.51415173126142,0.0003796742649547699,12.522455314367932,0.0010440944257776859,0.36363977776432665,False
1792,638.8967484652411,31642.818919212863,32141.818919212863,13701.818919212863,13935.818919212863,0.006795284102831003,224.12275305589336,0.0005589867505597914,18.436557995424266,0.0015389865004183476,0.3632174488910983,False
1793,639.1761221592893,31538.823011321838,32060.823011321838,13648.82301132184,13911.82301132184,0.007129184657221182,235.1354951818096,0.001159657035210716,38.24792656186085,0.003193148096369429,0.36317045129514414,False
1794,639.4555015182714,31489.827091440857,32043.827091440857,13661.827091440857,13932.827091440857,0.007574103656042555,249.8098589602386,0.0009563593656993193,31.542742099925135,0.0026405395679327272,0.3621833118176112,False
1795,639.734886517816,31356.831159599016,31963.831159599016,13624.831159599016,13923.831159599016,0.008326660405150815,274.63076238216746,0.0011009588261738992,36.31193624715115,0.0030459458391190225,0.36145055898050016,False
1796,640.0142771335516,31276.835215825427,31884.835215825427,13617.83521582543,13948.83521582543,0.008361374847950798,275.7757176737191,0.0020684942854247053,68.22328940398938,0.005744533233764695,0.36008048021494554,False
1797,640.293673341107,31128.839260149212,31735.839260149212,13560.839260149212,13890.839260149212,0.008387060895409292,276.62289750967676,0.002054856744327571,67.77349463318217,0.005710331672902622,0.359848930330708,False
1798,640.5730751161109,31015.843292599493,31666.843292599493,13538.843292599493,13859.843292599493,0.009021179175944347,297.5374512863727,0.0011555792817524238,38.113433681574236,0.0032150844174880116,0.3594242426316424,False
1799,640.8524824341919,30902.847313205402,31573.847313205402,13492.847313205402,13807.847313205402,0.009329008342326781,307.69030423505063,0.0006933617824016972,22.868528995111262,0.0019284250744553075,0.35954820935811593,False
1800,641.1318952709786,30797.85132199608,31490.85132199608,13471.85132199608,13783.85132199608,0.009663983415677264,318.7384862548624,0.0002793153570512987,9.212407582347623,0.0007781380408830496,0.3589534791723137,False
1801,641.4113136020995,30733.85531900068,31455.85531900068,13473.855319000679,13801.855319000679,0.010084456141535698,332.6065605661406,0.00036113473626322133,11.910982688966214,0.001008912387054427,0.35794459548422564,False
1802,641.6907374031836,30626.859304248355,31350.859304248355,13426.859304248354,13758.859304248354,0.010146985577554595,334.6689127997653,0.0004610059691502414,15.204945873875431,0.0012880948884928642,0.3578975223553923,False
1803,641.9701666498593,30564.86327776827,31219.86327776827,13411.863277768267,13715.863277768267,0.009208539358271999,303.7169839211941,0.0005254904530150144,17.331779694869226,0.001470024278383834,0.3574705946984401,False
1804,642.2496013177553,30539.867239589592,31216.867239589592,13424.867239589592,13703.867239589592,0.00952217261082533,314.06126783168463,-0.0005890295870666432,-19.4274338919476,-0.0016487805461123154,0.35725165999533715,False
1805,642.5290413825002,30452.87118974151,31177.87118974151,13405.871189741507,13679.871189741507,0.01021821293388166,337.0181407277431,-0.0014312470271495535,-47.20553536447164,-0.004008547065470239,0.3570488268625718,False
1806,642.8084868197227,30370.8751282532,31110.8751282532,13371.875128253201,13670.875128253201,0.010454921523522408,344.82528756361427,-0.0008509174412422663,-28.065045797723315,-0.0023855907415711777,0.356690452563478,False
1807,643.0879376050514,30245.879055153866,30959.879055153866,13338.879055153866,13651.879055153866,0.010133044239077911,334.20909815281374,-5.9946902644106986e-05,-1.9771748545691707,-0.00016859056675274961,0.35557684987217286,False
1808,643.367393714115,30188.882970472703,30864.882970472703,13351.882970472705,13667.882970472705,0.009617590767030133,317.20835918747184,0.0005411436959296707,17.848056548521868,0.001528507897162147,0.35403395490096384,False
1809,643.6468551225421,30104.886874238928,30765.886874238928,13319.886874238928,13646.886874238928,0.009432439225348692,311.1016721636138,0.001100615870354765,36.300624843360254,0.003112723317824546,0.35358615526547194,False
1810,643.9263218059615,30013.89076648175,30601.89076648175,13284.890766481749,13583.890766481749,0.008425962981550007,277.90597008082096,0.0012402297726058116,40.905384800982176,0.003509976364320545,0.35334419491052416,False
1811,644.2057937400016,29944.894647230398,30531.894647230398,13254.894647230398,13523.894647230398,0.008430965665173085,278.0709691020988,0.0002945330190148483,9.71431806066363,0.0008324862900301588,0.35379924275290847,False
1812,644.4852709002911,29900.898516514102,30498.898516514102,13252.898516514102,13482.898516514102,0.00859991587028348,283.6433019914513,-0.0011275225891018799,-37.188064984206164,-0.00318565784779717,0.35393712789386444,False
1813,644.7647532624587,29821.902374362104,30401.902374362104,13225.902374362102,13439.902374362102,0.008365415925288647,275.9090008984622,-0.001394614532307506,-45.997318684923954,-0.003941734327092009,0.3538073387448145,False
1814,645.0442408021332,29684.906220803645,30222.906220803645,13184.906220803645,13394.906220803645,0.007800542308252559,257.27828167275317,-0.0009379100661702881,-30.934245421960355,-0.0026575141466911377,0.352927591124238,False
1815,645.323733494943,29501.910055867986,29988.910055867986,13115.910055867986,13330.910055867986,0.007110547036206017,234.5207872653899,-4.917857806186702e-05,-1.6220128753715812,-0.00013968159424940636,0.35207629413261815,False
1816,645.6032313165168,29399.913879584383,29840.913879584383,13086.913879584383,13305.913879584383,0.00646606104973942,213.26428475467668,0.0007414026857253076,24.45301896628024,0.0021114275537100803,0.35113811242188114,False
1817,645.8827342424834,29363.917691982107,29774.917691982107,13077.917691982106,13295.917691982106,0.006036571559007442,199.09881858508385,0.0011431466692746325,37.70337998933215,0.003259578561189979,0.3507038249930391,False
1818,646.1622422484712,29247.921493090435,29672.921493090435,13033.921493090433,13261.921493090433,0.0062652992252100635,206.64273779046687,0.0012660526632708646,41.75707801352968,0.0036132992734220297,0.35038688120395584,False
1819,646.441755310109,29226.925282938646,29671.925282938646,13026.925282938646,13266.925282938646,0.006562597402814447,216.44825659363732,0.0013657636517438471,45.04575600083837,0.003899303894264362,0.3502583252751349,False
1820,646.7212734030254,29155.929061556035,29596.929061556035,13018.929061556033,13252.929061556033,0.006519766683594693,215.03560944575776,0.0012168460673460365,40.13414105014547,0.0034812465610892063,0.34954320126216853,False
1821,647.0007965028492,29084.932828971894,29515.932828971894,13011.932828971894,13241.932828971894,0.006388448184492301,210.70444932049762,0.0012211196912397075,40.27509414910071,0.0035017629463532634,0.3487156926231634,False
1822,647.2803245852087,29011.936585215535,29398.936585215535,13004.936585215535,13223.936585215535,0.005754901946224709,189.80876270018666,0.001497617156250683,49.39456172889146,0.004306967009417262,0.34771967209781635,False
1823,647.5598576257329,28909.940330316265,29266.940330316265,12967.940330316265,13171.940330316265,0.005330126828058613,175.79878644719003,0.001448624320271305,47.77867501782089,0.004169280424853637,0.3474518796183299,False
1824,647.8393956000502,28818.944064303403,29196.944064303403,12934.944064303403,13131.944064303403,0.0056593337614636065,186.6567230872602,0.0009051354169934472,29.853268601448264,0.002604999035090822,0.3474609413672547,False
1825,648.1189384837895,28700.947787206278,29128.947787206278,12876.947787206278,13088.947787206278,0.0064285584591020385,212.02737048690142,0.0006632420748309597,21.875117729321857,0.0019072289440158973,0.34775168283385244,False
1826,648.3984862525792,28673.95149905422,29125.95149905422,12878.951499054221,13103.951499054221,0.006792575672166539,224.03342331959468,0.0007291936273726637,24.050338558985032,0.0020999553613723653,0.34724244180891556,False
1827,648.6780388820481,28576.95519987657,29073.95519987657,12838.955199876571,13077.955199876571,0.0074881629229120285,246.97535293850646,0.0005219989402646197,17.216622265377424,0.0015033437475941236,0.3472252710665813,False
1828,648.9575963478247,28548.958889702677,29090.958889702677,12860.958889702679,13089.958889702679,0.008167761381606315,269.3899385879349,-0.0005028287750666709,-16.58434992242846,-0.0014508791415859031,0.34656833960480476,False
1829,649.2371586255376,28551.962568561896,29080.962568561896,12883.962568561896,13106.962568561896,0.007972811812795971,262.9600920344066,-0.0005202070641414135,-17.15752242440081,-0.001504155431927812,0.34584661471766004,False
1830,649.5167256908159,28442.966236483582,28959.966236483582,12829.966236483582,13063.966236483582,0.007823165432644543,258.0244398678675,2.637039237273625e-05,0.8697509696878569,7.627316247992e-05,0.3457361870851839,False
1831,649.7962975192877,28286.96989349711,28798.96989349711,12749.96989349711,13017.96989349711,0.0077905255887182785,256.9479092078732,0.0012435779590069286,41.01581502621008,0.0035998211957547154,0.3454554799759181,False
1832,650.0758740865818,28237.97353963185,28741.97353963185,12731.97353963185,13005.97353963185,0.0076830582939147575,253.4034119344185,0.001564080443777957,51.586660654019965,0.004531520629299852,0.345155759341565,False
1833,650.3554553683271,28082.977174917185,28583.977174917185,12665.977174917187,12930.977174917187,0.007679509418739088,253.28636257156828,0.0013131346373556861,43.30994048278248,0.003804556593756703,0.3451478786018184,False
1834,650.6350413401518,27973.98079938251,28489.98079938251,12655.980799382509,12904.980799382509,0.007937884093692687,261.80810244207595,0.0005236713455054193,17.271781705530543,0.0015214307771052532,0.3441966295054063,False
1835,650.914631977685,27887.98441305721,28428.98441305721,12630.98441305721,12888.98441305721,0.008344218352344009,275.2098603865186,0.0004372809259575502,14.422444080536195,0.0012720481974984228,0.3437612873611987,False
1836,651.1942272565551,27765.988015970695,28321.988015970695,12578.988015970694,12834.988015970694,0.00861060280536344,283.995779573787,0.0001391613313685286,4.589833218635363,0.0004047766216158115,0.343797847842635,False
1837,651.4738271523906,27703.99160815237,28271.99160815237,12548.99160815237,12805.99160815237,0.008814056264249139,290.7061022967487,-9.672247948138216e-06,-0.31901106790712674,-2.8122039397444518e-05,0.3439383542367537,False
1838,651.7534316408206,27623.995189631652,28214.995189631652,12520.995189631652,12805.995189631652,0.009193490848765893,303.2206524464746,0.000580994805802303,19.162429917144664,0.001692100533244598,0.3433571436138295,False
1839,652.0330406974733,27547.998760437964,28157.998760437964,12486.998760437966,12791.998760437966,0.009511730706197041,313.7168718686867,0.0009686093424398287,31.94677208166047,0.002822718598071753,0.3431476814945359,False
1840,652.3126542979776,27480.00232060074,28070.00232060074,12473.002320600739,12774.002320600739,0.009225683476062658,304.2824329620011,0.0011303040982487272,37.2798050024611,0.0033003447952306697,0.3424806098690447,False
1841,652.592272417962,27396.005870149405,27968.005870149405,12437.005870149407,12735.005870149407,0.008974251513264652,295.9896783316158,0.0013090586615664077,43.175506233756494,0.003824113651948477,0.3423168819523476,False
1842,652.8718950330552,27368.009409113412,27924.009409113412,12434.009409113412,12741.009409113412,0.008734565184403006,288.0843193971818,0.001858079575050844,61.283369974748496,0.005437703763497947,0.34170297902649727,False
1843,653.151522118886,27338.012937522206,27860.012937522206,12430.012937522208,12732.012937522208,0.008214369063628673,270.9271579080297,0.00221112152173265,72.927435452684,0.006480620172507332,0.34118980327112336,False
1844,653.4311536510828,27338.016455405243,27775.016455405243,12432.016455405244,12695.016455405244,0.006887324326501954,227.1584330964703,0.002204367517425509,72.70467419405801,0.006462085415343793,0.34112324052408605,False
1845,653.7107896052743,27337.019962791986,27737.019962791986,12432.019962791986,12673.019962791986,0.006308629171066137,208.07185048216144,0.002029790979702236,66.94677302886538,0.0059490716584539305,0.34119457559698424,False
1846,653.9904299570893,27322.023459711905,27705.023459711905,12441.023459711903,12667.023459711903,0.006045662341157765,199.39865168876713,0.0017728035128998518,58.47078619902629,0.00520234086523004,0.3407703491227234,False
1847,654.2700746821563,27244.02694619447,27648.02694619447,12421.02694619447,12652.02694619447,0.0063928429115754255,210.8493966571938,0.0016097613476614252,53.09331288305313,0.004730294357324462,0.3403089165410701,False
1848,654.549723756104,27216.03042226917,27620.03042226917,12420.03042226917,12653.03042226917,0.006399370873293394,211.06470255609875,0.0016725217367349506,55.1632824338711,0.004921123088591553,0.3398658612324273,False
1849,654.8293771545609,27244.03388796549,27650.03388796549,12440.033887965488,12663.033887965488,0.006424256098025497,211.88546957525102,0.001291949587060433,42.61121299413753,0.0038020449071595698,0.3398038736016988,False
1850,655.1090348531559,27232.037343312924,27667.037343312924,12467.037343312924,12683.037343312924,0.006882522320405045,227.00005284181952,0.000577488500329338,19.046784592569026,0.0017033645598384989,0.3390281293536431,False
1851,655.3886968275175,27238.040788340975,27681.040788340975,12496.040788340975,12699.040788340975,0.007006549378605485,231.0907259198922,-8.065378916529038e-06,-0.26601314968687007,-2.3833336328185043e-05,0.3384074644635887,False
1852,655.6683630532743,27243.044223079152,27684.044223079152,12529.04422307915,12726.04422307915,0.006973898942622572,230.01384591160578,-0.00019841300930143694,-6.544078100901828,-0.0005880003326726228,0.3374368997371062,False
1853,655.948033506055,27270.047647556963,27689.047647556963,12543.047647556965,12752.047647556965,0.006622121874675976,218.41149879306877,0.0005547328683308548,18.29625601806802,0.0016460649365848358,0.3370054582912043,False
1854,656.2277081614884,27305.051061803937,27744.051061803937,12574.051061803937,12791.051061803937,0.006926882073672421,228.4631307465421,0.0005041309278777601,16.62729765919775,0.0014980903298416957,0.3365157079219862,False
1855,656.5073869952029,27299.054465849596,27711.054465849596,12564.054465849595,12781.054465849595,0.006505446933239942,214.56331397966494,0.0009314282221314935,30.72046058105161,0.0027675604346305833,0.3365520804808808,False
1856,656.7870699828272,27291.05785972347,27678.05785972347,12569.05785972347,12798.05785972347,0.0061152426873855425,201.6935577617384,0.0017261011395555987,56.930443760098996,0.005139429888874186,0.3358545941627211,False
1857,657.06675709999,27350.061243455104,27704.061243455104,12599.061243455104,12835.061243455104,0.005585135445521833,184.2095066663819,0.0024746228112452577,81.6182618472331,0.00737850234517399,0.33538280473188686,False
1858,657.3464483223199,27363.06461707404,27692.06461707404,12604.06461707404,12837.06461707404,0.005190600308374121,171.1969085502868,0.002764505980976716,91.17921810478188,0.0082455651488953,0.33527186203205134,False
1859,657.6261436254457,27413.06798060983,27740.06798060983,12620.067980609832,12855.067980609832,0.005149877960356898,169.8537999163567,0.0028628053439299977,94.42133771528512,0.008533853658977084,0.3354645460692315,False
1860,657.9058429849958,27439.071334092034,27771.071334092034,12638.071334092036,12870.071334092036,0.005223225263348147,172.2729481413404,0.0026769264244830646,88.29066024380973,0.007982481829924837,0.33535014316572154,False
1861,658.1855463765991,27416.074677550216,27737.074677550216,12616.074677550214,12855.074677550214,0.005055381405120072,166.73710489765216,0.0030949714586281252,102.07866417949532,0.009224030123735785,0.33553353763058225,False
1862,658.465253775884,27413.07801101394,27747.07801101394,12633.07801101394,12872.07801101394,0.005259453207603302,173.46782189218737,0.00288003194876176,94.98950735209144,0.0085968893925009,0.33500860802908816,False
1863,658.7449651584792,27443.08133451279,27833.08133451279,12659.08133451279,12903.08133451279,0.006128415951169049,202.12803969085462,0.002162828691362904,71.33463639799555,0.006457182913075559,0.33494926819917936,False
1864,659.0246805000136,27493.084648076343,27942.084648076343,12698.084648076343,12949.084648076343,0.007035334757953034,232.04012823619024,0.0014655172548439337,48.33583950812283,0.004377912895672702,0.3347524927443183,False
1865,659.3043997761156,27502.08795173419,27982.08795173419,12723.08795173419,12967.08795173419,0.007514450694928461,247.8423789151796,0.0007354764788687421,24.257560207562733,0.002199355874797464,0.33440539900641186,False
1866,659.5841229624137,27441.091245515923,27953.091245515923,12709.091245515923,12959.091245515923,0.00802846425793065,264.7956266535817,0.0004315857561049668,14.234605407838103,0.0012918979598901294,0.3340710872719943,False
1867,659.863850034537,27402.094529451144,27960.094529451144,12688.094529451144,12962.094529451144,0.0087548751834439,288.75418585614426,0.0005239035637001673,17.27944074970418,0.0015679848322913,0.33412540281693015,False
1868,660.1435809681136,27332.09780356946,27924.09780356946,12666.09780356946,12961.09780356946,0.009306184337140037,306.9375205690838,0.0006927662627836118,22.84888750635463,0.0020761162973267555,0.3336837457880515,False
1869,660.4233157387727,27325.101067900483,27913.101067900483,12658.101067900483,12971.101067900483,0.009246311119687994,304.9627760070315,0.0013619731991303397,44.92073890630462,0.004083727884241705,0.33351223140648617,False
1870,660.7030543221425,27336.104322473828,27914.104322473828,12659.10432247383,12984.10432247383,0.009087074052248578,299.71080281459336,0.0019219433161896012,63.3897303958683,0.005765149557094134,0.3333726726698028,False
1871,660.9827966938518,27366.107567319123,27957.107567319123,12699.107567319124,13020.107567319124,0.0092792077417925,306.0477757510789,0.0015621626012479045,51.52340617617057,0.004695991365380901,0.3326587465139418,False
1872,661.2625428295295,27374.110802466,27979.110802466,12718.110802465997,13035.110802465997,0.009493887342899942,313.12836024129854,0.0011982354986887992,39.52032537735283,0.0036056861845171484,0.33231829875656793,False
1873,661.5422927048038,27414.114027944084,28027.114027944084,12737.114027944086,13056.114027944086,0.009604165573733562,316.76556809347164,0.0011387320299644284,37.557775905532424,0.0034264705807431025,0.3323338120467593,False
1874,661.8220462953036,27447.11724378303,28066.11724378303,12757.117243783028,13068.117243783028,0.00968559764411808,319.45136894085874,0.0007748776433799363,25.557093432402894,0.002331463523310147,0.33235675172811047,False
1875,662.1018035766575,27468.120450012473,28108.120450012473,12769.120450012475,13086.120450012475,0.010002862780717606,329.9154400212299,0.000647066975742629,21.34162896214599,0.0019469770668810958,0.33234442600763625,False
1876,662.3815645244941,27436.123646662076,28102.123646662076,12759.123646662078,13073.123646662078,0.010416388872576334,343.55439974172344,0.00014213378528112226,4.687870996620916,0.00042755896523772105,0.3324308384039999,False
1877,662.6613291144423,27375.126833761493,28029.126833761493,12740.126833761495,13062.126833761495,0.010253428769395669,338.17963300490555,0.0005867160720934381,19.351129305239624,0.0017678079671946767,0.3318890303591595,False
1878,662.9410973221303,27375.130011340392,27988.130011340392,12740.13001134039,13075.13001134039,0.009617692216946186,317.2117052189459,0.001654463771016879,54.567692767555855,0.004993023430156528,0.33135509860105195,False
1879,663.2208691231871,27418.133179428438,27989.133179428438,12767.133179428436,13102.133179428436,0.008951567001201935,295.2414954420869,0.002297053878467299,75.76166520327342,0.006944020226468148,0.3307959659610067,False
1880,663.5006444932411,27410.13633805531,27929.13633805531,12768.136338055308,13098.136338055308,0.00814631035015349,268.68243848163434,0.0029356848982998868,96.82505860755236,0.00888750863971212,0.3303158418527262,False
1881,663.7804234079211,27431.139487250686,27910.139487250686,12774.139487250686,13087.139487250686,0.007518158443338872,247.96466825125515,0.0029949187268835257,98.77871478076156,0.00906411975385267,0.33041473504479535,False
1882,664.0602058428558,27403.14262704426,27894.14262704426,12768.142627044259,13073.142627044259,0.0077126460701567754,254.379278986894,0.0025396279193983717,83.7622669515822,0.007686459300037826,0.33040283181957053,False
1883,664.3399917736738,27446.145757465718,27961.145757465718,12796.145757465718,13085.145757465718,0.008073598017987895,266.28423292915744,0.0016257882861151658,53.621915001073944,0.004917849189549393,0.33058929289048244,False
1884,664.6197811760036,27474.148878544762,27978.148878544762,12805.148878544762,13095.148878544762,0.00789472953263113,260.3847743095546,0.0018310786029206699,60.3928211592135,0.005538249439882571,0.3306240758559071,False
1885,664.899574025474,27469.151990311097,27939.151990311097,12812.151990311095,13094.151990311095,0.007367967891182638,243.01106814817538,0.0020873277459460566,68.84445651896792,0.006321796795894929,0.3301795064500439,False
1886,665.1793702977136,27430.155092794426,27843.155092794426,12803.155092794426,13077.155092794426,0.006490183363519699,214.05988936703744,0.002706084652743702,89.25235990097104,0.0082112492856762,0.3295582144198481,False
1887,665.4591699683509,27493.15818602447,27877.15818602447,12838.158186024468,13116.158186024468,0.00602386858858178,198.6798479194422,0.003280054639572168,108.18309652254325,0.009967290298250813,0.32908188097499214,False
1888,665.7389730130149,27552.161270030945,27965.161270030945,12876.161270030943,13151.161270030943,0.006461656348693266,213.11900845571503,0.0027160396609375,89.58069699612773,0.008255157554794272,0.32901124453525793,False
1889,666.0187794073339,27534.16434484358,27972.16434484358,12857.164344843577,13132.164344843577,0.006854170899893628,226.0649634000967,0.002336943002291281,77.07729235191522,0.007091138270758085,0.3295582335389221,False
1890,666.2985891269367,27608.1674104921,28053.1674104921,12906.1674104921,13179.1674104921,0.006944323658343578,229.03839087032833,0.002146356861153992,70.79136081474917,0.006520569080536742,0.32916710714110164,False
1891,666.5784021474519,27674.17046700625,28105.17046700625,12952.170467006248,13199.170467006248,0.006711612001384688,221.36307127565584,0.0014924741516098728,49.22493462550119,0.0045365910840311835,0.3289858230474832,False
1892,666.8582184445082,27708.173514415765,28111.173514415765,12972.173514415765,13205.173514415765,0.0062710772004408565,206.833307558591,0.0014602858413718806,48.16329649564719,0.004440380740293686,0.3288650065794353,False
1893,667.1380379937343,27762.176552750392,28127.176552750392,12994.176552750392,13204.176552750392,0.005672627460462318,187.09517722292264,0.0012899319207124171,42.5446661169471,0.0039200534039370485,0.32905978255727153,False
1894,667.4178607707587,27748.179582039887,28177.179582039887,13015.179582039887,13224.179582039887,0.006663023360465889,219.76051576728076,0.00025555005100644755,8.42857783551355,0.0007775595703911729,0.3286565566647016,False
1895,667.69768675121,27724.18260231401,28157.18260231401,12998.182602314007,13214.182602314007,0.006730446674596866,221.98427838772685,0.0004272234362745382,14.090726930454252,0.0012994895391358475,0.32876250512846694,False
1896,667.977515910717,27708.185613602513,28112.185613602513,13004.185613602513,13212.185613602513,0.00628652337685211,207.3427549237181,0.0006049832283337858,19.953618514687463,0.0018432110674586298,0.32822243692792086,False
1897,668.2573482249082,27697.188615935174,28135.188615935174,13014.188615935172,13233.188615935172,0.006814142434246984,224.7447404652541,0.00043326349867560746,14.289940884348141,0.0013217233313035093,0.32780196007307716,False
1898,668.5371836694126,27702.19160934176,28168.19160934176,13049.19160934176,13274.19160934176,0.007244837431874319,238.9499667861705,0.00017963665248478793,5.924794386133499,0.0005496153055577776,0.32684070233903606,False
1899,668.8170222198584,27715.194593852055,28217.194593852055,13082.194593852055,13302.194593852055,0.007795900990244746,257.1252012490391,-0.0005532091292238459,-18.24599989949607,-0.0016953279498808241,0.32631393192257263,False
1900,669.0968638518744,27683.19756949584,28182.19756949584,13060.197569495836,13282.197569495836,0.0077586029637435406,255.89503393645842,-0.00043841381050887303,-14.459808994305035,-0.0013428269415985906,0.3264857122891473,False
1901,669.3767085410893,27770.200536302895,28247.200536302895,13082.200536302897,13316.200536302897,0.007396397228638621,243.94872745450743,0.000303127472764844,9.997781210446902,0.0009277140950207877,0.3267466500636187,False
1902,669.6565562631317,27778.203494303027,28245.203494303027,13073.203494303028,13325.203494303028,0.0072405528950113904,238.80865375455065,0.001051275777661594,34.6732848759527,0.00321691263836336,0.32679649584654,False
1903,669.9364069936304,27791.20644352603,28253.20644352603,13079.206443526029,13338.206443526029,0.007160342499404113,236.1631463092158,0.001355697695510887,44.7137596061429,0.004150330156980328,0.3266481567088767,False
1904,670.2162607082138,27767.209384001704,28264.209384001704,13059.209384001704,13319.209384001704,0.00770460656553486,254.11411922582994,0.000856954547705146,28.26416225856235,0.0026191593218796447,0.3271868727291286,False
1905,670.4961173825106,27773.21231575986,28329.21231575986,13075.212315759862,13333.212315759862,0.008608385088378709,283.92263460610127,-0.00012233997851554546,-4.035029643908388,-0.000373855660690378,0.3272385344911648,False
1906,670.7759769921496,27730.215238830315,28286.215238830315,13087.215238830313,13341.215238830313,0.008621601199664016,284.3585297358903,-0.00027345543251487345,-9.019134953870548,-0.0008381962664708907,0.32624272315864594,False
1907,671.0558395127592,27738.21815324288,28227.21815324288,13101.21815324288,13367.21815324288,0.0075895202590614405,250.31833093272365,0.0011398372447001285,37.594228210621395,0.0035050673163734033,0.3251969625163966,False
1908,671.3357049199684,27669.221059027386,28104.221059027386,13072.221059027386,13353.221059027386,0.006774619721276913,223.44119831675147,0.0024620355419551288,81.20310724823935,0.0075891186171153265,0.3244165319016933,False
1909,671.6155731894055,27624.223956213656,28078.223956213656,13061.223956213656,13338.223956213656,0.007079547428551627,233.498355045336,0.0020345815482820887,67.10477605016243,0.006273978009141214,0.32428891929772374,False
1910,671.8954442966993,27651.226844831526,28167.226844831526,13079.226844831526,13373.226844831526,0.008029686300573451,264.8359321886133,0.0016244529329895192,53.577872248145184,0.005008795017205135,0.3243201064147261,False
1911,672.1753182174784,27649.229724910834,28227.229724910834,13071.229724910834,13388.229724910834,0.008985220860580583,296.35147046311005,0.0014214874441720992,46.88364380372394,0.004378444012930472,0.3246558457694436,False
1912,672.4551949273715,27617.232596481423,28188.232596481423,13045.232596481423,13361.232596481423,0.008887688790814155,293.13465779472074,0.0015070086276868545,49.70431219725583,0.0046373088173127085,0.32497482636063835,False
1913,672.7350744020073,27573.235459573138,28152.235459573138,13033.23545957314,13346.23545957314,0.00902515672872507,297.66863933769633,0.001281384517484524,42.26275479228053,0.003945212588877038,0.32479479587417015,False
1914,673.0149566170143,27576.238314215836,28164.238314215836,13055.238314215836,13364.238314215836,0.009162986888520314,302.2145677197892,0.00099642061477106,32.864046301036524,0.0030729820822886903,0.3242520093149868,False
1915,673.294841548021,27574.24116043937,28164.24116043937,13057.241160439371,13377.241160439371,0.00919448482369189,303.2534358288192,0.001320646252500975,43.55768933931034,0.004076171578192663,0.32399182104266017,False
1916,673.5747291706565,27515.243998273603,28143.243998273603,13050.243998273605,13369.243998273605,0.009800787596736502,323.2505757016861,0.0006874302664175505,22.67289513020671,0.0021242486213803357,0.323611021562466,False
1917,673.8546194605491,27467.246827748404,28086.246827748404,13010.246827748404,13327.246827748404,0.009678577988539131,319.21984594490294,0.0007763271863092617,25.604902405078178,0.002395026099566111,0.32414143062988043,False
1918,674.1345123933276,27361.24964889364,27978.24964889364,12941.249648893641,13264.249648893641,0.009684612356858392,319.41887209601003,0.001021859626503932,33.70307837950662,0.003147584953310596,0.32464878364256733,False
1919,674.4144079446205,27308.25246173919,27936.25246173919,12905.252461739192,13217.252461739192,0.009874237588722756,325.6731108255722,0.0005004429740196725,16.50566118906488,0.0015385123842735922,0.3252771827741616,False
1920,674.6943060900566,27287.255266314936,27884.255266314936,12890.255266314934,13198.255266314934,0.009399196191654502,310.00524703719884,0.0008558097756750007,28.226405270755095,0.002631071546077515,0.3252704309583938,False
1921,674.9742068052644,27287.258062650755,27829.258062650755,12896.258062650757,13181.258062650757,0.008541729908105552,281.7242066548649,0.0009514177550666927,31.379757394244677,0.0029272548365228503,0.3250204741985626,False
1922,675.2541100658726,27297.260850776547,27815.260850776547,12943.260850776547,13190.260850776547,0.008164067239563035,269.26809801844723,4.5613231097599294e-05,1.5044202383105585,0.00014075874349634665,0.32405255946877054,False
1923,675.53401584751,27275.2636307222,27797.2636307222,12932.263630722198,13176.263630722198,0.008233088989128485,271.5445803993529,-0.00011536271720667853,-3.8049049000905484,-0.0003558907103255838,0.3241520889970403,False
1924,675.813924125805,27252.266402517613,27764.266402517613,12897.266402517613,13147.266402517613,0.008083577172658521,266.6133664258745,0.00025421533992173347,8.38455625844432,0.0007827360823184356,0.3247778474307163,False
1925,676.0938348763865,27187.269166192687,27675.269166192687,12847.26916619269,13103.26916619269,0.007726266532596965,254.82851046769662,0.0008425725943019347,27.789815205183686,0.002591466744709816,0.3251334774107947,False
1926,676.3737480748828,27158.271921777337,27645.271921777337,12840.271921777336,13103.271921777336,0.007718733689960144,254.58006148387895,0.0010867989949302518,35.84491524948439,0.003346215583527137,0.32478451187675494,False
1927,676.6536636969229,27125.274669301467,27617.274669301467,12828.274669301467,13103.274669301467,0.007806674739914323,257.4805421590203,0.0014049198657457998,46.337210243010134,0.00432944528959914,0.32450343445173324,False
1928,676.9335817181353,27053.277408795,27547.277408795,12806.277408794998,13074.277408794998,0.007858796637691913,259.19963190532604,0.0011359936592101223,37.46745868213816,0.0035036770801147622,0.324228983788915,False
1929,677.2135021141485,27021.280140287847,27503.280140287847,12789.280140287849,13034.280140287849,0.007678572454654994,253.25545952662364,0.0005623780238344644,18.54840931630841,0.0017326403245220916,0.32457863058773223,False
1930,677.4934248605913,27002.282863809945,27463.282863809945,12798.282863809944,13013.282863809944,0.007351967604551171,242.48334506327396,-0.00011680223975316702,-3.8523833794775726,-0.00036015927901177736,0.3243071789616381,False
1931,677.7733499330924,26975.285579391213,27429.285579391213,12796.285579391213,13005.285579391213,0.007248445031491758,239.0689530045461,-0.00021247567429494383,-7.007894351400381,-0.0006558126684782224,0.3239883651347908,False
1932,678.0532773072804,26939.28828706159,27323.28828706159,12783.288287061592,12989.288287061592,0.006146846522161513,202.73591866231698,0.000795926027175365,26.25131337261746,0.0024615337179552457,0.3233455716529966,False
1933,678.3332069587839,26923.290986851014,27257.290986851014,12771.290986851016,12971.290986851016,0.005354545453804068,176.60416405099508,0.001393856408918162,45.9723141820063,0.004312722347398664,0.3231964167039189,False
1934,678.6131388632315,26904.29367878943,27230.29367878943,12752.293678789429,12969.293678789429,0.005230730278234245,172.52047930744678,0.0020972885745080784,69.17298558210271,0.006489443751343666,0.32318464492027166,False
1935,678.8930729962518,26894.296362906774,27213.296362906774,12730.296362906774,12960.296362906774,0.005120965023299591,168.900190478671,0.0026554534286483645,87.58243570602684,0.008208665004679077,0.3234939453778064,False
1936,679.1730093334737,26959.299039233003,27274.299039233003,12801.299039233005,13007.299039233005,0.005045001808376726,166.39476397966766,0.0018880801819899711,62.27285305136394,0.0058543213484219,0.3225105131099312,False
1937,679.4529478505257,26904.301707798077,27210.301707798077,12785.301707798075,12971.301707798075,0.004911632703267619,161.99597055803557,0.0013609473074375445,44.88690284190369,0.004220904283331926,0.32243026993334967,False
1938,679.7328885230364,26768.304368631943,27073.304368631943,12700.304368631943,12893.304368631943,0.004920404013661081,162.28526681166412,0.0016297018922227062,53.750993956703354,0.005045643511796882,0.3229918816920794,False
1939,680.0128313266345,26659.307021764573,26998.307021764573,12662.307021764573,12881.307021764573,0.0054876755472135835,180.9950743643841,0.0019594164640276846,64.62567357823539,0.006078418237866285,0.3223563083930699,False
1940,680.2927762369486,26571.30966722593,26987.30966722593,12650.30966722593,12886.30966722593,0.006746631634889745,222.51809239815643,0.0012807751607228591,42.2426569254437,0.003981625644105381,0.32167141645247077,False
1941,680.5727232296074,26540.312305045987,26999.312305045987,12661.312305045985,12898.312305045985,0.00744667347137761,245.60694361816638,0.0006074935031492017,20.03641265457094,0.0018917749333504836,0.3211235609688952,False
1942,680.8526722802396,26519.314935254715,27031.314935254715,12637.314935254715,12903.314935254715,0.008304871527435543,273.91211939599555,0.0007416171342939735,24.460091930834892,0.0023064775251846383,0.3215366836208844,False
1943,681.1326233644737,26422.3175578821,26971.3175578821,12558.3175578821,12859.3175578821,0.008931254556375312,294.5715483159701,0.0013552059809619765,44.69754182676064,0.004203990036684455,0.32236184413766633,False
1944,681.4125764579384,26387.32017295812,26995.32017295812,12540.320172958118,12863.320172958118,0.009893196055686986,326.29840091579405,0.0011512586545757639,37.97093031554755,0.00356967216169891,0.3225110325055303,False
1945,681.6925315362623,26316.32278051276,26956.32278051276,12524.322780512759,12844.322780512759,0.0104354435035022,344.1828615215319,0.0005215155854657715,17.200680208124027,0.0016185570590298269,0.32221019491173897,False
1946,681.9724885750742,26265.325380576014,26916.325380576014,12521.325380576014,12811.325380576014,0.01063298436558399,350.69817437392027,-0.0006892241915834544,-22.732062552918364,-0.00213993543770556,0.3220770960840019,False
1947,682.2524475500026,26199.32797317788,26845.32797317788,12500.327973177878,12767.327973177878,0.010578562592831561,348.9032299167231,-0.0013999555182871541,-46.17347562901597,-0.004346760255619266,0.32206872152135935,False
1948,682.5324084366763,26116.33055834835,26744.33055834835,12475.330558348349,12720.330558348349,0.010319574573669974,340.36126066501737,-0.0018732392024804357,-61.7833663521489,-0.005821188090741472,0.32179671456756387,False
1949,682.8123712107238,26083.333136117428,26677.333136117428,12444.33313611743,12682.33313611743,0.009779323905037555,322.5426580338572,-0.0015517956751727232,-51.18148316345514,-0.004816737759938712,0.3221673573511023,False
1950,683.0923358477737,26033.335706515125,26584.335706515125,12402.335706515125,12648.335706515125,0.009095993820581365,300.004995523112,-0.0005660925482827324,-18.670922140355344,-0.0017563638518000484,0.3223093823654819,False
1951,683.3723023234547,25930.338269571446,26455.338269571446,12314.338269571446,12587.338269571446,0.008705136666537806,287.11370502072685,0.000817687527095344,26.96905338155392,0.0025316323540363764,0.32298825925164126,False
1952,683.6522706133954,25911.340825316405,26453.340825316405,12289.340825316405,12598.340825316405,0.008990640569452481,296.53022385366006,0.0017941237963846751,59.17397396251653,0.005553458402105177,0.3230642360991788,False
1953,683.9322406932248,25840.343373780022,26445.343373780022,12243.343373780022,12611.343373780022,0.010050930004265272,331.500798088712,0.0028103907660983335,92.69259476559733,0.00870108728537764,0.32299305522670185,False
1954,684.2122125385711,25753.34591499232,26379.34591499232,12225.345914992318,12597.345914992318,0.010430361600498837,344.0152496785771,0.0025875370768503377,85.3424116669812,0.008028879303337587,0.32227873643270544,False
1955,684.4921861250632,25697.348448983317,26337.348448983317,12220.348448983317,12568.348448983317,0.01068373612338236,352.3720740237462,0.001510887113304037,49.83223280529171,0.004691477997650087,0.32204928043163045,False
1956,684.7721614283295,25621.350975783047,26220.350975783047,12197.350975783047,12520.350975783047,0.010036474980585625,331.02404102402636,0.0013145076772107175,43.35522622326192,0.004086392493328964,0.3216792511626456,False
1957,685.0521384239989,25514.35349542154,26024.35349542154,12146.353495421541,12442.353495421541,0.008595381164927057,283.49373787707447,0.0018612383618089503,61.38755340164141,0.005790889372861998,0.3214080328543871,False
1958,685.3321170876999,25503.356007928833,26004.356007928833,12154.356007928835,12436.356007928835,0.008448769669905614,278.65818260129777,0.0015124232332927173,49.882897271365096,0.004709997035683989,0.3211091688241545,False
1959,685.6120973950613,25430.358513334966,25935.358513334966,12113.358513334966,12407.358513334966,0.008539772935758793,281.6596615934115,0.0018749874874743003,61.8410284660535,0.005838346712189601,0.3211504180729118,False
1960,685.8920793217114,25420.36101166998,25920.36101166998,12107.36101166998,12386.36101166998,0.008459332004692038,279.00655060404915,0.0014349095616615678,47.32633345114073,0.004464354811962064,0.3214147669931574,False
1961,686.1720628432794,25347.363502963923,25828.363502963923,12057.36350296392,12323.36350296392,0.008164096914327422,269.2690767545516,0.0013128080335442233,43.299168402575674,0.0040767392844423605,0.32202403488350534,False
1962,686.4520479353932,25309.36598724684,25761.36598724684,12045.365987246842,12283.365987246842,0.007687621616040991,253.55391989001475,0.0008097702138534502,26.707923749043005,0.0025143740734210342,0.3220563807165273,False
1963,686.7320345736822,25267.368464548792,25670.368464548792,12027.368464548792,12229.368464548792,0.006872088892360148,226.6559364543592,0.00036132536386898357,11.917269988093864,0.001121401516382889,0.3222087348646079,False
1964,687.0120227337748,25250.37093489983,25649.37093489983,12030.37093489983,12221.37093489983,0.0068089558574928434,224.57367626197976,3.1951620795842364e-05,1.0538316145425881,9.923702851846386e-05,0.32197276835931765,False
1965,687.2920123912992,25210.37339833002,25616.37339833002,12003.373398330019,12204.373398330019,0.006938366947617903,228.84192602988998,0.00027380341521785617,9.030612154856954,0.0008499541006266379,0.32213906023394867,False
1966,687.5720035218847,25259.37585486942,25696.37585486942,12075.37585486942,12310.37585486942,0.00744926079192889,245.69227888836488,0.0009213946599491967,30.38953261023775,0.0028788071963635957,0.32006126048075356,False
1967,687.8519961011594,25178.3783045481,25636.3783045481,11994.3783045481,12258.3783045481,0.00782891712622456,258.2141428119063,0.001626360380924308,53.64078389039395,0.005062807933048266,0.3212368318987548,False
1968,688.1319901047524,25117.380747396128,25521.380747396128,11931.380747396128,12173.380747396128,0.006929817720881012,228.5599545620638,0.0017906830734269923,59.060491687146055,0.005554429423049298,0.3223883025673471,False
1969,688.4119855082921,25072.38318344358,25440.38318344358,11896.383183443579,12120.383183443579,0.00632803183971231,208.71179127754334,0.0017733739402968456,58.48960009358876,0.0054921244177988235,0.3228939851671445,False
1970,688.6919822874072,24985.38561272053,25371.38561272053,11845.38561272053,12072.38561272053,0.006658129555991888,219.599107809198,0.0015857663048641762,52.30190593522988,0.004904270533323249,0.32334397013568167,False
1971,688.9719804177263,24927.388035257063,25323.388035257063,11819.388035257063,12040.388035257063,0.006845035580431522,225.7636613622556,0.0012004569787437015,39.593594459002674,0.0037110523333155508,0.3234815548050172,False
1972,689.2519798748781,24936.390451083258,25308.390451083258,11842.390451083258,12037.390451083258,0.0064309365637893676,212.10580537814565,0.0006620352493703551,21.835314088944898,0.0020492437944158327,0.3230631958844497,False
1973,689.5319806344912,24922.392860229204,25294.392860229204,11825.392860229202,12029.392860229202,0.006434521855441294,212.22405583292843,0.0009936089344539873,32.771311174169256,0.0030735494381309114,0.3232773555314019,False
1974,689.8119826721942,24854.39526272499,25228.39526272499,11773.395262724987,11999.395262724987,0.0064864259315770235,213.93596136363556,0.0017712087627527887,58.4181879870917,0.005473182614698949,0.3236158716860599,False
1975,690.0919859636159,24769.397658600705,25172.397658600705,11725.397658600705,11959.397658600705,0.007009138300859491,231.17611401761337,0.0015725880024081438,51.867257820102736,0.004853643138037285,0.3240015711258217,False
1976,690.3719904843848,24717.40004788645,25113.40004788645,11702.400047886453,11945.400047886453,0.006902728232731422,227.66648630215224,0.002023030054349932,66.72378349962224,0.006249391394711905,0.3237163311713481,False
1977,690.6519962101296,24659.40243061233,25077.40243061233,11693.402430612326,11935.402430612326,0.007300001201893171,240.76938387285517,0.0015961694001261767,52.64502188375232,0.004937977309056154,0.3232435671988272,False
1978,690.932003116479,24577.40480680843,25028.40480680843,11677.404806808432,11909.404806808432,0.007897147927763443,260.46453806436296,0.0006465738329801494,21.32536407727821,0.0020026048940462024,0.3228664001083941,False
1979,691.2120111790616,24551.407176504872,24987.407176504872,11668.407176504872,11910.407176504872,0.00764480482373258,252.141732080945,0.0012702282742431473,41.894798440319306,0.00393955109468377,0.32242969914954467,False
1980,691.492020373506,24487.409539731758,24929.409539731758,11624.409539731758,11884.409539731758,0.007769147580351194,256.2428175564312,0.0018375595115127834,60.606575147124545,0.005695154190054293,0.3226531627048478,False
1981,691.7720306754409,24416.411896519196,24876.411896519196,11584.411896519196,11848.411896519196,0.008105896388959689,267.34950109335426,0.001680256192652902,55.41838104748143,0.005202551429711837,0.3229677236935973,False
1982,692.052042060495,24332.414246897304,24816.414246897304,11547.414246897306,11819.414246897306,0.00855382847639718,282.1232428677032,0.0015573798104014536,51.36565968086927,0.004822777450496719,0.3229217658055219,False
1983,692.3320545042967,24225.416590896202,24704.416590896202,11489.4165908962,11752.4165908962,0.00850334812531132,280.458294781739,0.0013258528150116647,43.72941271484473,0.004100867203172353,0.32331035103648564,False
1984,692.6120679824749,24215.418928546,24696.418928546,11471.418928546003,11741.418928546003,0.00854199675560472,281.7330078462874,0.0015614468081134349,51.499797814034594,0.004823834281583017,0.32369412317394564,False
1985,692.8920824706581,24186.421259876835,24641.421259876835,11427.421259876835,11709.421259876835,0.008094140511663756,266.9617675498731,0.0024930525276032015,82.22611263105256,0.0076856672567934435,0.3243768490497121,False
1986,693.1720979444751,24181.423584918823,24606.423584918823,11422.423584918823,11693.423584918823,0.007566631222424779,249.56340239284575,0.002616789371534334,86.30721383250764,0.008066173539722107,0.32441520860515566,False
1987,693.4521143795545,24115.425903702093,24528.425903702093,11404.425903702093,11670.425903702093,0.007374742104076282,243.23449592846168,0.0026385356176503484,87.0244507389267,0.008146086336523065,0.32390224073865337,False
1988,693.7321317515248,23986.42821625678,24409.42821625678,11353.42821625678,11638.42821625678,0.007592023684811262,250.40089917602742,0.0031752901865797186,104.72774465325497,0.009822988887887005,0.3232509191265863,False
1989,694.0121500360148,23892.430522613016,24369.430522613016,11327.430522613016,11637.430522613016,0.008585048699456078,283.1529514475202,0.003140645396225916,103.58508664578414,0.009736666071770683,0.32255860199740494,False
1990,694.292169208653,23894.43282280094,24399.43282280094,11348.43282280094,11679.43282280094,0.009083004839357648,299.57659162017023,0.0034028570335396056,112.23337760002914,0.010579068929975215,0.32165940651901753,False
1991,694.5721892450682,23818.43511685069,24324.43511685069,11292.435116850691,11634.435116850691,0.009129538775535472,301.1113786473023,0.0038281592857898963,126.26073984313166,0.011880888164046423,0.3222115411686606,False
1992,694.852210120889,23745.43740479241,24268.43740479241,11241.43740479241,11584.43740479241,0.009461639946747884,312.064773333803,0.0035914607337397663,118.45392406809776,0.011120361202305414,0.3229625970238452,False
1993,695.132231811744,23649.439686656246,24225.439686656246,11189.439686656246,11544.439686656246,0.010450812456035883,344.689761880856,0.003113706983737259,102.69660117872365,0.009626379577350231,0.3234556625071647,False
1994,695.4122542932618,23595.44196247234,24174.44196247234,11154.441962472341,11522.441962472341,0.010528341255919364,347.24682466264113,0.003568339884923208,117.69134987526928,0.011027141251261169,0.32359609835550973,False
1995,695.6922775410711,23564.44423227085,24092.44423227085,11124.444232270851,11488.444232270851,0.00962366100321763,317.40856833626583,0.004359236195765731,143.77677263101958,0.01346277380284041,0.32379926006377735,False
1996,695.9723015308007,23535.446496081924,24046.446496081924,11097.446496081924,11464.446496081924,0.009328465040773145,307.67238500781923,0.004801566930707657,158.3657700263043,0.014815142530287123,0.3240985985043102,False
1997,696.2523262380789,23515.44875393572,24030.44875393572,11072.44875393572,11432.44875393572,0.009408610101396042,310.3157375680384,0.004486974288507552,147.98984342867453,0.013811764973650742,0.3248661048799725,False
1998,696.5323516385348,23438.451005862393,23979.451005862393,11021.451005862395,11379.451005862395,0.009910329227457666,326.86348893385417,0.003972206682160534,131.0117257557988,0.012195755435423153,0.3257040290118536,False
1999,696.8123777077966,23348.453251892108,23906.453251892108,11009.453251892108,11339.453251892108,0.010257033744651714,338.29853266632614,0.0025693294744233673,84.74188666747756,0.007900580097526142,0.3252076990179348,False
2000,697.0924044214933,23337.455492055025,23892.455492055025,11010.455492055025,11323.455492055025,0.010207282963422758,336.6576473277618,0.001966408737935932,64.85629346913657,0.006045558733832417,0.3252650126333949,False
2001,697.3724317552532,23317.45772638131,23859.45772638131,11014.457726381312,11302.457726381312,0.009979370799726855,329.14062510919547,0.0012304001156816513,40.5811820541802,0.0037846484929353764,0.32510287757988116,False
2002,697.6524596847053,23310.459954901133,23804.459954901133,11017.459954901133,11281.459954901133,0.009107490233668311,300.3841713916001,0.0011763352572863716,38.798009382697785,0.003620816706315647,0.3248811946858665,False
2003,697.932488185478,23262.462177644662,23676.462177644662,10974.462177644662,11234.462177644662,0.0076611290296654914,252.6801387052701,0.0025079113495477517,82.71618781127825,0.007716211592006986,0.32501847825759844,False
2004,698.2125172332,23206.464394642073,23545.464394642073,10924.464394642071,11191.464394642071,0.006298281740113696,207.73057045957185,0.004188482064545528,138.14494246680383,0.012883094967644303,0.32511458427224493,False
2005,698.4925468035,23121.466605923535,23451.466605923535,10894.466605923535,11169.466605923535,0.006154629640233392,202.9926222560493,0.004671832379963301,154.0868518472717,0.01439819438209371,0.32447348993797565,False
2006,698.7725768720065,23057.468811519233,23395.468811519233,10874.468811519233,11148.468811519233,0.006320122386052985,208.45092087058603,0.004487048808857675,147.99230126645952,0.013842078199849828,0.32416005343087534,False
2007,699.0526074143484,23040.47101145934,23396.47101145934,10890.47101145934,11142.47101145934,0.006659002847098303,219.62791078550146,0.003275846698823601,108.04430979177624,0.010116671544100992,0.3238067663404314,False
2008,699.3326384061542,23048.473205774044,23436.473205774044,10893.473205774044,11160.473205774044,0.007250096444722318,239.12342008407734,0.003266143172388664,107.72426709362878,0.010085584648261677,0.3238427207045064,False
2009,699.6126698230524,23030.475394493526,23425.475394493526,10863.475394493526,11145.475394493526,0.0073855104299307955,243.58965794962145,0.0037443019671777357,123.4949492114475,0.011540033504774515,0.3244619667376691,False
2010,699.8927016406719,23024.477577647973,23402.477577647973,10859.477577647973,11123.477577647973,0.007072052913068492,233.25117017160858,0.003359597864248197,110.80659926820596,0.010346741511544346,0.3247010530319846,False
2011,700.1727338346412,23012.479755267574,23407.479755267574,10875.479755267574,11131.479755267574,0.007391236992218808,243.77853201082524,0.0027132395146775637,89.48834228670881,0.008370104617235809,0.3241583754031499,False
2012,700.4527663805891,22938.48192738252,23346.48192738252,10838.48192738252,11079.48192738252,0.007656773325726502,252.53647843389214,0.0018942223058162101,62.47543320558785,0.005834675910266186,0.3246491039002358,False
2013,700.7327992541439,22869.484094023006,23297.484094023006,10802.484094023004,11036.484094023004,0.00805265630265005,265.59353113888557,0.0012544498970479129,41.374394395067156,0.003858593193651395,0.3251055071345379,False
2014,701.0128324309346,22834.48625521922,23258.48625521922,10783.486255219223,11010.486255219223,0.007990200867188699,263.5336195991943,0.0010571091305640167,34.86568111608818,0.0032496088305059042,0.3253035013446355,False
2015,701.2928658865898,22860.48841100137,23264.48841100137,10789.48841100137,11010.48841100137,0.0076080019878651955,250.92789719633345,0.0011977292711019133,39.50362892747256,0.003679820495725263,0.32548578728046096,False
2016,701.5728995967379,22870.49056139965,23252.49056139965,10785.490561399649,11003.490561399649,0.007193996637471044,237.27313052196433,0.0014965755170512057,49.36020627861967,0.004595130256536343,0.3256872892607129,False
2017,701.8529335370077,22814.492706444256,23223.492706444256,10756.492706444258,10981.492706444258,0.007716719781542049,254.5136385511162,0.0012739706037323611,42.018228333061444,0.0039090466815568355,0.3259031440435456,False
2018,702.132967683028,22822.494846165402,23240.494846165402,10759.494846165402,10975.494846165402,0.007882253316915805,259.9732824908869,0.0007499749750824805,24.73575108779977,0.002299152669384754,0.3261962483262025,False
2019,702.4130020104271,22800.496980593285,23215.496980593285,10744.496980593287,10957.496980593287,0.007833671778921641,258.37096125189623,0.0006915997051723747,22.810411984290795,0.0021187909878194106,0.3264124253634598,False
2020,702.6930364948341,22788.49910975812,23191.49910975812,10723.499109758119,10947.499109758119,0.007613099820157577,251.0960344207226,0.0013652986599212383,45.03041959313944,0.004179103348319064,0.32669655333371794,False
2021,702.9730711118773,22684.50123369011,23090.50123369011,10668.501233690107,10883.501233690107,0.007704125571191452,254.0982550213584,0.0009610934846685853,31.698883294410848,0.0029378186213896706,0.32714527631864526,False
2022,703.2531058371853,22615.503352419466,23015.503352419466,10631.503352419464,10839.503352419464,0.007614219151913136,251.13295233479982,0.0008004844044933223,26.401658238043012,0.002444889096580864,0.32741133559505264,False
2023,703.533140646387,22607.505465976403,23000.505465976403,10631.505465976403,10832.505465976403,0.0074847357919965996,246.86231895725928,0.0006494142485261589,21.419046952395888,0.0019839549024807876,0.327333170584732,False
2024,703.8131755151109,22560.507574391137,22970.507574391137,10594.507574391138,10810.507574391138,0.007821725479056947,257.97694717183873,0.0009435841253972281,31.121387821851215,0.0028785685799252343,0.32779629847197733,False
2025,704.0932104189857,22515.509677693884,22974.509677693884,10581.509677693884,10820.509677693884,0.008764469017528132,289.07061066999773,0.0009356153007610765,30.858559235283394,0.002857134254052521,0.32746634129425745,False
2026,704.3732453336398,22461.511775914863,22994.511775914863,10576.511775914863,10831.511775914863,0.01018520980642973,335.9296282134688,0.00016140912739829628,5.323612295442388,0.0004935820130674023,0.32701582133272483,False
2027,704.6532802347023,22458.513869084294,23034.513869084294,10560.513869084294,10835.513869084294,0.01099803651291672,362.7383615141594,0.0001664245858496935,5.489032657410235,0.0005079917839070858,0.3276127510757799,False
2028,704.9333150978015,22460.5159572324,23033.5159572324,10535.5159572324,10837.5159572324,0.010940507480411003,360.8409330989954,0.001333433235786722,43.97943092566845,0.0040641408241965165,0.3280972026972866,False
2029,705.2133498985661,22427.5180403894,22984.5180403894,10502.518040389403,10814.518040389403,0.010654186824308397,351.3974760291503,0.002059546415079999,67.92816983204864,0.0062703492745247065,0.32845800527373537,False
2030,705.4933846126249,22420.52011858553,22960.52011858553,10507.520118585528,10815.520118585528,0.010336038513553933,340.9042760087617,0.0022111407791801565,72.92807060378095,0.006740463266648717,0.32803988267701234,False
2031,705.7734192156064,22388.522191851003,22916.522191851003,10492.522191851005,10774.522191851005,0.010123281951831964,333.88711739960684,0.0013948416127639984,46.00480827569078,0.00424676400185711,0.3284481106447248,False
2032,706.0534536831393,22356.52426021606,22871.52426021606,10469.524260216062,10733.524260216062,0.009890823625809071,326.2201531916924,0.0009245710118928191,30.494295373870045,0.002810117670349781,0.32901505216247257,False
2033,706.3334879908522,22327.52632371093,22847.52632371093,10458.526323710927,10721.526323710927,0.009998576306797742,329.7740631014007,0.0007875460603742647,25.974924453249514,0.0023939291583832444,0.3289763431872558,False
2034,706.6135221143738,22335.528382365836,22837.528382365836,10473.528382365836,10739.528382365836,0.009652869245446498,318.37191755922623,0.0012393269016659821,40.8756062195975,0.0037751720688308185,0.3282835534566257,False
2035,706.8935560293327,22348.53043621102,22854.53043621102,10489.530436211018,10752.530436211018,0.009723332134775275,320.69593175872956,0.0010313009731253014,34.01447383631387,0.0031444281626321897,0.32797727274583466,False
2036,707.1735897113575,22306.53248527671,22811.53248527671,10463.532485276712,10725.532485276712,0.009722397134893625,320.6650934973101,0.001018138496898779,33.58034770350184,0.0031017670453072077,0.3282446689344911,False
2037,707.453623136077,22318.534529593155,22846.534529593155,10453.534529593153,10729.534529593153,0.01015465882398075,334.9219925956769,0.0011630647992037259,38.36032178129841,0.003537075962367169,0.32882098421922246,False
2038,707.7336562791197,22350.53656919058,22881.53656919058,10464.53656919058,10764.53656919058,0.010197231681449129,336.32613492098363,0.002078105792709329,68.54029711713991,0.006325488526772881,0.3285289007977271,False
2039,708.0136891161144,22347.53860409923,22865.53860409923,10448.538604099233,10762.538604099233,0.009951739594754896,328.2292898898207,0.0029074310009274632,95.8931856839423,0.008844692158306787,0.32872042903119614,False
2040,708.2937216226894,22427.540634349352,22971.540634349352,10465.54063434935,10785.54063434935,0.01040847083252637,343.29324613755466,0.002671780265232831,88.1209290947699,0.008104061783417257,0.3296840938083539,False
2041,708.5737537744739,22485.54265997118,23036.54265997118,10484.542659971177,10791.542659971177,0.010513927254458766,346.7714205969664,0.0020201135105339073,66.62758975414158,0.006115184712927668,0.3303438253080617,False
2042,708.853785547096,22569.544680994957,23111.544680994957,10514.544680994957,10808.544680994957,0.010306175223896244,339.9193219447222,0.0016705761260740384,55.09911210469875,0.005048628214663182,0.33089703876828064,False
2043,709.1338169161846,22697.546697450933,23222.546697450933,10577.546697450933,10859.546697450933,0.009930926580469882,327.5428329307944,0.001495819278005666,49.3352639253215,0.004521194207701722,0.33084605732210787,False
2044,709.4138478573684,22833.548709369355,23362.548709369355,10650.548709369355,10938.548709369355,0.00994680661518823,328.06658985483773,0.0016409155208063422,54.12084299787358,0.004966737364024,0.33038097256604065,False
2045,709.693878346276,22741.550716780468,23263.550716780468,10620.550716780468,10888.550716780468,0.009855926500087637,325.069172633401,0.0009671146399582841,31.897473652029873,0.002928968656169024,0.3301894808335819,False
2046,709.9739083585359,21871.55271971452,22359.55271971452,10202.552719714522,10456.552719714522,0.009583495825718609,316.08383635717047,0.001096188008684303,36.15458465832643,0.003315525806335369,0.33062267426472336,False
2047,710.253937869777,20964.55471820177,21432.55471820177,9760.554718201767,10006.554718201767,0.009588298638570239,316.24224322028766,0.0012217754259663694,40.29672165870727,0.0036867063617046707,0.33140025434557285,False
2048,710.5339668556278,20286.556712272457,20744.556712272457,9439.556712272455,9698.556712272455,0.009695819476122186,319.7885064461296,0.00205969017372405,67.93291129430293,0.006218366350101171,0.33122689429363383,False
2049,710.8139952917168,19488.55870195684,19949.55870195684,9062.55870195684,9335.55870195684,0.01015357166094366,334.88613567355173,0.0027359097798591234,90.23605528415078,0.008261571637986577,0.3311609339897814,False
2050,711.0940231536729,18841.56068728517,19280.56068728517,8753.560687285173,9027.560687285173,0.010002785727754985,329.9128986525612,0.003382883904180227,111.57462181124606,0.010212766915330504,0.33124068454966304,False
2051,711.3740504171246,18064.562668287712,18448.562668287712,8385.562668287712,8641.562668287712,0.009135083796494395,301.29426509388196,0.003924991058515754,129.4544552431339,0.01184607041467417,0.3313327475796295,False
2052,711.6540770577005,17151.56464499471,17456.56464499471,7959.56464499471,8177.56464499471,0.007655036499491189,252.47919425393044,0.004079635190930744,134.55494378434858,0.012311248463775277,0.33137461265075574,False
2053,711.9341030510295,16272.566617436427,16521.566617436427,7547.566617436427,7732.566617436427,0.006595167702862555,217.52249355035224,0.003921547567129065,129.34088165915574,0.011822989292181018,0.33168832942465154,False
2054,712.21412837274,15751.56858564312,15980.56858564312,7314.568585643119,7478.568585643119,0.006268418820323705,206.7456285945464,0.003361345623415421,110.86424403924266,0.010141200201137327,0.3314544192745992,False
2055,712.4941529984609,16075.570549645048,16299.570549645048,7453.570549645048,7617.570549645048,0.006009766321732158,198.21472551648787,0.003442352271166573,113.53601355396438,0.010366006468689109,0.3320808530811089,False
2056,712.7741769038204,15758.572509472473,15983.572509472473,7305.572509472473,7469.572509472473,0.006156981199750122,203.07018163177054,0.0034845106695000497,114.92648614582993,0.010491710394860182,0.33212036344494295,False
2057,713.0542000644475,15418.574465155656,15676.574465155656,7159.574465155656,7315.574465155656,0.007206947160438622,237.70026599078128,0.002154277741698762,71.05260810440714,0.006487227667694382,0.3320798732603154,False
2058,713.3342224559708,14977.576416724858,15259.576416724858,6965.576416724857,7121.576416724857,0.008100934342337352,267.1858423657778,0.001518143353740625,50.071558867141846,0.004576506055625818,0.3317254113264852,False
2059,713.6142440540189,14471.578364210342,14757.578364210342,6720.578364210342,6878.578364210342,0.00849919737062251,280.32139416742507,0.00159284249410142,52.53529353006712,0.004793201918633511,0.3323128299496972,False
2060,713.8942648342203,14517.580307642374,14804.580307642374,6731.5803076423745,6896.5803076423745,0.008501863043425466,280.4093136595764,0.0020149034130789965,66.45574978871656,0.006054947566828357,0.3327697541292539,False
2061,714.1742847722039,13827.582247051218,14114.582247051218,6428.582247051218,6579.582247051218,0.008921778395761831,294.25900462052573,0.0011613371051975834,38.303338801450195,0.003497472627733698,0.33205037717482005,False
2062,714.4543038435983,13199.584182467139,13462.584182467139,6162.58418246714,6292.58418246714,0.00856818185053616,282.5966473168754,0.0004979875204763774,16.424675169967543,0.001506549519873224,0.330548391478219,False
2063,714.734322024032,12656.586113920406,12899.586113920406,5908.586113920406,6027.586113920406,0.008259197723081008,272.4057013243493,0.00040065649787795685,13.214493459770154,0.0012117873439083551,0.3306326806366263,False
2064,715.0143392891338,12452.588041441284,12689.588041441284,5814.588041441284,5930.588041441284,0.008187902323791667,270.0542291964527,0.0003909044401864542,12.89285009877085,0.00118260503845841,0.3305452179503813,False
2065,715.2943556145322,12263.589965060042,12504.589965060042,5715.589965060042,5846.589965060042,0.008451834067271163,278.75925286762225,0.0013897376937396146,45.836470298086226,0.004200358477068192,0.3308616874790262,False
2066,715.5743709758559,11975.59188480695,12229.59188480695,5583.5918848069505,5726.5918848069505,0.009114977082412292,300.6311034001551,0.0018675890300415277,61.597011788736154,0.0056516620132198,0.33044952540917183,False
2067,715.8543853487336,11608.593800712277,11862.593800712277,5410.593800712277,5552.593800712277,0.009400044580458424,310.0332286832227,0.0018509287151808294,61.0475195854886,0.005598539312101631,0.3306092200120697,False
2068,716.1343987087938,11137.595712806293,11381.595712806293,5183.595712806293,5334.595712806293,0.009411705669711503,310.4178359178108,0.003058683933738777,100.88182533409719,0.00925105047607569,0.3306309852755528,False
2069,716.4144110316654,10715.59762111927,10955.59762111927,4975.59762111927,5132.59762111927,0.009619675887439777,317.2771308413999,0.0038722909324640786,127.71629431294218,0.01169046426364857,0.3312350001791584,False
2070,716.6944222929768,10281.599525681479,10518.599525681479,4767.599525681479,4913.599525681479,0.009897236708048063,326.4316701239099,0.003202752571788455,105.63351184198791,0.009642211616504819,0.33215953965439027,False
2071,716.9744324683568,9722.601426523192,9944.601426523192,4507.601426523192,4636.601426523192,0.009804899136354177,323.386182920526,0.0024493577002649147,80.78496538111216,0.007364002264467671,0.3326122959091694,False
2072,717.254441533434,9705.603323674683,9929.603323674683,4501.6033236746825,4634.6033236746825,0.00990936191847111,326.83158505024284,0.002735984029988814,90.2385042094981,0.008233789989562163,0.33228732254006654,False
2073,717.5344494638371,10499.605217166223,10753.605217166223,4859.605217166223,5010.605217166223,0.010381118756468178,342.3911171764709,0.0029080778713925955,95.91452083157151,0.008729874647231446,0.33311794142598034,False
2074,717.8144562351945,12227.607107028089,12524.607107028089,5642.60710702809,5817.60710702809,0.010422635384377201,343.7604228307689,0.0028419408402546083,93.73318252793621,0.008497592827367513,0.3344406937340888,False
2075,718.0944618231351,14581.608993290554,14941.608993290554,6703.608993290554,6924.608993290554,0.010591918753790333,349.3437441791202,0.0034946617709610776,115.2612908091179,0.01040854079680436,0.3357494426148584,False
2076,718.3744662032875,17584.610875983893,18016.610875983893,8054.610875983894,8336.610875983893,0.010540336323831796,347.642447215421,0.004404630104777298,145.27395916592883,0.013074546381739572,0.3368858831637156,False
2077,718.6544693512803,20634.612755138383,21140.612755138383,9436.612755138383,9754.612755138383,0.010521248077116744,347.0128767162266,0.003872651574465858,127.72818904421212,0.011462844203453863,0.337843863680795,False
2078,718.9344712427421,21791.614630784297,22333.614630784297,9978.614630784297,10303.614630784297,0.010669607951641307,351.9060972230217,0.0032497484536209847,107.1835348077986,0.00962619509964128,0.3375942851752596,False
2079,719.2144718533017,22031.616502951914,22592.616502951914,10099.616502951914,10410.616502951914,0.010920167118774984,360.1700652178251,0.002251398192579272,74.25584471673676,0.006668521791851377,0.33761578095618966,False
2080,719.4944711585877,21988.61837167151,22561.61837167151,10093.61837167151,10395.61837167151,0.011172307039617182,368.4861697926001,0.0016311403917901954,53.7984386960926,0.004835365488325964,0.33733549112849115,False
2081,719.7744691342285,21938.62023697336,22488.62023697336,10067.62023697336,10366.62023697336,0.010753500159935769,354.67303858976453,0.001956863984198179,64.54148742827448,0.005801483748653921,0.3373040534074093,False
2082,720.054465755853,21885.622098887743,22376.622098887743,10044.622098887743,10337.622098887743,0.009635631529925963,317.80338146855024,0.002851418301440003,94.04576911897607,0.008466216801890745,0.33679958453263337,False
2083,720.3344609990899,21784.623957444936,22224.623957444936,9992.623957444936,10277.623957444936,0.008684353786939448,286.4282419670081,0.0035288253387287735,116.3880770841933,0.010480431532369147,0.3367061106052631,False
2084,720.6144548395675,21686.62581267522,22129.62581267522,9932.625812675218,10228.625812675218,0.00878208446490057,289.6516051511228,0.003971132114827429,130.97628426646673,0.011778799581248276,0.33714234523095454,False
2085,720.8944472529149,21573.627664608866,22073.627664608866,9870.627664608866,10182.627664608866,0.009950533597254363,328.18951355730724,0.0035645602030845713,117.5666880235305,0.010552400981340247,0.33779612899355926,False
2086,721.1744382147605,21476.62951327616,22021.62951327616,9824.629513276157,10130.629513276157,0.010883326572889911,358.9549865775657,0.0024369243979656084,80.37488893710645,0.0072006433642061605,0.33843148100895687,False
2087,721.4544277007328,21406.631358707375,21946.631358707375,9781.631358707373,10077.631358707373,0.01081953859891868,356.8511251168897,0.0021276376576993133,70.17396213799208,0.00627486198570287,0.3390732198647695,False
2088,721.7344156864607,21381.63320093279,21921.63320093279,9782.633200932789,10063.633200932789,0.010832031723923701,357.2631746394741,0.0014669975173884076,48.38466167827676,0.004329321420625998,0.3388516062584901,False
2089,722.0144021475728,21336.635039982688,21900.635039982688,9761.635039982688,10039.635039982688,0.01133077927300589,373.71291715040303,0.0008645798067848896,28.51565933092246,0.002549096540105478,0.33917107225335397,False
2090,722.2943870596977,21261.636875887343,21842.636875887343,9722.636875887345,10002.636875887345,0.011708369247570218,386.16662818662087,0.000622067834027731,20.517104721453506,0.0018322972258204505,0.3395015968270032,False
2091,722.574370398464,21200.63870867704,21788.63870867704,9686.63870867704,9973.63870867704,0.01188115257185447,391.8653854033505,0.0007993776757453143,26.365155997645616,0.0023526597298569704,0.3397761544521835,False
2092,722.8543521395004,21162.640538382053,21765.640538382053,9665.640538382053,9967.640538382053,0.01220159726031684,402.4343247874159,0.0011601305853217048,38.26354523989971,0.003414567599016776,0.3397591500767957,False
2093,723.1343322584355,21134.64236503266,21692.64236503266,9646.642365032661,9931.642365032661,0.011317553124220097,373.27669096274985,0.001327341248988357,43.778504396009225,0.0039044609900233365,0.3399550545849924,False
2094,723.414310730898,21126.644188659146,21615.644188659146,9636.644188659146,9893.644188659146,0.00993766483044786,327.76507457852983,0.001492798737109259,49.23564013753327,0.004388541335379967,0.34015829475604337,False
2095,723.6942875325166,21108.646009291784,21553.646009291784,9599.646009291786,9861.646009291786,0.009060368992774277,298.8300138204426,0.0026338216211107667,86.86897322446816,0.007726349149474235,0.34088824749655455,False
2096,723.9742626389199,21067.64782696086,21501.64782696086,9566.64782696086,9836.64782696086,0.008855694370828318,292.07941457293043,0.003231641870616607,106.58634164118985,0.009470278051453094,0.3412404422614342,False
2097,724.2542360257363,21021.649641696644,21460.649641696644,9548.649641696646,9825.649641696646,0.00897607086359578,296.049684329719,0.003443244812957545,113.56545145830842,0.010097396988947483,0.3410032126820891,False
2098,724.5342076685947,21048.651453529423,21485.651453529423,9568.651453529423,9840.651453529423,0.00892424954782694,294.34050840987004,0.003248864920862845,107.15439404029394,0.009534478113700673,0.34074910887826704,False
2099,724.8141775431238,21035.653262489468,21448.653262489468,9565.65326248947,9814.65326248947,0.008444024917346893,278.5016906886805,0.0027163018563272218,89.58934475120225,0.007968423527938282,0.34088321821794865,False
2100,725.0941456249523,20998.655068607066,21410.655068607066,9553.655068607066,9789.655068607066,0.008438475197896807,278.3186492759863,0.002159357644675331,71.22015398227433,0.0063334998357270945,0.34094224373299187,False
2101,725.3741118897084,20939.656871912488,21393.656871912488,9506.656871912488,9748.656871912488,0.009315465145451148,307.2436211349753,0.0016015004408660334,52.82085081293161,0.004680820130237189,0.3421409916011623,False
2102,725.6540763130213,20873.658672436017,21379.658672436017,9466.658672436017,9711.658672436017,0.010402189815252214,343.0860849854715,0.0006945018158993118,22.90612969615546,0.002024464325891088,0.3430546080843484,False
2103,725.9340388705192,20853.660470207928,21390.660470207928,9457.660470207928,9706.660470207928,0.011041896024464187,364.1849403954764,0.0002442238581831669,8.055016189115634,0.0007114494620774943,0.34327646755120456,False
2104,726.213999537831,20821.6622652585,21362.6622652585,9432.662265258501,9693.662265258501,0.011139976741934813,367.41984861838,0.0007136228676038938,23.536782172859205,0.002077357743098438,0.3435243014713032,False
2105,726.4939582905853,20801.66405761801,21333.66405761801,9396.66405761801,9671.66405761801,0.010967373614881705,361.7270346850991,0.0015601288427231127,51.45632854516498,0.004530723413326393,0.34434431334613036,False
2106,726.7739151044107,20799.665847316737,21336.665847316737,9393.665847316735,9693.665847316735,0.011070197847172735,365.1183939974086,0.002582739785086713,85.18418690095149,0.007509495190445318,0.34392988071593067,False
2107,727.0538699549359,20787.667634384954,21335.667634384954,9384.667634384954,9686.667634384954,0.011300472876475263,372.71334849030575,0.0024550294143497343,80.97203043328648,0.007133408957459227,0.34415935340179415,False
2108,727.3338228177894,20735.66941885294,21295.66941885294,9360.66941885294,9653.66941885294,0.011573236008356053,381.70964991408306,0.0018122787271025072,59.77276173833957,0.0052605293338878365,0.3445050131035251,False
2109,727.6137736686001,20667.67120075097,21231.67120075097,9309.671200750969,9601.671200750969,0.01169263617869134,385.6477185048781,0.0017198509194662395,56.724298363904495,0.004977900091783667,0.3454972755087954,False
2110,727.8937224829964,20689.672980109317,21203.672980109317,9299.672980109319,9587.672980109319,0.01065747128741767,351.50580452626997,0.002588064248038209,85.35979888084444,0.00748012921601702,0.34599191715785466,False
2111,728.173669236607,20643.674756958262,21129.674756958262,9281.674756958262,9557.674756958262,0.01010580403167036,333.3106588549703,0.0026200975184206277,86.41632347037563,0.007575807061669002,0.3458506132867912,False
2112,728.4536139050607,20598.676531328078,21102.676531328078,9269.676531328078,9554.676531328078,0.010498224216404829,346.25350139495333,0.0026531850587153596,87.50762009763713,0.0076804148229494456,0.3454481456896724,False
2113,728.7335564639859,20544.678303249035,21102.678303249035,9241.678303249035,9549.678303249035,0.011638233154342655,383.8533924094446,0.002599661805787754,85.74231071290586,0.0075211104528481254,0.34564866745219824,False
2114,729.0134968890115,20503.68007275141,21089.68007275141,9235.68007275141,9533.68007275141,0.012238174852176922,403.64073065121505,0.0015535187206869548,51.23831282626929,0.004495314986694777,0.34558617700540584,False
2115,729.2934351557661,20451.681839865472,21039.681839865472,9214.681839865474,9497.681839865474,0.012310140240483993,406.01430042519956,0.0008271322407633012,27.280559890634947,0.0023916953480044747,0.34583511710779713,False
2116,729.5733712398782,20409.683604621503,20990.683604621503,9198.683604621501,9492.683604621501,0.01219031026216418,402.06205586364024,0.0014730143818818577,48.58311051641658,0.004264982379810137,0.34537408380745327,False
2117,729.8533051169765,20377.685367049762,20974.685367049762,9172.685367049764,9497.685367049764,0.01254060245214267,413.6154285856504,0.0025806790195030734,85.11621852037774,0.007472258288567898,0.34536801591178345,False
2118,730.1332367626896,20353.687127180532,20942.687127180532,9151.687127180532,9479.687127180532,0.012389310297011402,408.6254953009401,0.0029035292999915266,95.76449938589656,0.008399224480499665,0.34569016541141395,False
2119,730.4131661526463,20333.688885044077,20933.688885044077,9138.688885044076,9449.688885044076,0.01262959106379538,416.5504600475311,0.0019040266936428806,62.79880252444025,0.005496925971660048,0.34638026843717395,False
2120,730.6930932624751,20312.690640670666,20919.690640670666,9108.690640670666,9413.690640670666,0.012787803592296487,421.7686417922545,0.001516166181116779,50.0063475580904,0.00436239754435482,0.3475534188943372,False
2121,730.9730180678048,20266.692394090573,20847.692394090573,9074.692394090573,9381.692394090573,0.012275114572237032,404.85908026422635,0.002174162045318973,71.70843423360526,0.006250036742724838,0.3478638822163308,False
2122,731.2529405442638,20247.694145334062,20772.694145334062,9044.694145334062,9354.694145334062,0.0111172547566753,366.6704297840541,0.0035184525407676685,116.04596040433779,0.010104036764979079,0.3482224602510098,False
2123,731.532860667481,20192.695894431403,20683.695894431403,8985.695894431403,9303.695894431403,0.010433839084225438,344.12994440137584,0.004669950738099013,154.02479134347112,0.01336916392951073,0.34930761285608075,False
2124,731.8127784130849,20091.697641412862,20605.697641412862,8915.697641412862,9239.697641412862,0.010970689029168335,361.83638401710584,0.004531738827726844,149.4662720249309,0.012925835323788553,0.3505954326515893,False
2125,732.0926937567042,20083.699386308705,20618.699386308705,8914.699386308706,9242.699386308706,0.01141755459548473,376.5749496831074,0.0042745706228987344,140.98432407510114,0.012192167676664907,0.35059972404087025,False
2126,732.3726066739674,20040.701129149198,20577.701129149198,8896.7011291492,9219.7011291492,0.011483943865906782,378.76460736852533,0.004003897724558796,132.0569629470666,0.011417461313239424,0.35068196113929184,False
2127,732.6525171405034,19970.702869964607,20493.702869964607,8846.702869964607,9167.702869964607,0.011227085096034959,370.29286523397064,0.004252002971976223,140.23999551161262,0.012097221766366878,0.35148590759886633,False
2128,732.9324251319407,19914.704608785192,20426.704608785192,8834.704608785192,9160.704608785192,0.011024439615766907,363.6091913441493,0.004712406413593207,155.42506876095888,0.013439994048491406,0.35062563246612144,False
2129,733.212330623908,19831.706345641218,20355.706345641218,8794.706345641216,9119.706345641216,0.011326093980154524,373.55838634391574,0.004433417313347303,146.22342181382834,0.012633624897543966,0.35092203142814377,False
2130,733.4922335920337,19829.708080562945,20372.708080562945,8798.708080562943,9121.708080562943,0.011732441383526878,386.96057782888755,0.003924819021366146,129.4487810963264,0.0111838915935063,0.35093500223526963,False
2131,733.7721340119468,19782.70981358063,20338.70981358063,8771.709813580632,9089.709813580632,0.01203761947143132,397.0259926369279,0.003428143365466072,113.06737397755865,0.009753245348274816,0.3514874529504636,False
2132,734.0520318592758,19782.71154472454,20338.71154472454,8789.711544724543,9090.711544724543,0.012037618432508996,397.0259583710859,0.002585636150774038,85.27971512933402,0.007366099088348675,0.3510183775376939,False
2133,734.3319271096493,19724.713274024933,20253.713274024933,8766.713274024933,9050.713274024933,0.011493958648551787,379.09491595072575,0.002352045385055278,77.57540067991874,0.00670102460043777,0.35099787350454165,False
2134,734.611819738696,19678.715001512064,20164.715001512064,8742.715001512062,9033.715001512062,0.01059535220718256,349.45698668894175,0.003624711659597716,119.55060949466235,0.010340422579890885,0.3505380589229231,False
2135,734.8917097220445,19640.716727216186,20121.716727216186,8708.716727216186,9003.716727216186,0.010507698751280221,346.56599147013833,0.003959959855646747,130.60779967516237,0.01127476770736001,0.35122318777900324,False
2136,735.1715970353235,19632.71845116756,20132.71845116756,8700.718451167559,8989.718451167559,0.010921981626466775,360.229911495504,0.003268993224463437,107.81826780172054,0.009292434533954596,0.35179082645333914,False
2137,735.4514816541617,19632.720173396436,20163.720173396436,8683.720173396436,8972.720173396436,0.011590185190638536,382.2686695720859,0.002628118519352001,86.68087294083188,0.007445926090715278,0.3529605971551534,False
2138,735.7313635541876,19582.72189393307,20134.72189393307,8645.72189393307,8931.72189393307,0.012072579115308495,398.1790351754058,0.0020613513985196074,67.98770197987108,0.005822350251181767,0.3540411190654862,False
2139,736.0112427110299,19582.723612807713,20143.723612807713,8658.723612807713,8933.723612807713,0.012266659554071111,404.58021599309245,0.001311975650395019,43.271714656687436,0.003708626395454385,0.35376322942723226,False
2140,736.2911191003174,19503.725330050616,20025.725330050616,8612.725330050616,8868.725330050616,0.011470682979195661,378.32723545107746,0.00124992448132916,41.225136672467045,0.0035273525666265236,0.3543520126553604,False
2141,736.5709926976783,19452.727045692027,19922.727045692027,8596.727045692027,8831.727045692027,0.010368291926466836,341.96806136167686,0.0013442086221191023,44.334825816229,0.0037974649880162664,0.35397525095321414,False
2142,736.8508634787418,19419.728759762194,19872.728759762194,8595.728759762194,8823.728759762194,0.010014345238766533,330.2941556232313,0.0013551014731211213,44.69409493849912,0.0038357402787284403,0.353282906206137,False
2143,737.1307314191362,19370.73047229137,19809.73047229137,8547.730472291369,8790.730472291369,0.00973256832572769,321.0005607503478,0.0024415767705029835,80.52833396244176,0.0068956604500983254,0.35407439043321354,False
2144,737.4105964944902,19348.73218330979,19765.73218330979,8518.73218330979,8772.73218330979,0.009260393232880876,305.42723370002454,0.0034995131864212145,115.42130068842403,0.009870913554664311,0.35452779188483385,False
2145,737.6904586804325,19373.733892847704,19800.733892847704,8538.733892847706,8777.733892847706,0.009467957009281448,312.27312333430683,0.002520974453305175,83.1470364311835,0.0071101618238501325,0.3545593638739539,False
2146,737.9703179525917,19362.735600935357,19820.735600935357,8534.735600935357,8765.735600935357,0.010153053101142671,334.8690324813286,0.0014452423054331122,47.66712905963266,0.004070485655742296,0.3550540224590368,False
2147,738.2501742865966,19296.737307602987,19774.737307602987,8486.737307602987,8718.737307602987,0.010626838232316636,350.4954619799007,0.0010859949489940655,35.81839612444492,0.0030488336881131354,0.3562001276842906,False
2148,738.5300276580756,19230.739012880837,19707.739012880837,8439.739012880835,8680.739012880835,0.010640828388897718,350.95688675054845,0.0015868540456229537,52.33778191183063,0.004446544537655975,0.35687353003765804,False
2149,738.8098780426574,19165.74071679914,19655.74071679914,8404.740716799139,8667.740716799139,0.010963806124826657,361.60937136439946,0.002417785257257587,79.74363984704729,0.006776448394672631,0.3567923957272886,False
2150,739.0897254159709,19168.742419388138,19660.742419388138,8413.742419388138,8679.742419388138,0.011006291845350995,363.01063973013424,0.002511333096087049,82.82904420448301,0.007047402711940648,0.3563487427548328,False
2151,739.3695697536444,19143.744120678064,19628.744120678064,8409.744120678064,8660.744120678064,0.010865632841361174,358.3714101204164,0.0019067929112313257,62.89003819495713,0.00535178969990595,0.3562907023915448,False
2152,739.6494110313067,19176.745820699154,19640.745820699154,8415.745820699154,8656.745820699154,0.01038306338156933,342.45525499981085,0.001878992484480764,61.973121685628314,0.00526707884535158,0.3567428055760081,False
2153,739.9292492245864,19140.74751948164,19578.74751948164,8378.74751948164,8619.74751948164,0.009826011281260682,324.0825058362065,0.0024894300061578858,82.10663425942874,0.006962757431767882,0.35753507580197375,False
2154,740.2090843091123,19092.749217055753,19543.749217055753,8356.749217055753,8603.749217055753,0.010139413044827062,334.4191547533293,0.002510960649593521,82.81676013626264,0.007022180819595189,0.35757561847264874,False
2155,740.488916260513,19055.75091345172,19540.75091345172,8344.75091345172,8590.75091345172,0.010915181493140937,360.00562880488053,0.0017025677309164301,56.154262477141,0.004758947454265242,0.35776140570547615,False
2156,740.768745054417,19018.752608699775,19503.752608699775,8319.752608699773,8569.752608699773,0.01093615031898486,360.69722475662763,0.0019217220323121606,63.382431988462656,0.0053662784535904486,0.358110755700048,False
2157,741.0485706664529,18934.754302830133,19416.754302830133,8283.754302830135,8528.754302830135,0.010916961047765553,360.0643222569344,0.0017414331607895923,57.43612604753167,0.004862141669010414,0.35816174832767145,False
2158,741.3283930722497,18883.75599587303,19391.75599587303,8260.75599587303,8512.75599587303,0.011528757732662997,380.2426628906334,0.0015216332312469466,50.1866623628469,0.0042467212880507605,0.35830776922621504,False
2159,741.6082122474356,18798.75768785868,19329.75768785868,8212.757687858682,8468.757687858682,0.01209725992713747,398.99306022734726,0.0012334374394371173,40.681359375936836,0.0034355347438937843,0.35902342179172886,False
2160,741.8880281676396,18761.75937881731,19324.75937881731,8210.75937881731,8461.75937881731,0.012840533231985326,423.50777614423623,0.0002368131494977204,7.810595439733561,0.0006600661746181437,0.3587718301649372,False
2161,742.1678408084902,18668.761068779135,19238.761068779135,8151.761068779137,8409.761068779137,0.013061603610165989,430.79914189542177,0.0004706116967928241,15.521762962283049,0.0013086042123290596,0.3596287497464396,False
2162,742.4476501456159,18619.762757774377,19183.762757774377,8110.762757774375,8375.762757774375,0.01295965179239051,427.43655664760644,0.0010030173826740176,33.081621572549636,0.0027829826516384162,0.36041093611687247,False
2163,742.7274561546457,18566.764445833243,19127.764445833243,8056.764445833243,8342.764445833243,0.012927987291794646,426.3921948607713,0.002221327917249296,73.26406383015166,0.0061453489243228805,0.3614648972098929,False
2164,743.0072588112077,18503.766132985955,19069.766132985955,8025.766132985955,8323.766132985955,0.013085236197593003,431.57859430327176,0.0027481329989884704,90.63920274362692,0.007604140330721016,0.3613995638515387,False
2165,743.2870580909313,18428.76781926272,19002.76781926272,7972.767819262721,8282.76781926272,0.013320563587196377,439.3401862586974,0.0032458070205188382,107.05353805939626,0.008959776651508631,0.36226427809138695,False
2166,743.5668539694444,18385.76950469375,18960.76950469375,7947.7695046937515,8249.769504693752,0.01337414755356589,441.10749810035924,0.002822403614814603,93.08880376666224,0.0077789593444431105,0.36282534589035786,False
2167,743.8466464223761,18343.771189309253,18929.771189309253,7934.771189309255,8218.771189309255,0.013656739936452174,450.42798888288775,0.0016157421584781506,53.29057259515156,0.004449286568252516,0.3631463457551001,False
2168,744.126435425355,18328.772873139435,18911.772873139435,7919.772873139435,8198.772873139435,0.013598853884564726,448.5187852180777,0.0014372747599630704,47.4043426626518,0.003951792016498283,0.36370202529956325,False
2169,744.4062209540097,18314.7745562145,18897.7745562145,7898.774556214499,8183.774556214499,0.013609086573000207,448.85628079127486,0.0017848519654505204,58.868169489387185,0.004898736777644028,0.36434943261207786,False
2170,744.6860029839685,18249.776238564646,18826.776238564646,7858.776238564647,8146.776238564647,0.013518417008325226,445.86580796544115,0.002112447657513521,69.67296400325017,0.005789964424702802,0.364846396724096,False
2171,744.9657814908605,18203.77792022008,18784.77792022008,7850.77792022008,8136.77792022008,0.013644536433990995,450.02549172057127,0.001895234001582615,62.5088010584974,0.005202381714528577,0.36430121924537695,False
2172,745.2455564503144,18122.779601210994,18689.779601210994,7810.779601210995,8098.779601210995,0.01337937115916862,441.2797835928929,0.0023458257738555865,77.37026482924392,0.006438252795356609,0.3643575125766172,False
2173,745.5253278379585,18041.781281567586,18559.781281567586,7772.781281567588,8050.781281567588,0.01229344033934566,405.46350258330733,0.0029681405737344204,97.8955150035764,0.008149331640285895,0.3642188960701435,False
2174,745.8050956294215,18023.782961320052,18502.782961320052,7760.782961320052,8040.782961320052,0.011391105494284466,375.7026027308457,0.0040016961108992975,131.98434910089537,0.010995496281970055,0.36393956291551,False
2175,746.0848598003323,17988.78464049858,18463.78464049858,7751.784640498581,8039.784640498581,0.011318903440191494,373.32122722178264,0.004523813463670088,149.20487685962343,0.012450695387356086,0.36333821709782615,False
2176,746.3646203263193,17933.786319133364,18432.786319133364,7718.786319133363,8016.786319133363,0.011918997746691721,393.1135988181321,0.004532291815266277,149.48451071633326,0.012456250604917665,0.3638568265057987,False
2177,746.6443771830111,17884.787997254585,18402.787997254585,7698.787997254584,7990.787997254584,0.012399826540527698,408.9723431167211,0.003767421500588241,124.25748001941946,0.010345008055792365,0.3641777251665639,False
2178,746.9241303460366,17864.789674892432,18388.789674892432,7681.78967489243,7968.78967489243,0.012555237958873526,414.09813836073124,0.003374714280814404,111.30517046050477,0.009249640951506191,0.36484813826907225,False
2179,747.2038797910244,17813.791352077085,18334.791352077085,7634.791352077085,7912.791352077085,0.0125196108604951,412.9230817698464,0.0030129304443976164,99.37277908409823,0.008221880352870943,0.36645272311041976,False
2180,747.483625493603,17767.79302883873,18262.79302883873,7603.793028838729,7866.793028838729,0.011933710691808189,393.598862673942,0.0028337264778435026,93.4622555894424,0.007717407206668499,0.36718633628596414,False
2181,747.763367429401,17690.79470520754,18166.79470520754,7552.79470520754,7814.79470520754,0.0115309657425451,380.3154876976707,0.0032789276707344793,108.1459267214446,0.00891012472894546,0.3680001987045753,False
2182,748.0431055740473,17661.79638121369,18126.79638121369,7537.796381213692,7797.796381213692,0.01128618275743382,372.2420303272093,0.003441306134856749,113.50150977954058,0.009349601511998224,0.3680698188516981,False
2183,748.3228399031702,17645.79805688736,18113.79805688736,7532.798056887362,7793.798056887362,0.011368216927397926,374.9476896843142,0.003424606982062565,112.95073661961123,0.009306688244103306,0.36797267644936826,False
2184,748.6025703923987,17603.799732258718,18068.799732258718,7519.799732258718,7777.799732258718,0.011322885146787875,373.4525522746777,0.0033275967277892303,109.75113452301406,0.009048865475568948,0.36773634626057994,False
2185,748.8822970173613,17543.801407357932,17976.801407357932,7492.801407357932,7737.801407357932,0.010588718165397562,349.23818204645124,0.0033846390737962435,111.63251099446029,0.0092027113302546,0.3677871610151445,False
2186,749.1620197536865,17480.803082215167,17884.803082215167,7460.803082215167,7697.803082215167,0.00992278218483456,327.2742136436326,0.003658437485991782,120.66295813912512,0.009942849429325606,0.36794658432637284,False
2187,749.4417385770032,17417.80475686059,17823.80475686059,7431.804756860589,7665.804756860589,0.010006998167065531,330.0518337553581,0.0034564640329594106,114.00144912010387,0.009388205547038597,0.36817089438883377,False
2188,749.72145346294,17398.80643132436,17812.80643132436,7432.806431324359,7648.806431324359,0.01021289208713237,336.8426480178,0.0022279554179330113,73.4826527333729,0.006050072911456615,0.3682526558835485,False
2189,750.0011643871252,17331.808105636635,17728.808105636635,7380.808105636636,7598.808105636636,0.009835667326652761,324.40098250975785,0.00280589577987481,92.54434067171115,0.0075971151141375785,0.369337009867506,False
2190,750.2808713251878,17298.809779827578,17675.809779827578,7341.809779827577,7568.809779827577,0.009363096069216311,308.8145891185503,0.003861366462100474,127.35598231766465,0.010428166013376254,0.3702824118016037,False
2191,750.5605742527564,17251.811453927334,17646.811453927334,7310.811453927334,7548.811453927334,0.00983154245805917,324.26493567327543,0.004081452130060731,134.61487025597006,0.011006309663516985,0.3708283934250613,False
2192,750.8402731454597,17235.81312796606,17660.81312796606,7301.81312796606,7551.81312796606,0.010578918426072816,348.9149660449632,0.004041602189171408,133.30053544287392,0.010894386055192636,0.37098026164081477,False
2193,751.1199679789262,17178.814801973902,17627.814801973902,7257.814801973903,7511.814801973903,0.011205281405233086,369.5737336810663,0.0037337086960830077,123.1455608642217,0.010028212478320631,0.37232046131398594,False
2194,751.3996587287845,17138.81647598101,17592.81647598101,7243.816475981009,7497.816475981009,0.01135454392368939,374.49672528204235,0.003612823252850136,119.15850485129573,0.009706489849407782,0.3722069778984587,False
2195,751.6793453706633,17059.818150017523,17507.818150017523,7189.8181500175215,7444.8181500175215,0.011257629567626269,371.30028610999113,0.003878558369017099,127.92300754429635,0.010389444262794057,0.3733172122503913,False
2196,751.9590278801915,17003.819824113583,17452.819824113583,7166.8198241135815,7418.8198241135815,0.011319110779349661,373.3280657030354,0.0036892266916279445,121.67845085836336,0.009880743999698629,0.37337539478205983,False
2197,752.2387062329973,16909.821498299327,17369.821498299327,7118.821498299327,7379.821498299327,0.01165633225687997,384.45033885452614,0.0039814217548764935,131.31565822358942,0.010652912529023527,0.37374020898315224,False
2198,752.5183804047095,16874.82317260489,17327.82317260489,7110.823172604892,7361.823172604892,0.01150477675006499,379.451719677735,0.003560725927031449,117.44022553984348,0.009532407687011113,0.373538988673691,False
2199,752.7980503709571,16849.82484706041,17292.82484706041,7107.824847060409,7344.824847060409,0.011270551917793425,371.72649238063235,0.002974174394951975,98.09452311011938,0.007965722363582122,0.37337158630451095,False
2200,753.0777161073684,16810.82652169601,17238.82652169601,7100.82652169601,7332.82652169601,0.010918632776482482,360.1194593839082,0.0030438752513427276,100.39340386157181,0.008165816438625614,0.3727582262252078,False
2201,753.357377589572,16725.82819654182,17149.82819654182,7055.828196541819,7298.828196541819,0.010872142218525204,358.58610306166867,0.003833001363542858,126.42044174522772,0.010278261179035667,0.3729231332787051,False
2202,753.6370347931967,16644.829871627964,17068.829871627964,7017.829871627962,7277.829871627962,0.010924389169071302,360.3093173111344,0.004874674315611741,160.77700524847756,0.013081485996935044,0.37263918768508897,False
2203,753.9166876938712,16500.83154698456,16963.83154698456,6952.83154698456,7212.83154698456,0.012018120500489487,396.3828755894126,0.003925961582805729,129.48646517421048,0.01051462202064001,0.37338114247941,False
2204,754.1963362672238,16384.83322264173,16863.83322264173,6908.83322264173,7158.83322264173,0.012514273374904072,412.7470402759288,0.002923262462768224,96.4153405723851,0.00782508760920962,0.3735756848687207,False
2205,754.4759804888837,16258.834898629588,16744.834898629586,6838.834898629588,7079.834898629588,0.012791448812988365,421.88886883274284,0.0022495620354743093,74.19528439590545,0.00599911172107592,0.3749825207573994,False
2206,754.7556203344789,16173.836574978246,16660.836574978246,6791.836574978246,7028.836574978246,0.012883753877799255,424.9332838907976,0.002012464549673087,66.3753109472218,0.005354868661314484,0.3758195909102051,False
2207,755.0352557796386,16142.838251717812,16619.838251717814,6780.838251717813,7008.838251717813,0.012646897573007047,417.1212650987416,0.00171575502524118,56.58920716299889,0.004565137470330111,0.3758386327667612,False
2208,755.3148867999912,16072.839928878397,16517.8399288784,6745.839928878397,6956.839928878397,0.011860633592203587,391.18862632460383,0.0015153454637461088,49.979278574099,0.004026972714335143,0.3762989151507806,False
2209,755.5945133711654,16012.8416064901,16452.8416064901,6720.841606490099,6930.841606490099,0.011772508941191317,388.2820901006465,0.0015898046190529584,52.435098025508694,0.004225396074936312,0.37624984518804455,False
2210,755.8741354687896,15925.843284583023,16392.84328458302,6683.843284583022,6906.843284583022,0.01255184923491855,413.9863711217692,0.0017014943144516813,56.11885894586629,0.004522539331300194,0.3762254321760681,False
2211,756.1537530684928,15829.84496318726,16329.84496318726,6620.844963187261,6862.844963187261,0.013505400108868856,445.4364832605038,0.0020853694976999855,68.77986937567346,0.00552385678544676,0.37752055831609044,False
2212,756.4333661459035,15725.846642332912,16237.846642332912,6564.846642332912,6822.846642332912,0.013914399279691837,458.9261356098787,0.002826625201889952,93.22804058197033,0.007478316527165447,0.3779761382955724,False
2213,756.7129746766504,15683.848322050064,16187.848322050064,6546.848322050064,6808.848322050064,0.013736492856325316,453.05840781691995,0.003304887561594097,109.00213848837643,0.008748460282776104,0.37776791055458436,False
2214,756.992578636362,15638.850002368805,16140.850002368805,6529.850002368805,6797.850002368805,0.013721587416198553,452.5667950710558,0.00374678485123813,123.57683994665649,0.009927145577727193,0.37742821659073034,False
2215,757.2721780006672,15570.85168331922,16055.85168331922,6487.851683319221,6741.851683319221,0.013320979735322683,439.3539116986253,0.003357301286641955,110.73085331146183,0.008869247919655675,0.37853280425295555,False
2216,757.5517727451944,15498.853364931392,15965.853364931392,6445.853364931392,6691.853364931392,0.012892566850518355,425.2239542554978,0.0033734274425237624,111.26272782881028,0.00889306354962582,0.37933243405931816,False
2217,757.8313628455722,15429.855047235396,15886.855047235396,6411.855047235397,6642.855047235397,0.012676086840372861,418.08398849083426,0.0026949933278411966,88.88654469228078,0.007091515646779128,0.38003065382295625,False
2218,758.1109482774295,15408.85673026131,15848.85673026131,6398.856730261311,6619.856730261311,0.01222752234610285,403.2893886098616,0.002518681540949627,83.07141136211129,0.006620988446543518,0.38040868992370813,False
2219,758.3905290163948,15386.858414039205,15818.858414039205,6385.858414039205,6610.858414039205,0.012025181399494243,396.61575888024316,0.003013389276134487,99.38791231922136,0.007921133926760705,0.380423977677498,False
2220,758.6701050380967,15374.860098599147,15813.860098599147,6376.860098599147,6608.860098599147,0.01222671971688411,403.26291621114143,0.0032929496319633635,108.60840047622855,0.008652955100729632,0.3805578087058023,False
2221,758.949676318164,15339.861783971202,15785.861783971202,6348.861783971202,6589.861783971202,0.012446849412807808,410.52325628422557,0.0037335838696803125,123.14144382708196,0.009792781294521578,0.38125878209584946,False
2222,759.2292428322253,15302.863470185433,15724.863470185433,6316.8634701854335,6551.8634701854335,0.01181417984910037,389.6564842336341,0.004049168678667009,133.55009417081823,0.01059307884719843,0.38224662886729094,False
2223,759.5088045559091,15295.865157271897,15708.865157271897,6307.865157271897,6533.865157271897,0.011570765423005372,381.6281648161718,0.00371700117306651,122.59451163676681,0.009709193737649079,0.3828331449040094,False
2224,759.7883614648441,15292.866845260649,15719.866845260649,6304.86684526065,6533.86684526065,0.011959955888415513,394.46448442413134,0.0035344047976630117,116.57209936758579,0.00922710790459907,0.383045785765804,False
2225,760.0679135346592,15299.86853418174,15734.86853418174,6311.868534181741,6544.868534181741,0.012175419596530204,401.57093041160334,0.0035675631107186002,117.6657302292611,0.009320968379397453,0.3827459728974236,False
2226,760.3474607409827,15311.870224065218,15760.870224065218,6328.870224065218,6559.870224065218,0.012551953463709582,413.9898088063811,0.003017103826007138,99.51042598181778,0.007894178858338366,0.3821934972780948,False
2227,760.6270030594433,15311.871914941128,15759.871914941128,6316.871914941128,6545.871914941128,0.01252439599125995,413.0809054405747,0.00294103614971194,97.0015541271826,0.0076778289973518975,0.3830556985218492,False
2228,760.9065404656699,15328.873606839508,15781.873606839508,6316.873606839509,6543.873606839509,0.012648317613486759,417.16810101861597,0.002684397586550067,88.53707487278541,0.006996706993727017,0.38366585723209456,False
2229,761.1860729352908,15342.8752997904,15789.8752997904,6312.875299790399,6539.875299790399,0.012471944891642368,411.3509579256204,0.002870311869308218,94.66891870059669,0.007470016358508253,0.3842443887072576,False
2230,761.4656004439349,15349.876993823833,15773.876993823833,6318.876993823833,6544.876993823833,0.01183355022389556,390.29535990993054,0.0034280372230046756,113.06387317607562,0.008932973214619498,0.3837509797291711,False
2231,761.7451229672307,15400.87868896984,15804.87868896984,6318.87868896984,6540.87868896984,0.01124566675750344,370.9057274869166,0.003750409988861699,123.69640460533822,0.009740558628266895,0.38503027721409,False
2232,762.024640480807,15458.880385258446,15862.880385258446,6337.880385258446,6553.880385258446,0.011204012634545794,369.5318869569074,0.0033504596871187058,110.50520297848783,0.00868988066478365,0.3855587684531363,False
2233,762.3041529602923,15492.882082719674,15935.882082719674,6348.882082719674,6562.882082719674,0.012243892089558237,403.8292971573955,0.0021534481051206176,71.0252449462057,0.005573708377068178,0.3863582303624847,False
2234,762.5836603813153,15530.883781383543,16001.883781383543,6359.8837813835435,6575.8837813835435,0.01297494202760923,427.94086074442333,0.0015300075329316952,50.462864434769756,0.003953691867188797,0.386981986539983,False
2235,762.8631627195047,15544.88548128007,16039.88548128007,6352.885481280069,6575.885481280069,0.013613736304598906,449.00963871290134,0.0013694783726750752,45.168275305306395,0.0035302043042606196,0.3879317610661359,False
2236,763.142659950489,15595.887182439263,16123.887182439263,6364.887182439263,6604.887182439263,0.014459665840578327,476.91017291073075,0.0016150278306755802,53.26701256274174,0.004158029127303051,0.388411860819048,False
2237,763.4221520498969,15612.888884891134,16166.888884891134,6352.888884891133,6599.888884891133,0.015143184520204037,499.45405568658424,0.0014221799616485793,46.90648448573501,0.003648477698155574,0.38980091953625984,False
2238,763.7016389933572,15646.890588665683,16211.890588665683,6368.890588665683,6624.890588665683,0.015405618341213208,508.1096747261249,0.001709303676749185,56.37642812932381,0.0043883479421910915,0.3895096057255054,False
2239,763.9811207564984,15701.892293792913,16276.892293792913,6392.892293792913,6653.892293792913,0.015619495695845944,515.1637994413271,0.0017588834052917439,58.01167179074673,0.004517194635472411,0.3893751647271667,False
2240,764.2605973149491,15758.89400030282,16342.89400030282,6426.89400030282,6695.89400030282,0.01580322957029278,521.223728819923,0.0020042032605784403,66.10283626806722,0.00515852565363781,0.3885224956020271,False
2241,764.540068644338,15827.895708225396,16424.8957082254,6453.895708225396,6721.895708225396,0.016079440649024147,530.3337507782428,0.0015903862171032512,52.45428035169721,0.004090435945398771,0.38880604374021227,False
2242,764.8195347202939,15936.897417590631,16542.89741759063,6494.8974175906305,6763.8974175906305,0.01620779950849164,534.5672957673307,0.0014169168013122568,46.73289439494545,0.0036413080661869645,0.3891230227043099,False
2243,765.0989955184451,15976.899128428508,16606.899128428508,6488.8991284285075,6763.8991284285075,0.016796054490203986,553.9691815465122,0.0012300447569533746,40.56946157637549,0.0031482581453442524,0.3907064478725816,False
2244,765.3784510144205,16009.900840769007,16649.90084076901,6486.900840769007,6767.900840769007,0.01702300931684057,561.454628776588,0.0013937184136136212,45.96776280680331,0.0035585403202042024,0.3916545235417325,False
2245,765.6579011838488,16027.902554642107,16659.902554642107,6472.902554642107,6765.902554642107,0.01679576347390933,553.959583217413,0.0024309060875102005,80.17639240810206,0.00619241043921163,0.3925621712858692,False
2246,765.9373460023585,16094.90427007778,16750.90427007778,6508.904270077781,6804.904270077781,0.017349858765560798,572.2348106164408,0.001964277067306869,64.78598649112587,0.005008376351230886,0.3921983751928142,False
2247,766.2167854455782,16117.905987105994,16789.905987105994,6521.905987105995,6823.905987105995,0.017739646088767037,585.0908158490805,0.0019188546551189116,63.28785986154719,0.004895353875535029,0.3919746567676262,False
2248,766.4962194891368,16152.907705756716,16827.907705756716,6532.9077057567165,6836.9077057567165,0.017779409808101554,586.4023068940659,0.0019737847121136416,65.09956860144314,0.005033145448086945,0.3921572965597209,False
2249,766.7756481086626,16202.909426059905,16920.909426059905,6550.909426059905,6872.909426059905,0.018830696479466696,621.0759510672597,0.0020083293142562006,66.23892219111644,0.005119537636892811,0.3922872448057851,False
2250,767.0550712797844,16236.911148045516,17001.911148045518,6554.911148045516,6894.911148045516,0.01999432809288321,659.4549675727106,0.0019675366808192332,64.89349539630678,0.005007055548600757,0.3929528365965642,False
2251,767.334488978131,16261.912871743503,17062.912871743505,6558.912871743504,6912.912871743504,0.02088154327981603,688.7171893193396,0.0019476781261171076,64.23851852055009,0.004951313732292252,0.3933659290087873,False
2252,767.6139011793309,16267.914597183815,17063.914597183815,6562.914597183816,6916.914597183816,0.02074678506354798,684.2725800918439,0.00206887558937836,68.23586560986246,0.005261627523577182,0.39320069315203243,False
2253,767.8933078590127,16310.916324396396,17097.916324396396,6568.916324396396,6927.916324396396,0.020464827573502015,674.9730294097016,0.0026440762338154553,87.20719190614784,0.00671660525672448,0.39366259185297203,False
2254,768.172708992805,16316.918053411184,17104.918053411184,6561.918053411184,6928.918053411184,0.02048286546636837,675.5679570311754,0.0031517570800490523,103.95157333447025,0.007998744945625953,0.3940314513682005,False
2255,768.4521045563367,16309.919784258116,17112.919784258116,6542.919784258116,6918.919784258116,0.020872289535820994,688.4119813914798,0.0033944101147816118,111.95478046439325,0.008593812664035404,0.3949830241223452,False
2256,768.7314945252364,16328.921516967124,17142.921516967122,6546.921516967123,6918.921516967123,0.021127335217401715,696.823924063174,0.002873934376679578,94.78839660803192,0.007266890035249613,0.395483399740321,False
2257,769.0108788751323,16323.923251568132,17118.923251568132,6530.923251568132,6901.923251568132,0.020651900654592156,681.1430928422377,0.00334364487312324,110.28043608852204,0.008439751015374078,0.3961781416338428,False
2258,769.2902575816536,16317.924988091067,17110.92498809107,6525.924988091067,6908.924988091067,0.02060855502301766,679.7134628025792,0.004159844938797643,137.20042986584417,0.010506172981628361,0.3959429324142829,False
2259,769.5696306204287,16338.926726565845,17141.926726565845,6528.926726565845,6916.926726565845,0.020836109227957346,687.2186787889541,0.004235271249008906,139.6881481189124,0.010688001520265701,0.39626409492722625,False
2260,769.8489979670862,16341.928467022379,17212.92846702238,6529.92846702238,6944.92846702238,0.022551458784371693,743.794512737769,0.00420789430177446,138.7851988541579,0.01061819471080511,0.3962909342293839,False
2261,770.1283595972549,16302.930209490582,17241.93020949058,6502.930209490582,6936.930209490582,0.024320213457563165,802.131759692756,0.0037380186353837865,123.28771172163658,0.009408848768916747,0.397287566969168,False
2262,770.4077154865632,16280.931954000356,17242.931954000356,6481.931954000356,6923.931954000356,0.024931853168072657,822.3049229811882,0.0037164703756245934,122.57700482142286,0.009335131375993101,0.3981165584002532,False
2263,770.6870656106402,16243.933700581603,17186.933700581605,6448.933700581603,6878.933700581603,0.0245071934068245,808.2987514418196,0.003526018198550869,116.295491700659,0.008827397518437032,0.3994402870366238,False
2264,770.966409945114,16207.93544926422,17120.93544926422,6418.935449264221,6848.935449264221,0.023799791488193046,784.9671492421926,0.004360273235028602,143.81097636571337,0.010898379348832917,0.40008455344285054,False
2265,771.2457484656136,16163.937200078099,17058.937200078097,6384.937200078099,6817.937200078099,0.023404815953319023,771.9400258833899,0.005091550619976765,167.9300416294917,0.012702051433941906,0.40084474909079093,False
2266,771.5250811477675,16134.938953053124,17015.938953053126,6384.938953053125,6811.938953053125,0.02308859222923256,761.5103027766962,0.00502540574418503,165.74844459268672,0.012560440995950476,0.4000978744142213,False
2267,771.8044079672043,16105.940708219183,16969.940708219183,6372.940708219183,6791.940708219183,0.022694228961298354,748.5033732685228,0.0049597790562002746,163.58393847896082,0.012394293830572582,0.4001663284733622,False
2268,772.0837288995529,16086.942465606151,16947.94246560615,6368.942465606151,6784.942465606151,0.022643472420623093,746.8293158693639,0.004835371229792409,159.48070686505127,0.012088775708417331,0.3999884972988268,False
2269,772.3630439204418,16096.9442252439,16965.9442252439,6392.944225243901,6815.944225243901,0.0228345956878371,753.1329629535517,0.004990516779773826,164.5977332115616,0.012521768967450879,0.39854726538607993,False
2270,772.6423530054994,16047.945987162304,16915.945987162304,6357.945987162304,6777.945987162304,0.022876835802422817,754.5261307191797,0.004904433739057572,161.75853358652853,0.012271809818096158,0.3996504029768645,False
2271,772.9216561303547,15993.947751391222,16860.947751391224,6324.9477513912225,6737.9477513912225,0.022926309661991866,756.1578825993248,0.004544387033130294,149.88343642502673,0.011343200242040932,0.40062653714668467,False
2272,773.2009532706362,15936.949517960518,16816.94951796052,6300.949517960518,6708.949517960518,0.02334202352882955,769.8689997372172,0.003906500332792582,128.84459224221052,0.009740779991298945,0.4010459466574653,False
2273,773.4802444019726,15923.951286900043,16798.951286900043,6275.951286900044,6683.951286900044,0.02323133038202177,766.2181070840838,0.004122381690678644,135.96481319702116,0.010246776899271998,0.4023100855227488,False
2274,773.7595294999924,15930.953058239651,16789.95305823965,6273.953058239651,6676.953058239651,0.022807723983547232,752.2466776631047,0.004229334010063184,139.49232549870544,0.010505422042548685,0.4025858259605075,False
2275,774.0388085403243,15912.954832009185,16746.954832009185,6238.954832009184,6633.954832009184,0.02218501893111132,731.7085561391484,0.004475649830149916,147.61633898859918,0.011067351512330308,0.4044011636536099,False
2276,774.3180814985972,15912.956608238484,16728.956608238484,6242.956608238485,6628.956608238485,0.02171797614814795,716.3045034566377,0.004336883706361094,143.03954054664882,0.010729758172943367,0.40419212031238244,False
2277,774.5973483504395,15924.958386957389,16732.95838695739,6245.958386957389,6622.958386957389,0.021494424846345624,708.9313116296332,0.003958515009248632,130.56014560395818,0.009786193768034765,0.4044999621996622,False
2278,774.8766090714796,15895.960168195727,16698.96016819573,6223.9601681957265,6597.9601681957265,0.02140266293980423,705.9048110729977,0.003940221833640532,129.95679822107047,0.009722944574741975,0.4052498503258306,False
2279,775.1558636373468,15857.961951983325,16660.961951983325,6191.961951983325,6576.961951983325,0.021452701090018875,707.5551744447453,0.0047443493087292316,156.47861258489968,0.011684239186899958,0.4060469178043242,False
2280,775.4351120236691,15827.963738350005,16624.963738350005,6178.963738350005,6564.963738350005,0.02133566007951457,703.694915904011,0.00498102498553845,164.2846738864058,0.012267963726874366,0.4060188876029157,False
2281,775.7143542060755,15767.965527325581,16547.96552732558,6141.965527325582,6523.965527325582,0.020968945706174084,691.5999050561209,0.005235337280408991,172.6724279228563,0.012867959494886554,0.406850618584042,False
2282,775.9935901601946,15752.967318939869,16546.967318939867,6124.967318939869,6513.967318939869,0.021356037127163552,704.3669937670011,0.005385762446753116,177.63376609499983,0.013214463945806687,0.40756571502563044,False
2283,776.2728198616551,15732.96911322267,16530.969113222673,6098.969113222671,6490.969113222671,0.021487624380088808,708.7070179582463,0.005565484216817348,183.5613678378162,0.013615146913614484,0.4087715139711151,False
2284,776.5520432860854,15722.97091020379,16515.97091020379,6087.9709102037905,6471.9709102037905,0.02136949836009325,704.8109735238554,0.005194489606275127,171.32518577017004,0.012686046854059545,0.4094647975080501,False
2285,776.8312604091143,15721.972709913023,16512.97270991302,6095.972709913023,6462.972709913023,0.0213182250705879,703.1198726621,0.0040710829228278005,134.27287200587716,0.009943331000706955,0.409428482521436,False
2286,777.1104712063704,15728.97451238016,16536.974512380162,6125.97451238016,6479.97451238016,0.021755648351992563,717.5470119245058,0.0026424637592882445,87.15400910690005,0.006473390304577061,0.40820399125630813,False
2287,777.3896756534825,15671.97631763499,16488.97631763499,6097.97631763499,6450.97631763499,0.022069927537039197,727.912600046343,0.002369786621180491,78.16054393851209,0.005797598572816481,0.4087531400141845,False
2288,777.6688737260791,15634.978125707292,16458.97812570729,6073.978125707292,6427.978125707292,0.022305590073831986,735.6852458605381,0.0022955765688005003,75.71294042523186,0.005606128507680941,0.40947626613541543,False
2289,777.948065399789,15602.979936626842,16432.97993662684,6045.979936626842,6402.979936626842,0.02250877496105714,742.3867105256107,0.0024066643750779056,79.37684977722802,0.005862227640735024,0.41053751620879575,False
2290,778.2272506502406,15561.98175042341,16403.981750423412,6022.9817504234115,6385.9817504234115,0.022884375777896905,754.7748149589632,0.002531750055229872,83.50243843243186,0.006160163465301616,0.41098747938921965,False
2291,778.5064294530627,15543.983567126767,16389.983567126765,6007.9835671267665,6376.9835671267665,0.023016189677601846,759.1223144374027,0.0028703720487087414,94.67090354371999,0.0069771102772385836,0.41139840631052543,False
2292,778.7856017838839,15512.985386766668,16336.985386766668,5978.985386766668,6350.985386766668,0.022476537189406044,741.3234410543874,0.003737084302820451,123.25689546977753,0.009066206216523124,0.4121993492724255,False
2293,779.0647676183328,15510.98720937287,16309.98720937287,5977.98720937287,6354.98720937287,0.02181418073962806,719.4775331008517,0.0047455185719255145,156.51717734284546,0.011526314612841173,0.41171169895351056,False
2294,779.3439269320381,15486.989034975124,16295.989034975124,5961.989034975123,6342.989034975123,0.022113732905752286,729.3573931831768,0.004789054772089758,157.95309273515954,0.01161880677819007,0.41218129051594204,False
2295,779.6230797006285,15463.990863603172,16256.990863603172,5957.990863603173,6325.990863603173,0.021718577227698037,716.3243283236385,0.0043101502146250595,142.15781379674297,0.010459836869236351,0.4120666764222427,False
2296,779.9022258997326,15403.992695286759,16168.992695286759,5926.992695286759,6282.992695286759,0.021049660830615078,694.2620595193064,0.004282501973764296,141.245916697947,0.010377856461310864,0.41265766102370605,False
2297,780.1813655049791,15354.994530055614,16123.994530055614,5898.994530055614,6258.994530055614,0.021222976080477136,699.9783607596727,0.004503602466242547,148.53827568196562,0.01089880419174318,0.4132198713740016,False
2298,780.4604984919964,15309.996367939468,16102.996367939468,5864.996367939469,6230.996367939469,0.021931607306348667,723.3505080960192,0.004358143294532296,143.74072645111778,0.010513500828562956,0.41452826851852653,False
2299,780.7396248364134,15319.998208968045,16102.998208968045,5859.998208968045,6227.998208968045,0.021648030103067456,713.9975358668232,0.00480296561805383,158.4119016749513,0.011574533761857955,0.4149597484333445,False
2300,781.0187445138588,15338.000053171061,16125.000053171061,5865.000053171062,6228.000053171062,0.021730989800212947,716.7337210557818,0.004349597414839122,143.4588653758284,0.010472732976489575,0.41532591584294287,False
2301,781.297857499961,15300.00190057823,16113.00190057823,5840.0019005782315,6209.0019005782315,0.0224849735555346,741.6016901421233,0.004123830778387634,136.01260715557294,0.009907896435079703,0.41621658092699476,False
2302,781.5769637703489,15277.003751219261,16103.003751219261,5831.003751219261,6211.003751219261,0.022868708833918536,754.2580862154305,0.004549761896909876,150.06071073016994,0.01093640228186842,0.416019983505268,False
2303,781.8560633006508,15210.005605123853,16055.005605123853,5786.005605123853,6182.005605123853,0.023481087426139736,774.4556193758069,0.0052694570392999955,173.79776928909394,0.012633079580164104,0.41711579554789324,False
2304,782.1351560664957,15152.007462321702,16022.007462321702,5763.007462321702,6161.007462321702,0.02424675412704982,799.7089165646175,0.004755798757046365,156.85623945656164,0.011392687584794812,0.4174430942347323,False
2305,782.4142420435121,15121.0093228425,16005.0093228425,5755.0093228425,6155.0093228425,0.02467515029541307,813.838322664381,0.004507533284809989,148.66792234070238,0.010802153628598207,0.41728098301402616,False
2306,782.6933212073285,15073.011186715932,15969.011186715932,5734.011186715932,6134.011186715932,0.02507800365941219,827.1252733865291,0.004208024125017598,138.78948069759826,0.010075781968601275,0.41763747351132474,False
2307,782.9723935335738,15028.013053971677,15930.013053971677,5708.0130539716765,6108.0130539716765,0.025314568049049767,834.9276642031945,0.0041004308493574095,135.2408283106853,0.009801052240100343,0.41836639055761515,False
2308,783.2514589978765,14974.014924639408,15875.014924639408,5676.0149246394085,6082.0149246394085,0.025375880604493067,836.9498811576143,0.0046280721884707915,152.6435487501327,0.011046027235829979,0.41898069682996275,False
2309,783.5305175758655,14946.016798748795,15858.016798748795,5659.016798748795,6070.016798748795,0.02572340752263082,848.4120494018551,0.004725502325500865,155.85699946261957,0.011266708345737335,0.4194217317508463,False
2310,783.809569243169,14905.018676329499,15841.018676329499,5643.0186763295,6066.0186763295,0.026450581446219035,872.3957738847133,0.00494167402731531,162.98679657047694,0.011784122264402295,0.4193501999078213,False
2311,784.0886139754159,14897.020557411179,15841.020557411179,5632.020557411179,6068.020557411179,0.02668374048840839,880.0858491846678,0.005699071590720039,187.9673602230506,0.013582617974810656,0.41958564993060443,False
2312,784.3676517482347,14850.022442023484,15780.022442023484,5606.022442023484,6037.022442023484,0.026380506539393913,870.0845561637003,0.005787451768130902,190.88232424473733,0.013773791496983526,0.4201785521000778,False
2313,784.6466825372544,14837.02433019606,15731.02433019606,5586.02433019606,6001.02433019606,0.025410193897910074,838.0816056993198,0.005712370689981299,188.4059924707227,0.013556089384869416,0.4213878005523586,False
2314,784.9257063181033,14826.026221958546,15681.026221958546,5583.026221958546,5982.026221958546,0.02434971715068882,803.1048535073153,0.005628927641744146,185.65386534678214,0.013359565178629209,0.4213406324592457,False
2315,785.2047230664101,14796.028117340578,15634.028117340578,5568.028117340577,5956.028117340577,0.023925740740572427,789.121220324642,0.005329578869298621,175.78071361550383,0.012635953052380806,0.4217789388109864,False
2316,785.4837327578035,14766.030016371782,15616.030016371782,5563.030016371781,5951.030016371781,0.024306888182351296,801.692264107212,0.0049738493593461525,164.04800665177947,0.01180132256502465,0.42146541897660295,False
2317,785.7627353679121,14760.031919081779,15629.031919081779,5577.03191908178,5957.03191908178,0.02484478146802642,819.4331152933404,0.0037820155814444582,124.7388234820794,0.008987825734778177,0.42079315877365525,False
2318,786.0417308723648,14695.03382550019,15573.03382550019,5538.03382550019,5910.03382550019,0.02520263682868316,831.2359372817228,0.0030317256768496066,99.99268535699571,0.00717909536192337,0.4222991232195263,False
2319,786.3207192467898,14657.03573565662,15525.03573565662,5522.03573565662,5885.03573565662,0.02498646179652424,824.1060303321048,0.002663429720398996,87.84551057372562,0.006302256995291238,0.4226152190221678,False
2320,786.5997004668161,14664.037649580678,15529.037649580678,5532.037649580678,5889.037649580678,0.024890975890451198,820.9567044432562,0.002268227813369106,74.81092098539966,0.005371964508729795,0.4222343259496757,False
2321,786.8786745080722,14638.03956730196,15489.03956730196,5508.039567301959,5862.039567301959,0.02454157244704815,809.4326444514046,0.0025101216703346217,82.78908883681208,0.005930857686756712,0.4232308045326377,False
2322,787.1576413461868,14606.041488850056,15456.041488850056,5483.041488850057,5832.041488850057,0.024565744922989134,810.2299035172637,0.002233327849718813,73.65984682624935,0.00526238847051182,0.4243943339100542,False
2323,787.4366009567884,14580.043414254558,15403.043414254558,5458.043414254559,5798.043414254559,0.02384772234027386,786.548009492052,0.002396754772330194,79.05001024912303,0.005632485706641038,0.42552345397064684,False
2324,787.7155533155059,14557.045343545044,15359.045343545044,5432.0453435450445,5772.0453435450445,0.02329098775297416,768.1857325748791,0.003075359851189601,101.43183214356293,0.007209471408323494,0.42657216833387124,False
2325,787.9944983979676,14520.04727675109,15315.04727675109,5394.047276751088,5744.047276751088,0.02315031137547281,763.5459299502328,0.004152945804428758,136.97288191272605,0.009703670193211387,0.42797680895359846,False
2326,788.2734361798025,14528.049213902259,15324.049213902259,5407.049213902259,5756.049213902259,0.023166235714251852,764.0711481153228,0.003997940303103395,131.86047466526793,0.009357422882939608,0.4272480097476853,False
2327,788.5523666366391,14491.051155028119,15296.051155028119,5390.051155028119,5718.051155028119,0.02347943779647275,774.4012111219513,0.0021757116049582123,71.7595419676037,0.00507846491246598,0.42841914682083315,False
2328,788.8312897441061,14496.053100158224,15311.053100158224,5409.053100158224,5730.053100158224,0.023755291478365245,783.499445381295,0.0012821102056685858,42.28668951395093,0.0029991760976765835,0.4274874711964453,False
2329,789.1102054778319,14483.055049322124,15287.055049322124,5399.0550493221235,5713.0550493221235,0.02346364807913465,773.8804330549511,0.001087005130625738,35.85171403800837,0.0025397380030529448,0.4279989232429018,False
2330,789.3891138134454,14474.057002549363,15267.057002549363,5385.0570025493635,5703.0570025493635,0.023165048463067953,764.0319900757355,0.0017523591505265966,57.79648815493772,0.004089292529212215,0.42852379427699716,False
2331,789.6680147265753,14451.058959869479,15252.058959869479,5368.058959869479,5689.058959869479,0.023428802510992826,772.7311529740066,0.0017943549468367632,59.18159779029304,0.004180840510406809,0.4291852182283239,False
2332,789.94690819285,14437.060921312,15230.060921312,5352.0609213120015,5687.0609213120015,0.02322285143989921,765.938453750573,0.003143980850580947,103.69509694136991,0.007322042819355514,0.4293857504178977,False
2333,790.2257941878981,14439.062886906457,15218.062886906457,5348.062886906458,5688.062886906458,0.022820366542967485,752.6636558468069,0.003947517330468955,130.19741904123828,0.009193769661319027,0.42936874382195545,False
2334,790.5046726873486,14412.064856682366,15166.064856682366,5322.064856682365,5659.064856682365,0.022146701034269953,730.444751359033,0.004517807512516174,149.00678796636112,0.010497078277266852,0.430387141372493,False
2335,790.78354366683,14374.066830669237,15109.066830669237,5309.066830669237,5637.066830669237,0.021657982450469123,714.3257852034627,0.00437700892546514,144.3629546138876,0.010170269282564703,0.43037296298229,False
2336,791.0624071019708,14310.068808896578,15038.068808896578,5284.068808896579,5606.068808896579,0.02155034563509935,710.7756967854092,0.004139614011256364,136.53317135114344,0.009613517970241257,0.43060345069001593,False
2337,791.3412629683999,14313.070791393891,15051.070791393891,5280.07079139389,5594.07079139389,0.021834579145875468,720.1503154153125,0.0032536335179449254,107.3116723954115,0.007540875939674603,0.4314662572323559,False
2338,791.6201112417455,14302.072778190666,15044.072778190666,5257.072778190666,5574.072778190666,0.021966442045330273,724.4994310084975,0.0034622033860186967,114.19074504782975,0.007997256434847236,0.43292389261553443,False
2339,791.8989518976367,14283.074769316392,15033.074769316392,5234.074769316392,5555.074769316392,0.022226107844823914,733.0637548802144,0.003623878628375883,119.52313437397652,0.00834668424044008,0.4341698480479254,False
2340,792.177784911702,14254.076764800548,15022.076764800548,5220.0767648005485,5551.0767648005485,0.02279088360812303,751.6912466839943,0.0039094598955515016,128.94220484285165,0.009001594795963167,0.4343074737495103,False
2341,792.45661025957,14213.07876467261,14998.07876467261,5194.078764672609,5531.078764672609,0.023347467258146487,770.0485453725344,0.003953844650503861,130.40610735569692,0.009085064421194642,0.43520270932585736,False
2342,792.7354279168693,14194.080768962043,14964.080768962043,5180.080768962043,5513.080768962043,0.022942771469167664,756.7008276018714,0.004115052240928851,135.72307253813915,0.009444405408484046,0.43571321464369156,False
2343,793.0142378592287,14153.082777698311,14913.082777698311,5161.082777698311,5486.082777698311,0.022716381741167035,749.2340185126183,0.0038051498047811452,125.50183879469421,0.008723253316694858,0.43620764715140403,False
2344,793.2930400622769,14121.084790910867,14876.084790910867,5143.084790910866,5457.084790910866,0.022620584309925643,746.0744178689074,0.003116433162933592,102.78651629890965,0.007130020231829255,0.437086159871113,False
2345,793.5718345016421,14094.086808629158,14847.086808629158,5131.0868086291575,5446.0868086291575,0.022604305704949153,745.5375152599759,0.003270891661180813,107.88088223507793,0.007481588542658095,0.4371921340676555,False
2346,793.8506211529534,14076.088830882625,14824.088830882625,5134.088830882626,5452.088830882626,0.022486009853938,741.6358694417144,0.0036135346884808607,119.18196949379887,0.008283898441300867,0.4362118529199891,False
2347,794.1293999918393,14055.090857700707,14802.090857700707,5125.090857700707,5442.090857700707,0.02248940824857584,741.7479556401244,0.0035748109849412027,117.90478035578883,0.008192631020243197,0.4363446829361888,False
2348,794.4081709939285,14035.092889112826,14788.092889112826,5130.092889112827,5448.092889112827,0.022696878571608233,748.59076298589,0.0034223962197585563,112.87782103191421,0.00786073119291056,0.43537886435363016,False
2349,794.6869341348495,14013.094925148409,14768.094925148409,5106.094925148408,5426.094925148408,0.022790411271261322,751.675668021467,0.003608091532411515,119.00244276539217,0.008263288207747797,0.43664113385619396,False
2350,794.965689390231,13969.096965836867,14723.096965836867,5082.096965836866,5401.096965836866,0.02283084034954082,753.0091040030088,0.003608186802765468,119.00558498191901,0.008250654319377356,0.43732129151155175,False
2351,795.2444367357017,13926.099011207607,14692.099011207607,5055.099011207607,5375.099011207607,0.02325436784806145,766.9779311376643,0.0034024343926588874,112.21943801541329,0.007761052226536352,0.4383985951061362,False
2352,795.5231761468903,13903.101061290034,14679.101061290034,5037.101061290034,5368.101061290034,0.02358778082997438,777.9745920984282,0.004052238188839222,133.6513330682534,0.009232611037116919,0.43890489619333295,False
2353,795.8019075994252,13896.10311611354,14693.10311611354,5028.103116113541,5376.103116113541,0.024220498347825754,798.8429457774838,0.0048429161473415895,159.72955410485963,0.011030006346161398,0.43906739446500814,False
2354,796.0806310689353,13862.105175707515,14664.105175707515,5002.105175707514,5358.105175707514,0.024426377227407186,805.6332639731028,0.005432037921616426,179.16002852470626,0.012346653288266193,0.43996035158603153,False
2355,796.3593465310491,13814.107240101335,14615.107240101335,4978.107240101335,5333.107240101335,0.024479183244378096,807.3749174083883,0.005436885386350693,179.31990810076866,0.012341407710612599,0.4405401323607045,False
2356,796.6380539613955,13796.109309324378,14592.109309324378,4965.109309324378,5311.109309324378,0.02436144758079211,803.4917477488945,0.004894978114854967,161.44666722508134,0.01109015933453688,0.44138032350996687,False
2357,796.9167533356027,13788.11138340601,14572.11138340601,4960.111383406011,5295.111383406011,0.024017699079597492,792.1541996374802,0.004365971863247567,143.99892910260382,0.009881556765753582,0.4418303681034019,False
2358,797.1954446292998,13784.113462375592,14535.113462375592,4945.113462375592,5276.113462375592,0.023039586959907064,759.8940059877364,0.005098278832364085,168.15195221638874,0.011517540315885715,0.4426534392358253,False
2359,797.4741278181151,13755.115546262476,14504.115546262476,4935.115546262476,5264.115546262476,0.023027007966438057,759.4791243427185,0.005001080122584347,164.94613446106632,0.011297628137344884,0.4426663775605273,False
2360,797.7528028776774,13689.117635096007,14452.117635096007,4895.117635096008,5230.117635096008,0.0235560323690822,776.9274611245403,0.005192291858834429,171.2526994400215,0.011693924974928393,0.4440161767726942,False
2361,798.0314697836154,13614.119728905527,14403.119728905527,4856.119728905527,5199.119728905527,0.02446700519316319,806.973259681671,0.005173427744094041,170.63052128446554,0.011622716767205192,0.44511346595758505,False
2362,798.3101285115577,13585.121827720368,14379.121827720368,4854.121827720367,5206.121827720367,0.024668825897948585,813.6297307424378,0.0057348288943920404,189.14671125820234,0.012913795940667142,0.4440854509968176,False
2363,798.5887790371328,13555.123931569853,14334.123931569853,4840.123931569853,5189.123931569853,0.024267662426212155,800.3985162191817,0.005969898709875802,196.89980787775562,0.013437786454375778,0.4442620613257185,False
2364,798.8674213359694,13521.126040483301,14278.126040483301,4820.126040483301,5163.126040483301,0.02365835019220263,780.3021179979568,0.006195982169843302,204.35651560351607,0.013928047610591743,0.444856475442509,False
2365,799.1460553836963,13487.128154490025,14249.128154490025,4810.128154490025,5148.128154490025,0.023868808281708762,787.2434681621606,0.005623893880471079,185.48784131928403,0.012639358651245028,0.4449508899660113,False
2366,799.424681155942,13469.130273619327,14234.130273619327,4814.1302736193265,5150.1302736193265,0.02399138282022531,791.2862340879354,0.005308993529131337,175.10176582743964,0.011952691037752199,0.4441672182743659,False
2367,799.7032986283352,13424.132397900503,14212.132397900503,4787.132397900503,5126.132397900503,0.024773017839935033,817.066199995359,0.004941362177138472,162.97651109615117,0.011095704388491832,0.4453401067771344,False
2368,799.9819077765047,13385.134527362845,14175.134527362845,4763.134527362846,5103.134527362846,0.024904448778832137,821.4010686213915,0.005039720790076661,166.22058489569747,0.01129450353979294,0.44621003236845713,False
2369,800.2605085760789,13378.136662035635,14173.136662035635,4746.136662035635,5093.136662035635,0.025070346655201536,826.8727292930249,0.005574743622809717,183.86676251024903,0.01246398895307478,0.44726801698861157,False
2370,800.5391010026865,13315.138801948147,14100.138801948147,4720.138801948147,5063.138801948147,0.02487768983149742,820.5185022923347,0.0055873737307831,184.28333001906117,0.012483038800467304,0.44759724135231693,False
2371,800.8176850319562,13294.14094712965,14072.14094712965,4716.14094712965,5059.14094712965,0.02469989744307448,814.6545356115109,0.005790105540456041,190.96985123411582,0.0129480871409666,0.4471784501771432,False
2372,801.0962606395166,13299.143097609405,14075.143097609405,4730.143097609405,5075.143097609405,0.02462915986842871,812.3214617128784,0.0059448528259193785,196.0737419796876,0.013329955241786807,0.4459769532671367,False
2373,801.3748278009964,13265.145253416666,14044.145253416666,4705.145253416666,5047.145253416666,0.024783302692801584,817.4054160611399,0.005689465765147526,187.65053990470813,0.012719738447416694,0.4472942418327025,False
2374,801.6533864920242,13223.147414580675,13998.147414580675,4668.147414580676,5001.147414580676,0.024735723185165204,815.8361438895663,0.0051893707847051294,171.1563562752866,0.011542307967555973,0.44959559208538025,False
2375,801.9319366882287,13177.149581130678,13957.149581130678,4637.149581130677,4967.149581130677,0.024975257047363485,823.7364741529652,0.004880876308017212,160.98155999428548,0.010819225141676488,0.45112993251390066,False
2376,802.2104783652384,13124.151753095899,13900.151753095899,4603.151753095899,4924.151753095899,0.024948298191938636,822.847314434899,0.004327837802945638,142.7411876379747,0.009556847486139677,0.4528520319302274,False
2377,802.4890114986821,13078.153930505567,13830.153930505567,4591.153930505567,4904.153930505567,0.024280569137887825,800.8242066995025,0.00436167025176229,143.85705291404906,0.009640248531634518,0.45244375572366724,False
2378,802.7675360641883,13054.156113388897,13780.156113388897,4588.156113388897,4896.156113388897,0.023505335581970387,775.2553745235026,0.004711734726446867,155.4029151070198,0.010429851030629796,0.4517547482327131,False
2379,803.046052037386,13007.158301775098,13712.158301775098,4561.158301775098,4861.158301775098,0.02292339258056579,756.0616711223349,0.004741226021521373,156.3756000077923,0.01047237028149661,0.4527366674475344,False
2380,803.3245593939033,12953.160495693372,13672.160495693372,4537.1604956933725,4844.1604956933725,0.023461401198255006,773.8063262007101,0.0049729803670283575,164.01934545856057,0.010975334881664718,0.45310511439028317,False
2381,803.6030581093693,12904.162695172914,13636.162695172914,4507.162695172914,4822.162695172914,0.023962344239539114,790.3284806592724,0.005376279637431983,177.32100311120178,0.011838415305731436,0.4541384550708504,False
2382,803.8815481594123,12874.16490024291,13596.16490024291,4492.1649002429085,4810.1649002429085,0.023697355716549667,781.5886021785674,0.0060069190875774205,198.120817749322,0.013223528758525185,0.45425991785322584,False
2383,804.1600295196613,12855.167110932536,13564.167110932536,4484.167110932537,4792.167110932537,0.02331540502659881,768.9910655828979,0.005534760171929224,182.5480242570128,0.012174246602791735,0.4546285575207604,False
2384,804.4385021657447,12844.16932727097,13565.16932727097,4479.16932727097,4777.16932727097,0.02371919688993196,782.3089699857604,0.00425395777113035,140.30446889660482,0.009341523938222874,0.45538156292940146,False
2385,804.7169660732912,12830.171549287372,13551.171549287372,4481.171549287372,4772.171549287372,0.02374437994428999,783.1395600519986,0.0035800972886014942,118.07913376204897,0.00786746652795732,0.4550508446244407,False
2386,804.9954212179294,12811.173777010898,13534.173777010898,4469.173777010898,4751.173777010898,0.023842826253772386,786.3865262679064,0.0027308471675912306,90.06907969020006,0.005988749089702678,0.45599625676199573,False
2387,805.2738675752881,12775.1760104707,13506.1760104707,4454.176010470698,4725.176010470698,0.02416551272531381,797.029404370034,0.0014851031311815845,48.98182287826296,0.003250696040347521,0.45685696624616345,False
2388,805.5523051209959,12741.178249695913,13486.178249695913,4442.178249695913,4716.178249695913,0.024679303987891112,813.9753201731589,0.0013149257241778442,43.369014290951554,0.002877575303019673,0.4569561473501618,False
2389,805.8307338306813,12754.180494715676,13487.180494715676,4456.180494715676,4728.180494715676,0.024268610823528398,800.4297963561547,0.0014626628899185173,48.24169655315143,0.003207886326501998,0.45595845396225776,False
2390,806.1091536799729,12732.182745559112,13448.182745559112,4434.182745559113,4710.182745559113,0.023760738600396323,783.6791029154557,0.002463430917243919,81.2491296582723,0.005392120282834893,0.456857560297,False
2391,806.3875646444997,12666.18500225534,13370.18500225534,4385.185002255341,4663.185002255341,0.02349158956264046,774.8020019125621,0.00320313586110196,105.64615352920202,0.006977653043811337,0.4590563389996734,False
2392,806.66596669989,12639.18726483347,13345.18726483347,4383.18726483347,4659.18726483347,0.02360552386280315,778.5597946160815,0.0029146167549564603,96.13018695591109,0.006357243046817141,0.45847181451017693,False
2393,806.9443598217725,12584.189533322604,13292.189533322604,4343.189533322604,4623.189533322604,0.023771274583749925,784.0266017925634,0.0033616416138786583,110.87400642687726,0.007302588078423732,0.4603356478247737,False
2394,807.2227439857761,12541.191807751835,13232.191807751835,4310.191807751836,4590.191807751836,0.023292977492668145,768.2513583723191,0.004041258921868927,133.2892137657076,0.00875069305147577,0.4618215835130207,False
2395,807.5011191675292,12505.194088150252,13166.194088150252,4286.194088150252,4564.194088150252,0.022369816281497826,737.8035611896073,0.00492245488453864,162.3529088440331,0.010641825506102431,0.46255737624300597,False
2396,807.7794853426605,12443.196374546933,13083.196374546933,4247.196374546932,4530.196374546932,0.02178190498683851,718.4130109318476,0.006232781577599801,205.5702374218249,0.01344102620514922,0.4637132226713493,False
2397,808.0578424867987,12404.198666970948,13032.198666970948,4235.198666970947,4515.198666970947,0.02144897854597091,707.4323971174434,0.006354098047795024,209.57150960996626,0.013708420672705331,0.4635178770408316,False
2398,808.3361905755722,12430.200965451359,13067.200965451359,4275.200965451359,4568.200965451359,0.0217044201710176,715.8573988368984,0.007084246545227376,233.65334179060858,0.015401222582726297,0.4599794923536087,False
2399,808.6145295846101,12377.203270017222,13021.203270017222,4229.203270017222,4518.203270017222,0.022028595202769195,726.5493727836359,0.006678611019191694,220.27462951653058,0.01442387763992667,0.4630246585498383,False
2400,808.8928594895407,12369.205580697586,13028.205580697586,4229.205580697585,4512.205580697585,0.022542795254283408,743.508771305154,0.005587286458640869,184.2804516003688,0.01206003600799954,0.46328936787044145,False
2401,809.1711802659927,12327.207897521486,13004.207897521486,4216.207897521486,4502.207897521486,0.023219183530267005,765.8174783811418,0.005284344510306783,174.28878937561137,0.01140586759543558,0.4633005307217034,False
2402,809.4494918895947,12262.210220517956,12958.210220517956,4191.210220517956,4479.210220517956,0.023976263908225298,790.7875805909844,0.004885737044656488,161.14187730567187,0.01053445417579387,0.4637864442832703,False
2403,809.7277943359754,12191.212549716018,12899.212549716018,4164.212549716018,4452.212549716018,0.02451629588751333,808.5989703878927,0.004526704933854021,149.300243624014,0.009750562152128736,0.464250661985243,False
2404,810.0060875807636,12129.214885144685,12828.214885144685,4140.2148851446855,4421.2148851446855,0.02433353594980605,802.5711634901332,0.004185205138195834,138.03686254785703,0.009005918203832144,0.4647172052278879,False
2405,810.2843715995878,12083.217226832967,12788.217226832967,4123.217226832967,4396.217226832967,0.024627421685608098,812.2641327898821,0.003215506352297153,106.05415833096833,0.006910035518003103,0.4653386142400591,False
2406,810.5626463680766,12045.21957480986,12752.21957480986,4105.21957480986,4377.21957480986,0.02477106078952488,817.0016523592109,0.0030908808457718526,101.94374716923346,0.006633746862974402,0.46593288975545577,False
2407,810.8409118618587,12012.221929104355,12721.221929104355,4090.2219291043552,4366.221929104355,0.02490548189278986,821.4351428912706,0.0034534518451001493,113.9021008330385,0.0074084601686476926,0.4661497485962089,False
2408,811.1191680565628,11991.224289745434,12706.224289745434,4084.2242897454344,4371.224289745434,0.025152990902213044,829.5985102735042,0.004340516193260705,143.1593475999025,0.009322741193235281,0.4655836843792519,False
2409,811.3974149278174,11954.226656762072,12678.226656762072,4064.226656762072,4351.226656762072,0.02553702569830416,842.2647850703654,0.0040967607162251014,135.11977960554702,0.008781999991930339,0.46649518560573444,False
2410,811.6756524512513,11929.229030183233,12667.229030183233,4058.2290301832327,4352.229030183233,0.026069246176525365,859.8185351427085,0.004305942047259755,142.01901959167958,0.009237783611118764,0.46612285246398766,False
2411,811.9538806024931,11891.231410037875,12641.231410037875,4027.2314100378753,4315.231410037875,0.026562550775529218,876.0887577192473,0.003434954061641883,113.29200505317692,0.0073317689753953285,0.4685027683181562,False
2412,812.2320993571714,11832.233796354949,12584.233796354949,3989.233796354949,4279.233796354949,0.02676003581851189,882.6022295404179,0.0037164893554540272,122.57763081609221,0.007902060711476944,0.47031900806029014,False
2413,812.5103086909149,11768.236189163394,12529.236189163394,3964.236189163393,4266.236189163394,0.027213220096545396,897.5491996004632,0.004672153430155628,154.09744075744584,0.00993619026225751,0.4702157775604139,False
2414,812.7885085793522,11725.238588492142,12500.238588492142,3948.2385884921414,4249.238588492141,0.02779661371743058,916.7907474812296,0.004111114238705266,135.59318894732337,0.008734734802240011,0.4706627426915098,False
2415,813.066698998112,11666.240994370119,12443.240994370119,3916.2409943701177,4218.240994370118,0.028002568812934624,923.5835794381783,0.004259409982974079,140.48429430348529,0.009025477235702196,0.4719318293912566,False
2416,813.3448799228228,11631.243406826237,12417.243406826237,3891.2434068262382,4195.243406826238,0.02839905008997436,936.6603653386001,0.0042697156084969025,140.82419549513338,0.009019200581263416,0.4734028886514461,False
2417,813.6230513291134,11586.24582588941,12363.24582588941,3877.2458258894094,4172.245825889409,0.028189765963789696,929.75773495235,0.003656785777524107,120.60848132205308,0.0077214003438342785,0.4735910087143891,False
2418,813.9012131926124,11546.248251588531,12311.248251588531,3869.2482515885313,4155.248251588531,0.027861197912593536,918.9208699904253,0.003109182499038545,102.54737416312139,0.006569717364115108,0.4732597045987729,False
2419,814.1793654889484,11460.250683952494,12212.250683952494,3831.250683952493,4108.250683952493,0.02760159300576146,910.3585544866802,0.0027147738258269175,89.53894709345889,0.005721382062410824,0.47449616127942884,False
2420,814.4575081937502,11422.253123010178,12157.253123010178,3835.2531230101777,4107.253123010178,0.02708367899947823,893.2766619303342,0.0026737572595224406,88.18613452198326,0.005657298341022757,0.4726208692467621,False
2421,814.7356412826463,11385.255568790459,12113.255568790459,3814.2555687904583,4085.2555687904583,0.026918096362614153,887.8153985202038,0.0028913453370429942,95.36264667777834,0.0061064894488225985,0.4734873221799276,False
2422,815.0137647312653,11317.258021322199,12037.258021322199,3783.2580213222,4059.2580213222,0.026786352378392067,883.4702050013478,0.0037943436205613405,125.1454281250708,0.008005314481630948,0.47397808409249487,False
2423,815.291878515236,11280.260480634259,11982.260480634259,3766.2604806342583,4043.2604806342583,0.0262196280517685,864.7784454833456,0.004601739690890536,151.7750476303538,0.009706102006407822,0.474107905300453,False
2424,815.569982610187,11251.262946755482,11948.262946755482,3762.262946755482,4046.262946755482,0.02610349715504608,860.9482044081512,0.005501459491937439,181.44969783453348,0.011630958174105544,0.4730013993331652,False
2425,815.8480769917469,11199.26541971471,11900.26541971471,3729.26541971471,4020.26541971471,0.02636711043016915,869.6427243235216,0.006264321797085047,206.6105001563992,0.013203776940216471,0.47443408241811347,False
2426,816.1261616355443,11137.267899540773,11837.267899540773,3684.2678995407723,3975.2678995407723,0.026472810170490316,873.1289239348376,0.006542389434209796,215.78175531292493,0.013711209202115453,0.4771562695725184,False
2427,816.404236517208,11108.270386262491,11810.270386262491,3663.2703862624912,3953.2703862624912,0.0266133981731401,877.76581177112,0.006474145857274401,213.53093870103805,0.013528943292311095,0.47854039427852824,False
2428,816.6823016123665,11035.27287990868,11728.27287990868,3628.2728799086794,3910.2728799086794,0.0264509852252093,872.4090913645352,0.006056138031196277,199.7441619656097,0.012615506990409244,0.48005506523046343,False
2429,816.9603568966484,10992.275380508141,11681.275380508141,3608.275380508142,3888.275380508142,0.026402662460761787,870.8153050210423,0.006054677932459961,199.69600484023192,0.012593956558444645,0.48076058579065917,False
2430,817.2384023456825,10964.277888089673,11637.277888089673,3607.277888089674,3872.277888089674,0.025871370878753425,853.292191898292,0.00491554569847992,162.12502936505564,0.010233414791323723,0.4803426616350493,False
2431,817.5164379350973,10903.280402682063,11564.280402682063,3576.2804026820622,3832.2804026820622,0.025561432497930584,843.069772623907,0.004464282946487576,147.24143527279887,0.00926404519184921,0.48189347677355765,False
2432,817.7944636405216,10870.282924314086,11531.282924314086,3570.2829243140854,3820.2829243140854,0.025636780091746764,845.5548946448073,0.0037561143896938307,123.8845477351449,0.007798266743134211,0.4816601577524656,False
2433,818.0724794375841,10831.285453014512,11483.285453014512,3561.2854530145123,3805.2854530145123,0.025386159113106876,837.2888879766045,0.003394296040400823,111.95101805153604,0.007051235545501489,0.48137606785328546,False
2434,818.3504853019132,10789.287988812104,11435.287988812104,3551.2879888121042,3797.2879888121042,0.025254320962245683,832.9405886440571,0.0038333221173883422,126.43102088126034,0.007974620374370389,0.4806902319398483,False
2435,818.6284812091376,10714.29053173561,11358.29053173561,3509.2905317356117,3759.2905317356117,0.025349554583798957,836.0815936591546,0.004537011651058246,149.64018082160908,0.009403608725940078,0.48247558817954556,False
2436,818.9064671348862,10679.293081813777,11314.293081813777,3497.2930818137775,3749.2930818137775,0.025084918950911493,827.3533542357702,0.0051324427613461225,169.27875040507206,0.010642828204585522,0.4822442552567729,False
2437,819.1844430547873,10737.295639075335,11373.295639075335,3587.295639075336,3842.295639075336,0.02499141733285327,824.2694743365237,0.004832190973370128,159.375815323506,0.01020070123683182,0.47371164601140026,False
2438,819.4624089444698,10637.298203549011,11285.298203549011,3513.2982035490118,3764.2982035490118,0.02568170507211198,847.0366149272954,0.004287301746398683,141.40422328830903,0.008951036283566454,0.47897266982035386,False
2439,819.7403647795621,10585.30077526352,11235.30077526352,3467.3007752635203,3709.3007752635203,0.025881500456188346,853.6262866539564,0.0034190331436147713,112.76689971167593,0.007078711773134956,0.48300216948946073,False
2440,820.0183105356932,10583.30335424757,11229.30335424757,3460.303354247569,3694.303354247569,0.02573156955596828,848.6812504175069,0.002686810960479836,88.61667301777948,0.005549385780167827,0.4841636654784127,False
2441,820.2962461884914,10581.305940529855,11209.305940529855,3459.3059405298554,3688.3059405298554,0.025039451259552804,825.8537342039662,0.002798514164064122,92.3008794664903,0.0057802502172098254,0.48415104171995305,False
2442,820.5741717135854,10519.308534139069,11128.308534139069,3437.3085341390683,3666.3085341390683,0.02444196476464426,806.1473737153987,0.0035685286441831075,117.69757555242325,0.0073732305237996796,0.48398441262136505,False
2443,820.8520870866041,10452.311135103888,11052.311135103888,3397.3111351038874,3631.3111351038874,0.024240773359521343,799.5116582802565,0.004687365445583701,154.5991650011532,0.00965008002836366,0.4857333236415165,False
2444,821.1299922831759,10397.313743452984,10985.313743452984,3372.3137434529835,3609.3137434529835,0.023891315804201747,787.9858135636565,0.005605346957118985,184.87612480243422,0.011529116507786546,0.48619050326477664,False
2445,821.4078872789294,10363.316359215018,10935.316359215018,3354.3163592150177,3587.3163592150177,0.02333259572372426,769.5580509080738,0.005833062038873415,192.38664684431444,0.011978076190424155,0.4869782046917219,False
2446,821.6857720494935,10338.318982418641,10895.318982418641,3344.318982418642,3575.318982418642,0.02279002168930414,751.6628187896375,0.006217079098304209,205.05233664883667,0.012765192981551423,0.4870336944603413,False
2447,821.9636465704967,10289.321613092501,10846.321613092501,3318.3216130925007,3548.3216130925007,0.022895735741391733,755.1494904330932,0.006208765096844315,204.77812340507728,0.012713399376244286,0.48836388389133345,False
2448,822.2415108175676,10249.324251265227,10810.324251265227,3304.324251265227,3531.324251265227,0.023143487791080535,763.3208737941453,0.005711451361642871,188.37567108973974,0.011685670224182116,0.48875684937811237,False
2449,822.519364766335,10211.326896965445,10786.326896965445,3293.326896965446,3515.326896965446,0.023791398584825894,784.6903336476844,0.004539477424469328,149.72150721163803,0.009279814584324243,0.4891775997483352,False
2450,822.7972083924274,10193.329550221773,10765.329550221773,3292.3295502217725,3508.3295502217725,0.02371126389013958,782.0473229778422,0.0038858175733358508,128.16243136121034,0.007948572657290506,0.4888698563724824,False
2451,823.0750416714734,10147.332211062814,10717.332211062814,3274.3322110628137,3486.3322110628137,0.023734814117327824,782.8240589719005,0.003511213885023415,115.80721432260293,0.007173449960811321,0.4894735314535176,False
2452,823.3528645791018,10093.334879517166,10657.334879517166,3252.334879517166,3460.334879517166,0.023613929949004627,778.8370450081754,0.0033089436930025043,109.13591822800925,0.006750398325444835,0.4901849540537229,False
2453,823.6306770909412,10064.337555613416,10621.337555613416,3238.337555613417,3449.337555613417,0.02339401684138369,771.583848472574,0.004019563629023091,132.57365740524017,0.008195609368208187,0.4904532962021702,False
2454,823.9084791826202,10021.340239380144,10581.340239380144,3221.3402393801443,3434.3402393801443,0.023614871878346044,778.8681118177433,0.00419184892537066,138.25598861378842,0.008540966332267145,0.4907932852438678,False
2455,824.1862708297674,9955.342930845918,10528.342930845918,3187.342930845918,3401.342930845918,0.024303797682656836,801.5903329312143,0.0039178306182529425,129.2182888723819,0.007952265027327226,0.4926685170564209,False
2456,824.4640520080115,9930.345630039297,10517.345630039297,3177.3456300392972,3391.3456300392972,0.0249417817431011,822.6323882549901,0.003365811817727181,111.01154851535989,0.006824200757530498,0.49321699893031595,False
2457,824.7418226929813,9888.34833698883,10475.34833698883,3157.3483369888318,3373.3483369888318,0.02504471657025482,826.0273952183361,0.003693974408853079,121.83504055191065,0.0074783732494973785,0.49395427128504865,False
2458,825.0195828603051,9875.351051723062,10472.351051723062,3164.3510517230625,3379.3510517230625,0.025491649111789073,840.7681698678011,0.00305700218752019,100.82635780886244,0.006204095485410633,0.4927393839616017,False
2459,825.297332485612,9816.35377427052,10418.35377427052,3126.3537742705203,3349.3537742705203,0.025848898951927553,852.5510205167175,0.004074002524343607,134.3691666007237,0.008232385689525995,0.49487507971436895,False
2460,825.5750715445303,9790.356504659727,10414.356504659727,3121.356504659726,3348.356504659726,0.026833933950819278,885.0395452740632,0.0036543835395868723,120.52925046550013,0.007388146203148102,0.49462794036611424,False
2461,825.8528000126886,9741.359242919194,10378.359242919194,3109.359242919193,3336.359242919193,0.02750913995505393,907.309258542695,0.00309276565589214,102.0059121687766,0.006255565176627092,0.49440227518494395,False
2462,826.1305178657158,9704.361989077424,10347.361989077424,3102.361989077424,3330.361989077424,0.027862654505939836,918.9689115006721,0.002936315920826979,96.84587105687353,0.005946290210159398,0.49380635943570395,False
2463,826.4082250792404,9640.36474316291,10292.36474316291,3077.3647431629106,3306.3647431629106,0.028421702693928318,937.4074958316329,0.002750084740904199,90.70357529447085,0.005560900638977811,0.4945394495323534,False
2464,826.685921628891,9578.367505204138,10249.367505204138,3059.367505204137,3291.367505204137,0.029405569492352117,969.857490882048,0.0023391581021268634,77.15035100052057,0.004730443156687004,0.49449026753871994,False
2465,826.9636074902966,9534.370275229578,10212.370275229578,3045.3702752295776,3274.3702752295776,0.029834538751653924,984.0057987255734,0.001653145945374506,54.52422810786743,0.0033408676208391613,0.49482533670677675,False
2466,827.2412826390854,9482.373053267695,10155.373053267695,3014.3730532676955,3240.3730532676955,0.029778844425771854,982.1688827913182,0.0016191687329600302,53.40358822405085,0.003258471862874598,0.49691045407144085,False
2467,827.5189470508861,9425.375839346945,10094.375839346945,2989.375839346945,3215.375839346945,0.029780793759347036,982.2331759100285,0.0018704301925375685,61.690719299835905,0.003757521675226814,0.49778294157801883,False
2468,827.7966007013275,9375.378633495771,10045.378633495771,2966.3786334957713,3194.3786334957713,0.029977494808130823,988.7207899546036,0.0021823131869685396,71.97727601849692,0.004376257808542638,0.4986710752525989,False
2469,828.0742435660383,9342.381435742609,10010.381435742609,2949.3814357426095,3174.3814357426095,0.029993031237867788,989.2332140641206,0.001935137077624615,63.82488838061636,0.0038721398758770472,0.4997590840352333,False
2470,828.3518756206469,9297.384246115886,9948.384246115886,2929.3842461158847,3154.3842461158847,0.029391771069189634,969.4023898825594,0.0027464823673223997,90.58476144173574,0.005490645516704635,0.50021119720196,False
2471,828.629496840782,9265.387064644012,9887.387064644012,2914.387064644012,3135.387064644012,0.02821796912014663,930.6879343306141,0.00352596251926552,116.29365528079325,0.0070441292312988625,0.5005533549269325,False
2472,828.9071072020727,9217.389891355399,9826.389891355399,2900.3898913553976,3115.3898913553976,0.027786033735426506,916.4417974361465,0.003269989834842852,107.85113810685834,0.006533229790234174,0.5005165805939981,False
2473,829.184706680147,9175.392726278438,9779.392726278438,2877.3927262784373,3092.3927262784373,0.02768722507004758,913.1828799611176,0.0036082765879136072,119.00854628482853,0.0071903603851185575,0.5018213823303534,False
2474,829.462295250634,9150.395569441516,9758.395569441516,2864.395569441517,3080.395569441517,0.027938549912735446,921.4721015451092,0.0036349468558032304,119.88818777938661,0.007232438328303269,0.5025894021907256,False
2475,829.739872889162,9122.398420873013,9726.398420873013,2848.3984208730126,3066.3984208730126,0.027843019394153685,918.32130424195,0.004184826871406734,138.02438651405464,0.008312862157700713,0.5034158863719487,False
2476,830.0174395713599,9095.40128060129,9687.40128060129,2836.4012806012906,3052.4012806012906,0.027385425373155897,903.2288915898852,0.004488528931441995,148.04111882043378,0.008909171274207218,0.503809927241679,False
2477,830.2949952728562,9048.404148654707,9630.404148654707,2817.4041486547067,3028.4041486547067,0.027072522874804602,892.9087094889865,0.0042921598148405495,141.5644525969367,0.008506455609323506,0.504576760517756,False
2478,830.5725399692798,9014.407025061608,9592.407025061608,2802.407025061608,3013.407025061608,0.02699043470937584,890.2012692479615,0.004536148684871153,149.61171838284747,0.008980020894584799,0.5051378764170333,False
2479,830.8500736362589,8980.40990985033,9562.40990985033,2805.40990985033,3013.40990985033,0.027271196125713115,899.4613709051043,0.0037906892633299445,125.0248997423048,0.007530106198436175,0.5034044890518518,False
2480,831.1275962494225,8932.412803049201,9525.412803049201,2785.4128030492,2992.4128030492,0.027915020412304516,920.6960491630738,0.003216916312123147,106.10066176969406,0.006376814215761895,0.5044707597363793,False
2481,831.4051077843991,8916.415704686535,9524.415704686535,2784.415704686535,2994.415704686535,0.028648034325799727,944.8723887884292,0.0029299829052974492,96.63699489303019,0.005813559166741526,0.50399124207068,False
2482,831.6826082168175,8861.418614790638,9493.418614790638,2751.4186147906385,2964.4186147906385,0.029919378444814213,986.8039901347568,0.0024634820871044273,81.25081734782816,0.0048616734462887876,0.506714840953572,False
2483,831.9600975223061,8819.42153338981,9453.42153338981,2730.421533389809,2944.421533389809,0.03014892310708153,994.3748555876379,0.0026213617480040953,86.4580204193852,0.005161179751917353,0.507899719445011,False
2484,832.2375756764937,8787.424460512333,9416.424460512333,2721.424460512332,2937.424460512332,0.030024422089670544,990.268550338563,0.0031460009528426203,103.76172416011309,0.006199110463706614,0.5074923202709865,False
2485,832.515042655009,8748.427396186484,9375.427396186484,2701.427396186484,2915.427396186484,0.030061083035657944,991.4777053966874,0.0030478475895428583,100.52441992506658,0.005990116167998952,0.5088127682440284,False
2486,832.7924984334804,8717.43034044053,9334.43034044053,2696.43034044053,2906.43034044053,0.029699333380055037,979.5464413753689,0.002871379921380493,94.70414530293215,0.005650503056436066,0.5081635905160548,False
2487,833.0699429875369,8682.433293302725,9277.433293302725,2670.4332933027263,2875.4332933027263,0.02878638503034235,949.4354858304496,0.0033351780124045854,110.00118122510662,0.006534540406085417,0.5103921324441787,False
2488,833.3473762928069,8644.436254801318,9222.436254801318,2645.4362548013173,2849.4362548013173,0.028108985974196497,927.0934411001016,0.0041526586638718915,136.96341141360574,0.008108079446624235,0.5121630456643878,False
2489,833.6247983249191,8613.439224964539,9172.439224964539,2635.4392249645393,2836.4392249645393,0.0273082491233258,900.6834566499033,0.004612227917653686,152.1209713947262,0.00900795021568493,0.5120174742554335,False
2490,833.9022090595021,8584.442203820618,9130.442203820618,2628.4422038206167,2831.4422038206167,0.026779730696116475,883.2518080014567,0.005529538554935837,182.37580435299526,0.010815747031664694,0.5112488798736969,False
2491,834.1796084721847,8527.445191397765,9074.445191397765,2601.4451913977646,2803.4451913977646,0.027001145158017027,890.5545223569708,0.005476244322825223,180.6180485561987,0.010677726521076167,0.5128661341921401,False
2492,834.4569965385953,8502.448187724187,9062.448187724187,2598.4481877241874,2802.4481877241874,0.027701542510117437,913.6550992291583,0.005121987955841657,168.933928944061,0.009998630738757706,0.5122689385844892,False
2493,834.7343732343627,8484.451192828079,9072.451192828079,2599.4511928280785,2806.4511928280785,0.02910088478711504,959.8083488714427,0.004174941437561468,137.69834412715443,0.008159686818518714,0.511654617440253,False
2494,835.0117385351156,8467.454206737622,9074.454206737622,2596.4542067376224,2800.4542067376224,0.030067656769888106,991.6945209692559,0.002780151259266509,91.69523226836543,0.005430172628473573,0.5119821135498619,False
2495,835.2890924164825,8446.457229480991,9052.457229480991,2597.4572294809923,2796.4572294809923,0.030091894309460333,992.4939259704339,0.0019678820091564436,64.90488505073074,0.00384996944213604,0.5111422411874063,False
2496,835.5664348540921,8434.460261086351,9030.460261086351,2596.4602610863503,2796.4602610863503,0.02965258944084498,978.004728006818,0.0025743826643013917,84.90855149120523,0.005043967571255282,0.5103884249717153,False
2497,835.8437658235732,8398.46330158185,8972.46330158185,2576.46330158185,2769.46330158185,0.028711861857828577,946.9775549569945,0.002659791913284304,87.72552804859606,0.005196469365298239,0.5118459720067361,False
2498,836.1210853005541,8358.466350995634,8903.466350995634,2555.4663509956335,2740.4663509956335,0.02743252326001399,904.7822788958485,0.002921783893202721,96.36657424023599,0.005693315056429627,0.5131955397239197,False
2499,836.3983932606639,8316.469409355832,8857.469409355832,2527.4694093558314,2709.4694093558314,0.027370666719736553,902.7421201781701,0.0028276774423531964,93.26274568420445,0.005481702787595407,0.5158392477519891,False
2500,836.6756896795309,8295.472476690566,8837.472476690566,2513.4724766905656,2696.4724766905656,0.02748694751718724,906.5773052944664,0.0030349102892457923,100.09772056771658,0.0058696702505794335,0.5170495376543847,False
2501,836.9529745327837,8290.475553027945,8830.475553027945,2507.4755530279463,2688.4755530279463,0.027404649544206947,903.8629451593871,0.002864734639619792,94.4849699424168,0.005531332863132438,0.5179103681707323,False
2502,837.2302477960512,8298.478638396073,8831.478638396073,2521.4786383960736,2701.4786383960736,0.027034942413267496,891.6692268752576,0.0029113021158857395,96.0208631921547,0.005643288337421852,0.5158875360984609,False
2503,837.5075094449619,8271.481732823037,8803.481732823037,2497.481732823037,2679.481732823037,0.027071152448180407,892.8635099383528,0.003477327793436423,114.68957979520815,0.0067085545353880414,0.5183423306903601,False
2504,837.7847594551446,8257.484836336915,8772.484836336915,2495.484836336915,2676.484836336915,0.02627484134324508,866.5994958917977,0.004135010635646939,136.38134234748122,0.007988423830717881,0.517625344282133,False
2505,838.0619978022278,8210.487948965776,8710.487948965776,2469.487948965777,2650.487948965777,0.025673516249446866,846.7665303433077,0.005045406543382539,166.40811299089194,0.00971691862102371,0.5192393535607267,False
2506,838.33922446184,8172.4910707376785,8657.491070737678,2443.491070737679,2623.491070737679,0.02503759755152089,825.7925950166725,0.005831236506771066,192.32643695840272,0.01118320383686751,0.5214280801667328,False
2507,838.61643940961,8150.494201680669,8635.494201680669,2443.494201680669,2622.494201680669,0.025103254107142745,827.9580862278506,0.005599969735924384,184.69877274478847,0.010761460634731702,0.5203726451269037,False
2508,838.8936426211667,8117.497341822782,8600.497341822782,2434.4973418227823,2609.4973418227823,0.025101410877474594,827.8972926390192,0.005046143233010406,166.4324105633035,0.009694990062678252,0.5204897787813103,False
2509,839.1708340721384,8091.500491192045,8583.500491192046,2431.500491192045,2611.500491192045,0.025635371502271576,845.5084364031314,0.0053803787194919885,177.45619945360465,0.0103575481601287,0.5194645138319235,False
2510,839.4480137381539,8051.503649816472,8553.503649816472,2412.5036498164723,2598.5036498164723,0.026267050895923703,866.3425505640114,0.005988301216839936,197.5067612385742,0.011506783578985987,0.5204148644783709,False
2511,839.7251815948416,8023.506817724067,8535.506817724068,2404.5068177240673,2590.5068177240673,0.026865087591952597,886.0670578420228,0.005493639206125372,181.19176837060502,0.010552689256863788,0.520591393568435,False
2512,840.0023376178304,7999.509994942824,8517.509994942824,2394.5099949428236,2583.5099949428236,0.027249266500982174,898.7380857865124,0.005744225384407241,189.45662724985198,0.01102592176362834,0.5209746184991039,False
2513,840.2794817827491,7967.5131815007235,8491.513181500723,2376.5131815007235,2569.5131815007235,0.027662297456793123,912.3607148793993,0.006248325000648421,206.08289218546008,0.01196404881706601,0.5222584006624542,False
2514,840.5566140652259,7960.516377425738,8495.516377425738,2381.516377425738,2575.516377425738,0.028248541271356942,931.6962681386503,0.005762202131745751,190.0495381632927,0.011055505629423458,0.5212065666549028,False
2515,840.8337344408898,7921.519582745828,8456.519582745828,2360.5195827458283,2549.5195827458283,0.028383158737938074,936.1362351456228,0.005067585708536392,167.13962847715266,0.009684510476587836,0.5232670996419703,False
2516,841.1108428853692,7910.522797488944,8446.522797488944,2355.522797488944,2543.522797488944,0.02847277209932575,939.0918721669551,0.004875550615956077,160.80590747577287,0.00931016974321229,0.5236800993355321,False
2517,841.387939374293,7879.526021683023,8419.526021683023,2336.5260216830234,2521.5260216830234,0.02878754942942639,949.4738901597491,0.004305282841343645,141.99727759494908,0.008188422522421166,0.5257768305867357,False
2518,841.6650238832897,7868.529255355995,8399.529255355996,2337.529255355995,2518.529255355995,0.028361383195781305,935.418031994201,0.00402856181991703,132.87043665466592,0.007671665005454757,0.5251222279717136,False
2519,841.9420963879878,7829.532498535776,8354.532498535777,2319.5324985357756,2500.5324985357756,0.028186321630664615,929.6441336060703,0.00444571994523579,146.6291884730225,0.008450131608113682,0.5261125094154842,False
2520,842.2191568640161,7836.535751250271,8366.53575125027,2329.535751250271,2512.535751250271,0.028421551949893674,937.4025239765141,0.004421318236674181,145.82436883349953,0.008427271751633174,0.5246440801932541,False
2521,842.4962052870034,7816.539013527376,8361.539013527376,2312.539013527376,2496.539013527376,0.02927172059227112,965.442872813738,0.003977568383778007,131.18856594516956,0.007548475519718271,0.5269366474578512,False
2522,842.7732416325781,7815.542285394975,8361.542285394975,2310.542285394975,2496.542285394975,0.029327273243555288,967.2751160219617,0.004297732128235324,141.74823920541814,0.00815359903458028,0.5270963301001417,False
2523,843.050265876369,7792.545566880939,8336.545566880939,2299.545566880939,2484.545566880939,0.029306777840574002,966.5991345513353,0.004298168527766214,141.76263257923688,0.008142194028507986,0.5278882464256174,False
2524,843.3272779940046,7753.548858013131,8296.548858013131,2279.548858013132,2464.548858013132,0.029396947189514386,969.5731092108139,0.004491580025084884,148.14175030202102,0.008484190663986856,0.5294058329158552,False
2525,843.6042779611137,7738.552158819402,8286.552158819402,2275.552158819403,2464.552158819403,0.029714154183972025,980.0352626411336,0.004937065052973512,162.83478290885273,0.00933098491350535,0.5291043870221859,False
2526,843.8812657533249,7699.555469327592,8248.555469327592,2261.5554693275917,2450.5554693275917,0.029912247178778727,986.5687859913448,0.00494504603135568,163.09801235151053,0.009337571435541505,0.5295858848836648,False
2527,844.1582413462667,7677.558789565526,8219.558789565526,2251.5587895655262,2439.5587895655262,0.02962535539391476,977.1064918944661,0.0052026418614649905,171.5940642819611,0.009813740150420556,0.5301385385919392,False
2528,844.4352047155679,7660.562119561025,8209.562119561024,2254.5621195610247,2443.5621195610247,0.030059354777803703,991.4207038199436,0.004901823392685124,161.6724388763489,0.00927063143991385,0.5287475210783135,False
2529,844.7121558368572,7610.565459341891,8165.565459341891,2225.5654593418913,2415.5654593418913,0.03056933895857512,1008.2410540628166,0.0050090994847330934,165.21062988102653,0.009424954563264525,0.5314720035104434,False
2530,844.989094685763,7599.568808935922,8150.568808935922,2220.568808935922,2408.568808935922,0.030398966588208193,1002.621815173984,0.004895856099511087,161.47562500451954,0.009204868885257718,0.5318767883106044,False
2531,845.2660212379143,7586.572168370899,8139.572168370899,2225.572168370899,2412.572168370899,0.030555984664903342,1007.8006013874694,0.004482647130287315,147.84712465510302,0.008452042488843167,0.530362588238817,False
2532,845.5429354689393,7556.575537674595,8106.575537674595,2203.575537674595,2393.575537674595,0.03051240580759182,1006.3632790727747,0.005406789373270229,178.32727832907358,0.010153715370854991,0.5324936908109285,False
2533,845.8198373544669,7542.578916874771,8088.578916874771,2196.5789168747706,2386.5789168747706,0.030352364250326065,1001.0847721148673,0.005676624625892843,187.22701214066137,0.010651631810505864,0.5329347396606314,False
2534,846.096726870126,7541.582305999175,8078.582305999175,2189.5823059991753,2380.5823059991753,0.02987267886824381,985.2637399393097,0.006449247567760968,212.70974077793608,0.012080034697229501,0.5338765764671249,False
2535,846.3736039915448,7532.585705075547,8065.585705075547,2186.5857050755467,2374.5857050755467,0.029691828642548518,979.2989193578242,0.006129515840399995,202.1643163496028,0.01147606951067615,0.5341128192625294,False
2536,846.6504686943521,7503.5891141316115,8023.5891141316115,2173.5891141316115,2353.5891141316115,0.029099635802758508,959.7671547420621,0.005453560515844943,179.86988892177078,0.010186624844741563,0.5353648140541982,False
2537,846.9273209541767,7448.592533195086,7966.592533195086,2145.5925331950853,2326.5925331950853,0.029198387564136574,963.0241954035334,0.005974693264293184,197.0579423603524,0.011114889069683536,0.5375396215684676,False
2538,847.204160746647,7432.595962293672,7948.595962293672,2145.5959622936716,2323.5959622936716,0.029149896686558714,961.4248643356362,0.005462773218089842,180.17374320644296,0.010175392198898583,0.5368611952550733,False
2539,847.4809880473916,7412.599401455062,7930.599401455062,2139.5994014550624,2320.5994014550624,0.029335482692507082,967.5458809042395,0.005932225468560447,195.65726519192185,0.011053727461168308,0.536671949747298,False
2540,847.7578028320395,7416.602850706939,7928.602850706939,2145.6028507069386,2325.6028507069386,0.028991640541974225,956.205244040804,0.00599457305222181,197.71361955255043,0.011191037152982255,0.5356583996885704,False
2541,848.0346050762191,7402.60631007697,7910.60631007697,2130.60631007697,2312.60631007697,0.028825118282489553,950.7129899016071,0.006773379114451316,223.40028049595037,0.012601758540479157,0.537494754616507,False
2542,848.3113947555591,7396.609779592814,7902.609779592814,2132.609779592814,2314.609779592814,0.028737830201069913,947.8340455012419,0.006828557115676186,225.22016695772254,0.012723062497088128,0.5367070323861891,False
2543,848.5881718456882,7369.613259282117,7882.613259282117,2124.613259282117,2307.613259282117,0.029225521852239717,963.9191412600806,0.0066576163531707165,219.58218130142927,0.012401583218156804,0.5368360019891243,False
2544,848.8649363222349,7337.616749172514,7858.616749172514,2115.616749172513,2297.616749172513,0.02979108512569835,982.572606804228,0.006049506733043865,199.5254478138885,0.011263419263501454,0.5370932743884433,False
2545,849.1416881608279,7324.620249291625,7853.620249291625,2113.620249291626,2298.620249291626,0.030284784475971206,998.855849107366,0.006155482750732574,203.0207596335075,0.011469549895523476,0.536680410896947,False
2546,849.418427337096,7320.623759667066,7859.623759667066,2127.623759667066,2309.623759667066,0.030853669804724166,1017.6188830179132,0.004792737242316509,158.0745483436043,0.00897084784488687,0.534256886883689,False
2547,849.6951538266677,7302.627280326435,7841.627280326435,2110.627280326434,2288.627280326434,0.030927060844487844,1020.0394737735843,0.00423646236686662,139.72743368952922,0.00788987324974975,0.5369493568228098,False
2548,849.9718676051715,7267.630811297317,7810.630811297317,2087.6308112973175,2263.6308112973175,0.0312932528409377,1032.1172555336116,0.0038586458667056386,127.26625136298844,0.00714815775015239,0.5398098365447205,False
2549,850.2485686482364,7249.634352607293,7795.634352607293,2087.6343526072933,2263.6343526072933,0.03153535796422189,1040.102391392285,0.0036164834636970705,119.27922629860609,0.006711441900296878,0.5388534263459983,False
2550,850.5252569314907,7238.637904283924,7773.637904283924,2091.6379042839244,2261.6379042839244,0.030967454729282928,1021.3717490000347,0.002969116006330593,97.92768682090855,0.005522028022741948,0.5376857911808073,False
2551,850.8019324305633,7212.641466354766,7734.641466354766,2078.6414663547657,2246.6414663547657,0.030345842743967618,1000.869679127288,0.003408340988752704,112.41424996995443,0.006328024494645655,0.5386105871803453,False
2552,851.0785951210827,7175.645038847357,7680.645038847357,2049.645038847357,2212.645038847357,0.029536747537955117,974.1840185556719,0.003696345080181334,121.91323027534804,0.006815623342600924,0.5423341188879085,False
2553,851.3552449786775,7179.648621789228,7679.648621789228,2061.648621789228,2222.648621789228,0.029238159559625422,964.3359594134847,0.0034180029748126575,112.73292257921912,0.00632753134579658,0.5401795404906622,False
2554,851.6318819789767,7182.652215207895,7684.652215207895,2057.652215207895,2217.652215207895,0.02933937903073015,967.6743903287428,0.003182087511514633,104.9519347172428,0.005878365473505408,0.5413218225128624,False
2555,851.9085060976084,7200.655819130865,7703.655819130865,2061.6558191308654,2221.6558191308654,0.029324818541078514,967.1941547746168,0.0031357958097083284,103.42513708884792,0.0057900024809302035,0.5415879906850302,False
2556,852.1851173102016,7184.659433585632,7675.659433585632,2049.6594335856316,2207.6594335856316,0.028709510411355853,946.8999993097021,0.0035408612764467884,116.78504760906765,0.006521475021902299,0.5429540502041097,False
2557,852.461715592385,7184.663058599675,7665.663058599675,2040.6630585996754,2198.6630585996754,0.028143320380557692,928.2258619910847,0.004244056511061526,139.97790452758568,0.007794223330293668,0.544513074775036,False
2558,852.738300919787,7186.666694200467,7664.666694200467,2032.6666942004672,2194.666694200467,0.027965770406378307,922.3698906415558,0.005336631334232324,176.01331873294305,0.009777756717159016,0.5457930165993037,False
2559,853.0148732680364,7157.670340415465,7646.670340415465,2015.6703404154646,2176.6703404154646,0.028700675208309292,946.6085957420754,0.004672478913338277,154.10817587695908,0.008526173253688152,0.5480159474025597,False
2560,853.2914326127618,7170.673997272113,7670.673997272113,2039.6739972721134,2200.6739972721134,0.029273547198045917,965.5031181116243,0.003721405407759615,122.73977255442435,0.006839077358723817,0.544138516434918,False
2561,853.5679789295918,7143.677664797848,7636.677664797848,2022.6776647978477,2181.6776647978477,0.028982609731339468,955.9073889237613,0.0038812969389701996,128.01333133768526,0.007107892666901451,0.5460545228888742,False
2562,853.8445121941551,7133.681343020089,7604.681343020089,2010.6813430200891,2167.681343020089,0.02776731486276307,915.82440966958,0.004884876686268025,161.11350087759035,0.00892169261523582,0.5475280192825727,False
2563,854.1210323820804,7125.685031966248,7582.685031966248,2011.6850319662476,2168.6850319662476,0.02699639487932644,890.397848180909,0.005640102601789026,186.02243901826478,0.01032141612053964,0.5464465860033692,False
2564,854.3975394689962,7107.688731663721,7551.688731663721,2002.688731663721,2154.6887316637212,0.026315680335628398,867.9464517021023,0.005455405884570021,179.93075306119556,0.009966264197590894,0.5473872432449398,False
2565,854.6740334305313,7076.692442139894,7529.692442139894,1988.6924421398949,2139.692442139895,0.02694691608587358,888.7659335709048,0.004836813331091552,159.52827039712145,0.008812724131577927,0.548844291376396,False
2566,854.9505142423143,7079.6961634221425,7541.6961634221425,1986.6961634221427,2142.6961634221425,0.02745441211301737,905.5042192771652,0.005374726779424369,177.26978659008137,0.009786540153021474,0.5491958031526584,False
2567,855.2269818799738,7071.699895537826,7531.699895537826,1977.699895537826,2138.699895537826,0.027369184928764494,902.6932475972617,0.006620272693497006,218.35050891090077,0.012035693181236193,0.550053295128701,False
2568,855.5034363191384,7055.703638514294,7522.703638514294,1972.7036385142937,2134.7036385142937,0.027833622072311236,918.0113608148896,0.0064421226485250754,212.47474596531504,0.011707470665880721,0.550257423860088,False
2569,855.7798775354368,7040.707392378883,7500.707392378883,1973.7073923788832,2134.707392378883,0.02748592800193966,906.5436795386314,0.0065696582883307715,216.68113943959122,0.011965529292417938,0.5490486987895883,False
2570,856.0563055044977,7025.711157158919,7486.711157158919,1965.7111571589191,2124.7111571589194,0.02760078705289033,910.3319724669179,0.006179408712459648,203.80988814243142,0.01123363652986615,0.5500808839622726,False
2571,856.3327202019497,7012.714932881714,7478.714932881714,1952.7149328817138,2112.714932881714,0.02794079431046942,921.5461264999865,0.006261260221499559,206.50952295831257,0.011340465041095808,0.5521167076314664,False
2572,856.6091216034215,6998.718719574568,7466.718719574568,1952.7187195745678,2110.718719574568,0.028111251782383065,927.1681722167091,0.00567942044479177,187.31922412461836,0.010297402372429137,0.5515391396181799,False
2573,856.8855096845417,6987.722517264769,7457.722517264769,1949.7225172647688,2101.7225172647686,0.028270569539252385,932.4228067161506,0.004332000261335175,142.87847426493897,0.007845029021519985,0.5521968433070046,False
2574,857.1618844209388,6980.726325979593,7456.726325979593,1941.726325979593,2095.7263259795927,0.028647591909053353,944.8577969541961,0.004498958184494722,148.38509750787648,0.008128740775630625,0.5534631142356357,False
2575,857.4382457882417,6976.730145746303,7454.730145746303,1944.730145746303,2099.7301457463027,0.02878000187350864,949.2249559009999,0.004524135194935691,149.215488233026,0.008188027816223416,0.552530511189979,False
2576,857.714593762079,6957.73397659215,7427.73397659215,1937.7339765921502,2088.73397659215,0.028388521315164353,936.3131042144124,0.004200455643672191,138.53985627426084,0.007594752084537402,0.5530734376733828,False
2577,857.990928318079,6954.737818544373,7421.737818544373,1941.737818544373,2093.737818544373,0.028224845835808605,930.9147428676557,0.004506862511838853,148.6457988381834,0.008167021456354272,0.5518367419412535,False
2578,858.2672494318708,6951.741671630198,7429.741671630198,1945.7416716301977,2098.7416716301977,0.028880088568562626,952.5260254810665,0.003993716972487939,131.7211803443421,0.007247972764864444,0.5510115865567318,False
2579,858.5435570790829,6940.745535876838,7423.745535876838,1925.745535876838,2083.745535876838,0.029216954697868478,963.6365785011905,0.005028827941588491,165.86131585633927,0.009072511609138013,0.5542928086775173,False
2580,858.8198512353439,6929.749411311495,7415.749411311495,1912.749411311495,2071.749411311495,0.02943751571160052,970.9111443422021,0.005241631426349487,172.88002208595117,0.009419963087629251,0.5564386375603796,False
2581,859.0961318762822,6928.753297961357,7421.753297961357,1907.7532979613572,2064.753297961357,0.029851415814068586,984.5624397187432,0.0044945396571250025,148.23936518770142,0.008056382047381214,0.5578856154898941,False
2582,859.3723989775269,6917.757195853601,7410.757195853601,1904.7571958536014,2067.7571958536014,0.029897269604159563,986.0747940982981,0.005762648313092731,190.06425416196657,0.010341330746903018,0.557244367686287,False
2583,859.6486525147064,6910.761105015391,7413.761105015391,1905.7611050153912,2072.761105015391,0.030512707269895273,1006.3732219332013,0.00596808421095138,196.839961889243,0.010724833272092343,0.5564733790763208,False
2584,859.9248924634495,6900.765025473877,7407.765025473877,1905.7650254738774,2076.7650254738774,0.030789958346692882,1015.5175452137695,0.006528050409503307,215.30882413819802,0.011750315051570192,0.5555638619775531,False
2585,860.2011187993847,6876.7689572561985,7368.7689572561985,1883.7689572561987,2052.7689572561985,0.030010506381094818,989.8095810196179,0.007301929279963298,240.8329759403308,0.01306936289297852,0.5587058328517482,False
2586,860.4773314981406,6867.772900389481,7351.772900389481,1873.7729003894813,2036.7729003894813,0.029576157307826527,975.4838356033802,0.006649497042178432,219.3143893585211,0.011857708080608839,0.5607742235662299,False
2587,860.753530535346,6858.776854900838,7337.776854900838,1871.776854900838,2033.776854900838,0.029317826882948747,966.9635551933843,0.006731400930790485,222.01575176279084,0.012006917481241493,0.560626900393628,False
2588,861.0297158866293,6833.78082081737,7310.78082081737,1865.78082081737,2021.78082081737,0.029302718231998204,966.465240127413,0.0055707296975068335,183.73437481669123,0.00992973296349936,0.5610150562944887,False
2589,861.3058875276196,6817.784798166165,7287.784798166165,1852.784798166165,2006.784798166165,0.028952251120469247,954.9060981249922,0.005723572634047647,188.77545613195275,0.010166988734700693,0.5629565236472296,False
2590,861.582045433945,6837.788786974298,7304.788786974298,1871.7887869742983,2027.7887869742983,0.028691981411293394,946.3218560425681,0.0060738945144250475,200.32980810572678,0.010853568433676599,0.5596218931627026,False
2591,861.8581895812345,6807.792787268832,7282.792787268832,1855.7927872688326,2014.7927872688326,0.02929162501672915,966.0993625704605,0.006409279986865118,211.39152595015116,0.011419200735217194,0.5612722059520932,False
2592,862.1343199451167,6810.7967990768175,7289.7967990768175,1866.7967990768175,2029.7967990768175,0.029517499407877942,973.549174767128,0.0068380163500300975,225.5321523895483,0.012239553039885692,0.5586818675278978,False
2593,862.4104365012201,6789.80082242529,7287.80082242529,1858.80082242529,2027.80082242529,0.030739460223496187,1013.8520109662339,0.00705297867398846,232.62206167366014,0.012614930825100509,0.5590976892203661,False
2594,862.6865392251735,6778.804857341274,7294.804857341274,1863.8048573412746,2034.8048573412746,0.0318605466357785,1050.8277973104116,0.0062617798092982485,206.52666005606034,0.011229438622030227,0.5576218028400559,False
2595,862.9626280926055,6769.808903851782,7294.808903851782,1858.8089038517821,2030.8089038517821,0.03243750979784862,1069.8572551429568,0.005996804934799066,197.78723173125286,0.010740355137648372,0.5583432631364629,False
2596,863.2387030791446,6780.812961983812,7310.812961983812,1865.8129619838116,2034.8129619838116,0.03268390794991312,1077.9839841145351,0.004972481685946356,164.00289790827333,0.008912416778148267,0.5579274185356813,False
2597,863.5147641604198,6774.817031764349,7297.817031764349,1852.8170317643485,2019.8170317643485,0.032295400025021084,1065.1701761275283,0.00518409571141993,170.98237327040283,0.009249501434157656,0.5604729885521706,False
2598,863.7908113120593,6780.821113220365,7302.821113220365,1862.8211132203655,2025.8211132203655,0.032208375198743144,1062.2999144350852,0.004221566279760308,139.23612942593945,0.0075519921596539745,0.5590003525577993,False
2599,864.066844509692,6771.825206378822,7295.825206378822,1851.8252063788227,2013.8252063788227,0.032368680984173726,1067.5871361932634,0.004053100228028787,133.67976493268793,0.007223757788058885,0.5610791982434264,False
2600,864.3428637289467,6779.829311266667,7304.829311266667,1864.8293112666668,2024.8293112666668,0.03239131219795513,1068.3335611934442,0.0033580200310416447,110.7545590125278,0.006008259160836175,0.5589006634284907,False
2601,864.6188689454516,6747.833427910831,7277.833427910831,1841.8334279108315,2008.8334279108315,0.03283775803571639,1083.058283329449,0.004855817760808713,160.15507643554633,0.008648153205573338,0.5614860936644093,False
2602,864.8948601348358,6741.837556338238,7272.837556338238,1836.837556338238,2002.837556338238,0.032925603379428424,1085.9556074115549,0.0046493726467451285,153.3460826365099,0.008267273209948552,0.5623828472428168,False
2603,865.1708372727276,6734.841696575794,7264.841696575794,1830.8416965757945,1992.8416965757945,0.03289876328490096,1085.0703646775137,0.0039232434335594035,129.39681489865416,0.006959622510471591,0.5637149755832893,False
2604,865.4468003347557,6732.845848650395,7258.845848650395,1833.8458486503953,1992.8458486503953,0.03266890244791743,1077.4890711179087,0.0034419773598988665,113.5236481923107,0.006112389546904374,0.563114856061826,False
2605,865.7227492965491,6705.850012588922,7226.850012588922,1817.8500125889225,1973.8500125889225,0.032495205893724066,1071.7601936592134,0.003260895318274261,107.55118183421087,0.005768786949843816,0.5652653402917829,False
2606,865.9986841337361,6696.854188418245,7209.854188418245,1812.8541884182446,1965.8541884182446,0.03205563858521791,1057.2623398763635,0.0031327892570450003,103.32597466238872,0.005535534762139751,0.5659415741495635,False
2607,866.2746048219453,6668.858376165217,7173.858376165217,1793.8583761652174,1949.8583761652174,0.031701304151695135,1045.5756454656703,0.0045136114731661875,148.8683937687356,0.007946407632524913,0.5680065360216136,False
2608,866.5505113368056,6686.862575856683,7182.862575856683,1815.8625758566832,1966.8625758566832,0.03107515954515718,1024.9240802176596,0.003615879296280884,119.25929958729103,0.006407367696409507,0.5643314801969477,False
2609,866.8264036539455,6655.8667875194715,7147.8667875194715,1791.8667875194712,1943.8667875194712,0.030971828831462808,1021.5160160840695,0.004388950898953865,144.75682600097196,0.007731049289143076,0.5677044259848905,False
2610,867.1022817489936,6647.8710111803975,7138.8710111803975,1788.871011180398,1939.871011180398,0.030946950741488365,1020.6954843842218,0.004246876046874473,140.07089874521876,0.007477156150944526,0.5679801198665619,False
2611,867.3781455975786,6632.875246866266,7126.875246866266,1774.8752468662658,1928.8752468662658,0.031197327677702478,1028.9534420202576,0.0049389795733178025,162.89792781403276,0.008663895955196229,0.5700645066444521,False
2612,867.6539951753292,6637.879494603865,7126.879494603865,1768.8794946038647,1924.8794946038647,0.030870051682025033,1018.1591917651758,0.005835246899665889,192.4587081457173,0.010211951540854872,0.5714134929372573,False
2613,867.929830457874,6645.883754419971,7135.883754419971,1768.8837544199712,1922.8837544199712,0.03089502603908393,1018.9828985558173,0.005358710897741641,176.74154914760913,0.009365525238767557,0.5721740918021179,False
2614,868.2056514208416,6657.888026341348,7152.888026341348,1782.888026341348,1936.888026341348,0.03114493967635785,1027.2255756189747,0.004835506400857895,159.48516509091405,0.00848640167278021,0.56979466531352,False
2615,868.4814580398607,6651.892310394745,7149.892310394745,1777.892310394745,1933.892310394745,0.031354290960182656,1034.1304210053588,0.005172544027197211,170.60137444367956,0.009067424695027904,0.5704534860966157,False
2616,868.7572502905599,6636.896606606899,7134.896606606899,1769.8966066068988,1921.8966066068988,0.03142263203166699,1036.3844531923983,0.0043594913431413,143.78518792777254,0.007623655376294547,0.5718374097413906,False
2617,869.033028148568,6626.900915004533,7115.900915004533,1763.9009150045326,1915.9009150045326,0.030919415046331004,1019.7872992792891,0.0049794442754308825,164.2325387444855,0.008700050880482146,0.5723465694438477,False
2618,869.3087915895134,6605.905235614356,7082.905235614356,1749.905235614356,1903.905235614356,0.030279092006833413,998.6680995099184,0.006351705606050789,209.49260185244952,0.011070666072762124,0.5737419559314774,False
2619,869.5845405890249,6581.909568463066,7058.909568463066,1734.9095684630654,1888.9095684630654,0.030385707143627632,1002.1844908210334,0.006548617156292239,215.98715867756152,0.01137306097690403,0.5758007601991157,False
2620,869.8602751227311,6558.913913577344,7038.913913577344,1730.9139135773435,1884.9139135773435,0.03067372300352106,1011.6838592751325,0.006342328286107389,209.18331813006273,0.011022749992574283,0.5753852977142762,False
2621,870.1359951662607,6578.918270983861,7058.918270983861,1750.91827098386,1902.91827098386,0.03058366236154044,1008.7134699996836,0.0055705990353319135,183.73006530351722,0.009737050754577248,0.5721033170863625,False
2622,870.4117006952423,6581.922640709271,7071.922640709271,1754.922640709271,1904.922640709271,0.031184727716210496,1028.5378688057685,0.004434638913813314,146.26371276494,0.007754526259079066,0.5718774771858179,False
2623,870.6873916853045,6565.927022780219,7058.927022780219,1747.9270227802187,1895.9270227802187,0.0314426406181897,1037.044378432957,0.0038556794587890075,127.16841299465841,0.006730756190496804,0.5728449151423528,False
2624,870.9630681120759,6554.931417223332,7057.931417223332,1733.9314172233321,1881.9314172233321,0.03210928182808044,1059.031606781361,0.0034625949784203858,114.20366058834497,0.006013486068257393,0.5758049389517896,False
2625,871.2387299511854,6533.935824065227,7041.935824065227,1725.9358240652268,1873.9358240652268,0.03251719831011573,1072.4855497787607,0.003212872194763003,105.96727827862583,0.005572642142576634,0.576543785256855,False
2626,871.5143771782615,6540.940243332505,7054.940243332505,1734.9402433325047,1880.9402433325047,0.03285315802403063,1083.5662073140518,0.0022373194460258775,73.79149806259034,0.0038893872311854746,0.5752370008537177,False
2627,871.7900097689328,6552.944675051754,7071.944675051754,1740.9446750517538,1886.9446750517538,0.033102353136547635,1091.7851859204234,0.0018718437377612251,61.73734099251283,0.003256991296283401,0.5747156094329182,False
2628,872.0656276988278,6547.949119249549,7062.949119249549,1733.9491192495489,1880.9491192495489,0.032880781576591335,1084.4772901408182,0.0024599167651935677,81.13322553708122,0.004271882966315302,0.5758389882378637,False
2629,872.3412309435755,6544.9535759524515,7052.9535759524515,1731.953575952451,1879.953575952451,0.03246445483389513,1070.7459590688777,0.0031464231682798646,103.77564971270908,0.0054644650046068695,0.5757971120003957,False
2630,872.6168194788044,6540.958045187008,7047.958045187008,1724.9580451870074,1874.9580451870074,0.03242194665771469,1069.3439500684042,0.0037910710364617156,125.03749142265815,0.0065706862288700514,0.5769672914534619,False
2631,872.8923932801429,6547.962526979752,7045.962526979752,1726.9625269797518,1876.9625269797518,0.031834143769591663,1049.9569752860762,0.004338544373990873,143.09431285571895,0.007523652624150631,0.5766539991578445,False
2632,873.16795232322,6571.967021357204,7067.967021357204,1745.967021357204,1892.967021357204,0.031599139006662336,1042.2060242365058,0.003507872599352306,115.69701169795553,0.006112283630537105,0.5739054028557995,False
2633,873.4434965836642,6555.97152834587,7050.97152834587,1729.9715283458704,1877.9715283458704,0.0316119021866249,1042.6269807392316,0.004038145894113408,133.18653956690332,0.0070036294804967395,0.576579030252611,False
2634,873.7190260371041,6573.976047972244,7070.976047972244,1755.9760479722434,1907.9760479722434,0.03165124871609765,1043.924711985664,0.004403082006902502,145.2228996439942,0.007709718816749974,0.5711079887033569,False
2635,873.9945406591684,6545.980580262802,7043.980580262802,1733.9805802628014,1887.9805802628014,0.03184343741161673,1050.2634991348298,0.0051098561465640485,168.533796373634,0.008896367716534648,0.5743755552130507,False
2636,874.2700404254857,6544.985125244009,7043.985125244009,1734.9851252440094,1888.9851252440094,0.031909766329308566,1052.4511662603468,0.00502301601338162,165.66962624769667,0.00874935335889049,0.574101400108338,False
2637,874.5455253116849,6527.989682942319,7026.989682942319,1717.9896829423187,1872.9896829423187,0.03198985653205978,1055.0927094926494,0.005524977178759528,182.22536057891784,0.009575409817899916,0.5769964193523436,False
2638,874.820995293394,6520.994253384166,7021.994253384166,1708.994253384166,1863.994253384166,0.03214665222796469,1060.2641611202396,0.005557314503625274,183.2919135244165,0.00960153206034791,0.5787945578576661,False
2639,875.0964503462424,6534.998836595975,7032.998836595975,1718.9988365959753,1872.9988365959753,0.03189503097151477,1051.9651631873285,0.0053668938836411995,177.01144122280039,0.009296759969333232,0.5772864848984711,False
2640,875.3718904458583,6529.003432604155,7018.003432604155,1713.003432604155,1864.003432604155,0.03136667936542006,1034.5390166498914,0.005321795188369678,175.52399145756226,0.009200449045083523,0.5784277661114274,False
2641,875.6473155678704,6504.008041435101,6980.008041435101,1699.0080414351014,1846.0080414351014,0.030674853419677933,1011.721142776064,0.0053633007164427746,176.89293101594012,0.009242226241881396,0.5803039847844055,False
2642,875.9227256879075,6513.012663115195,6985.012663115195,1708.0126631151954,1856.0126631151954,0.030385275217853034,1002.1702450011007,0.005704573557745989,188.148826660424,0.009862021751217157,0.5784385495846163,False
2643,876.1981207815982,6510.017297670805,6978.017297670805,1704.017297670805,1851.017297670805,0.030149899150358067,994.4070475464919,0.005786579058224453,190.8535404376305,0.00999038442908149,0.5792148539729884,False
2644,876.473500824571,6494.021945128284,6968.021945128284,1698.0219451282835,1845.0219451282835,0.030595757875518215,1009.112405474831,0.005462479513141313,180.16405619988734,0.009420679710683319,0.5798392134005688,False
2645,876.7488657924546,6496.026605513971,6970.026605513971,1706.0266055139705,1854.0266055139705,0.030586640901543914,1008.811708509739,0.005543521417695166,182.83698855807052,0.009592689210512218,0.5778902345361359,False
2646,877.0242156608779,6487.031278854191,6973.031278854191,1711.0312788541914,1864.0312788541914,0.031375621324109364,1034.833941243011,0.005819625489778012,191.94348121219946,0.010105652865966456,0.5758782304285543,False
2647,877.2995504054691,6460.035965175258,6948.035965175258,1695.0359651752578,1848.0359651752578,0.031627121958875404,1043.1289608192471,0.005904379468886993,194.73884559180397,0.010213354723144098,0.5781038286575224,False
2648,877.5748700018571,6453.040664503467,6946.040664503467,1690.0406645034668,1846.0406645034668,0.031972919623614995,1054.534094651613,0.006371189380890964,210.1352177005906,0.01100983476914381,0.5786816527662045,False
2649,877.8501744256706,6430.045376865101,6933.045376865101,1671.0453768651016,1826.0453768651016,0.0327100049171132,1078.8447169473025,0.005813317323455462,191.7354246274342,0.009983043601661107,0.5823191358683606,False
2650,878.1254636525382,6425.050102286432,6934.050102286432,1674.0501022864314,1829.0501022864314,0.033110456718028494,1092.0524590709817,0.005346693582259254,176.34519282320866,0.00919569024281504,0.5814347200784454,False
2651,878.4007376580884,6426.054840793711,6946.054840793711,1682.0548407937108,1838.0548407937108,0.03379378029161798,1114.5899068396575,0.004724533509353729,155.82504586968457,0.008149372360519155,0.5797420096107565,False
2652,878.67599641795,6420.059592413181,6934.059592413181,1679.059592413181,1830.059592413181,0.03344851042740025,1103.2021809779123,0.003950611315646051,130.29946517577991,0.006805559609394808,0.5804976434549757,False
2653,878.9512399077516,6408.064357171068,6927.064357171068,1667.0643571710682,1817.0643571710682,0.03382235776466226,1115.532451969065,0.0035955856203193706,118.5899714977968,0.006167631715425382,0.5829767058442761,False
2654,879.2264681031219,6400.069135093585,6924.069135093585,1663.0691350935847,1813.0691350935847,0.03417673018329385,1127.2203992084892,0.0033273309810579604,109.7423696372307,0.005701285123921588,0.5836106963142513,False
2655,879.5016809796895,6419.073926206928,6944.073926206928,1675.0739262069285,1824.0739262069285,0.034141958337611536,1126.0735506492204,0.002866498573189956,94.54314817926024,0.004925211702557575,0.5820051494845255,False
2656,879.7768785130829,6416.078730537283,6938.078730537283,1684.0787305372833,1832.0787305372833,0.03396953927621124,1120.386807588066,0.0026122026716169783,86.15593482822146,0.004506896649851456,0.5796011922534489,False
2657,880.052060678931,6372.083548110819,6885.083548110819,1657.0835481108188,1804.0835481108188,0.03362775318330494,1109.1139838268834,0.003284487342894854,108.32929639544432,0.00563092157531133,0.58329481221966,False
2658,880.3272274528623,6373.088378953689,6881.088378953689,1672.0883789536897,1818.0883789536897,0.03330719473976115,1098.5412925611256,0.0030485675826869008,100.54816681234661,0.005260083109138466,0.5795664287871332,False
2659,880.6023788105053,6340.093223092037,6852.093223092037,1649.093223092037,1798.093223092037,0.03372761925065623,1112.407776641567,0.003839377990267241,126.63075629794594,0.006586336379199462,0.5829307477207685,False
2660,880.8775147274891,6325.098080551987,6845.098080551987,1638.098080551987,1790.098080551987,0.03431241102267222,1131.6954384854705,0.004224514431629106,139.33336567143874,0.00722614655468365,0.5846151056666535,False
2661,881.1526351794419,6335.102951359651,6855.102951359651,1636.1029513596518,1789.1029513596518,0.034260304530102675,1129.976856835307,0.004564399544205754,150.5434911055845,0.007793588304502615,0.5856608491327093,False
2662,881.4277401419926,6338.107835541128,6858.107835541128,1641.1078355411287,1793.1078355411287,0.034244685660598816,1129.4617136889935,0.004224603638194345,139.3363078914681,0.007225123857950284,0.5847102030708765,False
2663,881.7028295907696,6349.112733122502,6865.112733122502,1659.1127331225011,1807.1127331225011,0.033934634893240494,1119.2355876704376,0.003174714709712534,104.70876421655203,0.005461876793416401,0.5812497846050371,False
2664,881.9779035014018,6345.117644129838,6863.117644129838,1656.1176441298376,1808.1176441298376,0.03408176470156316,1124.0882380083574,0.004053735348011123,133.70071252469575,0.006973309026132619,0.5813216269090709,False
2665,882.2529618495178,6313.122568589192,6824.122568589192,1637.122568589192,1788.122568589192,0.033802597436623394,1114.8807148151302,0.004513491658275248,148.86444202178723,0.007729822086365474,0.5839062798400669,False
2666,882.528004610746,6304.1275065266045,6807.1275065266045,1630.1275065266045,1781.1275065266045,0.03333889703402807,1099.5869008626726,0.005134537911651804,169.34785286605393,0.008779446970228715,0.5848361439009915,False
2667,882.8030317607154,6274.1324579680995,6767.1324579680995,1610.1324579680997,1761.1324579680997,0.032850994147381136,1083.4948381137917,0.006079422273701313,200.51212522572928,0.01034526977702876,0.5876523671910825,False
2668,883.0780432750544,6236.137422939689,6725.137422939689,1595.1374229396886,1746.1374229396886,0.032785486260925104,1081.334250324198,0.0064948299296045744,214.21314288336407,0.011029307294721277,0.5888701580300566,False
2669,883.3530391293917,6225.142401467367,6708.142401467367,1592.1424014673667,1744.1424014673667,0.032452982840423826,1070.3675886106425,0.007147048910217155,235.7246957953755,0.012142581542685943,0.5885938574999452,False
2670,883.6280192993561,6222.1473935771155,6715.1473935771155,1602.1473935771155,1755.1473935771155,0.03311525492444814,1092.2107140042895,0.006495870944875352,214.24747775515607,0.011085295220475803,0.5859898916247841,False
2671,883.902983760576,6215.152399294902,6709.152399294902,1597.152399294902,1751.152399294902,0.03321587477368369,1095.5293681299272,0.006761710508867647,223.01542535698036,0.011524505481010666,0.5867245687903186,False
2672,884.1779324886802,6218.157418646678,6717.157418646678,1609.1574186466778,1761.1574186466778,0.03352381381286599,1105.6858449144916,0.00567583091091263,187.20083375226523,0.009715141143695713,0.5842252651775166,False
2673,884.4528654592973,6192.162451658381,6696.162451658381,1591.1624516583804,1742.1624516583804,0.03398363971655441,1120.8518697489983,0.005390487828228818,177.78961910858175,0.009176351549526647,0.5874325759137771,False
2674,884.7277826480558,6211.167498355933,6716.167498355933,1615.1674983559328,1764.1674983559328,0.033948277571656235,1119.6855518808109,0.004373972326000342,144.26280118075988,0.007505503323683633,0.5827686881702207,False
2675,885.0026840305848,6187.172558765243,6691.172558765243,1587.1725587652427,1734.1725587652427,0.034010001493477555,1121.7213365630494,0.004458162059224342,147.03955554506115,0.007573677668477498,0.5886390013374502,False
2676,885.2775695825123,6192.177632912203,6693.177632912203,1589.177632912203,1738.177632912203,0.0337889447580894,1114.4304207798373,0.0051327684173765875,169.2894912254692,0.008727645741136407,0.5881045782122066,False
2677,885.5524392794675,6176.182720822692,6668.182720822692,1579.1827208226925,1729.1827208226925,0.033287355798021064,1097.886962562082,0.006121147950206816,201.8883257421487,0.010388434498275333,0.5892271786690321,False
2678,885.8272930970788,6183.1878225225755,6663.1878225225755,1591.187822522575,1741.187822522575,0.03246961640205753,1070.91619843623,0.006654558294156385,219.48132008725088,0.011352729864107297,0.586163713380989,False
2679,886.1021310109747,6153.192938037699,6624.192938037699,1568.192938037699,1713.192938037699,0.03203244040491226,1056.4972151284778,0.006374341326866408,210.23917550409215,0.010794566676723372,0.5905138684827043,False
2680,886.3769529967843,6119.198067393898,6589.198067393898,1552.1980673938983,1693.1980673938983,0.032138051626357106,1059.9804952011907,0.005622574104329724,185.44431232803913,0.009482597270499955,0.5929360853298458,False
2681,886.6517590301358,6110.203210616993,6578.203210616993,1554.2032106169925,1694.2032106169925,0.03205163129590935,1057.1301710518471,0.005406067349226537,178.30346445845385,0.009134264893681852,0.5918448186198213,False
2682,886.926549086658,6091.2083677327855,6563.2083677327855,1554.2083677327853,1695.2083677327853,0.03241273631227551,1069.040173516138,0.005301108283537914,174.84169385338032,0.008976657698132808,0.5905436590993742,False
2683,887.2013231419796,6076.213538767066,6557.213538767066,1552.2135387670664,1694.2135387670664,0.03308629886138955,1091.2556821804324,0.004930381949391237,162.61436010516263,0.008353516101148822,0.5902163699323191,False
2684,887.4760811717292,6089.21872374561,6572.21872374561,1562.2187237456099,1704.2187237456099,0.033150434222329696,1093.3710011935332,0.004633059564510308,152.80804289512935,0.007872615679761295,0.5885032056652849,False
2685,887.7508231515354,6099.223922694176,6580.223922694176,1573.2239226941754,1716.2239226941754,0.03296609471510849,1087.291096773029,0.004817314917383263,158.88517172833963,0.008219616607878335,0.5860753788401718,False
2686,888.0255490570271,6103.229135638507,6588.229135638507,1586.2291356385072,1727.2291356385072,0.03320902019629245,1095.3032897595883,0.003775012380230959,124.5078431856823,0.0064717503102515355,0.5833062462640399,False
2687,888.3002588638325,6073.234362604335,6557.234362604335,1564.2343626043346,1705.2343626043346,0.033300665476493865,1098.3259437343884,0.004181588063362107,137.91756381693176,0.007123326592476303,0.5870274244871383,False
2688,888.5749525475806,6053.239603617372,6532.239603617372,1555.2396036173723,1694.2396036173723,0.03307424154487468,1090.8580065379008,0.004103280933114725,135.334830063734,0.0069767206544000746,0.5881389174621561,False
2689,888.8496300838998,6030.24485870332,6498.24485870332,1537.2448587033193,1678.2448587033193,0.03246112478701874,1070.636127123304,0.005651151385982399,186.38685114494933,0.00956579814065042,0.5907663221501089,False
2690,889.124291448419,6024.25012788786,6488.25012788786,1546.2501278878601,1685.2501278878601,0.032224588421765066,1062.8346606097255,0.005160031789209492,170.18869453475145,0.008774919115371788,0.5880432310960242,False
2691,889.3989366167665,6023.255411196664,6489.255411196664,1544.2554111966638,1682.2554111966638,0.032363588469638015,1067.4191743596668,0.004809213657210029,158.61797513938586,0.008169104901445375,0.5887075408174922,False
2692,889.6735655645714,6031.260708655384,6497.260708655384,1550.2607086553844,1690.2607086553844,0.03232219179743981,1066.0538250968523,0.005226764311560841,172.38967339029614,0.0088982864751426,0.5873899796507821,False
2693,889.9481782674619,6023.26602028966,6491.26602028966,1549.266020289661,1686.266020289661,0.032497363024918534,1071.8313403801878,0.004302729972306671,141.91307860810753,0.007323114071739547,0.5875546837254977,False
2694,890.222774701067,6000.271346125117,6465.271346125117,1541.2713461251167,1677.2713461251167,0.03241586622309953,1069.1434045540293,0.004308357006585002,142.09867002634905,0.007325423422426108,0.5881376076358077,False
2695,890.4973548410153,5967.276686187361,6433.276686187361,1524.2766861873608,1660.2766861873608,0.032656054847111995,1077.0653302383362,0.004460607535161594,147.12021248173892,0.007554179548910355,0.5904820644361054,False
2696,890.771918662935,5968.282040501987,6428.282040501987,1532.282040501986,1669.282040501986,0.03224558494003531,1063.5271699159007,0.004945424618434904,163.11049894915436,0.008410043801697378,0.5880379145512633,False
2697,891.0464661424554,5980.287409094571,6433.287409094571,1538.2874090945709,1680.2874090945709,0.031710897646125655,1045.8920590770306,0.006635190103563948,218.84251645055247,0.011315763634130924,0.586366976025436,False
2698,891.3209972552047,5970.292791990678,6420.292791990678,1525.292791990678,1664.292791990678,0.03155920405533885,1040.8888856006033,0.0063173102729474,208.35817146944373,0.010716682517059147,0.5894837570200769,False
2699,891.5955119768117,5967.298189215855,6417.298189215855,1518.298189215855,1658.298189215855,0.03157447956944159,1041.3927041640718,0.006731072867051588,222.00493153110847,0.011388231871225812,0.591055129818591,False
2700,891.870010282905,5945.303600795634,6395.303600795634,1509.303600795634,1650.303600795634,0.03168712928036457,1045.1081284143238,0.007100109819367005,234.17654591553605,0.011996521622747659,0.5918473739841275,False
2701,892.1444921491133,5937.309026755533,6384.309026755533,1512.3090267555322,1650.3090267555322,0.031524246689013706,1039.7359181805784,0.006400484056312626,211.10141767192772,0.010834526158111457,0.5907488673623988,False
2702,892.4189575510651,5885.31446712105,6334.31446712105,1490.3144671210505,1627.3144671210505,0.031929946882632,1053.1167633274592,0.006263621174812883,206.5873921611908,0.01055619143897853,0.593359945300403,False
2703,892.6934064643893,5860.319921917676,6315.319921917676,1491.3199219176756,1629.3199219176756,0.03247403064510148,1071.0617894503355,0.00596151762238132,196.6233819955644,0.010080863371938522,0.5913697470571845,False
2704,892.9678388647143,5866.325391170878,6316.325391170878,1497.3253911708782,1632.3253911708782,0.03209834638391634,1058.670932847077,0.005392200560994501,177.846108635272,0.009133844860015275,0.5903538590412934,False
2705,893.242254727669,5836.330874906113,6280.330874906113,1493.3308749061136,1628.3308749061136,0.03184261978169385,1050.2365319813564,0.005743993550566297,189.44898088247464,0.009750259503857564,0.5891118639759034,False
2706,893.5166540288818,5829.336373148822,6273.336373148822,1485.3363731488216,1622.3363731488216,0.03187945845695736,1051.4515489245848,0.0064366305645627425,212.29360549215403,0.010898903324861594,0.5905759848222603,False
2707,893.7910367439814,5816.341885924427,6263.341885924427,1483.3418859244268,1620.3418859244268,0.03215619187862083,1060.578798850744,0.006209206497339109,204.79268172119737,0.010518657903219273,0.5903040629773462,False
2708,894.0654028485965,5806.347413258338,6257.347413258338,1473.3474132583378,1612.3474132583378,0.032487250476569585,1071.4978072795727,0.006666209763371948,219.86561003278098,0.011255455923758217,0.5922647477389871,False
2709,894.3397523183556,5783.352955175948,6240.352955175948,1465.3529551759486,1604.3529551759486,0.033029456239319,1089.3808930242205,0.006328217835383322,208.71792580572674,0.010670211187828842,0.5930733444715426,False
2710,894.6140851288876,5773.358511702637,6235.358511702637,1474.3585117026366,1614.3585117026366,0.03343290199315667,1102.6873820084174,0.00596398448686479,196.7047443714539,0.010111131445385701,0.5898434333564622,False
2711,894.8884012558212,5747.364082863764,6220.364082863764,1465.3640828637645,1607.3640828637645,0.034347095432057474,1132.8394032118756,0.005821621738967199,192.0093217064741,0.009856925066198471,0.5906123562743517,False
2712,895.1627006747846,5718.369668684679,6188.369668684679,1453.3696686846786,1593.3696686846786,0.03430402158232409,1131.4187371086084,0.005636431736871644,185.9013661773165,0.009519746567049398,0.5920779190047946,False
2713,895.4369833614068,5690.37526919071,6153.37526919071,1447.3752691907105,1584.3752691907105,0.03397249352328398,1120.4842448662034,0.005304413567024734,174.95070905031434,0.008961557482534025,0.5919075537218811,False
2714,895.7112492913163,5684.3808844071755,6138.3808844071755,1461.3808844071752,1593.3808844071752,0.03337066243345173,1100.6345905049325,0.004185517992988698,138.04718115653077,0.007120322936573141,0.5878269890667485,False
2715,895.9854984401419,5664.386514359373,6123.386514359373,1450.3865143593732,1585.3865143593732,0.033838793252570595,1116.0745289068486,0.004812613365659038,158.7301046700502,0.008167176341144172,0.589262820421093,False
2716,896.2597307835122,5632.392159072588,6099.392159072588,1432.3921590725881,1566.3921590725881,0.034593671892585505,1140.9720131713766,0.004244893598926575,140.00551344489145,0.007164274562219062,0.5925085034166755,False
2717,896.5339462970556,5611.397818572089,6090.397818572089,1419.3978185720887,1554.3978185720887,0.03557460224393633,1173.325158025061,0.0038834424234127293,128.0840939243003,0.006526517524150462,0.5950252043364008,False
2718,896.808144956401,5616.403492883128,6096.403492883128,1436.4034928831275,1572.4034928831275,0.035615402468664056,1174.6708351965965,0.0036721448839166157,121.11505693494519,0.006220328889339703,0.5903457758013209,False
2719,897.0823267371769,5588.409182030942,6063.409182030942,1427.4091820309418,1565.4091820309418,0.0354286795276629,1168.5123201201718,0.004650711255681603,153.39023277292313,0.007877029428244012,0.5904143558237744,False
2720,897.3564916150121,5569.414886040753,6036.414886040753,1427.4148860407527,1566.4148860407527,0.034969510146855176,1153.3679487902489,0.0053870699842515565,177.676891430076,0.009152876109142368,0.588565814724693,False
2721,897.6306395655351,5540.420604937765,6005.420604937765,1414.4206049377656,1553.4206049377656,0.035000693973194164,1154.396456929739,0.00570979305589539,188.320976680513,0.009675823438761616,0.5901092648116957,False
2722,897.9047705643749,5518.42633874717,5979.42633874717,1415.4263387471703,1554.4263387471703,0.034844270270413875,1149.2372744173097,0.005838603374585825,192.5694117437181,0.009929451077150458,0.5880086753256234,False
2723,898.1788845871596,5485.43208749414,5938.43208749414,1393.4320874941407,1534.4320874941407,0.034460951565807744,1136.5946178228114,0.0074009130627009576,244.09766915393902,0.01251370559406396,0.5914245790001387,False
2724,898.4529816095181,5476.437851203835,5924.437851203835,1402.4378512038343,1541.4378512038343,0.03414898449453563,1126.3052880732043,0.006893410056645961,227.35915326851773,0.01172014119205199,0.5881678337903237,False
2725,898.727061607079,5452.443629901393,5896.443629901393,1396.4436299013935,1533.4436299013935,0.03399896671354898,1121.3573863264542,0.0066454397624522155,219.18057174495334,0.011297060135157024,0.5882450551689347,False
2726,899.0011245554712,5434.449423611944,5881.449423611944,1396.4494236119444,1534.4494236119444,0.034328815447723156,1132.2364909049247,0.00659855183340121,217.63410928878852,0.01124438059814552,0.5868310642641781,False
2727,899.2751704303229,5421.455232360598,5871.455232360598,1391.4552323605974,1526.4552323605974,0.034629877958177735,1142.1661653179322,0.005584955713733811,184.20357873422586,0.009500580407771898,0.5878541598537568,False
2728,899.5491992072632,5419.461056172447,5871.461056172447,1394.4610561724464,1528.4610561724464,0.03479008483979009,1147.4501250202943,0.005057902919182719,166.82026973153393,0.008616224975245005,0.5870207583616276,False
2729,899.8232108619205,5405.46689507257,5861.46689507257,1390.46689507257,1524.46689507257,0.03517310455685538,1160.0829203772387,0.004784239796462177,157.79428471812594,0.008146431384388135,0.5872804386017072,False
2730,900.0972053699234,5370.4727490860305,5832.4727490860305,1384.4727490860305,1517.4727490860305,0.03584020110416698,1182.085166710879,0.003996287771488902,131.8059706990839,0.006811119311686157,0.5867299614957975,False
2731,900.3711827069005,5329.478618237874,5789.478618237874,1359.4786182378741,1493.4786182378741,0.03595473016115171,1185.8625757445377,0.0048718977061793164,160.6854268331033,0.008245206199827626,0.5908763938834141,False
2732,900.6451428484808,5320.484502553131,5767.484502553131,1367.484502553131,1499.484502553131,0.03503525370773141,1155.5363096175968,0.004984314643047723,164.39317370575577,0.008483411147005977,0.5875366119449275,False
2733,900.9190857702927,5297.490402056816,5730.490402056816,1345.4904020568156,1478.4904020568156,0.03412161093777686,1125.402450633464,0.00681629450859865,224.8157204009242,0.011518263662282348,0.5917814271711157,False
2734,901.1930114479646,5289.496316773926,5716.496316773926,1352.4963167739259,1483.4963167739259,0.03371560894942926,1112.011651662054,0.006434772363243517,212.23231810680045,0.010923782242231207,0.5890608417995341,False
2735,901.4669198571256,5273.502246729444,5698.502246729444,1342.5022467294439,1473.5022467294439,0.03366158846435572,1110.2299425159931,0.006774192733818692,223.42711537287323,0.011466193175354958,0.5907970178261874,False
2736,901.7408109734042,5263.5081919483355,5688.5081919483355,1346.5081919483353,1476.5081919483353,0.033723084651755324,1112.258216038317,0.0063037762681634815,207.91179154387464,0.010704061755476313,0.5889144151226895,False
2737,902.0146847724288,5249.51415245555,5669.51415245555,1343.51415245555,1473.51415245555,0.03342673283739209,1102.4839102840472,0.006685332964382187,220.4963333981027,0.011359293950933266,0.5885341988031685,False
2738,902.2885412298284,5215.520128276021,5631.520128276021,1331.5201282760213,1460.5201282760213,0.03332801489841402,1099.2279851564206,0.006831795764922294,225.32698441733714,0.011588467938808869,0.5895339919820761,False
2739,902.5623803212313,5191.526119434667,5606.526119434667,1321.5261194346667,1449.5261194346667,0.03339880640164171,1101.56283773304,0.006751487829925032,222.6782599178971,0.011426862237972521,0.5908435482392719,False
2740,902.8362020222665,5173.532125956388,5589.532125956388,1329.5321259563875,1454.5321259563875,0.03358830635352088,1107.8129444653582,0.0054361757037278205,179.29650127614923,0.009255109396984262,0.5873702266014462,False
2741,903.1100063085624,5153.538147866068,5566.538147866068,1329.5381478660681,1451.5381478660681,0.033479694506713856,1104.2306974610374,0.00464795663076846,153.29937945320512,0.007930574270691073,0.5860807139712262,False
2742,903.3837931557478,5150.544185188577,5562.544185188577,1340.5441851885776,1465.5441851885776,0.033420356528605,1102.2736062175695,0.005297426957798508,174.72027599253352,0.009103308332439986,0.5819232705675721,False
2743,903.6575625394512,5122.550237948768,5532.550237948768,1325.5502379487677,1451.5502379487677,0.033439139885669815,1102.8931208152367,0.005996739403712467,197.78507037827353,0.010266777917120088,0.5840916646022669,False
2744,903.9313144353011,5088.556306171475,5502.556306171475,1307.556306171475,1431.556306171475,0.03396991080711949,1120.399061458359,0.005378124025962959,177.38183492176518,0.009155108820765616,0.5874451228547168,False
2745,904.2050488189267,5075.562389881518,5486.562389881518,1308.5623898815186,1432.5623898815186,0.03381615151565328,1115.3277568315266,0.005502959760033829,181.49917982983993,0.009391705859110285,0.5859382568605218,False
2746,904.4787656659562,5049.568489103702,5451.568489103702,1291.5684891037022,1414.5684891037022,0.03326720551370601,1097.2223638304904,0.006239333182406874,205.7863231195049,0.010592786780758095,0.5890171596525181,False
2747,904.7524649520182,5028.574603862812,5421.574603862812,1281.5746038628124,1402.5746038628124,0.03268054058365133,1077.8729212971868,0.006501537675335199,214.43437843690367,0.011011152637541795,0.5904502361695212,False
2748,905.0261466527415,5009.58073418362,5387.58073418362,1274.5807341836198,1393.5807341836198,0.03159241115518708,1041.984125553247,0.00717237291270164,236.55993462709057,0.012139120056066582,0.5908478439602558,False
2749,905.299810743755,4983.586880090878,5356.586880090878,1265.5868800908786,1383.5868800908786,0.031346119433137455,1033.8609068672702,0.007368351723058483,243.02372773023603,0.012455673658957563,0.5915658939698933,False
2750,905.5734572006868,4978.593041609326,5348.593041609326,1280.593041609326,1398.593041609326,0.031132927208047705,1026.8293791645033,0.0071472983076138925,235.7329214457411,0.01219421937220169,0.5861218409689339,False
2751,905.8470859991659,4947.599218763684,5328.599218763684,1263.599218763684,1383.599218763684,0.032218544499194285,1062.6353193393206,0.007182414897797022,236.89114040328218,0.012190238585187424,0.589193956098981,False
2752,906.1206971148209,4933.6054115786565,5317.6054115786565,1262.6054115786562,1380.6054115786562,0.032551695947756115,1073.623354380435,0.006250229018808728,206.14569070653715,0.010615709858780156,0.5887716508792129,False
2753,906.3942905232803,4912.611620078931,5299.611620078931,1258.6116200789315,1378.6116200789315,0.03293161251305594,1086.153801269486,0.0066185852180776494,218.29485242458236,0.011253965151951817,0.5881114015116498,False
2754,906.667866200173,4892.617844289181,5283.617844289181,1264.617844289181,1386.617844289181,0.033390103311681164,1101.2757915326852,0.006607375894631541,217.92514537589705,0.011308610774900653,0.5842783013892869,False
2755,906.9414241211274,4851.62408423406,5240.62408423406,1237.62408423406,1361.62408423406,0.033495865102396556,1104.7640376964296,0.007972607283244317,262.9533462198824,0.01352866749652121,0.5893120874834428,False
2756,907.2149642617723,4844.630339938207,5241.630339938207,1244.630339938207,1368.630339938207,0.03420574490428289,1128.1773656941882,0.007040034918426696,232.19514940811177,0.01199937275155939,0.5867002437699755,False
2757,907.4884865977364,4818.636611426244,5218.636611426244,1240.6366114262437,1364.6366114262437,0.03463288072255972,1142.2652027989095,0.006739544801817557,222.28435374726996,0.011502700042198522,0.5859098104873663,False
2758,907.7619911046479,4790.6428987227755,5184.6428987227755,1227.6428987227753,1350.6428987227753,0.03432504982748904,1132.1122928344596,0.007143433708958653,235.6054588588995,0.01215386369965965,0.5877500262865951,False
2759,908.035477758136,4759.64920185239,5146.64920185239,1218.6492018523904,1337.6492018523904,0.03394962223129926,1119.7299015822448,0.006513904132880062,214.84225020040344,0.011069798194318987,0.5884392848482995,False
2760,908.3089465338293,4767.655520839661,5141.655520839661,1238.655520839661,1352.655520839661,0.03279810791699288,1081.7505390713975,0.005438558810472567,179.3751011457614,0.00933441756189733,0.5826350465263648,False
2761,908.582397407356,4739.661855709142,5104.661855709142,1221.661855709142,1338.661855709142,0.032219620061467814,1062.6707936438793,0.0075002545766509054,247.37416109486094,0.012819935166984951,0.5850462173916632,False
2762,908.8558303543451,4724.668206485372,5082.668206485372,1220.668206485372,1337.668206485372,0.031720444899239406,1046.2069475525666,0.00803032695141078,264.8570621998442,0.013756247993683328,0.5837585186817068,False
2763,909.1292453504253,4698.674573192873,5054.674573192873,1210.6745731928727,1328.6745731928727,0.03171783321666208,1046.1208087715413,0.008673369410051542,286.0659541286386,0.01483613126833723,0.5846112610611605,False
2764,909.4026423712249,4660.680955856149,5011.680955856149,1190.680955856149,1308.680955856149,0.03153404138953689,1040.0589679917998,0.009504333710055102,313.4729033878127,0.016166532753167037,0.5879018002912959,False
2765,909.6760213923728,4637.687354499689,4991.687354499689,1192.6873544996893,1307.6873544996893,0.031945908541261656,1053.643212379667,0.008031400875325355,264.89248246788065,0.013711097537909153,0.5857591526221531,False
2766,909.9493823894977,4605.693769147964,4967.693769147964,1182.6937691479645,1296.6937691479645,0.03285975762941278,1083.7838761715927,0.007105357556864186,234.34962732867257,0.0121072072146444,0.5868700709334376,False
2767,910.2227253382282,4596.700199825429,4963.700199825429,1194.7001998254295,1307.7001998254295,0.033359363204545224,1100.2619181851867,0.005889890562935179,194.2609710185634,0.010115875439877022,0.5822422980533243,False
2768,910.4960502141926,4576.706646556522,4948.706646556522,1196.706646556522,1310.706646556522,0.03393863379423436,1119.3674798307038,0.005579164810574862,184.0125825758571,0.009622969601714165,0.5797757907892622,False
2769,910.7693569930201,4557.713109365663,4927.713109365663,1195.7131093656626,1309.7131093656626,0.03389843081451899,1118.0415010550546,0.005650753005146884,186.37371170761776,0.009771408614316945,0.5782946173049679,False
2770,911.042645650339,4542.719588277256,4916.719588277256,1199.7195882772553,1312.7195882772553,0.03435951055861849,1133.248880181828,0.004732705431964253,156.0945730543483,0.008218359790904831,0.5758698271158542,False
2771,911.315916161778,4511.726083315687,4884.726083315687,1183.726083315687,1296.726083315687,0.03449749035556722,1137.7997439117726,0.005099538936712063,168.19351310646084,0.008814470248064447,0.5785417379827065,False
2772,911.5891685029658,4475.732594505327,4847.732594505327,1172.7325945053276,1286.7325945053276,0.034674524295407516,1143.63869536412,0.005614782068042744,185.18731459282685,0.009699761507626645,0.5788577444536137,False
2773,911.862402649531,4453.739121870531,4822.739121870531,1170.7391218705302,1281.7391218705302,0.03456899550395197,1140.1581340057178,0.004770513614696388,157.3415663917483,0.008255206406188093,0.5778793866523333,False
2774,912.1356185771023,4421.745665435631,4792.745665435631,1166.745665435631,1271.745665435631,0.0349906243260047,1154.0643387995399,0.002433445631491428,80.26015190659632,0.004214482320848418,0.5774008398264086,False
2775,912.4088162613083,4395.752225224949,4763.752225224949,1159.7522252249491,1265.7522252249491,0.034915960023533865,1151.601753163453,0.0030675250613313096,101.17342430570329,0.005315098142766914,0.577134227616431,False
2776,912.6819956777775,4373.758801262787,4743.758801262787,1152.7588012627864,1256.7588012627864,0.035267769584691994,1163.2051719764054,0.0022457190294546264,74.06853397957138,0.003885370578378955,0.5779935231793463,False
2777,912.9551568021387,4353.765393573428,4724.765393573428,1151.765393573428,1254.765393573428,0.03551522565299714,1171.3667932492865,0.0016832813015190753,55.518155496514055,0.002919021916872861,0.5766593569541846,False
2778,913.2282996100207,4339.772002181141,4712.772002181141,1153.7720021811413,1257.7720021811413,0.035809516001098454,1181.0731075131396,0.0016724111538016437,55.159635176290976,0.0029110182258853213,0.574510712069835,False
2779,913.5014240770519,4317.778627110178,4689.778627110178,1145.7786271101777,1253.7786271101777,0.03589197082621249,1183.792640961285,0.003228174580836199,106.47198313616354,0.005618657178688146,0.574545568126283,False
2780,913.7745301788611,4271.7852683847705,4648.7852683847705,1125.7852683847707,1234.7852683847707,0.03673007248271583,1211.4349952401856,0.003405805662314805,112.33062957490392,0.005897999934134464,0.5774509495335574,False
2781,914.0476178910769,4229.791926029136,4605.791926029136,1107.7919260291364,1216.7919260291364,0.03698531025164968,1219.8532733565435,0.0037728135266189775,124.43532037167984,0.006505138013585152,0.5799744015791728,False
2782,914.3206871893278,4224.798600067475,4600.798600067475,1116.7986000674748,1223.7986000674748,0.037027211870112174,1221.2352768085257,0.002707879309558417,89.31155145499838,0.004697287702645945,0.5764772100361427,False
2783,914.5937380492426,4198.805290523967,4575.805290523967,1102.8052905239676,1208.8052905239676,0.03734180035248911,1231.6110662064436,0.002515710845957621,82.97343159702382,0.004342156164300651,0.5793690394280884,False
2784,914.86677044645,4205.811997422779,4577.811997422779,1120.8119974227798,1226.8119974227798,0.0368080974709809,1214.0084233577581,0.002437145889523505,80.3821941942499,0.004252577594628471,0.5730985115008649,False
2785,915.1397843565785,4164.818720788059,4531.818720788059,1102.8187207880594,1207.8187207880594,0.03667642622443342,1209.665628880302,0.0028212007013919196,93.0491291535186,0.004900628776526681,0.575681372746508,False
2786,915.4127797552567,4131.825460643937,4498.825460643937,1094.8254606439366,1198.8254606439366,0.036957176846635555,1218.925374524179,0.0024538925038143228,80.9345327341,0.004263411814777572,0.5755701326596679,False
2787,915.6857566181135,4098.832217014525,4461.832217014525,1081.8322170145245,1184.8322170145245,0.03685309389814099,1215.4925001057188,0.002643850156607702,87.1997354046332,0.004580647144405431,0.5771783054358959,False
2788,915.9587149207773,4095.838989923919,4455.838989923919,1093.8389899239191,1197.8389899239191,0.03658661347370825,1206.7034155795125,0.0028584321314644792,94.27709997590046,0.004997606181646329,0.571960260086529,False
2789,916.2316546388769,4058.845779396199,4413.845779396199,1072.845779396199,1173.845779396199,0.036414604656852215,1201.0302032457412,0.002659141101463751,87.70406290678056,0.004612274976230901,0.5765356825357301,False
2790,916.5045757480409,4057.8525854554255,4402.8525854554255,1080.8525854554255,1181.8525854554255,0.03543787898904879,1168.8157376934828,0.003358964873358565,110.78572189815054,0.00586359956491099,0.572850317654588,False
2791,916.7774782238979,4010.8594081256424,4347.859408125642,1045.8594081256424,1146.8594081256424,0.03503805333714074,1155.6286472801962,0.004998820784363665,164.87161673753303,0.008599903972716951,0.5812647211204147,False
2792,917.0503620420765,3997.866247430876,4331.866247430876,1047.8662474308758,1146.8662474308758,0.034846778422964166,1149.3199985604283,0.0043601414784185805,143.806630755769,0.007526019061830913,0.5793423379076394,False
2793,917.3232271782053,3986.8731033951353,4321.873103395135,1059.873103395135,1158.873103395135,0.03503959830892543,1155.679603697108,0.00374241389311427,123.43267656019839,0.006525485666589809,0.5735073348295376,False
2794,917.5960736079134,3976.8799760424117,4317.879976042412,1070.879976042412,1172.879976042412,0.03572808210909742,1178.3872465850109,0.0037846918162097037,124.82709132994796,0.006664253515001472,0.5679093401369302,False
2795,917.8689013068288,3947.88686539668,4292.88686539668,1058.8868653966804,1162.8868653966804,0.03638474464943047,1200.045357436742,0.004303159337669976,141.92723998029373,0.007557841171703142,0.5693635576493954,False
2796,918.1417102505807,3923.8937714818967,4266.893771481897,1056.893771481897,1159.893771481897,0.03639458925452242,1200.3700532055382,0.0039922885545268585,131.67406811752312,0.007032518189563783,0.5676897587625713,False
2797,918.4145004147972,3877.900694322001,4222.900694322001,1030.900694322001,1135.900694322001,0.03701418525405234,1220.8056316295822,0.005109347627498373,168.517024345967,0.008919558406822264,0.5728251774875321,False
2798,918.6872717751074,3859.907633940914,4196.907633940914,1031.9076339409141,1132.9076339409141,0.03635249900896598,1198.9818284355129,0.004201178901482583,138.56371083709882,0.007359701559770573,0.5708354975216614,False
2799,918.96002430714,3828.9145903625404,4157.91459036254,1017.9145903625406,1115.9145903625406,0.035799885173145286,1180.7554625637292,0.004119731355121024,135.87739955945972,0.007185939659423229,0.5733044737884272,False
2800,919.2327579865231,3802.9215636107665,4129.9215636107665,1007.9215636107665,1107.9215636107665,0.03582443546630206,1181.565182835518,0.005257843055690312,173.41471569763894,0.009159020651130733,0.5740617098664584,False
2801,919.5054727888859,3765.9285537094615,4088.9285537094615,995.9285537094615,1094.9285537094615,0.035737445717841335,1178.6960780832187,0.005420151831144096,178.76800027696618,0.009427436124165195,0.5749338165496246,False
2802,919.7781686898567,3750.9355606824765,4070.9355606824765,1000.9355606824763,1096.9355606824763,0.035554624696545294,1172.6662565203073,0.004220372165239773,139.19674501908366,0.007383135323721898,0.5716232982591805,False
2803,920.0508456650643,3728.9425845536452,4046.9425845536452,999.942584553645,1096.942584553645,0.03554134646769702,1172.228312622724,0.004667486073520397,153.94350152506763,0.008198973400679214,0.5692768893644338,False
2804,920.3235036901374,3705.9496253467833,4013.9496253467833,987.9496253467835,1082.9496253467835,0.03467240613916277,1143.5688341189104,0.005201048374957315,171.54150774750974,0.009099675061101445,0.5715641866367664,False
2805,920.5961427407044,3683.95668308569,3982.95668308569,984.9566830856902,1077.9566830856902,0.033891068227923836,1117.7986674733609,0.0052931098627986214,174.57788912512092,0.009282073073255997,0.5702508287776156,False
2806,920.8687627923941,3665.9637577941457,3959.9637577941457,986.9637577941457,1078.9637577941457,0.03350304405853198,1105.0008147595795,0.005202607718405881,171.59293817210505,0.009171054555757122,0.5672856580206416,False
2807,921.1413638208353,3627.970849495913,3926.970849495913,973.9708494959132,1065.9708494959132,0.03439388857330095,1134.382739366909,0.004805481036177298,158.49486545194554,0.008449716078810785,0.5687150895197441,False
2808,921.4139458016564,3606.9779582147376,3913.9779582147376,976.9779582147378,1069.9779582147378,0.035474887167339104,1170.0363452028218,0.0040151784175398095,132.429023913028,0.007103353145317645,0.5652511335701388,False
2809,921.6865087104862,3557.9850839743467,3859.9850839743467,949.9850839743469,1045.985083974347,0.03538150337070759,1166.9563513018827,0.006427201706749937,211.98262194250424,0.01127037999894997,0.5702737358765846,False
2810,921.9590525229534,3540.9922267984502,3844.9922267984502,946.9922267984505,1042.9922267984505,0.03577049275592566,1179.7860388624474,0.006164164781199556,203.30711124749882,0.010820085838944636,0.569696476807322,False
2811,922.2315772146864,3509.99938671074,3810.99938671074,935.99938671074,1029.99938671074,0.03573183829970051,1178.5111336464242,0.005829563636934307,192.2712621948981,0.010207307354503838,0.571116694586657,False
2812,922.5040827613138,3500.00656373489,3796.00656373489,946.0065637348898,1039.0065637348898,0.03525809589645486,1162.8861134047397,0.005466045541676068,180.28167131657597,0.00966685986163058,0.5654416863299878,False
2813,922.7765691384644,3468.013757894556,3761.013757894556,933.0137578945557,1023.0137578945557,0.03522411039742417,1161.7652002109028,0.004769316170110727,157.30207215234464,0.008399521107435205,0.5678081058560538,False
2814,923.0490363217673,3438.0209692133767,3722.0209692133767,919.0209692133765,1008.0209692133765,0.03447029432803724,1136.9027617591553,0.00567385147012562,187.13554763442517,0.00995157333623202,0.5701461747227519,False
2815,923.3214842868504,3444.0281977149725,3722.0281977149725,939.0281977149723,1024.0281977149723,0.03371296043024319,1111.9242979322435,0.003920321415542938,129.30044060253636,0.0069703536877177745,0.5624279041178074,False
2816,923.5939130093426,3416.0354434229457,3692.0354434229457,932.0354434229457,1016.0354434229457,0.033743493480231236,1112.9313420997805,0.003732936669977399,123.12009782049904,0.006639595921300449,0.5622234717630612,False
2817,923.8663224648727,3377.0427063608813,3652.0427063608813,916.0427063608815,999.0427063608815,0.033999294663108144,1121.3682027922487,0.003669037706750873,121.01257570088956,0.006496329007512815,0.5647863127787613,False
2818,924.1387126290692,3348.049986552346,3621.049986552346,910.0499865523459,991.0499865523459,0.034042586640939176,1122.7960632186705,0.0029877257478419725,98.5414752126917,0.005295200183875382,0.5642328229516254,False
2819,924.411083477561,3333.057284020888,3604.057284020888,912.0572840208877,994.0572840208877,0.033948907392019785,1119.7063246802516,0.0034403884604923135,113.47124295009621,0.006131501683254446,0.5611004674251744,False
2820,924.6834349859763,3320.0645987900375,3589.0645987900375,916.0645987900375,999.0645987900375,0.033834741282813795,1115.9408864272334,0.003832728810378737,126.41145236898183,0.006877266866760556,0.5573040692812452,False
2821,924.9557671299441,3294.0719308833077,3557.0719308833077,911.0719308833079,994.0719308833079,0.03335956915696467,1100.2687109288815,0.004505575143217595,148.60333871507055,0.008104607412586784,0.555927624109251,False
2822,925.2280798850927,3291.0792803241934,3552.0792803241934,927.0792803241934,1010.0792803241934,0.033144306072473845,1093.1688819302253,0.004094281519507227,135.03801048664513,0.007468940637560093,0.5481743286213507,False
2823,925.5003732270512,3260.0866471361705,3518.0866471361705,914.0866471361708,995.0866471361708,0.03307738854041858,1090.9618010657646,0.0037961451601564167,125.20484668766198,0.006897771559933032,0.5503437055246974,False
2824,925.772647131448,3244.094031342698,3508.094031342698,907.0940313426979,984.0940313426979,0.03397779180952788,1120.6589934832575,0.0014064966478297691,46.38921583045612,0.0025445997246895404,0.5527378762887243,False
2825,926.0449015739116,3231.1014329672153,3497.1014329672153,902.1014329672155,982.1014329672155,0.03435763724237322,1133.1870942744429,0.0025433347848278706,83.88452716509119,0.004600626685379361,0.5528235518240383,False
2826,926.317136530071,3200.1088520331455,3468.1088520331455,882.1088520331455,962.1088520331455,0.034927968888416504,1151.997830769311,0.002774061292755446,91.49437237202778,0.004969160344881523,0.558255540216742,False
2827,926.5893519755546,3198.1162885638923,3464.1162885638923,893.1162885638921,972.1162885638921,0.03469821129638574,1144.4199424452634,0.0021119987793044998,69.65815905639738,0.0038196477951840716,0.5529302418844408,False
2828,926.8615478859911,3168.123742582841,3429.123742582841,882.1237425828408,962.1237425828408,0.03438102105248294,1133.9583414834508,0.003320399547422956,109.51375638642412,0.005997696939629638,0.5536124250432688,False
2829,927.133724237009,3134.1312141133594,3389.1312141133594,868.1312141133592,949.1312141133592,0.03397120860751782,1120.441865643407,0.004769675895176427,157.3139366411358,0.00859173551442404,0.5551469650304022,False
2830,927.4058810042371,3109.138703178797,3359.138703178797,863.1387031787972,943.1387031787972,0.03358783981144131,1107.7975569269263,0.004907136533399074,161.84767742504846,0.008855953704709636,0.5541059378832838,False
2831,927.6780181633043,3082.146209802485,3327.146209802485,853.1462098024851,933.1462098024851,0.03321864936057647,1095.6208798376927,0.005707581334926597,188.248029474036,0.010284375426102313,0.554975980402314,False
2832,927.9501356898387,3064.1537340077366,3308.1537340077366,857.1537340077366,933.1537340077366,0.03327513272395853,1097.4838198872148,0.0036193441134625137,119.37357654081188,0.006563415700113609,0.5514421573815391,False
2833,928.2222335594694,3036.1612758178458,3280.1612758178458,847.1612758178458,922.1612758178458,0.033570360376473686,1107.2210484208028,0.0032704248991548765,107.86548744235256,0.0059169272332177305,0.5527235286576883,False
2834,928.4943117478248,3013.168835256089,3259.168835256089,838.1688352560891,916.1688352560891,0.03408339193350679,1124.1419075382175,0.004560613746907763,150.41862755314173,0.008240906632814486,0.5534116511826314,False
2835,928.7663702305335,2996.176412345724,3245.176412345724,836.1764123457244,917.1764123457244,0.03467092996199674,1143.5201466931253,0.005484034792628406,180.87499462548226,0.009943357821779835,0.5515274508794433,False
2836,929.0384089832244,2973.1840071099914,3222.1840071099914,827.1840071099914,910.1840071099914,0.03492854970856923,1152.0169874388023,0.0065985213967114445,217.63310542278396,0.011946908746956465,0.5523203982279057,False
2837,929.310427981526,2970.1916195721114,3217.1916195721114,836.1916195721112,918.1916195721112,0.034692460355593514,1144.2302643297485,0.005935053565850813,195.7505417850757,0.010840060102151184,0.5475111309274951,False
2838,929.5824272010668,2938.199249755287,3182.199249755287,822.1992497552869,900.1992497552869,0.03464612550427235,1142.7020435396553,0.004715444991126201,155.52528743493372,0.008561916350385465,0.5507464448556435,False
2839,929.8544066174758,2918.206897682703,3161.206897682703,815.2068976827029,892.2068976827029,0.03473684123548438,1145.6940390349207,0.004460889533699566,147.12951338626772,0.008086921091210075,0.5516177891915188,False
2840,930.1263662063814,2909.214563377525,3155.214563377525,821.2145633775249,899.2145633775249,0.03525314485810556,1162.7228177531467,0.004153544588411558,136.99263106709282,0.007589954758444426,0.5472423381431109,False
2841,930.3983059434121,2881.2222468629006,3124.2222468629006,810.2222468629004,886.2222468629004,0.03516516113287274,1159.8209295576148,0.0037733230551168923,124.45212569254431,0.006872008223683017,0.549085934168833,False
2842,930.6702258041969,2866.2299481619584,3107.2299481619584,809.2299481619586,883.2299481619586,0.035062364602407615,1156.4304839097515,0.002939475030430211,96.95006513187718,0.005366264207305732,0.5477693450926913,False
2843,930.9421257643643,2861.2376672978103,3093.2376672978103,819.2376672978103,894.2376672978103,0.0338593563136101,1116.7527418824493,0.004183690773736884,137.98691562488284,0.007732508912550476,0.5410521760856197,False
2844,931.2140057995427,2849.245404293547,3076.245404293547,823.2454042935469,897.2454042935469,0.033291121454963185,1098.0111618432545,0.004090806118220332,134.92338444708503,0.0076156883284821215,0.5371551384161841,False
2845,931.4858658853611,2817.2531591722427,3046.2531591722427,809.2531591722425,881.2531591722425,0.03394011802070521,1119.4164327394815,0.0030761653860001126,101.45840037480707,0.005694457776664878,0.5402033883903441,False
2846,931.757705997448,2798.260931956952,3025.260931956952,800.2609319569517,869.2609319569517,0.03387462986996695,1117.2564958753433,0.0020439157403758373,67.41263732541506,0.0037666518241623067,0.5426346356901195,False
2847,932.0295261114321,2775.2687226707108,2998.2687226707108,788.2687226707108,856.2687226707108,0.03356551311384031,1107.0611755104526,0.002370272773094151,78.1765782504915,0.004345571271197998,0.5454456100637622,False
2848,932.301326202942,2762.2765313365376,2981.2765313365376,786.2765313365376,854.2765313365376,0.033135107714013325,1092.8655007337115,0.002888054782263866,95.25411726458242,0.00530650691219896,0.5442478131187596,False
2849,932.5731062476062,2733.284357977431,2950.284357977431,773.284357977431,840.284357977431,0.03317906071962471,1094.3151632457766,0.002907993097078544,95.91172479650277,0.005317311746013334,0.5468915940952339,False
2850,932.8448662210536,2722.2922026163715,2939.2922026163715,779.2922026163715,845.2922026163715,0.03330802332675224,1098.5686211017396,0.0019985086955908032,65.91501754508658,0.003685686331231589,0.5422351540487691,False
2851,933.1166060989128,2687.300065276321,2900.300065276321,764.300065276321,828.300065276321,0.03312676968426463,1092.5904949864816,0.0017970292237384083,59.269801063704335,0.0032963713799057347,0.5451537513924773,False
2852,933.3883258568122,2660.3079459802225,2873.3079459802225,756.3079459802225,822.3079459802225,0.03345026224599231,1103.259959637313,0.0028855613929299195,95.17188004337027,0.0052966444239220985,0.5447904676963755,False
2853,933.6600254703808,2643.3158447510004,2858.3158447510004,757.3158447510002,823.3158447510002,0.033961157527344826,1120.110359892438,0.0023282726445787577,76.79132572990147,0.004298022480943537,0.5417078795892283,False
2854,933.9317049152471,2615.32376161156,2829.32376161156,747.3237616115598,815.3237616115598,0.03415718732026303,1126.5758345076201,0.0036641210367480553,120.85041358960439,0.0067580690836516084,0.5421846079691464,False
2855,934.2033641670396,2606.331696584788,2816.331696584788,750.3316965847882,819.3316965847882,0.03365411731803446,1109.983528406345,0.004552346013236029,150.1459403182887,0.008453749592510764,0.5385002197449738,False
2856,934.475003201387,2595.3396496935534,2806.3396496935534,758.3396496935534,826.3396496935534,0.03394603066783623,1119.6114442699488,0.0033487974326321876,110.4503783315472,0.006286979186587708,0.5326560392909088,False
2857,934.7466219939181,2553.3476209607043,2765.3476209607043,733.3476209607045,803.3476209607045,0.034639787444051454,1142.493000991287,0.004953837020620383,163.38795765567693,0.009185285520277517,0.5393231391320661,False
2858,935.0182205202615,2540.355610409072,2752.355610409072,739.3556104090721,808.3556104090721,0.03481002962137269,1148.1079458398135,0.003939054516351001,129.91829764321983,0.007375517445737628,0.5340716153586502,False
2859,935.2897987560456,2507.363618061468,2718.363618061468,726.3636180614681,794.3636180614681,0.03509022912474552,1157.3495144262765,0.003775032871559822,124.50851903277976,0.007040663589690259,0.5361757202954072,False
2860,935.5613566768994,2508.3716439406844,2722.3716439406844,738.3716439406846,807.3716439406846,0.03555552990680719,1172.6961122574507,0.0032429524776122903,106.95938923423319,0.006124609390780222,0.5294953964728135,False
2861,935.8328942584513,2474.3796880694954,2689.3796880694954,720.3796880694956,787.3796880694956,0.03618577854955254,1193.4830372460588,0.0024369697216695546,80.37638380813087,0.004557755218693197,0.5346863981800857,False
2862,936.1044114763301,2455.387750470656,2671.387750470656,718.3877504706563,784.3877504706563,0.03661684531551982,1207.7005252682652,0.0015550391110546943,51.28845849638128,0.0029176113000170395,0.5329836469462579,False
2863,936.3759083061644,2442.395831166903,2656.395831166903,722.3958311669028,785.3958311669028,0.03647673999389677,1203.0795572668158,-0.0001633793292680416,-5.388593694371593,-0.00030877410544854177,0.5291225086077347,False
2864,936.6473847235827,2426.4039301809516,2635.4039301809516,716.4039301809516,780.4039301809516,0.03588408851152288,1183.532665654594,0.00127739964424433,42.13132529681616,0.0024139846081510504,0.5291664412155188,False
2865,936.918840704214,2409.412047535501,2616.412047535501,714.4120475355012,777.4120475355012,0.03579506264836177,1180.596405559665,0.0009074342536277008,29.92908906568482,0.0017202264940258593,0.5275085907461089,False
2866,937.1902762236864,2395.420183253231,2604.420183253231,713.4201832532306,778.4201832532306,0.03632934780381881,1198.2182530270934,0.0015393484688587186,50.77094813581925,0.0029306039179514704,0.5252666385346072,False
2867,937.461691257629,2351.4283373567996,2556.4283373567996,685.4283373567996,751.4283373567996,0.036301875316516276,1197.312152650073,0.00362363823190439,119.5152055930455,0.006791462395865874,0.5335578732071292,False
2868,937.7330857816704,2339.4365098688495,2542.4365098688495,685.4365098688495,751.4365098688495,0.0361388531191377,1191.935337916089,0.003786205620082493,124.87701976361154,0.007126962847855533,0.5312509270652005,False
2869,938.0044597714389,2331.4447008120023,2520.4447008120023,713.4447008120023,774.4447008120023,0.03385205440215117,1116.5119094942838,0.0017780414872480763,58.64354560298875,0.0034634307864548695,0.5133757816676511,False
2870,938.2758132025637,2314.452910208861,2505.452910208861,698.4529102088609,759.4529102088609,0.034437895558535804,1135.8341822404184,0.001925823851655302,63.51771861221687,0.003708154681145865,0.5193483058965056,False
2871,938.5471460506728,2305.461138082009,2496.461138082009,698.461138082009,760.461138082009,0.03456700391852456,1140.0924473321097,0.0023677739819848234,78.09416286737269,0.004576012856404982,0.5174316716944278,False
2872,938.8184582913955,2279.469384454011,2471.469384454011,688.4693844540111,747.4693844540111,0.03512147139938174,1158.3799503134649,0.0005873053437719794,19.370564723817097,0.0011301821457708754,0.5196554785170401,False
2873,939.0897499003598,2268.477649347413,2457.477649347413,690.477649347413,753.477649347413,0.034755071987168554,1146.2953275455855,0.003165677137770613,104.41068609738682,0.006146921537936091,0.515002040978309,False
2874,939.3610208531949,2240.4859327847407,2430.4859327847407,678.485932784741,739.485932784741,0.035350890322667285,1165.9466686304304,0.0020381787648670047,67.22341981430077,0.003936362495421481,0.5177822843393312,False
2875,939.6322711255292,2214.494234788502,2397.494234788502,662.4942347885021,724.4942347885021,0.03448301752324246,1137.3223994805385,0.004369813097873744,144.12562109465648,0.008372772432161368,0.521907544159266,False
2876,939.9035006929913,2215.5025553811847,2399.5025553811847,676.5025553811847,737.5025553811847,0.034648961488993706,1142.7955802768624,0.0028451265405024725,93.83825361829213,0.005537633136288984,0.5137802506016351,False
2877,940.1747095312098,2185.510894585257,2365.510894585257,662.5108945852571,722.5108945852571,0.03437197682171564,1133.6600437422285,0.003279398914739523,108.16146933926188,0.006346565482095254,0.516720251920707,False
2878,940.4458976158137,2157.519252423169,2339.519252423169,649.5192524231691,710.5192524231691,0.03517194365747186,1160.0446314754186,0.0038118779890535665,125.72374845430272,0.007338201430643347,0.5194567122586298,False
2879,940.7170649224313,2128.5276289173507,2307.5276289173507,632.527628917351,692.527628917351,0.03506761788383854,1156.6037481734759,0.004289986386474438,141.4927683609858,0.008173663269002252,0.5248547983061347,False
2880,940.9882114266912,2125.5360240902132,2301.5360240902132,642.5360240902132,701.5360240902132,0.034549307053312106,1139.5087675194848,0.0036031884244014795,118.84072795713541,0.006959060279926995,0.5177693940652687,False
2881,941.2593371042225,2106.544437964148,2279.544437964148,640.5444379641481,695.5444379641481,0.034277437771167575,1130.5419471388363,0.0014981798498033133,49.41312054501054,0.0029019181055413325,0.5162722707241383,False
2882,941.5304419306533,2093.552870561527,2265.552870561527,638.5528705615272,694.5528705615272,0.03429026860610621,1130.9651350448805,0.0022181803982289916,73.16025203693607,0.004310678806710492,0.5145779812627005,False
2883,941.8015258816125,2066.561321904704,2239.561321904704,625.5613219047041,680.5613219047041,0.03491466164940931,1151.5589300557083,0.0016827130057641415,55.49941190798722,0.0032476214557157026,0.518137051595907,False
2884,942.0725889327286,2038.5697920160121,2209.569792016012,612.5697920160121,668.5697920160121,0.03498213939679018,1153.7844879991517,0.0030090341777046434,99.2442720188078,0.005779208013481881,0.5206654909608883,False
2885,942.3436310596306,2044.5782809177656,2213.5782809177654,631.5782809177656,688.5782809177656,0.03449114189064767,1137.5903581945724,0.003034991390351967,100.10039545266909,0.005966651585895898,0.5086590605568702,False
2886,942.6146522379469,2024.586788632259,2188.586788632259,624.586788632259,680.586788632259,0.033827374733737314,1115.6979221545762,0.0034633459808046663,114.22843022554775,0.006804056573470751,0.5090119318390695,False
2887,942.8856524433061,1998.5953151817678,2153.5953151817675,607.5953151817678,662.5953151817678,0.032439232737817056,1069.9140813246488,0.005194711571907019,171.33250666327058,0.010096364205112554,0.514513092671176,False
2888,943.1566316513367,1988.603860588548,2138.603860588548,611.6038605885481,665.6038605885481,0.03158206827290893,1041.6429955554968,0.005163545862621015,170.30459606226873,0.010134609403153777,0.5094962871498705,False
2889,943.4275898376678,1980.6124248748358,2128.6124248748356,615.6124248748358,669.6124248748358,0.031297093672891255,1032.2439342446748,0.005219033269727766,172.13468738038068,0.010337122349620498,0.5048826059333011,False
2890,943.6985269779278,1975.6210080628482,2119.621008062848,621.6210080628482,678.6210080628482,0.030554579608786717,1007.7542596833862,0.007547037068771589,248.91714601944068,0.015142395525721967,0.4984044338263154,False
2891,943.9694430477452,1944.6296101747828,2088.629610174783,610.6296101747828,666.6296101747828,0.03102453632453003,1023.2544199939191,0.0070822038613979794,233.5859697842966,0.014178077305098378,0.4995179324386423,False
2892,944.2403380227488,1941.638231232817,2085.638231232817,623.6382312328169,677.6382312328169,0.03107066440958592,1024.775821197971,0.004994504660451149,164.72926189862346,0.01017753116462125,0.4907383312971674,False
2893,944.5112118785672,1920.646871259109,2064.646871259109,612.646871259109,670.646871259109,0.03139825926251927,1035.5805880355747,0.007885423625552015,260.0778459335379,0.016017692990528555,0.4922945913755968,False
2894,944.7820645908293,1888.6555302757981,2032.6555302757981,593.6555302757981,649.6555302757981,0.03191103125955292,1052.4928863186253,0.007237590644182328,238.71095249570612,0.014504205902434024,0.49899944146323455,False
2895,945.0528961351633,1867.6642083050028,2012.6642083050028,584.6642083050028,639.6642083050028,0.03247252740340553,1071.012209379465,0.006573015313908123,216.7918611994305,0.013117021541841951,0.5011057802215907,False
2896,945.3237064871981,1864.672905368823,2007.672905368823,594.672905368823,649.672905368823,0.0320902976398301,1058.4054683490585,0.006326305717196834,208.65486012876022,0.012828064568633146,0.4931613559745992,False
2897,945.5944956225625,1835.6816214893383,1978.6816214893383,575.6816214893383,630.6816214893383,0.0325785600890882,1074.5093902286378,0.007049250519291249,232.4990992953533,0.014095953344952733,0.5000903696815469,False
2898,945.8652635168849,1820.6903566886087,1962.6903566886087,572.6903566886087,622.6903566886087,0.03261569668355815,1075.7342331735056,0.0037365731183335305,123.24003553091507,0.007466457259328183,0.5004479351522786,False
2899,946.1360101457938,1815.6991109886749,1951.6991109886749,573.6991109886749,624.6991109886749,0.03136898336515392,1034.6150074040052,0.005617727640629976,185.2844657681992,0.011290761036920992,0.49755084021882184,False
2900,946.406735484918,1793.7078844115576,1923.7078844115576,561.7078844115576,609.7078844115576,0.03038740784178034,1002.2405834208914,0.005223883384538133,172.2946543615235,0.01041383317825006,0.5016292555414215,False
2901,946.6774395098864,1791.7166769792577,1918.7166769792577,571.7166769792577,619.7166769792577,0.029741514298696446,980.9376567343265,0.005270808383543851,173.84233946271388,0.010681478528442754,0.49345307108081404,False
2902,946.9481221963274,1774.7254887137565,1903.7254887137565,566.7254887137565,613.7254887137565,0.030473137940122744,1005.0681422645675,0.0041282768043585,136.1592464374146,0.008362010220019244,0.49369430265405717,False
2903,947.2187835198696,1764.7343196370157,1894.7343196370157,568.7343196370157,615.7343196370157,0.030868989930181303,1018.1241729576207,0.003614934869011429,119.2281503908057,0.0073779838225346474,0.4899624282138297,False
2904,947.4894234561418,1738.7431697709767,1869.7431697709767,553.7431697709767,600.7431697709767,0.03154651842397116,1040.4704868135393,0.003833940918334569,126.45143023715514,0.007745177403939541,0.4950100841311209,False
2905,947.7600419807726,1710.7520391375617,1835.7520391375617,535.7520391375617,581.7520391375617,0.030626952963034252,1010.1412850316109,0.005147128577978475,169.76311950645334,0.010260404606087115,0.5016496693439239,False
2906,948.0306390693904,1707.7609277586726,1833.7609277586726,542.7609277586726,589.7609277586726,0.030915641894854663,1019.6628528126255,0.005151778689877866,169.9164899711957,0.010402535265812156,0.4952426075217589,False
2907,948.3012146976242,1705.7698356561914,1832.7698356561914,552.7698356561914,600.7698356561914,0.031187498272051875,1028.6292475609857,0.004976284765990414,164.1283314820089,0.010220595406762656,0.4868879520167444,False
2908,948.5717688411025,1700.778762851981,1828.778762851981,557.7787628519809,606.7787628519809,0.03151334542832297,1039.376371689098,0.005055052024122819,166.72624122002048,0.010495099485592201,0.48165832358830474,False
2909,948.842301475454,1680.7877093678835,1806.7877093678835,545.7877093678835,592.7877093678835,0.03139426395692905,1035.448814459278,0.004481175077354668,147.79857325520334,0.009215812183976439,0.48624852458973733,False
2910,949.1128125763073,1661.7966752257212,1787.7966752257212,536.7966752257212,585.7966752257212,0.03174023954670768,1046.8598166334214,0.006196845638321027,204.38499460887874,0.01270705629022601,0.48766964565093696,False
2911,949.383302119291,1650.8056604472972,1776.8056604472972,535.8056604472972,583.8056604472972,0.03194397973327697,1053.5795962380748,0.005317024417504132,175.36664140649714,0.010939701022643036,0.48603013980902526,False
2912,949.6537700800338,1642.8146650543938,1768.8146650543938,535.8146650543938,583.8146650543938,0.03209375922230348,1058.5196386151024,0.005166644850458167,170.40680719505417,0.01067509221828753,0.4839906527090393,False
2913,949.9242164341642,1628.8236890687738,1753.8236890687738,526.8236890687738,575.8236890687738,0.032111854902136285,1059.1164721721948,0.006512377498520308,214.79189859030998,0.01337374026046406,0.48695259304328176,False
2914,950.1946411573111,1608.8327325121797,1729.8327325121797,512.8327325121797,559.8327325121797,0.0314932171062234,1038.7124973175362,0.006589333204208132,217.3300595209073,0.013359270656674204,0.49324048996014197,False
2915,950.4650442251032,1601.8417954063343,1720.8417954063343,512.8417954063343,561.8417954063343,0.031121324423915294,1026.4466949553494,0.008509306868968381,280.65482667252763,0.017352420312500668,0.49038155575555553,False
2916,950.7354256131687,1598.85087777294,1719.85087777294,517.8508777729401,567.8508777729401,0.03168283269786013,1044.9664180921277,0.00834675202123298,275.29342611212087,0.017194558038946567,0.48542986695715895,False
2917,951.0057852971365,1575.8599796336796,1698.8599796336796,506.8599796336796,552.8599796336796,0.032639959341291803,1076.5344666244448,0.005087192278216357,167.78629435721882,0.010380202623792438,0.49008602843224036,False
2918,951.2761232526354,1569.8691010102154,1692.8691010102154,507.86910101021545,552.8691010102154,0.032759936597651494,1080.4915687253304,0.00411059102339479,135.5759322066117,0.008422369631606242,0.48805635506296974,False
2919,951.5464394552938,1570.87824192419,1691.87824192419,517.87824192419,560.87824192419,0.032226580925091064,1062.9003775575584,0.002414346878849588,79.63023489985358,0.005022484452657025,0.48070768592869123,False
2920,951.8167338807406,1554.8874023972253,1675.8874023972253,507.8874023972253,549.8874023972253,0.03254589144826326,1073.4319097863956,0.0019604381589000547,64.65937122267724,0.0040425465795817074,0.4849512851136786,False
2921,952.0870065046042,1529.8965824509237,1648.8965824509237,490.8965824509237,533.8965824509237,0.03253134339158425,1072.9520842978404,0.003935788876833546,129.81058998772414,0.008004383744373287,0.4917041714298398,False
2922,952.3572573025133,1538.9057821068668,1658.9057821068668,506.9057821068668,551.9057821068668,0.032609689459823635,1075.5361023078601,0.004328009461903842,142.74684931123443,0.009014418096252141,0.48012078158470006,False
2923,952.6274862500966,1523.9150013866165,1643.9150013866165,501.9150013866165,544.9150013866165,0.032918614329488505,1085.7250938539057,0.0027799735677368834,91.68937162821953,0.005780284875005521,0.48094058127787825,False
2924,952.8976933229827,1518.9242403117146,1639.9242403117146,504.9242403117146,548.9242403117146,0.033287672370096784,1097.8974037745581,0.002998516407723237,98.89737385699891,0.0062886944908707235,0.47681063407932645,False
2925,953.1678784968003,1506.933498903682,1621.933498903682,496.933498903682,541.933498903682,0.031938956391173445,1053.4139158566886,0.005708766728738865,188.28712625360276,0.011919550852805934,0.47894142986058796,False
2926,953.4380417471781,1513.9427771840203,1628.9427771840203,510.9427771840203,555.9427771840203,0.03179636797585302,1048.7110502057624,0.004861460032866936,160.3411704277978,0.01035881749774758,0.46930646610233373,False
2927,953.7081830497444,1497.9520751742098,1613.9520751742098,502.95207517420977,545.9520751742098,0.032392715644064186,1068.3798497960938,0.003235201065324461,106.70373136390253,0.0068491068645055815,0.4723537140426851,False
2928,953.9783023801284,1496.9613928957112,1609.9613928957112,506.96139289571124,549.9613928957112,0.03160486181652489,1042.3947745348303,0.003752454062187792,123.76382244017191,0.008011910035588097,0.4683594855059242,False
2929,954.2483997139584,1497.970730369965,1609.970730369965,509.97073036996494,553.9707303699649,0.031314652991896584,1032.8230774942735,0.004626915333275139,152.605393234129,0.009936580692157082,0.4656446192730213,False
2930,954.5184750268631,1491.9800876183906,1605.9800876183906,507.9800876183906,552.9800876183906,0.03197712924324997,1054.6729367555827,0.004885675089283156,161.13983388723204,0.010496140126619728,0.46547350076742766,False
2931,954.788528294471,1457.9894646623882,1570.9894646623882,480.9894646623882,525.9894646623882,0.032418886783468034,1069.243028984048,0.006422594807461247,211.83067672049333,0.01342494521673514,0.47840752448323076,False
2932,955.0585594924111,1455.9988615233362,1566.9988615233362,483.99886152333625,529.9988615233362,0.031907645546351185,1052.3812183806338,0.007522951073760373,248.12273927642332,0.015852635816312438,0.4745552197710377,False
2933,955.3285685963116,1465.008278222594,1579.008278222594,503.0082782225941,547.0082782225941,0.03254432814247196,1073.3803486754089,0.003874438209074897,127.78711600903421,0.008380285199405276,0.462327727145832,False
2934,955.5985555818015,1448.0177147815,1560.0177147815,492.0177147815,535.0177147815,0.03235565504137299,1067.1575132198202,0.004031767445769628,132.97616493334863,0.008637454869591547,0.4667772517068196,False
2935,955.8685204245093,1435.0271712213716,1544.0271712213716,484.02717122137165,528.0271712213716,0.03179481441551612,1048.6598105203457,0.0059917148491095,197.61935000610742,0.01277566054519171,0.46899452501221645,False
2936,956.1384631000637,1433.0366475635071,1541.0366475635071,487.03664756350713,531.0366475635071,0.031555669937565575,1040.7723229679032,0.006007182062545288,198.1294912165224,0.012899472678151986,0.4656920645073914,False
2937,956.4083835840934,1438.046143829183,1544.046143829183,496.04614382918294,538.0461438291829,0.030887453234362053,1018.7331315384363,0.00440999206697832,145.45080794989235,0.0095859859297004,0.46004574796159226,False
2938,956.6782818522267,1415.055660039656,1517.055660039656,479.055660039656,520.055660039656,0.030227992324693784,996.9827245839984,0.005435859349857183,179.28606726053602,0.01162328949205293,0.4676696174154301,False
2939,956.9481578800927,1418.065196216162,1520.065196216162,491.0651962161619,532.0651962161619,0.03016601721200706,994.9386550990286,0.004659679288086853,153.68601733200023,0.010168927667379719,0.4582272035461864,False
2940,957.2180116433199,1406.0747523799168,1510.0747523799168,487.07475237991684,526.0747523799168,0.030990036386064707,1022.1165395062018,0.002461804640550659,81.19549163457702,0.005361284270323032,0.45918188934278026,False
2941,957.4878431175367,1390.0843285521153,1495.0843285521153,478.08432855211527,518.0843285521153,0.031624542001156816,1043.043868390747,0.0032714056840196723,107.89783578875358,0.0070824833324453764,0.4619009365024726,False
2942,957.757652278372,1379.0939247539318,1481.0939247539318,474.0939247539318,513.0939247539318,0.030988755225118805,1022.0742841252701,0.0033437271169660387,110.28314866333005,0.007236602487574938,0.4620575916263375,False
2943,958.0274391014544,1364.1035410065201,1468.1035410065201,468.1035410065201,507.1035410065201,0.03190934987823529,1052.4374308285908,0.0028453668800186224,93.84618052071642,0.006144402970516562,0.4630827264539603,False
2944,958.2972035624126,1377.1131773310135,1480.1131773310135,487.1131773310135,525.1131773310135,0.03132529114212233,1033.1739460495742,0.001297747367700046,42.802435986274304,0.002879462219608722,0.45069088208991726,False
2945,958.5669456368751,1370.1228337485245,1471.1228337485245,480.1228337485245,520.1228337485245,0.03088943224125695,1018.7984033456025,0.003864127079490017,127.44703328185028,0.008521145374884477,0.45347507987356733,False
2946,958.8366653004707,1358.1325102801452,1460.1325102801452,473.1325102801452,514.1325102801452,0.031450125507173105,1037.2912458044889,0.004642150406000196,153.10787795595616,0.010188236186813556,0.4556382793724831,False
2947,959.106362528828,1353.1422069469468,1452.1422069469468,472.14220694694677,511.14220694694677,0.03066570782213475,1011.419501745505,0.0038032102204538995,125.43786722667312,0.008351930276926892,0.45536900983963885,False
2948,959.3760372975754,1336.1519237699795,1434.1519237699795,459.1519237699795,498.1519237699795,0.030739318510600154,1013.8473369770493,0.004666085032861429,153.89729225921815,0.010109239166531525,0.46156639050635506,False
2949,959.6456895823418,1326.1616607702736,1424.1616607702736,450.16166077027356,490.16166077027356,0.030962821802378106,1021.2189453325351,0.006008012623818466,198.15688487310956,0.01288653773641725,0.4662239576453395,False
2950,959.9153193587559,1326.1714179688379,1421.1714179688379,455.1714179688379,495.1714179688379,0.03004680091201777,991.0066509387307,0.006533784541446503,215.49794786254074,0.014168219009912131,0.4611577882072155,False
2951,960.1849266024462,1326.1811953866609,1421.1811953866609,460.1811953866609,499.1811953866609,0.030046586877968448,990.9995916458953,0.0052827619296610395,174.23659253941003,0.011558829144894561,0.4570326166638073,False
2952,960.4545112890415,1332.1909930447102,1429.1909930447102,474.19099304471024,512.1909930447102,0.030523777494489344,1006.7383412093678,0.002954858997600996,97.45746070549274,0.006608415703203737,0.4471357629890763,False
2953,960.7240733941702,1325.2008109639328,1418.2008109639328,467.2008109639328,504.2008109639328,0.029456036400512527,971.5219955920743,0.0036439155156986446,120.1839930344081,0.008080420984950584,0.45095614727070177,False
2954,960.9936128934611,1334.2106491652542,1428.2106491652542,483.21064916525415,519.2106491652542,0.029567864275368564,975.2103139613805,0.0016392302654350162,54.065259733405355,0.003723253070882123,0.4402682907199337,False
2955,961.2631297625429,1338.22050766958,1429.22050766958,489.22050766958,524.22050766958,0.02857155822544998,942.350046249988,0.001437794485503418,47.42148430340944,0.0032953950866245543,0.4363041297655568,False
2956,961.5326239770441,1318.2303864977944,1407.2303864977944,476.23038649779437,511.23038649779437,0.028373885993025105,935.830400527551,0.002425670832152959,80.00372268217734,0.005500869102948939,0.4409613802394591,False
2957,961.8020955125934,1295.2402856707608,1382.2402856707608,456.24028567076084,490.24028567076084,0.02823320266364112,931.1903686152028,0.0029821635164536953,98.35802112997646,0.006602591183713243,0.4516656314887197,False
2958,962.0715443448195,1305.2502052093216,1393.2502052093216,472.2502052093216,506.2502052093216,0.028335345532864067,934.5592551413359,0.001857711421714675,61.27122750388196,0.004216391175690758,0.4405927591408385,False
2959,962.3409704493511,1301.2601451342987,1387.2601451342987,473.2601451342987,506.2601451342987,0.02779378106308346,916.6973205867649,0.0014800256597917935,48.814357199238884,0.0033750149181599625,0.4385241830571506,False
2960,962.6103738018166,1302.2701054664926,1385.2701054664926,478.2701054664926,513.2701054664926,0.02683339098493706,885.0216371179808,0.0038393433710098533,126.62961448206909,0.008864629425608951,0.43310816354244963,False
2961,962.8797543778448,1283.2800862266834,1364.2800862266834,464.28008622668335,497.28008622668335,0.026582084986703117,876.7330370636894,0.003238926676701337,106.82660985815915,0.007362503247355741,0.43992193522829404,False
2962,963.1491121530644,1276.2900874356292,1354.2900874356292,457.2900874356292,491.2900874356292,0.02576230349577235,849.6949203534367,0.005383910752294458,177.57269331958503,0.012151496534145129,0.4430656534498384,False
2963,963.418447103104,1257.3001091140684,1334.3001091140684,445.3001091140684,477.3001091140684,0.025814568296270744,851.4187233318489,0.004324163804130966,142.62001143450652,0.009638724480670772,0.4486240697928987,False
2964,963.6877592035922,1267.3101512827175,1343.3101512827175,458.31015128271747,492.31015128271747,0.02529338306317409,834.2289388392426,0.005785931117499622,190.83216999058664,0.013184889142947452,0.438830471365358,False
2965,963.9570484301578,1254.3202139622724,1329.3202139622724,450.3202139622724,480.3202139622724,0.025221187600598036,831.8477807322624,0.0027882344222801662,91.9618319749568,0.006286988272727581,0.44349286197578724,False
2966,964.2263147584292,1235.3302971734076,1309.3302971734076,432.33029717340764,463.33029717340764,0.025266124458421867,833.3298927583015,0.0048089037732130455,158.60775451380516,0.010602505265978253,0.4535629695600388,False
2967,964.4955581640352,1240.3404009367769,1311.3404009367769,437.34040093677686,472.34040093677686,0.0241745515753248,797.3275246426035,0.009260943568729915,305.4453849331039,0.02066755926968183,0.44809081942806894,False
2968,964.7647786226044,1246.3505252730126,1320.3505252730126,450.35052527301264,482.35052527301264,0.025049041499093348,826.170040462213,0.004763040676218407,157.09509317300444,0.010832280966868196,0.43970800709349456,False
2969,965.0339761097655,1249.3606702027264,1322.3606702027264,458.3606702027264,492.3606702027264,0.024662093659437417,813.4076873655137,0.0064139147499565514,211.54439017894504,0.01483763022157868,0.43227352711814176,False
2970,965.303150601147,1244.3708357465086,1321.3708357465086,459.37083574650865,493.37083574650865,0.026074893154143537,860.0047843342179,0.004935161127341676,162.77198743955887,0.011468615484039745,0.4303188239425826,False
2971,965.5723020723776,1216.381021924928,1295.381021924928,438.38102192492806,470.38102192492806,0.02732789447386229,901.331401604133,0.003270152106739921,107.85649017511105,0.007405523939647658,0.44158281485421935,False
2972,965.8414304990861,1211.3912287585329,1289.3912287585329,437.39122875853286,469.39122875853286,0.027100286772892727,893.8244212062465,0.0035646135083719117,117.56844614395209,0.00808977359129916,0.4406320483685453,False
2973,966.110535856901,1199.4014562678497,1278.4014562678497,432.40145626784965,464.40145626784965,0.027702684882883865,913.6927770842052,0.0033037401173001586,108.96429336369204,0.0074842520753679075,0.4414255538203201,False
2974,966.379618121451,1193.4117044733844,1271.4117044733844,428.41170447338436,461.41170447338436,0.02749591227491906,906.8729818479306,0.004731367133516188,156.05043315849582,0.01069082621144794,0.44256328182098315,False
2975,966.6486772683648,1207.421973395621,1283.421973395621,441.4219733956211,474.4219733956211,0.026510395407166827,874.3685640427012,0.00480045229753933,158.3290070815102,0.011045554907780137,0.434604901032002,False
2976,966.9177132732709,1206.4322630550228,1281.4322630550228,446.43226305502276,477.43226305502276,0.026192711357408804,863.8906763258287,0.002963479335255162,97.74177756084214,0.006887557655503399,0.4302656302103313,False
2977,967.1867261117981,1200.4425734720317,1275.4425734720317,445.44257347203165,475.44257347203165,0.02631952017146015,868.0730975589747,0.001986825163559438,65.52967010049701,0.004625296792426258,0.4295562539495381,False
2978,967.4557157595748,1189.4529046670677,1262.4529046670677,439.45290466706774,468.45290466706774,0.02586793469101285,853.1788592039144,0.0018856620801878665,62.1930989712024,0.00437009661169284,0.4314920807797472,False
2979,967.7246821922299,1165.4632566605308,1236.4632566605308,419.46325666053076,449.46325666053076,0.025682629031933156,847.0670890643148,0.004317640852720853,142.404870786086,0.009776251575496525,0.4416458413920844,False
2980,967.993625385392,1166.4736294727982,1236.4736294727982,421.47362947279817,451.47362947279817,0.025309933384562704,834.77480322658,0.004552047795142327,150.13610445871893,0.010349597300072082,0.4398284941106475,False
2981,968.2625453146896,1169.4840231242267,1238.4840231242267,430.4840231242267,459.4840231242267,0.02489611532487978,821.1262137935429,0.0034172618655567595,112.7084792381853,0.007904315543842143,0.432328624357485,False
2982,968.5314419557516,1165.4944376351516,1233.4944376351516,430.4944376351516,459.4944376351516,0.02462699023154295,812.2499025279187,0.0036857238519717762,121.56291984371057,0.008557523967940418,0.43069979888807,False
2983,968.8003152842064,1149.5048730258866,1214.5048730258866,417.5048730258866,445.5048730258866,0.023888445001400777,787.8911284529979,0.00430246496200155,141.90433801120616,0.009829756166025213,0.4376980353665585,False
2984,969.0691652756826,1145.515329316724,1216.515329316724,418.5153293167241,446.5153293167241,0.026116680543947685,861.3830202849449,0.0020083228056276686,66.23870752286678,0.0046032320248959495,0.43628537400807305,False
2985,969.3379919058092,1160.525806527935,1230.525806527935,435.52580652793495,463.52580652793495,0.025435923863167956,838.9302340366141,0.001624100708022578,53.5662551283765,0.0038229528820750217,0.42482885824662553,False
2986,969.6067951502146,1167.5363046797688,1234.5363046797688,445.5363046797688,472.5363046797688,0.02423347210300068,799.270847493332,0.0013186101569106178,43.49053462697009,0.0031566238972465786,0.41772799035729247,False
2987,969.8755749845274,1157.5468237924536,1225.5468237924536,437.54682379245355,466.54682379245355,0.024791341114056238,817.6705400904746,0.0030793604330817716,101.56377974338818,0.0073148409627946005,0.4209743518340714,False
2988,970.1443313843762,1166.5573638861956,1235.5573638861956,447.5573638861956,477.5573638861956,0.02495681392893639,823.1281813407348,0.0032200251121041086,106.2031965276069,0.007769442562282971,0.414447379756153,False
2989,970.4130643253899,1144.5679249811806,1210.5679249811806,428.56792498118057,457.56792498118057,0.024347591521987618,803.0347458047854,0.004088317440007105,134.8413026085367,0.009629137319589814,0.4245777481737336,False
2990,970.681773783197,1145.5785070975712,1209.5785070975712,431.5785070975712,456.5785070975712,0.023609204307723602,778.6811834256674,0.0008464510302283422,27.91773417431341,0.001998506367312851,0.423541823069827,False
2991,970.9504597334261,1124.5891102555101,1189.5891102555101,412.58911025551015,439.58911025551015,0.024403106124846193,804.865734095957,0.0031260580175332016,103.10396423456416,0.007204341458131616,0.4339130836177659,False
2992,971.2191221517058,1131.5997344751177,1194.5997344751177,421.59973447511766,447.59973447511766,0.02352957700031129,776.0549074546244,0.0024599145396294216,81.13315213329759,0.005753344240054395,0.42756255092536655,False
2993,971.487761013665,1117.6103797764922,1178.6103797764922,410.6103797764922,437.6103797764922,0.02307983489391766,761.2214674505334,0.004577856021860099,150.98731402346232,0.010582886825934059,0.43257157495455417,False
2994,971.7563762949322,1112.6210461797116,1175.6210461797116,410.6210461797116,435.6210461797116,0.023920081553730908,788.9345684472833,0.0017475669711706707,57.638432006859716,0.004044991644376982,0.43203228209383226,False
2995,972.0249679711359,1123.6317337048308,1185.6317337048308,424.6317337048308,450.6317337048308,0.023325818696914618,769.3345303189232,0.002483506128452769,81.91125232102172,0.005893887390888096,0.42136979615393577,False
2996,972.293536017905,1114.6424423718843,1176.6424423718843,415.6424423718843,442.6424423718843,0.0235089339430693,775.3740560361183,0.0038242314484272233,126.13119151079468,0.008966469921307627,0.42650357186159116,False
2997,972.562080410868,1109.6531722008842,1171.6531722008842,412.6531722008842,439.6531722008842,0.0236118136724115,778.7672457578273,0.003913209346726329,129.06586962375468,0.009150592382815945,0.42764546632795186,False
2998,972.8306011256535,1131.6639232118212,1192.6639232118212,436.66392321182116,463.66392321182116,0.022800611463553534,752.012091803554,0.0032553817612871357,107.36933313555699,0.007902515559292077,0.4119424677955027,False
2999,973.0990981378903,1110.674695424664,1171.674695424664,416.6746954246639,444.6746954246639,0.023220173176091194,765.8501189806092,0.005025116458681658,165.73890334872203,0.011871928247197428,0.42327719255445495,False
3000,973.3675714232069,1108.6854888593598,1172.6854888593598,419.6854888593598,445.6854888593598,0.024373187843699642,803.8789662970255,0.0017313530069417438,57.10366138565462,0.004112294463352555,0.42101873354911834,False
3001,973.6360209572321,1098.6963035358344,1162.6963035358344,410.69630353583443,437.69630353583443,0.024588628377520048,810.9846479475608,0.0030634565040955908,101.03923473616715,0.007194165417553082,0.4258251411096341,False
3002,973.9044467155943,1093.7071394739912,1159.7071394739912,408.7071394739912,434.7071394739912,0.025447283705488762,839.3049055141702,0.0013372650179043523,44.105811154120374,0.0031330875344696067,0.4268201903687746,False
3003,974.1728486739223,1086.7179966937124,1153.7179966937124,406.7179966937124,432.7179966937124,0.025982807890920268,856.9676187945347,0.0009287601991982558,30.63246357666378,0.002178352056232696,0.42635908945061896,False
3004,974.4412268078448,1090.7288752148577,1156.7288752148577,412.7288752148577,440.7288752148577,0.025514766427706177,841.5306275381796,0.002991884745594111,98.67864770056121,0.007114117131848768,0.4205560142101007,False
3005,974.7095810929903,1085.739775057266,1151.739775057266,411.7397750572659,439.7397750572659,0.025628617262083025,845.285667364641,0.002944309736953546,97.10952391532578,0.007016429550297804,0.41963077030091156,False
3006,974.9779115049877,1078.750696240753,1143.750696240753,404.7506962407531,433.7506962407531,0.025410282421636867,838.0845253979016,0.004642298004275378,153.1127460573157,0.010964012180758547,0.4234123355337425,False
3007,975.2462180194652,1095.7616387851142,1161.7616387851142,424.7616387851142,452.7616387851142,0.025400939760976307,837.7763848115148,0.0023233957369101707,76.63047506397731,0.0056611700348522895,0.4104091067052347,False
3008,975.514500612052,1096.7726027101216,1159.7726027101216,425.77260271012165,454.77260271012165,0.024256251925356357,800.0221739166601,0.004360328918919843,143.81281293749123,0.010667243885662843,0.40875871646473566,False
3009,975.7827592583764,1098.7835880355265,1163.7835880355265,431.78358803552646,461.78358803552646,0.02496006440820374,823.2353889793155,0.004212298546921196,138.93046011659817,0.010438369827164227,0.4035398837814068,False
3010,976.0509939340669,1077.7945947810574,1143.7945947810574,414.7945947810574,444.7945947810574,0.025812038627524004,851.3352895393455,0.004514373928276878,148.89354114092794,0.010945376919470843,0.41244572585218253,False
3011,976.3192046147526,1075.8056229664219,1141.8056229664219,414.8056229664219,445.8056229664219,0.025858367513925645,852.8633135938546,0.005442539532932458,179.5063937397665,0.013236781041900037,0.4111679052259388,False
3012,976.5873912760618,1070.8166726113047,1136.8166726113047,412.81667261130474,442.81667261130474,0.02597530982026208,856.7203166636613,0.004491425415697917,148.13665095945748,0.010909138964757734,0.4117121828044896,False
3013,976.8555538936232,1069.8277437353688,1133.8277437353688,412.8277437353688,442.8277437353688,0.025233223356406712,832.2447452573845,0.005232722828983422,172.5861978193957,0.012733897298397676,0.4109286188166339,False
3014,977.1236924430655,1057.8388363582553,1122.8388363582553,401.8388363582553,433.8388363582553,0.025897918251772848,854.1677800617118,0.007378600786545845,243.3617633870639,0.017708147506979324,0.41667829927651734,False
3015,977.3918069000174,1050.8499504995837,1112.8499504995837,396.84995049958366,427.84995049958366,0.024895902709090596,821.1192012779078,0.007769252899542833,256.2462912047473,0.01854105317698967,0.4190297511893686,False
3016,977.6598972401074,1057.8610861789505,1120.8610861789505,403.8610861789505,434.8610861789505,0.025123149943240056,828.6142927223841,0.006995387371613784,230.7225794673302,0.016868592398895786,0.41469893908111144,False
3017,977.9279634389644,1058.872243415931,1124.872243415931,408.87224341593105,437.87224341593105,0.026259636411041357,866.0980052677182,0.00350015069857601,115.44232717930754,0.008505712899757394,0.4115058596294549,False
3018,978.1960054722166,1062.8834222300782,1128.8834222300782,412.88342223007817,441.88342223007817,0.026163462002976538,862.9259711359842,0.003316801028089518,109.39506965490136,0.008109542186617722,0.4089997871350699,False
3019,978.464023315493,1050.8946226409228,1120.8946226409228,406.89462264092276,433.89462264092276,0.028005615906784537,923.684078998186,-0.00010329848523316434,-3.407001171196839,-0.000250646079667669,0.41212886860280257,False
3020,978.7320169444223,1055.9058446679733,1125.9058446679733,413.90584466797327,442.90584466797327,0.02787687979639485,919.4380914807215,0.0015329725417784629,50.560656658835455,0.003776192998179412,0.40595714851373954,False
3021,978.9999863346328,1058.917088330717,1128.917088330717,414.917088330717,444.917088330717,0.02780009015946853,916.9054078469471,0.002517674663033362,83.03820241202641,0.006206645064916805,0.4056417978957057,False
3022,979.2679314617535,1055.9283536486178,1125.9283536486178,409.92835364861776,439.92835364861776,0.027876304221369136,919.419107806544,0.0027976908557162845,92.27372502662615,0.006831506664292456,0.4095276478817639,False
3023,979.5358523014128,1046.939640641118,1118.939640641118,401.9396406411181,432.9396406411181,0.02888501589902797,952.6885391968136,0.0033814965384270923,111.52886357253499,0.008166484127623459,0.4140700558014979,False
3024,979.8037488292396,1063.9509493276382,1134.9509493276382,415.9509493276382,448.9509493276382,0.028055486046452534,925.3289010289554,0.005101288358368511,168.25121270988643,0.012585554800682096,0.4053288424036768,False
3025,980.0716210208622,1056.9622797275758,1128.9622797275758,411.96227972757583,443.96227972757583,0.028619943028845442,943.9458787683873,0.003868676993698479,127.59709901613587,0.00949910100409782,0.4072676974410072,False
3026,980.3394688519095,1067.973631860307,1138.973631860307,425.973631860307,456.973631860307,0.02795313978828834,921.9533063080265,0.0025552847623991036,84.27866254364073,0.006421924262386759,0.39790017103836284,False
3027,980.6072922980102,1062.985005745185,1133.985005745185,421.98500574518494,451.98500574518494,0.028080173588161485,926.1431480464844,0.0017468344844581499,57.61427305543077,0.0043631953136132945,0.40035670166035797,False
3028,980.8750913347926,1085.996401401541,1156.996401401541,446.9964014015411,476.9964014015411,0.027503622009811168,907.1272651101463,0.0007074537939158292,23.333313155545056,0.0018367282817005088,0.38517063245786315,False
3029,981.1428659378855,1075.0078188486839,1147.0078188486839,436.0078188486839,468.0078188486839,0.02815475536701186,928.6030118801078,0.002604075916919326,85.8878973762645,0.006666599762711259,0.390615307594267,False
3030,981.4106160829178,1064.0192581059007,1134.0192581059007,423.0192581059007,456.0192581059007,0.027670941383525136,912.6458097521191,0.004952103077455836,163.33076856544892,0.012438929083308726,0.3981132977195645,False
3031,981.6783417455181,1059.0307191924553,1128.0307191924553,416.0307191924553,450.0307191924553,0.027412368945303578,904.1175472333458,0.006704391298659587,221.12491732222918,0.01665973029354307,0.4024309625983595,False
3032,981.9460429013146,1069.0422021275897,1141.0422021275897,426.0422021275897,460.0422021275897,0.028306857349096246,933.6196549599475,0.005038195510979098,166.17027798499987,0.012689929406802756,0.3970231314508532,False
3033,982.2137195259363,1075.053706930524,1150.053706930524,431.05370693052396,466.05370693052396,0.02928796112748868,965.9785198019994,0.004616621273393427,152.26587350163538,0.01169977906059243,0.3945904661519018,False
3034,982.481371595012,1067.065233620455,1145.065233620455,425.06523362045505,463.06523362045505,0.03063925860014119,1010.5471508092263,0.006547332137974739,215.94477607240685,0.01651441191925234,0.3964617190117392,False
3035,982.74899908417,1069.0767822165578,1147.0767822165578,426.07678221655783,463.07678221655783,0.030583591557519364,1008.7111347342421,0.005581546025481429,184.0911200486695,0.014068869080577008,0.3967302555389557,False
3036,983.016601969039,1063.0883527379847,1142.0883527379847,421.0883527379847,457.0883527379847,0.031130342509240714,1026.7441303649425,0.004496583435190254,148.30677328421166,0.01124292468622916,0.3999478392573306,False
3037,983.2841802252477,1066.0999452038661,1146.0999452038661,424.0999452038661,462.0999452038661,0.031424570737520564,1036.4483957865111,0.005843129935857762,192.7187072490699,0.014703095764635079,0.3974081397138193,False
3038,983.5517338284249,1068.1115596333093,1149.1115596333093,430.1115596333093,467.1115596333093,0.03174557826890005,1047.0358989130505,0.004093921895268131,135.02614932332767,0.010417407846448495,0.3929885395303815,False
3039,983.819262754199,1054.1231960453993,1137.1231960453993,416.12319604539925,452.12319604539925,0.03291614863225202,1085.6437699762753,0.0031187148831454403,102.86177222755737,0.007755873284861703,0.4021100872332072,False
3040,984.086766978199,1059.134854459199,1141.134854459199,421.134854459199,456.134854459199,0.032385710304369986,1068.1487989681084,0.002286362284100306,75.40903394785778,0.005724680320231558,0.3993868925781038,False
3041,984.3542464760532,1062.1465348937486,1145.1465348937486,424.1465348937486,458.1465348937486,0.03267662667168148,1077.7438322535756,0.0008118561948074407,26.776723785532567,0.002038494764553206,0.3982625851802872,False
3042,984.6217012233902,1087.1582373680653,1168.1582373680653,449.15823736806533,484.15823736806533,0.031208914948259097,1029.3356145590733,0.0013790414370265548,45.4836852686974,0.003598714784610014,0.3832038712609449,False
3043,984.8891311958388,1077.1699619011447,1160.1699619011447,438.1699619011447,474.1699619011447,0.032237382789858784,1063.2566457625728,0.0020540538645859654,67.74701397169156,0.005272014540329486,0.38961460536062803,False
3044,985.1565363690278,1082.181708511959,1167.181708511959,444.18170851195896,480.18170851195896,0.03283828386124076,1083.0756261605018,0.0010066584113517657,33.20171035160047,0.002606328558850401,0.3862361895753398,False
3045,985.4239167185856,1079.1934772194581,1164.1934772194581,440.19347721945815,478.19347721945815,0.032925849935092476,1085.963739335603,0.003034195011462279,100.07412920293814,0.0078213277120852,0.3879386113401135,False
3046,985.691272220141,1073.2052680425697,1157.2052680425697,436.20526804256974,472.20526804256974,0.032727606229225124,1079.4252452178243,0.0017123154002711555,56.47576110156933,0.004389024793996725,0.390135731885873,False
3047,985.9586028493225,1077.217081000198,1165.217081000198,440.21708100019805,478.21708100019805,0.03410361112815608,1124.8087790774787,0.0018545833576931806,61.16805737742061,0.0047834409813387055,0.3877090498091924,False
3048,986.2259085817589,1093.2289161112255,1180.2289161112255,454.22891611122554,493.22891611122554,0.033255140489563996,1096.8244339742143,0.002518611339528909,83.06909597169624,0.006624838330166479,0.3801770268204594,False
3049,986.4931893930786,1094.2407733945115,1185.2407733945115,455.2407733945115,498.2407733945115,0.03469368986009544,1144.270815972578,0.00450442268206757,148.56532812392743,0.01189696339162273,0.3786195295212363,False
3050,986.7604452589106,1097.2526528688927,1188.2526528688927,456.2526528688927,501.2526528688927,0.0346021530366364,1141.251739129112,0.006249128426331393,206.1093908532448,0.016533106084365364,0.377976672649607,False
3051,987.0276761548834,1097.2645545531832,1192.2645545531832,457.2645545531832,502.2645545531832,0.036061282572346295,1189.3768982335307,0.004703710162904322,155.13824813415886,0.01245053017031368,0.3777919573352446,False
3052,987.2948820566254,1075.2764784661745,1172.2764784661745,435.27647846617447,482.27647846617447,0.03750990525474432,1237.155519230848,0.00702097649940972,231.56656268909637,0.01803744755132335,0.38924445819910997,False
3053,987.5620629397656,1091.2884246266349,1191.2884246266349,453.2884246266349,502.2884246266349,0.038077373266435344,1255.8718070455636,0.006501167709342198,214.42217618080463,0.017184566092641504,0.37831433591599517,False
3054,987.8292187799323,1071.3003930533107,1171.3003930533107,433.3003930533107,480.3003930533107,0.038757024769776605,1278.2881422189466,0.0059668342841366,196.79873667560787,0.015294133351719372,0.3901387641206755,False
3055,988.0963495527544,1072.3123837649248,1173.3123837649248,432.3123837649248,481.3123837649248,0.03909233293732155,1289.347310385439,0.007537026662664578,248.58698178466238,0.01928836257398914,0.3907551319482378,False
3056,988.3634552338607,1091.3243967801775,1193.3243967801775,454.3243967801775,504.3243967801775,0.03880465554356134,1279.859105255852,0.006539263560689602,215.67865743380025,0.01733090006669143,0.3773181736393213,False
3057,988.6305357988795,1085.3364321177462,1188.3364321177462,448.3364321177462,498.3364321177462,0.039375030495018476,1298.6712700542946,0.0065435766499639045,215.82091218396295,0.017188792379985624,0.38068856178536126,False
3058,988.8975912234396,1092.348489796286,1197.348489796286,457.348489796286,507.348489796286,0.03985935817317429,1314.6454149122303,0.005199764446498237,171.49916108817638,0.013847055834357322,0.37551408102194395,False
3059,989.1646214831694,1078.3605698344286,1185.3605698344286,441.3605698344286,493.3605698344286,0.04108647711060096,1355.11837681069,0.007284428259131226,240.25575548702568,0.01895366314624233,0.3843282537484267,False
3060,989.431626553698,1085.372672250783,1196.372672250783,449.3726722507829,503.3726722507829,0.04228760162355072,1394.7339879509314,0.006995374597494539,230.7221581500271,0.018434371508835663,0.3794745372328875,False
3061,989.6986064106538,1077.384797063935,1191.384797063935,441.3847970639349,495.3847970639349,0.04368121094470503,1440.6981526591198,0.0064440930190829485,212.53973292793353,0.01676702081074717,0.38433142606660764,False
3062,989.9655610296653,1092.3969442924483,1209.3969442924483,456.3969442924483,510.3969442924483,0.04418839032755217,1457.4259947709065,0.004376947274778248,144.360921244647,0.011614583244493541,0.3768492749710458,False
3063,990.2324903863613,1086.4091139548632,1203.4091139548632,448.4091139548632,504.4091139548632,0.04441989599860909,1465.0615384156106,0.006688597970209077,220.6040201531514,0.01755654245103696,0.3809746702041564,False
3064,990.4993944563706,1090.4213060696968,1209.4213060696968,452.4213060696968,511.4213060696968,0.04498328647355816,1483.6433404977997,0.008252481370481263,272.18418189817544,0.021836291648853604,0.3779250388842702,False
3065,990.7662732153217,1089.4335206554438,1211.4335206554438,450.4335206554438,509.4335206554438,0.04609885262583764,1520.4370570637757,0.007357962803140758,242.68107931436361,0.019368613201577338,0.37989104984251226,False
3066,991.0331266388431,1080.4457577305755,1203.4457577305755,441.44575773057545,501.44575773057545,0.046823551709421485,1544.3391561213011,0.008523062160581657,281.10850510286286,0.022168682028509697,0.3844640899093912,False
3067,991.2999547025637,1079.4580173135405,1200.4580173135405,439.4580173135405,498.4580173135405,0.04614122016013277,1521.83442739925,0.008569973530524876,282.65574068892397,0.022201809699426093,0.38600337749703373,False
3068,991.5667573821119,1081.4702994227641,1203.4702994227641,442.4702994227641,503.4702994227641,0.04642077989561161,1531.054895095809,0.009668951740411998,318.9023520477822,0.025225809355069743,0.3832959967434617,False
3069,991.8335346531164,1081.482604076649,1205.482604076649,443.48260407664907,503.48260407664907,0.047141409503875346,1554.8227743034452,0.007966471264433478,262.7509674218986,0.020791515872678714,0.38315971347245026,False
3070,992.1002864912061,1087.4949312935746,1212.4949312935746,449.4949312935746,509.4949312935746,0.0472526903283669,1558.4930498018584,0.007162378662721569,236.23030325533796,0.018842352540310754,0.3801212532988434,False
3071,992.3670128720095,1091.507281091897,1218.507281091897,453.5072810918971,517.5072810918971,0.04780149152732946,1576.5936668960903,0.00953070888918156,314.3428122346995,0.025302071587583023,0.3766770185670785,False
3072,992.6337137711552,1116.5196534899499,1246.5196534899499,480.51965348994986,545.5196534899499,0.047832758155606045,1577.624906017528,0.007266488194868574,239.66405445853297,0.020044269699584203,0.3625219728019978,False
3073,992.9003891642716,1109.5320485060429,1241.5320485060429,473.5320485060429,537.5320485060429,0.04881808355507743,1610.1230087963977,0.006236901871095914,205.70613336197584,0.0170094838967687,0.3666720230283261,False
3074,993.1670390269877,1115.5444661584634,1251.5444661584634,478.54446615846336,544.5444661584634,0.04995939811978773,1647.7659621262073,0.006151652380954449,202.89442598698065,0.016877481641447624,0.364488761513285,False
3075,993.4336633349321,1119.556906465475,1260.556906465475,483.5569064654751,547.5569064654751,0.05151628277813684,1699.1152906516056,0.002465387875460627,81.31367425368694,0.00678486327535271,0.36336588895116156,False
3076,993.7002620637335,1110.5693694453194,1252.5693694453194,472.56936944531935,539.5693694453194,0.05225609613171597,1723.515890103009,0.005325622793422045,175.65023391762247,0.014455408669721571,0.3684173111326242,False
3077,993.9668351890202,1092.5818551162129,1240.5818551162129,454.58185511621286,523.5818551162129,0.055171441077377883,1819.6700943190058,0.006201049825879441,204.5236575515462,0.016416126075063996,0.37774136221448745,False
3078,994.2333826864212,1092.5943634963508,1243.5943634963508,453.59436349635075,523.5943634963508,0.05621978923163835,1854.2468200214726,0.006107524242560898,201.43898722764015,0.016126006870214985,0.3787375443725999,False
3079,994.4999045315649,1090.606894603904,1241.606894603904,449.60689460390404,522.606894603904,0.05631587665993968,1857.4159853777794,0.009026295888422846,297.7062112189858,0.023733291363209962,0.3803221285360745,False
3080,994.7664007000802,1100.6194484570206,1253.6194484570206,462.61944845702055,535.6194484570206,0.05652853836158193,1864.430015302114,0.007103913092681165,234.3019858637258,0.019052426027057822,0.37286133968410895,False
3081,995.0328711675955,1104.632025073825,1261.632025073825,467.63202507382493,540.6320250738249,0.05771507455376806,1903.564472959657,0.005282448084915757,174.22624128002462,0.014250997644263992,0.3706721604183224,False
3082,995.2993159097398,1098.6446244724189,1254.6446244724189,463.64462447241885,536.6446244724189,0.057663495102119156,1901.8632742268696,0.005838059413847949,192.5514707752045,0.01570413630287729,0.371752976493098,False
3083,995.5657349021413,1090.6572466708806,1242.6572466708806,457.65724667088057,530.6572466708806,0.056663067495368244,1868.8670689078424,0.007610688358030776,251.01649933100884,0.020385266307216942,0.37334260162872557,False
3084,995.8321281204289,1087.6698916872647,1237.6698916872647,460.6698916872647,531.6698916872647,0.05610771937262883,1850.5505205061463,0.006144518963637179,202.65915088977363,0.01660523640946452,0.3700350186002155,False
3085,996.0984955402312,1085.682559539603,1234.682559539603,462.68255953960306,533.6825595396031,0.05585245222347904,1842.1312733685106,0.006147428886182624,202.7551262518332,0.01673470949287532,0.36734601749733664,False
3086,996.3648371371767,1086.6952502459037,1235.6952502459037,472.6952502459037,539.6952502459037,0.05580360850231518,1840.520304777488,0.0017637490067322348,58.17214955350232,0.004890545244051945,0.3606446559056721,False
3087,996.6311528868944,1074.7079638241519,1219.7079638241519,464.7079638241519,529.7079638241519,0.0549653923527518,1812.8741742768088,0.0018909948118830538,62.368983671643264,0.0052069873729555394,0.363164854538471,False
3088,996.8974427650126,1059.7207002923085,1199.7207002923085,454.7207002923085,516.7207002923085,0.053888734540418766,1777.3637365456352,0.0016224004953843962,53.51017854180782,0.004425104848483634,0.366635492476602,False
3089,997.16370674716,1046.733459668312,1182.733459668312,448.733459668312,510.733459668312,0.05305077626811387,1749.726111378986,0.0031550806719770133,104.06119238227711,0.00861408168800192,0.36627011285155925,False
3090,997.4299448089654,1053.746241970077,1184.746241970077,462.7462419700771,521.7462419700771,0.05088930099748039,1678.4361136414689,0.0012271281479904333,40.47326568221274,0.0034394574033264364,0.35677957424436446,False
3091,997.6961569260573,1030.7590472154952,1159.7590472154952,445.75904721549523,504.75904721549523,0.051210613715667895,1689.0336824704239,0.002773331725146738,91.47030969877869,0.007646977292460441,0.36267032306753577,False
3092,997.9623430740645,1014.7718754224338,1141.7718754224338,438.7718754224338,496.7718754224338,0.051210918918524424,1689.0437487021532,0.0027072992946247654,89.2924213433248,0.007462730078412443,0.3627759903116706,False
3093,998.2285032286156,1003.7847266087376,1122.7847266087376,434.7847266087376,491.7847266087376,0.0486559129797154,1604.7742823465867,0.004844844206975514,159.7931455642704,0.013422707665670434,0.36094388164070357,False
3094,998.4946373653391,986.7976007922275,1101.7976007922275,426.7976007922275,479.7976007922275,0.04787373742912223,1578.9764885944583,0.002962365128365417,97.70502867561163,0.008171479694692655,0.3625249329432296,False
3095,998.7607454598636,968.8104979907007,1079.8104979907007,415.8104979907007,467.8104979907007,0.04710870923844469,1553.7442508152333,0.004065804421459825,134.0987759356176,0.011129722791426095,0.36531048415616985,False
3096,999.0268274878182,964.8234182219312,1073.8234182219312,420.8234182219312,470.8234182219312,0.046485034805893305,1533.1741570974805,0.002273121531334188,74.97232609023672,0.0063280889337776,0.35921137568103534,False
3097,999.2928834248311,952.8363615036694,1055.8363615036694,413.8363615036694,462.8363615036694,0.04457829236081306,1470.2857833822636,0.004020531394911479,132.6055763584343,0.011162579789756604,0.36017940929756576,False
3098,999.5589132465309,944.8493278536421,1042.849327853642,413.8493278536421,459.8493278536421,0.04285900710357887,1413.5801417477655,0.002914294740619758,96.11956624622871,0.00816184667690365,0.35706315690376955,False
3099,999.8249169285467,937.8623172895523,1033.8623172895523,411.86231728955227,458.86231728955227,0.042323619706324374,1395.9219400290003,0.004606715635915748,151.9391647564712,0.01297360601031264,0.3550836700493215,False
3100,1000.0908944465067,934.8753298290799,1026.8753298290799,414.8753298290799,459.8753298290799,0.04076402082019666,1344.4830905662934,0.003958480816980144,130.55901787107337,0.01128232450208868,0.35085684836022185,False
3101,1000.3568457760398,926.8883654898809,1014.8883654898809,411.8883654898809,457.8883654898809,0.039390843025608725,1299.1928005503028,0.006589240910968082,217.327015495855,0.018882873959967822,0.34895328565648653,False
3102,1000.6227708927745,933.9014242895878,1018.9014242895878,424.9014242895878,468.9014242895878,0.03783113158381798,1247.750238765243,0.004962233460409929,163.6648898888286,0.014614932748165901,0.3395317341458628,False
3103,1000.8886697723395,891.914506245809,975.914506245809,390.914506245809,431.914506245809,0.039088546095382586,1289.222412378541,0.00422745763420667,139.4304386789106,0.011870622513828847,0.3561277118602529,False
3104,1001.1545423903635,910.92761137613,993.92761137613,414.92761137613,455.92761137613,0.037870889205707005,1249.0615287036592,0.0030526691115548357,100.68344385561795,0.008978829517432164,0.3399851958017644,False
3105,1001.4203887224752,893.9407396981121,974.9407396981121,402.9407396981121,441.9407396981121,0.037669488668400815,1242.418915649528,0.0024533702219941417,80.91730678186013,0.007114499666182346,0.3448408654308961,False
3106,1001.6862087443028,886.953891229293,966.953891229293,401.95389122929305,437.95389122929305,0.03750472204705892,1236.9845661465424,-0.0002525699663479611,-8.330288379489048,-0.000734532979328526,0.34385109104134187,False
3107,1001.9520024314754,862.967065987187,943.967065987187,380.96706598718697,417.96706598718697,0.03896262073825449,1285.0691294117055,0.001292008628726353,42.61316031238243,0.003644997376970871,0.35446078422148564,False
3108,1002.2177697596218,872.9802639892841,951.9802639892841,391.98026398928414,428.98026398928414,0.03762351943758041,1240.9027537920658,0.0015495916454066685,51.10878962901097,0.004466126933190304,0.34696542856647905,False
3109,1002.48351070437,870.993485253051,952.993485253051,390.99348525305095,428.99348525305095,0.03907502513449611,1288.7764626681271,0.0012061506252792412,39.78138288950254,0.003473512847362649,0.3472423100997139,False
3110,1002.7492252413492,873.0067297959304,955.0067297959304,392.00672979593037,431.00672979593037,0.03898884041697314,1285.9339095282892,0.0022016880704535877,72.61630040086175,0.006351819248075988,0.34662322469590034,False
3111,1003.014913346188,864.0199976353415,946.0199976353415,384.0199976353415,424.0199976353415,0.039376522633734486,1298.720483925549,0.003655976034138246,120.58177428314798,0.010435449910308812,0.35034196566135944,False
3112,1003.2805749945148,866.0332887886791,947.0332887886791,389.0332887886791,429.0332887886791,0.03883065913301514,1280.7167582942718,0.0036735667520780765,121.1619531356057,0.010626119359109962,0.3457110378614995,False
3113,1003.5462101619584,880.0466032733152,965.0466032733152,404.0466032733152,446.0466032733152,0.04004261543504298,1320.689624606183,0.0029061609472326097,95.85129664349711,0.008633328939807228,0.3366211304462935,False
3114,1003.8118188241473,881.0599411065969,968.0599411065969,406.05994110659685,451.05994110659685,0.040896793380880675,1348.8622086988798,0.004747318188844538,156.57653249153873,0.014211755324341196,0.3340416493600593,False
3115,1004.0774009567101,863.0733023058478,951.0733023058478,387.07330230584785,435.07330230584785,0.0421663080505775,1390.7334709613003,0.008602908496175121,283.74200508370654,0.025011871468543008,0.3439530107531077,False
3116,1004.3429565352758,890.0866868883681,981.0866868883681,414.08668688836815,459.08668688836815,0.042275077179836675,1394.3209054714932,0.00252835368575368,83.39041902810982,0.007636757463725252,0.3310768605345148,False
3117,1004.6084855354729,881.1000948714336,974.1000948714336,404.1000948714336,448.1000948714336,0.04357833763868982,1437.3051747922366,0.0013077458199884581,43.132205958988834,0.003870416843736138,0.3378824226917333,False
3118,1004.8739879329298,887.1135262722962,981.1135262722962,407.1135262722962,456.1135262722962,0.04374006201624384,1442.6391847004547,0.0056173576597313216,185.27226302048007,0.01674548842751513,0.3354549904021452,False
3119,1005.1394637032755,874.1269811081843,969.1269811081843,393.1269811081843,442.1269811081843,0.044806159243816576,1477.8013121484173,0.006208008234340652,204.7531604888195,0.018049806040267444,0.34393767004981446,False
3120,1005.4049128221384,874.1404593963016,974.1404593963016,394.1404593963016,446.1404593963016,0.047040359535931414,1551.4899339587173,0.0067802321548751585,223.6263081738739,0.019793981505635924,0.34254008739700137,False
3121,1005.6703352651471,885.1539611538287,987.1539611538287,403.15396115382873,454.15396115382873,0.04736607534221657,1562.2327258882021,0.004366099858534832,144.00315065621749,0.012865504599585957,0.33936483600303896,False
3122,1005.9357310079305,891.1674863979217,997.1674863979217,412.1674863979217,461.1674863979217,0.04880877627636571,1609.8160351810548,-2.3825270844581026e-05,-0.7858075119718251,-7.11419753745106e-05,0.3348975161170091,False
3123,1006.201100026117,895.1810351457129,1003.1810351457129,413.18103514571294,464.18103514571294,0.04946844047593922,1631.5731470638725,0.0010785728633053854,35.573600137582844,0.0032173999332166968,0.3352312070905802,False
3124,1006.4664422953354,884.1946074143102,995.1946074143102,399.1946074143102,453.1946074143102,0.05136015220102016,1693.9657760396974,0.003739915412079804,123.35027140399984,0.01088788655965277,0.34349323825055317,False
3125,1006.7317577912142,900.2082032207982,1014.2082032207982,411.20820322079817,466.20820322079817,0.051784152765930395,1707.950205898244,0.002733988320851123,90.17268152725728,0.008066903963977067,0.3389142021598133,False
3126,1006.9970464893823,907.2218225822369,1026.2218225822369,416.2218225822369,472.2218225822369,0.05352775735672942,1765.457950271723,0.0012934491047831148,42.66067024054223,0.003829696697553292,0.3377419171626491,False
3127,1007.2623083654681,909.2354655156621,1031.235465515662,413.2354655156621,473.2354655156621,0.054681473133516,1803.5099216425301,0.004198223885963789,138.46624821399564,0.012333944353659856,0.3403796681406341,False
3128,1007.5275433951005,918.2491320380861,1046.2491320380861,421.24913203808615,484.24913203808615,0.0566745842065544,1869.2469142503078,0.003855247722311418,127.15417341813918,0.011457110842523165,0.3364938836065575,False
3129,1007.7927515539078,925.2628221664968,1057.2628221664968,425.2628221664968,492.2628221664968,0.057917848641349794,1910.2523885890096,0.005621771594589604,185.41784386997506,0.016791592500417528,0.33479680944197626,False
3130,1008.0579328175188,927.2765359178579,1062.276535917858,423.2765359178579,489.2765359178579,0.0590283182705665,1946.878011111741,0.0039018763779529245,128.69208449227858,0.011522395236948717,0.338634137930005,False
3131,1008.3230871615622,927.2902733091089,1068.290273309109,418.2902733091089,487.2902733091089,0.06147356986678508,2027.5275485505815,0.004836406893007003,159.51486521478023,0.014087179965273694,0.34331973503066116,False
3132,1008.5882145616666,941.3040343571656,1083.3040343571656,430.3040343571656,499.3040343571656,0.061020440470466425,2012.5823886048502,0.003569216809695394,117.72027269750788,0.010554507883362312,0.3381698937684967,False
3133,1008.8533149934607,949.317819078919,1093.317819078919,434.317819078919,503.317819078919,0.061334793534633385,2022.9504134153663,0.0026998647149848384,89.0472132796881,0.00798176605431324,0.33825405262609365,False
3134,1009.1183884325732,951.3316274912363,1098.3316274912363,434.3316274912363,506.3316274912363,0.062401554376980875,2058.134428273485,0.004212046321132534,138.92214117992216,0.012446781464401846,0.33840445686132664,False
3135,1009.3834348546326,956.3454596109607,1106.3454596109607,434.3454596109607,508.3454596109607,0.06327595753739075,2086.974082455153,0.005047705368469865,166.4839330742866,0.014835037113761176,0.34025566163144594,False
3136,1009.6484542352675,974.3593154549105,1129.3593154549105,451.35931545491053,525.3593154549105,0.06411299683931793,2114.5813980471157,0.0018210304055666926,60.06141048967493,0.00546386354024527,0.33328621627416183,False
3137,1009.9134465501066,978.3731950398803,1136.3731950398803,452.37319503988033,527.3731950398803,0.06501643534436677,2144.3786989258074,0.001604753361064526,52.928138958552154,0.0048016992368722835,0.3342053056429718,False
3138,1010.1784117747787,1000.3870983826405,1159.3870983826405,469.3870983826405,547.3870983826405,0.06406038108701567,2112.846019940529,0.002703027653882209,89.15153365286187,0.008258930856620916,0.3272854199663483,False
3139,1010.4433498849123,1009.4010254999368,1171.4010254999368,472.40102549993685,553.4010254999368,0.0646418582751411,2132.024359840634,0.004087269595952181,134.80674250908987,0.01247224264461434,0.3277092751011472,False
3140,1010.708260856136,991.4149764084909,1158.414976408491,451.41497640849093,535.4149764084909,0.06760868849352417,2229.8766565704213,0.0065058630450487015,214.57703822176427,0.019223853638218703,0.33842658020005295,False
3141,1010.9731446640784,1013.4289511250004,1186.4289511250004,470.42895112500037,557.4289511250004,0.06844842892507906,2257.5730610951446,0.0052470507127566485,173.0587615427262,0.015867661500569823,0.3306757402512161,False
3142,1011.2380012843685,1008.4429496661378,1183.4429496661378,466.4429496661378,551.4429496661378,0.06949599266394789,2292.123915129194,0.0032060628128369045,105.74269054972501,0.00962060023908822,0.3332497695737075,False
3143,1011.5028306926346,1013.456972048552,1192.456972048552,467.45697204855196,554.456972048552,0.0706374024080555,2329.770007675588,0.0034888048953914674,115.06811874197456,0.010435548295177266,0.334319270699346,False
3144,1011.7676328645056,1015.4710182888675,1196.4710182888675,469.4710182888675,559.4710182888675,0.07123465022790329,2349.4684961589687,0.004934156640603413,162.73885735555086,0.014835478825105912,0.3325916675000335,False
3145,1012.03240777561,1002.4850884036841,1185.4850884036841,455.48508840368413,546.4850884036841,0.07281817421576672,2401.6964457662775,0.0062859782300847405,207.3247748374588,0.018517539615774112,0.3394607685747867,False
3146,1012.2971554015762,1038.4991824095773,1220.4991824095773,488.4991824095773,580.4991824095773,0.07013133386768858,2313.078803483734,0.004806437349282461,158.52640666827574,0.01478271103846265,0.32513909909872074,False
3147,1012.5618757180332,1020.5133003230981,1206.513300323098,471.51330032309806,564.5133003230981,0.07271344459536974,2398.242242749204,0.005466786353399547,180.30610484436465,0.016436947952058314,0.3325913283502835,False
3148,1012.8265687006095,1025.5274421607735,1211.5274421607735,475.5274421607735,566.5274421607735,0.0723859695600511,2387.4414277483843,0.0036593973960456633,120.6946179903839,0.011024207135146017,0.3319420028293213,False
3149,1013.0912343249339,1044.5416079391057,1232.5416079391057,494.5416079391057,586.5416079391057,0.07187584482967396,2370.6164418840863,0.002220144029516133,73.2250167242396,0.006860494347007675,0.32361283563836585,False
3150,1013.3558725666347,1044.555797674572,1232.555797674572,493.555797674572,583.555797674572,0.07187494495158633,2370.5867620132576,0.0008711853956917537,28.733525537685637,0.0026792531346126833,0.3251597933905911,False
3151,1013.6204834013411,1023.5700113836263,1212.5700113836263,471.57001138362625,563.5700113836263,0.07358926988344074,2427.128801690377,0.003812426392848761,125.7418359641847,0.011391763578560877,0.3346651610663417,False
3152,1013.8850668046812,1037.5842490826972,1226.5842490826972,486.58424908269717,577.5842490826972,0.07267401311502579,2396.9417096444768,0.0017832817063334339,58.816379043099914,0.005437270729027312,0.3279736829754015,False
3153,1014.1496227522838,1048.5985107881888,1240.5985107881888,497.59851078818883,590.5985107881888,0.07302201890674186,2408.4196721458984,0.0013912567081065808,45.886570584800666,0.004306835807665949,0.323034536313229,False
3154,1014.4141512197779,1048.6127965164812,1238.6127965164812,495.61279651648124,590.6127965164812,0.07232040930838164,2385.2791128439817,0.0038399319153241823,126.64902591064629,0.011868027059442584,0.32355267611805866,False
3155,1014.6786521827916,1039.6271062839294,1231.6271062839294,487.6271062839294,586.6271062839294,0.0736016441403534,2427.5369306934203,0.0066726431769258965,220.07779753450131,0.02050260494798725,0.32545343354435324,False
3156,1014.9431256169538,1015.6414401068641,1209.6414401068641,467.64144010686414,563.6414401068641,0.07591624394193626,2503.87729732169,0.005173682658135309,170.63892888536293,0.015478918289539933,0.33424058201996504,False
3157,1015.2075714978932,1029.6557980015914,1221.6557980015914,481.6557980015914,578.6557980015914,0.07425679114684136,2449.145056053365,0.005426725331000901,178.98480811940817,0.01658322206389108,0.32724191415233184,False
3158,1015.4719898012382,1036.6701799843927,1229.6701799843927,490.6701799843927,589.6701799843927,0.07414803518976594,2445.5580559894793,0.005671465633795683,187.0568577373565,0.01761241545762421,0.3220152083875907,False
3159,1015.7363805026179,1015.6845860715248,1204.6845860715248,469.6845860715248,566.6845860715248,0.07411449189131741,2444.4517275003254,0.007420600110868633,244.74698938369102,0.022402335533367426,0.33124225372912264,False
3160,1016.0007435776606,1010.6990162792204,1203.6990162792204,467.69901627922036,568.6990162792204,0.07589606260192835,2503.2116743080705,0.009019957970463663,297.4971733627076,0.02732116747284425,0.33014540756462946,False
3161,1016.2650790019949,1008.7134706236864,1201.7134706236864,468.71347062368636,569.7134706236864,0.07603310888047062,2507.7317486387615,0.008715944262734837,287.470162260327,0.026532359916841455,0.32850241328146534,False
3162,1016.5293867512498,1012.7279491211059,1207.727949121106,475.7279491211059,577.7279491211059,0.07647632107505378,2522.349818425798,0.007888390056195987,260.1756850514639,0.02433261874426617,0.3241899336484215,False
3163,1016.7936668010535,1021.7424517876375,1216.7424517876375,486.7424517876375,590.7424517876375,0.07585722271759933,2501.930653283421,0.008241733049397224,271.82967967639433,0.0259238115034034,0.3179213461074275,False
3164,1017.057919127035,1024.7569786394142,1222.7569786394142,494.7569786394142,595.7569786394142,0.07671926558591632,2530.362639051156,0.003957944019511453,130.54131316223447,0.012594890129549141,0.3142499838268248,False
3165,1017.3221437048227,1027.771529692545,1223.771529692545,501.7715296925451,602.7715296925451,0.0758037622578238,2500.1674149488335,0.003842953136514546,126.74867213595871,0.01241789003717834,0.3094690905628089,False
3166,1017.5863405100454,1003.7861049631142,1198.7861049631142,479.7861049631142,581.7861049631142,0.07710052081806167,2542.9372379865817,0.006615157527717588,218.18179999167523,0.02084919880305433,0.3172859345918123,False
3167,1017.8505095183317,987.8007044671808,1180.8007044671808,468.8007044671808,568.8007044671808,0.07750727202940463,2556.3527479072086,0.006464597946908901,213.21602854795765,0.020173576595939133,0.32044877695163887,False
3168,1018.11465070531,979.8153282207795,1172.8153282207795,465.8153282207795,564.8153282207795,0.0780854041151201,2575.420759298596,0.005607294751238445,184.9403671466589,0.01751585508570494,0.32012680647344915,False
3169,1018.3787640466095,988.8299762399199,1179.82997623992,475.8299762399199,574.8299762399199,0.07669780268385587,2529.654747427264,0.005389806803893643,177.76715749452933,0.01711186011370583,0.3149749219593404,False
3170,1018.6428495178583,998.8446485405873,1185.8446485405873,489.8446485405873,586.8446485405873,0.07452985089265948,2458.1511404282624,0.003934929869271506,129.78225811273796,0.012797680456333345,0.3074721143958692,False
3171,1018.9069070946854,974.8593451387414,1157.8593451387414,467.85934513874145,564.8593451387414,0.07471384596092166,2464.2196845279045,0.007111163633950507,234.5411239550608,0.02255571264555505,0.31527106882840483,False
3172,1019.1709367527193,961.8740660503179,1144.8740660503179,459.8740660503179,557.8740660503179,0.0756395022543438,2494.7497747678185,0.008257751693067125,272.35800821500925,0.02610317910150785,0.31635042080334635,False
3173,1019.4349384675886,942.8888112912271,1125.888811291227,444.88881129122706,542.8888112912271,0.07703502103018407,2540.7769173051274,0.009424386473984372,310.8360754971418,0.029314090578336772,0.3214968053946395,False
3174,1019.6989122149221,943.9035808773544,1122.9035808773544,446.90358087735444,544.9035808773544,0.0754148331059335,2487.339714010026,0.010690994288900524,352.6114635788331,0.03347543955270215,0.31936830200748006,False
3175,1019.9628579703483,939.9183748245609,1117.918374824561,447.91837482456094,543.9183748245609,0.075319954680861,2484.21042412147,0.009014897111560033,297.33025559839507,0.028403770937469305,0.31738381257214976,False
3176,1020.226775709496,929.933193148682,1104.933193148682,441.933193148682,535.933193148682,0.07488427060384863,2469.8406474756416,0.008869763203626674,292.54343425059733,0.027834545778634524,0.31866024594642395,False
3177,1020.4906654079936,923.9480358655289,1098.948035865529,442.94803586552894,534.9480358655289,0.07532961056992911,2484.528895639128,0.00662920645443929,218.64516312509204,0.020979818447130424,0.31598016308601656,False
3178,1020.7545270414698,928.9629029908872,1105.9629029908872,455.9629029908872,544.9629029908872,0.07574218847731723,2498.1365822427447,0.0016952412478767748,55.912619666595674,0.005500079242537708,0.30822124066245254,False
3179,1021.0183605855534,914.9777945405183,1087.9777945405183,443.9777945405183,530.9777945405183,0.07520947720262,2480.5666446709934,0.002505632582225664,82.64102927514114,0.008010424265617896,0.3127964885680607,False
3180,1021.2821660158731,907.9927105301579,1080.9927105301579,441.99271053015786,529.9927105301579,0.07574040341144217,2498.077707018067,0.003114386085314433,102.71899937617582,0.010010560458976848,0.31111006202671154,False
3181,1021.5459433080574,893.0076509755172,1065.0076509755172,430.0076509755172,518.0076509755172,0.07649754795455284,2523.049925529507,0.004362443471726138,143.8825553337265,0.013840337133113731,0.31519777515308955,False
3182,1021.809692437735,896.0226158922821,1065.0226158922821,435.02261589228215,524.0226158922821,0.07503985864226967,2474.9722680209784,0.005798336550430619,191.2413272442459,0.018649687860356236,0.3109079676746859,False
3183,1022.0734133805345,876.037605296114,1042.037605296114,421.03760529611395,508.03760529611395,0.0753606428229199,2485.5524045709953,0.006214330517544775,204.9616826780125,0.019722104412737435,0.3150946971729486,False
3184,1022.3371061120844,868.0526192026484,1030.0526192026484,418.05261920264843,506.05261920264843,0.07431335893721674,2451.0107806825877,0.00865136932368156,285.34034503708426,0.02764109204415388,0.3129894184304246,False
3185,1022.6007706080135,879.0676576274964,1042.0676576274964,434.0676576274964,520.0676576274964,0.07387361509884424,2436.5071045736886,0.004628803501294895,152.6676689842543,0.015218794383900933,0.30415047240479404,False
3186,1022.8644068439506,871.0827205862438,1032.0827205862438,429.0827205862438,512.0827205862438,0.07365510818196855,2429.300287164607,0.003143987735460138,103.6953240191574,0.010276270442192224,0.30594637939379055,False
3187,1023.1280147955242,850.0978080944517,1007.0978080944517,409.0978080944517,492.0978080944517,0.07360275435801812,2427.573548005624,0.006621523645032448,218.39176792197668,0.02106545019392716,0.3143309819669238,False
3188,1023.391594438363,849.1129201676556,1005.1129201676556,413.1129201676556,497.1129201676556,0.07324940644852904,2415.919391231186,0.007136866514845908,235.38885899315028,0.023072146785716525,0.3093282381188815,False
3189,1023.6551457480954,839.1280568213658,993.1280568213658,408.1280568213658,491.1280568213658,0.07317700903277141,2413.5315722837827,0.007221284444514642,238.17313975585648,0.023338044205970788,0.309421148609666,False
3190,1023.9186687003503,851.1432180710681,1002.1432180710681,424.1432180710681,505.1432180710681,0.07092714873619503,2339.326450609801,0.004974850748550447,164.0810345726063,0.016582687109152786,0.3000026905051224,False
3191,1024.1821632707563,828.1584039322227,976.1584039322227,406.15840393222265,486.15840393222265,0.07140688423210878,2355.149135644858,0.0066754695453363905,220.1710171055629,0.02180954137741558,0.30608023478425983,False
3192,1024.445629434942,815.1736144202644,961.1736144202644,397.17361442026436,476.17361442026436,0.07155172633498424,2359.926332648487,0.007233211276149412,238.56651173277032,0.02343475839561596,0.30865311918481564,False
3193,1024.709067168536,808.1888495506037,951.1888495506037,392.18884955060366,470.18884955060366,0.07075389630233847,2333.6122211733323,0.008023187449295005,264.6215864131923,0.025880747366361184,0.3100060185944723,False
3194,1024.9724764471669,801.2041093386247,942.2041093386247,390.2041093386247,468.2041093386247,0.07040182593927796,2322.000200565447,0.008741556410190213,288.3149047188481,0.028374255945573638,0.3080805511502369,False
3195,1025.2358572464639,796.2193937996872,934.2193937996872,389.21939379968717,466.21939379968717,0.06941612707975764,2289.4897802891687,0.008979736356732895,296.1705799980623,0.02931216881849777,0.3063484115534342,False
3196,1025.4992095420548,784.2347029491257,920.2347029491257,385.2347029491257,458.2347029491257,0.06945255067423976,2290.691106995748,0.005910022740174034,194.92497254072168,0.019328603097426553,0.30576564226521397,False
3197,1025.7625333095687,789.2500368022488,921.2500368022488,393.2500368022488,465.2500368022488,0.06716290740123325,2215.17385913729,0.0058547368164588165,193.1015265683709,0.01954064049292387,0.2996184704681996,False
3198,1026.0258285246343,781.2653953743406,911.2653953743406,390.26539537434064,458.26539537434064,0.06684629006742293,2204.731153954556,0.002910729559110606,96.00197906622543,0.009702975896536382,0.2999831794026854,False
3199,1026.28909516288,767.2807786806595,895.2807786806595,377.2807786806595,446.2807786806595,0.06700494173407956,2209.963819398695,0.005938560671077522,195.86621348721064,0.019450261023530986,0.3053203586261919,False
3200,1026.5523331999345,760.2961867364388,889.2961867364388,377.2961867364388,447.2961867364388,0.0680636177943503,2244.8811811501178,0.005849162083639101,192.9176601621689,0.019408199946854516,0.30137581535927416,False
3201,1026.8155426114267,753.3116195568862,879.3116195568862,375.31161955688617,442.31161955688617,0.0671681458096617,2215.3466328581308,0.004168192382676655,137.4757461108802,0.013870922991136686,0.3004985598535922,False
3202,1027.0787233729852,771.327077157184,893.327077157184,395.327077157184,462.327077157184,0.06377192047472632,2103.3319826175652,0.004220847562237437,139.21242461132715,0.014646993937584942,0.28817159208392407,False
3203,1027.3418754602383,745.34255955249,866.34255955249,376.34255955249,442.34255955249,0.06533372943715729,2154.843725042222,0.004841662883117326,159.68821881644544,0.016448561306023242,0.29435175472424896,False
3204,1027.604998848815,739.3580667579356,856.3580667579356,373.3580667579356,439.3580667579356,0.0638005774658086,2104.277150419009,0.006892488020453322,227.32874257681078,0.023501148232873876,0.293283032478046,False
3205,1027.8680935143439,716.3735987886273,833.3735987886273,353.3735987886273,418.3735987886273,0.06570016592751834,2166.9295707253546,0.007630005488526118,251.65361889838005,0.025174019799216414,0.3030904698328558,False
3206,1028.1311594324532,718.3891556596466,833.3891556596466,360.3891556596466,423.3891556596466,0.06448807709323791,2126.9523332211766,0.005479938767515749,180.73989910762884,0.018460414802621637,0.29684808419026,False
3207,1028.3941965787722,707.4047373860485,818.4047373860485,350.4047373860485,413.4047373860485,0.06330017075655231,2087.772685318067,0.008505309243478629,280.5229765810682,0.028271367734365886,0.3008453401828102,False
3208,1028.6572049289289,702.4203439828636,811.4203439828636,351.42034398286364,412.42034398286364,0.06264881074712476,2066.289463081252,0.006864369874177434,226.40134700970611,0.023086083663197757,0.2973379969648182,False
3209,1028.9201844585527,698.4359754650966,806.4359754650966,350.4359754650966,410.4359754650966,0.0624432924242685,2059.511036804301,0.006193443960635876,204.2728001286673,0.020894065818985477,0.2964211951035484,False
3210,1029.1831351432716,692.451631847727,797.451631847727,347.45163184772696,407.45163184772696,0.061314908019541516,2022.2945473292864,0.00786679774188346,259.46352513948045,0.026616432538108553,0.29556168846520026,False
3211,1029.4460569587145,674.4673131457082,777.4673131457082,331.4673131457082,391.4673131457082,0.06172123194257755,2035.6959643834118,0.01053356517195058,347.4191203937587,0.034735190413374244,0.30325341668185574,False
3212,1029.7089498805099,670.483019373969,773.483019373969,332.483019373969,390.483019373969,0.06206300047262302,2046.968208884527,0.00776968248274397,256.26045976168325,0.025835775522398532,0.3007334723127619,False
3213,1029.9718138842868,680.4987505474121,781.4987505474121,344.4987505474121,404.4987505474121,0.06010095587085988,1982.2558537995637,0.009628577474782518,317.570723902651,0.03310776063644019,0.29082539228536,False
3214,1030.2346489456734,688.5145066809148,786.5145066809148,355.5145066809148,413.5145066809148,0.057793642202706386,1906.155799166879,0.007839780919768724,258.57245355813916,0.027689111594485515,0.2831358779069702,False
3215,1030.4974550402987,664.5302877893289,761.5302877893289,335.5302877893289,392.5302877893289,0.05917240100233247,1951.6301624600192,0.008969042350878323,295.8178692067181,0.03068452780241691,0.29229852936410067,False
3216,1030.7602321437912,663.5460938874808,757.5460938874808,337.54609388748077,392.54609388748077,0.057537966251471104,1897.7230688771824,0.008019607266246273,264.50350445088134,0.027698880737729286,0.28952820665141826,False
3217,1031.0229802317795,657.5619249901708,752.5619249901708,335.56192499017084,390.56192499017084,0.05860558373366883,1932.935337518176,0.0073116417699503125,241.15331427526667,0.0253429288291047,0.2885081601757635,False
3218,1031.2856992798922,684.5777811121743,776.5777811121743,365.5777811121743,419.5777811121743,0.0547621612426891,1806.1711850853958,0.005070528122160127,167.2366754632685,0.018786152888192728,0.2699077428113023,False
3219,1031.5483892637583,655.5936622682405,745.5936622682405,340.59366226824045,392.59366226824045,0.05586746122782323,1842.6263018799527,0.005839260780044708,192.59109435758455,0.020744958017247333,0.2814785537377301,False
3220,1031.811050159006,646.6095684730935,734.6095684730935,333.60956847309353,385.60956847309353,0.05541445386451616,1827.6851668394509,0.007494849608179262,247.195893873695,0.026422301043435105,0.2836562037446559,False
3221,1032.073681941264,626.6254997414312,714.6254997414312,317.6254997414312,368.6254997414312,0.057070444950525843,1882.3032336658084,0.007599568014354012,250.649727022148,0.026089092899101423,0.2912929186056814,False
3222,1032.3362845861614,613.6414560879266,699.6414560879266,308.6414560879266,358.6414560879266,0.05696084317924925,1878.6883368717101,0.008245386732066914,271.9501858106976,0.028013352122834703,0.2943377392292085,False
3223,1032.5988580693263,600.6574375272262,685.6574375272262,298.6574375272262,347.6574375272262,0.057480332277601937,1895.8221792752709,0.008497857977741968,280.2772181748885,0.02840149551868809,0.2992045954816149,False
3224,1032.8614023663874,591.6734440739515,674.6734440739515,294.6734440739515,341.6734440739515,0.0570115387716575,1880.3603840689132,0.007258687556108548,239.406772995678,0.024267478395839776,0.29911173454893936,False
3225,1033.123917452974,590.689475742698,673.689475742698,296.68947574269805,342.68947574269805,0.05710052979053147,1883.2954949260106,0.005498096159583646,181.33876806395074,0.018555338853690297,0.2963080438970362,False
3226,1033.3864033047137,601.7055325480353,679.7055325480353,307.7055325480353,354.7055325480353,0.05293680017998535,1745.9669404205176,0.008795857351795569,290.1058639108335,0.03066353043735627,0.2868507711388606,False
3227,1033.6488598972362,603.7216145045074,682.7216145045074,312.72161450450744,358.72161450450744,0.05340692775049378,1761.472735880332,0.006192718220195716,204.24886368348098,0.02191472919680708,0.2825824660930777,False
3228,1033.9112872061692,600.737721626633,678.737721626633,309.73772162663295,358.73772162663295,0.053017083178090826,1748.61484244885,0.010765862956616357,355.08078961026536,0.03813518508499476,0.28230787218212433,False
3229,1034.173685207142,607.7538539289042,684.7538539289042,321.75385392890416,369.75385392890416,0.05180676372636918,1708.6959629006137,0.008582188064744777,283.05860170183155,0.031562272380953396,0.27191286993403535,False
3230,1034.436053875783,606.7700114257882,681.7700114257882,323.7700114257882,368.7700114257882,0.050613785903871215,1669.3490467354047,0.005905190264941414,194.76558734993114,0.021884457590975976,0.2698348926580849,False
3231,1034.698393187721,587.7861941317258,663.7861941317258,308.7861941317258,351.7861941317258,0.052808834232649496,1741.7463544994125,0.003812082574039498,125.73049609716622,0.013729542733184337,0.2776554651616827,False
3232,1034.9607031185842,573.8024020611322,645.8024020611322,295.80240206113217,339.80240206113217,0.05133729407731763,1693.2118670733644,0.008887454131440382,293.1269182353317,0.031369300322396695,0.28331693853863293,False
3233,1035.222983644002,563.8186352283967,635.8186352283967,289.8186352283967,331.8186352283967,0.05219382652289543,1721.4621075165296,0.006580639209503129,217.04331330119794,0.02303155094263986,0.2857227993847322,False
3234,1035.4852347396022,560.8348936478828,632.8348936478828,290.83489364788284,330.83489364788284,0.052455391110836996,1730.0890574224168,0.00350940698402806,115.74761892976176,0.012381751346048518,0.2834338120631088,False
3235,1035.7474563810142,545.8511773339283,619.8511773339283,279.85117733392826,320.85117733392826,0.05521317906931826,1821.0467010243542,0.00416331984101409,137.31503944501196,0.01445268704018425,0.28806545311874504,False
3236,1036.0096485438662,542.867486300845,612.867486300845,278.86748630084503,317.86748630084503,0.05267275043063094,1737.2580246675507,0.0041754751085036415,137.71594571657715,0.014538146666429221,0.28720821190677936,False
3237,1036.271811203787,548.8838205629186,615.8838205629186,286.8838205629186,327.8838205629186,0.050018365924034115,1649.7108442576039,0.0079955650449871,263.71054145821677,0.0287841571597359,0.2777765908036218,False
3238,1036.5339443364048,550.9001801344093,618.9001801344093,292.9001801344093,331.9001801344093,0.05054769471690915,1667.1692204690535,0.0037401546253425996,123.35816116022124,0.01372618439878525,0.2724831982931541,False
3239,1036.7960479173491,547.9165650295511,615.9165650295511,290.91656502955107,330.91656502955107,0.05080745401098775,1675.736627988703,0.005142602579147185,169.61384255157577,0.018880619199385128,0.27237467822637196,False
3240,1037.058121922248,541.932975262552,607.932975262552,286.93297526255196,325.93297526255196,0.04991012330813978,1646.1407752648884,0.0054377161471464985,179.34730833803178,0.019885867848997738,0.27344625783684684,False
3241,1037.32016632673,529.9494108475944,594.9494108475944,274.94941084759444,312.94941084759444,0.050245625118442244,1657.2063301765509,0.005975719750194494,197.09179802299923,0.02119096444617874,0.28199376037705853,False
3242,1037.5821811064243,542.9658717988343,605.9658717988343,289.9658717988343,326.9658717988343,0.04767563244211959,1572.442569716418,0.004479905967874842,147.7567153569546,0.016580840747799048,0.27018569420067,False
3243,1037.844166236959,541.9823581304022,602.9823581304022,289.9823581304022,327.9823581304022,0.04631945566610204,1527.713009028162,0.007159451162370191,236.13374814029157,0.026710996508064033,0.2680338474159419,False
3244,1038.106121693963,516.9988698564023,577.9988698564023,268.9988698564023,305.9988698564023,0.048437395517951495,1597.5671171449271,0.007531971582638887,248.42025461989215,0.02690247802064266,0.2799731525422861,False
3245,1038.368047453065,526.0154069909127,587.0154069909127,279.01540699091265,316.01540699091265,0.04765103520159139,1571.6313010216388,0.00642903618915705,212.0431270282802,0.02362263490381729,0.2721557614268573,False
3246,1038.6299434898933,522.0319695479857,582.0319695479857,278.0319695479857,314.0319695479857,0.047249739736691235,1558.3957330864002,0.005629387071804236,185.66901831586233,0.020788934226023573,0.27078767052701397,False
3247,1038.891809780077,500.04855754164737,560.0485575416474,259.04855754164737,296.04855754164737,0.04921350416997554,1623.1648118299308,0.008768266858628124,289.19587145234595,0.03117640722725389,0.2812468670528223,False
3248,1039.1536462992447,504.065170985898,562.065170985898,265.065170985898,302.065170985898,0.04729998421631112,1560.0529016356263,0.009448002409009289,311.6149786737674,0.03443023801964361,0.27441002306225376,False
3249,1039.4154530230246,502.08180989471157,560.0818098947116,266.08180989471157,302.08180989471157,0.0474769806153483,1565.8906149133782,0.007632408078161949,251.73286135469152,0.028066195281322388,0.27194309744011497,False
3250,1039.6772299270456,506.0984742820358,562.0984742820358,273.0984742820358,309.0984742820358,0.04557737842028448,1503.2377416521483,0.008200209084087973,270.46013201921437,0.031083103277875987,0.26381564964025433,False
3251,1039.9389769869367,506.1151641617928,563.1151641617928,275.1151641617928,310.1151641617928,0.04634787285758902,1528.6502677349065,0.005660601173733536,186.69852500795923,0.021613224433689966,0.2619045201284257,False
3252,1040.200694178326,503.13187954787804,558.131879547878,271.13187954787804,309.13187954787804,0.045054993334743894,1486.0083835039118,0.011908216403946882,392.7580074725681,0.0453564882145568,0.26254714314775884,False
3253,1040.4623814768424,489.1486204541616,545.1486204541616,260.1486204541616,295.1486204541616,0.04707408438075219,1552.6022502288295,0.007745146045877144,255.45119649946173,0.02864893526178332,0.2703467327879685,True
3254,1040.7240388581147,488.1653868944861,540.1653868944861,260.1653868944861,293.1653868944861,0.04395976895438368,1449.8855813332118,0.00790340791386461,260.67100556415426,0.02934080353153168,0.26936576243970467,True
3255,1040.985666297771,488.18217888266963,540.1821788826696,262.18217888266963,294.18217888266963,0.04395833087844199,1449.8381505658917,0.006054861022013414,199.70204351854954,0.022681517231010716,0.26695132253917575,True
3256,1041.2472637714407,491.1989964325028,544.1989964325028,269.1989964325028,301.1989964325028,0.044500265725942505,1467.7123009561806,0.004279818260262809,141.15740218563747,0.016521580086975633,0.25904412518247544,True
3257,1041.5088312547518,472.21583955775077,523.2158395577508,251.21583955775077,283.21583955775077,0.04454033256820963,1469.0337896326325,0.007530187253908582,248.36140370779708,0.027855697715926695,0.2703284380345334,True
3258,1041.7703687233331,461.23270827215174,512.2327082721517,243.23270827215174,273.23270827215174,0.04554720893220216,1502.2426885204507,0.004963502440198914,163.7067435096012,0.018021813383241363,0.2754163709637853,True
3259,1042.0318761528135,460.2496025894188,508.2496025894188,243.24960258941883,274.2496025894188,0.04308362554958666,1420.9885302337493,0.009010241959034257,297.17671888319956,0.03307285604048597,0.27243616178791497,True
3260,1042.2933535188217,456.26652252323765,504.26652252323765,241.26652252323765,272.26652252323765,0.043441532363889764,1432.7930492715416,0.009055647485423424,298.6742885836413,0.03326912762382419,0.27219371628303923,True
3261,1042.5548007969858,437.2834680872684,484.2834680872684,224.28346808726837,255.28346808726837,0.04433658510951921,1462.3137701781384,0.01188884315246249,392.11903691701536,0.04185897341551712,0.28402137420922263,True
3262,1042.8162179629348,450.30043929514477,497.30043929514477,238.30043929514477,269.30043929514477,0.04311647222710761,1422.0718827004503,0.009995746678203035,329.6807360026105,0.036833073215817115,0.2713796543566881,True
3263,1043.0776049922974,446.31743616047424,494.31743616047424,236.31743616047424,267.31743616047424,0.04436207605445709,1463.1545151228706,0.009169444827639851,302.42756412621384,0.033765396998369196,0.27156336494674466,True
3264,1043.3389618607023,453.3344586968378,501.3344586968378,246.33445869683783,275.3344586968378,0.04370882466320524,1441.6089111379006,0.004626575288820614,152.59417785326286,0.017619660366799267,0.2625802763791334,True
3265,1043.6002885437779,444.3515069177902,489.3515069177902,238.35150691779018,267.3515069177902,0.04189427271268724,1381.761173713117,0.007970461626848994,262.8825779619033,0.02990528375066295,0.26652352451503836,True
3266,1043.861585017153,450.3685808368598,493.3685808368598,243.3685808368598,273.3685808368598,0.0396034037657876,1306.2035005533596,0.010880684823505286,358.86785613003667,0.04155102147908029,0.26186323310928444,True
3267,1044.1228512564562,446.3856804675486,488.3856804675486,240.38568046754858,269.3856804675486,0.03905266739604642,1288.0390574592172,0.010413245521516942,343.45072541661943,0.03950470993693197,0.2635950381142239,True
3268,1044.384087237316,451.40280582333276,494.40280582333276,248.40280582333276,277.40280582333276,0.03951667255393879,1303.3429228819523,0.008437679841095946,278.29241673689376,0.03306444469798526,0.25518891722412884,True
3269,1044.6452929353613,427.41995691766124,471.41995691766124,226.41995691766124,253.41995691766124,0.04255316763740405,1403.4929132941843,0.0063729416890564855,210.19301250715262,0.023365195460503967,0.2727536219343498,True
3270,1044.9064683262204,417.4371337639568,460.4371337639568,218.4371337639568,243.4371337639568,0.04257926197392855,1404.3535593617414,0.004481094730536379,147.79592324825126,0.016059886305628424,0.2790240631383495,True
3271,1045.1676133855226,425.45433637561655,467.45433637561655,225.45433637561655,253.45433637561655,0.040886238408430566,1348.5140835214556,0.009954894684552407,328.33335138318193,0.03675876269677351,0.2708169142327034,True
3272,1045.428728088896,431.47156476601026,474.47156476601026,235.47156476601026,261.47156476601026,0.04125801041290644,1360.7759056750763,0.004227985693681963,139.4478551903601,0.016205405437651414,0.260899717069634,True
3273,1045.6898124119693,422.4888189484818,465.4888189484818,228.48881894848182,255.48881894848182,0.042094033727156886,1388.3497118579055,0.0064129121514935675,211.5113223742244,0.02431492942242591,0.26374381105868533,True
3274,1045.9508663303714,414.50609893634805,456.50609893634805,221.50609893634805,248.50609893634805,0.04191565906665808,1382.4665406201134,0.008035704199531521,265.0344151455704,0.029969725839378878,0.26812738436775974,True
3275,1046.2118898197305,432.52340474289986,474.52340474289986,243.52340474289986,268.52340474289986,0.040248024821896815,1327.4644579447959,0.0021934132841133352,72.34338055417652,0.008831154575029254,0.24837219929491147,True
3276,1046.4728828556756,434.54073638140176,474.54073638140176,245.54073638140176,270.54073638140176,0.038243003864236694,1261.3346523082166,0.0038661099620559136,127.5124329167927,0.015717562577670798,0.24597388704202228,True
3277,1046.733845413835,420.55809386509145,461.55809386509145,233.55809386509145,257.55809386509145,0.04040037552014898,1332.4893042066376,0.00207990459567501,68.59962541994105,0.00817601096460919,0.25439112113206763,True
3278,1046.994777469838,421.57547720718003,459.57547720718003,234.57547720718003,258.57547720718003,0.0374815065375626,1236.2188698455236,0.00482321981702611,159.07992773036176,0.01912601459263575,0.2521811218780119,True
3279,1047.2556789993127,415.5928864208522,454.5928864208522,230.5928864208522,253.5928864208522,0.03895453023731195,1284.8022876847958,0.002336631092808822,77.06700492156551,0.009175713540544906,0.25465388413488543,True
3280,1047.516549977888,424.6103215192661,464.6103215192661,242.6103215192661,267.6103215192661,0.039098306728944175,1289.5443385897618,0.003495279706575309,115.2816716245452,0.014483185181100524,0.2413336336496193,True
3281,1047.7773903811922,406.6277825155537,445.6277825155537,225.6277825155537,249.6277825155537,0.03977521081818732,1311.870058271263,0.004125132875427824,136.0555530529009,0.016257199811593934,0.253741906554286,True
3282,1048.0382001848543,390.64526942281987,427.64526942281987,211.64526942281987,234.64526942281987,0.03930110273787851,1296.232977231401,0.0055021344740679365,181.4719601639756,0.020887074404624967,0.26342293647642745,True
3283,1048.2989793645029,399.66278225414294,437.66278225414294,220.66278225414294,244.66278225414294,0.039445909475367046,1301.009007810233,0.005392910923926235,177.86953789790778,0.02112645336368578,0.2552681621987768,True
3284,1048.5597278957664,399.68032102257484,436.68032102257484,221.68032102257484,245.68032102257484,0.03845085538382562,1268.1900323176726,0.006192373839415774,204.23750528148776,0.02448648672368603,0.25288943690831023,True
3285,1048.8204457542738,404.6978857411407,440.6978857411407,227.69788574114068,253.69788574114068,0.03701003145909212,1220.6686307407267,0.009947818419652282,328.099961292824,0.040636840461635404,0.244798028258222,True
3286,1049.0811329156534,392.7154764228394,427.7154764228394,217.7154764228394,242.7154764228394,0.03707694841137391,1222.8756924830395,0.010131218804059261,334.1488914689264,0.04034363466381907,0.2511231050073217,True
3287,1049.341789355534,392.7330930806429,430.7330930806429,218.7330930806429,242.7330930806429,0.04011074174269505,1322.9365734306118,0.00510375397020494,168.33253377084338,0.020282681387485867,0.2516311267086158,True
3288,1049.6024150495443,391.75073572749625,428.75073572749625,219.75073572749625,240.75073572749625,0.039195057523742347,1292.7353831674975,0.00044222769642730114,14.58559896849033,0.0017628580538338323,0.25085836914977483,True
3289,1049.863009973313,385.76840437631836,418.76840437631836,213.76840437631836,234.76840437631836,0.035647252488263295,1175.7213157901144,0.005048880194898506,166.52268131932897,0.019888545139152218,0.2538586990437714,True
3290,1050.1235741024686,378.78609904000086,411.78609904000086,207.78609904000086,228.78609904000086,0.03627764915995664,1196.5131230845766,0.0055354944422999625,182.57224203723922,0.02145459023831363,0.25800979561076265,True
3291,1050.3841074126397,396.803819731409,432.803819731409,227.80381973140902,249.80381973140902,0.03771524087471792,1243.9279195826964,0.0023228320827165735,76.61188456389982,0.009684381497502904,0.23985342619097672,True
3292,1050.644609879455,383.8215664633815,416.8215664633815,213.8215664633815,235.8215664633815,0.03582080782998496,1181.4455357646714,0.006711205169040557,221.34965308980554,0.02676748789413179,0.25072226409829995,True
3293,1050.9050814785433,392.8393392487301,426.8393392487301,224.83933924873008,248.83933924873008,0.03604946704917703,1188.9871974437747,0.007997272095722645,263.7668435796097,0.03355348112014624,0.23834403551412459,True
3294,1051.1655221855333,385.8571381002398,417.8571381002398,218.8571381002398,240.8571381002398,0.03460128664076757,1141.2231635722378,0.006997519213576851,230.79289209629633,0.028824005680400545,0.2427670633695078,True
3295,1051.4259319760529,376.8749630306688,409.8749630306688,211.87496303066882,233.87496303066882,0.03645410362317147,1202.3329621797857,0.006449988466023869,212.7341771599772,0.026124667505353798,0.2468926528807326,True
3296,1051.6863108257319,372.89281405274846,405.89281405274846,207.89281405274846,230.89281405274846,0.036827348378797906,1214.6433587620006,0.008743590519581255,288.38199392215984,0.03506233473156512,0.24937274104880913,True
3297,1051.9466587101979,368.9106911791837,400.9106911791837,205.9106911791837,227.9106911791837,0.03612639640075093,1191.5244891602997,0.007959405401999166,262.5179204267283,0.031931802244145706,0.2492626423382796,True
3298,1052.2069756050803,380.92859442265217,413.92859442265217,218.92859442265217,242.92859442265217,0.03608185452674279,1190.055404530738,0.009094294045137327,299.9489333561253,0.03853613404866685,0.2359939384073204,True
3299,1052.4672614860074,398.946523795805,431.946523795805,239.94652379580498,261.946523795805,0.034515298036409625,1138.3870786568023,0.0035828788989876736,118.17087711938962,0.01635952150268659,0.2190087832580731,True
3300,1052.7275163286079,372.9644793112666,405.9644793112666,213.9644793112666,234.9644793112666,0.03682056366580792,1214.4195846664666,0.0038399680206760017,126.6502167410406,0.01603957761382348,0.23940580688150917,True
3301,1052.9877401085103,359.9824609816342,389.9824609816342,200.98246098163418,221.98246098163418,0.03476373392069464,1146.5810163202232,0.008396768165605792,276.9430636849497,0.0337321481810301,0.24892479780839666,True
3302,1053.2479328013435,362.0004688194781,392.0004688194781,204.0004688194781,225.0004688194781,0.03457745344295342,1140.437094612147,0.007974804089774148,263.02580151681286,0.03253819287319629,0.24509056544266433,True
3303,1053.5080943827359,394.0185028373421,426.0185028373421,238.0185028373421,258.0185028373421,0.03391184531804383,1118.483939577914,0.0011282864693668501,37.21325936098265,0.005167524983236727,0.2183417541331629,True
3304,1053.7682248283163,384.03656304774313,414.03656304774313,227.03656304774313,248.03656304774313,0.032666120513777326,1077.3973170824827,0.00575378066836979,189.77178059966172,0.025526990790461817,0.22539988029140104,True
3305,1054.0283241137133,359.05464946317056,388.05464946317056,202.05464946317056,222.05464946317056,0.033732336430618265,1112.5633591519895,0.007258686185525824,239.40672779097872,0.02949937603843903,0.24606236335532744,True
3306,1054.2883922145556,356.07276209608744,387.07276209608744,201.07276209608744,220.07276209608744,0.036253858102863204,1195.7284440140327,0.002959192357407138,97.60038402040345,0.011994817293242173,0.24670591348434576,True
3307,1054.548429106472,365.09090095893,396.09090095893,212.09090095892998,233.09090095892998,0.03539385655587899,1167.3637853146076,0.0056094269973597025,185.0106931056123,0.024067123609836014,0.23307425882281924,True
3308,1054.8084347650906,352.10906606410686,383.10906606410686,202.10906606410686,220.10906606410686,0.03664522206436621,1208.636450091714,0.00040691377271240975,13.420871536286768,0.001689224238125381,0.24088795526873502,True
3309,1055.0684091660407,344.12725742400016,375.12725742400016,193.12725742400016,212.12725742400016,0.03745954860023407,1235.4946509179517,0.0032933552661210813,108.62177914337258,0.013214182986372886,0.24922882250967396,True
3310,1055.3283522849506,345.14547505096516,375.14547505096516,194.14547505096516,214.14547505096516,0.03619752837679364,1193.8705712460146,0.006384100800973021,210.56106347405102,0.025879790681974206,0.2466828607473891,True
3311,1055.588264097449,337.1637189573296,366.1637189573296,187.1637189573296,208.1637189573296,0.03583447485922315,1181.8963031163535,0.010348897262944953,341.3283845921203,0.041322081892694235,0.2504447208109968,True
3312,1055.8481445791642,339.1819891553946,367.1819891553946,189.1819891553946,209.1819891553946,0.03444858743527497,1136.1868228090618,0.009195913495108413,303.30055641513127,0.03693804933752549,0.24895503850459838,True
3313,1056.1079937057254,346.2002856574345,373.2002856574345,199.2002856574345,217.2002856574345,0.03261454560974114,1075.6962683395218,0.004955889607161645,163.4556562742407,0.020861675435528443,0.2375595202062019,True
3314,1056.367811452761,343.21860847569565,373.21860847569565,199.21860847569565,217.21860847569565,0.03639246309725662,1200.2999280698366,0.0011746618722611457,38.74281762719488,0.004984697484554657,0.23565359300156052,True
3315,1056.6275977958999,336.2369576223987,367.2369576223987,191.23695762239868,207.23695762239868,0.03830093343616433,1263.2452913554291,-0.0034055514218383626,-112.32224418959049,-0.013800150503670233,0.24677639718006233,True
3316,1056.8873527107703,351.25533310973583,377.25533310973583,206.25533310973583,219.25533310973583,0.031012461084361974,1022.8561531916307,-0.004467482098811575,-147.34695004090133,-0.0191366620530866,0.23345148105863134,True
3317,1057.147076173001,338.2737349498732,363.2737349498732,193.2737349498732,208.2737349498732,0.030965720500703574,1021.3145504962268,0.0014959454247524574,49.339424510184585,0.006172729783977168,0.24234746653507339,True
3318,1057.406768158221,342.29216315494955,367.29216315494955,199.29216315494955,214.29216315494955,0.030614705987169137,1009.7373540250536,0.0009013617282684627,29.728804415194986,0.003844480501887001,0.23445605403019834,True
3319,1057.6664286420582,336.3106177370762,361.3106177370762,194.3106177370762,211.3106177370762,0.031140145511181258,1027.0674539743575,0.005284641659145446,174.2985899689022,0.022430403040845065,0.2356017254581774,True
3320,1057.926057600142,331.3290987083376,356.3290987083376,190.3290987083376,208.3290987083376,0.031591710235768636,1041.9610077575296,0.007653033710441071,252.41313806129574,0.03230111202511948,0.23692787122900183,True
3321,1058.1856550081009,326.34760608079137,351.34760608079137,186.34760608079137,203.34760608079137,0.03205656752129585,1057.2929781407904,0.005858678546584235,193.2315331132247,0.024367778445910492,0.24042727405737163,True
3322,1058.445220841563,336.3661398664674,361.3661398664674,198.3661398664674,214.3661398664674,0.031135185302839034,1026.9038558771229,0.002553460099718151,84.21848133307412,0.011196047277346586,0.22806799904147151,True
3323,1058.7047550761577,333.38470007736873,356.38470007736873,195.38470007736873,211.38470007736873,0.028973386099129906,955.6031741458801,0.005209611419371398,171.82393495137353,0.02270474811570963,0.22945030672975486,True
3324,1058.9642576875128,326.40328672547116,348.40328672547116,188.40328672547116,204.40328672547116,0.02832772010835254,934.3077526126882,0.0070716798374348445,233.2388653530246,0.030075590387282154,0.2351302084638443,True
3325,1059.2237286512577,322.4218998227234,344.4218998227234,185.4218998227234,199.4218998227234,0.0286662253016615,945.4723654088647,0.0029455974886645232,97.15199667354284,0.012335477878253792,0.23879070739993913,True
3326,1059.4831679430208,316.44053938104685,339.44053938104685,181.44053938104685,195.44053938104685,0.030471592758055704,1005.0171789121016,0.0018087315118562076,59.655767123449095,0.007515918519784443,0.240653422079419,True
3327,1059.7425755384306,322.4592054123357,345.4592054123357,187.45920541233568,204.45920541233568,0.029921990286937747,986.8901341779514,0.00777790654068216,256.53170647903937,0.03357190213739674,0.23167905437261832,True
3328,1060.0019514131159,335.4778979284565,358.4778979284565,202.4778979284565,217.4778979284565,0.028798471154125826,949.8341115972514,0.002239032000695834,73.84798171530895,0.010262937674253514,0.21816677366295054,True
3329,1060.2612955427055,310.4966169412496,334.4966169412496,178.4966169412496,192.4966169412496,0.032334857100740834,1066.4715534215493,0.00045825492885670505,15.114210782446662,0.0019078235233435789,0.24019775584566905,True
3330,1060.5206079028274,319.5153624625268,342.5153624625268,187.5153624625268,200.5153624625268,0.03018831109721057,995.6739542936626,-0.0010775131560276478,-35.53864876411126,-0.004644580444928785,0.23199364696204958,True
3331,1060.779888469111,301.5341345040738,326.5341345040738,169.5341345040738,186.5341345040738,0.03459210469707185,1140.9203237691704,0.006909058238588707,227.87526320067832,0.028014450446228537,0.24662480000634257,True
3332,1061.0391372171846,316.5529330776483,336.5529330776483,182.55293307764828,200.55293307764828,0.02660703790087746,877.5560366229265,0.01423316485008216,469.43969415050674,0.06136546908945573,0.23194094433359114,True
3333,1061.298354122677,312.5717581949807,332.5717581949807,178.5717581949807,195.5717581949807,0.026935630774304813,888.393720274211,0.012557734667589002,414.18048506212347,0.0530179673164588,0.2368580936465024,True
3334,1061.5575391612163,314.5906098677742,335.5906098677742,183.59060986777422,202.59060986777422,0.028064045030653777,925.6111943184656,0.014704802269413949,484.99528759814166,0.06490957314874733,0.22654288968618386,True
3335,1061.816692308432,304.60948810770515,324.60948810770515,173.60948810770515,191.60948810770515,0.027617782996362895,910.8925344072593,0.01522577109200729,502.17793441746494,0.06436404604530582,0.2365570847005155,True
3336,1062.0758135399522,318.6283929264214,337.6283929264214,188.62839292642138,205.62839292642138,0.025154488466579996,829.647903094131,0.012321528203707462,406.3898993892341,0.05562348707739454,0.2215166443370097,True
3337,1062.3349028314055,304.6473243355447,327.6473243355447,177.64732433554468,192.64732433554468,0.03160925758576495,1042.539756244053,0.0035950532444809155,118.57241262361708,0.015466508069139294,0.2324411708454227,True
3338,1062.5939601584207,322.6662823466686,344.6662823466686,196.6662823466686,211.6662823466686,0.028645214467250744,944.7793839262833,0.0032765593257272317,108.06781372496357,0.015355124415577669,0.21338539741190143,True
3339,1062.8529854966268,323.68526697135985,345.68526697135985,196.68526697135985,214.68526697135985,0.028557938126634614,941.9008267622962,0.009472473757467955,312.422095183475,0.04476279925802308,0.21161486579216005,True
3340,1063.111978821652,320.704278221157,341.704278221157,194.70427822115698,210.70427822115698,0.027545662815163272,908.5138592383116,0.006752196623637938,222.70163742439763,0.03164798026496411,0.21335316083702682,True
3341,1063.3709401091248,297.72331610757215,320.72331610757215,173.72331610757215,189.72331610757215,0.032317686024436194,1065.9052152322854,0.005944910128624005,196.07563194333375,0.025737515808316555,0.23098228177495778,True
3342,1063.6298693346741,292.7423806420891,313.7423806420891,168.74238064208907,185.74238064208907,0.030087587320183386,992.3518724110061,0.011599248333553205,382.56759107568087,0.04968370895905679,0.23346180421256152,True
3343,1063.8887664739286,299.7614718361647,319.7614718361647,174.76147183616467,190.76147183616467,0.028050321791471745,925.1585730446856,0.009994649150095535,329.6445372186764,0.04358142141448068,0.22933279424371045,True
3344,1064.147631502517,296.7805897012281,315.7805897012281,173.7805897012281,186.7805897012281,0.02694993798499669,888.8656021558644,0.004380537622459477,144.47933845790396,0.019025635505202417,0.23024395801452474,True
3345,1064.4064643960676,296.7997342486815,314.7997342486815,173.7997342486815,186.7997342486815,0.025570849314877096,843.3803590404774,0.005756296680925241,189.85476398227217,0.025077941488199067,0.2295362513559569,True
3346,1064.6652651302095,301.8189054898987,321.8189054898987,181.81890548989873,193.81890548989873,0.02786511360765061,919.0500178440012,-0.00010801593924335273,-3.5625927203032006,-0.000490621584674341,0.22016140874651957,True
3347,1064.924033680571,288.83810343622713,305.83810343622713,167.83810343622713,180.83810343622713,0.024837107196553427,819.1800016892295,0.007562273101029599,249.41966238868133,0.03259842366724512,0.23198278475741657,True
3348,1065.182770022781,291.8573280989856,310.8573280989856,172.8573280989856,183.8573280989856,0.027390507545803067,903.3965123262597,-0.0005973588029035207,-19.702148937839638,-0.0026225081481112767,0.22778148595409964,True
3349,1065.4414741324679,304.87657948946594,324.87657948946594,185.87657948946594,199.87657948946594,0.02759434067421227,910.1193573481527,0.003942896058690498,130.04499978430465,0.018517513472405128,0.2129279432989865,True
3350,1065.7001459852604,288.8958576189325,307.8958576189325,169.8958576189325,184.8958576189325,0.027662531329252737,912.3684284847055,0.009081859985250868,299.53883192530327,0.04018209290664166,0.2260175946123935,True
3351,1065.958785556787,273.91516249862207,292.91516249862207,155.91516249862207,169.91516249862207,0.029125779968420418,960.6294442793096,0.008218003520371983,271.04702993086903,0.03415363330678489,0.24061871972899035,True
3352,1066.2173928226769,296.9344941397435,314.9344941397435,177.9344941397435,190.9344941397435,0.025559579206453385,843.0086471754638,0.0050646677358926785,167.04338760593168,0.02303502023758268,0.21986816958074312,True
3353,1066.4759677585582,297.9538525534788,313.9538525534788,178.95385255347878,192.95385255347878,0.022716811450701542,749.2481912362939,0.00999559034679929,329.6755798643146,0.04618817552159264,0.21641015766311059,True
3354,1066.7345103400596,283.9732377509813,299.9732377509813,166.9732377509813,180.9732377509813,0.023805097538954937,785.1421539493709,0.011162390204561005,368.15909172776,0.049599744376521496,0.22504934944472874,True
3355,1066.9930205428102,309.9926497433778,325.9926497433778,192.9926497433778,206.9926497433778,0.02185641163635372,720.8703968420793,0.008557743485839476,282.25236810826243,0.042463498895477285,0.20153175570633314,True
3356,1067.2514983424383,309.01208854176684,328.01208854176684,194.01208854176684,208.01208854176684,0.025914380132969816,854.710727505632,0.004345403542700056,143.32054265737452,0.02172984512548124,0.19997397669459094,True
3357,1067.5099437145723,316.0315541572195,332.0315541572195,199.0315541572195,213.0315541572195,0.02144891134015841,707.4301805284839,0.008073090156695446,266.26748259623355,0.04102764360382841,0.19677196757022922,True
3358,1067.7683566348412,284.0510466007793,299.0510466007793,171.05104660077927,183.05104660077927,0.022348932871649744,737.1147824369431,0.007097547623583913,234.09203931300317,0.032749565882752955,0.21672188416157678,True
3359,1068.0267370788736,279.07056588346177,295.07056588346177,166.07056588346177,178.07056588346177,0.024211856549358698,798.5579210994157,0.006087616759498413,200.78239659171334,0.027375139756215156,0.22237755911789642,True
3360,1068.285085022298,264.09011201625526,280.09011201625526,151.09011201625526,165.09011201625526,0.025545636468223176,842.5487863616987,0.012939382559466115,426.76803474085443,0.05481711312953522,0.23604640632734147,True
3361,1068.5434004407432,264.1096850101201,281.1096850101201,150.10968501012007,164.10968501012007,0.027091481262289954,893.5339969578279,0.011634017005818509,383.7143349689866,0.04856438782518789,0.23955860511814242,True
3362,1068.8016833098377,279.129284875989,296.129284875989,168.12928487598901,182.12928487598901,0.025675954922473442,846.846962905692,0.009060461688288769,298.83307111335193,0.042018206136311055,0.2156318063387992,True
3363,1069.0599336052103,280.14891162476715,296.14891162476715,168.14891162476715,182.14891162476715,0.02412120132873755,795.5679213706278,0.010611318655200336,349.9835937052367,0.04903811138430187,0.2163892196426888,True
3364,1069.3181513024897,277.1685652673316,293.1685652673316,168.1685652673316,180.1685652673316,0.024373427877793147,803.8868831259687,0.005560773265748935,183.4059907693985,0.025958385040880803,0.21421876811641016,True
3365,1069.5763363773044,264.1882458145319,280.1882458145319,154.1882458145319,164.1882458145319,0.025536421024702296,842.2448416639825,0.0017543743264728344,57.86295289344264,0.007529987130461304,0.2329850365050169,True
3366,1069.834488805283,271.20795327718974,287.20795327718974,161.20795327718974,173.20795327718974,0.024894040856431425,821.0577934636879,0.006287324863123365,207.369189625628,0.028223100509980368,0.2227722946633739,True
3367,1070.0926085620542,259.2276876660992,274.2276876660992,148.2276876660992,161.2276876660992,0.024429915706437936,805.7499704492413,0.012080375932946485,398.43619060962396,0.05103409570004687,0.23671186423972218,True
3368,1070.3506956232468,269.2474489920264,284.2474489920264,161.24744899202642,173.24744899202642,0.02354497852744018,776.5628821925686,0.007629017343986678,251.62102781443878,0.03486049020894261,0.21884423593187569,True
3369,1070.6087499644889,254.26723726571004,270.26723726571004,148.26723726571004,159.26723726571004,0.026502997950104072,874.12458035969,0.004578253454620981,151.00042219129966,0.019737587430744642,0.2319560823066741,True
3370,1070.86677156141,269.2870524978605,283.2870524978605,161.2870524978605,175.2870524978605,0.022011253004561433,725.9773906343178,0.014139079997050417,466.3365779359028,0.06559644789694768,0.21554642744166536,True
3371,1071.1247603896381,255.30689469916092,268.3068946991609,147.30689469916092,159.30689469916092,0.02156928959072295,711.400508261115,0.01244220812944043,410.3701770030257,0.05348764333869256,0.23261836478108264,True
3372,1071.382716424802,254.32676388026562,269.3267638802656,149.32676388026562,159.32676388026562,0.024887447592774937,820.8403337695893,0.0032636341577228743,107.64151451612872,0.014213035793672887,0.22962259471517849,True
3373,1071.6406396425305,261.34666005180225,276.34666005180225,155.34666005180225,168.34666005180225,0.024237265742120952,799.3959696855566,0.010665318418765422,351.76461941239313,0.04835072808060208,0.22058237470563055,True
3374,1071.8985300184522,265.36658322436983,281.36658322436983,162.36658322436983,174.36658322436983,0.025426284116097955,838.6122949159832,0.005540321699584655,182.7314551291396,0.02630989151858888,0.21057942012684544,True
3375,1072.1563875281954,258.3865334085399,272.3865334085399,155.3865334085399,167.3865334085399,0.02291575721969297,755.8098408716058,0.009391380041712926,309.7474539829726,0.04344626648142263,0.21616080741318994,True
3376,1072.4142121473892,252.40651061485596,265.40651061485596,150.40651061485596,159.40651061485596,0.021811019239249427,719.3732601730502,0.0034284001277783555,113.07584253831897,0.01536574254067112,0.22311971703963063,True
3377,1072.6720038516619,262.4265148538334,276.4265148538334,160.4265148538334,171.4265148538334,0.022571985420881707,744.471524355824,0.00622986160683103,205.47393064823962,0.02957915295395705,0.2106166331581043,True
3378,1072.9297626166426,268.44654613596003,283.44654613596003,169.44654613596003,179.44654613596003,0.023613348724364467,778.817874997838,0.0012890340737726283,42.51505323764388,0.006471685424935001,0.19918058266646588,True
3379,1073.1874884179595,249.46660447169552,264.4666044716955,150.46660447169552,161.46660447169552,0.025358423451277957,836.3741075505242,0.005284168507509172,174.28298443339713,0.0243588409442474,0.21693021107217686,True
3380,1073.4451812312413,270.486689871472,283.486689871472,171.48668987147198,181.48668987147198,0.020386773751101477,672.3986502817332,0.004227588441856181,139.43475299014233,0.021591174701227348,0.195801687511512,True
3381,1073.7028410321168,269.5068023456929,282.5068023456929,171.5068023456929,180.5068023456929,0.020459178205575933,674.7867013808129,0.0017530447873911961,57.81910189990617,0.008971025586982982,0.19541185903369573,True
3382,1073.9604677962147,251.52694190473449,266.5269419047345,153.52694190473449,163.52694190473449,0.025156605646252314,829.717732129929,0.0022481101775263176,74.14739906904867,0.010540856415823134,0.21327585623418843,True
3383,1074.2180614991635,259.5471085589443,275.5471085589443,161.54710855894427,172.54710855894427,0.02597966307905834,856.8638962890923,0.002628833732756474,86.70446218225379,0.012848487138463118,0.20460258896059602,True
3384,1074.475622116592,256.56730231864253,271.56730231864253,159.56730231864253,170.56730231864253,0.024676170319589172,813.8719652057483,0.004275707597765112,141.02182389605798,0.02094707524429289,0.2041195511974897,True
3385,1074.7331496241284,242.5875231941211,253.5875231941211,143.5875231941211,154.5875231941211,0.01925942154180551,635.2162047816558,0.012798313187315773,422.11527032662923,0.05781867126111436,0.22135259956973813,True
3386,1074.990643997402,244.6077711956441,256.6077711956441,146.6077711956441,156.6077711956441,0.02079955409041564,686.0130135157727,0.007856763303365683,259.1325682652807,0.03597668207469672,0.21838487737843776,True
3387,1075.2481052120409,253.62804633344695,266.62804633344695,156.62804633344695,164.62804633344695,0.021708554080523152,715.9937438616607,-7.426058780615752e-05,-2.4492702778580906,-0.0003546945853290386,0.20936487580510538,True
3388,1075.505533243674,236.6483486177376,249.6483486177376,141.6483486177376,149.6483486177376,0.023225219399162115,766.0165540243945,0.0006351935864903069,20.95001962733909,0.0028538488003490648,0.2225743656820971,True
3389,1075.76292806793,248.6686780586963,260.6686780586963,152.6686780586963,161.6686780586963,0.020467763870140848,675.069874644798,0.004408178196101453,145.39098267570841,0.02102465869686011,0.20966705142090059,True
3390,1076.0202896604374,247.6890346664743,258.6890346664743,152.6890346664743,161.6890346664743,0.018871239644754637,622.4131498781447,0.006001479126114859,197.94139638576212,0.028978906480083045,0.2070981915842692,True
3391,1076.277617996825,233.70941845119546,244.70941845119546,138.70941845119546,148.70941845119546,0.019974470191544615,658.8000122462565,0.010258054142236114,338.33218752348387,0.046324046474096776,0.22144123674455246,True
3392,1076.534913052721,230.72982942295516,243.72982942295516,137.72982942295516,147.72982942295516,0.023804939540100344,785.1369428150408,0.006635247210108313,218.8443999444205,0.030056640530871464,0.22075811178209312,True
3393,1076.7921748037545,234.75026759182083,244.75026759182083,140.75026759182083,149.75026759182083,0.018117079310171934,597.5393568366131,0.008801298604724204,290.2853278696592,0.04041812769395946,0.21775621749147894,True
3394,1077.0494032255544,257.7707329678319,268.7707329678319,163.77073296783192,173.77073296783192,0.018148369227981968,598.5713640958174,0.007591971007614471,250.3991617713525,0.03929564604039671,0.19320132820337838,True
3395,1077.3065982937487,236.7912255609997,247.7912255609997,143.7912255609997,152.7912255609997,0.01972031836883944,650.4175509191241,0.006645710776367955,219.18951035355235,0.031155123607335293,0.21331036461698585,True
3396,1077.5637599839663,230.811745381307,239.811745381307,136.811745381307,146.811745381307,0.016612544834749984,547.916647381597,0.014024873539310291,462.5698089034182,0.06371406824995812,0.22012208487910373,True
3397,1077.8208882718359,227.8322924387087,238.8322924387087,134.8322924387087,145.8322924387087,0.020477767214223484,675.3998059591681,0.01358201708655014,447.9634722294561,0.061448651301660114,0.2210303529669691,True
3398,1078.0779831329862,228.8528667431317,238.8528667431317,135.8528667431317,144.8528667431317,0.01857410108863392,612.6128957270221,0.009284186282662196,306.2119784936034,0.041849792301192276,0.22184545662363286,True
3399,1078.3350445430458,220.87346830447427,228.87346830447427,128.87346830447427,137.87346830447427,0.015451900064970806,509.6361432575002,0.013865284029750067,457.30621142902044,0.061067796887736885,0.22704739218346315,True
3400,1078.5920724776431,228.89409713260693,239.89409713260693,137.89409713260693,146.89409713260693,0.020384968834055123,672.3391203236998,0.007073699775323312,233.30548715039401,0.03266512233623811,0.2165520674470542,True
3401,1078.8490669124071,224.91475323737177,235.91475323737177,133.91475323737177,143.91475323737177,0.020737157079819348,683.9550289509373,0.01053973490269591,347.6226110822024,0.04792538936374227,0.21991965099546373,True
3402,1079.106027822966,241.93543662858292,252.93543662858292,150.93543662858292,161.93543662858292,0.01931019415261114,636.8907922074932,0.011240487033923857,370.7348893157442,0.05640322336554498,0.1992880258114881,True
3403,1079.3629551849492,236.95614731602564,247.95614731602564,146.95614731602564,157.95614731602564,0.019706899752070083,649.974976732815,0.011641874890376967,383.97350451860177,0.05773041841490831,0.20165928482809278,True
3404,1079.6198489739845,235.97688530945743,248.97688530945743,146.97688530945743,156.97688530945743,0.02328956511165036,768.1388108737,0.005297102872649406,174.70958698310517,0.026097718784257387,0.2029718733824626,True
3405,1079.8767091657012,239.99765061860785,249.99765061860785,149.99765061860785,158.99765061860785,0.017728937015958766,584.7376081179327,0.007577313282359912,249.91571918265777,0.0378234245814551,0.2003338768556426,True
3406,1080.1335357357275,253.01844325317734,265.01844325317734,165.01844325317734,173.01844325317734,0.020123919234413378,663.7291558144203,0.0004359951042443577,14.380034977702621,0.002351624141694256,0.1854016960083765,True
3407,1080.3903286596924,238.0392632228386,247.0392632228386,149.0392632228386,158.0392632228386,0.016117386034798984,531.5852693603844,0.009346915349465891,308.2809149701246,0.047046389693648535,0.1986744447412458,True
3408,1080.647087913224,234.06011053723614,243.06011053723614,145.06011053723614,155.06011053723614,0.01638628527737833,540.4541315932997,0.01256579988789015,414.44649298034153,0.06236237242993414,0.20149650178893008,True
3409,1080.9038134719515,229.08098520598583,237.08098520598583,140.08098520598583,150.08098520598583,0.014907681100027652,491.6866578728533,0.01503880333846954,496.01134490900006,0.07297185832109239,0.20609045301128914,True
3410,1081.1605053115036,231.10188723867554,240.10188723867554,143.10188723867554,152.10188723867554,0.016592081637186763,547.2417281133526,0.009897159750046871,326.4291318872689,0.04870420562144202,0.20320955087479442,True
3411,1081.4171634075085,225.12281664486432,234.12281664486432,139.12281664486432,148.12281664486432,0.017024226469486176,561.4947730292336,0.010199373660083392,336.39678187867287,0.05001618463506925,0.2039214653116907,True
3412,1081.673787735595,232.1437734340834,240.1437734340834,145.1437734340834,155.1437734340834,0.01471429101865653,485.30824649303446,0.014221649565445088,469.0598958586283,0.07224692985378002,0.19684780507944308,True
3413,1081.9303782713919,231.16475761583524,239.16475761583524,145.16475761583524,153.16475761583524,0.014775559965841463,487.32902515543105,0.00852209472149048,281.0765969281276,0.0430845363195537,0.19779938347909687,True
3414,1082.1869349905276,224.18576919959446,233.18576919959446,139.18576919959446,148.18576919959446,0.01709400177265737,563.7961091919883,0.01011766316650509,333.7017980491231,0.05009875688017872,0.20195437564855195,True
3415,1082.443457868631,206.20680819480663,213.20680819480663,120.20680819480663,129.20680819480663,0.014498068620147159,478.1767773016168,0.01685826393546852,556.0209798124536,0.07461231131582857,0.22594480238132145,True
3416,1082.6999468813306,219.22787461088956,227.22787461088956,136.22787461088956,142.22787461088956,0.0155658328518503,513.3938860497587,0.0031529064019772957,103.98948038748051,0.015376030512761865,0.20505333931019665,True
3417,1082.9564020042549,219.24896845723197,232.24896845723197,140.24896845723197,147.24896845723197,0.025016235000087934,825.0880131674079,-0.0038636496192390735,-127.43128563917685,-0.019715545127465293,0.19596970787567564,True
3418,1083.2128232130328,236.27008974319483,247.27008974319483,155.27008974319483,163.27008974319483,0.019762840202945886,651.8200103867059,0.0020559872434711066,67.81078087118817,0.011340690629074165,0.18129294861462542,True
3419,1083.469210483293,221.29123847811024,230.29123847811024,137.29123847811024,147.29123847811024,0.01731319600386827,571.0255956725448,0.013220895158885727,436.05291199500175,0.06587032357115191,0.20071094906046363,True
3420,1083.7255637906637,232.31241467128189,241.31241467128189,150.31241467128189,158.31241467128189,0.016507246477677134,544.4436862334977,0.006012875061339514,198.31725828315246,0.03231492744375765,0.1860711298765746,True
3421,1083.9818831107743,217.33361833198546,226.33361833198546,134.33361833198546,143.33361833198546,0.017622155902440394,581.2157425455807,0.01054119568145706,347.6707906362286,0.05175584464486223,0.20367159987028594,True
3422,1084.2381684192526,213.35484946946758,223.35484946946758,129.35484946946758,140.35484946946758,0.019892867645075987,656.1085887392834,0.015551840196257723,512.932378856459,0.0742175811880214,0.2095438836366681,True
3423,1084.4944196917281,207.37610809294688,215.37610809294688,125.37610809294688,135.37610809294688,0.01643880522580023,542.1863498865373,0.01688843484363649,557.0160797815608,0.08038294872041142,0.21009971781923517,True
3424,1084.7506369038285,211.3973942116129,219.3973942116129,128.3973942116129,137.3973942116129,0.016131835466061797,532.0618419754079,0.013290450852785223,438.3470049823683,0.06331855734372749,0.20989819431035747,True
3425,1085.006820031183,216.4187078346274,224.4187078346274,132.4187078346274,139.4187078346274,0.01576425776527975,519.9383567738242,0.0066074498675165495,217.9275851571316,0.03145779600913533,0.21004172910262847,True
3426,1085.2629690494205,220.4400489711229,229.4400489711229,138.4400489711229,145.4400489711229,0.017378727849783945,573.1869736954794,0.004043540012063109,133.36444891504823,0.02021699402432814,0.2000069845792758,True
3427,1085.519083934169,199.4614176302041,208.4614176302041,118.4614176302041,125.4614176302041,0.019166785463569036,632.1608722050516,0.005766479456026891,190.19061330880447,0.025812498122267744,0.22339873609723598,True
3428,1085.7751646610577,193.4828138209466,204.4828138209466,113.4828138209466,122.4828138209466,0.02401441799551602,792.0459825878,0.009130641294130735,301.14774202801243,0.04019706252666261,0.2271469784160075,True
3429,1086.0312112057147,211.50423755239785,221.50423755239785,132.50423755239785,141.50423755239785,0.020062966016092892,661.7187905536192,0.008476712173949269,279.579785118392,0.04262847220990383,0.198850949483005,True
3430,1086.2872235437694,214.52568883357617,221.52568883357617,134.52568883357617,143.52568883357617,0.01394479052012702,459.92850260028587,0.014179624854241447,467.67383254930843,0.07249880056344837,0.19558426820912633,True
3431,1086.5432016508498,194.54716767347213,202.54716767347213,114.54716767347213,124.54716767347213,0.017501262103874905,577.2284109562225,0.01884823842555465,621.6545213215264,0.08543442450399506,0.2206164381042126,True
3432,1086.7991455025847,197.56867408104677,204.56867408104677,117.56867408104677,126.56867408104677,0.015121045048544774,498.7238493752087,0.016913565129370672,557.8449294276674,0.07795358755734501,0.216969682337308,True
3433,1087.0550550746027,200.59020806523336,208.59020806523336,121.59020806523336,130.59020806523336,0.016984188458202522,560.174235259218,0.01402782374006592,462.6671127255121,0.06667304848409154,0.21039721535176265,True
3434,1087.3109303425326,221.61176963493608,228.61176963493608,143.61176963493608,150.61176963493608,0.013505763723292484,445.44847602849427,0.0071631138707487895,236.25455196144605,0.038756986040447576,0.18482123102331072,True
3435,1087.566771282003,197.6333587990307,205.6333587990307,120.6333587990307,128.6333587990307,0.017233317721927002,568.3910420340012,0.010652872039510364,351.35411166289987,0.05095449229968379,0.20906639549770323,True
3436,1087.8225778686424,227.65497556636433,235.65497556636433,151.65497556636433,159.65497556636433,0.014999467216682015,494.713956929903,0.007326327022982065,241.63766478791524,0.042408200346976684,0.17275731964665567,True
3437,1088.07835007808,231.67661994575496,242.67661994575496,158.67661994575496,165.67661994575496,0.020145728954886876,664.448486238569,-0.0013974440101890626,-46.09064081287761,-0.008465869204350026,0.16506798964848318,True
3438,1088.3340878859435,207.69829194599288,216.69829194599288,134.69829194599288,137.69829194599288,0.01842256311728452,607.6148549067444,-0.008856098602733658,-292.0927469908436,-0.04600597333964211,0.19249888568497248,True
3439,1088.5897912678622,197.71999157583878,206.71999157583878,122.71999157583878,128.71999157583878,0.019331895331852686,637.6065427136639,0.001398790543850184,46.13505232336729,0.006775908351492289,0.20643587122044266,True
3440,1088.845460199465,196.74171884402494,203.74171884402494,121.74171884402494,128.74171884402494,0.015183504408791222,500.7838903625622,0.009096369566818458,300.01738842381104,0.04460997982577789,0.20390884735532022,True
3441,1089.1010946563797,191.76347375925548,199.76347375925548,116.76347375925548,125.76347375925548,0.017750193252988253,585.4386834947036,0.014497324476175279,478.1522338692712,0.06962830422111506,0.20821021908183868,True
3442,1089.3566946142355,198.7852563302049,205.7852563302049,123.7852563302049,131.7852563302049,0.015030085979839824,495.7238280979437,0.012167819336276113,401.3202578530597,0.06095144844059417,0.19963134014994538,True
3443,1089.612260048661,184.8070665655198,192.8070665655198,109.80706656551979,116.80706656551979,0.01840437362210542,607.0149271223362,0.008434454026182835,278.1860225805592,0.038015116297367244,0.2218710567713551,True
3444,1089.8677909352848,198.8289044738176,207.8289044738176,125.8289044738176,131.8289044738176,0.019226428721157617,634.128032207443,0.0010037988464760735,33.10739589133891,0.005064646839102755,0.19819720473420116,True
3445,1090.1232872497355,194.85077006368692,202.85077006368692,121.85077006368692,128.85077006368692,0.017474534221741257,576.3468692227943,0.006784206038010221,223.7573751925703,0.03383952003757076,0.2004817453225687,True
3446,1090.3787489676417,206.87266334368792,215.87266334368792,132.87266334368792,140.87266334368792,0.01849454396645218,609.9889346124093,0.006896541266272899,227.46242714365872,0.03652457723546386,0.18881919486193646,True
3447,1090.6341760646324,204.89458432235188,214.89458432235188,133.89458432235188,141.89458432235188,0.020694991248517043,682.5643112041361,0.0045078175298381325,148.67729733919919,0.0246985349724391,0.18251355940214148,True
3448,1090.8895685163357,194.91653300818098,201.91653300818098,120.91653300818098,129.91653300818098,0.015323202652591865,505.3914320817715,0.015855533354726302,522.9488175704582,0.07950217098725287,0.19943522494836685,True
3449,1091.1449262983806,196.9385094096492,200.9385094096492,121.93850940964921,127.93850940964921,0.008732529774365385,288.01718729581177,0.012127874890987803,400.0028060862415,0.060001609189189155,0.2021258272048636,True
3450,1091.4002493863957,205.96051353520147,210.96051353520147,132.96051353520147,138.96051353520147,0.010417207965228398,343.58141513908,0.008751518607973682,288.64347894178417,0.04713086121133601,0.1856855228834382,True
3451,1091.6555377560096,234.98254539325376,235.98254539325376,159.98254539325376,167.98254539325376,0.0018442773915054826,60.828144949928685,0.01934727800187013,638.113895504436,0.12300436397700662,0.157289362558606,True
3452,1091.910791382851,219.0046049921932,222.0046049921932,143.0046049921932,150.0046049921932,0.005908736206785249,194.88253996533172,0.014845832748934251,489.6467692516778,0.08355361907657331,0.17768030772345936,True
3453,1092.1660102425483,204.02669234037808,207.02669234037808,131.02669234037808,136.02669234037808,0.006339354584690084,209.0852392067493,0.009925005430508616,327.3475409591132,0.052971584214319765,0.18736470841333827,True
3454,1092.4211943107305,187.04880744613843,194.04880744613843,117.04880744613843,123.04880744613843,0.01595603442484109,526.2635541110252,0.005754381338312568,189.79159195695263,0.028670019215242197,0.20071075973514854,True
3455,1092.676343563026,193.0709503177743,200.0709503177743,124.0709503177743,130.0709503177743,0.015467100763890058,510.1374942589597,0.005043103806065713,166.3321638739452,0.026609136130269523,0.18952527362693572,True
3456,1092.9314579750635,185.09312096355802,191.09312096355802,115.09312096355802,121.09312096355802,0.013854775073340523,456.95960395733715,0.00821533052298252,270.9588688584585,0.04062304629719562,0.20223324619428304,True
3457,1093.1865375224716,184.11531939173233,191.11531939173233,114.11531939173233,119.11531939173233,0.016205574898687618,534.4939234599764,0.002418094560775009,79.75384132719228,0.01170780732123296,0.2065369282589421,True
3458,1093.441582180879,180.1375456105111,187.1375456105111,109.1375456105111,114.1375456105111,0.0165566880704757,546.0743738877294,0.0028976585394223826,95.57086936228347,0.013403839689485624,0.21618122915147914,True
3459,1093.6965919259148,178.15979962807978,185.15979962807978,108.15979962807978,114.15979962807978,0.016736986550344137,552.0209967321034,0.006710337244292444,221.3210271072786,0.031446548462376926,0.2133886729197254,True
3460,1093.9515667332068,193.1820814525945,201.1820814525945,122.1820814525945,131.1820814525945,0.017622456005537843,581.2256405765363,0.013244542168181838,436.8328400664086,0.0688611067041283,0.19233705065312018,True
3461,1094.2065065783843,180.20439109218228,187.20439109218228,109.20439109218228,116.20439109218228,0.016550662042787788,545.8756228281757,0.010431775658642384,344.0618882884303,0.04913478464435773,0.21230937988532106,True
3462,1094.4614114370756,195.22672855494193,202.22672855494193,126.22672855494193,132.22672855494193,0.015299279483268865,504.60239567220344,0.004868646970618711,160.57821074143214,0.02604200334424284,0.18695362665695353,True
3463,1094.7162812849092,203.24909384894227,210.24909384894227,135.24909384894227,141.24909384894227,0.01470551466799964,485.01878400092363,0.004145791643392434,136.7369226440623,0.023714445919480097,0.17482135814891198,True
3464,1094.9711160975144,204.27148698222413,208.27148698222413,134.27148698222413,141.27148698222413,0.008422067414215067,277.77748608182856,0.013648650514545776,450.1611827448578,0.07781459278040301,0.17539962655928826,True
3465,1095.2259158505192,191.29390796279904,196.29390796279904,121.29390796279904,128.29390796279904,0.011205681858598875,369.5869414748028,0.013161363736610341,434.0894405563118,0.06880626657995793,0.19128146883708436,True
3466,1095.4806805195524,186.31635679864894,194.31635679864894,119.31635679864894,125.31635679864894,0.018258375884447658,602.1996148545007,0.0030494005245537935,100.5756389859182,0.015880119230999915,0.19202629905958102,True
3467,1095.735410080243,177.33883349772782,182.33883349772782,109.33883349772782,116.33883349772782,0.012075324669545891,398.2695893251716,0.01487494401899255,490.6069201286221,0.07342317803095674,0.20259193919283858,True
3468,1095.990104508219,177.36133806795988,183.36133806795988,111.36133806795988,117.36133806795988,0.014448812967177552,476.55222233378055,0.00834179881784106,275.1300590528718,0.04214016880427208,0.1979536165739181,True
3469,1096.24476377911,161.38387051724067,169.38387051724067,97.38387051724067,102.38387051724067,0.02101192544966245,693.0174673376207,0.0007325865663116993,24.162244816981115,0.003345040240245284,0.21900680221950947,True
3470,1096.4993878685436,178.40643085343663,185.40643085343663,111.40643085343663,116.40643085343663,0.016714288709116405,551.2723742186952,0.002352423904614872,77.58788505062319,0.01156982713915834,0.20332403209837424,True
3471,1096.753976752149,188.4290190843849,192.4290190843849,119.42901908438489,124.42901908438489,0.009122778729390798,300.8884181161747,0.008689033425573775,286.5825862855326,0.04485972773566771,0.1936934052915612,True
3472,1097.0085304055547,185.4516352178939,192.4516352178939,118.45163521789391,125.45163521789391,0.016090938479338446,530.712973389868,0.008844327573762037,291.7045137132501,0.0464836623908088,0.19026744277169572,True
3473,1097.2630488043894,171.47427926174305,177.47427926174305,104.47427926174305,110.47427926174305,0.014936435028713025,492.635022880205,0.009315358109477053,307.2400908635654,0.04424677247589478,0.2105319233069931,True
3474,1097.517531924282,167.49695122368212,174.49695122368212,100.49695122368212,108.49695122368212,0.017780937029034095,586.4526778505624,0.015483710840724179,510.68532950649296,0.07231588590772135,0.2141121642412313,True
3475,1097.7719797408604,159.51965111143272,166.51965111143272,92.51965111143272,98.51965111143272,0.018651301176163204,615.159116884429,0.0086375776310567,284.8854660248742,0.037189033732968724,0.2322614159076507,True
3476,1098.026392229754,184.54237893268646,190.54237893268646,116.54237893268646,123.54237893268646,0.01389546831320649,458.301752543255,0.011436612622653344,377.20352347814037,0.058983861168976824,0.19389392955964282,True
3477,1098.2807693665914,178.56513469510605,184.56513469510605,112.56513469510605,119.56513469510605,0.014352998264765656,473.3920520505632,0.011847663809862005,390.76085564114993,0.06092316801261444,0.1944689384407733,True
3478,1098.5351111270008,171.58791840632557,176.58791840632557,104.58791840632557,110.58791840632557,0.012474281495215934,411.4280240228995,0.011751882526439734,387.6017875864555,0.05619435256408476,0.20912924502578326,True
3479,1098.789417486611,189.61073007394975,194.61073007394975,124.61073007394975,129.61073007394975,0.01130387146191814,372.82544098186696,0.005781644978818782,190.6908041276452,0.03222468517241145,0.17941664745164454,True
3480,1099.0436884210508,186.63356970555355,191.63356970555355,123.63356970555355,127.63356970555355,0.011481826799734073,378.694782076183,0.002346680197369935,77.39844551270221,0.013207339122595866,0.17768001378529769,True
3481,1099.2979239059487,180.65643730868396,186.65643730868396,117.65643730868396,121.65643730868396,0.014189530897658786,468.00055468321597,0.00032986955102686476,10.879791162028312,0.0017727982169506759,0.18607281295344547,True
3482,1099.5521239169336,175.6793328908575,184.6793328908575,112.6793328908575,118.6793328908575,0.021697623477100646,715.6332295852093,0.000833205844159652,27.48088009705475,0.0043292460484772866,0.19245980358467107,True
3483,1099.8062884296337,156.70225645956225,163.70225645956225,92.70225645956225,97.70225645956225,0.018979415528138237,625.9810178923881,0.003834873046129131,126.48217377110518,0.016963397683045743,0.22606750827765698,True
3484,1100.060417419678,174.72520802225745,180.72520802225745,109.72520802225745,114.72520802225745,0.014663167107047343,483.62207242827924,0.004689273858736917,154.6621084783344,0.02348106063531807,0.19970451640007006,True
3485,1100.314510862695,157.7481875863723,164.7481875863723,93.7481875863723,100.7481875863723,0.01885626735666187,621.9193323458509,0.01241809440973922,409.57485584145695,0.056499185359091104,0.219792450648867,True
3486,1100.5685687343134,161.77119515930713,168.77119515930713,99.77119515930713,103.77119515930713,0.01839713181865717,606.7760772227072,-0.0013254878393513109,-43.71737505040585,-0.006295097000489019,0.21055876331188284,True
3487,1100.822591010162,162.7942307484334,167.7942307484334,99.79423074843339,105.79423074843339,0.01313801454852367,433.3193352543974,0.012218535709942293,402.99299045983037,0.05919136110281364,0.20642430723495375,True
3488,1101.0765776658689,159.81729436109276,163.81729436109276,96.81729436109276,101.81729436109276,0.010735974790437698,354.0950150662752,0.011132635594426945,367.17772214284867,0.05248655656885666,0.21210451441641323,True
3489,1101.3305286770635,160.84038600459803,163.84038600459803,96.84038600459803,100.84038600459803,0.00802585578026563,264.70959357730084,0.009552131787543572,315.0493844525311,0.04431257990079135,0.21556252894616473,True
3490,1101.584444019374,181.86350568623288,185.86350568623288,118.86350568623288,123.86350568623288,0.009448565891247929,311.6335635024091,0.008446266791702503,278.57563241723534,0.04680049165764606,0.18047389017808724,True
3491,1101.8383236684288,167.886653413251,173.886653413251,103.886653413251,109.886653413251,0.015250077077666974,502.97959691447755,0.009135113907211764,301.295258208632,0.04480437995954853,0.2038888589789518,True
3492,1102.0921675998572,174.90982919287762,182.90982919287762,112.90982919287762,117.90982919287762,0.019422828505398355,640.6057099141455,-0.000604568681891484,-19.939945901664714,-0.0031755100297989336,0.1903847496050151,True
3493,1102.3459757892874,171.93303303230823,176.93303303230823,108.93303303230823,112.93303303230823,0.01244959782639959,410.6139047415093,0.003211798377115046,105.93186151548554,0.016337228824263937,0.19659382944706666,True
3494,1102.599748212348,181.95626493870896,186.95626493870896,119.95626493870896,123.95626493870896,0.011773009642702623,388.29860428893863,0.0024725371893989795,81.54947365487101,0.013758651828646624,0.17970781005235975,True
3495,1102.8534848446677,171.97952491921728,178.97952491921728,110.97952491921728,113.97952491921728,0.017326606053893676,571.4678873096316,-0.005742624961268577,-189.40384193073004,-0.029738324391275293,0.19310519603294674,True
3496,1103.1071856618755,174.00281298094046,180.00281298094046,114.00281298094046,117.00281298094046,0.014723022789541658,485.59623865056807,-0.0034422871509597885,-113.53386575266529,-0.018570634885587682,0.18536184530940739,True
3497,1103.3608506395997,184.02612913095732,189.02612913095732,121.02612913095732,127.02612913095732,0.011642349845056703,383.98916952227023,0.009371571037706075,309.09411139329916,0.052852799612698544,0.17731456245232538,True
3498,1103.6144797534691,171.04947337631643,175.04947337631643,107.04947337631643,113.04947337631643,0.010039067133459534,331.1095356743826,0.013644941309037397,450.0388453506286,0.06936410363906002,0.19671473562232722,True
3499,1103.8680729791122,183.0728457240375,188.0728457240375,120.0728457240375,127.0728457240375,0.011702163545142757,385.9619510764897,0.01290578873721523,425.6600398704998,0.07302701139062767,0.1767262344638626,True
3500,1104.1216302921578,189.09624618111116,195.09624618111116,127.09624618111116,133.09624618111116,0.013566005685397405,447.43538256428116,0.006467077461526187,213.29780815185057,0.03819516656058989,0.16931664511181826,True
3501,1104.3751516682344,186.1196747544982,191.1196747544982,122.11967475449819,131.1196747544982,0.011513112735467847,379.7266579981423,0.01936911159358603,638.834013252335,0.11175212330971665,0.17332209017546174,True
3502,1104.6286370829707,176.1431314511301,182.1431314511301,115.1431314511301,121.1431314511301,0.014547085895194791,479.79347006452826,0.007513673312944943,247.8167392233454,0.0415416510475026,0.1808708398314046,True
3503,1104.8820865119953,177.16661627790904,182.16661627790904,115.16661627790904,122.16661627790904,0.012086900816698457,398.6513949907408,0.013539037337944097,446.54590977916456,0.07509765033126158,0.18028576497696466,True
3504,1105.1354999309367,172.19012924170784,175.19012924170784,106.19012924170784,114.19012924170784,0.007501381012643195,247.41131332159839,0.024043034110993997,792.9898022258952,0.1214892369446975,0.19790258557586055,True
3505,1105.3888773154242,165.21367034936998,171.21367034936998,103.21367034936998,109.21367034936998,0.015492457949879567,510.97382755242006,0.00904732261963659,298.3997170115432,0.045285273018742515,0.19978509604860095,True
3506,1105.6422186410855,171.23723960770894,176.23723960770894,108.23723960770894,113.23723960770894,0.012499463600138622,412.2585827747644,0.007113102547780793,234.60507340868247,0.03635348188402518,0.19566495914952525,True
3507,1105.8955238835501,168.26083702351002,172.26083702351002,106.26083702351002,110.26083702351002,0.010203508133977674,336.5331455181618,0.005844544330119399,192.76535694480418,0.02971486816849703,0.19668754029054183,True
3508,1106.1487930184462,177.28446260352734,180.28446260352734,114.28446260352734,119.28446260352734,0.007287624432577384,240.36117200547545,0.011309063434981514,372.9966831667627,0.06112050707600524,0.18502895306346762,True
3509,1106.4020260214024,160.30811635448708,165.30811635448708,97.30811635448708,105.30811635448708,0.013338666116778052,439.9372457349054,0.02097411273182616,691.7703244229538,0.10165846668609502,0.20631938898499072,True
3510,1106.6552228680475,169.3317982830854,175.3317982830854,109.33179828308539,115.33179828308539,0.015122166596956673,498.7608403992714,0.008080405701294353,266.5087646340113,0.043454295999596285,0.1859518262905335,True
3511,1106.9083835340102,176.35550839598864,182.35550839598864,117.35550839598864,121.35550839598864,0.014529857305950213,479.2252349776162,2.6157493523418923e-05,0.8627291181347232,0.0001478890034810517,0.17687247129750494,True
3512,1107.161507994919,167.37924669983408,173.37924669983408,109.37924669983408,112.37924669983408,0.015295502732802778,504.47783050329275,-0.0035443141671909362,-116.89893120361182,-0.01900040873619856,0.18653883800081095,True
3513,1107.4145962264026,167.40301320122944,170.40301320122944,105.40301320122944,110.40301320122944,0.007713999147306423,254.4239063153893,0.012413901078992342,409.4365509792551,0.06375804347296601,0.19470329393429314,True
3514,1107.6676482040898,158.42680790675308,160.42680790675308,97.42680790675308,102.42680790675308,0.005448270380012754,179.69540912242633,0.01628689436980677,537.1760105469139,0.08022833862510116,0.20300675109220157,True
3515,1107.920663903609,169.45063082295314,173.45063082295314,107.45063082295314,114.45063082295314,0.01013269371966725,334.19753728587597,0.017276527520696187,569.8161920222269,0.09131552186962008,0.18919595668919836,True
3516,1108.1736433005885,170.4744819563491,176.4744819563491,110.47448195634911,117.47448195634911,0.015022536321386816,495.47482449316215,0.011659028489673508,384.5392662794022,0.06386133070764487,0.18256789140596158,True
3517,1108.426586370658,177.49836131343068,186.49836131343068,118.49836131343068,126.49836131343068,0.021480672239543506,708.4777217500134,0.006891882736815465,227.30877905015848,0.04006068645495767,0.1720360619522676,True
3518,1108.6794930894453,161.5222689006573,168.5222689006573,101.52226890065731,107.52226890065731,0.018424891114856214,607.6916371599924,0.006512213880700585,214.78650213069932,0.03282117981177907,0.19841498441087238,True
3519,1108.9323634325792,157.54620472446027,163.54620472446027,97.54620472446027,103.54620472446027,0.016232524764429875,535.382786679415,0.00969128381388341,319.6389107717614,0.047657693556767196,0.2033519268476493,True
3520,1109.1851973756886,165.5701687912399,169.5701687912399,104.5701687912399,111.5701687912399,0.010367360938867948,341.9373554337765,0.01777292013867502,586.1882639554209,0.09320427446565686,0.19068782242625404,True
3521,1109.4379948944018,166.59416110736743,169.59416110736743,104.59416110736743,110.59416110736743,0.007751120096569083,255.64823324843533,0.016473637574243815,543.3351939540465,0.08495265312227052,0.19391551609969926,True
3522,1109.6907559643475,159.61818167918523,164.61818167918523,99.61818167918523,103.61818167918523,0.013395441145689843,441.80980552666415,0.0037019154168233433,122.09695168636813,0.01824567248829439,0.20289279110969066,True
3523,1109.9434805611547,159.64223051300473,164.64223051300473,100.64223051300473,105.64223051300473,0.013393454027297356,441.74426618525723,0.007663854841074033,252.77004169504193,0.038994739863484264,0.19653560628700784,True
3524,1110.1961686604516,168.66630761510896,175.66630761510896,111.66630761510896,116.66630761510896,0.017660135212902574,582.468380035219,0.0013631619474961942,44.95994632609961,0.007639988778486451,0.1784246007447996,True
3525,1110.4488202378673,163.69041299175046,169.69041299175046,105.69041299175046,109.69041299175046,0.01563406222340382,515.6442341382924,0.0004990144738683082,16.458546251437497,0.0026300166531409135,0.18973814225562302,True
3526,1110.7014352690298,179.71454664915268,185.71454664915268,120.71454664915268,124.71454664915268,0.014262690825329844,470.4135228762862,-0.00010518617874986577,-3.4692612712141795,-0.0006084479435213089,0.17287621705336897,True
3527,1110.9540137295685,165.7387085935095,169.7387085935095,103.7387085935095,108.7387085935095,0.010356943077148212,341.5937524564396,0.010086390522887009,332.67036052907906,0.05082843524868611,0.1984399180013659,True
3528,1111.2065555951115,160.76289883098434,166.76289883098434,101.76289883098434,106.76289883098434,0.01591360717326111,524.8642141739741,0.004917280236570613,162.18223807719846,0.02507054874097339,0.19613771869836205,True
3529,1111.4590608412875,153.78711736771197,154.78711736771197,92.78711736771197,98.78711736771197,0.0028148558977113556,92.8398641916763,0.02439777426341591,804.6898780986824,0.1177309054896103,0.20723338669614672,True
3530,1111.7115294437256,163.81136420979692,165.81136420979692,101.81136420979692,108.81136420979692,0.00527026535616965,173.82442927849664,0.023607733130020764,778.6326608926865,0.12122450393465786,0.19474390377993006,True
3531,1111.963961378054,170.83563936331416,175.83563936331416,110.83563936331416,117.83563936331416,0.012528427540379238,413.2138744046418,0.014068804168905808,464.01873340744663,0.0777863701003355,0.18086464441982142,True
3532,1112.2163566199013,169.85994283430887,175.85994283430887,110.85994283430887,115.85994283430887,0.015075954060029463,497.2366537949896,0.004082705511115441,134.65620939769815,0.02227639431315934,0.18327497052355834,True
3533,1112.4687151448964,162.88427462879667,166.88427462879667,100.88427462879667,107.88427462879667,0.010536257239188393,347.50791042985134,0.01859841294195675,613.4147517518986,0.09357387150019351,0.19875647596688664,True
3534,1112.721036928668,161.90863475276365,167.90863475276365,102.90863475276365,107.90863475276365,0.015803019699501448,521.2168068400871,0.004801361601454734,158.3589978359512,0.024696137296203055,0.19441751330856613,True
3535,1112.9733219468444,161.9330232121656,166.9330232121656,103.93302321216561,107.93302321216561,0.013206834645182863,435.5891666985904,0.0031939469442569084,105.34308373701259,0.016723558284748488,0.19098489028915078,True
3536,1113.2255701750544,158.95744001292928,163.95744001292928,98.95744001292928,103.95744001292928,0.013450268834039847,443.61813793348347,0.007956855726283402,262.43382676233284,0.039418869594659865,0.20185398029174662,True
3537,1113.4777815889267,149.98188516095115,152.98188516095115,89.98188516095115,95.98188516095115,0.008601200273750418,283.68566431754226,0.019432987707693545,640.9407817599717,0.09159278752807394,0.21216722661418264,True
3538,1113.72995616409,160.00635866209836,165.00635866209836,100.00635866209836,106.00635866209836,0.013363438561053282,440.75429301753115,0.011940863669049739,393.8347828985659,0.06026502546441096,0.1981391956119113,True
3539,1113.982093876173,147.0308605222076,150.0308605222076,86.0308605222076,92.0308605222076,0.008772101209607619,289.3223364072621,0.02050711470264481,676.3677478142442,0.09216652816096774,0.22250067472249122,True
3540,1114.234194700804,147.0553907470869,152.0553907470869,87.0553907470869,92.0553907470869,0.014520872113587857,478.92888444708444,0.00973268449401485,321.0043922246383,0.043679790324264646,0.2228189380434875,True
3541,1114.4862586136119,156.07994934251337,163.07994934251337,97.07994934251337,103.07994934251337,0.019053452443974987,628.4229109985478,0.006991202965919725,230.58456897213023,0.0344866561113909,0.20272197290854588,True
3542,1114.7382855902254,159.10453631423525,164.10453631423525,98.10453631423525,104.10453631423525,0.013438024124158711,443.21428166384084,0.012342540563856225,407.0829311938616,0.06055542729241224,0.20382220249650154,True
3543,1114.990275606273,153.1291516679703,157.1291516679703,94.12915166797029,99.12915166797029,0.011198889232157661,369.36290637701325,0.011278355677995323,371.98387679520135,0.054830599332842414,0.2056945540487612,True
3544,1115.2422286373835,156.1537954094067,160.1537954094067,98.15379540940671,102.15379540940671,0.010984690786172306,362.298191394084,0.006362718652343946,209.85583526806573,0.03205979847226381,0.1984640875970753,True
3545,1115.4941446591854,148.17846754420316,153.17846754420316,90.17846754420316,96.17846754420316,0.014412621348612967,475.35854668056317,0.01356238081899394,447.31582685100847,0.06492250906869354,0.20890105779251056,True
3546,1115.7460236473073,155.2031680779878,161.2031680779878,97.20316807798781,103.20316807798781,0.01647299058334934,543.3138548344047,0.00953961883484598,314.6366809709689,0.0480705561917449,0.1984503527854793,True
3547,1115.997865577378,143.22789701635975,149.22789701635975,86.22789701635975,90.22789701635975,0.017822403444673802,587.8203273986747,0.0018706373716657863,61.69755250296464,0.008524421219595695,0.21944450226903603,True
3548,1116.249670425026,151.2526543648878,157.2526543648878,94.2526543648878,97.2526543648878,0.016894979987262672,557.2319523759141,-0.0032871061641973065,-108.41567062662949,-0.015875677571804338,0.207052968248442,True
3549,1116.5014381658802,161.27744012911103,165.27744012911103,103.27744012911103,106.27744012911103,0.010639956237888151,350.92812137703555,0.0017956640970424216,59.22477631584326,0.009319878920052004,0.1926703246303979,True
3550,1116.7531687755688,169.30225431453846,174.30225431453846,111.30225431453846,116.30225431453846,0.012640263115421883,416.9024467422876,0.006443909109826673,212.53366721409355,0.036012201976732806,0.17893682574561898,True
3551,1117.004862229721,162.32709692664935,167.32709692664935,105.32709692664935,108.32709692664935,0.013175254487605597,434.5475867217935,-0.0009782640329851558,-32.26520406951812,-0.005194137342347259,0.18834003964613555,True
3552,1117.256518503965,154.35196797089338,159.35196797089338,98.35196797089338,102.35196797089338,0.013845260248029902,456.6457850189099,0.003467882875933295,114.3780665632147,0.017876129501507618,0.1939951752777817,True
3553,1117.5081375739296,146.3768674526898,151.3768674526898,90.3768674526898,95.3768674526898,0.014587065059598003,481.1120669407337,0.008798705151996319,290.19979034738685,0.04291720265967631,0.20501581199893332,True
3554,1117.7597194152436,163.40179537742824,167.40179537742824,105.40179537742824,112.40179537742824,0.010503287439057587,346.42049712068,0.01742195221129309,574.6126039934794,0.09588420133067477,0.18169783936782455,True
3555,1118.0112640035354,162.4267517504686,166.4267517504686,104.42675175046861,111.42675175046861,0.010565577611685566,348.4749579447526,0.017612123530976007,580.8848538471461,0.09622022333246294,0.18303972825049553,True
3556,1118.2627713144336,153.4517365771403,158.4517365771403,95.45173657714031,101.45173657714031,0.013925195668254434,459.28222319813744,0.012550455673352156,413.94040853211334,0.06277966733434667,0.19991274573839318,True
3557,1118.5142413235671,154.47674986274342,159.47674986274342,96.47674986274342,99.47674986274342,0.013834252693883923,456.2827327458518,-0.0005353296787503556,-17.65629804117708,-0.0026150876113362658,0.20470812389983795,True
3558,1118.7656740065645,164.50179161254778,169.50179161254778,106.50179161254778,111.50179161254778,0.013003660726143378,428.8880637873356,0.0069212712660045445,228.2780745160208,0.03734100968861728,0.185353082943399,True
3559,1119.0170693390544,158.52686183179344,161.52686183179344,101.52686183179344,105.52686183179344,0.008141893119737802,268.5367489377293,0.008640167654741083,284.97089045008437,0.04566640969995499,0.18920181620386067,True
3560,1119.2684272966653,167.55196052569,170.55196052569,109.55196052568999,114.55196052568999,0.007707202184601126,254.19972819849573,0.011675170200403574,385.0716538283419,0.06533692005167734,0.17869177474495673,True
3561,1119.519747855026,158.57708769941792,161.57708769941792,98.57708769941792,107.57708769941792,0.00813933836567905,268.45248777890754,0.029804461145047353,983.0137760380766,0.15558631853628005,0.1915622236289206,True
3562,1119.771030989765,159.60224335812677,163.60224335812677,101.60224335812677,109.60224335812677,0.010750263068409278,354.56627250701774,0.022165883194308154,731.077419317026,0.1197814292043814,0.18505275268077503,True
3563,1120.0222766765114,151.627427506937,157.627427506937,93.62742750693701,100.62742750693701,0.016854021043462175,555.8810403157394,0.01445925831391652,476.89673182482363,0.07152912498394998,0.20214504675069006,True
3564,1120.2734848908933,166.6526401509384,171.6526401509384,109.6526401509384,115.6526401509384,0.012838289351630705,423.4337682536175,0.010298169241319903,339.65526781118274,0.05829899701354713,0.17664402080411234,True
3565,1120.5246556085394,152.67788129519113,159.67788129519113,97.67788129519113,102.67788129519113,0.019468636862103907,642.1165658051505,0.002212030914953953,72.95742915262122,0.011468794708961411,0.19287387830087593,True
3566,1120.7757888050787,141.70315094472494,149.70315094472494,85.70315094472494,91.70315094472494,0.023851434019151716,786.6704284632054,0.0055360349816071484,182.59007015977636,0.025675591542566097,0.21561470053880832,True
3567,1121.0268844561397,154.72844910454,158.72844910454,97.72844910454,103.72844910454,0.011084600412185229,365.593420864986,0.014792277363747131,487.88040007748737,0.07698175561508704,0.19215302698095535,True
3568,1121.2779425373508,143.75377577960626,149.75377577960626,89.75377577960626,94.75377577960626,0.017758520657445633,585.7133387974922,0.005785276615868883,190.81058315107555,0.028686293918486816,0.20167389458910112,True
3569,1121.5289630243408,138.77913097486362,143.77913097486362,82.77913097486362,90.77913097486362,0.015371690693555921,506.9906695921832,0.02469346743508353,814.442460432417,0.11644754874420257,0.21205656711011628,True
3570,1121.7799458927384,158.80451469522177,163.80451469522177,101.80451469522177,108.80451469522177,0.013463022450625268,444.0387790159296,0.015416855784781216,508.4803092355375,0.0831602229920059,0.18538737908703323,True
3571,1122.0308911181721,148.82992694556083,153.82992694556083,92.82992694556083,98.82992694556083,0.014350565215465586,473.31180497049996,0.012849900445523619,423.8167265361397,0.06470981234591408,0.19857730967960363,True
3572,1122.2817986762711,149.85536773073,154.85536773073,92.85536773073,99.85536773073,0.014253960112765062,470.12556562438226,0.01731044099302481,570.9347296240337,0.08689541187023951,0.1992100689835547,True
3573,1122.5326685426633,162.88083705554936,167.88083705554936,106.88083705554936,111.88083705554936,0.013131133410645464,433.0923808633694,0.006724727152900867,221.79563654004653,0.037441179091020925,0.17960778255815077,True
3574,1122.7835006929777,148.90633492480788,154.90633492480788,93.90633492480788,98.90633492480788,0.017156004337063966,565.8410840923817,0.005373213822534188,177.2198860916842,0.027201783093771543,0.19753167665558313,True
3575,1123.0342951028426,160.9318613432656,165.9318613432656,104.93186134326561,109.93186134326561,0.013287750544317276,438.2579431331832,0.006928454168068601,228.51498172419122,0.038011948211388286,0.18227043059037035,True
3576,1123.2850517478876,158.95741631565147,165.95741631565147,103.95741631565147,107.95741631565147,0.018715869795349064,617.2887256651602,-0.0023188648271380563,-76.48103613594924,-0.012494910405434012,0.18558475026196158,True
3577,1123.53577060374,146.98299984666482,151.98299984666482,90.98299984666482,95.98299984666482,0.014527905522202811,479.16086104707585,0.008706161625060284,287.1475103072095,0.042686935649613206,0.20395377397250983,True
3578,1123.7864516460295,165.00861194097456,169.00861194097456,109.00861194097456,112.00861194097456,0.010402223921294477,343.08720987443445,0.0013883817813330323,45.79174945685759,0.007741116889470525,0.1793516105177937,True
3579,1124.0370948503844,152.03425260321978,156.03425260321978,95.03425260321978,100.03425260321978,0.011278501568916853,371.98868858444877,0.010990066569077634,362.47549601392626,0.05534710332371235,0.19856624663443156,True
3580,1124.2877001924332,147.05992183800936,153.05992183800936,93.05992183800936,97.05992183800936,0.01736715640618166,572.805323162885,0.0009100974085346214,30.016925512332364,0.004590039442937131,0.19827659867607958,True
3581,1124.5382676478048,154.08561964992168,161.08561964992168,101.08561964992168,106.08561964992168,0.019294662838360475,636.378536817467,0.001672476977091785,55.16180616675683,0.009177508570641927,0.18223649307633416,True
3582,1124.7887971921277,142.11134604350514,149.11134604350514,89.11134604350514,94.11134604350514,0.020881937649926137,688.7301964745168,0.002827043565842839,93.24183910451654,0.014045172305555464,0.20128222739742557,True
3583,1125.0392888010306,142.13710102327855,145.13710102327855,87.13710102327855,92.13710102327855,0.009070990725322794,299.1803408862389,0.015160445648061306,500.02336396533724,0.07398077588251953,0.20492412342546784,True
3584,1125.2897424501418,150.16288459372936,153.16288459372936,95.16288459372936,99.16288459372936,0.008590934650963134,283.34708250019617,0.009290619042194,306.42414442429845,0.04802602065260485,0.19344969489347216,True
3585,1125.5401581150907,141.18869675931614,145.18869675931614,86.18869675931614,92.18869675931614,0.012132877460244308,400.1678013354694,0.017094484195654555,563.8120205164644,0.08306261926997718,0.20580237350922692,True
3586,1125.790535771505,156.21453752446587,159.21453752446587,100.21453752446587,107.21453752446587,0.008261272251671848,272.47412363782973,0.021061677715302617,694.6584016351871,0.11555849531617714,0.1822598819556815,True
3587,1126.0408753950142,152.24040689357685,155.24040689357685,95.24040689357685,102.24040689357685,0.00847483635779605,279.51791675878786,0.02232649068933771,736.3745920919566,0.11595439342663483,0.19254544851259853,True
3588,1126.2911769612463,173.2663048710158,176.2663048710158,116.26630487101579,122.26630487101579,0.007455186746806778,245.887729336296,0.014397730309488151,474.8674089100136,0.08670125741454839,0.16606137833327694,True
3589,1126.5414404458306,161.29223146112008,162.29223146112008,104.29223146112008,109.29223146112008,0.0026842813190784396,88.53324012718275,0.01765305206465923,582.234762917733,0.09778190120693829,0.18053496451556644,True
3590,1126.791665824395,146.31818666819618,148.31818666819618,89.31818666819618,94.31818666819618,0.005896096908143891,194.46566932897136,0.017759448178372453,585.7439303872609,0.08642963555436162,0.2054786886981873,True
3591,1127.0418530725688,145.3441704965212,149.3441704965212,89.3441704965212,94.3441704965212,0.011790657356411414,388.88066298165893,0.011858191981521542,391.1080968721674,0.05773154412371002,0.2054023006228834,True
3592,1127.2920021659802,152.3701829503409,155.3701829503409,96.3701829503409,101.3701829503409,0.008467688120637184,279.2821528720544,0.013499858723661407,445.25371672864986,0.07023590348822802,0.19220737618793599,True
3593,1127.5421130802579,150.39622403387193,154.39622403387193,95.39622403387193,101.39622403387193,0.011399742224300785,375.98746024075484,0.015090855239999373,497.72812603192614,0.07935859186672455,0.19016032020002416,True
3594,1127.792185791031,154.4222937513,160.4222937513,100.4222937513,105.4222937513,0.016554722609978433,546.0095488692306,0.004547601743521732,149.98946433089543,0.024634086830212426,0.18460606130300455,True
3595,1128.0422202739276,154.44839210678015,159.44839210678015,99.44839210678015,105.44839210678015,0.013836752717774407,456.3651887886841,0.011605443426191443,382.77191825266243,0.06260255493626428,0.1853829039087455,True
3596,1128.2922165045766,151.47451910443806,155.47451910443806,95.47451910443806,102.47451910443806,0.01131963978974735,373.34551357790434,0.01940876957994171,640.142017001433,0.10175099224656171,0.1907477180459393,True
3597,1128.5421744586065,146.5006747483685,150.5006747483685,91.50067474836851,96.50067474836851,0.011698822076664516,385.851742422479,0.01140723126314579,376.2344644834452,0.05740593300181131,0.19871171265147564,True
3598,1128.792094111646,140.52685904263626,146.52685904263626,86.52685904263626,91.52685904263626,0.01815790082550259,598.8857362169849,0.006239719016584273,205.7990487416796,0.030072595770878355,0.20748854086705348,True
3599,1129.041975439324,137.5530719912756,144.5530719912756,81.5530719912756,88.5530719912756,0.02155703158788098,710.996213561683,0.014206275336936306,468.55282148655544,0.06459546226651984,0.21992683136659727,True
3600,1129.2918184172688,146.57931359829036,153.57931359829036,92.57931359829036,99.57931359829036,0.020260038590229776,668.218658285267,0.011395133249300964,375.8354465574279,0.05877986709288027,0.19386116051087843,True
3601,1129.5416230211092,155.60558386765456,160.60558386765456,98.60558386765456,105.60558386765456,0.013735463091043268,453.02444399340334,0.01604990992061888,529.3597652833352,0.08442934527681457,0.1900987135219015,True
3602,1129.7913892264737,150.6318828033111,153.6318828033111,93.6318828033111,98.6318828033111,0.008564448457175843,282.47351215644755,0.014029118563930675,462.7098187382261,0.07032894433760063,0.19947858873846558,True
3603,1130.0411170089913,147.6582104091733,151.6582104091733,92.65821040917331,95.65821040917331,0.011608326389623048,382.86700444648056,0.00223001733317669,73.55065903215132,0.011080353356747013,0.20125868385043832,True
3604,1130.29080634429,148.6845666891238,153.6845666891238,93.68456668912381,98.68456668912381,0.014364365446929256,473.7669656115625,0.00821682065382027,271.0080165056675,0.041818130905266974,0.19648942877036538,True
3605,1130.5404572079992,147.71095164701478,150.71095164701478,91.71095164701478,97.71095164701478,0.008732116000695648,288.0035401704525,0.018789927111189673,619.731291606327,0.095092392874155,0.19759653262754898,True
3606,1130.790069575747,150.73736528666814,155.73736528666814,96.73736528666814,102.73736528666814,0.014171903130499135,467.41915386961296,0.011962265977452261,394.540676016254,0.06409082413310245,0.18664553216868118,True
3607,1131.0396434231625,163.76380761187534,167.76380761187534,111.76380761187534,116.76380761187534,0.010480347039281237,345.6638745164925,0.008526712575149345,281.22890344829244,0.05274688637925368,0.16165338203740987,True
3608,1131.289178725874,163.7902786263976,165.7902786263976,110.7902786263976,114.7902786263976,0.0052709397245162895,173.8466713640571,0.010132515729941362,334.19166681059073,0.061513494767308115,0.16472020925278946,True
3609,1131.5386754595102,150.81677833396543,152.81677833396543,94.81677833396543,98.81677833396543,0.005721380307979423,188.70314861006383,0.012224115565180894,403.1770258141737,0.06254267096889848,0.19545240674578418,True
3610,1131.7881335996997,154.84330673827958,157.84330673827958,100.84330673827958,103.84330673827958,0.008333733320088675,274.8640419837286,0.004397697703804092,145.04531401027515,0.02389449110867304,0.18404651029407568,True
3611,1132.0375531220714,151.86986384300963,155.86986384300963,98.86986384300963,102.86986384300963,0.011290552451324907,372.38615201661355,0.005933676482954835,195.70512269660765,0.0323465419700176,0.1834408292686999,True
3612,1132.2869340022537,159.89644965179514,164.89644965179514,107.89644965179514,111.89644965179514,0.013372484290389279,441.0526401846993,0.002436668386650749,80.36644514581957,0.014366019200752912,0.16961333216950214,True
3613,1132.5362762158752,151.92306416824522,157.92306416824522,96.92306416824522,101.92306416824522,0.016821850793403727,554.8199978485683,0.005023485165546151,165.68509987221705,0.026070994216659354,0.19268483295263616,True
3614,1132.7855797385646,145.9497073959385,149.9497073959385,90.9497073959385,95.9497073959385,0.011742393997540604,387.2888359589529,0.011499954483996924,379.29267120665014,0.0576000122205448,0.1996519452107879,True
3615,1133.0348445459506,142.97637933842293,148.97637933842293,89.97637933842293,94.97637933842293,0.01785312013393908,588.8334283755754,0.005633976268283759,185.82037966201676,0.028408685638066734,0.19831879376828365,True
3616,1133.2840706136622,159.00307999921642,163.00307999921642,105.00307999921642,111.00307999921642,0.010790273639694006,355.88590524819136,0.013342717485782904,440.0708684004588,0.07688902748127152,0.17353214005773315,True
3617,1133.5332579173273,151.02980938180644,159.02980938180644,99.02980938180644,104.02980938180644,0.022415864124926563,739.3223158561319,-0.0010240045085502143,-33.773821097826726,-0.005571032940029087,0.18380873342042525,True
3618,1133.782406432575,160.0565674896493,166.0565674896493,105.0565674896493,111.0565674896493,0.015982557547615663,527.1383424503972,0.008138481717152035,268.42423370985455,0.0455220599042957,0.17878105108297276,True
3619,1134.031516135034,167.0833543261715,173.0833543261715,113.0833543261715,119.0833543261715,0.015322117687346008,505.35564764742094,0.007130259381726867,235.17094185502378,0.042961295986460535,0.16596937354901964,True
3620,1134.2805870003328,153.1101698947689,159.1101698947689,99.11016989476889,105.11016989476889,0.016693901074948163,550.5999471900476,0.0088326163786903,291.3182538834426,0.047881172329361656,0.1844695096004149,True
3621,1134.5296190041001,155.1370141988068,162.1370141988068,102.13701419880681,109.13701419880681,0.019166742432024327,632.1594529342572,0.009622167779249336,317.35931867111003,0.05444829760783069,0.17672118692404237,True
3622,1134.7786121219647,167.16388724162016,174.16388724162016,113.16388724162016,120.16388724162016,0.017815647648214028,587.5975070310878,0.00825046415335114,272.1176498371351,0.0499092340431995,0.16530937233398246,True
3623,1135.0275663295547,154.1907890265129,160.1907890265129,100.1907890265129,107.1907890265129,0.016579109705230008,546.8138865310721,0.012750561258163068,420.5403113310259,0.07050143121880716,0.1808553533982966,True
3624,1135.2764816024992,154.217719556759,159.217719556759,99.217719556759,106.217719556759,0.01385712246437408,457.03702584772157,0.015750609736575712,519.4882160996968,0.08575506504408412,0.18366973109377033,True
3625,1135.525357916427,152.2446788356017,157.2446788356017,97.24467883560169,102.24467883560169,0.01403383545757486,462.86539180528405,0.007741033291273019,255.31554920781514,0.04057022867801277,0.1908057593835627,True
3626,1135.7741952469664,164.27166686625378,168.27166686625378,108.27166686625378,112.27166686625378,0.01044833283277845,344.6079786937828,0.005307014820204967,175.0365038479017,0.029748785802288964,0.17839433365366558,True
3627,1136.022993569746,157.29868365189714,159.29868365189714,101.29868365189714,104.29868365189714,0.005487098807183035,180.97605226589815,0.00718792658508218,237.07292743523556,0.0383300228786466,0.1875273231075092,True
3628,1136.2717528603946,164.32572919568383,168.32572919568383,111.32572919568383,114.32572919568383,0.010444936390873596,344.49595690061113,0.0011034952114864667,36.39559156611358,0.006546668983382521,0.16855827204452833,True
3629,1136.5204730945409,153.35280350073458,158.35280350073458,100.35280350073458,104.35280350073458,0.013934036694625366,459.5738188312424,0.0030405748080736417,100.28454830519217,0.016647737609209363,0.18264192285152464,True
3630,1136.7691542478135,155.37990657013984,159.37990657013984,100.37990657013984,105.37990657013984,0.011038711931050467,364.0799223018882,0.010072310139081124,332.20595987490407,0.05452983477316593,0.18471191378041174,True
3631,1137.017796295841,138.4070384069596,144.4070384069596,87.4070384069596,91.4070384069596,0.018430185446069187,607.8662553318136,0.0010030471762414485,33.082604227028014,0.005037647193018847,0.1991102468691074,True
3632,1137.266399214252,155.4341990142234,160.4341990142234,104.4341990142234,108.4341990142234,0.013750370840286389,453.5161328987786,0.0025731647602974753,84.86838245718315,0.015011118515989826,0.17141725698564989,True
3633,1137.5149629786754,148.4613883949296,153.4613883949296,96.4613883949296,99.4613883949296,0.014385605317933134,474.46750120240824,-0.001084596553327084,-35.77227409599078,-0.0057752035537825,0.18780230743844895,True
3634,1137.7634875647393,151.48860655204635,156.48860655204635,99.48860655204635,103.48860655204635,0.014102752597487125,465.13842393994355,0.00301643858883828,99.48848506169395,0.016656351091714462,0.18109840337952396,True
3635,1138.0119729480732,155.51585348851154,159.51585348851154,102.51585348851154,107.51585348851154,0.011029183745670993,363.76566272030794,0.009652291328542532,318.3528566449814,0.05479353325608181,0.1761574907650471,True
3636,1138.260419104305,166.5431292072319,170.5431292072319,113.54312920723191,119.54312920723191,0.010307506932136985,339.9632444816854,0.012056253922953923,397.64059601682067,0.07519286689854703,0.16033773441862062,True
3637,1138.5088260090636,155.57043371108352,159.57043371108352,102.57043371108352,106.57043371108352,0.011025362978258924,363.63964577999747,0.0055891783562941,184.34285036164584,0.03138043639345643,0.17811028139365126,True
3638,1138.7571936379777,153.59776700291218,156.59776700291218,101.59776700291218,104.59776700291218,0.008400662979531034,277.0715228349068,0.004237587368706929,139.76453861492,0.023889620537203393,0.1773819455234845,True
3639,1139.0055219666756,162.62512908553276,165.62512908553276,111.62512908553276,114.62512908553276,0.007938575467144023,261.8309053917332,0.003579288169898739,118.05244732650522,0.02214412241566287,0.16163603608725785,True
3640,1139.2538109707866,148.65251996172992,153.65251996172992,97.65251996172992,100.65251996172992,0.014367411475313162,473.86743003026174,-0.0012262139175660148,-40.44311244114914,-0.0066968924474235,0.1831019278259093,True
3641,1139.5020606259386,142.67993963425715,147.67993963425715,89.67993963425715,95.67993963425715,0.014958589236521285,493.36571522074917,0.013166996152888319,434.2752094842142,0.06749394425477491,0.19508411159356434,True
3642,1139.750270907761,145.70738810583748,149.70738810583748,91.70738810583748,97.70738810583748,0.011761660170803169,387.9242748496771,0.015761419202329617,519.8447350012125,0.08158230617376896,0.19319653907255396,True
3643,1139.998441791882,148.73486537916347,152.73486537916347,94.73486537916347,102.73486537916347,0.011525401748219567,380.1319754695791,0.023682612121090664,781.1023274100353,0.12866674768426753,0.18406163633827832,True
3644,1140.2465732539301,148.76237145689652,151.76237145689652,95.76237145689652,100.76237145689652,0.008671011335586138,285.988179876216,0.013432476404959832,443.03130622363574,0.07277242171651449,0.18458196234400642,True
3645,1140.4946652695344,181.7899063416678,185.7899063416678,131.7899063416678,134.7899063416678,0.009452349902917915,311.758368161087,0.000322872294081988,10.64900692010508,0.002314062444456077,0.139526180399976,True
3646,1140.7427178143232,156.8174700360778,162.8174700360778,106.8174700360778,109.8174700360778,0.016306559081312663,537.8245940666102,-0.0042774123477330415,-141.07805013329903,-0.02532648779933769,0.16889086167900863,True
3647,1140.9907308639251,143.84506254269604,147.84506254269604,90.84506254269604,96.84506254269604,0.011911865938525392,392.87837679410546,0.015864289775077686,523.2376227192005,0.08277244471105134,0.19166148626463814,True
3648,1141.238704393969,138.87268386406117,143.87268386406117,86.87268386406117,90.87268386406117,0.015361516407965962,506.65510026759097,0.004188599520817883,138.14881642155325,0.02077273490852199,0.2016392901206049,True
